nps_id,date_key,customer_key,channel_key,score,comment,responded_at
13000000001,20240104,568,2,10,,2024-01-04 12:50:43
13000000002,20240104,332,2,8,Podría mejorar el empaque,2024-01-04 17:03:45
13000000003,20240105,662,2,10,Muy buena atención en la tienda,2024-01-05 11:33:47
13000000004,20240107,37,2,10,,2024-01-07 10:00:00
13000000005,20240107,233,2,10,,2024-01-07 13:50:10
13000000006,20240109,71,2,7,,2024-01-09 11:17:22
13000000007,20240109,429,2,10,Muy buena atención en la tienda,2024-01-09 14:50:17
13000000008,20240109,500,2,6,La tapa pierde líquido,2024-01-09 16:41:33
13000000009,20240109,341,2,8,,2024-01-09 20:04:20
13000000010,20240110,456,2,10,,2024-01-10 10:54:52
13000000011,20240110,679,2,7,"Correcto, sin sorpresas",2024-01-10 21:08:21
13000000012,20240111,206,1,10,Muy conforme con la calidad,2024-01-11 04:55:11
13000000013,20240111,398,1,9,Entrega rápida y producto excelente,2024-01-11 11:25:51
13000000015,20240112,542,1,8,La entrega podría ser más rápida,2024-01-12 10:05:52
13000000016,20240112,657,1,7,,2024-01-12 10:12:31
13000000017,20240112,425,1,10,Volvería a comprar,2024-01-12 12:11:53
13000000018,20240112,434,2,7,,2024-01-12 12:56:47
13000000019,20240112,322,1,6,Llegó con la caja dañada,2024-01-12 16:48:44
13000000020,20240112,608,2,10,Muy buena atención en la tienda,2024-01-12 22:01:13
13000000021,20240113,651,1,10,Todo perfecto,2024-01-13 17:45:38
13000000022,20240114,379,2,10,Volvería a comprar,2024-01-14 10:15:53
13000000023,20240114,441,2,10,"Excelente botella, mantiene la temperatura",2024-01-14 11:24:49
13000000024,20240114,347,2,10,Todo perfecto,2024-01-14 11:27:27
13000000025,20240114,8,2,9,,2024-01-14 12:00:27
13000000026,20240115,567,1,8,Podría mejorar el empaque,2024-01-15 10:11:21
13000000027,20240115,154,1,9,Volvería a comprar,2024-01-15 11:12:59
13000000028,20240116,666,1,10,,2024-01-16 11:12:19
13000000029,20240116,152,1,8,,2024-01-16 11:25:14
13000000030,20240116,215,2,8,,2024-01-16 13:33:23
13000000031,20240116,477,2,10,Volvería a comprar,2024-01-16 14:08:40
13000000032,20240116,380,1,7,La entrega podría ser más rápida,2024-01-16 14:58:12
13000000033,20240116,502,1,10,Todo perfecto,2024-01-16 20:22:32
13000000034,20240116,521,1,8,,2024-01-16 21:42:49
13000000035,20240116,235,1,9,Entrega rápida y producto excelente,2024-01-16 23:24:04
13000000036,20240117,61,1,7,,2024-01-17 11:59:01
13000000037,20240117,454,2,4,Tuve que devolverlo,2024-01-17 15:41:06
13000000038,20240117,482,1,10,,2024-01-17 16:35:02
13000000039,20240118,188,2,9,,2024-01-18 11:59:13
13000000040,20240118,678,1,10,,2024-01-18 14:49:13
13000000041,20240118,121,2,8,Podría mejorar el empaque,2024-01-18 16:22:53
13000000042,20240118,294,1,5,Llegó con la caja dañada,2024-01-18 16:34:37
13000000043,20240118,235,2,9,"Excelente botella, mantiene la temperatura",2024-01-18 18:04:37
13000000044,20240118,438,1,10,"Excelente botella, mantiene la temperatura",2024-01-18 22:18:05
13000000045,20240118,11,1,7,Me gustaría más variedad de colores,2024-01-18 23:09:08
13000000046,20240119,96,2,10,Muy buena atención en la tienda,2024-01-19 10:12:09
13000000047,20240119,159,1,10,,2024-01-19 10:32:22
13000000048,20240119,46,1,7,"Buen producto, un poco caro",2024-01-19 15:21:23
13000000049,20240119,275,1,7,,2024-01-19 21:34:59
13000000050,20240120,577,1,6,,2024-01-20 00:39:27
13000000051,20240120,28,1,9,Volvería a comprar,2024-01-20 01:55:11
13000000052,20240120,103,2,8,,2024-01-20 02:20:13
13000000053,20240120,729,2,4,Tuve que devolverlo,2024-01-20 19:27:06
13000000054,20240121,450,2,9,Muy buena atención en la tienda,2024-01-21 03:41:20
13000000055,20240121,568,2,9,,2024-01-21 11:31:48
13000000056,20240122,223,2,9,,2024-01-22 05:03:50
13000000057,20240122,570,1,8,La entrega podría ser más rápida,2024-01-22 11:53:35
13000000058,20240122,249,1,8,"Buen producto, un poco caro",2024-01-22 14:08:05
13000000059,20240123,676,1,8,Podría mejorar el empaque,2024-01-23 04:04:36
13000000060,20240123,403,1,6,Tuve que devolverlo,2024-01-23 09:13:07
13000000061,20240123,177,2,9,Muy buena atención en la tienda,2024-01-23 14:40:51
13000000063,20240124,502,2,10,,2024-01-24 11:27:04
13000000064,20240124,704,1,8,,2024-01-24 12:20:15
13000000065,20240125,59,1,8,La entrega podría ser más rápida,2024-01-25 02:20:16
13000000066,20240125,350,1,10,,2024-01-25 10:22:50
13000000067,20240125,749,2,9,Muy buena atención en la tienda,2024-01-25 12:27:53
13000000070,20240126,492,2,10,Muy buena atención en la tienda,2024-01-26 02:00:01
13000000071,20240126,705,1,7,,2024-01-26 12:53:07
13000000072,20240126,687,1,5,Tardó mucho más de lo esperado,2024-01-26 14:22:17
13000000073,20240126,510,1,6,Llegó con la caja dañada,2024-01-26 18:48:16
13000000074,20240127,540,2,7,,2024-01-27 10:50:54
13000000075,20240127,273,2,6,La tapa pierde líquido,2024-01-27 16:52:04
13000000076,20240128,203,2,10,,2024-01-28 13:15:40
13000000077,20240128,9,1,8,La entrega podría ser más rápida,2024-01-28 18:46:29
13000000078,20240129,712,1,8,La entrega podría ser más rápida,2024-01-29 10:07:41
13000000079,20240129,467,1,10,Muy conforme con la calidad,2024-01-29 18:51:58
13000000080,20240130,88,1,6,,2024-01-30 02:27:03
13000000081,20240130,451,2,8,"Correcto, sin sorpresas",2024-01-30 11:50:10
13000000082,20240130,761,2,9,,2024-01-30 12:40:44
13000000083,20240131,733,1,10,,2024-01-31 19:37:36
13000000084,20240131,281,1,9,,2024-01-31 20:20:45
13000000085,20240201,335,1,9,Todo perfecto,2024-02-01 06:43:35
13000000087,20240201,641,2,10,,2024-02-01 11:46:02
13000000088,20240201,471,2,10,,2024-02-01 18:52:34
13000000089,20240201,771,2,6,,2024-02-01 20:10:08
13000000090,20240201,648,1,7,,2024-02-01 22:07:45
13000000091,20240202,7,1,7,"Buen producto, un poco caro",2024-02-02 10:35:29
13000000092,20240202,269,1,10,,2024-02-02 12:22:34
13000000093,20240202,731,1,5,No cumplió mis expectativas,2024-02-02 18:53:56
13000000094,20240203,75,2,9,Muy buena atención en la tienda,2024-02-03 01:28:50
13000000095,20240203,213,2,10,,2024-02-03 12:35:38
13000000096,20240203,233,1,7,La entrega podría ser más rápida,2024-02-03 12:44:15
13000000097,20240203,538,2,9,Muy buena atención en la tienda,2024-02-03 13:11:17
13000000098,20240203,283,1,9,,2024-02-03 13:17:02
13000000099,20240203,585,2,9,,2024-02-03 23:30:08
13000000100,20240204,87,2,9,Todo perfecto,2024-02-04 01:50:17
13000000101,20240204,551,2,8,"Correcto, sin sorpresas",2024-02-04 12:34:48
13000000102,20240204,539,2,9,,2024-02-04 16:08:35
13000000103,20240205,267,2,6,Llegó con la caja dañada,2024-02-05 11:54:40
13000000104,20240205,741,1,5,Llegó con la caja dañada,2024-02-05 15:34:59
13000000105,20240206,305,1,8,,2024-02-06 19:30:22
13000000106,20240207,759,1,10,,2024-02-07 17:00:02
13000000107,20240207,755,1,6,,2024-02-07 21:56:00
13000000108,20240207,404,1,8,,2024-02-07 22:42:02
13000000109,20240207,338,2,10,Muy conforme con la calidad,2024-02-07 23:59:48
13000000110,20240208,111,2,9,,2024-02-08 11:08:17
13000000111,20240208,76,2,8,,2024-02-08 13:09:46
13000000112,20240208,513,1,7,Me gustaría más variedad de colores,2024-02-08 15:32:58
13000000113,20240208,751,1,6,No cumplió mis expectativas,2024-02-08 19:47:24
13000000114,20240209,67,1,10,Entrega rápida y producto excelente,2024-02-09 11:35:45
13000000115,20240209,378,1,10,Entrega rápida y producto excelente,2024-02-09 12:54:23
13000000116,20240209,118,1,6,,2024-02-09 20:51:36
13000000117,20240209,586,1,8,,2024-02-09 21:33:10
13000000118,20240210,565,2,8,"Correcto, sin sorpresas",2024-02-10 09:47:17
13000000119,20240210,453,2,7,,2024-02-10 16:15:08
13000000120,20240210,79,2,6,La tapa pierde líquido,2024-02-10 16:42:58
13000000121,20240211,307,2,10,,2024-02-11 10:00:00
13000000122,20240211,555,2,7,"Buen producto, un poco caro",2024-02-11 15:48:42
13000000124,20240212,179,1,5,La tapa pierde líquido,2024-02-12 12:43:12
13000000125,20240212,116,1,10,,2024-02-12 18:22:35
13000000126,20240212,289,1,10,"Excelente botella, mantiene la temperatura",2024-02-12 22:21:52
13000000127,20240213,394,1,6,No cumplió mis expectativas,2024-02-13 10:41:22
13000000128,20240213,790,1,10,,2024-02-13 12:15:44
13000000129,20240213,347,1,7,La entrega podría ser más rápida,2024-02-13 12:24:36
13000000130,20240214,605,2,4,La tapa pierde líquido,2024-02-14 10:07:58
13000000131,20240214,783,1,8,La entrega podría ser más rápida,2024-02-14 10:38:18
13000000132,20240214,787,1,9,Entrega rápida y producto excelente,2024-02-14 12:37:18
13000000133,20240214,791,1,9,Volvería a comprar,2024-02-14 12:59:45
13000000135,20240214,775,1,7,"Correcto, sin sorpresas",2024-02-14 16:12:39
13000000136,20240214,399,1,9,,2024-02-14 21:43:05
13000000137,20240214,559,2,8,Me gustaría más variedad de colores,2024-02-14 23:51:42
13000000138,20240215,521,1,10,Volvería a comprar,2024-02-15 13:32:21
13000000139,20240215,461,1,8,Podría mejorar el empaque,2024-02-15 14:18:55
13000000140,20240216,788,1,7,La entrega podría ser más rápida,2024-02-16 04:51:41
13000000142,20240216,617,2,5,Tuve que esperar mucho en la caja,2024-02-16 17:37:30
13000000143,20240216,299,1,10,"Excelente botella, mantiene la temperatura",2024-02-16 20:28:01
13000000144,20240217,815,2,8,Podría mejorar el empaque,2024-02-17 01:36:26
13000000145,20240217,607,1,8,,2024-02-17 05:03:16
13000000146,20240217,782,1,8,La entrega podría ser más rápida,2024-02-17 11:34:52
13000000147,20240218,5,1,8,,2024-02-18 05:19:18
13000000148,20240218,475,2,9,Muy buena atención en la tienda,2024-02-18 10:04:26
13000000149,20240218,175,2,8,"Buen producto, un poco caro",2024-02-18 12:05:12
13000000150,20240218,153,2,9,Muy buena atención en la tienda,2024-02-18 13:47:43
13000000151,20240218,448,2,6,La tapa pierde líquido,2024-02-18 20:59:42
13000000152,20240219,152,1,10,Entrega rápida y producto excelente,2024-02-19 14:11:27
13000000153,20240220,754,2,8,,2024-02-20 11:18:14
13000000154,20240220,112,1,9,Entrega rápida y producto excelente,2024-02-20 14:46:22
13000000155,20240220,187,2,8,,2024-02-20 15:01:43
13000000156,20240220,838,2,10,Muy buena atención en la tienda,2024-02-20 15:31:24
13000000157,20240220,658,1,9,Entrega rápida y producto excelente,2024-02-20 22:49:40
13000000159,20240221,630,1,10,Entrega rápida y producto excelente,2024-02-21 00:16:38
13000000160,20240221,4,1,6,La tapa pierde líquido,2024-02-21 05:08:40
13000000161,20240221,804,1,8,,2024-02-21 07:02:57
13000000162,20240221,842,2,10,Volvería a comprar,2024-02-21 18:01:59
13000000163,20240221,182,1,9,,2024-02-21 18:34:38
13000000164,20240221,834,2,7,,2024-02-21 21:49:23
13000000165,20240222,640,1,10,,2024-02-22 03:06:14
13000000166,20240222,256,2,10,,2024-02-22 11:26:48
13000000167,20240222,426,2,9,Muy buena atención en la tienda,2024-02-22 13:54:24
13000000168,20240222,850,2,10,Muy buena atención en la tienda,2024-02-22 13:58:05
13000000169,20240222,482,1,9,Entrega rápida y producto excelente,2024-02-22 15:16:47
13000000170,20240223,278,1,9,Entrega rápida y producto excelente,2024-02-23 11:06:41
13000000171,20240223,572,1,7,La entrega podría ser más rápida,2024-02-23 14:34:41
13000000172,20240223,45,1,4,Llegó con la caja dañada,2024-02-23 19:29:03
13000000173,20240223,805,1,9,Todo perfecto,2024-02-23 21:07:24
13000000174,20240224,857,2,8,"Correcto, sin sorpresas",2024-02-24 17:57:04
13000000175,20240224,266,2,9,Volvería a comprar,2024-02-24 21:55:31
13000000176,20240225,463,2,9,Muy buena atención en la tienda,2024-02-25 13:19:30
13000000177,20240225,287,2,5,No cumplió mis expectativas,2024-02-25 16:09:41
13000000178,20240225,319,2,7,,2024-02-25 17:15:31
13000000179,20240226,755,1,6,Llegó con la caja dañada,2024-02-26 14:23:15
13000000180,20240226,70,1,8,La entrega podría ser más rápida,2024-02-26 14:30:17
13000000181,20240226,477,2,8,Podría mejorar el empaque,2024-02-26 18:17:04
13000000182,20240227,418,2,10,Todo perfecto,2024-02-27 10:22:43
13000000183,20240227,105,1,10,"Excelente botella, mantiene la temperatura",2024-02-27 10:33:34
13000000184,20240227,201,1,8,Podría mejorar el empaque,2024-02-27 13:03:03
13000000185,20240227,346,1,10,Entrega rápida y producto excelente,2024-02-27 21:15:28
13000000186,20240228,882,2,8,Me gustaría más variedad de colores,2024-02-28 12:03:21
13000000187,20240228,681,1,10,Muy conforme con la calidad,2024-02-28 13:07:42
13000000188,20240228,713,1,5,No cumplió mis expectativas,2024-02-28 17:24:03
13000000189,20240229,517,2,10,,2024-02-29 01:47:19
13000000190,20240229,347,1,10,,2024-02-29 03:16:21
13000000191,20240229,260,1,8,,2024-02-29 06:02:28
13000000192,20240229,106,1,5,,2024-02-29 10:28:31
13000000193,20240229,445,2,10,Muy buena atención en la tienda,2024-02-29 10:37:57
13000000194,20240229,524,1,8,"Correcto, sin sorpresas",2024-02-29 16:29:08
13000000195,20240229,703,1,8,,2024-02-29 17:06:22
13000000196,20240229,473,1,6,Llegó con la caja dañada,2024-02-29 17:14:51
13000000197,20240229,756,1,10,Entrega rápida y producto excelente,2024-02-29 17:33:54
13000000198,20240229,186,2,8,Podría mejorar el empaque,2024-02-29 18:28:12
13000000199,20240229,155,1,9,Entrega rápida y producto excelente,2024-02-29 20:25:25
13000000200,20240229,434,2,7,,2024-02-29 23:56:57
13000000201,20240301,7,1,10,Entrega rápida y producto excelente,2024-03-01 02:24:30
13000000202,20240301,542,1,10,,2024-03-01 02:30:44
13000000203,20240301,835,1,9,,2024-03-01 10:01:28
13000000204,20240301,254,1,10,,2024-03-01 10:33:33
13000000205,20240301,269,1,8,,2024-03-01 10:58:23
13000000206,20240301,139,1,8,,2024-03-01 14:36:27
13000000207,20240301,502,2,10,,2024-03-01 20:02:56
13000000208,20240302,771,2,8,Podría mejorar el empaque,2024-03-02 12:01:27
13000000209,20240302,127,2,5,Tuve que devolverlo,2024-03-02 14:29:40
13000000210,20240302,261,2,9,,2024-03-02 19:11:35
13000000211,20240302,419,2,10,Muy buena atención en la tienda,2024-03-02 23:03:22
13000000212,20240303,801,2,9,,2024-03-03 04:23:07
13000000213,20240303,280,2,8,Podría mejorar el empaque,2024-03-03 18:06:47
13000000214,20240303,212,2,9,Muy buena atención en la tienda,2024-03-03 23:00:07
13000000215,20240304,320,2,10,Muy buena atención en la tienda,2024-03-04 03:20:11
13000000216,20240304,28,1,5,Tardó mucho más de lo esperado,2024-03-04 21:15:10
13000000217,20240305,822,1,6,,2024-03-05 03:06:05
13000000218,20240305,243,1,7,La entrega podría ser más rápida,2024-03-05 05:35:58
13000000219,20240305,585,2,10,,2024-03-05 12:27:44
13000000220,20240305,281,1,10,"Excelente botella, mantiene la temperatura",2024-03-05 14:05:02
13000000221,20240305,744,1,8,La entrega podría ser más rápida,2024-03-05 15:07:26
13000000222,20240305,519,2,7,,2024-03-05 20:25:35
13000000223,20240306,547,1,8,La entrega podría ser más rápida,2024-03-06 00:20:37
13000000224,20240306,432,2,10,"Excelente botella, mantiene la temperatura",2024-03-06 05:03:26
13000000225,20240306,800,1,8,Podría mejorar el empaque,2024-03-06 09:49:13
13000000226,20240306,725,1,5,La tapa pierde líquido,2024-03-06 13:38:00
13000000227,20240306,55,1,7,La entrega podría ser más rápida,2024-03-06 15:43:47
13000000228,20240306,509,1,9,Entrega rápida y producto excelente,2024-03-06 17:41:15
13000000229,20240307,381,1,5,No cumplió mis expectativas,2024-03-07 00:04:35
13000000230,20240307,674,1,10,Muy conforme con la calidad,2024-03-07 04:02:40
13000000231,20240307,523,1,10,Todo perfecto,2024-03-07 10:05:51
13000000232,20240307,513,1,7,"Correcto, sin sorpresas",2024-03-07 13:14:14
13000000233,20240307,143,2,10,Muy conforme con la calidad,2024-03-07 13:29:23
13000000235,20240307,741,2,9,Muy buena atención en la tienda,2024-03-07 20:11:21
13000000236,20240307,82,1,8,,2024-03-07 22:43:27
13000000237,20240308,671,1,10,Entrega rápida y producto excelente,2024-03-08 02:36:49
13000000238,20240308,889,1,9,Entrega rápida y producto excelente,2024-03-08 10:14:13
13000000239,20240308,451,2,8,,2024-03-08 11:55:28
13000000240,20240308,203,2,10,,2024-03-08 15:14:22
13000000241,20240308,361,1,9,"Excelente botella, mantiene la temperatura",2024-03-08 16:17:44
13000000242,20240308,248,1,9,,2024-03-08 16:50:25
13000000243,20240308,149,1,10,,2024-03-08 18:35:32
13000000244,20240308,878,1,10,Entrega rápida y producto excelente,2024-03-08 19:15:06
13000000245,20240308,337,2,5,No cumplió mis expectativas,2024-03-08 21:22:12
13000000246,20240308,871,1,10,,2024-03-08 23:39:04
13000000248,20240309,927,2,8,,2024-03-09 11:44:24
13000000249,20240309,366,1,5,La tapa pierde líquido,2024-03-09 16:42:55
13000000250,20240309,931,2,9,Volvería a comprar,2024-03-09 18:02:45
13000000251,20240309,163,2,7,,2024-03-09 22:48:30
13000000252,20240310,545,2,8,"Correcto, sin sorpresas",2024-03-10 10:35:27
13000000253,20240310,883,2,10,Muy buena atención en la tienda,2024-03-10 15:05:15
13000000254,20240310,379,2,4,Poco stock en la tienda,2024-03-10 21:56:33
13000000255,20240311,439,2,8,Podría mejorar el empaque,2024-03-11 10:05:06
13000000256,20240311,436,1,10,Entrega rápida y producto excelente,2024-03-11 10:31:51
13000000257,20240311,872,1,10,,2024-03-11 11:57:35
13000000258,20240311,742,1,10,Entrega rápida y producto excelente,2024-03-11 13:00:02
13000000259,20240311,29,1,8,,2024-03-11 15:36:44
13000000260,20240312,287,2,8,,2024-03-12 11:05:52
13000000261,20240312,65,1,4,No cumplió mis expectativas,2024-03-12 12:26:13
13000000262,20240312,885,1,8,"Correcto, sin sorpresas",2024-03-12 12:31:49
13000000263,20240312,30,1,10,Entrega rápida y producto excelente,2024-03-12 12:44:13
13000000264,20240312,915,1,10,,2024-03-12 13:46:50
13000000265,20240312,433,1,10,Entrega rápida y producto excelente,2024-03-12 15:43:17
13000000266,20240312,675,1,10,,2024-03-12 21:38:12
13000000267,20240313,876,1,5,,2024-03-13 01:31:21
13000000269,20240313,501,2,9,Todo perfecto,2024-03-13 05:27:41
13000000270,20240313,898,1,9,Entrega rápida y producto excelente,2024-03-13 10:11:59
13000000271,20240313,900,2,9,,2024-03-13 10:16:05
13000000272,20240313,544,2,9,Volvería a comprar,2024-03-13 19:24:09
13000000273,20240314,416,1,7,,2024-03-14 04:26:14
13000000274,20240314,893,1,9,,2024-03-14 11:03:30
13000000275,20240314,953,2,7,,2024-03-14 13:42:44
13000000276,20240314,922,1,10,Entrega rápida y producto excelente,2024-03-14 14:57:00
13000000277,20240314,69,1,7,,2024-03-14 15:13:27
13000000278,20240314,255,1,5,No cumplió mis expectativas,2024-03-14 16:12:33
13000000279,20240314,114,2,5,La tapa pierde líquido,2024-03-14 20:39:07
13000000280,20240314,341,1,8,,2024-03-14 21:10:47
13000000281,20240314,43,1,8,,2024-03-14 21:20:24
13000000282,20240314,208,1,8,Podría mejorar el empaque,2024-03-14 22:03:01
13000000283,20240315,222,1,8,Podría mejorar el empaque,2024-03-15 01:16:23
13000000284,20240315,913,1,9,,2024-03-15 10:03:42
13000000285,20240315,291,2,8,"Buen producto, un poco caro",2024-03-15 10:48:14
13000000286,20240315,421,1,10,Entrega rápida y producto excelente,2024-03-15 17:02:00
13000000287,20240315,835,2,8,Podría mejorar el empaque,2024-03-15 17:39:06
13000000288,20240315,553,1,10,Entrega rápida y producto excelente,2024-03-15 21:08:51
13000000289,20240317,245,2,8,Me gustaría más variedad de colores,2024-03-17 12:30:42
13000000290,20240317,600,2,5,No cumplió mis expectativas,2024-03-17 12:39:30
13000000291,20240317,962,2,9,"Excelente botella, mantiene la temperatura",2024-03-17 22:54:12
13000000292,20240318,571,2,8,Me gustaría más variedad de colores,2024-03-18 15:50:06
13000000293,20240318,905,1,1,Tardó mucho más de lo esperado,2024-03-18 16:23:30
13000000294,20240319,968,2,8,Podría mejorar el empaque,2024-03-19 14:37:51
13000000295,20240319,327,2,9,Muy buena atención en la tienda,2024-03-19 16:07:12
13000000296,20240319,697,1,6,Tardó mucho más de lo esperado,2024-03-19 18:20:13
13000000297,20240320,942,1,9,,2024-03-20 13:01:19
13000000298,20240320,921,2,8,,2024-03-20 14:44:52
13000000299,20240320,18,1,9,"Excelente botella, mantiene la temperatura",2024-03-20 15:01:14
13000000300,20240320,176,1,8,,2024-03-20 21:43:18
13000000301,20240321,399,1,5,Llegó con la caja dañada,2024-03-21 01:00:54
13000000302,20240321,672,1,7,Podría mejorar el empaque,2024-03-21 05:47:01
13000000303,20240321,972,2,10,,2024-03-21 11:57:44
13000000304,20240321,943,1,7,,2024-03-21 14:57:10
13000000305,20240321,264,2,9,Muy buena atención en la tienda,2024-03-21 17:20:19
13000000306,20240321,718,2,7,,2024-03-21 19:44:31
13000000307,20240322,516,2,10,,2024-03-22 01:39:09
13000000308,20240322,671,1,10,,2024-03-22 10:16:26
13000000310,20240322,605,2,8,,2024-03-22 11:16:42
13000000311,20240322,116,1,10,Todo perfecto,2024-03-22 13:32:10
13000000312,20240322,496,1,6,Llegó con la caja dañada,2024-03-22 15:26:52
13000000313,20240322,396,1,10,Todo perfecto,2024-03-22 21:24:52
13000000314,20240322,482,1,9,,2024-03-22 22:11:43
13000000315,20240322,268,1,8,La entrega podría ser más rápida,2024-03-22 22:18:53
13000000317,20240323,373,1,7,Me gustaría más variedad de colores,2024-03-23 04:31:10
13000000318,20240324,689,2,4,Tuve que devolverlo,2024-03-24 06:54:02
13000000319,20240324,987,2,8,,2024-03-24 16:35:05
13000000320,20240324,376,2,7,"Correcto, sin sorpresas",2024-03-24 18:17:16
13000000321,20240325,955,1,8,,2024-03-25 10:29:50
13000000323,20240326,797,1,7,La entrega podría ser más rápida,2024-03-26 13:55:45
13000000324,20240326,965,1,9,Entrega rápida y producto excelente,2024-03-26 14:45:48
13000000325,20240326,118,1,9,Entrega rápida y producto excelente,2024-03-26 18:47:17
13000000326,20240326,92,1,8,La entrega podría ser más rápida,2024-03-26 20:06:52
13000000327,20240327,706,1,9,Entrega rápida y producto excelente,2024-03-27 01:04:13
13000000328,20240327,46,1,9,Muy conforme con la calidad,2024-03-27 01:44:06
13000000329,20240327,260,1,9,Entrega rápida y producto excelente,2024-03-27 11:31:39
13000000330,20240327,967,1,4,Llegó con la caja dañada,2024-03-27 17:33:02
13000000331,20240327,960,1,7,La entrega podría ser más rápida,2024-03-27 17:57:15
13000000332,20240328,139,1,6,Llegó con la caja dañada,2024-03-28 00:53:00
13000000333,20240328,270,1,8,,2024-03-28 01:39:38
13000000334,20240328,964,1,7,La entrega podría ser más rápida,2024-03-28 10:29:53
13000000335,20240328,423,1,7,"Correcto, sin sorpresas",2024-03-28 11:34:22
13000000336,20240328,140,1,8,,2024-03-28 14:17:00
13000000338,20240329,1004,2,10,Muy conforme con la calidad,2024-03-29 11:27:10
13000000339,20240329,969,1,10,"Excelente botella, mantiene la temperatura",2024-03-29 19:02:40
13000000341,20240330,1010,2,9,,2024-03-30 21:20:47
13000000342,20240331,510,2,5,Poco stock en la tienda,2024-03-31 04:05:25
13000000343,20240331,619,2,9,Muy buena atención en la tienda,2024-03-31 14:05:08
13000000344,20240331,1015,2,9,Todo perfecto,2024-03-31 14:48:26
13000000345,20240401,569,1,8,"Correcto, sin sorpresas",2024-04-01 14:32:31
13000000346,20240402,977,1,10,Entrega rápida y producto excelente,2024-04-02 10:05:09
13000000347,20240402,299,1,8,La entrega podría ser más rápida,2024-04-02 12:15:03
13000000348,20240402,983,1,6,,2024-04-02 12:31:36
13000000349,20240402,976,1,6,No cumplió mis expectativas,2024-04-02 13:47:50
13000000350,20240402,157,1,10,,2024-04-02 15:56:51
13000000351,20240403,660,2,6,No cumplió mis expectativas,2024-04-03 11:16:57
13000000352,20240403,973,1,7,"Correcto, sin sorpresas",2024-04-03 11:43:56
13000000353,20240403,285,2,7,Me gustaría más variedad de colores,2024-04-03 12:22:35
13000000354,20240403,567,1,8,La entrega podría ser más rápida,2024-04-03 14:25:22
13000000355,20240403,759,1,10,,2024-04-03 15:41:46
13000000356,20240403,469,1,7,,2024-04-03 17:27:57
13000000357,20240404,7,1,7,"Buen producto, un poco caro",2024-04-04 10:37:36
13000000358,20240404,579,1,2,Tuve que devolverlo,2024-04-04 13:05:24
13000000359,20240404,231,1,10,Entrega rápida y producto excelente,2024-04-04 17:25:46
13000000360,20240404,693,2,6,Tuve que esperar mucho en la caja,2024-04-04 17:28:49
13000000361,20240404,166,1,8,,2024-04-04 20:35:58
13000000362,20240405,196,2,8,,2024-04-05 14:31:00
13000000363,20240406,227,1,10,,2024-04-06 06:22:24
13000000364,20240406,132,2,8,"Correcto, sin sorpresas",2024-04-06 10:26:43
13000000365,20240407,345,2,9,,2024-04-07 12:29:10
13000000366,20240407,1036,2,9,Muy conforme con la calidad,2024-04-07 13:02:34
13000000367,20240407,320,2,10,Muy buena atención en la tienda,2024-04-07 14:07:10
13000000368,20240408,566,1,9,,2024-04-08 17:12:59
13000000369,20240408,135,1,7,La entrega podría ser más rápida,2024-04-08 18:35:46
13000000370,20240408,3,1,7,"Correcto, sin sorpresas",2024-04-08 21:13:06
13000000371,20240409,49,1,8,,2024-04-09 06:23:19
13000000372,20240409,747,1,10,Entrega rápida y producto excelente,2024-04-09 06:31:23
13000000373,20240409,388,2,7,,2024-04-09 11:48:59
13000000374,20240409,296,1,6,Llegó con la caja dañada,2024-04-09 12:35:55
13000000375,20240409,1008,1,8,,2024-04-09 12:50:25
13000000376,20240409,1041,2,9,,2024-04-09 13:32:16
13000000378,20240409,338,1,9,,2024-04-09 18:38:44
13000000379,20240409,912,1,8,La entrega podría ser más rápida,2024-04-09 22:29:24
13000000380,20240410,716,1,10,Entrega rápida y producto excelente,2024-04-10 11:38:39
13000000381,20240410,1016,1,8,La entrega podría ser más rápida,2024-04-10 12:08:35
13000000382,20240410,996,1,8,"Correcto, sin sorpresas",2024-04-10 12:16:38
13000000383,20240410,226,1,9,,2024-04-10 12:44:26
13000000384,20240410,706,1,10,Entrega rápida y producto excelente,2024-04-10 12:48:03
13000000385,20240410,987,2,10,,2024-04-10 12:59:52
13000000386,20240410,797,1,9,Muy conforme con la calidad,2024-04-10 13:23:55
13000000387,20240410,177,2,8,"Correcto, sin sorpresas",2024-04-10 16:14:31
13000000388,20240411,1018,1,10,Muy conforme con la calidad,2024-04-11 06:48:09
13000000389,20240411,778,2,9,Muy buena atención en la tienda,2024-04-11 14:01:32
13000000390,20240411,686,2,10,Muy buena atención en la tienda,2024-04-11 15:05:38
13000000391,20240411,1052,2,5,Tuve que esperar mucho en la caja,2024-04-11 17:46:10
13000000392,20240411,1,1,6,,2024-04-11 20:48:09
13000000393,20240411,1027,1,10,Volvería a comprar,2024-04-11 21:32:28
13000000394,20240411,845,1,8,La entrega podría ser más rápida,2024-04-11 22:34:45
13000000395,20240412,399,1,5,La tapa pierde líquido,2024-04-12 11:34:36
13000000396,20240412,682,2,7,"Buen producto, un poco caro",2024-04-12 14:37:10
13000000397,20240412,717,1,8,,2024-04-12 14:37:17
13000000398,20240412,1023,1,10,,2024-04-12 15:23:07
13000000399,20240412,783,1,8,,2024-04-12 16:21:34
13000000400,20240412,509,1,8,,2024-04-12 18:47:41
13000000401,20240413,493,2,7,Me gustaría más variedad de colores,2024-04-13 14:04:48
13000000403,20240414,1064,2,8,"Buen producto, un poco caro",2024-04-14 23:43:31
13000000404,20240415,707,2,7,"Buen producto, un poco caro",2024-04-15 04:53:16
13000000405,20240415,923,1,7,La entrega podría ser más rápida,2024-04-15 11:26:22
13000000406,20240415,739,1,8,,2024-04-15 13:16:43
13000000407,20240415,121,2,10,"Excelente botella, mantiene la temperatura",2024-04-15 13:56:15
13000000408,20240416,484,1,6,Llegó con la caja dañada,2024-04-16 07:39:29
13000000409,20240416,862,2,3,,2024-04-16 11:29:07
13000000410,20240416,38,2,8,Podría mejorar el empaque,2024-04-16 11:31:37
13000000411,20240416,441,2,9,Todo perfecto,2024-04-16 12:56:33
13000000412,20240416,816,1,6,No cumplió mis expectativas,2024-04-16 17:39:12
13000000413,20240416,270,1,9,,2024-04-16 23:38:10
13000000414,20240417,84,1,4,Llegó con la caja dañada,2024-04-17 05:53:05
13000000415,20240417,980,1,7,Podría mejorar el empaque,2024-04-17 10:24:46
13000000416,20240417,245,2,7,,2024-04-17 16:53:21
13000000417,20240417,411,1,9,Entrega rápida y producto excelente,2024-04-17 17:47:53
13000000418,20240417,1030,1,8,Me gustaría más variedad de colores,2024-04-17 19:15:15
13000000419,20240418,249,1,9,,2024-04-18 02:53:35
13000000420,20240418,460,1,6,,2024-04-18 09:37:07
13000000421,20240418,27,1,7,La entrega podría ser más rápida,2024-04-18 10:49:12
13000000422,20240418,1039,1,10,Entrega rápida y producto excelente,2024-04-18 10:50:29
13000000423,20240418,373,1,8,,2024-04-18 11:18:28
13000000424,20240418,909,1,10,Muy conforme con la calidad,2024-04-18 11:19:58
13000000425,20240418,924,2,10,,2024-04-18 11:25:33
13000000426,20240418,711,1,8,,2024-04-18 11:44:24
13000000427,20240418,871,1,8,,2024-04-18 12:25:13
13000000428,20240418,10,1,10,Entrega rápida y producto excelente,2024-04-18 12:32:17
13000000429,20240418,888,1,7,Me gustaría más variedad de colores,2024-04-18 12:49:04
13000000430,20240418,85,1,10,Todo perfecto,2024-04-18 12:58:11
13000000431,20240418,295,2,7,La entrega podría ser más rápida,2024-04-18 18:24:10
13000000432,20240419,205,2,8,,2024-04-19 04:35:42
13000000433,20240419,1045,1,8,Podría mejorar el empaque,2024-04-19 07:10:48
13000000434,20240419,279,1,7,,2024-04-19 12:02:26
13000000435,20240419,800,1,6,Tardó mucho más de lo esperado,2024-04-19 21:27:32
13000000436,20240420,907,1,8,Me gustaría más variedad de colores,2024-04-20 01:12:05
13000000437,20240420,516,2,10,Muy buena atención en la tienda,2024-04-20 12:12:41
13000000438,20240420,871,2,7,,2024-04-20 12:56:16
13000000439,20240420,162,2,7,"Correcto, sin sorpresas",2024-04-20 17:24:54
13000000440,20240421,12,1,8,La entrega podría ser más rápida,2024-04-21 06:44:49
13000000441,20240421,895,2,10,Todo perfecto,2024-04-21 10:11:36
13000000442,20240421,641,2,9,,2024-04-21 18:34:31
13000000443,20240422,874,1,7,,2024-04-22 10:05:33
13000000444,20240422,636,1,9,"Excelente botella, mantiene la temperatura",2024-04-22 13:35:30
13000000445,20240422,982,1,10,,2024-04-22 14:07:07
13000000446,20240422,681,1,8,,2024-04-22 14:14:28
13000000447,20240422,823,1,10,,2024-04-22 16:50:01
13000000448,20240423,515,1,8,"Buen producto, un poco caro",2024-04-23 13:45:26
13000000449,20240423,635,1,9,Entrega rápida y producto excelente,2024-04-23 15:13:19
13000000450,20240423,861,1,7,La entrega podría ser más rápida,2024-04-23 15:56:41
13000000451,20240423,454,2,8,,2024-04-23 16:07:48
13000000452,20240423,261,2,9,Muy conforme con la calidad,2024-04-23 18:04:41
13000000453,20240423,700,1,9,,2024-04-23 22:25:16
13000000454,20240424,771,2,10,,2024-04-24 04:53:32
13000000455,20240424,375,1,5,Tuve que devolverlo,2024-04-24 15:38:29
13000000456,20240425,1089,2,9,,2024-04-25 02:43:00
13000000457,20240425,313,1,5,No cumplió mis expectativas,2024-04-25 07:56:09
13000000458,20240425,277,1,6,Llegó con la caja dañada,2024-04-25 10:08:29
13000000459,20240426,1060,1,10,Entrega rápida y producto excelente,2024-04-26 11:58:03
13000000460,20240426,306,2,5,Poco stock en la tienda,2024-04-26 14:28:13
13000000461,20240426,826,1,10,Entrega rápida y producto excelente,2024-04-26 20:49:53
13000000462,20240427,1103,2,8,"Buen producto, un poco caro",2024-04-27 07:12:23
13000000463,20240427,495,2,10,Volvería a comprar,2024-04-27 13:48:19
13000000464,20240427,199,2,10,Muy conforme con la calidad,2024-04-27 14:01:53
13000000465,20240427,1014,2,8,"Correcto, sin sorpresas",2024-04-27 18:07:09
13000000466,20240429,930,1,6,Llegó con la caja dañada,2024-04-29 12:43:34
13000000467,20240430,951,1,6,Llegó con la caja dañada,2024-04-30 10:50:43
13000000468,20240430,1052,2,9,Muy conforme con la calidad,2024-04-30 13:37:45
13000000469,20240501,1122,2,9,,2024-05-01 12:54:55
13000000470,20240501,327,2,9,Muy buena atención en la tienda,2024-05-01 15:09:45
13000000471,20240501,411,1,10,Entrega rápida y producto excelente,2024-05-01 22:24:19
13000000472,20240502,883,2,9,,2024-05-02 01:47:16
13000000473,20240502,916,1,8,,2024-05-02 03:31:54
13000000474,20240502,1096,1,8,,2024-05-02 11:03:13
13000000475,20240502,688,1,7,"Correcto, sin sorpresas",2024-05-02 12:09:05
13000000476,20240502,1087,1,6,Llegó con la caja dañada,2024-05-02 22:48:09
13000000477,20240503,83,1,7,,2024-05-03 00:27:20
13000000478,20240503,615,1,7,"Buen producto, un poco caro",2024-05-03 00:43:38
13000000479,20240503,1090,1,10,Todo perfecto,2024-05-03 08:30:05
13000000480,20240503,63,1,10,Todo perfecto,2024-05-03 12:05:34
13000000481,20240503,351,1,8,,2024-05-03 15:12:34
13000000482,20240503,289,1,8,La entrega podría ser más rápida,2024-05-03 23:20:53
13000000483,20240504,655,2,6,Tuve que esperar mucho en la caja,2024-05-04 12:53:17
13000000484,20240505,304,2,6,,2024-05-05 13:32:41
13000000485,20240505,1131,2,10,Todo perfecto,2024-05-05 21:53:12
13000000486,20240506,907,2,8,Podría mejorar el empaque,2024-05-06 09:45:50
13000000487,20240507,944,1,8,,2024-05-07 10:11:39
13000000488,20240507,1102,1,7,,2024-05-07 11:04:26
13000000489,20240507,622,1,4,,2024-05-07 13:51:37
13000000490,20240507,756,1,9,Volvería a comprar,2024-05-07 16:24:01
13000000491,20240507,846,1,10,Entrega rápida y producto excelente,2024-05-07 16:24:32
13000000492,20240507,546,1,3,No cumplió mis expectativas,2024-05-07 16:50:35
13000000493,20240507,110,1,9,Entrega rápida y producto excelente,2024-05-07 20:20:00
13000000494,20240507,1099,1,8,,2024-05-07 21:53:36
13000000495,20240508,6,1,7,Podría mejorar el empaque,2024-05-08 01:21:21
13000000496,20240508,198,2,7,,2024-05-08 13:13:12
13000000497,20240508,602,2,10,,2024-05-08 20:01:35
13000000498,20240509,1144,2,4,La tapa pierde líquido,2024-05-09 11:21:08
13000000499,20240509,1117,1,9,Todo perfecto,2024-05-09 16:34:35
13000000500,20240509,1114,1,8,,2024-05-09 20:22:25
13000000501,20240509,996,1,9,Todo perfecto,2024-05-09 20:30:27
13000000502,20240510,410,1,7,,2024-05-10 06:22:09
13000000505,20240511,1151,2,10,Muy buena atención en la tienda,2024-05-11 10:09:31
13000000506,20240511,1059,2,7,,2024-05-11 12:14:16
13000000507,20240511,646,2,10,Muy buena atención en la tienda,2024-05-11 12:27:51
13000000508,20240511,493,2,8,"Correcto, sin sorpresas",2024-05-11 13:22:05
13000000509,20240512,877,2,10,Muy buena atención en la tienda,2024-05-12 06:06:29
13000000510,20240512,1156,2,8,Podría mejorar el empaque,2024-05-12 10:09:40
13000000511,20240513,585,2,10,Muy buena atención en la tienda,2024-05-13 02:38:05
13000000512,20240513,706,1,10,Todo perfecto,2024-05-13 13:43:06
13000000513,20240513,284,1,5,No cumplió mis expectativas,2024-05-13 13:53:28
13000000514,20240513,702,1,3,El envío demoró y nadie me avisó,2024-05-13 14:17:12
13000000515,20240513,369,1,8,,2024-05-13 14:41:14
13000000516,20240513,626,1,9,,2024-05-13 15:25:35
13000000517,20240513,135,2,10,,2024-05-13 17:29:36
13000000518,20240513,237,1,7,,2024-05-13 18:42:25
13000000519,20240513,1021,1,9,Entrega rápida y producto excelente,2024-05-13 18:48:54
13000000520,20240513,464,1,10,,2024-05-13 20:09:35
13000000521,20240514,1165,2,10,,2024-05-14 15:47:41
13000000523,20240515,630,1,7,"Buen producto, un poco caro",2024-05-15 02:59:09
13000000524,20240515,420,1,7,,2024-05-15 04:29:48
13000000526,20240515,1135,1,10,,2024-05-15 15:01:28
13000000527,20240515,1176,2,8,Podría mejorar el empaque,2024-05-15 22:16:25
13000000528,20240515,1041,2,10,"Excelente botella, mantiene la temperatura",2024-05-15 23:13:06
13000000529,20240515,384,1,6,Tardó mucho más de lo esperado,2024-05-15 23:15:02
13000000530,20240515,783,1,8,,2024-05-15 23:19:14
13000000531,20240516,956,1,10,Todo perfecto,2024-05-16 05:18:35
13000000532,20240516,148,2,10,Muy buena atención en la tienda,2024-05-16 14:58:03
13000000533,20240516,11,1,8,,2024-05-16 19:01:28
13000000534,20240516,887,2,10,Muy buena atención en la tienda,2024-05-16 20:52:47
13000000535,20240517,1192,2,10,"Excelente botella, mantiene la temperatura",2024-05-17 10:07:15
13000000536,20240517,1084,1,7,"Buen producto, un poco caro",2024-05-17 12:47:35
13000000537,20240517,999,1,8,La entrega podría ser más rápida,2024-05-17 16:14:04
13000000538,20240518,799,2,10,,2024-05-18 10:30:30
13000000539,20240519,1195,2,10,,2024-05-19 01:19:49
13000000540,20240519,916,1,10,"Excelente botella, mantiene la temperatura",2024-05-19 12:08:21
13000000541,20240519,925,2,10,Muy conforme con la calidad,2024-05-19 15:49:04
13000000542,20240521,1083,2,8,,2024-05-21 10:42:00
13000000543,20240521,518,1,8,"Buen producto, un poco caro",2024-05-21 11:07:19
13000000545,20240522,1149,1,9,"Excelente botella, mantiene la temperatura",2024-05-22 11:31:01
13000000546,20240523,215,1,9,Entrega rápida y producto excelente,2024-05-23 10:39:04
13000000548,20240523,111,2,8,,2024-05-23 12:43:10
13000000549,20240523,491,2,8,Me gustaría más variedad de colores,2024-05-23 13:17:23
13000000550,20240523,451,2,9,,2024-05-23 15:16:24
13000000551,20240523,1078,1,8,La entrega podría ser más rápida,2024-05-23 18:07:17
13000000552,20240523,1162,1,8,"Buen producto, un poco caro",2024-05-23 20:06:03
13000000553,20240523,591,2,10,Volvería a comprar,2024-05-23 21:37:43
13000000554,20240524,679,2,7,Podría mejorar el empaque,2024-05-24 10:24:59
13000000555,20240524,1161,1,10,"Excelente botella, mantiene la temperatura",2024-05-24 14:03:05
13000000556,20240524,915,1,7,,2024-05-24 15:56:51
13000000557,20240524,770,1,9,,2024-05-24 16:35:12
13000000558,20240524,539,2,6,Tuve que esperar mucho en la caja,2024-05-24 17:38:27
13000000559,20240525,515,2,10,Muy buena atención en la tienda,2024-05-25 05:46:24
13000000560,20240525,396,1,10,,2024-05-25 08:28:42
13000000561,20240525,292,2,10,Muy buena atención en la tienda,2024-05-25 16:00:01
13000000562,20240525,1221,2,8,,2024-05-25 21:40:05
13000000563,20240526,1226,2,6,Poco stock en la tienda,2024-05-26 10:33:59
13000000564,20240527,1163,1,8,"Correcto, sin sorpresas",2024-05-27 10:29:30
13000000565,20240527,509,1,7,,2024-05-27 11:37:11
13000000566,20240528,454,2,10,,2024-05-28 10:39:35
13000000567,20240528,1171,1,10,Entrega rápida y producto excelente,2024-05-28 11:00:09
13000000568,20240528,447,1,10,Entrega rápida y producto excelente,2024-05-28 11:13:24
13000000569,20240528,837,1,10,Todo perfecto,2024-05-28 12:49:48
13000000570,20240528,27,1,8,La entrega podría ser más rápida,2024-05-28 13:12:10
13000000571,20240528,560,2,10,Muy conforme con la calidad,2024-05-28 13:20:23
13000000572,20240528,72,1,7,La entrega podría ser más rápida,2024-05-28 14:30:57
13000000573,20240528,698,2,10,Muy buena atención en la tienda,2024-05-28 14:39:31
13000000574,20240528,1191,1,9,,2024-05-28 14:44:24
13000000575,20240528,644,1,9,Entrega rápida y producto excelente,2024-05-28 15:31:57
13000000576,20240528,34,1,9,,2024-05-28 17:28:34
13000000577,20240528,840,1,9,Entrega rápida y producto excelente,2024-05-28 18:17:37
13000000578,20240528,154,1,4,Tardó mucho más de lo esperado,2024-05-28 20:49:57
13000000579,20240529,47,1,9,,2024-05-29 10:11:59
13000000580,20240529,675,1,10,,2024-05-29 10:33:28
13000000581,20240529,125,1,6,,2024-05-29 12:41:05
13000000582,20240529,425,1,5,No cumplió mis expectativas,2024-05-29 14:02:17
13000000583,20240529,486,1,8,La entrega podría ser más rápida,2024-05-29 14:31:17
13000000584,20240529,136,2,10,,2024-05-29 15:04:55
13000000585,20240529,1147,2,7,,2024-05-29 20:48:58
13000000587,20240530,106,1,8,,2024-05-30 01:32:21
13000000588,20240530,923,1,5,,2024-05-30 02:09:01
13000000589,20240530,1061,2,6,Tuve que esperar mucho en la caja,2024-05-30 10:02:40
13000000590,20240530,1169,1,5,Tardó mucho más de lo esperado,2024-05-30 10:38:28
13000000591,20240530,388,2,7,"Buen producto, un poco caro",2024-05-30 11:08:05
13000000592,20240530,1051,2,10,Volvería a comprar,2024-05-30 13:20:20
13000000593,20240530,427,1,10,Entrega rápida y producto excelente,2024-05-30 13:24:36
13000000594,20240530,841,2,6,,2024-05-30 14:53:28
13000000595,20240530,894,1,9,,2024-05-30 17:17:59
13000000597,20240530,470,1,8,La entrega podría ser más rápida,2024-05-30 19:15:30
13000000598,20240530,1168,1,8,La entrega podría ser más rápida,2024-05-30 23:47:27
13000000599,20240531,93,2,8,"Correcto, sin sorpresas",2024-05-31 00:43:42
13000000600,20240531,344,1,7,,2024-05-31 11:49:44
13000000601,20240531,848,2,8,,2024-05-31 13:36:50
13000000602,20240531,64,1,8,La entrega podría ser más rápida,2024-05-31 18:31:57
13000000603,20240601,127,2,8,,2024-06-01 12:16:43
13000000604,20240601,1034,2,7,"Correcto, sin sorpresas",2024-06-01 17:06:22
13000000605,20240601,1250,2,10,Muy buena atención en la tienda,2024-06-01 17:22:08
13000000606,20240602,213,2,10,,2024-06-02 13:42:21
13000000607,20240602,882,2,9,Muy buena atención en la tienda,2024-06-02 18:22:02
13000000608,20240603,718,1,7,,2024-06-03 15:31:06
13000000610,20240603,1052,2,10,Muy buena atención en la tienda,2024-06-03 16:03:17
13000000611,20240603,166,1,10,"Excelente botella, mantiene la temperatura",2024-06-03 23:25:07
13000000612,20240604,484,1,10,Entrega rápida y producto excelente,2024-06-04 10:23:34
13000000613,20240604,469,1,4,Llegó con la caja dañada,2024-06-04 10:32:44
13000000614,20240604,801,2,10,Muy buena atención en la tienda,2024-06-04 16:21:59
13000000615,20240605,1261,2,10,Volvería a comprar,2024-06-05 00:27:39
13000000616,20240605,490,1,6,Llegó con la caja dañada,2024-06-05 06:08:27
13000000617,20240605,69,1,5,,2024-06-05 10:06:50
13000000618,20240605,757,2,10,Todo perfecto,2024-06-05 22:12:00
13000000619,20240606,1211,1,7,,2024-06-06 02:37:10
13000000620,20240606,587,2,9,,2024-06-06 05:40:48
13000000622,20240606,1228,1,10,Todo perfecto,2024-06-06 10:20:29
13000000623,20240606,651,1,10,,2024-06-06 10:52:14
13000000624,20240606,1038,1,8,,2024-06-06 11:37:21
13000000625,20240606,288,1,8,La entrega podría ser más rápida,2024-06-06 13:35:44
13000000626,20240606,160,2,4,,2024-06-06 15:14:49
13000000627,20240606,1165,1,6,Llegó con la caja dañada,2024-06-06 15:16:52
13000000628,20240606,404,1,9,Volvería a comprar,2024-06-06 17:34:08
13000000629,20240606,150,1,9,Todo perfecto,2024-06-06 18:49:27
13000000630,20240606,812,1,5,No cumplió mis expectativas,2024-06-06 23:24:29
13000000631,20240607,1218,1,6,,2024-06-07 00:45:02
13000000632,20240607,987,2,10,,2024-06-07 15:38:44
13000000634,20240607,708,1,8,,2024-06-07 23:54:37
13000000635,20240608,871,2,6,No cumplió mis expectativas,2024-06-08 01:35:22
13000000636,20240608,952,1,5,Llegó con la caja dañada,2024-06-08 07:02:08
13000000637,20240608,1282,2,8,,2024-06-08 13:14:23
13000000638,20240609,925,2,7,,2024-06-09 10:38:25
13000000640,20240610,805,2,8,,2024-06-10 00:57:19
13000000641,20240611,1151,2,8,"Correcto, sin sorpresas",2024-06-11 10:02:10
13000000642,20240611,155,1,9,"Excelente botella, mantiene la temperatura",2024-06-11 13:25:26
13000000643,20240612,1175,1,10,,2024-06-12 00:10:22
13000000644,20240612,1252,1,9,Entrega rápida y producto excelente,2024-06-12 10:38:55
13000000645,20240612,87,2,8,Podría mejorar el empaque,2024-06-12 11:22:53
13000000646,20240612,656,2,7,Me gustaría más variedad de colores,2024-06-12 15:12:17
13000000647,20240612,466,1,10,Todo perfecto,2024-06-12 15:25:38
13000000648,20240612,628,2,8,,2024-06-12 17:39:58
13000000649,20240612,1307,2,8,"Buen producto, un poco caro",2024-06-12 20:42:18
13000000650,20240613,1259,1,10,"Excelente botella, mantiene la temperatura",2024-06-13 01:07:18
13000000651,20240613,861,1,10,Entrega rápida y producto excelente,2024-06-13 01:37:25
13000000652,20240613,430,2,8,Podría mejorar el empaque,2024-06-13 03:10:44
13000000653,20240613,480,1,10,"Excelente botella, mantiene la temperatura",2024-06-13 05:25:44
13000000654,20240613,1002,1,7,,2024-06-13 07:13:08
13000000655,20240613,981,2,7,,2024-06-13 10:08:42
13000000656,20240613,1248,1,5,,2024-06-13 18:06:54
13000000657,20240613,1310,2,6,,2024-06-13 20:15:22
13000000658,20240614,435,2,7,Me gustaría más variedad de colores,2024-06-14 10:19:08
13000000659,20240614,847,1,8,"Buen producto, un poco caro",2024-06-14 11:41:15
13000000660,20240614,510,2,10,,2024-06-14 15:17:37
13000000661,20240614,586,2,10,Muy buena atención en la tienda,2024-06-14 16:02:45
13000000662,20240614,1321,2,6,No cumplió mis expectativas,2024-06-14 22:03:00
13000000663,20240615,1322,2,8,Me gustaría más variedad de colores,2024-06-15 01:07:47
13000000664,20240615,754,2,9,,2024-06-15 12:00:52
13000000665,20240615,1326,2,9,"Excelente botella, mantiene la temperatura",2024-06-15 15:01:14
13000000666,20240615,442,2,9,,2024-06-15 16:27:10
13000000667,20240615,1324,2,6,La tapa pierde líquido,2024-06-15 16:28:19
13000000668,20240615,580,2,9,Muy conforme con la calidad,2024-06-15 17:26:04
13000000670,20240615,594,2,10,,2024-06-15 20:20:42
13000000671,20240616,194,2,10,"Excelente botella, mantiene la temperatura",2024-06-16 03:39:28
13000000672,20240616,1254,1,10,"Excelente botella, mantiene la temperatura",2024-06-16 14:07:50
13000000673,20240616,250,2,8,"Buen producto, un poco caro",2024-06-16 15:55:40
13000000674,20240616,230,2,9,,2024-06-16 23:21:18
13000000675,20240617,1332,2,8,"Correcto, sin sorpresas",2024-06-17 02:00:09
13000000676,20240617,1093,1,6,Tardó mucho más de lo esperado,2024-06-17 10:01:29
13000000677,20240617,1267,1,7,,2024-06-17 10:44:47
13000000678,20240617,1274,1,7,,2024-06-17 15:59:56
13000000679,20240618,1286,1,10,Muy conforme con la calidad,2024-06-18 10:17:09
13000000680,20240618,567,1,9,,2024-06-18 13:51:52
13000000681,20240618,956,1,8,,2024-06-18 15:25:24
13000000682,20240618,1270,1,8,La entrega podría ser más rápida,2024-06-18 20:14:50
13000000683,20240618,693,2,10,"Excelente botella, mantiene la temperatura",2024-06-18 21:12:35
13000000684,20240619,42,1,7,,2024-06-19 10:41:34
13000000685,20240619,1287,1,10,Entrega rápida y producto excelente,2024-06-19 11:03:06
13000000686,20240619,783,1,10,Entrega rápida y producto excelente,2024-06-19 12:16:45
13000000687,20240619,473,1,8,"Buen producto, un poco caro",2024-06-19 12:43:58
13000000688,20240619,1275,1,7,La entrega podría ser más rápida,2024-06-19 13:20:07
13000000689,20240619,1293,1,10,Volvería a comprar,2024-06-19 14:18:09
13000000690,20240619,995,1,8,,2024-06-19 20:11:34
13000000691,20240620,1278,1,7,"Correcto, sin sorpresas",2024-06-20 04:19:38
13000000692,20240620,366,1,9,Todo perfecto,2024-06-20 13:58:36
13000000693,20240620,733,1,7,La entrega podría ser más rápida,2024-06-20 16:29:58
13000000694,20240620,163,2,7,,2024-06-20 18:00:41
13000000695,20240620,106,1,10,Todo perfecto,2024-06-20 19:04:14
13000000696,20240620,827,1,6,Llegó con la caja dañada,2024-06-20 21:03:46
13000000697,20240621,313,1,1,,2024-06-21 00:26:27
13000000698,20240621,333,1,10,,2024-06-21 04:07:33
13000000699,20240621,507,1,8,,2024-06-21 11:26:28
13000000700,20240621,722,2,6,Tuve que esperar mucho en la caja,2024-06-21 12:00:46
13000000701,20240621,697,1,9,,2024-06-21 12:10:39
13000000702,20240621,324,1,8,La entrega podría ser más rápida,2024-06-21 12:19:37
13000000703,20240621,468,1,7,,2024-06-21 15:29:56
13000000704,20240621,1144,1,7,,2024-06-21 20:42:20
13000000705,20240621,1194,1,9,,2024-06-21 22:53:59
13000000706,20240622,639,1,7,Podría mejorar el empaque,2024-06-22 03:14:04
13000000708,20240622,1121,2,9,Todo perfecto,2024-06-22 12:50:42
13000000709,20240622,1064,2,10,Muy buena atención en la tienda,2024-06-22 19:26:49
13000000710,20240623,1283,2,7,"Correcto, sin sorpresas",2024-06-23 22:57:14
13000000711,20240624,886,1,7,La entrega podría ser más rápida,2024-06-24 10:38:15
13000000712,20240624,997,1,10,,2024-06-24 11:19:45
13000000713,20240624,832,1,8,"Correcto, sin sorpresas",2024-06-24 14:06:31
13000000714,20240624,1305,1,7,,2024-06-24 15:01:23
13000000715,20240624,420,1,9,"Excelente botella, mantiene la temperatura",2024-06-24 20:05:41
13000000716,20240624,336,1,8,,2024-06-24 20:48:29
13000000717,20240625,1323,1,9,Entrega rápida y producto excelente,2024-06-25 13:08:39
13000000718,20240625,479,1,8,,2024-06-25 13:18:27
13000000719,20240625,1337,1,10,Entrega rápida y producto excelente,2024-06-25 16:54:05
13000000720,20240625,1314,1,9,Entrega rápida y producto excelente,2024-06-25 17:22:21
13000000721,20240625,1058,1,7,La entrega podría ser más rápida,2024-06-25 17:58:28
13000000722,20240625,1221,2,9,"Excelente botella, mantiene la temperatura",2024-06-25 19:09:12
13000000723,20240625,1296,2,8,,2024-06-25 23:08:10
13000000724,20240626,505,1,6,No cumplió mis expectativas,2024-06-26 10:14:40
13000000725,20240626,157,1,10,Volvería a comprar,2024-06-26 12:01:35
13000000726,20240626,851,1,9,Entrega rápida y producto excelente,2024-06-26 15:51:09
13000000727,20240626,268,1,6,Llegó con la caja dañada,2024-06-26 17:57:54
13000000728,20240626,104,1,10,Muy conforme con la calidad,2024-06-26 20:08:05
13000000729,20240627,143,1,10,Entrega rápida y producto excelente,2024-06-27 11:26:01
13000000730,20240627,284,1,8,,2024-06-27 12:24:41
13000000731,20240627,1313,1,9,,2024-06-27 12:31:49
13000000732,20240627,71,2,8,,2024-06-27 14:44:20
13000000733,20240627,254,1,8,,2024-06-27 15:34:27
13000000734,20240627,1348,1,8,,2024-06-27 15:57:28
13000000735,20240627,235,2,10,Todo perfecto,2024-06-27 17:51:47
13000000736,20240627,745,2,10,Muy buena atención en la tienda,2024-06-27 20:10:45
13000000737,20240627,826,1,10,Entrega rápida y producto excelente,2024-06-27 22:03:31
13000000738,20240627,122,1,10,Volvería a comprar,2024-06-27 23:33:38
13000000739,20240628,1163,1,8,"Correcto, sin sorpresas",2024-06-28 12:00:43
13000000740,20240628,1358,1,7,"Correcto, sin sorpresas",2024-06-28 12:46:23
13000000741,20240628,242,2,8,,2024-06-28 13:05:46
13000000742,20240628,1346,1,10,,2024-06-28 14:45:38
13000000743,20240628,447,1,8,La entrega podría ser más rápida,2024-06-28 15:49:56
13000000744,20240628,45,1,10,Entrega rápida y producto excelente,2024-06-28 21:54:22
13000000745,20240629,299,1,7,La entrega podría ser más rápida,2024-06-29 01:00:30
13000000746,20240629,1350,1,8,La entrega podría ser más rápida,2024-06-29 02:13:46
13000000747,20240629,432,2,9,Muy buena atención en la tienda,2024-06-29 03:37:29
13000000748,20240629,753,2,8,,2024-06-29 19:26:18
13000000749,20240630,1290,2,7,,2024-06-30 00:17:41
13000000750,20240630,141,2,7,Me gustaría más variedad de colores,2024-06-30 11:15:30
13000000751,20240630,424,2,9,Muy buena atención en la tienda,2024-06-30 23:03:33
13000000752,20240701,628,2,8,"Buen producto, un poco caro",2024-07-01 12:53:35
13000000753,20240701,44,1,7,"Correcto, sin sorpresas",2024-07-01 13:19:16
13000000754,20240703,269,1,10,Entrega rápida y producto excelente,2024-07-03 14:11:46
13000000755,20240703,1369,1,7,,2024-07-03 17:51:40
13000000756,20240703,38,2,9,,2024-07-03 22:44:43
13000000757,20240704,64,1,8,,2024-07-04 13:57:03
13000000759,20240705,706,1,10,,2024-07-05 05:15:32
13000000760,20240705,513,1,5,,2024-07-05 08:09:14
13000000761,20240705,1383,1,3,No cumplió mis expectativas,2024-07-05 11:42:58
13000000762,20240705,960,1,10,,2024-07-05 12:25:27
13000000763,20240705,154,1,10,"Excelente botella, mantiene la temperatura",2024-07-05 12:44:51
13000000764,20240705,1375,1,10,,2024-07-05 15:58:30
13000000765,20240706,486,2,10,,2024-07-06 11:10:15
13000000766,20240706,544,2,7,,2024-07-06 11:59:51
13000000768,20240706,1334,2,6,Poco stock en la tienda,2024-07-06 15:01:08
13000000769,20240707,1044,2,9,,2024-07-07 12:15:11
13000000770,20240708,332,2,6,La tapa pierde líquido,2024-07-08 02:10:18
13000000771,20240708,422,2,10,,2024-07-08 11:15:26
13000000772,20240708,1002,1,7,,2024-07-08 12:51:59
13000000774,20240709,438,1,10,Volvería a comprar,2024-07-09 00:21:04
13000000775,20240709,1386,1,7,,2024-07-09 10:24:27
13000000776,20240709,9,1,8,,2024-07-09 11:56:32
13000000777,20240709,582,1,10,,2024-07-09 21:32:14
13000000778,20240710,1384,1,8,,2024-07-10 04:03:17
13000000779,20240710,427,2,10,Muy buena atención en la tienda,2024-07-10 11:50:46
13000000780,20240710,1235,2,9,,2024-07-10 16:02:40
13000000781,20240711,344,1,8,,2024-07-11 01:18:47
13000000782,20240712,577,1,6,La tapa pierde líquido,2024-07-12 11:24:58
13000000783,20240712,425,1,7,La entrega podría ser más rápida,2024-07-12 15:16:20
13000000784,20240712,1439,2,9,Muy buena atención en la tienda,2024-07-12 19:23:51
13000000785,20240713,750,2,9,Muy buena atención en la tienda,2024-07-13 04:44:09
13000000786,20240713,1131,2,8,"Buen producto, un poco caro",2024-07-13 22:34:36
13000000787,20240715,749,2,8,,2024-07-15 02:29:18
13000000788,20240715,484,1,8,Me gustaría más variedad de colores,2024-07-15 19:55:18
13000000789,20240716,1302,1,4,,2024-07-16 11:27:07
13000000790,20240717,356,1,6,El envío demoró y nadie me avisó,2024-07-17 13:03:53
13000000791,20240717,333,1,6,Tardó mucho más de lo esperado,2024-07-17 15:34:35
13000000792,20240717,1010,2,10,,2024-07-17 17:20:52
13000000793,20240717,75,2,10,,2024-07-17 20:40:40
13000000794,20240718,1397,1,5,,2024-07-18 02:49:15
13000000795,20240718,846,1,10,Entrega rápida y producto excelente,2024-07-18 04:33:51
13000000796,20240718,1333,2,9,Muy buena atención en la tienda,2024-07-18 10:00:00
13000000797,20240718,1271,1,6,Llegó con la caja dañada,2024-07-18 12:07:44
13000000798,20240718,1273,1,9,Entrega rápida y producto excelente,2024-07-18 17:41:40
13000000799,20240719,1215,2,9,,2024-07-19 06:53:03
13000000800,20240719,1143,1,6,El envío demoró y nadie me avisó,2024-07-19 09:23:19
13000000801,20240719,11,1,6,,2024-07-19 10:37:13
13000000803,20240719,441,2,8,Me gustaría más variedad de colores,2024-07-19 12:34:09
13000000804,20240719,1106,2,8,,2024-07-19 12:57:39
13000000805,20240719,159,1,10,Volvería a comprar,2024-07-19 16:19:00
13000000806,20240719,1398,1,6,Tardó mucho más de lo esperado,2024-07-19 21:51:28
13000000807,20240719,1415,1,8,"Buen producto, un poco caro",2024-07-19 23:07:26
13000000808,20240720,925,2,8,,2024-07-20 08:35:11
13000000809,20240721,718,2,6,La tapa pierde líquido,2024-07-21 10:08:26
13000000810,20240721,1135,2,10,,2024-07-21 12:11:59
13000000811,20240721,1466,2,8,Podría mejorar el empaque,2024-07-21 15:50:41
13000000812,20240721,1472,2,7,,2024-07-21 17:25:46
13000000813,20240721,1207,2,3,Tuve que devolverlo,2024-07-21 23:31:58
13000000814,20240722,430,2,6,La tapa pierde líquido,2024-07-22 01:25:56
13000000815,20240722,459,2,5,No cumplió mis expectativas,2024-07-22 13:35:01
13000000816,20240723,259,1,4,Tardó mucho más de lo esperado,2024-07-23 11:25:45
13000000817,20240723,1477,2,9,"Excelente botella, mantiene la temperatura",2024-07-23 19:06:01
13000000818,20240723,394,1,4,No cumplió mis expectativas,2024-07-23 20:11:27
13000000819,20240723,938,1,4,El envío demoró y nadie me avisó,2024-07-23 21:10:03
13000000820,20240724,1425,1,9,,2024-07-24 01:29:47
13000000821,20240724,395,2,10,"Excelente botella, mantiene la temperatura",2024-07-24 07:28:26
13000000822,20240724,1348,1,10,Volvería a comprar,2024-07-24 15:51:13
13000000823,20240724,1481,2,6,Poco stock en la tienda,2024-07-24 16:14:59
13000000824,20240724,233,2,9,Todo perfecto,2024-07-24 21:08:47
13000000825,20240725,502,1,3,Tardó mucho más de lo esperado,2024-07-25 06:10:25
13000000826,20240725,896,2,10,Muy buena atención en la tienda,2024-07-25 10:10:38
13000000827,20240725,1437,1,4,Tuve que devolverlo,2024-07-25 11:14:50
13000000828,20240725,189,1,7,La entrega podría ser más rápida,2024-07-25 12:36:42
13000000829,20240725,355,1,9,Muy conforme con la calidad,2024-07-25 18:03:11
13000000830,20240726,1197,2,5,No cumplió mis expectativas,2024-07-26 13:45:50
13000000831,20240726,344,2,8,Me gustaría más variedad de colores,2024-07-26 16:21:44
13000000832,20240727,1436,1,7,La entrega podría ser más rápida,2024-07-27 02:11:58
13000000833,20240727,1491,2,8,Me gustaría más variedad de colores,2024-07-27 12:22:39
13000000834,20240727,338,2,7,,2024-07-27 13:40:06
13000000835,20240728,1494,2,10,"Excelente botella, mantiene la temperatura",2024-07-28 10:06:42
13000000836,20240728,1493,2,10,Todo perfecto,2024-07-28 11:27:59
13000000837,20240728,686,2,9,Muy buena atención en la tienda,2024-07-28 12:25:25
13000000838,20240728,1488,2,10,,2024-07-28 17:24:52
13000000839,20240729,1131,2,9,,2024-07-29 03:22:45
13000000840,20240729,1495,2,10,Todo perfecto,2024-07-29 04:24:15
13000000841,20240729,994,2,8,Me gustaría más variedad de colores,2024-07-29 12:46:53
13000000842,20240730,918,1,10,,2024-07-30 12:55:12
13000000843,20240730,790,1,7,,2024-07-30 14:51:02
13000000844,20240730,1454,1,10,,2024-07-30 15:13:23
13000000845,20240731,176,1,4,El envío demoró y nadie me avisó,2024-07-31 03:45:10
13000000846,20240731,100,1,1,,2024-07-31 13:54:17
13000000847,20240731,167,1,1,Tardó mucho más de lo esperado,2024-07-31 18:33:01
13000000849,20240801,1444,1,9,Todo perfecto,2024-08-01 09:41:52
13000000850,20240801,124,1,9,,2024-08-01 11:28:45
13000000851,20240801,601,2,10,Muy conforme con la calidad,2024-08-01 15:55:44
13000000852,20240802,1225,1,8,La entrega podría ser más rápida,2024-08-02 01:13:26
13000000853,20240802,475,2,10,Todo perfecto,2024-08-02 10:10:59
13000000854,20240802,462,2,8,,2024-08-02 12:28:12
13000000855,20240802,1519,2,10,,2024-08-02 19:18:14
13000000856,20240802,586,1,5,Tardó mucho más de lo esperado,2024-08-02 22:58:01
13000000857,20240803,628,2,10,Muy buena atención en la tienda,2024-08-03 13:32:35
13000000858,20240803,115,1,10,Todo perfecto,2024-08-03 18:31:10
13000000859,20240804,1310,2,7,Me gustaría más variedad de colores,2024-08-04 10:05:39
13000000860,20240804,1343,2,9,Muy buena atención en la tienda,2024-08-04 10:36:42
13000000861,20240804,1532,2,6,Poco stock en la tienda,2024-08-04 14:03:26
13000000862,20240805,1533,2,8,"Correcto, sin sorpresas",2024-08-05 17:16:14
13000000863,20240805,1455,1,5,El envío demoró y nadie me avisó,2024-08-05 18:15:45
13000000864,20240806,613,2,4,Llegó con la caja dañada,2024-08-06 11:01:51
13000000865,20240806,320,2,10,"Excelente botella, mantiene la temperatura",2024-08-06 12:27:46
13000000866,20240807,458,2,8,,2024-08-07 12:22:43
13000000867,20240807,77,1,8,,2024-08-07 14:01:12
13000000868,20240807,192,1,3,No cumplió mis expectativas,2024-08-07 15:15:17
13000000869,20240807,1484,1,9,,2024-08-07 19:16:14
13000000870,20240807,615,1,5,Llegó con la caja dañada,2024-08-07 22:56:00
13000000871,20240807,1464,1,5,Llegó con la caja dañada,2024-08-07 23:53:28
13000000872,20240808,1544,2,10,Todo perfecto,2024-08-08 03:17:13
13000000873,20240808,1492,1,8,Me gustaría más variedad de colores,2024-08-08 15:11:25
13000000874,20240808,1508,2,8,"Buen producto, un poco caro",2024-08-08 16:24:47
13000000875,20240808,1487,1,10,,2024-08-08 19:25:45
13000000876,20240808,531,1,5,Llegó con la caja dañada,2024-08-08 19:35:19
13000000877,20240809,982,1,6,,2024-08-09 11:47:07
13000000878,20240809,885,1,8,La entrega podría ser más rápida,2024-08-09 11:58:32
13000000879,20240809,437,2,5,El envío demoró y nadie me avisó,2024-08-09 14:48:41
13000000880,20240809,652,1,9,Entrega rápida y producto excelente,2024-08-09 18:45:21
13000000881,20240809,515,2,10,,2024-08-09 20:40:38
13000000882,20240809,598,2,7,"Correcto, sin sorpresas",2024-08-09 21:01:44
13000000883,20240810,1505,2,9,Muy buena atención en la tienda,2024-08-10 07:56:07
13000000884,20240810,1493,2,8,,2024-08-10 15:27:20
13000000885,20240810,925,2,8,,2024-08-10 17:40:44
13000000886,20240810,163,1,8,"Correcto, sin sorpresas",2024-08-10 19:47:35
13000000887,20240811,1439,2,9,"Excelente botella, mantiene la temperatura",2024-08-11 11:38:53
13000000888,20240811,321,2,9,"Excelente botella, mantiene la temperatura",2024-08-11 14:40:14
13000000889,20240811,466,2,10,Muy conforme con la calidad,2024-08-11 15:21:07
13000000890,20240812,375,1,3,El envío demoró y nadie me avisó,2024-08-12 12:01:57
13000000891,20240812,1005,2,10,Todo perfecto,2024-08-12 14:05:55
13000000892,20240813,593,1,0,,2024-08-13 07:24:07
13000000893,20240813,852,1,7,La entrega podría ser más rápida,2024-08-13 15:55:01
13000000894,20240813,333,1,4,El envío demoró y nadie me avisó,2024-08-13 17:31:52
13000000895,20240813,1502,1,8,La entrega podría ser más rápida,2024-08-13 17:40:17
13000000896,20240814,38,2,9,Todo perfecto,2024-08-14 04:30:57
13000000897,20240814,287,1,2,Llegó con la caja dañada,2024-08-14 11:46:06
13000000899,20240814,973,1,6,,2024-08-14 18:51:14
13000000900,20240814,785,1,10,,2024-08-14 21:39:29
13000000901,20240814,159,1,9,Entrega rápida y producto excelente,2024-08-14 23:19:22
13000000902,20240815,793,1,7,La entrega podría ser más rápida,2024-08-15 10:31:03
13000000903,20240815,1509,1,8,"Correcto, sin sorpresas",2024-08-15 15:11:36
13000000904,20240815,1501,1,7,"Correcto, sin sorpresas",2024-08-15 15:32:25
13000000905,20240816,173,1,6,,2024-08-16 06:56:44
13000000906,20240816,1148,2,8,,2024-08-16 11:01:33
13000000907,20240816,1517,1,7,,2024-08-16 11:21:34
13000000908,20240816,728,1,4,El envío demoró y nadie me avisó,2024-08-16 14:12:01
13000000909,20240816,1579,2,9,Muy buena atención en la tienda,2024-08-16 14:44:59
13000000910,20240816,1134,2,9,Muy conforme con la calidad,2024-08-16 15:47:31
13000000911,20240816,1187,1,8,Podría mejorar el empaque,2024-08-16 16:06:53
13000000912,20240816,713,1,10,,2024-08-16 21:30:05
13000000913,20240817,291,2,8,,2024-08-17 00:16:42
13000000914,20240817,803,1,6,,2024-08-17 01:57:35
13000000915,20240817,1535,1,6,,2024-08-17 03:03:26
13000000916,20240817,907,2,7,"Buen producto, un poco caro",2024-08-17 12:11:57
13000000917,20240817,1305,2,9,,2024-08-17 12:31:36
13000000918,20240817,1100,2,10,Volvería a comprar,2024-08-17 17:38:07
13000000919,20240818,1467,2,9,Muy conforme con la calidad,2024-08-18 15:07:54
13000000920,20240818,1584,2,8,Me gustaría más variedad de colores,2024-08-18 16:54:44
13000000921,20240819,1113,2,9,,2024-08-19 14:33:08
13000000922,20240819,1510,1,6,No cumplió mis expectativas,2024-08-19 15:48:53
13000000924,20240819,1239,1,0,Tuve que devolverlo,2024-08-19 19:59:15
13000000925,20240820,762,2,8,,2024-08-20 10:44:20
13000000926,20240821,1213,1,3,El envío demoró y nadie me avisó,2024-08-21 06:18:22
13000000927,20240821,849,1,9,Entrega rápida y producto excelente,2024-08-21 14:19:34
13000000928,20240821,1235,2,9,Muy buena atención en la tienda,2024-08-21 16:31:59
13000000929,20240822,1530,2,5,El envío demoró y nadie me avisó,2024-08-22 06:20:40
13000000930,20240822,1534,1,4,Tardó mucho más de lo esperado,2024-08-22 14:09:28
13000000931,20240822,1553,1,7,La entrega podría ser más rápida,2024-08-22 18:51:09
13000000932,20240823,68,1,9,"Excelente botella, mantiene la temperatura",2024-08-23 07:51:11
13000000933,20240823,999,1,4,Llegó con la caja dañada,2024-08-23 11:24:35
13000000934,20240823,1607,2,10,Volvería a comprar,2024-08-23 13:55:16
13000000935,20240823,169,1,10,Todo perfecto,2024-08-23 19:31:45
13000000936,20240824,1322,2,10,,2024-08-24 06:58:13
13000000937,20240824,141,2,9,,2024-08-24 11:36:20
13000000938,20240824,665,2,5,Tuve que devolverlo,2024-08-24 15:27:36
13000000939,20240824,1616,2,7,,2024-08-24 20:15:52
13000000940,20240824,1619,2,10,Muy buena atención en la tienda,2024-08-24 22:14:07
13000000941,20240826,538,2,8,,2024-08-26 07:06:10
13000000943,20240827,663,1,6,La tapa pierde líquido,2024-08-27 07:42:58
13000000944,20240827,490,1,9,"Excelente botella, mantiene la temperatura",2024-08-27 13:14:42
13000000945,20240827,179,1,6,Llegó con la caja dañada,2024-08-27 20:46:41
13000000946,20240828,1450,1,4,,2024-08-28 00:34:43
13000000947,20240828,1223,1,0,No cumplió mis expectativas,2024-08-28 03:04:32
13000000948,20240828,1415,1,9,Entrega rápida y producto excelente,2024-08-28 03:27:32
13000000949,20240828,715,1,10,Entrega rápida y producto excelente,2024-08-28 10:02:49
13000000950,20240828,1459,1,8,La entrega podría ser más rápida,2024-08-28 12:44:44
13000000951,20240828,1523,2,7,Me gustaría más variedad de colores,2024-08-28 19:58:22
13000000952,20240829,1627,2,10,Muy buena atención en la tienda,2024-08-29 08:10:18
13000000953,20240829,1458,2,8,"Buen producto, un poco caro",2024-08-29 10:05:58
13000000954,20240829,328,1,5,Llegó con la caja dañada,2024-08-29 11:02:01
13000000955,20240829,690,1,10,,2024-08-29 11:28:06
13000000956,20240829,515,2,8,Podría mejorar el empaque,2024-08-29 12:00:22
13000000957,20240829,652,1,5,No cumplió mis expectativas,2024-08-29 12:32:18
13000000958,20240829,1077,1,6,El envío demoró y nadie me avisó,2024-08-29 13:15:29
13000000959,20240829,196,2,10,Todo perfecto,2024-08-29 16:48:10
13000000960,20240829,1414,1,6,Llegó con la caja dañada,2024-08-29 19:46:54
13000000961,20240829,789,1,5,El envío demoró y nadie me avisó,2024-08-29 22:10:46
13000000962,20240830,626,1,5,Tardó mucho más de lo esperado,2024-08-30 00:04:45
13000000963,20240830,1568,1,7,,2024-08-30 01:48:48
13000000964,20240830,1377,2,10,Muy buena atención en la tienda,2024-08-30 10:01:18
13000000965,20240830,831,1,8,La entrega podría ser más rápida,2024-08-30 10:48:43
13000000966,20240830,1580,1,7,,2024-08-30 14:55:08
13000000967,20240830,602,1,6,Tardó mucho más de lo esperado,2024-08-30 20:09:55
13000000968,20240830,553,1,6,Tardó mucho más de lo esperado,2024-08-30 23:53:59
13000000969,20240901,376,2,9,,2024-09-01 00:44:07
13000000970,20240901,1640,2,8,,2024-09-01 00:52:05
13000000971,20240901,127,2,7,,2024-09-01 10:16:58
13000000972,20240901,1647,2,9,Muy buena atención en la tienda,2024-09-01 11:05:47
13000000973,20240901,1648,2,10,Muy buena atención en la tienda,2024-09-01 20:36:35
13000000974,20240902,1059,2,10,,2024-09-02 01:48:32
13000000975,20240902,763,2,10,Muy conforme con la calidad,2024-09-02 04:42:28
13000000976,20240902,1577,1,8,Podría mejorar el empaque,2024-09-02 13:24:44
13000000977,20240902,1110,1,6,Llegó con la caja dañada,2024-09-02 13:47:13
13000000978,20240902,20,1,9,Volvería a comprar,2024-09-02 14:56:48
13000000979,20240902,1582,1,3,Tuve que devolverlo,2024-09-02 16:57:51
13000000980,20240902,978,1,6,El envío demoró y nadie me avisó,2024-09-02 17:05:04
13000000981,20240902,1404,1,3,Tardó mucho más de lo esperado,2024-09-02 20:10:10
13000000982,20240902,77,1,8,Me gustaría más variedad de colores,2024-09-02 21:27:20
13000000983,20240903,876,1,3,,2024-09-03 07:39:56
13000000984,20240903,1281,2,8,La entrega podría ser más rápida,2024-09-03 11:57:29
13000000985,20240903,1656,2,6,Poco stock en la tienda,2024-09-03 12:30:55
13000000986,20240903,882,2,10,,2024-09-03 16:05:15
13000000987,20240903,1148,2,8,Podría mejorar el empaque,2024-09-03 17:35:54
13000000988,20240903,1180,1,5,,2024-09-03 19:40:52
13000000989,20240903,1655,2,10,Muy conforme con la calidad,2024-09-03 21:19:36
13000000990,20240904,1443,2,8,Podría mejorar el empaque,2024-09-04 01:44:28
13000000991,20240904,885,1,7,Me gustaría más variedad de colores,2024-09-04 02:58:23
13000000992,20240904,1347,1,4,No cumplió mis expectativas,2024-09-04 10:26:20
13000000993,20240904,1558,2,10,,2024-09-04 11:55:18
13000000994,20240905,1599,1,5,Tuve que devolverlo,2024-09-05 06:13:56
13000000995,20240905,296,1,5,Llegó con la caja dañada,2024-09-05 10:06:54
13000000996,20240905,1598,1,7,,2024-09-05 14:05:13
13000000997,20240905,1597,2,6,,2024-09-05 15:30:11
13000000998,20240905,1232,1,5,Tardó mucho más de lo esperado,2024-09-05 19:11:28
13000000999,20240905,76,2,6,Tuve que esperar mucho en la caja,2024-09-05 21:40:36
13000001000,20240906,1395,2,8,"Correcto, sin sorpresas",2024-09-06 01:18:49
13000001001,20240906,1012,1,8,,2024-09-06 10:35:11
13000001002,20240906,1606,1,2,No cumplió mis expectativas,2024-09-06 12:42:26
13000001003,20240906,1610,1,5,No cumplió mis expectativas,2024-09-06 13:15:36
13000001004,20240906,644,1,6,Llegó con la caja dañada,2024-09-06 13:51:41
13000001005,20240906,901,2,10,Muy conforme con la calidad,2024-09-06 17:29:37
13000001006,20240906,44,1,6,Llegó con la caja dañada,2024-09-06 19:18:30
13000001007,20240906,1624,1,7,La entrega podría ser más rápida,2024-09-06 21:21:43
13000001008,20240906,1388,1,6,El envío demoró y nadie me avisó,2024-09-06 23:40:37
13000001009,20240907,602,2,9,Muy buena atención en la tienda,2024-09-07 05:22:13
13000001011,20240907,1403,2,8,"Buen producto, un poco caro",2024-09-07 10:36:26
13000001012,20240907,1021,2,10,Muy buena atención en la tienda,2024-09-07 11:45:36
13000001013,20240907,1605,1,6,,2024-09-07 18:42:17
13000001014,20240908,722,2,7,,2024-09-08 01:51:20
13000001015,20240908,1155,2,8,,2024-09-08 04:34:57
13000001016,20240909,1524,1,3,,2024-09-09 20:39:55
13000001017,20240910,754,2,8,,2024-09-10 02:17:03
13000001018,20240910,1528,1,4,El envío demoró y nadie me avisó,2024-09-10 10:38:22
13000001019,20240910,1336,1,2,Tuve que devolverlo,2024-09-10 12:10:19
13000001020,20240910,927,2,8,,2024-09-10 14:18:06
13000001021,20240910,1422,1,5,Tardó mucho más de lo esperado,2024-09-10 14:34:30
13000001022,20240910,1676,2,10,"Excelente botella, mantiene la temperatura",2024-09-10 17:17:28
13000001023,20240910,716,1,10,Entrega rápida y producto excelente,2024-09-10 20:52:09
13000001024,20240911,1512,2,4,Poco stock en la tienda,2024-09-11 10:00:19
13000001025,20240911,1452,2,4,,2024-09-11 10:22:31
13000001026,20240911,1450,1,7,La entrega podría ser más rápida,2024-09-11 13:08:40
13000001027,20240911,753,2,8,"Buen producto, un poco caro",2024-09-11 15:20:52
13000001028,20240911,1375,1,6,No cumplió mis expectativas,2024-09-11 16:18:52
13000001029,20240911,1541,1,8,,2024-09-11 17:13:39
13000001030,20240911,516,1,9,,2024-09-11 20:26:40
13000001031,20240911,1650,1,8,,2024-09-11 23:04:13
13000001032,20240912,1632,1,8,,2024-09-12 06:09:45
13000001033,20240912,1611,1,8,Podría mejorar el empaque,2024-09-12 07:16:45
13000001034,20240912,791,1,7,Me gustaría más variedad de colores,2024-09-12 10:47:55
13000001035,20240912,874,1,10,Muy conforme con la calidad,2024-09-12 12:20:04
13000001036,20240912,1249,1,4,La tapa pierde líquido,2024-09-12 12:33:32
13000001037,20240912,632,1,5,Tardó mucho más de lo esperado,2024-09-12 14:11:38
13000001038,20240912,681,1,7,La entrega podría ser más rápida,2024-09-12 14:26:18
13000001039,20240912,1689,2,7,,2024-09-12 14:54:49
13000001040,20240912,1637,1,8,Podría mejorar el empaque,2024-09-12 16:06:15
13000001041,20240912,1622,1,4,El envío demoró y nadie me avisó,2024-09-12 16:15:29
13000001042,20240912,142,1,5,Tardó mucho más de lo esperado,2024-09-12 19:56:07
13000001043,20240913,42,1,8,,2024-09-13 00:56:44
13000001044,20240913,944,1,8,,2024-09-13 01:07:12
13000001045,20240913,1652,1,10,Entrega rápida y producto excelente,2024-09-13 10:06:45
13000001046,20240913,886,1,5,Llegó con la caja dañada,2024-09-13 11:09:29
13000001047,20240913,1695,2,10,Volvería a comprar,2024-09-13 13:45:11
13000001048,20240913,1479,1,9,Volvería a comprar,2024-09-13 13:52:17
13000001049,20240913,1504,1,9,Todo perfecto,2024-09-13 14:02:12
13000001050,20240913,1629,1,2,El envío demoró y nadie me avisó,2024-09-13 14:16:50
13000001051,20240913,1641,1,10,Entrega rápida y producto excelente,2024-09-13 15:03:25
13000001052,20240913,73,1,10,,2024-09-13 16:43:44
13000001053,20240913,1051,1,8,,2024-09-13 18:37:24
13000001054,20240913,652,1,7,Podría mejorar el empaque,2024-09-13 18:51:46
13000001055,20240913,1659,1,7,La entrega podría ser más rápida,2024-09-13 22:56:22
13000001056,20240914,502,1,7,,2024-09-14 07:12:20
13000001057,20240914,1472,2,8,,2024-09-14 12:51:34
13000001058,20240915,900,2,6,No cumplió mis expectativas,2024-09-15 00:04:54
13000001059,20240915,1613,2,9,Todo perfecto,2024-09-15 12:58:26
13000001060,20240916,1282,2,9,Muy buena atención en la tienda,2024-09-16 07:36:50
13000001061,20240916,784,1,1,Tuve que devolverlo,2024-09-16 12:41:02
13000001062,20240916,1633,1,2,El envío demoró y nadie me avisó,2024-09-16 13:20:13
13000001063,20240916,1506,1,1,Llegó con la caja dañada,2024-09-16 13:40:48
13000001064,20240916,883,1,5,El envío demoró y nadie me avisó,2024-09-16 16:30:21
13000001065,20240917,948,1,9,,2024-09-17 11:56:48
13000001066,20240917,732,2,5,Tuve que devolverlo,2024-09-17 17:17:47
13000001067,20240917,1003,1,10,Entrega rápida y producto excelente,2024-09-17 20:44:11
13000001068,20240917,1241,2,8,,2024-09-17 23:08:11
13000001069,20240918,1497,2,5,Llegó con la caja dañada,2024-09-18 01:09:43
13000001071,20240918,233,1,5,La tapa pierde líquido,2024-09-18 11:58:37
13000001072,20240918,1670,1,9,Todo perfecto,2024-09-18 14:21:07
13000001073,20240918,257,1,10,Muy conforme con la calidad,2024-09-18 15:38:48
13000001074,20240918,1162,1,10,Entrega rápida y producto excelente,2024-09-18 17:42:45
13000001075,20240918,487,2,9,Todo perfecto,2024-09-18 18:00:57
13000001076,20240918,1674,1,6,No cumplió mis expectativas,2024-09-18 18:40:49
13000001077,20240919,1638,1,7,,2024-09-19 02:19:34
13000001078,20240919,58,1,7,La entrega podría ser más rápida,2024-09-19 10:22:15
13000001079,20240919,1678,1,10,,2024-09-19 14:08:57
13000001080,20240919,27,1,10,Muy conforme con la calidad,2024-09-19 22:57:34
13000001081,20240920,1684,1,9,"Excelente botella, mantiene la temperatura",2024-09-20 00:52:01
13000001082,20240920,742,1,7,,2024-09-20 10:04:39
13000001083,20240920,543,1,10,"Excelente botella, mantiene la temperatura",2024-09-20 10:06:04
13000001084,20240920,1692,1,7,La entrega podría ser más rápida,2024-09-20 10:45:15
13000001085,20240920,1685,1,9,Entrega rápida y producto excelente,2024-09-20 11:25:03
13000001086,20240920,1528,1,8,Podría mejorar el empaque,2024-09-20 15:10:57
13000001087,20240920,1271,1,10,,2024-09-20 15:31:30
13000001088,20240920,388,2,9,Muy buena atención en la tienda,2024-09-20 17:05:44
13000001089,20240920,45,1,8,La entrega podría ser más rápida,2024-09-20 22:49:18
13000001090,20240921,586,2,10,Muy buena atención en la tienda,2024-09-21 07:20:01
13000001091,20240921,1296,2,7,,2024-09-21 08:39:17
13000001092,20240921,1340,1,10,Todo perfecto,2024-09-21 17:38:26
13000001093,20240922,273,2,9,Muy conforme con la calidad,2024-09-22 13:27:50
13000001094,20240923,1694,1,8,Me gustaría más variedad de colores,2024-09-23 12:25:36
13000001095,20240923,63,1,7,"Buen producto, un poco caro",2024-09-23 13:12:30
13000001096,20240924,630,2,9,Volvería a comprar,2024-09-24 10:08:52
13000001097,20240924,1352,1,9,Entrega rápida y producto excelente,2024-09-24 11:46:12
13000001098,20240924,1268,2,5,La tapa pierde líquido,2024-09-24 12:59:11
13000001099,20240924,1519,2,7,Podría mejorar el empaque,2024-09-24 15:09:36
13000001100,20240924,829,2,9,,2024-09-24 15:18:46
13000001101,20240924,1747,2,8,,2024-09-24 19:25:35
13000001102,20240925,1020,1,6,Tuve que devolverlo,2024-09-25 05:36:49
13000001103,20240925,1244,1,8,La entrega podría ser más rápida,2024-09-25 10:47:48
13000001104,20240925,1749,2,9,,2024-09-25 11:23:47
13000001105,20240925,1637,1,10,"Excelente botella, mantiene la temperatura",2024-09-25 11:38:20
13000001106,20240925,425,1,9,Entrega rápida y producto excelente,2024-09-25 11:52:37
13000001107,20240925,1705,1,10,Entrega rápida y producto excelente,2024-09-25 12:00:05
13000001108,20240925,435,2,9,Todo perfecto,2024-09-25 13:06:08
13000001109,20240925,15,1,9,,2024-09-25 17:44:43
13000001110,20240925,1713,1,9,,2024-09-25 18:59:26
13000001111,20240925,177,2,9,Todo perfecto,2024-09-25 19:11:33
13000001112,20240926,1708,1,9,,2024-09-26 01:47:37
13000001113,20240926,1702,1,10,"Excelente botella, mantiene la temperatura",2024-09-26 04:21:24
13000001114,20240926,1563,2,6,,2024-09-26 05:27:07
13000001115,20240926,1429,1,9,,2024-09-26 06:27:12
13000001116,20240926,1588,1,8,"Buen producto, un poco caro",2024-09-26 10:46:29
13000001117,20240926,871,2,10,Muy buena atención en la tienda,2024-09-26 12:41:29
13000001118,20240926,1345,1,10,,2024-09-26 13:26:43
13000001119,20240926,1717,1,6,Llegó con la caja dañada,2024-09-26 16:23:02
13000001120,20240926,542,2,10,"Excelente botella, mantiene la temperatura",2024-09-26 16:35:20
13000001121,20240926,546,2,10,Muy buena atención en la tienda,2024-09-26 16:56:46
13000001122,20240926,1399,1,8,La entrega podría ser más rápida,2024-09-26 18:07:32
13000001123,20240926,1707,1,7,La entrega podría ser más rápida,2024-09-26 18:13:57
13000001124,20240926,507,1,7,,2024-09-26 19:28:42
13000001125,20240926,69,1,8,,2024-09-26 19:35:09
13000001126,20240927,1239,1,7,La entrega podría ser más rápida,2024-09-27 08:44:47
13000001127,20240927,536,2,10,Muy buena atención en la tienda,2024-09-27 17:30:57
13000001128,20240927,1064,2,8,,2024-09-27 23:47:34
13000001129,20240928,1760,2,9,Muy conforme con la calidad,2024-09-28 00:48:18
13000001130,20240928,851,1,8,"Buen producto, un poco caro",2024-09-28 11:34:02
13000001131,20240929,1493,2,9,Todo perfecto,2024-09-29 12:16:42
13000001132,20240929,1763,2,10,,2024-09-29 12:18:04
13000001133,20240929,853,2,10,Muy buena atención en la tienda,2024-09-29 13:14:07
13000001135,20240930,1715,1,8,"Buen producto, un poco caro",2024-09-30 11:39:28
13000001136,20240930,1238,1,8,,2024-09-30 21:12:09
13000001137,20241001,1723,1,5,Tuve que devolverlo,2024-10-01 12:35:56
13000001138,20241001,1725,1,9,Entrega rápida y producto excelente,2024-10-01 13:31:22
13000001139,20241001,101,2,10,,2024-10-01 15:22:59
13000001140,20241001,1327,2,7,"Buen producto, un poco caro",2024-10-01 17:05:21
13000001141,20241002,849,1,9,,2024-10-02 01:14:47
13000001142,20241002,1736,1,7,"Correcto, sin sorpresas",2024-10-02 06:35:19
13000001143,20241002,510,1,8,La entrega podría ser más rápida,2024-10-02 12:30:24
13000001144,20241002,878,1,9,Entrega rápida y producto excelente,2024-10-02 15:24:13
13000001145,20241002,1226,2,9,Muy conforme con la calidad,2024-10-02 15:26:45
13000001146,20241002,1632,1,8,,2024-10-02 18:58:00
13000001147,20241003,247,1,6,La tapa pierde líquido,2024-10-03 01:05:12
13000001148,20241003,1045,2,6,,2024-10-03 06:43:50
13000001149,20241003,935,1,9,Entrega rápida y producto excelente,2024-10-03 09:55:22
13000001150,20241003,1332,2,7,Podría mejorar el empaque,2024-10-03 10:48:48
13000001151,20241003,1743,1,9,,2024-10-03 10:57:41
13000001152,20241003,1339,1,8,,2024-10-03 12:52:30
13000001153,20241003,1744,1,7,,2024-10-03 14:04:15
13000001154,20241003,1459,2,8,,2024-10-03 17:19:47
13000001155,20241003,375,1,8,,2024-10-03 21:04:22
13000001156,20241004,1223,1,10,Todo perfecto,2024-10-04 13:32:24
13000001157,20241004,728,2,7,,2024-10-04 13:39:09
13000001158,20241004,719,1,9,Entrega rápida y producto excelente,2024-10-04 17:15:26
13000001159,20241004,1640,2,9,,2024-10-04 17:53:33
13000001160,20241005,1318,2,10,Muy buena atención en la tienda,2024-10-05 12:28:20
13000001161,20241005,1408,1,8,"Buen producto, un poco caro",2024-10-05 15:26:48
13000001162,20241006,1585,2,9,,2024-10-06 08:37:00
13000001163,20241007,626,1,10,Entrega rápida y producto excelente,2024-10-07 11:11:09
13000001164,20241007,1322,1,8,La entrega podría ser más rápida,2024-10-07 11:46:58
13000001165,20241007,1755,1,8,La entrega podría ser más rápida,2024-10-07 16:02:09
13000001166,20241007,1054,1,10,,2024-10-07 17:14:01
13000001167,20241008,1194,1,7,"Buen producto, un poco caro",2024-10-08 10:45:15
13000001168,20241008,1756,1,10,Entrega rápida y producto excelente,2024-10-08 17:37:17
13000001169,20241009,185,1,9,Entrega rápida y producto excelente,2024-10-09 18:40:39
13000001170,20241010,203,2,8,,2024-10-10 13:15:31
13000001171,20241010,1076,1,7,,2024-10-10 14:45:48
13000001172,20241010,1451,1,9,Entrega rápida y producto excelente,2024-10-10 19:08:33
13000001173,20241010,359,1,9,Entrega rápida y producto excelente,2024-10-10 20:29:30
13000001174,20241010,284,1,7,,2024-10-10 21:27:31
13000001175,20241010,852,1,8,Podría mejorar el empaque,2024-10-10 22:14:49
13000001176,20241011,1269,2,7,,2024-10-11 06:44:04
13000001177,20241011,65,1,7,,2024-10-11 21:37:30
13000001178,20241012,1278,1,7,,2024-10-12 03:13:21
13000001179,20241012,1807,2,7,,2024-10-12 11:17:38
13000001180,20241012,1281,2,7,,2024-10-12 20:36:03
13000001181,20241013,1818,2,10,,2024-10-13 11:41:28
13000001182,20241013,1671,2,6,Tuve que esperar mucho en la caja,2024-10-13 13:40:15
13000001183,20241013,1820,2,10,Volvería a comprar,2024-10-13 22:11:01
13000001184,20241014,1774,1,10,Entrega rápida y producto excelente,2024-10-14 10:21:30
13000001185,20241014,1816,2,10,Muy buena atención en la tienda,2024-10-14 15:59:49
13000001186,20241015,1486,1,9,Todo perfecto,2024-10-15 02:40:49
13000001187,20241015,1511,1,7,,2024-10-15 15:21:54
13000001188,20241015,526,1,7,Me gustaría más variedad de colores,2024-10-15 16:35:30
13000001189,20241016,1390,1,8,,2024-10-16 10:13:46
13000001190,20241016,1360,1,8,,2024-10-16 11:38:43
13000001191,20241016,1783,1,10,,2024-10-16 13:00:51
13000001192,20241016,1488,2,9,,2024-10-16 19:28:47
13000001193,20241016,1304,2,9,Muy buena atención en la tienda,2024-10-16 22:11:57
13000001194,20241016,1793,1,8,,2024-10-16 22:33:38
13000001195,20241017,215,2,9,Muy buena atención en la tienda,2024-10-17 16:16:58
13000001196,20241017,1839,2,7,Podría mejorar el empaque,2024-10-17 19:51:30
13000001197,20241018,556,1,6,,2024-10-18 11:06:21
13000001198,20241018,1263,2,9,,2024-10-18 12:02:21
13000001199,20241018,1384,1,6,No cumplió mis expectativas,2024-10-18 13:19:59
13000001200,20241018,162,2,9,,2024-10-18 13:56:23
13000001201,20241018,1110,1,7,"Correcto, sin sorpresas",2024-10-18 14:04:08
13000001202,20241018,426,2,6,No cumplió mis expectativas,2024-10-18 16:24:05
13000001203,20241018,1001,1,9,Entrega rápida y producto excelente,2024-10-18 19:00:28
13000001204,20241019,871,2,7,Me gustaría más variedad de colores,2024-10-19 02:32:59
13000001206,20241019,1662,2,10,"Excelente botella, mantiene la temperatura",2024-10-19 11:07:22
13000001207,20241019,1759,2,7,"Correcto, sin sorpresas",2024-10-19 15:57:53
13000001208,20241020,1494,2,8,,2024-10-20 03:55:51
13000001209,20241020,1308,2,5,La tapa pierde líquido,2024-10-20 12:09:14
13000001210,20241022,1492,1,10,Entrega rápida y producto excelente,2024-10-22 10:22:34
13000001211,20241022,458,1,9,Muy conforme con la calidad,2024-10-22 11:08:58
13000001212,20241022,1468,2,8,,2024-10-22 11:15:29
13000001213,20241022,77,1,8,,2024-10-22 11:18:11
13000001214,20241022,1465,1,10,Todo perfecto,2024-10-22 13:41:23
13000001215,20241022,1795,1,8,,2024-10-22 13:53:40
13000001216,20241022,1400,2,10,Muy conforme con la calidad,2024-10-22 14:27:11
13000001217,20241022,1345,1,10,Entrega rápida y producto excelente,2024-10-22 16:49:43
13000001218,20241022,1109,1,10,Volvería a comprar,2024-10-22 20:13:53
13000001219,20241023,1517,1,6,El envío demoró y nadie me avisó,2024-10-23 02:17:33
13000001220,20241023,593,1,8,La entrega podría ser más rápida,2024-10-23 04:01:04
13000001221,20241023,1215,1,10,Muy conforme con la calidad,2024-10-23 04:01:36
13000001222,20241023,1825,1,10,Entrega rápida y producto excelente,2024-10-23 05:52:57
13000001224,20241023,885,1,4,No cumplió mis expectativas,2024-10-23 10:11:22
13000001225,20241023,770,1,8,,2024-10-23 11:27:27
13000001226,20241023,1311,1,9,Entrega rápida y producto excelente,2024-10-23 11:41:34
13000001227,20241023,1060,1,8,,2024-10-23 11:52:12
13000001228,20241023,1813,1,7,"Correcto, sin sorpresas",2024-10-23 12:46:52
13000001229,20241023,1541,1,10,,2024-10-23 13:16:46
13000001230,20241023,1521,1,10,Entrega rápida y producto excelente,2024-10-23 15:42:44
13000001231,20241023,1806,1,9,Entrega rápida y producto excelente,2024-10-23 17:26:06
13000001232,20241023,1830,1,9,Entrega rápida y producto excelente,2024-10-23 18:02:31
13000001233,20241023,1313,1,5,La tapa pierde líquido,2024-10-23 19:22:10
13000001234,20241023,1168,1,8,"Correcto, sin sorpresas",2024-10-23 22:08:12
13000001235,20241024,671,1,7,La entrega podría ser más rápida,2024-10-24 00:24:24
13000001236,20241024,1504,1,4,Tardó mucho más de lo esperado,2024-10-24 10:35:24
13000001237,20241024,971,1,9,"Excelente botella, mantiene la temperatura",2024-10-24 12:58:41
13000001238,20241024,1861,2,10,Muy buena atención en la tienda,2024-10-24 13:45:28
13000001239,20241024,399,1,10,,2024-10-24 13:48:13
13000001240,20241024,703,1,10,Entrega rápida y producto excelente,2024-10-24 14:11:52
13000001241,20241024,427,1,7,,2024-10-24 19:56:31
13000001242,20241024,1186,1,9,"Excelente botella, mantiene la temperatura",2024-10-24 20:25:59
13000001243,20241024,1863,2,5,No cumplió mis expectativas,2024-10-24 21:33:58
13000001244,20241025,1828,1,8,,2024-10-25 02:42:21
13000001245,20241025,1118,1,5,Tuve que devolverlo,2024-10-25 03:35:07
13000001246,20241025,589,1,10,Entrega rápida y producto excelente,2024-10-25 12:28:14
13000001247,20241025,1827,1,10,Entrega rápida y producto excelente,2024-10-25 12:37:55
13000001248,20241026,46,1,10,,2024-10-26 03:53:28
13000001249,20241026,1493,2,10,,2024-10-26 11:14:47
13000001250,20241027,1261,2,9,Muy buena atención en la tienda,2024-10-27 19:02:34
13000001251,20241028,1149,1,8,La entrega podría ser más rápida,2024-10-28 10:40:12
13000001252,20241028,1841,1,9,,2024-10-28 11:16:37
13000001253,20241028,1047,1,7,"Correcto, sin sorpresas",2024-10-28 13:23:59
13000001254,20241028,1835,1,8,,2024-10-28 16:05:07
13000001255,20241028,1233,1,4,Llegó con la caja dañada,2024-10-28 18:03:45
13000001256,20241028,1246,2,7,Podría mejorar el empaque,2024-10-28 18:14:03
13000001257,20241029,1258,1,8,,2024-10-29 05:16:51
13000001258,20241029,1877,2,9,Muy conforme con la calidad,2024-10-29 10:00:00
13000001259,20241029,1608,1,10,,2024-10-29 18:20:14
13000001260,20241029,1093,1,4,El envío demoró y nadie me avisó,2024-10-29 21:07:33
13000001261,20241029,1484,1,10,"Excelente botella, mantiene la temperatura",2024-10-29 21:47:45
13000001263,20241030,189,1,9,,2024-10-30 11:46:11
13000001264,20241030,464,1,4,No cumplió mis expectativas,2024-10-30 15:37:41
13000001265,20241030,1138,2,10,Muy buena atención en la tienda,2024-10-30 19:41:41
13000001266,20241031,301,1,8,,2024-10-31 03:34:14
13000001267,20241031,1896,2,10,Muy buena atención en la tienda,2024-10-31 11:17:50
13000001268,20241031,1855,1,9,Entrega rápida y producto excelente,2024-10-31 11:18:02
13000001269,20241031,1571,2,8,Podría mejorar el empaque,2024-10-31 11:42:58
13000001270,20241031,1845,1,8,,2024-10-31 16:18:53
13000001271,20241031,1274,1,8,,2024-10-31 16:56:55
13000001272,20241031,1026,1,7,La entrega podría ser más rápida,2024-10-31 18:43:55
13000001273,20241101,1095,1,7,La entrega podría ser más rápida,2024-11-01 10:44:05
13000001274,20241101,1483,1,10,Entrega rápida y producto excelente,2024-11-01 14:50:45
13000001275,20241101,964,1,7,La entrega podría ser más rápida,2024-11-01 17:55:10
13000001276,20241101,1334,2,7,"Buen producto, un poco caro",2024-11-01 20:21:50
13000001277,20241101,1387,1,8,,2024-11-01 20:23:27
13000001278,20241101,1849,1,8,,2024-11-01 20:49:34
13000001279,20241102,825,2,9,,2024-11-02 03:06:26
13000001280,20241102,754,2,7,,2024-11-02 09:38:10
13000001281,20241102,1654,1,8,,2024-11-02 10:18:28
13000001282,20241102,1900,2,10,Volvería a comprar,2024-11-02 13:15:57
13000001283,20241103,972,2,10,Volvería a comprar,2024-11-03 00:31:45
13000001284,20241103,617,2,8,"Buen producto, un poco caro",2024-11-03 14:25:20
13000001285,20241103,320,2,5,No cumplió mis expectativas,2024-11-03 21:54:39
13000001286,20241104,40,2,7,,2024-11-04 11:43:50
13000001287,20241104,1485,1,6,Tuve que devolverlo,2024-11-04 13:53:14
13000001288,20241104,113,1,10,Muy conforme con la calidad,2024-11-04 19:33:47
13000001289,20241105,536,2,10,Muy buena atención en la tienda,2024-11-05 11:01:37
13000001290,20241105,1169,1,7,,2024-11-05 11:15:53
13000001291,20241105,104,1,9,Todo perfecto,2024-11-05 12:41:51
13000001292,20241105,1912,2,10,Muy buena atención en la tienda,2024-11-05 19:55:02
13000001293,20241106,1083,1,9,,2024-11-06 08:48:22
13000001294,20241106,1002,1,6,No cumplió mis expectativas,2024-11-06 09:46:19
13000001295,20241106,1154,2,8,"Correcto, sin sorpresas",2024-11-06 15:35:18
13000001296,20241106,1329,1,9,,2024-11-06 16:14:00
13000001298,20241106,1702,1,9,,2024-11-06 19:04:18
13000001299,20241106,739,1,8,"Correcto, sin sorpresas",2024-11-06 20:51:04
13000001300,20241107,1509,1,7,,2024-11-07 00:35:10
13000001301,20241107,1872,1,6,No cumplió mis expectativas,2024-11-07 11:03:56
13000001302,20241107,1359,1,7,Me gustaría más variedad de colores,2024-11-07 11:10:29
13000001303,20241107,1420,1,10,Entrega rápida y producto excelente,2024-11-07 11:36:09
13000001304,20241107,1273,1,10,Todo perfecto,2024-11-07 16:17:55
13000001305,20241107,1930,2,8,,2024-11-07 20:30:38
13000001306,20241108,718,2,8,"Correcto, sin sorpresas",2024-11-08 02:01:10
13000001308,20241108,431,2,7,,2024-11-08 14:36:07
13000001309,20241109,1139,2,10,Muy conforme con la calidad,2024-11-09 01:11:30
13000001310,20241109,1776,2,8,,2024-11-09 15:01:14
13000001311,20241109,686,2,10,Muy buena atención en la tienda,2024-11-09 15:14:28
13000001312,20241109,556,2,9,,2024-11-09 19:11:28
13000001313,20241110,750,2,10,,2024-11-10 15:00:17
13000001314,20241110,194,2,9,,2024-11-10 17:13:43
13000001315,20241111,630,1,8,,2024-11-11 11:58:22
13000001316,20241111,487,1,8,,2024-11-11 16:31:23
13000001317,20241111,1842,1,8,Me gustaría más variedad de colores,2024-11-11 18:45:08
13000001318,20241111,1168,1,6,Llegó con la caja dañada,2024-11-11 20:06:57
13000001319,20241111,250,2,9,Muy buena atención en la tienda,2024-11-11 22:36:44
13000001320,20241112,925,2,7,,2024-11-12 11:50:58
13000001321,20241112,1889,1,9,Todo perfecto,2024-11-12 14:09:10
13000001322,20241112,1229,1,6,Llegó con la caja dañada,2024-11-12 17:01:00
13000001323,20241112,849,1,10,Entrega rápida y producto excelente,2024-11-12 17:04:03
13000001324,20241112,1893,1,8,La entrega podría ser más rápida,2024-11-12 20:47:54
13000001325,20241112,457,1,9,,2024-11-12 21:06:45
13000001326,20241113,1704,2,10,"Excelente botella, mantiene la temperatura",2024-11-13 11:12:34
13000001327,20241113,279,1,7,,2024-11-13 12:23:44
13000001328,20241113,996,1,8,La entrega podría ser más rápida,2024-11-13 13:21:44
13000001329,20241114,1841,1,9,Entrega rápida y producto excelente,2024-11-14 11:19:06
13000001330,20241114,1903,1,6,No cumplió mis expectativas,2024-11-14 12:01:45
13000001331,20241114,1669,2,10,Muy conforme con la calidad,2024-11-14 14:12:30
13000001332,20241114,1632,1,10,Volvería a comprar,2024-11-14 15:50:49
13000001333,20241114,1906,2,7,,2024-11-14 17:31:57
13000001334,20241114,1423,1,7,La entrega podría ser más rápida,2024-11-14 19:46:18
13000001335,20241115,1318,1,5,No cumplió mis expectativas,2024-11-15 11:00:42
13000001336,20241115,1706,1,10,Volvería a comprar,2024-11-15 12:19:03
13000001337,20241115,1909,1,7,La entrega podría ser más rápida,2024-11-15 20:40:09
13000001338,20241115,1924,1,10,Muy conforme con la calidad,2024-11-15 23:22:50
13000001339,20241116,473,1,7,La entrega podría ser más rápida,2024-11-16 00:36:31
13000001341,20241116,1226,2,8,,2024-11-16 10:25:20
13000001342,20241116,1727,2,8,Me gustaría más variedad de colores,2024-11-16 19:34:50
13000001343,20241117,230,2,8,"Correcto, sin sorpresas",2024-11-17 13:04:50
13000001344,20241117,1215,2,9,Muy buena atención en la tienda,2024-11-17 13:21:16
13000001345,20241117,1976,2,10,"Excelente botella, mantiene la temperatura",2024-11-17 14:46:09
13000001346,20241118,1927,1,10,,2024-11-18 10:27:52
13000001347,20241118,1779,1,10,Entrega rápida y producto excelente,2024-11-18 10:47:41
13000001348,20241118,1707,1,7,"Correcto, sin sorpresas",2024-11-18 10:49:11
13000001349,20241118,710,2,8,"Correcto, sin sorpresas",2024-11-18 11:43:22
13000001350,20241118,1180,1,10,Entrega rápida y producto excelente,2024-11-18 11:55:08
13000001351,20241118,1913,1,9,,2024-11-18 13:16:58
13000001352,20241118,1428,1,6,Tuve que devolverlo,2024-11-18 15:25:45
13000001353,20241118,1475,1,9,Entrega rápida y producto excelente,2024-11-18 16:21:01
13000001354,20241118,420,1,7,,2024-11-18 16:23:49
13000001355,20241118,70,1,9,Muy conforme con la calidad,2024-11-18 16:27:35
13000001356,20241118,1929,1,10,,2024-11-18 16:38:17
13000001357,20241118,1547,1,10,Entrega rápida y producto excelente,2024-11-18 22:20:55
13000001358,20241119,1570,1,7,Podría mejorar el empaque,2024-11-19 06:33:09
13000001359,20241119,681,1,9,,2024-11-19 08:37:17
13000001360,20241119,1591,1,9,Entrega rápida y producto excelente,2024-11-19 09:21:49
13000001361,20241119,1919,1,8,Me gustaría más variedad de colores,2024-11-19 11:36:08
13000001362,20241119,169,1,7,,2024-11-19 12:05:32
13000001363,20241119,241,1,7,La entrega podría ser más rápida,2024-11-19 12:30:14
13000001364,20241119,871,1,8,La entrega podría ser más rápida,2024-11-19 15:45:57
13000001365,20241119,373,1,6,Llegó con la caja dañada,2024-11-19 16:12:39
13000001366,20241119,442,2,10,Muy conforme con la calidad,2024-11-19 19:10:09
13000001367,20241119,1646,1,10,,2024-11-19 22:23:20
13000001368,20241120,785,1,9,,2024-11-20 03:01:47
13000001369,20241120,1286,1,8,,2024-11-20 05:04:53
13000001370,20241120,696,1,10,Entrega rápida y producto excelente,2024-11-20 10:20:56
13000001371,20241120,1949,1,7,La entrega podría ser más rápida,2024-11-20 12:28:30
13000001372,20241120,65,1,9,,2024-11-20 12:30:24
13000001373,20241120,1932,1,9,Muy conforme con la calidad,2024-11-20 15:19:45
13000001374,20241120,404,1,8,"Correcto, sin sorpresas",2024-11-20 17:43:21
13000001375,20241120,1121,1,7,La entrega podría ser más rápida,2024-11-20 20:10:03
13000001376,20241121,1182,1,8,"Buen producto, un poco caro",2024-11-21 02:55:05
13000001377,20241121,118,1,10,Entrega rápida y producto excelente,2024-11-21 06:19:56
13000001378,20241121,53,1,9,Volvería a comprar,2024-11-21 10:58:14
13000001379,20241121,1600,1,9,Muy conforme con la calidad,2024-11-21 12:28:41
13000001380,20241121,1592,1,10,"Excelente botella, mantiene la temperatura",2024-11-21 12:32:19
13000001381,20241121,1024,1,9,Entrega rápida y producto excelente,2024-11-21 13:37:21
13000001382,20241121,299,1,10,Entrega rápida y producto excelente,2024-11-21 14:36:44
13000001383,20241121,461,1,5,Llegó con la caja dañada,2024-11-21 14:40:03
13000001384,20241121,1351,1,5,Tardó mucho más de lo esperado,2024-11-21 16:11:25
13000001385,20241121,1940,1,9,Entrega rápida y producto excelente,2024-11-21 17:06:05
13000001386,20241121,984,1,10,Entrega rápida y producto excelente,2024-11-21 20:51:36
13000001387,20241121,1254,1,10,Entrega rápida y producto excelente,2024-11-21 21:10:21
13000001388,20241121,405,1,8,,2024-11-21 22:50:03
13000001389,20241122,1956,1,7,,2024-11-22 00:13:05
13000001390,20241122,339,1,9,Entrega rápida y producto excelente,2024-11-22 02:14:35
13000001391,20241122,1313,1,9,Entrega rápida y producto excelente,2024-11-22 10:28:34
13000001392,20241122,176,1,10,,2024-11-22 11:02:29
13000001393,20241122,1955,1,9,,2024-11-22 21:48:49
13000001394,20241122,1151,2,8,Podría mejorar el empaque,2024-11-22 22:08:35
13000001395,20241123,172,1,7,,2024-11-23 02:24:28
13000001396,20241123,1967,1,8,,2024-11-23 03:58:16
13000001397,20241123,1936,1,10,,2024-11-23 05:43:18
13000001398,20241123,1432,1,7,Me gustaría más variedad de colores,2024-11-23 08:45:53
13000001399,20241123,1941,1,7,La entrega podría ser más rápida,2024-11-23 13:07:55
13000001400,20241123,793,2,5,,2024-11-23 14:03:49
13000001401,20241124,1704,2,9,Todo perfecto,2024-11-24 12:13:36
13000001402,20241124,535,2,8,,2024-11-24 14:48:34
13000001403,20241124,628,2,10,Todo perfecto,2024-11-24 20:15:43
13000001404,20241124,745,2,8,,2024-11-24 20:42:46
13000001405,20241125,1255,2,10,,2024-11-25 01:24:39
13000001406,20241125,1954,1,9,Entrega rápida y producto excelente,2024-11-25 10:17:46
13000001407,20241125,1275,1,6,,2024-11-25 11:49:55
13000001408,20241125,456,1,10,Entrega rápida y producto excelente,2024-11-25 20:27:34
13000001409,20241126,715,1,10,,2024-11-26 00:25:51
13000001410,20241126,1345,1,9,,2024-11-26 00:31:43
13000001411,20241126,1966,1,9,,2024-11-26 00:58:40
13000001412,20241126,1830,1,10,,2024-11-26 03:58:44
13000001413,20241126,595,1,9,"Excelente botella, mantiene la temperatura",2024-11-26 14:02:12
13000001415,20241126,713,1,8,,2024-11-26 20:59:18
13000001416,20241127,639,1,10,Muy conforme con la calidad,2024-11-27 10:22:20
13000001417,20241127,1964,1,9,,2024-11-27 14:19:12
13000001418,20241127,1626,1,5,,2024-11-27 15:11:39
13000001419,20241127,1441,2,6,No cumplió mis expectativas,2024-11-27 20:39:54
13000001420,20241128,1043,1,7,,2024-11-28 08:00:13
13000001421,20241128,1906,1,10,Entrega rápida y producto excelente,2024-11-28 10:36:27
13000001422,20241128,1257,1,9,Entrega rápida y producto excelente,2024-11-28 11:34:09
13000001423,20241128,1610,1,8,La entrega podría ser más rápida,2024-11-28 14:00:34
13000001424,20241128,1361,1,4,Llegó con la caja dañada,2024-11-28 14:04:37
13000001425,20241128,1959,1,7,,2024-11-28 14:27:33
13000001426,20241128,579,1,8,,2024-11-28 15:16:45
13000001427,20241128,350,2,9,Muy buena atención en la tienda,2024-11-28 15:52:59
13000001428,20241128,1855,1,8,,2024-11-28 16:16:11
13000001429,20241128,1486,1,10,"Excelente botella, mantiene la temperatura",2024-11-28 18:44:34
13000001430,20241129,472,2,9,"Excelente botella, mantiene la temperatura",2024-11-29 06:00:45
13000001431,20241129,1589,2,10,"Excelente botella, mantiene la temperatura",2024-11-29 10:49:52
13000001432,20241129,705,1,5,El envío demoró y nadie me avisó,2024-11-29 11:43:49
13000001433,20241129,1975,1,8,La entrega podría ser más rápida,2024-11-29 13:02:44
13000001434,20241129,1878,1,10,,2024-11-29 15:54:13
13000001435,20241129,1994,1,9,,2024-11-29 18:11:27
13000001436,20241129,2026,2,7,,2024-11-29 18:24:03
13000001437,20241129,897,2,9,"Excelente botella, mantiene la temperatura",2024-11-29 19:00:48
13000001438,20241130,2025,2,10,,2024-11-30 01:07:03
13000001439,20241130,270,1,9,Entrega rápida y producto excelente,2024-11-30 10:08:28
13000001440,20241130,488,1,7,,2024-11-30 10:51:54
13000001441,20241130,1015,2,10,Muy buena atención en la tienda,2024-11-30 16:38:17
13000001442,20241201,1839,2,10,,2024-12-01 10:25:04
13000001443,20241202,665,2,10,Muy buena atención en la tienda,2024-12-02 01:14:19
13000001444,20241202,1784,1,10,,2024-12-02 10:51:33
13000001445,20241202,1913,1,1,Tardó mucho más de lo esperado,2024-12-02 11:48:26
13000001446,20241202,644,1,10,Entrega rápida y producto excelente,2024-12-02 12:47:19
13000001447,20241202,1204,1,7,,2024-12-02 13:34:56
13000001449,20241202,1989,1,10,,2024-12-02 14:00:11
13000001450,20241202,104,1,6,La tapa pierde líquido,2024-12-02 20:12:36
13000001451,20241202,1997,1,9,Volvería a comprar,2024-12-02 20:37:28
13000001452,20241203,2002,2,10,,2024-12-03 11:59:31
13000001453,20241203,1655,2,7,,2024-12-03 15:16:11
13000001454,20241203,1569,2,10,,2024-12-03 16:31:35
13000001455,20241203,1489,2,7,"Buen producto, un poco caro",2024-12-03 17:53:13
13000001456,20241203,1995,1,7,La entrega podría ser más rápida,2024-12-03 22:42:11
13000001457,20241204,1070,1,10,,2024-12-04 06:38:58
13000001458,20241204,791,1,8,"Correcto, sin sorpresas",2024-12-04 11:09:03
13000001459,20241204,455,2,7,,2024-12-04 12:28:28
13000001460,20241204,1973,1,7,,2024-12-04 16:53:52
13000001461,20241205,1998,1,7,,2024-12-05 01:43:46
13000001462,20241205,526,1,8,,2024-12-05 11:00:46
13000001463,20241205,1187,1,10,Volvería a comprar,2024-12-05 11:47:54
13000001464,20241205,2067,2,7,Me gustaría más variedad de colores,2024-12-05 12:45:52
13000001465,20241205,1086,2,9,Muy buena atención en la tienda,2024-12-05 13:22:59
13000001466,20241205,432,1,9,Volvería a comprar,2024-12-05 19:03:12
13000001468,20241206,2011,1,8,Me gustaría más variedad de colores,2024-12-06 03:50:35
13000001469,20241206,1493,2,8,,2024-12-06 05:32:15
13000001470,20241206,1267,1,7,,2024-12-06 11:13:04
13000001471,20241206,1465,1,8,,2024-12-06 11:23:57
13000001472,20241206,1377,2,8,Me gustaría más variedad de colores,2024-12-06 13:11:52
13000001473,20241206,1512,1,7,"Buen producto, un poco caro",2024-12-06 13:42:46
13000001474,20241206,566,1,10,Entrega rápida y producto excelente,2024-12-06 16:19:12
13000001475,20241206,1692,2,7,Me gustaría más variedad de colores,2024-12-06 16:49:11
13000001476,20241206,1729,1,10,Entrega rápida y producto excelente,2024-12-06 21:11:30
13000001478,20241208,2005,1,9,,2024-12-08 00:02:05
13000001479,20241208,882,2,10,,2024-12-08 12:03:40
13000001480,20241208,380,2,6,No cumplió mis expectativas,2024-12-08 12:07:49
13000001481,20241208,1382,2,9,"Excelente botella, mantiene la temperatura",2024-12-08 16:35:42
13000001482,20241208,1820,2,9,,2024-12-08 19:16:15
13000001483,20241209,2073,2,6,Tuve que esperar mucho en la caja,2024-12-09 00:37:09
13000001484,20241209,2006,1,3,Tardó mucho más de lo esperado,2024-12-09 13:50:48
13000001485,20241209,1159,1,10,"Excelente botella, mantiene la temperatura",2024-12-09 15:05:09
13000001486,20241209,1557,1,7,Me gustaría más variedad de colores,2024-12-09 19:57:05
13000001488,20241210,84,1,7,"Buen producto, un poco caro",2024-12-10 06:09:30
13000001492,20241210,1834,1,10,,2024-12-10 20:33:52
13000001493,20241210,2018,1,6,La tapa pierde líquido,2024-12-10 22:10:39
13000001494,20241210,1674,1,9,Muy conforme con la calidad,2024-12-10 23:46:34
13000001495,20241211,328,1,8,,2024-12-11 00:47:53
13000001496,20241211,2021,1,7,,2024-12-11 10:00:14
13000001497,20241211,1538,1,10,,2024-12-11 11:11:45
13000001498,20241211,1703,1,9,Volvería a comprar,2024-12-11 12:43:13
13000001499,20241211,2022,1,8,,2024-12-11 12:44:31
13000001500,20241211,2046,1,7,La entrega podría ser más rápida,2024-12-11 14:29:23
13000001501,20241211,1865,1,7,,2024-12-11 23:37:30
13000001502,20241212,740,1,9,Volvería a comprar,2024-12-12 01:30:45
13000001503,20241212,20,1,8,,2024-12-12 05:41:14
13000001504,20241212,2049,1,10,Volvería a comprar,2024-12-12 08:21:49
13000001505,20241212,502,1,9,Volvería a comprar,2024-12-12 10:33:32
13000001506,20241212,1328,1,4,Llegó con la caja dañada,2024-12-12 12:36:13
13000001507,20241212,1291,2,10,Muy buena atención en la tienda,2024-12-12 17:20:03
13000001508,20241212,2050,1,8,Podría mejorar el empaque,2024-12-12 17:27:27
13000001509,20241212,1157,2,8,"Buen producto, un poco caro",2024-12-12 17:51:03
13000001510,20241212,1088,1,10,,2024-12-12 18:16:03
13000001511,20241212,1114,1,6,,2024-12-12 19:50:15
13000001512,20241213,1122,2,10,,2024-12-13 03:39:38
13000001513,20241213,2106,2,10,,2024-12-13 10:29:35
13000001514,20241213,647,2,9,,2024-12-13 10:45:32
13000001515,20241213,1443,2,8,,2024-12-13 12:35:17
13000001516,20241213,182,1,8,,2024-12-13 13:38:51
13000001517,20241213,602,1,8,Me gustaría más variedad de colores,2024-12-13 17:17:06
13000001518,20241213,1430,2,9,Muy buena atención en la tienda,2024-12-13 20:32:46
13000001519,20241213,1931,1,9,,2024-12-13 21:46:03
13000001520,20241214,1668,1,10,Entrega rápida y producto excelente,2024-12-14 00:34:47
13000001521,20241214,2036,1,8,,2024-12-14 05:40:56
13000001522,20241214,1863,2,8,,2024-12-14 10:23:47
13000001523,20241214,1758,2,10,,2024-12-14 11:51:55
13000001524,20241214,1946,1,9,Muy conforme con la calidad,2024-12-14 14:20:01
13000001525,20241214,859,2,10,Muy buena atención en la tienda,2024-12-14 14:53:09
13000001526,20241214,2124,2,7,"Correcto, sin sorpresas",2024-12-14 17:26:06
13000001527,20241214,1089,2,8,,2024-12-14 19:32:31
13000001528,20241215,880,2,9,,2024-12-15 10:18:15
13000001529,20241215,388,2,9,Muy buena atención en la tienda,2024-12-15 16:25:26
13000001530,20241215,640,2,10,"Excelente botella, mantiene la temperatura",2024-12-15 17:25:51
13000001531,20241216,251,2,9,Muy conforme con la calidad,2024-12-16 02:16:39
13000001532,20241216,2068,1,9,,2024-12-16 14:27:45
13000001533,20241216,1852,1,8,Me gustaría más variedad de colores,2024-12-16 15:59:53
13000001535,20241217,490,1,10,Entrega rápida y producto excelente,2024-12-17 10:37:47
13000001536,20241217,758,2,10,Muy buena atención en la tienda,2024-12-17 13:48:35
13000001537,20241217,1919,1,9,"Excelente botella, mantiene la temperatura",2024-12-17 14:02:31
13000001538,20241217,1782,2,8,"Buen producto, un poco caro",2024-12-17 14:57:45
13000001539,20241217,423,1,10,Muy conforme con la calidad,2024-12-17 23:01:28
13000001541,20241218,1725,1,6,,2024-12-18 00:19:02
13000001543,20241218,267,2,10,,2024-12-18 02:21:11
13000001544,20241218,1324,2,10,,2024-12-18 10:40:56
13000001545,20241218,849,1,10,Muy conforme con la calidad,2024-12-18 11:09:45
13000001546,20241218,2076,1,4,Tuve que devolverlo,2024-12-18 11:10:28
13000001547,20241218,1625,1,6,La tapa pierde líquido,2024-12-18 11:52:48
13000001548,20241218,2077,1,6,,2024-12-18 15:54:12
13000001549,20241218,382,1,7,Podría mejorar el empaque,2024-12-18 16:04:24
13000001550,20241218,515,2,10,Todo perfecto,2024-12-18 17:53:23
13000001551,20241219,841,2,10,Muy buena atención en la tienda,2024-12-19 01:47:08
13000001552,20241219,805,2,9,Muy buena atención en la tienda,2024-12-19 09:07:44
13000001553,20241219,614,2,9,"Excelente botella, mantiene la temperatura",2024-12-19 09:48:18
13000001554,20241219,1983,2,9,,2024-12-19 10:46:39
13000001555,20241219,723,2,8,,2024-12-19 13:39:16
13000001556,20241219,1714,2,10,,2024-12-19 13:53:48
13000001557,20241219,1787,1,10,,2024-12-19 14:14:10
13000001558,20241219,441,2,8,,2024-12-19 14:24:38
13000001559,20241219,434,2,10,"Excelente botella, mantiene la temperatura",2024-12-19 15:31:58
13000001560,20241219,2081,1,4,Llegó con la caja dañada,2024-12-19 18:30:18
13000001561,20241219,1683,2,8,"Correcto, sin sorpresas",2024-12-19 20:08:52
13000001562,20241219,448,2,8,Me gustaría más variedad de colores,2024-12-19 21:11:47
13000001563,20241219,1633,1,9,Entrega rápida y producto excelente,2024-12-19 23:28:22
13000001564,20241220,455,2,9,"Excelente botella, mantiene la temperatura",2024-12-20 01:46:26
13000001565,20241220,1041,2,4,No cumplió mis expectativas,2024-12-20 03:39:19
13000001566,20241220,1541,1,9,Entrega rápida y producto excelente,2024-12-20 08:17:53
13000001567,20241220,934,1,8,"Correcto, sin sorpresas",2024-12-20 11:19:51
13000001568,20241220,1622,1,7,La entrega podría ser más rápida,2024-12-20 13:08:42
13000001569,20241220,2083,1,5,,2024-12-20 16:03:02
13000001570,20241221,871,2,8,"Correcto, sin sorpresas",2024-12-21 00:32:04
13000001571,20241221,2082,1,8,La entrega podría ser más rápida,2024-12-21 00:44:45
13000001572,20241221,613,1,7,La entrega podría ser más rápida,2024-12-21 03:06:55
13000001573,20241221,2174,2,6,,2024-12-21 18:45:04
13000001574,20241221,1403,2,9,"Excelente botella, mantiene la temperatura",2024-12-21 18:58:55
13000001575,20241221,1737,2,10,"Excelente botella, mantiene la temperatura",2024-12-21 19:55:20
13000001576,20241221,641,2,10,Volvería a comprar,2024-12-21 20:48:33
13000001577,20241222,1272,2,8,Me gustaría más variedad de colores,2024-12-22 01:22:25
13000001578,20241222,1261,2,7,"Buen producto, un poco caro",2024-12-22 03:00:21
13000001580,20241222,2123,2,8,Podría mejorar el empaque,2024-12-22 17:05:39
13000001581,20241222,1204,2,10,"Excelente botella, mantiene la temperatura",2024-12-22 22:33:39
13000001582,20241223,1543,1,10,Entrega rápida y producto excelente,2024-12-23 11:40:03
13000001583,20241223,870,1,9,,2024-12-23 12:29:25
13000001584,20241223,2093,1,8,La entrega podría ser más rápida,2024-12-23 14:01:32
13000001586,20241223,788,1,7,,2024-12-23 19:16:19
13000001587,20241224,705,1,9,Entrega rápida y producto excelente,2024-12-24 06:19:17
13000001588,20241224,1189,1,7,La entrega podría ser más rápida,2024-12-24 08:16:35
13000001590,20241224,409,1,8,,2024-12-24 11:38:01
13000001591,20241224,2085,1,6,Tardó mucho más de lo esperado,2024-12-24 12:18:29
13000001592,20241224,656,2,7,,2024-12-24 12:56:36
13000001593,20241224,1477,2,9,Muy conforme con la calidad,2024-12-24 13:36:10
13000001595,20241224,946,1,9,Muy conforme con la calidad,2024-12-24 15:50:10
13000001596,20241224,1448,1,8,La entrega podría ser más rápida,2024-12-24 17:21:34
13000001598,20241225,1469,1,5,Llegó con la caja dañada,2024-12-25 04:10:31
13000001599,20241225,300,1,7,La entrega podría ser más rápida,2024-12-25 06:51:59
13000001600,20241225,2105,1,9,,2024-12-25 07:53:34
13000001601,20241225,2138,1,6,La tapa pierde líquido,2024-12-25 11:31:33
13000001602,20241225,2116,1,5,Llegó con la caja dañada,2024-12-25 16:38:57
13000001603,20241225,2103,1,10,Muy conforme con la calidad,2024-12-25 16:48:16
13000001604,20241225,2094,1,9,Entrega rápida y producto excelente,2024-12-25 20:40:45
13000001605,20241225,1415,1,8,La entrega podría ser más rápida,2024-12-25 20:54:12
13000001606,20241225,1509,1,8,La entrega podría ser más rápida,2024-12-25 23:32:52
13000001607,20241225,666,1,6,,2024-12-25 23:53:31
13000001608,20241226,143,2,7,,2024-12-26 02:04:17
13000001609,20241226,2110,1,8,,2024-12-26 10:18:31
13000001610,20241226,1057,1,9,Todo perfecto,2024-12-26 12:13:30
13000001611,20241226,785,1,9,,2024-12-26 13:36:39
13000001612,20241226,2028,1,8,,2024-12-26 20:41:23
13000001613,20241226,1907,1,8,,2024-12-26 20:47:47
13000001614,20241226,1762,1,9,Volvería a comprar,2024-12-26 23:57:59
13000001615,20241227,2012,1,7,La entrega podría ser más rápida,2024-12-27 00:53:17
13000001616,20241227,1780,1,10,"Excelente botella, mantiene la temperatura",2024-12-27 01:43:39
13000001617,20241227,1534,1,10,,2024-12-27 08:40:14
13000001618,20241227,2117,1,7,"Correcto, sin sorpresas",2024-12-27 10:12:31
13000001619,20241227,1119,2,10,,2024-12-27 10:25:19
13000001620,20241227,1422,1,9,,2024-12-27 11:53:45
13000001621,20241227,1667,1,8,Me gustaría más variedad de colores,2024-12-27 12:22:32
13000001622,20241227,1306,1,7,La entrega podría ser más rápida,2024-12-27 13:52:19
13000001623,20241227,932,1,8,Podría mejorar el empaque,2024-12-27 15:32:26
13000001624,20241227,1233,1,10,Entrega rápida y producto excelente,2024-12-27 17:03:53
13000001625,20241227,942,1,8,"Buen producto, un poco caro",2024-12-27 19:35:46
13000001626,20241227,2148,1,9,Muy conforme con la calidad,2024-12-27 20:40:44
13000001627,20241228,2113,1,8,La entrega podría ser más rápida,2024-12-28 05:40:24
13000001628,20241228,1046,1,4,El envío demoró y nadie me avisó,2024-12-28 06:21:36
13000001629,20241228,268,1,7,"Buen producto, un poco caro",2024-12-28 07:32:31
13000001630,20241228,1258,1,9,,2024-12-28 14:18:08
13000001631,20241228,571,2,10,"Excelente botella, mantiene la temperatura",2024-12-28 16:12:50
13000001632,20241229,1121,2,10,Muy buena atención en la tienda,2024-12-29 12:57:51
13000001633,20241229,1775,2,9,,2024-12-29 13:07:21
13000001634,20241229,395,2,7,"Buen producto, un poco caro",2024-12-29 14:53:03
13000001635,20241229,2228,2,6,Tuve que esperar mucho en la caja,2024-12-29 15:13:10
13000001636,20241230,1432,1,7,,2024-12-30 10:11:14
13000001637,20241230,629,1,6,No cumplió mis expectativas,2024-12-30 10:19:11
13000001638,20241230,2137,1,9,,2024-12-30 10:19:12
13000001639,20241230,996,1,9,,2024-12-30 10:57:52
13000001640,20241230,457,1,5,,2024-12-30 12:25:20
13000001641,20241230,1053,1,10,Todo perfecto,2024-12-30 12:39:31
13000001642,20241230,1424,1,5,,2024-12-30 13:17:36
13000001643,20241230,1992,1,8,La entrega podría ser más rápida,2024-12-30 13:17:51
13000001644,20241230,1842,1,2,,2024-12-30 14:13:57
13000001645,20241230,2154,1,5,Llegó con la caja dañada,2024-12-30 14:15:55
13000001646,20241230,354,1,7,,2024-12-30 15:22:08
13000001647,20241230,1750,1,9,Muy conforme con la calidad,2024-12-30 18:15:05
13000001648,20241230,2060,1,10,Entrega rápida y producto excelente,2024-12-30 20:43:03
13000001649,20241231,1813,1,7,,2024-12-31 01:33:51
13000001650,20241231,2141,1,4,No cumplió mis expectativas,2024-12-31 02:00:21
13000001651,20241231,2088,2,9,,2024-12-31 10:02:18
13000001652,20241231,1452,1,3,,2024-12-31 12:56:12
13000001653,20241231,1679,1,8,Me gustaría más variedad de colores,2024-12-31 16:45:28
13000001654,20241231,80,2,8,Me gustaría más variedad de colores,2024-12-31 17:47:32
13000001655,20241231,1019,1,4,La tapa pierde líquido,2024-12-31 18:24:10
13000001656,20241231,1371,1,8,"Correcto, sin sorpresas",2024-12-31 20:37:47
13000001657,20241231,1479,1,10,Todo perfecto,2024-12-31 21:31:25
13000001659,20250101,331,1,7,Me gustaría más variedad de colores,2025-01-01 07:08:02
13000001660,20250101,2240,2,8,,2025-01-01 14:04:45
13000001661,20250102,533,1,2,La tapa pierde líquido,2025-01-02 10:26:29
13000001662,20250102,844,1,10,,2025-01-02 11:48:56
13000001663,20250102,1970,1,8,,2025-01-02 12:50:29
13000001664,20250102,1598,1,9,Entrega rápida y producto excelente,2025-01-02 16:49:26
13000001665,20250103,1748,1,6,El envío demoró y nadie me avisó,2025-01-03 05:19:24
13000001666,20250103,333,1,5,No cumplió mis expectativas,2025-01-03 06:05:43
13000001667,20250103,1389,1,9,,2025-01-03 10:21:06
13000001668,20250103,104,1,7,La entrega podría ser más rápida,2025-01-03 10:38:46
13000001669,20250103,1883,2,6,La tapa pierde líquido,2025-01-03 12:27:03
13000001670,20250103,2183,1,7,,2025-01-03 13:22:52
13000001671,20250103,357,1,9,,2025-01-03 13:48:58
13000001672,20250103,2249,2,10,,2025-01-03 13:55:13
13000001673,20250103,1302,1,7,La entrega podría ser más rápida,2025-01-03 15:30:13
13000001674,20250103,1012,1,9,Muy conforme con la calidad,2025-01-03 15:53:42
13000001675,20250103,1860,2,10,Todo perfecto,2025-01-03 15:53:50
13000001676,20250103,1329,1,7,"Buen producto, un poco caro",2025-01-03 16:00:50
13000001677,20250103,2165,1,5,Llegó con la caja dañada,2025-01-03 17:20:53
13000001678,20250103,1472,2,10,Volvería a comprar,2025-01-03 19:41:58
13000001679,20250103,1701,2,6,Poco stock en la tienda,2025-01-03 20:31:29
13000001680,20250103,330,1,10,,2025-01-03 23:39:05
13000001681,20250104,460,1,8,,2025-01-04 03:31:25
13000001683,20250104,2185,1,9,,2025-01-04 16:49:19
13000001684,20250105,1414,2,10,Muy buena atención en la tienda,2025-01-05 02:37:57
13000001685,20250105,1165,2,8,,2025-01-05 12:18:51
13000001686,20250105,2261,2,8,Me gustaría más variedad de colores,2025-01-05 15:17:10
13000001687,20250106,115,1,6,La tapa pierde líquido,2025-01-06 10:04:23
13000001688,20250106,764,1,10,Muy conforme con la calidad,2025-01-06 10:50:39
13000001689,20250106,909,1,4,No cumplió mis expectativas,2025-01-06 12:06:13
13000001690,20250106,496,1,9,Entrega rápida y producto excelente,2025-01-06 12:38:11
13000001691,20250106,2175,1,3,,2025-01-06 16:38:55
13000001692,20250106,2182,1,6,El envío demoró y nadie me avisó,2025-01-06 18:55:34
13000001693,20250107,2205,1,10,,2025-01-07 04:41:01
13000001694,20250107,1838,2,9,Todo perfecto,2025-01-07 10:12:54
13000001695,20250107,2049,1,4,Tardó mucho más de lo esperado,2025-01-07 11:05:33
13000001696,20250107,2229,1,10,Entrega rápida y producto excelente,2025-01-07 11:25:16
13000001697,20250107,715,1,7,,2025-01-07 11:49:39
13000001698,20250107,457,1,10,Entrega rápida y producto excelente,2025-01-07 11:59:05
13000001699,20250107,2206,1,10,,2025-01-07 12:05:10
13000001700,20250107,152,1,10,Entrega rápida y producto excelente,2025-01-07 12:37:21
13000001701,20250107,1570,1,10,Entrega rápida y producto excelente,2025-01-07 13:30:01
13000001702,20250107,2190,1,6,El envío demoró y nadie me avisó,2025-01-07 13:39:46
13000001703,20250107,2202,1,7,,2025-01-07 15:54:07
13000001705,20250107,11,1,9,Entrega rápida y producto excelente,2025-01-07 19:16:08
13000001706,20250108,2210,1,10,Entrega rápida y producto excelente,2025-01-08 00:40:28
13000001707,20250108,789,1,2,Tardó mucho más de lo esperado,2025-01-08 00:42:42
13000001708,20250108,1318,2,6,No cumplió mis expectativas,2025-01-08 06:01:39
13000001709,20250108,521,1,4,Tardó mucho más de lo esperado,2025-01-08 09:27:30
13000001710,20250108,2230,1,8,,2025-01-08 13:33:03
13000001711,20250108,1277,2,7,"Correcto, sin sorpresas",2025-01-08 15:29:17
13000001712,20250108,1944,1,10,Entrega rápida y producto excelente,2025-01-08 16:46:27
13000001713,20250109,547,1,10,Entrega rápida y producto excelente,2025-01-09 10:01:27
13000001714,20250109,1607,1,3,No cumplió mis expectativas,2025-01-09 10:30:17
13000001715,20250109,2227,1,5,Llegó con la caja dañada,2025-01-09 13:55:48
13000001716,20250109,1624,1,7,La entrega podría ser más rápida,2025-01-09 14:47:39
13000001717,20250109,2189,1,7,Me gustaría más variedad de colores,2025-01-09 15:40:53
13000001718,20250109,2218,1,8,Me gustaría más variedad de colores,2025-01-09 16:03:42
13000001719,20250109,1379,1,4,La tapa pierde líquido,2025-01-09 16:07:27
13000001720,20250109,1330,1,3,La tapa pierde líquido,2025-01-09 18:37:17
13000001721,20250109,1921,1,7,,2025-01-09 18:45:12
13000001722,20250109,1172,1,8,,2025-01-09 18:45:50
13000001723,20250109,1870,1,9,Entrega rápida y producto excelente,2025-01-09 20:00:39
13000001724,20250109,653,1,9,,2025-01-09 20:11:58
13000001725,20250109,1497,2,9,,2025-01-09 22:48:01
13000001726,20250109,1294,1,7,Me gustaría más variedad de colores,2025-01-09 23:34:49
13000001727,20250110,1637,1,6,No cumplió mis expectativas,2025-01-10 01:12:23
13000001728,20250110,1385,2,10,Muy buena atención en la tienda,2025-01-10 10:15:58
13000001729,20250110,258,2,8,Me gustaría más variedad de colores,2025-01-10 12:27:24
13000001730,20250110,2221,1,10,,2025-01-10 13:14:35
13000001731,20250110,1636,1,5,No cumplió mis expectativas,2025-01-10 14:08:55
13000001732,20250110,2242,1,9,,2025-01-10 19:32:47
13000001733,20250110,2216,1,9,,2025-01-10 21:44:02
13000001734,20250110,125,1,10,Entrega rápida y producto excelente,2025-01-10 23:11:19
13000001735,20250111,544,2,8,,2025-01-11 16:26:27
13000001736,20250112,1836,2,9,,2025-01-12 12:48:11
13000001737,20250112,1607,2,8,,2025-01-12 12:57:48
13000001738,20250112,2215,2,7,,2025-01-12 15:44:52
13000001739,20250113,2254,1,10,,2025-01-13 10:32:02
13000001740,20250113,1955,1,7,"Correcto, sin sorpresas",2025-01-13 15:59:47
13000001741,20250113,998,1,7,La entrega podría ser más rápida,2025-01-13 16:53:10
13000001742,20250113,1654,1,5,Tardó mucho más de lo esperado,2025-01-13 20:21:49
13000001743,20250114,1135,1,10,,2025-01-14 03:35:16
13000001744,20250114,351,1,10,Entrega rápida y producto excelente,2025-01-14 12:38:45
13000001745,20250114,1118,1,6,La tapa pierde líquido,2025-01-14 12:47:39
13000001746,20250114,2060,1,9,Entrega rápida y producto excelente,2025-01-14 13:41:06
13000001747,20250114,1175,1,7,La entrega podría ser más rápida,2025-01-14 14:51:58
13000001748,20250114,1404,1,9,Entrega rápida y producto excelente,2025-01-14 15:22:19
13000001749,20250114,567,1,8,,2025-01-14 19:26:14
13000001750,20250114,1145,1,7,La entrega podría ser más rápida,2025-01-14 19:57:15
13000001751,20250114,1905,1,6,Llegó con la caja dañada,2025-01-14 22:34:18
13000001752,20250114,1286,1,10,Todo perfecto,2025-01-14 23:14:32
13000001753,20250115,2278,1,8,La entrega podría ser más rápida,2025-01-15 10:28:37
13000001754,20250115,2270,1,10,"Excelente botella, mantiene la temperatura",2025-01-15 10:44:45
13000001755,20250115,751,1,9,Muy conforme con la calidad,2025-01-15 10:52:27
13000001756,20250115,1669,2,8,,2025-01-15 10:59:27
13000001757,20250115,1437,1,10,Entrega rápida y producto excelente,2025-01-15 12:07:39
13000001758,20250115,1400,1,9,,2025-01-15 12:50:54
13000001759,20250115,1142,1,8,La entrega podría ser más rápida,2025-01-15 15:28:38
13000001760,20250115,1257,1,7,Me gustaría más variedad de colores,2025-01-15 17:15:51
13000001761,20250115,1569,2,10,Volvería a comprar,2025-01-15 18:27:22
13000001762,20250115,1104,2,9,Muy buena atención en la tienda,2025-01-15 19:50:09
13000001763,20250115,1449,1,9,Entrega rápida y producto excelente,2025-01-15 21:26:31
13000001764,20250115,1802,1,5,,2025-01-15 23:10:25
13000001765,20250116,2267,1,10,Entrega rápida y producto excelente,2025-01-16 02:58:17
13000001766,20250116,513,1,7,,2025-01-16 11:07:29
13000001768,20250116,2265,1,9,Entrega rápida y producto excelente,2025-01-16 12:10:26
13000001769,20250116,1465,1,9,,2025-01-16 12:33:52
13000001770,20250116,639,1,6,Llegó con la caja dañada,2025-01-16 13:41:47
13000001771,20250116,58,1,8,,2025-01-16 14:24:54
13000001772,20250116,2187,1,7,,2025-01-16 16:00:08
13000001773,20250116,2311,2,10,,2025-01-16 20:22:47
13000001774,20250117,1365,1,7,"Buen producto, un poco caro",2025-01-17 12:35:03
13000001775,20250117,1295,2,10,"Excelente botella, mantiene la temperatura",2025-01-17 13:03:17
13000001776,20250117,344,1,10,"Excelente botella, mantiene la temperatura",2025-01-17 14:48:33
13000001777,20250117,2,1,8,"Correcto, sin sorpresas",2025-01-17 15:02:42
13000001779,20250118,2283,1,8,La entrega podría ser más rápida,2025-01-18 04:39:22
13000001780,20250118,2099,2,10,,2025-01-18 11:30:04
13000001781,20250119,246,2,9,,2025-01-19 06:42:47
13000001782,20250119,143,2,7,,2025-01-19 13:34:28
13000001783,20250119,2332,2,8,"Correcto, sin sorpresas",2025-01-19 18:55:58
13000001784,20250120,2274,1,7,,2025-01-20 13:06:53
13000001785,20250120,1510,1,7,"Buen producto, un poco caro",2025-01-20 14:12:15
13000001786,20250121,618,1,10,Entrega rápida y producto excelente,2025-01-21 12:10:37
13000001787,20250121,1955,1,8,La entrega podría ser más rápida,2025-01-21 13:44:29
13000001788,20250121,2100,2,9,Muy buena atención en la tienda,2025-01-21 16:00:56
13000001789,20250121,1153,2,6,Poco stock en la tienda,2025-01-21 16:40:16
13000001790,20250121,2281,1,9,Entrega rápida y producto excelente,2025-01-21 20:09:12
13000001791,20250121,1971,1,9,,2025-01-21 22:40:41
13000001792,20250122,867,2,7,,2025-01-22 00:41:34
13000001794,20250122,2280,1,8,,2025-01-22 05:07:56
13000001795,20250122,1676,2,9,"Excelente botella, mantiene la temperatura",2025-01-22 10:35:45
13000001796,20250122,2285,1,6,,2025-01-22 10:56:20
13000001797,20250122,1350,1,10,Entrega rápida y producto excelente,2025-01-22 13:51:07
13000001798,20250122,2295,1,8,Me gustaría más variedad de colores,2025-01-22 16:39:06
13000001799,20250122,2300,1,10,,2025-01-22 17:31:26
13000001800,20250123,2288,1,10,Entrega rápida y producto excelente,2025-01-23 02:10:37
13000001801,20250123,517,1,7,,2025-01-23 08:49:40
13000001802,20250123,1155,2,8,Me gustaría más variedad de colores,2025-01-23 10:52:37
13000001803,20250123,1135,1,10,Entrega rápida y producto excelente,2025-01-23 12:44:51
13000001804,20250123,438,1,8,,2025-01-23 15:10:09
13000001805,20250123,480,1,7,,2025-01-23 16:22:30
13000001806,20250123,1847,1,9,,2025-01-23 18:28:32
13000001807,20250123,2356,2,6,Tuve que esperar mucho en la caja,2025-01-23 23:39:27
13000001809,20250124,2306,1,10,Todo perfecto,2025-01-24 04:27:45
13000001810,20250124,1354,2,9,Volvería a comprar,2025-01-24 04:53:13
13000001811,20250124,2305,1,8,,2025-01-24 11:40:01
13000001812,20250124,1600,1,9,Muy conforme con la calidad,2025-01-24 12:48:16
13000001813,20250124,1015,2,8,"Correcto, sin sorpresas",2025-01-24 13:28:22
13000001814,20250124,2358,2,7,,2025-01-24 21:39:47
13000001815,20250125,1851,1,5,Llegó con la caja dañada,2025-01-25 03:12:20
13000001816,20250125,545,1,9,"Excelente botella, mantiene la temperatura",2025-01-25 03:21:35
13000001817,20250125,969,1,9,Volvería a comprar,2025-01-25 06:01:26
13000001818,20250125,1584,2,10,Muy conforme con la calidad,2025-01-25 11:57:40
13000001819,20250125,2363,2,10,Muy conforme con la calidad,2025-01-25 14:56:36
13000001820,20250126,1671,2,10,Volvería a comprar,2025-01-26 08:06:09
13000001821,20250126,2249,2,8,Me gustaría más variedad de colores,2025-01-26 11:19:37
13000001822,20250126,542,2,10,Muy buena atención en la tienda,2025-01-26 13:44:00
13000001823,20250126,1024,2,7,,2025-01-26 15:58:08
13000001824,20250126,2367,2,10,Muy buena atención en la tienda,2025-01-26 16:14:42
13000001825,20250126,1896,2,10,Muy conforme con la calidad,2025-01-26 16:31:25
13000001826,20250127,1860,2,8,,2025-01-27 07:05:05
13000001827,20250127,60,1,10,"Excelente botella, mantiene la temperatura",2025-01-27 17:01:47
13000001829,20250128,2323,1,10,"Excelente botella, mantiene la temperatura",2025-01-28 03:00:20
13000001830,20250128,2226,1,10,,2025-01-28 12:48:46
13000001831,20250128,1906,2,10,"Excelente botella, mantiene la temperatura",2025-01-28 12:50:54
13000001832,20250128,2322,1,10,Volvería a comprar,2025-01-28 14:25:15
13000001833,20250128,705,1,10,"Excelente botella, mantiene la temperatura",2025-01-28 15:32:43
13000001834,20250128,203,2,10,,2025-01-28 16:08:51
13000001835,20250128,2093,1,8,,2025-01-28 17:13:12
13000001836,20250128,1523,1,7,Podría mejorar el empaque,2025-01-28 22:58:11
13000001837,20250129,2330,1,9,Todo perfecto,2025-01-29 10:54:06
13000001838,20250129,1674,1,10,Entrega rápida y producto excelente,2025-01-29 11:10:14
13000001839,20250129,567,1,7,La entrega podría ser más rápida,2025-01-29 12:50:58
13000001840,20250130,586,1,7,,2025-01-30 10:39:38
13000001841,20250130,113,1,9,Entrega rápida y producto excelente,2025-01-30 18:35:23
13000001842,20250130,2325,1,8,,2025-01-30 23:23:04
13000001843,20250131,2343,1,10,Volvería a comprar,2025-01-31 02:34:19
13000001844,20250131,2350,1,8,"Correcto, sin sorpresas",2025-01-31 12:46:00
13000001845,20250131,2384,2,10,Todo perfecto,2025-01-31 13:21:13
13000001846,20250131,662,2,10,,2025-01-31 18:06:42
13000001847,20250131,1333,2,5,La tapa pierde líquido,2025-01-31 19:23:06
13000001848,20250131,1497,2,9,,2025-01-31 22:31:52
13000001849,20250131,74,1,9,Entrega rápida y producto excelente,2025-01-31 23:53:36
13000001850,20250201,2342,1,10,"Excelente botella, mantiene la temperatura",2025-02-01 04:12:08
13000001851,20250201,2353,1,10,Entrega rápida y producto excelente,2025-02-01 04:34:37
13000001852,20250201,841,2,7,Podría mejorar el empaque,2025-02-01 11:20:28
13000001853,20250201,2337,1,10,Entrega rápida y producto excelente,2025-02-01 12:59:16
13000001854,20250201,987,2,8,,2025-02-01 17:02:26
13000001855,20250202,1846,2,10,"Excelente botella, mantiene la temperatura",2025-02-02 05:07:18
13000001856,20250202,1740,2,9,Volvería a comprar,2025-02-02 11:00:15
13000001857,20250202,1683,2,8,,2025-02-02 14:33:47
13000001858,20250202,1530,2,10,Muy buena atención en la tienda,2025-02-02 22:22:24
13000001859,20250203,2025,2,7,,2025-02-03 10:13:53
13000001860,20250203,1078,2,9,,2025-02-03 16:21:44
13000001861,20250204,706,1,9,,2025-02-04 14:16:11
13000001863,20250204,1007,2,9,Muy buena atención en la tienda,2025-02-04 18:44:50
13000001864,20250205,648,1,9,Todo perfecto,2025-02-05 10:16:55
13000001865,20250205,1787,2,9,Muy buena atención en la tienda,2025-02-05 10:22:24
13000001866,20250205,1475,1,9,,2025-02-05 10:28:19
13000001867,20250205,572,1,9,"Excelente botella, mantiene la temperatura",2025-02-05 13:07:55
13000001868,20250205,617,1,8,,2025-02-05 16:42:39
13000001869,20250205,1182,1,6,Llegó con la caja dañada,2025-02-05 17:07:01
13000001870,20250205,2058,1,8,"Buen producto, un poco caro",2025-02-05 18:31:02
13000001871,20250205,472,2,8,,2025-02-05 18:39:35
13000001873,20250206,1408,1,7,La entrega podría ser más rápida,2025-02-06 00:09:24
13000001874,20250206,2408,2,10,Muy conforme con la calidad,2025-02-06 08:23:49
13000001875,20250206,993,1,8,"Buen producto, un poco caro",2025-02-06 12:52:03
13000001876,20250206,1958,2,6,,2025-02-06 13:10:03
13000001877,20250206,1053,1,8,,2025-02-06 13:11:11
13000001878,20250206,2134,1,10,Todo perfecto,2025-02-06 13:55:13
13000001879,20250207,1813,1,10,,2025-02-07 00:42:18
13000001880,20250207,1571,2,9,,2025-02-07 01:11:59
13000001881,20250207,793,1,10,Entrega rápida y producto excelente,2025-02-07 05:47:15
13000001882,20250207,308,2,10,,2025-02-07 06:32:49
13000001883,20250207,1110,1,10,Entrega rápida y producto excelente,2025-02-07 10:27:06
13000001884,20250207,432,1,9,Entrega rápida y producto excelente,2025-02-07 13:43:25
13000001885,20250207,618,1,10,Todo perfecto,2025-02-07 13:50:11
13000001886,20250207,1916,1,7,"Correcto, sin sorpresas",2025-02-07 15:40:43
13000001887,20250207,2379,1,7,,2025-02-07 16:03:23
13000001888,20250207,1980,1,7,La entrega podría ser más rápida,2025-02-07 16:58:08
13000001889,20250207,1629,1,4,,2025-02-07 17:33:50
13000001890,20250207,2081,1,9,,2025-02-07 19:51:23
13000001891,20250207,350,1,9,Muy conforme con la calidad,2025-02-07 20:15:03
13000001892,20250208,1775,2,10,Muy buena atención en la tienda,2025-02-08 06:20:15
13000001893,20250208,1663,1,8,,2025-02-08 11:29:04
13000001894,20250208,2181,2,10,,2025-02-08 12:43:20
13000001895,20250208,1272,2,9,,2025-02-08 13:07:02
13000001896,20250208,1897,1,10,"Excelente botella, mantiene la temperatura",2025-02-08 15:54:24
13000001897,20250209,2418,2,10,Muy buena atención en la tienda,2025-02-09 08:51:57
13000001898,20250209,1399,2,8,,2025-02-09 10:00:00
13000001899,20250209,2423,2,8,,2025-02-09 10:06:17
13000001900,20250209,1940,2,9,Volvería a comprar,2025-02-09 10:13:47
13000001901,20250209,1856,2,9,Muy buena atención en la tienda,2025-02-09 13:55:55
13000001902,20250209,1976,2,7,"Buen producto, un poco caro",2025-02-09 17:38:56
13000001903,20250210,1941,1,8,Podría mejorar el empaque,2025-02-10 10:07:12
13000001904,20250210,2378,1,7,Me gustaría más variedad de colores,2025-02-10 16:20:49
13000001905,20250210,1376,1,10,"Excelente botella, mantiene la temperatura",2025-02-10 20:44:24
13000001906,20250210,1547,1,7,,2025-02-10 23:47:54
13000001907,20250211,543,1,7,,2025-02-11 00:32:13
13000001908,20250211,2113,1,7,,2025-02-11 11:52:04
13000001909,20250211,984,2,10,"Excelente botella, mantiene la temperatura",2025-02-11 13:18:40
13000001910,20250211,1849,1,8,,2025-02-11 13:27:54
13000001911,20250211,2385,1,9,,2025-02-11 17:21:16
13000001912,20250211,2234,1,9,,2025-02-11 18:12:34
13000001913,20250211,2372,1,7,La entrega podría ser más rápida,2025-02-11 18:42:00
13000001914,20250211,26,1,9,,2025-02-11 18:42:53
13000001916,20250212,516,2,9,Muy buena atención en la tienda,2025-02-12 13:26:34
13000001917,20250212,425,1,9,,2025-02-12 15:52:22
13000001918,20250213,799,1,7,,2025-02-13 03:12:27
13000001919,20250213,2310,1,10,,2025-02-13 06:46:04
13000001920,20250213,787,1,8,,2025-02-13 12:01:38
13000001921,20250213,2029,1,8,"Correcto, sin sorpresas",2025-02-13 13:47:26
13000001922,20250213,1768,1,7,La entrega podría ser más rápida,2025-02-13 15:00:39
13000001923,20250213,1269,2,10,Muy buena atención en la tienda,2025-02-13 18:04:09
13000001924,20250213,2299,1,9,Entrega rápida y producto excelente,2025-02-13 20:44:29
13000001925,20250214,2404,1,10,,2025-02-14 00:37:14
13000001926,20250214,2445,2,8,,2025-02-14 08:06:29
13000001927,20250214,1651,2,10,Muy buena atención en la tienda,2025-02-14 13:45:48
13000001928,20250214,2409,1,8,"Correcto, sin sorpresas",2025-02-14 16:45:47
13000001929,20250214,2055,2,9,,2025-02-14 21:20:23
13000001930,20250214,1194,1,9,,2025-02-14 23:50:20
13000001931,20250215,250,2,9,"Excelente botella, mantiene la temperatura",2025-02-15 22:38:01
13000001932,20250216,587,2,9,Volvería a comprar,2025-02-16 01:54:40
13000001933,20250216,435,2,8,"Correcto, sin sorpresas",2025-02-16 02:12:15
13000001934,20250216,1404,2,7,Me gustaría más variedad de colores,2025-02-16 13:21:11
13000001935,20250216,2139,2,10,Muy buena atención en la tienda,2025-02-16 15:41:44
13000001936,20250216,1635,2,9,,2025-02-16 22:33:43
13000001937,20250216,2017,2,9,,2025-02-16 23:49:09
13000001938,20250217,2084,2,9,Todo perfecto,2025-02-17 00:27:28
13000001939,20250217,2467,2,8,,2025-02-17 00:52:20
13000001940,20250217,2468,2,7,"Correcto, sin sorpresas",2025-02-17 09:59:47
13000001941,20250218,2344,1,8,,2025-02-18 06:26:27
13000001942,20250218,1831,2,8,,2025-02-18 10:44:35
13000001944,20250218,2103,1,8,"Correcto, sin sorpresas",2025-02-18 17:42:40
13000001945,20250218,2483,2,10,Muy buena atención en la tienda,2025-02-18 17:56:15
13000001946,20250219,281,1,8,,2025-02-19 03:26:35
13000001947,20250219,628,2,9,Muy buena atención en la tienda,2025-02-19 09:43:05
13000001948,20250219,1033,2,10,,2025-02-19 10:42:42
13000001949,20250219,1787,2,8,"Correcto, sin sorpresas",2025-02-19 12:25:53
13000001950,20250219,2413,1,6,No cumplió mis expectativas,2025-02-19 16:56:02
13000001951,20250219,2150,1,8,,2025-02-19 18:55:02
13000001952,20250219,1707,1,9,,2025-02-19 20:40:09
13000001953,20250219,2262,2,10,Muy conforme con la calidad,2025-02-19 20:53:42
13000001954,20250220,769,1,9,,2025-02-20 05:49:56
13000001955,20250220,2438,1,9,Todo perfecto,2025-02-20 10:19:06
13000001956,20250220,1157,2,7,Me gustaría más variedad de colores,2025-02-20 11:16:19
13000001957,20250220,2416,1,9,Volvería a comprar,2025-02-20 11:46:47
13000001958,20250220,1240,1,8,"Correcto, sin sorpresas",2025-02-20 12:41:40
13000001959,20250220,1042,1,10,,2025-02-20 13:49:35
13000001960,20250220,1970,1,10,,2025-02-20 19:09:53
13000001961,20250220,1500,1,6,Tardó mucho más de lo esperado,2025-02-20 20:20:03
13000001962,20250221,2129,2,8,,2025-02-21 00:46:18
13000001963,20250221,1426,1,8,,2025-02-21 03:07:34
13000001964,20250221,707,2,7,,2025-02-21 04:37:08
13000001965,20250221,461,1,9,Entrega rápida y producto excelente,2025-02-21 06:50:03
13000001966,20250221,1767,1,10,Entrega rápida y producto excelente,2025-02-21 11:06:32
13000001967,20250221,2430,1,9,Entrega rápida y producto excelente,2025-02-21 12:42:58
13000001968,20250221,756,1,7,La entrega podría ser más rápida,2025-02-21 14:53:54
13000001969,20250221,2449,1,5,Llegó con la caja dañada,2025-02-21 15:13:25
13000001970,20250221,1311,2,9,Todo perfecto,2025-02-21 19:35:29
13000001971,20250222,2450,1,8,,2025-02-22 07:46:46
13000001972,20250222,1026,2,10,Muy conforme con la calidad,2025-02-22 11:26:55
13000001973,20250222,2496,2,10,,2025-02-22 13:45:53
13000001974,20250222,2168,2,9,Todo perfecto,2025-02-22 20:20:57
13000001975,20250223,1930,2,9,,2025-02-23 12:15:57
13000001976,20250223,236,2,7,Me gustaría más variedad de colores,2025-02-23 14:43:01
13000001977,20250224,27,1,9,,2025-02-24 10:33:48
13000001978,20250224,2437,1,6,No cumplió mis expectativas,2025-02-24 16:52:48
13000001979,20250225,1506,1,3,Tardó mucho más de lo esperado,2025-02-25 00:27:41
13000001980,20250225,967,1,9,Muy conforme con la calidad,2025-02-25 12:21:14
13000001981,20250225,1628,1,7,,2025-02-25 12:44:19
13000001982,20250225,1117,1,7,,2025-02-25 13:25:13
13000001983,20250225,2269,1,5,Tuve que devolverlo,2025-02-25 19:32:57
13000001984,20250226,1351,1,5,La tapa pierde líquido,2025-02-26 04:46:17
13000001985,20250226,321,2,7,,2025-02-26 10:00:54
13000001986,20250226,1399,1,6,Llegó con la caja dañada,2025-02-26 10:24:33
13000001987,20250226,998,1,9,"Excelente botella, mantiene la temperatura",2025-02-26 10:36:21
13000001988,20250226,1631,2,9,Muy buena atención en la tienda,2025-02-26 12:21:37
13000001989,20250226,2448,1,7,La entrega podría ser más rápida,2025-02-26 12:23:00
13000001990,20250226,2308,1,9,Todo perfecto,2025-02-26 13:32:06
13000001991,20250226,1272,2,8,,2025-02-26 15:00:43
13000001992,20250226,1918,2,8,Me gustaría más variedad de colores,2025-02-26 15:21:30
13000001993,20250226,1989,2,9,Muy buena atención en la tienda,2025-02-26 18:34:06
13000001994,20250226,1619,1,10,Muy conforme con la calidad,2025-02-26 18:44:35
13000001995,20250226,1871,1,8,"Correcto, sin sorpresas",2025-02-26 21:03:35
13000001996,20250227,2189,1,10,Entrega rápida y producto excelente,2025-02-27 03:13:54
13000001997,20250227,1919,1,10,,2025-02-27 05:31:55
13000001998,20250227,2440,1,8,,2025-02-27 15:16:17
13000001999,20250227,2482,1,8,,2025-02-27 15:26:35
13000002000,20250227,2146,1,6,No cumplió mis expectativas,2025-02-27 16:45:28
13000002001,20250227,1747,2,10,,2025-02-27 21:24:12
13000002002,20250228,1207,2,8,Me gustaría más variedad de colores,2025-02-28 05:58:43
13000002003,20250228,2476,1,10,,2025-02-28 10:48:58
13000002004,20250228,880,2,6,No cumplió mis expectativas,2025-02-28 11:55:23
13000002005,20250228,1054,1,7,La entrega podría ser más rápida,2025-02-28 12:39:25
13000002006,20250228,299,1,4,No cumplió mis expectativas,2025-02-28 13:50:04
13000002007,20250228,2461,1,9,Volvería a comprar,2025-02-28 14:18:10
13000002008,20250228,2477,1,8,Podría mejorar el empaque,2025-02-28 17:13:51
13000002009,20250228,2194,1,9,,2025-02-28 17:38:45
13000002010,20250228,2472,1,9,Entrega rápida y producto excelente,2025-02-28 17:54:00
13000002011,20250228,118,1,9,Volvería a comprar,2025-02-28 18:16:28
13000002012,20250301,2485,1,6,,2025-03-01 00:34:01
13000002013,20250301,58,1,9,,2025-03-01 01:19:52
13000002014,20250301,2049,1,9,Entrega rápida y producto excelente,2025-03-01 02:04:53
13000002015,20250301,1554,1,7,,2025-03-01 03:04:30
13000002016,20250301,2538,2,10,Muy buena atención en la tienda,2025-03-01 10:11:01
13000002017,20250301,630,1,7,,2025-03-01 11:23:59
13000002018,20250301,2536,2,8,,2025-03-01 13:56:11
13000002019,20250301,1740,2,9,Muy conforme con la calidad,2025-03-01 15:05:45
13000002020,20250301,912,2,6,,2025-03-01 20:08:06
13000002021,20250302,2380,2,7,,2025-03-02 00:48:35
13000002022,20250302,1905,2,10,"Excelente botella, mantiene la temperatura",2025-03-02 11:39:17
13000002023,20250302,2541,2,6,Poco stock en la tienda,2025-03-02 13:22:55
13000002024,20250302,2106,2,10,,2025-03-02 14:10:15
13000002025,20250302,40,2,10,Todo perfecto,2025-03-02 18:19:09
13000002026,20250303,1638,1,9,Entrega rápida y producto excelente,2025-03-03 15:12:22
13000002027,20250303,2480,1,8,,2025-03-03 15:38:25
13000002028,20250303,2246,1,4,El envío demoró y nadie me avisó,2025-03-03 19:55:19
13000002029,20250303,1625,1,7,La entrega podría ser más rápida,2025-03-03 23:53:27
13000002030,20250304,1538,1,6,La tapa pierde líquido,2025-03-04 07:07:13
13000002031,20250304,2558,2,9,Muy buena atención en la tienda,2025-03-04 15:30:38
13000002032,20250304,1976,2,9,,2025-03-04 16:50:49
13000002033,20250304,2128,1,7,La entrega podría ser más rápida,2025-03-04 17:35:02
13000002034,20250304,698,2,7,,2025-03-04 22:08:15
13000002035,20250304,2491,1,8,La entrega podría ser más rápida,2025-03-04 23:11:32
13000002036,20250305,2300,1,6,,2025-03-05 12:31:03
13000002037,20250305,1384,1,8,,2025-03-05 14:57:18
13000002038,20250305,572,1,9,Volvería a comprar,2025-03-05 15:53:00
13000002039,20250305,1742,1,10,Entrega rápida y producto excelente,2025-03-05 16:20:36
13000002040,20250305,2519,1,7,Podría mejorar el empaque,2025-03-05 18:56:17
13000002041,20250305,404,1,10,Entrega rápida y producto excelente,2025-03-05 19:26:59
13000002042,20250305,2092,1,6,,2025-03-05 20:04:32
13000002043,20250306,1149,1,7,,2025-03-06 02:44:22
13000002044,20250306,2509,1,9,Entrega rápida y producto excelente,2025-03-06 08:22:33
13000002045,20250306,2501,1,8,La entrega podría ser más rápida,2025-03-06 10:32:13
13000002046,20250306,2244,1,6,La tapa pierde líquido,2025-03-06 15:37:59
13000002047,20250306,2566,2,9,Todo perfecto,2025-03-06 16:14:05
13000000000,20240103,,2,9,"Excelente botella, mantiene la temperatura",2024-01-03 10:01:03
13000000014,20240112,,2,8,"Correcto, sin sorpresas",2024-01-12 05:11:44
13000000062,20240123,,1,10,Entrega rápida y producto excelente,2024-01-23 17:30:51
13000000068,20240125,,2,6,Tuve que esperar mucho en la caja,2024-01-25 15:08:37
13000000069,20240125,,1,10,Volvería a comprar,2024-01-25 21:15:16
13000000086,20240201,,2,9,,2024-02-01 10:12:43
13000000123,20240212,,2,8,"Correcto, sin sorpresas",2024-02-12 00:17:55
13000000134,20240214,,2,8,"Correcto, sin sorpresas",2024-02-14 14:39:45
13000000141,20240216,,1,8,La entrega podría ser más rápida,2024-02-16 12:26:38
13000000158,20240220,,2,8,Podría mejorar el empaque,2024-02-20 23:27:07
13000000234,20240307,,1,3,La tapa pierde líquido,2024-03-07 13:46:11
13000000247,20240309,,2,8,"Buen producto, un poco caro",2024-03-09 01:21:23
13000000268,20240313,,1,7,,2024-03-13 02:08:40
13000000309,20240322,,2,6,,2024-03-22 10:40:14
13000000316,20240323,,2,8,,2024-03-23 04:10:28
13000000322,20240326,,1,7,,2024-03-26 13:52:19
13000000337,20240328,,1,6,No cumplió mis expectativas,2024-03-28 14:18:11
13000000340,20240330,,2,8,,2024-03-30 20:58:41
13000000377,20240409,,2,10,,2024-04-09 14:38:32
13000000402,20240414,,2,8,"Buen producto, un poco caro",2024-04-14 14:53:01
13000000503,20240510,,1,10,,2024-05-10 07:39:13
13000000504,20240511,,1,4,Llegó con la caja dañada,2024-05-11 07:09:07
13000000522,20240515,,1,6,Llegó con la caja dañada,2024-05-15 00:45:22
13000000525,20240515,,1,7,,2024-05-15 14:16:15
13000000544,20240521,,2,8,"Correcto, sin sorpresas",2024-05-21 15:50:30
13000000547,20240523,,1,10,Entrega rápida y producto excelente,2024-05-23 11:23:58
13000000586,20240529,,1,10,Entrega rápida y producto excelente,2024-05-29 20:54:46
13000000596,20240530,,1,7,La entrega podría ser más rápida,2024-05-30 19:00:54
13000000609,20240603,,1,7,,2024-06-03 15:56:28
13000000621,20240606,,1,10,Entrega rápida y producto excelente,2024-06-06 08:57:48
13000000633,20240607,,2,8,Podría mejorar el empaque,2024-06-07 15:54:41
13000000639,20240609,,2,10,,2024-06-09 15:45:37
13000000669,20240615,,2,10,Muy buena atención en la tienda,2024-06-15 17:33:52
13000000707,20240622,,2,9,Muy buena atención en la tienda,2024-06-22 10:39:27
13000000758,20240704,,2,10,Muy buena atención en la tienda,2024-07-04 16:48:03
13000000767,20240706,,2,10,Muy conforme con la calidad,2024-07-06 14:20:37
13000000773,20240708,,1,8,Me gustaría más variedad de colores,2024-07-08 13:21:25
13000000802,20240719,,1,10,,2024-07-19 10:39:10
13000000848,20240731,,2,10,Volvería a comprar,2024-07-31 21:22:50
13000000898,20240814,,2,9,Muy conforme con la calidad,2024-08-14 16:23:39
13000000923,20240819,,1,8,"Buen producto, un poco caro",2024-08-19 15:52:55
13000000942,20240826,,1,4,Llegó con la caja dañada,2024-08-26 10:51:30
13000001010,20240907,,1,10,Entrega rápida y producto excelente,2024-09-07 07:35:47
13000001070,20240918,,1,10,Entrega rápida y producto excelente,2024-09-18 02:18:36
13000001134,20240929,,2,7,,2024-09-29 21:27:03
13000001205,20241019,,1,10,,2024-10-19 05:49:51
13000001223,20241023,,1,7,"Correcto, sin sorpresas",2024-10-23 10:11:04
13000001262,20241030,,2,9,Muy buena atención en la tienda,2024-10-30 00:51:46
13000001297,20241106,,1,8,"Buen producto, un poco caro",2024-11-06 17:00:43
13000001307,20241108,,2,5,Tuve que devolverlo,2024-11-08 03:40:29
13000001340,20241116,,1,8,,2024-11-16 06:20:15
13000001414,20241126,,1,5,Tardó mucho más de lo esperado,2024-11-26 20:32:34
13000001448,20241202,,2,5,La tapa pierde líquido,2024-12-02 13:47:21
13000001467,20241205,,1,8,,2024-12-05 22:26:36
13000001477,20241207,,2,9,Muy buena atención en la tienda,2024-12-07 14:35:32
13000001487,20241210,,1,10,Entrega rápida y producto excelente,2024-12-10 00:07:45
13000001489,20241210,,1,9,,2024-12-10 10:18:24
13000001490,20241210,,2,9,,2024-12-10 11:19:51
13000001491,20241210,,1,8,La entrega podría ser más rápida,2024-12-10 14:57:43
13000001534,20241216,,1,7,"Correcto, sin sorpresas",2024-12-16 17:43:37
13000001540,20241217,,2,9,Muy buena atención en la tienda,2024-12-17 23:18:53
13000001542,20241218,,2,9,Volvería a comprar,2024-12-18 01:30:27
13000001579,20241222,,2,8,,2024-12-22 05:24:24
13000001585,20241223,,1,8,,2024-12-23 16:35:24
13000001589,20241224,,1,9,Entrega rápida y producto excelente,2024-12-24 11:04:06
13000001594,20241224,,2,6,Tuve que devolverlo,2024-12-24 13:53:16
13000001597,20241224,,2,9,Muy buena atención en la tienda,2024-12-24 17:25:59
13000001658,20241231,,1,6,El envío demoró y nadie me avisó,2024-12-31 22:50:43
13000001682,20250104,,2,10,,2025-01-04 14:54:19
13000001704,20250107,,1,10,Muy conforme con la calidad,2025-01-07 19:03:54
13000001767,20250116,,2,7,"Correcto, sin sorpresas",2025-01-16 11:23:23
13000001778,20250117,,1,7,Podría mejorar el empaque,2025-01-17 16:14:04
13000001793,20250122,,2,7,,2025-01-22 03:38:42
13000001808,20250124,,1,8,,2025-01-24 02:53:20
13000001828,20250127,,1,7,"Buen producto, un poco caro",2025-01-27 23:20:08
13000001862,20250204,,1,6,Tardó mucho más de lo esperado,2025-02-04 16:10:04
13000001872,20250205,,1,7,Me gustaría más variedad de colores,2025-02-05 18:59:58
13000001915,20250212,,1,8,La entrega podría ser más rápida,2025-02-12 11:17:09
13000001943,20250218,,1,7,"Correcto, sin sorpresas",2025-02-18 15:28:08
13000002048,20250306,2569,2,9,,2025-03-06 17:56:01
13000002049,20250306,1888,2,10,Muy buena atención en la tienda,2025-03-06 17:56:23
13000002050,20250306,1974,2,10,Volvería a comprar,2025-03-06 18:11:36
13000002051,20250306,1246,2,10,Muy conforme con la calidad,2025-03-06 19:14:19
13000002052,20250306,1802,1,10,Volvería a comprar,2025-03-06 22:56:43
13000002053,20250307,2570,2,9,"Excelente botella, mantiene la temperatura",2025-03-07 03:07:57
13000002054,20250307,489,1,10,Entrega rápida y producto excelente,2025-03-07 06:33:15
13000002055,20250307,1576,1,9,Entrega rápida y producto excelente,2025-03-07 16:17:05
13000002056,20250307,2165,1,7,La entrega podría ser más rápida,2025-03-07 16:29:44
13000002057,20250307,2422,2,10,Muy buena atención en la tienda,2025-03-07 19:11:13
13000002058,20250307,1513,1,7,Me gustaría más variedad de colores,2025-03-07 20:43:56
13000002059,20250307,2517,1,9,Entrega rápida y producto excelente,2025-03-07 22:03:53
13000002060,20250308,2060,1,10,,2025-03-08 09:57:40
13000002061,20250308,1900,2,10,Muy buena atención en la tienda,2025-03-08 11:28:21
13000002062,20250308,2585,2,9,Muy buena atención en la tienda,2025-03-08 19:59:28
13000002063,20250308,354,1,10,,2025-03-08 22:15:46
13000002064,20250309,1468,2,8,"Correcto, sin sorpresas",2025-03-09 13:57:13
13000002065,20250309,93,2,10,Muy buena atención en la tienda,2025-03-09 22:08:43
13000002066,20250310,1051,2,10,Muy buena atención en la tienda,2025-03-10 03:11:38
13000002067,20250310,2591,2,10,Muy buena atención en la tienda,2025-03-10 04:15:54
13000002068,20250310,442,1,8,"Buen producto, un poco caro",2025-03-10 11:07:09
13000002069,20250310,2453,1,8,"Correcto, sin sorpresas",2025-03-10 11:21:01
13000002070,20250310,2515,1,8,,2025-03-10 12:53:22
13000002071,20250310,1813,1,7,La entrega podría ser más rápida,2025-03-10 15:42:00
13000002072,20250311,2525,1,9,Entrega rápida y producto excelente,2025-03-11 10:16:12
13000002073,20250311,1326,2,9,Todo perfecto,2025-03-11 10:28:49
13000002074,20250311,2546,2,6,No cumplió mis expectativas,2025-03-11 11:03:20
13000002075,20250311,2521,1,9,,2025-03-11 13:28:26
13000002076,20250311,2337,1,7,,2025-03-11 16:02:48
13000002077,20250311,2516,1,7,La entrega podría ser más rápida,2025-03-11 18:35:48
13000002078,20250311,2601,2,9,,2025-03-11 18:53:49
13000002079,20250311,1982,2,10,Muy conforme con la calidad,2025-03-11 22:49:51
13000002080,20250311,77,1,10,,2025-03-11 23:13:10
13000002081,20250312,1695,2,10,Muy buena atención en la tienda,2025-03-12 10:39:00
13000002082,20250312,2528,1,8,"Buen producto, un poco caro",2025-03-12 13:27:42
13000002083,20250312,2051,1,7,La entrega podría ser más rápida,2025-03-12 14:23:10
13000002084,20250312,2535,1,9,Entrega rápida y producto excelente,2025-03-12 14:35:32
13000002085,20250312,70,1,7,,2025-03-12 14:37:42
13000002086,20250312,163,1,9,,2025-03-12 18:58:58
13000002087,20250312,125,1,8,,2025-03-12 19:31:27
13000002088,20250313,1187,1,10,,2025-03-13 00:52:56
13000002089,20250313,2537,1,7,Podría mejorar el empaque,2025-03-13 03:11:18
13000002090,20250313,1518,1,7,La entrega podría ser más rápida,2025-03-13 04:32:42
13000002091,20250313,2560,1,7,"Buen producto, un poco caro",2025-03-13 10:48:41
13000002092,20250313,1610,1,8,,2025-03-13 16:35:41
13000002093,20250313,1619,2,10,Muy buena atención en la tienda,2025-03-13 17:34:06
13000002094,20250313,1516,1,7,La entrega podría ser más rápida,2025-03-13 20:53:23
13000002095,20250313,560,2,8,"Buen producto, un poco caro",2025-03-13 22:55:33
13000002096,20250314,2545,1,10,"Excelente botella, mantiene la temperatura",2025-03-14 00:28:49
13000002097,20250314,1105,1,5,Llegó con la caja dañada,2025-03-14 02:07:53
13000002098,20250314,1888,2,8,,2025-03-14 06:02:56
13000002099,20250314,1168,1,8,Podría mejorar el empaque,2025-03-14 10:00:58
13000002100,20250314,2568,1,6,La tapa pierde líquido,2025-03-14 10:48:28
13000002101,20250314,1808,1,10,,2025-03-14 10:50:21
13000002102,20250314,1408,1,9,,2025-03-14 15:36:36
13000002103,20250314,2531,2,6,No cumplió mis expectativas,2025-03-14 15:47:14
13000002104,20250314,616,2,10,Muy buena atención en la tienda,2025-03-14 15:57:31
13000002105,20250314,1313,1,10,Volvería a comprar,2025-03-14 19:15:25
13000002106,20250314,713,1,10,"Excelente botella, mantiene la temperatura",2025-03-14 23:41:29
13000002107,20250315,629,1,9,,2025-03-15 01:55:53
13000002108,20250315,389,2,9,Muy conforme con la calidad,2025-03-15 11:48:13
13000002109,20250315,865,2,8,"Buen producto, un poco caro",2025-03-15 12:04:18
13000002111,20250316,1944,2,5,La tapa pierde líquido,2025-03-16 11:29:09
13000002112,20250316,1041,2,8,Podría mejorar el empaque,2025-03-16 15:52:51
13000002113,20250317,1778,1,10,,2025-03-17 10:45:51
13000002114,20250317,1622,1,9,Entrega rápida y producto excelente,2025-03-17 15:06:21
13000002115,20250317,1072,1,9,,2025-03-17 16:32:13
13000002116,20250317,526,1,6,La tapa pierde líquido,2025-03-17 22:24:54
13000002117,20250318,1030,1,6,No cumplió mis expectativas,2025-03-18 05:19:46
13000002118,20250318,2565,1,6,Llegó con la caja dañada,2025-03-18 07:48:52
13000002119,20250318,2583,1,10,Todo perfecto,2025-03-18 11:38:51
13000002120,20250318,2490,1,8,,2025-03-18 12:15:25
13000002121,20250318,123,1,8,La entrega podría ser más rápida,2025-03-18 19:25:50
13000002122,20250319,2595,1,9,Volvería a comprar,2025-03-19 10:35:03
13000002123,20250319,1555,1,10,"Excelente botella, mantiene la temperatura",2025-03-19 11:54:46
13000002124,20250320,475,2,6,La tapa pierde líquido,2025-03-20 06:13:27
13000002125,20250320,1973,1,7,,2025-03-20 12:10:05
13000002126,20250320,1472,2,9,Todo perfecto,2025-03-20 18:56:13
13000002127,20250321,2598,1,7,Me gustaría más variedad de colores,2025-03-21 00:17:21
13000002128,20250321,241,1,9,Todo perfecto,2025-03-21 02:16:36
13000002129,20250321,1465,1,8,"Correcto, sin sorpresas",2025-03-21 07:34:03
13000002130,20250321,688,1,6,Llegó con la caja dañada,2025-03-21 10:39:11
13000002131,20250321,2645,2,9,,2025-03-21 11:03:47
13000002132,20250321,230,2,8,Me gustaría más variedad de colores,2025-03-21 11:03:55
13000002133,20250321,2285,1,7,"Buen producto, un poco caro",2025-03-21 14:41:36
13000002134,20250321,2647,2,8,"Buen producto, un poco caro",2025-03-21 14:52:41
13000002135,20250321,2550,1,9,"Excelente botella, mantiene la temperatura",2025-03-21 15:07:38
13000002136,20250321,981,2,8,,2025-03-21 16:06:23
13000002137,20250321,1903,1,8,"Buen producto, un poco caro",2025-03-21 18:57:14
13000002138,20250321,1997,1,10,Todo perfecto,2025-03-21 20:56:14
13000002139,20250321,2649,2,6,No cumplió mis expectativas,2025-03-21 22:17:06
13000002140,20250322,1291,2,8,,2025-03-22 01:43:48
13000002141,20250322,2204,1,8,Podría mejorar el empaque,2025-03-22 04:06:43
13000002144,20250322,1253,1,7,,2025-03-22 11:26:49
13000002145,20250322,1697,2,7,Me gustaría más variedad de colores,2025-03-22 11:32:02
13000002146,20250322,808,2,8,"Buen producto, un poco caro",2025-03-22 13:02:42
13000002147,20250322,2655,2,7,Podría mejorar el empaque,2025-03-22 13:16:59
13000002148,20250322,1671,2,10,,2025-03-22 16:13:14
13000002149,20250323,1103,2,8,,2025-03-23 10:37:50
13000002150,20250323,1517,2,10,Muy buena atención en la tienda,2025-03-23 19:39:59
13000002151,20250323,2663,2,9,,2025-03-23 20:06:13
13000002152,20250323,2418,2,9,Muy buena atención en la tienda,2025-03-23 21:50:00
13000002153,20250324,2607,1,8,,2025-03-24 17:29:48
13000002154,20250324,969,1,10,Entrega rápida y producto excelente,2025-03-24 21:17:37
13000002155,20250325,2623,2,8,,2025-03-25 13:20:44
13000002156,20250325,357,2,10,Volvería a comprar,2025-03-25 17:22:45
13000002157,20250325,997,1,7,La entrega podría ser más rápida,2025-03-25 18:44:55
13000002158,20250325,2109,1,8,"Correcto, sin sorpresas",2025-03-25 20:39:43
13000002159,20250325,2671,2,10,,2025-03-25 23:21:42
13000002160,20250326,2615,1,7,La entrega podría ser más rápida,2025-03-26 10:42:49
13000002161,20250326,1635,2,7,"Buen producto, un poco caro",2025-03-26 10:49:22
13000002162,20250326,1460,2,8,"Correcto, sin sorpresas",2025-03-26 13:11:18
13000002163,20250326,2677,2,9,,2025-03-26 15:43:58
13000002164,20250326,1110,1,7,,2025-03-26 15:56:09
13000002165,20250326,457,1,9,,2025-03-26 17:01:12
13000002166,20250326,2203,1,9,,2025-03-26 18:30:38
13000002167,20250326,2629,1,8,"Correcto, sin sorpresas",2025-03-26 19:14:01
13000002168,20250327,2611,1,5,No cumplió mis expectativas,2025-03-27 05:07:54
13000002169,20250327,1493,2,6,La tapa pierde líquido,2025-03-27 07:08:09
13000002170,20250327,1724,1,10,Todo perfecto,2025-03-27 10:20:18
13000002171,20250327,2119,1,9,"Excelente botella, mantiene la temperatura",2025-03-27 12:59:31
13000002172,20250327,1736,1,8,La entrega podría ser más rápida,2025-03-27 13:15:34
13000002173,20250327,2612,1,8,,2025-03-27 14:14:41
13000002174,20250327,2017,2,5,Poco stock en la tienda,2025-03-27 14:43:47
13000002175,20250327,2092,2,10,Muy buena atención en la tienda,2025-03-27 16:21:18
13000002176,20250327,2626,1,10,Volvería a comprar,2025-03-27 17:35:11
13000002177,20250327,2639,1,10,,2025-03-27 19:41:58
13000002178,20250327,2614,1,7,La entrega podría ser más rápida,2025-03-27 20:02:40
13000002179,20250327,2114,1,10,"Excelente botella, mantiene la temperatura",2025-03-27 20:16:54
13000002180,20250328,2015,2,7,,2025-03-28 12:49:29
13000002182,20250328,600,2,9,,2025-03-28 15:07:10
13000002183,20250328,1159,1,9,Muy conforme con la calidad,2025-03-28 16:52:29
13000002184,20250328,1916,1,10,Entrega rápida y producto excelente,2025-03-28 16:55:09
13000002185,20250328,2131,1,10,Todo perfecto,2025-03-28 17:31:33
13000002186,20250328,2188,1,10,Entrega rápida y producto excelente,2025-03-28 20:19:32
13000002187,20250328,1592,1,10,Todo perfecto,2025-03-28 20:31:05
13000002189,20250329,513,1,7,La entrega podría ser más rápida,2025-03-29 05:20:16
13000002190,20250329,2071,2,4,Poco stock en la tienda,2025-03-29 11:23:14
13000002191,20250329,2685,2,9,Muy buena atención en la tienda,2025-03-29 11:58:52
13000002192,20250329,1776,2,6,Poco stock en la tienda,2025-03-29 18:09:13
13000002193,20250330,1586,2,5,Tuve que esperar mucho en la caja,2025-03-30 01:05:07
13000002194,20250330,1488,2,4,,2025-03-30 18:21:37
13000002195,20250330,349,2,10,Muy conforme con la calidad,2025-03-30 20:49:02
13000002196,20250331,2633,1,7,,2025-03-31 15:35:43
13000002197,20250401,2359,1,7,,2025-04-01 08:23:08
13000002198,20250401,2044,1,8,"Correcto, sin sorpresas",2025-04-01 13:35:43
13000002199,20250401,1584,2,9,Muy buena atención en la tienda,2025-04-01 13:41:07
13000002200,20250401,791,1,8,,2025-04-01 17:52:38
13000002201,20250402,1120,1,6,La tapa pierde líquido,2025-04-02 11:31:49
13000002202,20250402,2708,2,10,Muy conforme con la calidad,2025-04-02 13:05:02
13000002203,20250402,1020,1,7,,2025-04-02 20:46:04
13000002204,20250403,614,2,5,Poco stock en la tienda,2025-04-03 01:29:19
13000002205,20250403,1969,1,6,La tapa pierde líquido,2025-04-03 01:42:00
13000002206,20250403,1643,1,10,,2025-04-03 04:51:16
13000002207,20250403,2711,2,10,,2025-04-03 11:05:59
13000002208,20250403,2667,1,9,Entrega rápida y producto excelente,2025-04-03 11:47:30
13000002209,20250403,579,1,5,Llegó con la caja dañada,2025-04-03 14:38:03
13000002210,20250403,783,1,5,,2025-04-03 15:14:22
13000002211,20250403,2676,1,8,La entrega podría ser más rápida,2025-04-03 17:51:22
13000002212,20250404,1819,2,8,,2025-04-04 11:19:06
13000002213,20250404,1780,1,6,Llegó con la caja dañada,2025-04-04 14:28:57
13000002214,20250404,1505,2,6,Tuve que esperar mucho en la caja,2025-04-04 16:15:12
13000002215,20250404,222,1,9,Entrega rápida y producto excelente,2025-04-04 20:33:00
13000002216,20250404,374,2,7,Me gustaría más variedad de colores,2025-04-04 23:08:12
13000002217,20250404,1149,1,6,La tapa pierde líquido,2025-04-04 23:27:11
13000002219,20250405,1585,2,6,No cumplió mis expectativas,2025-04-05 13:45:15
13000002220,20250408,2515,1,5,No cumplió mis expectativas,2025-04-08 06:55:19
13000002221,20250408,2093,1,10,,2025-04-08 12:09:06
13000002222,20250408,1890,1,10,Entrega rápida y producto excelente,2025-04-08 15:21:00
13000002223,20250408,2206,2,9,,2025-04-08 17:56:32
13000002225,20250409,2731,2,9,Muy buena atención en la tienda,2025-04-09 04:05:58
13000002226,20250409,404,1,6,La tapa pierde líquido,2025-04-09 04:44:04
13000002227,20250409,2378,1,10,,2025-04-09 09:43:34
13000002228,20250409,1085,2,6,,2025-04-09 10:18:34
13000002229,20250409,2352,1,8,La entrega podría ser más rápida,2025-04-09 10:36:46
13000002230,20250409,1401,2,8,Podría mejorar el empaque,2025-04-09 14:17:26
13000002231,20250409,1513,2,9,,2025-04-09 16:34:32
13000002232,20250409,2741,2,8,Podría mejorar el empaque,2025-04-09 19:05:21
13000002233,20250409,1279,1,8,,2025-04-09 21:44:30
13000002234,20250410,852,1,6,Llegó con la caja dañada,2025-04-10 11:18:14
13000002235,20250410,2681,1,8,Podría mejorar el empaque,2025-04-10 12:04:59
13000002236,20250410,2697,1,10,,2025-04-10 13:10:10
13000002237,20250410,2684,1,9,Entrega rápida y producto excelente,2025-04-10 20:44:36
13000002238,20250410,2696,1,9,,2025-04-10 21:28:09
13000002239,20250411,2105,1,10,,2025-04-11 03:56:26
13000002240,20250411,2740,2,8,Podría mejorar el empaque,2025-04-11 07:56:54
13000002241,20250411,2749,2,9,Todo perfecto,2025-04-11 11:16:18
13000002242,20250411,2710,1,10,,2025-04-11 13:13:03
13000002243,20250411,2025,2,10,,2025-04-11 18:41:20
13000002244,20250411,703,1,10,Entrega rápida y producto excelente,2025-04-11 19:52:14
13000002245,20250412,2758,2,10,,2025-04-12 17:06:12
13000002246,20250412,2687,1,10,Muy conforme con la calidad,2025-04-12 20:42:20
13000002247,20250414,1304,1,9,Volvería a comprar,2025-04-14 15:53:22
13000002248,20250414,2270,1,9,Muy conforme con la calidad,2025-04-14 17:01:18
13000002249,20250414,2705,1,8,,2025-04-14 18:28:57
13000002250,20250414,2638,1,10,Todo perfecto,2025-04-14 21:58:15
13000002251,20250415,1500,1,10,Entrega rápida y producto excelente,2025-04-15 02:07:12
13000002252,20250415,2726,1,10,,2025-04-15 10:41:23
13000002253,20250415,1175,2,9,Muy conforme con la calidad,2025-04-15 11:29:50
13000002254,20250415,441,2,8,,2025-04-15 13:50:18
13000002255,20250415,1942,2,7,,2025-04-15 14:53:06
13000002257,20250415,2720,1,4,Tuve que devolverlo,2025-04-15 21:06:29
13000002258,20250416,2095,1,9,Entrega rápida y producto excelente,2025-04-16 10:11:01
13000002259,20250416,2467,2,10,Todo perfecto,2025-04-16 10:27:55
13000002260,20250416,578,1,10,Todo perfecto,2025-04-16 10:53:19
13000002261,20250416,402,1,10,,2025-04-16 13:54:35
13000002262,20250416,1337,1,9,Entrega rápida y producto excelente,2025-04-16 14:49:46
13000002263,20250416,177,2,8,Podría mejorar el empaque,2025-04-16 15:31:13
13000002264,20250416,2722,2,9,,2025-04-16 15:59:19
13000002265,20250416,2669,1,10,Volvería a comprar,2025-04-16 17:23:34
13000002266,20250417,1327,2,10,,2025-04-17 01:20:10
13000002267,20250417,600,2,9,Volvería a comprar,2025-04-17 03:58:28
13000002268,20250417,2181,2,8,"Correcto, sin sorpresas",2025-04-17 05:13:30
13000002269,20250417,2274,1,8,Me gustaría más variedad de colores,2025-04-17 10:18:24
13000002270,20250417,2182,1,10,Entrega rápida y producto excelente,2025-04-17 13:31:27
13000002271,20250417,1272,2,7,"Buen producto, un poco caro",2025-04-17 15:46:37
13000002272,20250417,770,1,9,Entrega rápida y producto excelente,2025-04-17 17:19:03
13000002273,20250418,965,1,10,Muy conforme con la calidad,2025-04-18 03:46:14
13000002274,20250418,1808,1,7,,2025-04-18 16:33:48
13000002275,20250418,1407,1,9,Todo perfecto,2025-04-18 18:02:22
13000002276,20250419,487,2,8,Me gustaría más variedad de colores,2025-04-19 11:31:04
13000002277,20250419,411,1,8,,2025-04-19 23:45:35
13000002278,20250420,750,2,9,Muy buena atención en la tienda,2025-04-20 11:26:31
13000002279,20250420,2624,2,10,Muy buena atención en la tienda,2025-04-20 19:27:57
13000002280,20250421,930,1,8,La entrega podría ser más rápida,2025-04-21 10:01:38
13000002281,20250421,2730,1,8,,2025-04-21 11:26:59
13000002282,20250421,1456,1,10,Volvería a comprar,2025-04-21 12:01:12
13000002283,20250421,1882,1,5,No cumplió mis expectativas,2025-04-21 14:27:11
13000002284,20250421,1273,1,6,Llegó con la caja dañada,2025-04-21 15:14:47
13000002285,20250421,1541,1,5,La tapa pierde líquido,2025-04-21 17:17:35
13000002286,20250422,2744,1,10,,2025-04-22 10:45:17
13000002287,20250422,1002,1,7,La entrega podría ser más rápida,2025-04-22 10:50:38
13000002288,20250422,696,1,8,"Correcto, sin sorpresas",2025-04-22 13:32:44
13000002289,20250422,2681,1,9,,2025-04-22 13:36:00
13000002290,20250422,2192,2,10,"Excelente botella, mantiene la temperatura",2025-04-22 14:57:44
13000002291,20250422,2294,1,10,Muy conforme con la calidad,2025-04-22 16:49:27
13000002292,20250422,1606,1,8,Me gustaría más variedad de colores,2025-04-22 17:24:57
13000002293,20250422,671,1,10,Volvería a comprar,2025-04-22 23:05:04
13000002294,20250423,1607,1,9,Volvería a comprar,2025-04-23 00:00:22
13000002295,20250423,1954,1,9,Entrega rápida y producto excelente,2025-04-23 01:17:37
13000002296,20250423,1154,2,5,No cumplió mis expectativas,2025-04-23 03:05:08
13000002297,20250423,2261,1,10,,2025-04-23 09:51:48
13000002298,20250423,2755,1,7,,2025-04-23 10:08:48
13000002299,20250423,2480,1,9,Entrega rápida y producto excelente,2025-04-23 11:23:41
13000002300,20250423,2739,1,7,La entrega podría ser más rápida,2025-04-23 12:49:19
13000002301,20250423,2690,1,10,Entrega rápida y producto excelente,2025-04-23 14:35:02
13000002302,20250423,477,1,10,Muy conforme con la calidad,2025-04-23 18:43:37
13000002303,20250424,633,1,10,Muy conforme con la calidad,2025-04-24 04:44:55
13000002304,20250424,1468,2,10,Muy buena atención en la tienda,2025-04-24 06:30:33
13000002305,20250424,2714,1,10,Todo perfecto,2025-04-24 10:10:03
13000002306,20250424,1871,1,5,No cumplió mis expectativas,2025-04-24 11:13:06
13000002307,20250424,2654,2,8,Me gustaría más variedad de colores,2025-04-24 11:42:08
13000002308,20250424,1739,2,10,Volvería a comprar,2025-04-24 12:37:35
13000002310,20250424,2006,1,5,Llegó con la caja dañada,2025-04-24 15:38:15
13000002311,20250424,1499,1,8,La entrega podría ser más rápida,2025-04-24 16:30:07
13000002312,20250424,2767,1,9,,2025-04-24 17:29:18
13000002313,20250424,2773,1,10,,2025-04-24 18:04:56
13000002314,20250424,2770,1,9,Todo perfecto,2025-04-24 19:10:04
13000002315,20250424,2273,1,6,,2025-04-24 19:13:29
13000002316,20250424,2776,1,10,Entrega rápida y producto excelente,2025-04-24 22:57:41
13000002317,20250425,1993,1,7,,2025-04-25 05:58:56
13000002318,20250425,1543,1,8,,2025-04-25 11:18:18
13000002319,20250425,2196,2,10,,2025-04-25 11:29:13
13000002320,20250425,636,1,7,,2025-04-25 13:53:56
13000002321,20250425,1926,1,8,La entrega podría ser más rápida,2025-04-25 14:04:16
13000002322,20250425,707,2,4,,2025-04-25 17:08:48
13000002323,20250425,2571,1,10,,2025-04-25 17:10:55
13000002324,20250426,2782,1,8,,2025-04-26 09:30:32
13000002325,20250427,2817,2,10,Volvería a comprar,2025-04-27 10:00:17
13000002326,20250427,1540,2,7,,2025-04-27 14:30:12
13000002327,20250427,2818,2,10,Todo perfecto,2025-04-27 22:49:35
13000002329,20250428,2560,1,10,Entrega rápida y producto excelente,2025-04-28 15:10:12
13000002330,20250429,2638,2,10,Volvería a comprar,2025-04-29 12:14:28
13000002331,20250429,2369,1,8,La entrega podría ser más rápida,2025-04-29 13:22:00
13000002332,20250429,705,1,9,Entrega rápida y producto excelente,2025-04-29 15:51:05
13000002333,20250429,2781,1,7,,2025-04-29 17:15:13
13000002334,20250430,1555,1,6,Llegó con la caja dañada,2025-04-30 07:42:48
13000002335,20250430,2786,1,8,,2025-04-30 11:39:19
13000002336,20250430,273,2,7,,2025-04-30 11:47:39
13000002337,20250430,2785,1,9,Todo perfecto,2025-04-30 19:42:11
13000002338,20250430,1754,1,10,,2025-04-30 19:57:20
13000002339,20250430,1003,1,8,La entrega podría ser más rápida,2025-04-30 22:52:47
13000002340,20250430,2791,1,9,Todo perfecto,2025-04-30 23:39:16
13000002341,20250501,1156,2,9,Muy buena atención en la tienda,2025-05-01 01:10:57
13000002342,20250501,2528,1,10,Entrega rápida y producto excelente,2025-05-01 03:34:59
13000002343,20250501,2372,1,10,Entrega rápida y producto excelente,2025-05-01 11:57:01
13000002344,20250501,1902,2,10,Todo perfecto,2025-05-01 12:49:33
13000002345,20250501,2794,1,8,"Correcto, sin sorpresas",2025-05-01 12:50:25
13000002346,20250501,2802,1,7,La entrega podría ser más rápida,2025-05-01 16:01:38
13000002347,20250501,1636,2,9,,2025-05-01 21:15:46
13000002348,20250502,2103,1,6,Llegó con la caja dañada,2025-05-02 00:44:24
13000002349,20250502,2046,1,8,,2025-05-02 11:33:03
13000002350,20250502,2060,1,10,Muy conforme con la calidad,2025-05-02 12:06:50
13000002351,20250502,2790,1,10,Todo perfecto,2025-05-02 13:05:30
13000002353,20250502,2597,1,7,,2025-05-02 16:17:26
13000002354,20250502,2799,1,9,Entrega rápida y producto excelente,2025-05-02 19:39:24
13000002355,20250502,2793,1,7,La entrega podría ser más rápida,2025-05-02 23:43:11
13000002356,20250503,703,1,10,,2025-05-03 00:16:26
13000002357,20250503,2402,2,10,"Excelente botella, mantiene la temperatura",2025-05-03 12:46:15
13000002358,20250504,2262,2,8,Me gustaría más variedad de colores,2025-05-04 13:25:12
13000002359,20250504,1363,2,6,La tapa pierde líquido,2025-05-04 15:21:00
13000002360,20250505,2634,1,10,,2025-05-05 13:10:23
13000002361,20250505,2835,2,9,Muy conforme con la calidad,2025-05-05 16:26:12
13000002362,20250506,1553,1,9,,2025-05-06 11:15:33
13000002363,20250506,2149,2,10,"Excelente botella, mantiene la temperatura",2025-05-06 15:57:23
13000002364,20250506,2567,2,10,,2025-05-06 16:06:33
13000002365,20250506,2476,1,8,La entrega podría ser más rápida,2025-05-06 20:02:21
13000002366,20250507,2289,1,5,Tardó mucho más de lo esperado,2025-05-07 03:27:24
13000002368,20250507,2602,1,9,,2025-05-07 12:39:50
13000002369,20250507,2814,1,9,"Excelente botella, mantiene la temperatura",2025-05-07 14:36:27
13000002370,20250507,2809,1,10,,2025-05-07 15:43:02
13000002371,20250507,2071,2,7,"Buen producto, un poco caro",2025-05-07 16:23:12
13000002372,20250507,2821,1,10,Todo perfecto,2025-05-07 17:43:28
13000002373,20250507,1944,2,9,Muy buena atención en la tienda,2025-05-07 22:34:43
13000002374,20250508,440,2,8,Podría mejorar el empaque,2025-05-08 12:39:38
13000002375,20250508,2333,2,8,"Correcto, sin sorpresas",2025-05-08 14:19:42
13000002376,20250508,1245,2,9,Muy buena atención en la tienda,2025-05-08 22:55:27
13000002377,20250509,1109,1,9,"Excelente botella, mantiene la temperatura",2025-05-09 03:57:46
13000002378,20250509,2599,2,5,No cumplió mis expectativas,2025-05-09 10:29:27
13000002379,20250509,246,2,10,Todo perfecto,2025-05-09 15:21:41
13000002380,20250509,1012,1,8,La entrega podría ser más rápida,2025-05-09 17:27:20
13000002381,20250509,1382,2,9,Volvería a comprar,2025-05-09 23:57:39
13000002382,20250510,2410,1,10,,2025-05-10 00:36:40
13000002383,20250510,402,2,10,,2025-05-10 15:28:09
13000002384,20250510,2857,2,10,,2025-05-10 22:16:52
13000002385,20250511,2516,1,8,La entrega podría ser más rápida,2025-05-11 06:16:23
13000002386,20250511,2859,2,6,,2025-05-11 14:10:16
13000002387,20250511,2854,2,9,,2025-05-11 14:20:02
13000002388,20250511,1655,2,9,Muy buena atención en la tienda,2025-05-11 17:08:15
13000002389,20250512,2069,1,9,,2025-05-12 11:43:40
13000002390,20250512,1707,1,7,La entrega podría ser más rápida,2025-05-12 13:36:28
13000002391,20250512,354,1,10,"Excelente botella, mantiene la temperatura",2025-05-12 13:56:17
13000002392,20250513,2872,2,10,"Excelente botella, mantiene la temperatura",2025-05-13 10:04:30
13000002393,20250513,1872,1,9,,2025-05-13 15:31:12
13000002394,20250513,2826,1,4,Tardó mucho más de lo esperado,2025-05-13 16:11:28
13000002396,20250514,2890,2,7,,2025-05-14 11:13:25
13000002397,20250514,783,1,10,Entrega rápida y producto excelente,2025-05-14 16:50:58
13000002398,20250514,2371,1,8,La entrega podría ser más rápida,2025-05-14 21:10:57
13000002399,20250515,173,1,10,,2025-05-15 00:22:11
13000002400,20250515,2839,1,10,Entrega rápida y producto excelente,2025-05-15 03:17:27
13000002401,20250515,1547,1,10,Entrega rápida y producto excelente,2025-05-15 10:31:00
13000002402,20250515,2606,1,8,,2025-05-15 10:43:58
13000002403,20250515,2487,1,10,"Excelente botella, mantiene la temperatura",2025-05-15 11:26:22
13000002404,20250515,342,1,8,,2025-05-15 14:08:09
13000002406,20250515,2703,2,10,Muy buena atención en la tienda,2025-05-15 16:26:29
13000002407,20250515,48,1,10,,2025-05-15 20:25:47
13000002408,20250516,2595,1,8,,2025-05-16 02:33:41
13000002409,20250516,2150,1,10,,2025-05-16 08:36:12
13000002410,20250516,739,1,7,La entrega podría ser más rápida,2025-05-16 10:37:12
13000002411,20250516,2267,1,8,La entrega podría ser más rápida,2025-05-16 14:34:53
13000002412,20250516,1637,1,10,Entrega rápida y producto excelente,2025-05-16 14:54:02
13000002413,20250516,2405,1,10,Entrega rápida y producto excelente,2025-05-16 23:54:58
13000002414,20250517,2439,1,10,,2025-05-17 02:44:54
13000002415,20250519,1583,2,8,,2025-05-19 08:26:46
13000002416,20250519,2243,2,7,"Buen producto, un poco caro",2025-05-19 10:00:00
13000002417,20250519,1806,1,8,La entrega podría ser más rápida,2025-05-19 13:53:20
13000002419,20250519,2846,1,8,"Buen producto, un poco caro",2025-05-19 18:44:48
13000002420,20250519,1906,1,8,,2025-05-19 18:56:59
13000002421,20250519,2739,1,7,,2025-05-19 23:53:01
13000002422,20250520,334,1,9,Entrega rápida y producto excelente,2025-05-20 00:49:46
13000002423,20250520,987,2,10,Todo perfecto,2025-05-20 21:59:59
13000002424,20250521,630,1,10,"Excelente botella, mantiene la temperatura",2025-05-21 14:32:26
13000002425,20250521,1331,1,9,Entrega rápida y producto excelente,2025-05-21 18:25:46
13000002426,20250521,2873,1,10,"Excelente botella, mantiene la temperatura",2025-05-21 19:33:27
13000002427,20250522,2860,1,6,La tapa pierde líquido,2025-05-22 11:25:12
13000002428,20250522,1624,1,8,La entrega podría ser más rápida,2025-05-22 12:18:42
13000002429,20250522,2877,1,9,Volvería a comprar,2025-05-22 18:57:18
13000002430,20250522,496,1,10,"Excelente botella, mantiene la temperatura",2025-05-22 20:10:07
13000002431,20250523,473,1,9,Entrega rápida y producto excelente,2025-05-23 10:12:43
13000002432,20250523,2607,1,9,Entrega rápida y producto excelente,2025-05-23 12:03:45
13000002433,20250523,2035,1,10,,2025-05-23 12:14:19
13000002434,20250523,719,1,10,Entrega rápida y producto excelente,2025-05-23 12:20:14
13000002435,20250523,670,1,7,Me gustaría más variedad de colores,2025-05-23 13:49:50
13000002436,20250523,1706,1,7,,2025-05-23 15:28:43
13000002437,20250523,398,1,10,,2025-05-23 18:53:25
13000002438,20250523,2909,1,10,,2025-05-23 21:49:22
13000002439,20250524,1176,2,9,Muy buena atención en la tienda,2025-05-24 01:59:24
13000002440,20250524,1305,1,10,,2025-05-24 02:55:49
13000002441,20250524,2504,1,10,Volvería a comprar,2025-05-24 10:10:13
13000002442,20250524,2945,2,6,La tapa pierde líquido,2025-05-24 15:21:31
13000002443,20250526,2884,1,8,"Buen producto, un poco caro",2025-05-26 10:16:42
13000002444,20250526,648,1,6,Tuve que devolverlo,2025-05-26 10:20:36
13000002445,20250526,2114,1,10,Entrega rápida y producto excelente,2025-05-26 11:04:04
13000002446,20250526,1352,1,6,No cumplió mis expectativas,2025-05-26 11:18:45
13000002447,20250526,2883,1,8,La entrega podría ser más rápida,2025-05-26 12:35:39
13000002448,20250526,2885,1,10,"Excelente botella, mantiene la temperatura",2025-05-26 12:48:19
13000002449,20250526,2549,1,9,"Excelente botella, mantiene la temperatura",2025-05-26 12:57:22
13000002450,20250526,2480,1,5,Llegó con la caja dañada,2025-05-26 14:04:10
13000002451,20250526,2128,1,8,,2025-05-26 14:11:48
13000002452,20250526,1662,1,7,Podría mejorar el empaque,2025-05-26 18:01:35
13000002453,20250526,2881,1,10,,2025-05-26 22:13:29
13000002454,20250526,1334,1,4,El envío demoró y nadie me avisó,2025-05-26 22:22:50
13000002455,20250527,184,1,9,Entrega rápida y producto excelente,2025-05-27 00:53:35
13000002456,20250527,2868,1,5,Llegó con la caja dañada,2025-05-27 04:04:14
13000002457,20250527,909,1,5,Tardó mucho más de lo esperado,2025-05-27 04:26:55
13000002458,20250527,2875,1,8,,2025-05-27 06:57:49
13000002459,20250527,2957,2,10,Volvería a comprar,2025-05-27 10:00:44
13000002460,20250527,42,1,9,Entrega rápida y producto excelente,2025-05-27 10:16:27
13000002461,20250527,542,1,7,"Buen producto, un poco caro",2025-05-27 11:40:40
13000002463,20250527,2910,1,5,Tuve que devolverlo,2025-05-27 12:41:46
13000002464,20250527,2571,1,8,Me gustaría más variedad de colores,2025-05-27 13:00:16
13000002465,20250527,2711,2,9,,2025-05-27 13:45:01
13000002466,20250527,871,1,6,,2025-05-27 14:30:20
13000002467,20250527,2171,1,6,,2025-05-27 14:42:16
13000002468,20250528,1109,1,8,"Correcto, sin sorpresas",2025-05-28 00:32:37
13000002469,20250528,1946,1,9,,2025-05-28 00:55:55
13000002470,20250528,2781,1,8,Me gustaría más variedad de colores,2025-05-28 01:14:46
13000002471,20250528,2415,1,10,Muy conforme con la calidad,2025-05-28 02:53:02
13000002472,20250528,2165,1,7,,2025-05-28 05:35:21
13000002473,20250528,560,2,10,Muy buena atención en la tienda,2025-05-28 06:10:57
13000002474,20250528,2575,1,9,,2025-05-28 10:36:54
13000002475,20250528,2882,1,8,La entrega podría ser más rápida,2025-05-28 11:42:21
13000002476,20250528,2018,1,10,Entrega rápida y producto excelente,2025-05-28 12:17:46
13000002477,20250528,2887,1,8,,2025-05-28 12:18:36
13000002478,20250528,1851,2,8,,2025-05-28 13:40:51
13000002479,20250528,2650,1,5,La tapa pierde líquido,2025-05-28 16:27:41
13000002480,20250528,2853,1,6,La tapa pierde líquido,2025-05-28 17:55:32
13000002481,20250528,2962,2,8,,2025-05-28 17:58:07
13000002482,20250528,2959,2,7,,2025-05-28 18:04:49
13000002483,20250528,2856,1,5,La tapa pierde líquido,2025-05-28 19:29:29
13000002484,20250528,58,1,9,,2025-05-28 20:44:24
13000002485,20250528,1422,1,7,,2025-05-28 22:50:12
13000002486,20250529,705,1,9,Entrega rápida y producto excelente,2025-05-29 08:01:15
13000002487,20250529,2253,2,7,Me gustaría más variedad de colores,2025-05-29 10:43:14
13000002488,20250529,2391,2,10,Muy buena atención en la tienda,2025-05-29 12:08:40
13000002489,20250529,2248,1,9,Entrega rápida y producto excelente,2025-05-29 17:44:44
13000002490,20250529,1095,1,9,Entrega rápida y producto excelente,2025-05-29 18:40:48
13000002491,20250529,1876,1,7,Podría mejorar el empaque,2025-05-29 19:46:52
13000002492,20250529,836,1,2,El envío demoró y nadie me avisó,2025-05-29 21:47:42
13000002493,20250530,2605,1,6,Tardó mucho más de lo esperado,2025-05-30 02:30:44
13000002494,20250530,2899,1,6,El envío demoró y nadie me avisó,2025-05-30 11:51:41
13000002495,20250531,1089,2,9,Volvería a comprar,2025-05-31 01:20:25
13000002496,20250531,622,1,7,Me gustaría más variedad de colores,2025-05-31 02:07:13
13000002497,20250531,1207,2,8,,2025-05-31 07:16:40
13000002498,20250531,2969,2,8,"Buen producto, un poco caro",2025-05-31 14:41:57
13000002499,20250601,1842,1,3,La tapa pierde líquido,2025-06-01 01:10:15
13000002500,20250601,1175,2,10,Muy buena atención en la tienda,2025-06-01 10:23:05
13000002501,20250601,1121,2,9,,2025-06-01 12:56:09
13000002502,20250602,2926,1,10,Muy conforme con la calidad,2025-06-02 15:42:28
13000002503,20250602,1479,1,10,,2025-06-02 16:07:07
13000002504,20250602,2154,1,7,"Buen producto, un poco caro",2025-06-02 17:49:06
13000002505,20250603,2821,2,8,,2025-06-03 11:16:34
13000002506,20250603,925,2,8,,2025-06-03 12:01:43
13000002507,20250603,1969,1,10,"Excelente botella, mantiene la temperatura",2025-06-03 12:40:27
13000002508,20250603,2476,1,9,,2025-06-03 19:16:52
13000002509,20250604,1631,2,8,,2025-06-04 10:25:48
13000002510,20250604,2198,1,9,Volvería a comprar,2025-06-04 10:54:22
13000002513,20250604,420,1,10,Muy conforme con la calidad,2025-06-04 14:32:14
13000002514,20250604,1687,1,7,,2025-06-04 16:21:29
13000002515,20250605,2644,2,10,Muy conforme con la calidad,2025-06-05 00:53:07
13000002516,20250605,1816,1,10,Entrega rápida y producto excelente,2025-06-05 06:42:15
13000002518,20250605,2953,1,8,La entrega podría ser más rápida,2025-06-05 11:57:47
13000002519,20250606,2955,1,9,,2025-06-06 14:16:30
13000002520,20250606,703,1,8,,2025-06-06 14:23:13
13000002521,20250607,2795,1,8,Me gustaría más variedad de colores,2025-06-07 05:27:03
13000002523,20250607,1989,2,8,,2025-06-07 11:08:45
13000002524,20250607,2998,2,8,"Buen producto, un poco caro",2025-06-07 13:16:01
13000002525,20250608,2443,1,8,,2025-06-08 01:11:09
13000002526,20250608,1512,2,10,,2025-06-08 01:32:39
13000002527,20250608,2353,1,9,,2025-06-08 08:19:25
13000002528,20250608,2684,2,10,,2025-06-08 11:40:48
13000002529,20250608,3007,2,9,Muy buena atención en la tienda,2025-06-08 12:02:24
13000002530,20250608,1051,2,6,,2025-06-08 12:05:45
13000002531,20250608,2367,2,8,"Buen producto, un poco caro",2025-06-08 13:14:31
13000002532,20250608,1334,2,10,Muy buena atención en la tienda,2025-06-08 22:02:58
13000002533,20250608,2493,2,9,,2025-06-08 22:28:51
13000002534,20250609,2694,1,10,"Excelente botella, mantiene la temperatura",2025-06-09 10:51:51
13000002535,20250609,783,1,9,Entrega rápida y producto excelente,2025-06-09 20:34:31
13000002536,20250609,1655,2,8,,2025-06-09 21:17:24
13000002537,20250610,2594,1,9,,2025-06-10 06:24:07
13000002538,20250610,2966,1,5,,2025-06-10 10:44:49
13000002539,20250610,2693,1,10,Muy conforme con la calidad,2025-06-10 12:00:16
13000002540,20250610,1313,1,10,,2025-06-10 18:22:22
13000002541,20250611,2458,1,9,,2025-06-11 02:46:32
13000002542,20250611,2520,1,10,Entrega rápida y producto excelente,2025-06-11 12:52:52
13000002543,20250611,1272,2,5,Llegó con la caja dañada,2025-06-11 16:04:21
13000002544,20250612,2022,1,9,Entrega rápida y producto excelente,2025-06-12 07:46:12
13000002545,20250612,2215,2,8,,2025-06-12 09:46:44
13000002546,20250612,338,2,9,Volvería a comprar,2025-06-12 10:02:48
13000002547,20250612,2972,1,7,La entrega podría ser más rápida,2025-06-12 10:07:47
13000002548,20250612,2265,1,8,"Buen producto, un poco caro",2025-06-12 12:19:18
13000002549,20250612,2260,1,8,"Correcto, sin sorpresas",2025-06-12 12:38:06
13000002550,20250612,2986,1,10,Todo perfecto,2025-06-12 12:55:51
13000002551,20250612,2020,1,9,Todo perfecto,2025-06-12 13:38:13
13000002552,20250612,2905,2,10,Muy conforme con la calidad,2025-06-12 14:30:24
13000002553,20250612,2071,1,6,No cumplió mis expectativas,2025-06-12 14:36:37
13000002554,20250612,1337,1,10,Todo perfecto,2025-06-12 15:54:51
13000002555,20250612,1594,2,9,"Excelente botella, mantiene la temperatura",2025-06-12 22:24:37
13000002556,20250612,1001,1,9,Volvería a comprar,2025-06-12 23:57:41
13000002557,20250613,1931,1,7,Podría mejorar el empaque,2025-06-13 01:33:25
13000002558,20250613,2775,2,9,Volvería a comprar,2025-06-13 03:38:29
13000002559,20250613,670,1,7,La entrega podría ser más rápida,2025-06-13 04:15:43
13000002560,20250613,2841,1,6,Llegó con la caja dañada,2025-06-13 05:22:12
13000002561,20250613,1489,2,7,"Buen producto, un poco caro",2025-06-13 07:55:47
13000002562,20250613,2291,1,7,La entrega podría ser más rápida,2025-06-13 11:31:19
13000002563,20250613,3040,2,10,Muy buena atención en la tienda,2025-06-13 11:55:55
13000002564,20250614,2635,1,7,Podría mejorar el empaque,2025-06-14 04:07:13
13000002565,20250614,2378,1,8,,2025-06-14 04:11:47
13000002566,20250614,2971,1,10,"Excelente botella, mantiene la temperatura",2025-06-14 14:43:11
13000002567,20250614,1589,2,10,,2025-06-14 15:32:52
13000002568,20250615,3046,2,8,,2025-06-15 14:14:23
13000002569,20250615,2556,2,10,Muy buena atención en la tienda,2025-06-15 22:58:49
13000002571,20250616,1223,1,9,"Excelente botella, mantiene la temperatura",2025-06-16 12:36:53
13000002572,20250616,2095,1,10,"Excelente botella, mantiene la temperatura",2025-06-16 14:07:07
13000002574,20250617,1736,1,10,,2025-06-17 11:29:44
13000002575,20250617,1555,1,7,,2025-06-17 12:20:17
13000002576,20250617,952,1,6,La tapa pierde líquido,2025-06-17 14:39:49
13000002577,20250617,2747,1,7,Me gustaría más variedad de colores,2025-06-17 15:37:18
13000002578,20250617,3015,1,8,Podría mejorar el empaque,2025-06-17 16:59:59
13000002579,20250618,1978,1,7,Podría mejorar el empaque,2025-06-18 00:41:29
13000002580,20250618,2990,1,9,Entrega rápida y producto excelente,2025-06-18 05:09:28
13000002581,20250618,3059,2,10,"Excelente botella, mantiene la temperatura",2025-06-18 09:44:11
13000002582,20250618,2271,2,10,Muy buena atención en la tienda,2025-06-18 10:52:56
13000002583,20250618,3011,1,7,,2025-06-18 11:02:51
13000002584,20250618,2300,1,9,,2025-06-18 11:14:12
13000002585,20250618,2716,1,6,La tapa pierde líquido,2025-06-18 13:36:32
13000002586,20250618,652,1,8,,2025-06-18 15:53:35
13000002587,20250618,1859,1,9,,2025-06-18 22:34:10
13000002588,20250619,2157,2,9,"Excelente botella, mantiene la temperatura",2025-06-19 00:57:57
13000002589,20250619,1571,2,6,Poco stock en la tienda,2025-06-19 10:03:54
13000002590,20250619,1114,1,7,"Correcto, sin sorpresas",2025-06-19 13:51:40
13000002591,20250619,163,1,5,No cumplió mis expectativas,2025-06-19 14:22:25
13000002592,20250619,1610,1,7,,2025-06-19 16:26:05
13000002593,20250619,3010,1,10,,2025-06-19 20:10:30
13000002594,20250619,300,1,8,Me gustaría más variedad de colores,2025-06-19 23:49:05
13000002595,20250620,2793,1,10,Entrega rápida y producto excelente,2025-06-20 03:05:36
13000002596,20250620,2269,1,7,,2025-06-20 10:33:02
13000002597,20250620,1398,1,9,,2025-06-20 11:00:07
13000002598,20250620,3009,1,7,,2025-06-20 13:32:53
13000002599,20250620,3023,1,10,Entrega rápida y producto excelente,2025-06-20 13:43:01
13000002601,20250621,2863,2,10,,2025-06-21 12:28:26
13000002602,20250621,3068,2,8,,2025-06-21 14:33:18
13000002603,20250622,1192,2,10,Muy buena atención en la tienda,2025-06-22 15:02:10
13000002604,20250622,1618,2,9,"Excelente botella, mantiene la temperatura",2025-06-22 15:15:52
13000002605,20250622,276,2,8,Me gustaría más variedad de colores,2025-06-22 16:08:36
13000002606,20250622,1343,2,7,"Correcto, sin sorpresas",2025-06-22 16:24:26
13000002607,20250622,338,2,8,,2025-06-22 20:21:06
13000002608,20250622,1863,2,10,Volvería a comprar,2025-06-22 22:01:40
13000002609,20250623,850,2,6,La tapa pierde líquido,2025-06-23 00:18:07
13000002610,20250623,2499,2,8,Podría mejorar el empaque,2025-06-23 00:32:39
13000002611,20250623,1631,2,7,,2025-06-23 04:45:14
13000002612,20250623,2729,1,7,Me gustaría más variedad de colores,2025-06-23 10:28:12
13000002613,20250623,3035,1,10,Entrega rápida y producto excelente,2025-06-23 10:34:30
13000002614,20250623,2675,2,8,,2025-06-23 12:03:43
13000002615,20250623,356,1,8,,2025-06-23 14:25:25
13000002616,20250623,3038,1,9,Todo perfecto,2025-06-23 14:46:37
13000002617,20250623,3032,1,9,Entrega rápida y producto excelente,2025-06-23 16:38:10
13000002618,20250623,2391,2,9,,2025-06-23 18:51:11
13000002619,20250623,3031,1,10,Entrega rápida y producto excelente,2025-06-23 21:38:26
13000002620,20250623,2340,1,8,Podría mejorar el empaque,2025-06-23 23:33:08
13000002622,20250624,2421,1,7,,2025-06-24 10:29:23
13000002623,20250624,3078,2,8,,2025-06-24 12:00:48
13000002624,20250624,267,2,9,,2025-06-24 15:19:22
13000002625,20250624,3029,1,10,Volvería a comprar,2025-06-24 22:33:50
13000002627,20250625,1509,1,5,Tuve que devolverlo,2025-06-25 11:12:12
13000002628,20250625,3041,1,8,"Buen producto, un poco caro",2025-06-25 11:35:02
13000002629,20250625,1677,1,7,"Correcto, sin sorpresas",2025-06-25 11:58:32
13000002630,20250625,177,2,7,,2025-06-25 12:21:43
13000002631,20250625,1706,1,7,"Buen producto, un poco caro",2025-06-25 12:46:20
13000002632,20250625,2616,2,10,Volvería a comprar,2025-06-25 12:55:35
13000002633,20250625,2310,1,9,"Excelente botella, mantiene la temperatura",2025-06-25 17:16:46
13000002634,20250625,2014,1,10,,2025-06-25 20:15:28
13000002635,20250625,2584,1,8,La entrega podría ser más rápida,2025-06-25 21:20:14
13000002636,20250626,2015,2,8,"Correcto, sin sorpresas",2025-06-26 00:59:03
13000002637,20250626,1375,1,9,,2025-06-26 01:46:12
13000002638,20250626,1313,1,6,La tapa pierde líquido,2025-06-26 02:23:18
13000002639,20250626,2031,1,8,,2025-06-26 12:03:35
13000002640,20250626,2336,1,10,,2025-06-26 13:53:58
13000002641,20250626,1787,2,9,Muy conforme con la calidad,2025-06-26 14:23:29
13000002642,20250626,1939,1,9,,2025-06-26 17:36:53
13000002643,20250627,2197,2,5,Poco stock en la tienda,2025-06-27 10:18:04
13000002644,20250627,2146,1,7,Podría mejorar el empaque,2025-06-27 11:47:31
13000002645,20250627,1245,2,10,,2025-06-27 11:47:48
13000002646,20250627,3061,1,10,Muy conforme con la calidad,2025-06-27 13:24:01
13000002647,20250627,2894,1,8,,2025-06-27 15:06:52
13000002648,20250627,3057,1,9,Entrega rápida y producto excelente,2025-06-27 18:32:28
13000002649,20250627,1802,1,8,La entrega podría ser más rápida,2025-06-27 19:59:06
13000002650,20250628,3055,1,7,,2025-06-28 02:34:27
13000002651,20250628,1753,1,7,La entrega podría ser más rápida,2025-06-28 06:20:13
13000002652,20250628,440,1,6,,2025-06-28 06:45:29
13000002653,20250628,756,1,8,,2025-06-28 11:38:09
13000002654,20250628,2124,2,9,Muy buena atención en la tienda,2025-06-28 15:43:09
13000002655,20250628,1942,2,10,Muy buena atención en la tienda,2025-06-28 16:20:30
13000002657,20250629,1988,2,8,,2025-06-29 01:50:04
13000002658,20250629,3092,2,7,,2025-06-29 08:10:06
13000002659,20250629,3023,2,7,Me gustaría más variedad de colores,2025-06-29 21:55:23
13000002660,20250630,3095,2,8,"Buen producto, un poco caro",2025-06-30 08:49:56
13000002661,20250630,2501,1,7,La entrega podría ser más rápida,2025-06-30 11:30:47
13000002662,20250701,426,1,9,"Excelente botella, mantiene la temperatura",2025-07-01 04:29:03
13000002663,20250701,184,1,6,La tapa pierde líquido,2025-07-01 10:08:53
13000002664,20250701,1484,1,10,,2025-07-01 15:47:27
13000002665,20250702,3105,2,9,Volvería a comprar,2025-07-02 10:17:14
13000002666,20250702,2193,1,7,La entrega podría ser más rápida,2025-07-02 10:48:44
13000002667,20250702,172,1,7,"Correcto, sin sorpresas",2025-07-02 12:47:57
13000002668,20250702,1429,1,9,,2025-07-02 15:50:01
13000002669,20250702,572,1,9,Entrega rápida y producto excelente,2025-07-02 16:36:39
13000002670,20250702,2728,1,4,Llegó con la caja dañada,2025-07-02 17:35:16
13000002671,20250702,2463,1,6,,2025-07-02 19:37:13
13000002672,20250702,1956,1,9,,2025-07-02 20:09:10
13000002673,20250702,2372,1,7,,2025-07-02 21:27:41
13000002674,20250703,1485,1,9,Entrega rápida y producto excelente,2025-07-03 08:55:11
13000002675,20250703,2770,1,10,Entrega rápida y producto excelente,2025-07-03 10:22:23
13000002676,20250703,1404,1,6,,2025-07-03 12:31:21
13000002677,20250703,1159,1,8,,2025-07-03 15:17:17
13000002678,20250703,1748,1,8,La entrega podría ser más rápida,2025-07-03 15:32:42
13000002679,20250704,2,1,7,,2025-07-04 10:26:57
13000002680,20250704,2890,2,5,,2025-07-04 15:43:55
13000002681,20250704,2602,1,6,La tapa pierde líquido,2025-07-04 16:21:25
13000002682,20250704,2415,1,9,,2025-07-04 19:52:23
13000002683,20250704,161,1,7,Podría mejorar el empaque,2025-07-04 20:37:56
13000002684,20250705,3116,2,7,,2025-07-05 12:30:37
13000002685,20250705,1710,1,10,Muy conforme con la calidad,2025-07-05 14:34:28
13000002686,20250706,1235,2,10,,2025-07-06 13:27:21
13000002687,20250706,402,2,10,Muy buena atención en la tienda,2025-07-06 20:00:05
13000002688,20250707,2425,1,8,La entrega podría ser más rápida,2025-07-07 11:18:23
13000002689,20250707,2553,1,8,La entrega podría ser más rápida,2025-07-07 12:53:33
13000002690,20250707,1118,1,8,,2025-07-07 21:37:34
13000002691,20250708,395,2,7,"Buen producto, un poco caro",2025-07-08 16:28:05
13000002692,20250708,2922,1,10,Entrega rápida y producto excelente,2025-07-08 21:01:25
13000002693,20250709,227,2,7,"Buen producto, un poco caro",2025-07-09 08:57:35
13000002694,20250709,2236,1,8,La entrega podría ser más rápida,2025-07-09 11:35:12
13000002695,20250709,2631,1,8,,2025-07-09 15:20:23
13000002696,20250709,1102,1,8,,2025-07-09 16:32:21
13000002697,20250709,2289,1,10,Entrega rápida y producto excelente,2025-07-09 17:26:18
13000002698,20250710,3088,1,8,La entrega podría ser más rápida,2025-07-10 00:18:25
13000002699,20250710,2678,1,10,Entrega rápida y producto excelente,2025-07-10 10:17:51
13000002700,20250710,2910,1,7,Podría mejorar el empaque,2025-07-10 10:30:49
13000002701,20250710,3136,2,5,,2025-07-10 13:43:15
13000002702,20250710,3109,1,8,,2025-07-10 13:54:04
13000002703,20250710,3091,1,10,"Excelente botella, mantiene la temperatura",2025-07-10 14:30:56
13000002704,20250710,1970,1,10,Entrega rápida y producto excelente,2025-07-10 17:37:05
13000002705,20250711,3099,1,9,Muy conforme con la calidad,2025-07-11 12:09:46
13000002706,20250711,1885,1,8,La entrega podría ser más rápida,2025-07-11 13:30:36
13000002707,20250711,1635,2,9,Muy conforme con la calidad,2025-07-11 15:13:23
13000002708,20250711,165,1,8,La entrega podría ser más rápida,2025-07-11 18:46:12
13000002709,20250712,646,2,9,,2025-07-12 22:01:39
13000002711,20250713,2711,2,10,,2025-07-13 19:12:01
13000002712,20250713,2170,2,7,Me gustaría más variedad de colores,2025-07-13 22:48:49
13000002713,20250714,46,1,7,"Buen producto, un poco caro",2025-07-14 10:32:30
13000002714,20250714,304,2,4,,2025-07-14 11:05:52
13000002715,20250714,3115,1,8,"Buen producto, un poco caro",2025-07-14 12:11:06
13000002716,20250714,2365,1,9,Muy conforme con la calidad,2025-07-14 14:40:52
13000002717,20250714,3110,1,7,,2025-07-14 17:47:31
13000002718,20250714,2371,1,8,,2025-07-14 19:12:10
13000002719,20250715,3125,1,8,,2025-07-15 10:23:38
13000002720,20250715,93,2,9,Muy buena atención en la tienda,2025-07-15 12:09:27
13000002721,20250715,1238,1,10,Entrega rápida y producto excelente,2025-07-15 13:53:55
13000002722,20250715,2571,1,8,,2025-07-15 14:16:35
13000002723,20250715,3156,2,7,,2025-07-15 18:26:16
13000002724,20250715,3157,2,10,,2025-07-15 20:59:53
13000002725,20250716,1057,1,10,Entrega rápida y producto excelente,2025-07-16 06:16:47
13000002726,20250716,487,2,10,Volvería a comprar,2025-07-16 10:01:52
13000002727,20250716,2089,1,9,,2025-07-16 11:05:33
13000002728,20250716,2221,1,6,No cumplió mis expectativas,2025-07-16 16:04:54
13000002729,20250716,1394,1,9,,2025-07-16 17:43:30
13000002730,20250716,2161,1,5,Llegó con la caja dañada,2025-07-16 17:52:42
13000002731,20250717,3130,1,10,"Excelente botella, mantiene la temperatura",2025-07-17 12:14:52
13000002733,20250717,3104,1,4,Tardó mucho más de lo esperado,2025-07-17 18:19:07
13000002734,20250717,1517,2,8,Podría mejorar el empaque,2025-07-17 19:59:37
13000002735,20250718,1012,1,10,,2025-07-18 10:43:51
13000002736,20250718,3134,1,9,,2025-07-18 12:19:06
13000002737,20250718,2116,1,9,Entrega rápida y producto excelente,2025-07-18 13:31:10
13000002738,20250718,1837,1,7,La entrega podría ser más rápida,2025-07-18 21:41:27
13000002739,20250719,898,1,9,,2025-07-19 05:27:32
13000002740,20250719,1863,2,7,Podría mejorar el empaque,2025-07-19 10:16:44
13000002741,20250719,407,2,8,"Buen producto, un poco caro",2025-07-19 21:00:49
13000002742,20250721,2314,1,8,,2025-07-21 11:02:22
13000002743,20250721,2786,1,10,Entrega rápida y producto excelente,2025-07-21 11:51:30
13000002744,20250721,3138,1,10,"Excelente botella, mantiene la temperatura",2025-07-21 12:39:31
13000002745,20250721,3120,1,6,Tardó mucho más de lo esperado,2025-07-21 15:54:39
13000002746,20250721,2959,2,10,Muy buena atención en la tienda,2025-07-21 21:44:51
13000002747,20250722,3144,1,9,Entrega rápida y producto excelente,2025-07-22 12:15:21
13000002748,20250722,1360,1,7,La entrega podría ser más rápida,2025-07-22 13:56:44
13000002749,20250722,3129,1,6,El envío demoró y nadie me avisó,2025-07-22 20:28:13
13000002750,20250723,3146,1,9,Muy conforme con la calidad,2025-07-23 01:06:25
13000002751,20250723,3137,1,6,Llegó con la caja dañada,2025-07-23 01:38:01
13000002752,20250723,3152,1,7,Me gustaría más variedad de colores,2025-07-23 10:13:16
13000002753,20250723,3154,1,10,,2025-07-23 10:29:24
13000002754,20250723,2583,1,10,Volvería a comprar,2025-07-23 11:08:13
13000002755,20250723,3060,2,8,,2025-07-23 12:41:44
13000002756,20250723,2752,1,8,,2025-07-23 14:57:03
13000002757,20250723,421,1,8,"Correcto, sin sorpresas",2025-07-23 17:39:56
13000002758,20250724,213,1,10,,2025-07-24 11:38:02
13000002759,20250724,3145,1,10,Entrega rápida y producto excelente,2025-07-24 12:42:22
13000002760,20250724,1404,2,10,Muy conforme con la calidad,2025-07-24 14:22:41
13000002761,20250724,3151,1,8,Me gustaría más variedad de colores,2025-07-24 16:36:24
13000002763,20250724,2111,1,2,,2025-07-24 18:58:39
13000002764,20250724,613,2,7,Podría mejorar el empaque,2025-07-24 23:05:02
13000002765,20250725,2193,1,6,No cumplió mis expectativas,2025-07-25 01:53:31
13000002766,20250725,2051,1,6,La tapa pierde líquido,2025-07-25 03:18:05
13000002767,20250725,1474,1,8,"Correcto, sin sorpresas",2025-07-25 05:31:36
13000002768,20250725,3125,2,4,La tapa pierde líquido,2025-07-25 10:00:00
13000002769,20250725,2460,2,7,,2025-07-25 12:40:44
13000002770,20250725,2928,1,10,"Excelente botella, mantiene la temperatura",2025-07-25 15:04:13
13000002771,20250726,2391,2,10,Muy buena atención en la tienda,2025-07-26 10:26:53
13000002772,20250726,2686,1,8,,2025-07-26 23:06:26
13000002773,20250727,2513,2,10,"Excelente botella, mantiene la temperatura",2025-07-27 03:30:23
13000002774,20250727,1335,2,9,,2025-07-27 10:06:03
13000002775,20250727,1870,2,8,,2025-07-27 10:09:52
13000002776,20250727,1645,2,10,,2025-07-27 14:19:31
13000002777,20250727,2199,2,6,Poco stock en la tienda,2025-07-27 22:03:07
13000002778,20250728,3158,1,7,,2025-07-28 11:18:37
13000002779,20250728,1371,1,8,"Buen producto, un poco caro",2025-07-28 11:52:44
13000002780,20250728,2138,1,9,,2025-07-28 16:18:40
13000002781,20250728,3165,2,9,Muy buena atención en la tienda,2025-07-28 17:57:29
13000002782,20250728,2156,1,8,"Correcto, sin sorpresas",2025-07-28 19:08:32
13000002783,20250729,2492,1,9,Entrega rápida y producto excelente,2025-07-29 06:03:33
13000002784,20250729,1716,1,8,La entrega podría ser más rápida,2025-07-29 06:39:41
13000002785,20250729,2549,1,7,La entrega podría ser más rápida,2025-07-29 08:18:35
13000002786,20250729,2930,1,9,Entrega rápida y producto excelente,2025-07-29 10:41:50
13000002787,20250729,3086,1,8,,2025-07-29 11:07:44
13000002788,20250729,2979,2,3,Tuve que devolverlo,2025-07-29 13:10:25
13000002789,20250729,2675,1,7,Podría mejorar el empaque,2025-07-29 13:49:48
13000002790,20250729,2086,1,7,,2025-07-29 16:09:47
13000002791,20250729,2816,2,7,,2025-07-29 16:28:19
13000002792,20250729,714,2,7,,2025-07-29 17:57:05
13000002793,20250729,1780,1,7,Podría mejorar el empaque,2025-07-29 19:12:29
13000002794,20250730,420,1,6,Llegó con la caja dañada,2025-07-30 10:31:47
13000002795,20250730,3203,2,10,Muy conforme con la calidad,2025-07-30 12:39:39
13000002796,20250730,2174,2,9,,2025-07-30 15:18:05
13000002797,20250730,2552,1,8,La entrega podría ser más rápida,2025-07-30 16:28:09
13000002798,20250730,2900,1,3,Tuve que devolverlo,2025-07-30 16:42:20
13000002799,20250730,3174,1,9,,2025-07-30 23:01:51
13000002800,20250731,2703,1,10,Entrega rápida y producto excelente,2025-07-31 01:45:38
13000002801,20250731,1941,1,10,Entrega rápida y producto excelente,2025-07-31 03:14:00
13000002802,20250731,952,1,7,,2025-07-31 12:31:01
13000002803,20250731,2921,2,10,,2025-07-31 17:12:39
13000002804,20250731,1376,2,8,,2025-07-31 20:16:22
13000002805,20250801,2976,1,10,,2025-08-01 10:56:05
13000002806,20250801,2993,1,6,Llegó con la caja dañada,2025-08-01 11:13:00
13000002807,20250801,3179,1,6,La tapa pierde líquido,2025-08-01 19:03:50
13000002808,20250801,2336,1,9,Todo perfecto,2025-08-01 22:55:10
13000002809,20250802,1753,1,8,Me gustaría más variedad de colores,2025-08-02 10:25:43
13000002810,20250802,3217,2,10,"Excelente botella, mantiene la temperatura",2025-08-02 14:19:43
13000002811,20250803,3219,2,8,,2025-08-03 16:34:07
13000002812,20250804,1436,1,7,La entrega podría ser más rápida,2025-08-04 13:59:06
13000002813,20250804,1949,1,9,Volvería a comprar,2025-08-04 16:07:37
13000002814,20250804,1001,1,7,,2025-08-04 17:08:26
13000002815,20250805,1071,1,8,,2025-08-05 12:22:31
13000002816,20250805,2453,2,10,,2025-08-05 15:30:20
13000002817,20250806,3198,1,10,,2025-08-06 11:25:50
13000002818,20250806,2772,1,8,,2025-08-06 11:36:34
13000002819,20250806,1955,1,10,,2025-08-06 12:09:23
13000002820,20250806,2812,1,10,,2025-08-06 12:20:12
13000002821,20250806,3202,1,8,Podría mejorar el empaque,2025-08-06 18:38:08
13000002822,20250806,1437,1,10,,2025-08-06 19:10:09
13000002823,20250807,3228,2,9,Muy buena atención en la tienda,2025-08-07 05:05:24
13000002824,20250807,617,2,7,"Correcto, sin sorpresas",2025-08-07 06:43:47
13000002825,20250807,2155,2,8,"Buen producto, un poco caro",2025-08-07 10:00:00
13000002826,20250807,3195,1,8,"Buen producto, un poco caro",2025-08-07 10:23:38
13000002827,20250807,1207,1,10,Entrega rápida y producto excelente,2025-08-07 10:27:05
13000002828,20250807,944,1,5,Llegó con la caja dañada,2025-08-07 10:47:22
13000002829,20250807,1466,2,3,Tuve que devolverlo,2025-08-07 11:13:09
13000002830,20250807,2478,2,8,,2025-08-07 13:48:15
13000002831,20250807,2194,1,9,,2025-08-07 14:05:27
13000002832,20250808,3245,2,6,Tuve que esperar mucho en la caja,2025-08-08 15:29:27
13000002833,20250808,3244,2,10,Muy buena atención en la tienda,2025-08-08 18:06:11
13000002834,20250809,210,2,6,Tuve que esperar mucho en la caja,2025-08-09 11:28:09
13000002835,20250809,2230,1,7,Podría mejorar el empaque,2025-08-09 16:34:49
13000002836,20250811,3214,1,9,Volvería a comprar,2025-08-11 11:08:43
13000002837,20250811,1257,1,6,La tapa pierde líquido,2025-08-11 16:24:17
13000002838,20250811,2974,1,6,La tapa pierde líquido,2025-08-11 16:48:28
13000002839,20250811,3216,1,9,,2025-08-11 21:11:41
13000002840,20250811,1285,1,8,,2025-08-11 22:52:37
13000002841,20250812,3210,1,10,,2025-08-12 05:57:30
13000002842,20250812,3220,2,10,Muy buena atención en la tienda,2025-08-12 14:22:01
13000002843,20250812,2819,1,8,La entrega podría ser más rápida,2025-08-12 19:14:43
13000002844,20250813,3206,1,6,Tardó mucho más de lo esperado,2025-08-13 00:22:36
13000002845,20250813,2526,1,7,La entrega podría ser más rápida,2025-08-13 04:41:03
13000002846,20250813,2502,1,7,,2025-08-13 10:43:15
13000002847,20250813,1662,2,9,"Excelente botella, mantiene la temperatura",2025-08-13 11:38:04
13000002848,20250813,1740,2,9,Muy buena atención en la tienda,2025-08-13 15:52:53
13000002849,20250813,389,2,8,,2025-08-13 20:43:47
13000002850,20250814,3230,1,7,,2025-08-14 12:08:10
13000002851,20250814,1705,1,8,,2025-08-14 13:58:43
13000002852,20250814,3271,2,10,,2025-08-14 16:33:40
13000002853,20250814,3272,2,8,"Buen producto, un poco caro",2025-08-14 16:38:34
13000002854,20250814,1429,1,8,,2025-08-14 19:00:41
13000002855,20250814,2968,1,7,,2025-08-14 22:31:58
13000002856,20250815,215,1,8,,2025-08-15 03:33:02
13000002857,20250815,2105,1,8,"Buen producto, un poco caro",2025-08-15 09:21:13
13000002858,20250815,1942,2,8,Me gustaría más variedad de colores,2025-08-15 11:00:57
13000002859,20250815,3218,1,4,Tuve que devolverlo,2025-08-15 11:26:29
13000002860,20250815,2342,1,7,Me gustaría más variedad de colores,2025-08-15 11:59:08
13000002861,20250815,2805,2,8,"Buen producto, un poco caro",2025-08-15 12:44:22
13000002862,20250815,69,1,8,Podría mejorar el empaque,2025-08-15 16:38:08
13000002863,20250815,870,1,10,Entrega rápida y producto excelente,2025-08-15 19:48:15
13000002864,20250815,3235,1,10,Volvería a comprar,2025-08-15 20:44:34
13000002865,20250816,1594,1,7,La entrega podría ser más rápida,2025-08-16 11:42:51
13000002866,20250816,2308,1,9,Entrega rápida y producto excelente,2025-08-16 18:14:09
13000002867,20250817,2167,2,9,Muy conforme con la calidad,2025-08-17 04:18:01
13000002868,20250817,258,2,9,Muy buena atención en la tienda,2025-08-17 10:04:39
13000002869,20250817,1268,2,10,,2025-08-17 10:35:33
13000002871,20250817,3285,2,7,,2025-08-17 13:14:11
13000002872,20250817,3283,2,8,,2025-08-17 17:12:32
13000002873,20250818,2396,2,9,Muy buena atención en la tienda,2025-08-18 00:16:06
13000002874,20250818,2152,2,10,,2025-08-18 09:09:09
13000002875,20250818,3246,1,10,Entrega rápida y producto excelente,2025-08-18 10:33:35
13000002876,20250818,2960,1,7,La entrega podría ser más rápida,2025-08-18 12:58:43
13000002877,20250818,3241,1,8,,2025-08-18 17:38:50
13000002878,20250818,2352,1,7,La entrega podría ser más rápida,2025-08-18 19:23:22
13000002879,20250819,3227,1,6,La tapa pierde líquido,2025-08-19 06:46:03
13000002881,20250819,70,1,8,"Buen producto, un poco caro",2025-08-19 13:43:38
13000002882,20250819,2776,1,9,,2025-08-19 15:19:47
13000002883,20250820,2360,1,8,La entrega podría ser más rápida,2025-08-20 01:19:36
13000002884,20250820,3257,1,8,,2025-08-20 10:22:43
13000002885,20250820,2747,1,10,Muy conforme con la calidad,2025-08-20 13:23:03
13000002886,20250820,2840,1,7,Me gustaría más variedad de colores,2025-08-20 17:46:16
13000002887,20250820,3253,1,10,,2025-08-20 19:48:44
13000002888,20250820,2761,1,9,Entrega rápida y producto excelente,2025-08-20 21:25:21
13000002889,20250821,2493,2,10,,2025-08-21 03:58:21
13000002890,20250821,1966,1,10,"Excelente botella, mantiene la temperatura",2025-08-21 11:28:29
13000002891,20250821,2372,1,9,Todo perfecto,2025-08-21 12:27:45
13000002892,20250821,2682,1,8,,2025-08-21 18:16:28
13000002893,20250821,517,1,9,,2025-08-21 18:40:06
13000002894,20250821,1847,1,6,Llegó con la caja dañada,2025-08-21 19:08:10
13000002895,20250821,1940,2,7,,2025-08-21 19:51:45
13000002896,20250821,1415,1,8,"Buen producto, un poco caro",2025-08-21 19:55:15
13000002897,20250822,1895,2,9,Muy conforme con la calidad,2025-08-22 10:59:50
13000002898,20250822,1864,1,5,Llegó con la caja dañada,2025-08-22 12:25:30
13000002899,20250822,73,1,7,"Correcto, sin sorpresas",2025-08-22 15:04:11
13000002900,20250822,3250,1,10,"Excelente botella, mantiene la temperatura",2025-08-22 15:29:25
13000002901,20250822,3248,1,7,La entrega podría ser más rápida,2025-08-22 16:04:55
13000002902,20250822,2468,1,10,,2025-08-22 19:09:26
13000002904,20250823,336,2,10,Muy conforme con la calidad,2025-08-23 10:30:48
13000002905,20250823,3314,2,8,"Correcto, sin sorpresas",2025-08-23 11:36:57
13000002906,20250823,2918,2,9,Muy buena atención en la tienda,2025-08-23 14:52:51
13000002907,20250823,2712,2,10,Todo perfecto,2025-08-23 15:54:15
13000002908,20250823,3310,2,8,,2025-08-23 19:03:19
13000002909,20250824,1085,2,8,Podría mejorar el empaque,2025-08-24 01:41:11
13000002910,20250824,3316,2,10,Muy conforme con la calidad,2025-08-24 12:22:49
13000002911,20250824,1631,2,10,Todo perfecto,2025-08-24 13:16:27
13000002912,20250825,2760,1,8,La entrega podría ser más rápida,2025-08-25 11:36:03
13000002913,20250825,3278,1,9,"Excelente botella, mantiene la temperatura",2025-08-25 13:09:59
13000002914,20250825,3266,1,7,"Buen producto, un poco caro",2025-08-25 18:27:04
13000002915,20250825,2964,1,10,Entrega rápida y producto excelente,2025-08-25 20:32:39
13000002916,20250826,2554,1,10,"Excelente botella, mantiene la temperatura",2025-08-26 05:56:40
13000002917,20250826,2322,1,8,,2025-08-26 10:55:05
13000002918,20250826,3276,1,8,,2025-08-26 13:42:49
13000002919,20250826,3273,1,7,Podría mejorar el empaque,2025-08-26 18:13:15
13000002920,20250826,895,1,8,,2025-08-26 19:06:18
13000002921,20250827,2933,1,10,Muy conforme con la calidad,2025-08-27 10:03:17
13000002922,20250827,715,1,8,,2025-08-27 14:03:53
13000002923,20250827,1188,1,10,,2025-08-27 14:54:25
13000002924,20250827,1557,1,9,,2025-08-27 16:50:54
13000002925,20250828,2872,2,7,,2025-08-28 04:56:28
13000002926,20250828,1855,1,10,"Excelente botella, mantiene la temperatura",2025-08-28 08:36:54
13000002928,20250828,2216,2,9,Muy buena atención en la tienda,2025-08-28 10:16:30
13000002929,20250828,2638,1,8,,2025-08-28 11:20:04
13000002930,20250828,2658,1,6,,2025-08-28 11:52:58
13000002931,20250828,1654,1,10,Entrega rápida y producto excelente,2025-08-28 12:42:04
13000002932,20250828,2402,1,6,Llegó con la caja dañada,2025-08-28 14:26:59
13000002933,20250828,829,2,6,La tapa pierde líquido,2025-08-28 15:07:58
13000002934,20250828,1534,1,5,Llegó con la caja dañada,2025-08-28 16:48:36
13000002935,20250829,3297,1,9,,2025-08-29 11:14:23
13000002936,20250829,2906,1,9,"Excelente botella, mantiene la temperatura",2025-08-29 12:42:18
13000002937,20250829,2399,2,7,"Correcto, sin sorpresas",2025-08-29 13:11:14
13000002938,20250829,3339,2,10,,2025-08-29 13:54:45
13000002939,20250829,1371,1,6,,2025-08-29 16:08:29
13000002940,20250829,3287,1,9,Volvería a comprar,2025-08-29 22:57:20
13000002941,20250830,330,2,8,"Correcto, sin sorpresas",2025-08-30 03:59:06
13000002942,20250830,3345,2,10,,2025-08-30 04:20:28
13000002943,20250830,2059,1,6,Llegó con la caja dañada,2025-08-30 04:51:49
13000002944,20250830,2852,2,9,,2025-08-30 12:54:15
13000002945,20250830,1985,2,10,Muy buena atención en la tienda,2025-08-30 13:33:54
13000002946,20250830,2796,2,8,,2025-08-30 16:12:56
13000002947,20250830,1003,2,7,,2025-08-30 20:04:07
13000002948,20250831,1545,2,8,Me gustaría más variedad de colores,2025-08-31 11:27:46
13000002949,20250831,317,2,7,"Buen producto, un poco caro",2025-08-31 23:26:02
13000002950,20250901,2803,1,8,,2025-09-01 12:53:59
13000002952,20250901,2899,1,4,El envío demoró y nadie me avisó,2025-09-01 20:13:14
13000002953,20250901,3296,1,7,,2025-09-01 22:27:00
13000002954,20250902,3304,1,7,,2025-09-02 11:18:49
13000002955,20250902,3300,1,10,Muy conforme con la calidad,2025-09-02 13:59:46
13000002956,20250902,1667,1,7,,2025-09-02 16:16:39
13000002957,20250902,3299,1,10,Volvería a comprar,2025-09-02 19:06:36
13000002958,20250903,411,1,9,,2025-09-03 10:56:35
13000002959,20250903,2060,1,9,Muy conforme con la calidad,2025-09-03 10:59:13
13000002960,20250903,2716,1,7,"Correcto, sin sorpresas",2025-09-03 15:11:40
13000002961,20250903,1089,2,10,Todo perfecto,2025-09-03 15:18:34
13000002962,20250903,3313,1,7,"Correcto, sin sorpresas",2025-09-03 18:54:45
13000002963,20250903,308,1,9,,2025-09-03 19:56:51
13000002964,20250904,2180,1,9,Entrega rápida y producto excelente,2025-09-04 00:13:58
13000002965,20250904,2742,1,8,Podría mejorar el empaque,2025-09-04 10:25:10
13000002966,20250904,1852,1,9,Entrega rápida y producto excelente,2025-09-04 10:57:01
13000002967,20250904,3329,1,10,,2025-09-04 14:46:52
13000002968,20250904,578,1,8,,2025-09-04 19:28:22
13000002969,20250905,3030,1,10,Todo perfecto,2025-09-05 00:36:55
13000002970,20250905,2141,1,7,La entrega podría ser más rápida,2025-09-05 14:01:49
13000002971,20250905,2476,1,8,Podría mejorar el empaque,2025-09-05 15:47:13
13000002972,20250905,2190,1,8,La entrega podría ser más rápida,2025-09-05 19:36:02
13000002973,20250906,3328,1,10,Entrega rápida y producto excelente,2025-09-06 06:22:13
13000002974,20250906,3317,1,10,Entrega rápida y producto excelente,2025-09-06 08:02:27
13000002975,20250906,1679,1,9,Entrega rápida y producto excelente,2025-09-06 08:11:25
13000002976,20250906,1489,2,8,"Correcto, sin sorpresas",2025-09-06 11:31:46
13000002977,20250907,3239,2,7,Me gustaría más variedad de colores,2025-09-07 10:00:00
13000002978,20250907,3381,2,8,,2025-09-07 10:09:04
13000002979,20250907,1499,2,10,Volvería a comprar,2025-09-07 11:01:07
13000002980,20250907,2486,2,8,Me gustaría más variedad de colores,2025-09-07 18:42:47
13000002981,20250907,3383,2,4,Tuve que devolverlo,2025-09-07 19:55:15
13000002982,20250908,1929,1,7,"Correcto, sin sorpresas",2025-09-08 12:24:55
13000002984,20250908,1046,1,9,Entrega rápida y producto excelente,2025-09-08 15:18:31
13000002985,20250909,3337,1,10,Volvería a comprar,2025-09-09 04:50:31
13000002986,20250909,3348,1,4,Llegó con la caja dañada,2025-09-09 07:02:06
13000002987,20250909,3358,1,8,,2025-09-09 11:07:30
13000002988,20250909,1660,1,9,,2025-09-09 11:10:44
13000002989,20250909,1583,2,10,Todo perfecto,2025-09-09 14:35:46
13000002990,20250909,1517,1,6,La tapa pierde líquido,2025-09-09 16:48:42
13000002991,20250909,526,1,6,No cumplió mis expectativas,2025-09-09 20:20:29
13000002993,20250910,3334,1,7,,2025-09-10 10:03:47
13000002994,20250910,2671,2,9,Muy buena atención en la tienda,2025-09-10 10:30:40
13000002995,20250910,1992,1,9,Todo perfecto,2025-09-10 11:16:14
13000002996,20250910,2715,1,8,La entrega podría ser más rápida,2025-09-10 14:54:19
13000002997,20250910,671,1,10,Todo perfecto,2025-09-10 16:10:18
13000002998,20250910,3344,1,9,,2025-09-10 21:56:25
13000002999,20250911,3365,1,9,,2025-09-11 17:41:13
13000003000,20250911,249,1,9,Muy conforme con la calidad,2025-09-11 19:55:00
13000003001,20250911,2672,1,8,Me gustaría más variedad de colores,2025-09-11 21:19:58
13000003002,20250912,1196,2,7,,2025-09-12 11:43:36
13000003003,20250912,427,2,4,No cumplió mis expectativas,2025-09-12 12:58:59
13000003004,20250912,513,1,10,Todo perfecto,2025-09-12 14:53:32
13000003005,20250912,2357,1,6,Llegó con la caja dañada,2025-09-12 15:11:53
13000003006,20250913,3359,1,10,,2025-09-13 00:37:54
13000003008,20250915,2994,1,8,,2025-09-15 14:58:06
13000003009,20250915,3366,1,10,,2025-09-15 17:59:24
13000003012,20250917,2320,1,10,,2025-09-17 00:45:57
13000003013,20250917,3263,1,9,,2025-09-17 02:15:00
13000003014,20250917,2570,1,6,No cumplió mis expectativas,2025-09-17 10:33:08
13000003015,20250917,2012,1,8,La entrega podría ser más rápida,2025-09-17 11:01:08
13000003016,20250917,3386,1,9,Volvería a comprar,2025-09-17 11:39:39
13000003017,20250917,3384,1,8,La entrega podría ser más rápida,2025-09-17 12:16:27
13000003018,20250917,1627,2,10,Muy buena atención en la tienda,2025-09-17 14:56:50
13000003019,20250917,3418,2,10,,2025-09-17 15:14:49
13000003020,20250917,473,1,10,,2025-09-17 15:31:12
13000003021,20250918,3370,1,7,La entrega podría ser más rápida,2025-09-18 11:03:41
13000003022,20250918,2169,1,8,,2025-09-18 12:18:12
13000003023,20250918,3133,1,10,,2025-09-18 13:01:06
13000003024,20250918,1085,2,10,,2025-09-18 15:36:37
13000003025,20250918,3390,1,6,Llegó con la caja dañada,2025-09-18 16:33:06
13000003026,20250918,3130,1,10,Entrega rápida y producto excelente,2025-09-18 17:14:13
13000003027,20250919,3394,1,9,Todo perfecto,2025-09-19 10:11:29
13000003028,20250919,1855,1,8,,2025-09-19 11:53:00
13000003029,20250919,2598,1,5,,2025-09-19 13:30:47
13000003030,20250919,3400,1,8,Me gustaría más variedad de colores,2025-09-19 14:02:48
13000003031,20250919,1016,1,10,"Excelente botella, mantiene la temperatura",2025-09-19 18:48:09
13000003032,20250919,3368,1,7,"Correcto, sin sorpresas",2025-09-19 18:50:11
13000003033,20250920,3099,1,9,,2025-09-20 02:06:40
13000003034,20250920,2936,1,6,La tapa pierde líquido,2025-09-20 03:20:33
13000003035,20250920,1920,1,9,,2025-09-20 03:42:04
13000003036,20250920,3385,1,4,Llegó con la caja dañada,2025-09-20 04:21:22
13000003037,20250920,3190,1,9,,2025-09-20 07:42:55
13000003039,20250922,3402,1,5,Llegó con la caja dañada,2025-09-22 11:50:21
13000003040,20250922,2950,1,6,Llegó con la caja dañada,2025-09-22 18:07:51
13000003041,20250922,2489,2,7,"Correcto, sin sorpresas",2025-09-22 22:07:30
13000003042,20250922,2811,2,9,Muy buena atención en la tienda,2025-09-22 22:25:52
13000003043,20250923,30,1,8,La entrega podría ser más rápida,2025-09-23 10:31:44
13000003044,20250923,3436,2,8,,2025-09-23 11:20:38
13000003045,20250923,1360,1,7,,2025-09-23 11:56:59
13000003046,20250923,1851,1,4,,2025-09-23 12:47:13
13000003047,20250923,3417,1,9,Muy conforme con la calidad,2025-09-23 12:59:26
13000003048,20250923,475,1,8,,2025-09-23 13:52:15
13000003049,20250923,2771,1,8,,2025-09-23 14:22:52
13000003050,20250923,1973,1,6,Llegó con la caja dañada,2025-09-23 14:26:49
13000003052,20250923,3188,1,9,Volvería a comprar,2025-09-23 19:23:55
13000003053,20250923,1747,2,9,,2025-09-23 19:45:14
13000003054,20250923,3401,1,4,La tapa pierde líquido,2025-09-23 23:29:36
13000003055,20250924,1780,1,9,Volvería a comprar,2025-09-24 13:57:56
13000003056,20250924,2270,1,9,"Excelente botella, mantiene la temperatura",2025-09-24 14:44:54
13000003057,20250924,1001,1,10,Volvería a comprar,2025-09-24 16:50:17
13000003058,20250924,3407,1,9,Entrega rápida y producto excelente,2025-09-24 17:16:28
13000003059,20250925,1422,1,6,Tuve que devolverlo,2025-09-25 01:22:39
13000003060,20250925,3116,2,10,Muy buena atención en la tienda,2025-09-25 10:16:06
13000003061,20250925,2526,1,9,"Excelente botella, mantiene la temperatura",2025-09-25 13:01:37
13000003062,20250925,3445,2,8,Podría mejorar el empaque,2025-09-25 13:44:34
13000003063,20250925,2016,1,10,Entrega rápida y producto excelente,2025-09-25 19:08:08
13000003064,20250925,2114,1,10,Entrega rápida y producto excelente,2025-09-25 19:47:44
13000003066,20250926,1118,1,10,Entrega rápida y producto excelente,2025-09-26 01:07:23
13000003067,20250926,11,1,7,La entrega podría ser más rápida,2025-09-26 10:34:39
13000003068,20250926,3410,1,3,Llegó con la caja dañada,2025-09-26 14:39:56
13000003069,20250926,1302,1,10,Todo perfecto,2025-09-26 15:31:52
13000003070,20250926,2644,1,10,,2025-09-26 15:40:28
13000003071,20250926,951,1,7,,2025-09-26 18:39:24
13000003072,20250927,2891,1,9,Entrega rápida y producto excelente,2025-09-27 06:44:52
13000003073,20250927,3291,2,9,Muy buena atención en la tienda,2025-09-27 16:10:01
13000003074,20250928,2541,2,8,Me gustaría más variedad de colores,2025-09-28 09:45:09
13000003075,20250928,2744,2,5,Tuve que esperar mucho en la caja,2025-09-28 16:58:51
13000003076,20250929,160,2,8,Me gustaría más variedad de colores,2025-09-29 03:35:51
13000003077,20250929,2499,2,8,,2025-09-29 05:26:13
13000003079,20250929,941,1,6,,2025-09-29 13:14:04
13000003080,20250930,1855,1,8,La entrega podría ser más rápida,2025-09-30 12:36:39
13000003081,20250930,3464,2,8,,2025-09-30 13:47:45
13000003082,20250930,2243,2,9,Muy buena atención en la tienda,2025-09-30 23:08:58
13000002110,20250316,,2,9,Todo perfecto,2025-03-16 10:08:09
13000002142,20250322,,1,6,Llegó con la caja dañada,2025-03-22 05:41:35
13000002143,20250322,,1,7,"Correcto, sin sorpresas",2025-03-22 05:57:32
13000002181,20250328,,1,10,,2025-03-28 13:01:30
13000002188,20250328,,2,9,,2025-03-28 22:16:54
13000002218,20250405,,1,8,,2025-04-05 00:29:22
13000002224,20250408,,1,9,Entrega rápida y producto excelente,2025-04-08 22:31:40
13000002256,20250415,,1,9,Volvería a comprar,2025-04-15 16:34:20
13000002309,20250424,,1,7,Podría mejorar el empaque,2025-04-24 13:59:55
13000002328,20250428,,2,10,,2025-04-28 03:46:42
13000002352,20250502,,1,6,La tapa pierde líquido,2025-05-02 16:04:09
13000002367,20250507,,1,9,,2025-05-07 12:31:31
13000002395,20250513,,1,6,La tapa pierde líquido,2025-05-13 21:24:14
13000002405,20250515,,1,7,,2025-05-15 16:07:07
13000002418,20250519,,1,9,Entrega rápida y producto excelente,2025-05-19 16:26:26
13000002462,20250527,,1,9,,2025-05-27 11:45:08
13000002511,20250604,,1,8,,2025-06-04 11:21:06
13000002512,20250604,,2,10,"Excelente botella, mantiene la temperatura",2025-06-04 11:39:55
13000002517,20250605,,1,9,Muy conforme con la calidad,2025-06-05 11:18:26
13000002522,20250607,,1,9,Entrega rápida y producto excelente,2025-06-07 07:34:15
13000002570,20250616,,1,10,,2025-06-16 10:22:13
13000002573,20250616,,2,9,Todo perfecto,2025-06-16 14:29:20
13000002600,20250620,,1,6,La tapa pierde líquido,2025-06-20 22:38:56
13000002621,20250624,,1,9,Entrega rápida y producto excelente,2025-06-24 00:10:46
13000002626,20250625,,2,6,Tuve que devolverlo,2025-06-25 10:07:27
13000002656,20250629,,2,8,,2025-06-29 00:15:16
13000002710,20250713,,2,10,Muy buena atención en la tienda,2025-07-13 14:52:28
13000002732,20250717,,1,9,,2025-07-17 12:25:49
13000002762,20250724,,1,10,"Excelente botella, mantiene la temperatura",2025-07-24 17:31:46
13000002870,20250817,,2,8,,2025-08-17 12:23:35
13000002880,20250819,,1,8,,2025-08-19 13:21:25
13000002903,20250823,,2,7,Me gustaría más variedad de colores,2025-08-23 06:50:40
13000002927,20250828,,1,10,,2025-08-28 10:13:57
13000002951,20250901,,1,6,,2025-09-01 17:16:45
13000002983,20250908,,1,6,La tapa pierde líquido,2025-09-08 14:21:23
13000002992,20250909,,2,10,Muy buena atención en la tienda,2025-09-09 23:20:34
13000003007,20250915,,2,8,,2025-09-15 01:51:18
13000003010,20250916,,1,6,,2025-09-16 01:09:54
13000003011,20250916,,1,9,Entrega rápida y producto excelente,2025-09-16 22:48:23
13000003038,20250922,,1,6,La tapa pierde líquido,2025-09-22 10:10:14
13000003051,20250923,,1,6,No cumplió mis expectativas,2025-09-23 17:08:03
13000003065,20250925,,1,8,,2025-09-25 23:27:48
13000003078,20250929,,1,9,,2025-09-29 10:08:52
