order_id,date_key,customer_key,channel_key,store_key,province_key,subtotal,tax_amount,shipping_fee,total_amount,status
1000000020,20240102,503,2,3,3,39000.00,8190.00,0.00,47190.00,FULFILLED
1000000021,20240102,80,2,2,2,12000.00,2520.00,0.00,14520.00,FULFILLED
1000000023,20240102,491,2,2,2,12000.00,2520.00,0.00,14520.00,FULFILLED
1000000024,20240102,654,2,2,2,48000.00,10080.00,0.00,58080.00,FULFILLED
1000000025,20240102,584,2,3,3,24000.00,5040.00,0.00,29040.00,FULFILLED
1000000031,20240103,655,2,4,4,36000.00,7560.00,0.00,43560.00,FULFILLED
1000000033,20240103,332,2,3,3,69000.00,14490.00,0.00,83490.00,FULFILLED
1000000034,20240103,246,2,2,2,12000.00,2520.00,0.00,14520.00,FULFILLED
1000000035,20240103,656,2,1,1,15000.00,3150.00,0.00,18150.00,FULFILLED
1000000038,20240103,568,2,1,1,36000.00,7560.00,0.00,43560.00,FULFILLED
1000000039,20240103,406,2,2,2,27000.00,5670.00,0.00,32670.00,FULFILLED
1000000041,20240103,331,2,2,2,15000.00,3150.00,0.00,18150.00,FULFILLED
1000000043,20240103,658,2,1,1,60000.00,12600.00,0.00,72600.00,FULFILLED
1000000048,20240104,382,2,4,4,15000.00,3150.00,0.00,18150.00,FULFILLED
1000000049,20240104,132,2,2,2,39000.00,8190.00,0.00,47190.00,FULFILLED
1000000051,20240104,660,2,1,1,51000.00,10710.00,0.00,61710.00,FULFILLED
1000000052,20240104,198,2,1,1,12000.00,2520.00,0.00,14520.00,FULFILLED
1000000053,20240104,524,2,3,3,42000.00,8820.00,0.00,50820.00,FULFILLED
1000000054,20240104,661,2,4,4,24000.00,5040.00,0.00,29040.00,FULFILLED
1000000055,20240104,662,2,3,3,63000.00,13230.00,0.00,76230.00,FULFILLED
1000000058,20240104,37,2,1,1,72000.00,15120.00,0.00,87120.00,FULFILLED
1000000063,20240105,262,2,2,2,15000.00,3150.00,0.00,18150.00,FULFILLED
1000000070,20240105,665,2,3,3,36000.00,7560.00,0.00,43560.00,FULFILLED
1000000073,20240105,454,2,2,2,24000.00,5040.00,1500.00,30540.00,REFUNDED
1000000074,20240105,131,2,1,1,27000.00,5670.00,0.00,32670.00,FULFILLED
1000000077,20240105,252,2,2,2,39000.00,8190.00,0.00,47190.00,FULFILLED
1000000083,20240106,233,2,3,3,51000.00,10710.00,0.00,61710.00,FULFILLED
1000000086,20240106,326,2,4,4,27000.00,5670.00,0.00,32670.00,FULFILLED
1000000087,20240106,558,2,4,4,15000.00,3150.00,0.00,18150.00,FULFILLED
1000000088,20240106,537,2,3,3,15000.00,3150.00,1500.00,19650.00,FULFILLED
1000000090,20240106,96,2,1,1,13500.00,2835.00,0.00,16335.00,REFUNDED
1000000092,20240106,22,2,1,1,45000.00,9450.00,0.00,54450.00,FULFILLED
1000000093,20240106,628,2,3,3,54000.00,11340.00,0.00,65340.00,FULFILLED
1000000094,20240106,98,2,2,2,57000.00,11970.00,0.00,68970.00,FULFILLED
1000000095,20240106,374,2,1,1,15000.00,3150.00,0.00,18150.00,FULFILLED
1000000096,20240106,609,2,2,2,15000.00,3150.00,0.00,18150.00,FULFILLED
1000000110,20240108,426,2,1,1,15000.00,3150.00,0.00,18150.00,REFUNDED
1000000111,20240108,429,2,4,4,39000.00,8190.00,0.00,47190.00,FULFILLED
1000000115,20240108,358,2,3,3,30000.00,6300.00,0.00,36300.00,FULFILLED
1000000116,20240108,586,2,1,1,27000.00,5670.00,0.00,32670.00,FULFILLED
1000000117,20240108,71,2,2,2,15000.00,3150.00,0.00,18150.00,FULFILLED
1000000118,20240108,500,2,4,4,15000.00,3150.00,0.00,18150.00,FULFILLED
1000000119,20240108,606,2,4,4,78000.00,16380.00,0.00,94380.00,FULFILLED
1000000120,20240108,610,2,4,4,15000.00,3150.00,1800.00,19950.00,FULFILLED
1000000121,20240108,341,2,4,4,15000.00,3150.00,0.00,18150.00,FULFILLED
1000000127,20240109,338,2,1,1,12000.00,2520.00,0.00,14520.00,FULFILLED
1000000130,20240109,677,2,3,3,30000.00,6300.00,0.00,36300.00,FULFILLED
1000000132,20240109,456,2,4,4,15000.00,3150.00,0.00,18150.00,FULFILLED
1000000133,20240109,258,2,1,1,12000.00,2520.00,0.00,14520.00,FULFILLED
1000000134,20240109,175,2,3,3,60000.00,12600.00,0.00,72600.00,FULFILLED
1000000137,20240109,679,2,3,3,30000.00,6300.00,0.00,36300.00,FULFILLED
1000000139,20240109,199,2,3,3,27000.00,5670.00,0.00,32670.00,FULFILLED
1000000147,20240110,485,2,3,3,27000.00,5670.00,0.00,32670.00,CANCELLED
1000000148,20240110,247,2,1,1,42000.00,8820.00,0.00,50820.00,FULFILLED
1000000150,20240110,682,2,4,4,27000.00,5670.00,0.00,32670.00,FULFILLED
1000000151,20240110,637,2,2,2,12000.00,2520.00,0.00,14520.00,FULFILLED
1000000152,20240110,683,2,4,4,15000.00,3150.00,0.00,18150.00,FULFILLED
1000000153,20240110,376,2,4,4,13500.00,2835.00,1800.00,18135.00,FULFILLED
1000000161,20240111,212,2,1,1,36000.00,7560.00,0.00,43560.00,FULFILLED
1000000162,20240111,686,2,3,3,15000.00,3150.00,0.00,18150.00,FULFILLED
1000000163,20240111,407,2,4,4,12000.00,2520.00,0.00,14520.00,FULFILLED
1000000164,20240111,626,2,1,1,15000.00,3150.00,0.00,18150.00,FULFILLED
1000000165,20240111,323,2,1,1,42000.00,8820.00,0.00,50820.00,FULFILLED
1000000167,20240111,385,2,3,3,27000.00,5670.00,0.00,32670.00,FULFILLED
1000000168,20240111,434,2,4,4,54000.00,11340.00,0.00,65340.00,FULFILLED
1000000169,20240111,608,2,2,2,30000.00,6300.00,0.00,36300.00,FULFILLED
1000000173,20240111,689,2,1,1,12000.00,2520.00,0.00,14520.00,FULFILLED
1000000174,20240111,228,2,2,2,15000.00,3150.00,0.00,18150.00,FULFILLED
1000000176,20240111,141,2,1,1,39000.00,8190.00,0.00,47190.00,FULFILLED
1000000185,20240112,693,2,1,1,30000.00,6300.00,0.00,36300.00,FULFILLED
1000000187,20240112,330,2,1,1,30000.00,6300.00,0.00,36300.00,FULFILLED
1000000189,20240112,694,2,4,4,12000.00,2520.00,1800.00,16320.00,FULFILLED
1000000190,20240112,646,2,4,4,24000.00,5040.00,0.00,29040.00,FULFILLED
1000000191,20240112,600,2,2,2,27000.00,5670.00,0.00,32670.00,FULFILLED
1000000192,20240112,402,2,3,3,60000.00,12600.00,0.00,72600.00,FULFILLED
1000000193,20240112,695,2,1,1,72000.00,15120.00,0.00,87120.00,FULFILLED
1000000194,20240112,181,2,1,1,12000.00,2520.00,0.00,14520.00,FULFILLED
1000000198,20240113,472,2,2,2,54000.00,11340.00,0.00,65340.00,FULFILLED
1000000199,20240113,347,2,2,2,27000.00,5670.00,0.00,32670.00,FULFILLED
1000000200,20240113,397,2,1,1,40500.00,8505.00,0.00,49005.00,FULFILLED
1000000202,20240113,698,2,2,2,60000.00,12600.00,0.00,72600.00,FULFILLED
1000000203,20240113,699,2,4,4,39000.00,8190.00,0.00,47190.00,FULFILLED
1000000204,20240113,531,2,4,4,51000.00,10710.00,0.00,61710.00,FULFILLED
1000000207,20240113,193,2,2,2,12000.00,2520.00,0.00,14520.00,FULFILLED
1000000208,20240113,441,2,2,2,12000.00,2520.00,0.00,14520.00,FULFILLED
1000000209,20240113,8,2,1,1,91800.00,19278.00,0.00,111078.00,FULFILLED
1000000210,20240113,529,2,1,1,36000.00,7560.00,0.00,43560.00,FULFILLED
1000000211,20240113,701,2,4,4,12000.00,2520.00,0.00,14520.00,FULFILLED
1000000213,20240113,57,2,1,1,15000.00,3150.00,0.00,18150.00,FULFILLED
1000000214,20240113,379,2,1,1,15000.00,3150.00,0.00,18150.00,FULFILLED
1000000231,20240115,477,2,3,3,30000.00,6300.00,0.00,36300.00,FULFILLED
1000000232,20240115,707,2,2,2,24000.00,5040.00,0.00,29040.00,FULFILLED
1000000235,20240115,321,2,1,1,30000.00,6300.00,0.00,36300.00,FULFILLED
1000000236,20240115,215,2,1,1,24000.00,5040.00,0.00,29040.00,FULFILLED
1000000237,20240115,221,2,1,1,12000.00,2520.00,0.00,14520.00,FULFILLED
1000000239,20240115,102,2,1,1,30000.00,6300.00,0.00,36300.00,FULFILLED
1000000243,20240115,546,2,4,4,37800.00,7938.00,0.00,45738.00,FULFILLED
1000000244,20240115,710,2,3,3,15000.00,3150.00,0.00,18150.00,FULFILLED
1000000245,20240115,320,2,3,3,15000.00,3150.00,0.00,18150.00,FULFILLED
1000000248,20240115,51,2,1,1,30000.00,6300.00,0.00,36300.00,CANCELLED
1000000253,20240116,602,2,4,4,30000.00,6300.00,0.00,36300.00,FULFILLED
1000000257,20240116,508,2,2,2,39000.00,8190.00,0.00,47190.00,FULFILLED
1000000258,20240116,415,2,3,3,54000.00,11340.00,0.00,65340.00,FULFILLED
1000000259,20240116,458,2,1,1,12000.00,2520.00,0.00,14520.00,FULFILLED
1000000260,20240116,395,2,1,1,40500.00,8505.00,0.00,49005.00,REFUNDED
1000000261,20240116,714,2,4,4,15000.00,3150.00,0.00,18150.00,FULFILLED
1000000265,20240116,561,2,3,3,30000.00,6300.00,0.00,36300.00,FULFILLED
1000000266,20240116,562,2,1,1,45000.00,9450.00,0.00,54450.00,FULFILLED
1000000267,20240116,613,2,4,4,15000.00,3150.00,0.00,18150.00,FULFILLED
1000000270,20240117,188,2,3,3,15000.00,3150.00,0.00,18150.00,FULFILLED
1000000272,20240117,598,2,4,4,30000.00,6300.00,0.00,36300.00,FULFILLED
1000000273,20240117,121,2,2,2,15000.00,3150.00,0.00,18150.00,FULFILLED
1000000276,20240117,235,2,1,1,12000.00,2520.00,0.00,14520.00,FULFILLED
1000000277,20240117,718,2,1,1,15000.00,3150.00,0.00,18150.00,FULFILLED
1000000279,20240117,87,2,1,1,15000.00,3150.00,0.00,18150.00,FULFILLED
1000000280,20240117,630,2,4,4,36000.00,7560.00,0.00,43560.00,FULFILLED
1000000289,20240118,291,2,2,2,30000.00,6300.00,0.00,36300.00,FULFILLED
1000000291,20240118,96,2,1,1,30000.00,6300.00,0.00,36300.00,FULFILLED
1000000292,20240118,103,2,1,1,24300.00,5103.00,0.00,29403.00,FULFILLED
1000000295,20240118,722,2,3,3,15000.00,3150.00,0.00,18150.00,FULFILLED
1000000296,20240118,35,2,1,1,24000.00,5040.00,0.00,29040.00,FULFILLED
1000000297,20240118,723,2,4,4,15000.00,3150.00,0.00,18150.00,FULFILLED
1000000298,20240118,724,2,1,1,15000.00,3150.00,0.00,18150.00,FULFILLED
1000000300,20240118,230,2,2,2,72000.00,15120.00,0.00,87120.00,FULFILLED
1000000306,20240119,450,2,1,1,72000.00,15120.00,0.00,87120.00,FULFILLED
1000000307,20240119,185,2,1,1,15000.00,3150.00,0.00,18150.00,FULFILLED
1000000308,20240119,474,2,4,4,27000.00,5670.00,0.00,32670.00,FULFILLED
1000000314,20240119,93,2,2,2,15000.00,3150.00,0.00,18150.00,FULFILLED
1000000317,20240119,729,2,3,3,69000.00,14490.00,0.00,83490.00,REFUNDED
1000000319,20240119,647,2,3,3,48000.00,10080.00,0.00,58080.00,FULFILLED
1000000323,20240120,138,2,1,1,45000.00,9450.00,0.00,54450.00,FULFILLED
1000000324,20240120,223,2,2,2,12000.00,2520.00,0.00,14520.00,FULFILLED
1000000325,20240120,568,2,1,1,48000.00,10080.00,0.00,58080.00,FULFILLED
1000000326,20240120,344,2,2,2,12000.00,2520.00,0.00,14520.00,FULFILLED
1000000327,20240120,730,2,3,3,30000.00,6300.00,0.00,36300.00,FULFILLED
1000000328,20240120,186,2,1,1,15000.00,3150.00,1200.00,19350.00,FULFILLED
1000000330,20240120,329,2,4,4,27000.00,5670.00,0.00,32670.00,FULFILLED
1000000331,20240120,41,2,1,1,30000.00,6300.00,0.00,36300.00,FULFILLED
1000000332,20240120,732,2,1,1,45000.00,9450.00,0.00,54450.00,FULFILLED
1000000333,20240120,162,2,3,3,15000.00,3150.00,0.00,18150.00,FULFILLED
1000000347,20240122,136,2,1,1,30000.00,6300.00,0.00,36300.00,FULFILLED
1000000348,20240122,22,2,1,1,30000.00,6300.00,0.00,36300.00,FULFILLED
1000000350,20240122,177,2,3,3,45000.00,9450.00,0.00,54450.00,FULFILLED
1000000351,20240122,737,2,2,2,15000.00,3150.00,0.00,18150.00,FULFILLED
1000000352,20240122,502,2,2,2,42000.00,8820.00,0.00,50820.00,FULFILLED
1000000354,20240122,738,2,2,2,72000.00,15120.00,0.00,87120.00,FULFILLED
1000000355,20240122,309,2,2,2,48000.00,10080.00,0.00,58080.00,FULFILLED
1000000363,20240123,440,2,4,4,15000.00,3150.00,0.00,18150.00,FULFILLED
1000000365,20240123,357,2,1,1,15000.00,3150.00,0.00,18150.00,FULFILLED
1000000366,20240123,743,2,1,1,15000.00,3150.00,0.00,18150.00,FULFILLED
1000000369,20240123,545,2,3,3,12000.00,2520.00,0.00,14520.00,FULFILLED
1000000371,20240123,744,2,2,2,24000.00,5040.00,0.00,29040.00,FULFILLED
1000000373,20240123,91,2,2,2,36000.00,7560.00,0.00,43560.00,FULFILLED
1000000375,20240123,745,2,1,1,27000.00,5670.00,0.00,32670.00,FULFILLED
1000000379,20240124,426,2,1,1,15000.00,3150.00,0.00,18150.00,FULFILLED
1000000380,20240124,119,2,1,1,12000.00,2520.00,0.00,14520.00,FULFILLED
1000000381,20240124,146,2,1,1,24000.00,5040.00,0.00,29040.00,FULFILLED
1000000383,20240124,148,2,2,2,12000.00,2520.00,0.00,14520.00,FULFILLED
1000000387,20240124,210,2,1,1,15000.00,3150.00,0.00,18150.00,FULFILLED
1000000388,20240124,748,2,3,3,12000.00,2520.00,0.00,14520.00,FULFILLED
1000000390,20240124,492,2,4,4,60000.00,12600.00,0.00,72600.00,FULFILLED
1000000392,20240124,749,2,1,1,15000.00,3150.00,0.00,18150.00,FULFILLED
1000000393,20240124,750,2,1,1,45000.00,9450.00,0.00,54450.00,FULFILLED
1000000395,20240125,365,2,3,3,30000.00,6300.00,0.00,36300.00,FULFILLED
1000000396,20240125,406,2,2,2,39000.00,8190.00,0.00,47190.00,FULFILLED
1000000398,20240125,267,2,1,1,12000.00,2520.00,1200.00,15720.00,FULFILLED
1000000399,20240125,752,2,1,1,30000.00,6300.00,0.00,36300.00,FULFILLED
1000000400,20240125,418,2,1,1,37800.00,7938.00,0.00,45738.00,FULFILLED
1000000401,20240125,493,2,4,4,45000.00,9450.00,0.00,54450.00,FULFILLED
1000000409,20240126,352,2,3,3,15000.00,3150.00,0.00,18150.00,FULFILLED
1000000410,20240126,370,2,4,4,15000.00,3150.00,0.00,18150.00,FULFILLED
1000000413,20240126,540,2,4,4,27000.00,5670.00,0.00,32670.00,FULFILLED
1000000414,20240126,753,2,2,2,39000.00,8190.00,0.00,47190.00,FULFILLED
1000000416,20240126,437,2,4,4,12000.00,2520.00,0.00,14520.00,FULFILLED
1000000417,20240126,621,2,3,3,66000.00,13860.00,0.00,79860.00,FULFILLED
1000000418,20240126,754,2,2,2,60000.00,12600.00,0.00,72600.00,FULFILLED
1000000419,20240126,273,2,3,3,24000.00,5040.00,0.00,29040.00,FULFILLED
1000000424,20240127,548,2,3,3,30000.00,6300.00,0.00,36300.00,FULFILLED
1000000425,20240127,591,2,4,4,15000.00,3150.00,0.00,18150.00,FULFILLED
1000000426,20240127,559,2,2,2,36000.00,7560.00,0.00,43560.00,FULFILLED
1000000427,20240127,304,2,3,3,12000.00,2520.00,0.00,14520.00,FULFILLED
1000000428,20240127,111,2,2,2,15000.00,3150.00,0.00,18150.00,FULFILLED
1000000430,20240127,203,2,2,2,12000.00,2520.00,0.00,14520.00,FULFILLED
1000000431,20240127,375,2,3,3,27000.00,5670.00,0.00,32670.00,FULFILLED
1000000433,20240127,562,2,1,1,15000.00,3150.00,0.00,18150.00,FULFILLED
1000000434,20240127,321,2,1,1,48000.00,10080.00,0.00,58080.00,FULFILLED
1000000435,20240127,194,2,1,1,12000.00,2520.00,0.00,14520.00,FULFILLED
1000000436,20240127,133,2,1,1,15000.00,3150.00,0.00,18150.00,FULFILLED
1000000437,20240127,227,2,3,3,27000.00,5670.00,0.00,32670.00,FULFILLED
1000000439,20240127,757,2,1,1,15000.00,3150.00,0.00,18150.00,FULFILLED
1000000440,20240127,458,2,1,1,24000.00,5040.00,0.00,29040.00,FULFILLED
1000000442,20240127,758,2,2,2,15000.00,3150.00,0.00,18150.00,FULFILLED
1000000458,20240129,451,2,4,4,30000.00,6300.00,0.00,36300.00,FULFILLED
1000000459,20240129,619,2,1,1,15000.00,3150.00,1200.00,19350.00,FULFILLED
1000000460,20240129,761,2,1,1,15000.00,3150.00,0.00,18150.00,FULFILLED
1000000463,20240129,617,2,4,4,12000.00,2520.00,1800.00,16320.00,FULFILLED
1000000465,20240129,762,2,2,2,30000.00,6300.00,0.00,36300.00,FULFILLED
1000000466,20240129,158,2,3,3,15000.00,3150.00,0.00,18150.00,FULFILLED
1000000467,20240129,143,2,2,2,15000.00,3150.00,0.00,18150.00,FULFILLED
1000000468,20240129,50,2,1,1,15000.00,3150.00,0.00,18150.00,FULFILLED
1000000469,20240129,117,2,2,2,30000.00,6300.00,0.00,36300.00,FULFILLED
1000000475,20240130,145,2,2,2,12000.00,2520.00,0.00,14520.00,REFUNDED
1000000476,20240130,763,2,2,2,36000.00,7560.00,0.00,43560.00,FULFILLED
1000000477,20240130,515,2,3,3,30000.00,6300.00,0.00,36300.00,FULFILLED
1000000479,20240130,560,2,2,2,30000.00,6300.00,0.00,36300.00,FULFILLED
1000000480,20240130,101,2,2,2,30000.00,6300.00,0.00,36300.00,FULFILLED
1000000484,20240130,245,2,2,2,10800.00,2268.00,0.00,13068.00,FULFILLED
1000000490,20240131,40,2,1,1,15000.00,3150.00,0.00,18150.00,FULFILLED
1000000493,20240131,641,2,3,3,15000.00,3150.00,0.00,18150.00,FULFILLED
1000000495,20240131,769,2,3,3,12000.00,2520.00,0.00,14520.00,FULFILLED
1000000496,20240131,546,2,4,4,30000.00,6300.00,0.00,36300.00,FULFILLED
1000000497,20240131,770,2,1,1,15000.00,3150.00,0.00,18150.00,FULFILLED
1000000498,20240131,628,2,3,3,36000.00,7560.00,0.00,43560.00,FULFILLED
1000000499,20240131,466,2,1,1,30000.00,6300.00,1200.00,37500.00,FULFILLED
1000000500,20240131,286,2,3,3,30000.00,6300.00,0.00,36300.00,FULFILLED
1000000501,20240131,771,2,2,2,12000.00,2520.00,0.00,14520.00,FULFILLED
1000000504,20240131,471,2,2,2,24300.00,5103.00,0.00,29403.00,FULFILLED
1000000511,20240201,773,2,1,1,71400.00,14994.00,0.00,86394.00,FULFILLED
1000000512,20240201,301,2,1,1,60000.00,12600.00,0.00,72600.00,FULFILLED
1000000513,20240201,774,2,2,2,15000.00,3150.00,0.00,18150.00,FULFILLED
1000000514,20240201,311,2,3,3,54000.00,11340.00,0.00,65340.00,FULFILLED
1000000516,20240201,776,2,1,1,15000.00,3150.00,0.00,18150.00,FULFILLED
1000000518,20240201,501,2,2,2,36000.00,7560.00,0.00,43560.00,FULFILLED
1000000519,20240201,276,2,2,2,27000.00,5670.00,0.00,32670.00,FULFILLED
1000000520,20240201,38,2,1,1,30000.00,6300.00,0.00,36300.00,FULFILLED
1000000521,20240201,75,2,1,1,57000.00,11970.00,0.00,68970.00,FULFILLED
1000000523,20240201,295,2,3,3,12000.00,2520.00,0.00,14520.00,FULFILLED
1000000527,20240202,585,2,2,2,51000.00,10710.00,0.00,61710.00,FULFILLED
1000000528,20240202,777,2,4,4,54000.00,11340.00,0.00,65340.00,FULFILLED
1000000529,20240202,724,2,1,1,30000.00,6300.00,0.00,36300.00,FULFILLED
1000000530,20240202,376,2,4,4,15000.00,3150.00,0.00,18150.00,FULFILLED
1000000531,20240202,288,2,3,3,15000.00,3150.00,0.00,18150.00,FULFILLED
1000000533,20240202,87,2,1,1,21600.00,4536.00,0.00,26136.00,FULFILLED
1000000535,20240202,778,2,1,1,60000.00,12600.00,0.00,72600.00,FULFILLED
1000000536,20240202,744,2,2,2,24300.00,5103.00,0.00,29403.00,FULFILLED
1000000537,20240202,187,2,2,2,30000.00,6300.00,0.00,36300.00,FULFILLED
1000000538,20240202,677,2,3,3,27000.00,5670.00,0.00,32670.00,FULFILLED
1000000539,20240202,434,2,4,4,15000.00,3150.00,0.00,18150.00,FULFILLED
1000000546,20240202,213,2,3,3,36000.00,7560.00,0.00,43560.00,FULFILLED
1000000548,20240202,538,2,4,4,10800.00,2268.00,0.00,13068.00,FULFILLED
1000000550,20240203,374,2,1,1,45000.00,9450.00,0.00,54450.00,FULFILLED
1000000551,20240203,318,2,3,3,12000.00,2520.00,0.00,14520.00,FULFILLED
1000000554,20240203,292,2,4,4,12000.00,2520.00,0.00,14520.00,FULFILLED
1000000555,20240203,539,2,1,1,63000.00,13230.00,0.00,76230.00,FULFILLED
1000000557,20240203,551,2,3,3,15000.00,3150.00,0.00,18150.00,FULFILLED
1000000560,20240203,511,2,4,4,12000.00,2520.00,1800.00,16320.00,FULFILLED
1000000561,20240203,331,2,2,2,15000.00,3150.00,0.00,18150.00,FULFILLED
1000000562,20240203,550,2,2,2,39000.00,8190.00,0.00,47190.00,FULFILLED
1000000565,20240203,516,2,3,3,226950.00,47659.50,0.00,274609.50,FULFILLED
1000000580,20240205,265,2,1,1,27000.00,5670.00,0.00,32670.00,FULFILLED
1000000582,20240205,320,2,3,3,12000.00,2520.00,0.00,14520.00,FULFILLED
1000000584,20240205,580,2,3,3,12000.00,2520.00,0.00,14520.00,FULFILLED
1000000598,20240206,338,2,1,1,15000.00,3150.00,0.00,18150.00,FULFILLED
1000000599,20240206,502,2,2,2,27000.00,5670.00,0.00,32670.00,FULFILLED
1000000600,20240206,266,2,1,1,24000.00,5040.00,0.00,29040.00,FULFILLED
1000000603,20240206,795,2,2,2,12000.00,2520.00,0.00,14520.00,FULFILLED
1000000604,20240206,297,2,3,3,24000.00,5040.00,0.00,29040.00,FULFILLED
1000000605,20240206,656,2,1,1,45000.00,9450.00,0.00,54450.00,FULFILLED
1000000608,20240206,95,2,2,2,12000.00,2520.00,0.00,14520.00,FULFILLED
1000000612,20240207,76,2,2,2,30000.00,6300.00,0.00,36300.00,FULFILLED
1000000614,20240207,395,2,1,1,15000.00,3150.00,1200.00,19350.00,FULFILLED
1000000616,20240207,111,2,2,2,10800.00,2268.00,0.00,13068.00,FULFILLED
1000000617,20240207,121,2,2,2,15000.00,3150.00,0.00,18150.00,FULFILLED
1000000620,20240208,137,2,1,1,27000.00,5670.00,0.00,32670.00,FULFILLED
1000000621,20240208,242,2,3,3,48000.00,10080.00,0.00,58080.00,FULFILLED
1000000622,20240208,307,2,4,4,60000.00,12600.00,0.00,72600.00,FULFILLED
1000000623,20240208,239,2,3,3,27000.00,5670.00,0.00,32670.00,FULFILLED
1000000624,20240208,93,2,2,2,60000.00,12600.00,0.00,72600.00,FULFILLED
1000000625,20240208,454,2,2,2,36000.00,7560.00,0.00,43560.00,FULFILLED
1000000626,20240208,565,2,3,3,24000.00,5040.00,0.00,29040.00,FULFILLED
1000000627,20240208,541,2,3,3,12000.00,2520.00,0.00,14520.00,FULFILLED
1000000628,20240208,619,2,1,1,45000.00,9450.00,0.00,54450.00,FULFILLED
1000000629,20240208,390,2,3,3,30000.00,6300.00,0.00,36300.00,FULFILLED
1000000630,20240208,344,2,2,2,12000.00,2520.00,0.00,14520.00,FULFILLED
1000000637,20240209,798,2,3,3,60000.00,12600.00,0.00,72600.00,FULFILLED
1000000638,20240209,472,2,2,2,39000.00,8190.00,0.00,47190.00,FULFILLED
1000000639,20240209,181,2,1,1,30000.00,6300.00,0.00,36300.00,FULFILLED
1000000641,20240209,453,2,3,3,24000.00,5040.00,0.00,29040.00,FULFILLED
1000000642,20240209,235,2,1,1,15000.00,3150.00,0.00,18150.00,FULFILLED
1000000643,20240209,79,2,2,2,30000.00,6300.00,0.00,36300.00,FULFILLED
1000000653,20240210,754,2,4,4,12000.00,2520.00,1800.00,16320.00,FULFILLED
1000000654,20240210,801,2,4,4,15000.00,3150.00,0.00,18150.00,FULFILLED
1000000658,20240210,803,2,1,1,12000.00,2520.00,0.00,14520.00,FULFILLED
1000000659,20240210,568,2,1,1,12000.00,2520.00,0.00,14520.00,FULFILLED
1000000660,20240210,555,2,2,2,60000.00,12600.00,0.00,72600.00,FULFILLED
1000000661,20240210,587,2,4,4,54000.00,11340.00,0.00,65340.00,FULFILLED
1000000662,20240210,327,2,4,4,15000.00,3150.00,0.00,18150.00,FULFILLED
1000000663,20240210,459,2,3,3,15000.00,3150.00,0.00,18150.00,FULFILLED
1000000664,20240210,212,2,1,1,45000.00,9450.00,0.00,54450.00,FULFILLED
1000000666,20240210,689,2,1,1,45000.00,9450.00,0.00,54450.00,FULFILLED
1000000667,20240210,535,2,4,4,24000.00,5040.00,0.00,29040.00,FULFILLED
1000000689,20240212,601,2,4,4,15000.00,3150.00,0.00,18150.00,FULFILLED
1000000690,20240212,40,2,1,1,15000.00,3150.00,0.00,18150.00,FULFILLED
1000000691,20240212,441,2,2,2,10800.00,2268.00,0.00,13068.00,FULFILLED
1000000692,20240212,345,2,4,4,12000.00,2520.00,0.00,14520.00,FULFILLED
1000000698,20240213,559,2,2,2,30000.00,6300.00,0.00,36300.00,FULFILLED
1000000699,20240213,807,2,1,1,48000.00,10080.00,0.00,58080.00,FULFILLED
1000000700,20240213,808,2,1,1,21600.00,4536.00,0.00,26136.00,FULFILLED
1000000702,20240213,102,2,1,1,24000.00,5040.00,0.00,29040.00,FULFILLED
1000000704,20240213,455,2,2,2,36000.00,7560.00,0.00,43560.00,FULFILLED
1000000705,20240213,605,2,3,3,13500.00,2835.00,0.00,16335.00,REFUNDED
1000000709,20240213,250,2,3,3,15000.00,3150.00,0.00,18150.00,FULFILLED
1000000711,20240213,75,2,1,1,12000.00,2520.00,0.00,14520.00,FULFILLED
1000000712,20240213,91,2,2,2,96000.00,20160.00,0.00,116160.00,FULFILLED
1000000718,20240214,727,2,1,1,60000.00,12600.00,0.00,72600.00,FULFILLED
1000000720,20240214,415,2,3,3,12000.00,2520.00,0.00,14520.00,REFUNDED
1000000721,20240214,442,2,2,2,54000.00,11340.00,0.00,65340.00,FULFILLED
1000000723,20240214,393,2,1,1,13500.00,2835.00,0.00,16335.00,FULFILLED
1000000732,20240215,51,2,1,1,142800.00,29988.00,0.00,172788.00,FULFILLED
1000000733,20240215,814,2,1,1,12000.00,2520.00,0.00,14520.00,FULFILLED
1000000736,20240215,265,2,1,1,42000.00,8820.00,0.00,50820.00,FULFILLED
1000000737,20240215,815,2,1,1,30000.00,6300.00,0.00,36300.00,FULFILLED
1000000738,20240215,617,2,4,4,27000.00,5670.00,0.00,32670.00,REFUNDED
1000000739,20240215,196,2,1,1,12000.00,2520.00,0.00,14520.00,REFUNDED
1000000741,20240215,185,2,1,1,24000.00,5040.00,0.00,29040.00,FULFILLED
1000000749,20240216,349,2,4,4,12000.00,2520.00,0.00,14520.00,FULFILLED
1000000751,20240216,818,2,4,4,15000.00,3150.00,0.00,18150.00,FULFILLED
1000000752,20240216,688,2,2,2,12000.00,2520.00,0.00,14520.00,FULFILLED
1000000753,20240216,247,2,1,1,12000.00,2520.00,0.00,14520.00,FULFILLED
1000000754,20240216,445,2,4,4,12000.00,2520.00,0.00,14520.00,REFUNDED
1000000755,20240216,819,2,4,4,45000.00,9450.00,0.00,54450.00,FULFILLED
1000000756,20240216,37,2,1,1,27000.00,5670.00,0.00,32670.00,FULFILLED
1000000758,20240216,290,2,3,3,15000.00,3150.00,0.00,18150.00,FULFILLED
1000000759,20240216,450,2,1,1,27000.00,5670.00,0.00,32670.00,FULFILLED
1000000760,20240216,267,2,1,1,12000.00,2520.00,0.00,14520.00,FULFILLED
1000000761,20240216,209,2,1,1,66000.00,13860.00,0.00,79860.00,FULFILLED
1000000763,20240216,306,2,1,1,13500.00,2835.00,0.00,16335.00,FULFILLED
1000000765,20240216,763,2,2,2,15000.00,3150.00,0.00,18150.00,FULFILLED
1000000766,20240216,613,2,4,4,42000.00,8820.00,0.00,50820.00,FULFILLED
1000000767,20240216,375,2,3,3,57000.00,11970.00,0.00,68970.00,FULFILLED
1000000778,20240217,773,2,3,3,54000.00,11340.00,0.00,65340.00,FULFILLED
1000000780,20240217,825,2,1,1,27000.00,5670.00,0.00,32670.00,FULFILLED
1000000781,20240217,273,2,3,3,27000.00,5670.00,0.00,32670.00,FULFILLED
1000000782,20240217,718,2,1,1,15000.00,3150.00,0.00,18150.00,FULFILLED
1000000783,20240217,503,2,3,3,15000.00,3150.00,0.00,18150.00,FULFILLED
1000000784,20240217,448,2,4,4,30000.00,6300.00,0.00,36300.00,FULFILLED
1000000785,20240217,493,2,4,4,15000.00,3150.00,0.00,18150.00,FULFILLED
1000000786,20240217,583,2,4,4,24000.00,5040.00,0.00,29040.00,FULFILLED
1000000787,20240217,175,2,3,3,30000.00,6300.00,0.00,36300.00,FULFILLED
1000000788,20240217,594,2,4,4,45000.00,9450.00,0.00,54450.00,FULFILLED
1000000789,20240217,153,2,2,2,12000.00,2520.00,0.00,14520.00,FULFILLED
1000000791,20240217,188,2,3,3,15000.00,3150.00,0.00,18150.00,FULFILLED
1000000792,20240217,516,2,3,3,15000.00,3150.00,0.00,18150.00,FULFILLED
1000000794,20240217,475,2,2,2,12000.00,2520.00,0.00,14520.00,FULFILLED
1000000797,20240217,321,2,1,1,15000.00,3150.00,0.00,18150.00,FULFILLED
1000000800,20240217,829,2,3,3,10800.00,2268.00,0.00,13068.00,FULFILLED
1000000801,20240217,830,2,4,4,12000.00,2520.00,0.00,14520.00,FULFILLED
1000000802,20240217,512,2,2,2,12000.00,2520.00,0.00,14520.00,FULFILLED
1000000821,20240219,834,2,1,1,12000.00,2520.00,0.00,14520.00,FULFILLED
1000000822,20240219,627,2,3,3,24000.00,5040.00,0.00,29040.00,FULFILLED
1000000823,20240219,50,2,1,1,15000.00,3150.00,0.00,18150.00,FULFILLED
1000000824,20240219,57,2,1,1,24300.00,5103.00,0.00,29403.00,FULFILLED
1000000825,20240219,280,2,2,2,10800.00,2268.00,0.00,13068.00,FULFILLED
1000000827,20240219,562,2,1,1,36000.00,7560.00,0.00,43560.00,FULFILLED
1000000831,20240219,198,2,1,1,12000.00,2520.00,0.00,14520.00,FULFILLED
1000000835,20240219,838,2,1,1,15000.00,3150.00,0.00,18150.00,FULFILLED
1000000836,20240219,187,2,2,2,36000.00,7560.00,0.00,43560.00,FULFILLED
1000000849,20240220,326,2,4,4,36000.00,7560.00,0.00,43560.00,FULFILLED
1000000852,20240220,841,2,2,2,15000.00,3150.00,0.00,18150.00,FULFILLED
1000000853,20240220,588,2,2,2,48000.00,10080.00,0.00,58080.00,FULFILLED
1000000855,20240220,842,2,3,3,12000.00,2520.00,0.00,14520.00,FULFILLED
1000000857,20240220,766,2,1,1,24000.00,5040.00,1200.00,30240.00,FULFILLED
1000000865,20240221,406,2,2,2,10800.00,2268.00,0.00,13068.00,FULFILLED
1000000866,20240221,634,2,4,4,21600.00,4536.00,0.00,26136.00,FULFILLED
1000000867,20240221,307,2,4,4,42000.00,8820.00,0.00,50820.00,FULFILLED
1000000868,20240221,596,2,1,1,12000.00,2520.00,0.00,14520.00,FULFILLED
1000000872,20240221,848,2,4,4,42000.00,8820.00,0.00,50820.00,FULFILLED
1000000876,20240221,163,2,2,2,27000.00,5670.00,0.00,32670.00,FULFILLED
1000000878,20240221,256,2,1,1,12000.00,2520.00,0.00,14520.00,FULFILLED
1000000879,20240221,454,2,2,2,48000.00,10080.00,0.00,58080.00,FULFILLED
1000000880,20240221,701,2,4,4,45000.00,9450.00,0.00,54450.00,FULFILLED
1000000882,20240221,236,2,2,2,12000.00,2520.00,0.00,14520.00,FULFILLED
1000000884,20240221,295,2,3,3,27000.00,5670.00,0.00,32670.00,FULFILLED
1000000886,20240221,426,2,1,1,12000.00,2520.00,0.00,14520.00,FULFILLED
1000000887,20240221,646,2,4,4,27000.00,5670.00,0.00,32670.00,FULFILLED
1000000888,20240221,850,2,3,3,24000.00,5040.00,0.00,29040.00,FULFILLED
1000000891,20240222,531,2,4,4,24000.00,5040.00,0.00,29040.00,FULFILLED
1000000893,20240222,218,2,1,1,12000.00,2520.00,0.00,14520.00,FULFILLED
1000000894,20240222,133,2,1,1,30000.00,6300.00,0.00,36300.00,FULFILLED
1000000895,20240222,146,2,1,1,24000.00,5040.00,0.00,29040.00,FULFILLED
1000000896,20240222,177,2,3,3,15000.00,3150.00,0.00,18150.00,FULFILLED
1000000899,20240222,554,2,3,3,15000.00,3150.00,0.00,18150.00,FULFILLED
1000000900,20240222,598,2,4,4,13500.00,2835.00,1800.00,18135.00,FULFILLED
1000000901,20240222,519,2,3,3,10800.00,2268.00,1500.00,14568.00,REFUNDED
1000000904,20240222,205,2,3,3,12000.00,2520.00,0.00,14520.00,FULFILLED
1000000912,20240223,291,2,2,2,30000.00,6300.00,0.00,36300.00,FULFILLED
1000000915,20240223,857,2,1,1,12000.00,2520.00,0.00,14520.00,FULFILLED
1000000916,20240223,752,2,1,1,12000.00,2520.00,1200.00,15720.00,FULFILLED
1000000917,20240223,536,2,3,3,15000.00,3150.00,0.00,18150.00,FULFILLED
1000000918,20240223,431,2,1,1,12000.00,2520.00,1200.00,15720.00,FULFILLED
1000000920,20240223,387,2,2,2,39000.00,8190.00,0.00,47190.00,FULFILLED
1000000922,20240223,604,2,3,3,81000.00,17010.00,0.00,98010.00,FULFILLED
1000000923,20240223,665,2,3,3,54000.00,11340.00,0.00,65340.00,FULFILLED
1000000924,20240223,859,2,2,2,60000.00,12600.00,0.00,72600.00,FULFILLED
1000000925,20240223,860,2,3,3,45000.00,9450.00,0.00,54450.00,FULFILLED
1000000928,20240223,444,2,1,1,24000.00,5040.00,0.00,29040.00,FULFILLED
1000000929,20240223,614,2,3,3,24000.00,5040.00,0.00,29040.00,FULFILLED
1000000931,20240223,862,2,4,4,12000.00,2520.00,0.00,14520.00,FULFILLED
1000000932,20240223,266,2,1,1,30000.00,6300.00,0.00,36300.00,FULFILLED
1000000933,20240223,728,2,1,1,15000.00,3150.00,0.00,18150.00,FULFILLED
1000000939,20240224,477,2,3,3,24000.00,5040.00,0.00,29040.00,FULFILLED
1000000940,20240224,864,2,3,3,60000.00,12600.00,0.00,72600.00,FULFILLED
1000000941,20240224,710,2,3,3,12000.00,2520.00,0.00,14520.00,FULFILLED
1000000942,20240224,491,2,2,2,30000.00,6300.00,1500.00,37800.00,CANCELLED
1000000943,20240224,584,2,3,3,36000.00,7560.00,0.00,43560.00,FULFILLED
1000000944,20240224,368,2,2,2,12000.00,2520.00,0.00,14520.00,FULFILLED
1000000945,20240224,224,2,3,3,60000.00,12600.00,0.00,72600.00,FULFILLED
1000000946,20240224,758,2,2,2,27000.00,5670.00,0.00,32670.00,FULFILLED
1000000949,20240224,96,2,1,1,30000.00,6300.00,0.00,36300.00,FULFILLED
1000000951,20240224,79,2,2,2,24000.00,5040.00,0.00,29040.00,FULFILLED
1000000952,20240224,865,2,1,1,24000.00,5040.00,0.00,29040.00,CANCELLED
1000000953,20240224,866,2,3,3,36000.00,7560.00,0.00,43560.00,FULFILLED
1000000954,20240224,311,2,3,3,12000.00,2520.00,0.00,14520.00,FULFILLED
1000000955,20240224,867,2,3,3,12000.00,2520.00,0.00,14520.00,FULFILLED
1000000956,20240224,518,2,2,2,27000.00,5670.00,0.00,32670.00,FULFILLED
1000000957,20240224,287,2,1,1,12000.00,2520.00,0.00,14520.00,FULFILLED
1000000958,20240224,463,2,3,3,30000.00,6300.00,0.00,36300.00,FULFILLED
1000000959,20240224,492,2,4,4,36000.00,7560.00,0.00,43560.00,FULFILLED
1000000960,20240224,868,2,2,2,84000.00,17640.00,0.00,101640.00,FULFILLED
1000000961,20240224,319,2,3,3,15000.00,3150.00,0.00,18150.00,FULFILLED
1000000962,20240224,799,2,1,1,12000.00,2520.00,0.00,14520.00,FULFILLED
1000000964,20240224,548,2,3,3,30000.00,6300.00,0.00,36300.00,FULFILLED
1000000965,20240224,285,2,2,2,30000.00,6300.00,0.00,36300.00,FULFILLED
1000000967,20240224,481,2,4,4,30000.00,6300.00,0.00,36300.00,FULFILLED
1000000991,20240226,418,2,1,1,57000.00,11970.00,0.00,68970.00,FULFILLED
1000000992,20240226,610,2,4,4,30000.00,6300.00,0.00,36300.00,FULFILLED
1000000994,20240226,683,2,4,4,12000.00,2520.00,0.00,14520.00,FULFILLED
1000000999,20240226,873,2,1,1,15000.00,3150.00,0.00,18150.00,FULFILLED
1000001002,20240226,875,2,3,3,15000.00,3150.00,1500.00,19650.00,FULFILLED
1000001014,20240227,466,2,1,1,15000.00,3150.00,0.00,18150.00,FULFILLED
1000001018,20240227,882,2,1,1,42000.00,8820.00,0.00,50820.00,FULFILLED
1000001019,20240227,517,2,4,4,39000.00,8190.00,0.00,47190.00,FULFILLED
1000001020,20240227,194,2,1,1,13500.00,2835.00,0.00,16335.00,FULFILLED
1000001025,20240228,601,2,4,4,15000.00,3150.00,0.00,18150.00,FULFILLED
1000001026,20240228,337,2,3,3,24000.00,5040.00,1500.00,30540.00,FULFILLED
1000001028,20240228,617,2,4,4,12000.00,2520.00,0.00,14520.00,FULFILLED
1000001029,20240228,686,2,3,3,15000.00,3150.00,1500.00,19650.00,FULFILLED
1000001030,20240228,485,2,3,3,39000.00,8190.00,0.00,47190.00,FULFILLED
1000001032,20240228,145,2,2,2,30000.00,6300.00,0.00,36300.00,FULFILLED
1000001034,20240228,887,2,4,4,42000.00,8820.00,0.00,50820.00,FULFILLED
1000001036,20240228,434,2,4,4,15000.00,3150.00,0.00,18150.00,FULFILLED
1000001038,20240228,430,2,4,4,12000.00,2520.00,0.00,14520.00,FULFILLED
1000001039,20240228,235,2,1,1,60000.00,12600.00,0.00,72600.00,FULFILLED
1000001040,20240228,693,2,1,1,267750.00,56227.50,0.00,323977.50,FULFILLED
1000001041,20240228,245,2,2,2,30000.00,6300.00,0.00,36300.00,FULFILLED
1000001043,20240228,186,2,1,1,72000.00,15120.00,0.00,87120.00,FULFILLED
1000001044,20240228,41,2,1,1,42000.00,8820.00,0.00,50820.00,FULFILLED
1000001047,20240228,445,2,4,4,27000.00,5670.00,0.00,32670.00,FULFILLED
1000001053,20240229,618,2,4,4,36000.00,7560.00,0.00,43560.00,FULFILLED
1000001054,20240229,890,2,4,4,36000.00,7560.00,0.00,43560.00,FULFILLED
1000001055,20240229,891,2,2,2,12000.00,2520.00,1500.00,16020.00,FULFILLED
1000001057,20240229,892,2,1,1,45000.00,9450.00,0.00,54450.00,FULFILLED
1000001058,20240229,502,2,2,2,30000.00,6300.00,0.00,36300.00,FULFILLED
1000001060,20240229,102,2,1,1,12000.00,2520.00,1200.00,15720.00,FULFILLED
1000001067,20240301,896,2,2,2,15000.00,3150.00,0.00,18150.00,FULFILLED
1000001068,20240301,749,2,1,1,39000.00,8190.00,0.00,47190.00,FULFILLED
1000001069,20240301,494,2,1,1,60000.00,12600.00,0.00,72600.00,FULFILLED
1000001071,20240301,771,2,2,2,36000.00,7560.00,0.00,43560.00,FULFILLED
1000001072,20240301,331,2,2,2,12000.00,2520.00,0.00,14520.00,FULFILLED
1000001073,20240301,897,2,2,2,12000.00,2520.00,0.00,14520.00,FULFILLED
1000001074,20240301,801,2,4,4,54000.00,11340.00,0.00,65340.00,FULFILLED
1000001075,20240301,419,2,1,1,36000.00,7560.00,0.00,43560.00,FULFILLED
1000001076,20240301,544,2,4,4,39000.00,8190.00,1800.00,48990.00,FULFILLED
1000001077,20240301,841,2,2,2,132600.00,27846.00,0.00,160446.00,FULFILLED
1000001081,20240301,365,2,3,3,36000.00,7560.00,0.00,43560.00,FULFILLED
1000001082,20240301,900,2,4,4,13500.00,2835.00,1800.00,18135.00,FULFILLED
1000001084,20240301,261,2,2,2,32400.00,6804.00,0.00,39204.00,FULFILLED
1000001085,20240301,127,2,2,2,12000.00,2520.00,0.00,14520.00,REFUNDED
1000001087,20240301,901,2,1,1,30000.00,6300.00,0.00,36300.00,FULFILLED
1000001088,20240301,303,2,3,3,24000.00,5040.00,0.00,29040.00,FULFILLED
1000001091,20240301,903,2,2,2,15000.00,3150.00,0.00,18150.00,FULFILLED
1000001098,20240302,907,2,3,3,39000.00,8190.00,0.00,47190.00,FULFILLED
1000001099,20240302,210,2,1,1,30000.00,6300.00,1200.00,37500.00,FULFILLED
1000001101,20240302,232,2,2,2,12000.00,2520.00,0.00,14520.00,FULFILLED
1000001102,20240302,133,2,1,1,24000.00,5040.00,0.00,29040.00,FULFILLED
1000001103,20240302,591,2,4,4,43200.00,9072.00,0.00,52272.00,FULFILLED
1000001104,20240302,280,2,2,2,15000.00,3150.00,0.00,18150.00,FULFILLED
1000001105,20240302,761,2,1,1,45000.00,9450.00,0.00,54450.00,FULFILLED
1000001106,20240302,164,2,1,1,24000.00,5040.00,0.00,29040.00,FULFILLED
1000001107,20240302,908,2,4,4,42000.00,8820.00,0.00,50820.00,FULFILLED
1000001108,20240302,219,2,3,3,12000.00,2520.00,0.00,14520.00,FULFILLED
1000001110,20240302,616,2,3,3,15000.00,3150.00,0.00,18150.00,FULFILLED
1000001113,20240302,660,2,1,1,24000.00,5040.00,0.00,29040.00,FULFILLED
1000001114,20240302,352,2,3,3,39000.00,8190.00,0.00,47190.00,FULFILLED
1000001115,20240302,212,2,1,1,24000.00,5040.00,0.00,29040.00,FULFILLED
1000001116,20240302,320,2,3,3,15000.00,3150.00,0.00,18150.00,FULFILLED
1000001117,20240302,910,2,2,2,54000.00,11340.00,0.00,65340.00,FULFILLED
1000001119,20240302,435,2,4,4,15000.00,3150.00,0.00,18150.00,FULFILLED
1000001120,20240302,141,2,1,1,12000.00,2520.00,0.00,14520.00,FULFILLED
1000001143,20240304,917,2,1,1,10800.00,2268.00,0.00,13068.00,FULFILLED
1000001149,20240304,388,2,4,4,30000.00,6300.00,0.00,36300.00,FULFILLED
1000001150,20240304,919,2,1,1,39000.00,8190.00,0.00,47190.00,FULFILLED
1000001151,20240304,585,2,2,2,12000.00,2520.00,0.00,14520.00,FULFILLED
1000001158,20240304,432,2,4,4,15000.00,3150.00,0.00,18150.00,FULFILLED
1000001159,20240304,921,2,2,2,12000.00,2520.00,0.00,14520.00,FULFILLED
1000001168,20240305,510,2,3,3,21600.00,4536.00,0.00,26136.00,FULFILLED
1000001169,20240305,769,2,3,3,12000.00,2520.00,0.00,14520.00,FULFILLED
1000001172,20240305,924,2,1,1,24000.00,5040.00,0.00,29040.00,FULFILLED
1000001174,20240305,393,2,1,1,27000.00,5670.00,0.00,32670.00,FULFILLED
1000001176,20240305,302,2,3,3,36000.00,7560.00,0.00,43560.00,FULFILLED
1000001177,20240305,732,2,1,1,24000.00,5040.00,0.00,29040.00,FULFILLED
1000001178,20240305,385,2,3,3,10800.00,2268.00,0.00,13068.00,FULFILLED
1000001180,20240306,371,2,2,2,12000.00,2520.00,1500.00,16020.00,REFUNDED
1000001182,20240306,503,2,3,3,24000.00,5040.00,0.00,29040.00,FULFILLED
1000001183,20240306,562,2,1,1,15000.00,3150.00,0.00,18150.00,FULFILLED
1000001184,20240306,286,2,3,3,12000.00,2520.00,0.00,14520.00,FULFILLED
1000001185,20240306,640,2,1,1,24000.00,5040.00,0.00,29040.00,FULFILLED
1000001186,20240306,474,2,4,4,24000.00,5040.00,0.00,29040.00,FULFILLED
1000001187,20240306,101,2,2,2,15000.00,3150.00,0.00,18150.00,FULFILLED
1000001188,20240306,590,2,1,1,15000.00,3150.00,0.00,18150.00,FULFILLED
1000001189,20240306,751,2,3,3,36000.00,7560.00,0.00,43560.00,FULFILLED
1000001190,20240306,487,2,2,2,15000.00,3150.00,0.00,18150.00,FULFILLED
1000001192,20240306,925,2,2,2,12000.00,2520.00,0.00,14520.00,FULFILLED
1000001193,20240306,422,2,3,3,27000.00,5670.00,0.00,32670.00,FULFILLED
1000001195,20240306,143,2,2,2,10800.00,2268.00,0.00,13068.00,FULFILLED
1000001196,20240306,446,2,4,4,69000.00,14490.00,0.00,83490.00,FULFILLED
1000001197,20240306,741,2,2,2,12000.00,2520.00,0.00,14520.00,FULFILLED
1000001199,20240307,205,2,3,3,12000.00,2520.00,0.00,14520.00,FULFILLED
1000001200,20240307,927,2,3,3,24000.00,5040.00,0.00,29040.00,FULFILLED
1000001203,20240307,203,2,2,2,12000.00,2520.00,0.00,14520.00,FULFILLED
1000001204,20240307,451,2,4,4,15000.00,3150.00,0.00,18150.00,FULFILLED
1000001205,20240307,556,2,4,4,27000.00,5670.00,0.00,32670.00,FULFILLED
1000001206,20240307,850,2,3,3,42000.00,8820.00,0.00,50820.00,FULFILLED
1000001207,20240307,753,2,2,2,39000.00,8190.00,0.00,47190.00,FULFILLED
1000001208,20240307,928,2,1,1,15000.00,3150.00,0.00,18150.00,FULFILLED
1000001211,20240307,327,2,4,4,30000.00,6300.00,1800.00,38100.00,FULFILLED
1000001212,20240307,929,2,3,3,60000.00,12600.00,0.00,72600.00,FULFILLED
1000001213,20240308,379,2,1,1,51000.00,10710.00,0.00,61710.00,FULFILLED
1000001214,20240308,135,2,1,1,30000.00,6300.00,0.00,36300.00,FULFILLED
1000001216,20240308,75,2,1,1,27000.00,5670.00,0.00,32670.00,FULFILLED
1000001217,20240308,931,2,4,4,15000.00,3150.00,0.00,18150.00,FULFILLED
1000001218,20240308,163,2,2,2,12000.00,2520.00,0.00,14520.00,FULFILLED
1000001220,20240308,332,2,3,3,12000.00,2520.00,0.00,14520.00,FULFILLED
1000001221,20240308,262,2,2,2,48000.00,10080.00,0.00,58080.00,FULFILLED
1000001224,20240308,174,2,2,2,30000.00,6300.00,0.00,36300.00,FULFILLED
1000001225,20240308,535,2,4,4,27000.00,5670.00,0.00,32670.00,FULFILLED
1000001232,20240309,247,2,1,1,39000.00,8190.00,0.00,47190.00,FULFILLED
1000001233,20240309,188,2,3,3,112200.00,23562.00,0.00,135762.00,FULFILLED
1000001237,20240309,663,2,1,1,24000.00,5040.00,0.00,29040.00,FULFILLED
1000001238,20240309,545,2,3,3,30000.00,6300.00,0.00,36300.00,FULFILLED
1000001239,20240309,936,2,4,4,36000.00,7560.00,0.00,43560.00,FULFILLED
1000001240,20240309,883,2,2,2,12000.00,2520.00,0.00,14520.00,FULFILLED
1000001241,20240309,561,2,3,3,15000.00,3150.00,0.00,18150.00,FULFILLED
1000001242,20240309,525,2,2,2,12000.00,2520.00,0.00,14520.00,FULFILLED
1000001243,20240309,529,2,1,1,48000.00,10080.00,0.00,58080.00,FULFILLED
1000001244,20240309,937,2,1,1,24000.00,5040.00,0.00,29040.00,FULFILLED
1000001246,20240309,439,2,1,1,12000.00,2520.00,0.00,14520.00,FULFILLED
1000001247,20240309,825,2,1,1,76500.00,16065.00,0.00,92565.00,FULFILLED
1000001249,20240309,402,2,3,3,12000.00,2520.00,0.00,14520.00,FULFILLED
1000001260,20240311,501,2,2,2,12000.00,2520.00,0.00,14520.00,FULFILLED
1000001261,20240311,387,2,2,2,27000.00,5670.00,0.00,32670.00,FULFILLED
1000001264,20240311,945,2,2,2,39000.00,8190.00,1500.00,48690.00,FULFILLED
1000001267,20240311,287,2,1,1,15000.00,3150.00,0.00,18150.00,FULFILLED
1000001269,20240311,511,2,4,4,27000.00,5670.00,0.00,32670.00,FULFILLED
1000001273,20240312,842,2,3,3,15000.00,3150.00,0.00,18150.00,FULFILLED
1000001274,20240312,949,2,3,3,12000.00,2520.00,0.00,14520.00,FULFILLED
1000001276,20240312,867,2,3,3,12000.00,2520.00,0.00,14520.00,FULFILLED
1000001278,20240312,727,2,1,1,36000.00,7560.00,0.00,43560.00,FULFILLED
1000001281,20240312,160,2,1,1,24000.00,5040.00,0.00,29040.00,FULFILLED
1000001286,20240312,890,2,4,4,24000.00,5040.00,0.00,29040.00,FULFILLED
1000001287,20240312,512,2,2,2,45000.00,9450.00,0.00,54450.00,FULFILLED
1000001292,20240313,301,2,1,1,12000.00,2520.00,0.00,14520.00,FULFILLED
1000001297,20240313,953,2,2,2,12000.00,2520.00,0.00,14520.00,FULFILLED
1000001298,20240313,448,2,4,4,12000.00,2520.00,0.00,14520.00,FULFILLED
1000001301,20240313,114,2,2,2,12000.00,2520.00,0.00,14520.00,FULFILLED
1000001302,20240313,235,2,1,1,30000.00,6300.00,0.00,36300.00,CANCELLED
1000001304,20240313,954,2,2,2,54000.00,11340.00,0.00,65340.00,FULFILLED
1000001311,20240314,127,2,2,2,60000.00,12600.00,0.00,72600.00,FULFILLED
1000001314,20240314,907,2,3,3,12000.00,2520.00,0.00,14520.00,FULFILLED
1000001315,20240314,291,2,2,2,30000.00,6300.00,0.00,36300.00,FULFILLED
1000001316,20240314,835,2,2,2,12000.00,2520.00,0.00,14520.00,FULFILLED
1000001317,20240314,389,2,1,1,66000.00,13860.00,0.00,79860.00,FULFILLED
1000001318,20240314,627,2,3,3,30000.00,6300.00,0.00,36300.00,FULFILLED
1000001319,20240314,957,2,2,2,39000.00,8190.00,0.00,47190.00,FULFILLED
1000001320,20240314,434,2,4,4,12000.00,2520.00,0.00,14520.00,FULFILLED
1000001321,20240314,91,2,2,2,15000.00,3150.00,0.00,18150.00,FULFILLED
1000001322,20240314,239,2,3,3,27000.00,5670.00,0.00,32670.00,REFUNDED
1000001323,20240315,194,2,1,1,12000.00,2520.00,0.00,14520.00,FULFILLED
1000001324,20240315,584,2,3,3,30000.00,6300.00,0.00,36300.00,FULFILLED
1000001325,20240315,722,2,3,3,12000.00,2520.00,0.00,14520.00,FULFILLED
1000001326,20240315,750,2,1,1,30000.00,6300.00,0.00,36300.00,FULFILLED
1000001327,20240315,860,2,3,3,12000.00,2520.00,0.00,14520.00,FULFILLED
1000001328,20240315,840,2,2,2,45000.00,9450.00,0.00,54450.00,FULFILLED
1000001330,20240315,961,2,1,1,12000.00,2520.00,0.00,14520.00,FULFILLED
1000001332,20240315,415,2,3,3,63000.00,13230.00,0.00,76230.00,FULFILLED
1000001333,20240315,276,2,2,2,24000.00,5040.00,0.00,29040.00,FULFILLED
1000001335,20240315,136,2,1,1,81000.00,17010.00,0.00,98010.00,FULFILLED
1000001338,20240316,962,2,1,1,60000.00,12600.00,0.00,72600.00,FULFILLED
1000001340,20240316,374,2,1,1,24000.00,5040.00,0.00,29040.00,FULFILLED
1000001343,20240316,245,2,2,2,12000.00,2520.00,0.00,14520.00,FULFILLED
1000001344,20240316,504,2,4,4,69000.00,14490.00,0.00,83490.00,FULFILLED
1000001345,20240316,250,2,3,3,30000.00,6300.00,0.00,36300.00,FULFILLED
1000001346,20240316,600,2,2,2,54000.00,11340.00,0.00,65340.00,REFUNDED
1000001347,20240316,609,2,2,2,24000.00,5040.00,0.00,29040.00,FULFILLED
1000001348,20240316,628,2,3,3,45000.00,9450.00,0.00,54450.00,FULFILLED
1000001349,20240316,571,2,4,4,24000.00,5040.00,0.00,29040.00,FULFILLED
1000001359,20240318,426,2,1,1,13500.00,2835.00,0.00,16335.00,FULFILLED
1000001360,20240318,8,2,1,1,39000.00,8190.00,0.00,47190.00,FULFILLED
1000001361,20240318,966,2,2,2,39000.00,8190.00,0.00,47190.00,FULFILLED
1000001362,20240318,346,2,4,4,24000.00,5040.00,1800.00,30840.00,FULFILLED
1000001363,20240318,548,2,3,3,12000.00,2520.00,0.00,14520.00,FULFILLED
1000001364,20240318,783,2,1,1,12000.00,2520.00,1200.00,15720.00,FULFILLED
1000001365,20240318,769,2,3,3,36000.00,7560.00,0.00,43560.00,FULFILLED
1000001366,20240318,455,2,2,2,15000.00,3150.00,0.00,18150.00,FULFILLED
1000001367,20240318,665,2,3,3,24000.00,5040.00,0.00,29040.00,FULFILLED
1000001371,20240318,208,2,3,3,39000.00,8190.00,1500.00,48690.00,FULFILLED
1000001372,20240318,968,2,3,3,27000.00,5670.00,0.00,32670.00,FULFILLED
1000001374,20240318,198,2,1,1,24000.00,5040.00,0.00,29040.00,FULFILLED
1000001379,20240319,971,2,1,1,15000.00,3150.00,0.00,18150.00,FULFILLED
1000001380,20240319,458,2,1,1,27000.00,5670.00,0.00,32670.00,FULFILLED
1000001381,20240319,921,2,2,2,15000.00,3150.00,0.00,18150.00,FULFILLED
1000001382,20240319,972,2,1,1,12000.00,2520.00,0.00,14520.00,FULFILLED
1000001383,20240319,686,2,3,3,15000.00,3150.00,0.00,18150.00,FULFILLED
1000001385,20240319,380,2,3,3,30000.00,6300.00,0.00,36300.00,FULFILLED
1000001387,20240319,453,2,3,3,30000.00,6300.00,0.00,36300.00,FULFILLED
1000001390,20240319,848,2,4,4,12000.00,2520.00,0.00,14520.00,FULFILLED
1000001391,20240319,574,2,4,4,12000.00,2520.00,0.00,14520.00,FULFILLED
1000001392,20240319,111,2,2,2,39000.00,8190.00,0.00,47190.00,FULFILLED
1000001393,20240319,975,2,1,1,45000.00,9450.00,0.00,54450.00,FULFILLED
1000001400,20240320,347,2,2,2,24000.00,5040.00,0.00,29040.00,FULFILLED
1000001402,20240320,528,2,4,4,15000.00,3150.00,0.00,18150.00,FULFILLED
1000001403,20240320,718,2,1,1,72000.00,15120.00,0.00,87120.00,FULFILLED
1000001405,20240320,516,2,3,3,66000.00,13860.00,0.00,79860.00,FULFILLED
1000001407,20240320,365,2,3,3,69000.00,14490.00,0.00,83490.00,FULFILLED
1000001408,20240320,560,2,2,2,36000.00,7560.00,0.00,43560.00,FULFILLED
1000001409,20240320,385,2,3,3,24000.00,5040.00,0.00,29040.00,FULFILLED
1000001410,20240320,264,2,2,2,12000.00,2520.00,0.00,14520.00,FULFILLED
1000001411,20240320,793,2,2,2,15000.00,3150.00,0.00,18150.00,FULFILLED
1000001412,20240320,308,2,2,2,66000.00,13860.00,0.00,79860.00,FULFILLED
1000001413,20240320,466,2,1,1,15000.00,3150.00,0.00,18150.00,FULFILLED
1000001420,20240321,555,2,2,2,60000.00,12600.00,0.00,72600.00,FULFILLED
1000001421,20240321,753,2,2,2,69000.00,14490.00,0.00,83490.00,FULFILLED
1000001424,20240321,979,2,2,2,12000.00,2520.00,0.00,14520.00,FULFILLED
1000001426,20240321,163,2,2,2,15000.00,3150.00,0.00,18150.00,FULFILLED
1000001427,20240321,981,2,2,2,69000.00,14490.00,0.00,83490.00,FULFILLED
1000001428,20240321,605,2,3,3,15000.00,3150.00,0.00,18150.00,FULFILLED
1000001429,20240321,917,2,1,1,12000.00,2520.00,0.00,14520.00,CANCELLED
1000001436,20240322,834,2,3,3,24000.00,5040.00,0.00,29040.00,FULFILLED
1000001437,20240322,766,2,1,1,48000.00,10080.00,0.00,58080.00,FULFILLED
1000001440,20240322,707,2,2,2,12000.00,2520.00,0.00,14520.00,FULFILLED
1000001442,20240322,689,2,1,1,30000.00,6300.00,0.00,36300.00,REFUNDED
1000001447,20240323,929,2,3,3,15000.00,3150.00,0.00,18150.00,FULFILLED
1000001449,20240323,376,2,4,4,10800.00,2268.00,0.00,13068.00,FULFILLED
1000001450,20240323,515,2,3,3,24000.00,5040.00,0.00,29040.00,CANCELLED
1000001452,20240323,60,2,1,1,36000.00,7560.00,0.00,43560.00,FULFILLED
1000001453,20240323,235,2,1,1,10800.00,2268.00,0.00,13068.00,FULFILLED
1000001454,20240323,114,2,2,2,15000.00,3150.00,0.00,18150.00,FULFILLED
1000001455,20240323,131,2,1,1,24000.00,5040.00,0.00,29040.00,FULFILLED
1000001459,20240323,987,2,2,2,43200.00,9072.00,0.00,52272.00,FULFILLED
1000001460,20240323,988,2,3,3,12000.00,2520.00,0.00,14520.00,FULFILLED
1000001462,20240323,304,2,3,3,66000.00,13860.00,0.00,79860.00,FULFILLED
1000001463,20240323,508,2,2,2,15000.00,3150.00,0.00,18150.00,FULFILLED
1000001478,20240325,395,2,1,1,39000.00,8190.00,0.00,47190.00,FULFILLED
1000001482,20240325,137,2,1,1,12000.00,2520.00,0.00,14520.00,FULFILLED
1000001483,20240325,565,2,3,3,39000.00,8190.00,0.00,47190.00,FULFILLED
1000001484,20240325,541,2,3,3,15000.00,3150.00,0.00,18150.00,FULFILLED
1000001487,20240326,993,2,3,3,30000.00,6300.00,0.00,36300.00,FULFILLED
1000001489,20240326,994,2,1,1,12000.00,2520.00,1200.00,15720.00,FULFILLED
1000001490,20240326,319,2,3,3,12000.00,2520.00,0.00,14520.00,FULFILLED
1000001491,20240326,877,2,2,2,15000.00,3150.00,0.00,18150.00,FULFILLED
1000001496,20240326,698,2,2,2,24000.00,5040.00,0.00,29040.00,FULFILLED
1000001504,20240326,937,2,1,1,27000.00,5670.00,0.00,32670.00,FULFILLED
1000001511,20240327,897,2,2,2,39000.00,8190.00,0.00,47190.00,FULFILLED
1000001513,20240327,617,2,4,4,15000.00,3150.00,0.00,18150.00,FULFILLED
1000001514,20240327,221,2,1,1,15000.00,3150.00,0.00,18150.00,FULFILLED
1000001516,20240327,210,2,1,1,24000.00,5040.00,0.00,29040.00,FULFILLED
1000001518,20240327,1000,2,1,1,15000.00,3150.00,0.00,18150.00,FULFILLED
1000001522,20240327,643,2,3,3,30000.00,6300.00,0.00,36300.00,FULFILLED
1000001529,20240328,600,2,2,2,30000.00,6300.00,0.00,36300.00,FULFILLED
1000001530,20240328,1004,2,4,4,30000.00,6300.00,0.00,36300.00,FULFILLED
1000001531,20240328,1005,2,1,1,57000.00,11970.00,0.00,68970.00,FULFILLED
1000001534,20240328,160,2,1,1,15000.00,3150.00,0.00,18150.00,FULFILLED
1000001537,20240328,701,2,4,4,15000.00,3150.00,0.00,18150.00,FULFILLED
1000001542,20240329,727,2,1,1,24000.00,5040.00,0.00,29040.00,FULFILLED
1000001543,20240329,688,2,2,2,27000.00,5670.00,0.00,32670.00,FULFILLED
1000001544,20240329,723,2,4,4,12000.00,2520.00,1800.00,16320.00,FULFILLED
1000001545,20240329,779,2,1,1,48000.00,10080.00,0.00,58080.00,FULFILLED
1000001546,20240329,830,2,4,4,15000.00,3150.00,0.00,18150.00,FULFILLED
1000001548,20240329,485,2,3,3,12000.00,2520.00,0.00,14520.00,FULFILLED
1000001549,20240329,224,2,3,3,48000.00,10080.00,0.00,58080.00,FULFILLED
1000001550,20240329,1010,2,3,3,15000.00,3150.00,0.00,18150.00,FULFILLED
1000001551,20240329,1011,2,2,2,24000.00,5040.00,0.00,29040.00,FULFILLED
1000001552,20240329,510,2,3,3,30000.00,6300.00,0.00,36300.00,FULFILLED
1000001554,20240329,891,2,2,2,15000.00,3150.00,0.00,18150.00,FULFILLED
1000001559,20240330,598,2,4,4,12000.00,2520.00,0.00,14520.00,FULFILLED
1000001560,20240330,619,2,1,1,15000.00,3150.00,0.00,18150.00,FULFILLED
1000001561,20240330,265,2,1,1,24000.00,5040.00,0.00,29040.00,FULFILLED
1000001562,20240330,1014,2,2,2,30000.00,6300.00,0.00,36300.00,CANCELLED
1000001565,20240330,1015,2,3,3,30000.00,6300.00,0.00,36300.00,FULFILLED
1000001566,20240330,618,2,4,4,24000.00,5040.00,0.00,29040.00,FULFILLED
1000001568,20240330,329,2,4,4,30000.00,6300.00,0.00,36300.00,FULFILLED
1000001571,20240330,795,2,2,2,24000.00,5040.00,0.00,29040.00,FULFILLED
1000001592,20240401,285,2,2,2,12000.00,2520.00,0.00,14520.00,FULFILLED
1000001597,20240401,346,2,4,4,12000.00,2520.00,0.00,14520.00,FULFILLED
1000001598,20240401,829,2,3,3,15000.00,3150.00,0.00,18150.00,FULFILLED
1000001601,20240401,1024,2,4,4,57000.00,11970.00,0.00,68970.00,FULFILLED
1000001604,20240401,341,2,4,4,54000.00,11340.00,0.00,65340.00,FULFILLED
1000001605,20240401,729,2,3,3,24000.00,5040.00,0.00,29040.00,FULFILLED
1000001607,20240401,1025,2,3,3,12000.00,2520.00,0.00,14520.00,FULFILLED
1000001608,20240401,458,2,1,1,39000.00,8190.00,0.00,47190.00,FULFILLED
1000001610,20240401,662,2,3,3,51000.00,10710.00,0.00,61710.00,FULFILLED
1000001613,20240401,352,2,3,3,36000.00,7560.00,0.00,43560.00,FULFILLED
1000001616,20240402,953,2,2,2,24000.00,5040.00,0.00,29040.00,FULFILLED
1000001617,20240402,660,2,1,1,30000.00,6300.00,0.00,36300.00,FULFILLED
1000001618,20240402,521,2,4,4,66000.00,13860.00,0.00,79860.00,FULFILLED
1000001619,20240402,535,2,4,4,51000.00,10710.00,0.00,61710.00,FULFILLED
1000001626,20240403,693,2,1,1,24000.00,5040.00,0.00,29040.00,FULFILLED
1000001629,20240403,850,2,3,3,12000.00,2520.00,0.00,14520.00,FULFILLED
1000001630,20240403,588,2,2,2,39000.00,8190.00,1500.00,48690.00,FULFILLED
1000001631,20240403,121,2,2,2,48000.00,10080.00,0.00,58080.00,FULFILLED
1000001632,20240403,989,2,3,3,24000.00,5040.00,0.00,29040.00,FULFILLED
1000001639,20240404,640,2,1,1,42000.00,8820.00,0.00,50820.00,FULFILLED
1000001642,20240404,1031,2,3,3,30000.00,6300.00,0.00,36300.00,FULFILLED
1000001643,20240404,326,2,4,4,12000.00,2520.00,0.00,14520.00,FULFILLED
1000001644,20240404,961,2,1,1,12000.00,2520.00,0.00,14520.00,FULFILLED
1000001646,20240404,196,2,1,1,12000.00,2520.00,0.00,14520.00,FULFILLED
1000001647,20240404,626,2,1,1,15000.00,3150.00,0.00,18150.00,FULFILLED
1000001650,20240404,738,2,2,2,37800.00,7938.00,0.00,45738.00,FULFILLED
1000001656,20240405,302,2,3,3,51000.00,10710.00,0.00,61710.00,FULFILLED
1000001657,20240405,132,2,2,2,24000.00,5040.00,0.00,29040.00,FULFILLED
1000001660,20240405,236,2,2,2,60000.00,12600.00,0.00,72600.00,FULFILLED
1000001661,20240405,345,2,4,4,39000.00,8190.00,0.00,47190.00,FULFILLED
1000001662,20240405,1032,2,1,1,36000.00,7560.00,0.00,43560.00,FULFILLED
1000001663,20240405,1033,2,2,2,60000.00,12600.00,0.00,72600.00,FULFILLED
1000001664,20240405,370,2,4,4,15000.00,3150.00,0.00,18150.00,FULFILLED
1000001665,20240405,605,2,3,3,48000.00,10080.00,0.00,58080.00,FULFILLED
1000001673,20240406,320,2,3,3,63000.00,13230.00,0.00,76230.00,FULFILLED
1000001676,20240406,1034,2,2,2,39000.00,8190.00,0.00,47190.00,FULFILLED
1000001677,20240406,925,2,2,2,48000.00,10080.00,0.00,58080.00,FULFILLED
1000001678,20240406,1035,2,2,2,36000.00,7560.00,0.00,43560.00,FULFILLED
1000001679,20240406,617,2,4,4,24000.00,5040.00,0.00,29040.00,FULFILLED
1000001680,20240406,336,2,4,4,12000.00,2520.00,0.00,14520.00,FULFILLED
1000001681,20240406,472,2,2,2,12000.00,2520.00,0.00,14520.00,FULFILLED
1000001682,20240406,929,2,3,3,39000.00,8190.00,0.00,47190.00,FULFILLED
1000001683,20240406,560,2,2,2,15000.00,3150.00,0.00,18150.00,FULFILLED
1000001684,20240406,536,2,3,3,12000.00,2520.00,0.00,14520.00,FULFILLED
1000001687,20240406,357,2,1,1,15000.00,3150.00,0.00,18150.00,FULFILLED
1000001688,20240406,973,2,2,2,24000.00,5040.00,0.00,29040.00,FULFILLED
1000001689,20240406,422,2,3,3,153000.00,32130.00,0.00,185130.00,FULFILLED
1000001690,20240406,865,2,1,1,10800.00,2268.00,0.00,13068.00,FULFILLED
1000001691,20240406,1036,2,3,3,27000.00,5670.00,0.00,32670.00,FULFILLED
1000001692,20240406,291,2,2,2,27000.00,5670.00,0.00,32670.00,FULFILLED
1000001695,20240406,301,2,1,1,30000.00,6300.00,0.00,36300.00,FULFILLED
1000001711,20240408,186,2,1,1,36000.00,7560.00,0.00,43560.00,FULFILLED
1000001712,20240408,388,2,4,4,30000.00,6300.00,0.00,36300.00,FULFILLED
1000001713,20240408,1040,2,2,2,30000.00,6300.00,0.00,36300.00,FULFILLED
1000001714,20240408,41,2,1,1,15000.00,3150.00,0.00,18150.00,FULFILLED
1000001715,20240408,1041,2,3,3,24000.00,5040.00,0.00,29040.00,FULFILLED
1000001716,20240408,743,2,2,2,15000.00,3150.00,0.00,18150.00,FULFILLED
1000001717,20240408,1042,2,1,1,36000.00,7560.00,0.00,43560.00,FULFILLED
1000001718,20240408,307,2,4,4,60000.00,12600.00,0.00,72600.00,FULFILLED
1000001720,20240408,1044,2,3,3,56700.00,11907.00,0.00,68607.00,FULFILLED
1000001732,20240409,177,2,3,3,12000.00,2520.00,0.00,14520.00,FULFILLED
1000001733,20240409,426,2,1,1,12000.00,2520.00,0.00,14520.00,FULFILLED
1000001734,20240409,199,2,3,3,12000.00,2520.00,0.00,14520.00,FULFILLED
1000001740,20240409,112,2,1,1,12000.00,2520.00,1200.00,15720.00,FULFILLED
1000001746,20240409,295,2,3,3,60000.00,12600.00,0.00,72600.00,FULFILLED
1000001747,20240409,987,2,2,2,12000.00,2520.00,0.00,14520.00,FULFILLED
1000001753,20240410,778,2,1,1,12000.00,2520.00,0.00,14520.00,FULFILLED
1000001754,20240410,1050,2,4,4,54000.00,11340.00,0.00,65340.00,FULFILLED
1000001759,20240410,584,2,3,3,36000.00,7560.00,0.00,43560.00,FULFILLED
1000001760,20240410,686,2,3,3,12000.00,2520.00,0.00,14520.00,FULFILLED
1000001761,20240410,1052,2,3,3,66000.00,13860.00,0.00,79860.00,FULFILLED
1000001762,20240410,512,2,2,2,24000.00,5040.00,0.00,29040.00,FULFILLED
1000001774,20240411,616,2,3,3,69000.00,14490.00,0.00,83490.00,FULFILLED
1000001775,20240411,890,2,4,4,24000.00,5040.00,0.00,29040.00,FULFILLED
1000001776,20240411,1056,2,4,4,45000.00,9450.00,0.00,54450.00,FULFILLED
1000001777,20240411,224,2,3,3,39000.00,8190.00,0.00,47190.00,FULFILLED
1000001781,20240411,682,2,4,4,12000.00,2520.00,0.00,14520.00,FULFILLED
1000001785,20240412,198,2,1,1,12000.00,2520.00,0.00,14520.00,FULFILLED
1000001786,20240412,1059,2,3,3,51000.00,10710.00,0.00,61710.00,FULFILLED
1000001788,20240412,444,2,1,1,24000.00,5040.00,0.00,29040.00,FULFILLED
1000001789,20240412,994,2,1,1,15000.00,3150.00,0.00,18150.00,FULFILLED
1000001790,20240412,509,2,3,3,12000.00,2520.00,0.00,14520.00,FULFILLED
1000001791,20240412,1061,2,1,1,54000.00,11340.00,0.00,65340.00,FULFILLED
1000001792,20240412,493,2,4,4,30000.00,6300.00,0.00,36300.00,FULFILLED
1000001793,20240412,975,2,1,1,39000.00,8190.00,0.00,47190.00,FULFILLED
1000001795,20240412,1062,2,4,4,24000.00,5040.00,0.00,29040.00,FULFILLED
1000001799,20240413,1063,2,3,3,24000.00,5040.00,0.00,29040.00,FULFILLED
1000001800,20240413,710,2,3,3,36000.00,7560.00,0.00,43560.00,FULFILLED
1000001802,20240413,707,2,2,2,24000.00,5040.00,0.00,29040.00,FULFILLED
1000001803,20240413,101,2,2,2,24300.00,5103.00,0.00,29403.00,FULFILLED
1000001804,20240413,102,2,1,1,12000.00,2520.00,0.00,14520.00,FULFILLED
1000001805,20240413,280,2,2,2,12000.00,2520.00,0.00,14520.00,FULFILLED
1000001806,20240413,1064,2,2,2,30000.00,6300.00,0.00,36300.00,FULFILLED
1000001824,20240415,38,2,1,1,30000.00,6300.00,0.00,36300.00,FULFILLED
1000001825,20240415,441,2,2,2,48000.00,10080.00,0.00,58080.00,FULFILLED
1000001826,20240415,212,2,1,1,12000.00,2520.00,0.00,14520.00,FULFILLED
1000001827,20240415,862,2,4,4,27000.00,5670.00,0.00,32670.00,REFUNDED
1000001828,20240415,777,2,4,4,15000.00,3150.00,0.00,18150.00,FULFILLED
1000001834,20240416,487,2,2,2,15000.00,3150.00,0.00,18150.00,FULFILLED
1000001835,20240416,654,2,2,2,27000.00,5670.00,0.00,32670.00,FULFILLED
1000001836,20240416,415,2,3,3,36000.00,7560.00,0.00,43560.00,FULFILLED
1000001838,20240416,429,2,4,4,12000.00,2520.00,0.00,14520.00,FULFILLED
1000001840,20240416,498,2,4,4,39000.00,8190.00,0.00,47190.00,FULFILLED
1000001842,20240416,1010,2,3,3,60000.00,12600.00,0.00,72600.00,FULFILLED
1000001843,20240416,541,2,3,3,39000.00,8190.00,0.00,47190.00,FULFILLED
1000001844,20240416,245,2,2,2,12000.00,2520.00,0.00,14520.00,REFUNDED
1000001847,20240417,205,2,3,3,12000.00,2520.00,0.00,14520.00,FULFILLED
1000001848,20240417,924,2,1,1,27000.00,5670.00,0.00,32670.00,FULFILLED
1000001849,20240417,350,2,4,4,24000.00,5040.00,0.00,29040.00,FULFILLED
1000001850,20240417,194,2,1,1,12000.00,2520.00,0.00,14520.00,FULFILLED
1000001851,20240417,1074,2,2,2,42000.00,8820.00,0.00,50820.00,FULFILLED
1000001854,20240417,1021,2,1,1,12000.00,2520.00,0.00,14520.00,FULFILLED
1000001855,20240417,407,2,4,4,12000.00,2520.00,0.00,14520.00,FULFILLED
1000001856,20240417,957,2,2,2,24000.00,5040.00,0.00,29040.00,FULFILLED
1000001857,20240417,875,2,3,3,39000.00,8190.00,0.00,47190.00,FULFILLED
1000001859,20240417,1076,2,1,1,27000.00,5670.00,0.00,32670.00,FULFILLED
1000001860,20240417,803,2,1,1,15000.00,3150.00,0.00,18150.00,FULFILLED
1000001866,20240418,477,2,3,3,30000.00,6300.00,0.00,36300.00,FULFILLED
1000001869,20240418,158,2,3,3,12000.00,2520.00,0.00,14520.00,FULFILLED
1000001870,20240418,866,2,3,3,10800.00,2268.00,0.00,13068.00,FULFILLED
1000001875,20240419,1042,2,1,1,30000.00,6300.00,0.00,36300.00,FULFILLED
1000001876,20240419,871,2,4,4,15000.00,3150.00,0.00,18150.00,FULFILLED
1000001877,20240419,758,2,2,2,24000.00,5040.00,0.00,29040.00,FULFILLED
1000001879,20240419,1081,2,4,4,30000.00,6300.00,0.00,36300.00,FULFILLED
1000001881,20240419,22,2,1,1,15000.00,3150.00,1200.00,19350.00,FULFILLED
1000001882,20240419,1082,2,1,1,15000.00,3150.00,0.00,18150.00,FULFILLED
1000001883,20240419,562,2,1,1,36000.00,7560.00,0.00,43560.00,FULFILLED
1000001885,20240419,516,2,3,3,45000.00,9450.00,0.00,54450.00,FULFILLED
1000001886,20240419,465,2,4,4,48000.00,10080.00,0.00,58080.00,FULFILLED
1000001887,20240419,501,2,2,2,45000.00,9450.00,0.00,54450.00,FULFILLED
1000001888,20240419,1083,2,2,2,51000.00,10710.00,0.00,61710.00,FULFILLED
1000001889,20240419,162,2,3,3,27000.00,5670.00,0.00,32670.00,FULFILLED
1000001890,20240419,887,2,4,4,12000.00,2520.00,0.00,14520.00,FULFILLED
1000001892,20240420,1085,2,3,3,24000.00,5040.00,0.00,29040.00,FULFILLED
1000001894,20240420,580,2,3,3,15000.00,3150.00,0.00,18150.00,FULFILLED
1000001895,20240420,714,2,4,4,27000.00,5670.00,0.00,32670.00,FULFILLED
1000001896,20240420,693,2,1,1,12000.00,2520.00,0.00,14520.00,FULFILLED
1000001897,20240420,662,2,3,3,24000.00,5040.00,0.00,29040.00,FULFILLED
1000001898,20240420,641,2,3,3,15000.00,3150.00,0.00,18150.00,FULFILLED
1000001899,20240420,504,2,4,4,27000.00,5670.00,0.00,32670.00,FULFILLED
1000001900,20240420,761,2,1,1,12000.00,2520.00,0.00,14520.00,FULFILLED
1000001901,20240420,860,2,3,3,42000.00,8820.00,0.00,50820.00,FULFILLED
1000001902,20240420,895,2,3,3,12000.00,2520.00,0.00,14520.00,FULFILLED
1000001903,20240420,1086,2,4,4,13500.00,2835.00,0.00,16335.00,FULFILLED
1000001917,20240422,771,2,2,2,36000.00,7560.00,0.00,43560.00,FULFILLED
1000001918,20240422,1089,2,1,1,63000.00,13230.00,0.00,76230.00,FULFILLED
1000001919,20240422,273,2,3,3,24000.00,5040.00,0.00,29040.00,FULFILLED
1000001920,20240422,454,2,2,2,15000.00,3150.00,0.00,18150.00,FULFILLED
1000001923,20240422,261,2,2,2,30000.00,6300.00,0.00,36300.00,FULFILLED
1000001925,20240422,1092,2,1,1,45000.00,9450.00,0.00,54450.00,FULFILLED
1000001936,20240423,968,2,3,3,12000.00,2520.00,0.00,14520.00,FULFILLED
1000001937,20240423,386,2,4,4,15000.00,3150.00,0.00,18150.00,FULFILLED
1000001939,20240423,518,2,2,2,12000.00,2520.00,0.00,14520.00,FULFILLED
1000001940,20240423,219,2,3,3,12000.00,2520.00,0.00,14520.00,FULFILLED
1000001942,20240423,651,2,1,1,15000.00,3150.00,0.00,18150.00,FULFILLED
1000001943,20240423,613,2,4,4,15000.00,3150.00,0.00,18150.00,FULFILLED
1000001947,20240423,326,2,4,4,15000.00,3150.00,0.00,18150.00,FULFILLED
1000001954,20240424,1032,2,1,1,57000.00,11970.00,0.00,68970.00,FULFILLED
1000001955,20240424,908,2,4,4,69000.00,14490.00,0.00,83490.00,FULFILLED
1000001956,20240424,385,2,3,3,42000.00,8820.00,0.00,50820.00,FULFILLED
1000001958,20240424,1098,2,4,4,15000.00,3150.00,0.00,18150.00,FULFILLED
1000001959,20240424,1101,2,3,3,15000.00,3150.00,0.00,18150.00,FULFILLED
1000001962,20240424,19,2,1,1,12000.00,2520.00,0.00,14520.00,FULFILLED
1000001970,20240425,1103,2,2,2,21600.00,4536.00,0.00,26136.00,FULFILLED
1000001971,20240425,382,2,4,4,12000.00,2520.00,0.00,14520.00,FULFILLED
1000001973,20240425,471,2,2,2,30000.00,6300.00,0.00,36300.00,FULFILLED
1000001974,20240425,306,2,1,1,36000.00,7560.00,0.00,43560.00,FULFILLED
1000001975,20240425,199,2,3,3,12000.00,2520.00,0.00,14520.00,FULFILLED
1000001976,20240425,1104,2,1,1,54000.00,11340.00,0.00,65340.00,FULFILLED
1000001979,20240425,1106,2,3,3,15000.00,3150.00,0.00,18150.00,FULFILLED
1000001980,20240425,1107,2,2,2,36000.00,7560.00,0.00,43560.00,FULFILLED
1000001987,20240426,431,2,1,1,10800.00,2268.00,0.00,13068.00,FULFILLED
1000001988,20240426,1014,2,2,2,72000.00,15120.00,0.00,87120.00,FULFILLED
1000001989,20240426,927,2,3,3,30000.00,6300.00,0.00,36300.00,FULFILLED
1000001993,20240426,1112,2,1,1,12000.00,2520.00,0.00,14520.00,FULFILLED
1000001994,20240426,495,2,4,4,15000.00,3150.00,0.00,18150.00,FULFILLED
1000001995,20240426,1113,2,1,1,96000.00,20160.00,0.00,116160.00,FULFILLED
1000001999,20240426,295,2,3,3,27000.00,5670.00,0.00,32670.00,FULFILLED
1000002000,20240426,1015,2,3,3,24000.00,5040.00,0.00,29040.00,FULFILLED
1000002007,20240427,729,2,3,3,12000.00,2520.00,0.00,14520.00,FULFILLED
1000002009,20240427,1076,2,1,1,24000.00,5040.00,1200.00,30240.00,FULFILLED
1000002010,20240427,388,2,4,4,15000.00,3150.00,0.00,18150.00,FULFILLED
1000002011,20240427,515,2,3,3,15000.00,3150.00,0.00,18150.00,FULFILLED
1000002012,20240427,1044,2,3,3,15000.00,3150.00,0.00,18150.00,FULFILLED
1000002013,20240427,430,2,4,4,12000.00,2520.00,0.00,14520.00,FULFILLED
1000002027,20240429,250,2,3,3,15000.00,3150.00,0.00,18150.00,FULFILLED
1000002032,20240429,1052,2,3,3,24000.00,5040.00,0.00,29040.00,FULFILLED
1000002034,20240429,474,2,4,4,15000.00,3150.00,0.00,18150.00,FULFILLED
1000002036,20240429,227,2,3,3,24000.00,5040.00,0.00,29040.00,FULFILLED
1000002037,20240429,1119,2,3,3,36000.00,7560.00,0.00,43560.00,FULFILLED
1000002044,20240430,327,2,4,4,54000.00,11340.00,0.00,65340.00,FULFILLED
1000000000,20240101,425,1,,3,12000.00,2520.00,1500.00,16020.00,FULFILLED
1000000001,20240101,651,1,,1,36000.00,7560.00,1200.00,44760.00,FULFILLED
1000000002,20240101,572,1,,3,30000.00,6300.00,1500.00,37800.00,FULFILLED
1000000003,20240101,335,1,,4,24000.00,5040.00,1800.00,30840.00,FULFILLED
1000000004,20240101,49,1,,3,15000.00,3150.00,1500.00,19650.00,FULFILLED
1000000005,20240101,543,1,,2,27000.00,5670.00,1500.00,34170.00,FULFILLED
1000000006,20240101,206,1,,1,39000.00,8190.00,1200.00,48390.00,FULFILLED
1000000007,20240101,154,1,,3,12000.00,2520.00,1500.00,16020.00,FULFILLED
1000000008,20240101,202,1,,1,24000.00,5040.00,1200.00,30240.00,FULFILLED
1000000009,20240101,110,1,,4,15000.00,3150.00,1800.00,19950.00,REFUNDED
1000000010,20240101,122,1,,2,15000.00,3150.00,1500.00,19650.00,FULFILLED
1000000011,20240101,652,1,,1,15000.00,3150.00,1200.00,19350.00,CANCELLED
1000000012,20240101,44,1,,2,72000.00,15120.00,0.00,87120.00,FULFILLED
1000000013,20240101,615,1,,2,36000.00,7560.00,1500.00,45060.00,FULFILLED
1000000014,20240101,542,1,,2,27000.00,5670.00,1500.00,34170.00,FULFILLED
1000000015,20240101,32,1,,3,15000.00,3150.00,1500.00,19650.00,FULFILLED
1000000016,20240102,398,1,,1,24000.00,5040.00,1200.00,30240.00,FULFILLED
1000000017,20240102,653,1,,3,24000.00,5040.00,1500.00,30540.00,FULFILLED
1000000018,20240102,322,1,,3,15000.00,3150.00,1500.00,19650.00,FULFILLED
1000000019,20240102,152,1,,3,15000.00,3150.00,1500.00,19650.00,FULFILLED
1000000022,20240102,164,1,,1,24000.00,5040.00,1200.00,30240.00,CANCELLED
1000000026,20240102,578,1,,1,14250.00,2992.50,1200.00,18442.50,FULFILLED
1000000027,20240102,260,1,,4,27000.00,5670.00,1800.00,34470.00,FULFILLED
1000000028,20240102,434,1,,4,30000.00,6300.00,1800.00,38100.00,CANCELLED
1000000029,20240103,380,1,,3,15000.00,3150.00,1500.00,19650.00,FULFILLED
1000000030,20240103,130,1,,2,11400.00,2394.00,1500.00,15294.00,FULFILLED
1000000032,20240103,521,1,,4,54000.00,11340.00,0.00,65340.00,FULFILLED
1000000036,20240103,482,1,,2,15000.00,3150.00,1500.00,19650.00,FULFILLED
1000000037,20240103,176,1,,1,15000.00,3150.00,1200.00,19350.00,FULFILLED
1000000040,20240103,263,1,,3,39000.00,8190.00,1500.00,48690.00,FULFILLED
1000000042,20240103,657,1,,1,15000.00,3150.00,1200.00,19350.00,FULFILLED
1000000044,20240103,468,1,,1,12000.00,2520.00,1200.00,15720.00,FULFILLED
1000000045,20240103,659,1,,3,30000.00,6300.00,1500.00,37800.00,FULFILLED
1000000046,20240103,439,1,,1,15000.00,3150.00,1200.00,19350.00,FULFILLED
1000000047,20240104,68,1,,1,24000.00,5040.00,1200.00,30240.00,FULFILLED
1000000050,20240104,567,1,,1,42750.00,8977.50,1200.00,52927.50,FULFILLED
1000000056,20240104,242,1,,3,25650.00,5386.50,1500.00,32536.50,FULFILLED
1000000057,20240104,663,1,,1,12000.00,2520.00,1200.00,15720.00,CANCELLED
1000000059,20240104,166,1,,3,15000.00,3150.00,1500.00,19650.00,CANCELLED
1000000060,20240105,502,1,,2,54000.00,11340.00,0.00,65340.00,FULFILLED
1000000061,20240105,81,1,,2,15000.00,3150.00,1500.00,19650.00,CANCELLED
1000000062,20240105,623,1,,2,15000.00,3150.00,1500.00,19650.00,FULFILLED
1000000064,20240105,26,1,,1,54000.00,11340.00,0.00,65340.00,FULFILLED
1000000065,20240105,381,1,,1,57000.00,11970.00,0.00,68970.00,FULFILLED
1000000066,20240105,625,1,,3,15000.00,3150.00,1500.00,19650.00,REFUNDED
1000000067,20240105,235,1,,1,51000.00,10710.00,0.00,61710.00,FULFILLED
1000000068,20240105,275,1,,3,24000.00,5040.00,1500.00,30540.00,FULFILLED
1000000069,20240105,664,1,,1,51000.00,10710.00,0.00,61710.00,FULFILLED
1000000071,20240105,666,1,,1,66000.00,13860.00,0.00,79860.00,FULFILLED
1000000072,20240105,667,1,,2,39000.00,8190.00,1500.00,48690.00,FULFILLED
1000000075,20240105,668,1,,2,42000.00,8820.00,1500.00,52320.00,FULFILLED
1000000076,20240105,669,1,,2,24000.00,5040.00,1500.00,30540.00,FULFILLED
1000000078,20240105,11,1,,4,42000.00,8820.00,1800.00,52620.00,FULFILLED
1000000079,20240105,670,1,,1,45000.00,9450.00,0.00,54450.00,CANCELLED
1000000080,20240105,411,1,,1,12000.00,2520.00,1200.00,15720.00,FULFILLED
1000000081,20240106,384,1,,3,27000.00,5670.00,1500.00,34170.00,FULFILLED
1000000082,20240106,112,1,,1,15000.00,3150.00,1200.00,19350.00,FULFILLED
1000000084,20240106,14,1,,1,36000.00,7560.00,1200.00,44760.00,FULFILLED
1000000085,20240106,306,1,,1,15000.00,3150.00,1200.00,19350.00,FULFILLED
1000000089,20240106,671,1,,1,12000.00,2520.00,1200.00,15720.00,FULFILLED
1000000091,20240106,488,1,,2,54000.00,11340.00,0.00,65340.00,FULFILLED
1000000097,20240106,294,1,,3,30000.00,6300.00,1500.00,37800.00,FULFILLED
1000000098,20240107,672,1,,1,12000.00,2520.00,1200.00,15720.00,FULFILLED
1000000099,20240107,293,1,,4,24000.00,5040.00,1800.00,30840.00,FULFILLED
1000000100,20240107,225,1,,1,27000.00,5670.00,1200.00,33870.00,CANCELLED
1000000101,20240107,673,1,,1,15000.00,3150.00,1200.00,19350.00,REFUNDED
1000000102,20240107,577,1,,2,15000.00,3150.00,1500.00,19650.00,FULFILLED
1000000103,20240107,630,1,,4,15000.00,3150.00,1800.00,19950.00,FULFILLED
1000000104,20240107,603,1,,2,15000.00,3150.00,1500.00,19650.00,CANCELLED
1000000105,20240107,457,1,,4,140250.00,29452.50,0.00,169702.50,FULFILLED
1000000106,20240107,149,1,,2,30000.00,6300.00,1500.00,37800.00,FULFILLED
1000000107,20240107,674,1,,4,24000.00,5040.00,1800.00,30840.00,FULFILLED
1000000108,20240107,28,1,,3,12000.00,2520.00,1500.00,16020.00,FULFILLED
1000000109,20240108,570,1,,3,11400.00,2394.00,1500.00,15294.00,FULFILLED
1000000112,20240108,328,1,,2,30000.00,6300.00,1500.00,37800.00,CANCELLED
1000000113,20240108,359,1,,2,42000.00,8820.00,1500.00,52320.00,FULFILLED
1000000114,20240108,46,1,,3,24000.00,5040.00,1500.00,30540.00,FULFILLED
1000000122,20240109,173,1,,1,13500.00,2835.00,1200.00,17535.00,FULFILLED
1000000123,20240109,438,1,,1,12000.00,2520.00,1200.00,15720.00,FULFILLED
1000000124,20240109,675,1,,1,12000.00,2520.00,1200.00,15720.00,FULFILLED
1000000125,20240109,676,1,,2,61200.00,12852.00,0.00,74052.00,FULFILLED
1000000126,20240109,526,1,,4,63000.00,13230.00,0.00,76230.00,CANCELLED
1000000128,20240109,61,1,,1,12000.00,2520.00,1200.00,15720.00,FULFILLED
1000000129,20240109,325,1,,2,12000.00,2520.00,1500.00,16020.00,FULFILLED
1000000131,20240109,159,1,,3,13500.00,2835.00,1500.00,17835.00,FULFILLED
1000000135,20240109,75,1,,1,57000.00,11970.00,0.00,68970.00,FULFILLED
1000000136,20240109,678,1,,1,51000.00,10710.00,0.00,61710.00,FULFILLED
1000000138,20240109,534,1,,2,12000.00,2520.00,1500.00,16020.00,FULFILLED
1000000140,20240109,253,1,,4,39000.00,8190.00,1800.00,48990.00,FULFILLED
1000000141,20240109,447,1,,1,24000.00,5040.00,1200.00,30240.00,FULFILLED
1000000142,20240109,680,1,,2,48000.00,10080.00,0.00,58080.00,FULFILLED
1000000143,20240110,629,1,,1,60000.00,12600.00,0.00,72600.00,FULFILLED
1000000144,20240110,13,1,,1,15000.00,3150.00,1200.00,19350.00,FULFILLED
1000000145,20240110,315,1,,3,27000.00,5670.00,1500.00,34170.00,CANCELLED
1000000146,20240110,414,1,,1,15000.00,3150.00,1200.00,19350.00,CANCELLED
1000000149,20240110,681,1,,1,15000.00,3150.00,1200.00,19350.00,FULFILLED
1000000154,20240110,624,1,,1,27000.00,5670.00,1200.00,33870.00,FULFILLED
1000000155,20240110,427,1,,3,12000.00,2520.00,1500.00,16020.00,FULFILLED
1000000156,20240110,612,1,,2,12000.00,2520.00,1500.00,16020.00,FULFILLED
1000000157,20240110,249,1,,3,15000.00,3150.00,1500.00,19650.00,FULFILLED
1000000158,20240111,184,1,,1,15000.00,3150.00,1200.00,19350.00,FULFILLED
1000000159,20240111,684,1,,1,27000.00,5670.00,1200.00,33870.00,FULFILLED
1000000160,20240111,266,1,,1,45000.00,9450.00,0.00,54450.00,FULFILLED
1000000166,20240111,480,1,,3,27000.00,5670.00,1500.00,34170.00,FULFILLED
1000000170,20240111,687,1,,3,15000.00,3150.00,1500.00,19650.00,FULFILLED
1000000171,20240111,514,1,,4,12000.00,2520.00,1800.00,16320.00,FULFILLED
1000000172,20240111,3,1,,3,45000.00,9450.00,0.00,54450.00,FULFILLED
1000000175,20240111,688,1,,2,60000.00,12600.00,0.00,72600.00,FULFILLED
1000000177,20240111,350,1,,4,15000.00,3150.00,1800.00,19950.00,FULFILLED
1000000178,20240111,289,1,,2,15000.00,3150.00,1500.00,19650.00,FULFILLED
1000000179,20240111,690,1,,1,25650.00,5386.50,1200.00,32236.50,CANCELLED
1000000180,20240111,127,1,,2,15000.00,3150.00,1500.00,19650.00,FULFILLED
1000000181,20240111,644,1,,2,66000.00,13860.00,0.00,79860.00,FULFILLED
1000000182,20240111,433,1,,1,51000.00,10710.00,0.00,61710.00,FULFILLED
1000000183,20240112,692,1,,3,12000.00,2520.00,1500.00,16020.00,FULFILLED
1000000184,20240112,403,1,,1,12000.00,2520.00,1200.00,15720.00,REFUNDED
1000000186,20240112,569,1,,4,30000.00,6300.00,1800.00,38100.00,FULFILLED
1000000188,20240112,169,1,,1,51000.00,10710.00,0.00,61710.00,CANCELLED
1000000195,20240112,696,1,,3,127500.00,26775.00,0.00,154275.00,REFUNDED
1000000196,20240113,128,1,,3,42000.00,8820.00,1500.00,52320.00,FULFILLED
1000000197,20240113,366,1,,1,30000.00,6300.00,1200.00,37500.00,FULFILLED
1000000201,20240113,697,1,,3,48000.00,10080.00,0.00,58080.00,FULFILLED
1000000205,20240113,700,1,,3,42000.00,8820.00,1500.00,52320.00,CANCELLED
1000000206,20240113,36,1,,3,30000.00,6300.00,1500.00,37800.00,REFUNDED
1000000212,20240113,515,1,,3,48450.00,10174.50,0.00,58624.50,FULFILLED
1000000215,20240113,611,1,,1,15000.00,3150.00,1200.00,19350.00,FULFILLED
1000000216,20240113,702,1,,2,15000.00,3150.00,1500.00,19650.00,CANCELLED
1000000217,20240113,510,1,,3,15000.00,3150.00,1500.00,19650.00,FULFILLED
1000000218,20240114,70,1,,1,12000.00,2520.00,1200.00,15720.00,CANCELLED
1000000219,20240114,552,1,,3,30000.00,6300.00,1500.00,37800.00,REFUNDED
1000000220,20240114,703,1,,3,12000.00,2520.00,1500.00,16020.00,FULFILLED
1000000221,20240114,596,1,,1,12000.00,2520.00,1200.00,15720.00,FULFILLED
1000000222,20240114,704,1,,1,30000.00,6300.00,1200.00,37500.00,FULFILLED
1000000223,20240114,348,1,,3,12000.00,2520.00,1500.00,16020.00,FULFILLED
1000000224,20240114,59,1,,1,15000.00,3150.00,1200.00,19350.00,FULFILLED
1000000225,20240114,29,1,,4,24000.00,5040.00,1800.00,30840.00,FULFILLED
1000000226,20240114,541,1,,3,27000.00,5670.00,1500.00,34170.00,FULFILLED
1000000227,20240114,476,1,,1,12000.00,2520.00,1200.00,15720.00,FULFILLED
1000000228,20240114,705,1,,3,30000.00,6300.00,1500.00,37800.00,FULFILLED
1000000229,20240114,706,1,,1,15000.00,3150.00,1200.00,19350.00,FULFILLED
1000000230,20240115,505,1,,1,54000.00,11340.00,0.00,65340.00,FULFILLED
1000000233,20240115,708,1,,1,12000.00,2520.00,1200.00,15720.00,FULFILLED
1000000234,20240115,9,1,,4,15000.00,3150.00,1800.00,19950.00,FULFILLED
1000000238,20240115,576,1,,2,69000.00,14490.00,0.00,83490.00,FULFILLED
1000000240,20240115,467,1,,3,27000.00,5670.00,1500.00,34170.00,FULFILLED
1000000241,20240115,62,1,,3,42000.00,8820.00,1500.00,52320.00,CANCELLED
1000000242,20240115,108,1,,3,15000.00,3150.00,1500.00,19650.00,FULFILLED
1000000246,20240115,33,1,,1,69000.00,14490.00,0.00,83490.00,FULFILLED
1000000247,20240115,496,1,,1,12000.00,2520.00,1200.00,15720.00,FULFILLED
1000000249,20240115,642,1,,3,27000.00,5670.00,1500.00,34170.00,FULFILLED
1000000250,20240115,711,1,,3,24000.00,5040.00,1500.00,30540.00,FULFILLED
1000000251,20240116,170,1,,1,15000.00,3150.00,1200.00,19350.00,FULFILLED
1000000252,20240116,712,1,,1,30000.00,6300.00,1200.00,37500.00,FULFILLED
1000000254,20240116,593,1,,4,14250.00,2992.50,1800.00,19042.50,FULFILLED
1000000255,20240116,713,1,,1,30000.00,6300.00,1200.00,37500.00,FULFILLED
1000000256,20240116,243,1,,3,15000.00,3150.00,1500.00,19650.00,REFUNDED
1000000262,20240116,604,1,,3,24000.00,5040.00,1500.00,30540.00,FULFILLED
1000000263,20240116,715,1,,2,39000.00,8190.00,1500.00,48690.00,CANCELLED
1000000264,20240116,179,1,,3,15000.00,3150.00,1500.00,19650.00,FULFILLED
1000000268,20240116,717,1,,2,51000.00,10710.00,0.00,61710.00,FULFILLED
1000000269,20240116,716,1,,1,27000.00,5670.00,1200.00,33870.00,FULFILLED
1000000271,20240117,423,1,,2,42000.00,8820.00,1500.00,52320.00,FULFILLED
1000000274,20240117,78,1,,4,15000.00,3150.00,1800.00,19950.00,FULFILLED
1000000275,20240117,478,1,,2,27000.00,5670.00,1500.00,34170.00,FULFILLED
1000000278,20240117,719,1,,1,30000.00,6300.00,1200.00,37500.00,FULFILLED
1000000281,20240117,112,1,,1,30000.00,6300.00,1200.00,37500.00,CANCELLED
1000000282,20240117,88,1,,1,15000.00,3150.00,1200.00,19350.00,FULFILLED
1000000283,20240117,649,1,,1,36000.00,7560.00,1200.00,44760.00,CANCELLED
1000000284,20240117,638,1,,2,12000.00,2520.00,1500.00,16020.00,FULFILLED
1000000285,20240117,244,1,,2,27000.00,5670.00,1500.00,34170.00,FULFILLED
1000000286,20240118,582,1,,2,30000.00,6300.00,1500.00,37800.00,FULFILLED
1000000287,20240118,342,1,,3,27000.00,5670.00,1500.00,34170.00,FULFILLED
1000000288,20240118,296,1,,2,72000.00,15120.00,0.00,87120.00,FULFILLED
1000000290,20240118,720,1,,1,25650.00,5386.50,1200.00,32236.50,FULFILLED
1000000293,20240118,595,1,,3,12000.00,2520.00,1500.00,16020.00,FULFILLED
1000000294,20240118,721,1,,2,39000.00,8190.00,1500.00,48690.00,FULFILLED
1000000299,20240118,725,1,,3,30000.00,6300.00,1500.00,37800.00,FULFILLED
1000000301,20240118,726,1,,2,15000.00,3150.00,1500.00,19650.00,FULFILLED
1000000302,20240118,90,1,,1,45000.00,9450.00,0.00,54450.00,FULFILLED
1000000303,20240118,259,1,,2,51000.00,10710.00,0.00,61710.00,FULFILLED
1000000304,20240119,299,1,,3,15000.00,3150.00,1500.00,19650.00,CANCELLED
1000000305,20240119,42,1,,1,12000.00,2520.00,1200.00,15720.00,FULFILLED
1000000309,20240119,16,1,,3,51000.00,10710.00,0.00,61710.00,FULFILLED
1000000310,20240119,335,1,,4,27000.00,5670.00,1800.00,34470.00,FULFILLED
1000000311,20240119,727,1,,1,60000.00,12600.00,0.00,72600.00,REFUNDED
1000000312,20240119,383,1,,1,48000.00,10080.00,0.00,58080.00,FULFILLED
1000000313,20240119,648,1,,1,24000.00,5040.00,1200.00,30240.00,FULFILLED
1000000315,20240119,283,1,,2,15000.00,3150.00,1500.00,19650.00,FULFILLED
1000000316,20240119,728,1,,1,45000.00,9450.00,0.00,54450.00,CANCELLED
1000000318,20240119,251,1,,1,15000.00,3150.00,1200.00,19350.00,FULFILLED
1000000320,20240119,58,1,,1,15000.00,3150.00,1200.00,19350.00,FULFILLED
1000000321,20240119,2,1,,3,39000.00,8190.00,1500.00,48690.00,FULFILLED
1000000322,20240120,27,1,,2,12000.00,2520.00,1500.00,16020.00,FULFILLED
1000000329,20240120,731,1,,2,42750.00,8977.50,1500.00,53227.50,FULFILLED
1000000334,20240120,733,1,,1,39000.00,8190.00,1200.00,48390.00,FULFILLED
1000000335,20240120,126,1,,1,15000.00,3150.00,1200.00,19350.00,FULFILLED
1000000336,20240120,734,1,,3,36000.00,7560.00,1500.00,45060.00,FULFILLED
1000000337,20240121,486,1,,2,12000.00,2520.00,1500.00,16020.00,FULFILLED
1000000338,20240121,408,1,,1,15000.00,3150.00,1200.00,19350.00,CANCELLED
1000000339,20240121,735,1,,1,15000.00,3150.00,1200.00,19350.00,FULFILLED
1000000340,20240121,281,1,,1,15000.00,3150.00,1200.00,19350.00,FULFILLED
1000000341,20240121,652,1,,1,76500.00,16065.00,0.00,92565.00,FULFILLED
1000000342,20240121,494,1,,1,15000.00,3150.00,1200.00,19350.00,FULFILLED
1000000343,20240121,497,1,,1,36000.00,7560.00,1200.00,44760.00,FULFILLED
1000000344,20240121,135,1,,1,15000.00,3150.00,1200.00,19350.00,FULFILLED
1000000345,20240121,514,1,,4,30000.00,6300.00,1800.00,38100.00,FULFILLED
1000000346,20240121,214,1,,1,27000.00,5670.00,1200.00,33870.00,FULFILLED
1000000349,20240122,469,1,,3,12000.00,2520.00,1500.00,16020.00,FULFILLED
1000000353,20240122,233,1,,3,15000.00,3150.00,1500.00,19650.00,FULFILLED
1000000356,20240122,739,1,,2,36000.00,7560.00,1500.00,45060.00,FULFILLED
1000000357,20240122,107,1,,3,24000.00,5040.00,1500.00,30540.00,FULFILLED
1000000358,20240122,740,1,,2,27000.00,5670.00,1500.00,34170.00,FULFILLED
1000000359,20240122,741,1,,2,15000.00,3150.00,1500.00,19650.00,FULFILLED
1000000360,20240122,7,1,,4,57000.00,11970.00,0.00,68970.00,FULFILLED
1000000361,20240123,200,1,,1,21600.00,4536.00,1200.00,27336.00,FULFILLED
1000000362,20240123,742,1,,1,12000.00,2520.00,1200.00,15720.00,CANCELLED
1000000364,20240123,642,1,,3,13500.00,2835.00,1500.00,17835.00,FULFILLED
1000000367,20240123,622,1,,2,15000.00,3150.00,1500.00,19650.00,FULFILLED
1000000368,20240123,269,1,,1,24000.00,5040.00,1200.00,30240.00,FULFILLED
1000000370,20240123,452,1,,3,13500.00,2835.00,1500.00,17835.00,FULFILLED
1000000372,20240123,125,1,,3,48600.00,10206.00,0.00,58806.00,FULFILLED
1000000374,20240123,171,1,,2,10800.00,2268.00,1500.00,14568.00,FULFILLED
1000000376,20240123,313,1,,2,13500.00,2835.00,1500.00,17835.00,FULFILLED
1000000377,20240123,89,1,,3,42000.00,8820.00,1500.00,52320.00,REFUNDED
1000000378,20240124,113,1,,1,12000.00,2520.00,1200.00,15720.00,FULFILLED
1000000382,20240124,746,1,,3,24000.00,5040.00,1500.00,30540.00,FULFILLED
1000000384,20240124,49,1,,3,45000.00,9450.00,0.00,54450.00,FULFILLED
1000000385,20240124,482,1,,2,42000.00,8820.00,1500.00,52320.00,FULFILLED
1000000386,20240124,747,1,,1,12000.00,2520.00,1200.00,15720.00,FULFILLED
1000000389,20240124,268,1,,4,45000.00,9450.00,0.00,54450.00,FULFILLED
1000000391,20240124,279,1,,2,39000.00,8190.00,1500.00,48690.00,FULFILLED
1000000394,20240124,65,1,,1,15000.00,3150.00,1200.00,19350.00,FULFILLED
1000000397,20240125,751,1,,3,48000.00,10080.00,0.00,58080.00,FULFILLED
1000000402,20240125,513,1,,2,78000.00,16380.00,0.00,94380.00,FULFILLED
1000000403,20240125,505,1,,1,24000.00,5040.00,1200.00,30240.00,CANCELLED
1000000404,20240125,229,1,,2,15000.00,3150.00,1500.00,19650.00,FULFILLED
1000000405,20240125,115,1,,1,45000.00,9450.00,0.00,54450.00,FULFILLED
1000000406,20240125,305,1,,1,30000.00,6300.00,1200.00,37500.00,FULFILLED
1000000407,20240126,302,1,,3,12000.00,2520.00,1500.00,16020.00,FULFILLED
1000000408,20240126,310,1,,1,15000.00,3150.00,1200.00,19350.00,FULFILLED
1000000411,20240126,46,1,,3,15000.00,3150.00,1500.00,19650.00,FULFILLED
1000000412,20240126,280,1,,2,15000.00,3150.00,1500.00,19650.00,FULFILLED
1000000415,20240126,32,1,,3,25650.00,5386.50,1500.00,32536.50,CANCELLED
1000000420,20240126,161,1,,2,30000.00,6300.00,1500.00,37800.00,FULFILLED
1000000421,20240126,405,1,,4,30000.00,6300.00,1800.00,38100.00,FULFILLED
1000000422,20240127,755,1,,1,81000.00,17010.00,0.00,98010.00,FULFILLED
1000000423,20240127,144,1,,2,27000.00,5670.00,1500.00,34170.00,FULFILLED
1000000429,20240127,425,1,,3,15000.00,3150.00,1500.00,19650.00,FULFILLED
1000000432,20240127,20,1,,1,12000.00,2520.00,1200.00,15720.00,FULFILLED
1000000438,20240127,756,1,,2,12000.00,2520.00,1500.00,16020.00,FULFILLED
1000000441,20240127,430,1,,4,36000.00,7560.00,1800.00,45360.00,FULFILLED
1000000443,20240127,509,1,,3,66000.00,13860.00,0.00,79860.00,FULFILLED
1000000444,20240127,69,1,,4,15000.00,3150.00,1800.00,19950.00,FULFILLED
1000000445,20240127,263,1,,3,12000.00,2520.00,1500.00,16020.00,FULFILLED
1000000446,20240127,118,1,,2,78000.00,16380.00,0.00,94380.00,FULFILLED
1000000447,20240127,404,1,,1,48000.00,10080.00,0.00,58080.00,FULFILLED
1000000448,20240128,363,1,,2,12000.00,2520.00,1500.00,16020.00,CANCELLED
1000000449,20240128,217,1,,4,15000.00,3150.00,1800.00,19950.00,FULFILLED
1000000450,20240128,52,1,,3,15000.00,3150.00,1500.00,19650.00,FULFILLED
1000000451,20240128,308,1,,2,11400.00,2394.00,1500.00,15294.00,CANCELLED
1000000452,20240128,676,1,,2,24000.00,5040.00,1500.00,30540.00,FULFILLED
1000000453,20240128,432,1,,4,12000.00,2520.00,1800.00,16320.00,FULFILLED
1000000454,20240128,759,1,,1,24000.00,5040.00,1200.00,30240.00,FULFILLED
1000000455,20240128,122,1,,2,11400.00,2394.00,1500.00,15294.00,FULFILLED
1000000456,20240128,340,1,,1,15000.00,3150.00,1200.00,19350.00,FULFILLED
1000000457,20240128,192,1,,3,27000.00,5670.00,1500.00,34170.00,FULFILLED
1000000461,20240129,149,1,,2,12000.00,2520.00,1500.00,16020.00,FULFILLED
1000000462,20240129,378,1,,4,30000.00,6300.00,1800.00,38100.00,FULFILLED
1000000464,20240129,410,1,,2,48000.00,10080.00,0.00,58080.00,FULFILLED
1000000470,20240129,564,1,,1,45000.00,9450.00,0.00,54450.00,FULFILLED
1000000471,20240129,354,1,,3,30000.00,6300.00,1500.00,37800.00,FULFILLED
1000000472,20240130,586,1,,1,24000.00,5040.00,1200.00,30240.00,FULFILLED
1000000473,20240130,77,1,,1,12000.00,2520.00,1200.00,15720.00,FULFILLED
1000000474,20240130,278,1,,4,30000.00,6300.00,1800.00,38100.00,FULFILLED
1000000478,20240130,764,1,,1,12000.00,2520.00,1200.00,15720.00,FULFILLED
1000000481,20240130,765,1,,1,15000.00,3150.00,1200.00,19350.00,FULFILLED
1000000482,20240130,766,1,,1,14250.00,2992.50,1200.00,18442.50,FULFILLED
1000000483,20240130,116,1,,1,30000.00,6300.00,1200.00,37500.00,FULFILLED
1000000485,20240130,767,1,,2,24000.00,5040.00,1500.00,30540.00,FULFILLED
1000000486,20240130,67,1,,4,27000.00,5670.00,1800.00,34470.00,FULFILLED
1000000487,20240130,768,1,,1,12000.00,2520.00,1200.00,15720.00,FULFILLED
1000000488,20240130,142,1,,1,39000.00,8190.00,1200.00,48390.00,FULFILLED
1000000489,20240130,394,1,,4,30000.00,6300.00,1800.00,38100.00,FULFILLED
1000000491,20240131,438,1,,1,54000.00,11340.00,0.00,65340.00,FULFILLED
1000000492,20240131,552,1,,3,15000.00,3150.00,1500.00,19650.00,FULFILLED
1000000494,20240131,325,1,,2,15000.00,3150.00,1500.00,19650.00,FULFILLED
1000000502,20240131,134,1,,2,15000.00,3150.00,1500.00,19650.00,FULFILLED
1000000503,20240131,72,1,,3,12000.00,2520.00,1500.00,16020.00,FULFILLED
1000000505,20240131,518,1,,2,60000.00,12600.00,0.00,72600.00,FULFILLED
1000000506,20240131,527,1,,3,12000.00,2520.00,1500.00,16020.00,REFUNDED
1000000507,20240131,289,1,,2,30000.00,6300.00,1500.00,37800.00,FULFILLED
1000000508,20240131,179,1,,3,15000.00,3150.00,1500.00,19650.00,FULFILLED
1000000509,20240201,155,1,,4,12000.00,2520.00,1800.00,16320.00,FULFILLED
1000000510,20240201,347,1,,2,12000.00,2520.00,1500.00,16020.00,FULFILLED
1000000515,20240201,775,1,,2,57000.00,11970.00,0.00,68970.00,FULFILLED
1000000517,20240201,178,1,,3,12000.00,2520.00,1500.00,16020.00,CANCELLED
1000000522,20240201,109,1,,2,60000.00,12600.00,0.00,72600.00,CANCELLED
1000000524,20240201,53,1,,4,15000.00,3150.00,1800.00,19950.00,FULFILLED
1000000525,20240201,387,1,,2,27000.00,5670.00,1500.00,34170.00,FULFILLED
1000000526,20240202,48,1,,2,15000.00,3150.00,1500.00,19650.00,FULFILLED
1000000532,20240202,607,1,,3,15000.00,3150.00,1500.00,19650.00,FULFILLED
1000000534,20240202,499,1,,1,15000.00,3150.00,1200.00,19350.00,FULFILLED
1000000540,20240202,147,1,,1,24000.00,5040.00,1200.00,30240.00,FULFILLED
1000000541,20240202,779,1,,1,39000.00,8190.00,1200.00,48390.00,FULFILLED
1000000542,20240202,543,1,,2,60000.00,12600.00,0.00,72600.00,FULFILLED
1000000543,20240202,82,1,,1,15000.00,3150.00,1200.00,19350.00,CANCELLED
1000000544,20240202,399,1,,3,30000.00,6300.00,1500.00,37800.00,FULFILLED
1000000545,20240202,220,1,,1,15000.00,3150.00,1200.00,19350.00,FULFILLED
1000000547,20240202,167,1,,1,57000.00,11970.00,0.00,68970.00,FULFILLED
1000000549,20240202,780,1,,1,30000.00,6300.00,1200.00,37500.00,FULFILLED
1000000552,20240203,781,1,,1,15000.00,3150.00,1200.00,19350.00,FULFILLED
1000000553,20240203,633,1,,3,24000.00,5040.00,1500.00,30540.00,FULFILLED
1000000556,20240203,782,1,,2,15000.00,3150.00,1500.00,19650.00,FULFILLED
1000000558,20240203,23,1,,3,12000.00,2520.00,1500.00,16020.00,FULFILLED
1000000559,20240203,783,1,,1,54000.00,11340.00,0.00,65340.00,FULFILLED
1000000563,20240203,402,1,,3,27000.00,5670.00,1500.00,34170.00,CANCELLED
1000000564,20240203,784,1,,4,36000.00,7560.00,1800.00,45360.00,FULFILLED
1000000566,20240204,785,1,,1,12000.00,2520.00,1200.00,15720.00,FULFILLED
1000000567,20240204,47,1,,1,30000.00,6300.00,1200.00,37500.00,FULFILLED
1000000568,20240204,391,1,,2,24000.00,5040.00,1500.00,30540.00,FULFILLED
1000000569,20240204,786,1,,3,12000.00,2520.00,1500.00,16020.00,FULFILLED
1000000570,20240204,787,1,,1,15000.00,3150.00,1200.00,19350.00,FULFILLED
1000000571,20240204,285,1,,2,30000.00,6300.00,1500.00,37800.00,FULFILLED
1000000572,20240204,788,1,,4,24000.00,5040.00,1800.00,30840.00,FULFILLED
1000000573,20240205,299,1,,3,12000.00,2520.00,1500.00,16020.00,FULFILLED
1000000574,20240205,789,1,,3,15000.00,3150.00,1500.00,19650.00,FULFILLED
1000000575,20240205,324,1,,3,42000.00,8820.00,1500.00,52320.00,FULFILLED
1000000576,20240205,790,1,,1,30000.00,6300.00,1200.00,37500.00,FULFILLED
1000000577,20240205,791,1,,1,191250.00,40162.50,0.00,231412.50,FULFILLED
1000000578,20240205,625,1,,3,24000.00,5040.00,1500.00,30540.00,FULFILLED
1000000579,20240205,792,1,,2,51000.00,10710.00,0.00,61710.00,FULFILLED
1000000581,20240205,793,1,,2,30000.00,6300.00,1500.00,37800.00,FULFILLED
1000000583,20240205,629,1,,1,27000.00,5670.00,1200.00,33870.00,FULFILLED
1000000585,20240205,296,1,,2,30000.00,6300.00,1500.00,37800.00,FULFILLED
1000000586,20240205,21,1,,1,15000.00,3150.00,1200.00,19350.00,CANCELLED
1000000587,20240205,237,1,,1,30000.00,6300.00,1200.00,37500.00,REFUNDED
1000000588,20240205,300,1,,3,48000.00,10080.00,0.00,58080.00,FULFILLED
1000000589,20240205,521,1,,4,12000.00,2520.00,1800.00,16320.00,FULFILLED
1000000590,20240205,671,1,,1,45000.00,9450.00,0.00,54450.00,FULFILLED
1000000591,20240205,152,1,,3,15000.00,3150.00,1500.00,19650.00,FULFILLED
1000000592,20240206,316,1,,1,15000.00,3150.00,1200.00,19350.00,FULFILLED
1000000593,20240206,425,1,,3,45000.00,9450.00,0.00,54450.00,FULFILLED
1000000594,20240206,5,1,,1,57000.00,11970.00,0.00,68970.00,FULFILLED
1000000595,20240206,461,1,,3,51000.00,10710.00,0.00,61710.00,FULFILLED
1000000596,20240206,794,1,,1,15000.00,3150.00,1200.00,19350.00,FULFILLED
1000000597,20240206,168,1,,1,69000.00,14490.00,0.00,83490.00,FULFILLED
1000000601,20240206,25,1,,1,48000.00,10080.00,0.00,58080.00,FULFILLED
1000000602,20240206,275,1,,3,14250.00,2992.50,1500.00,18742.50,FULFILLED
1000000606,20240206,164,1,,1,27000.00,5670.00,1200.00,33870.00,FULFILLED
1000000607,20240206,16,1,,3,27000.00,5670.00,1500.00,34170.00,FULFILLED
1000000609,20240206,4,1,,2,36000.00,7560.00,1500.00,45060.00,FULFILLED
1000000610,20240206,570,1,,2,30000.00,6300.00,1500.00,37800.00,FULFILLED
1000000611,20240207,400,1,,1,12000.00,2520.00,1200.00,15720.00,FULFILLED
1000000613,20240207,482,1,,2,36000.00,7560.00,1500.00,45060.00,FULFILLED
1000000615,20240207,796,1,,3,30000.00,6300.00,1500.00,37800.00,FULFILLED
1000000618,20240207,58,1,,1,30000.00,6300.00,1200.00,37500.00,CANCELLED
1000000619,20240208,630,1,,4,12000.00,2520.00,1800.00,16320.00,FULFILLED
1000000631,20240208,702,1,,2,45000.00,9450.00,0.00,54450.00,FULFILLED
1000000632,20240208,603,1,,2,15000.00,3150.00,1500.00,19650.00,FULFILLED
1000000633,20240208,797,1,,1,30000.00,6300.00,1200.00,37500.00,FULFILLED
1000000634,20240208,182,1,,4,12000.00,2520.00,1800.00,16320.00,FULFILLED
1000000635,20240209,232,1,,2,15000.00,3150.00,1500.00,19650.00,FULFILLED
1000000636,20240209,112,1,,1,15000.00,3150.00,1200.00,19350.00,FULFILLED
1000000640,20240209,83,1,,4,15000.00,3150.00,1800.00,19950.00,FULFILLED
1000000644,20240209,45,1,,2,15000.00,3150.00,1500.00,19650.00,FULFILLED
1000000645,20240209,640,1,,1,57000.00,11970.00,0.00,68970.00,FULFILLED
1000000646,20240209,34,1,,2,30000.00,6300.00,1500.00,37800.00,FULFILLED
1000000647,20240209,799,1,,1,27000.00,5670.00,1200.00,33870.00,FULFILLED
1000000648,20240209,226,1,,1,15000.00,3150.00,1200.00,19350.00,FULFILLED
1000000649,20240209,354,1,,3,15000.00,3150.00,1500.00,19650.00,FULFILLED
1000000650,20240210,363,1,,2,15000.00,3150.00,1500.00,19650.00,FULFILLED
1000000651,20240210,800,1,,3,12000.00,2520.00,1500.00,16020.00,CANCELLED
1000000652,20240210,420,1,,1,30000.00,6300.00,1200.00,37500.00,FULFILLED
1000000655,20240210,802,1,,4,15000.00,3150.00,1800.00,19950.00,FULFILLED
1000000656,20240210,670,1,,1,12000.00,2520.00,1200.00,15720.00,FULFILLED
1000000657,20240210,191,1,,4,24000.00,5040.00,1800.00,30840.00,FULFILLED
1000000665,20240210,804,1,,1,27000.00,5670.00,1200.00,33870.00,FULFILLED
1000000668,20240210,805,1,,4,12000.00,2520.00,1800.00,16320.00,FULFILLED
1000000669,20240211,579,1,,1,12000.00,2520.00,1200.00,15720.00,FULFILLED
1000000670,20240211,566,1,,3,69000.00,14490.00,0.00,83490.00,FULFILLED
1000000671,20240211,134,1,,2,15000.00,3150.00,1500.00,19650.00,CANCELLED
1000000672,20240211,20,1,,1,24000.00,5040.00,1200.00,30240.00,FULFILLED
1000000673,20240211,582,1,,2,15000.00,3150.00,1500.00,19650.00,FULFILLED
1000000674,20240211,639,1,,1,15000.00,3150.00,1200.00,19350.00,FULFILLED
1000000675,20240211,207,1,,1,12000.00,2520.00,1200.00,15720.00,FULFILLED
1000000676,20240211,658,1,,1,60000.00,12600.00,0.00,72600.00,FULFILLED
1000000677,20240211,775,1,,2,30000.00,6300.00,1500.00,37800.00,FULFILLED
1000000678,20240211,572,1,,3,45000.00,9450.00,0.00,54450.00,REFUNDED
1000000679,20240211,806,1,,1,39900.00,8379.00,1200.00,49479.00,FULFILLED
1000000680,20240211,3,1,,3,36000.00,7560.00,1500.00,45060.00,CANCELLED
1000000681,20240211,116,1,,1,15000.00,3150.00,1200.00,19350.00,FULFILLED
1000000682,20240211,369,1,,3,24000.00,5040.00,1500.00,30540.00,FULFILLED
1000000683,20240212,9,1,,4,24000.00,5040.00,1800.00,30840.00,FULFILLED
1000000684,20240212,315,1,,3,45000.00,9450.00,0.00,54450.00,FULFILLED
1000000685,20240212,287,1,,1,30000.00,6300.00,1200.00,37500.00,FULFILLED
1000000686,20240212,489,1,,1,30000.00,6300.00,1200.00,37500.00,FULFILLED
1000000687,20240212,13,1,,1,30000.00,6300.00,1200.00,37500.00,FULFILLED
1000000688,20240212,414,1,,1,12000.00,2520.00,1200.00,15720.00,CANCELLED
1000000693,20240212,346,1,,4,153000.00,32130.00,0.00,185130.00,FULFILLED
1000000694,20240212,589,1,,3,15000.00,3150.00,1500.00,19650.00,FULFILLED
1000000695,20240213,63,1,,1,13500.00,2835.00,1200.00,17535.00,FULFILLED
1000000696,20240213,92,1,,2,10800.00,2268.00,1500.00,14568.00,FULFILLED
1000000697,20240213,574,1,,4,12000.00,2520.00,1800.00,16320.00,REFUNDED
1000000701,20240213,612,1,,2,15000.00,3150.00,1500.00,19650.00,FULFILLED
1000000703,20240213,809,1,,2,45000.00,9450.00,0.00,54450.00,FULFILLED
1000000706,20240213,632,1,,1,15000.00,3150.00,1200.00,19350.00,FULFILLED
1000000707,20240213,184,1,,1,30000.00,6300.00,1200.00,37500.00,FULFILLED
1000000708,20240213,526,1,,4,12000.00,2520.00,1800.00,16320.00,FULFILLED
1000000710,20240213,556,1,,4,63000.00,13230.00,0.00,76230.00,FULFILLED
1000000713,20240213,278,1,,4,51300.00,10773.00,0.00,62073.00,FULFILLED
1000000714,20240213,488,1,,2,48000.00,10080.00,0.00,58080.00,FULFILLED
1000000715,20240213,128,1,,3,24000.00,5040.00,1500.00,30540.00,FULFILLED
1000000716,20240214,452,1,,3,15000.00,3150.00,1500.00,19650.00,FULFILLED
1000000717,20240214,810,1,,3,12000.00,2520.00,1500.00,16020.00,FULFILLED
1000000719,20240214,24,1,,1,15000.00,3150.00,1200.00,19350.00,FULFILLED
1000000722,20240214,755,1,,1,24000.00,5040.00,1200.00,30240.00,FULFILLED
1000000724,20240214,478,1,,2,24000.00,5040.00,1500.00,30540.00,FULFILLED
1000000725,20240214,811,1,,1,27000.00,5670.00,1200.00,33870.00,FULFILLED
1000000726,20240214,812,1,,2,12000.00,2520.00,1500.00,16020.00,FULFILLED
1000000727,20240215,813,1,,3,12000.00,2520.00,1500.00,16020.00,FULFILLED
1000000728,20240215,433,1,,1,12000.00,2520.00,1200.00,15720.00,REFUNDED
1000000729,20240215,669,1,,2,42000.00,8820.00,1500.00,52320.00,FULFILLED
1000000730,20240215,70,1,,1,15000.00,3150.00,1200.00,19350.00,FULFILLED
1000000731,20240215,42,1,,1,15000.00,3150.00,1200.00,19350.00,FULFILLED
1000000734,20240215,611,1,,1,36000.00,7560.00,1200.00,44760.00,FULFILLED
1000000735,20240215,648,1,,1,12000.00,2520.00,1200.00,15720.00,FULFILLED
1000000740,20240215,816,1,,1,12000.00,2520.00,1200.00,15720.00,FULFILLED
1000000742,20240215,629,1,,1,42000.00,8820.00,1200.00,52020.00,FULFILLED
1000000743,20240215,672,1,,1,28500.00,5985.00,1200.00,35685.00,FULFILLED
1000000744,20240215,542,1,,2,12000.00,2520.00,1500.00,16020.00,FULFILLED
1000000745,20240215,313,1,,2,15000.00,3150.00,1500.00,19650.00,FULFILLED
1000000746,20240215,817,1,,2,15000.00,3150.00,1500.00,19650.00,FULFILLED
1000000747,20240216,105,1,,1,15000.00,3150.00,1200.00,19350.00,FULFILLED
1000000748,20240216,165,1,,2,27000.00,5670.00,1500.00,34170.00,FULFILLED
1000000750,20240216,347,1,,2,15000.00,3150.00,1500.00,19650.00,FULFILLED
1000000757,20240216,7,1,,4,45000.00,9450.00,0.00,54450.00,FULFILLED
1000000762,20240216,28,1,,3,24000.00,5040.00,1500.00,30540.00,FULFILLED
1000000764,20240216,279,1,,2,12000.00,2520.00,1500.00,16020.00,FULFILLED
1000000768,20240216,821,1,,1,30000.00,6300.00,1200.00,37500.00,CANCELLED
1000000769,20240216,490,1,,1,12000.00,2520.00,1200.00,15720.00,FULFILLED
1000000770,20240216,822,1,,3,12000.00,2520.00,1500.00,16020.00,FULFILLED
1000000771,20240216,692,1,,2,27000.00,5670.00,1500.00,34170.00,FULFILLED
1000000772,20240216,260,1,,4,81000.00,17010.00,0.00,98010.00,FULFILLED
1000000773,20240216,823,1,,1,42000.00,8820.00,1200.00,52020.00,FULFILLED
1000000774,20240216,17,1,,3,45000.00,9450.00,0.00,54450.00,FULFILLED
1000000775,20240216,423,1,,2,24000.00,5040.00,1500.00,30540.00,FULFILLED
1000000776,20240217,462,1,,1,12000.00,2520.00,1200.00,15720.00,CANCELLED
1000000777,20240217,201,1,,1,15000.00,3150.00,1200.00,19350.00,FULFILLED
1000000779,20240217,703,1,,3,24000.00,5040.00,1500.00,30540.00,FULFILLED
1000000790,20240217,826,1,,3,24000.00,5040.00,1500.00,30540.00,FULFILLED
1000000793,20240217,827,1,,4,30000.00,6300.00,1800.00,38100.00,FULFILLED
1000000795,20240217,524,1,,3,12000.00,2520.00,1500.00,16020.00,FULFILLED
1000000796,20240217,828,1,,4,30000.00,6300.00,1800.00,38100.00,FULFILLED
1000000798,20240217,72,1,,3,24000.00,5040.00,1500.00,30540.00,FULFILLED
1000000799,20240217,663,1,,1,48000.00,10080.00,0.00,58080.00,FULFILLED
1000000803,20240217,268,1,,4,15000.00,3150.00,1800.00,19950.00,CANCELLED
1000000804,20240218,460,1,,1,36000.00,7560.00,1200.00,44760.00,FULFILLED
1000000805,20240218,118,1,,2,48000.00,10080.00,0.00,58080.00,FULFILLED
1000000806,20240218,178,1,,3,45000.00,9450.00,0.00,54450.00,REFUNDED
1000000807,20240218,402,1,,3,11400.00,2394.00,1500.00,15294.00,FULFILLED
1000000808,20240218,625,1,,3,48000.00,10080.00,0.00,58080.00,FULFILLED
1000000809,20240218,106,1,,4,12000.00,2520.00,1800.00,16320.00,FULFILLED
1000000810,20240218,659,1,,3,15000.00,3150.00,1500.00,19650.00,FULFILLED
1000000811,20240218,831,1,,4,51000.00,10710.00,0.00,61710.00,FULFILLED
1000000812,20240218,681,1,,1,14250.00,2992.50,1200.00,18442.50,FULFILLED
1000000813,20240218,756,1,,2,12000.00,2520.00,1500.00,16020.00,FULFILLED
1000000814,20240218,155,1,,4,15000.00,3150.00,1800.00,19950.00,FULFILLED
1000000815,20240218,164,1,,1,39000.00,8190.00,1200.00,48390.00,FULFILLED
1000000816,20240218,832,1,,3,112200.00,23562.00,0.00,135762.00,CANCELLED
1000000817,20240219,636,1,,4,27000.00,5670.00,1800.00,34470.00,REFUNDED
1000000818,20240219,784,1,,4,36000.00,7560.00,1800.00,45360.00,CANCELLED
1000000819,20240219,557,1,,2,15000.00,3150.00,1500.00,19650.00,FULFILLED
1000000820,20240219,833,1,,2,12000.00,2520.00,1500.00,16020.00,FULFILLED
1000000826,20240219,835,1,,2,12000.00,2520.00,1500.00,16020.00,FULFILLED
1000000828,20240219,836,1,,2,12000.00,2520.00,1500.00,16020.00,FULFILLED
1000000829,20240219,64,1,,4,12000.00,2520.00,1800.00,16320.00,FULFILLED
1000000830,20240219,71,1,,2,24000.00,5040.00,1500.00,30540.00,FULFILLED
1000000832,20240219,62,1,,3,45000.00,9450.00,0.00,54450.00,FULFILLED
1000000833,20240219,104,1,,2,36000.00,7560.00,1500.00,45060.00,FULFILLED
1000000834,20240219,837,1,,4,12000.00,2520.00,1800.00,16320.00,FULFILLED
1000000837,20240219,100,1,,3,15000.00,3150.00,1500.00,19650.00,CANCELLED
1000000838,20240219,597,1,,2,12000.00,2520.00,1500.00,16020.00,FULFILLED
1000000839,20240219,59,1,,1,15000.00,3150.00,1200.00,19350.00,FULFILLED
1000000840,20240219,243,1,,3,24000.00,5040.00,1500.00,30540.00,FULFILLED
1000000841,20240219,254,1,,2,15000.00,3150.00,1500.00,19650.00,FULFILLED
1000000842,20240219,2,1,,3,48000.00,10080.00,0.00,58080.00,CANCELLED
1000000843,20240219,602,1,,4,14250.00,2992.50,1800.00,19042.50,FULFILLED
1000000844,20240220,26,1,,1,36000.00,7560.00,1200.00,44760.00,FULFILLED
1000000845,20240220,782,1,,2,27000.00,5670.00,1500.00,34170.00,FULFILLED
1000000846,20240220,713,1,,1,15000.00,3150.00,1200.00,19350.00,REFUNDED
1000000847,20240220,235,1,,1,24000.00,5040.00,1200.00,30240.00,FULFILLED
1000000848,20240220,840,1,,2,30000.00,6300.00,1500.00,37800.00,FULFILLED
1000000850,20240220,621,1,,3,27000.00,5670.00,1500.00,34170.00,FULFILLED
1000000851,20240220,333,1,,3,12000.00,2520.00,1500.00,16020.00,FULFILLED
1000000854,20240220,473,1,,1,24000.00,5040.00,1200.00,30240.00,FULFILLED
1000000856,20240220,744,1,,2,15000.00,3150.00,1500.00,19650.00,FULFILLED
1000000858,20240220,275,1,,3,12000.00,2520.00,1500.00,16020.00,FULFILLED
1000000859,20240220,725,1,,3,15000.00,3150.00,1500.00,19650.00,FULFILLED
1000000860,20240220,417,1,,4,15000.00,3150.00,1800.00,19950.00,FULFILLED
1000000861,20240221,573,1,,1,24000.00,5040.00,1200.00,30240.00,FULFILLED
1000000862,20240221,845,1,,1,11400.00,2394.00,1200.00,14994.00,FULFILLED
1000000863,20240221,84,1,,1,51000.00,10710.00,0.00,61710.00,FULFILLED
1000000864,20240221,844,1,,1,36000.00,7560.00,1200.00,44760.00,FULFILLED
1000000869,20240221,846,1,,1,54000.00,11340.00,0.00,65340.00,FULFILLED
1000000870,20240221,344,1,,2,24000.00,5040.00,1500.00,30540.00,CANCELLED
1000000871,20240221,139,1,,2,24000.00,5040.00,1500.00,30540.00,FULFILLED
1000000873,20240221,847,1,,2,15000.00,3150.00,1500.00,19650.00,FULFILLED
1000000874,20240221,577,1,,2,12000.00,2520.00,1500.00,16020.00,FULFILLED
1000000875,20240221,269,1,,1,15000.00,3150.00,1200.00,19350.00,FULFILLED
1000000877,20240221,547,1,,1,72000.00,15120.00,0.00,87120.00,FULFILLED
1000000881,20240221,849,1,,3,12000.00,2520.00,1500.00,16020.00,FULFILLED
1000000883,20240221,60,1,,3,24000.00,5040.00,1500.00,30540.00,FULFILLED
1000000885,20240221,32,1,,3,12000.00,2520.00,1500.00,16020.00,FULFILLED
1000000889,20240221,851,1,,2,72000.00,15120.00,0.00,87120.00,FULFILLED
1000000890,20240222,359,1,,2,15000.00,3150.00,1500.00,19650.00,FULFILLED
1000000892,20240222,800,1,,3,15000.00,3150.00,1500.00,19650.00,FULFILLED
1000000897,20240222,400,1,,1,45000.00,9450.00,0.00,54450.00,FULFILLED
1000000898,20240222,852,1,,4,36000.00,7560.00,1800.00,45360.00,FULFILLED
1000000902,20240222,55,1,,1,57000.00,11970.00,0.00,68970.00,FULFILLED
1000000903,20240222,853,1,,2,45600.00,9576.00,0.00,55176.00,FULFILLED
1000000905,20240222,854,1,,3,57000.00,11970.00,0.00,68970.00,CANCELLED
1000000906,20240223,855,1,,1,15000.00,3150.00,1200.00,19350.00,FULFILLED
1000000907,20240223,443,1,,4,12000.00,2520.00,1800.00,16320.00,FULFILLED
1000000908,20240223,54,1,,1,24000.00,5040.00,1200.00,30240.00,FULFILLED
1000000909,20240223,189,1,,3,12000.00,2520.00,1500.00,16020.00,FULFILLED
1000000910,20240223,350,1,,4,24000.00,5040.00,1800.00,30840.00,FULFILLED
1000000911,20240223,677,1,,3,12000.00,2520.00,1500.00,16020.00,FULFILLED
1000000913,20240223,124,1,,1,24000.00,5040.00,1200.00,30240.00,FULFILLED
1000000914,20240223,183,1,,1,24000.00,5040.00,1200.00,30240.00,FULFILLED
1000000919,20240223,509,1,,3,12000.00,2520.00,1500.00,16020.00,FULFILLED
1000000921,20240223,729,1,,3,27000.00,5670.00,1500.00,34170.00,FULFILLED
1000000926,20240223,161,1,,2,36000.00,7560.00,1500.00,45060.00,FULFILLED
1000000927,20240223,861,1,,1,15000.00,3150.00,1200.00,19350.00,REFUNDED
1000000930,20240223,284,1,,3,27000.00,5670.00,1500.00,34170.00,FULFILLED
1000000934,20240223,567,1,,1,12000.00,2520.00,1200.00,15720.00,FULFILLED
1000000935,20240223,195,1,,3,45000.00,9450.00,0.00,54450.00,FULFILLED
1000000936,20240223,486,1,,2,12000.00,2520.00,1500.00,16020.00,CANCELLED
1000000937,20240224,790,1,,1,24000.00,5040.00,1200.00,30240.00,FULFILLED
1000000938,20240224,464,1,,1,36000.00,7560.00,1200.00,44760.00,FULFILLED
1000000947,20240224,593,1,,2,27000.00,5670.00,1500.00,34170.00,FULFILLED
1000000948,20240224,328,1,,2,30000.00,6300.00,1500.00,37800.00,FULFILLED
1000000950,20240224,671,1,,1,12000.00,2520.00,1200.00,15720.00,FULFILLED
1000000963,20240224,513,1,,2,27000.00,5670.00,1500.00,34170.00,FULFILLED
1000000966,20240224,468,1,,1,24000.00,5040.00,1200.00,30240.00,REFUNDED
1000000968,20240224,404,1,,1,42000.00,8820.00,1200.00,52020.00,FULFILLED
1000000969,20240224,361,1,,1,24000.00,5040.00,1200.00,30240.00,FULFILLED
1000000970,20240224,281,1,,1,12000.00,2520.00,1200.00,15720.00,FULFILLED
1000000971,20240224,339,1,,2,11400.00,2394.00,1500.00,15294.00,FULFILLED
1000000972,20240224,755,1,,1,24000.00,5040.00,1200.00,30240.00,FULFILLED
1000000973,20240224,381,1,,1,57000.00,11970.00,0.00,68970.00,FULFILLED
1000000974,20240225,869,1,,1,39000.00,8190.00,1200.00,48390.00,FULFILLED
1000000975,20240225,595,1,,3,54000.00,11340.00,0.00,65340.00,FULFILLED
1000000976,20240225,674,1,,4,30000.00,6300.00,1800.00,38100.00,FULFILLED
1000000977,20240225,870,1,,1,66000.00,13860.00,0.00,79860.00,FULFILLED
1000000978,20240225,506,1,,3,12000.00,2520.00,1500.00,16020.00,FULFILLED
1000000979,20240225,626,1,,1,22800.00,4788.00,1200.00,28788.00,FULFILLED
1000000980,20240225,638,1,,2,15000.00,3150.00,1500.00,19650.00,CANCELLED
1000000981,20240225,248,1,,3,24000.00,5040.00,1500.00,30540.00,FULFILLED
1000000982,20240225,149,1,,2,12000.00,2520.00,1500.00,16020.00,FULFILLED
1000000983,20240225,484,1,,1,48000.00,10080.00,0.00,58080.00,FULFILLED
1000000984,20240225,716,1,,1,14250.00,2992.50,1200.00,18442.50,REFUNDED
1000000985,20240225,708,1,,1,24000.00,5040.00,1200.00,30240.00,FULFILLED
1000000986,20240225,523,1,,2,12000.00,2520.00,1500.00,16020.00,FULFILLED
1000000987,20240225,543,1,,2,12000.00,2520.00,1500.00,16020.00,CANCELLED
1000000988,20240225,29,1,,4,24000.00,5040.00,1800.00,30840.00,FULFILLED
1000000989,20240225,411,1,,1,12000.00,2520.00,1200.00,15720.00,FULFILLED
1000000990,20240225,479,1,,1,12000.00,2520.00,1200.00,15720.00,FULFILLED
1000000993,20240226,82,1,,1,30000.00,6300.00,1200.00,37500.00,FULFILLED
1000000995,20240226,317,1,,2,48000.00,10080.00,0.00,58080.00,FULFILLED
1000000996,20240226,871,1,,4,12000.00,2520.00,1800.00,16320.00,FULFILLED
1000000997,20240226,380,1,,3,24000.00,5040.00,1500.00,30540.00,FULFILLED
1000000998,20240226,872,1,,4,36000.00,7560.00,1800.00,45360.00,FULFILLED
1000001000,20240226,83,1,,4,12000.00,2520.00,1800.00,16320.00,FULFILLED
1000001001,20240226,639,1,,1,12000.00,2520.00,1200.00,15720.00,FULFILLED
1000001003,20240226,874,1,,2,42000.00,8820.00,1500.00,52320.00,FULFILLED
1000001004,20240226,876,1,,2,15000.00,3150.00,1500.00,19650.00,FULFILLED
1000001005,20240226,505,1,,2,12000.00,2520.00,1500.00,16020.00,FULFILLED
1000001006,20240226,877,1,,2,15000.00,3150.00,1500.00,19650.00,FULFILLED
1000001007,20240226,878,1,,3,24000.00,5040.00,1500.00,30540.00,FULFILLED
1000001008,20240226,615,1,,2,15000.00,3150.00,1500.00,19650.00,FULFILLED
1000001009,20240227,39,1,,2,12000.00,2520.00,1500.00,16020.00,FULFILLED
1000001010,20240227,366,1,,1,64800.00,13608.00,0.00,78408.00,FULFILLED
1000001011,20240227,470,1,,3,57000.00,11970.00,0.00,68970.00,FULFILLED
1000001012,20240227,296,1,,2,10800.00,2268.00,1500.00,14568.00,FULFILLED
1000001013,20240227,880,1,,2,84000.00,17640.00,0.00,101640.00,FULFILLED
1000001015,20240227,881,1,,3,209100.00,43911.00,0.00,253011.00,FULFILLED
1000001016,20240227,764,1,,1,21600.00,4536.00,1200.00,27336.00,FULFILLED
1000001017,20240227,416,1,,2,24000.00,5040.00,1500.00,30540.00,FULFILLED
1000001021,20240227,883,1,,2,12000.00,2520.00,1500.00,16020.00,FULFILLED
1000001022,20240227,884,1,,3,12000.00,2520.00,1500.00,16020.00,FULFILLED
1000001023,20240227,88,1,,1,15000.00,3150.00,1200.00,19350.00,FULFILLED
1000001024,20240228,885,1,,2,60000.00,12600.00,0.00,72600.00,FULFILLED
1000001027,20240228,475,1,,2,30000.00,6300.00,1500.00,37800.00,FULFILLED
1000001031,20240228,886,1,,2,39000.00,8190.00,1500.00,48690.00,FULFILLED
1000001033,20240228,44,1,,2,45000.00,9450.00,0.00,54450.00,FULFILLED
1000001035,20240228,289,1,,2,12000.00,2520.00,1500.00,16020.00,FULFILLED
1000001037,20240228,378,1,,4,24000.00,5040.00,1800.00,30840.00,CANCELLED
1000001042,20240228,69,1,,4,12000.00,2520.00,1800.00,16320.00,FULFILLED
1000001045,20240228,436,1,,4,15000.00,3150.00,1800.00,19950.00,FULFILLED
1000001046,20240228,383,1,,1,15000.00,3150.00,1200.00,19350.00,CANCELLED
1000001048,20240228,216,1,,2,15000.00,3150.00,1500.00,19650.00,CANCELLED
1000001049,20240228,889,1,,1,30000.00,6300.00,1200.00,37500.00,FULFILLED
1000001050,20240228,888,1,,3,12000.00,2520.00,1500.00,16020.00,FULFILLED
1000001051,20240229,542,1,,2,39000.00,8190.00,1500.00,48690.00,REFUNDED
1000001052,20240229,356,1,,1,81000.00,17010.00,0.00,98010.00,FULFILLED
1000001056,20240229,648,1,,1,36000.00,7560.00,1200.00,44760.00,FULFILLED
1000001059,20240229,779,1,,1,27000.00,5670.00,1200.00,33870.00,FULFILLED
1000001061,20240229,893,1,,4,15000.00,3150.00,1800.00,19950.00,FULFILLED
1000001062,20240229,742,1,,1,30000.00,6300.00,1200.00,37500.00,FULFILLED
1000001063,20240229,894,1,,2,12000.00,2520.00,1500.00,16020.00,FULFILLED
1000001064,20240229,644,1,,2,12000.00,2520.00,1500.00,16020.00,FULFILLED
1000001065,20240229,895,1,,3,30000.00,6300.00,1500.00,37800.00,FULFILLED
1000001066,20240301,168,1,,1,12000.00,2520.00,1200.00,15720.00,FULFILLED
1000001070,20240301,65,1,,1,15000.00,3150.00,1200.00,19350.00,FULFILLED
1000001078,20240301,898,1,,1,39000.00,8190.00,1200.00,48390.00,FULFILLED
1000001079,20240301,271,1,,2,15000.00,3150.00,1500.00,19650.00,FULFILLED
1000001080,20240301,353,1,,1,12000.00,2520.00,1200.00,15720.00,FULFILLED
1000001083,20240301,899,1,,2,30000.00,6300.00,1500.00,37800.00,CANCELLED
1000001086,20240301,171,1,,2,12000.00,2520.00,1500.00,16020.00,FULFILLED
1000001089,20240301,735,1,,1,24000.00,5040.00,1200.00,30240.00,FULFILLED
1000001090,20240301,902,1,,2,48000.00,10080.00,0.00,58080.00,FULFILLED
1000001092,20240301,905,1,,4,54000.00,11340.00,0.00,65340.00,REFUNDED
1000001093,20240301,904,1,,1,15000.00,3150.00,1200.00,19350.00,FULFILLED
1000001094,20240301,797,1,,1,45000.00,9450.00,0.00,54450.00,FULFILLED
1000001095,20240301,796,1,,3,12000.00,2520.00,1500.00,16020.00,REFUNDED
1000001096,20240302,906,1,,1,22800.00,4788.00,1200.00,28788.00,FULFILLED
1000001097,20240302,172,1,,2,36000.00,7560.00,1500.00,45060.00,FULFILLED
1000001100,20240302,113,1,,1,15000.00,3150.00,1200.00,19350.00,FULFILLED
1000001109,20240302,775,1,,2,57000.00,11970.00,0.00,68970.00,FULFILLED
1000001111,20240302,909,1,,2,12000.00,2520.00,1500.00,16020.00,FULFILLED
1000001112,20240302,792,1,,1,12000.00,2520.00,1200.00,15720.00,CANCELLED
1000001118,20240302,43,1,,1,12000.00,2520.00,1200.00,15720.00,FULFILLED
1000001121,20240302,624,1,,1,15000.00,3150.00,1200.00,19350.00,CANCELLED
1000001122,20240302,178,1,,3,84000.00,17640.00,0.00,101640.00,CANCELLED
1000001123,20240302,30,1,,1,24000.00,5040.00,1200.00,30240.00,FULFILLED
1000001124,20240303,45,1,,2,24000.00,5040.00,1500.00,30540.00,FULFILLED
1000001125,20240303,698,1,,2,48000.00,10080.00,0.00,58080.00,FULFILLED
1000001126,20240303,192,1,,3,11400.00,2394.00,1500.00,15294.00,FULFILLED
1000001127,20240303,99,1,,2,12000.00,2520.00,1500.00,16020.00,FULFILLED
1000001128,20240303,490,1,,1,15000.00,3150.00,1200.00,19350.00,REFUNDED
1000001129,20240303,284,1,,3,12000.00,2520.00,1500.00,16020.00,CANCELLED
1000001130,20240303,137,1,,1,24000.00,5040.00,1200.00,30240.00,FULFILLED
1000001131,20240303,675,1,,1,12000.00,2520.00,1200.00,15720.00,FULFILLED
1000001132,20240303,912,1,,1,30000.00,6300.00,1200.00,37500.00,FULFILLED
1000001133,20240303,179,1,,3,12000.00,2520.00,1500.00,16020.00,REFUNDED
1000001134,20240303,913,1,,3,12000.00,2520.00,1500.00,16020.00,FULFILLED
1000001135,20240303,621,1,,3,12000.00,2520.00,1500.00,16020.00,FULFILLED
1000001136,20240304,157,1,,1,45000.00,9450.00,0.00,54450.00,FULFILLED
1000001137,20240304,914,1,,3,12000.00,2520.00,1500.00,16020.00,FULFILLED
1000001138,20240304,208,1,,3,76500.00,16065.00,0.00,92565.00,FULFILLED
1000001139,20240304,915,1,,1,12000.00,2520.00,1200.00,15720.00,FULFILLED
1000001140,20240304,433,1,,1,12000.00,2520.00,1200.00,15720.00,FULFILLED
1000001141,20240304,469,1,,3,84000.00,17640.00,0.00,101640.00,FULFILLED
1000001142,20240304,916,1,,2,45000.00,9450.00,0.00,54450.00,FULFILLED
1000001144,20240304,33,1,,1,12000.00,2520.00,1200.00,15720.00,FULFILLED
1000001145,20240304,234,1,,3,12000.00,2520.00,1500.00,16020.00,FULFILLED
1000001146,20240304,687,1,,3,12000.00,2520.00,1500.00,16020.00,CANCELLED
1000001147,20240304,813,1,,3,36000.00,7560.00,1500.00,45060.00,CANCELLED
1000001148,20240304,918,1,,1,12000.00,2520.00,1200.00,15720.00,FULFILLED
1000001152,20240304,920,1,,4,12000.00,2520.00,1800.00,16320.00,FULFILLED
1000001153,20240304,185,1,,1,15000.00,3150.00,1200.00,19350.00,FULFILLED
1000001154,20240304,497,1,,1,45000.00,9450.00,0.00,54450.00,FULFILLED
1000001155,20240304,611,1,,1,15000.00,3150.00,1200.00,19350.00,CANCELLED
1000001156,20240304,553,1,,3,15000.00,3150.00,1500.00,19650.00,FULFILLED
1000001157,20240304,5,1,,1,12000.00,2520.00,1200.00,15720.00,CANCELLED
1000001160,20240304,341,1,,4,30000.00,6300.00,1800.00,38100.00,FULFILLED
1000001161,20240304,922,1,,2,12000.00,2520.00,1500.00,16020.00,FULFILLED
1000001162,20240305,398,1,,1,15000.00,3150.00,1200.00,19350.00,REFUNDED
1000001163,20240305,806,1,,1,27000.00,5670.00,1200.00,33870.00,FULFILLED
1000001164,20240305,412,1,,3,12000.00,2520.00,1500.00,16020.00,CANCELLED
1000001165,20240305,572,1,,3,42000.00,8820.00,1500.00,52320.00,FULFILLED
1000001166,20240305,255,1,,1,42000.00,8820.00,1200.00,52020.00,FULFILLED
1000001167,20240305,263,1,,3,12000.00,2520.00,1500.00,16020.00,FULFILLED
1000001170,20240305,697,1,,3,14250.00,2992.50,1500.00,18742.50,FULFILLED
1000001171,20240305,923,1,,3,30000.00,6300.00,1500.00,37800.00,FULFILLED
1000001173,20240305,692,1,,3,12000.00,2520.00,1500.00,16020.00,FULFILLED
1000001175,20240305,482,1,,2,15000.00,3150.00,1500.00,19650.00,FULFILLED
1000001179,20240305,222,1,,1,30000.00,6300.00,1200.00,37500.00,FULFILLED
1000001181,20240306,421,1,,1,66000.00,13860.00,0.00,79860.00,FULFILLED
1000001191,20240306,447,1,,1,24000.00,5040.00,1200.00,30240.00,FULFILLED
1000001194,20240306,18,1,,2,15000.00,3150.00,1500.00,19650.00,FULFILLED
1000001198,20240306,926,1,,3,28500.00,5985.00,1500.00,35985.00,FULFILLED
1000001201,20240307,115,1,,1,24000.00,5040.00,1200.00,30240.00,FULFILLED
1000001202,20240307,310,1,,1,24000.00,5040.00,1200.00,30240.00,FULFILLED
1000001209,20240307,384,1,,3,12000.00,2520.00,1500.00,16020.00,FULFILLED
1000001210,20240307,457,1,,4,27000.00,5670.00,1800.00,34470.00,FULFILLED
1000001215,20240308,930,1,,1,24000.00,5040.00,1200.00,30240.00,FULFILLED
1000001219,20240308,932,1,,1,15000.00,3150.00,1200.00,19350.00,FULFILLED
1000001222,20240308,231,1,,4,12000.00,2520.00,1800.00,16320.00,FULFILLED
1000001223,20240308,122,1,,2,24000.00,5040.00,1500.00,30540.00,REFUNDED
1000001226,20240308,934,1,,1,39000.00,8190.00,1200.00,48390.00,FULFILLED
1000001227,20240308,27,1,,2,48000.00,10080.00,0.00,58080.00,FULFILLED
1000001228,20240308,505,1,,2,24000.00,5040.00,1500.00,30540.00,FULFILLED
1000001229,20240308,123,1,,1,54150.00,11371.50,0.00,65521.50,FULFILLED
1000001230,20240308,563,1,,1,24000.00,5040.00,1200.00,30240.00,FULFILLED
1000001231,20240309,130,1,,2,24000.00,5040.00,1500.00,30540.00,FULFILLED
1000001234,20240309,935,1,,2,24000.00,5040.00,1500.00,30540.00,FULFILLED
1000001235,20240309,399,1,,3,37050.00,7780.50,1500.00,46330.50,FULFILLED
1000001236,20240309,630,1,,4,36000.00,7560.00,1800.00,45360.00,FULFILLED
1000001245,20240309,24,1,,1,30000.00,6300.00,1200.00,37500.00,REFUNDED
1000001248,20240309,938,1,,3,39000.00,8190.00,1500.00,48690.00,FULFILLED
1000001250,20240309,672,1,,1,36000.00,7560.00,1200.00,44760.00,FULFILLED
1000001251,20240310,268,1,,4,12000.00,2520.00,1800.00,16320.00,FULFILLED
1000001252,20240310,63,1,,1,12000.00,2520.00,1200.00,15720.00,FULFILLED
1000001253,20240310,147,1,,1,30000.00,6300.00,1200.00,37500.00,FULFILLED
1000001254,20240310,941,1,,1,27000.00,5670.00,1200.00,33870.00,CANCELLED
1000001255,20240310,942,1,,1,12000.00,2520.00,1200.00,15720.00,FULFILLED
1000001256,20240310,943,1,,1,30000.00,6300.00,1200.00,37500.00,FULFILLED
1000001257,20240310,176,1,,1,36000.00,7560.00,1200.00,44760.00,FULFILLED
1000001258,20240311,9,1,,4,27000.00,5670.00,1800.00,34470.00,FULFILLED
1000001259,20240311,854,1,,3,12000.00,2520.00,1500.00,16020.00,FULFILLED
1000001262,20240311,604,1,,3,48000.00,10080.00,0.00,58080.00,FULFILLED
1000001263,20240311,944,1,,1,30000.00,6300.00,1200.00,37500.00,FULFILLED
1000001265,20240311,946,1,,1,12000.00,2520.00,1200.00,15720.00,CANCELLED
1000001266,20240311,947,1,,2,12000.00,2520.00,1500.00,16020.00,FULFILLED
1000001268,20240311,496,1,,1,15000.00,3150.00,1200.00,19350.00,FULFILLED
1000001270,20240311,373,1,,4,15000.00,3150.00,1800.00,19950.00,FULFILLED
1000001271,20240311,882,1,,1,12000.00,2520.00,1200.00,15720.00,FULFILLED
1000001272,20240312,948,1,,3,12000.00,2520.00,1500.00,16020.00,CANCELLED
1000001275,20240312,396,1,,1,12000.00,2520.00,1200.00,15720.00,FULFILLED
1000001277,20240312,950,1,,3,57000.00,11970.00,0.00,68970.00,FULFILLED
1000001279,20240312,118,1,,2,12000.00,2520.00,1500.00,16020.00,FULFILLED
1000001280,20240312,297,1,,3,30000.00,6300.00,1500.00,37800.00,CANCELLED
1000001282,20240312,581,1,,4,60000.00,12600.00,0.00,72600.00,FULFILLED
1000001283,20240312,951,1,,1,36000.00,7560.00,1200.00,44760.00,FULFILLED
1000001284,20240312,139,1,,2,12000.00,2520.00,1500.00,16020.00,FULFILLED
1000001285,20240312,655,1,,4,43200.00,9072.00,1800.00,54072.00,FULFILLED
1000001288,20240312,952,1,,1,10800.00,2268.00,1200.00,14268.00,FULFILLED
1000001289,20240312,116,1,,1,48000.00,10080.00,0.00,58080.00,FULFILLED
1000001290,20240313,15,1,,2,22800.00,4788.00,1500.00,29088.00,FULFILLED
1000001291,20240313,671,1,,1,69000.00,14490.00,0.00,83490.00,FULFILLED
1000001293,20240313,88,1,,1,30000.00,6300.00,1200.00,37500.00,FULFILLED
1000001294,20240313,534,1,,2,27000.00,5670.00,1500.00,34170.00,FULFILLED
1000001295,20240313,106,1,,4,12000.00,2520.00,1800.00,16320.00,FULFILLED
1000001296,20240313,233,1,,3,12000.00,2520.00,1500.00,16020.00,FULFILLED
1000001299,20240313,669,1,,2,30000.00,6300.00,1500.00,37800.00,FULFILLED
1000001300,20240313,367,1,,1,57000.00,11970.00,0.00,68970.00,FULFILLED
1000001303,20240313,884,1,,3,36000.00,7560.00,1500.00,45060.00,FULFILLED
1000001305,20240313,880,1,,2,57000.00,11970.00,0.00,68970.00,FULFILLED
1000001306,20240313,350,1,,4,15000.00,3150.00,1800.00,19950.00,FULFILLED
1000001307,20240313,955,1,,1,15000.00,3150.00,1200.00,19350.00,FULFILLED
1000001308,20240314,92,1,,2,30000.00,6300.00,1500.00,37800.00,FULFILLED
1000001309,20240314,956,1,,3,12000.00,2520.00,1500.00,16020.00,FULFILLED
1000001310,20240314,46,1,,3,27000.00,5670.00,1500.00,34170.00,FULFILLED
1000001312,20240314,260,1,,4,15000.00,3150.00,1800.00,19950.00,FULFILLED
1000001313,20240314,706,1,,1,30000.00,6300.00,1200.00,37500.00,FULFILLED
1000001329,20240315,440,1,,2,42750.00,8977.50,1500.00,53227.50,FULFILLED
1000001331,20240315,960,1,,1,30000.00,6300.00,1200.00,37500.00,FULFILLED
1000001334,20240315,74,1,,4,12000.00,2520.00,1800.00,16320.00,CANCELLED
1000001336,20240315,816,1,,1,66000.00,13860.00,0.00,79860.00,FULFILLED
1000001337,20240315,168,1,,1,42000.00,8820.00,1200.00,52020.00,FULFILLED
1000001339,20240316,65,1,,1,12000.00,2520.00,1200.00,15720.00,CANCELLED
1000001341,20240316,963,1,,2,27000.00,5670.00,1500.00,34170.00,FULFILLED
1000001342,20240316,423,1,,2,12000.00,2520.00,1500.00,16020.00,FULFILLED
1000001350,20240316,184,1,,1,30000.00,6300.00,1200.00,37500.00,FULFILLED
1000001351,20240317,789,1,,3,24000.00,5040.00,1500.00,30540.00,FULFILLED
1000001352,20240317,964,1,,3,153000.00,32130.00,0.00,185130.00,FULFILLED
1000001353,20240317,797,1,,1,27000.00,5670.00,1200.00,33870.00,FULFILLED
1000001354,20240317,755,1,,1,30000.00,6300.00,1200.00,37500.00,FULFILLED
1000001355,20240317,128,1,,1,27000.00,5670.00,1200.00,33870.00,FULFILLED
1000001356,20240317,965,1,,1,24000.00,5040.00,1200.00,30240.00,FULFILLED
1000001357,20240318,915,1,,1,27000.00,5670.00,1200.00,33870.00,FULFILLED
1000001358,20240318,739,1,,2,42000.00,8820.00,1500.00,52320.00,FULFILLED
1000001368,20240318,270,1,,1,42000.00,8820.00,1200.00,52020.00,FULFILLED
1000001369,20240318,967,1,,1,24000.00,5040.00,1200.00,30240.00,FULFILLED
1000001370,20240318,165,1,,2,36000.00,7560.00,1500.00,45060.00,FULFILLED
1000001373,20240318,494,1,,1,48000.00,10080.00,0.00,58080.00,FULFILLED
1000001375,20240318,782,1,,2,12000.00,2520.00,1500.00,16020.00,CANCELLED
1000001376,20240319,969,1,,2,42000.00,8820.00,1500.00,52320.00,FULFILLED
1000001377,20240319,970,1,,4,15000.00,3150.00,1800.00,19950.00,FULFILLED
1000001378,20240319,438,1,,1,39000.00,8190.00,1200.00,48390.00,FULFILLED
1000001384,20240319,191,1,,4,36000.00,7560.00,1800.00,45360.00,FULFILLED
1000001386,20240319,973,1,,2,102000.00,21420.00,0.00,123420.00,FULFILLED
1000001388,20240319,29,1,,4,81000.00,17010.00,0.00,98010.00,FULFILLED
1000001389,20240319,316,1,,1,12000.00,2520.00,1200.00,15720.00,FULFILLED
1000001394,20240319,974,1,,1,15000.00,3150.00,1200.00,19350.00,FULFILLED
1000001395,20240319,794,1,,1,12000.00,2520.00,1200.00,15720.00,FULFILLED
1000001396,20240319,846,1,,1,24000.00,5040.00,1200.00,30240.00,FULFILLED
1000001397,20240319,569,1,,4,60000.00,12600.00,0.00,72600.00,FULFILLED
1000001398,20240319,134,1,,2,27000.00,5670.00,1500.00,34170.00,FULFILLED
1000001399,20240319,140,1,,1,14250.00,2992.50,1200.00,18442.50,FULFILLED
1000001401,20240320,39,1,,2,24000.00,5040.00,1500.00,30540.00,FULFILLED
1000001404,20240320,976,1,,3,54000.00,11340.00,0.00,65340.00,FULFILLED
1000001406,20240320,53,1,,4,12000.00,2520.00,1800.00,16320.00,FULFILLED
1000001414,20240320,578,1,,1,12000.00,2520.00,1200.00,15720.00,FULFILLED
1000001415,20240320,384,1,,3,36000.00,7560.00,1500.00,45060.00,FULFILLED
1000001416,20240320,299,1,,3,39000.00,8190.00,1500.00,48690.00,FULFILLED
1000001417,20240320,977,1,,3,12000.00,2520.00,1500.00,16020.00,FULFILLED
1000001418,20240321,978,1,,2,15000.00,3150.00,1500.00,19650.00,FULFILLED
1000001419,20240321,852,1,,4,24000.00,5040.00,1800.00,30840.00,FULFILLED
1000001422,20240321,469,1,,3,15000.00,3150.00,1500.00,19650.00,FULFILLED
1000001423,20240321,649,1,,1,30000.00,6300.00,1200.00,37500.00,FULFILLED
1000001425,20240321,980,1,,1,12000.00,2520.00,1200.00,15720.00,FULFILLED
1000001430,20240321,799,1,,1,15000.00,3150.00,1200.00,19350.00,FULFILLED
1000001431,20240321,78,1,,4,39000.00,8190.00,1800.00,48990.00,FULFILLED
1000001432,20240321,982,1,,3,30000.00,6300.00,1500.00,37800.00,FULFILLED
1000001433,20240321,983,1,,1,15000.00,3150.00,1200.00,19350.00,FULFILLED
1000001434,20240322,883,1,,2,42000.00,8820.00,1500.00,52320.00,FULFILLED
1000001435,20240322,984,1,,2,30000.00,6300.00,1500.00,37800.00,FULFILLED
1000001438,20240322,985,1,,1,12000.00,2520.00,1200.00,15720.00,CANCELLED
1000001439,20240322,157,1,,1,15000.00,3150.00,1200.00,19350.00,FULFILLED
1000001441,20240322,69,1,,4,48000.00,10080.00,0.00,58080.00,FULFILLED
1000001443,20240322,676,1,,2,15000.00,3150.00,1500.00,19650.00,FULFILLED
1000001444,20240322,986,1,,4,24000.00,5040.00,1800.00,30840.00,FULFILLED
1000001445,20240323,713,1,,1,24000.00,5040.00,1200.00,30240.00,FULFILLED
1000001446,20240323,166,1,,3,27000.00,5670.00,1500.00,34170.00,FULFILLED
1000001448,20240323,567,1,,1,12000.00,2520.00,1200.00,15720.00,FULFILLED
1000001451,20240323,800,1,,3,12000.00,2520.00,1500.00,16020.00,FULFILLED
1000001456,20240323,189,1,,3,153000.00,32130.00,0.00,185130.00,FULFILLED
1000001457,20240323,150,1,,3,12000.00,2520.00,1500.00,16020.00,FULFILLED
1000001458,20240323,944,1,,1,15000.00,3150.00,1200.00,19350.00,FULFILLED
1000001461,20240323,552,1,,3,24000.00,5040.00,1500.00,30540.00,FULFILLED
1000001464,20240323,989,1,,3,12000.00,2520.00,1500.00,16020.00,CANCELLED
1000001465,20240323,416,1,,2,24000.00,5040.00,1500.00,30540.00,REFUNDED
1000001466,20240323,869,1,,1,24000.00,5040.00,1200.00,30240.00,FULFILLED
1000001467,20240324,586,1,,1,24000.00,5040.00,1200.00,30240.00,FULFILLED
1000001468,20240324,231,1,,2,66000.00,13860.00,0.00,79860.00,FULFILLED
1000001469,20240324,294,1,,3,12000.00,2520.00,1500.00,16020.00,CANCELLED
1000001470,20240324,192,1,,3,15000.00,3150.00,1500.00,19650.00,FULFILLED
1000001471,20240324,7,1,,4,24000.00,5040.00,1800.00,30840.00,FULFILLED
1000001472,20240324,227,1,,3,27000.00,5670.00,1500.00,34170.00,FULFILLED
1000001473,20240324,103,1,,1,24000.00,5040.00,1200.00,30240.00,FULFILLED
1000001474,20240324,812,1,,2,84000.00,17640.00,0.00,101640.00,FULFILLED
1000001475,20240324,263,1,,3,15000.00,3150.00,1500.00,19650.00,FULFILLED
1000001476,20240324,719,1,,1,45000.00,9450.00,0.00,54450.00,FULFILLED
1000001477,20240325,991,1,,1,15000.00,3150.00,1200.00,19350.00,FULFILLED
1000001479,20240325,589,1,,3,12000.00,2520.00,1500.00,16020.00,FULFILLED
1000001480,20240325,579,1,,1,12000.00,2520.00,1200.00,15720.00,REFUNDED
1000001481,20240325,113,1,,1,24000.00,5040.00,1200.00,30240.00,FULFILLED
1000001485,20240325,759,1,,1,27000.00,5670.00,1200.00,33870.00,FULFILLED
1000001486,20240326,667,1,,3,15000.00,3150.00,1500.00,19650.00,FULFILLED
1000001488,20240326,49,1,,3,51300.00,10773.00,0.00,62073.00,FULFILLED
1000001492,20240326,995,1,,3,45900.00,9639.00,0.00,55539.00,FULFILLED
1000001493,20240326,159,1,,3,39000.00,8190.00,1500.00,48690.00,FULFILLED
1000001494,20240326,310,1,,1,15000.00,3150.00,1200.00,19350.00,FULFILLED
1000001495,20240326,169,1,,1,45000.00,9450.00,0.00,54450.00,FULFILLED
1000001497,20240326,996,1,,2,35100.00,7371.00,1500.00,43971.00,FULFILLED
1000001498,20240326,997,1,,3,12000.00,2520.00,1500.00,16020.00,FULFILLED
1000001499,20240326,70,1,,1,10800.00,2268.00,1200.00,14268.00,FULFILLED
1000001500,20240326,468,1,,1,12000.00,2520.00,1200.00,15720.00,FULFILLED
1000001501,20240326,998,1,,1,24000.00,5040.00,1200.00,30240.00,FULFILLED
1000001502,20240326,3,1,,3,39000.00,8190.00,1500.00,48690.00,FULFILLED
1000001503,20240326,243,1,,3,39000.00,8190.00,1500.00,48690.00,FULFILLED
1000001505,20240326,272,1,,3,27000.00,5670.00,1500.00,34170.00,FULFILLED
1000001506,20240326,73,1,,2,21600.00,4536.00,1500.00,27636.00,CANCELLED
1000001507,20240326,333,1,,3,35100.00,7371.00,1500.00,43971.00,FULFILLED
1000001508,20240327,16,1,,3,27000.00,5670.00,1500.00,34170.00,FULFILLED
1000001509,20240327,999,1,,4,36000.00,7560.00,1800.00,45360.00,CANCELLED
1000001510,20240327,207,1,,1,27000.00,5670.00,1200.00,33870.00,FULFILLED
1000001512,20240327,67,1,,4,45000.00,9450.00,0.00,54450.00,FULFILLED
1000001515,20240327,420,1,,1,12000.00,2520.00,1200.00,15720.00,FULFILLED
1000001517,20240327,362,1,,1,153000.00,32130.00,0.00,185130.00,FULFILLED
1000001519,20240327,1001,1,,3,24000.00,5040.00,1500.00,30540.00,FULFILLED
1000001520,20240327,810,1,,3,30000.00,6300.00,1500.00,37800.00,CANCELLED
1000001521,20240327,461,1,,3,24000.00,5040.00,1500.00,30540.00,FULFILLED
1000001523,20240327,747,1,,1,12000.00,2520.00,1200.00,15720.00,FULFILLED
1000001524,20240327,963,1,,2,15000.00,3150.00,1500.00,19650.00,FULFILLED
1000001525,20240327,1002,1,,3,84000.00,17640.00,0.00,101640.00,FULFILLED
1000001526,20240327,566,1,,2,45000.00,9450.00,0.00,54450.00,FULFILLED
1000001527,20240328,531,1,,4,36000.00,7560.00,1800.00,45360.00,FULFILLED
1000001528,20240328,1003,1,,3,27000.00,5670.00,1500.00,34170.00,FULFILLED
1000001532,20240328,1006,1,,2,30000.00,6300.00,1500.00,37800.00,FULFILLED
1000001533,20240328,717,1,,2,51000.00,10710.00,0.00,61710.00,FULFILLED
1000001535,20240328,1007,1,,1,15000.00,3150.00,1200.00,19350.00,FULFILLED
1000001536,20240328,1008,1,,1,48000.00,10080.00,0.00,58080.00,FULFILLED
1000001538,20240328,1009,1,,4,27000.00,5670.00,1800.00,34470.00,FULFILLED
1000001539,20240329,135,1,,1,24000.00,5040.00,1200.00,30240.00,FULFILLED
1000001540,20240329,457,1,,4,42000.00,8820.00,1800.00,52620.00,FULFILLED
1000001541,20240329,296,1,,2,15000.00,3150.00,1500.00,19650.00,FULFILLED
1000001547,20240329,828,1,,4,42000.00,8820.00,1800.00,52620.00,FULFILLED
1000001553,20240329,1012,1,,2,12000.00,2520.00,1500.00,16020.00,CANCELLED
1000001555,20240329,1013,1,,2,12000.00,2520.00,1500.00,16020.00,FULFILLED
1000001556,20240329,425,1,,3,15000.00,3150.00,1500.00,19650.00,FULFILLED
1000001557,20240329,912,1,,1,24000.00,5040.00,1200.00,30240.00,FULFILLED
1000001558,20240329,226,1,,1,30000.00,6300.00,1200.00,37500.00,FULFILLED
1000001563,20240330,338,1,,1,48000.00,10080.00,0.00,58080.00,FULFILLED
1000001564,20240330,648,1,,1,48000.00,10080.00,0.00,58080.00,FULFILLED
1000001567,20240330,353,1,,1,12000.00,2520.00,1200.00,15720.00,FULFILLED
1000001569,20240330,115,1,,1,12000.00,2520.00,1200.00,15720.00,FULFILLED
1000001570,20240330,1016,1,,1,12000.00,2520.00,1200.00,15720.00,FULFILLED
1000001572,20240330,1017,1,,3,45000.00,9450.00,0.00,54450.00,FULFILLED
1000001573,20240330,923,1,,3,39000.00,8190.00,1500.00,48690.00,FULFILLED
1000001574,20240330,797,1,,1,63000.00,13230.00,0.00,76230.00,FULFILLED
1000001575,20240330,716,1,,1,30000.00,6300.00,1200.00,37500.00,FULFILLED
1000001576,20240331,488,1,,2,12000.00,2520.00,1500.00,16020.00,FULFILLED
1000001577,20240331,1018,1,,2,24000.00,5040.00,1500.00,30540.00,FULFILLED
1000001578,20240331,464,1,,1,27000.00,5670.00,1200.00,33870.00,FULFILLED
1000001579,20240331,1019,1,,2,15000.00,3150.00,1500.00,19650.00,FULFILLED
1000001580,20240331,622,1,,2,12000.00,2520.00,1500.00,16020.00,FULFILLED
1000001581,20240331,808,1,,4,12000.00,2520.00,1800.00,16320.00,FULFILLED
1000001582,20240331,182,1,,4,15000.00,3150.00,1800.00,19950.00,FULFILLED
1000001583,20240331,706,1,,1,12000.00,2520.00,1200.00,15720.00,FULFILLED
1000001584,20240331,1020,1,,3,24000.00,5040.00,1500.00,30540.00,FULFILLED
1000001585,20240331,281,1,,1,12000.00,2520.00,1200.00,15720.00,FULFILLED
1000001586,20240331,1021,1,,1,12000.00,2520.00,1200.00,15720.00,FULFILLED
1000001587,20240331,785,1,,1,39000.00,8190.00,1200.00,48390.00,CANCELLED
1000001588,20240331,473,1,,1,93000.00,19530.00,0.00,112530.00,FULFILLED
1000001589,20240331,543,1,,2,30000.00,6300.00,1500.00,37800.00,FULFILLED
1000001590,20240331,107,1,,3,12000.00,2520.00,1500.00,16020.00,FULFILLED
1000001591,20240401,355,1,,4,42000.00,8820.00,1800.00,52620.00,FULFILLED
1000001593,20240401,104,1,,2,30000.00,6300.00,1500.00,37800.00,FULFILLED
1000001594,20240401,1022,1,,2,27000.00,5670.00,1500.00,34170.00,FULFILLED
1000001595,20240401,574,1,,4,36000.00,7560.00,1800.00,45360.00,FULFILLED
1000001596,20240401,886,1,,2,24000.00,5040.00,1500.00,30540.00,FULFILLED
1000001599,20240401,827,1,,4,24000.00,5040.00,1800.00,30840.00,FULFILLED
1000001600,20240401,1023,1,,1,24000.00,5040.00,1200.00,30240.00,FULFILLED
1000001602,20240401,684,1,,1,24000.00,5040.00,1200.00,30240.00,FULFILLED
1000001603,20240401,1,1,,1,27000.00,5670.00,1200.00,33870.00,FULFILLED
1000001606,20240401,126,1,,1,39000.00,8190.00,1200.00,48390.00,FULFILLED
1000001609,20240401,572,1,,3,12000.00,2520.00,1500.00,16020.00,FULFILLED
1000001611,20240401,438,1,,1,84000.00,17640.00,0.00,101640.00,FULFILLED
1000001612,20240401,399,1,,3,42000.00,8820.00,1500.00,52320.00,FULFILLED
1000001614,20240401,1026,1,,3,15000.00,3150.00,1500.00,19650.00,FULFILLED
1000001615,20240402,739,1,,2,12000.00,2520.00,1500.00,16020.00,FULFILLED
1000001620,20240402,755,1,,1,15000.00,3150.00,1200.00,19350.00,FULFILLED
1000001621,20240402,509,1,,3,24000.00,5040.00,1500.00,30540.00,FULFILLED
1000001622,20240402,1027,1,,1,24000.00,5040.00,1200.00,30240.00,FULFILLED
1000001623,20240403,845,1,,1,15000.00,3150.00,1200.00,19350.00,FULFILLED
1000001624,20240403,14,1,,1,48000.00,10080.00,0.00,58080.00,FULFILLED
1000001625,20240403,402,1,,3,69000.00,14490.00,0.00,83490.00,FULFILLED
1000001627,20240403,1028,1,,1,30000.00,6300.00,1200.00,37500.00,FULFILLED
1000001628,20240403,527,1,,3,12000.00,2520.00,1500.00,16020.00,CANCELLED
1000001633,20240403,783,1,,1,12000.00,2520.00,1200.00,15720.00,FULFILLED
1000001634,20240403,1029,1,,1,48000.00,10080.00,0.00,58080.00,FULFILLED
1000001635,20240404,484,1,,1,30000.00,6300.00,1200.00,37500.00,REFUNDED
1000001636,20240404,851,1,,2,48000.00,10080.00,0.00,58080.00,FULFILLED
1000001637,20240404,663,1,,1,36000.00,7560.00,1200.00,44760.00,FULFILLED
1000001638,20240404,882,1,,1,12000.00,2520.00,1200.00,15720.00,FULFILLED
1000001640,20240404,1030,1,,1,30000.00,6300.00,1200.00,37500.00,FULFILLED
1000001641,20240404,909,1,,2,60000.00,12600.00,0.00,72600.00,FULFILLED
1000001645,20240404,711,1,,3,12000.00,2520.00,1500.00,16020.00,FULFILLED
1000001648,20240404,84,1,,1,30000.00,6300.00,1200.00,37500.00,REFUNDED
1000001649,20240404,339,1,,2,42000.00,8820.00,1500.00,52320.00,FULFILLED
1000001651,20240404,764,1,,1,39000.00,8190.00,1200.00,48390.00,FULFILLED
1000001652,20240404,871,1,,4,51000.00,10710.00,0.00,61710.00,FULFILLED
1000001653,20240404,784,1,,4,12000.00,2520.00,1800.00,16320.00,FULFILLED
1000001654,20240405,279,1,,2,15000.00,3150.00,1500.00,19650.00,FULFILLED
1000001655,20240405,888,1,,3,12000.00,2520.00,1500.00,16020.00,FULFILLED
1000001658,20240405,92,1,,2,24000.00,5040.00,1500.00,30540.00,FULFILLED
1000001659,20240405,800,1,,3,12000.00,2520.00,1500.00,16020.00,FULFILLED
1000001666,20240405,969,1,,2,36000.00,7560.00,1500.00,45060.00,FULFILLED
1000001667,20240405,249,1,,3,12000.00,2520.00,1500.00,16020.00,FULFILLED
1000001668,20240405,802,1,,4,28500.00,5985.00,1800.00,36285.00,FULFILLED
1000001669,20240405,411,1,,1,15000.00,3150.00,1200.00,19350.00,FULFILLED
1000001670,20240405,980,1,,1,12000.00,2520.00,1200.00,15720.00,FULFILLED
1000001671,20240406,761,1,,1,36000.00,7560.00,1200.00,44760.00,FULFILLED
1000001672,20240406,668,1,,2,24000.00,5040.00,1500.00,30540.00,CANCELLED
1000001674,20240406,941,1,,1,24000.00,5040.00,1200.00,30240.00,FULFILLED
1000001675,20240406,443,1,,4,60000.00,12600.00,0.00,72600.00,FULFILLED
1000001685,20240406,633,1,,3,11400.00,2394.00,1500.00,15294.00,CANCELLED
1000001686,20240406,816,1,,1,12000.00,2520.00,1200.00,15720.00,FULFILLED
1000001693,20240406,65,1,,1,60000.00,12600.00,0.00,72600.00,FULFILLED
1000001694,20240406,27,1,,2,12000.00,2520.00,1500.00,16020.00,FULFILLED
1000001696,20240406,460,1,,2,57000.00,11970.00,0.00,68970.00,FULFILLED
1000001697,20240407,1037,1,,2,30000.00,6300.00,1500.00,37800.00,FULFILLED
1000001698,20240407,254,1,,2,24000.00,5040.00,1500.00,30540.00,FULFILLED
1000001699,20240407,878,1,,3,27000.00,5670.00,1500.00,34170.00,FULFILLED
1000001700,20240407,505,1,,1,30000.00,6300.00,1200.00,37500.00,FULFILLED
1000001701,20240407,577,1,,2,63000.00,13230.00,0.00,76230.00,FULFILLED
1000001702,20240407,1038,1,,3,24000.00,5040.00,1500.00,30540.00,FULFILLED
1000001703,20240407,1039,1,,3,42000.00,8820.00,1500.00,52320.00,FULFILLED
1000001704,20240407,263,1,,3,12000.00,2520.00,1500.00,16020.00,CANCELLED
1000001705,20240407,817,1,,2,15000.00,3150.00,1500.00,19650.00,FULFILLED
1000001706,20240407,85,1,,3,48000.00,10080.00,0.00,58080.00,FULFILLED
1000001707,20240407,967,1,,1,27000.00,5670.00,1200.00,33870.00,FULFILLED
1000001708,20240407,270,1,,1,36000.00,7560.00,1200.00,44760.00,FULFILLED
1000001709,20240408,409,1,,4,12000.00,2520.00,1800.00,16320.00,FULFILLED
1000001710,20240408,394,1,,4,48000.00,10080.00,0.00,58080.00,FULFILLED
1000001719,20240408,1043,1,,1,15000.00,3150.00,1200.00,19350.00,FULFILLED
1000001721,20240408,10,1,,1,30000.00,6300.00,1200.00,37500.00,FULFILLED
1000001722,20240408,12,1,,2,36000.00,7560.00,1500.00,45060.00,FULFILLED
1000001723,20240408,123,1,,1,24000.00,5040.00,1200.00,30240.00,CANCELLED
1000001724,20240409,708,1,,1,27000.00,5670.00,1200.00,33870.00,FULFILLED
1000001725,20240409,874,1,,2,12000.00,2520.00,1500.00,16020.00,FULFILLED
1000001726,20240409,702,1,,2,15000.00,3150.00,1500.00,19650.00,FULFILLED
1000001727,20240409,1045,1,,1,13500.00,2835.00,1200.00,17535.00,FULFILLED
1000001728,20240409,381,1,,1,12000.00,2520.00,1200.00,15720.00,FULFILLED
1000001729,20240409,5,1,,1,39000.00,8190.00,1200.00,48390.00,FULFILLED
1000001730,20240409,373,1,,4,15000.00,3150.00,1800.00,19950.00,FULFILLED
1000001731,20240409,183,1,,1,12000.00,2520.00,1200.00,15720.00,FULFILLED
1000001735,20240409,675,1,,1,37800.00,7938.00,1200.00,46938.00,FULFILLED
1000001736,20240409,313,1,,2,21600.00,4536.00,1500.00,27636.00,REFUNDED
1000001737,20240409,515,1,,3,54000.00,11340.00,0.00,65340.00,FULFILLED
1000001738,20240409,947,1,,2,21600.00,4536.00,1500.00,27636.00,FULFILLED
1000001739,20240409,1046,1,,1,12000.00,2520.00,1200.00,15720.00,FULFILLED
1000001741,20240409,823,1,,1,12000.00,2520.00,1200.00,15720.00,FULFILLED
1000001742,20240409,1047,1,,3,12000.00,2520.00,1500.00,16020.00,FULFILLED
1000001743,20240409,636,1,,4,15000.00,3150.00,1800.00,19950.00,FULFILLED
1000001744,20240409,234,1,,3,30000.00,6300.00,1500.00,37800.00,CANCELLED
1000001745,20240409,497,1,,1,36000.00,7560.00,1200.00,44760.00,FULFILLED
1000001748,20240409,547,1,,1,12000.00,2520.00,1200.00,15720.00,FULFILLED
1000001749,20240409,907,1,,3,27000.00,5670.00,1500.00,34170.00,FULFILLED
1000001750,20240409,697,1,,3,39000.00,8190.00,1500.00,48690.00,FULFILLED
1000001751,20240409,642,1,,3,62100.00,13041.00,0.00,75141.00,FULFILLED
1000001752,20240410,1048,1,,4,27000.00,5670.00,1800.00,34470.00,FULFILLED
1000001755,20240410,375,1,,3,30000.00,6300.00,1500.00,37800.00,REFUNDED
1000001756,20240410,77,1,,1,12000.00,2520.00,1200.00,15720.00,FULFILLED
1000001757,20240410,1051,1,,3,24000.00,5040.00,1500.00,30540.00,FULFILLED
1000001758,20240410,116,1,,1,12000.00,2520.00,1200.00,15720.00,FULFILLED
1000001763,20240410,681,1,,1,30000.00,6300.00,1200.00,37500.00,FULFILLED
1000001764,20240410,950,1,,3,45000.00,9450.00,0.00,54450.00,FULFILLED
1000001765,20240410,149,1,,2,54000.00,11340.00,0.00,65340.00,FULFILLED
1000001766,20240411,573,1,,1,30000.00,6300.00,1200.00,37500.00,FULFILLED
1000001767,20240411,1053,1,,1,24000.00,5040.00,1200.00,30240.00,FULFILLED
1000001768,20240411,1054,1,,1,12000.00,2520.00,1200.00,15720.00,FULFILLED
1000001769,20240411,189,1,,3,54000.00,11340.00,0.00,65340.00,FULFILLED
1000001770,20240411,1055,1,,2,12000.00,2520.00,1500.00,16020.00,FULFILLED
1000001771,20240411,715,1,,2,12000.00,2520.00,1500.00,16020.00,FULFILLED
1000001772,20240411,700,1,,3,15000.00,3150.00,1500.00,19650.00,FULFILLED
1000001773,20240411,982,1,,3,15000.00,3150.00,1500.00,19650.00,FULFILLED
1000001778,20240411,195,1,,3,60000.00,12600.00,0.00,72600.00,FULFILLED
1000001779,20240411,1057,1,,4,12000.00,2520.00,1800.00,16320.00,FULFILLED
1000001780,20240411,813,1,,3,12000.00,2520.00,1500.00,16020.00,FULFILLED
1000001782,20240412,881,1,,3,30000.00,6300.00,1500.00,37800.00,FULFILLED
1000001783,20240412,1058,1,,3,12000.00,2520.00,1500.00,16020.00,FULFILLED
1000001784,20240412,155,1,,4,12000.00,2520.00,1800.00,16320.00,FULFILLED
1000001787,20240412,861,1,,1,12000.00,2520.00,1200.00,15720.00,FULFILLED
1000001794,20240412,1060,1,,2,15000.00,3150.00,1500.00,19650.00,FULFILLED
1000001796,20240412,399,1,,3,57000.00,11970.00,0.00,68970.00,FULFILLED
1000001797,20240413,635,1,,1,15000.00,3150.00,1200.00,19350.00,FULFILLED
1000001798,20240413,393,1,,1,42000.00,8820.00,1200.00,52020.00,FULFILLED
1000001801,20240413,794,1,,1,24000.00,5040.00,1200.00,30240.00,FULFILLED
1000001807,20240413,58,1,,1,45000.00,9450.00,0.00,54450.00,FULFILLED
1000001808,20240413,404,1,,1,63000.00,13230.00,0.00,76230.00,REFUNDED
1000001809,20240413,507,1,,3,51000.00,10710.00,0.00,61710.00,FULFILLED
1000001810,20240413,1065,1,,1,12000.00,2520.00,1200.00,15720.00,FULFILLED
1000001811,20240414,1066,1,,2,54000.00,11340.00,0.00,65340.00,FULFILLED
1000001812,20240414,1067,1,,4,48000.00,10080.00,0.00,58080.00,FULFILLED
1000001813,20240414,814,1,,1,12000.00,2520.00,1200.00,15720.00,CANCELLED
1000001814,20240414,822,1,,3,27000.00,5670.00,1500.00,34170.00,FULFILLED
1000001815,20240414,277,1,,1,27000.00,5670.00,1200.00,33870.00,FULFILLED
1000001816,20240414,1068,1,,1,42000.00,8820.00,1200.00,52020.00,FULFILLED
1000001817,20240414,304,1,,3,12000.00,2520.00,1500.00,16020.00,FULFILLED
1000001818,20240415,1070,1,,3,12000.00,2520.00,1500.00,16020.00,FULFILLED
1000001819,20240415,604,1,,3,24000.00,5040.00,1500.00,30540.00,FULFILLED
1000001820,20240415,16,1,,3,15000.00,3150.00,1500.00,19650.00,FULFILLED
1000001821,20240415,1071,1,,1,48000.00,10080.00,0.00,58080.00,FULFILLED
1000001822,20240415,34,1,,2,15000.00,3150.00,1500.00,19650.00,FULFILLED
1000001823,20240415,354,1,,3,15000.00,3150.00,1500.00,19650.00,FULFILLED
1000001829,20240415,826,1,,3,14250.00,2992.50,1500.00,18742.50,FULFILLED
1000001830,20240415,1072,1,,1,12000.00,2520.00,1200.00,15720.00,FULFILLED
1000001831,20240415,789,1,,3,15000.00,3150.00,1500.00,19650.00,FULFILLED
1000001832,20240416,11,1,,4,12000.00,2520.00,1800.00,16320.00,FULFILLED
1000001833,20240416,703,1,,3,27000.00,5670.00,1500.00,34170.00,CANCELLED
1000001837,20240416,784,1,,4,54000.00,11340.00,0.00,65340.00,FULFILLED
1000001839,20240416,421,1,,1,45000.00,9450.00,0.00,54450.00,FULFILLED
1000001841,20240416,514,1,,4,12000.00,2520.00,1800.00,16320.00,FULFILLED
1000001845,20240417,1073,1,,3,60000.00,12600.00,0.00,72600.00,FULFILLED
1000001846,20240417,438,1,,1,12000.00,2520.00,1200.00,15720.00,FULFILLED
1000001852,20240417,733,1,,1,24000.00,5040.00,1200.00,30240.00,FULFILLED
1000001853,20240417,142,1,,1,12000.00,2520.00,1200.00,15720.00,FULFILLED
1000001858,20240417,1075,1,,3,36000.00,7560.00,1500.00,45060.00,FULFILLED
1000001861,20240417,1077,1,,3,12000.00,2520.00,1500.00,16020.00,FULFILLED
1000001862,20240418,405,1,,4,15000.00,3150.00,1800.00,19950.00,FULFILLED
1000001863,20240418,1078,1,,1,12000.00,2520.00,1200.00,15720.00,FULFILLED
1000001864,20240418,930,1,,1,30000.00,6300.00,1200.00,37500.00,FULFILLED
1000001865,20240418,916,1,,2,11400.00,2394.00,1500.00,15294.00,FULFILLED
1000001867,20240418,948,1,,3,51000.00,10710.00,0.00,61710.00,FULFILLED
1000001868,20240418,615,1,,2,30000.00,6300.00,1500.00,37800.00,FULFILLED
1000001871,20240418,1079,1,,3,24000.00,5040.00,1500.00,30540.00,CANCELLED
1000001872,20240418,951,1,,1,42000.00,8820.00,1200.00,52020.00,FULFILLED
1000001873,20240419,978,1,,2,12000.00,2520.00,1500.00,16020.00,FULFILLED
1000001874,20240419,126,1,,1,14250.00,2992.50,1200.00,18442.50,FULFILLED
1000001878,20240419,1080,1,,1,15000.00,3150.00,1200.00,19350.00,FULFILLED
1000001880,20240419,447,1,,1,15000.00,3150.00,1200.00,19350.00,FULFILLED
1000001884,20240419,275,1,,3,15000.00,3150.00,1500.00,19650.00,FULFILLED
1000001891,20240420,1084,1,,1,11400.00,2394.00,1200.00,14994.00,FULFILLED
1000001893,20240420,546,1,,4,57000.00,11970.00,0.00,68970.00,FULFILLED
1000001904,20240420,1087,1,,4,45000.00,9450.00,0.00,54450.00,FULFILLED
1000001905,20240420,67,1,,4,57000.00,11970.00,0.00,68970.00,FULFILLED
1000001906,20240420,14,1,,1,36000.00,7560.00,1200.00,44760.00,FULFILLED
1000001907,20240421,423,1,,2,45000.00,9450.00,0.00,54450.00,FULFILLED
1000001908,20240421,359,1,,2,45600.00,9576.00,0.00,55176.00,FULFILLED
1000001909,20240421,1088,1,,2,39000.00,8190.00,1500.00,48690.00,FULFILLED
1000001910,20240421,46,1,,3,15000.00,3150.00,1500.00,19650.00,FULFILLED
1000001911,20240421,688,1,,2,12000.00,2520.00,1500.00,16020.00,FULFILLED
1000001912,20240421,804,1,,1,66000.00,13860.00,0.00,79860.00,FULFILLED
1000001913,20240421,351,1,,1,12000.00,2520.00,1200.00,15720.00,FULFILLED
1000001914,20240421,73,1,,2,15000.00,3150.00,1500.00,19650.00,CANCELLED
1000001915,20240421,289,1,,2,48000.00,10080.00,0.00,58080.00,FULFILLED
1000001916,20240422,889,1,,1,12000.00,2520.00,1200.00,15720.00,CANCELLED
1000001921,20240422,1090,1,,1,45000.00,9450.00,0.00,54450.00,FULFILLED
1000001922,20240422,790,1,,1,12000.00,2520.00,1200.00,15720.00,FULFILLED
1000001924,20240422,63,1,,1,15000.00,3150.00,1200.00,19350.00,FULFILLED
1000001926,20240422,1091,1,,1,12000.00,2520.00,1200.00,15720.00,FULFILLED
1000001927,20240422,885,1,,2,66000.00,13860.00,0.00,79860.00,FULFILLED
1000001928,20240422,333,1,,3,45000.00,9450.00,0.00,54450.00,FULFILLED
1000001929,20240422,411,1,,1,15000.00,3150.00,1200.00,19350.00,FULFILLED
1000001930,20240422,622,1,,2,12000.00,2520.00,1500.00,16020.00,FULFILLED
1000001931,20240422,1093,1,,2,45000.00,9450.00,0.00,54450.00,FULFILLED
1000001932,20240422,867,1,,3,24000.00,5040.00,1500.00,30540.00,FULFILLED
1000001933,20240423,632,1,,1,21600.00,4536.00,1200.00,27336.00,FULFILLED
1000001934,20240423,1094,1,,4,12000.00,2520.00,1800.00,16320.00,FULFILLED
1000001935,20240423,83,1,,4,27000.00,5670.00,1800.00,34470.00,FULFILLED
1000001938,20240423,68,1,,1,12000.00,2520.00,1200.00,15720.00,FULFILLED
1000001941,20240423,163,1,,2,12000.00,2520.00,1500.00,16020.00,FULFILLED
1000001944,20240423,1095,1,,1,12000.00,2520.00,1200.00,15720.00,REFUNDED
1000001945,20240423,671,1,,1,13500.00,2835.00,1200.00,17535.00,FULFILLED
1000001946,20240423,110,1,,4,14250.00,2992.50,1800.00,19042.50,FULFILLED
1000001948,20240423,644,1,,2,12000.00,2520.00,1500.00,16020.00,FULFILLED
1000001949,20240423,356,1,,1,15000.00,3150.00,1200.00,19350.00,REFUNDED
1000001950,20240424,674,1,,4,12000.00,2520.00,1800.00,16320.00,FULFILLED
1000001951,20240424,1096,1,,1,11400.00,2394.00,1200.00,14994.00,FULFILLED
1000001952,20240424,6,1,,4,27000.00,5670.00,1800.00,34470.00,FULFILLED
1000001953,20240424,1097,1,,1,84000.00,17640.00,0.00,101640.00,CANCELLED
1000001957,20240424,739,1,,2,12000.00,2520.00,1500.00,16020.00,FULFILLED
1000001960,20240424,1100,1,,1,15000.00,3150.00,1200.00,19350.00,FULFILLED
1000001961,20240424,1099,1,,1,12000.00,2520.00,1200.00,15720.00,FULFILLED
1000001963,20240424,1102,1,,1,72000.00,15120.00,0.00,87120.00,FULFILLED
1000001964,20240424,182,1,,4,15000.00,3150.00,1800.00,19950.00,CANCELLED
1000001965,20240424,482,1,,2,12000.00,2520.00,1500.00,16020.00,FULFILLED
1000001966,20240424,84,1,,1,12000.00,2520.00,1200.00,15720.00,CANCELLED
1000001967,20240424,410,1,,2,15000.00,3150.00,1500.00,19650.00,FULFILLED
1000001968,20240424,944,1,,1,24000.00,5040.00,1200.00,30240.00,FULFILLED
1000001969,20240425,756,1,,2,12000.00,2520.00,1500.00,16020.00,FULFILLED
1000001972,20240425,996,1,,2,15000.00,3150.00,1500.00,19650.00,FULFILLED
1000001977,20240425,692,1,,3,30000.00,6300.00,1500.00,37800.00,FULFILLED
1000001978,20240425,1105,1,,2,24000.00,5040.00,1500.00,30540.00,FULFILLED
1000001981,20240425,1108,1,,2,51000.00,10710.00,0.00,61710.00,CANCELLED
1000001982,20240425,1109,1,,4,24000.00,5040.00,1800.00,30840.00,FULFILLED
1000001983,20240425,1110,1,,4,11400.00,2394.00,1800.00,15594.00,FULFILLED
1000001984,20240425,755,1,,1,24000.00,5040.00,1200.00,30240.00,CANCELLED
1000001985,20240426,1111,1,,3,24000.00,5040.00,1500.00,30540.00,FULFILLED
1000001986,20240426,547,1,,1,36000.00,7560.00,1200.00,44760.00,FULFILLED
1000001990,20240426,846,1,,1,51000.00,10710.00,0.00,61710.00,FULFILLED
1000001991,20240426,284,1,,3,15000.00,3150.00,1500.00,19650.00,FULFILLED
1000001992,20240426,300,1,,3,45000.00,9450.00,0.00,54450.00,FULFILLED
1000001996,20240426,810,1,,3,78000.00,16380.00,0.00,94380.00,FULFILLED
1000001997,20240426,75,1,,1,24000.00,5040.00,1200.00,30240.00,FULFILLED
1000001998,20240426,369,1,,3,12000.00,2520.00,1500.00,16020.00,FULFILLED
1000002001,20240426,1027,1,,1,24000.00,5040.00,1200.00,30240.00,FULFILLED
1000002002,20240426,943,1,,1,24000.00,5040.00,1200.00,30240.00,CANCELLED
1000002003,20240426,1114,1,,4,12000.00,2520.00,1800.00,16320.00,FULFILLED
1000002004,20240426,1115,1,,1,39000.00,8190.00,1200.00,48390.00,FULFILLED
1000002005,20240427,1116,1,,1,30000.00,6300.00,1200.00,37500.00,FULFILLED
1000002006,20240427,702,1,,2,15000.00,3150.00,1500.00,19650.00,FULFILLED
1000002008,20240427,852,1,,4,48000.00,10080.00,0.00,58080.00,CANCELLED
1000002014,20240427,328,1,,2,39000.00,8190.00,1500.00,48690.00,FULFILLED
1000002015,20240427,69,1,,4,30000.00,6300.00,1800.00,38100.00,FULFILLED
1000002016,20240427,361,1,,1,12000.00,2520.00,1200.00,15720.00,FULFILLED
1000002017,20240428,745,1,,1,12000.00,2520.00,1200.00,15720.00,FULFILLED
1000002018,20240428,666,1,,1,45600.00,9576.00,0.00,55176.00,FULFILLED
1000002019,20240428,982,1,,3,11400.00,2394.00,1500.00,15294.00,FULFILLED
1000002020,20240428,335,1,,4,24000.00,5040.00,1800.00,30840.00,FULFILLED
1000002021,20240428,1117,1,,1,12000.00,2520.00,1200.00,15720.00,FULFILLED
1000002022,20240428,1020,1,,3,60000.00,12600.00,0.00,72600.00,FULFILLED
1000002023,20240428,1003,1,,3,39000.00,8190.00,1500.00,48690.00,FULFILLED
1000002024,20240428,1118,1,,1,12000.00,2520.00,1200.00,15720.00,FULFILLED
1000002025,20240428,2,1,,3,15000.00,3150.00,1500.00,19650.00,FULFILLED
1000002026,20240429,595,1,,3,12000.00,2520.00,1500.00,16020.00,FULFILLED
1000002028,20240429,1062,1,,4,36000.00,7560.00,1800.00,45360.00,REFUNDED
1000002029,20240429,648,1,,1,42000.00,8820.00,1200.00,52020.00,FULFILLED
1000002030,20240429,279,1,,2,24000.00,5040.00,1500.00,30540.00,FULFILLED
1000002031,20240429,241,1,,1,42000.00,8820.00,1200.00,52020.00,FULFILLED
1000002033,20240429,397,1,,1,30000.00,6300.00,1200.00,37500.00,FULFILLED
1000002035,20240429,998,1,,1,12000.00,2520.00,1200.00,15720.00,FULFILLED
1000002038,20240429,65,1,,1,24000.00,5040.00,1200.00,30240.00,CANCELLED
1000002039,20240429,742,1,,1,15000.00,3150.00,1200.00,19350.00,REFUNDED
1000002040,20240429,1001,1,,3,15000.00,3150.00,1500.00,19650.00,FULFILLED
1000002041,20240429,836,1,,2,15000.00,3150.00,1500.00,19650.00,FULFILLED
1000002042,20240429,1120,1,,1,72000.00,15120.00,0.00,87120.00,FULFILLED
1000002043,20240430,496,1,,1,54000.00,11340.00,0.00,65340.00,FULFILLED
1000002045,20240430,164,1,,1,48000.00,10080.00,0.00,58080.00,FULFILLED
1000002046,20240430,384,1,,3,12000.00,2520.00,1500.00,16020.00,FULFILLED
1000002047,20240430,1018,1,,2,48000.00,10080.00,0.00,58080.00,FULFILLED
1000002048,20240430,1121,2,2,2,24000.00,5040.00,1500.00,30540.00,FULFILLED
1000002049,20240430,883,2,2,2,12000.00,2520.00,0.00,14520.00,FULFILLED
1000002050,20240430,728,2,1,1,72000.00,15120.00,0.00,87120.00,FULFILLED
1000002052,20240430,617,2,4,4,12000.00,2520.00,0.00,14520.00,FULFILLED
1000002053,20240430,1122,2,1,1,24000.00,5040.00,0.00,29040.00,FULFILLED
1000002070,20240502,966,2,2,2,12000.00,2520.00,0.00,14520.00,REFUNDED
1000002071,20240502,143,2,2,2,27000.00,5670.00,0.00,32670.00,FULFILLED
1000002072,20240502,686,2,3,3,57000.00,11970.00,0.00,68970.00,FULFILLED
1000002075,20240502,634,2,4,4,42000.00,8820.00,0.00,50820.00,FULFILLED
1000002078,20240502,928,2,1,1,27000.00,5670.00,0.00,32670.00,FULFILLED
1000002082,20240502,647,2,3,3,15000.00,3150.00,0.00,18150.00,FULFILLED
1000002083,20240502,235,2,1,1,24000.00,5040.00,0.00,29040.00,FULFILLED
1000002085,20240502,1126,2,1,1,27000.00,5670.00,0.00,32670.00,FULFILLED
1000002089,20240503,793,2,2,2,12000.00,2520.00,0.00,14520.00,FULFILLED
1000002091,20240503,131,2,1,1,45000.00,9450.00,0.00,54450.00,FULFILLED
1000002092,20240503,531,2,4,4,30000.00,6300.00,0.00,36300.00,FULFILLED
1000002093,20240503,655,2,4,4,12000.00,2520.00,0.00,14520.00,FULFILLED
1000002094,20240503,459,2,3,3,42000.00,8820.00,0.00,50820.00,FULFILLED
1000002095,20240503,1130,2,1,1,54000.00,11340.00,0.00,65340.00,FULFILLED
1000002097,20240504,1131,2,3,3,12000.00,2520.00,0.00,14520.00,FULFILLED
1000002098,20240504,864,2,3,3,15000.00,3150.00,0.00,18150.00,FULFILLED
1000002101,20240504,304,2,3,3,30000.00,6300.00,0.00,36300.00,FULFILLED
1000002102,20240504,907,2,3,3,30000.00,6300.00,0.00,36300.00,FULFILLED
1000002103,20240504,266,2,1,1,12000.00,2520.00,0.00,14520.00,FULFILLED
1000002105,20240504,574,2,4,4,12000.00,2520.00,0.00,14520.00,FULFILLED
1000002118,20240506,510,2,3,3,12000.00,2520.00,0.00,14520.00,FULFILLED
1000002119,20240506,602,2,4,4,72000.00,15120.00,0.00,87120.00,FULFILLED
1000002120,20240506,199,2,3,3,15000.00,3150.00,0.00,18150.00,FULFILLED
1000002121,20240506,588,2,2,2,30000.00,6300.00,0.00,36300.00,FULFILLED
1000002134,20240507,1138,2,1,1,40500.00,8505.00,0.00,49005.00,FULFILLED
1000002135,20240507,945,2,2,2,54000.00,11340.00,0.00,65340.00,FULFILLED
1000002136,20240507,1139,2,3,3,45000.00,9450.00,0.00,54450.00,FULFILLED
1000002137,20240507,1086,2,4,4,24000.00,5040.00,1800.00,30840.00,FULFILLED
1000002138,20240507,198,2,1,1,15000.00,3150.00,0.00,18150.00,FULFILLED
1000002139,20240507,1140,2,2,2,63000.00,13230.00,0.00,76230.00,FULFILLED
1000002141,20240507,516,2,3,3,57000.00,11970.00,0.00,68970.00,FULFILLED
1000002147,20240508,757,2,1,1,12000.00,2520.00,1200.00,15720.00,FULFILLED
1000002149,20240508,1144,2,4,4,48000.00,10080.00,0.00,58080.00,FULFILLED
1000002151,20240508,658,2,1,1,54000.00,11340.00,0.00,65340.00,FULFILLED
1000002153,20240508,127,2,2,2,15000.00,3150.00,0.00,18150.00,FULFILLED
1000002154,20240508,158,2,3,3,12000.00,2520.00,0.00,14520.00,FULFILLED
1000002156,20240508,1146,2,4,4,36000.00,7560.00,0.00,43560.00,FULFILLED
1000002157,20240508,738,2,2,2,72000.00,15120.00,0.00,87120.00,FULFILLED
1000002162,20240509,519,2,3,3,15000.00,3150.00,0.00,18150.00,FULFILLED
1000002163,20240509,146,2,1,1,15000.00,3150.00,0.00,18150.00,FULFILLED
1000002164,20240509,331,2,2,2,12000.00,2520.00,0.00,14520.00,FULFILLED
1000002166,20240509,1147,2,2,2,42000.00,8820.00,0.00,50820.00,FULFILLED
1000002167,20240509,1148,2,3,3,45000.00,9450.00,0.00,54450.00,FULFILLED
1000002172,20240510,646,2,4,4,12000.00,2520.00,0.00,14520.00,FULFILLED
1000002173,20240510,877,2,2,2,12000.00,2520.00,0.00,14520.00,FULFILLED
1000002175,20240510,769,2,3,3,27000.00,5670.00,0.00,32670.00,FULFILLED
1000002176,20240510,562,2,1,1,12000.00,2520.00,0.00,14520.00,FULFILLED
1000002178,20240510,1080,2,1,1,30000.00,6300.00,0.00,36300.00,FULFILLED
1000002179,20240510,1151,2,1,1,12000.00,2520.00,0.00,14520.00,FULFILLED
1000002181,20240510,493,2,4,4,39000.00,8190.00,0.00,47190.00,FULFILLED
1000002183,20240510,1059,2,3,3,45000.00,9450.00,0.00,54450.00,FULFILLED
1000002187,20240511,135,2,1,1,63000.00,13230.00,0.00,76230.00,FULFILLED
1000002188,20240511,585,2,2,2,12000.00,2520.00,0.00,14520.00,FULFILLED
1000002189,20240511,1153,2,4,4,10800.00,2268.00,0.00,13068.00,FULFILLED
1000002190,20240511,1015,2,3,3,15000.00,3150.00,0.00,18150.00,FULFILLED
1000002191,20240511,979,2,2,2,15000.00,3150.00,0.00,18150.00,FULFILLED
1000002192,20240511,919,2,1,1,12000.00,2520.00,0.00,14520.00,FULFILLED
1000002193,20240511,1154,2,1,1,36000.00,7560.00,0.00,43560.00,FULFILLED
1000002194,20240511,656,2,1,1,15000.00,3150.00,0.00,18150.00,FULFILLED
1000002195,20240511,130,2,2,2,24300.00,5103.00,0.00,29403.00,FULFILLED
1000002196,20240511,1155,2,2,2,30000.00,6300.00,0.00,36300.00,FULFILLED
1000002197,20240511,1156,2,2,2,12000.00,2520.00,0.00,14520.00,FULFILLED
1000002198,20240511,1157,2,4,4,12000.00,2520.00,0.00,14520.00,FULFILLED
1000002199,20240511,51,2,1,1,24000.00,5040.00,0.00,29040.00,FULFILLED
1000002218,20240513,701,2,4,4,24000.00,5040.00,0.00,29040.00,FULFILLED
1000002220,20240513,536,2,3,3,32400.00,6804.00,0.00,39204.00,FULFILLED
1000002228,20240513,119,2,1,1,15000.00,3150.00,0.00,18150.00,FULFILLED
1000002232,20240513,628,2,3,3,13500.00,2835.00,0.00,16335.00,FULFILLED
1000002245,20240513,1165,2,1,1,27000.00,5670.00,0.00,32670.00,FULFILLED
1000002247,20240513,218,2,1,1,10800.00,2268.00,0.00,13068.00,FULFILLED
1000002263,20240514,583,2,4,4,12000.00,2520.00,0.00,14520.00,FULFILLED
1000002271,20240514,686,2,3,3,21600.00,4536.00,0.00,26136.00,FULFILLED
1000002272,20240514,1041,2,3,3,40500.00,8505.00,0.00,49005.00,FULFILLED
1000002273,20240514,1175,2,1,1,12000.00,2520.00,0.00,14520.00,FULFILLED
1000002274,20240514,1176,2,2,2,27000.00,5670.00,0.00,32670.00,FULFILLED
1000002279,20240514,795,2,2,2,15000.00,3150.00,0.00,18150.00,FULFILLED
1000002293,20240515,453,2,3,3,12000.00,2520.00,0.00,14520.00,FULFILLED
1000002297,20240515,375,2,3,3,10800.00,2268.00,1500.00,14568.00,FULFILLED
1000002298,20240515,148,2,2,2,13500.00,2835.00,0.00,16335.00,FULFILLED
1000002302,20240515,1183,2,2,2,12000.00,2520.00,0.00,14520.00,FULFILLED
1000002308,20240515,1005,2,1,1,13500.00,2835.00,0.00,16335.00,FULFILLED
1000002309,20240515,766,2,1,1,13500.00,2835.00,0.00,16335.00,FULFILLED
1000002312,20240515,887,2,4,4,13500.00,2835.00,0.00,16335.00,FULFILLED
1000002324,20240516,208,2,3,3,36000.00,7560.00,0.00,43560.00,CANCELLED
1000002325,20240516,900,2,4,4,45000.00,9450.00,0.00,54450.00,FULFILLED
1000002326,20240516,1192,2,3,3,21600.00,4536.00,0.00,26136.00,FULFILLED
1000002327,20240516,588,2,2,2,48000.00,10080.00,0.00,58080.00,FULFILLED
1000002330,20240516,141,2,1,1,51000.00,10710.00,0.00,61710.00,FULFILLED
1000002332,20240516,896,2,2,2,21600.00,4536.00,0.00,26136.00,FULFILLED
1000002333,20240516,434,2,4,4,48000.00,10080.00,0.00,58080.00,FULFILLED
1000002334,20240516,600,2,2,2,15000.00,3150.00,0.00,18150.00,CANCELLED
1000002337,20240517,131,2,1,1,12000.00,2520.00,0.00,14520.00,FULFILLED
1000002341,20240517,1195,2,4,4,15000.00,3150.00,0.00,18150.00,FULFILLED
1000002342,20240517,441,2,2,2,39000.00,8190.00,0.00,47190.00,FULFILLED
1000002345,20240517,799,2,1,1,24000.00,5040.00,0.00,29040.00,FULFILLED
1000002346,20240517,1196,2,1,1,15000.00,3150.00,0.00,18150.00,FULFILLED
1000002349,20240517,1024,2,4,4,15000.00,3150.00,0.00,18150.00,FULFILLED
1000002351,20240517,136,2,1,1,72000.00,15120.00,0.00,87120.00,FULFILLED
1000002352,20240517,542,2,2,2,12000.00,2520.00,0.00,14520.00,FULFILLED
1000002359,20240518,1197,2,4,4,48600.00,10206.00,0.00,58806.00,FULFILLED
1000002360,20240518,188,2,3,3,84000.00,17640.00,0.00,101640.00,FULFILLED
1000002361,20240518,376,2,4,4,27000.00,5670.00,0.00,32670.00,FULFILLED
1000002362,20240518,1198,2,3,3,66000.00,13860.00,0.00,79860.00,FULFILLED
1000002363,20240518,1199,2,1,1,84000.00,17640.00,0.00,101640.00,FULFILLED
1000002364,20240518,232,2,2,2,12000.00,2520.00,0.00,14520.00,FULFILLED
1000002365,20240518,426,2,1,1,12000.00,2520.00,0.00,14520.00,FULFILLED
1000002369,20240518,258,2,1,1,12000.00,2520.00,0.00,14520.00,FULFILLED
1000002370,20240518,925,2,2,2,30000.00,6300.00,0.00,36300.00,FULFILLED
1000002387,20240520,321,2,1,1,10800.00,2268.00,1200.00,14268.00,FULFILLED
1000002389,20240520,1083,2,2,2,24000.00,5040.00,0.00,29040.00,FULFILLED
1000002392,20240520,1205,2,3,3,39000.00,8190.00,0.00,47190.00,FULFILLED
1000002394,20240520,907,2,3,3,27000.00,5670.00,0.00,32670.00,FULFILLED
1000002396,20240520,850,2,3,3,42000.00,8820.00,0.00,50820.00,FULFILLED
1000002397,20240520,665,2,3,3,42000.00,8820.00,0.00,50820.00,FULFILLED
1000002408,20240521,1207,2,3,3,12000.00,2520.00,0.00,14520.00,FULFILLED
1000002409,20240521,1208,2,2,2,15000.00,3150.00,0.00,18150.00,FULFILLED
1000002410,20240521,1209,2,1,1,51000.00,10710.00,0.00,61710.00,FULFILLED
1000002411,20240521,617,2,4,4,42000.00,8820.00,0.00,50820.00,FULFILLED
1000002413,20240521,320,2,3,3,27000.00,5670.00,0.00,32670.00,FULFILLED
1000002415,20240522,451,2,4,4,24000.00,5040.00,0.00,29040.00,FULFILLED
1000002416,20240522,1210,2,1,1,27000.00,5670.00,0.00,32670.00,FULFILLED
1000002417,20240522,591,2,4,4,12000.00,2520.00,0.00,14520.00,FULFILLED
1000002418,20240522,491,2,2,2,60000.00,12600.00,0.00,72600.00,FULFILLED
1000002421,20240522,199,2,3,3,60000.00,12600.00,0.00,72600.00,FULFILLED
1000002422,20240522,1033,2,2,2,12000.00,2520.00,0.00,14520.00,FULFILLED
1000002426,20240522,111,2,2,2,48000.00,10080.00,0.00,58080.00,FULFILLED
1000002428,20240522,924,2,1,1,15000.00,3150.00,0.00,18150.00,FULFILLED
1000002430,20240522,679,2,3,3,12000.00,2520.00,0.00,14520.00,FULFILLED
1000002438,20240523,1215,2,1,1,15000.00,3150.00,0.00,18150.00,FULFILLED
1000002440,20240523,395,2,1,1,24000.00,5040.00,0.00,29040.00,FULFILLED
1000002442,20240523,1217,2,4,4,39000.00,8190.00,0.00,47190.00,FULFILLED
1000002443,20240523,743,2,2,2,12000.00,2520.00,0.00,14520.00,FULFILLED
1000002444,20240523,515,2,3,3,15000.00,3150.00,0.00,18150.00,FULFILLED
1000002447,20240523,539,2,1,1,188700.00,39627.00,0.00,228327.00,FULFILLED
1000002450,20240524,250,2,3,3,27000.00,5670.00,0.00,32670.00,FULFILLED
1000002451,20240524,308,2,2,2,12000.00,2520.00,0.00,14520.00,FULFILLED
1000002452,20240524,138,2,1,1,66000.00,13860.00,0.00,79860.00,FULFILLED
1000002456,20240524,1220,2,1,1,12000.00,2520.00,0.00,14520.00,FULFILLED
1000002457,20240524,1221,2,2,2,36000.00,7560.00,0.00,43560.00,FULFILLED
1000002458,20240524,1222,2,3,3,30000.00,6300.00,0.00,36300.00,FULFILLED
1000002460,20240524,292,2,4,4,15000.00,3150.00,0.00,18150.00,FULFILLED
1000002461,20240524,1113,2,1,1,24000.00,5040.00,0.00,29040.00,FULFILLED
1000002462,20240524,267,2,1,1,30000.00,6300.00,0.00,36300.00,FULFILLED
1000002473,20240525,330,2,1,1,60000.00,12600.00,0.00,72600.00,FULFILLED
1000002477,20240525,437,2,4,4,27000.00,5670.00,0.00,32670.00,FULFILLED
1000002478,20240525,407,2,4,4,13500.00,2835.00,0.00,16335.00,CANCELLED
1000002479,20240525,37,2,1,1,12000.00,2520.00,0.00,14520.00,FULFILLED
1000002480,20240525,1100,2,1,1,12000.00,2520.00,0.00,14520.00,FULFILLED
1000002481,20240525,1226,2,4,4,30000.00,6300.00,0.00,36300.00,FULFILLED
1000002482,20240525,177,2,3,3,24000.00,5040.00,0.00,29040.00,FULFILLED
1000002484,20240525,801,2,4,4,39000.00,8190.00,1800.00,48990.00,FULFILLED
1000002485,20240525,601,2,4,4,36000.00,7560.00,0.00,43560.00,FULFILLED
1000002498,20240527,1230,2,2,2,39000.00,8190.00,0.00,47190.00,FULFILLED
1000002500,20240527,859,2,2,2,24000.00,5040.00,0.00,29040.00,FULFILLED
1000002502,20240527,1233,2,2,2,36000.00,7560.00,0.00,43560.00,FULFILLED
1000002504,20240527,273,2,3,3,30000.00,6300.00,0.00,36300.00,FULFILLED
1000002505,20240527,454,2,2,2,12000.00,2520.00,0.00,14520.00,FULFILLED
1000002506,20240527,754,2,4,4,13500.00,2835.00,0.00,16335.00,FULFILLED
1000002507,20240527,1147,2,2,2,12000.00,2520.00,0.00,14520.00,FULFILLED
1000002508,20240527,698,2,2,2,15000.00,3150.00,0.00,18150.00,FULFILLED
1000002509,20240527,1235,2,3,3,12000.00,2520.00,0.00,14520.00,FULFILLED
1000002510,20240527,1236,2,1,1,15000.00,3150.00,0.00,18150.00,FULFILLED
1000002511,20240527,954,2,2,2,191250.00,40162.50,0.00,231412.50,FULFILLED
1000002512,20240527,867,2,3,3,30000.00,6300.00,0.00,36300.00,FULFILLED
1000002514,20240527,560,2,2,2,12000.00,2520.00,0.00,14520.00,FULFILLED
1000002515,20240527,8,2,1,1,12000.00,2520.00,1200.00,15720.00,FULFILLED
1000002523,20240528,474,2,4,4,24000.00,5040.00,0.00,29040.00,FULFILLED
1000002525,20240528,571,2,4,4,12000.00,2520.00,0.00,14520.00,FULFILLED
1000002532,20240529,246,2,2,2,27000.00,5670.00,0.00,32670.00,FULFILLED
1000002533,20240529,707,2,2,2,15000.00,3150.00,0.00,18150.00,FULFILLED
1000002535,20240529,1241,2,2,2,51000.00,10710.00,0.00,61710.00,FULFILLED
1000002536,20240529,388,2,4,4,12000.00,2520.00,0.00,14520.00,FULFILLED
1000002538,20240529,345,2,4,4,15000.00,3150.00,0.00,18150.00,FULFILLED
1000002539,20240529,641,2,3,3,13500.00,2835.00,0.00,16335.00,FULFILLED
1000002541,20240529,841,2,2,2,12000.00,2520.00,0.00,14520.00,FULFILLED
1000002542,20240529,1051,2,3,3,42000.00,8820.00,0.00,50820.00,FULFILLED
1000002543,20240529,741,2,2,2,27000.00,5670.00,0.00,32670.00,FULFILLED
1000002544,20240529,1061,2,1,1,60000.00,12600.00,0.00,72600.00,FULFILLED
1000002545,20240529,93,2,2,2,12000.00,2520.00,0.00,14520.00,FULFILLED
1000002547,20240529,508,2,2,2,30000.00,6300.00,0.00,36300.00,FULFILLED
1000002548,20240529,1243,2,2,2,36000.00,7560.00,0.00,43560.00,FULFILLED
1000002554,20240530,1245,2,2,2,36000.00,7560.00,0.00,43560.00,FULFILLED
1000002555,20240530,1246,2,4,4,63000.00,13230.00,0.00,76230.00,FULFILLED
1000002556,20240530,901,2,1,1,15000.00,3150.00,0.00,18150.00,FULFILLED
1000002557,20240530,848,2,4,4,12000.00,2520.00,0.00,14520.00,FULFILLED
1000002559,20240530,838,2,1,1,15000.00,3150.00,0.00,18150.00,FULFILLED
1000002561,20240530,555,2,2,2,15000.00,3150.00,0.00,18150.00,FULFILLED
1000002567,20240531,919,2,1,1,42000.00,8820.00,0.00,50820.00,FULFILLED
1000002569,20240531,877,2,2,2,165750.00,34807.50,0.00,200557.50,FULFILLED
1000002571,20240531,1250,2,1,1,15000.00,3150.00,0.00,18150.00,FULFILLED
1000002573,20240531,1034,2,2,2,24000.00,5040.00,0.00,29040.00,FULFILLED
1000002575,20240531,462,2,1,1,27000.00,5670.00,0.00,32670.00,FULFILLED
1000002577,20240531,127,2,2,2,24000.00,5040.00,0.00,29040.00,FULFILLED
1000002581,20240601,1205,2,3,3,24000.00,5040.00,0.00,29040.00,FULFILLED
1000002582,20240601,236,2,2,2,15000.00,3150.00,0.00,18150.00,FULFILLED
1000002583,20240601,1253,2,3,3,30000.00,6300.00,0.00,36300.00,FULFILLED
1000002584,20240601,882,2,1,1,15000.00,3150.00,0.00,18150.00,FULFILLED
1000002585,20240601,413,2,4,4,57000.00,11970.00,0.00,68970.00,FULFILLED
1000002586,20240601,213,2,3,3,15000.00,3150.00,0.00,18150.00,FULFILLED
1000002587,20240601,753,2,2,2,30000.00,6300.00,0.00,36300.00,FULFILLED
1000002588,20240601,458,2,1,1,15000.00,3150.00,0.00,18150.00,FULFILLED
1000002589,20240601,198,2,1,1,27000.00,5670.00,0.00,32670.00,FULFILLED
1000002591,20240601,385,2,3,3,39000.00,8190.00,0.00,47190.00,FULFILLED
1000002592,20240601,121,2,2,2,12000.00,2520.00,0.00,14520.00,FULFILLED
1000002593,20240601,1255,2,4,4,21600.00,4536.00,0.00,26136.00,FULFILLED
1000002594,20240601,1052,2,3,3,12000.00,2520.00,0.00,14520.00,FULFILLED
1000002609,20240603,358,2,3,3,12000.00,2520.00,0.00,14520.00,FULFILLED
1000002610,20240603,587,2,4,4,78000.00,16380.00,0.00,94380.00,FULFILLED
1000002611,20240603,247,2,1,1,30000.00,6300.00,0.00,36300.00,FULFILLED
1000002612,20240603,1261,2,2,2,35100.00,7371.00,0.00,42471.00,FULFILLED
1000002615,20240603,415,2,3,3,30000.00,6300.00,0.00,36300.00,FULFILLED
1000002616,20240603,1262,2,1,1,36000.00,7560.00,0.00,43560.00,FULFILLED
1000002618,20240603,897,2,2,2,60000.00,12600.00,0.00,72600.00,FULFILLED
1000002619,20240603,1263,2,1,1,15000.00,3150.00,0.00,18150.00,FULFILLED
1000002620,20240603,512,2,2,2,12000.00,2520.00,0.00,14520.00,FULFILLED
1000002621,20240603,259,2,2,2,12000.00,2520.00,0.00,14520.00,FULFILLED
1000002631,20240604,757,2,1,1,54000.00,11340.00,0.00,65340.00,FULFILLED
1000002633,20240604,1040,2,2,2,30000.00,6300.00,0.00,36300.00,FULFILLED
1000002635,20240604,1035,2,2,2,24000.00,5040.00,0.00,29040.00,FULFILLED
1000002638,20240604,1268,2,3,3,42000.00,8820.00,0.00,50820.00,FULFILLED
1000002640,20240604,1269,2,4,4,36000.00,7560.00,0.00,43560.00,FULFILLED
1000002641,20240604,160,2,1,1,15000.00,3150.00,0.00,18150.00,REFUNDED
1000002646,20240605,406,2,2,2,12000.00,2520.00,0.00,14520.00,FULFILLED
1000002647,20240605,444,2,1,1,12000.00,2520.00,0.00,14520.00,CANCELLED
1000002648,20240605,900,2,4,4,42000.00,8820.00,0.00,50820.00,FULFILLED
1000002649,20240605,1272,2,2,2,15000.00,3150.00,0.00,18150.00,FULFILLED
1000002651,20240605,239,2,3,3,45000.00,9450.00,0.00,54450.00,FULFILLED
1000002652,20240605,510,2,3,3,42000.00,8820.00,1500.00,52320.00,FULFILLED
1000002657,20240605,1003,2,3,3,12000.00,2520.00,0.00,14520.00,FULFILLED
1000002658,20240605,651,2,1,1,30000.00,6300.00,0.00,36300.00,FULFILLED
1000002662,20240606,613,2,4,4,39000.00,8190.00,0.00,47190.00,FULFILLED
1000002663,20240606,987,2,2,2,15000.00,3150.00,0.00,18150.00,FULFILLED
1000002665,20240606,251,2,1,1,15000.00,3150.00,0.00,18150.00,FULFILLED
1000002666,20240606,1146,2,4,4,12000.00,2520.00,0.00,14520.00,FULFILLED
1000002669,20240606,871,2,4,4,15000.00,3150.00,0.00,18150.00,FULFILLED
1000002674,20240606,1276,2,1,1,60000.00,12600.00,0.00,72600.00,FULFILLED
1000002678,20240606,1277,2,1,1,15000.00,3150.00,0.00,18150.00,FULFILLED
1000002680,20240606,903,2,2,2,60000.00,12600.00,0.00,72600.00,FULFILLED
1000002681,20240606,349,2,4,4,24000.00,5040.00,0.00,29040.00,FULFILLED
1000002687,20240607,989,2,3,3,15000.00,3150.00,0.00,18150.00,FULFILLED
1000002688,20240607,164,2,1,1,15000.00,3150.00,0.00,18150.00,FULFILLED
1000002689,20240607,426,2,1,1,36000.00,7560.00,0.00,43560.00,FULFILLED
1000002691,20240607,1280,2,4,4,12000.00,2520.00,0.00,14520.00,FULFILLED
1000002692,20240607,1281,2,3,3,27000.00,5670.00,0.00,32670.00,FULFILLED
1000002694,20240607,1282,2,3,3,27000.00,5670.00,0.00,32670.00,FULFILLED
1000002696,20240607,368,2,2,2,15000.00,3150.00,0.00,18150.00,FULFILLED
1000002697,20240607,634,2,4,4,15000.00,3150.00,0.00,18150.00,FULFILLED
1000002698,20240607,35,2,1,1,30000.00,6300.00,0.00,36300.00,FULFILLED
1000002701,20240607,1283,2,1,1,51000.00,10710.00,0.00,61710.00,FULFILLED
1000002711,20240608,1076,2,1,1,12000.00,2520.00,0.00,14520.00,FULFILLED
1000002712,20240608,1288,2,1,1,12000.00,2520.00,0.00,14520.00,FULFILLED
1000002713,20240608,1289,2,4,4,27000.00,5670.00,0.00,32670.00,FULFILLED
1000002714,20240608,925,2,2,2,30000.00,6300.00,0.00,36300.00,FULFILLED
1000002715,20240608,193,2,2,2,27000.00,5670.00,0.00,32670.00,FULFILLED
1000002716,20240608,1290,2,1,1,15000.00,3150.00,0.00,18150.00,FULFILLED
1000002717,20240608,1291,2,2,2,36000.00,7560.00,1500.00,45060.00,FULFILLED
1000002718,20240608,1292,2,4,4,24000.00,5040.00,0.00,29040.00,FULFILLED
1000002719,20240608,232,2,2,2,15000.00,3150.00,0.00,18150.00,FULFILLED
1000002721,20240608,1294,2,1,1,42000.00,8820.00,0.00,50820.00,FULFILLED
1000002723,20240608,145,2,2,2,54000.00,11340.00,0.00,65340.00,FULFILLED
1000002724,20240608,188,2,3,3,39000.00,8190.00,0.00,47190.00,FULFILLED
1000002725,20240608,432,2,4,4,39000.00,8190.00,0.00,47190.00,FULFILLED
1000002726,20240608,1157,2,4,4,15000.00,3150.00,0.00,18150.00,FULFILLED
1000002727,20240608,1295,2,1,1,36000.00,7560.00,0.00,43560.00,FULFILLED
1000002728,20240608,1296,2,2,2,27000.00,5670.00,0.00,32670.00,FULFILLED
1000002729,20240608,221,2,1,1,15000.00,3150.00,0.00,18150.00,FULFILLED
1000002730,20240608,573,2,1,1,39000.00,8190.00,0.00,47190.00,FULFILLED
1000002731,20240608,795,2,2,2,30000.00,6300.00,0.00,36300.00,FULFILLED
1000002732,20240608,805,2,4,4,39000.00,8190.00,0.00,47190.00,FULFILLED
1000002735,20240608,203,2,2,2,24000.00,5040.00,0.00,29040.00,FULFILLED
1000002736,20240608,1298,2,1,1,12000.00,2520.00,0.00,14520.00,FULFILLED
1000002737,20240608,1006,2,2,2,30000.00,6300.00,0.00,36300.00,REFUNDED
1000002757,20240610,994,2,1,1,42000.00,8820.00,0.00,50820.00,FULFILLED
1000002759,20240610,76,2,2,2,12000.00,2520.00,0.00,14520.00,FULFILLED
1000002760,20240610,688,2,2,2,15000.00,3150.00,0.00,18150.00,FULFILLED
1000002761,20240610,1151,2,1,1,15000.00,3150.00,0.00,18150.00,FULFILLED
1000002765,20240610,1303,2,4,4,27000.00,5670.00,0.00,32670.00,FULFILLED
1000002775,20240611,1052,2,3,3,12000.00,2520.00,1500.00,16020.00,FULFILLED
1000002778,20240611,427,2,3,3,51000.00,10710.00,0.00,61710.00,FULFILLED
1000002779,20240611,529,2,1,1,54000.00,11340.00,0.00,65340.00,FULFILLED
1000002780,20240611,209,2,1,1,24000.00,5040.00,0.00,29040.00,FULFILLED
1000002781,20240611,656,2,1,1,15000.00,3150.00,0.00,18150.00,FULFILLED
1000002784,20240611,1261,2,2,2,15000.00,3150.00,0.00,18150.00,FULFILLED
1000002785,20240611,491,2,2,2,48000.00,10080.00,0.00,58080.00,FULFILLED
1000002786,20240611,430,2,4,4,15000.00,3150.00,0.00,18150.00,FULFILLED
1000002787,20240611,205,2,3,3,13500.00,2835.00,1500.00,17835.00,FULFILLED
1000002788,20240611,326,2,4,4,45000.00,9450.00,0.00,54450.00,FULFILLED
1000002790,20240611,1307,2,1,1,30000.00,6300.00,0.00,36300.00,FULFILLED
1000002791,20240611,628,2,3,3,45000.00,9450.00,0.00,54450.00,FULFILLED
1000002792,20240611,961,2,1,1,15000.00,3150.00,0.00,18150.00,FULFILLED
1000002793,20240611,87,2,1,1,51000.00,10710.00,0.00,61710.00,FULFILLED
1000002794,20240611,1195,2,4,4,24000.00,5040.00,0.00,29040.00,FULFILLED
1000002801,20240612,1308,2,3,3,15000.00,3150.00,0.00,18150.00,FULFILLED
1000002803,20240612,586,2,1,1,48000.00,10080.00,0.00,58080.00,FULFILLED
1000002804,20240612,1310,2,1,1,27000.00,5670.00,0.00,32670.00,FULFILLED
1000002805,20240612,80,2,2,2,30000.00,6300.00,0.00,36300.00,FULFILLED
1000002807,20240612,265,2,1,1,42000.00,8820.00,0.00,50820.00,FULFILLED
1000002808,20240612,981,2,2,2,15000.00,3150.00,0.00,18150.00,FULFILLED
1000002809,20240612,338,2,1,1,24000.00,5040.00,0.00,29040.00,FULFILLED
1000002810,20240612,1311,2,3,3,15000.00,3150.00,0.00,18150.00,FULFILLED
1000002811,20240612,395,2,1,1,30000.00,6300.00,0.00,36300.00,FULFILLED
1000002813,20240612,1312,2,4,4,15000.00,3150.00,1800.00,19950.00,FULFILLED
1000002815,20240612,626,2,1,1,30000.00,6300.00,0.00,36300.00,FULFILLED
1000002816,20240612,516,2,3,3,15000.00,3150.00,0.00,18150.00,FULFILLED
1000002818,20240612,762,2,2,2,12000.00,2520.00,0.00,14520.00,FULFILLED
1000002831,20240613,600,2,2,2,63000.00,13230.00,0.00,76230.00,FULFILLED
1000002832,20240613,1318,2,2,2,24000.00,5040.00,0.00,29040.00,FULFILLED
1000002836,20240613,1321,2,2,2,15000.00,3150.00,0.00,18150.00,FULFILLED
1000002837,20240613,729,2,3,3,15000.00,3150.00,0.00,18150.00,FULFILLED
1000002839,20240613,442,2,2,2,60000.00,12600.00,0.00,72600.00,FULFILLED
1000002840,20240613,199,2,3,3,36000.00,7560.00,0.00,43560.00,FULFILLED
1000002842,20240613,331,2,2,2,24000.00,5040.00,0.00,29040.00,FULFILLED
1000002843,20240613,763,2,2,2,13500.00,2835.00,0.00,16335.00,FULFILLED
1000002845,20240613,1322,2,4,4,12000.00,2520.00,0.00,14520.00,FULFILLED
1000002848,20240613,1203,2,1,1,27000.00,5670.00,1200.00,33870.00,FULFILLED
1000002849,20240613,1230,2,2,2,12000.00,2520.00,0.00,14520.00,FULFILLED
1000002850,20240613,435,2,4,4,89250.00,18742.50,0.00,107992.50,FULFILLED
1000002857,20240614,887,2,4,4,30000.00,6300.00,0.00,36300.00,FULFILLED
1000002859,20240614,194,2,1,1,15000.00,3150.00,0.00,18150.00,FULFILLED
1000002860,20240614,690,2,1,1,12000.00,2520.00,0.00,14520.00,FULFILLED
1000002861,20240614,594,2,4,4,15000.00,3150.00,0.00,18150.00,FULFILLED
1000002862,20240614,185,2,1,1,24000.00,5040.00,0.00,29040.00,FULFILLED
1000002863,20240614,1324,2,1,1,42000.00,8820.00,0.00,50820.00,FULFILLED
1000002864,20240614,754,2,4,4,12000.00,2520.00,0.00,14520.00,FULFILLED
1000002865,20240614,1325,2,1,1,21600.00,4536.00,0.00,26136.00,FULFILLED
1000002866,20240614,1010,2,3,3,30000.00,6300.00,0.00,36300.00,FULFILLED
1000002867,20240614,101,2,2,2,42000.00,8820.00,0.00,50820.00,FULFILLED
1000002868,20240614,580,2,3,3,15000.00,3150.00,0.00,18150.00,FULFILLED
1000002869,20240614,1326,2,1,1,40500.00,8505.00,0.00,49005.00,FULFILLED
1000002871,20240614,1015,2,3,3,15000.00,3150.00,0.00,18150.00,FULFILLED
1000002872,20240614,1327,2,4,4,72000.00,15120.00,0.00,87120.00,FULFILLED
1000002875,20240614,375,2,3,3,12000.00,2520.00,0.00,14520.00,FULFILLED
1000002884,20240615,308,2,2,2,45000.00,9450.00,0.00,54450.00,FULFILLED
1000002885,20240615,250,2,3,3,15000.00,3150.00,0.00,18150.00,FULFILLED
1000002888,20240615,426,2,1,1,15000.00,3150.00,0.00,18150.00,FULFILLED
1000002889,20240615,987,2,2,2,12000.00,2520.00,0.00,14520.00,FULFILLED
1000002890,20240615,230,2,2,2,27000.00,5670.00,0.00,32670.00,FULFILLED
1000002891,20240615,1332,2,3,3,12000.00,2520.00,0.00,14520.00,FULFILLED
1000002892,20240615,588,2,2,2,15000.00,3150.00,0.00,18150.00,FULFILLED
1000002893,20240615,908,2,4,4,30000.00,6300.00,0.00,36300.00,FULFILLED
1000002894,20240615,753,2,2,2,45000.00,9450.00,0.00,54450.00,FULFILLED
1000002895,20240615,660,2,1,1,78000.00,16380.00,0.00,94380.00,REFUNDED
1000002896,20240615,544,2,4,4,12000.00,2520.00,0.00,14520.00,FULFILLED
1000002897,20240615,1333,2,1,1,42000.00,8820.00,0.00,50820.00,FULFILLED
1000002898,20240615,686,2,3,3,24000.00,5040.00,0.00,29040.00,FULFILLED
1000002900,20240615,1335,2,2,2,45000.00,9450.00,0.00,54450.00,FULFILLED
1000002901,20240615,614,2,3,3,15000.00,3150.00,0.00,18150.00,FULFILLED
1000002902,20240615,501,2,2,2,30000.00,6300.00,0.00,36300.00,FULFILLED
1000002903,20240615,880,2,2,2,48000.00,10080.00,0.00,58080.00,FULFILLED
1000002904,20240615,127,2,2,2,24000.00,5040.00,0.00,29040.00,FULFILLED
1000002905,20240615,1078,2,1,1,24000.00,5040.00,0.00,29040.00,FULFILLED
1000002906,20240615,38,2,1,1,15000.00,3150.00,0.00,18150.00,FULFILLED
1000002907,20240615,551,2,3,3,15000.00,3150.00,0.00,18150.00,FULFILLED
1000002908,20240615,415,2,3,3,15000.00,3150.00,0.00,18150.00,FULFILLED
1000002933,20240617,1343,2,1,1,12000.00,2520.00,0.00,14520.00,FULFILLED
1000002935,20240617,693,2,1,1,36000.00,7560.00,0.00,43560.00,FULFILLED
1000002942,20240617,1031,2,3,3,24000.00,5040.00,0.00,29040.00,FULFILLED
1000002957,20240618,329,2,4,4,24000.00,5040.00,0.00,29040.00,FULFILLED
1000002959,20240618,376,2,4,4,10800.00,2268.00,0.00,13068.00,FULFILLED
1000002962,20240618,859,2,2,2,45000.00,9450.00,0.00,54450.00,FULFILLED
1000002971,20240619,288,2,3,3,15000.00,3150.00,0.00,18150.00,FULFILLED
1000002972,20240619,1353,2,1,1,24000.00,5040.00,0.00,29040.00,FULFILLED
1000002973,20240619,390,2,3,3,27000.00,5670.00,0.00,32670.00,FULFILLED
1000002974,20240619,1124,2,1,1,24000.00,5040.00,0.00,29040.00,FULFILLED
1000002976,20240619,163,2,2,2,15000.00,3150.00,0.00,18150.00,FULFILLED
1000002977,20240619,1354,2,3,3,91800.00,19278.00,0.00,111078.00,FULFILLED
1000002979,20240619,1355,2,4,4,36000.00,7560.00,0.00,43560.00,FULFILLED
1000002987,20240620,602,2,4,4,15000.00,3150.00,0.00,18150.00,FULFILLED
1000002988,20240620,132,2,2,2,42000.00,8820.00,0.00,50820.00,FULFILLED
1000002989,20240620,829,2,3,3,10800.00,2268.00,0.00,13068.00,FULFILLED
1000002990,20240620,508,2,2,2,27000.00,5670.00,0.00,32670.00,FULFILLED
1000002992,20240620,1033,2,2,2,15000.00,3150.00,0.00,18150.00,FULFILLED
1000002993,20240620,158,2,3,3,48000.00,10080.00,0.00,58080.00,FULFILLED
1000002995,20240620,722,2,3,3,54000.00,11340.00,0.00,65340.00,FULFILLED
1000002997,20240620,688,2,2,2,15000.00,3150.00,0.00,18150.00,FULFILLED
1000003001,20240621,215,2,1,1,48000.00,10080.00,0.00,58080.00,FULFILLED
1000003002,20240621,208,2,3,3,42000.00,8820.00,0.00,50820.00,FULFILLED
1000003003,20240621,112,2,1,1,108000.00,22680.00,0.00,130680.00,FULFILLED
1000003004,20240621,474,2,4,4,27000.00,5670.00,0.00,32670.00,FULFILLED
1000003005,20240621,1121,2,2,2,36000.00,7560.00,0.00,43560.00,FULFILLED
1000003006,20240621,1362,2,4,4,12000.00,2520.00,0.00,14520.00,FULFILLED
1000003009,20240621,606,2,4,4,30000.00,6300.00,0.00,36300.00,FULFILLED
1000003010,20240621,1363,2,3,3,12000.00,2520.00,0.00,14520.00,FULFILLED
1000003011,20240621,1064,2,2,2,54000.00,11340.00,0.00,65340.00,FULFILLED
1000003013,20240621,945,2,2,2,12000.00,2520.00,0.00,14520.00,FULFILLED
1000003014,20240621,808,2,4,4,12000.00,2520.00,0.00,14520.00,FULFILLED
1000003023,20240622,1364,2,1,1,15000.00,3150.00,0.00,18150.00,FULFILLED
1000003024,20240622,1283,2,1,1,45000.00,9450.00,0.00,54450.00,FULFILLED
1000003025,20240622,1040,2,2,2,15000.00,3150.00,0.00,18150.00,FULFILLED
1000003027,20240622,304,2,3,3,45000.00,9450.00,0.00,54450.00,FULFILLED
1000003029,20240622,1367,2,4,4,12000.00,2520.00,0.00,14520.00,REFUNDED
1000003030,20240622,1217,2,4,4,12000.00,2520.00,0.00,14520.00,REFUNDED
1000003031,20240622,138,2,1,1,12000.00,2520.00,0.00,14520.00,FULFILLED
1000003051,20240624,1296,2,2,2,12000.00,2520.00,0.00,14520.00,FULFILLED
1000003054,20240624,1372,2,1,1,30000.00,6300.00,0.00,36300.00,FULFILLED
1000003055,20240624,1138,2,1,1,48000.00,10080.00,0.00,58080.00,FULFILLED
1000003057,20240624,741,2,2,2,15000.00,3150.00,0.00,18150.00,FULFILLED
1000003059,20240624,984,2,2,2,96000.00,20160.00,0.00,116160.00,FULFILLED
1000003060,20240624,1221,2,2,2,60000.00,12600.00,0.00,72600.00,FULFILLED
1000003061,20240624,258,2,1,1,15000.00,3150.00,0.00,18150.00,FULFILLED
1000003066,20240625,883,2,2,2,60000.00,12600.00,0.00,72600.00,FULFILLED
1000003067,20240625,1208,2,2,2,15000.00,3150.00,0.00,18150.00,FULFILLED
1000003068,20240625,1205,2,3,3,12000.00,2520.00,0.00,14520.00,FULFILLED
1000003069,20240625,554,2,3,3,54000.00,11340.00,0.00,65340.00,FULFILLED
1000003070,20240625,221,2,1,1,45000.00,9450.00,0.00,54450.00,FULFILLED
1000003071,20240625,1199,2,1,1,15000.00,3150.00,0.00,18150.00,FULFILLED
1000003072,20240625,825,2,1,1,45000.00,9450.00,0.00,54450.00,FULFILLED
1000003074,20240625,1376,2,3,3,27000.00,5670.00,0.00,32670.00,FULFILLED
1000003075,20240625,117,2,2,2,12000.00,2520.00,0.00,14520.00,FULFILLED
1000003078,20240625,665,2,3,3,15000.00,3150.00,0.00,18150.00,FULFILLED
1000003079,20240625,143,2,2,2,12000.00,2520.00,0.00,14520.00,FULFILLED
1000003080,20240625,1377,2,4,4,30000.00,6300.00,0.00,36300.00,FULFILLED
1000003089,20240626,966,2,2,2,15000.00,3150.00,0.00,18150.00,FULFILLED
1000003090,20240626,732,2,1,1,63000.00,13230.00,0.00,76230.00,FULFILLED
1000003091,20240626,1381,2,2,2,36000.00,7560.00,0.00,43560.00,CANCELLED
1000003092,20240626,71,2,2,2,30000.00,6300.00,0.00,36300.00,FULFILLED
1000003093,20240626,1382,2,2,2,30000.00,6300.00,0.00,36300.00,FULFILLED
1000003095,20240626,466,2,1,1,15000.00,3150.00,0.00,18150.00,FULFILLED
1000003096,20240626,1176,2,2,2,30000.00,6300.00,0.00,36300.00,FULFILLED
1000003097,20240626,242,2,3,3,12000.00,2520.00,0.00,14520.00,FULFILLED
1000003098,20240626,745,2,1,1,24000.00,5040.00,0.00,29040.00,FULFILLED
1000003099,20240626,536,2,3,3,42000.00,8820.00,0.00,50820.00,FULFILLED
1000003102,20240626,235,2,1,1,24000.00,5040.00,0.00,29040.00,FULFILLED
1000003103,20240626,59,2,1,1,15000.00,3150.00,0.00,18150.00,FULFILLED
1000003111,20240627,1083,2,2,2,24000.00,5040.00,0.00,29040.00,FULFILLED
1000003115,20240627,432,2,4,4,54000.00,11340.00,0.00,65340.00,FULFILLED
1000003116,20240627,1385,2,2,2,15000.00,3150.00,0.00,18150.00,FULFILLED
1000003117,20240627,519,2,3,3,66000.00,13860.00,0.00,79860.00,FULFILLED
1000003128,20240628,1148,2,3,3,15000.00,3150.00,0.00,18150.00,FULFILLED
1000003129,20240628,76,2,2,2,24000.00,5040.00,0.00,29040.00,REFUNDED
1000003130,20240628,753,2,2,2,12000.00,2520.00,0.00,14520.00,FULFILLED
1000003131,20240628,738,2,2,2,42000.00,8820.00,0.00,50820.00,FULFILLED
1000003135,20240628,1269,2,4,4,12000.00,2520.00,0.00,14520.00,FULFILLED
1000003136,20240628,1233,2,2,2,27000.00,5670.00,0.00,32670.00,FULFILLED
1000003137,20240628,600,2,2,2,15000.00,3150.00,0.00,18150.00,FULFILLED
1000003140,20240628,330,2,1,1,48000.00,10080.00,0.00,58080.00,FULFILLED
1000003143,20240628,1290,2,1,1,27000.00,5670.00,0.00,32670.00,FULFILLED
1000003146,20240629,218,2,1,1,54000.00,11340.00,0.00,65340.00,FULFILLED
1000003147,20240629,141,2,1,1,27000.00,5670.00,0.00,32670.00,FULFILLED
1000003149,20240629,291,2,2,2,42000.00,8820.00,0.00,50820.00,FULFILLED
1000003152,20240629,302,2,3,3,15000.00,3150.00,0.00,18150.00,FULFILLED
1000003153,20240629,424,2,4,4,12000.00,2520.00,0.00,14520.00,FULFILLED
1000003155,20240629,1392,2,4,4,39000.00,8190.00,0.00,47190.00,FULFILLED
1000003157,20240629,1394,2,1,1,36000.00,7560.00,0.00,43560.00,FULFILLED
1000003158,20240629,1395,2,2,2,24000.00,5040.00,0.00,29040.00,FULFILLED
1000003159,20240629,729,2,3,3,45000.00,9450.00,0.00,54450.00,FULFILLED
1000003160,20240629,641,2,3,3,12000.00,2520.00,0.00,14520.00,FULFILLED
1000003161,20240629,131,2,1,1,54000.00,11340.00,0.00,65340.00,FULFILLED
1000003162,20240629,628,2,3,3,27000.00,5670.00,0.00,32670.00,FULFILLED
1000003164,20240629,1080,2,1,1,36000.00,7560.00,1200.00,44760.00,FULFILLED
1000003165,20240629,504,2,4,4,60000.00,12600.00,0.00,72600.00,FULFILLED
1000003166,20240629,591,2,4,4,13500.00,2835.00,0.00,16335.00,CANCELLED
1000003179,20240701,1263,2,1,1,15000.00,3150.00,1200.00,19350.00,FULFILLED
1000003182,20240701,1400,2,3,3,15000.00,3150.00,0.00,18150.00,FULFILLED
1000003183,20240701,1401,2,1,1,24000.00,5040.00,0.00,29040.00,FULFILLED
1000003184,20240701,714,2,4,4,12000.00,2520.00,0.00,14520.00,FULFILLED
1000003192,20240702,1222,2,4,4,15000.00,3150.00,0.00,18150.00,FULFILLED
1000003193,20240702,1403,2,4,4,45000.00,9450.00,0.00,54450.00,FULFILLED
1000003194,20240702,1209,2,1,1,15000.00,3150.00,0.00,18150.00,FULFILLED
1000003195,20240702,38,2,1,1,13500.00,2835.00,0.00,16335.00,FULFILLED
1000003196,20240702,60,2,1,1,12000.00,2520.00,0.00,14520.00,FULFILLED
1000003204,20240703,891,2,2,2,42000.00,8820.00,0.00,50820.00,FULFILLED
1000003205,20240703,1042,2,1,1,60000.00,12600.00,0.00,72600.00,FULFILLED
1000003206,20240703,357,2,1,1,45000.00,9450.00,0.00,54450.00,FULFILLED
1000003208,20240703,1059,2,3,3,12000.00,2520.00,0.00,14520.00,FULFILLED
1000003209,20240703,1404,2,4,4,15000.00,3150.00,0.00,18150.00,FULFILLED
1000003211,20240703,1112,2,1,1,86400.00,18144.00,0.00,104544.00,FULFILLED
1000003213,20240703,1085,2,3,3,27000.00,5670.00,0.00,32670.00,FULFILLED
1000003215,20240703,455,2,2,2,12000.00,2520.00,0.00,14520.00,FULFILLED
1000003216,20240703,1355,2,4,4,15000.00,3150.00,0.00,18150.00,FULFILLED
1000003221,20240704,516,2,3,3,24000.00,5040.00,0.00,29040.00,FULFILLED
1000003222,20240704,273,2,3,3,15000.00,3150.00,0.00,18150.00,FULFILLED
1000003223,20240704,1410,2,1,1,12000.00,2520.00,0.00,14520.00,FULFILLED
1000003224,20240704,890,2,4,4,12000.00,2520.00,0.00,14520.00,FULFILLED
1000003225,20240704,247,2,1,1,45000.00,9450.00,0.00,54450.00,FULFILLED
1000003226,20240704,215,2,1,1,42000.00,8820.00,0.00,50820.00,FULFILLED
1000003227,20240704,459,2,3,3,24000.00,5040.00,1500.00,30540.00,FULFILLED
1000003231,20240704,1413,2,2,2,122400.00,25704.00,0.00,148104.00,FULFILLED
1000003237,20240705,382,2,4,4,54000.00,11340.00,0.00,65340.00,FULFILLED
1000003240,20240705,332,2,3,3,15000.00,3150.00,0.00,18150.00,FULFILLED
1000003241,20240705,925,2,2,2,54000.00,11340.00,0.00,65340.00,FULFILLED
1000003242,20240705,544,2,4,4,36000.00,7560.00,0.00,43560.00,FULFILLED
1000003243,20240705,331,2,2,2,12000.00,2520.00,0.00,14520.00,FULFILLED
1000003245,20240705,1334,2,4,4,12000.00,2520.00,0.00,14520.00,FULFILLED
1000003247,20240705,111,2,2,2,12000.00,2520.00,0.00,14520.00,FULFILLED
1000003250,20240705,103,2,1,1,15000.00,3150.00,0.00,18150.00,FULFILLED
1000003251,20240705,1063,2,3,3,24000.00,5040.00,0.00,29040.00,FULFILLED
1000003252,20240705,307,2,4,4,27000.00,5670.00,0.00,32670.00,FULFILLED
1000003255,20240705,486,2,2,2,27000.00,5670.00,0.00,32670.00,FULFILLED
1000003256,20240705,487,2,2,2,57000.00,11970.00,0.00,68970.00,FULFILLED
1000003257,20240705,434,2,4,4,51000.00,10710.00,0.00,61710.00,FULFILLED
1000003258,20240705,1419,2,3,3,42000.00,8820.00,0.00,50820.00,FULFILLED
1000003262,20240706,585,2,2,2,27000.00,5670.00,0.00,32670.00,FULFILLED
1000003263,20240706,1106,2,3,3,30000.00,6300.00,1500.00,37800.00,FULFILLED
1000003264,20240706,422,2,3,3,15000.00,3150.00,0.00,18150.00,FULFILLED
1000003265,20240706,838,2,1,1,72000.00,15120.00,0.00,87120.00,FULFILLED
1000003266,20240706,1122,2,1,1,12000.00,2520.00,0.00,14520.00,FULFILLED
1000003267,20240706,758,2,2,2,45000.00,9450.00,0.00,54450.00,FULFILLED
1000003269,20240706,1204,2,3,3,57000.00,11970.00,0.00,68970.00,FULFILLED
1000003270,20240706,1421,2,2,2,12000.00,2520.00,0.00,14520.00,FULFILLED
1000003271,20240706,388,2,4,4,24000.00,5040.00,0.00,29040.00,FULFILLED
1000003272,20240706,1044,2,3,3,57000.00,11970.00,0.00,68970.00,FULFILLED
1000003285,20240708,1324,2,1,1,42000.00,8820.00,0.00,50820.00,FULFILLED
1000003286,20240708,1235,2,4,4,12000.00,2520.00,0.00,14520.00,FULFILLED
1000003288,20240708,795,2,2,2,27000.00,5670.00,0.00,32670.00,FULFILLED
1000003296,20240709,1430,2,2,2,48000.00,10080.00,0.00,58080.00,FULFILLED
1000003298,20240709,233,2,3,3,24000.00,5040.00,1500.00,30540.00,FULFILLED
1000003300,20240709,427,2,3,3,12000.00,2520.00,0.00,14520.00,FULFILLED
1000003303,20240709,588,2,2,2,12000.00,2520.00,0.00,14520.00,FULFILLED
1000003307,20240710,1435,2,4,4,12000.00,2520.00,0.00,14520.00,FULFILLED
1000003308,20240710,640,2,1,1,10800.00,2268.00,0.00,13068.00,FULFILLED
1000003312,20240710,614,2,3,3,13500.00,2835.00,0.00,16335.00,FULFILLED
1000003313,20240710,1199,2,1,1,15000.00,3150.00,0.00,18150.00,FULFILLED
1000003320,20240711,453,2,3,3,45000.00,9450.00,0.00,54450.00,FULFILLED
1000003321,20240711,962,2,1,1,27000.00,5670.00,0.00,32670.00,FULFILLED
1000003323,20240711,750,2,1,1,27000.00,5670.00,0.00,32670.00,FULFILLED
1000003324,20240711,1041,2,3,3,15000.00,3150.00,0.00,18150.00,FULFILLED
1000003325,20240711,1061,2,1,1,27000.00,5670.00,0.00,32670.00,FULFILLED
1000003326,20240711,1438,2,1,1,30000.00,6300.00,0.00,36300.00,FULFILLED
1000003327,20240711,1439,2,4,4,12000.00,2520.00,0.00,14520.00,FULFILLED
1000003332,20240712,665,2,3,3,15000.00,3150.00,0.00,18150.00,FULFILLED
1000003335,20240712,1104,2,1,1,12000.00,2520.00,0.00,14520.00,FULFILLED
1000003336,20240712,1441,2,3,3,30000.00,6300.00,0.00,36300.00,FULFILLED
1000003337,20240712,136,2,1,1,48000.00,10080.00,0.00,58080.00,FULFILLED
1000003338,20240712,1131,2,3,3,12000.00,2520.00,0.00,14520.00,FULFILLED
1000003341,20240712,365,2,3,3,24000.00,5040.00,0.00,29040.00,FULFILLED
1000003343,20240713,749,2,1,1,15000.00,3150.00,0.00,18150.00,FULFILLED
1000003344,20240713,51,2,1,1,15000.00,3150.00,0.00,18150.00,FULFILLED
1000003345,20240713,699,2,4,4,15000.00,3150.00,0.00,18150.00,FULFILLED
1000003346,20240713,1147,2,2,2,12000.00,2520.00,0.00,14520.00,FULFILLED
1000003348,20240713,1296,2,2,2,12000.00,2520.00,0.00,14520.00,REFUNDED
1000003349,20240713,1303,2,4,4,69000.00,14490.00,0.00,83490.00,FULFILLED
1000003350,20240713,1443,2,1,1,15000.00,3150.00,0.00,18150.00,FULFILLED
1000003351,20240713,535,2,4,4,30000.00,6300.00,0.00,36300.00,FULFILLED
1000003352,20240713,80,2,2,2,30000.00,6300.00,0.00,36300.00,FULFILLED
1000003353,20240713,76,2,2,2,27000.00,5670.00,0.00,32670.00,FULFILLED
1000003354,20240713,386,2,4,4,24000.00,5040.00,0.00,29040.00,FULFILLED
1000003355,20240713,661,2,4,4,24000.00,5040.00,0.00,29040.00,FULFILLED
1000003357,20240713,1139,2,3,3,12000.00,2520.00,0.00,14520.00,FULFILLED
1000003359,20240713,205,2,3,3,42000.00,8820.00,0.00,50820.00,FULFILLED
1000003375,20240715,1032,2,1,1,30000.00,6300.00,0.00,36300.00,FULFILLED
1000003378,20240715,1305,2,2,2,30000.00,6300.00,0.00,36300.00,FULFILLED
1000003379,20240715,1453,2,2,2,12000.00,2520.00,0.00,14520.00,FULFILLED
1000003380,20240715,1333,2,1,1,12000.00,2520.00,0.00,14520.00,FULFILLED
1000003381,20240715,949,2,3,3,36000.00,7560.00,0.00,43560.00,FULFILLED
1000003388,20240716,1010,2,3,3,15000.00,3150.00,0.00,18150.00,FULFILLED
1000003389,20240716,1245,2,2,2,12000.00,2520.00,0.00,14520.00,FULFILLED
1000003391,20240716,75,2,1,1,48000.00,10080.00,0.00,58080.00,FULFILLED
1000003394,20240716,462,2,1,1,30000.00,6300.00,1200.00,37500.00,FULFILLED
1000003400,20240717,1456,2,2,2,24000.00,5040.00,0.00,29040.00,FULFILLED
1000003401,20240717,336,2,4,4,24000.00,5040.00,0.00,29040.00,FULFILLED
1000003402,20240717,1215,2,1,1,12000.00,2520.00,0.00,14520.00,FULFILLED
1000003403,20240717,1458,2,3,3,15000.00,3150.00,0.00,18150.00,FULFILLED
1000003405,20240717,698,2,2,2,36000.00,7560.00,0.00,43560.00,FULFILLED
1000003407,20240717,1003,2,3,3,12000.00,2520.00,0.00,14520.00,FULFILLED
1000003408,20240717,1459,2,3,3,12000.00,2520.00,0.00,14520.00,FULFILLED
1000003415,20240718,925,2,2,2,51300.00,10773.00,0.00,62073.00,FULFILLED
1000003416,20240718,1460,2,2,2,15000.00,3150.00,0.00,18150.00,FULFILLED
1000003417,20240718,1122,2,1,1,12000.00,2520.00,0.00,14520.00,CANCELLED
1000003420,20240718,758,2,2,2,12000.00,2520.00,0.00,14520.00,FULFILLED
1000003421,20240718,1382,2,2,2,24000.00,5040.00,0.00,29040.00,FULFILLED
1000003422,20240718,441,2,2,2,15000.00,3150.00,0.00,18150.00,FULFILLED
1000003425,20240719,651,2,1,1,27000.00,5670.00,0.00,32670.00,FULFILLED
1000003426,20240719,1462,2,4,4,12000.00,2520.00,0.00,14520.00,FULFILLED
1000003427,20240719,291,2,2,2,15000.00,3150.00,0.00,18150.00,FULFILLED
1000003428,20240719,132,2,2,2,30000.00,6300.00,0.00,36300.00,FULFILLED
1000003430,20240719,613,2,4,4,27000.00,5670.00,1800.00,34470.00,FULFILLED
1000003435,20240720,1207,2,3,3,12000.00,2520.00,0.00,14520.00,REFUNDED
1000003436,20240720,1466,2,2,2,27000.00,5670.00,0.00,32670.00,FULFILLED
1000003437,20240720,1467,2,2,2,48000.00,10080.00,0.00,58080.00,FULFILLED
1000003438,20240720,1318,2,2,2,54000.00,11340.00,0.00,65340.00,FULFILLED
1000003439,20240720,900,2,4,4,42000.00,8820.00,0.00,50820.00,FULFILLED
1000003440,20240720,1468,2,1,1,27000.00,5670.00,0.00,32670.00,FULFILLED
1000003441,20240720,430,2,4,4,15000.00,3150.00,0.00,18150.00,FULFILLED
1000003442,20240720,1311,2,3,3,15000.00,3150.00,0.00,18150.00,FULFILLED
1000003443,20240720,718,2,1,1,12000.00,2520.00,0.00,14520.00,FULFILLED
1000003444,20240720,492,2,4,4,24000.00,5040.00,0.00,29040.00,FULFILLED
1000003445,20240720,376,2,4,4,78000.00,16380.00,0.00,94380.00,FULFILLED
1000003446,20240720,646,2,4,4,15000.00,3150.00,0.00,18150.00,FULFILLED
1000003447,20240720,1470,2,2,2,12000.00,2520.00,0.00,14520.00,FULFILLED
1000003450,20240720,1135,2,1,1,15000.00,3150.00,0.00,18150.00,FULFILLED
1000003451,20240720,1277,2,1,1,30000.00,6300.00,0.00,36300.00,FULFILLED
1000003452,20240720,1472,2,4,4,12000.00,2520.00,0.00,14520.00,FULFILLED
1000003464,20240722,981,2,2,2,12000.00,2520.00,0.00,14520.00,FULFILLED
1000003465,20240722,1477,2,1,1,57000.00,11970.00,0.00,68970.00,FULFILLED
1000003466,20240722,1478,2,3,3,30000.00,6300.00,0.00,36300.00,FULFILLED
1000003467,20240722,395,2,1,1,12000.00,2520.00,0.00,14520.00,FULFILLED
1000003472,20240723,1481,2,4,4,12000.00,2520.00,0.00,14520.00,FULFILLED
1000003474,20240723,1091,2,1,1,12000.00,2520.00,0.00,14520.00,FULFILLED
1000003476,20240723,555,2,2,2,12000.00,2520.00,0.00,14520.00,REFUNDED
1000003479,20240723,1253,2,3,3,63000.00,13230.00,0.00,76230.00,FULFILLED
1000003485,20240724,235,2,1,1,60000.00,12600.00,0.00,72600.00,FULFILLED
1000003486,20240724,437,2,4,4,12000.00,2520.00,1800.00,16320.00,FULFILLED
1000003487,20240724,662,2,3,3,36000.00,7560.00,0.00,43560.00,FULFILLED
1000003489,20240724,896,2,2,2,24000.00,5040.00,0.00,29040.00,FULFILLED
1000003494,20240725,1401,2,1,1,15000.00,3150.00,0.00,18150.00,FULFILLED
1000003496,20240725,344,2,2,2,60000.00,12600.00,0.00,72600.00,FULFILLED
1000003498,20240725,1412,2,1,1,15000.00,3150.00,0.00,18150.00,FULFILLED
1000003502,20240725,1197,2,4,4,59400.00,12474.00,0.00,71874.00,FULFILLED
1000003503,20240725,887,2,4,4,39000.00,8190.00,0.00,47190.00,FULFILLED
1000003509,20240726,1021,2,1,1,10800.00,2268.00,0.00,13068.00,FULFILLED
1000003510,20240726,1121,2,2,2,12000.00,2520.00,0.00,14520.00,FULFILLED
1000003511,20240726,1153,2,4,4,12000.00,2520.00,0.00,14520.00,FULFILLED
1000003513,20240726,233,2,3,3,15000.00,3150.00,0.00,18150.00,FULFILLED
1000003514,20240726,1488,2,3,3,15000.00,3150.00,0.00,18150.00,FULFILLED
1000003516,20240726,1489,2,2,2,24000.00,5040.00,0.00,29040.00,FULFILLED
1000003518,20240726,1241,2,2,2,12000.00,2520.00,0.00,14520.00,FULFILLED
1000003521,20240726,338,2,1,1,15000.00,3150.00,0.00,18150.00,FULFILLED
1000003522,20240726,1491,2,4,4,91800.00,19278.00,0.00,111078.00,FULFILLED
1000003529,20240727,1493,2,1,1,72000.00,15120.00,0.00,87120.00,FULFILLED
1000003531,20240727,1131,2,3,3,15000.00,3150.00,0.00,18150.00,FULFILLED
1000003532,20240727,848,2,4,4,12000.00,2520.00,0.00,14520.00,FULFILLED
1000003533,20240727,326,2,4,4,15000.00,3150.00,0.00,18150.00,FULFILLED
1000003534,20240727,1494,2,1,1,12000.00,2520.00,0.00,14520.00,FULFILLED
1000003535,20240727,1495,2,1,1,15000.00,3150.00,0.00,18150.00,FULFILLED
1000003537,20240727,663,2,1,1,63000.00,13230.00,0.00,76230.00,FULFILLED
1000003538,20240727,193,2,2,2,36000.00,7560.00,0.00,43560.00,FULFILLED
1000003539,20240727,1035,2,2,2,60000.00,12600.00,0.00,72600.00,FULFILLED
1000003540,20240727,686,2,3,3,12000.00,2520.00,0.00,14520.00,FULFILLED
1000003542,20240727,994,2,1,1,39000.00,8190.00,0.00,47190.00,FULFILLED
1000003543,20240727,907,2,3,3,24000.00,5040.00,0.00,29040.00,FULFILLED
1000003544,20240727,1497,2,2,2,27000.00,5670.00,0.00,32670.00,FULFILLED
1000003556,20240729,979,2,2,2,12000.00,2520.00,0.00,14520.00,FULFILLED
1000003558,20240729,119,2,1,1,24000.00,5040.00,0.00,29040.00,FULFILLED
1000003559,20240729,1505,2,1,1,39000.00,8190.00,1200.00,48390.00,FULFILLED
1000003561,20240729,1217,2,4,4,12000.00,2520.00,0.00,14520.00,FULFILLED
1000003562,20240729,867,2,3,3,27000.00,5670.00,1500.00,34170.00,FULFILLED
1000003563,20240729,891,2,2,2,24000.00,5040.00,0.00,29040.00,FULFILLED
1000003566,20240730,477,2,3,3,12000.00,2520.00,0.00,14520.00,FULFILLED
1000003570,20240730,1243,2,2,2,81600.00,17136.00,0.00,98736.00,FULFILLED
1000003572,20240730,912,2,1,1,69000.00,14490.00,0.00,83490.00,FULFILLED
1000003574,20240730,1255,2,4,4,12000.00,2520.00,1800.00,16320.00,FULFILLED
1000003575,20240730,1508,2,3,3,24000.00,5040.00,0.00,29040.00,FULFILLED
1000003576,20240730,1032,2,1,1,12000.00,2520.00,0.00,14520.00,FULFILLED
1000003581,20240730,757,2,1,1,12000.00,2520.00,0.00,14520.00,FULFILLED
1000003588,20240731,601,2,4,4,12000.00,2520.00,0.00,14520.00,FULFILLED
1000003589,20240731,1513,2,2,2,12000.00,2520.00,0.00,14520.00,FULFILLED
1000003590,20240731,475,2,2,2,36000.00,7560.00,0.00,43560.00,FULFILLED
1000003592,20240731,865,2,1,1,45000.00,9450.00,0.00,54450.00,FULFILLED
1000003593,20240731,799,2,1,1,36000.00,7560.00,0.00,43560.00,FULFILLED
1000003595,20240731,230,2,2,2,36000.00,7560.00,0.00,43560.00,FULFILLED
1000003605,20240801,1519,2,3,3,30000.00,6300.00,0.00,36300.00,FULFILLED
1000003607,20240801,1156,2,2,2,30000.00,6300.00,0.00,36300.00,FULFILLED
1000003608,20240801,1326,2,1,1,42000.00,8820.00,0.00,50820.00,FULFILLED
1000003610,20240801,1520,2,4,4,12000.00,2520.00,0.00,14520.00,FULFILLED
1000003611,20240801,1522,2,3,3,12000.00,2520.00,0.00,14520.00,FULFILLED
1000003614,20240801,1432,2,4,4,39000.00,8190.00,0.00,47190.00,FULFILLED
1000003615,20240801,594,2,4,4,54000.00,11340.00,0.00,65340.00,FULFILLED
1000003617,20240801,245,2,2,2,24000.00,5040.00,0.00,29040.00,FULFILLED
1000003618,20240801,1523,2,2,2,12000.00,2520.00,0.00,14520.00,FULFILLED
1000003628,20240802,949,2,3,3,12000.00,2520.00,0.00,14520.00,FULFILLED
1000003630,20240802,754,2,4,4,51000.00,10710.00,0.00,61710.00,FULFILLED
1000003631,20240802,628,2,3,3,36000.00,7560.00,0.00,43560.00,FULFILLED
1000003632,20240802,1148,2,3,3,27000.00,5670.00,1500.00,34170.00,FULFILLED
1000003633,20240802,8,2,1,1,42000.00,8820.00,0.00,50820.00,FULFILLED
1000003634,20240802,829,2,3,3,36000.00,7560.00,0.00,43560.00,FULFILLED
1000003636,20240802,498,2,4,4,15000.00,3150.00,0.00,18150.00,FULFILLED
1000003638,20240802,1527,2,1,1,27000.00,5670.00,0.00,32670.00,FULFILLED
1000003639,20240802,1157,2,4,4,54000.00,11340.00,0.00,65340.00,FULFILLED
1000003644,20240803,304,2,3,3,48000.00,10080.00,0.00,58080.00,FULFILLED
1000003645,20240803,1530,2,2,2,15000.00,3150.00,1500.00,19650.00,FULFILLED
1000003646,20240803,292,2,4,4,15000.00,3150.00,0.00,18150.00,FULFILLED
1000003648,20240803,1531,2,1,1,24000.00,5040.00,0.00,29040.00,FULFILLED
1000003650,20240803,655,2,4,4,45000.00,9450.00,0.00,54450.00,FULFILLED
1000003651,20240803,617,2,4,4,15000.00,3150.00,0.00,18150.00,FULFILLED
1000003652,20240803,1045,2,1,1,12000.00,2520.00,0.00,14520.00,FULFILLED
1000003653,20240803,1532,2,4,4,30000.00,6300.00,0.00,36300.00,FULFILLED
1000003654,20240803,1310,2,1,1,12000.00,2520.00,0.00,14520.00,FULFILLED
1000003655,20240803,714,2,4,4,15000.00,3150.00,0.00,18150.00,FULFILLED
1000003656,20240803,840,2,2,2,12000.00,2520.00,0.00,14520.00,FULFILLED
1000003657,20240803,1343,2,1,1,12000.00,2520.00,0.00,14520.00,FULFILLED
1000003660,20240803,1354,2,3,3,36000.00,7560.00,0.00,43560.00,FULFILLED
1000003661,20240803,1533,2,3,3,15000.00,3150.00,0.00,18150.00,FULFILLED
1000003676,20240805,441,2,2,2,10800.00,2268.00,0.00,13068.00,FULFILLED
1000003677,20240805,320,2,3,3,48000.00,10080.00,0.00,58080.00,FULFILLED
1000003681,20240805,1540,2,1,1,12000.00,2520.00,0.00,14520.00,FULFILLED
1000003682,20240805,1268,2,3,3,36000.00,7560.00,0.00,43560.00,FULFILLED
1000003687,20240806,458,2,1,1,15000.00,3150.00,0.00,18150.00,FULFILLED
1000003688,20240806,1544,2,3,3,15000.00,3150.00,0.00,18150.00,FULFILLED
1000003689,20240806,1545,2,2,2,30000.00,6300.00,0.00,36300.00,FULFILLED
1000003690,20240806,1546,2,1,1,39000.00,8190.00,0.00,47190.00,FULFILLED
1000003691,20240806,1419,2,3,3,24000.00,5040.00,0.00,29040.00,FULFILLED
1000003692,20240806,1324,2,1,1,42000.00,8820.00,0.00,50820.00,FULFILLED
1000003693,20240806,367,2,1,1,12000.00,2520.00,0.00,14520.00,FULFILLED
1000003694,20240806,1319,2,2,2,15000.00,3150.00,0.00,18150.00,FULFILLED
1000003696,20240806,1548,2,3,3,48000.00,10080.00,0.00,58080.00,FULFILLED
1000003699,20240807,215,2,1,1,63000.00,13230.00,0.00,76230.00,FULFILLED
1000003700,20240807,598,2,4,4,12000.00,2520.00,0.00,14520.00,FULFILLED
1000003704,20240807,365,2,3,3,15000.00,3150.00,0.00,18150.00,FULFILLED
1000003707,20240807,1508,2,3,3,12000.00,2520.00,0.00,14520.00,FULFILLED
1000003709,20240807,1466,2,2,2,12000.00,2520.00,0.00,14520.00,FULFILLED
1000003710,20240807,630,2,4,4,15000.00,3150.00,1800.00,19950.00,FULFILLED
1000003719,20240808,136,2,1,1,12000.00,2520.00,0.00,14520.00,FULFILLED
1000003720,20240808,474,2,4,4,45000.00,9450.00,0.00,54450.00,FULFILLED
1000003722,20240808,208,2,3,3,24000.00,5040.00,0.00,29040.00,FULFILLED
1000003723,20240808,515,2,3,3,36000.00,7560.00,0.00,43560.00,FULFILLED
1000003724,20240808,795,2,2,2,12000.00,2520.00,0.00,14520.00,FULFILLED
1000003725,20240808,1320,2,2,2,24000.00,5040.00,0.00,29040.00,FULFILLED
1000003729,20240809,1493,2,1,1,60000.00,12600.00,0.00,72600.00,FULFILLED
1000003730,20240809,463,2,3,3,30000.00,6300.00,0.00,36300.00,FULFILLED
1000003732,20240809,542,2,2,2,42000.00,8820.00,0.00,50820.00,CANCELLED
1000003733,20240809,925,2,2,2,12000.00,2520.00,0.00,14520.00,FULFILLED
1000003734,20240809,934,2,1,1,15000.00,3150.00,0.00,18150.00,FULFILLED
1000003735,20240809,646,2,4,4,27000.00,5670.00,0.00,32670.00,FULFILLED
1000003742,20240810,620,2,1,1,91800.00,19278.00,0.00,111078.00,FULFILLED
1000003743,20240810,1558,2,3,3,30000.00,6300.00,0.00,36300.00,FULFILLED
1000003744,20240810,897,2,2,2,15000.00,3150.00,0.00,18150.00,FULFILLED
1000003745,20240810,246,2,2,2,27000.00,5670.00,0.00,32670.00,FULFILLED
1000003746,20240810,1005,2,1,1,15000.00,3150.00,0.00,18150.00,FULFILLED
1000003747,20240810,1439,2,4,4,12000.00,2520.00,0.00,14520.00,FULFILLED
1000003748,20240810,321,2,1,1,27000.00,5670.00,0.00,32670.00,FULFILLED
1000003749,20240810,1334,2,4,4,12000.00,2520.00,0.00,14520.00,FULFILLED
1000003750,20240810,466,2,1,1,12000.00,2520.00,0.00,14520.00,FULFILLED
1000003751,20240810,1262,2,1,1,36000.00,7560.00,0.00,43560.00,FULFILLED
1000003752,20240810,769,2,3,3,30000.00,6300.00,1500.00,37800.00,FULFILLED
1000003754,20240810,1559,2,2,2,42000.00,8820.00,0.00,50820.00,FULFILLED
1000003756,20240810,1208,2,2,2,30000.00,6300.00,0.00,36300.00,FULFILLED
1000003757,20240810,347,2,2,2,12000.00,2520.00,0.00,14520.00,FULFILLED
1000003758,20240810,1288,2,1,1,36000.00,7560.00,0.00,43560.00,FULFILLED
1000003760,20240810,1130,2,1,1,30000.00,6300.00,0.00,36300.00,FULFILLED
1000003772,20240812,239,2,3,3,15000.00,3150.00,0.00,18150.00,FULFILLED
1000003773,20240812,1291,2,2,2,39000.00,8190.00,0.00,47190.00,FULFILLED
1000003775,20240812,1562,2,4,4,30000.00,6300.00,0.00,36300.00,FULFILLED
1000003780,20240812,1363,2,3,3,21600.00,4536.00,0.00,26136.00,FULFILLED
1000003783,20240812,38,2,1,1,36000.00,7560.00,0.00,43560.00,FULFILLED
1000003789,20240813,1567,2,1,1,12000.00,2520.00,0.00,14520.00,CANCELLED
1000003792,20240813,227,2,3,3,36000.00,7560.00,0.00,43560.00,FULFILLED
1000003794,20240813,1569,2,1,1,24000.00,5040.00,0.00,29040.00,FULFILLED
1000003806,20240814,853,2,2,2,63000.00,13230.00,0.00,76230.00,FULFILLED
1000003807,20240814,1571,2,2,2,30000.00,6300.00,0.00,36300.00,FULFILLED
1000003811,20240814,1520,2,4,4,12000.00,2520.00,1800.00,16320.00,FULFILLED
1000003813,20240814,1572,2,3,3,30000.00,6300.00,0.00,36300.00,FULFILLED
1000003814,20240814,472,2,2,2,36000.00,7560.00,0.00,43560.00,FULFILLED
1000003815,20240814,1098,2,4,4,24000.00,5040.00,0.00,29040.00,FULFILLED
1000003821,20240815,291,2,2,2,24000.00,5040.00,0.00,29040.00,FULFILLED
1000003823,20240815,236,2,2,2,15000.00,3150.00,0.00,18150.00,FULFILLED
1000003825,20240815,1578,2,3,3,42000.00,8820.00,0.00,50820.00,FULFILLED
1000003827,20240815,1134,2,3,3,24000.00,5040.00,0.00,29040.00,FULFILLED
1000003828,20240815,1579,2,4,4,24000.00,5040.00,0.00,29040.00,FULFILLED
1000003829,20240815,895,2,3,3,12000.00,2520.00,0.00,14520.00,FULFILLED
1000003830,20240815,442,2,2,2,12000.00,2520.00,0.00,14520.00,FULFILLED
1000003839,20240816,1583,2,1,1,39000.00,8190.00,0.00,47190.00,FULFILLED
1000003840,20240816,1584,2,1,1,24000.00,5040.00,0.00,29040.00,FULFILLED
1000003841,20240816,585,2,2,2,30000.00,6300.00,0.00,36300.00,FULFILLED
1000003843,20240816,749,2,1,1,12000.00,2520.00,0.00,14520.00,FULFILLED
1000003845,20240816,1100,2,1,1,48000.00,10080.00,0.00,58080.00,FULFILLED
1000003847,20240816,865,2,1,1,15000.00,3150.00,0.00,18150.00,FULFILLED
1000003848,20240816,1585,2,3,3,48000.00,10080.00,0.00,58080.00,FULFILLED
1000003850,20240816,308,2,2,2,24000.00,5040.00,0.00,29040.00,FULFILLED
1000003852,20240816,1586,2,1,1,51000.00,10710.00,0.00,61710.00,FULFILLED
1000003853,20240816,907,2,3,3,36000.00,7560.00,0.00,43560.00,FULFILLED
1000003855,20240816,1305,2,2,2,12000.00,2520.00,0.00,14520.00,FULFILLED
1000003859,20240817,1467,2,2,2,96000.00,20160.00,0.00,116160.00,FULFILLED
1000003861,20240817,745,2,1,1,36000.00,7560.00,0.00,43560.00,FULFILLED
1000003862,20240817,407,2,4,4,24000.00,5040.00,0.00,29040.00,FULFILLED
1000003863,20240817,338,2,1,1,12000.00,2520.00,0.00,14520.00,FULFILLED
1000003864,20240817,326,2,4,4,30000.00,6300.00,0.00,36300.00,FULFILLED
1000003865,20240817,1196,2,1,1,12000.00,2520.00,1200.00,15720.00,FULFILLED
1000003866,20240817,1589,2,1,1,15000.00,3150.00,0.00,18150.00,FULFILLED
1000003868,20240817,1113,2,1,1,12000.00,2520.00,0.00,14520.00,FULFILLED
1000003870,20240817,710,2,3,3,24000.00,5040.00,0.00,29040.00,FULFILLED
1000003872,20240817,337,2,3,3,27000.00,5670.00,0.00,32670.00,FULFILLED
1000003873,20240817,1042,2,1,1,10800.00,2268.00,0.00,13068.00,FULFILLED
1000003874,20240817,688,2,2,2,15000.00,3150.00,0.00,18150.00,FULFILLED
1000003875,20240817,1590,2,4,4,24000.00,5040.00,0.00,29040.00,FULFILLED
1000003876,20240817,770,2,1,1,12000.00,2520.00,0.00,14520.00,FULFILLED
1000003877,20240817,1149,2,4,4,24000.00,5040.00,0.00,29040.00,FULFILLED
1000003878,20240817,598,2,4,4,21600.00,4536.00,0.00,26136.00,FULFILLED
1000003880,20240817,1382,2,2,2,12000.00,2520.00,0.00,14520.00,FULFILLED
1000003895,20240819,1594,2,3,3,15000.00,3150.00,0.00,18150.00,FULFILLED
1000003897,20240819,762,2,2,2,15000.00,3150.00,0.00,18150.00,FULFILLED
1000003900,20240819,1596,2,3,3,24000.00,5040.00,0.00,29040.00,FULFILLED
1000003901,20240819,1597,2,4,4,244800.00,51408.00,0.00,296208.00,FULFILLED
1000003906,20240820,1040,2,2,2,60000.00,12600.00,0.00,72600.00,FULFILLED
1000003908,20240820,1235,2,4,4,12000.00,2520.00,0.00,14520.00,FULFILLED
1000003910,20240820,71,2,2,2,48000.00,10080.00,0.00,58080.00,FULFILLED
1000003911,20240820,994,2,1,1,42000.00,8820.00,0.00,50820.00,FULFILLED
1000003912,20240820,1269,2,4,4,12000.00,2520.00,0.00,14520.00,FULFILLED
1000003913,20240820,1281,2,3,3,12000.00,2520.00,1500.00,16020.00,FULFILLED
1000003916,20240820,1600,2,4,4,24000.00,5040.00,0.00,29040.00,FULFILLED
1000003921,20240821,508,2,2,2,24000.00,5040.00,0.00,29040.00,FULFILLED
1000003922,20240821,374,2,1,1,45000.00,9450.00,0.00,54450.00,FULFILLED
1000003925,20240821,1602,2,2,2,24000.00,5040.00,0.00,29040.00,FULFILLED
1000003926,20240821,1603,2,4,4,12000.00,2520.00,0.00,14520.00,FULFILLED
1000003935,20240822,1607,2,3,3,24000.00,5040.00,0.00,29040.00,FULFILLED
1000003937,20240822,1609,2,1,1,51000.00,10710.00,0.00,61710.00,FULFILLED
1000003939,20240822,426,2,1,1,48000.00,10080.00,0.00,58080.00,FULFILLED
1000003942,20240822,1169,2,4,4,36000.00,7560.00,0.00,43560.00,FULFILLED
1000003944,20240822,1322,2,4,4,12000.00,2520.00,0.00,14520.00,FULFILLED
1000003945,20240822,1613,2,1,1,15000.00,3150.00,0.00,18150.00,CANCELLED
1000003949,20240823,1616,2,1,1,39000.00,8190.00,0.00,47190.00,FULFILLED
1000003951,20240823,141,2,1,1,30000.00,6300.00,0.00,36300.00,FULFILLED
1000003952,20240823,1530,2,2,2,45000.00,9450.00,0.00,54450.00,REFUNDED
1000003953,20240823,164,2,1,1,12000.00,2520.00,0.00,14520.00,FULFILLED
1000003956,20240823,1618,2,2,2,51000.00,10710.00,0.00,61710.00,FULFILLED
1000003957,20240823,1619,2,1,1,42000.00,8820.00,0.00,50820.00,FULFILLED
1000003958,20240823,665,2,3,3,12000.00,2520.00,0.00,14520.00,REFUNDED
1000003961,20240823,519,2,3,3,12000.00,2520.00,0.00,14520.00,FULFILLED
1000003962,20240823,801,2,4,4,12000.00,2520.00,0.00,14520.00,FULFILLED
1000003971,20240824,1044,2,3,3,48000.00,10080.00,0.00,58080.00,FULFILLED
1000003972,20240824,538,2,4,4,42000.00,8820.00,0.00,50820.00,FULFILLED
1000003973,20240824,1435,2,4,4,15000.00,3150.00,0.00,18150.00,FULFILLED
1000003974,20240824,891,2,2,2,30000.00,6300.00,0.00,36300.00,FULFILLED
1000003977,20240824,454,2,2,2,27000.00,5670.00,0.00,32670.00,FULFILLED
1000003994,20240826,1627,2,2,2,12000.00,2520.00,0.00,14520.00,FULFILLED
1000003997,20240826,1205,2,3,3,60000.00,12600.00,0.00,72600.00,FULFILLED
1000004005,20240827,196,2,1,1,12000.00,2520.00,0.00,14520.00,FULFILLED
1000004007,20240827,1523,2,2,2,45000.00,9450.00,0.00,54450.00,FULFILLED
1000004015,20240828,1221,2,2,2,12000.00,2520.00,0.00,14520.00,FULFILLED
1000004016,20240828,1458,2,3,3,12000.00,2520.00,0.00,14520.00,FULFILLED
1000004018,20240828,515,2,3,3,12000.00,2520.00,0.00,14520.00,FULFILLED
1000004019,20240828,162,2,3,3,39000.00,8190.00,0.00,47190.00,FULFILLED
1000004020,20240828,1035,2,2,2,10800.00,2268.00,0.00,13068.00,FULFILLED
1000004022,20240828,535,2,4,4,24000.00,5040.00,0.00,29040.00,FULFILLED
1000004023,20240828,1631,2,4,4,48000.00,10080.00,0.00,58080.00,FULFILLED
1000004032,20240829,1146,2,4,4,84000.00,17640.00,0.00,101640.00,REFUNDED
1000004035,20240829,1453,2,2,2,112200.00,23562.00,0.00,135762.00,FULFILLED
1000004036,20240829,1634,2,2,2,10800.00,2268.00,0.00,13068.00,FULFILLED
1000004039,20240829,601,2,4,4,24000.00,5040.00,0.00,29040.00,FULFILLED
1000004040,20240829,1635,2,2,2,12000.00,2520.00,0.00,14520.00,FULFILLED
1000004041,20240829,1636,2,3,3,12000.00,2520.00,1500.00,16020.00,FULFILLED
1000004042,20240829,1377,2,4,4,24000.00,5040.00,0.00,29040.00,FULFILLED
1000004046,20240830,1640,2,4,4,39000.00,8190.00,0.00,47190.00,FULFILLED
1000004048,20240830,1642,2,3,3,12000.00,2520.00,0.00,14520.00,FULFILLED
1000004049,20240830,376,2,4,4,42000.00,8820.00,0.00,50820.00,FULFILLED
1000004050,20240830,219,2,3,3,15000.00,3150.00,0.00,18150.00,FULFILLED
1000004052,20240830,1131,2,3,3,54000.00,11340.00,0.00,65340.00,REFUNDED
1000004053,20240830,327,2,4,4,45000.00,9450.00,0.00,54450.00,FULFILLED
1000004054,20240830,267,2,1,1,78000.00,16380.00,0.00,94380.00,FULFILLED
1000004056,20240830,1139,2,3,3,15000.00,3150.00,0.00,18150.00,FULFILLED
1000004062,20240831,1367,2,4,4,39000.00,8190.00,0.00,47190.00,FULFILLED
1000004064,20240831,462,2,1,1,15000.00,3150.00,1200.00,19350.00,FULFILLED
1000004065,20240831,127,2,2,2,12000.00,2520.00,0.00,14520.00,FULFILLED
1000004066,20240831,1647,2,1,1,24000.00,5040.00,0.00,29040.00,FULFILLED
1000004068,20240831,641,2,3,3,12000.00,2520.00,0.00,14520.00,FULFILLED
1000004069,20240831,138,2,1,1,24000.00,5040.00,0.00,29040.00,FULFILLED
1000004070,20240831,1648,2,4,4,21600.00,4536.00,0.00,26136.00,FULFILLED
1000004071,20240831,1493,2,1,1,24000.00,5040.00,0.00,29040.00,FULFILLED
1000004072,20240831,583,2,4,4,12000.00,2520.00,0.00,14520.00,FULFILLED
1000004073,20240831,651,2,1,1,66000.00,13860.00,0.00,79860.00,FULFILLED
1000004074,20240831,1059,2,3,3,12000.00,2520.00,0.00,14520.00,FULFILLED
1000004075,20240831,1439,2,4,4,72000.00,15120.00,0.00,87120.00,FULFILLED
1000004076,20240831,763,2,2,2,27000.00,5670.00,0.00,32670.00,FULFILLED
1000004077,20240831,753,2,2,2,24000.00,5040.00,1500.00,30540.00,FULFILLED
1000004078,20240831,1540,2,1,1,12000.00,2520.00,0.00,14520.00,FULFILLED
1000004081,20240831,1649,2,4,4,24000.00,5040.00,0.00,29040.00,FULFILLED
1000004083,20240831,1651,2,4,4,24000.00,5040.00,0.00,29040.00,FULFILLED
1000004095,20240902,132,2,2,2,12000.00,2520.00,0.00,14520.00,FULFILLED
1000002051,20240430,906,1,,1,24000.00,5040.00,1200.00,30240.00,FULFILLED
1000002054,20240430,553,1,,3,12000.00,2520.00,1500.00,16020.00,FULFILLED
1000002055,20240430,629,1,,1,15000.00,3150.00,1200.00,19350.00,FULFILLED
1000002056,20240430,706,1,,1,15000.00,3150.00,1200.00,19350.00,FULFILLED
1000002057,20240430,1123,1,,3,69000.00,14490.00,0.00,83490.00,FULFILLED
1000002058,20240430,195,1,,3,12000.00,2520.00,1500.00,16020.00,FULFILLED
1000002059,20240501,1021,1,,1,24000.00,5040.00,1200.00,30240.00,FULFILLED
1000002060,20240501,886,1,,2,42000.00,8820.00,1500.00,52320.00,FULFILLED
1000002061,20240501,626,1,,1,30000.00,6300.00,1200.00,37500.00,FULFILLED
1000002062,20240501,464,1,,1,27000.00,5670.00,1200.00,33870.00,FULFILLED
1000002063,20240501,461,1,,3,15000.00,3150.00,1500.00,19650.00,CANCELLED
1000002064,20240501,552,1,,3,12000.00,2520.00,1500.00,16020.00,CANCELLED
1000002065,20240501,1043,1,,1,12000.00,2520.00,1200.00,15720.00,FULFILLED
1000002066,20240502,935,1,,2,51000.00,10710.00,0.00,61710.00,FULFILLED
1000002067,20240502,1124,1,,1,12000.00,2520.00,1200.00,15720.00,FULFILLED
1000002068,20240502,184,1,,1,60000.00,12600.00,0.00,72600.00,FULFILLED
1000002069,20240502,88,1,,1,39000.00,8190.00,1200.00,48390.00,CANCELLED
1000002073,20240502,420,1,,1,15000.00,3150.00,1200.00,19350.00,FULFILLED
1000002074,20240502,429,1,,4,12000.00,2520.00,1800.00,16320.00,CANCELLED
1000002076,20240502,347,1,,2,11400.00,2394.00,1500.00,15294.00,CANCELLED
1000002077,20240502,964,1,,3,51300.00,10773.00,0.00,62073.00,FULFILLED
1000002079,20240502,14,1,,1,36000.00,7560.00,1200.00,44760.00,FULFILLED
1000002080,20240502,1125,1,,2,12000.00,2520.00,1500.00,16020.00,FULFILLED
1000002081,20240502,630,1,,4,12000.00,2520.00,1800.00,16320.00,FULFILLED
1000002084,20240502,876,1,,2,12000.00,2520.00,1500.00,16020.00,CANCELLED
1000002086,20240502,237,1,,1,12000.00,2520.00,1200.00,15720.00,REFUNDED
1000002087,20240503,1127,1,,1,15000.00,3150.00,1200.00,19350.00,FULFILLED
1000002088,20240503,233,1,,3,12000.00,2520.00,1500.00,16020.00,FULFILLED
1000002090,20240503,1129,1,,4,60000.00,12600.00,0.00,72600.00,CANCELLED
1000002096,20240503,822,1,,3,12000.00,2520.00,1500.00,16020.00,CANCELLED
1000002099,20240504,542,1,,2,12000.00,2520.00,1500.00,16020.00,FULFILLED
1000002100,20240504,1030,1,,1,15000.00,3150.00,1200.00,19350.00,FULFILLED
1000002104,20240504,456,1,,4,36000.00,7560.00,1800.00,45360.00,FULFILLED
1000002106,20240504,956,1,,3,12000.00,2520.00,1500.00,16020.00,FULFILLED
1000002107,20240505,831,1,,4,30000.00,6300.00,1800.00,38100.00,FULFILLED
1000002108,20240505,29,1,,4,15000.00,3150.00,1800.00,19950.00,FULFILLED
1000002109,20240505,768,1,,1,12000.00,2520.00,1200.00,15720.00,FULFILLED
1000002110,20240505,488,1,,2,12000.00,2520.00,1500.00,16020.00,FULFILLED
1000002111,20240505,468,1,,1,30000.00,6300.00,1200.00,37500.00,FULFILLED
1000002112,20240505,1134,1,,3,78000.00,16380.00,0.00,94380.00,FULFILLED
1000002113,20240505,593,1,,4,12000.00,2520.00,1800.00,16320.00,FULFILLED
1000002114,20240505,1084,1,,1,15000.00,3150.00,1200.00,19350.00,FULFILLED
1000002115,20240505,391,1,,2,30000.00,6300.00,1500.00,37800.00,CANCELLED
1000002116,20240506,652,1,,1,15000.00,3150.00,1200.00,19350.00,FULFILLED
1000002117,20240506,1135,1,,1,72000.00,15120.00,0.00,87120.00,FULFILLED
1000002122,20240506,783,1,,1,30000.00,6300.00,1200.00,37500.00,FULFILLED
1000002123,20240506,207,1,,1,15000.00,3150.00,1200.00,19350.00,FULFILLED
1000002124,20240506,94,1,,3,24000.00,5040.00,1500.00,30540.00,FULFILLED
1000002125,20240506,11,1,,4,36000.00,7560.00,1800.00,45360.00,FULFILLED
1000002126,20240506,1136,1,,1,15000.00,3150.00,1200.00,19350.00,CANCELLED
1000002127,20240507,21,1,,1,45000.00,9450.00,0.00,54450.00,FULFILLED
1000002128,20240507,179,1,,3,15000.00,3150.00,1500.00,19650.00,FULFILLED
1000002129,20240507,1057,1,,4,12000.00,2520.00,1800.00,16320.00,FULFILLED
1000002130,20240507,789,1,,3,30000.00,6300.00,1500.00,37800.00,FULFILLED
1000002131,20240507,543,1,,2,27000.00,5670.00,1500.00,34170.00,CANCELLED
1000002132,20240507,999,1,,4,78000.00,16380.00,0.00,94380.00,FULFILLED
1000002133,20240507,480,1,,3,12000.00,2520.00,1500.00,16020.00,FULFILLED
1000002140,20240507,185,1,,1,63000.00,13230.00,0.00,76230.00,FULFILLED
1000002142,20240507,747,1,,1,12000.00,2520.00,1200.00,15720.00,FULFILLED
1000002143,20240507,916,1,,2,24000.00,5040.00,1500.00,30540.00,FULFILLED
1000002144,20240507,1141,1,,2,24000.00,5040.00,1500.00,30540.00,FULFILLED
1000002145,20240507,1142,1,,4,81000.00,17010.00,0.00,98010.00,FULFILLED
1000002146,20240508,1143,1,,4,12000.00,2520.00,1800.00,16320.00,FULFILLED
1000002148,20240508,342,1,,3,24000.00,5040.00,1500.00,30540.00,FULFILLED
1000002150,20240508,1145,1,,1,15000.00,3150.00,1200.00,19350.00,FULFILLED
1000002152,20240508,811,1,,1,12000.00,2520.00,1200.00,15720.00,FULFILLED
1000002155,20240508,398,1,,1,39000.00,8190.00,1200.00,48390.00,FULFILLED
1000002158,20240508,1101,1,,3,42000.00,8820.00,1500.00,52320.00,FULFILLED
1000002159,20240509,1068,1,,1,24000.00,5040.00,1200.00,30240.00,FULFILLED
1000002160,20240509,399,1,,3,12000.00,2520.00,1500.00,16020.00,FULFILLED
1000002161,20240509,1025,1,,3,27000.00,5670.00,1500.00,34170.00,CANCELLED
1000002165,20240509,1006,1,,2,30000.00,6300.00,1500.00,37800.00,FULFILLED
1000002168,20240509,1149,1,,4,15000.00,3150.00,1800.00,19950.00,FULFILLED
1000002169,20240510,438,1,,1,30000.00,6300.00,1200.00,37500.00,CANCELLED
1000002170,20240510,518,1,,2,72000.00,15120.00,0.00,87120.00,FULFILLED
1000002171,20240510,1021,1,,1,27000.00,5670.00,1200.00,33870.00,FULFILLED
1000002174,20240510,984,1,,2,54000.00,11340.00,0.00,65340.00,FULFILLED
1000002177,20240510,1150,1,,1,45000.00,9450.00,0.00,54450.00,FULFILLED
1000002180,20240510,717,1,,2,24000.00,5040.00,1500.00,30540.00,FULFILLED
1000002182,20240510,1152,1,,4,24000.00,5040.00,1800.00,30840.00,FULFILLED
1000002184,20240510,460,1,,1,24000.00,5040.00,1200.00,30240.00,FULFILLED
1000002185,20240510,852,1,,4,12000.00,2520.00,1800.00,16320.00,FULFILLED
1000002186,20240511,578,1,,1,42000.00,8820.00,1200.00,52020.00,FULFILLED
1000002200,20240511,969,1,,2,12000.00,2520.00,1500.00,16020.00,CANCELLED
1000002201,20240511,1078,1,,1,24000.00,5040.00,1200.00,30240.00,FULFILLED
1000002202,20240511,168,1,,1,66000.00,13860.00,0.00,79860.00,FULFILLED
1000002203,20240512,809,1,,2,36000.00,7560.00,1500.00,45060.00,FULFILLED
1000002204,20240512,870,1,,1,24000.00,5040.00,1200.00,30240.00,FULFILLED
1000002205,20240512,1158,1,,1,12000.00,2520.00,1200.00,15720.00,FULFILLED
1000002206,20240512,112,1,,1,12000.00,2520.00,1200.00,15720.00,FULFILLED
1000002207,20240512,96,1,,1,24000.00,5040.00,1200.00,30240.00,FULFILLED
1000002208,20240513,259,1,,2,12000.00,2520.00,0.00,14520.00,FULFILLED
1000002209,20240513,334,1,,1,9600.00,2016.00,0.00,11616.00,FULFILLED
1000002210,20240513,464,1,,1,12000.00,2520.00,0.00,14520.00,CANCELLED
1000002211,20240513,272,1,,3,9600.00,2016.00,0.00,11616.00,FULFILLED
1000002212,20240513,943,1,,1,12000.00,2520.00,0.00,14520.00,FULFILLED
1000002213,20240513,797,1,,1,9600.00,2016.00,0.00,11616.00,REFUNDED
1000002214,20240513,589,1,,3,19200.00,4032.00,0.00,23232.00,FULFILLED
1000002215,20240513,1159,1,,1,28800.00,6048.00,0.00,34848.00,FULFILLED
1000002216,20240513,1160,1,,2,45600.00,9576.00,0.00,55176.00,REFUNDED
1000002217,20240513,1079,1,,3,33600.00,7056.00,0.00,40656.00,FULFILLED
1000002219,20240513,140,1,,1,36000.00,7560.00,0.00,43560.00,FULFILLED
1000002221,20240513,1161,1,,2,19200.00,4032.00,0.00,23232.00,FULFILLED
1000002222,20240513,132,1,,2,31200.00,6552.00,0.00,37752.00,FULFILLED
1000002223,20240513,1162,1,,1,19200.00,4032.00,0.00,23232.00,FULFILLED
1000002224,20240513,339,1,,2,24000.00,5040.00,0.00,29040.00,FULFILLED
1000002225,20240513,316,1,,1,28800.00,6048.00,0.00,34848.00,FULFILLED
1000002226,20240513,532,1,,2,19200.00,4032.00,0.00,23232.00,FULFILLED
1000002227,20240513,869,1,,1,9600.00,2016.00,0.00,11616.00,FULFILLED
1000002229,20240513,269,1,,1,12000.00,2520.00,0.00,14520.00,FULFILLED
1000002230,20240513,770,1,,1,9600.00,2016.00,0.00,11616.00,FULFILLED
1000002231,20240513,215,1,,1,24000.00,5040.00,0.00,29040.00,FULFILLED
1000002233,20240513,156,1,,1,12000.00,2520.00,0.00,14520.00,FULFILLED
1000002234,20240513,611,1,,1,9600.00,2016.00,0.00,11616.00,FULFILLED
1000002235,20240513,103,1,,1,12000.00,2520.00,0.00,14520.00,CANCELLED
1000002236,20240513,703,1,,3,91800.00,19278.00,0.00,111078.00,FULFILLED
1000002237,20240513,941,1,,1,36000.00,7560.00,0.00,43560.00,CANCELLED
1000002238,20240513,932,1,,1,33600.00,7056.00,0.00,40656.00,FULFILLED
1000002239,20240513,396,1,,1,21600.00,4536.00,0.00,26136.00,FULFILLED
1000002240,20240513,1163,1,,2,12000.00,2520.00,0.00,14520.00,FULFILLED
1000002241,20240513,1164,1,,3,12000.00,2520.00,0.00,14520.00,FULFILLED
1000002242,20240513,125,1,,3,12000.00,2520.00,0.00,14520.00,FULFILLED
1000002243,20240513,355,1,,4,21600.00,4536.00,0.00,26136.00,FULFILLED
1000002244,20240513,72,1,,3,45600.00,9576.00,0.00,55176.00,FULFILLED
1000002246,20240513,154,1,,3,9600.00,2016.00,0.00,11616.00,REFUNDED
1000002248,20240513,915,1,,1,9600.00,2016.00,0.00,11616.00,FULFILLED
1000002249,20240513,840,1,,2,19200.00,4032.00,0.00,23232.00,FULFILLED
1000002250,20240513,106,1,,4,24000.00,5040.00,0.00,29040.00,FULFILLED
1000002251,20240513,1166,1,,3,19200.00,4032.00,0.00,23232.00,CANCELLED
1000002252,20240513,835,1,,2,9600.00,2016.00,0.00,11616.00,FULFILLED
1000002253,20240514,923,1,,3,24000.00,5040.00,0.00,29040.00,FULFILLED
1000002254,20240514,26,1,,1,9600.00,2016.00,0.00,11616.00,FULFILLED
1000002255,20240514,18,1,,2,19200.00,4032.00,0.00,23232.00,FULFILLED
1000002256,20240514,653,1,,3,19200.00,4032.00,0.00,23232.00,FULFILLED
1000002257,20240514,1093,1,,2,12000.00,2520.00,0.00,14520.00,FULFILLED
1000002258,20240514,1168,1,,2,9600.00,2016.00,0.00,11616.00,FULFILLED
1000002259,20240514,1091,1,,1,21600.00,4536.00,0.00,26136.00,FULFILLED
1000002260,20240514,684,1,,1,12000.00,2520.00,0.00,14520.00,FULFILLED
1000002261,20240514,642,1,,3,33600.00,7056.00,0.00,40656.00,CANCELLED
1000002262,20240514,240,1,,2,38400.00,8064.00,0.00,46464.00,FULFILLED
1000002264,20240514,1169,1,,4,9600.00,2016.00,0.00,11616.00,FULFILLED
1000002265,20240514,1170,1,,3,12000.00,2520.00,0.00,14520.00,FULFILLED
1000002266,20240514,1171,1,,2,33600.00,7056.00,0.00,40656.00,FULFILLED
1000002267,20240514,443,1,,4,12000.00,2520.00,0.00,14520.00,REFUNDED
1000002268,20240514,1172,1,,4,9600.00,2016.00,0.00,11616.00,FULFILLED
1000002269,20240514,1173,1,,1,19200.00,4032.00,0.00,23232.00,FULFILLED
1000002270,20240514,1174,1,,2,102000.00,21420.00,0.00,123420.00,FULFILLED
1000002275,20240514,763,1,,2,21600.00,4536.00,0.00,26136.00,FULFILLED
1000002276,20240514,65,1,,1,19200.00,4032.00,0.00,23232.00,FULFILLED
1000002277,20240514,806,1,,1,57600.00,12096.00,0.00,69696.00,FULFILLED
1000002278,20240514,526,1,,4,9600.00,2016.00,0.00,11616.00,FULFILLED
1000002280,20240514,47,1,,4,24000.00,5040.00,0.00,29040.00,FULFILLED
1000002281,20240514,813,1,,3,19200.00,4032.00,0.00,23232.00,FULFILLED
1000002282,20240514,1178,1,,2,33600.00,7056.00,0.00,40656.00,FULFILLED
1000002283,20240514,77,1,,1,21600.00,4536.00,0.00,26136.00,FULFILLED
1000002284,20240515,155,1,,4,24000.00,5040.00,0.00,29040.00,FULFILLED
1000002285,20240515,967,1,,1,21600.00,4536.00,0.00,26136.00,FULFILLED
1000002286,20240515,1179,1,,1,12000.00,2520.00,0.00,14520.00,FULFILLED
1000002287,20240515,34,1,,2,12000.00,2520.00,0.00,14520.00,FULFILLED
1000002288,20240515,27,1,,2,9600.00,2016.00,0.00,11616.00,FULFILLED
1000002289,20240515,113,1,,1,21600.00,4536.00,0.00,26136.00,FULFILLED
1000002290,20240515,644,1,,2,12000.00,2520.00,0.00,14520.00,FULFILLED
1000002291,20240515,58,1,,1,31200.00,6552.00,0.00,37752.00,REFUNDED
1000002292,20240515,1180,1,,1,12000.00,2520.00,0.00,14520.00,FULFILLED
1000002294,20240515,76,1,,2,28800.00,6048.00,0.00,34848.00,FULFILLED
1000002295,20240515,48,1,,2,12000.00,2520.00,0.00,14520.00,FULFILLED
1000002296,20240515,1181,1,,1,19200.00,4032.00,0.00,23232.00,FULFILLED
1000002299,20240515,89,1,,3,19200.00,4032.00,0.00,23232.00,REFUNDED
1000002300,20240515,681,1,,1,19200.00,4032.00,0.00,23232.00,FULFILLED
1000002301,20240515,768,1,,1,31200.00,6552.00,0.00,37752.00,FULFILLED
1000002303,20240515,1182,1,,2,9600.00,2016.00,0.00,11616.00,CANCELLED
1000002304,20240515,926,1,,3,19200.00,4032.00,0.00,23232.00,FULFILLED
1000002305,20240515,249,1,,3,21600.00,4536.00,0.00,26136.00,FULFILLED
1000002306,20240515,425,1,,3,12000.00,2520.00,0.00,14520.00,FULFILLED
1000002307,20240515,1184,1,,3,24000.00,5040.00,0.00,29040.00,FULFILLED
1000002310,20240515,144,1,,2,40800.00,8568.00,0.00,49368.00,FULFILLED
1000002311,20240515,1185,1,,4,24000.00,5040.00,0.00,29040.00,FULFILLED
1000002313,20240515,1186,1,,3,9600.00,2016.00,0.00,11616.00,FULFILLED
1000002314,20240515,1051,1,,3,9600.00,2016.00,0.00,11616.00,FULFILLED
1000002315,20240515,447,1,,1,12000.00,2520.00,0.00,14520.00,FULFILLED
1000002316,20240515,1187,1,,1,9600.00,2016.00,0.00,11616.00,FULFILLED
1000002317,20240515,1188,1,,1,153000.00,32130.00,0.00,185130.00,FULFILLED
1000002318,20240515,538,1,,4,19200.00,4032.00,0.00,23232.00,FULFILLED
1000002319,20240515,509,1,,3,12000.00,2520.00,0.00,14520.00,FULFILLED
1000002320,20240515,1189,1,,4,12000.00,2520.00,0.00,14520.00,FULFILLED
1000002321,20240515,563,1,,1,21600.00,4536.00,0.00,26136.00,FULFILLED
1000002322,20240516,942,1,,1,12000.00,2520.00,1200.00,15720.00,FULFILLED
1000002323,20240516,1191,1,,2,27000.00,5670.00,1500.00,34170.00,FULFILLED
1000002328,20240516,9,1,,4,15000.00,3150.00,1800.00,19950.00,FULFILLED
1000002329,20240516,191,1,,4,60000.00,12600.00,0.00,72600.00,FULFILLED
1000002331,20240516,366,1,,1,12000.00,2520.00,1200.00,15720.00,FULFILLED
1000002335,20240517,1048,1,,4,45000.00,9450.00,0.00,54450.00,FULFILLED
1000002336,20240517,837,1,,1,12000.00,2520.00,1200.00,15720.00,FULFILLED
1000002338,20240517,333,1,,3,15000.00,3150.00,1500.00,19650.00,REFUNDED
1000002339,20240517,1194,1,,3,22800.00,4788.00,1500.00,29088.00,FULFILLED
1000002340,20240517,574,1,,4,30000.00,6300.00,1800.00,38100.00,FULFILLED
1000002343,20240517,909,1,,2,12000.00,2520.00,1500.00,16020.00,REFUNDED
1000002344,20240517,938,1,,3,81000.00,17010.00,0.00,98010.00,FULFILLED
1000002347,20240517,147,1,,1,48000.00,10080.00,0.00,58080.00,FULFILLED
1000002348,20240517,344,1,,2,36000.00,7560.00,1500.00,45060.00,FULFILLED
1000002350,20240517,64,1,,4,24000.00,5040.00,1800.00,30840.00,FULFILLED
1000002353,20240517,791,1,,1,12000.00,2520.00,1200.00,15720.00,FULFILLED
1000002354,20240517,448,1,,4,11400.00,2394.00,1800.00,15594.00,FULFILLED
1000002355,20240518,169,1,,1,27000.00,5670.00,1200.00,33870.00,FULFILLED
1000002356,20240518,692,1,,3,24000.00,5040.00,1500.00,30540.00,FULFILLED
1000002357,20240518,934,1,,1,12000.00,2520.00,1200.00,15720.00,FULFILLED
1000002358,20240518,726,1,,2,12000.00,2520.00,1500.00,16020.00,FULFILLED
1000002366,20240518,470,1,,3,63000.00,13230.00,0.00,76230.00,FULFILLED
1000002367,20240518,45,1,,2,48000.00,10080.00,0.00,58080.00,FULFILLED
1000002368,20240518,1007,1,,1,36000.00,7560.00,1200.00,44760.00,CANCELLED
1000002371,20240519,1200,1,,2,14250.00,2992.50,1500.00,18742.50,FULFILLED
1000002372,20240519,507,1,,3,30000.00,6300.00,1500.00,37800.00,FULFILLED
1000002373,20240519,159,1,,3,54000.00,11340.00,0.00,65340.00,FULFILLED
1000002374,20240519,993,1,,3,12000.00,2520.00,1500.00,16020.00,CANCELLED
1000002375,20240519,948,1,,3,12000.00,2520.00,1500.00,16020.00,FULFILLED
1000002376,20240519,1202,1,,2,27000.00,5670.00,1500.00,34170.00,FULFILLED
1000002377,20240519,427,1,,3,24000.00,5040.00,1500.00,30540.00,FULFILLED
1000002378,20240519,1124,1,,1,60000.00,12600.00,0.00,72600.00,FULFILLED
1000002379,20240519,787,1,,1,30000.00,6300.00,1200.00,37500.00,FULFILLED
1000002380,20240519,971,1,,1,39000.00,8190.00,1200.00,48390.00,FULFILLED
1000002381,20240519,1203,1,,1,15000.00,3150.00,1200.00,19350.00,FULFILLED
1000002382,20240519,914,1,,3,12000.00,2520.00,1500.00,16020.00,FULFILLED
1000002383,20240519,974,1,,1,48000.00,10080.00,0.00,58080.00,FULFILLED
1000002384,20240519,166,1,,3,12000.00,2520.00,1500.00,16020.00,FULFILLED
1000002385,20240520,486,1,,2,45000.00,9450.00,0.00,54450.00,FULFILLED
1000002386,20240520,480,1,,3,24000.00,5040.00,1500.00,30540.00,FULFILLED
1000002388,20240520,1204,1,,3,12000.00,2520.00,1500.00,16020.00,FULFILLED
1000002390,20240520,894,1,,1,54000.00,11340.00,0.00,65340.00,FULFILLED
1000002391,20240520,675,1,,1,24000.00,5040.00,1200.00,30240.00,FULFILLED
1000002393,20240520,1019,1,,2,30000.00,6300.00,1500.00,37800.00,FULFILLED
1000002395,20240520,457,1,,4,74100.00,15561.00,0.00,89661.00,FULFILLED
1000002398,20240520,1043,1,,1,45000.00,9450.00,0.00,54450.00,CANCELLED
1000002399,20240520,790,1,,2,27000.00,5670.00,1500.00,34170.00,FULFILLED
1000002400,20240520,998,1,,1,12000.00,2520.00,1200.00,15720.00,FULFILLED
1000002401,20240520,1129,1,,4,27000.00,5670.00,1800.00,34470.00,FULFILLED
1000002402,20240520,1058,1,,3,51000.00,10710.00,0.00,61710.00,FULFILLED
1000002403,20240521,880,1,,2,24000.00,5040.00,1500.00,30540.00,FULFILLED
1000002404,20240521,893,1,,4,15000.00,3150.00,1800.00,19950.00,FULFILLED
1000002405,20240521,294,1,,3,30000.00,6300.00,1500.00,37800.00,FULFILLED
1000002406,20240521,1206,1,,1,15000.00,3150.00,1200.00,19350.00,FULFILLED
1000002407,20240521,1047,1,,3,15000.00,3150.00,1500.00,19650.00,FULFILLED
1000002412,20240521,436,1,,4,57000.00,11970.00,0.00,68970.00,FULFILLED
1000002414,20240522,1060,1,,2,15000.00,3150.00,1500.00,19650.00,FULFILLED
1000002419,20240522,1211,1,,3,12000.00,2520.00,1500.00,16020.00,FULFILLED
1000002420,20240522,711,1,,3,51000.00,10710.00,0.00,61710.00,FULFILLED
1000002423,20240522,108,1,,3,30000.00,6300.00,1500.00,37800.00,FULFILLED
1000002424,20240522,541,1,,3,24000.00,5040.00,1500.00,30540.00,FULFILLED
1000002425,20240522,834,1,,3,69000.00,14490.00,0.00,83490.00,FULFILLED
1000002427,20240522,469,1,,3,12000.00,2520.00,1500.00,16020.00,FULFILLED
1000002429,20240522,704,1,,1,45000.00,9450.00,0.00,54450.00,FULFILLED
1000002431,20240522,1105,1,,2,12000.00,2520.00,1500.00,16020.00,FULFILLED
1000002432,20240522,793,1,,2,15000.00,3150.00,1500.00,19650.00,FULFILLED
1000002433,20240523,1212,1,,3,57000.00,11970.00,0.00,68970.00,CANCELLED
1000002434,20240523,1213,1,,2,12000.00,2520.00,1500.00,16020.00,REFUNDED
1000002435,20240523,1214,1,,1,12000.00,2520.00,1200.00,15720.00,FULFILLED
1000002436,20240523,1038,1,,3,48000.00,10080.00,0.00,58080.00,FULFILLED
1000002437,20240523,59,1,,1,24000.00,5040.00,1200.00,30240.00,FULFILLED
1000002439,20240523,15,1,,2,15000.00,3150.00,1500.00,19650.00,FULFILLED
1000002441,20240523,1216,1,,1,15000.00,3150.00,1200.00,19350.00,FULFILLED
1000002445,20240523,718,1,,1,15000.00,3150.00,1200.00,19350.00,FULFILLED
1000002446,20240523,794,1,,1,24000.00,5040.00,1200.00,30240.00,FULFILLED
1000002448,20240523,1218,1,,2,15000.00,3150.00,1500.00,19650.00,FULFILLED
1000002449,20240524,487,1,,2,12000.00,2520.00,1500.00,16020.00,FULFILLED
1000002453,20240524,69,1,,4,30000.00,6300.00,1800.00,38100.00,REFUNDED
1000002454,20240524,423,1,,2,27000.00,5670.00,1500.00,34170.00,FULFILLED
1000002455,20240524,812,1,,2,27000.00,5670.00,1500.00,34170.00,FULFILLED
1000002459,20240524,404,1,,1,42000.00,8820.00,1200.00,52020.00,FULFILLED
1000002463,20240524,703,1,,3,36000.00,7560.00,1500.00,45060.00,FULFILLED
1000002464,20240524,622,1,,2,24000.00,5040.00,1500.00,30540.00,FULFILLED
1000002465,20240524,1223,1,,1,24000.00,5040.00,1200.00,30240.00,REFUNDED
1000002466,20240524,120,1,,4,24000.00,5040.00,1800.00,30840.00,FULFILLED
1000002467,20240524,1224,1,,1,12000.00,2520.00,1200.00,15720.00,FULFILLED
1000002468,20240524,854,1,,3,45000.00,9450.00,0.00,54450.00,FULFILLED
1000002469,20240525,595,1,,3,51000.00,10710.00,0.00,61710.00,FULFILLED
1000002470,20240525,490,1,,1,24000.00,5040.00,1200.00,30240.00,FULFILLED
1000002471,20240525,789,1,,3,12000.00,2520.00,1500.00,16020.00,FULFILLED
1000002472,20240525,226,1,,1,15000.00,3150.00,1200.00,19350.00,FULFILLED
1000002474,20240525,612,1,,3,12000.00,2520.00,1500.00,16020.00,REFUNDED
1000002475,20240525,1225,1,,4,12000.00,2520.00,1800.00,16320.00,FULFILLED
1000002476,20240525,163,1,,2,24000.00,5040.00,1500.00,30540.00,FULFILLED
1000002483,20240525,1016,1,,1,14250.00,2992.50,1200.00,18442.50,FULFILLED
1000002486,20240526,556,1,,4,30000.00,6300.00,1800.00,38100.00,FULFILLED
1000002487,20240526,632,1,,1,24000.00,5040.00,1200.00,30240.00,FULFILLED
1000002488,20240526,173,1,,1,30000.00,6300.00,1200.00,37500.00,CANCELLED
1000002489,20240526,878,1,,3,24000.00,5040.00,1500.00,30540.00,FULFILLED
1000002490,20240526,1228,1,,1,12000.00,2520.00,1200.00,15720.00,FULFILLED
1000002491,20240526,1229,1,,1,15000.00,3150.00,1200.00,19350.00,FULFILLED
1000002492,20240526,375,1,,3,30000.00,6300.00,1500.00,37800.00,FULFILLED
1000002493,20240526,80,1,,2,12000.00,2520.00,1500.00,16020.00,FULFILLED
1000002494,20240526,77,1,,1,39000.00,8190.00,1200.00,48390.00,FULFILLED
1000002495,20240526,150,1,,3,84000.00,17640.00,0.00,101640.00,FULFILLED
1000002496,20240526,651,1,,1,78000.00,16380.00,0.00,94380.00,FULFILLED
1000002497,20240527,484,1,,1,12000.00,2520.00,1200.00,15720.00,FULFILLED
1000002499,20240527,1232,1,,1,27000.00,5670.00,1200.00,33870.00,FULFILLED
1000002501,20240527,823,1,,1,48000.00,10080.00,0.00,58080.00,FULFILLED
1000002503,20240527,1234,1,,3,24000.00,5040.00,1500.00,30540.00,FULFILLED
1000002513,20240527,521,1,,4,15000.00,3150.00,1800.00,19950.00,CANCELLED
1000002516,20240527,1237,1,,1,15000.00,3150.00,1200.00,19350.00,CANCELLED
1000002517,20240527,1238,1,,1,12000.00,2520.00,1200.00,15720.00,FULFILLED
1000002518,20240527,915,1,,1,15000.00,3150.00,1200.00,19350.00,FULFILLED
1000002519,20240527,288,1,,3,15000.00,3150.00,1500.00,19650.00,FULFILLED
1000002520,20240528,1020,1,,3,21600.00,4536.00,1500.00,27636.00,FULFILLED
1000002521,20240528,155,1,,4,13500.00,2835.00,1800.00,18135.00,FULFILLED
1000002522,20240528,1239,1,,1,48000.00,10080.00,0.00,58080.00,FULFILLED
1000002524,20240528,253,1,,4,27000.00,5670.00,1800.00,34470.00,FULFILLED
1000002526,20240528,1240,1,,1,42000.00,8820.00,1200.00,52020.00,FULFILLED
1000002527,20240528,75,1,,1,21600.00,4536.00,1200.00,27336.00,FULFILLED
1000002528,20240528,1039,1,,3,15000.00,3150.00,1500.00,19650.00,REFUNDED
1000002529,20240529,752,1,,1,63000.00,13230.00,0.00,76230.00,FULFILLED
1000002530,20240529,579,1,,1,12000.00,2520.00,1200.00,15720.00,CANCELLED
1000002531,20240529,167,1,,1,24000.00,5040.00,1200.00,30240.00,FULFILLED
1000002534,20240529,1119,1,,3,12000.00,2520.00,1500.00,16020.00,FULFILLED
1000002537,20240529,1165,1,,1,12000.00,2520.00,1200.00,15720.00,FULFILLED
1000002540,20240529,952,1,,1,27000.00,5670.00,1200.00,33870.00,FULFILLED
1000002546,20240529,1242,1,,2,12000.00,2520.00,1500.00,16020.00,FULFILLED
1000002549,20240529,797,1,,1,69000.00,14490.00,0.00,83490.00,FULFILLED
1000002550,20240529,708,1,,1,48000.00,10080.00,0.00,58080.00,FULFILLED
1000002551,20240529,716,1,,1,15000.00,3150.00,1200.00,19350.00,FULFILLED
1000002552,20240530,1244,1,,1,30000.00,6300.00,1200.00,37500.00,FULFILLED
1000002553,20240530,1026,1,,3,42000.00,8820.00,1500.00,52320.00,FULFILLED
1000002558,20240530,1247,1,,1,12000.00,2520.00,1200.00,15720.00,FULFILLED
1000002560,20240530,1248,1,,3,15000.00,3150.00,1500.00,19650.00,FULFILLED
1000002562,20240530,1249,1,,1,22800.00,4788.00,1200.00,28788.00,FULFILLED
1000002563,20240530,355,1,,4,45000.00,9450.00,0.00,54450.00,FULFILLED
1000002564,20240530,670,1,,1,12000.00,2520.00,1200.00,15720.00,FULFILLED
1000002565,20240531,995,1,,3,15000.00,3150.00,1500.00,19650.00,FULFILLED
1000002566,20240531,1002,1,,3,12000.00,2520.00,1500.00,16020.00,FULFILLED
1000002568,20240531,1175,1,,1,12000.00,2520.00,1200.00,15720.00,FULFILLED
1000002570,20240531,847,1,,2,24000.00,5040.00,1500.00,30540.00,FULFILLED
1000002572,20240531,186,1,,1,36000.00,7560.00,1200.00,44760.00,FULFILLED
1000002574,20240531,963,1,,2,69000.00,14490.00,0.00,83490.00,FULFILLED
1000002576,20240531,466,1,,1,36000.00,7560.00,1200.00,44760.00,FULFILLED
1000002578,20240531,543,1,,2,14250.00,2992.50,1500.00,18742.50,FULFILLED
1000002579,20240601,1252,1,,1,15000.00,3150.00,1200.00,19350.00,FULFILLED
1000002580,20240601,443,1,,4,11400.00,2394.00,1800.00,15594.00,CANCELLED
1000002590,20240601,1254,1,,2,51000.00,10710.00,0.00,61710.00,FULFILLED
1000002595,20240601,861,1,,1,30000.00,6300.00,1200.00,37500.00,FULFILLED
1000002596,20240602,970,1,,4,30000.00,6300.00,1800.00,38100.00,FULFILLED
1000002597,20240602,480,1,,3,54000.00,11340.00,0.00,65340.00,FULFILLED
1000002598,20240602,943,1,,1,30000.00,6300.00,1200.00,37500.00,FULFILLED
1000002599,20240602,1256,1,,1,39900.00,8379.00,1200.00,49479.00,FULFILLED
1000002600,20240602,1158,1,,1,48000.00,10080.00,0.00,58080.00,FULFILLED
1000002601,20240602,128,1,,3,15000.00,3150.00,1500.00,19650.00,FULFILLED
1000002602,20240602,1087,1,,4,12000.00,2520.00,1800.00,16320.00,FULFILLED
1000002603,20240602,287,1,,1,15000.00,3150.00,1200.00,19350.00,FULFILLED
1000002604,20240602,1257,1,,2,15000.00,3150.00,1500.00,19650.00,FULFILLED
1000002605,20240603,531,1,,4,12000.00,2520.00,1800.00,16320.00,FULFILLED
1000002606,20240603,883,1,,2,15000.00,3150.00,1500.00,19650.00,FULFILLED
1000002607,20240603,1258,1,,1,12000.00,2520.00,1200.00,15720.00,FULFILLED
1000002608,20240603,1093,1,,2,15000.00,3150.00,1500.00,19650.00,FULFILLED
1000002613,20240603,1260,1,,2,15000.00,3150.00,1500.00,19650.00,FULFILLED
1000002614,20240603,1259,1,,2,12000.00,2520.00,1500.00,16020.00,FULFILLED
1000002617,20240603,1,1,,1,11400.00,2394.00,1200.00,14994.00,FULFILLED
1000002622,20240603,938,1,,3,12000.00,2520.00,1500.00,16020.00,FULFILLED
1000002623,20240603,63,1,,1,12000.00,2520.00,1200.00,15720.00,FULFILLED
1000002624,20240603,11,1,,4,30000.00,6300.00,1800.00,38100.00,FULFILLED
1000002625,20240603,965,1,,1,39000.00,8190.00,1200.00,48390.00,FULFILLED
1000002626,20240604,1145,1,,1,12000.00,2520.00,1200.00,15720.00,FULFILLED
1000002627,20240604,342,1,,3,191250.00,40162.50,0.00,231412.50,CANCELLED
1000002628,20240604,669,1,,2,45000.00,9450.00,0.00,54450.00,FULFILLED
1000002629,20240604,1265,1,,1,28500.00,5985.00,1200.00,35685.00,FULFILLED
1000002630,20240604,1266,1,,3,15000.00,3150.00,1500.00,19650.00,FULFILLED
1000002632,20240604,354,1,,3,15000.00,3150.00,1500.00,19650.00,FULFILLED
1000002634,20240604,556,1,,4,12000.00,2520.00,1800.00,16320.00,FULFILLED
1000002636,20240604,884,1,,3,12000.00,2520.00,1500.00,16020.00,FULFILLED
1000002637,20240604,425,1,,3,45000.00,9450.00,0.00,54450.00,FULFILLED
1000002639,20240604,1267,1,,3,27000.00,5670.00,1500.00,34170.00,FULFILLED
1000002642,20240604,787,1,,1,30000.00,6300.00,1200.00,37500.00,FULFILLED
1000002643,20240604,1270,1,,3,28500.00,5985.00,1500.00,35985.00,FULFILLED
1000002644,20240605,497,1,,1,24000.00,5040.00,1200.00,30240.00,FULFILLED
1000002645,20240605,1271,1,,3,15000.00,3150.00,1500.00,19650.00,FULFILLED
1000002650,20240605,333,1,,3,36000.00,7560.00,1500.00,45060.00,FULFILLED
1000002653,20240605,1273,1,,2,12000.00,2520.00,1500.00,16020.00,FULFILLED
1000002654,20240605,636,1,,4,24000.00,5040.00,1800.00,30840.00,FULFILLED
1000002655,20240605,768,1,,1,15000.00,3150.00,1200.00,19350.00,CANCELLED
1000002656,20240605,1274,1,,3,14250.00,2992.50,1500.00,18742.50,FULFILLED
1000002659,20240605,1194,1,,3,14250.00,2992.50,1500.00,18742.50,FULFILLED
1000002660,20240606,313,1,,2,27000.00,5670.00,1500.00,34170.00,REFUNDED
1000002661,20240606,1135,1,,1,57000.00,11970.00,0.00,68970.00,FULFILLED
1000002664,20240606,1275,1,,4,30000.00,6300.00,1800.00,38100.00,FULFILLED
1000002667,20240606,1187,1,,1,30000.00,6300.00,1200.00,37500.00,FULFILLED
1000002668,20240606,783,1,,1,27000.00,5670.00,1200.00,33870.00,FULFILLED
1000002670,20240606,567,1,,1,15000.00,3150.00,1200.00,19350.00,FULFILLED
1000002671,20240606,509,1,,3,27000.00,5670.00,1500.00,34170.00,FULFILLED
1000002672,20240606,956,1,,3,30000.00,6300.00,1500.00,37800.00,FULFILLED
1000002673,20240606,809,1,,2,15000.00,3150.00,1500.00,19650.00,FULFILLED
1000002675,20240606,1054,1,,1,30000.00,6300.00,1200.00,37500.00,FULFILLED
1000002676,20240606,263,1,,3,36000.00,7560.00,1500.00,45060.00,FULFILLED
1000002677,20240606,179,1,,3,30000.00,6300.00,1500.00,37800.00,FULFILLED
1000002679,20240606,1174,1,,2,60000.00,12600.00,0.00,72600.00,FULFILLED
1000002682,20240606,922,1,,2,69000.00,14490.00,0.00,83490.00,FULFILLED
1000002683,20240606,152,1,,3,12000.00,2520.00,1500.00,16020.00,FULFILLED
1000002684,20240606,1278,1,,4,15000.00,3150.00,1800.00,19950.00,FULFILLED
1000002685,20240607,32,1,,3,24000.00,5040.00,1500.00,30540.00,FULFILLED
1000002686,20240607,417,1,,4,15000.00,3150.00,1800.00,19950.00,FULFILLED
1000002690,20240607,1279,1,,2,30000.00,6300.00,1500.00,37800.00,FULFILLED
1000002693,20240607,1223,1,,1,15000.00,3150.00,1200.00,19350.00,FULFILLED
1000002695,20240607,44,1,,2,15000.00,3150.00,1500.00,19650.00,CANCELLED
1000002699,20240607,1058,1,,3,42750.00,8977.50,1500.00,53227.50,FULFILLED
1000002700,20240607,886,1,,2,15000.00,3150.00,1500.00,19650.00,FULFILLED
1000002702,20240607,1284,1,,1,48000.00,10080.00,0.00,58080.00,FULFILLED
1000002703,20240607,1144,1,,4,12000.00,2520.00,1800.00,16320.00,FULFILLED
1000002704,20240607,49,1,,3,15000.00,3150.00,1500.00,19650.00,FULFILLED
1000002705,20240607,1285,1,,3,24000.00,5040.00,1500.00,30540.00,FULFILLED
1000002706,20240607,473,1,,1,12000.00,2520.00,1200.00,15720.00,FULFILLED
1000002707,20240607,1286,1,,1,45000.00,9450.00,0.00,54450.00,FULFILLED
1000002708,20240607,1287,1,,1,30000.00,6300.00,1200.00,37500.00,FULFILLED
1000002709,20240607,1017,1,,3,30000.00,6300.00,1500.00,37800.00,FULFILLED
1000002710,20240608,1046,1,,1,24000.00,5040.00,1200.00,30240.00,FULFILLED
1000002720,20240608,1293,1,,1,290700.00,61047.00,0.00,351747.00,FULFILLED
1000002722,20240608,176,1,,1,15000.00,3150.00,1200.00,19350.00,FULFILLED
1000002733,20240608,1297,1,,2,39000.00,8190.00,1500.00,48690.00,FULFILLED
1000002734,20240608,618,1,,4,15000.00,3150.00,1800.00,19950.00,FULFILLED
1000002738,20240608,1136,1,,1,15000.00,3150.00,1200.00,19350.00,FULFILLED
1000002739,20240608,788,1,,4,12000.00,2520.00,1800.00,16320.00,CANCELLED
1000002740,20240608,1100,1,,1,63000.00,13230.00,0.00,76230.00,FULFILLED
1000002741,20240608,1300,1,,4,27000.00,5670.00,1800.00,34470.00,FULFILLED
1000002742,20240609,42,1,,1,12000.00,2520.00,1200.00,15720.00,FULFILLED
1000002743,20240609,1172,1,,4,27000.00,5670.00,1800.00,34470.00,CANCELLED
1000002744,20240609,409,1,,4,30000.00,6300.00,1800.00,38100.00,FULFILLED
1000002745,20240609,324,1,,3,45000.00,9450.00,0.00,54450.00,FULFILLED
1000002746,20240609,993,1,,3,12000.00,2520.00,1500.00,16020.00,FULFILLED
1000002747,20240609,1214,1,,1,60000.00,12600.00,0.00,72600.00,FULFILLED
1000002748,20240609,142,1,,1,15000.00,3150.00,1200.00,19350.00,FULFILLED
1000002749,20240609,1301,1,,4,14250.00,2992.50,1800.00,19042.50,FULFILLED
1000002750,20240609,995,1,,3,24000.00,5040.00,1500.00,30540.00,FULFILLED
1000002751,20240609,639,1,,1,30000.00,6300.00,1200.00,37500.00,FULFILLED
1000002752,20240609,507,1,,3,45000.00,9450.00,0.00,54450.00,REFUNDED
1000002753,20240610,593,1,,1,15000.00,3150.00,1200.00,19350.00,FULFILLED
1000002754,20240610,969,1,,2,15000.00,3150.00,1500.00,19650.00,FULFILLED
1000002755,20240610,827,1,,4,24000.00,5040.00,1800.00,30840.00,FULFILLED
1000002756,20240610,948,1,,3,12000.00,2520.00,1500.00,16020.00,CANCELLED
1000002758,20240610,84,1,,1,48000.00,10080.00,0.00,58080.00,FULFILLED
1000002762,20240610,913,1,,3,11400.00,2394.00,1500.00,15294.00,CANCELLED
1000002763,20240610,336,1,,4,45000.00,9450.00,0.00,54450.00,FULFILLED
1000002764,20240610,1302,1,,3,15000.00,3150.00,1500.00,19650.00,FULFILLED
1000002766,20240610,399,1,,3,42000.00,8820.00,1500.00,52320.00,CANCELLED
1000002767,20240610,793,1,,2,24000.00,5040.00,1500.00,30540.00,FULFILLED
1000002768,20240610,1304,1,,2,60000.00,12600.00,0.00,72600.00,FULFILLED
1000002769,20240611,366,1,,1,71400.00,14994.00,0.00,86394.00,FULFILLED
1000002770,20240611,930,1,,1,54000.00,11340.00,0.00,65340.00,FULFILLED
1000002771,20240611,1305,1,,2,12000.00,2520.00,1500.00,16020.00,FULFILLED
1000002772,20240611,950,1,,3,12000.00,2520.00,1500.00,16020.00,FULFILLED
1000002773,20240611,106,1,,4,15000.00,3150.00,1800.00,19950.00,FULFILLED
1000002774,20240611,1057,1,,4,12000.00,2520.00,1800.00,16320.00,FULFILLED
1000002776,20240611,25,1,,1,27000.00,5670.00,1200.00,33870.00,FULFILLED
1000002777,20240611,377,1,,4,24000.00,5040.00,1800.00,30840.00,FULFILLED
1000002782,20240611,733,1,,1,10800.00,2268.00,1200.00,14268.00,FULFILLED
1000002783,20240611,268,1,,4,30000.00,6300.00,1800.00,38100.00,REFUNDED
1000002789,20240611,1306,1,,1,10800.00,2268.00,1200.00,14268.00,FULFILLED
1000002795,20240611,1001,1,,3,37800.00,7938.00,1500.00,47238.00,FULFILLED
1000002796,20240611,697,1,,3,48000.00,10080.00,0.00,58080.00,FULFILLED
1000002797,20240612,11,1,,4,15000.00,3150.00,1800.00,19950.00,FULFILLED
1000002798,20240612,997,1,,3,24000.00,5040.00,1500.00,30540.00,FULFILLED
1000002799,20240612,1225,1,,4,24000.00,5040.00,1800.00,30840.00,CANCELLED
1000002800,20240612,1120,1,,1,15000.00,3150.00,1200.00,19350.00,FULFILLED
1000002802,20240612,1309,1,,1,42000.00,8820.00,1200.00,52020.00,FULFILLED
1000002806,20240612,1018,1,,2,12000.00,2520.00,1500.00,16020.00,FULFILLED
1000002812,20240612,1112,1,,1,30000.00,6300.00,1200.00,37500.00,FULFILLED
1000002814,20240612,1060,1,,2,36000.00,7560.00,1500.00,45060.00,FULFILLED
1000002817,20240612,242,1,,3,36000.00,7560.00,1500.00,45060.00,FULFILLED
1000002819,20240612,1313,1,,2,24000.00,5040.00,1500.00,30540.00,FULFILLED
1000002820,20240612,1104,1,,1,24000.00,5040.00,1200.00,30240.00,FULFILLED
1000002821,20240612,832,1,,3,54000.00,11340.00,0.00,65340.00,FULFILLED
1000002822,20240612,1314,1,,2,42000.00,8820.00,1500.00,52320.00,FULFILLED
1000002823,20240612,68,1,,1,15000.00,3150.00,1200.00,19350.00,FULFILLED
1000002824,20240612,47,1,,1,15000.00,3150.00,1200.00,19350.00,CANCELLED
1000002825,20240612,468,1,,1,12000.00,2520.00,1200.00,15720.00,FULFILLED
1000002826,20240612,192,1,,3,15000.00,3150.00,1500.00,19650.00,FULFILLED
1000002827,20240612,1315,1,,2,15000.00,3150.00,1500.00,19650.00,FULFILLED
1000002828,20240613,681,1,,1,15000.00,3150.00,1200.00,19350.00,FULFILLED
1000002829,20240613,1317,1,,1,15000.00,3150.00,1200.00,19350.00,FULFILLED
1000002830,20240613,339,1,,2,45000.00,9450.00,0.00,54450.00,FULFILLED
1000002833,20240613,1319,1,,2,51000.00,10710.00,0.00,61710.00,CANCELLED
1000002834,20240613,254,1,,2,15000.00,3150.00,1500.00,19650.00,FULFILLED
1000002835,20240613,1320,1,,2,24000.00,5040.00,1500.00,30540.00,FULFILLED
1000002838,20240613,46,1,,3,39000.00,8190.00,1500.00,48690.00,FULFILLED
1000002841,20240613,1194,1,,3,51000.00,10710.00,0.00,61710.00,FULFILLED
1000002844,20240613,270,1,,1,30000.00,6300.00,1200.00,37500.00,FULFILLED
1000002846,20240613,789,1,,3,27000.00,5670.00,1500.00,34170.00,FULFILLED
1000002847,20240613,476,1,,1,72000.00,15120.00,0.00,87120.00,FULFILLED
1000002851,20240613,61,1,,1,12000.00,2520.00,1200.00,15720.00,FULFILLED
1000002852,20240613,110,1,,4,12000.00,2520.00,1800.00,16320.00,FULFILLED
1000002853,20240613,652,1,,1,27000.00,5670.00,1200.00,33870.00,FULFILLED
1000002854,20240613,1323,1,,1,15000.00,3150.00,1200.00,19350.00,FULFILLED
1000002855,20240614,479,1,,1,30000.00,6300.00,1200.00,37500.00,FULFILLED
1000002856,20240614,1166,1,,3,28500.00,5985.00,1500.00,35985.00,FULFILLED
1000002858,20240614,420,1,,1,45000.00,9450.00,0.00,54450.00,FULFILLED
1000002870,20240614,429,1,,4,45000.00,9450.00,0.00,54450.00,FULFILLED
1000002873,20240614,104,1,,2,24000.00,5040.00,1500.00,30540.00,FULFILLED
1000002874,20240614,563,1,,1,15000.00,3150.00,1200.00,19350.00,FULFILLED
1000002876,20240614,1328,1,,2,27000.00,5670.00,1500.00,34170.00,FULFILLED
1000002877,20240614,642,1,,3,15000.00,3150.00,1500.00,19650.00,FULFILLED
1000002878,20240614,299,1,,3,12000.00,2520.00,1500.00,16020.00,FULFILLED
1000002879,20240614,1329,1,,1,15000.00,3150.00,1200.00,19350.00,FULFILLED
1000002880,20240615,851,1,,4,45000.00,9450.00,0.00,54450.00,FULFILLED
1000002881,20240615,1330,1,,3,30000.00,6300.00,1500.00,37800.00,FULFILLED
1000002882,20240615,1331,1,,2,24000.00,5040.00,1500.00,30540.00,FULFILLED
1000002883,20240615,756,1,,2,48000.00,10080.00,0.00,58080.00,FULFILLED
1000002886,20240615,344,1,,2,39000.00,8190.00,1500.00,48690.00,FULFILLED
1000002887,20240615,630,1,,4,15000.00,3150.00,1800.00,19950.00,FULFILLED
1000002899,20240615,1334,1,,4,12000.00,2520.00,1800.00,16320.00,CANCELLED
1000002909,20240615,45,1,,2,15000.00,3150.00,1500.00,19650.00,FULFILLED
1000002910,20240615,542,1,,2,27000.00,5670.00,1500.00,34170.00,FULFILLED
1000002911,20240615,1336,1,,3,36000.00,7560.00,1500.00,45060.00,FULFILLED
1000002912,20240616,122,1,,2,15000.00,3150.00,1500.00,19650.00,FULFILLED
1000002913,20240616,1337,1,,1,15000.00,3150.00,1200.00,19350.00,FULFILLED
1000002914,20240616,65,1,,1,30000.00,6300.00,1200.00,37500.00,REFUNDED
1000002915,20240616,1339,1,,2,45000.00,9450.00,0.00,54450.00,FULFILLED
1000002916,20240616,1338,1,,3,15000.00,3150.00,1500.00,19650.00,FULFILLED
1000002917,20240616,1143,1,,4,12000.00,2520.00,1800.00,16320.00,FULFILLED
1000002918,20240616,505,1,,1,15000.00,3150.00,1200.00,19350.00,FULFILLED
1000002919,20240616,790,1,,1,45000.00,9450.00,0.00,54450.00,FULFILLED
1000002920,20240616,1340,1,,1,60000.00,12600.00,0.00,72600.00,FULFILLED
1000002921,20240616,889,1,,1,15000.00,3150.00,1200.00,19350.00,FULFILLED
1000002922,20240616,152,1,,3,48000.00,10080.00,0.00,58080.00,FULFILLED
1000002923,20240616,869,1,,1,24000.00,5040.00,1200.00,30240.00,FULFILLED
1000002924,20240616,70,1,,1,30000.00,6300.00,1200.00,37500.00,FULFILLED
1000002925,20240617,143,1,,2,12000.00,2520.00,1500.00,16020.00,FULFILLED
1000002926,20240617,978,1,,2,12000.00,2520.00,1500.00,16020.00,FULFILLED
1000002927,20240617,1141,1,,2,30000.00,6300.00,1500.00,37800.00,FULFILLED
1000002928,20240617,1342,1,,1,42000.00,8820.00,1200.00,52020.00,FULFILLED
1000002929,20240617,942,1,,1,30000.00,6300.00,1200.00,37500.00,FULFILLED
1000002930,20240617,1108,1,,2,30000.00,6300.00,1500.00,37800.00,FULFILLED
1000002931,20240617,214,1,,1,12000.00,2520.00,1200.00,15720.00,FULFILLED
1000002932,20240617,1275,1,,4,12000.00,2520.00,1800.00,16320.00,FULFILLED
1000002934,20240617,69,1,,4,42000.00,8820.00,1800.00,52620.00,FULFILLED
1000002936,20240617,1345,1,,1,12000.00,2520.00,1200.00,15720.00,FULFILLED
1000002937,20240617,644,1,,2,27000.00,5670.00,1500.00,34170.00,FULFILLED
1000002938,20240617,157,1,,1,45000.00,9450.00,0.00,54450.00,FULFILLED
1000002939,20240617,663,1,,1,15000.00,3150.00,1200.00,19350.00,FULFILLED
1000002940,20240617,1346,1,,4,54000.00,11340.00,0.00,65340.00,FULFILLED
1000002941,20240617,1096,1,,1,36000.00,7560.00,1200.00,44760.00,FULFILLED
1000002943,20240617,1053,1,,1,36000.00,7560.00,1200.00,44760.00,FULFILLED
1000002944,20240617,982,1,,3,48000.00,10080.00,0.00,58080.00,FULFILLED
1000002945,20240617,934,1,,1,27000.00,5670.00,1200.00,33870.00,FULFILLED
1000002946,20240617,1118,1,,1,15000.00,3150.00,1200.00,19350.00,FULFILLED
1000002947,20240618,416,1,,2,27000.00,5670.00,1500.00,34170.00,FULFILLED
1000002948,20240618,826,1,,3,39000.00,8190.00,1500.00,48690.00,FULFILLED
1000002949,20240618,284,1,,3,15000.00,3150.00,1500.00,19650.00,FULFILLED
1000002950,20240618,1347,1,,2,24000.00,5040.00,1500.00,30540.00,FULFILLED
1000002951,20240618,405,1,,4,30000.00,6300.00,1800.00,38100.00,FULFILLED
1000002952,20240618,44,1,,2,15000.00,3150.00,1500.00,19650.00,FULFILLED
1000002953,20240618,1348,1,,4,12000.00,2520.00,1800.00,16320.00,FULFILLED
1000002954,20240618,1349,1,,1,45000.00,9450.00,0.00,54450.00,FULFILLED
1000002955,20240618,1350,1,,3,72000.00,15120.00,0.00,87120.00,FULFILLED
1000002956,20240618,226,1,,1,72000.00,15120.00,0.00,87120.00,REFUNDED
1000002958,20240618,775,1,,2,15000.00,3150.00,1500.00,19650.00,FULFILLED
1000002960,20240618,1351,1,,2,36000.00,7560.00,1500.00,45060.00,FULFILLED
1000002961,20240618,909,1,,2,15000.00,3150.00,1500.00,19650.00,CANCELLED
1000002963,20240618,1352,1,,2,45000.00,9450.00,0.00,54450.00,FULFILLED
1000002964,20240618,666,1,,1,72000.00,15120.00,0.00,87120.00,FULFILLED
1000002965,20240618,1163,1,,2,69000.00,14490.00,0.00,83490.00,FULFILLED
1000002966,20240619,871,1,,4,15000.00,3150.00,1800.00,19950.00,FULFILLED
1000002967,20240619,715,1,,2,24000.00,5040.00,1500.00,30540.00,FULFILLED
1000002968,20240619,39,1,,2,108000.00,22680.00,0.00,130680.00,FULFILLED
1000002969,20240619,647,1,,3,42000.00,8820.00,1500.00,52320.00,FULFILLED
1000002970,20240619,578,1,,1,12000.00,2520.00,1200.00,15720.00,FULFILLED
1000002975,20240619,861,1,,1,15000.00,3150.00,1200.00,19350.00,FULFILLED
1000002978,20240619,480,1,,3,27000.00,5670.00,1500.00,34170.00,FULFILLED
1000002980,20240619,159,1,,3,45000.00,9450.00,0.00,54450.00,CANCELLED
1000002981,20240619,447,1,,1,14250.00,2992.50,1200.00,18442.50,FULFILLED
1000002982,20240620,1223,1,,1,27000.00,5670.00,1200.00,33870.00,FULFILLED
1000002983,20240620,496,1,,1,30000.00,6300.00,1200.00,37500.00,FULFILLED
1000002984,20240620,300,1,,3,12000.00,2520.00,1500.00,16020.00,FULFILLED
1000002985,20240620,1358,1,,1,27000.00,5670.00,1200.00,33870.00,FULFILLED
1000002986,20240620,165,1,,2,24000.00,5040.00,1500.00,30540.00,FULFILLED
1000002991,20240620,1359,1,,4,12000.00,2520.00,1800.00,16320.00,FULFILLED
1000002994,20240620,1145,1,,1,60000.00,12600.00,0.00,72600.00,FULFILLED
1000002996,20240620,1360,1,,1,45000.00,9450.00,0.00,54450.00,FULFILLED
1000002998,20240620,1187,1,,1,24000.00,5040.00,1200.00,30240.00,FULFILLED
1000002999,20240620,120,1,,4,15000.00,3150.00,1800.00,19950.00,FULFILLED
1000003000,20240621,1361,1,,1,30000.00,6300.00,1200.00,37500.00,FULFILLED
1000003007,20240621,280,1,,2,12000.00,2520.00,1500.00,16020.00,FULFILLED
1000003008,20240621,1026,1,,3,48000.00,10080.00,0.00,58080.00,REFUNDED
1000003012,20240621,1162,1,,1,12000.00,2520.00,1200.00,15720.00,FULFILLED
1000003015,20240621,658,1,,1,12000.00,2520.00,1200.00,15720.00,CANCELLED
1000003016,20240621,1211,1,,3,51000.00,10710.00,0.00,61710.00,FULFILLED
1000003017,20240621,1000,1,,1,24000.00,5040.00,1200.00,30240.00,FULFILLED
1000003018,20240621,761,1,,1,36000.00,7560.00,1200.00,44760.00,CANCELLED
1000003019,20240621,30,1,,1,51000.00,10710.00,0.00,61710.00,FULFILLED
1000003020,20240621,1102,1,,1,15000.00,3150.00,1200.00,19350.00,FULFILLED
1000003021,20240622,632,1,,1,15000.00,3150.00,1200.00,19350.00,FULFILLED
1000003022,20240622,64,1,,4,15000.00,3150.00,1800.00,19950.00,FULFILLED
1000003026,20240622,706,1,,1,15000.00,3150.00,1200.00,19350.00,FULFILLED
1000003028,20240622,1365,1,,3,12000.00,2520.00,1500.00,16020.00,FULFILLED
1000003032,20240622,968,1,,3,12000.00,2520.00,1500.00,16020.00,FULFILLED
1000003033,20240622,1029,1,,1,36000.00,7560.00,1200.00,44760.00,FULFILLED
1000003034,20240622,513,1,,2,12000.00,2520.00,1500.00,16020.00,FULFILLED
1000003035,20240623,154,1,,3,15000.00,3150.00,1500.00,19650.00,FULFILLED
1000003036,20240623,923,1,,3,45000.00,9450.00,0.00,54450.00,FULFILLED
1000003037,20240623,1368,1,,1,30000.00,6300.00,1200.00,37500.00,FULFILLED
1000003038,20240623,719,1,,1,54000.00,11340.00,0.00,65340.00,FULFILLED
1000003039,20240623,964,1,,3,42000.00,8820.00,1500.00,52320.00,FULFILLED
1000003040,20240623,269,1,,1,15000.00,3150.00,1200.00,19350.00,FULFILLED
1000003041,20240623,1369,1,,2,27000.00,5670.00,1500.00,34170.00,FULFILLED
1000003042,20240623,1370,1,,3,36000.00,7560.00,1500.00,45060.00,FULFILLED
1000003043,20240623,980,1,,1,57000.00,11970.00,0.00,68970.00,FULFILLED
1000003044,20240623,651,1,,1,15000.00,3150.00,1200.00,19350.00,FULFILLED
1000003045,20240623,784,1,,4,12000.00,2520.00,1800.00,16320.00,FULFILLED
1000003046,20240624,216,1,,2,15000.00,3150.00,1500.00,19650.00,FULFILLED
1000003047,20240624,185,1,,1,45000.00,9450.00,0.00,54450.00,FULFILLED
1000003048,20240624,1002,1,,3,42000.00,8820.00,1500.00,52320.00,FULFILLED
1000003049,20240624,1371,1,,3,39000.00,8190.00,1500.00,48690.00,FULFILLED
1000003050,20240624,834,1,,3,42000.00,8820.00,1500.00,52320.00,FULFILLED
1000003052,20240624,68,1,,1,15000.00,3150.00,1200.00,19350.00,FULFILLED
1000003053,20240624,828,1,,4,15000.00,3150.00,1800.00,19950.00,CANCELLED
1000003056,20240624,960,1,,1,12000.00,2520.00,1200.00,15720.00,FULFILLED
1000003058,20240624,1373,1,,1,15000.00,3150.00,1200.00,19350.00,FULFILLED
1000003062,20240624,1043,1,,1,12000.00,2520.00,1200.00,15720.00,FULFILLED
1000003063,20240624,168,1,,1,66000.00,13860.00,0.00,79860.00,FULFILLED
1000003064,20240625,1375,1,,1,40500.00,8505.00,1200.00,50205.00,FULFILLED
1000003065,20240625,1180,1,,1,42000.00,8820.00,1200.00,52020.00,FULFILLED
1000003073,20240625,633,1,,3,36000.00,7560.00,1500.00,45060.00,FULFILLED
1000003076,20240625,621,1,,3,12000.00,2520.00,1500.00,16020.00,FULFILLED
1000003077,20240625,344,1,,2,24300.00,5103.00,1500.00,30903.00,FULFILLED
1000003081,20240625,1319,1,,2,37050.00,7780.50,1500.00,46330.50,FULFILLED
1000003082,20240625,766,1,,1,56700.00,11907.00,0.00,68607.00,FULFILLED
1000003083,20240625,1174,1,,2,30000.00,6300.00,1500.00,37800.00,FULFILLED
1000003084,20240625,1378,1,,3,37800.00,7938.00,1500.00,47238.00,REFUNDED
1000003085,20240625,562,1,,1,12000.00,2520.00,1200.00,15720.00,FULFILLED
1000003086,20240625,1379,1,,2,12000.00,2520.00,1500.00,16020.00,FULFILLED
1000003087,20240626,1380,1,,1,27000.00,5670.00,1200.00,33870.00,FULFILLED
1000003088,20240626,83,1,,4,15000.00,3150.00,1800.00,19950.00,FULFILLED
1000003094,20240626,139,1,,2,12000.00,2520.00,1500.00,16020.00,FULFILLED
1000003100,20240626,438,1,,1,48000.00,10080.00,0.00,58080.00,FULFILLED
1000003101,20240626,182,1,,3,12000.00,2520.00,1500.00,16020.00,FULFILLED
1000003104,20240626,149,1,,2,12000.00,2520.00,1500.00,16020.00,CANCELLED
1000003105,20240626,53,1,,4,24000.00,5040.00,1800.00,30840.00,FULFILLED
1000003106,20240626,1383,1,,1,93000.00,19530.00,0.00,112530.00,FULFILLED
1000003107,20240626,1240,1,,1,48000.00,10080.00,0.00,58080.00,FULFILLED
1000003108,20240627,553,1,,3,24000.00,5040.00,1500.00,30540.00,FULFILLED
1000003109,20240627,618,1,,4,15000.00,3150.00,1800.00,19950.00,FULFILLED
1000003110,20240627,1384,1,,1,12000.00,2520.00,1200.00,15720.00,FULFILLED
1000003112,20240627,9,1,,4,27000.00,5670.00,1800.00,34470.00,FULFILLED
1000003113,20240627,313,1,,2,12000.00,2520.00,1500.00,16020.00,FULFILLED
1000003114,20240627,1334,1,,4,36000.00,7560.00,1800.00,45360.00,FULFILLED
1000003118,20240627,1386,1,,3,27000.00,5670.00,1500.00,34170.00,FULFILLED
1000003119,20240627,813,1,,3,42000.00,8820.00,1500.00,52320.00,FULFILLED
1000003120,20240627,577,1,,2,28500.00,5985.00,1500.00,35985.00,FULFILLED
1000003121,20240627,739,1,,2,60000.00,12600.00,0.00,72600.00,CANCELLED
1000003122,20240627,1387,1,,3,36000.00,7560.00,1500.00,45060.00,REFUNDED
1000003123,20240627,1236,1,,1,30000.00,6300.00,1200.00,37500.00,FULFILLED
1000003124,20240627,844,1,,1,15000.00,3150.00,1200.00,19350.00,CANCELLED
1000003125,20240628,582,1,,2,12000.00,2520.00,1500.00,16020.00,FULFILLED
1000003126,20240628,6,1,,4,45000.00,9450.00,0.00,54450.00,FULFILLED
1000003127,20240628,1388,1,,1,12000.00,2520.00,1200.00,15720.00,FULFILLED
1000003132,20240628,1068,1,,1,45000.00,9450.00,0.00,54450.00,FULFILLED
1000003133,20240628,946,1,,1,24000.00,5040.00,1200.00,30240.00,CANCELLED
1000003134,20240628,1070,1,,3,15000.00,3150.00,1500.00,19650.00,FULFILLED
1000003138,20240628,1390,1,,4,14250.00,2992.50,1800.00,19042.50,FULFILLED
1000003139,20240628,1389,1,,1,57000.00,11970.00,0.00,68970.00,FULFILLED
1000003141,20240628,411,1,,1,27000.00,5670.00,1200.00,33870.00,FULFILLED
1000003142,20240628,1045,1,,1,15000.00,3150.00,1200.00,19350.00,FULFILLED
1000003144,20240628,16,1,,3,48000.00,10080.00,0.00,58080.00,REFUNDED
1000003145,20240628,789,1,,3,24000.00,5040.00,1500.00,30540.00,CANCELLED
1000003148,20240629,1391,1,,1,57000.00,11970.00,0.00,68970.00,FULFILLED
1000003150,20240629,899,1,,2,12000.00,2520.00,1500.00,16020.00,FULFILLED
1000003151,20240629,1175,1,,1,24000.00,5040.00,1200.00,30240.00,FULFILLED
1000003154,20240629,1302,1,,3,12000.00,2520.00,1500.00,16020.00,FULFILLED
1000003156,20240629,1393,1,,4,15000.00,3150.00,1800.00,19950.00,FULFILLED
1000003163,20240629,1396,1,,4,12000.00,2520.00,1800.00,16320.00,FULFILLED
1000003167,20240629,733,1,,1,24000.00,5040.00,1200.00,30240.00,FULFILLED
1000003168,20240629,831,1,,4,45000.00,9450.00,0.00,54450.00,FULFILLED
1000003169,20240630,20,1,,1,69000.00,14490.00,0.00,83490.00,FULFILLED
1000003170,20240630,1027,1,,1,12000.00,2520.00,1200.00,15720.00,FULFILLED
1000003171,20240630,1397,1,,2,36000.00,7560.00,1500.00,45060.00,FULFILLED
1000003172,20240630,1398,1,,4,15000.00,3150.00,1800.00,19950.00,FULFILLED
1000003173,20240630,425,1,,3,12000.00,2520.00,1500.00,16020.00,FULFILLED
1000003174,20240630,586,1,,1,42000.00,8820.00,1200.00,52020.00,FULFILLED
1000003175,20240701,1273,1,,2,15000.00,3150.00,1500.00,19650.00,FULFILLED
1000003176,20240701,1399,1,,1,14250.00,2992.50,1200.00,18442.50,FULFILLED
1000003177,20240701,810,1,,3,39000.00,8190.00,1500.00,48690.00,CANCELLED
1000003178,20240701,1078,1,,1,12000.00,2520.00,1200.00,15720.00,FULFILLED
1000003180,20240701,381,1,,1,12000.00,2520.00,1200.00,15720.00,FULFILLED
1000003181,20240701,484,1,,1,12000.00,2520.00,1200.00,15720.00,FULFILLED
1000003185,20240701,1244,1,,1,27000.00,5670.00,1200.00,33870.00,FULFILLED
1000003186,20240701,846,1,,1,39900.00,8379.00,1200.00,49479.00,FULFILLED
1000003187,20240701,854,1,,3,12000.00,2520.00,1500.00,16020.00,FULFILLED
1000003188,20240701,996,1,,2,12000.00,2520.00,1500.00,16020.00,REFUNDED
1000003189,20240702,1402,1,,1,12000.00,2520.00,1200.00,15720.00,FULFILLED
1000003190,20240702,356,1,,1,45000.00,9450.00,0.00,54450.00,FULFILLED
1000003191,20240702,118,1,,2,24000.00,5040.00,1500.00,30540.00,CANCELLED
1000003197,20240702,567,1,,1,24000.00,5040.00,1200.00,30240.00,FULFILLED
1000003198,20240702,11,1,,4,30000.00,6300.00,1800.00,38100.00,FULFILLED
1000003199,20240702,1113,1,,1,15000.00,3150.00,1200.00,19350.00,REFUNDED
1000003200,20240702,1170,1,,3,12000.00,2520.00,1500.00,16020.00,FULFILLED
1000003201,20240702,1300,1,,4,12000.00,2520.00,1800.00,16320.00,FULFILLED
1000003202,20240703,333,1,,3,36000.00,7560.00,1500.00,45060.00,FULFILLED
1000003203,20240703,851,1,,2,15000.00,3150.00,1500.00,19650.00,FULFILLED
1000003207,20240703,1143,1,,4,63000.00,13230.00,0.00,76230.00,FULFILLED
1000003210,20240703,394,1,,4,72000.00,15120.00,0.00,87120.00,FULFILLED
1000003212,20240703,46,1,,3,12000.00,2520.00,1500.00,16020.00,REFUNDED
1000003214,20240703,1407,1,,3,27000.00,5670.00,1500.00,34170.00,FULFILLED
1000003217,20240703,1408,1,,2,112200.00,23562.00,0.00,135762.00,FULFILLED
1000003218,20240703,1258,1,,1,42000.00,8820.00,1200.00,52020.00,FULFILLED
1000003219,20240703,255,1,,1,27000.00,5670.00,1200.00,33870.00,REFUNDED
1000003220,20240704,1409,1,,3,24000.00,5040.00,1500.00,30540.00,FULFILLED
1000003228,20240704,1411,1,,4,15000.00,3150.00,1800.00,19950.00,FULFILLED
1000003229,20240704,943,1,,1,36000.00,7560.00,1200.00,44760.00,FULFILLED
1000003230,20240704,1271,1,,3,15000.00,3150.00,1500.00,19650.00,FULFILLED
1000003232,20240704,1412,1,,1,24000.00,5040.00,1200.00,30240.00,FULFILLED
1000003233,20240704,1414,1,,1,24000.00,5040.00,1200.00,30240.00,FULFILLED
1000003234,20240704,1415,1,,1,45000.00,9450.00,0.00,54450.00,FULFILLED
1000003235,20240704,1416,1,,3,24000.00,5040.00,1500.00,30540.00,FULFILLED
1000003236,20240704,548,1,,3,51000.00,10710.00,0.00,61710.00,FULFILLED
1000003238,20240705,190,1,,1,60000.00,12600.00,0.00,72600.00,FULFILLED
1000003239,20240705,259,1,,2,12000.00,2520.00,1500.00,16020.00,FULFILLED
1000003244,20240705,1187,1,,1,39000.00,8190.00,1200.00,48390.00,FULFILLED
1000003246,20240705,1417,1,,2,15000.00,3150.00,1500.00,19650.00,FULFILLED
1000003248,20240705,348,1,,3,15000.00,3150.00,1500.00,19650.00,CANCELLED
1000003249,20240705,159,1,,3,14250.00,2992.50,1500.00,18742.50,FULFILLED
1000003253,20240705,355,1,,4,15000.00,3150.00,1800.00,19950.00,FULFILLED
1000003254,20240705,1418,1,,1,36000.00,7560.00,1200.00,44760.00,FULFILLED
1000003259,20240705,1359,1,,4,12000.00,2520.00,1800.00,16320.00,FULFILLED
1000003260,20240705,763,1,,2,12000.00,2520.00,1500.00,16020.00,REFUNDED
1000003261,20240706,938,1,,3,27000.00,5670.00,1500.00,34170.00,FULFILLED
1000003268,20240706,1420,1,,1,12000.00,2520.00,1200.00,15720.00,FULFILLED
1000003273,20240706,502,1,,2,30000.00,6300.00,1500.00,37800.00,FULFILLED
1000003274,20240706,666,1,,1,69000.00,14490.00,0.00,83490.00,FULFILLED
1000003275,20240706,1422,1,,1,12000.00,2520.00,1200.00,15720.00,FULFILLED
1000003276,20240707,1096,1,,1,12000.00,2520.00,1200.00,15720.00,FULFILLED
1000003277,20240707,1423,1,,1,27000.00,5670.00,1200.00,33870.00,FULFILLED
1000003278,20240707,552,1,,3,12000.00,2520.00,1500.00,16020.00,FULFILLED
1000003279,20240707,1424,1,,1,81000.00,17010.00,0.00,98010.00,FULFILLED
1000003280,20240707,1003,1,,3,48000.00,10080.00,0.00,58080.00,FULFILLED
1000003281,20240707,1239,1,,1,15000.00,3150.00,1200.00,19350.00,FULFILLED
1000003282,20240708,1425,1,,1,72000.00,15120.00,0.00,87120.00,FULFILLED
1000003283,20240708,967,1,,1,45000.00,9450.00,0.00,54450.00,FULFILLED
1000003284,20240708,1426,1,,1,60000.00,12600.00,0.00,72600.00,FULFILLED
1000003287,20240708,1428,1,,3,24000.00,5040.00,1500.00,30540.00,FULFILLED
1000003289,20240708,1371,1,,3,12000.00,2520.00,1500.00,16020.00,FULFILLED
1000003290,20240708,140,1,,1,12000.00,2520.00,1200.00,15720.00,FULFILLED
1000003291,20240708,1429,1,,2,12000.00,2520.00,1500.00,16020.00,REFUNDED
1000003292,20240709,221,1,,1,24000.00,5040.00,1200.00,30240.00,FULFILLED
1000003293,20240709,888,1,,3,12000.00,2520.00,1500.00,16020.00,REFUNDED
1000003294,20240709,1018,1,,2,24300.00,5103.00,1500.00,30903.00,CANCELLED
1000003295,20240709,602,1,,4,24000.00,5040.00,1800.00,30840.00,FULFILLED
1000003297,20240709,189,1,,3,10800.00,2268.00,1500.00,14568.00,FULFILLED
1000003299,20240709,1431,1,,2,42000.00,8820.00,1500.00,52320.00,FULFILLED
1000003301,20240709,1432,1,,4,48000.00,10080.00,0.00,58080.00,FULFILLED
1000003302,20240709,878,1,,3,15000.00,3150.00,1500.00,19650.00,FULFILLED
1000003304,20240709,1433,1,,3,27000.00,5670.00,1500.00,34170.00,FULFILLED
1000003305,20240709,792,1,,2,12000.00,2520.00,1500.00,16020.00,CANCELLED
1000003306,20240709,1434,1,,1,12000.00,2520.00,1200.00,15720.00,FULFILLED
1000003309,20240710,49,1,,3,15000.00,3150.00,1500.00,19650.00,FULFILLED
1000003310,20240710,227,1,,3,11400.00,2394.00,1500.00,15294.00,CANCELLED
1000003311,20240710,624,1,,1,27000.00,5670.00,1200.00,33870.00,FULFILLED
1000003314,20240710,1118,1,,1,24000.00,5040.00,1200.00,30240.00,FULFILLED
1000003315,20240710,1436,1,,4,45000.00,9450.00,0.00,54450.00,FULFILLED
1000003316,20240710,176,1,,1,30000.00,6300.00,1200.00,37500.00,FULFILLED
1000003317,20240710,1348,1,,4,24000.00,5040.00,1800.00,30840.00,FULFILLED
1000003318,20240710,1437,1,,3,12000.00,2520.00,1500.00,16020.00,REFUNDED
1000003319,20240711,1064,1,,2,12000.00,2520.00,1500.00,16020.00,FULFILLED
1000003322,20240711,572,1,,3,24000.00,5040.00,1500.00,30540.00,FULFILLED
1000003328,20240711,595,1,,3,30000.00,6300.00,1500.00,37800.00,FULFILLED
1000003329,20240712,1440,1,,3,24000.00,5040.00,1500.00,30540.00,FULFILLED
1000003330,20240712,951,1,,1,12000.00,2520.00,1200.00,15720.00,FULFILLED
1000003331,20240712,768,1,,1,48000.00,10080.00,0.00,58080.00,FULFILLED
1000003333,20240712,1267,1,,3,12000.00,2520.00,1500.00,16020.00,FULFILLED
1000003334,20240712,1020,1,,3,36000.00,7560.00,1500.00,45060.00,FULFILLED
1000003339,20240712,1247,1,,1,36000.00,7560.00,1200.00,44760.00,FULFILLED
1000003340,20240712,1163,1,,2,12000.00,2520.00,1500.00,16020.00,CANCELLED
1000003342,20240712,167,1,,1,12000.00,2520.00,1200.00,15720.00,REFUNDED
1000003347,20240713,377,1,,4,12000.00,2520.00,1800.00,16320.00,FULFILLED
1000003356,20240713,717,1,,2,12000.00,2520.00,1500.00,16020.00,FULFILLED
1000003358,20240713,629,1,,1,72000.00,15120.00,0.00,87120.00,FULFILLED
1000003360,20240713,100,1,,3,22800.00,4788.00,1500.00,29088.00,REFUNDED
1000003361,20240713,174,1,,2,24000.00,5040.00,1500.00,30540.00,FULFILLED
1000003362,20240714,846,1,,1,24000.00,5040.00,1200.00,30240.00,CANCELLED
1000003363,20240714,1444,1,,3,191250.00,40162.50,0.00,231412.50,FULFILLED
1000003364,20240714,1446,1,,1,12000.00,2520.00,1200.00,15720.00,FULFILLED
1000003365,20240714,284,1,,3,12000.00,2520.00,1500.00,16020.00,FULFILLED
1000003366,20240714,1448,1,,3,39000.00,8190.00,1500.00,48690.00,FULFILLED
1000003367,20240714,55,1,,1,24000.00,5040.00,1200.00,30240.00,FULFILLED
1000003368,20240714,1449,1,,1,45000.00,9450.00,0.00,54450.00,FULFILLED
1000003369,20240714,941,1,,1,45000.00,9450.00,0.00,54450.00,FULFILLED
1000003370,20240714,790,1,,1,45000.00,9450.00,0.00,54450.00,FULFILLED
1000003371,20240714,1071,1,,1,60000.00,12600.00,0.00,72600.00,FULFILLED
1000003372,20240714,1450,1,,3,39000.00,8190.00,1500.00,48690.00,FULFILLED
1000003373,20240714,1320,1,,2,24000.00,5040.00,1500.00,30540.00,FULFILLED
1000003374,20240715,1451,1,,4,15000.00,3150.00,1800.00,19950.00,FULFILLED
1000003376,20240715,1452,1,,1,27000.00,5670.00,1200.00,33870.00,FULFILLED
1000003377,20240715,484,1,,1,24000.00,5040.00,1200.00,30240.00,FULFILLED
1000003382,20240715,1454,1,,1,12000.00,2520.00,1200.00,15720.00,FULFILLED
1000003383,20240715,1455,1,,3,84000.00,17640.00,0.00,101640.00,FULFILLED
1000003384,20240716,147,1,,1,12000.00,2520.00,1200.00,15720.00,FULFILLED
1000003385,20240716,1016,1,,1,15000.00,3150.00,1200.00,19350.00,FULFILLED
1000003386,20240716,1039,1,,3,24000.00,5040.00,1500.00,30540.00,FULFILLED
1000003387,20240716,586,1,,1,36000.00,7560.00,1200.00,44760.00,FULFILLED
1000003390,20240716,764,1,,1,12000.00,2520.00,1200.00,15720.00,FULFILLED
1000003392,20240716,44,1,,2,27000.00,5670.00,1500.00,34170.00,CANCELLED
1000003393,20240716,783,1,,1,27000.00,5670.00,1200.00,33870.00,FULFILLED
1000003395,20240716,547,1,,1,15000.00,3150.00,1200.00,19350.00,FULFILLED
1000003396,20240716,622,1,,2,12000.00,2520.00,1500.00,16020.00,CANCELLED
1000003397,20240717,1134,1,,3,34200.00,7182.00,1500.00,42882.00,FULFILLED
1000003398,20240717,630,1,,4,12000.00,2520.00,1800.00,16320.00,CANCELLED
1000003399,20240717,880,1,,2,12000.00,2520.00,1500.00,16020.00,FULFILLED
1000003404,20240717,835,1,,2,12000.00,2520.00,1500.00,16020.00,FULFILLED
1000003406,20240717,115,1,,1,15000.00,3150.00,1200.00,19350.00,FULFILLED
1000003409,20240717,918,1,,1,15000.00,3150.00,1200.00,19350.00,FULFILLED
1000003410,20240717,995,1,,3,72000.00,15120.00,0.00,87120.00,REFUNDED
1000003411,20240717,1225,1,,4,54000.00,11340.00,0.00,65340.00,FULFILLED
1000003412,20240717,894,1,,1,27000.00,5670.00,1200.00,33870.00,FULFILLED
1000003413,20240718,1149,1,,4,12000.00,2520.00,1800.00,16320.00,FULFILLED
1000003414,20240718,1309,1,,1,11400.00,2394.00,1200.00,14994.00,FULFILLED
1000003418,20240718,733,1,,1,39000.00,8190.00,1200.00,48390.00,FULFILLED
1000003419,20240718,124,1,,1,27000.00,5670.00,1200.00,33870.00,FULFILLED
1000003423,20240718,1360,1,,1,12000.00,2520.00,1200.00,15720.00,FULFILLED
1000003424,20240718,1223,1,,1,24000.00,5040.00,1200.00,30240.00,FULFILLED
1000003429,20240719,1463,1,,1,24000.00,5040.00,1200.00,30240.00,FULFILLED
1000003431,20240719,1464,1,,4,15000.00,3150.00,1800.00,19950.00,FULFILLED
1000003432,20240719,1465,1,,3,15000.00,3150.00,1500.00,19650.00,FULFILLED
1000003433,20240719,531,1,,4,30000.00,6300.00,1800.00,38100.00,FULFILLED
1000003434,20240719,1006,1,,2,24000.00,5040.00,1500.00,30540.00,FULFILLED
1000003448,20240720,1469,1,,3,12000.00,2520.00,1500.00,16020.00,FULFILLED
1000003449,20240720,1471,1,,2,27000.00,5670.00,1500.00,34170.00,FULFILLED
1000003453,20240721,192,1,,3,12000.00,2520.00,1500.00,16020.00,FULFILLED
1000003454,20240721,1158,1,,1,24000.00,5040.00,1200.00,30240.00,FULFILLED
1000003455,20240721,812,1,,2,12000.00,2520.00,1500.00,16020.00,FULFILLED
1000003456,20240721,615,1,,2,11400.00,2394.00,1500.00,15294.00,FULFILLED
1000003457,20240721,1473,1,,1,24000.00,5040.00,1200.00,30240.00,FULFILLED
1000003458,20240721,1474,1,,1,15000.00,3150.00,1200.00,19350.00,FULFILLED
1000003459,20240721,543,1,,2,12000.00,2520.00,1500.00,16020.00,CANCELLED
1000003460,20240721,635,1,,1,12000.00,2520.00,1200.00,15720.00,FULFILLED
1000003461,20240722,1475,1,,2,12000.00,2520.00,1500.00,16020.00,CANCELLED
1000003462,20240722,589,1,,3,51000.00,10710.00,0.00,61710.00,FULFILLED
1000003463,20240722,1476,1,,4,214200.00,44982.00,0.00,259182.00,FULFILLED
1000003468,20240722,77,1,,1,12000.00,2520.00,1200.00,15720.00,FULFILLED
1000003469,20240722,83,1,,4,24000.00,5040.00,1800.00,30840.00,FULFILLED
1000003470,20240723,221,1,,1,45000.00,9450.00,0.00,54450.00,FULFILLED
1000003471,20240723,1479,1,,1,15000.00,3150.00,1200.00,19350.00,FULFILLED
1000003473,20240723,565,1,,3,15000.00,3150.00,1500.00,19650.00,FULFILLED
1000003475,20240723,1482,1,,2,12000.00,2520.00,1500.00,16020.00,FULFILLED
1000003477,20240723,1483,1,,3,24000.00,5040.00,1500.00,30540.00,FULFILLED
1000003478,20240723,375,1,,3,11400.00,2394.00,1500.00,15294.00,FULFILLED
1000003480,20240723,1334,1,,4,10800.00,2268.00,1800.00,14868.00,REFUNDED
1000003481,20240723,802,1,,4,45000.00,9450.00,0.00,54450.00,CANCELLED
1000003482,20240724,116,1,,1,12000.00,2520.00,1200.00,15720.00,FULFILLED
1000003483,20240724,816,1,,1,27000.00,5670.00,1200.00,33870.00,FULFILLED
1000003484,20240724,335,1,,4,84000.00,17640.00,0.00,101640.00,FULFILLED
1000003488,20240724,982,1,,3,127500.00,26775.00,0.00,154275.00,FULFILLED
1000003490,20240724,139,1,,2,12000.00,2520.00,1500.00,16020.00,CANCELLED
1000003491,20240724,1012,1,,2,12000.00,2520.00,1500.00,16020.00,FULFILLED
1000003492,20240725,1074,1,,2,12000.00,2520.00,1500.00,16020.00,FULFILLED
1000003493,20240725,2,1,,3,12000.00,2520.00,1500.00,16020.00,FULFILLED
1000003495,20240725,1484,1,,1,12000.00,2520.00,1200.00,15720.00,FULFILLED
1000003497,20240725,885,1,,2,12000.00,2520.00,1500.00,16020.00,FULFILLED
1000003499,20240725,1485,1,,1,48000.00,10080.00,0.00,58080.00,FULFILLED
1000003500,20240725,593,1,,4,12000.00,2520.00,1800.00,16320.00,REFUNDED
1000003501,20240725,652,1,,1,36000.00,7560.00,1200.00,44760.00,FULFILLED
1000003504,20240725,1105,1,,2,15000.00,3150.00,1500.00,19650.00,CANCELLED
1000003505,20240726,1330,1,,3,24000.00,5040.00,1500.00,30540.00,FULFILLED
1000003506,20240726,5,1,,1,12000.00,2520.00,1200.00,15720.00,FULFILLED
1000003507,20240726,787,1,,1,12000.00,2520.00,1200.00,15720.00,FULFILLED
1000003508,20240726,237,1,,1,39000.00,8190.00,1200.00,48390.00,FULFILLED
1000003512,20240726,1486,1,,4,30000.00,6300.00,1800.00,38100.00,FULFILLED
1000003515,20240726,1487,1,,1,12000.00,2520.00,1200.00,15720.00,FULFILLED
1000003517,20240726,287,1,,1,15000.00,3150.00,1200.00,19350.00,FULFILLED
1000003519,20240726,464,1,,1,15000.00,3150.00,1200.00,19350.00,FULFILLED
1000003520,20240726,1490,1,,1,27000.00,5670.00,1200.00,33870.00,FULFILLED
1000003523,20240726,125,1,,3,12000.00,2520.00,1500.00,16020.00,FULFILLED
1000003524,20240726,163,1,,2,36000.00,7560.00,1500.00,45060.00,FULFILLED
1000003525,20240726,706,1,,1,39000.00,8190.00,1200.00,48390.00,FULFILLED
1000003526,20240726,1492,1,,1,36000.00,7560.00,1200.00,44760.00,FULFILLED
1000003527,20240727,461,1,,3,27000.00,5670.00,1500.00,34170.00,FULFILLED
1000003528,20240727,785,1,,1,15000.00,3150.00,1200.00,19350.00,FULFILLED
1000003530,20240727,333,1,,3,15000.00,3150.00,1500.00,19650.00,FULFILLED
1000003536,20240727,1496,1,,4,48000.00,10080.00,0.00,58080.00,FULFILLED
1000003541,20240727,951,1,,1,24000.00,5040.00,1200.00,30240.00,CANCELLED
1000003545,20240728,582,1,,2,39000.00,8190.00,1500.00,48690.00,FULFILLED
1000003546,20240728,1120,1,,1,12000.00,2520.00,1200.00,15720.00,FULFILLED
1000003547,20240728,973,1,,2,12000.00,2520.00,1500.00,16020.00,FULFILLED
1000003548,20240728,1499,1,,3,36000.00,7560.00,1500.00,45060.00,FULFILLED
1000003549,20240728,108,1,,3,27000.00,5670.00,1500.00,34170.00,CANCELLED
1000003550,20240728,852,1,,4,24000.00,5040.00,1800.00,30840.00,FULFILLED
1000003551,20240728,9,1,,4,12000.00,2520.00,1800.00,16320.00,FULFILLED
1000003552,20240728,1500,1,,2,57000.00,11970.00,0.00,68970.00,FULFILLED
1000003553,20240728,84,1,,1,15000.00,3150.00,1200.00,19350.00,FULFILLED
1000003554,20240729,1501,1,,3,27000.00,5670.00,1500.00,34170.00,FULFILLED
1000003555,20240729,1502,1,,1,24000.00,5040.00,1200.00,30240.00,FULFILLED
1000003557,20240729,1504,1,,3,60000.00,12600.00,0.00,72600.00,CANCELLED
1000003560,20240729,1506,1,,3,12000.00,2520.00,1500.00,16020.00,FULFILLED
1000003564,20240729,159,1,,3,54000.00,11340.00,0.00,65340.00,FULFILLED
1000003565,20240729,462,1,,1,36000.00,7560.00,1200.00,44760.00,FULFILLED
1000003567,20240730,1317,1,,1,201450.00,42304.50,0.00,243754.50,CANCELLED
1000003568,20240730,1507,1,,2,12000.00,2520.00,1500.00,16020.00,FULFILLED
1000003569,20240730,793,1,,2,48000.00,10080.00,0.00,58080.00,FULFILLED
1000003571,20240730,394,1,,4,15000.00,3150.00,1800.00,19950.00,REFUNDED
1000003573,20240730,621,1,,3,15000.00,3150.00,1500.00,19650.00,FULFILLED
1000003577,20240730,1509,1,,2,34200.00,7182.00,1500.00,42882.00,FULFILLED
1000003578,20240730,1510,1,,3,24000.00,5040.00,1500.00,30540.00,FULFILLED
1000003579,20240730,825,1,,1,54000.00,11340.00,0.00,65340.00,FULFILLED
1000003580,20240730,1511,1,,3,12000.00,2520.00,1500.00,16020.00,FULFILLED
1000003582,20240730,172,1,,2,24000.00,5040.00,1500.00,30540.00,FULFILLED
1000003583,20240730,55,1,,1,12000.00,2520.00,1200.00,15720.00,FULFILLED
1000003584,20240730,728,1,,1,36000.00,7560.00,1200.00,44760.00,FULFILLED
1000003585,20240731,1512,1,,2,57000.00,11970.00,0.00,68970.00,FULFILLED
1000003586,20240731,173,1,,1,84000.00,17640.00,0.00,101640.00,FULFILLED
1000003587,20240731,15,1,,2,24000.00,5040.00,1500.00,30540.00,FULFILLED
1000003591,20240731,44,1,,2,12000.00,2520.00,1500.00,16020.00,FULFILLED
1000003594,20240731,1514,1,,3,12000.00,2520.00,1500.00,16020.00,FULFILLED
1000003596,20240731,851,1,,2,27000.00,5670.00,1500.00,34170.00,FULFILLED
1000003597,20240731,1515,1,,1,24000.00,5040.00,1200.00,30240.00,FULFILLED
1000003598,20240731,1213,1,,2,12000.00,2520.00,1500.00,16020.00,FULFILLED
1000003599,20240731,1516,1,,2,12000.00,2520.00,1500.00,16020.00,FULFILLED
1000003600,20240801,468,1,,1,12000.00,2520.00,1200.00,15720.00,FULFILLED
1000003601,20240801,1517,1,,2,27000.00,5670.00,1500.00,34170.00,FULFILLED
1000003602,20240801,58,1,,1,15000.00,3150.00,1200.00,19350.00,FULFILLED
1000003603,20240801,1518,1,,1,12000.00,2520.00,1200.00,15720.00,FULFILLED
1000003604,20240801,1002,1,,3,27000.00,5670.00,1500.00,34170.00,REFUNDED
1000003606,20240801,112,1,,1,12000.00,2520.00,1200.00,15720.00,CANCELLED
1000003609,20240801,88,1,,1,42000.00,8820.00,1200.00,52020.00,FULFILLED
1000003612,20240801,1521,1,,1,36000.00,7560.00,1200.00,44760.00,FULFILLED
1000003613,20240801,974,1,,1,39000.00,8190.00,1200.00,48390.00,FULFILLED
1000003616,20240801,1187,1,,1,30000.00,6300.00,1200.00,37500.00,FULFILLED
1000003619,20240801,1126,1,,1,24000.00,5040.00,1200.00,30240.00,FULFILLED
1000003620,20240801,531,1,,4,12000.00,2520.00,1800.00,16320.00,FULFILLED
1000003621,20240801,977,1,,3,30000.00,6300.00,1500.00,37800.00,FULFILLED
1000003622,20240801,189,1,,3,45000.00,9450.00,0.00,54450.00,FULFILLED
1000003623,20240801,1524,1,,2,39000.00,8190.00,1500.00,48690.00,FULFILLED
1000003624,20240802,1239,1,,1,12000.00,2520.00,1200.00,15720.00,REFUNDED
1000003625,20240802,791,1,,1,15000.00,3150.00,1200.00,19350.00,FULFILLED
1000003626,20240802,1525,1,,1,12000.00,2520.00,1200.00,15720.00,FULFILLED
1000003627,20240802,577,1,,2,12000.00,2520.00,1500.00,16020.00,FULFILLED
1000003629,20240802,1526,1,,1,24000.00,5040.00,1200.00,30240.00,FULFILLED
1000003635,20240802,671,1,,1,12000.00,2520.00,1200.00,15720.00,CANCELLED
1000003637,20240802,423,1,,2,15000.00,3150.00,1500.00,19650.00,FULFILLED
1000003640,20240802,1528,1,,3,15000.00,3150.00,1500.00,19650.00,FULFILLED
1000003641,20240802,703,1,,3,27000.00,5670.00,1500.00,34170.00,FULFILLED
1000003642,20240802,1051,1,,3,36000.00,7560.00,1500.00,45060.00,CANCELLED
1000003643,20240803,263,1,,3,11400.00,2394.00,1500.00,15294.00,CANCELLED
1000003647,20240803,1075,1,,3,27000.00,5670.00,1500.00,34170.00,FULFILLED
1000003649,20240803,1387,1,,3,12000.00,2520.00,1500.00,16020.00,CANCELLED
1000003658,20240803,803,1,,1,24000.00,5040.00,1200.00,30240.00,FULFILLED
1000003659,20240803,1118,1,,1,12000.00,2520.00,1200.00,15720.00,FULFILLED
1000003662,20240803,1534,1,,3,27000.00,5670.00,1500.00,34170.00,FULFILLED
1000003663,20240803,241,1,,1,22800.00,4788.00,1200.00,28788.00,FULFILLED
1000003664,20240804,966,1,,2,27000.00,5670.00,1500.00,34170.00,FULFILLED
1000003665,20240804,344,1,,2,12000.00,2520.00,1500.00,16020.00,FULFILLED
1000003666,20240804,1229,1,,1,24000.00,5040.00,1200.00,30240.00,FULFILLED
1000003667,20240804,1535,1,,1,12000.00,2520.00,1200.00,15720.00,FULFILLED
1000003668,20240804,713,1,,1,27000.00,5670.00,1200.00,33870.00,FULFILLED
1000003669,20240804,396,1,,1,42000.00,8820.00,1200.00,52020.00,FULFILLED
1000003670,20240804,1537,1,,3,15000.00,3150.00,1500.00,19650.00,FULFILLED
1000003671,20240804,125,1,,3,48000.00,10080.00,0.00,58080.00,FULFILLED
1000003672,20240804,995,1,,3,24000.00,5040.00,1500.00,30540.00,FULFILLED
1000003673,20240805,348,1,,3,12000.00,2520.00,1500.00,16020.00,REFUNDED
1000003674,20240805,1538,1,,2,12000.00,2520.00,1500.00,16020.00,FULFILLED
1000003675,20240805,849,1,,3,15000.00,3150.00,1500.00,19650.00,FULFILLED
1000003678,20240805,1487,1,,1,24000.00,5040.00,1200.00,30240.00,FULFILLED
1000003679,20240805,1539,1,,1,27000.00,5670.00,1200.00,33870.00,REFUNDED
1000003680,20240805,1100,1,,1,60000.00,12600.00,0.00,72600.00,FULFILLED
1000003683,20240805,1541,1,,3,15000.00,3150.00,1500.00,19650.00,FULFILLED
1000003684,20240805,1542,1,,2,24000.00,5040.00,1500.00,30540.00,FULFILLED
1000003685,20240806,395,1,,1,12000.00,2520.00,1200.00,15720.00,FULFILLED
1000003686,20240806,1543,1,,1,12000.00,2520.00,1200.00,15720.00,FULFILLED
1000003695,20240806,1547,1,,2,24000.00,5040.00,1500.00,30540.00,FULFILLED
1000003697,20240806,1549,1,,1,24000.00,5040.00,1200.00,30240.00,FULFILLED
1000003698,20240807,11,1,,2,36000.00,7560.00,1500.00,45060.00,FULFILLED
1000003701,20240807,1388,1,,1,15000.00,3150.00,1200.00,19350.00,FULFILLED
1000003702,20240807,1550,1,,3,66000.00,13860.00,0.00,79860.00,FULFILLED
1000003703,20240807,663,1,,1,27000.00,5670.00,1200.00,33870.00,FULFILLED
1000003705,20240807,1380,1,,1,27000.00,5670.00,1200.00,33870.00,FULFILLED
1000003706,20240807,1551,1,,3,15000.00,3150.00,1500.00,19650.00,FULFILLED
1000003708,20240807,179,1,,3,39000.00,8190.00,1500.00,48690.00,FULFILLED
1000003711,20240807,142,1,,1,12000.00,2520.00,1200.00,15720.00,FULFILLED
1000003712,20240807,1552,1,,1,12000.00,2520.00,1200.00,15720.00,FULFILLED
1000003713,20240808,998,1,,1,12000.00,2520.00,1200.00,15720.00,FULFILLED
1000003714,20240808,1553,1,,1,12000.00,2520.00,1200.00,15720.00,FULFILLED
1000003715,20240808,1273,1,,2,12000.00,2520.00,1500.00,16020.00,FULFILLED
1000003716,20240808,1554,1,,1,15000.00,3150.00,1200.00,19350.00,FULFILLED
1000003717,20240808,169,1,,1,39000.00,8190.00,1200.00,48390.00,FULFILLED
1000003718,20240808,1555,1,,2,30000.00,6300.00,1500.00,37800.00,FULFILLED
1000003721,20240808,999,1,,4,24000.00,5040.00,1800.00,30840.00,FULFILLED
1000003726,20240808,68,1,,1,57000.00,11970.00,0.00,68970.00,FULFILLED
1000003727,20240808,328,1,,2,12000.00,2520.00,1500.00,16020.00,FULFILLED
1000003728,20240808,1313,1,,2,27000.00,5670.00,1500.00,34170.00,FULFILLED
1000003731,20240809,1346,1,,4,12000.00,2520.00,1800.00,16320.00,FULFILLED
1000003736,20240809,470,1,,3,24000.00,5040.00,1500.00,30540.00,FULFILLED
1000003737,20240810,878,1,,3,12000.00,2520.00,1500.00,16020.00,FULFILLED
1000003738,20240810,26,1,,1,12000.00,2520.00,1200.00,15720.00,FULFILLED
1000003739,20240810,1383,1,,1,72000.00,15120.00,0.00,87120.00,FULFILLED
1000003740,20240810,1557,1,,2,12000.00,2520.00,1500.00,16020.00,FULFILLED
1000003741,20240810,1431,1,,2,11400.00,2394.00,1500.00,15294.00,FULFILLED
1000003753,20240810,1223,1,,1,48000.00,10080.00,0.00,58080.00,REFUNDED
1000003755,20240810,1437,1,,3,15000.00,3150.00,1500.00,19650.00,CANCELLED
1000003759,20240810,1560,1,,2,24000.00,5040.00,1500.00,30540.00,FULFILLED
1000003761,20240810,1276,1,,1,12000.00,2520.00,1200.00,15720.00,FULFILLED
1000003762,20240811,420,1,,1,24000.00,5040.00,1200.00,30240.00,FULFILLED
1000003763,20240811,1450,1,,3,12000.00,2520.00,1500.00,16020.00,REFUNDED
1000003764,20240811,1459,1,,3,12000.00,2520.00,1500.00,16020.00,FULFILLED
1000003765,20240811,1350,1,,3,36000.00,7560.00,1500.00,45060.00,FULFILLED
1000003766,20240811,906,1,,1,12000.00,2520.00,1200.00,15720.00,FULFILLED
1000003767,20240812,1142,1,,4,12000.00,2520.00,1800.00,16320.00,CANCELLED
1000003768,20240812,1561,1,,1,30000.00,6300.00,1200.00,37500.00,FULFILLED
1000003769,20240812,1002,1,,3,24000.00,5040.00,1500.00,30540.00,FULFILLED
1000003770,20240812,613,1,,4,27000.00,5670.00,1800.00,34470.00,FULFILLED
1000003771,20240812,1083,1,,2,12000.00,2520.00,1500.00,16020.00,CANCELLED
1000003774,20240812,1415,1,,1,30000.00,6300.00,1200.00,37500.00,FULFILLED
1000003776,20240812,201,1,,1,12000.00,2520.00,1200.00,15720.00,FULFILLED
1000003777,20240812,876,1,,2,12000.00,2520.00,1500.00,16020.00,FULFILLED
1000003778,20240812,831,1,,4,15000.00,3150.00,1800.00,19950.00,FULFILLED
1000003779,20240812,1563,1,,1,15000.00,3150.00,1200.00,19350.00,FULFILLED
1000003781,20240812,602,1,,4,12000.00,2520.00,1800.00,16320.00,FULFILLED
1000003782,20240812,1414,1,,1,12000.00,2520.00,1200.00,15720.00,FULFILLED
1000003784,20240812,1109,1,,4,24000.00,5040.00,1800.00,30840.00,FULFILLED
1000003785,20240813,1564,1,,2,21600.00,4536.00,1500.00,27636.00,FULFILLED
1000003786,20240813,300,1,,3,24000.00,5040.00,1500.00,30540.00,REFUNDED
1000003787,20240813,1565,1,,4,25650.00,5386.50,1800.00,32836.50,FULFILLED
1000003788,20240813,1566,1,,3,10800.00,2268.00,1500.00,14568.00,FULFILLED
1000003790,20240813,626,1,,1,12000.00,2520.00,1200.00,15720.00,FULFILLED
1000003791,20240813,1568,1,,2,15000.00,3150.00,1500.00,19650.00,FULFILLED
1000003793,20240813,398,1,,1,48600.00,10206.00,0.00,58806.00,FULFILLED
1000003795,20240813,715,1,,2,21600.00,4536.00,1500.00,27636.00,FULFILLED
1000003796,20240813,1570,1,,1,24000.00,5040.00,1200.00,30240.00,FULFILLED
1000003797,20240813,132,1,,2,24000.00,5040.00,1500.00,30540.00,FULFILLED
1000003798,20240813,404,1,,1,10800.00,2268.00,1200.00,14268.00,FULFILLED
1000003799,20240813,1057,1,,3,12000.00,2520.00,1500.00,16020.00,FULFILLED
1000003800,20240813,978,1,,2,75600.00,15876.00,0.00,91476.00,FULFILLED
1000003801,20240813,1306,1,,1,15000.00,3150.00,1200.00,19350.00,FULFILLED
1000003802,20240813,789,1,,3,15000.00,3150.00,1500.00,19650.00,FULFILLED
1000003803,20240814,1077,1,,3,12000.00,2520.00,1500.00,16020.00,FULFILLED
1000003804,20240814,1046,1,,1,36000.00,7560.00,1200.00,44760.00,FULFILLED
1000003805,20240814,490,1,,1,12000.00,2520.00,1200.00,15720.00,FULFILLED
1000003808,20240814,896,1,,2,12000.00,2520.00,1500.00,16020.00,FULFILLED
1000003809,20240814,1072,1,,1,42000.00,8820.00,1200.00,52020.00,FULFILLED
1000003810,20240814,553,1,,3,12000.00,2520.00,1500.00,16020.00,FULFILLED
1000003812,20240814,1390,1,,4,12000.00,2520.00,1800.00,16320.00,FULFILLED
1000003816,20240814,1573,1,,2,42000.00,8820.00,1500.00,52320.00,FULFILLED
1000003817,20240815,1576,1,,2,66000.00,13860.00,0.00,79860.00,FULFILLED
1000003818,20240815,1577,1,,1,66000.00,13860.00,0.00,79860.00,FULFILLED
1000003819,20240815,1404,1,,4,24000.00,5040.00,1800.00,30840.00,FULFILLED
1000003820,20240815,279,1,,2,12000.00,2520.00,1500.00,16020.00,FULFILLED
1000003822,20240815,1180,1,,1,39000.00,8190.00,1200.00,48390.00,FULFILLED
1000003824,20240815,652,1,,1,15000.00,3150.00,1200.00,19350.00,FULFILLED
1000003826,20240815,116,1,,1,30000.00,6300.00,1200.00,37500.00,FULFILLED
1000003831,20240815,1275,1,,4,45000.00,9450.00,0.00,54450.00,FULFILLED
1000003832,20240815,438,1,,1,24000.00,5040.00,1200.00,30240.00,FULFILLED
1000003833,20240815,1580,1,,1,48000.00,10080.00,0.00,58080.00,FULFILLED
1000003834,20240815,1581,1,,1,42000.00,8820.00,1200.00,52020.00,FULFILLED
1000003835,20240815,1110,1,,4,24000.00,5040.00,1800.00,30840.00,FULFILLED
1000003836,20240816,512,1,,2,15000.00,3150.00,1500.00,19650.00,CANCELLED
1000003837,20240816,1582,1,,2,24000.00,5040.00,1500.00,30540.00,REFUNDED
1000003838,20240816,20,1,,1,15000.00,3150.00,1200.00,19350.00,FULFILLED
1000003842,20240816,124,1,,1,36000.00,7560.00,1200.00,44760.00,FULFILLED
1000003844,20240816,1285,1,,3,36000.00,7560.00,1500.00,45060.00,FULFILLED
1000003846,20240816,296,1,,2,27000.00,5670.00,1500.00,34170.00,FULFILLED
1000003849,20240816,1043,1,,1,24000.00,5040.00,1200.00,30240.00,FULFILLED
1000003851,20240816,1347,1,,2,54000.00,11340.00,0.00,65340.00,FULFILLED
1000003854,20240816,1482,1,,2,12000.00,2520.00,1500.00,16020.00,FULFILLED
1000003856,20240816,1360,1,,1,39000.00,8190.00,1200.00,48390.00,FULFILLED
1000003857,20240816,1587,1,,2,15000.00,3150.00,1500.00,19650.00,FULFILLED
1000003858,20240816,969,1,,2,24000.00,5040.00,1500.00,30540.00,CANCELLED
1000003860,20240817,1588,1,,1,24000.00,5040.00,1200.00,30240.00,FULFILLED
1000003867,20240817,867,1,,3,12000.00,2520.00,1500.00,16020.00,FULFILLED
1000003869,20240817,679,1,,3,12000.00,2520.00,1500.00,16020.00,FULFILLED
1000003871,20240817,885,1,,2,12000.00,2520.00,1500.00,16020.00,FULFILLED
1000003879,20240817,88,1,,1,12000.00,2520.00,1200.00,15720.00,FULFILLED
1000003881,20240817,1091,1,,1,12000.00,2520.00,1200.00,15720.00,FULFILLED
1000003882,20240817,1591,1,,1,54000.00,11340.00,0.00,65340.00,FULFILLED
1000003883,20240817,169,1,,1,30000.00,6300.00,1200.00,37500.00,FULFILLED
1000003884,20240818,837,1,,1,93000.00,19530.00,0.00,112530.00,FULFILLED
1000003885,20240818,690,1,,1,12000.00,2520.00,1200.00,15720.00,FULFILLED
1000003886,20240818,1592,1,,2,39000.00,8190.00,1500.00,48690.00,FULFILLED
1000003887,20240818,233,1,,3,15000.00,3150.00,1500.00,19650.00,FULFILLED
1000003888,20240818,1055,1,,2,36000.00,7560.00,1500.00,45060.00,REFUNDED
1000003889,20240818,3,1,,3,24000.00,5040.00,1500.00,30540.00,REFUNDED
1000003890,20240818,268,1,,4,51000.00,10710.00,0.00,61710.00,FULFILLED
1000003891,20240818,1524,1,,2,11400.00,2394.00,1500.00,15294.00,FULFILLED
1000003892,20240818,1007,1,,1,12000.00,2520.00,1200.00,15720.00,CANCELLED
1000003893,20240818,299,1,,3,69000.00,14490.00,0.00,83490.00,CANCELLED
1000003894,20240819,1593,1,,2,36000.00,7560.00,1500.00,45060.00,FULFILLED
1000003896,20240819,1479,1,,1,24000.00,5040.00,1200.00,30240.00,FULFILLED
1000003898,20240819,1595,1,,2,15000.00,3150.00,1500.00,19650.00,FULFILLED
1000003899,20240819,1538,1,,2,51000.00,10710.00,0.00,61710.00,FULFILLED
1000003902,20240819,77,1,,1,27000.00,5670.00,1200.00,33870.00,FULFILLED
1000003903,20240819,703,1,,3,30000.00,6300.00,1500.00,37800.00,FULFILLED
1000003904,20240819,1598,1,,4,27000.00,5670.00,1800.00,34470.00,FULFILLED
1000003905,20240820,1599,1,,1,24000.00,5040.00,1200.00,30240.00,REFUNDED
1000003907,20240820,566,1,,2,12000.00,2520.00,1500.00,16020.00,FULFILLED
1000003909,20240820,44,1,,2,12000.00,2520.00,1500.00,16020.00,FULFILLED
1000003914,20240820,1232,1,,1,27000.00,5670.00,1200.00,33870.00,FULFILLED
1000003915,20240820,739,1,,2,45600.00,9576.00,0.00,55176.00,FULFILLED
1000003917,20240820,1601,1,,2,15000.00,3150.00,1500.00,19650.00,FULFILLED
1000003918,20240820,380,1,,3,30000.00,6300.00,1500.00,37800.00,FULFILLED
1000003919,20240821,222,1,,1,24000.00,5040.00,1200.00,30240.00,FULFILLED
1000003920,20240821,270,1,,1,15000.00,3150.00,1200.00,19350.00,FULFILLED
1000003923,20240821,946,1,,1,54000.00,11340.00,0.00,65340.00,REFUNDED
1000003924,20240821,1359,1,,1,12000.00,2520.00,1200.00,15720.00,FULFILLED
1000003927,20240821,930,1,,1,24000.00,5040.00,1200.00,30240.00,FULFILLED
1000003928,20240821,567,1,,1,36000.00,7560.00,1200.00,44760.00,FULFILLED
1000003929,20240821,903,1,,2,27000.00,5670.00,1500.00,34170.00,FULFILLED
1000003930,20240821,1604,1,,2,36000.00,7560.00,1500.00,45060.00,CANCELLED
1000003931,20240821,1194,1,,3,15000.00,3150.00,1500.00,19650.00,FULFILLED
1000003932,20240822,140,1,,1,51000.00,10710.00,0.00,61710.00,FULFILLED
1000003933,20240822,1605,1,,4,24000.00,5040.00,1800.00,30840.00,FULFILLED
1000003934,20240822,1606,1,,2,57000.00,11970.00,0.00,68970.00,REFUNDED
1000003936,20240822,1608,1,,1,36000.00,7560.00,1200.00,44760.00,FULFILLED
1000003938,20240822,1610,1,,1,24000.00,5040.00,1200.00,30240.00,FULFILLED
1000003940,20240822,644,1,,2,12000.00,2520.00,1500.00,16020.00,FULFILLED
1000003941,20240822,1611,1,,2,15000.00,3150.00,1500.00,19650.00,FULFILLED
1000003943,20240822,1612,1,,3,30000.00,6300.00,1500.00,37800.00,FULFILLED
1000003946,20240822,788,1,,4,12000.00,2520.00,1800.00,16320.00,FULFILLED
1000003947,20240822,1528,1,,3,72000.00,15120.00,0.00,87120.00,FULFILLED
1000003948,20240823,618,1,,4,45000.00,9450.00,0.00,54450.00,CANCELLED
1000003950,20240823,1375,1,,1,24000.00,5040.00,1200.00,30240.00,FULFILLED
1000003954,20240823,1388,1,,1,27000.00,5670.00,1200.00,33870.00,FULFILLED
1000003955,20240823,1329,1,,1,15000.00,3150.00,1200.00,19350.00,FULFILLED
1000003959,20240823,1492,1,,1,63000.00,13230.00,0.00,76230.00,FULFILLED
1000003960,20240823,1483,1,,3,15000.00,3150.00,1500.00,19650.00,FULFILLED
1000003963,20240823,1620,1,,1,25650.00,5386.50,1200.00,32236.50,FULFILLED
1000003964,20240823,1621,1,,1,15000.00,3150.00,1200.00,19350.00,FULFILLED
1000003965,20240823,365,1,,3,15000.00,3150.00,1500.00,19650.00,FULFILLED
1000003966,20240823,1012,1,,2,42000.00,8820.00,1500.00,52320.00,FULFILLED
1000003967,20240823,670,1,,1,15000.00,3150.00,1200.00,19350.00,FULFILLED
1000003968,20240824,1622,1,,1,30000.00,6300.00,1200.00,37500.00,FULFILLED
1000003969,20240824,755,1,,1,36000.00,7560.00,1200.00,44760.00,FULFILLED
1000003970,20240824,1450,1,,3,12000.00,2520.00,1500.00,16020.00,FULFILLED
1000003975,20240824,1328,1,,2,93000.00,19530.00,0.00,112530.00,FULFILLED
1000003976,20240824,1623,1,,1,57000.00,11970.00,0.00,68970.00,FULFILLED
1000003978,20240824,1624,1,,2,59850.00,12568.50,0.00,72418.50,FULFILLED
1000003979,20240824,1541,1,,3,12000.00,2520.00,1500.00,16020.00,FULFILLED
1000003980,20240824,1412,1,,1,39000.00,8190.00,1200.00,48390.00,FULFILLED
1000003981,20240824,1120,1,,1,12000.00,2520.00,1200.00,15720.00,FULFILLED
1000003982,20240824,1521,1,,1,45000.00,9450.00,0.00,54450.00,FULFILLED
1000003983,20240825,457,1,,4,30000.00,6300.00,1800.00,38100.00,FULFILLED
1000003984,20240825,956,1,,3,24000.00,5040.00,1500.00,30540.00,FULFILLED
1000003985,20240825,1506,1,,3,24000.00,5040.00,1500.00,30540.00,FULFILLED
1000003986,20240825,1249,1,,1,30000.00,6300.00,1200.00,37500.00,FULFILLED
1000003987,20240825,1384,1,,1,12000.00,2520.00,1200.00,15720.00,FULFILLED
1000003988,20240825,1336,1,,3,12000.00,2520.00,1500.00,16020.00,REFUNDED
1000003989,20240825,1625,1,,1,12000.00,2520.00,1200.00,15720.00,REFUNDED
1000003990,20240826,333,1,,3,15000.00,3150.00,1500.00,19650.00,FULFILLED
1000003991,20240826,1626,1,,2,36000.00,7560.00,1500.00,45060.00,FULFILLED
1000003992,20240826,1422,1,,1,36000.00,7560.00,1200.00,44760.00,REFUNDED
1000003993,20240826,1409,1,,3,12000.00,2520.00,1500.00,16020.00,FULFILLED
1000003995,20240826,1297,1,,2,45000.00,9450.00,0.00,54450.00,FULFILLED
1000003996,20240826,883,1,,2,12000.00,2520.00,1500.00,16020.00,FULFILLED
1000003998,20240826,632,1,,1,27000.00,5670.00,1200.00,33870.00,FULFILLED
1000003999,20240826,1006,1,,2,27000.00,5670.00,1500.00,34170.00,FULFILLED
1000004000,20240826,405,1,,4,60000.00,12600.00,0.00,72600.00,FULFILLED
1000004001,20240827,575,1,,3,30000.00,6300.00,1500.00,37800.00,FULFILLED
1000004002,20240827,126,1,,1,24000.00,5040.00,1200.00,30240.00,FULFILLED
1000004003,20240827,1373,1,,1,97200.00,20412.00,0.00,117612.00,FULFILLED
1000004004,20240827,1628,1,,1,15000.00,3150.00,1200.00,19350.00,FULFILLED
1000004006,20240827,1629,1,,3,12000.00,2520.00,1500.00,16020.00,FULFILLED
1000004008,20240827,142,1,,1,15000.00,3150.00,1200.00,19350.00,FULFILLED
1000004009,20240827,614,1,,3,12000.00,2520.00,1500.00,16020.00,FULFILLED
1000004010,20240827,635,1,,1,39000.00,8190.00,1200.00,48390.00,FULFILLED
1000004011,20240827,461,1,,3,12000.00,2520.00,1500.00,16020.00,FULFILLED
1000004012,20240828,427,1,,3,15000.00,3150.00,1500.00,19650.00,FULFILLED
1000004013,20240828,1159,1,,1,39000.00,8190.00,1200.00,48390.00,FULFILLED
1000004014,20240828,1051,1,,3,12000.00,2520.00,1500.00,16020.00,FULFILLED
1000004017,20240828,505,1,,1,27000.00,5670.00,1200.00,33870.00,FULFILLED
1000004021,20240828,254,1,,2,27000.00,5670.00,1500.00,34170.00,FULFILLED
1000004024,20240828,1632,1,,1,27000.00,5670.00,1200.00,33870.00,FULFILLED
1000004025,20240829,1134,1,,3,15000.00,3150.00,1500.00,19650.00,FULFILLED
1000004026,20240829,447,1,,1,42000.00,8820.00,1200.00,52020.00,FULFILLED
1000004027,20240829,784,1,,4,39000.00,8190.00,1800.00,48990.00,REFUNDED
1000004028,20240829,1633,1,,4,24000.00,5040.00,1800.00,30840.00,REFUNDED
1000004029,20240829,1117,1,,1,12000.00,2520.00,1200.00,15720.00,FULFILLED
1000004030,20240829,621,1,,3,12000.00,2520.00,1500.00,16020.00,FULFILLED
1000004031,20240829,1258,1,,1,36000.00,7560.00,1200.00,44760.00,FULFILLED
1000004033,20240829,1551,1,,3,39000.00,8190.00,1500.00,48690.00,FULFILLED
1000004034,20240829,404,1,,1,15000.00,3150.00,1200.00,19350.00,FULFILLED
1000004037,20240829,886,1,,2,12000.00,2520.00,1500.00,16020.00,FULFILLED
1000004038,20240829,42,1,,1,39000.00,8190.00,1200.00,48390.00,FULFILLED
1000004043,20240829,1637,1,,1,30000.00,6300.00,1200.00,37500.00,FULFILLED
1000004044,20240829,1638,1,,4,30000.00,6300.00,1800.00,38100.00,FULFILLED
1000004045,20240830,1639,1,,1,12000.00,2520.00,1200.00,15720.00,FULFILLED
1000004047,20240830,1641,1,,4,48000.00,10080.00,0.00,58080.00,FULFILLED
1000004051,20240830,716,1,,1,27000.00,5670.00,1200.00,33870.00,FULFILLED
1000004055,20240830,1463,1,,1,63000.00,13230.00,0.00,76230.00,CANCELLED
1000004057,20240830,1643,1,,1,24000.00,5040.00,1200.00,30240.00,FULFILLED
1000004058,20240830,516,1,,3,15000.00,3150.00,1500.00,19650.00,FULFILLED
1000004059,20240830,1535,1,,1,15000.00,3150.00,1200.00,19350.00,FULFILLED
1000004060,20240831,791,1,,1,12000.00,2520.00,1200.00,15720.00,FULFILLED
1000004061,20240831,1645,1,,2,12000.00,2520.00,1500.00,16020.00,FULFILLED
1000004063,20240831,1598,1,,4,30000.00,6300.00,1800.00,38100.00,FULFILLED
1000004067,20240831,1646,1,,3,12000.00,2520.00,1500.00,16020.00,FULFILLED
1000004079,20240831,1253,1,,3,15000.00,3150.00,1500.00,19650.00,REFUNDED
1000004080,20240831,872,1,,4,39000.00,8190.00,1800.00,48990.00,FULFILLED
1000004082,20240831,1650,1,,1,60000.00,12600.00,0.00,72600.00,FULFILLED
1000004084,20240831,874,1,,2,39000.00,8190.00,1500.00,48690.00,FULFILLED
1000004085,20240901,65,1,,1,15000.00,3150.00,1200.00,19350.00,FULFILLED
1000004086,20240901,1652,1,,3,12000.00,2520.00,1500.00,16020.00,FULFILLED
1000004087,20240901,84,1,,1,36000.00,7560.00,1200.00,44760.00,FULFILLED
1000004088,20240901,1653,1,,1,30000.00,6300.00,1200.00,37500.00,FULFILLED
1000004089,20240901,1203,1,,1,12000.00,2520.00,1200.00,15720.00,REFUNDED
1000004090,20240901,1654,1,,4,66000.00,13860.00,0.00,79860.00,FULFILLED
1000004091,20240901,633,1,,3,36000.00,7560.00,1500.00,45060.00,FULFILLED
1000004092,20240901,1436,1,,4,27000.00,5670.00,1800.00,34470.00,FULFILLED
1000004093,20240902,666,1,,1,36000.00,7560.00,1200.00,44760.00,FULFILLED
1000004094,20240902,1387,1,,3,12000.00,2520.00,1500.00,16020.00,FULFILLED
1000004096,20240902,1148,2,3,3,12000.00,2520.00,0.00,14520.00,FULFILLED
1000004097,20240902,882,2,1,1,69000.00,14490.00,0.00,83490.00,FULFILLED
1000004100,20240902,1655,2,3,3,12000.00,2520.00,0.00,14520.00,FULFILLED
1000004102,20240902,1443,2,1,1,27000.00,5670.00,0.00,32670.00,FULFILLED
1000004103,20240902,1656,2,1,1,15000.00,3150.00,0.00,18150.00,FULFILLED
1000004112,20240903,1558,2,3,3,27000.00,5670.00,0.00,32670.00,FULFILLED
1000004113,20240903,265,2,1,1,27000.00,5670.00,0.00,32670.00,FULFILLED
1000004114,20240903,1657,2,4,4,39000.00,8190.00,0.00,47190.00,FULFILLED
1000004115,20240903,1288,2,1,1,12000.00,2520.00,0.00,14520.00,REFUNDED
1000004117,20240903,1395,2,2,2,12000.00,2520.00,0.00,14520.00,FULFILLED
1000004119,20240903,1343,2,1,1,24000.00,5040.00,0.00,29040.00,FULFILLED
1000004126,20240904,1041,2,3,3,40500.00,8505.00,0.00,49005.00,FULFILLED
1000004129,20240904,76,2,2,2,24000.00,5040.00,0.00,29040.00,FULFILLED
1000004132,20240904,215,2,1,1,24000.00,5040.00,0.00,29040.00,REFUNDED
1000004133,20240904,1662,2,1,1,48000.00,10080.00,0.00,58080.00,FULFILLED
1000004134,20240904,174,2,2,2,12000.00,2520.00,0.00,14520.00,FULFILLED
1000004137,20240904,1430,2,2,2,48000.00,10080.00,0.00,58080.00,FULFILLED
1000004143,20240905,487,2,2,2,12000.00,2520.00,0.00,14520.00,FULFILLED
1000004144,20240905,330,2,1,1,12000.00,2520.00,0.00,14520.00,FULFILLED
1000004145,20240905,795,2,2,2,122400.00,25704.00,0.00,148104.00,FULFILLED
1000004146,20240905,1664,2,1,1,15000.00,3150.00,0.00,18150.00,FULFILLED
1000004147,20240905,602,2,4,4,27000.00,5670.00,0.00,32670.00,FULFILLED
1000004148,20240905,901,2,1,1,27000.00,5670.00,0.00,32670.00,FULFILLED
1000004150,20240905,235,2,1,1,15000.00,3150.00,1200.00,19350.00,FULFILLED
1000004151,20240905,456,2,4,4,12000.00,2520.00,0.00,14520.00,FULFILLED
1000004152,20240905,1666,2,1,1,24000.00,5040.00,0.00,29040.00,FULFILLED
1000004153,20240905,745,2,1,1,12000.00,2520.00,0.00,14520.00,FULFILLED
1000004154,20240905,432,2,4,4,36000.00,7560.00,0.00,43560.00,FULFILLED
1000004156,20240905,1424,2,1,1,32400.00,6804.00,0.00,39204.00,FULFILLED
1000004164,20240906,1403,2,4,4,42000.00,8820.00,0.00,50820.00,FULFILLED
1000004165,20240906,258,2,1,1,15000.00,3150.00,0.00,18150.00,FULFILLED
1000004166,20240906,1151,2,1,1,15000.00,3150.00,0.00,18150.00,FULFILLED
1000004167,20240906,1155,2,2,2,39000.00,8190.00,0.00,47190.00,FULFILLED
1000004168,20240906,1489,2,2,2,12000.00,2520.00,0.00,14520.00,FULFILLED
1000004170,20240906,1121,2,2,2,36000.00,7560.00,0.00,43560.00,FULFILLED
1000004171,20240906,722,2,3,3,24000.00,5040.00,0.00,29040.00,FULFILLED
1000004172,20240906,964,2,3,3,39000.00,8190.00,0.00,47190.00,FULFILLED
1000004173,20240906,1669,2,3,3,24000.00,5040.00,0.00,29040.00,FULFILLED
1000004176,20240906,75,2,1,1,15000.00,3150.00,0.00,18150.00,FULFILLED
1000004177,20240906,1021,2,1,1,42000.00,8820.00,0.00,50820.00,FULFILLED
1000004182,20240907,1497,2,2,2,15000.00,3150.00,1500.00,19650.00,FULFILLED
1000004183,20240907,80,2,2,2,12000.00,2520.00,0.00,14520.00,FULFILLED
1000004184,20240907,1192,2,3,3,45000.00,9450.00,0.00,54450.00,FULFILLED
1000004186,20240907,968,2,3,3,27000.00,5670.00,0.00,32670.00,FULFILLED
1000004187,20240907,1671,2,2,2,24000.00,5040.00,0.00,29040.00,FULFILLED
1000004188,20240907,679,2,3,3,39000.00,8190.00,0.00,47190.00,FULFILLED
1000004190,20240907,143,2,2,2,24000.00,5040.00,0.00,29040.00,FULFILLED
1000004192,20240907,754,2,4,4,24000.00,5040.00,0.00,29040.00,FULFILLED
1000004194,20240907,1209,2,1,1,96000.00,20160.00,0.00,116160.00,FULFILLED
1000004195,20240907,1156,2,2,2,45000.00,9450.00,0.00,54450.00,FULFILLED
1000004208,20240909,1584,2,1,1,54000.00,11340.00,0.00,65340.00,FULFILLED
1000004209,20240909,927,2,3,3,24000.00,5040.00,0.00,29040.00,FULFILLED
1000004210,20240909,803,2,1,1,12000.00,2520.00,0.00,14520.00,FULFILLED
1000004211,20240909,989,2,3,3,48000.00,10080.00,0.00,58080.00,FULFILLED
1000004212,20240909,1675,2,1,1,10800.00,2268.00,0.00,13068.00,FULFILLED
1000004213,20240909,1512,2,2,2,39000.00,8190.00,0.00,47190.00,FULFILLED
1000004215,20240909,1676,2,4,4,30000.00,6300.00,0.00,36300.00,FULFILLED
1000004216,20240909,793,2,2,2,12000.00,2520.00,0.00,14520.00,FULFILLED
1000004217,20240909,1389,2,1,1,27000.00,5670.00,0.00,32670.00,FULFILLED
1000004218,20240909,1583,2,1,1,15000.00,3150.00,0.00,18150.00,FULFILLED
1000004230,20240910,962,2,1,1,42000.00,8820.00,0.00,50820.00,FULFILLED
1000004231,20240910,41,2,1,1,36000.00,7560.00,0.00,43560.00,FULFILLED
1000004235,20240910,1683,2,1,1,45000.00,9450.00,0.00,54450.00,FULFILLED
1000004236,20240910,521,2,4,4,15000.00,3150.00,0.00,18150.00,FULFILLED
1000004237,20240910,646,2,4,4,12000.00,2520.00,0.00,14520.00,FULFILLED
1000004238,20240910,1452,2,1,1,12000.00,2520.00,0.00,14520.00,FULFILLED
1000004240,20240910,799,2,1,1,36000.00,7560.00,0.00,43560.00,FULFILLED
1000004246,20240911,494,2,1,1,42000.00,8820.00,0.00,50820.00,FULFILLED
1000004247,20240911,1688,2,1,1,15000.00,3150.00,0.00,18150.00,FULFILLED
1000004248,20240911,1689,2,1,1,42000.00,8820.00,0.00,50820.00,FULFILLED
1000004250,20240911,1103,2,4,4,21600.00,4536.00,1800.00,27936.00,FULFILLED
1000004251,20240911,1690,2,2,2,27000.00,5670.00,0.00,32670.00,FULFILLED
1000004255,20240911,1015,2,3,3,30000.00,6300.00,0.00,36300.00,FULFILLED
1000004258,20240911,1354,2,3,3,24000.00,5040.00,0.00,29040.00,FULFILLED
1000004263,20240912,1695,2,2,2,51000.00,10710.00,0.00,61710.00,FULFILLED
1000004266,20240912,1291,2,2,2,12000.00,2520.00,0.00,14520.00,FULFILLED
1000004267,20240912,232,2,2,2,15000.00,3150.00,0.00,18150.00,FULFILLED
1000004269,20240912,1157,2,4,4,12000.00,2520.00,0.00,14520.00,FULFILLED
1000004271,20240912,1104,2,1,1,12000.00,2520.00,0.00,14520.00,FULFILLED
1000004272,20240912,1091,2,1,1,12000.00,2520.00,1200.00,15720.00,FULFILLED
1000004274,20240912,987,2,2,2,24000.00,5040.00,0.00,29040.00,FULFILLED
1000004275,20240912,560,2,2,2,48000.00,10080.00,0.00,58080.00,FULFILLED
1000004281,20240913,1472,2,4,4,42000.00,8820.00,0.00,50820.00,FULFILLED
1000004283,20240913,598,2,4,4,12000.00,2520.00,0.00,14520.00,FULFILLED
1000004286,20240913,1697,2,4,4,21600.00,4536.00,0.00,26136.00,FULFILLED
1000004287,20240913,1698,2,3,3,15000.00,3150.00,0.00,18150.00,FULFILLED
1000004289,20240913,900,2,4,4,12000.00,2520.00,0.00,14520.00,FULFILLED
1000004290,20240913,630,2,4,4,24000.00,5040.00,1800.00,30840.00,FULFILLED
1000004292,20240913,1052,2,3,3,24000.00,5040.00,0.00,29040.00,FULFILLED
1000004294,20240913,1144,2,4,4,15000.00,3150.00,0.00,18150.00,FULFILLED
1000004296,20240913,1025,2,3,3,15000.00,3150.00,0.00,18150.00,FULFILLED
1000004299,20240914,1328,2,2,2,15000.00,3150.00,0.00,18150.00,FULFILLED
1000004300,20240914,1701,2,4,4,27000.00,5670.00,0.00,32670.00,FULFILLED
1000004301,20240914,1217,2,4,4,12000.00,2520.00,0.00,14520.00,FULFILLED
1000004302,20240914,1282,2,3,3,45000.00,9450.00,0.00,54450.00,FULFILLED
1000004304,20240914,585,2,2,2,15000.00,3150.00,0.00,18150.00,FULFILLED
1000004305,20240914,1613,2,1,1,30000.00,6300.00,0.00,36300.00,FULFILLED
1000004308,20240914,588,2,2,2,12000.00,2520.00,0.00,14520.00,FULFILLED
1000004310,20240914,1563,2,1,1,39000.00,8190.00,1200.00,48390.00,FULFILLED
1000004311,20240914,1704,2,3,3,24000.00,5040.00,0.00,29040.00,FULFILLED
1000004312,20240914,292,2,4,4,12000.00,2520.00,0.00,14520.00,FULFILLED
1000004326,20240916,961,2,1,1,39000.00,8190.00,0.00,47190.00,FULFILLED
1000004330,20240916,1082,2,1,1,15000.00,3150.00,0.00,18150.00,FULFILLED
1000004331,20240916,1241,2,2,2,12000.00,2520.00,0.00,14520.00,FULFILLED
1000004335,20240916,1711,2,3,3,15000.00,3150.00,0.00,18150.00,FULFILLED
1000004336,20240916,1003,2,3,3,27000.00,5670.00,0.00,32670.00,FULFILLED
1000004338,20240916,732,2,1,1,12000.00,2520.00,0.00,14520.00,REFUNDED
1000004340,20240917,1714,2,2,2,15000.00,3150.00,0.00,18150.00,FULFILLED
1000004341,20240917,435,2,4,4,42000.00,8820.00,1800.00,52620.00,FULFILLED
1000004342,20240917,1484,2,1,1,12000.00,2520.00,0.00,14520.00,FULFILLED
1000004346,20240917,487,2,2,2,15000.00,3150.00,0.00,18150.00,FULFILLED
1000004348,20240917,1571,2,2,2,15000.00,3150.00,0.00,18150.00,FULFILLED
1000004350,20240917,8,2,1,1,36000.00,7560.00,1200.00,44760.00,FULFILLED
1000004361,20240918,1119,2,3,3,36000.00,7560.00,0.00,43560.00,FULFILLED
1000004367,20240918,981,2,2,2,60000.00,12600.00,0.00,72600.00,FULFILLED
1000004369,20240918,1006,2,2,2,63000.00,13230.00,0.00,76230.00,FULFILLED
1000004371,20240918,1499,2,3,3,15000.00,3150.00,0.00,18150.00,FULFILLED
1000004377,20240919,586,2,1,1,60000.00,12600.00,0.00,72600.00,FULFILLED
1000004379,20240919,402,2,3,3,35100.00,7371.00,0.00,42471.00,FULFILLED
1000004381,20240919,617,2,4,4,12000.00,2520.00,0.00,14520.00,FULFILLED
1000004382,20240919,388,2,4,4,15000.00,3150.00,0.00,18150.00,FULFILLED
1000004384,20240919,1205,2,3,3,10800.00,2268.00,0.00,13068.00,FULFILLED
1000004388,20240919,1726,2,1,1,108000.00,22680.00,0.00,130680.00,FULFILLED
1000004389,20240919,1296,2,2,2,15000.00,3150.00,0.00,18150.00,FULFILLED
1000004390,20240919,1727,2,4,4,36000.00,7560.00,0.00,43560.00,FULFILLED
1000004395,20240920,413,2,4,4,12000.00,2520.00,0.00,14520.00,FULFILLED
1000004396,20240920,587,2,4,4,30000.00,6300.00,0.00,36300.00,FULFILLED
1000004399,20240920,718,2,1,1,15000.00,3150.00,0.00,18150.00,FULFILLED
1000004400,20240920,517,2,4,4,12000.00,2520.00,0.00,14520.00,FULFILLED
1000004401,20240920,651,2,1,1,15000.00,3150.00,0.00,18150.00,FULFILLED
1000004402,20240920,1731,2,1,1,27000.00,5670.00,0.00,32670.00,FULFILLED
1000004403,20240920,777,2,4,4,12000.00,2520.00,0.00,14520.00,FULFILLED
1000004414,20240921,273,2,3,3,12000.00,2520.00,0.00,14520.00,FULFILLED
1000004415,20240921,96,2,1,1,15000.00,3150.00,0.00,18150.00,FULFILLED
1000004416,20240921,1413,2,2,2,30000.00,6300.00,0.00,36300.00,FULFILLED
1000004417,20240921,504,2,4,4,12000.00,2520.00,0.00,14520.00,FULFILLED
1000004418,20240921,1735,2,4,4,51000.00,10710.00,0.00,61710.00,FULFILLED
1000004420,20240921,842,2,3,3,36000.00,7560.00,0.00,43560.00,FULFILLED
1000004421,20240921,1737,2,4,4,24000.00,5040.00,0.00,29040.00,FULFILLED
1000004422,20240921,895,2,3,3,15000.00,3150.00,0.00,18150.00,FULFILLED
1000004425,20240921,1739,2,4,4,24000.00,5040.00,0.00,29040.00,FULFILLED
1000004426,20240921,682,2,4,4,24000.00,5040.00,0.00,29040.00,FULFILLED
1000004427,20240921,1740,2,1,1,12000.00,2520.00,0.00,14520.00,FULFILLED
1000004440,20240923,840,2,2,2,43200.00,9072.00,0.00,52272.00,FULFILLED
1000004441,20240923,829,2,3,3,30000.00,6300.00,0.00,36300.00,FULFILLED
1000004444,20240923,1268,2,3,3,13500.00,2835.00,0.00,16335.00,FULFILLED
1000004445,20240923,1519,2,3,3,45000.00,9450.00,0.00,54450.00,FULFILLED
1000004446,20240923,1745,2,3,3,32400.00,6804.00,0.00,39204.00,FULFILLED
1000004447,20240923,1746,2,1,1,24000.00,5040.00,0.00,29040.00,FULFILLED
1000004449,20240923,1747,2,2,2,12000.00,2520.00,0.00,14520.00,FULFILLED
1000004451,20240924,1749,2,2,2,15000.00,3150.00,0.00,18150.00,FULFILLED
1000004452,20240924,177,2,3,3,60000.00,12600.00,0.00,72600.00,FULFILLED
1000004454,20240924,1467,2,2,2,36000.00,7560.00,0.00,43560.00,FULFILLED
1000004457,20240924,1175,2,1,1,12000.00,2520.00,0.00,14520.00,FULFILLED
1000004463,20240924,1491,2,4,4,45000.00,9450.00,0.00,54450.00,FULFILLED
1000004469,20240925,542,2,2,2,24000.00,5040.00,0.00,29040.00,FULFILLED
1000004470,20240925,584,2,3,3,30000.00,6300.00,0.00,36300.00,FULFILLED
1000004472,20240925,686,2,3,3,24000.00,5040.00,0.00,29040.00,FULFILLED
1000004473,20240925,546,2,4,4,12000.00,2520.00,0.00,14520.00,FULFILLED
1000004475,20240925,871,2,4,4,15000.00,3150.00,0.00,18150.00,FULFILLED
1000004476,20240925,441,2,2,2,24000.00,5040.00,0.00,29040.00,FULFILLED
1000004477,20240925,326,2,4,4,24000.00,5040.00,1800.00,30840.00,FULFILLED
1000004478,20240925,684,2,1,1,24000.00,5040.00,0.00,29040.00,FULFILLED
1000004480,20240925,600,2,2,2,12000.00,2520.00,0.00,14520.00,FULFILLED
1000004481,20240925,1147,2,2,2,21600.00,4536.00,0.00,26136.00,FULFILLED
1000004483,20240925,440,2,4,4,12000.00,2520.00,0.00,14520.00,FULFILLED
1000004485,20240925,751,2,3,3,15000.00,3150.00,0.00,18150.00,FULFILLED
1000004489,20240926,1255,2,4,4,15000.00,3150.00,0.00,18150.00,FULFILLED
1000004491,20240926,1757,2,2,2,12000.00,2520.00,0.00,14520.00,FULFILLED
1000004493,20240926,1064,2,2,2,12000.00,2520.00,0.00,14520.00,FULFILLED
1000004494,20240926,1758,2,2,2,12000.00,2520.00,0.00,14520.00,FULFILLED
1000004497,20240926,1209,2,1,1,12000.00,2520.00,0.00,14520.00,FULFILLED
1000004498,20240926,536,2,3,3,30000.00,6300.00,0.00,36300.00,FULFILLED
1000004500,20240926,1759,2,4,4,12000.00,2520.00,0.00,14520.00,FULFILLED
1000004501,20240926,1583,2,1,1,12000.00,2520.00,0.00,14520.00,FULFILLED
1000004502,20240926,1760,2,4,4,69000.00,14490.00,0.00,83490.00,FULFILLED
1000004505,20240927,430,2,4,4,32400.00,6804.00,0.00,39204.00,FULFILLED
1000004506,20240927,762,2,2,2,15000.00,3150.00,0.00,18150.00,FULFILLED
1000004508,20240927,76,2,2,2,15000.00,3150.00,1500.00,19650.00,FULFILLED
1000004511,20240927,491,2,2,2,30000.00,6300.00,0.00,36300.00,CANCELLED
1000004512,20240927,853,2,2,2,15000.00,3150.00,0.00,18150.00,FULFILLED
1000004513,20240927,749,2,1,1,15000.00,3150.00,0.00,18150.00,FULFILLED
1000004514,20240927,1437,2,3,3,108000.00,22680.00,0.00,130680.00,FULFILLED
1000004519,20240928,37,2,1,1,24000.00,5040.00,0.00,29040.00,FULFILLED
1000004520,20240928,1320,2,2,2,57000.00,11970.00,0.00,68970.00,FULFILLED
1000004521,20240928,761,2,1,1,48000.00,10080.00,0.00,58080.00,FULFILLED
1000004522,20240928,1664,2,1,1,27000.00,5670.00,0.00,32670.00,FULFILLED
1000004523,20240928,1493,2,1,1,12000.00,2520.00,0.00,14520.00,FULFILLED
1000004524,20240928,1409,2,3,3,15000.00,3150.00,0.00,18150.00,FULFILLED
1000004526,20240928,413,2,4,4,13500.00,2835.00,0.00,16335.00,FULFILLED
1000004527,20240928,1763,2,3,3,24000.00,5040.00,0.00,29040.00,FULFILLED
1000004529,20240928,304,2,3,3,12000.00,2520.00,0.00,14520.00,FULFILLED
1000004530,20240928,1044,2,3,3,45000.00,9450.00,0.00,54450.00,FULFILLED
1000004531,20240928,1495,2,1,1,48000.00,10080.00,0.00,58080.00,FULFILLED
1000004546,20240930,1655,2,3,3,15000.00,3150.00,0.00,18150.00,FULFILLED
1000004547,20240930,1327,2,4,4,12000.00,2520.00,0.00,14520.00,FULFILLED
1000004550,20240930,101,2,2,2,30000.00,6300.00,0.00,36300.00,FULFILLED
1000004551,20240930,386,2,4,4,24000.00,5040.00,0.00,29040.00,FULFILLED
1000004561,20241001,1226,2,4,4,12000.00,2520.00,0.00,14520.00,FULFILLED
1000004564,20241001,1045,2,1,1,12000.00,2520.00,0.00,14520.00,FULFILLED
1000004565,20241001,1113,2,1,1,30000.00,6300.00,0.00,36300.00,FULFILLED
1000004567,20241001,1527,2,1,1,30000.00,6300.00,0.00,36300.00,FULFILLED
1000004569,20241001,474,2,4,4,30000.00,6300.00,0.00,36300.00,FULFILLED
1000004573,20241001,630,2,4,4,12000.00,2520.00,0.00,14520.00,FULFILLED
1000004577,20241002,1775,2,1,1,69000.00,14490.00,0.00,83490.00,FULFILLED
1000004580,20241002,1459,2,3,3,15000.00,3150.00,0.00,18150.00,FULFILLED
1000004583,20241002,1332,2,3,3,27000.00,5670.00,0.00,32670.00,FULFILLED
1000004584,20241002,1041,2,3,3,15000.00,3150.00,0.00,18150.00,FULFILLED
1000004586,20241002,1148,2,3,3,30000.00,6300.00,0.00,36300.00,FULFILLED
1000004589,20241003,462,2,1,1,24000.00,5040.00,0.00,29040.00,FULFILLED
1000004591,20241003,728,2,1,1,48000.00,10080.00,0.00,58080.00,FULFILLED
1000004593,20241003,395,2,1,1,24000.00,5040.00,0.00,29040.00,FULFILLED
1000004594,20241003,1085,2,3,3,24300.00,5103.00,0.00,29403.00,FULFILLED
1000004596,20241003,1640,2,4,4,27000.00,5670.00,0.00,32670.00,FULFILLED
1000004599,20241003,616,2,3,3,12000.00,2520.00,0.00,14520.00,FULFILLED
1000004606,20241004,795,2,2,2,42000.00,8820.00,0.00,50820.00,FULFILLED
1000004607,20241004,1130,2,1,1,32400.00,6804.00,0.00,39204.00,REFUNDED
1000004608,20241004,973,2,2,2,24000.00,5040.00,0.00,29040.00,FULFILLED
1000004609,20241004,754,2,4,4,27000.00,5670.00,0.00,32670.00,FULFILLED
1000004610,20241004,1692,2,1,1,12000.00,2520.00,0.00,14520.00,CANCELLED
1000004611,20241004,1156,2,2,2,12000.00,2520.00,0.00,14520.00,CANCELLED
1000004613,20241004,1618,2,2,2,24000.00,5040.00,0.00,29040.00,CANCELLED
1000004614,20241004,1304,2,2,2,12000.00,2520.00,1500.00,16020.00,FULFILLED
1000004615,20241004,1585,2,3,3,12000.00,2520.00,0.00,14520.00,FULFILLED
1000004616,20241004,331,2,2,2,24000.00,5040.00,0.00,29040.00,FULFILLED
1000004617,20241004,972,2,1,1,12000.00,2520.00,0.00,14520.00,FULFILLED
1000004619,20241004,1318,2,2,2,15000.00,3150.00,0.00,18150.00,FULFILLED
1000004620,20241004,1782,2,4,4,15000.00,3150.00,0.00,18150.00,FULFILLED
1000004627,20241005,1676,2,4,4,12000.00,2520.00,0.00,14520.00,FULFILLED
1000004628,20241005,1785,2,3,3,12000.00,2520.00,1500.00,16020.00,FULFILLED
1000004630,20241005,1787,2,2,2,15000.00,3150.00,0.00,18150.00,FULFILLED
1000004631,20241005,1788,2,1,1,15000.00,3150.00,0.00,18150.00,FULFILLED
1000004636,20241005,1236,2,1,1,12000.00,2520.00,0.00,14520.00,FULFILLED
1000004653,20241007,1333,2,1,1,36000.00,7560.00,0.00,43560.00,FULFILLED
1000004654,20241007,1792,2,2,2,24000.00,5040.00,0.00,29040.00,FULFILLED
1000004655,20241007,1122,2,1,1,39000.00,8190.00,0.00,47190.00,FULFILLED
1000004658,20241007,1272,2,2,2,39000.00,8190.00,0.00,47190.00,FULFILLED
1000004663,20241007,407,2,4,4,30000.00,6300.00,0.00,36300.00,FULFILLED
1000004676,20241008,1138,2,1,1,81600.00,17136.00,0.00,98736.00,FULFILLED
1000004679,20241008,966,2,2,2,12000.00,2520.00,0.00,14520.00,FULFILLED
1000004681,20241008,1441,2,3,3,45000.00,9450.00,0.00,54450.00,FULFILLED
1000004684,20241008,1245,2,2,2,24000.00,5040.00,0.00,29040.00,FULFILLED
1000004685,20241008,1642,2,3,3,15000.00,3150.00,0.00,18150.00,FULFILLED
1000004687,20241008,162,2,3,3,39000.00,8190.00,1500.00,48690.00,FULFILLED
1000004688,20241008,763,2,2,2,42000.00,8820.00,0.00,50820.00,FULFILLED
1000004689,20241008,376,2,4,4,45000.00,9450.00,0.00,54450.00,FULFILLED
1000004699,20241009,1269,2,4,4,12000.00,2520.00,0.00,14520.00,FULFILLED
1000004701,20241009,1221,2,2,2,24000.00,5040.00,0.00,29040.00,FULFILLED
1000004702,20241009,1042,2,1,1,30000.00,6300.00,0.00,36300.00,FULFILLED
1000004705,20241009,1513,2,2,2,15000.00,3150.00,0.00,18150.00,FULFILLED
1000004709,20241009,1800,2,4,4,15000.00,3150.00,0.00,18150.00,FULFILLED
1000004710,20241009,203,2,2,2,12000.00,2520.00,0.00,14520.00,FULFILLED
1000004712,20241009,519,2,3,3,27000.00,5670.00,0.00,32670.00,FULFILLED
1000004713,20241009,138,2,1,1,24000.00,5040.00,0.00,29040.00,FULFILLED
1000004719,20241010,1263,2,1,1,39000.00,8190.00,1200.00,48390.00,FULFILLED
1000004723,20241010,185,2,1,1,15000.00,3150.00,0.00,18150.00,FULFILLED
1000004725,20241010,502,2,2,2,60000.00,12600.00,0.00,72600.00,FULFILLED
1000004727,20241010,1261,2,2,2,15000.00,3150.00,0.00,18150.00,FULFILLED
1000004731,20241010,1803,2,1,1,24000.00,5040.00,0.00,29040.00,FULFILLED
1000004733,20241010,1804,2,4,4,15000.00,3150.00,0.00,18150.00,FULFILLED
1000004734,20241010,614,2,3,3,30000.00,6300.00,0.00,36300.00,FULFILLED
1000004748,20241011,1807,2,1,1,15000.00,3150.00,0.00,18150.00,FULFILLED
1000004752,20241011,1809,2,2,2,42000.00,8820.00,0.00,50820.00,FULFILLED
1000004753,20241011,477,2,3,3,15000.00,3150.00,0.00,18150.00,FULFILLED
1000004754,20241011,1400,2,3,3,36000.00,7560.00,1500.00,45060.00,FULFILLED
1000004755,20241011,463,2,3,3,15000.00,3150.00,0.00,18150.00,FULFILLED
1000004756,20241011,949,2,3,3,39000.00,8190.00,0.00,47190.00,FULFILLED
1000004759,20241011,1432,2,4,4,24000.00,5040.00,0.00,29040.00,FULFILLED
1000004762,20241011,618,2,4,4,69000.00,14490.00,0.00,83490.00,CANCELLED
1000004763,20241011,613,2,4,4,36000.00,7560.00,0.00,43560.00,FULFILLED
1000004765,20241011,1031,2,3,3,36000.00,7560.00,0.00,43560.00,FULFILLED
1000004766,20241011,1155,2,2,2,30000.00,6300.00,0.00,36300.00,FULFILLED
1000004767,20241011,1281,2,3,3,39000.00,8190.00,0.00,47190.00,FULFILLED
1000004775,20241012,1814,2,4,4,27000.00,5670.00,0.00,32670.00,FULFILLED
1000004776,20241012,1671,2,2,2,15000.00,3150.00,0.00,18150.00,FULFILLED
1000004778,20241012,1816,2,1,1,24000.00,5040.00,0.00,29040.00,FULFILLED
1000004779,20241012,1817,2,4,4,15000.00,3150.00,0.00,18150.00,FULFILLED
1000004780,20241012,1818,2,3,3,27000.00,5670.00,0.00,32670.00,FULFILLED
1000004782,20241012,1819,2,4,4,57000.00,11970.00,0.00,68970.00,FULFILLED
1000004783,20241012,1820,2,1,1,15000.00,3150.00,0.00,18150.00,FULFILLED
1000004784,20241012,907,2,3,3,15000.00,3150.00,0.00,18150.00,FULFILLED
1000004785,20241012,1546,2,1,1,24000.00,5040.00,0.00,29040.00,FULFILLED
1000004787,20241012,1468,2,1,1,12000.00,2520.00,1200.00,15720.00,FULFILLED
1000004788,20241012,245,2,2,2,63000.00,13230.00,0.00,76230.00,FULFILLED
1000004789,20241012,338,2,1,1,27000.00,5670.00,0.00,32670.00,FULFILLED
1000004790,20241012,662,2,3,3,15000.00,3150.00,0.00,18150.00,FULFILLED
1000004791,20241012,1822,2,1,1,27000.00,5670.00,0.00,32670.00,FULFILLED
1000004792,20241012,1277,2,1,1,12000.00,2520.00,0.00,14520.00,FULFILLED
1000004794,20241012,1376,2,3,3,24000.00,5040.00,0.00,29040.00,FULFILLED
1000004795,20241012,1040,2,2,2,12000.00,2520.00,0.00,14520.00,FULFILLED
1000004817,20241014,571,2,4,4,12000.00,2520.00,0.00,14520.00,FULFILLED
1000004819,20241014,1829,2,4,4,15000.00,3150.00,0.00,18150.00,FULFILLED
1000004823,20241014,38,2,1,1,39000.00,8190.00,0.00,47190.00,FULFILLED
1000004825,20241014,235,2,1,1,142800.00,29988.00,0.00,172788.00,FULFILLED
1000004829,20241014,1831,2,3,3,60000.00,12600.00,0.00,72600.00,FULFILLED
1000004837,20241015,434,2,4,4,27000.00,5670.00,0.00,32670.00,FULFILLED
1000004838,20241015,1363,2,3,3,36000.00,7560.00,0.00,43560.00,FULFILLED
1000004841,20241015,1836,2,2,2,24000.00,5040.00,0.00,29040.00,FULFILLED
1000004842,20241015,588,2,2,2,39000.00,8190.00,0.00,47190.00,FULFILLED
1000004847,20241015,1488,2,3,3,24000.00,5040.00,0.00,29040.00,FULFILLED
1000004849,20241015,1355,2,4,4,36000.00,7560.00,0.00,43560.00,FULFILLED
1000004851,20241015,1153,2,4,4,12000.00,2520.00,0.00,14520.00,FULFILLED
1000004852,20241015,71,2,2,2,24000.00,5040.00,1500.00,30540.00,FULFILLED
1000004853,20241015,1146,2,4,4,60000.00,12600.00,0.00,72600.00,FULFILLED
1000004854,20241015,729,2,3,3,12000.00,2520.00,0.00,14520.00,FULFILLED
1000004857,20241016,1192,2,3,3,24000.00,5040.00,0.00,29040.00,FULFILLED
1000004858,20241016,1838,2,3,3,36000.00,7560.00,0.00,43560.00,FULFILLED
1000004861,20241016,215,2,1,1,24000.00,5040.00,0.00,29040.00,FULFILLED
1000004865,20241016,679,2,3,3,64800.00,13608.00,0.00,78408.00,FULFILLED
1000004867,20241016,1354,2,3,3,12000.00,2520.00,0.00,14520.00,FULFILLED
1000004868,20241016,1839,2,4,4,12000.00,2520.00,0.00,14520.00,FULFILLED
1000004869,20241016,903,2,2,2,15000.00,3150.00,0.00,18150.00,FULFILLED
1000004871,20241016,1635,2,2,2,54000.00,11340.00,0.00,65340.00,FULFILLED
1000004872,20241016,954,2,2,2,24000.00,5040.00,0.00,29040.00,FULFILLED
1000004874,20241016,803,2,1,1,45000.00,9450.00,0.00,54450.00,FULFILLED
1000004875,20241016,583,2,4,4,24000.00,5040.00,0.00,29040.00,FULFILLED
1000004876,20241016,1840,2,3,3,12000.00,2520.00,0.00,14520.00,FULFILLED
1000004883,20241017,1456,2,2,2,30000.00,6300.00,0.00,36300.00,FULFILLED
1000004884,20241017,1678,2,1,1,32400.00,6804.00,0.00,39204.00,FULFILLED
1000004886,20241017,1843,2,3,3,21600.00,4536.00,0.00,26136.00,FULFILLED
1000004887,20241017,1603,2,4,4,27000.00,5670.00,0.00,32670.00,FULFILLED
1000004888,20241017,492,2,4,4,24000.00,5040.00,0.00,29040.00,FULFILLED
1000004889,20241017,1844,2,4,4,36000.00,7560.00,0.00,43560.00,FULFILLED
1000004890,20241017,475,2,2,2,24000.00,5040.00,0.00,29040.00,FULFILLED
1000004891,20241017,143,2,2,2,30000.00,6300.00,0.00,36300.00,FULFILLED
1000004893,20241017,871,2,4,4,66000.00,13860.00,0.00,79860.00,FULFILLED
1000004894,20241017,1846,2,1,1,15000.00,3150.00,0.00,18150.00,FULFILLED
1000004895,20241017,426,2,1,1,45000.00,9450.00,0.00,54450.00,FULFILLED
1000004897,20241017,936,2,4,4,15000.00,3150.00,0.00,18150.00,FULFILLED
1000004899,20241017,1489,2,2,2,12000.00,2520.00,0.00,14520.00,FULFILLED
1000004900,20241017,1010,2,3,3,24000.00,5040.00,0.00,29040.00,FULFILLED
1000004901,20241017,93,2,2,2,12000.00,2520.00,0.00,14520.00,FULFILLED
1000004906,20241018,1382,2,2,2,24000.00,5040.00,0.00,29040.00,FULFILLED
1000004909,20241018,1689,2,1,1,15000.00,3150.00,0.00,18150.00,FULFILLED
1000004910,20241018,1494,2,1,1,15000.00,3150.00,0.00,18150.00,FULFILLED
1000004912,20241018,1662,2,1,1,72000.00,15120.00,0.00,87120.00,FULFILLED
1000004914,20241018,51,2,1,1,12000.00,2520.00,0.00,14520.00,FULFILLED
1000004917,20241018,1848,2,2,2,12000.00,2520.00,0.00,14520.00,REFUNDED
1000004918,20241018,1759,2,4,4,30000.00,6300.00,0.00,36300.00,FULFILLED
1000004921,20241018,1589,2,1,1,39000.00,8190.00,0.00,47190.00,FULFILLED
1000004927,20241019,1296,2,2,2,81000.00,17010.00,0.00,98010.00,CANCELLED
1000004929,20241019,896,2,2,2,12000.00,2520.00,0.00,14520.00,FULFILLED
1000004931,20241019,1419,2,3,3,27000.00,5670.00,0.00,32670.00,FULFILLED
1000004932,20241019,1157,2,4,4,45000.00,9450.00,0.00,54450.00,FULFILLED
1000004933,20241019,258,2,1,1,15000.00,3150.00,0.00,18150.00,FULFILLED
1000004935,20241019,1586,2,1,1,70200.00,14742.00,0.00,84942.00,FULFILLED
1000004936,20241019,1572,2,3,3,48000.00,10080.00,0.00,58080.00,FULFILLED
1000004938,20241019,545,2,3,3,12000.00,2520.00,0.00,14520.00,FULFILLED
1000004939,20241019,1208,2,2,2,12000.00,2520.00,0.00,14520.00,FULFILLED
1000004940,20241019,1594,2,3,3,36000.00,7560.00,0.00,43560.00,FULFILLED
1000004941,20241019,1235,2,4,4,13500.00,2835.00,0.00,16335.00,FULFILLED
1000004942,20241019,1308,2,3,3,12000.00,2520.00,0.00,14520.00,FULFILLED
1000004943,20241019,213,2,3,3,12000.00,2520.00,0.00,14520.00,FULFILLED
1000004945,20241019,1520,2,4,4,15000.00,3150.00,0.00,18150.00,FULFILLED
1000004947,20241019,1262,2,1,1,30000.00,6300.00,0.00,36300.00,FULFILLED
1000004948,20241019,1367,2,4,4,15000.00,3150.00,0.00,18150.00,FULFILLED
1000004966,20241021,880,2,2,2,24000.00,5040.00,0.00,29040.00,FULFILLED
1000004970,20241021,1450,2,3,3,12000.00,2520.00,1500.00,16020.00,FULFILLED
1000004977,20241022,1856,2,1,1,24000.00,5040.00,0.00,29040.00,FULFILLED
1000004982,20241022,199,2,3,3,36000.00,7560.00,0.00,43560.00,FULFILLED
1000004983,20241022,897,2,2,2,15000.00,3150.00,0.00,18150.00,FULFILLED
1000004984,20241022,1858,2,4,4,36000.00,7560.00,1800.00,45360.00,FULFILLED
1000004987,20241022,1860,2,2,2,15000.00,3150.00,0.00,18150.00,FULFILLED
1000004992,20241023,1731,2,1,1,15000.00,3150.00,0.00,18150.00,FULFILLED
1000004993,20241023,1861,2,1,1,12000.00,2520.00,0.00,14520.00,FULFILLED
1000004996,20241023,209,2,1,1,15000.00,3150.00,0.00,18150.00,FULFILLED
1000004997,20241023,1863,2,3,3,27000.00,5670.00,0.00,32670.00,FULFILLED
1000004998,20241023,1569,2,1,1,12000.00,2520.00,0.00,14520.00,FULFILLED
1000004999,20241023,1334,2,4,4,30000.00,6300.00,1800.00,38100.00,FULFILLED
1000005001,20241023,146,2,1,1,15000.00,3150.00,0.00,18150.00,FULFILLED
1000005006,20241024,571,2,4,4,39000.00,8190.00,0.00,47190.00,FULFILLED
1000005008,20241024,40,2,1,1,15000.00,3150.00,1200.00,19350.00,FULFILLED
1000005010,20241024,1389,2,1,1,24000.00,5040.00,0.00,29040.00,FULFILLED
1000005022,20241025,862,2,4,4,57000.00,11970.00,0.00,68970.00,FULFILLED
1000005024,20241025,1493,2,1,1,12000.00,2520.00,0.00,14520.00,FULFILLED
1000005026,20241025,1033,2,2,2,30000.00,6300.00,0.00,36300.00,FULFILLED
1000005027,20241025,380,2,3,3,12000.00,2520.00,0.00,14520.00,FULFILLED
1000005029,20241025,515,2,3,3,24300.00,5103.00,0.00,29403.00,FULFILLED
1000005032,20241025,1873,2,3,3,12000.00,2520.00,0.00,14520.00,FULFILLED
1000005034,20241026,795,2,2,2,12000.00,2520.00,0.00,14520.00,FULFILLED
1000005035,20241026,1875,2,3,3,10800.00,2268.00,0.00,13068.00,FULFILLED
1000005036,20241026,75,2,1,1,15000.00,3150.00,0.00,18150.00,FULFILLED
1000005037,20241026,374,2,1,1,30000.00,6300.00,0.00,36300.00,FULFILLED
1000005039,20241026,866,2,3,3,12000.00,2520.00,0.00,14520.00,FULFILLED
1000005041,20241026,1246,2,4,4,60000.00,12600.00,0.00,72600.00,FULFILLED
1000005042,20241026,987,2,2,2,12000.00,2520.00,0.00,14520.00,FULFILLED
1000005043,20241026,665,2,3,3,12000.00,2520.00,1500.00,16020.00,FULFILLED
1000005044,20241026,1261,2,2,2,30000.00,6300.00,0.00,36300.00,FULFILLED
1000005045,20241026,1758,2,2,2,24000.00,5040.00,0.00,29040.00,FULFILLED
1000005046,20241026,1877,2,2,2,15000.00,3150.00,0.00,18150.00,FULFILLED
1000005047,20241026,1482,2,2,2,30000.00,6300.00,0.00,36300.00,FULFILLED
1000005068,20241028,1883,2,4,4,12000.00,2520.00,0.00,14520.00,FULFILLED
1000005069,20241028,158,2,3,3,24000.00,5040.00,0.00,29040.00,FULFILLED
1000005070,20241028,1884,2,1,1,15000.00,3150.00,0.00,18150.00,FULFILLED
1000005071,20241028,1886,2,1,1,60000.00,12600.00,0.00,72600.00,FULFILLED
1000005075,20241028,1326,2,1,1,45000.00,9450.00,0.00,54450.00,FULFILLED
1000005077,20241028,1354,2,3,3,12000.00,2520.00,0.00,14520.00,FULFILLED
1000005078,20241028,1197,2,4,4,12000.00,2520.00,0.00,14520.00,FULFILLED
1000005079,20241028,1602,2,2,2,10800.00,2268.00,0.00,13068.00,FULFILLED
1000005080,20241028,208,2,3,3,24000.00,5040.00,0.00,29040.00,FULFILLED
1000005082,20241028,1888,2,1,1,12000.00,2520.00,0.00,14520.00,FULFILLED
1000005084,20241028,752,2,1,1,27000.00,5670.00,0.00,32670.00,FULFILLED
1000005089,20241029,1497,2,2,2,12000.00,2520.00,0.00,14520.00,FULFILLED
1000005090,20241029,1138,2,1,1,30000.00,6300.00,0.00,36300.00,FULFILLED
1000005094,20241029,1890,2,3,3,15000.00,3150.00,0.00,18150.00,FULFILLED
1000005097,20241029,273,2,3,3,42000.00,8820.00,0.00,50820.00,FULFILLED
1000005098,20241029,205,2,3,3,48000.00,10080.00,0.00,58080.00,FULFILLED
1000005100,20241029,138,2,1,1,36000.00,7560.00,0.00,43560.00,FULFILLED
1000005112,20241030,1697,2,4,4,30000.00,6300.00,0.00,36300.00,FULFILLED
1000005114,20241030,1571,2,2,2,30000.00,6300.00,0.00,36300.00,FULFILLED
1000005115,20241030,1584,2,1,1,30000.00,6300.00,0.00,36300.00,FULFILLED
1000005116,20241030,1792,2,2,2,24000.00,5040.00,0.00,29040.00,FULFILLED
1000005117,20241030,1895,2,2,2,35100.00,7371.00,0.00,42471.00,REFUNDED
1000005118,20241030,1896,2,2,2,165750.00,34807.50,0.00,200557.50,FULFILLED
1000005120,20241030,37,2,1,1,15000.00,3150.00,0.00,18150.00,FULFILLED
1000005121,20241030,1377,2,4,4,12000.00,2520.00,0.00,14520.00,FULFILLED
1000005131,20241031,302,2,3,3,12000.00,2520.00,0.00,14520.00,FULFILLED
1000005132,20241031,1112,2,1,1,24000.00,5040.00,0.00,29040.00,FULFILLED
1000005134,20241031,1441,2,3,3,12000.00,2520.00,0.00,14520.00,FULFILLED
1000005135,20241031,754,2,4,4,108000.00,22680.00,0.00,130680.00,FULFILLED
1000005137,20241031,966,2,2,2,24000.00,5040.00,0.00,29040.00,FULFILLED
1000005138,20241031,1430,2,2,2,60000.00,12600.00,0.00,72600.00,FULFILLED
1000005139,20241031,825,2,1,1,42000.00,8820.00,0.00,50820.00,FULFILLED
1000005141,20241031,474,2,4,4,93000.00,19530.00,0.00,112530.00,FULFILLED
1000005142,20241031,1573,2,2,2,12000.00,2520.00,0.00,14520.00,FULFILLED
1000005143,20241031,1899,2,1,1,42000.00,8820.00,0.00,50820.00,FULFILLED
1000005145,20241031,651,2,1,1,15000.00,3150.00,0.00,18150.00,FULFILLED
1000005149,20241101,602,2,4,4,39000.00,8190.00,0.00,47190.00,FULFILLED
1000005150,20241101,580,2,3,3,12000.00,2520.00,0.00,14520.00,FULFILLED
1000005151,20241101,936,2,4,4,24000.00,5040.00,0.00,29040.00,FULFILLED
1000005152,20241101,1900,2,2,2,72000.00,15120.00,0.00,87120.00,FULFILLED
1000005153,20241101,458,2,1,1,15000.00,3150.00,0.00,18150.00,FULFILLED
1000005154,20241101,1478,2,3,3,48000.00,10080.00,0.00,58080.00,FULFILLED
1000005156,20241101,972,2,1,1,12000.00,2520.00,0.00,14520.00,FULFILLED
1000005157,20241101,896,2,2,2,45000.00,9450.00,0.00,54450.00,FULFILLED
1000005160,20241101,1003,2,3,3,15000.00,3150.00,0.00,18150.00,FULFILLED
1000005161,20241101,1522,2,3,3,13500.00,2835.00,0.00,16335.00,FULFILLED
1000005162,20241101,1196,2,1,1,15000.00,3150.00,0.00,18150.00,FULFILLED
1000005163,20241101,867,2,3,3,54000.00,11340.00,0.00,65340.00,FULFILLED
1000005164,20241101,80,2,2,2,42000.00,8820.00,0.00,50820.00,FULFILLED
1000005170,20241102,770,2,1,1,48000.00,10080.00,0.00,58080.00,FULFILLED
1000005171,20241102,1363,2,3,3,39000.00,8190.00,0.00,47190.00,FULFILLED
1000005172,20241102,1904,2,2,2,15000.00,3150.00,0.00,18150.00,FULFILLED
1000005173,20241102,306,2,1,1,45000.00,9450.00,0.00,54450.00,FULFILLED
1000005174,20241102,1319,2,2,2,12000.00,2520.00,0.00,14520.00,FULFILLED
1000005175,20241102,1905,2,4,4,45000.00,9450.00,0.00,54450.00,FULFILLED
1000005176,20241102,641,2,3,3,12000.00,2520.00,0.00,14520.00,FULFILLED
1000005177,20241102,698,2,2,2,30000.00,6300.00,0.00,36300.00,FULFILLED
1000005178,20241102,895,2,3,3,13500.00,2835.00,0.00,16335.00,FULFILLED
1000005179,20241102,1466,2,2,2,15000.00,3150.00,0.00,18150.00,FULFILLED
1000005180,20241102,749,2,1,1,15000.00,3150.00,0.00,18150.00,FULFILLED
1000005182,20241102,1906,2,1,1,10800.00,2268.00,1200.00,14268.00,FULFILLED
1000005183,20241102,320,2,3,3,12000.00,2520.00,0.00,14520.00,FULFILLED
1000005184,20241102,617,2,4,4,84000.00,17640.00,0.00,101640.00,FULFILLED
1000005201,20241104,1640,2,4,4,27000.00,5670.00,0.00,32670.00,FULFILLED
1000005203,20241104,1912,2,4,4,42000.00,8820.00,0.00,50820.00,FULFILLED
1000005214,20241104,1086,2,4,4,10800.00,2268.00,0.00,13068.00,FULFILLED
1000005215,20241104,1472,2,4,4,70200.00,14742.00,0.00,84942.00,FULFILLED
1000005219,20241104,330,2,1,1,10800.00,2268.00,0.00,13068.00,FULFILLED
1000005221,20241104,536,2,3,3,21600.00,4536.00,0.00,26136.00,FULFILLED
1000005240,20241105,1918,2,2,2,10800.00,2268.00,0.00,13068.00,FULFILLED
1000005242,20241105,1443,2,1,1,24000.00,5040.00,0.00,29040.00,FULFILLED
1000005251,20241105,477,2,3,3,37800.00,7938.00,1500.00,47238.00,FULFILLED
1000005254,20241105,127,2,2,2,15000.00,3150.00,0.00,18150.00,FULFILLED
1000005257,20241105,710,2,3,3,10800.00,2268.00,1500.00,14568.00,FULFILLED
1000005258,20241105,1154,2,1,1,24000.00,5040.00,0.00,29040.00,FULFILLED
1000005278,20241106,1926,2,2,2,62100.00,13041.00,0.00,75141.00,FULFILLED
1000005280,20241106,979,2,2,2,15000.00,3150.00,0.00,18150.00,REFUNDED
1000005282,20241106,1563,2,1,1,12000.00,2520.00,0.00,14520.00,FULFILLED
1000005283,20241106,1376,2,3,3,45000.00,9450.00,0.00,54450.00,FULFILLED
1000005284,20241106,1245,2,2,2,35100.00,7371.00,0.00,42471.00,FULFILLED
1000005291,20241106,718,2,1,1,24000.00,5040.00,0.00,29040.00,FULFILLED
1000005292,20241106,1149,2,4,4,42000.00,8820.00,0.00,50820.00,FULFILLED
1000005294,20241106,193,2,2,2,165750.00,34807.50,0.00,200557.50,FULFILLED
1000005297,20241106,1517,2,2,2,12000.00,2520.00,0.00,14520.00,REFUNDED
1000005298,20241106,1930,2,1,1,37800.00,7938.00,0.00,45738.00,FULFILLED
1000005313,20241107,1041,2,3,3,42000.00,8820.00,0.00,50820.00,FULFILLED
1000005316,20241107,1372,2,1,1,30000.00,6300.00,0.00,36300.00,FULFILLED
1000005318,20241107,1025,2,3,3,12000.00,2520.00,0.00,14520.00,FULFILLED
1000005319,20241107,1934,2,1,1,24000.00,5040.00,0.00,29040.00,FULFILLED
1000005320,20241107,1139,2,3,3,45000.00,9450.00,0.00,54450.00,FULFILLED
1000005321,20241107,1935,2,2,2,27000.00,5670.00,0.00,32670.00,FULFILLED
1000005325,20241107,1840,2,3,3,12000.00,2520.00,0.00,14520.00,FULFILLED
1000005327,20241107,431,2,1,1,15000.00,3150.00,0.00,18150.00,FULFILLED
1000005334,20241108,442,2,2,2,24000.00,5040.00,1500.00,30540.00,FULFILLED
1000005338,20241108,508,2,2,2,12000.00,2520.00,0.00,14520.00,FULFILLED
1000005339,20241108,686,2,3,3,27000.00,5670.00,0.00,32670.00,FULFILLED
1000005340,20241108,1776,2,3,3,12000.00,2520.00,0.00,14520.00,FULFILLED
1000005343,20241108,961,2,1,1,56700.00,11907.00,0.00,68607.00,FULFILLED
1000005344,20241108,722,2,3,3,12000.00,2520.00,0.00,14520.00,FULFILLED
1000005345,20241108,1937,2,1,1,12000.00,2520.00,0.00,14520.00,FULFILLED
1000005346,20241108,556,2,4,4,12000.00,2520.00,0.00,14520.00,FULFILLED
1000005358,20241109,750,2,1,1,12000.00,2520.00,0.00,14520.00,FULFILLED
1000005359,20241109,250,2,3,3,15000.00,3150.00,0.00,18150.00,FULFILLED
1000005360,20241109,194,2,1,1,27000.00,5670.00,0.00,32670.00,FULFILLED
1000005361,20241109,1204,2,3,3,15000.00,3150.00,0.00,18150.00,FULFILLED
1000005362,20241109,1942,2,3,3,57000.00,11970.00,0.00,68970.00,FULFILLED
1000005371,20241109,934,2,1,1,30000.00,6300.00,0.00,36300.00,FULFILLED
1000005372,20241109,1944,2,1,1,15000.00,3150.00,0.00,18150.00,FULFILLED
1000005373,20241109,1609,2,1,1,15000.00,3150.00,0.00,18150.00,FULFILLED
1000005374,20241109,1263,2,1,1,69000.00,14490.00,0.00,83490.00,FULFILLED
1000005393,20241111,1745,2,3,3,12000.00,2520.00,0.00,14520.00,FULFILLED
1000005394,20241111,331,2,2,2,178500.00,37485.00,0.00,215985.00,FULFILLED
1000005395,20241111,1045,2,1,1,12000.00,2520.00,0.00,14520.00,FULFILLED
1000005397,20241111,925,2,2,2,45000.00,9450.00,0.00,54450.00,FULFILLED
1000005398,20241111,1948,2,2,2,27000.00,5670.00,0.00,32670.00,FULFILLED
1000005399,20241111,291,2,2,2,30000.00,6300.00,0.00,36300.00,FULFILLED
1000005401,20241111,437,2,4,4,12000.00,2520.00,0.00,14520.00,FULFILLED
1000005402,20241111,1205,2,3,3,12000.00,2520.00,0.00,14520.00,FULFILLED
1000005412,20241112,1367,2,4,4,24000.00,5040.00,0.00,29040.00,FULFILLED
1000005414,20241112,1952,2,1,1,15000.00,3150.00,0.00,18150.00,FULFILLED
1000005418,20241112,227,2,3,3,12000.00,2520.00,0.00,14520.00,FULFILLED
1000005420,20241112,1083,2,2,2,15000.00,3150.00,0.00,18150.00,FULFILLED
1000005421,20241112,1704,2,3,3,15000.00,3150.00,0.00,18150.00,FULFILLED
1000005423,20241112,1269,2,4,4,15000.00,3150.00,0.00,18150.00,FULFILLED
1000005431,20241113,266,2,1,1,24000.00,5040.00,0.00,29040.00,FULFILLED
1000005434,20241113,1958,2,1,1,27000.00,5670.00,0.00,32670.00,FULFILLED
1000005437,20241113,859,2,2,2,15000.00,3150.00,0.00,18150.00,FULFILLED
1000005438,20241113,1960,2,2,2,15000.00,3150.00,0.00,18150.00,FULFILLED
1000005441,20241113,276,2,2,2,15000.00,3150.00,0.00,18150.00,FULFILLED
1000005442,20241113,1669,2,3,3,96000.00,20160.00,0.00,116160.00,FULFILLED
1000005444,20241113,199,2,3,3,15000.00,3150.00,0.00,18150.00,FULFILLED
1000005445,20241113,1414,2,1,1,66000.00,13860.00,0.00,79860.00,FULFILLED
1000005448,20241113,1962,2,3,3,12000.00,2520.00,0.00,14520.00,FULFILLED
1000005459,20241114,1760,2,4,4,39000.00,8190.00,0.00,47190.00,FULFILLED
1000005463,20241114,19,2,1,1,30000.00,6300.00,0.00,36300.00,FULFILLED
1000005465,20241114,1968,2,3,3,12000.00,2520.00,0.00,14520.00,FULFILLED
1000005466,20241114,1122,2,1,1,27000.00,5670.00,0.00,32670.00,FULFILLED
1000005469,20241114,1192,2,3,3,12000.00,2520.00,0.00,14520.00,FULFILLED
1000005473,20241114,1970,2,3,3,27000.00,5670.00,0.00,32670.00,FULFILLED
1000005476,20241114,1324,2,1,1,36000.00,7560.00,0.00,43560.00,FULFILLED
1000005481,20241115,1226,2,4,4,15000.00,3150.00,0.00,18150.00,FULFILLED
1000005482,20241115,1972,2,4,4,15000.00,3150.00,1800.00,19950.00,REFUNDED
1000005484,20241115,1021,2,1,1,30000.00,6300.00,0.00,36300.00,FULFILLED
1000005485,20241115,1666,2,1,1,24000.00,5040.00,0.00,29040.00,FULFILLED
1000005486,20241115,1215,2,1,1,13500.00,2835.00,0.00,16335.00,FULFILLED
1000005487,20241115,1727,2,4,4,69000.00,14490.00,0.00,83490.00,FULFILLED
1000005488,20241115,1843,2,3,3,51000.00,10710.00,0.00,61710.00,FULFILLED
1000005490,20241115,1974,2,1,1,24000.00,5040.00,0.00,29040.00,FULFILLED
1000005495,20241116,989,2,3,3,48000.00,10080.00,0.00,58080.00,FULFILLED
1000005496,20241116,1334,2,4,4,42000.00,8820.00,0.00,50820.00,FULFILLED
1000005498,20241116,1175,2,1,1,12000.00,2520.00,0.00,14520.00,FULFILLED
1000005499,20241116,1976,2,2,2,12000.00,2520.00,0.00,14520.00,FULFILLED
1000005501,20241116,1664,2,1,1,15000.00,3150.00,0.00,18150.00,FULFILLED
1000005502,20241116,177,2,3,3,12000.00,2520.00,0.00,14520.00,FULFILLED
1000005504,20241116,1584,2,1,1,30000.00,6300.00,0.00,36300.00,FULFILLED
1000005505,20241116,230,2,2,2,12000.00,2520.00,0.00,14520.00,FULFILLED
1000005507,20241116,544,2,4,4,30000.00,6300.00,0.00,36300.00,FULFILLED
1000005508,20241116,477,2,3,3,45000.00,9450.00,0.00,54450.00,FULFILLED
1000005520,20241118,993,2,3,3,42000.00,8820.00,0.00,50820.00,FULFILLED
1000005521,20241118,1982,2,1,1,15000.00,3150.00,0.00,18150.00,FULFILLED
1000005523,20241118,1113,2,1,1,10800.00,2268.00,0.00,13068.00,FULFILLED
1000005524,20241118,1385,2,2,2,36000.00,7560.00,0.00,43560.00,FULFILLED
1000005526,20241118,1983,2,2,2,72000.00,15120.00,0.00,87120.00,FULFILLED
1000005529,20241118,1635,2,2,2,15000.00,3150.00,0.00,18150.00,FULFILLED
1000005531,20241118,1647,2,1,1,30000.00,6300.00,0.00,36300.00,FULFILLED
1000005537,20241119,1985,2,3,3,30000.00,6300.00,0.00,36300.00,FULFILLED
1000005539,20241119,1165,2,1,1,12000.00,2520.00,0.00,14520.00,FULFILLED
1000005542,20241119,1986,2,1,1,13500.00,2835.00,0.00,16335.00,FULFILLED
1000005543,20241119,1988,2,4,4,15000.00,3150.00,0.00,18150.00,FULFILLED
1000005549,20241119,1990,2,2,2,12000.00,2520.00,0.00,14520.00,FULFILLED
1000005558,20241120,51,2,1,1,12000.00,2520.00,0.00,14520.00,FULFILLED
1000005559,20241120,1763,2,3,3,35100.00,7371.00,0.00,42471.00,FULFILLED
1000005561,20241120,1808,2,2,2,21600.00,4536.00,0.00,26136.00,FULFILLED
1000005563,20241120,1098,2,4,4,12000.00,2520.00,1800.00,16320.00,FULFILLED
1000005566,20241120,1884,2,1,1,72000.00,15120.00,0.00,87120.00,FULFILLED
1000005567,20241120,835,2,2,2,12000.00,2520.00,0.00,14520.00,FULFILLED
1000005569,20241120,1472,2,4,4,60000.00,12600.00,0.00,72600.00,FULFILLED
1000005570,20241120,660,2,1,1,15000.00,3150.00,0.00,18150.00,FULFILLED
1000005572,20241121,555,2,2,2,60000.00,12600.00,0.00,72600.00,FULFILLED
1000005574,20241121,1478,2,3,3,42000.00,8820.00,0.00,50820.00,FULFILLED
1000005575,20241121,1151,2,1,1,12000.00,2520.00,0.00,14520.00,FULFILLED
1000005581,20241122,37,2,1,1,30000.00,6300.00,0.00,36300.00,FULFILLED
1000005582,20241122,1777,2,1,1,37800.00,7938.00,0.00,45738.00,FULFILLED
1000005584,20241122,2000,2,4,4,15000.00,3150.00,1800.00,19950.00,FULFILLED
1000005586,20241122,2001,2,1,1,12000.00,2520.00,0.00,14520.00,FULFILLED
1000005587,20241122,2002,2,1,1,27000.00,5670.00,1200.00,33870.00,FULFILLED
1000005590,20241122,1690,2,2,2,27000.00,5670.00,0.00,32670.00,CANCELLED
1000005591,20241122,462,2,1,1,15000.00,3150.00,0.00,18150.00,FULFILLED
1000005592,20241122,1497,2,2,2,51000.00,10710.00,0.00,61710.00,FULFILLED
1000005593,20241122,793,2,2,2,42000.00,8820.00,0.00,50820.00,REFUNDED
1000005594,20241122,1255,2,4,4,24000.00,5040.00,0.00,29040.00,FULFILLED
1000005603,20241123,535,2,4,4,12000.00,2520.00,0.00,14520.00,FULFILLED
1000005606,20241123,1704,2,3,3,24000.00,5040.00,0.00,29040.00,FULFILLED
1000005609,20241123,1740,2,1,1,12000.00,2520.00,0.00,14520.00,FULFILLED
1000005611,20241123,1899,2,4,4,36000.00,7560.00,0.00,43560.00,FULFILLED
1000005612,20241123,127,2,2,2,12000.00,2520.00,0.00,14520.00,FULFILLED
1000005614,20241123,628,2,3,3,45000.00,9450.00,0.00,54450.00,FULFILLED
1000005616,20241123,745,2,1,1,30000.00,6300.00,0.00,36300.00,FULFILLED
1000005617,20241123,2008,2,3,3,30000.00,6300.00,0.00,36300.00,REFUNDED
1000005618,20241123,1508,2,3,3,12000.00,2520.00,0.00,14520.00,FULFILLED
1000005619,20241123,1532,2,4,4,30000.00,6300.00,0.00,36300.00,FULFILLED
1000005635,20241125,1651,2,4,4,45000.00,9450.00,0.00,54450.00,FULFILLED
1000005638,20241125,2015,2,3,3,15000.00,3150.00,0.00,18150.00,FULFILLED
1000005651,20241126,1324,2,1,1,15000.00,3150.00,0.00,18150.00,FULFILLED
1000005653,20241126,1441,2,3,3,30000.00,6300.00,0.00,36300.00,FULFILLED
1000005658,20241126,2017,2,1,1,12000.00,2520.00,0.00,14520.00,FULFILLED
1000005661,20241126,1540,2,1,1,12000.00,2520.00,0.00,14520.00,FULFILLED
1000005667,20241127,1076,2,1,1,15000.00,3150.00,0.00,18150.00,FULFILLED
1000005668,20241127,350,2,4,4,12000.00,2520.00,0.00,14520.00,FULFILLED
1000005669,20241127,472,2,2,2,27000.00,5670.00,0.00,32670.00,FULFILLED
1000005670,20241127,1044,2,3,3,12000.00,2520.00,0.00,14520.00,FULFILLED
1000005673,20241127,1844,2,4,4,60000.00,12600.00,0.00,72600.00,FULFILLED
1000005677,20241127,1787,2,2,2,39000.00,8190.00,0.00,47190.00,FULFILLED
1000005681,20241127,1860,2,2,2,24000.00,5040.00,0.00,29040.00,FULFILLED
1000005683,20241127,1662,2,1,1,12000.00,2520.00,0.00,14520.00,FULFILLED
1000005684,20241127,1459,2,3,3,15000.00,3150.00,0.00,18150.00,FULFILLED
1000005685,20241127,162,2,3,3,15000.00,3150.00,0.00,18150.00,CANCELLED
1000005686,20241127,1712,2,1,1,12000.00,2520.00,0.00,14520.00,FULFILLED
1000005689,20241127,329,2,4,4,54000.00,11340.00,0.00,65340.00,FULFILLED
1000005691,20241127,758,2,2,2,15000.00,3150.00,0.00,18150.00,FULFILLED
1000005697,20241128,2025,2,1,1,15000.00,3150.00,0.00,18150.00,FULFILLED
1000005701,20241128,897,2,2,2,15000.00,3150.00,0.00,18150.00,FULFILLED
1000005703,20241128,2026,2,3,3,15000.00,3150.00,0.00,18150.00,FULFILLED
1000005705,20241128,1635,2,2,2,12000.00,2520.00,0.00,14520.00,FULFILLED
1000005706,20241128,1589,2,1,1,40500.00,8505.00,0.00,49005.00,FULFILLED
1000005707,20241128,258,2,1,1,36000.00,7560.00,0.00,43560.00,FULFILLED
1000005710,20241128,515,2,3,3,12000.00,2520.00,0.00,14520.00,FULFILLED
1000005717,20241129,301,2,1,1,12000.00,2520.00,0.00,14520.00,FULFILLED
1000005722,20241129,60,2,1,1,12000.00,2520.00,0.00,14520.00,FULFILLED
1000005723,20241129,1015,2,3,3,13500.00,2835.00,0.00,16335.00,FULFILLED
1000005727,20241129,770,2,1,1,12000.00,2520.00,0.00,14520.00,REFUNDED
1000005730,20241129,1583,2,1,1,24300.00,5103.00,1200.00,30603.00,CANCELLED
1000005731,20241129,805,2,4,4,15000.00,3150.00,0.00,18150.00,FULFILLED
1000005732,20241129,2034,2,1,1,13500.00,2835.00,0.00,16335.00,FULFILLED
1000005733,20241129,1855,2,1,1,54000.00,11340.00,0.00,65340.00,FULFILLED
1000005746,20241130,1318,2,2,2,12000.00,2520.00,0.00,14520.00,FULFILLED
1000005747,20241130,1656,2,1,1,15000.00,3150.00,0.00,18150.00,FULFILLED
1000005752,20241130,665,2,3,3,36000.00,7560.00,0.00,43560.00,FULFILLED
1000005753,20241130,2039,2,2,2,37800.00,7938.00,0.00,45738.00,FULFILLED
1000005755,20241130,2040,2,1,1,10800.00,2268.00,0.00,13068.00,FULFILLED
1000005756,20241130,1517,2,2,2,13500.00,2835.00,0.00,16335.00,FULFILLED
1000005758,20241130,2041,2,2,2,12000.00,2520.00,0.00,14520.00,FULFILLED
1000005759,20241130,1292,2,4,4,12000.00,2520.00,0.00,14520.00,FULFILLED
1000005760,20241130,1839,2,4,4,21600.00,4536.00,0.00,26136.00,FULFILLED
1000005761,20241130,1432,2,4,4,42000.00,8820.00,0.00,50820.00,FULFILLED
1000005762,20241130,618,2,4,4,10800.00,2268.00,0.00,13068.00,FULFILLED
1000005763,20241130,1585,2,3,3,15000.00,3150.00,0.00,18150.00,FULFILLED
1000005765,20241130,1846,2,1,1,10800.00,2268.00,0.00,13068.00,FULFILLED
1000005766,20241130,2042,2,3,3,54000.00,11340.00,0.00,65340.00,FULFILLED
1000005767,20241130,641,2,3,3,15000.00,3150.00,0.00,18150.00,FULFILLED
1000005803,20241202,1489,2,2,2,30000.00,6300.00,0.00,36300.00,FULFILLED
1000005804,20241202,1569,2,1,1,30000.00,6300.00,0.00,36300.00,FULFILLED
1000005807,20241202,866,2,3,3,42000.00,8820.00,0.00,50820.00,FULFILLED
1000005808,20241202,2055,2,1,1,12000.00,2520.00,0.00,14520.00,FULFILLED
1000005813,20241202,2056,2,2,2,15000.00,3150.00,0.00,18150.00,FULFILLED
1000005817,20241202,1005,2,1,1,39000.00,8190.00,0.00,47190.00,FULFILLED
1000005818,20241202,743,2,2,2,15000.00,3150.00,0.00,18150.00,FULFILLED
1000005821,20241202,1655,2,3,3,12000.00,2520.00,0.00,14520.00,FULFILLED
1000005832,20241203,1571,2,2,2,15000.00,3150.00,0.00,18150.00,FULFILLED
1000005833,20241203,1291,2,2,2,12000.00,2520.00,1500.00,16020.00,FULFILLED
1000005837,20241203,455,2,2,2,24000.00,5040.00,0.00,29040.00,FULFILLED
1000005838,20241203,1327,2,4,4,57000.00,11970.00,0.00,68970.00,FULFILLED
1000005841,20241203,1698,2,3,3,15000.00,3150.00,0.00,18150.00,FULFILLED
1000005842,20241203,1676,2,4,4,12000.00,2520.00,0.00,14520.00,FULFILLED
1000005845,20241203,2064,2,2,2,15000.00,3150.00,0.00,18150.00,FULFILLED
1000005853,20241204,2067,2,4,4,51000.00,10710.00,0.00,61710.00,FULFILLED
1000005858,20241204,1086,2,4,4,15000.00,3150.00,0.00,18150.00,FULFILLED
1000005862,20241204,1493,2,1,1,45000.00,9450.00,0.00,54450.00,FULFILLED
1000005864,20241204,617,2,4,4,15000.00,3150.00,0.00,18150.00,FULFILLED
1000005865,20241204,1695,2,2,2,15000.00,3150.00,0.00,18150.00,FULFILLED
1000005875,20241205,1456,2,2,2,15000.00,3150.00,0.00,18150.00,FULFILLED
1000005876,20241205,1104,2,1,1,15000.00,3150.00,0.00,18150.00,FULFILLED
1000005877,20241205,1618,2,2,2,15000.00,3150.00,0.00,18150.00,FULFILLED
1000005879,20241205,1003,2,3,3,15000.00,3150.00,0.00,18150.00,FULFILLED
1000005880,20241205,1377,2,4,4,12000.00,2520.00,0.00,14520.00,FULFILLED
1000005881,20241205,1939,2,1,1,57000.00,11970.00,0.00,68970.00,FULFILLED
1000005883,20241205,1649,2,4,4,45000.00,9450.00,0.00,54450.00,FULFILLED
1000005884,20241205,2070,2,1,1,72000.00,15120.00,0.00,87120.00,FULFILLED
1000005886,20241205,1692,2,1,1,12000.00,2520.00,0.00,14520.00,FULFILLED
1000005889,20241206,1523,2,2,2,15000.00,3150.00,0.00,18150.00,FULFILLED
1000005890,20241206,1208,2,2,2,12000.00,2520.00,0.00,14520.00,FULFILLED
1000005893,20241206,2071,2,1,1,15000.00,3150.00,0.00,18150.00,FULFILLED
1000005896,20241206,1627,2,2,2,24000.00,5040.00,0.00,29040.00,FULFILLED
1000005898,20241206,1776,2,3,3,12000.00,2520.00,0.00,14520.00,FULFILLED
1000005899,20241206,903,2,2,2,36000.00,7560.00,0.00,43560.00,FULFILLED
1000005904,20241206,1325,2,1,1,24000.00,5040.00,0.00,29040.00,CANCELLED
1000005905,20241206,1851,2,4,4,24000.00,5040.00,0.00,29040.00,FULFILLED
1000005906,20241206,338,2,1,1,45000.00,9450.00,0.00,54450.00,FULFILLED
1000005910,20241207,380,2,3,3,42000.00,8820.00,0.00,50820.00,FULFILLED
1000005912,20241207,1546,2,1,1,60000.00,12600.00,0.00,72600.00,FULFILLED
1000005913,20241207,2073,2,3,3,15000.00,3150.00,0.00,18150.00,FULFILLED
1000005914,20241207,890,2,4,4,51000.00,10710.00,0.00,61710.00,FULFILLED
1000005915,20241207,1960,2,2,2,45000.00,9450.00,0.00,54450.00,FULFILLED
1000005916,20241207,1169,2,4,4,12000.00,2520.00,0.00,14520.00,FULFILLED
1000005918,20241207,588,2,2,2,12000.00,2520.00,0.00,14520.00,FULFILLED
1000005919,20241207,1820,2,2,2,12000.00,2520.00,0.00,14520.00,FULFILLED
1000005920,20241207,1209,2,1,1,12000.00,2520.00,0.00,14520.00,FULFILLED
1000005921,20241207,750,2,1,1,15000.00,3150.00,0.00,18150.00,FULFILLED
1000005922,20241207,212,2,1,1,12000.00,2520.00,0.00,14520.00,FULFILLED
1000005923,20241207,1382,2,2,2,78000.00,16380.00,0.00,94380.00,FULFILLED
1000005924,20241207,882,2,1,1,21600.00,4536.00,0.00,26136.00,FULFILLED
1000005954,20241209,1435,2,4,4,27000.00,5670.00,0.00,32670.00,FULFILLED
1000005956,20241209,1477,2,1,1,12000.00,2520.00,0.00,14520.00,FULFILLED
1000005957,20241209,2084,2,3,3,36000.00,7560.00,0.00,43560.00,FULFILLED
1000005958,20241209,1146,2,4,4,15000.00,3150.00,0.00,18150.00,FULFILLED
1000005959,20241209,1585,2,3,3,27000.00,5670.00,0.00,32670.00,FULFILLED
1000005961,20241209,1688,2,1,1,15000.00,3150.00,0.00,18150.00,FULFILLED
1000005963,20241209,1586,2,1,1,12000.00,2520.00,0.00,14520.00,FULFILLED
1000005965,20241209,583,2,4,4,24000.00,5040.00,0.00,29040.00,FULFILLED
1000005977,20241210,580,2,3,3,24000.00,5040.00,0.00,29040.00,FULFILLED
1000005978,20241210,87,2,1,1,81600.00,17136.00,0.00,98736.00,FULFILLED
1000005979,20241210,1942,2,3,3,42000.00,8820.00,0.00,50820.00,FULFILLED
1000005982,20241210,896,2,2,2,24000.00,5040.00,0.00,29040.00,FULFILLED
1000005986,20241210,1495,2,1,1,15000.00,3150.00,0.00,18150.00,FULFILLED
1000005988,20241210,2088,2,2,2,15000.00,3150.00,0.00,18150.00,FULFILLED
1000005998,20241210,2090,2,4,4,10800.00,2268.00,0.00,13068.00,FULFILLED
1000005999,20241210,2091,2,2,2,24000.00,5040.00,0.00,29040.00,FULFILLED
1000006004,20241210,1920,2,1,1,24000.00,5040.00,0.00,29040.00,FULFILLED
1000006007,20241210,117,2,2,2,15000.00,3150.00,0.00,18150.00,FULFILLED
1000006008,20241210,722,2,3,3,42000.00,8820.00,0.00,50820.00,FULFILLED
1000006009,20241210,660,2,1,1,21600.00,4536.00,0.00,26136.00,FULFILLED
1000006010,20241210,2092,2,2,2,48000.00,10080.00,0.00,58080.00,FULFILLED
1000006024,20241211,1230,2,2,2,15000.00,3150.00,0.00,18150.00,FULFILLED
1000006025,20241211,1246,2,4,4,30000.00,6300.00,0.00,36300.00,FULFILLED
1000006026,20241211,1873,2,3,3,45000.00,9450.00,0.00,54450.00,FULFILLED
1000006029,20241211,2096,2,4,4,21600.00,4536.00,0.00,26136.00,FULFILLED
1000006034,20241211,2097,2,3,3,45000.00,9450.00,0.00,54450.00,FULFILLED
1000006035,20241211,1363,2,3,3,42000.00,8820.00,0.00,50820.00,CANCELLED
1000006036,20241211,1931,2,2,2,12000.00,2520.00,0.00,14520.00,CANCELLED
1000006038,20241211,308,2,2,2,39000.00,8190.00,0.00,47190.00,FULFILLED
1000006039,20241211,2099,2,1,1,27000.00,5670.00,0.00,32670.00,FULFILLED
1000006040,20241211,1904,2,2,2,27000.00,5670.00,0.00,32670.00,FULFILLED
1000006041,20241211,1122,2,1,1,27000.00,5670.00,0.00,32670.00,FULFILLED
1000006042,20241211,2100,2,4,4,60000.00,12600.00,0.00,72600.00,FULFILLED
1000006043,20241211,1634,2,2,2,39000.00,8190.00,0.00,47190.00,FULFILLED
1000006044,20241211,1157,2,4,4,15000.00,3150.00,0.00,18150.00,FULFILLED
1000006051,20241212,1901,2,3,3,178500.00,37485.00,0.00,215985.00,FULFILLED
1000006052,20241212,1443,2,1,1,72000.00,15120.00,0.00,87120.00,FULFILLED
1000006053,20241212,647,2,3,3,30000.00,6300.00,0.00,36300.00,FULFILLED
1000006054,20241212,1602,2,2,2,45000.00,9450.00,0.00,54450.00,FULFILLED
1000006056,20241212,1430,2,2,2,12000.00,2520.00,0.00,14520.00,FULFILLED
1000006058,20241212,646,2,4,4,30000.00,6300.00,0.00,36300.00,FULFILLED
1000006063,20241212,2104,2,2,2,24000.00,5040.00,0.00,29040.00,FULFILLED
1000006066,20241212,2106,2,4,4,60000.00,12600.00,0.00,72600.00,FULFILLED
1000006068,20241212,143,2,2,2,15000.00,3150.00,1500.00,19650.00,FULFILLED
1000006069,20241212,2107,2,2,2,15000.00,3150.00,0.00,18150.00,FULFILLED
1000006071,20241212,1295,2,1,1,15000.00,3150.00,0.00,18150.00,FULFILLED
1000006073,20241212,1197,2,4,4,12000.00,2520.00,0.00,14520.00,FULFILLED
1000006075,20241212,1207,2,3,3,12000.00,2520.00,0.00,14520.00,FULFILLED
1000006077,20241212,1131,2,3,3,12000.00,2520.00,0.00,14520.00,FULFILLED
1000006079,20241212,1963,2,1,1,12000.00,2520.00,0.00,14520.00,FULFILLED
1000006080,20241212,1884,2,1,1,27000.00,5670.00,0.00,32670.00,FULFILLED
1000006082,20241212,41,2,1,1,12000.00,2520.00,1200.00,15720.00,FULFILLED
1000006095,20241213,1112,2,1,1,24000.00,5040.00,0.00,29040.00,FULFILLED
1000006097,20241213,1192,2,3,3,39000.00,8190.00,0.00,47190.00,FULFILLED
1000006098,20241213,801,2,4,4,45000.00,9450.00,0.00,54450.00,FULFILLED
1000006099,20241213,2118,2,2,2,15000.00,3150.00,0.00,18150.00,FULFILLED
1000006101,20241213,1758,2,2,2,15000.00,3150.00,0.00,18150.00,FULFILLED
1000006103,20241213,1863,2,3,3,27000.00,5670.00,0.00,32670.00,FULFILLED
1000006104,20241213,1861,2,1,1,45000.00,9450.00,0.00,54450.00,FULFILLED
1000006106,20241213,2120,2,3,3,15000.00,3150.00,0.00,18150.00,FULFILLED
1000006107,20241213,1045,2,1,1,12000.00,2520.00,0.00,14520.00,FULFILLED
1000006108,20241213,1089,2,1,1,30000.00,6300.00,0.00,36300.00,FULFILLED
1000006109,20241213,386,2,4,4,12000.00,2520.00,0.00,14520.00,FULFILLED
1000006110,20241213,542,2,2,2,12000.00,2520.00,0.00,14520.00,FULFILLED
1000006111,20241213,160,2,1,1,45000.00,9450.00,0.00,54450.00,FULFILLED
1000006112,20241213,803,2,1,1,27000.00,5670.00,0.00,32670.00,FULFILLED
1000006113,20241213,1401,2,1,1,30000.00,6300.00,0.00,36300.00,FULFILLED
1000006114,20241213,1176,2,2,2,45000.00,9450.00,0.00,54450.00,FULFILLED
1000006115,20241213,1603,2,4,4,30000.00,6300.00,0.00,36300.00,FULFILLED
1000006116,20241213,2122,2,4,4,15000.00,3150.00,0.00,18150.00,FULFILLED
1000006117,20241213,1531,2,1,1,24000.00,5040.00,0.00,29040.00,FULFILLED
1000006118,20241213,1064,2,2,2,15000.00,3150.00,0.00,18150.00,FULFILLED
1000006119,20241213,925,2,2,2,12000.00,2520.00,0.00,14520.00,FULFILLED
1000006120,20241213,2123,2,2,2,24000.00,5040.00,0.00,29040.00,FULFILLED
1000006121,20241213,859,2,2,2,36000.00,7560.00,0.00,43560.00,FULFILLED
1000006123,20241213,508,2,2,2,30000.00,6300.00,0.00,36300.00,REFUNDED
1000006124,20241213,2124,2,1,1,64800.00,13608.00,0.00,78408.00,FULFILLED
1000006125,20241213,1394,2,1,1,30000.00,6300.00,0.00,36300.00,FULFILLED
1000006127,20241213,1662,2,1,1,12000.00,2520.00,0.00,14520.00,FULFILLED
1000006130,20241213,2125,2,1,1,15000.00,3150.00,1200.00,19350.00,FULFILLED
1000006139,20241214,1559,2,2,2,30000.00,6300.00,0.00,36300.00,FULFILLED
1000006140,20241214,1381,2,2,2,12000.00,2520.00,0.00,14520.00,CANCELLED
1000006141,20241214,1579,2,4,4,27000.00,5670.00,0.00,32670.00,FULFILLED
1000004098,20240902,944,1,,1,12000.00,2520.00,1200.00,15720.00,FULFILLED
1000004099,20240902,488,1,,2,12000.00,2520.00,1500.00,16020.00,FULFILLED
1000004101,20240902,973,1,,2,12000.00,2520.00,1500.00,16020.00,FULFILLED
1000004104,20240902,356,1,,1,69000.00,14490.00,0.00,83490.00,CANCELLED
1000004105,20240902,615,1,,2,42000.00,8820.00,1500.00,52320.00,CANCELLED
1000004106,20240902,1504,1,,3,15000.00,3150.00,1500.00,19650.00,FULFILLED
1000004107,20240902,894,1,,1,66000.00,13860.00,0.00,79860.00,FULFILLED
1000004108,20240903,1330,1,,3,12000.00,2520.00,1500.00,16020.00,FULFILLED
1000004109,20240903,1502,1,,1,15000.00,3150.00,1200.00,19350.00,FULFILLED
1000004110,20240903,176,1,,1,15000.00,3150.00,1200.00,19350.00,FULFILLED
1000004111,20240903,502,1,,2,48000.00,10080.00,0.00,58080.00,FULFILLED
1000004116,20240903,1487,1,,1,36000.00,7560.00,1200.00,44760.00,CANCELLED
1000004118,20240903,1399,1,,1,12000.00,2520.00,1200.00,15720.00,CANCELLED
1000004120,20240903,681,1,,1,12000.00,2520.00,1200.00,15720.00,FULFILLED
1000004121,20240903,652,1,,1,15000.00,3150.00,1200.00,19350.00,FULFILLED
1000004122,20240903,1659,1,,1,42000.00,8820.00,1200.00,52020.00,FULFILLED
1000004123,20240904,73,1,,2,54000.00,11340.00,0.00,65340.00,FULFILLED
1000004124,20240904,1660,1,,2,12000.00,2520.00,1500.00,16020.00,FULFILLED
1000004125,20240904,1378,1,,3,39000.00,8190.00,1500.00,48690.00,FULFILLED
1000004127,20240904,578,1,,1,12000.00,2520.00,1200.00,15720.00,FULFILLED
1000004128,20240904,1661,1,,1,12000.00,2520.00,1200.00,15720.00,CANCELLED
1000004130,20240904,233,1,,3,42000.00,8820.00,1500.00,52320.00,FULFILLED
1000004131,20240904,1582,1,,2,30000.00,6300.00,1500.00,37800.00,FULFILLED
1000004135,20240904,1663,1,,4,60000.00,12600.00,0.00,72600.00,FULFILLED
1000004136,20240904,182,1,,4,27000.00,5670.00,1800.00,34470.00,FULFILLED
1000004138,20240904,1479,1,,1,12000.00,2520.00,1200.00,15720.00,FULFILLED
1000004139,20240904,876,1,,2,22800.00,4788.00,1500.00,29088.00,FULFILLED
1000004140,20240904,878,1,,3,30000.00,6300.00,1500.00,37800.00,FULFILLED
1000004141,20240904,165,1,,2,27000.00,5670.00,1500.00,34170.00,FULFILLED
1000004142,20240905,257,1,,2,24000.00,5040.00,1500.00,30540.00,FULFILLED
1000004149,20240905,1665,1,,2,30000.00,6300.00,1500.00,37800.00,FULFILLED
1000004155,20240905,1162,1,,1,24000.00,5040.00,1200.00,30240.00,FULFILLED
1000004157,20240905,581,1,,4,12000.00,2520.00,1800.00,16320.00,FULFILLED
1000004158,20240905,948,1,,3,12000.00,2520.00,1500.00,16020.00,FULFILLED
1000004159,20240905,1667,1,,2,48000.00,10080.00,0.00,58080.00,FULFILLED
1000004160,20240906,1668,1,,2,24000.00,5040.00,1500.00,30540.00,FULFILLED
1000004161,20240906,922,1,,2,57000.00,11970.00,0.00,68970.00,FULFILLED
1000004162,20240906,1003,1,,3,15000.00,3150.00,1500.00,19650.00,FULFILLED
1000004163,20240906,648,1,,1,15000.00,3150.00,1200.00,19350.00,CANCELLED
1000004169,20240906,1528,1,,3,42000.00,8820.00,1500.00,52320.00,FULFILLED
1000004174,20240906,316,1,,1,63000.00,13230.00,0.00,76230.00,CANCELLED
1000004175,20240906,61,1,,1,15000.00,3150.00,1200.00,19350.00,FULFILLED
1000004178,20240906,1271,1,,3,12000.00,2520.00,1500.00,16020.00,FULFILLED
1000004179,20240906,742,1,,2,27000.00,5670.00,1500.00,34170.00,FULFILLED
1000004180,20240906,1313,1,,2,48000.00,10080.00,0.00,58080.00,FULFILLED
1000004181,20240907,1093,1,,2,12000.00,2520.00,1500.00,16020.00,CANCELLED
1000004185,20240907,1670,1,,1,30000.00,6300.00,1200.00,37500.00,FULFILLED
1000004189,20240907,1016,1,,1,12000.00,2520.00,1200.00,15720.00,CANCELLED
1000004191,20240907,1672,1,,1,12000.00,2520.00,1200.00,15720.00,FULFILLED
1000004193,20240907,1673,1,,3,36000.00,7560.00,1500.00,45060.00,FULFILLED
1000004196,20240907,741,1,,2,30000.00,6300.00,1500.00,37800.00,FULFILLED
1000004197,20240907,1423,1,,1,15000.00,3150.00,1200.00,19350.00,FULFILLED
1000004198,20240907,1371,1,,3,45000.00,9450.00,0.00,54450.00,FULFILLED
1000004199,20240908,420,1,,1,48000.00,10080.00,0.00,58080.00,FULFILLED
1000004200,20240908,2,1,,3,27000.00,5670.00,1500.00,34170.00,FULFILLED
1000004201,20240908,1114,1,,4,12000.00,2520.00,1800.00,16320.00,FULFILLED
1000004202,20240908,1510,1,,3,12000.00,2520.00,1500.00,16020.00,FULFILLED
1000004203,20240908,1163,1,,2,15000.00,3150.00,1500.00,19650.00,FULFILLED
1000004204,20240908,27,1,,2,24000.00,5040.00,1500.00,30540.00,FULFILLED
1000004205,20240908,1213,1,,2,48000.00,10080.00,0.00,58080.00,FULFILLED
1000004206,20240908,1674,1,,1,96000.00,20160.00,0.00,116160.00,FULFILLED
1000004207,20240909,543,1,,2,15000.00,3150.00,1500.00,19650.00,FULFILLED
1000004214,20240909,1030,1,,1,27000.00,5670.00,1200.00,33870.00,FULFILLED
1000004219,20240909,1677,1,,1,36000.00,7560.00,1200.00,44760.00,FULFILLED
1000004220,20240909,136,1,,1,30000.00,6300.00,1200.00,37500.00,FULFILLED
1000004221,20240909,480,1,,3,15000.00,3150.00,1500.00,19650.00,FULFILLED
1000004222,20240910,1678,1,,1,10800.00,2268.00,1200.00,14268.00,FULFILLED
1000004223,20240910,48,1,,2,15000.00,3150.00,1500.00,19650.00,FULFILLED
1000004224,20240910,1679,1,,2,13500.00,2835.00,1500.00,17835.00,FULFILLED
1000004225,20240910,125,1,,3,12000.00,2520.00,1500.00,16020.00,FULFILLED
1000004226,20240910,1680,1,,1,15000.00,3150.00,1200.00,19350.00,FULFILLED
1000004227,20240910,1681,1,,3,21600.00,4536.00,1500.00,27636.00,FULFILLED
1000004228,20240910,1682,1,,2,15000.00,3150.00,1500.00,19650.00,FULFILLED
1000004229,20240910,58,1,,1,15000.00,3150.00,1200.00,19350.00,FULFILLED
1000004232,20240910,1340,1,,1,27000.00,5670.00,1200.00,33870.00,FULFILLED
1000004233,20240910,1646,1,,3,60000.00,12600.00,0.00,72600.00,FULFILLED
1000004234,20240910,1420,1,,1,57000.00,11970.00,0.00,68970.00,FULFILLED
1000004239,20240910,905,1,,4,15000.00,3150.00,1800.00,19950.00,FULFILLED
1000004241,20240910,1684,1,,1,69000.00,14490.00,0.00,83490.00,FULFILLED
1000004242,20240910,1685,1,,3,72000.00,15120.00,0.00,87120.00,FULFILLED
1000004243,20240911,1604,1,,2,30000.00,6300.00,1500.00,37800.00,FULFILLED
1000004244,20240911,45,1,,2,39000.00,8190.00,1500.00,48690.00,FULFILLED
1000004245,20240911,1687,1,,1,37050.00,7780.50,1200.00,46030.50,FULFILLED
1000004249,20240911,1429,1,,2,15000.00,3150.00,1500.00,19650.00,FULFILLED
1000004252,20240911,1352,1,,2,15000.00,3150.00,1500.00,19650.00,FULFILLED
1000004253,20240911,1620,1,,1,27000.00,5670.00,1200.00,33870.00,FULFILLED
1000004254,20240911,1692,1,,1,12000.00,2520.00,1200.00,15720.00,FULFILLED
1000004256,20240911,930,1,,1,36000.00,7560.00,1200.00,44760.00,FULFILLED
1000004257,20240911,1020,1,,3,12000.00,2520.00,1500.00,16020.00,REFUNDED
1000004259,20240911,1693,1,,2,12000.00,2520.00,1500.00,16020.00,FULFILLED
1000004260,20240911,1179,1,,1,42000.00,8820.00,1200.00,52020.00,CANCELLED
1000004261,20240911,63,1,,1,15000.00,3150.00,1200.00,19350.00,FULFILLED
1000004262,20240911,1694,1,,3,15000.00,3150.00,1500.00,19650.00,FULFILLED
1000004264,20240912,226,1,,1,27000.00,5670.00,1200.00,33870.00,FULFILLED
1000004265,20240912,542,1,,2,24000.00,5040.00,1500.00,30540.00,FULFILLED
1000004268,20240912,489,1,,1,24000.00,5040.00,1200.00,30240.00,FULFILLED
1000004270,20240912,496,1,,1,30000.00,6300.00,1200.00,37500.00,FULFILLED
1000004273,20240912,828,1,,4,14250.00,2992.50,1800.00,19042.50,CANCELLED
1000004276,20240912,425,1,,3,27000.00,5670.00,1500.00,34170.00,FULFILLED
1000004277,20240912,764,1,,1,24000.00,5040.00,1200.00,30240.00,FULFILLED
1000004278,20240913,1038,1,,3,24000.00,5040.00,1500.00,30540.00,FULFILLED
1000004279,20240913,1078,1,,1,24000.00,5040.00,1200.00,30240.00,FULFILLED
1000004280,20240913,69,1,,4,36000.00,7560.00,1800.00,45360.00,FULFILLED
1000004282,20240913,89,1,,3,15000.00,3150.00,1500.00,19650.00,FULFILLED
1000004284,20240913,1479,1,,1,72000.00,15120.00,0.00,87120.00,FULFILLED
1000004285,20240913,913,1,,3,24000.00,5040.00,1500.00,30540.00,FULFILLED
1000004288,20240913,1138,1,,1,42000.00,8820.00,1200.00,52020.00,FULFILLED
1000004291,20240913,1185,1,,4,30000.00,6300.00,1800.00,38100.00,FULFILLED
1000004293,20240913,1699,1,,4,24000.00,5040.00,1800.00,30840.00,FULFILLED
1000004295,20240913,1436,1,,4,12000.00,2520.00,1800.00,16320.00,FULFILLED
1000004297,20240914,789,1,,3,15000.00,3150.00,1500.00,19650.00,FULFILLED
1000004298,20240914,281,1,,1,42000.00,8820.00,1200.00,52020.00,FULFILLED
1000004303,20240914,1702,1,,3,12000.00,2520.00,1500.00,16020.00,FULFILLED
1000004306,20240914,354,1,,3,24000.00,5040.00,1500.00,30540.00,FULFILLED
1000004307,20240914,1703,1,,2,12000.00,2520.00,1500.00,16020.00,FULFILLED
1000004309,20240914,15,1,,1,12000.00,2520.00,1200.00,15720.00,FULFILLED
1000004313,20240914,1244,1,,1,15000.00,3150.00,1200.00,19350.00,FULFILLED
1000004314,20240914,1705,1,,1,60000.00,12600.00,0.00,72600.00,FULFILLED
1000004315,20240914,1706,1,,1,48000.00,10080.00,0.00,58080.00,REFUNDED
1000004316,20240915,1345,1,,1,15000.00,3150.00,1200.00,19350.00,FULFILLED
1000004317,20240915,1707,1,,4,12000.00,2520.00,1800.00,16320.00,FULFILLED
1000004318,20240915,1708,1,,1,30000.00,6300.00,1200.00,37500.00,FULFILLED
1000004319,20240915,667,1,,2,15000.00,3150.00,1500.00,19650.00,FULFILLED
1000004320,20240915,1637,1,,1,54000.00,11340.00,0.00,65340.00,FULFILLED
1000004321,20240915,1047,1,,3,39000.00,8190.00,1500.00,48690.00,FULFILLED
1000004322,20240915,1407,1,,3,48000.00,10080.00,0.00,58080.00,FULFILLED
1000004323,20240915,1709,1,,1,36000.00,7560.00,1200.00,44760.00,FULFILLED
1000004324,20240916,1710,1,,3,12000.00,2520.00,1500.00,16020.00,FULFILLED
1000004325,20240916,399,1,,3,30000.00,6300.00,1500.00,37800.00,FULFILLED
1000004327,20240916,507,1,,3,39000.00,8190.00,1500.00,48690.00,FULFILLED
1000004328,20240916,1285,1,,3,48000.00,10080.00,0.00,58080.00,FULFILLED
1000004329,20240916,897,1,,2,30000.00,6300.00,1500.00,37800.00,FULFILLED
1000004332,20240916,1239,1,,1,12000.00,2520.00,1200.00,15720.00,FULFILLED
1000004333,20240916,1129,1,,4,14250.00,2992.50,1800.00,19042.50,FULFILLED
1000004334,20240916,1165,1,,1,12000.00,2520.00,1200.00,15720.00,FULFILLED
1000004337,20240916,1712,1,,1,15000.00,3150.00,1200.00,19350.00,FULFILLED
1000004339,20240917,1713,1,,1,24000.00,5040.00,1200.00,30240.00,FULFILLED
1000004343,20240917,32,1,,3,15000.00,3150.00,1500.00,19650.00,FULFILLED
1000004344,20240917,1715,1,,2,25650.00,5386.50,1500.00,32536.50,FULFILLED
1000004345,20240917,1716,1,,2,54000.00,11340.00,0.00,65340.00,CANCELLED
1000004347,20240917,851,1,,2,15000.00,3150.00,1500.00,19650.00,FULFILLED
1000004349,20240917,1174,1,,2,36000.00,7560.00,1500.00,45060.00,FULFILLED
1000004351,20240917,1279,1,,2,15000.00,3150.00,1500.00,19650.00,FULFILLED
1000004352,20240917,1717,1,,1,24000.00,5040.00,1200.00,30240.00,FULFILLED
1000004353,20240917,1541,1,,3,12000.00,2520.00,1500.00,16020.00,FULFILLED
1000004354,20240917,1588,1,,1,12000.00,2520.00,1200.00,15720.00,FULFILLED
1000004355,20240917,361,1,,1,34200.00,7182.00,1200.00,42582.00,FULFILLED
1000004356,20240917,547,1,,1,24000.00,5040.00,1200.00,30240.00,FULFILLED
1000004357,20240918,328,1,,2,15000.00,3150.00,1500.00,19650.00,FULFILLED
1000004358,20240918,1399,1,,1,27000.00,5670.00,1200.00,33870.00,FULFILLED
1000004359,20240918,971,1,,1,12000.00,2520.00,1200.00,15720.00,FULFILLED
1000004360,20240918,997,1,,3,12000.00,2520.00,1500.00,16020.00,FULFILLED
1000004362,20240918,935,1,,2,12000.00,2520.00,1500.00,16020.00,FULFILLED
1000004363,20240918,1718,1,,1,45000.00,9450.00,0.00,54450.00,FULFILLED
1000004364,20240918,1719,1,,2,27000.00,5670.00,1500.00,34170.00,FULFILLED
1000004365,20240918,670,1,,1,39000.00,8190.00,1200.00,48390.00,FULFILLED
1000004366,20240918,1720,1,,3,48000.00,10080.00,0.00,58080.00,FULFILLED
1000004368,20240918,1721,1,,3,36000.00,7560.00,1500.00,45060.00,FULFILLED
1000004370,20240918,497,1,,1,12000.00,2520.00,1200.00,15720.00,FULFILLED
1000004372,20240918,1722,1,,2,36000.00,7560.00,1500.00,45060.00,FULFILLED
1000004373,20240918,1723,1,,3,36000.00,7560.00,1500.00,45060.00,REFUNDED
1000004374,20240919,1042,1,,1,24000.00,5040.00,1200.00,30240.00,FULFILLED
1000004375,20240919,1238,1,,1,48000.00,10080.00,0.00,58080.00,FULFILLED
1000004376,20240919,849,1,,3,60000.00,12600.00,0.00,72600.00,FULFILLED
1000004378,20240919,886,1,,2,27000.00,5670.00,1500.00,34170.00,FULFILLED
1000004380,20240919,1449,1,,1,34200.00,7182.00,1200.00,42582.00,FULFILLED
1000004383,20240919,1724,1,,1,24000.00,5040.00,1200.00,30240.00,FULFILLED
1000004385,20240919,31,1,,1,45000.00,9450.00,0.00,54450.00,FULFILLED
1000004386,20240919,1725,1,,1,30000.00,6300.00,1200.00,37500.00,FULFILLED
1000004387,20240919,986,1,,4,45000.00,9450.00,0.00,54450.00,REFUNDED
1000004391,20240919,1302,1,,3,12000.00,2520.00,1500.00,16020.00,FULFILLED
1000004392,20240919,991,1,,1,15000.00,3150.00,1200.00,19350.00,FULFILLED
1000004393,20240919,725,1,,3,15000.00,3150.00,1500.00,19650.00,FULFILLED
1000004394,20240919,1728,1,,1,15000.00,3150.00,1200.00,19350.00,FULFILLED
1000004397,20240920,1729,1,,4,12000.00,2520.00,1800.00,16320.00,FULFILLED
1000004398,20240920,1730,1,,1,63000.00,13230.00,0.00,76230.00,FULFILLED
1000004404,20240920,1350,1,,3,63000.00,13230.00,0.00,76230.00,FULFILLED
1000004405,20240920,1380,1,,1,45000.00,9450.00,0.00,54450.00,FULFILLED
1000004406,20240920,375,1,,3,24000.00,5040.00,1500.00,30540.00,FULFILLED
1000004407,20240920,1732,1,,4,12000.00,2520.00,1800.00,16320.00,FULFILLED
1000004408,20240920,1733,1,,2,63000.00,13230.00,0.00,76230.00,FULFILLED
1000004409,20240920,157,1,,1,15000.00,3150.00,1200.00,19350.00,FULFILLED
1000004410,20240921,733,1,,1,60000.00,12600.00,0.00,72600.00,CANCELLED
1000004411,20240921,1057,1,,4,34200.00,7182.00,1800.00,43182.00,FULFILLED
1000004412,20240921,878,1,,3,24000.00,5040.00,1500.00,30540.00,FULFILLED
1000004413,20240921,1734,1,,2,12000.00,2520.00,1500.00,16020.00,FULFILLED
1000004419,20240921,1736,1,,1,27000.00,5670.00,1200.00,33870.00,FULFILLED
1000004423,20240921,118,1,,2,15000.00,3150.00,1500.00,19650.00,FULFILLED
1000004424,20240921,1738,1,,1,15000.00,3150.00,1200.00,19350.00,FULFILLED
1000004428,20240921,438,1,,1,24000.00,5040.00,1200.00,30240.00,FULFILLED
1000004429,20240921,1102,1,,1,24000.00,5040.00,1200.00,30240.00,CANCELLED
1000004430,20240922,1632,1,,1,24000.00,5040.00,1200.00,30240.00,FULFILLED
1000004431,20240922,1741,1,,1,48000.00,10080.00,0.00,58080.00,FULFILLED
1000004432,20240922,1075,1,,3,24000.00,5040.00,1500.00,30540.00,FULFILLED
1000004433,20240922,1408,1,,2,27000.00,5670.00,1500.00,34170.00,FULFILLED
1000004434,20240922,1572,1,,3,57000.00,11970.00,0.00,68970.00,FULFILLED
1000004435,20240922,1742,1,,3,12000.00,2520.00,1500.00,16020.00,FULFILLED
1000004436,20240922,1743,1,,2,15000.00,3150.00,1500.00,19650.00,FULFILLED
1000004437,20240922,510,1,,3,30000.00,6300.00,1500.00,37800.00,FULFILLED
1000004438,20240923,308,1,,2,15000.00,3150.00,1500.00,19650.00,FULFILLED
1000004439,20240923,1744,1,,3,15000.00,3150.00,1500.00,19650.00,FULFILLED
1000004442,20240923,785,1,,1,30000.00,6300.00,1200.00,37500.00,REFUNDED
1000004443,20240923,1339,1,,2,11400.00,2394.00,1500.00,15294.00,FULFILLED
1000004448,20240923,247,1,,1,24000.00,5040.00,1200.00,30240.00,FULFILLED
1000004450,20240924,1748,1,,3,12000.00,2520.00,1500.00,16020.00,CANCELLED
1000004453,20240924,1750,1,,3,36000.00,7560.00,1500.00,45060.00,FULFILLED
1000004455,20240924,1223,1,,1,36000.00,7560.00,1200.00,44760.00,FULFILLED
1000004456,20240924,1540,1,,1,15000.00,3150.00,1200.00,19350.00,FULFILLED
1000004458,20240924,1751,1,,4,48000.00,10080.00,0.00,58080.00,FULFILLED
1000004459,20240924,669,1,,2,30000.00,6300.00,1500.00,37800.00,FULFILLED
1000004460,20240924,1752,1,,4,30000.00,6300.00,1800.00,38100.00,FULFILLED
1000004461,20240924,26,1,,1,15000.00,3150.00,1200.00,19350.00,FULFILLED
1000004462,20240924,1322,1,,4,12000.00,2520.00,1800.00,16320.00,FULFILLED
1000004464,20240924,1753,1,,3,84000.00,17640.00,0.00,101640.00,FULFILLED
1000004465,20240924,1393,1,,4,24300.00,5103.00,1800.00,31203.00,FULFILLED
1000004466,20240924,1005,1,,1,21600.00,4536.00,1200.00,27336.00,FULFILLED
1000004467,20240925,1360,1,,1,12000.00,2520.00,1200.00,15720.00,FULFILLED
1000004468,20240925,1149,1,,4,84000.00,17640.00,0.00,101640.00,REFUNDED
1000004471,20240925,1754,1,,1,36000.00,7560.00,1200.00,44760.00,FULFILLED
1000004474,20240925,626,1,,1,11400.00,2394.00,1200.00,14994.00,FULFILLED
1000004479,20240925,1755,1,,1,15000.00,3150.00,1200.00,19350.00,FULFILLED
1000004482,20240925,1194,1,,3,60000.00,12600.00,0.00,72600.00,FULFILLED
1000004484,20240925,1054,1,,1,12000.00,2520.00,1200.00,15720.00,FULFILLED
1000004486,20240925,970,1,,4,15000.00,3150.00,1800.00,19950.00,FULFILLED
1000004487,20240925,719,1,,1,12000.00,2520.00,1200.00,15720.00,FULFILLED
1000004488,20240926,1756,1,,1,12000.00,2520.00,1200.00,15720.00,FULFILLED
1000004490,20240926,1145,1,,1,24000.00,5040.00,1200.00,30240.00,FULFILLED
1000004492,20240926,909,1,,2,69000.00,14490.00,0.00,83490.00,FULFILLED
1000004495,20240926,1478,1,,3,15000.00,3150.00,1500.00,19650.00,FULFILLED
1000004496,20240926,938,1,,3,24000.00,5040.00,1500.00,30540.00,FULFILLED
1000004499,20240926,1378,1,,3,39000.00,8190.00,1500.00,48690.00,FULFILLED
1000004503,20240927,567,1,,1,42000.00,8820.00,1200.00,52020.00,FULFILLED
1000004504,20240927,742,1,,1,51000.00,10710.00,0.00,61710.00,FULFILLED
1000004507,20240927,1564,1,,2,15000.00,3150.00,1500.00,19650.00,FULFILLED
1000004509,20240927,1663,1,,4,48000.00,10080.00,0.00,58080.00,FULFILLED
1000004510,20240927,1297,1,,2,39000.00,8190.00,1500.00,48690.00,FULFILLED
1000004515,20240927,53,1,,4,12000.00,2520.00,1800.00,16320.00,REFUNDED
1000004516,20240927,152,1,,3,42000.00,8820.00,1500.00,52320.00,FULFILLED
1000004517,20240928,1278,1,,4,30000.00,6300.00,1800.00,38100.00,FULFILLED
1000004518,20240928,1762,1,,2,48000.00,10080.00,0.00,58080.00,FULFILLED
1000004525,20240928,185,1,,1,12000.00,2520.00,1200.00,15720.00,FULFILLED
1000004528,20240928,1475,1,,2,27000.00,5670.00,1500.00,34170.00,CANCELLED
1000004532,20240928,1764,1,,1,57000.00,11970.00,0.00,68970.00,FULFILLED
1000004533,20240928,1765,1,,1,15000.00,3150.00,1200.00,19350.00,FULFILLED
1000004534,20240928,639,1,,1,24000.00,5040.00,1200.00,30240.00,FULFILLED
1000004535,20240929,705,1,,3,30000.00,6300.00,1500.00,37800.00,CANCELLED
1000004536,20240929,836,1,,2,24000.00,5040.00,1500.00,30540.00,FULFILLED
1000004537,20240929,1267,1,,3,27000.00,5670.00,1500.00,34170.00,FULFILLED
1000004538,20240929,1076,1,,1,24000.00,5040.00,1200.00,30240.00,FULFILLED
1000004539,20240929,299,1,,3,15000.00,3150.00,1500.00,19650.00,FULFILLED
1000004540,20240929,852,1,,4,24000.00,5040.00,1800.00,30840.00,FULFILLED
1000004541,20240929,1451,1,,1,15000.00,3150.00,1200.00,19350.00,FULFILLED
1000004542,20240929,1766,1,,2,12000.00,2520.00,1500.00,16020.00,FULFILLED
1000004543,20240929,1767,1,,1,27000.00,5670.00,1200.00,33870.00,FULFILLED
1000004544,20240929,94,1,,3,12000.00,2520.00,1500.00,16020.00,FULFILLED
1000004545,20240929,1768,1,,3,45000.00,9450.00,0.00,54450.00,CANCELLED
1000004548,20240930,359,1,,2,36000.00,7560.00,1500.00,45060.00,FULFILLED
1000004549,20240930,1370,1,,3,12000.00,2520.00,1500.00,16020.00,FULFILLED
1000004552,20240930,284,1,,3,15000.00,3150.00,1500.00,19650.00,FULFILLED
1000004553,20240930,526,1,,4,54000.00,11340.00,0.00,65340.00,FULFILLED
1000004554,20240930,12,1,,2,24000.00,5040.00,1500.00,30540.00,FULFILLED
1000004555,20240930,1769,1,,1,42000.00,8820.00,1200.00,52020.00,FULFILLED
1000004556,20240930,1770,1,,1,48000.00,10080.00,0.00,58080.00,FULFILLED
1000004557,20240930,543,1,,2,15000.00,3150.00,1500.00,19650.00,FULFILLED
1000004558,20241001,1771,1,,1,11400.00,2394.00,1200.00,14994.00,FULFILLED
1000004559,20241001,1772,1,,3,57000.00,11970.00,0.00,68970.00,FULFILLED
1000004560,20241001,11,1,,4,24000.00,5040.00,1800.00,30840.00,FULFILLED
1000004562,20241001,124,1,,1,15000.00,3150.00,1200.00,19350.00,FULFILLED
1000004563,20241001,108,1,,3,24000.00,5040.00,1500.00,30540.00,FULFILLED
1000004566,20241001,125,1,,3,12000.00,2520.00,1500.00,16020.00,FULFILLED
1000004568,20241001,1773,1,,1,12000.00,2520.00,1200.00,15720.00,FULFILLED
1000004570,20241001,1486,1,,4,69000.00,14490.00,0.00,83490.00,FULFILLED
1000004571,20241001,20,1,,1,36000.00,7560.00,1200.00,44760.00,FULFILLED
1000004572,20241001,1253,1,,3,15000.00,3150.00,1500.00,19650.00,FULFILLED
1000004574,20241001,1365,1,,3,12000.00,2520.00,1500.00,16020.00,REFUNDED
1000004575,20241002,1774,1,,1,12000.00,2520.00,1200.00,15720.00,FULFILLED
1000004576,20241002,835,1,,2,42000.00,8820.00,1500.00,52320.00,FULFILLED
1000004578,20241002,1625,1,,1,27000.00,5670.00,1200.00,33870.00,FULFILLED
1000004579,20241002,556,1,,4,15000.00,3150.00,1800.00,19950.00,FULFILLED
1000004581,20241002,405,1,,4,12000.00,2520.00,1800.00,16320.00,FULFILLED
1000004582,20241002,65,1,,1,12000.00,2520.00,1200.00,15720.00,FULFILLED
1000004585,20241002,1347,1,,2,12000.00,2520.00,1500.00,16020.00,FULFILLED
1000004587,20241002,1622,1,,1,27000.00,5670.00,1200.00,33870.00,CANCELLED
1000004588,20241003,893,1,,4,45000.00,9450.00,0.00,54450.00,FULFILLED
1000004590,20241003,1776,1,,3,57000.00,11970.00,0.00,68970.00,FULFILLED
1000004592,20241003,1380,1,,1,15000.00,3150.00,1200.00,19350.00,FULFILLED
1000004595,20241003,1777,1,,1,15000.00,3150.00,1200.00,19350.00,FULFILLED
1000004597,20241003,83,1,,4,60000.00,12600.00,0.00,72600.00,FULFILLED
1000004598,20241003,1507,1,,2,15000.00,3150.00,1500.00,19650.00,FULFILLED
1000004600,20241003,1511,1,,3,15000.00,3150.00,1500.00,19650.00,FULFILLED
1000004601,20241003,1778,1,,1,36000.00,7560.00,1200.00,44760.00,CANCELLED
1000004602,20241003,1033,1,,2,45000.00,9450.00,0.00,54450.00,FULFILLED
1000004603,20241003,1779,1,,1,15000.00,3150.00,1200.00,19350.00,FULFILLED
1000004604,20241003,1780,1,,1,12000.00,2520.00,1200.00,15720.00,FULFILLED
1000004605,20241003,72,1,,3,27000.00,5670.00,1500.00,34170.00,FULFILLED
1000004612,20241004,1538,1,,2,24000.00,5040.00,1500.00,30540.00,FULFILLED
1000004618,20241004,425,1,,3,15000.00,3150.00,1500.00,19650.00,FULFILLED
1000004621,20241004,1685,1,,3,15000.00,3150.00,1500.00,19650.00,CANCELLED
1000004622,20241004,1783,1,,3,12000.00,2520.00,1500.00,16020.00,REFUNDED
1000004623,20241004,1314,1,,2,15000.00,3150.00,1500.00,19650.00,FULFILLED
1000004624,20241005,1784,1,,3,36000.00,7560.00,1500.00,45060.00,FULFILLED
1000004625,20241005,1390,1,,4,45000.00,9450.00,0.00,54450.00,FULFILLED
1000004626,20241005,1665,1,,2,24000.00,5040.00,1500.00,30540.00,CANCELLED
1000004629,20241005,1786,1,,4,57000.00,11970.00,0.00,68970.00,FULFILLED
1000004632,20241005,644,1,,2,12000.00,2520.00,1500.00,16020.00,FULFILLED
1000004633,20241005,1789,1,,3,12000.00,2520.00,1500.00,16020.00,CANCELLED
1000004634,20241005,1017,1,,3,42000.00,8820.00,1500.00,52320.00,FULFILLED
1000004635,20241005,1110,1,,4,54000.00,11340.00,0.00,65340.00,FULFILLED
1000004637,20241005,1790,1,,1,15000.00,3150.00,1200.00,19350.00,FULFILLED
1000004638,20241006,572,1,,3,27000.00,5670.00,1500.00,34170.00,FULFILLED
1000004639,20241006,1279,1,,2,66000.00,13860.00,0.00,79860.00,FULFILLED
1000004640,20241006,1415,1,,1,63000.00,13230.00,0.00,76230.00,FULFILLED
1000004641,20241006,1670,1,,1,39000.00,8190.00,1200.00,48390.00,CANCELLED
1000004642,20241006,394,1,,4,30000.00,6300.00,1800.00,38100.00,FULFILLED
1000004643,20241006,351,1,,1,15000.00,3150.00,1200.00,19350.00,FULFILLED
1000004644,20241006,1360,1,,1,63000.00,13230.00,0.00,76230.00,FULFILLED
1000004645,20241006,233,1,,3,30000.00,6300.00,1500.00,37800.00,FULFILLED
1000004646,20241006,1554,1,,1,24000.00,5040.00,1200.00,30240.00,FULFILLED
1000004647,20241006,1791,1,,3,15000.00,3150.00,1500.00,19650.00,FULFILLED
1000004648,20241006,667,1,,2,15000.00,3150.00,1500.00,19650.00,FULFILLED
1000004649,20241007,1388,1,,1,12000.00,2520.00,1200.00,15720.00,FULFILLED
1000004650,20241007,263,1,,3,24000.00,5040.00,1500.00,30540.00,FULFILLED
1000004651,20241007,1379,1,,2,42000.00,8820.00,1500.00,52320.00,FULFILLED
1000004652,20241007,1397,1,,2,72000.00,15120.00,0.00,87120.00,FULFILLED
1000004656,20241007,47,1,,4,24000.00,5040.00,1800.00,30840.00,CANCELLED
1000004657,20241007,120,1,,4,24000.00,5040.00,1800.00,30840.00,FULFILLED
1000004659,20241007,1313,1,,2,30000.00,6300.00,1500.00,37800.00,FULFILLED
1000004660,20241007,621,1,,3,12000.00,2520.00,1500.00,16020.00,FULFILLED
1000004661,20241007,1189,1,,4,12000.00,2520.00,1800.00,16320.00,FULFILLED
1000004662,20241007,1595,1,,2,24000.00,5040.00,1500.00,30540.00,FULFILLED
1000004664,20241007,1057,1,,4,15000.00,3150.00,1800.00,19950.00,CANCELLED
1000004665,20241007,791,1,,1,15000.00,3150.00,1200.00,19350.00,FULFILLED
1000004666,20241007,1793,1,,1,12000.00,2520.00,1200.00,15720.00,FULFILLED
1000004667,20241007,894,1,,1,15000.00,3150.00,1200.00,19350.00,FULFILLED
1000004668,20241007,1086,1,,4,24000.00,5040.00,1800.00,30840.00,FULFILLED
1000004669,20241008,1001,1,,3,27000.00,5670.00,1500.00,34170.00,FULFILLED
1000004670,20241008,1551,1,,3,42000.00,8820.00,1500.00,52320.00,CANCELLED
1000004671,20241008,790,1,,1,61200.00,12852.00,0.00,74052.00,FULFILLED
1000004672,20241008,332,1,,3,15000.00,3150.00,1500.00,19650.00,CANCELLED
1000004673,20241008,789,1,,3,78000.00,16380.00,0.00,94380.00,FULFILLED
1000004674,20241008,344,1,,2,12000.00,2520.00,1500.00,16020.00,CANCELLED
1000004675,20241008,1517,1,,2,56700.00,11907.00,0.00,68607.00,FULFILLED
1000004677,20241008,191,1,,4,13500.00,2835.00,1800.00,18135.00,CANCELLED
1000004678,20241008,1667,1,,2,24000.00,5040.00,1500.00,30540.00,FULFILLED
1000004680,20241008,512,1,,2,15000.00,3150.00,1500.00,19650.00,FULFILLED
1000004682,20241008,697,1,,3,24000.00,5040.00,1500.00,30540.00,FULFILLED
1000004683,20241008,1358,1,,1,10800.00,2268.00,1200.00,14268.00,FULFILLED
1000004686,20241008,1794,1,,3,24000.00,5040.00,1500.00,30540.00,FULFILLED
1000004690,20241008,1795,1,,3,24000.00,5040.00,1500.00,30540.00,FULFILLED
1000004691,20241008,1109,1,,4,60000.00,12600.00,0.00,72600.00,FULFILLED
1000004692,20241008,1384,1,,1,27000.00,5670.00,1200.00,33870.00,FULFILLED
1000004693,20241008,1428,1,,3,10800.00,2268.00,1500.00,14568.00,FULFILLED
1000004694,20241008,1225,1,,4,39000.00,8190.00,1800.00,48990.00,CANCELLED
1000004695,20241009,1796,1,,1,30000.00,6300.00,1200.00,37500.00,REFUNDED
1000004696,20241009,1797,1,,1,24000.00,5040.00,1200.00,30240.00,FULFILLED
1000004697,20241009,869,1,,1,42000.00,8820.00,1200.00,52020.00,CANCELLED
1000004698,20241009,1798,1,,1,57000.00,11970.00,0.00,68970.00,FULFILLED
1000004700,20241009,1632,1,,1,30000.00,6300.00,1200.00,37500.00,FULFILLED
1000004703,20241009,1449,1,,1,45000.00,9450.00,0.00,54450.00,FULFILLED
1000004704,20241009,706,1,,1,51000.00,10710.00,0.00,61710.00,FULFILLED
1000004706,20241009,1633,1,,4,45000.00,9450.00,0.00,54450.00,REFUNDED
1000004707,20241009,1593,1,,2,42000.00,8820.00,1500.00,52320.00,FULFILLED
1000004708,20241009,1799,1,,2,30000.00,6300.00,1500.00,37800.00,FULFILLED
1000004711,20241009,1738,1,,1,27000.00,5670.00,1200.00,33870.00,FULFILLED
1000004714,20241009,770,1,,1,30000.00,6300.00,1200.00,37500.00,FULFILLED
1000004715,20241009,1504,1,,3,30000.00,6300.00,1500.00,37800.00,FULFILLED
1000004716,20241010,768,1,,3,14250.00,2992.50,1500.00,18742.50,FULFILLED
1000004717,20241010,885,1,,2,60000.00,12600.00,0.00,72600.00,FULFILLED
1000004718,20241010,1284,1,,1,12000.00,2520.00,1200.00,15720.00,CANCELLED
1000004720,20241010,1541,1,,3,30000.00,6300.00,1500.00,37800.00,FULFILLED
1000004721,20241010,1060,1,,2,12000.00,2520.00,1500.00,16020.00,FULFILLED
1000004722,20241010,1643,1,,1,42000.00,8820.00,1200.00,52020.00,CANCELLED
1000004724,20241010,982,1,,3,24000.00,5040.00,1500.00,30540.00,FULFILLED
1000004726,20241010,1311,1,,3,24000.00,5040.00,1500.00,30540.00,FULFILLED
1000004728,20241010,1801,1,,3,30000.00,6300.00,1500.00,37800.00,FULFILLED
1000004729,20241010,999,1,,4,93000.00,19530.00,0.00,112530.00,FULFILLED
1000004730,20241010,1802,1,,4,51000.00,10710.00,0.00,61710.00,FULFILLED
1000004732,20241010,1604,1,,2,30000.00,6300.00,1500.00,37800.00,FULFILLED
1000004735,20241010,1465,1,,3,30000.00,6300.00,1500.00,37800.00,FULFILLED
1000004736,20241010,1345,1,,1,15000.00,3150.00,1200.00,19350.00,FULFILLED
1000004737,20241010,270,1,,1,12000.00,2520.00,1200.00,15720.00,FULFILLED
1000004738,20241010,1512,1,,2,27000.00,5670.00,1500.00,34170.00,FULFILLED
1000004739,20241010,946,1,,1,39000.00,8190.00,1200.00,48390.00,FULFILLED
1000004740,20241010,1143,1,,4,30000.00,6300.00,1800.00,38100.00,FULFILLED
1000004741,20241011,589,1,,3,45000.00,9450.00,0.00,54450.00,FULFILLED
1000004742,20241011,458,1,,1,24000.00,5040.00,1200.00,30240.00,FULFILLED
1000004743,20241011,788,1,,4,27000.00,5670.00,1800.00,34470.00,FULFILLED
1000004744,20241011,1524,1,,2,12000.00,2520.00,1500.00,16020.00,FULFILLED
1000004745,20241011,1806,1,,1,24000.00,5040.00,1200.00,30240.00,FULFILLED
1000004746,20241011,1093,1,,2,34200.00,7182.00,1500.00,42882.00,FULFILLED
1000004747,20241011,216,1,,2,24000.00,5040.00,1500.00,30540.00,FULFILLED
1000004749,20241011,1808,1,,2,24000.00,5040.00,1500.00,30540.00,FULFILLED
1000004750,20241011,1163,1,,2,12000.00,2520.00,1500.00,16020.00,FULFILLED
1000004751,20241011,1521,1,,1,12000.00,2520.00,1200.00,15720.00,FULFILLED
1000004757,20241011,1810,1,,3,24000.00,5040.00,1500.00,30540.00,FULFILLED
1000004758,20241011,812,1,,2,24000.00,5040.00,1500.00,30540.00,FULFILLED
1000004760,20241011,1118,1,,1,42000.00,8820.00,1200.00,52020.00,REFUNDED
1000004761,20241011,1811,1,,1,12000.00,2520.00,1200.00,15720.00,FULFILLED
1000004764,20241011,913,1,,3,12000.00,2520.00,1500.00,16020.00,FULFILLED
1000004768,20241011,15,1,,1,24000.00,5040.00,1200.00,30240.00,FULFILLED
1000004769,20241011,1552,1,,1,15000.00,3150.00,1200.00,19350.00,FULFILLED
1000004770,20241011,1812,1,,4,24000.00,5040.00,1800.00,30840.00,FULFILLED
1000004771,20241011,700,1,,3,45000.00,9450.00,0.00,54450.00,FULFILLED
1000004772,20241011,1043,1,,1,12000.00,2520.00,1200.00,15720.00,FULFILLED
1000004773,20241012,1813,1,,1,24000.00,5040.00,1200.00,30240.00,FULFILLED
1000004774,20241012,369,1,,3,72000.00,15120.00,0.00,87120.00,FULFILLED
1000004777,20241012,1815,1,,3,27000.00,5670.00,1500.00,34170.00,FULFILLED
1000004781,20241012,179,1,,3,12000.00,2520.00,1500.00,16020.00,FULFILLED
1000004786,20241012,1821,1,,3,27000.00,5670.00,1500.00,34170.00,FULFILLED
1000004793,20241012,214,1,,1,11400.00,2394.00,1200.00,14994.00,FULFILLED
1000004796,20241012,593,1,,1,66000.00,13860.00,0.00,79860.00,FULFILLED
1000004797,20241012,1091,1,,1,24000.00,5040.00,1200.00,30240.00,FULFILLED
1000004798,20241012,1823,1,,4,36000.00,7560.00,1800.00,45360.00,FULFILLED
1000004799,20241012,1824,1,,4,14250.00,2992.50,1800.00,19042.50,FULFILLED
1000004800,20241013,505,1,,1,27000.00,5670.00,1200.00,33870.00,FULFILLED
1000004801,20241013,46,1,,3,15000.00,3150.00,1500.00,19650.00,FULFILLED
1000004802,20241013,1825,1,,1,30000.00,6300.00,1200.00,37500.00,FULFILLED
1000004803,20241013,712,1,,1,30000.00,6300.00,1200.00,37500.00,FULFILLED
1000004804,20241013,1186,1,,3,60000.00,12600.00,0.00,72600.00,FULFILLED
1000004805,20241013,16,1,,3,30000.00,6300.00,1500.00,37800.00,FULFILLED
1000004806,20241013,280,1,,2,12000.00,2520.00,1500.00,16020.00,FULFILLED
1000004807,20241013,1492,1,,1,54000.00,11340.00,0.00,65340.00,FULFILLED
1000004808,20241013,427,1,,3,12000.00,2520.00,1500.00,16020.00,FULFILLED
1000004809,20241013,77,1,,1,12000.00,2520.00,1200.00,15720.00,FULFILLED
1000004810,20241013,152,1,,3,51000.00,10710.00,0.00,61710.00,CANCELLED
1000004811,20241013,1826,1,,3,51000.00,10710.00,0.00,61710.00,FULFILLED
1000004812,20241013,1257,1,,2,14250.00,2992.50,1500.00,18742.50,FULFILLED
1000004813,20241013,1827,1,,3,12000.00,2520.00,1500.00,16020.00,FULFILLED
1000004814,20241013,399,1,,3,12000.00,2520.00,1500.00,16020.00,FULFILLED
1000004815,20241014,1828,1,,4,24000.00,5040.00,1800.00,30840.00,FULFILLED
1000004816,20241014,1215,1,,1,30000.00,6300.00,1200.00,37500.00,FULFILLED
1000004818,20241014,1168,1,,2,12000.00,2520.00,1500.00,16020.00,FULFILLED
1000004820,20241014,971,1,,1,45000.00,9450.00,0.00,54450.00,FULFILLED
1000004821,20241014,1743,1,,2,15000.00,3150.00,1500.00,19650.00,FULFILLED
1000004822,20241014,1830,1,,1,39000.00,8190.00,1200.00,48390.00,FULFILLED
1000004824,20241014,671,1,,1,24000.00,5040.00,1200.00,30240.00,FULFILLED
1000004826,20241014,1771,1,,1,11400.00,2394.00,1200.00,14994.00,FULFILLED
1000004827,20241014,460,1,,1,12000.00,2520.00,1200.00,15720.00,CANCELLED
1000004828,20241014,1149,1,,4,24000.00,5040.00,1800.00,30840.00,FULFILLED
1000004830,20241014,713,1,,1,93000.00,19530.00,0.00,112530.00,FULFILLED
1000004831,20241014,526,1,,4,24000.00,5040.00,1800.00,30840.00,FULFILLED
1000004832,20241014,1233,1,,2,24000.00,5040.00,1500.00,30540.00,REFUNDED
1000004833,20241014,1638,1,,4,12000.00,2520.00,1800.00,16320.00,CANCELLED
1000004834,20241014,1716,1,,2,15000.00,3150.00,1500.00,19650.00,FULFILLED
1000004835,20241015,703,1,,3,60000.00,12600.00,0.00,72600.00,FULFILLED
1000004836,20241015,1833,1,,2,57000.00,11970.00,0.00,68970.00,FULFILLED
1000004839,20241015,1834,1,,2,45000.00,9450.00,0.00,54450.00,FULFILLED
1000004840,20241015,1835,1,,3,12000.00,2520.00,1500.00,16020.00,FULFILLED
1000004843,20241015,985,1,,1,14250.00,2992.50,1200.00,18442.50,FULFILLED
1000004844,20241015,1346,1,,4,15000.00,3150.00,1800.00,19950.00,FULFILLED
1000004845,20241015,335,1,,4,39000.00,8190.00,1800.00,48990.00,FULFILLED
1000004846,20241015,1592,1,,2,30000.00,6300.00,1500.00,37800.00,FULFILLED
1000004848,20241015,1555,1,,2,24000.00,5040.00,1500.00,30540.00,FULFILLED
1000004850,20241015,1837,1,,1,36000.00,7560.00,1200.00,44760.00,CANCELLED
1000004855,20241016,632,1,,1,60000.00,12600.00,0.00,72600.00,FULFILLED
1000004856,20241016,1754,1,,1,30000.00,6300.00,1200.00,37500.00,FULFILLED
1000004859,20241016,1684,1,,1,12000.00,2520.00,1200.00,15720.00,FULFILLED
1000004860,20241016,1436,1,,4,27000.00,5670.00,1800.00,34470.00,FULFILLED
1000004862,20241016,1079,1,,3,30000.00,6300.00,1500.00,37800.00,CANCELLED
1000004863,20241016,783,1,,1,42750.00,8977.50,1200.00,52927.50,FULFILLED
1000004864,20241016,876,1,,2,39000.00,8190.00,1500.00,48690.00,FULFILLED
1000004866,20241016,1369,1,,2,12000.00,2520.00,1500.00,16020.00,FULFILLED
1000004870,20241016,831,1,,4,27000.00,5670.00,1800.00,34470.00,FULFILLED
1000004873,20241016,1431,1,,2,27000.00,5670.00,1500.00,34170.00,FULFILLED
1000004877,20241016,1187,1,,1,27000.00,5670.00,1200.00,33870.00,CANCELLED
1000004878,20241016,1412,1,,1,27000.00,5670.00,1200.00,33870.00,FULFILLED
1000004879,20241016,1547,1,,2,12000.00,2520.00,1500.00,16020.00,FULFILLED
1000004880,20241017,1841,1,,1,12000.00,2520.00,1200.00,15720.00,FULFILLED
1000004881,20241017,1047,1,,3,15000.00,3150.00,1500.00,19650.00,FULFILLED
1000004882,20241017,69,1,,4,24000.00,5040.00,1800.00,30840.00,FULFILLED
1000004885,20241017,1842,1,,2,15000.00,3150.00,1500.00,19650.00,FULFILLED
1000004892,20241017,1845,1,,4,69000.00,14490.00,0.00,83490.00,FULFILLED
1000004896,20241017,1258,1,,1,51300.00,10773.00,0.00,62073.00,FULFILLED
1000004898,20241017,1484,1,,1,15000.00,3150.00,1200.00,19350.00,FULFILLED
1000004902,20241017,63,1,,1,12000.00,2520.00,1200.00,15720.00,FULFILLED
1000004903,20241017,308,1,,2,27000.00,5670.00,1500.00,34170.00,FULFILLED
1000004904,20241018,1847,1,,1,12000.00,2520.00,1200.00,15720.00,FULFILLED
1000004905,20241018,1274,1,,3,12000.00,2520.00,1500.00,16020.00,FULFILLED
1000004907,20241018,1110,1,,4,24000.00,5040.00,1800.00,30840.00,FULFILLED
1000004908,20241018,464,1,,1,42000.00,8820.00,1200.00,52020.00,FULFILLED
1000004911,20241018,1608,1,,1,12000.00,2520.00,1200.00,15720.00,FULFILLED
1000004913,20241018,1070,1,,3,15000.00,3150.00,1500.00,19650.00,FULFILLED
1000004915,20241018,1422,1,,1,24000.00,5040.00,1200.00,30240.00,FULFILLED
1000004916,20241018,891,1,,2,11400.00,2394.00,1500.00,15294.00,FULFILLED
1000004919,20241018,1629,1,,3,12000.00,2520.00,1500.00,16020.00,FULFILLED
1000004920,20241018,1849,1,,1,12000.00,2520.00,1200.00,15720.00,FULFILLED
1000004922,20241018,967,1,,1,15000.00,3150.00,1200.00,19350.00,CANCELLED
1000004923,20241018,1095,1,,1,30000.00,6300.00,1200.00,37500.00,FULFILLED
1000004924,20241018,398,1,,1,42000.00,8820.00,1200.00,52020.00,FULFILLED
1000004925,20241018,648,1,,1,30000.00,6300.00,1200.00,37500.00,FULFILLED
1000004926,20241019,416,1,,2,12000.00,2520.00,1500.00,16020.00,FULFILLED
1000004928,20241019,1317,1,,1,24000.00,5040.00,1200.00,30240.00,FULFILLED
1000004930,20241019,1464,1,,4,12000.00,2520.00,1800.00,16320.00,FULFILLED
1000004934,20241019,1719,1,,2,15000.00,3150.00,1500.00,19650.00,FULFILLED
1000004937,20241019,411,1,,1,12000.00,2520.00,1200.00,15720.00,FULFILLED
1000004944,20241019,1850,1,,1,45000.00,9450.00,0.00,54450.00,FULFILLED
1000004946,20241019,189,1,,3,22800.00,4788.00,1500.00,29088.00,FULFILLED
1000004949,20241019,1591,1,,1,12000.00,2520.00,1200.00,15720.00,FULFILLED
1000004950,20241020,578,1,,1,15000.00,3150.00,1200.00,19350.00,FULFILLED
1000004951,20241020,1654,1,,4,14250.00,2992.50,1800.00,19042.50,FULFILLED
1000004952,20241020,301,1,,1,54000.00,11340.00,0.00,65340.00,FULFILLED
1000004953,20241020,1851,1,,4,12000.00,2520.00,1800.00,16320.00,FULFILLED
1000004954,20241020,1852,1,,3,15000.00,3150.00,1500.00,19650.00,FULFILLED
1000004955,20241020,1474,1,,1,15000.00,3150.00,1200.00,19350.00,FULFILLED
1000004956,20241020,259,1,,2,30000.00,6300.00,1500.00,37800.00,FULFILLED
1000004957,20241020,663,1,,1,12000.00,2520.00,1200.00,15720.00,FULFILLED
1000004958,20241020,1297,1,,2,24000.00,5040.00,1500.00,30540.00,FULFILLED
1000004959,20241020,1087,1,,4,48000.00,10080.00,0.00,58080.00,FULFILLED
1000004960,20241020,964,1,,3,12000.00,2520.00,1500.00,16020.00,FULFILLED
1000004961,20241021,1135,1,,1,42000.00,8820.00,1200.00,52020.00,FULFILLED
1000004962,20241021,1026,1,,3,15000.00,3150.00,1500.00,19650.00,REFUNDED
1000004963,20241021,1853,1,,1,24000.00,5040.00,1200.00,30240.00,FULFILLED
1000004964,20241021,1053,1,,1,57000.00,11970.00,0.00,68970.00,FULFILLED
1000004965,20241021,1721,1,,3,15000.00,3150.00,1500.00,19650.00,CANCELLED
1000004967,20241021,739,1,,2,30000.00,6300.00,1500.00,37800.00,FULFILLED
1000004968,20241021,1404,1,,4,12000.00,2520.00,1800.00,16320.00,FULFILLED
1000004969,20241021,1466,1,,2,48000.00,10080.00,0.00,58080.00,FULFILLED
1000004971,20241021,1189,1,,4,39000.00,8190.00,1800.00,48990.00,FULFILLED
1000004972,20241021,156,1,,1,60000.00,12600.00,0.00,72600.00,CANCELLED
1000004973,20241022,1854,1,,1,24000.00,5040.00,1200.00,30240.00,FULFILLED
1000004974,20241022,1855,1,,1,15000.00,3150.00,1200.00,19350.00,FULFILLED
1000004975,20241022,357,1,,1,12000.00,2520.00,1200.00,15720.00,FULFILLED
1000004976,20241022,1387,1,,3,27000.00,5670.00,1500.00,34170.00,FULFILLED
1000004978,20241022,1175,1,,1,51300.00,10773.00,0.00,62073.00,FULFILLED
1000004979,20241022,1857,1,,4,43200.00,9072.00,1800.00,54072.00,FULFILLED
1000004980,20241022,1256,1,,1,12000.00,2520.00,1200.00,15720.00,FULFILLED
1000004981,20241022,1169,1,,4,56700.00,11907.00,0.00,68607.00,FULFILLED
1000004985,20241022,1483,1,,3,12000.00,2520.00,1500.00,16020.00,FULFILLED
1000004986,20241022,1859,1,,3,12000.00,2520.00,1500.00,16020.00,FULFILLED
1000004988,20241022,1650,1,,1,27000.00,5670.00,1200.00,33870.00,FULFILLED
1000004989,20241022,1083,1,,2,15000.00,3150.00,1500.00,19650.00,FULFILLED
1000004990,20241023,1600,1,,4,12000.00,2520.00,1800.00,16320.00,CANCELLED
1000004991,20241023,113,1,,1,15000.00,3150.00,1200.00,19350.00,FULFILLED
1000004994,20241023,1862,1,,4,30000.00,6300.00,1800.00,38100.00,FULFILLED
1000004995,20241023,1485,1,,1,15000.00,3150.00,1200.00,19350.00,REFUNDED
1000005000,20241023,1702,1,,3,36000.00,7560.00,1500.00,45060.00,FULFILLED
1000005002,20241023,1509,1,,3,12000.00,2520.00,1500.00,16020.00,FULFILLED
1000005003,20241023,1864,1,,4,63000.00,13230.00,0.00,76230.00,FULFILLED
1000005004,20241024,29,1,,4,30000.00,6300.00,1800.00,38100.00,FULFILLED
1000005005,20241024,960,1,,1,15000.00,3150.00,1200.00,19350.00,FULFILLED
1000005007,20241024,1534,1,,3,12000.00,2520.00,1500.00,16020.00,FULFILLED
1000005009,20241024,1275,1,,4,14250.00,2992.50,1800.00,19042.50,FULFILLED
1000005011,20241024,1865,1,,2,15000.00,3150.00,1500.00,19650.00,FULFILLED
1000005012,20241024,1500,1,,2,12000.00,2520.00,1500.00,16020.00,FULFILLED
1000005013,20241024,284,1,,3,12000.00,2520.00,1500.00,16020.00,FULFILLED
1000005014,20241024,104,1,,2,27000.00,5670.00,1500.00,34170.00,FULFILLED
1000005015,20241024,1496,1,,4,15000.00,3150.00,1800.00,19950.00,FULFILLED
1000005016,20241024,1002,1,,3,15000.00,3150.00,1500.00,19650.00,FULFILLED
1000005017,20241024,1866,1,,2,84000.00,17640.00,0.00,101640.00,FULFILLED
1000005018,20241024,299,1,,3,15000.00,3150.00,1500.00,19650.00,CANCELLED
1000005019,20241025,1867,1,,1,30000.00,6300.00,1200.00,37500.00,FULFILLED
1000005020,20241025,1868,1,,3,36000.00,7560.00,1500.00,45060.00,REFUNDED
1000005021,20241025,1001,1,,3,15000.00,3150.00,1500.00,19650.00,FULFILLED
1000005023,20241025,888,1,,3,12000.00,2520.00,1500.00,16020.00,FULFILLED
1000005025,20241025,1870,1,,3,36000.00,7560.00,1500.00,45060.00,FULFILLED
1000005028,20241025,1871,1,,4,12000.00,2520.00,1800.00,16320.00,FULFILLED
1000005030,20241025,1469,1,,3,24000.00,5040.00,1500.00,30540.00,FULFILLED
1000005031,20241025,1872,1,,3,12000.00,2520.00,1500.00,16020.00,FULFILLED
1000005033,20241026,1874,1,,3,12000.00,2520.00,1500.00,16020.00,FULFILLED
1000005038,20241026,1876,1,,1,24000.00,5040.00,1200.00,30240.00,CANCELLED
1000005040,20241026,42,1,,1,36000.00,7560.00,1200.00,44760.00,FULFILLED
1000005048,20241026,1878,1,,2,12000.00,2520.00,1500.00,16020.00,FULFILLED
1000005049,20241026,1842,1,,2,42000.00,8820.00,1500.00,52320.00,FULFILLED
1000005050,20241026,789,1,,3,45000.00,9450.00,0.00,54450.00,FULFILLED
1000005051,20241026,1551,1,,3,27000.00,5670.00,1500.00,34170.00,FULFILLED
1000005052,20241027,566,1,,2,15000.00,3150.00,1500.00,19650.00,FULFILLED
1000005053,20241027,978,1,,2,15000.00,3150.00,1500.00,19650.00,CANCELLED
1000005054,20241027,232,1,,2,69000.00,14490.00,0.00,83490.00,CANCELLED
1000005055,20241027,1879,1,,2,36000.00,7560.00,1500.00,45060.00,FULFILLED
1000005056,20241027,787,1,,1,27000.00,5670.00,1200.00,33870.00,FULFILLED
1000005057,20241027,1880,1,,2,12000.00,2520.00,1500.00,16020.00,FULFILLED
1000005058,20241027,1579,1,,4,30000.00,6300.00,1800.00,38100.00,CANCELLED
1000005059,20241027,1626,1,,2,12000.00,2520.00,1500.00,16020.00,FULFILLED
1000005060,20241027,1273,1,,2,42000.00,8820.00,1500.00,52320.00,FULFILLED
1000005061,20241027,1359,1,,4,15000.00,3150.00,1800.00,19950.00,FULFILLED
1000005062,20241027,1336,1,,3,12000.00,2520.00,1500.00,16020.00,FULFILLED
1000005063,20241027,1160,1,,2,12000.00,2520.00,1500.00,16020.00,FULFILLED
1000005064,20241027,1881,1,,1,48000.00,10080.00,0.00,58080.00,FULFILLED
1000005065,20241028,179,1,,3,12000.00,2520.00,1500.00,16020.00,FULFILLED
1000005066,20241028,1882,1,,1,12000.00,2520.00,1200.00,15720.00,FULFILLED
1000005067,20241028,764,1,,1,48000.00,10080.00,0.00,58080.00,CANCELLED
1000005072,20241028,1885,1,,4,12000.00,2520.00,1800.00,16320.00,FULFILLED
1000005073,20241028,1168,1,,2,12000.00,2520.00,1500.00,16020.00,FULFILLED
1000005074,20241028,5,1,,1,12000.00,2520.00,1200.00,15720.00,FULFILLED
1000005076,20241028,1887,1,,3,36000.00,7560.00,1500.00,45060.00,FULFILLED
1000005081,20241028,1343,1,,1,57000.00,11970.00,0.00,68970.00,FULFILLED
1000005083,20241028,1313,1,,2,30000.00,6300.00,1500.00,37800.00,FULFILLED
1000005085,20241028,487,1,,2,12000.00,2520.00,1500.00,16020.00,FULFILLED
1000005086,20241029,214,1,,1,15000.00,3150.00,1200.00,19350.00,FULFILLED
1000005087,20241029,1420,1,,1,69000.00,14490.00,0.00,83490.00,FULFILLED
1000005088,20241029,1329,1,,1,15000.00,3150.00,1200.00,19350.00,FULFILLED
1000005091,20241029,869,1,,1,12000.00,2520.00,1200.00,15720.00,FULFILLED
1000005092,20241029,1889,1,,3,15000.00,3150.00,1500.00,19650.00,FULFILLED
1000005093,20241029,1750,1,,3,27000.00,5670.00,1500.00,34170.00,FULFILLED
1000005095,20241029,946,1,,1,45000.00,9450.00,0.00,54450.00,FULFILLED
1000005096,20241029,1653,1,,1,12000.00,2520.00,1200.00,15720.00,FULFILLED
1000005099,20241029,630,1,,4,39000.00,8190.00,1800.00,48990.00,FULFILLED
1000005101,20241029,742,1,,1,12000.00,2520.00,1200.00,15720.00,FULFILLED
1000005102,20241029,1187,1,,1,15000.00,3150.00,1200.00,19350.00,FULFILLED
1000005103,20241029,652,1,,1,15000.00,3150.00,1200.00,19350.00,FULFILLED
1000005104,20241029,723,1,,4,15000.00,3150.00,1800.00,19950.00,FULFILLED
1000005105,20241029,279,1,,2,15000.00,3150.00,1500.00,19650.00,FULFILLED
1000005106,20241029,812,1,,2,36000.00,7560.00,1500.00,45060.00,FULFILLED
1000005107,20241030,938,1,,3,12000.00,2520.00,1500.00,16020.00,FULFILLED
1000005108,20241030,1891,1,,2,28500.00,5985.00,1500.00,35985.00,FULFILLED
1000005109,20241030,1892,1,,3,15000.00,3150.00,1500.00,19650.00,FULFILLED
1000005110,20241030,1539,1,,1,36000.00,7560.00,1200.00,44760.00,FULFILLED
1000005111,20241030,1893,1,,2,96000.00,20160.00,0.00,116160.00,FULFILLED
1000005113,20241030,1894,1,,1,48000.00,10080.00,0.00,58080.00,FULFILLED
1000005119,20241030,1102,1,,1,12000.00,2520.00,1200.00,15720.00,FULFILLED
1000005122,20241030,996,1,,2,30000.00,6300.00,1500.00,37800.00,FULFILLED
1000005123,20241030,457,1,,4,12000.00,2520.00,1800.00,16320.00,FULFILLED
1000005124,20241030,45,1,,2,24000.00,5040.00,1500.00,30540.00,FULFILLED
1000005125,20241030,257,1,,2,12000.00,2520.00,1500.00,16020.00,FULFILLED
1000005126,20241030,1795,1,,3,39000.00,8190.00,1500.00,48690.00,FULFILLED
1000005127,20241030,1511,1,,3,30000.00,6300.00,1500.00,37800.00,FULFILLED
1000005128,20241031,849,1,,3,48000.00,10080.00,0.00,58080.00,FULFILLED
1000005129,20241031,626,1,,1,12000.00,2520.00,1200.00,15720.00,FULFILLED
1000005130,20241031,1046,1,,1,12000.00,2520.00,1200.00,15720.00,FULFILLED
1000005133,20241031,1568,1,,2,15000.00,3150.00,1500.00,19650.00,FULFILLED
1000005136,20241031,733,1,,1,15000.00,3150.00,1200.00,19350.00,FULFILLED
1000005140,20241031,1897,1,,1,30000.00,6300.00,1200.00,37500.00,CANCELLED
1000005144,20241031,1229,1,,1,30000.00,6300.00,1200.00,37500.00,FULFILLED
1000005146,20241031,1016,1,,1,12000.00,2520.00,1200.00,15720.00,FULFILLED
1000005147,20241031,1768,1,,3,12000.00,2520.00,1500.00,16020.00,CANCELLED
1000005148,20241101,653,1,,3,15000.00,3150.00,1500.00,19650.00,CANCELLED
1000005155,20241101,1901,1,,3,24000.00,5040.00,1500.00,30540.00,FULFILLED
1000005158,20241101,494,1,,1,12000.00,2520.00,1200.00,15720.00,FULFILLED
1000005159,20241101,1902,1,,3,69000.00,14490.00,0.00,83490.00,CANCELLED
1000005165,20241101,1903,1,,2,12000.00,2520.00,1500.00,16020.00,FULFILLED
1000005166,20241101,1318,1,,2,36000.00,7560.00,1500.00,45060.00,FULFILLED
1000005167,20241102,1057,1,,4,36000.00,7560.00,1800.00,45360.00,FULFILLED
1000005168,20241102,1388,1,,1,15000.00,3150.00,1200.00,19350.00,FULFILLED
1000005169,20241102,629,1,,1,22800.00,4788.00,1200.00,28788.00,FULFILLED
1000005181,20241102,160,1,,1,12000.00,2520.00,1200.00,15720.00,FULFILLED
1000005185,20241103,1907,1,,4,12000.00,2520.00,1800.00,16320.00,FULFILLED
1000005186,20241103,1908,1,,2,15000.00,3150.00,1500.00,19650.00,FULFILLED
1000005187,20241103,1501,1,,3,24000.00,5040.00,1500.00,30540.00,FULFILLED
1000005188,20241103,1088,1,,2,12000.00,2520.00,1500.00,16020.00,FULFILLED
1000005189,20241103,1841,1,,1,30000.00,6300.00,1200.00,37500.00,FULFILLED
1000005190,20241103,1909,1,,1,27000.00,5670.00,1200.00,33870.00,FULFILLED
1000005191,20241103,11,1,,4,12000.00,2520.00,1800.00,16320.00,FULFILLED
1000005192,20241103,1252,1,,1,24000.00,5040.00,1200.00,30240.00,CANCELLED
1000005193,20241103,173,1,,1,24000.00,5040.00,1200.00,30240.00,CANCELLED
1000005194,20241103,1910,1,,3,27000.00,5670.00,1500.00,34170.00,FULFILLED
1000005195,20241104,1423,1,,1,12750.00,2677.50,0.00,15427.50,FULFILLED
1000005196,20241104,1814,1,,4,30600.00,6426.00,0.00,37026.00,FULFILLED
1000005197,20241104,26,1,,1,20400.00,4284.00,0.00,24684.00,FULFILLED
1000005198,20241104,1911,1,,3,51000.00,10710.00,0.00,61710.00,FULFILLED
1000005199,20241104,1047,1,,3,10200.00,2142.00,0.00,12342.00,FULFILLED
1000005200,20241104,1525,1,,1,10200.00,2142.00,0.00,12342.00,FULFILLED
1000005202,20241104,1542,1,,2,12750.00,2677.50,0.00,15427.50,FULFILLED
1000005204,20241104,1632,1,,1,10200.00,2142.00,0.00,12342.00,FULFILLED
1000005205,20241104,1783,1,,3,10200.00,2142.00,0.00,12342.00,FULFILLED
1000005206,20241104,1913,1,,3,10200.00,2142.00,0.00,12342.00,FULFILLED
1000005207,20241104,373,1,,4,20400.00,4284.00,0.00,24684.00,FULFILLED
1000005208,20241104,47,1,,1,25500.00,5355.00,0.00,30855.00,FULFILLED
1000005209,20241104,1650,1,,1,20400.00,4284.00,0.00,24684.00,FULFILLED
1000005210,20241104,1914,1,,3,12750.00,2677.50,0.00,15427.50,CANCELLED
1000005211,20241104,473,1,,1,10200.00,2142.00,0.00,12342.00,FULFILLED
1000005212,20241104,1638,1,,4,20400.00,4284.00,0.00,24684.00,CANCELLED
1000005213,20241104,538,1,,4,48450.00,10174.50,0.00,58624.50,FULFILLED
1000005216,20241104,263,1,,3,25500.00,5355.00,0.00,30855.00,FULFILLED
1000005217,20241104,1582,1,,2,30600.00,6426.00,0.00,37026.00,FULFILLED
1000005218,20241104,1375,1,,1,10200.00,2142.00,0.00,12342.00,FULFILLED
1000005220,20241104,1549,1,,1,43350.00,9103.50,0.00,52453.50,FULFILLED
1000005222,20241104,268,1,,4,10200.00,2142.00,0.00,12342.00,FULFILLED
1000005223,20241104,918,1,,1,12750.00,2677.50,0.00,15427.50,FULFILLED
1000005224,20241104,1915,1,,4,10200.00,2142.00,0.00,12342.00,FULFILLED
1000005225,20241104,1358,1,,1,20400.00,4284.00,0.00,24684.00,FULFILLED
1000005226,20241104,870,1,,1,53550.00,11245.50,0.00,64795.50,FULFILLED
1000005227,20241104,1475,1,,2,30600.00,6426.00,0.00,37026.00,FULFILLED
1000005228,20241104,681,1,,1,35700.00,7497.00,0.00,43197.00,FULFILLED
1000005229,20241104,1916,1,,1,12750.00,2677.50,0.00,15427.50,FULFILLED
1000005230,20241104,1297,1,,2,10200.00,2142.00,0.00,12342.00,FULFILLED
1000005231,20241105,1639,1,,1,22950.00,4819.50,0.00,27769.50,FULFILLED
1000005232,20241105,505,1,,2,35700.00,7497.00,0.00,43197.00,REFUNDED
1000005233,20241105,1256,1,,1,10200.00,2142.00,0.00,12342.00,FULFILLED
1000005234,20241105,1917,1,,1,35700.00,7497.00,0.00,43197.00,FULFILLED
1000005235,20241105,1754,1,,1,12750.00,2677.50,0.00,15427.50,FULFILLED
1000005236,20241105,581,1,,4,38250.00,8032.50,0.00,46282.50,FULFILLED
1000005237,20241105,1278,1,,4,10200.00,2142.00,0.00,12342.00,FULFILLED
1000005238,20241105,1547,1,,2,12750.00,2677.50,0.00,15427.50,FULFILLED
1000005239,20241105,421,1,,1,22950.00,4819.50,0.00,27769.50,FULFILLED
1000005241,20241105,1021,1,,1,10200.00,2142.00,0.00,12342.00,FULFILLED
1000005243,20241105,1779,1,,1,20400.00,4284.00,0.00,24684.00,FULFILLED
1000005244,20241105,909,1,,2,53550.00,11245.50,0.00,64795.50,FULFILLED
1000005245,20241105,1728,1,,1,25500.00,5355.00,0.00,30855.00,FULFILLED
1000005246,20241105,1748,1,,3,10200.00,2142.00,0.00,12342.00,FULFILLED
1000005247,20241105,1919,1,,1,20400.00,4284.00,0.00,24684.00,FULFILLED
1000005248,20241105,1024,1,,4,10200.00,2142.00,0.00,12342.00,FULFILLED
1000005249,20241105,461,1,,3,20400.00,4284.00,0.00,24684.00,FULFILLED
1000005250,20241105,342,1,,3,38250.00,8032.50,0.00,46282.50,FULFILLED
1000005252,20241105,1707,1,,4,35700.00,7497.00,0.00,43197.00,FULFILLED
1000005253,20241105,1920,1,,1,22950.00,4819.50,0.00,27769.50,FULFILLED
1000005255,20241105,1610,1,,1,10200.00,2142.00,0.00,12342.00,FULFILLED
1000005256,20241105,405,1,,4,10200.00,2142.00,0.00,12342.00,FULFILLED
1000005259,20241105,791,1,,1,48450.00,10174.50,0.00,58624.50,FULFILLED
1000005260,20241105,1646,1,,3,10200.00,2142.00,0.00,12342.00,FULFILLED
1000005261,20241105,1921,1,,4,25500.00,5355.00,0.00,30855.00,FULFILLED
1000005262,20241105,1426,1,,1,20400.00,4284.00,0.00,24684.00,REFUNDED
1000005263,20241105,1570,1,,1,61200.00,12852.00,0.00,74052.00,FULFILLED
1000005264,20241105,399,1,,3,10200.00,2142.00,0.00,12342.00,FULFILLED
1000005265,20241105,1922,1,,4,10200.00,2142.00,0.00,12342.00,CANCELLED
1000005266,20241105,984,1,,2,25500.00,5355.00,0.00,30855.00,FULFILLED
1000005267,20241106,1923,1,,4,12750.00,2677.50,0.00,15427.50,FULFILLED
1000005268,20241106,1588,1,,1,30600.00,6426.00,0.00,37026.00,FULFILLED
1000005269,20241106,1182,1,,2,12750.00,2677.50,0.00,15427.50,FULFILLED
1000005270,20241106,70,1,,1,38250.00,8032.50,0.00,46282.50,FULFILLED
1000005271,20241106,1924,1,,1,12750.00,2677.50,0.00,15427.50,FULFILLED
1000005272,20241106,1370,1,,3,30600.00,6426.00,0.00,37026.00,FULFILLED
1000005273,20241106,670,1,,1,20400.00,4284.00,0.00,24684.00,FULFILLED
1000005274,20241106,1925,1,,2,22950.00,4819.50,0.00,27769.50,FULFILLED
1000005275,20241106,1351,1,,2,30600.00,6426.00,0.00,37026.00,FULFILLED
1000005276,20241106,1078,1,,1,53550.00,11245.50,0.00,64795.50,FULFILLED
1000005277,20241106,785,1,,1,40800.00,8568.00,0.00,49368.00,FULFILLED
1000005279,20241106,1068,1,,1,10200.00,2142.00,0.00,12342.00,FULFILLED
1000005281,20241106,784,1,,4,48450.00,10174.50,0.00,58624.50,FULFILLED
1000005285,20241106,14,1,,1,25500.00,5355.00,0.00,30855.00,FULFILLED
1000005286,20241106,1331,1,,2,43350.00,9103.50,0.00,52453.50,FULFILLED
1000005287,20241106,1927,1,,1,25500.00,5355.00,0.00,30855.00,FULFILLED
1000005288,20241106,396,1,,1,20400.00,4284.00,0.00,24684.00,FULFILLED
1000005289,20241106,1120,1,,1,25500.00,5355.00,0.00,30855.00,FULFILLED
1000005290,20241106,1077,1,,3,10200.00,2142.00,0.00,12342.00,FULFILLED
1000005293,20241106,1180,1,,1,10200.00,2142.00,0.00,12342.00,FULFILLED
1000005295,20241106,1928,1,,2,22950.00,4819.50,0.00,27769.50,FULFILLED
1000005296,20241106,1051,1,,3,20400.00,4284.00,0.00,24684.00,CANCELLED
1000005299,20241106,1929,1,,1,25500.00,5355.00,0.00,30855.00,FULFILLED
1000005300,20241106,1931,1,,2,38250.00,8032.50,0.00,46282.50,FULFILLED
1000005301,20241106,222,1,,1,20400.00,4284.00,0.00,24684.00,FULFILLED
1000005302,20241106,622,1,,2,30600.00,6426.00,0.00,37026.00,FULFILLED
1000005303,20241106,1428,1,,3,12750.00,2677.50,0.00,15427.50,REFUNDED
1000005304,20241106,294,1,,3,10200.00,2142.00,0.00,12342.00,FULFILLED
1000005305,20241106,913,1,,3,10200.00,2142.00,0.00,12342.00,FULFILLED
1000005306,20241106,53,1,,4,33150.00,6961.50,0.00,40111.50,FULFILLED
1000005307,20241106,1849,1,,1,10200.00,2142.00,0.00,12342.00,CANCELLED
1000005308,20241106,1591,1,,1,12750.00,2677.50,0.00,15427.50,FULFILLED
1000005309,20241106,871,1,,4,20400.00,4284.00,0.00,24684.00,FULFILLED
1000005310,20241106,1932,1,,2,48450.00,10174.50,0.00,58624.50,FULFILLED
1000005311,20241106,1121,1,,2,12750.00,2677.50,0.00,15427.50,FULFILLED
1000005312,20241107,1706,1,,1,12000.00,2520.00,1200.00,15720.00,FULFILLED
1000005314,20241107,1006,1,,2,12000.00,2520.00,1500.00,16020.00,FULFILLED
1000005315,20241107,118,1,,2,24000.00,5040.00,1500.00,30540.00,FULFILLED
1000005317,20241107,27,1,,2,30000.00,6300.00,1500.00,37800.00,FULFILLED
1000005322,20241107,1087,1,,4,24000.00,5040.00,1800.00,30840.00,FULFILLED
1000005323,20241107,404,1,,1,12000.00,2520.00,1200.00,15720.00,FULFILLED
1000005324,20241107,542,1,,2,30000.00,6300.00,1500.00,37800.00,FULFILLED
1000005326,20241107,1450,1,,3,63000.00,13230.00,0.00,76230.00,FULFILLED
1000005328,20241107,420,1,,1,39900.00,8379.00,1200.00,49479.00,FULFILLED
1000005329,20241107,201,1,,1,24000.00,5040.00,1200.00,30240.00,FULFILLED
1000005330,20241107,1592,1,,2,12000.00,2520.00,1500.00,16020.00,FULFILLED
1000005331,20241107,1286,1,,1,24000.00,5040.00,1200.00,30240.00,FULFILLED
1000005332,20241107,169,1,,1,36000.00,7560.00,1200.00,44760.00,FULFILLED
1000005333,20241108,335,1,,4,15000.00,3150.00,1800.00,19950.00,FULFILLED
1000005335,20241108,241,1,,1,24000.00,5040.00,1200.00,30240.00,FULFILLED
1000005336,20241108,1328,1,,2,42000.00,8820.00,1500.00,52320.00,FULFILLED
1000005337,20241108,725,1,,3,12000.00,2520.00,1500.00,16020.00,CANCELLED
1000005341,20241108,1936,1,,2,12000.00,2520.00,1500.00,16020.00,FULFILLED
1000005342,20241108,287,1,,1,15000.00,3150.00,1200.00,19350.00,REFUNDED
1000005347,20241108,65,1,,1,12000.00,2520.00,1200.00,15720.00,FULFILLED
1000005348,20241108,161,1,,2,12000.00,2520.00,1500.00,16020.00,FULFILLED
1000005349,20241108,1823,1,,4,15000.00,3150.00,1800.00,19950.00,FULFILLED
1000005350,20241108,339,1,,2,30000.00,6300.00,1500.00,37800.00,FULFILLED
1000005351,20241108,1598,1,,4,42000.00,8820.00,1800.00,52620.00,FULFILLED
1000005352,20241108,1939,1,,1,24000.00,5040.00,1200.00,30240.00,FULFILLED
1000005353,20241108,1577,1,,1,60000.00,12600.00,0.00,72600.00,FULFILLED
1000005354,20241109,1940,1,,2,30000.00,6300.00,1500.00,37800.00,FULFILLED
1000005355,20241109,1770,1,,1,45000.00,9450.00,0.00,54450.00,FULFILLED
1000005356,20241109,1941,1,,2,15000.00,3150.00,1500.00,19650.00,FULFILLED
1000005357,20241109,696,1,,3,27000.00,5670.00,1500.00,34170.00,FULFILLED
1000005363,20241109,1275,1,,4,30000.00,6300.00,1800.00,38100.00,FULFILLED
1000005364,20241109,684,1,,1,27000.00,5670.00,1200.00,33870.00,FULFILLED
1000005365,20241109,299,1,,3,12000.00,2520.00,1500.00,16020.00,FULFILLED
1000005366,20241109,1244,1,,1,27000.00,5670.00,1200.00,33870.00,FULFILLED
1000005367,20241109,1580,1,,1,15000.00,3150.00,1200.00,19350.00,FULFILLED
1000005368,20241109,1313,1,,2,15000.00,3150.00,1500.00,19650.00,FULFILLED
1000005369,20241109,1943,1,,3,15000.00,3150.00,1500.00,19650.00,FULFILLED
1000005370,20241109,1432,1,,4,60000.00,12600.00,0.00,72600.00,FULFILLED
1000005375,20241109,1945,1,,4,27000.00,5670.00,1800.00,34470.00,FULFILLED
1000005376,20241109,143,1,,2,30000.00,6300.00,1500.00,37800.00,FULFILLED
1000005377,20241109,207,1,,1,48000.00,10080.00,0.00,58080.00,CANCELLED
1000005378,20241109,1946,1,,2,69000.00,14490.00,0.00,83490.00,FULFILLED
1000005379,20241109,1947,1,,3,27000.00,5670.00,1500.00,34170.00,FULFILLED
1000005380,20241109,172,1,,2,27000.00,5670.00,1500.00,34170.00,FULFILLED
1000005381,20241110,759,1,,1,30000.00,6300.00,1200.00,37500.00,FULFILLED
1000005382,20241110,333,1,,3,15000.00,3150.00,1500.00,19650.00,CANCELLED
1000005383,20241110,447,1,,1,60000.00,12600.00,0.00,72600.00,CANCELLED
1000005384,20241110,1254,1,,2,30000.00,6300.00,1500.00,37800.00,FULFILLED
1000005385,20241110,122,1,,2,27000.00,5670.00,1500.00,34170.00,CANCELLED
1000005386,20241110,1504,1,,3,12000.00,2520.00,1500.00,16020.00,FULFILLED
1000005387,20241110,1439,1,,4,12000.00,2520.00,1800.00,16320.00,FULFILLED
1000005388,20241110,1554,1,,1,15000.00,3150.00,1200.00,19350.00,FULFILLED
1000005389,20241110,115,1,,1,15000.00,3150.00,1200.00,19350.00,FULFILLED
1000005390,20241111,1724,1,,1,30000.00,6300.00,1200.00,37500.00,FULFILLED
1000005391,20241111,1345,1,,1,57000.00,11970.00,0.00,68970.00,FULFILLED
1000005392,20241111,977,1,,3,39000.00,8190.00,1500.00,48690.00,FULFILLED
1000005396,20241111,176,1,,1,15000.00,3150.00,1200.00,19350.00,FULFILLED
1000005400,20241111,1265,1,,1,12000.00,2520.00,1200.00,15720.00,CANCELLED
1000005403,20241111,1949,1,,1,12000.00,2520.00,1200.00,15720.00,FULFILLED
1000005404,20241111,1725,1,,1,27000.00,5670.00,1200.00,33870.00,FULFILLED
1000005405,20241111,1516,1,,2,42000.00,8820.00,1500.00,52320.00,FULFILLED
1000005406,20241111,1867,1,,1,15000.00,3150.00,1200.00,19350.00,FULFILLED
1000005407,20241111,425,1,,3,62700.00,13167.00,0.00,75867.00,FULFILLED
1000005408,20241112,152,1,,3,12000.00,2520.00,1500.00,16020.00,FULFILLED
1000005409,20241112,1600,1,,4,10800.00,2268.00,1800.00,14868.00,FULFILLED
1000005410,20241112,1795,1,,3,30000.00,6300.00,1500.00,37800.00,FULFILLED
1000005411,20241112,1950,1,,1,12000.00,2520.00,1200.00,15720.00,FULFILLED
1000005413,20241112,1951,1,,1,54000.00,11340.00,0.00,65340.00,FULFILLED
1000005415,20241112,1953,1,,4,12000.00,2520.00,1800.00,16320.00,FULFILLED
1000005416,20241112,1954,1,,1,36000.00,7560.00,1200.00,44760.00,FULFILLED
1000005417,20241112,715,1,,2,15000.00,3150.00,1500.00,19650.00,FULFILLED
1000005419,20241112,1572,1,,3,12000.00,2520.00,1500.00,16020.00,FULFILLED
1000005422,20241112,595,1,,3,66000.00,13860.00,0.00,79860.00,FULFILLED
1000005424,20241112,1713,1,,1,21600.00,4536.00,1200.00,27336.00,FULFILLED
1000005425,20241112,1203,1,,1,30000.00,6300.00,1200.00,37500.00,FULFILLED
1000005426,20241112,1955,1,,1,12000.00,2520.00,1200.00,15720.00,FULFILLED
1000005427,20241112,1813,1,,1,21600.00,4536.00,1200.00,27336.00,FULFILLED
1000005428,20241113,1768,1,,3,12000.00,2520.00,1500.00,16020.00,FULFILLED
1000005429,20241113,1337,1,,1,51000.00,10710.00,0.00,61710.00,CANCELLED
1000005430,20241113,1956,1,,1,45000.00,9450.00,0.00,54450.00,FULFILLED
1000005432,20241113,1762,1,,2,12000.00,2520.00,1500.00,16020.00,FULFILLED
1000005433,20241113,1957,1,,2,12000.00,2520.00,1500.00,16020.00,FULFILLED
1000005435,20241113,1257,1,,2,30000.00,6300.00,1500.00,37800.00,FULFILLED
1000005436,20241113,1959,1,,2,30000.00,6300.00,1500.00,37800.00,FULFILLED
1000005439,20241113,1961,1,,1,24000.00,5040.00,1200.00,30240.00,FULFILLED
1000005440,20241113,1883,1,,4,12000.00,2520.00,1800.00,16320.00,FULFILLED
1000005443,20241113,998,1,,1,72000.00,15120.00,0.00,87120.00,FULFILLED
1000005446,20241113,1476,1,,4,15000.00,3150.00,1800.00,19950.00,CANCELLED
1000005447,20241113,1352,1,,2,81000.00,17010.00,0.00,98010.00,CANCELLED
1000005449,20241113,351,1,,1,24000.00,5040.00,1200.00,30240.00,FULFILLED
1000005450,20241113,1963,1,,1,24000.00,5040.00,1200.00,30240.00,FULFILLED
1000005451,20241113,1830,1,,1,15000.00,3150.00,1200.00,19350.00,FULFILLED
1000005452,20241113,456,1,,4,27000.00,5670.00,1800.00,34470.00,FULFILLED
1000005453,20241114,1017,1,,3,24000.00,5040.00,1500.00,30540.00,FULFILLED
1000005454,20241114,1515,1,,1,39000.00,8190.00,1200.00,48390.00,FULFILLED
1000005455,20241114,629,1,,1,12000.00,2520.00,1200.00,15720.00,FULFILLED
1000005456,20241114,1964,1,,4,39000.00,8190.00,1800.00,48990.00,FULFILLED
1000005457,20241114,74,1,,4,30000.00,6300.00,1800.00,38100.00,FULFILLED
1000005458,20241114,1965,1,,1,30000.00,6300.00,1200.00,37500.00,FULFILLED
1000005460,20241114,1966,1,,1,12000.00,2520.00,1200.00,15720.00,FULFILLED
1000005461,20241114,1967,1,,1,24000.00,5040.00,1200.00,30240.00,FULFILLED
1000005462,20241114,1393,1,,4,27000.00,5670.00,1800.00,34470.00,FULFILLED
1000005464,20241114,1080,1,,1,15000.00,3150.00,1200.00,19350.00,FULFILLED
1000005467,20241114,1969,1,,1,15000.00,3150.00,1200.00,19350.00,CANCELLED
1000005468,20241114,26,1,,1,15000.00,3150.00,1200.00,19350.00,FULFILLED
1000005470,20241114,1125,1,,2,27000.00,5670.00,1500.00,34170.00,FULFILLED
1000005471,20241114,1626,1,,2,15000.00,3150.00,1500.00,19650.00,FULFILLED
1000005472,20241114,1274,1,,3,30000.00,6300.00,1500.00,37800.00,FULFILLED
1000005474,20241114,1624,1,,2,12000.00,2520.00,1500.00,16020.00,CANCELLED
1000005475,20241114,113,1,,1,15000.00,3150.00,1200.00,19350.00,FULFILLED
1000005477,20241114,470,1,,3,48000.00,10080.00,0.00,58080.00,FULFILLED
1000005478,20241114,1971,1,,1,30000.00,6300.00,1200.00,37500.00,FULFILLED
1000005479,20241114,705,1,,3,15000.00,3150.00,1500.00,19650.00,FULFILLED
1000005480,20241114,494,1,,1,42000.00,8820.00,1200.00,52020.00,FULFILLED
1000005483,20241115,1043,1,,1,45000.00,9450.00,0.00,54450.00,FULFILLED
1000005489,20241115,1973,1,,2,12000.00,2520.00,1500.00,16020.00,FULFILLED
1000005491,20241115,997,1,,3,30000.00,6300.00,1500.00,37800.00,FULFILLED
1000005492,20241115,1411,1,,4,12000.00,2520.00,1800.00,16320.00,FULFILLED
1000005493,20241116,1975,1,,4,48000.00,10080.00,0.00,58080.00,FULFILLED
1000005494,20241116,1739,1,,4,57000.00,11970.00,0.00,68970.00,FULFILLED
1000005497,20241116,1885,1,,4,63000.00,13230.00,0.00,76230.00,FULFILLED
1000005500,20241116,1977,1,,3,24000.00,5040.00,1500.00,30540.00,FULFILLED
1000005503,20241116,1978,1,,1,12000.00,2520.00,1200.00,15720.00,FULFILLED
1000005506,20241116,1913,1,,3,24000.00,5040.00,1500.00,30540.00,REFUNDED
1000005509,20241116,1979,1,,4,24000.00,5040.00,1800.00,30840.00,FULFILLED
1000005510,20241116,1980,1,,3,24000.00,5040.00,1500.00,30540.00,FULFILLED
1000005511,20241116,847,1,,2,24000.00,5040.00,1500.00,30540.00,FULFILLED
1000005512,20241116,639,1,,1,36000.00,7560.00,1200.00,44760.00,FULFILLED
1000005513,20241117,713,1,,1,42000.00,8820.00,1200.00,52020.00,FULFILLED
1000005514,20241117,1981,1,,2,27000.00,5670.00,1500.00,34170.00,FULFILLED
1000005515,20241117,1239,1,,1,27000.00,5670.00,1200.00,33870.00,FULFILLED
1000005516,20241118,1143,1,,4,15000.00,3150.00,1800.00,19950.00,FULFILLED
1000005517,20241118,1878,1,,2,39000.00,8190.00,1500.00,48690.00,FULFILLED
1000005518,20241118,1486,1,,4,15000.00,3150.00,1800.00,19950.00,FULFILLED
1000005519,20241118,579,1,,1,45000.00,9450.00,0.00,54450.00,FULFILLED
1000005522,20241118,1484,1,,1,45000.00,9450.00,0.00,54450.00,FULFILLED
1000005525,20241118,1249,1,,1,12000.00,2520.00,1200.00,15720.00,FULFILLED
1000005527,20241118,671,1,,1,60000.00,12600.00,0.00,72600.00,FULFILLED
1000005528,20241118,1855,1,,1,30000.00,6300.00,1200.00,37500.00,FULFILLED
1000005530,20241118,104,1,,2,39000.00,8190.00,1500.00,48690.00,FULFILLED
1000005532,20241118,1784,1,,3,39900.00,8379.00,1500.00,49779.00,FULFILLED
1000005533,20241118,967,1,,1,12000.00,2520.00,1200.00,15720.00,FULFILLED
1000005534,20241118,1984,1,,1,24000.00,5040.00,1200.00,30240.00,FULFILLED
1000005535,20241118,1135,1,,1,36000.00,7560.00,1200.00,44760.00,CANCELLED
1000005536,20241119,270,1,,1,27000.00,5670.00,1200.00,33870.00,FULFILLED
1000005538,20241119,490,1,,1,12000.00,2520.00,1200.00,15720.00,FULFILLED
1000005540,20241119,460,1,,1,60000.00,12600.00,0.00,72600.00,FULFILLED
1000005541,20241119,1610,1,,1,30000.00,6300.00,1200.00,37500.00,FULFILLED
1000005544,20241119,1989,1,,1,24000.00,5040.00,1200.00,30240.00,FULFILLED
1000005545,20241119,1687,1,,1,42000.00,8820.00,1200.00,52020.00,FULFILLED
1000005546,20241119,1672,1,,1,15000.00,3150.00,1200.00,19350.00,FULFILLED
1000005547,20241119,1204,1,,3,102000.00,21420.00,0.00,123420.00,FULFILLED
1000005548,20241119,263,1,,3,42000.00,8820.00,1500.00,52320.00,FULFILLED
1000005550,20241119,1070,1,,3,15000.00,3150.00,1500.00,19650.00,FULFILLED
1000005551,20241119,644,1,,2,27000.00,5670.00,1500.00,34170.00,FULFILLED
1000005552,20241119,1991,1,,2,30000.00,6300.00,1500.00,37800.00,FULFILLED
1000005553,20241119,1906,1,,1,15000.00,3150.00,1200.00,19350.00,FULFILLED
1000005554,20241119,423,1,,2,45000.00,9450.00,0.00,54450.00,FULFILLED
1000005555,20241119,869,1,,1,24000.00,5040.00,1200.00,30240.00,FULFILLED
1000005556,20241120,1361,1,,1,60000.00,12600.00,0.00,72600.00,FULFILLED
1000005557,20241120,1992,1,,1,12000.00,2520.00,1200.00,15720.00,CANCELLED
1000005560,20241120,488,1,,2,45000.00,9450.00,0.00,54450.00,FULFILLED
1000005562,20241120,1993,1,,3,15000.00,3150.00,1500.00,19650.00,CANCELLED
1000005564,20241120,1994,1,,1,51000.00,10710.00,0.00,61710.00,FULFILLED
1000005565,20241120,195,1,,3,30000.00,6300.00,1500.00,37800.00,FULFILLED
1000005568,20241120,991,1,,1,15000.00,3150.00,1200.00,19350.00,FULFILLED
1000005571,20241120,1995,1,,3,24000.00,5040.00,1500.00,30540.00,FULFILLED
1000005573,20241121,432,1,,4,15000.00,3150.00,1800.00,19950.00,FULFILLED
1000005576,20241121,577,1,,2,42000.00,8820.00,1500.00,52320.00,FULFILLED
1000005577,20241121,526,1,,4,30000.00,6300.00,1800.00,38100.00,FULFILLED
1000005578,20241121,1722,1,,2,15000.00,3150.00,1500.00,19650.00,FULFILLED
1000005579,20241122,1997,1,,1,12000.00,2520.00,1200.00,15720.00,FULFILLED
1000005580,20241122,1998,1,,3,15000.00,3150.00,1500.00,19650.00,FULFILLED
1000005583,20241122,1778,1,,1,36000.00,7560.00,1200.00,44760.00,FULFILLED
1000005585,20241122,1999,1,,1,39000.00,8190.00,1200.00,48390.00,FULFILLED
1000005588,20241122,2003,1,,1,12000.00,2520.00,1200.00,15720.00,FULFILLED
1000005589,20241122,1465,1,,3,15000.00,3150.00,1500.00,19650.00,FULFILLED
1000005595,20241122,2004,1,,3,24000.00,5040.00,1500.00,30540.00,FULFILLED
1000005596,20241122,2005,1,,2,14250.00,2992.50,1500.00,18742.50,FULFILLED
1000005597,20241122,1512,1,,2,24000.00,5040.00,1500.00,30540.00,FULFILLED
1000005598,20241122,2006,1,,2,15000.00,3150.00,1500.00,19650.00,FULFILLED
1000005599,20241122,1515,1,,1,30000.00,6300.00,1200.00,37500.00,CANCELLED
1000005600,20241123,1764,1,,1,24000.00,5040.00,1200.00,30240.00,CANCELLED
1000005601,20241123,1129,1,,4,15000.00,3150.00,1800.00,19950.00,FULFILLED
1000005602,20241123,1369,1,,2,30000.00,6300.00,1500.00,37800.00,CANCELLED
1000005604,20241123,394,1,,4,22800.00,4788.00,1800.00,29388.00,FULFILLED
1000005605,20241123,1019,1,,2,15000.00,3150.00,1500.00,19650.00,FULFILLED
1000005607,20241123,1756,1,,1,51000.00,10710.00,0.00,61710.00,CANCELLED
1000005608,20241123,791,1,,2,12000.00,2520.00,1500.00,16020.00,FULFILLED
1000005610,20241123,969,1,,2,12000.00,2520.00,1500.00,16020.00,FULFILLED
1000005613,20241123,1096,1,,1,12000.00,2520.00,1200.00,15720.00,FULFILLED
1000005615,20241123,1501,1,,3,30000.00,6300.00,1500.00,37800.00,FULFILLED
1000005620,20241123,2009,1,,1,30000.00,6300.00,1200.00,37500.00,FULFILLED
1000005621,20241124,2010,1,,3,24000.00,5040.00,1500.00,30540.00,FULFILLED
1000005622,20241124,2011,1,,2,12000.00,2520.00,1500.00,16020.00,FULFILLED
1000005623,20241124,2012,1,,1,24000.00,5040.00,1200.00,30240.00,FULFILLED
1000005624,20241124,1637,1,,1,15000.00,3150.00,1200.00,19350.00,FULFILLED
1000005625,20241124,1729,1,,2,36000.00,7560.00,1500.00,45060.00,FULFILLED
1000005626,20241124,531,1,,4,30000.00,6300.00,1800.00,38100.00,FULFILLED
1000005627,20241124,1141,1,,2,12000.00,2520.00,1500.00,16020.00,CANCELLED
1000005628,20241124,296,1,,2,36000.00,7560.00,1500.00,45060.00,CANCELLED
1000005629,20241124,729,1,,3,12000.00,2520.00,1500.00,16020.00,FULFILLED
1000005630,20241124,630,1,,4,30000.00,6300.00,1800.00,38100.00,CANCELLED
1000005631,20241124,249,1,,3,24000.00,5040.00,1500.00,30540.00,FULFILLED
1000005632,20241125,1267,1,,3,48000.00,10080.00,0.00,58080.00,FULFILLED
1000005633,20241125,2014,1,,1,51000.00,10710.00,0.00,61710.00,FULFILLED
1000005634,20241125,1769,1,,1,12000.00,2520.00,1200.00,15720.00,FULFILLED
1000005636,20241125,1408,1,,2,24000.00,5040.00,1500.00,30540.00,FULFILLED
1000005637,20241125,1814,1,,4,24000.00,5040.00,1800.00,30840.00,CANCELLED
1000005639,20241125,632,1,,1,14250.00,2992.50,1200.00,18442.50,FULFILLED
1000005640,20241125,357,1,,1,27000.00,5670.00,1200.00,33870.00,FULFILLED
1000005641,20241125,2,1,,3,36000.00,7560.00,1500.00,45060.00,FULFILLED
1000005642,20241125,344,1,,2,36000.00,7560.00,1500.00,45060.00,FULFILLED
1000005643,20241125,1187,1,,1,15000.00,3150.00,1200.00,19350.00,FULFILLED
1000005644,20241125,2016,1,,1,72000.00,15120.00,0.00,87120.00,FULFILLED
1000005645,20241125,328,1,,2,36000.00,7560.00,1500.00,45060.00,FULFILLED
1000005646,20241126,543,1,,2,66000.00,13860.00,0.00,79860.00,FULFILLED
1000005647,20241126,120,1,,4,12000.00,2520.00,1800.00,16320.00,FULFILLED
1000005648,20241126,1412,1,,1,12000.00,2520.00,1200.00,15720.00,FULFILLED
1000005649,20241126,1504,1,,3,36000.00,7560.00,1500.00,45060.00,FULFILLED
1000005650,20241126,885,1,,2,10800.00,2268.00,1500.00,14568.00,FULFILLED
1000005652,20241126,1557,1,,2,10800.00,2268.00,1500.00,14568.00,FULFILLED
1000005654,20241126,1422,1,,1,15000.00,3150.00,1200.00,19350.00,CANCELLED
1000005655,20241126,566,1,,3,13500.00,2835.00,1500.00,17835.00,FULFILLED
1000005656,20241126,1365,1,,3,13500.00,2835.00,1500.00,17835.00,CANCELLED
1000005657,20241126,84,1,,1,10800.00,2268.00,1200.00,14268.00,FULFILLED
1000005659,20241126,589,1,,3,27000.00,5670.00,1500.00,34170.00,FULFILLED
1000005660,20241126,1628,1,,1,27000.00,5670.00,1200.00,33870.00,FULFILLED
1000005662,20241126,44,1,,2,30000.00,6300.00,1500.00,37800.00,FULFILLED
1000005663,20241126,789,1,,3,10800.00,2268.00,1500.00,14568.00,FULFILLED
1000005664,20241126,58,1,,1,60000.00,12600.00,0.00,72600.00,FULFILLED
1000005665,20241126,2018,1,,2,15000.00,3150.00,1500.00,19650.00,FULFILLED
1000005666,20241127,1538,1,,2,12000.00,2520.00,1500.00,16020.00,FULFILLED
1000005671,20241127,1287,1,,1,12000.00,2520.00,1200.00,15720.00,FULFILLED
1000005672,20241127,1865,1,,2,12000.00,2520.00,1500.00,16020.00,FULFILLED
1000005674,20241127,2019,1,,1,15000.00,3150.00,1200.00,19350.00,FULFILLED
1000005675,20241127,11,1,,4,15000.00,3150.00,1800.00,19950.00,FULFILLED
1000005676,20241127,1606,1,,2,15000.00,3150.00,1500.00,19650.00,FULFILLED
1000005678,20241127,1295,1,,1,12000.00,2520.00,1200.00,15720.00,FULFILLED
1000005679,20241127,2020,1,,1,15000.00,3150.00,1200.00,19350.00,FULFILLED
1000005680,20241127,878,1,,3,24000.00,5040.00,1500.00,30540.00,FULFILLED
1000005682,20241127,1426,1,,1,15000.00,3150.00,1200.00,19350.00,FULFILLED
1000005687,20241127,2021,1,,4,36000.00,7560.00,1800.00,45360.00,FULFILLED
1000005688,20241127,740,1,,2,15000.00,3150.00,1500.00,19650.00,FULFILLED
1000005690,20241127,2022,1,,3,22800.00,4788.00,1500.00,29088.00,FULFILLED
1000005692,20241127,415,1,,3,15000.00,3150.00,1500.00,19650.00,CANCELLED
1000005693,20241127,728,1,,1,12000.00,2520.00,1200.00,15720.00,FULFILLED
1000005694,20241128,1587,1,,2,12000.00,2520.00,1500.00,16020.00,FULFILLED
1000005695,20241128,2023,1,,3,36000.00,7560.00,1500.00,45060.00,FULFILLED
1000005696,20241128,1159,1,,1,15000.00,3150.00,1200.00,19350.00,FULFILLED
1000005698,20241128,294,1,,3,14250.00,2992.50,1500.00,18742.50,FULFILLED
1000005699,20241128,1834,1,,2,24000.00,5040.00,1500.00,30540.00,FULFILLED
1000005700,20241128,1905,1,,4,57000.00,11970.00,0.00,68970.00,FULFILLED
1000005702,20241128,1619,1,,1,12000.00,2520.00,1200.00,15720.00,FULFILLED
1000005704,20241128,2027,1,,1,45000.00,9450.00,0.00,54450.00,FULFILLED
1000005708,20241128,2028,1,,3,57000.00,11970.00,0.00,68970.00,REFUNDED
1000005709,20241128,2029,1,,2,15000.00,3150.00,1500.00,19650.00,FULFILLED
1000005711,20241128,1328,1,,2,30000.00,6300.00,1500.00,37800.00,FULFILLED
1000005712,20241128,1871,1,,4,15000.00,3150.00,1800.00,19950.00,FULFILLED
1000005713,20241129,1570,1,,1,53550.00,11245.50,0.00,64795.50,FULFILLED
1000005714,20241129,739,1,,2,43350.00,9103.50,1500.00,53953.50,FULFILLED
1000005715,20241129,239,1,,3,56100.00,11781.00,0.00,67881.00,FULFILLED
1000005716,20241129,1174,1,,2,25500.00,5355.00,1500.00,32355.00,FULFILLED
1000005718,20241129,2030,1,,1,30600.00,6426.00,1200.00,38226.00,FULFILLED
1000005719,20241129,255,1,,1,10200.00,2142.00,1200.00,13542.00,FULFILLED
1000005720,20241129,68,1,,1,20400.00,4284.00,1200.00,25884.00,FULFILLED
1000005721,20241129,215,1,,1,12750.00,2677.50,1200.00,16627.50,CANCELLED
1000005724,20241129,2031,1,,3,10200.00,2142.00,1500.00,13842.00,FULFILLED
1000005725,20241129,1878,1,,2,12750.00,2677.50,1500.00,16927.50,FULFILLED
1000005726,20241129,2032,1,,1,33150.00,6961.50,1200.00,41311.50,FULFILLED
1000005728,20241129,2033,1,,1,40800.00,8568.00,1200.00,50568.00,CANCELLED
1000005729,20241129,1931,1,,2,20400.00,4284.00,1500.00,26184.00,FULFILLED
1000005734,20241129,2035,1,,4,51000.00,10710.00,0.00,61710.00,FULFILLED
1000005735,20241129,1534,1,,3,35700.00,7497.00,1500.00,44697.00,FULFILLED
1000005736,20241129,444,1,,1,48450.00,10174.50,0.00,58624.50,FULFILLED
1000005737,20241129,1400,1,,3,10200.00,2142.00,1500.00,13842.00,FULFILLED
1000005738,20241129,2036,1,,2,40800.00,8568.00,1500.00,50868.00,FULFILLED
1000005739,20241130,1674,1,,1,43350.00,9103.50,1200.00,53653.50,FULFILLED
1000005740,20241130,1047,1,,3,20400.00,4284.00,1500.00,26184.00,FULFILLED
1000005741,20241130,2037,1,,1,12750.00,2677.50,1200.00,16627.50,FULFILLED
1000005742,20241130,1941,1,,2,30600.00,6426.00,1500.00,38526.00,FULFILLED
1000005743,20241130,1833,1,,2,25500.00,5355.00,1500.00,32355.00,FULFILLED
1000005744,20241130,359,1,,2,22950.00,4819.50,1500.00,29269.50,FULFILLED
1000005745,20241130,125,1,,3,20400.00,4284.00,1500.00,26184.00,FULFILLED
1000005748,20241130,1039,1,,3,12750.00,2677.50,1500.00,16927.50,FULFILLED
1000005749,20241130,2038,1,,4,25500.00,5355.00,1800.00,32655.00,FULFILLED
1000005750,20241130,1073,1,,3,81600.00,17136.00,0.00,98736.00,FULFILLED
1000005751,20241130,1916,1,,1,30600.00,6426.00,1200.00,38226.00,FULFILLED
1000005754,20241130,182,1,,4,43350.00,9103.50,1800.00,54253.50,FULFILLED
1000005757,20241130,300,1,,3,20400.00,4284.00,1500.00,26184.00,FULFILLED
1000005764,20241130,1088,1,,2,25500.00,5355.00,1500.00,32355.00,FULFILLED
1000005768,20241130,1306,1,,1,10200.00,2142.00,1200.00,13542.00,FULFILLED
1000005769,20241130,1797,1,,1,45900.00,9639.00,0.00,55539.00,FULFILLED
1000005770,20241130,1810,1,,3,20400.00,4284.00,1500.00,26184.00,CANCELLED
1000005771,20241130,1599,1,,1,25500.00,5355.00,1200.00,32055.00,FULFILLED
1000005772,20241130,1240,1,,1,25500.00,5355.00,1200.00,32055.00,CANCELLED
1000005773,20241201,545,1,,3,43350.00,9103.50,1500.00,53953.50,FULFILLED
1000005774,20241201,1638,1,,4,61200.00,12852.00,0.00,74052.00,FULFILLED
1000005775,20241201,703,1,,3,33150.00,6961.50,1500.00,41611.50,FULFILLED
1000005776,20241201,1703,1,,2,33150.00,6961.50,1500.00,41611.50,FULFILLED
1000005777,20241201,1191,1,,2,25500.00,5355.00,1500.00,32355.00,FULFILLED
1000005778,20241201,502,1,,2,25500.00,5355.00,1500.00,32355.00,FULFILLED
1000005779,20241201,2044,1,,1,12750.00,2677.50,1200.00,16627.50,REFUNDED
1000005780,20241201,2045,1,,1,48450.00,10174.50,0.00,58624.50,FULFILLED
1000005781,20241201,1815,1,,3,10200.00,2142.00,1500.00,13842.00,FULFILLED
1000005782,20241201,1864,1,,4,12750.00,2677.50,1800.00,17227.50,FULFILLED
1000005783,20241201,2046,1,,3,12750.00,2677.50,1500.00,16927.50,FULFILLED
1000005784,20241201,1947,1,,3,12750.00,2677.50,1500.00,16927.50,FULFILLED
1000005785,20241201,1668,1,,2,12750.00,2677.50,1500.00,16927.50,FULFILLED
1000005786,20241201,2047,1,,2,61200.00,12852.00,0.00,74052.00,CANCELLED
1000005787,20241201,1527,1,,1,20400.00,4284.00,1200.00,25884.00,FULFILLED
1000005788,20241201,505,1,,1,38250.00,8032.50,1200.00,47482.50,FULFILLED
1000005789,20241201,2048,1,,2,22950.00,4819.50,1500.00,29269.50,CANCELLED
1000005790,20241201,316,1,,1,25500.00,5355.00,1200.00,32055.00,FULFILLED
1000005791,20241201,1946,1,,2,22950.00,4819.50,1500.00,29269.50,FULFILLED
1000005792,20241201,1521,1,,1,10200.00,2142.00,1200.00,13542.00,FULFILLED
1000005793,20241201,1989,1,,1,38250.00,8032.50,1200.00,47482.50,FULFILLED
1000005794,20241201,1006,1,,2,33150.00,6961.50,1500.00,41611.50,FULFILLED
1000005795,20241201,1109,1,,4,12750.00,2677.50,1800.00,17227.50,CANCELLED
1000005796,20241201,828,1,,4,12750.00,2677.50,1800.00,17227.50,FULFILLED
1000005797,20241201,2049,1,,4,38250.00,8032.50,1800.00,48082.50,FULFILLED
1000005798,20241201,1078,1,,1,12750.00,2677.50,1200.00,16627.50,FULFILLED
1000005799,20241201,840,1,,2,12750.00,2677.50,1500.00,16927.50,FULFILLED
1000005800,20241202,2050,1,,1,48000.00,10080.00,0.00,58080.00,FULFILLED
1000005801,20241202,2051,1,,1,30000.00,6300.00,1200.00,37500.00,CANCELLED
1000005802,20241202,20,1,,1,12000.00,2520.00,1200.00,15720.00,FULFILLED
1000005805,20241202,1872,1,,3,45000.00,9450.00,0.00,54450.00,FULFILLED
1000005806,20241202,2052,1,,1,30000.00,6300.00,1200.00,37500.00,FULFILLED
1000005809,20241202,2053,1,,3,45000.00,9450.00,0.00,54450.00,FULFILLED
1000005810,20241202,1095,1,,1,27000.00,5670.00,1200.00,33870.00,FULFILLED
1000005811,20241202,2054,1,,2,15000.00,3150.00,1500.00,19650.00,CANCELLED
1000005812,20241202,64,1,,4,12000.00,2520.00,1800.00,16320.00,FULFILLED
1000005814,20241202,1436,1,,4,27000.00,5670.00,1800.00,34470.00,FULFILLED
1000005815,20241202,222,1,,1,24000.00,5040.00,1200.00,30240.00,FULFILLED
1000005816,20241202,679,1,,3,24000.00,5040.00,1500.00,30540.00,FULFILLED
1000005819,20241202,1371,1,,3,15000.00,3150.00,1500.00,19650.00,FULFILLED
1000005820,20241202,1594,1,,3,15000.00,3150.00,1500.00,19650.00,FULFILLED
1000005822,20241202,579,1,,1,60000.00,12600.00,0.00,72600.00,FULFILLED
1000005823,20241202,2057,1,,3,12000.00,2520.00,1500.00,16020.00,FULFILLED
1000005824,20241202,1773,1,,1,57000.00,11970.00,0.00,68970.00,FULFILLED
1000005825,20241202,8,1,,1,153000.00,32130.00,0.00,185130.00,FULFILLED
1000005826,20241203,1060,1,,2,12000.00,2520.00,1500.00,16020.00,FULFILLED
1000005827,20241203,2058,1,,2,36000.00,7560.00,1500.00,45060.00,FULFILLED
1000005828,20241203,2059,1,,3,15000.00,3150.00,1500.00,19650.00,FULFILLED
1000005829,20241203,602,1,,4,48000.00,10080.00,0.00,58080.00,FULFILLED
1000005830,20241203,891,1,,2,30000.00,6300.00,1500.00,37800.00,FULFILLED
1000005831,20241203,1114,1,,4,51000.00,10710.00,0.00,61710.00,FULFILLED
1000005834,20241203,1118,1,,1,54000.00,11340.00,0.00,65340.00,FULFILLED
1000005835,20241203,1541,1,,3,57000.00,11970.00,0.00,68970.00,FULFILLED
1000005836,20241203,2060,1,,1,36000.00,7560.00,1200.00,44760.00,FULFILLED
1000005839,20241203,1828,1,,4,12000.00,2520.00,1800.00,16320.00,FULFILLED
1000005840,20241203,1679,1,,2,15000.00,3150.00,1500.00,19650.00,FULFILLED
1000005843,20241203,2062,1,,4,27000.00,5670.00,1800.00,34470.00,FULFILLED
1000005844,20241203,1305,1,,2,15000.00,3150.00,1500.00,19650.00,FULFILLED
1000005846,20241203,2063,1,,1,60000.00,12600.00,0.00,72600.00,FULFILLED
1000005847,20241203,2065,1,,1,12000.00,2520.00,1200.00,15720.00,FULFILLED
1000005848,20241203,382,1,,4,15000.00,3150.00,1800.00,19950.00,FULFILLED
1000005849,20241204,1185,1,,4,36000.00,7560.00,1800.00,45360.00,CANCELLED
1000005850,20241204,811,1,,1,60000.00,12600.00,0.00,72600.00,FULFILLED
1000005851,20241204,930,1,,1,42000.00,8820.00,1200.00,52020.00,FULFILLED
1000005852,20241204,747,1,,1,30000.00,6300.00,1200.00,37500.00,FULFILLED
1000005854,20241204,1981,1,,2,30000.00,6300.00,1500.00,37800.00,FULFILLED
1000005855,20241204,342,1,,3,60000.00,12600.00,0.00,72600.00,FULFILLED
1000005856,20241204,1919,1,,1,30000.00,6300.00,1200.00,37500.00,FULFILLED
1000005857,20241204,512,1,,2,12000.00,2520.00,1500.00,16020.00,FULFILLED
1000005859,20241204,2068,1,,1,12000.00,2520.00,1200.00,15720.00,FULFILLED
1000005860,20241204,977,1,,3,60000.00,12600.00,0.00,72600.00,FULFILLED
1000005861,20241204,1301,1,,4,24000.00,5040.00,1800.00,30840.00,CANCELLED
1000005863,20241204,1780,1,,1,45000.00,9450.00,0.00,54450.00,FULFILLED
1000005866,20241204,490,1,,1,15000.00,3150.00,1200.00,19350.00,FULFILLED
1000005867,20241204,510,1,,3,30000.00,6300.00,1500.00,37800.00,FULFILLED
1000005868,20241204,1852,1,,3,39000.00,8190.00,1500.00,48690.00,FULFILLED
1000005869,20241204,2069,1,,3,27000.00,5670.00,1500.00,34170.00,FULFILLED
1000005870,20241204,1665,1,,2,30000.00,6300.00,1500.00,37800.00,CANCELLED
1000005871,20241205,514,1,,4,24000.00,5040.00,1800.00,30840.00,FULFILLED
1000005872,20241205,1725,1,,1,27000.00,5670.00,1200.00,33870.00,FULFILLED
1000005873,20241205,1934,1,,1,15000.00,3150.00,1200.00,19350.00,FULFILLED
1000005874,20241205,1894,1,,1,15000.00,3150.00,1200.00,19350.00,FULFILLED
1000005878,20241205,423,1,,1,267750.00,56227.50,0.00,323977.50,FULFILLED
1000005882,20241205,1484,1,,1,30000.00,6300.00,1200.00,37500.00,FULFILLED
1000005885,20241205,1719,1,,2,45000.00,9450.00,0.00,54450.00,FULFILLED
1000005887,20241205,1956,1,,1,42750.00,8977.50,1200.00,52927.50,FULFILLED
1000005888,20241205,613,1,,4,45000.00,9450.00,0.00,54450.00,FULFILLED
1000005891,20241206,1429,1,,2,51000.00,10710.00,0.00,61710.00,FULFILLED
1000005892,20241206,1835,1,,3,51000.00,10710.00,0.00,61710.00,CANCELLED
1000005894,20241206,2072,1,,1,60000.00,12600.00,0.00,72600.00,FULFILLED
1000005895,20241206,1625,1,,1,15000.00,3150.00,1200.00,19350.00,FULFILLED
1000005897,20241206,1186,1,,3,42000.00,8820.00,1500.00,52320.00,CANCELLED
1000005900,20241206,1423,1,,1,15000.00,3150.00,1200.00,19350.00,FULFILLED
1000005901,20241206,1189,1,,4,15000.00,3150.00,1800.00,19950.00,FULFILLED
1000005902,20241206,1799,1,,2,24000.00,5040.00,1500.00,30540.00,CANCELLED
1000005903,20241206,494,1,,1,62700.00,13167.00,0.00,75867.00,FULFILLED
1000005907,20241206,1393,1,,4,15000.00,3150.00,1800.00,19950.00,REFUNDED
1000005908,20241206,1787,1,,2,12000.00,2520.00,1500.00,16020.00,FULFILLED
1000005909,20241207,1388,1,,1,54000.00,11340.00,0.00,65340.00,FULFILLED
1000005911,20241207,648,1,,1,39000.00,8190.00,1200.00,48390.00,FULFILLED
1000005917,20241207,1506,1,,3,12000.00,2520.00,1500.00,16020.00,FULFILLED
1000005925,20241207,194,1,,1,15000.00,3150.00,1200.00,19350.00,FULFILLED
1000005926,20241207,2074,1,,4,42000.00,8820.00,1800.00,52620.00,FULFILLED
1000005927,20241207,2075,1,,4,72000.00,15120.00,0.00,87120.00,FULFILLED
1000005928,20241208,1538,1,,2,12000.00,2520.00,1500.00,16020.00,FULFILLED
1000005929,20241208,872,1,,4,15000.00,3150.00,1800.00,19950.00,CANCELLED
1000005930,20241208,2076,1,,1,15000.00,3150.00,1200.00,19350.00,REFUNDED
1000005931,20241208,543,1,,2,27000.00,5670.00,1500.00,34170.00,FULFILLED
1000005932,20241208,377,1,,4,39000.00,8190.00,1800.00,48990.00,FULFILLED
1000005933,20241208,2077,1,,4,12000.00,2520.00,1800.00,16320.00,FULFILLED
1000005934,20241208,189,1,,3,24000.00,5040.00,1500.00,30540.00,FULFILLED
1000005935,20241208,2078,1,,4,12000.00,2520.00,1800.00,16320.00,FULFILLED
1000005936,20241208,2080,1,,1,45000.00,9450.00,0.00,54450.00,FULFILLED
1000005937,20241208,567,1,,1,12000.00,2520.00,1200.00,15720.00,CANCELLED
1000005938,20241208,2079,1,,1,30000.00,6300.00,1200.00,37500.00,CANCELLED
1000005939,20241208,1633,1,,4,60000.00,12600.00,0.00,72600.00,FULFILLED
1000005940,20241208,1570,1,,1,12000.00,2520.00,1200.00,15720.00,FULFILLED
1000005941,20241208,356,1,,1,14250.00,2992.50,1200.00,18442.50,FULFILLED
1000005942,20241208,112,1,,1,15000.00,3150.00,1200.00,19350.00,FULFILLED
1000005943,20241208,2081,1,,2,12000.00,2520.00,1500.00,16020.00,REFUNDED
1000005944,20241208,486,1,,2,48450.00,10174.50,0.00,58624.50,FULFILLED
1000005945,20241208,2082,1,,3,27000.00,5670.00,1500.00,34170.00,FULFILLED
1000005946,20241208,1922,1,,4,12000.00,2520.00,1800.00,16320.00,FULFILLED
1000005947,20241209,849,1,,3,30000.00,6300.00,1500.00,37800.00,FULFILLED
1000005948,20241209,231,1,,4,24000.00,5040.00,1800.00,30840.00,FULFILLED
1000005949,20241209,651,1,,1,15000.00,3150.00,1200.00,19350.00,FULFILLED
1000005950,20241209,2083,1,,2,15000.00,3150.00,1500.00,19650.00,FULFILLED
1000005951,20241209,404,1,,1,27000.00,5670.00,1200.00,33870.00,CANCELLED
1000005952,20241209,688,1,,2,45000.00,9450.00,0.00,54450.00,FULFILLED
1000005953,20241209,279,1,,2,45000.00,9450.00,0.00,54450.00,FULFILLED
1000005955,20241209,1469,1,,3,27000.00,5670.00,1500.00,34170.00,FULFILLED
1000005960,20241209,2085,1,,2,54000.00,11340.00,0.00,65340.00,FULFILLED
1000005962,20241209,1075,1,,3,24000.00,5040.00,1500.00,30540.00,FULFILLED
1000005964,20241209,1448,1,,3,11400.00,2394.00,1500.00,15294.00,FULFILLED
1000005966,20241209,788,1,,4,24000.00,5040.00,1800.00,30840.00,FULFILLED
1000005967,20241209,409,1,,4,30000.00,6300.00,1800.00,38100.00,FULFILLED
1000005968,20241209,1361,1,,1,57000.00,11970.00,0.00,68970.00,FULFILLED
1000005969,20241209,1007,1,,1,30000.00,6300.00,1200.00,37500.00,FULFILLED
1000005970,20241209,1339,1,,2,60000.00,12600.00,0.00,72600.00,FULFILLED
1000005971,20241210,1117,1,,1,54000.00,11340.00,0.00,65340.00,FULFILLED
1000005972,20241210,870,1,,1,57000.00,11970.00,0.00,68970.00,FULFILLED
1000005973,20241210,1812,1,,4,54000.00,11340.00,0.00,65340.00,FULFILLED
1000005974,20241210,1622,1,,1,39000.00,8190.00,1200.00,48390.00,FULFILLED
1000005975,20241210,1850,1,,1,12000.00,2520.00,1200.00,15720.00,CANCELLED
1000005976,20241210,300,1,,3,14250.00,2992.50,1500.00,18742.50,FULFILLED
1000005980,20241210,2086,1,,2,35100.00,7371.00,1500.00,43971.00,FULFILLED
1000005981,20241210,421,1,,1,10800.00,2268.00,1200.00,14268.00,CANCELLED
1000005983,20241210,633,1,,3,30000.00,6300.00,1500.00,37800.00,FULFILLED
1000005984,20241210,705,1,,2,60000.00,12600.00,0.00,72600.00,FULFILLED
1000005985,20241210,2087,1,,1,27000.00,5670.00,1200.00,33870.00,FULFILLED
1000005987,20241210,1391,1,,1,15000.00,3150.00,1200.00,19350.00,FULFILLED
1000005989,20241210,1203,1,,1,30000.00,6300.00,1200.00,37500.00,FULFILLED
1000005990,20241210,1225,1,,4,27000.00,5670.00,1800.00,34470.00,FULFILLED
1000005991,20241210,432,1,,4,27000.00,5670.00,1800.00,34470.00,CANCELLED
1000005992,20241210,1079,1,,3,24000.00,5040.00,1500.00,30540.00,FULFILLED
1000005993,20241210,1767,1,,1,27000.00,5670.00,1200.00,33870.00,FULFILLED
1000005994,20241210,1716,1,,2,14250.00,2992.50,1500.00,18742.50,FULFILLED
1000005995,20241210,108,1,,3,39000.00,8190.00,1500.00,48690.00,FULFILLED
1000005996,20241210,2089,1,,3,10800.00,2268.00,1500.00,14568.00,REFUNDED
1000005997,20241210,1334,1,,4,30000.00,6300.00,1800.00,38100.00,FULFILLED
1000006000,20241210,480,1,,3,12000.00,2520.00,1500.00,16020.00,FULFILLED
1000006001,20241210,1431,1,,2,69000.00,14490.00,0.00,83490.00,FULFILLED
1000006002,20241210,1543,1,,1,12000.00,2520.00,1200.00,15720.00,FULFILLED
1000006003,20241210,1016,1,,1,45000.00,9450.00,0.00,54450.00,FULFILLED
1000006005,20241210,425,1,,3,39000.00,8190.00,1500.00,48690.00,FULFILLED
1000006006,20241210,489,1,,1,12000.00,2520.00,1200.00,15720.00,FULFILLED
1000006011,20241210,1026,1,,3,54000.00,11340.00,0.00,65340.00,FULFILLED
1000006012,20241210,1160,1,,2,27000.00,5670.00,1500.00,34170.00,FULFILLED
1000006013,20241210,142,1,,1,39900.00,8379.00,1200.00,49479.00,FULFILLED
1000006014,20241210,2093,1,,1,24300.00,5103.00,1200.00,30603.00,REFUNDED
1000006015,20241210,284,1,,3,36000.00,7560.00,1500.00,45060.00,FULFILLED
1000006016,20241210,1951,1,,1,13500.00,2835.00,1200.00,17535.00,FULFILLED
1000006017,20241210,2094,1,,3,27000.00,5670.00,1500.00,34170.00,FULFILLED
1000006018,20241210,822,1,,3,39000.00,8190.00,1500.00,48690.00,FULFILLED
1000006019,20241210,44,1,,2,24000.00,5040.00,1500.00,30540.00,FULFILLED
1000006020,20241211,1604,1,,2,15000.00,3150.00,1500.00,19650.00,FULFILLED
1000006021,20241211,469,1,,3,25650.00,5386.50,1500.00,32536.50,FULFILLED
1000006022,20241211,1398,1,,4,15000.00,3150.00,1800.00,19950.00,FULFILLED
1000006023,20241211,934,1,,1,12000.00,2520.00,1200.00,15720.00,FULFILLED
1000006027,20241211,118,1,,2,36000.00,7560.00,1500.00,45060.00,FULFILLED
1000006028,20241211,2095,1,,2,45000.00,9450.00,0.00,54450.00,FULFILLED
1000006030,20241211,996,1,,2,11400.00,2394.00,1500.00,15294.00,FULFILLED
1000006031,20241211,894,1,,1,27000.00,5670.00,1200.00,33870.00,FULFILLED
1000006032,20241211,157,1,,1,27000.00,5670.00,1200.00,33870.00,FULFILLED
1000006033,20241211,1509,1,,3,24000.00,5040.00,1500.00,30540.00,FULFILLED
1000006037,20241211,2098,1,,2,48000.00,10080.00,0.00,58080.00,FULFILLED
1000006045,20241211,1253,1,,3,30000.00,6300.00,1500.00,37800.00,FULFILLED
1000006046,20241211,2101,1,,3,27000.00,5670.00,1500.00,34170.00,FULFILLED
1000006047,20241211,935,1,,3,36000.00,7560.00,1500.00,45060.00,FULFILLED
1000006048,20241212,666,1,,1,15000.00,3150.00,1200.00,19350.00,FULFILLED
1000006049,20241212,810,1,,3,12000.00,2520.00,1500.00,16020.00,CANCELLED
1000006050,20241212,2028,1,,3,42000.00,8820.00,1500.00,52320.00,FULFILLED
1000006055,20241212,770,1,,1,30000.00,6300.00,1200.00,37500.00,FULFILLED
1000006057,20241212,932,1,,1,12000.00,2520.00,1200.00,15720.00,FULFILLED
1000006059,20241212,1534,1,,3,63000.00,13230.00,0.00,76230.00,FULFILLED
1000006060,20241212,2102,1,,2,45000.00,9450.00,0.00,54450.00,FULFILLED
1000006061,20241212,457,1,,4,15000.00,3150.00,1800.00,19950.00,FULFILLED
1000006062,20241212,2103,1,,4,15000.00,3150.00,1800.00,19950.00,FULFILLED
1000006064,20241212,1762,1,,2,30000.00,6300.00,1500.00,37800.00,FULFILLED
1000006065,20241212,2105,1,,1,45000.00,9450.00,0.00,54450.00,FULFILLED
1000006067,20241212,1768,1,,3,15000.00,3150.00,1500.00,19650.00,FULFILLED
1000006070,20241212,324,1,,3,12000.00,2520.00,1500.00,16020.00,FULFILLED
1000006072,20241212,430,1,,4,15000.00,3150.00,1800.00,19950.00,FULFILLED
1000006074,20241212,1046,1,,1,15000.00,3150.00,1200.00,19350.00,FULFILLED
1000006076,20241212,2108,1,,2,69000.00,14490.00,0.00,83490.00,FULFILLED
1000006078,20241212,2109,1,,1,54000.00,11340.00,0.00,65340.00,FULFILLED
1000006081,20241212,2110,1,,3,12000.00,2520.00,1500.00,16020.00,FULFILLED
1000006083,20241212,1732,1,,4,24000.00,5040.00,1800.00,30840.00,FULFILLED
1000006084,20241212,1358,1,,1,30000.00,6300.00,1200.00,37500.00,FULFILLED
1000006085,20241212,2111,1,,1,24000.00,5040.00,1200.00,30240.00,FULFILLED
1000006086,20241212,2112,1,,1,27000.00,5670.00,1200.00,33870.00,FULFILLED
1000006087,20241212,420,1,,1,15000.00,3150.00,1200.00,19350.00,FULFILLED
1000006088,20241212,2113,1,,3,66000.00,13860.00,0.00,79860.00,FULFILLED
1000006089,20241212,1592,1,,2,15000.00,3150.00,1500.00,19650.00,CANCELLED
1000006090,20241212,2114,1,,1,12000.00,2520.00,1200.00,15720.00,FULFILLED
1000006091,20241213,946,1,,1,30000.00,6300.00,1200.00,37500.00,FULFILLED
1000006092,20241213,70,1,,1,30000.00,6300.00,1200.00,37500.00,FULFILLED
1000006093,20241213,2115,1,,1,12000.00,2520.00,1200.00,15720.00,FULFILLED
1000006094,20241213,247,1,,1,30000.00,6300.00,1200.00,37500.00,REFUNDED
1000006096,20241213,2116,1,,1,27000.00,5670.00,1200.00,33870.00,FULFILLED
1000006100,20241213,2117,1,,3,15000.00,3150.00,1500.00,19650.00,FULFILLED
1000006102,20241213,2005,1,,2,15000.00,3150.00,1500.00,19650.00,CANCELLED
1000006105,20241213,2119,1,,4,51000.00,10710.00,0.00,61710.00,FULFILLED
1000006122,20241213,785,1,,1,48000.00,10080.00,0.00,58080.00,FULFILLED
1000006126,20241213,1734,1,,2,30000.00,6300.00,1500.00,37800.00,FULFILLED
1000006128,20241213,602,1,,4,12000.00,2520.00,1800.00,16320.00,FULFILLED
1000006129,20241213,1598,1,,4,15000.00,3150.00,1800.00,19950.00,FULFILLED
1000006131,20241213,1053,1,,1,15000.00,3150.00,1200.00,19350.00,FULFILLED
1000006132,20241213,533,1,,2,12000.00,2520.00,1500.00,16020.00,FULFILLED
1000006133,20241213,1452,1,,1,30000.00,6300.00,1200.00,37500.00,REFUNDED
1000006134,20241213,1415,1,,1,24000.00,5040.00,1200.00,30240.00,FULFILLED
1000006135,20241214,1019,1,,2,12000.00,2520.00,1500.00,16020.00,FULFILLED
1000006136,20241214,184,1,,1,54000.00,11340.00,0.00,65340.00,FULFILLED
1000006137,20241214,1542,1,,2,84000.00,17640.00,0.00,101640.00,REFUNDED
1000006138,20241214,1723,1,,3,30000.00,6300.00,1500.00,37800.00,FULFILLED
1000006142,20241214,1057,1,,4,42750.00,8977.50,1800.00,53527.50,FULFILLED
1000006143,20241214,2127,1,,2,24000.00,5040.00,1500.00,30540.00,FULFILLED
1000006145,20241214,330,2,1,1,42000.00,8820.00,0.00,50820.00,FULFILLED
1000006146,20241214,1613,2,1,1,15000.00,3150.00,0.00,18150.00,FULFILLED
1000006148,20241214,422,2,3,3,36000.00,7560.00,0.00,43560.00,FULFILLED
1000006149,20241214,135,2,1,1,12000.00,2520.00,0.00,14520.00,FULFILLED
1000006152,20241214,2129,2,1,1,12000.00,2520.00,0.00,14520.00,FULFILLED
1000006153,20241214,388,2,4,4,27000.00,5670.00,0.00,32670.00,FULFILLED
1000006154,20241214,761,2,1,1,12000.00,2520.00,0.00,14520.00,FULFILLED
1000006156,20241214,251,2,1,1,13500.00,2835.00,0.00,16335.00,FULFILLED
1000006157,20241214,174,2,2,2,10800.00,2268.00,0.00,13068.00,FULFILLED
1000006158,20241214,1196,2,1,1,27000.00,5670.00,0.00,32670.00,FULFILLED
1000006161,20241214,880,2,2,2,27000.00,5670.00,0.00,32670.00,FULFILLED
1000006162,20241214,1376,2,3,3,30000.00,6300.00,0.00,36300.00,FULFILLED
1000006165,20241214,640,2,1,1,27000.00,5670.00,0.00,32670.00,FULFILLED
1000006166,20241214,1839,2,4,4,51000.00,10710.00,0.00,61710.00,FULFILLED
1000006167,20241214,1609,2,1,1,48000.00,10080.00,0.00,58080.00,FULFILLED
1000006200,20241216,1976,2,2,2,12000.00,2520.00,0.00,14520.00,FULFILLED
1000006201,20241216,1319,2,2,2,15000.00,3150.00,0.00,18150.00,FULFILLED
1000006203,20241216,2139,2,1,1,24000.00,5040.00,0.00,29040.00,FULFILLED
1000006204,20241216,848,2,4,4,30000.00,6300.00,0.00,36300.00,FULFILLED
1000006207,20241216,1484,2,1,1,12000.00,2520.00,0.00,14520.00,REFUNDED
1000006208,20241216,1281,2,3,3,48000.00,10080.00,0.00,58080.00,FULFILLED
1000006209,20241216,2140,2,3,3,39000.00,8190.00,0.00,47190.00,FULFILLED
1000006218,20241216,1671,2,2,2,39000.00,8190.00,0.00,47190.00,FULFILLED
1000006219,20241216,758,2,2,2,12000.00,2520.00,0.00,14520.00,FULFILLED
1000006220,20241216,1782,2,4,4,45000.00,9450.00,0.00,54450.00,FULFILLED
1000006221,20241216,1930,2,1,1,30000.00,6300.00,0.00,36300.00,FULFILLED
1000006222,20241216,273,2,3,3,48600.00,10206.00,0.00,58806.00,FULFILLED
1000006224,20241216,2143,2,4,4,32400.00,6804.00,0.00,39204.00,FULFILLED
1000006226,20241216,2144,2,2,2,39000.00,8190.00,0.00,47190.00,FULFILLED
1000006227,20241216,2015,2,3,3,39000.00,8190.00,0.00,47190.00,FULFILLED
1000006228,20241216,665,2,3,3,36000.00,7560.00,0.00,43560.00,FULFILLED
1000006230,20241216,267,2,1,1,36000.00,7560.00,0.00,43560.00,FULFILLED
1000006240,20241217,1324,2,1,1,48600.00,10206.00,0.00,58806.00,FULFILLED
1000006242,20241217,614,2,3,3,15000.00,3150.00,0.00,18150.00,FULFILLED
1000006243,20241217,1041,2,3,3,45000.00,9450.00,0.00,54450.00,FULFILLED
1000006246,20241217,1569,2,1,1,60000.00,12600.00,0.00,72600.00,FULFILLED
1000006249,20241217,374,2,1,1,42000.00,8820.00,0.00,50820.00,FULFILLED
1000006251,20241217,1343,2,1,1,12000.00,2520.00,0.00,14520.00,FULFILLED
1000006253,20241217,138,2,1,1,12000.00,2520.00,0.00,14520.00,FULFILLED
1000006255,20241217,1745,2,3,3,30000.00,6300.00,0.00,36300.00,FULFILLED
1000006256,20241217,1714,2,2,2,15000.00,3150.00,0.00,18150.00,FULFILLED
1000006257,20241217,515,2,3,3,45000.00,9450.00,0.00,54450.00,FULFILLED
1000006258,20241217,841,2,2,2,24000.00,5040.00,0.00,29040.00,FULFILLED
1000006259,20241217,1906,2,1,1,45000.00,9450.00,0.00,54450.00,FULFILLED
1000006261,20241217,1712,2,1,1,12000.00,2520.00,0.00,14520.00,FULFILLED
1000006262,20241217,895,2,3,3,39000.00,8190.00,0.00,47190.00,FULFILLED
1000006263,20241217,805,2,4,4,60000.00,12600.00,0.00,72600.00,FULFILLED
1000006283,20241218,723,2,4,4,30000.00,6300.00,0.00,36300.00,FULFILLED
1000006285,20241218,1683,2,1,1,81000.00,17010.00,0.00,98010.00,FULFILLED
1000006288,20241218,1983,2,2,2,12000.00,2520.00,0.00,14520.00,FULFILLED
1000006290,20241218,455,2,2,2,12000.00,2520.00,0.00,14520.00,FULFILLED
1000006291,20241218,865,2,1,1,15000.00,3150.00,0.00,18150.00,FULFILLED
1000006292,20241218,434,2,4,4,30000.00,6300.00,0.00,36300.00,FULFILLED
1000006296,20241218,462,2,1,1,15000.00,3150.00,0.00,18150.00,FULFILLED
1000006300,20241218,1844,2,4,4,30000.00,6300.00,0.00,36300.00,FULFILLED
1000006301,20241218,199,2,3,3,30000.00,6300.00,0.00,36300.00,FULFILLED
1000006302,20241218,236,2,2,2,60000.00,12600.00,0.00,72600.00,FULFILLED
1000006303,20241218,587,2,4,4,30000.00,6300.00,0.00,36300.00,FULFILLED
1000006304,20241218,441,2,2,2,24000.00,5040.00,0.00,29040.00,FULFILLED
1000006306,20241218,2152,2,4,4,12000.00,2520.00,0.00,14520.00,FULFILLED
1000006307,20241218,1421,2,2,2,30000.00,6300.00,0.00,36300.00,FULFILLED
1000006308,20241218,1320,2,2,2,12000.00,2520.00,0.00,14520.00,FULFILLED
1000006311,20241218,448,2,4,4,27000.00,5670.00,0.00,32670.00,FULFILLED
1000006313,20241218,1895,2,2,2,27000.00,5670.00,0.00,32670.00,FULFILLED
1000006325,20241219,871,2,4,4,63000.00,13230.00,0.00,76230.00,FULFILLED
1000006326,20241219,213,2,3,3,10800.00,2268.00,0.00,13068.00,FULFILLED
1000006327,20241219,1155,2,2,2,27000.00,5670.00,0.00,32670.00,FULFILLED
1000006330,20241219,2156,2,2,2,39000.00,8190.00,0.00,47190.00,FULFILLED
1000006332,20241219,2157,2,2,2,64800.00,13608.00,0.00,78408.00,FULFILLED
1000006333,20241219,1042,2,1,1,15000.00,3150.00,0.00,18150.00,FULFILLED
1000006335,20241219,1146,2,4,4,12000.00,2520.00,1800.00,16320.00,FULFILLED
1000006336,20241219,2070,2,1,1,42000.00,8820.00,0.00,50820.00,FULFILLED
1000006337,20241219,2158,2,1,1,12000.00,2520.00,0.00,14520.00,FULFILLED
1000006338,20241219,2159,2,4,4,12000.00,2520.00,0.00,14520.00,FULFILLED
1000006339,20241219,1931,2,2,2,15000.00,3150.00,0.00,18150.00,FULFILLED
1000006340,20241219,1221,2,2,2,42000.00,8820.00,0.00,50820.00,FULFILLED
1000006341,20241219,494,2,1,1,27000.00,5670.00,0.00,32670.00,FULFILLED
1000006355,20241220,1261,2,2,2,51000.00,10710.00,0.00,61710.00,FULFILLED
1000006356,20241220,426,2,1,1,12000.00,2520.00,0.00,14520.00,FULFILLED
1000006359,20241220,1326,2,1,1,30000.00,6300.00,0.00,36300.00,FULFILLED
1000006360,20241220,2166,2,1,1,15000.00,3150.00,0.00,18150.00,FULFILLED
1000006361,20241220,1640,2,4,4,15000.00,3150.00,0.00,18150.00,FULFILLED
1000006363,20241220,163,2,2,2,10800.00,2268.00,0.00,13068.00,FULFILLED
1000006365,20241220,2167,2,4,4,15000.00,3150.00,0.00,18150.00,FULFILLED
1000006366,20241220,750,2,1,1,15000.00,3150.00,0.00,18150.00,FULFILLED
1000006370,20241220,2168,2,1,1,15000.00,3150.00,0.00,18150.00,FULFILLED
1000006371,20241220,641,2,3,3,24000.00,5040.00,0.00,29040.00,FULFILLED
1000006372,20241220,686,2,3,3,15000.00,3150.00,1500.00,19650.00,FULFILLED
1000006373,20241220,2170,2,1,1,60000.00,12600.00,0.00,72600.00,FULFILLED
1000006374,20241220,407,2,4,4,39000.00,8190.00,0.00,47190.00,FULFILLED
1000006375,20241220,1403,2,4,4,51000.00,10710.00,0.00,61710.00,FULFILLED
1000006377,20241220,1545,2,2,2,24300.00,5103.00,0.00,29403.00,FULFILLED
1000006379,20241220,1450,2,3,3,57000.00,11970.00,0.00,68970.00,FULFILLED
1000006381,20241220,2172,2,1,1,15000.00,3150.00,0.00,18150.00,FULFILLED
1000006382,20241220,2173,2,2,2,45000.00,9450.00,0.00,54450.00,FULFILLED
1000006383,20241220,1737,2,4,4,15000.00,3150.00,0.00,18150.00,FULFILLED
1000006384,20241220,1272,2,2,2,15000.00,3150.00,0.00,18150.00,FULFILLED
1000006385,20241220,2174,2,2,2,12000.00,2520.00,0.00,14520.00,FULFILLED
1000006386,20241220,1138,2,1,1,15000.00,3150.00,0.00,18150.00,FULFILLED
1000006399,20241221,1838,2,3,3,15000.00,3150.00,0.00,18150.00,FULFILLED
1000006400,20241221,2176,2,1,1,36000.00,7560.00,0.00,43560.00,FULFILLED
1000006401,20241221,1860,2,2,2,30000.00,6300.00,1500.00,37800.00,FULFILLED
1000006402,20241221,276,2,2,2,24000.00,5040.00,0.00,29040.00,FULFILLED
1000006405,20241221,1597,2,4,4,45000.00,9450.00,0.00,54450.00,FULFILLED
1000006408,20241221,1747,2,2,2,15000.00,3150.00,0.00,18150.00,FULFILLED
1000006409,20241221,2177,2,4,4,12000.00,2520.00,0.00,14520.00,CANCELLED
1000006410,20241221,1377,2,4,4,24300.00,5103.00,0.00,29403.00,FULFILLED
1000006411,20241221,628,2,3,3,15000.00,3150.00,0.00,18150.00,FULFILLED
1000006412,20241221,1739,2,4,4,42000.00,8820.00,0.00,50820.00,FULFILLED
1000006413,20241221,475,2,2,2,27000.00,5670.00,0.00,32670.00,FULFILLED
1000006414,20241221,2123,2,2,2,15000.00,3150.00,0.00,18150.00,FULFILLED
1000006415,20241221,1489,2,2,2,15000.00,3150.00,0.00,18150.00,FULFILLED
1000006416,20241221,2178,2,3,3,45000.00,9450.00,0.00,54450.00,FULFILLED
1000006417,20241221,1472,2,4,4,12000.00,2520.00,1800.00,16320.00,FULFILLED
1000006418,20241221,1204,2,3,3,15000.00,3150.00,0.00,18150.00,FULFILLED
1000006419,20241221,1530,2,2,2,24000.00,5040.00,0.00,29040.00,FULFILLED
1000006420,20241221,682,2,4,4,24000.00,5040.00,0.00,29040.00,FULFILLED
1000006421,20241221,825,2,1,1,15000.00,3150.00,0.00,18150.00,REFUNDED
1000006451,20241223,1236,2,1,1,12000.00,2520.00,0.00,14520.00,FULFILLED
1000006453,20241223,508,2,2,2,12000.00,2520.00,0.00,14520.00,FULFILLED
1000006455,20241223,835,2,2,2,36000.00,7560.00,0.00,43560.00,REFUNDED
1000006456,20241223,2000,2,4,4,39000.00,8190.00,0.00,47190.00,FULFILLED
1000006457,20241223,1148,2,3,3,21600.00,4536.00,0.00,26136.00,FULFILLED
1000006461,20241223,326,2,4,4,45000.00,9450.00,0.00,54450.00,FULFILLED
1000006463,20241223,1033,2,2,2,15000.00,3150.00,0.00,18150.00,FULFILLED
1000006467,20241223,1477,2,1,1,12000.00,2520.00,0.00,14520.00,FULFILLED
1000006468,20241223,1045,2,1,1,36000.00,7560.00,0.00,43560.00,FULFILLED
1000006471,20241223,1139,2,3,3,48000.00,10080.00,0.00,58080.00,FULFILLED
1000006473,20241223,1395,2,2,2,12000.00,2520.00,0.00,14520.00,FULFILLED
1000006475,20241223,656,2,1,1,30000.00,6300.00,0.00,36300.00,FULFILLED
1000006486,20241224,2191,2,4,4,12000.00,2520.00,0.00,14520.00,FULFILLED
1000006488,20241224,2192,2,1,1,27000.00,5670.00,0.00,32670.00,FULFILLED
1000006491,20241224,2014,2,1,1,27000.00,5670.00,0.00,32670.00,FULFILLED
1000006493,20241224,1333,2,1,1,27000.00,5670.00,0.00,32670.00,FULFILLED
1000006495,20241224,2195,2,4,4,15000.00,3150.00,0.00,18150.00,FULFILLED
1000006496,20241224,2196,2,3,3,15000.00,3150.00,0.00,18150.00,FULFILLED
1000006497,20241224,600,2,2,2,15000.00,3150.00,0.00,18150.00,FULFILLED
1000006498,20241224,1353,2,1,1,27000.00,5670.00,0.00,32670.00,FULFILLED
1000006499,20241224,529,2,1,1,27000.00,5670.00,1200.00,33870.00,FULFILLED
1000006501,20241224,458,2,1,1,12000.00,2520.00,0.00,14520.00,FULFILLED
1000006502,20241224,1176,2,2,2,12000.00,2520.00,0.00,14520.00,REFUNDED
1000006503,20241224,2198,2,1,1,30000.00,6300.00,0.00,36300.00,FULFILLED
1000006505,20241224,2199,2,3,3,27000.00,5670.00,0.00,32670.00,CANCELLED
1000006506,20241224,427,2,3,3,15000.00,3150.00,0.00,18150.00,FULFILLED
1000006508,20241224,2200,2,2,2,57000.00,11970.00,0.00,68970.00,FULFILLED
1000006509,20241224,245,2,2,2,15000.00,3150.00,0.00,18150.00,FULFILLED
1000006534,20241226,749,2,1,1,27000.00,5670.00,0.00,32670.00,FULFILLED
1000006538,20241226,1877,2,2,2,57000.00,11970.00,0.00,68970.00,FULFILLED
1000006539,20241226,194,2,1,1,60000.00,12600.00,0.00,72600.00,FULFILLED
1000006540,20241226,1262,2,1,1,24000.00,5040.00,0.00,29040.00,FULFILLED
1000006542,20241226,1119,2,3,3,30000.00,6300.00,0.00,36300.00,FULFILLED
1000006548,20241227,1151,2,1,1,12000.00,2520.00,0.00,14520.00,FULFILLED
1000006549,20241227,2211,2,2,2,48000.00,10080.00,0.00,58080.00,FULFILLED
1000006550,20241227,2212,2,1,1,12000.00,2520.00,0.00,14520.00,FULFILLED
1000006552,20241227,2214,2,4,4,42000.00,8820.00,0.00,50820.00,FULFILLED
1000006553,20241227,2215,2,2,2,45000.00,9450.00,0.00,54450.00,FULFILLED
1000006554,20241227,571,2,4,4,24000.00,5040.00,0.00,29040.00,FULFILLED
1000006557,20241227,1430,2,2,2,45000.00,9450.00,0.00,54450.00,FULFILLED
1000006561,20241227,907,2,3,3,30000.00,6300.00,0.00,36300.00,FULFILLED
1000006562,20241227,2219,2,1,1,12000.00,2520.00,0.00,14520.00,FULFILLED
1000006570,20241228,1855,2,1,1,24000.00,5040.00,0.00,29040.00,FULFILLED
1000006571,20241228,1376,2,3,3,15000.00,3150.00,0.00,18150.00,FULFILLED
1000006572,20241228,291,2,2,2,15000.00,3150.00,0.00,18150.00,FULFILLED
1000006574,20241228,2223,2,4,4,12000.00,2520.00,0.00,14520.00,FULFILLED
1000006575,20241228,395,2,1,1,54000.00,11340.00,0.00,65340.00,FULFILLED
1000006576,20241228,2224,2,4,4,15000.00,3150.00,0.00,18150.00,FULFILLED
1000006577,20241228,1820,2,2,2,27000.00,5670.00,1500.00,34170.00,FULFILLED
1000006578,20241228,1994,2,1,1,12000.00,2520.00,0.00,14520.00,FULFILLED
1000006579,20241228,2225,2,1,1,27000.00,5670.00,0.00,32670.00,FULFILLED
1000006581,20241228,1121,2,2,2,27000.00,5670.00,0.00,32670.00,FULFILLED
1000006582,20241228,1335,2,2,2,15000.00,3150.00,0.00,18150.00,FULFILLED
1000006584,20241228,1775,2,1,1,72000.00,15120.00,0.00,87120.00,FULFILLED
1000006585,20241228,1083,2,2,2,12000.00,2520.00,0.00,14520.00,FULFILLED
1000006586,20241228,1962,2,3,3,12000.00,2520.00,0.00,14520.00,FULFILLED
1000006587,20241228,808,2,4,4,39000.00,8190.00,0.00,47190.00,FULFILLED
1000006590,20241228,304,2,3,3,24000.00,5040.00,0.00,29040.00,FULFILLED
1000006591,20241228,2228,2,3,3,12000.00,2520.00,0.00,14520.00,FULFILLED
1000006607,20241230,1399,2,1,1,10800.00,2268.00,0.00,13068.00,FULFILLED
1000006608,20241230,2088,2,2,2,45000.00,9450.00,0.00,54450.00,FULFILLED
1000006612,20241230,2239,2,1,1,24000.00,5040.00,0.00,29040.00,FULFILLED
1000006616,20241230,1935,2,2,2,15000.00,3150.00,0.00,18150.00,FULFILLED
1000006617,20241230,80,2,2,2,24000.00,5040.00,0.00,29040.00,FULFILLED
1000006623,20241231,1927,2,1,1,24000.00,5040.00,0.00,29040.00,FULFILLED
1000006626,20241231,2152,2,4,4,51000.00,10710.00,0.00,61710.00,FULFILLED
1000006627,20241231,891,2,2,2,66000.00,13860.00,0.00,79860.00,FULFILLED
1000006628,20241231,1692,2,1,1,60000.00,12600.00,0.00,72600.00,FULFILLED
1000006629,20241231,1803,2,1,1,27000.00,5670.00,0.00,32670.00,CANCELLED
1000006630,20241231,215,2,1,1,69000.00,14490.00,0.00,83490.00,FULFILLED
1000006632,20241231,2240,2,3,3,30000.00,6300.00,0.00,36300.00,FULFILLED
1000006633,20241231,2166,2,1,1,45000.00,9450.00,0.00,54450.00,FULFILLED
1000006655,20250102,2247,2,1,1,39000.00,8190.00,0.00,47190.00,FULFILLED
1000006657,20250102,2249,2,3,3,15000.00,3150.00,0.00,18150.00,FULFILLED
1000006662,20250102,2250,2,2,2,24000.00,5040.00,0.00,29040.00,FULFILLED
1000006663,20250102,2251,2,3,3,12000.00,2520.00,0.00,14520.00,FULFILLED
1000006666,20250102,1701,2,4,4,24000.00,5040.00,0.00,29040.00,FULFILLED
1000006667,20250102,1883,2,4,4,15000.00,3150.00,0.00,18150.00,FULFILLED
1000006668,20250102,1006,2,2,2,84000.00,17640.00,0.00,101640.00,FULFILLED
1000006670,20250102,2252,2,3,3,12000.00,2520.00,0.00,14520.00,FULFILLED
1000006672,20250102,2253,2,1,1,15000.00,3150.00,0.00,18150.00,REFUNDED
1000006675,20250103,1372,2,1,1,42000.00,8820.00,0.00,50820.00,FULFILLED
1000006677,20250103,2255,2,3,3,12000.00,2520.00,0.00,14520.00,FULFILLED
1000006679,20250103,2256,2,1,1,27000.00,5670.00,0.00,32670.00,FULFILLED
1000006680,20250103,233,2,3,3,39000.00,8190.00,0.00,47190.00,FULFILLED
1000006681,20250103,388,2,4,4,13500.00,2835.00,0.00,16335.00,FULFILLED
1000006682,20250103,699,2,4,4,30000.00,6300.00,0.00,36300.00,FULFILLED
1000006683,20250103,1863,2,3,3,15000.00,3150.00,0.00,18150.00,FULFILLED
1000006684,20250103,1112,2,1,1,35100.00,7371.00,0.00,42471.00,FULFILLED
1000006685,20250103,1414,2,1,1,15000.00,3150.00,0.00,18150.00,FULFILLED
1000006686,20250103,1983,2,2,2,13500.00,2835.00,0.00,16335.00,FULFILLED
1000006688,20250103,1443,2,1,1,12000.00,2520.00,0.00,14520.00,REFUNDED
1000006690,20250103,1312,2,4,4,15000.00,3150.00,0.00,18150.00,FULFILLED
1000006696,20250104,1662,2,1,1,24000.00,5040.00,0.00,29040.00,FULFILLED
1000006698,20250104,1499,2,3,3,15000.00,3150.00,0.00,18150.00,FULFILLED
1000006699,20250104,1655,2,3,3,30000.00,6300.00,0.00,36300.00,FULFILLED
1000006700,20250104,617,2,4,4,24000.00,5040.00,0.00,29040.00,FULFILLED
1000006701,20250104,2261,2,1,1,66000.00,13860.00,0.00,79860.00,FULFILLED
1000006703,20250104,194,2,1,1,12000.00,2520.00,0.00,14520.00,FULFILLED
1000006705,20250104,2263,2,3,3,24000.00,5040.00,0.00,29040.00,FULFILLED
1000006706,20250104,1085,2,3,3,15000.00,3150.00,0.00,18150.00,FULFILLED
1000006707,20250104,1988,2,4,4,12000.00,2520.00,0.00,14520.00,FULFILLED
1000006708,20250104,2264,2,3,3,37800.00,7938.00,0.00,45738.00,FULFILLED
1000006709,20250104,1512,2,2,2,13500.00,2835.00,0.00,16335.00,FULFILLED
1000006710,20250104,1165,2,1,1,60000.00,12600.00,0.00,72600.00,FULFILLED
1000006711,20250104,2067,2,4,4,15000.00,3150.00,0.00,18150.00,FULFILLED
1000006713,20250104,1746,2,1,1,45000.00,9450.00,0.00,54450.00,FULFILLED
1000006714,20250104,2266,2,4,4,60000.00,12600.00,0.00,72600.00,FULFILLED
1000006716,20250104,402,2,3,3,39000.00,8190.00,0.00,47190.00,FULFILLED
1000006746,20250106,2271,2,2,2,12000.00,2520.00,0.00,14520.00,FULFILLED
1000006747,20250106,1838,2,3,3,51000.00,10710.00,0.00,61710.00,FULFILLED
1000006749,20250106,2272,2,2,2,24000.00,5040.00,0.00,29040.00,FULFILLED
1000006752,20250106,1318,2,2,2,48000.00,10080.00,0.00,58080.00,FULFILLED
1000006754,20250106,1569,2,1,1,32400.00,6804.00,1200.00,40404.00,FULFILLED
1000006755,20250106,332,2,3,3,81000.00,17010.00,0.00,98010.00,FULFILLED
1000006756,20250106,1861,2,1,1,12000.00,2520.00,0.00,14520.00,FULFILLED
1000006757,20250106,2275,2,1,1,27000.00,5670.00,0.00,32670.00,FULFILLED
1000006758,20250106,2046,2,3,3,45000.00,9450.00,0.00,54450.00,CANCELLED
1000006769,20250107,1497,2,2,2,15000.00,3150.00,0.00,18150.00,FULFILLED
1000006772,20250107,1394,2,1,1,24000.00,5040.00,0.00,29040.00,FULFILLED
1000006774,20250107,1740,2,1,1,24000.00,5040.00,0.00,29040.00,FULFILLED
1000006775,20250107,1458,2,3,3,30000.00,6300.00,0.00,36300.00,FULFILLED
1000006777,20250107,1277,2,1,1,24000.00,5040.00,0.00,29040.00,FULFILLED
1000006786,20250108,2120,2,3,3,15000.00,3150.00,0.00,18150.00,FULFILLED
1000006787,20250108,2096,2,4,4,15000.00,3150.00,0.00,18150.00,FULFILLED
1000006788,20250108,1385,2,2,2,12000.00,2520.00,0.00,14520.00,FULFILLED
1000006793,20250108,426,2,1,1,36000.00,7560.00,0.00,43560.00,FULFILLED
1000006794,20250108,1203,2,1,1,27000.00,5670.00,0.00,32670.00,FULFILLED
1000006795,20250108,2286,2,3,3,15000.00,3150.00,1500.00,19650.00,FULFILLED
1000006797,20250108,865,2,1,1,60000.00,12600.00,0.00,72600.00,FULFILLED
1000006799,20250108,1327,2,4,4,15000.00,3150.00,0.00,18150.00,FULFILLED
1000006800,20250108,1044,2,3,3,15000.00,3150.00,0.00,18150.00,FULFILLED
1000006801,20250108,2287,2,3,3,24000.00,5040.00,0.00,29040.00,FULFILLED
1000006807,20250109,2168,2,1,1,15000.00,3150.00,0.00,18150.00,FULFILLED
1000006808,20250109,1888,2,1,1,45000.00,9450.00,0.00,54450.00,FULFILLED
1000006810,20250109,867,2,3,3,12000.00,2520.00,1500.00,16020.00,FULFILLED
1000006815,20250109,258,2,1,1,12000.00,2520.00,0.00,14520.00,FULFILLED
1000006817,20250109,750,2,1,1,24000.00,5040.00,0.00,29040.00,FULFILLED
1000006823,20250110,273,2,3,3,36000.00,7560.00,0.00,43560.00,FULFILLED
1000006824,20250110,2100,2,4,4,24000.00,5040.00,1800.00,30840.00,FULFILLED
1000006826,20250110,1138,2,1,1,45000.00,9450.00,0.00,54450.00,FULFILLED
1000006827,20250110,2290,2,3,3,15000.00,3150.00,0.00,18150.00,FULFILLED
1000006828,20250110,743,2,2,2,15000.00,3150.00,0.00,18150.00,FULFILLED
1000006829,20250110,2291,2,4,4,15000.00,3150.00,0.00,18150.00,FULFILLED
1000006830,20250110,395,2,1,1,12000.00,2520.00,0.00,14520.00,CANCELLED
1000006831,20250110,2170,2,1,1,15000.00,3150.00,0.00,18150.00,FULFILLED
1000006833,20250110,665,2,3,3,27000.00,5670.00,0.00,32670.00,FULFILLED
1000006834,20250110,486,2,2,2,13500.00,2835.00,0.00,16335.00,FULFILLED
1000006835,20250110,544,2,4,4,15000.00,3150.00,0.00,18150.00,FULFILLED
1000006836,20250110,640,2,1,1,12000.00,2520.00,0.00,14520.00,FULFILLED
1000006844,20250111,634,2,4,4,42000.00,8820.00,0.00,50820.00,FULFILLED
1000006845,20250111,2055,2,1,1,12000.00,2520.00,0.00,14520.00,FULFILLED
1000006846,20250111,317,2,2,2,12000.00,2520.00,0.00,14520.00,FULFILLED
1000006847,20250111,1607,2,3,3,30000.00,6300.00,0.00,36300.00,FULFILLED
1000006848,20250111,2215,2,1,1,42000.00,8820.00,0.00,50820.00,FULFILLED
1000006849,20250111,1586,2,1,1,45000.00,9450.00,0.00,54450.00,FULFILLED
1000006850,20250111,1836,2,2,2,30000.00,6300.00,0.00,36300.00,FULFILLED
1000006851,20250111,2298,2,4,4,54000.00,11340.00,0.00,65340.00,FULFILLED
1000006852,20250111,1291,2,2,2,30000.00,6300.00,0.00,36300.00,FULFILLED
1000006853,20250111,1245,2,2,2,12000.00,2520.00,0.00,14520.00,FULFILLED
1000006854,20250111,536,2,3,3,39000.00,8190.00,0.00,47190.00,FULFILLED
1000006855,20250111,1567,2,1,1,42000.00,8820.00,0.00,50820.00,FULFILLED
1000006856,20250111,2299,2,2,2,24000.00,5040.00,0.00,29040.00,FULFILLED
1000006859,20250111,437,2,4,4,48000.00,10080.00,0.00,58080.00,FULFILLED
1000006880,20250113,441,2,2,2,15000.00,3150.00,0.00,18150.00,FULFILLED
1000006881,20250113,829,2,3,3,30000.00,6300.00,0.00,36300.00,FULFILLED
1000006882,20250113,1942,2,3,3,24000.00,5040.00,0.00,29040.00,FULFILLED
1000006884,20250113,2112,2,1,1,24000.00,5040.00,0.00,29040.00,FULFILLED
1000006885,20250113,805,2,4,4,30000.00,6300.00,0.00,36300.00,FULFILLED
1000006886,20250113,2140,2,3,3,21600.00,4536.00,1500.00,27636.00,FULFILLED
1000006887,20250113,474,2,4,4,45000.00,9450.00,0.00,54450.00,FULFILLED
1000006888,20250113,1105,2,2,2,12000.00,2520.00,0.00,14520.00,FULFILLED
1000006889,20250113,2015,2,3,3,15000.00,3150.00,0.00,18150.00,FULFILLED
1000006890,20250113,749,2,1,1,42000.00,8820.00,0.00,50820.00,FULFILLED
1000006892,20250113,925,2,2,2,69000.00,14490.00,0.00,83490.00,FULFILLED
1000006893,20250113,729,2,3,3,12000.00,2520.00,0.00,14520.00,FULFILLED
1000006909,20250114,177,2,3,3,12000.00,2520.00,0.00,14520.00,FULFILLED
1000006911,20250114,1324,2,1,1,27000.00,5670.00,0.00,32670.00,FULFILLED
1000006912,20250114,368,2,2,2,45000.00,9450.00,0.00,54450.00,FULFILLED
1000006914,20250114,2311,2,1,1,15000.00,3150.00,0.00,18150.00,FULFILLED
1000006915,20250114,1912,2,3,3,12000.00,2520.00,0.00,14520.00,FULFILLED
1000006916,20250114,2312,2,4,4,63000.00,13230.00,0.00,76230.00,FULFILLED
1000006917,20250114,1104,2,1,1,45000.00,9450.00,0.00,54450.00,FULFILLED
1000006918,20250114,2313,2,1,1,12000.00,2520.00,0.00,14520.00,FULFILLED
1000006920,20250114,1669,2,3,3,13500.00,2835.00,0.00,16335.00,FULFILLED
1000006921,20250114,616,2,3,3,15000.00,3150.00,0.00,18150.00,FULFILLED
1000006926,20250115,1459,2,3,3,15000.00,3150.00,0.00,18150.00,REFUNDED
1000006927,20250115,1246,2,4,4,48000.00,10080.00,0.00,58080.00,FULFILLED
1000006929,20250115,2315,2,3,3,45000.00,9450.00,0.00,54450.00,FULFILLED
1000006933,20250115,2317,2,3,3,36000.00,7560.00,0.00,43560.00,FULFILLED
1000006934,20250115,456,2,4,4,24000.00,5040.00,0.00,29040.00,FULFILLED
1000006935,20250115,777,2,4,4,30000.00,6300.00,0.00,36300.00,FULFILLED
1000006936,20250115,1450,2,3,3,12000.00,2520.00,0.00,14520.00,FULFILLED
1000006937,20250115,968,2,3,3,27000.00,5670.00,0.00,32670.00,FULFILLED
1000006939,20250115,2318,2,3,3,27000.00,5670.00,0.00,32670.00,FULFILLED
1000006940,20250115,2319,2,1,1,24000.00,5040.00,0.00,29040.00,FULFILLED
1000006941,20250115,235,2,1,1,12000.00,2520.00,0.00,14520.00,FULFILLED
1000006945,20250116,1902,2,3,3,30000.00,6300.00,0.00,36300.00,FULFILLED
1000006946,20250116,1326,2,1,1,12000.00,2520.00,0.00,14520.00,FULFILLED
1000006947,20250116,897,2,2,2,12000.00,2520.00,0.00,14520.00,FULFILLED
1000006951,20250116,769,2,3,3,15000.00,3150.00,0.00,18150.00,FULFILLED
1000006953,20250116,477,2,3,3,42000.00,8820.00,0.00,50820.00,FULFILLED
1000006954,20250116,1295,2,1,1,15000.00,3150.00,0.00,18150.00,FULFILLED
1000006956,20250116,247,2,1,1,12000.00,2520.00,0.00,14520.00,FULFILLED
1000006960,20250116,1690,2,2,2,39000.00,8190.00,0.00,47190.00,FULFILLED
1000006965,20250116,1818,2,3,3,54000.00,11340.00,0.00,65340.00,FULFILLED
1000006971,20250117,1149,2,4,4,15000.00,3150.00,0.00,18150.00,FULFILLED
1000006974,20250117,2099,2,1,1,45000.00,9450.00,0.00,54450.00,FULFILLED
1000006975,20250117,2157,2,2,2,30000.00,6300.00,0.00,36300.00,FULFILLED
1000006978,20250117,1121,2,2,2,12000.00,2520.00,0.00,14520.00,FULFILLED
1000006979,20250117,2327,2,2,2,54000.00,11340.00,0.00,65340.00,FULFILLED
1000006980,20250117,1760,2,4,4,60000.00,12600.00,0.00,72600.00,FULFILLED
1000006983,20250117,2243,2,4,4,51000.00,10710.00,0.00,61710.00,FULFILLED
1000006984,20250117,1532,2,4,4,30000.00,6300.00,0.00,36300.00,FULFILLED
1000006985,20250117,246,2,2,2,12000.00,2520.00,0.00,14520.00,FULFILLED
1000006986,20250117,143,2,2,2,30000.00,6300.00,0.00,36300.00,FULFILLED
1000006991,20250118,1003,2,3,3,15000.00,3150.00,0.00,18150.00,FULFILLED
1000006993,20250118,2166,2,1,1,66000.00,13860.00,0.00,79860.00,FULFILLED
1000006994,20250118,1788,2,1,1,60000.00,12600.00,0.00,72600.00,FULFILLED
1000006995,20250118,867,2,3,3,40500.00,8505.00,0.00,49005.00,CANCELLED
1000006996,20250118,338,2,1,1,15000.00,3150.00,0.00,18150.00,FULFILLED
1000006998,20250118,2332,2,1,1,15000.00,3150.00,0.00,18150.00,FULFILLED
1000007000,20250118,2333,2,2,2,60000.00,12600.00,0.00,72600.00,FULFILLED
1000007001,20250118,2334,2,1,1,24000.00,5040.00,0.00,29040.00,FULFILLED
1000007003,20250118,1731,2,1,1,12000.00,2520.00,0.00,14520.00,FULFILLED
1000007004,20250118,40,2,1,1,30000.00,6300.00,0.00,36300.00,FULFILLED
1000007005,20250118,571,2,4,4,60000.00,12600.00,0.00,72600.00,FULFILLED
1000007006,20250118,2026,2,3,3,15000.00,3150.00,0.00,18150.00,FULFILLED
1000007007,20250118,1282,2,3,3,54000.00,11340.00,0.00,65340.00,FULFILLED
1000007009,20250118,1540,2,1,1,30000.00,6300.00,0.00,36300.00,FULFILLED
1000007010,20250118,1082,2,1,1,30000.00,6300.00,0.00,36300.00,FULFILLED
1000007011,20250118,1005,2,1,1,39000.00,8190.00,0.00,47190.00,FULFILLED
1000007034,20250120,1153,2,4,4,12000.00,2520.00,0.00,14520.00,FULFILLED
1000007037,20250120,1156,2,2,2,48000.00,10080.00,0.00,58080.00,FULFILLED
1000007040,20250120,2092,2,2,2,15000.00,3150.00,0.00,18150.00,FULFILLED
1000007042,20250120,1435,2,4,4,15000.00,3150.00,0.00,18150.00,FULFILLED
1000007048,20250121,529,2,1,1,39000.00,8190.00,0.00,47190.00,FULFILLED
1000007049,20250121,1676,2,4,4,39000.00,8190.00,0.00,47190.00,FULFILLED
1000007050,20250121,1531,2,1,1,30000.00,6300.00,0.00,36300.00,FULFILLED
1000007051,20250121,2265,2,3,3,12000.00,2520.00,0.00,14520.00,FULFILLED
1000007052,20250121,2091,2,2,2,12000.00,2520.00,0.00,14520.00,FULFILLED
1000007053,20250121,1840,2,3,3,30000.00,6300.00,0.00,36300.00,FULFILLED
1000007055,20250121,2347,2,4,4,30000.00,6300.00,0.00,36300.00,FULFILLED
1000007058,20250121,1635,2,2,2,45000.00,9450.00,0.00,54450.00,FULFILLED
1000007060,20250121,1974,2,1,1,15000.00,3150.00,0.00,18150.00,FULFILLED
1000007065,20250122,1354,2,3,3,15000.00,3150.00,0.00,18150.00,FULFILLED
1000007066,20250122,2351,2,1,1,15000.00,3150.00,0.00,18150.00,FULFILLED
1000007067,20250122,1333,2,1,1,12000.00,2520.00,1200.00,15720.00,FULFILLED
1000007068,20250122,1245,2,2,2,54000.00,11340.00,0.00,65340.00,FULFILLED
1000007071,20250122,261,2,2,2,60000.00,12600.00,0.00,72600.00,FULFILLED
1000007073,20250122,1155,2,2,2,42000.00,8820.00,0.00,50820.00,FULFILLED
1000007074,20250122,1151,2,1,1,12000.00,2520.00,0.00,14520.00,FULFILLED
1000007076,20250122,2354,2,3,3,42000.00,8820.00,0.00,50820.00,FULFILLED
1000007077,20250122,1493,2,1,1,45000.00,9450.00,0.00,54450.00,FULFILLED
1000007078,20250122,2355,2,4,4,42000.00,8820.00,1800.00,52620.00,FULFILLED
1000007079,20250122,163,2,2,2,15000.00,3150.00,0.00,18150.00,FULFILLED
1000007081,20250122,1863,2,3,3,12000.00,2520.00,1500.00,16020.00,FULFILLED
1000007082,20250122,2356,2,4,4,27000.00,5670.00,0.00,32670.00,FULFILLED
1000007093,20250123,2156,2,2,2,12000.00,2520.00,0.00,14520.00,FULFILLED
1000007094,20250123,994,2,1,1,12000.00,2520.00,0.00,14520.00,FULFILLED
1000007095,20250123,803,2,1,1,78000.00,16380.00,0.00,94380.00,FULFILLED
1000007097,20250123,2358,2,3,3,81000.00,17010.00,0.00,98010.00,FULFILLED
1000007098,20250123,1015,2,3,3,24300.00,5103.00,0.00,29403.00,FULFILLED
1000007101,20250123,684,2,1,1,60000.00,12600.00,0.00,72600.00,FULFILLED
1000007113,20250124,2360,2,1,1,60000.00,12600.00,0.00,72600.00,FULFILLED
1000007115,20250124,2361,2,2,2,40500.00,8505.00,1500.00,50505.00,FULFILLED
1000007116,20250124,1671,2,2,2,15000.00,3150.00,0.00,18150.00,FULFILLED
1000007117,20250124,321,2,1,1,12000.00,2520.00,0.00,14520.00,FULFILLED
1000007118,20250124,1613,2,1,1,12000.00,2520.00,0.00,14520.00,FULFILLED
1000007119,20250124,2362,2,1,1,27000.00,5670.00,0.00,32670.00,FULFILLED
1000007120,20250124,1584,2,1,1,15000.00,3150.00,0.00,18150.00,FULFILLED
1000007121,20250124,2363,2,2,2,15000.00,3150.00,0.00,18150.00,FULFILLED
1000007125,20250125,1896,2,2,2,60000.00,12600.00,0.00,72600.00,FULFILLED
1000007126,20250125,1609,2,1,1,24000.00,5040.00,0.00,29040.00,FULFILLED
1000007127,20250125,1024,2,4,4,12000.00,2520.00,0.00,14520.00,FULFILLED
1000007129,20250125,2367,2,4,4,12000.00,2520.00,0.00,14520.00,FULFILLED
1000007130,20250125,375,2,3,3,63000.00,13230.00,0.00,76230.00,FULFILLED
1000007132,20250125,2368,2,2,2,48000.00,10080.00,0.00,58080.00,FULFILLED
1000007135,20250125,1631,2,2,2,15000.00,3150.00,0.00,18150.00,FULFILLED
1000007136,20250125,2249,2,3,3,39000.00,8190.00,0.00,47190.00,REFUNDED
1000007137,20250125,1787,2,2,2,24000.00,5040.00,1500.00,30540.00,FULFILLED
1000007138,20250125,1241,2,2,2,60000.00,12600.00,0.00,72600.00,FULFILLED
1000007139,20250125,462,2,1,1,36000.00,7560.00,0.00,43560.00,FULFILLED
1000007140,20250125,2100,2,4,4,69000.00,14490.00,0.00,83490.00,FULFILLED
1000007143,20250125,1860,2,2,2,30000.00,6300.00,0.00,36300.00,FULFILLED
1000007147,20250125,542,2,2,2,54000.00,11340.00,0.00,65340.00,FULFILLED
1000007170,20250127,203,2,2,2,24000.00,5040.00,0.00,29040.00,FULFILLED
1000007174,20250127,475,2,2,2,27000.00,5670.00,0.00,32670.00,FULFILLED
1000007175,20250127,1906,2,1,1,13500.00,2835.00,0.00,16335.00,FULFILLED
1000007178,20250127,729,2,3,3,39000.00,8190.00,0.00,47190.00,FULFILLED
1000007180,20250127,338,2,1,1,15000.00,3150.00,0.00,18150.00,FULFILLED
1000007186,20250127,2142,2,1,1,45000.00,9450.00,0.00,54450.00,FULFILLED
1000007187,20250127,2373,2,3,3,24000.00,5040.00,0.00,29040.00,FULFILLED
1000007188,20250127,1737,2,4,4,84000.00,17640.00,0.00,101640.00,FULFILLED
1000007193,20250128,2377,2,4,4,45000.00,9450.00,0.00,54450.00,FULFILLED
1000007197,20250128,2056,2,2,2,15000.00,3150.00,0.00,18150.00,FULFILLED
1000007199,20250128,966,2,2,2,36000.00,7560.00,0.00,43560.00,FULFILLED
1000007202,20250128,1205,2,3,3,45000.00,9450.00,0.00,54450.00,FULFILLED
1000007203,20250128,1076,2,1,1,30000.00,6300.00,0.00,36300.00,FULFILLED
1000007205,20250128,1005,2,1,1,39000.00,8190.00,0.00,47190.00,FULFILLED
1000007213,20250129,895,2,3,3,15000.00,3150.00,0.00,18150.00,FULFILLED
1000007216,20250129,2381,2,3,3,12000.00,2520.00,0.00,14520.00,FULFILLED
1000007217,20250129,538,2,4,4,66000.00,13860.00,0.00,79860.00,REFUNDED
1000007218,20250129,2167,2,4,4,12000.00,2520.00,0.00,14520.00,FULFILLED
1000007221,20250129,1745,2,3,3,15000.00,3150.00,0.00,18150.00,FULFILLED
1000007223,20250129,2318,2,3,3,69000.00,14490.00,0.00,83490.00,FULFILLED
1000007224,20250129,1421,2,2,2,30000.00,6300.00,0.00,36300.00,REFUNDED
1000007226,20250129,2382,2,2,2,45000.00,9450.00,0.00,54450.00,FULFILLED
1000007228,20250129,508,2,2,2,30000.00,6300.00,0.00,36300.00,FULFILLED
1000007229,20250129,2317,2,3,3,12000.00,2520.00,0.00,14520.00,FULFILLED
1000007234,20250130,2384,2,3,3,15000.00,3150.00,0.00,18150.00,FULFILLED
1000007235,20250130,1196,2,1,1,12000.00,2520.00,0.00,14520.00,FULFILLED
1000007236,20250130,1816,2,1,1,30000.00,6300.00,0.00,36300.00,FULFILLED
1000007237,20250130,1262,2,1,1,12000.00,2520.00,0.00,14520.00,FULFILLED
1000007239,20250130,750,2,1,1,30000.00,6300.00,0.00,36300.00,FULFILLED
1000007240,20250130,1497,2,2,2,12000.00,2520.00,0.00,14520.00,FULFILLED
1000007241,20250130,2176,2,1,1,15000.00,3150.00,0.00,18150.00,FULFILLED
1000007243,20250130,1488,2,3,3,15000.00,3150.00,0.00,18150.00,FULFILLED
1000007244,20250130,1235,2,4,4,15000.00,3150.00,0.00,18150.00,FULFILLED
1000007246,20250130,2212,2,1,1,60000.00,12600.00,0.00,72600.00,FULFILLED
1000007252,20250130,232,2,2,2,30000.00,6300.00,0.00,36300.00,FULFILLED
1000007253,20250130,662,2,3,3,42000.00,8820.00,0.00,50820.00,FULFILLED
1000007254,20250130,961,2,1,1,42000.00,8820.00,0.00,50820.00,FULFILLED
1000007259,20250131,2389,2,3,3,30000.00,6300.00,0.00,36300.00,FULFILLED
1000007260,20250131,388,2,4,4,12000.00,2520.00,0.00,14520.00,FULFILLED
1000007263,20250131,1904,2,2,2,36000.00,7560.00,0.00,43560.00,FULFILLED
1000007264,20250131,512,2,2,2,45000.00,9450.00,0.00,54450.00,FULFILLED
1000007265,20250131,841,2,2,2,72000.00,15120.00,0.00,87120.00,FULFILLED
1000007266,20250131,1846,2,1,1,12000.00,2520.00,0.00,14520.00,FULFILLED
1000007267,20250131,927,2,3,3,15000.00,3150.00,0.00,18150.00,FULFILLED
1000007268,20250131,1430,2,2,2,12000.00,2520.00,0.00,14520.00,FULFILLED
1000007269,20250131,1683,2,1,1,15000.00,3150.00,0.00,18150.00,FULFILLED
1000007272,20250131,2216,2,2,2,24000.00,5040.00,0.00,29040.00,FULFILLED
1000007274,20250131,1836,2,2,2,39000.00,8190.00,0.00,47190.00,FULFILLED
1000007275,20250131,987,2,2,2,15000.00,3150.00,0.00,18150.00,FULFILLED
1000007276,20250131,2391,2,2,2,12000.00,2520.00,1500.00,16020.00,FULFILLED
1000007277,20250131,1499,2,3,3,60000.00,12600.00,0.00,72600.00,FULFILLED
1000007278,20250131,2271,2,2,2,24000.00,5040.00,0.00,29040.00,FULFILLED
1000007280,20250201,1858,2,4,4,15000.00,3150.00,0.00,18150.00,FULFILLED
1000007281,20250201,1530,2,2,2,60000.00,12600.00,0.00,72600.00,FULFILLED
1000007282,20250201,722,2,3,3,42000.00,8820.00,0.00,50820.00,FULFILLED
1000007283,20250201,1078,2,1,1,24000.00,5040.00,0.00,29040.00,FULFILLED
1000007285,20250201,1740,2,1,1,15000.00,3150.00,0.00,18150.00,FULFILLED
1000007287,20250201,1122,2,1,1,30000.00,6300.00,0.00,36300.00,FULFILLED
1000007288,20250201,1294,2,1,1,54000.00,11340.00,0.00,65340.00,FULFILLED
1000007290,20250201,2395,2,3,3,42000.00,8820.00,0.00,50820.00,FULFILLED
1000007291,20250201,2120,2,3,3,21600.00,4536.00,0.00,26136.00,FULFILLED
1000007292,20250201,2034,2,1,1,24000.00,5040.00,0.00,29040.00,FULFILLED
1000007294,20250201,1972,2,4,4,12000.00,2520.00,0.00,14520.00,FULFILLED
1000007295,20250201,329,2,4,4,15000.00,3150.00,0.00,18150.00,FULFILLED
1000007299,20250201,2042,2,3,3,60000.00,12600.00,0.00,72600.00,FULFILLED
1000007300,20250201,2396,2,1,1,15000.00,3150.00,1200.00,19350.00,FULFILLED
1000007301,20250201,1334,2,4,4,30000.00,6300.00,0.00,36300.00,FULFILLED
1000007302,20250201,2025,2,1,1,54000.00,11340.00,0.00,65340.00,FULFILLED
1000007303,20250201,2397,2,4,4,12000.00,2520.00,0.00,14520.00,FULFILLED
1000007304,20250201,1439,2,4,4,12000.00,2520.00,0.00,14520.00,FULFILLED
1000007305,20250201,344,2,2,2,48000.00,10080.00,0.00,58080.00,FULFILLED
1000007322,20250203,848,2,4,4,42000.00,8820.00,0.00,50820.00,FULFILLED
1000007323,20250203,1007,2,1,1,15000.00,3150.00,0.00,18150.00,FULFILLED
1000007326,20250203,2155,2,2,2,15000.00,3150.00,0.00,18150.00,FULFILLED
1000007329,20250203,989,2,3,3,12000.00,2520.00,0.00,14520.00,FULFILLED
1000007330,20250203,1080,2,1,1,42000.00,8820.00,0.00,50820.00,FULFILLED
1000007331,20250203,2026,2,3,3,15000.00,3150.00,0.00,18150.00,FULFILLED
1000007332,20250203,2402,2,3,3,30000.00,6300.00,0.00,36300.00,FULFILLED
1000007333,20250203,2403,2,1,1,39000.00,8190.00,0.00,47190.00,FULFILLED
1000007341,20250204,215,2,1,1,30000.00,6300.00,0.00,36300.00,FULFILLED
1000007343,20250204,474,2,4,4,15000.00,3150.00,0.00,18150.00,FULFILLED
1000007345,20250204,472,2,2,2,24300.00,5103.00,0.00,29403.00,FULFILLED
1000007348,20250204,2191,2,4,4,15000.00,3150.00,0.00,18150.00,FULFILLED
1000007350,20250204,2406,2,1,1,36000.00,7560.00,0.00,43560.00,FULFILLED
1000007351,20250204,2407,2,3,3,57000.00,11970.00,0.00,68970.00,FULFILLED
1000007352,20250204,2408,2,1,1,24000.00,5040.00,0.00,29040.00,FULFILLED
1000007353,20250204,793,2,2,2,15000.00,3150.00,0.00,18150.00,FULFILLED
1000007355,20250204,1968,2,3,3,15000.00,3150.00,0.00,18150.00,FULFILLED
1000007356,20250204,1863,2,3,3,30000.00,6300.00,0.00,36300.00,FULFILLED
1000007362,20250205,367,2,1,1,45000.00,9450.00,0.00,54450.00,FULFILLED
1000007363,20250205,1958,2,1,1,72000.00,15120.00,0.00,87120.00,FULFILLED
1000007365,20250205,2410,2,3,3,51000.00,10710.00,0.00,61710.00,FULFILLED
1000007366,20250205,1571,2,2,2,15000.00,3150.00,0.00,18150.00,FULFILLED
1000007369,20250205,1888,2,1,1,15000.00,3150.00,0.00,18150.00,FULFILLED
1000007371,20250205,308,2,2,2,12000.00,2520.00,0.00,14520.00,FULFILLED
1000007372,20250205,1669,2,3,3,36000.00,7560.00,0.00,43560.00,FULFILLED
1000007377,20250206,1204,2,3,3,45000.00,9450.00,0.00,54450.00,FULFILLED
1000007378,20250206,291,2,2,2,27000.00,5670.00,0.00,32670.00,FULFILLED
1000007379,20250206,600,2,2,2,15000.00,3150.00,0.00,18150.00,FULFILLED
1000007380,20250206,1775,2,1,1,15000.00,3150.00,0.00,18150.00,FULFILLED
1000007381,20250206,586,2,1,1,27000.00,5670.00,0.00,32670.00,FULFILLED
1000007382,20250206,2100,2,4,4,12000.00,2520.00,0.00,14520.00,FULFILLED
1000007383,20250206,2412,2,4,4,12000.00,2520.00,0.00,14520.00,FULFILLED
1000007386,20250206,2173,2,2,2,78000.00,16380.00,0.00,94380.00,FULFILLED
1000007390,20250206,1714,2,2,2,30000.00,6300.00,0.00,36300.00,FULFILLED
1000007391,20250206,487,2,2,2,27000.00,5670.00,0.00,32670.00,FULFILLED
1000007394,20250206,2290,2,3,3,27000.00,5670.00,0.00,32670.00,FULFILLED
1000007395,20250206,1165,2,1,1,63000.00,13230.00,0.00,76230.00,FULFILLED
1000007396,20250206,2414,2,1,1,63000.00,13230.00,0.00,76230.00,FULFILLED
1000007397,20250206,1399,2,1,1,15000.00,3150.00,0.00,18150.00,FULFILLED
1000007399,20250206,1777,2,1,1,21600.00,4536.00,0.00,26136.00,FULFILLED
1000007400,20250206,887,2,4,4,72000.00,15120.00,0.00,87120.00,FULFILLED
1000007409,20250207,2415,2,4,4,10800.00,2268.00,0.00,13068.00,FULFILLED
1000007410,20250207,1272,2,2,2,42000.00,8820.00,0.00,50820.00,FULFILLED
1000007411,20250207,2181,2,1,1,15000.00,3150.00,0.00,18150.00,FULFILLED
1000007414,20250207,2152,2,4,4,27000.00,5670.00,0.00,32670.00,FULFILLED
1000007417,20250207,1354,2,3,3,27000.00,5670.00,0.00,32670.00,FULFILLED
1000007418,20250207,2418,2,3,3,24000.00,5040.00,0.00,29040.00,FULFILLED
1000007420,20250207,1112,2,1,1,12000.00,2520.00,0.00,14520.00,FULFILLED
1000007421,20250207,301,2,1,1,12000.00,2520.00,0.00,14520.00,FULFILLED
1000007422,20250207,2419,2,4,4,27000.00,5670.00,0.00,32670.00,FULFILLED
1000007424,20250207,2112,2,1,1,36000.00,7560.00,0.00,43560.00,FULFILLED
1000007425,20250207,751,2,3,3,45000.00,9450.00,0.00,54450.00,FULFILLED
1000007431,20250208,1930,2,1,1,24000.00,5040.00,0.00,29040.00,FULFILLED
1000007432,20250208,1856,2,1,1,30000.00,6300.00,0.00,36300.00,FULFILLED
1000007434,20250208,1940,2,2,2,48000.00,10080.00,0.00,58080.00,FULFILLED
1000007435,20250208,2423,2,2,2,39000.00,8190.00,0.00,47190.00,FULFILLED
1000007438,20250208,907,2,3,3,27000.00,5670.00,0.00,32670.00,FULFILLED
1000007440,20250208,1976,2,2,2,15000.00,3150.00,0.00,18150.00,FULFILLED
1000007441,20250208,2426,2,1,1,45000.00,9450.00,0.00,54450.00,FULFILLED
1000007442,20250208,2427,2,2,2,15000.00,3150.00,0.00,18150.00,FULFILLED
1000007443,20250208,1156,2,2,2,15000.00,3150.00,0.00,18150.00,FULFILLED
1000007444,20250208,2428,2,4,4,45000.00,9450.00,0.00,54450.00,FULFILLED
1000007445,20250208,8,2,1,1,27000.00,5670.00,0.00,32670.00,FULFILLED
1000007446,20250208,2429,2,3,3,27000.00,5670.00,0.00,32670.00,FULFILLED
1000007447,20250208,2360,2,1,1,30000.00,6300.00,0.00,36300.00,FULFILLED
1000007467,20250210,585,2,2,2,15000.00,3150.00,1500.00,19650.00,FULFILLED
1000007468,20250210,434,2,4,4,39000.00,8190.00,0.00,47190.00,REFUNDED
1000007469,20250210,1305,2,2,2,12000.00,2520.00,0.00,14520.00,FULFILLED
1000007470,20250210,2435,2,3,3,48600.00,10206.00,0.00,58806.00,FULFILLED
1000007471,20250210,665,2,3,3,45000.00,9450.00,0.00,54450.00,FULFILLED
1000007472,20250210,2197,2,2,2,27000.00,5670.00,0.00,32670.00,FULFILLED
1000007474,20250210,2436,2,3,3,42000.00,8820.00,0.00,50820.00,FULFILLED
1000007478,20250210,1855,2,1,1,15000.00,3150.00,0.00,18150.00,FULFILLED
1000007479,20250210,984,2,2,2,15000.00,3150.00,0.00,18150.00,FULFILLED
1000007481,20250210,1403,2,4,4,39000.00,8190.00,0.00,47190.00,FULFILLED
1000007487,20250211,1499,2,3,3,15000.00,3150.00,0.00,18150.00,FULFILLED
1000007490,20250211,925,2,2,2,15000.00,3150.00,0.00,18150.00,FULFILLED
1000007497,20250211,2073,2,2,2,15000.00,3150.00,0.00,18150.00,FULFILLED
1000007498,20250211,1089,2,1,1,12000.00,2520.00,0.00,14520.00,FULFILLED
1000007499,20250211,1382,2,2,2,12000.00,2520.00,0.00,14520.00,FULFILLED
1000007500,20250211,1712,2,1,1,12000.00,2520.00,0.00,14520.00,FULFILLED
1000007501,20250211,516,2,3,3,15000.00,3150.00,0.00,18150.00,FULFILLED
1000007502,20250211,1899,2,4,4,48000.00,10080.00,0.00,58080.00,FULFILLED
1000007505,20250211,972,2,1,1,12000.00,2520.00,0.00,14520.00,FULFILLED
1000007507,20250211,761,2,1,1,36000.00,7560.00,0.00,43560.00,FULFILLED
1000007516,20250212,1325,2,1,1,27000.00,5670.00,0.00,32670.00,FULFILLED
1000007517,20250212,1269,2,4,4,27000.00,5670.00,0.00,32670.00,FULFILLED
1000007518,20250212,1176,2,2,2,42000.00,8820.00,0.00,50820.00,REFUNDED
1000007520,20250212,1697,2,4,4,15000.00,3150.00,0.00,18150.00,FULFILLED
1000007521,20250212,1607,2,3,3,27000.00,5670.00,0.00,32670.00,FULFILLED
1000007522,20250212,101,2,2,2,39000.00,8190.00,0.00,47190.00,FULFILLED
1000007523,20250212,2445,2,4,4,36000.00,7560.00,0.00,43560.00,FULFILLED
1000007524,20250212,729,2,3,3,12000.00,2520.00,0.00,14520.00,FULFILLED
1000007526,20250212,2447,2,1,1,15000.00,3150.00,1200.00,19350.00,FULFILLED
1000007528,20250212,1432,2,4,4,15000.00,3150.00,0.00,18150.00,FULFILLED
1000007529,20250212,2177,2,4,4,12000.00,2520.00,0.00,14520.00,FULFILLED
1000007537,20250213,2451,2,3,3,10800.00,2268.00,0.00,13068.00,FULFILLED
1000007539,20250213,1875,2,3,3,15000.00,3150.00,1500.00,19650.00,FULFILLED
1000007540,20250213,2209,2,4,4,24000.00,5040.00,0.00,29040.00,FULFILLED
1000007541,20250213,1104,2,1,1,27000.00,5670.00,0.00,32670.00,FULFILLED
1000007543,20250213,2452,2,3,3,30000.00,6300.00,0.00,36300.00,FULFILLED
1000007545,20250213,2453,2,3,3,27000.00,5670.00,0.00,32670.00,FULFILLED
1000007547,20250213,2055,2,1,1,27000.00,5670.00,0.00,32670.00,FULFILLED
1000007550,20250213,1651,2,4,4,15000.00,3150.00,0.00,18150.00,FULFILLED
1000007561,20250214,1456,2,2,2,15000.00,3150.00,0.00,18150.00,FULFILLED
1000007562,20250214,1655,2,3,3,15000.00,3150.00,0.00,18150.00,FULFILLED
1000007566,20250214,587,2,4,4,30000.00,6300.00,0.00,36300.00,FULFILLED
1000007568,20250214,2460,2,4,4,15000.00,3150.00,0.00,18150.00,FULFILLED
1000007569,20250214,250,2,3,3,15000.00,3150.00,0.00,18150.00,FULFILLED
1000007570,20250214,1467,2,2,2,12000.00,2520.00,0.00,14520.00,FULFILLED
1000007573,20250214,1918,2,2,2,12000.00,2520.00,1500.00,16020.00,FULFILLED
1000007575,20250214,2298,2,4,4,12000.00,2520.00,1800.00,16320.00,FULFILLED
1000007576,20250214,2039,2,2,2,30000.00,6300.00,0.00,36300.00,FULFILLED
1000007577,20250214,435,2,4,4,60000.00,12600.00,0.00,72600.00,FULFILLED
1000007581,20250214,1934,2,1,1,15000.00,3150.00,0.00,18150.00,FULFILLED
1000007586,20250215,1695,2,2,2,30000.00,6300.00,0.00,36300.00,FULFILLED
1000007587,20250215,427,2,3,3,27000.00,5670.00,0.00,32670.00,FULFILLED
1000007588,20250215,2084,2,3,3,30000.00,6300.00,0.00,36300.00,FULFILLED
1000007589,20250215,2465,2,4,4,57000.00,11970.00,0.00,68970.00,FULFILLED
1000007590,20250215,2318,2,3,3,12000.00,2520.00,0.00,14520.00,FULFILLED
1000007592,20250215,2096,2,4,4,54000.00,11340.00,0.00,65340.00,FULFILLED
1000007593,20250215,267,2,1,1,12000.00,2520.00,0.00,14520.00,FULFILLED
1000007594,20250215,1545,2,2,2,42000.00,8820.00,0.00,50820.00,FULFILLED
1000007596,20250215,2377,2,4,4,30000.00,6300.00,0.00,36300.00,FULFILLED
1000007597,20250215,1491,2,4,4,15000.00,3150.00,0.00,18150.00,FULFILLED
1000007598,20250215,2139,2,1,1,24000.00,5040.00,0.00,29040.00,FULFILLED
1000007599,20250215,2174,2,2,2,42000.00,8820.00,0.00,50820.00,FULFILLED
1000007600,20250215,1758,2,2,2,27000.00,5670.00,0.00,32670.00,FULFILLED
1000007602,20250215,1404,2,4,4,51000.00,10710.00,0.00,61710.00,FULFILLED
1000007603,20250215,1860,2,2,2,60000.00,12600.00,0.00,72600.00,FULFILLED
1000007604,20250215,1025,2,3,3,63000.00,13230.00,0.00,76230.00,FULFILLED
1000007605,20250215,1635,2,2,2,10800.00,2268.00,0.00,13068.00,FULFILLED
1000007607,20250215,2014,2,1,1,69000.00,14490.00,0.00,83490.00,FULFILLED
1000007608,20250215,2017,2,1,1,15000.00,3150.00,0.00,18150.00,FULFILLED
1000007609,20250215,2467,2,1,1,12000.00,2520.00,0.00,14520.00,FULFILLED
1000007611,20250215,265,2,1,1,36000.00,7560.00,0.00,43560.00,FULFILLED
1000007612,20250215,2468,2,3,3,48000.00,10080.00,0.00,58080.00,FULFILLED
1000007645,20250217,628,2,3,3,12000.00,2520.00,0.00,14520.00,FULFILLED
1000007647,20250217,402,2,3,3,15000.00,3150.00,0.00,18150.00,FULFILLED
1000007650,20250217,2479,2,1,1,15000.00,3150.00,0.00,18150.00,FULFILLED
1000007653,20250217,1831,2,3,3,48000.00,10080.00,0.00,58080.00,FULFILLED
1000007659,20250217,2481,2,1,1,24000.00,5040.00,1200.00,30240.00,FULFILLED
1000007660,20250217,1627,2,2,2,24000.00,5040.00,0.00,29040.00,FULFILLED
1000007662,20250217,2483,2,3,3,12000.00,2520.00,0.00,14520.00,FULFILLED
1000007669,20250218,749,2,1,1,15000.00,3150.00,0.00,18150.00,FULFILLED
1000007672,20250218,1033,2,2,2,12000.00,2520.00,0.00,14520.00,FULFILLED
1000007675,20250218,2484,2,3,3,12000.00,2520.00,0.00,14520.00,FULFILLED
1000007681,20250218,981,2,2,2,24000.00,5040.00,0.00,29040.00,FULFILLED
1000007682,20250218,2142,2,1,1,15000.00,3150.00,0.00,18150.00,FULFILLED
1000007683,20250218,440,2,4,4,36000.00,7560.00,0.00,43560.00,FULFILLED
1000007685,20250218,651,2,1,1,24000.00,5040.00,0.00,29040.00,FULFILLED
1000007688,20250218,2384,2,3,3,12000.00,2520.00,0.00,14520.00,FULFILLED
1000007689,20250218,2486,2,4,4,24000.00,5040.00,0.00,29040.00,FULFILLED
1000007690,20250218,936,2,4,4,12000.00,2520.00,0.00,14520.00,FULFILLED
1000007693,20250218,1787,2,2,2,27000.00,5670.00,0.00,32670.00,FULFILLED
1000007695,20250218,2262,2,2,2,24000.00,5040.00,0.00,29040.00,FULFILLED
1000007702,20250219,707,2,2,2,27000.00,5670.00,0.00,32670.00,FULFILLED
1000007704,20250219,2129,2,1,1,36000.00,7560.00,0.00,43560.00,FULFILLED
1000007705,20250219,1749,2,2,2,60000.00,12600.00,0.00,72600.00,FULFILLED
1000007706,20250219,994,2,1,1,12000.00,2520.00,0.00,14520.00,FULFILLED
1000007710,20250219,2489,2,1,1,39000.00,8190.00,0.00,47190.00,FULFILLED
1000007711,20250219,609,2,2,2,12000.00,2520.00,0.00,14520.00,FULFILLED
1000007712,20250219,1157,2,4,4,15000.00,3150.00,0.00,18150.00,FULFILLED
1000007715,20250219,1962,2,3,3,39000.00,8190.00,0.00,47190.00,FULFILLED
1000007722,20250220,743,2,2,2,54000.00,11340.00,0.00,65340.00,FULFILLED
1000007723,20250220,617,2,4,4,39000.00,8190.00,0.00,47190.00,FULFILLED
1000007724,20250220,2070,2,1,1,30000.00,6300.00,0.00,36300.00,FULFILLED
1000007725,20250220,210,2,1,1,12000.00,2520.00,0.00,14520.00,FULFILLED
1000007729,20250220,2160,2,1,1,27000.00,5670.00,0.00,32670.00,FULFILLED
1000007731,20250220,1311,2,3,3,15000.00,3150.00,0.00,18150.00,FULFILLED
1000007734,20250221,444,2,1,1,42000.00,8820.00,0.00,50820.00,FULFILLED
1000007738,20250221,117,2,2,2,42000.00,8820.00,0.00,50820.00,FULFILLED
1000007739,20250221,2496,2,3,3,15000.00,3150.00,0.00,18150.00,FULFILLED
1000007740,20250221,2196,2,3,3,30000.00,6300.00,0.00,36300.00,FULFILLED
1000007741,20250221,1026,2,3,3,15000.00,3150.00,0.00,18150.00,FULFILLED
1000007743,20250221,135,2,1,1,60000.00,12600.00,0.00,72600.00,FULFILLED
1000007745,20250221,2363,2,2,2,15000.00,3150.00,0.00,18150.00,FULFILLED
1000007746,20250221,2168,2,1,1,78000.00,16380.00,0.00,94380.00,FULFILLED
1000007747,20250221,491,2,2,2,10800.00,2268.00,0.00,13068.00,FULFILLED
1000007749,20250221,2499,2,2,2,35100.00,7371.00,0.00,42471.00,FULFILLED
1000007751,20250221,273,2,3,3,27000.00,5670.00,0.00,32670.00,FULFILLED
1000007752,20250221,777,2,4,4,48000.00,10080.00,0.00,58080.00,FULFILLED
1000007754,20250221,291,2,2,2,42000.00,8820.00,0.00,50820.00,FULFILLED
1000007760,20250222,679,2,3,3,12000.00,2520.00,0.00,14520.00,FULFILLED
1000007761,20250222,194,2,1,1,24000.00,5040.00,0.00,29040.00,FULFILLED
1000007765,20250222,1976,2,2,2,27000.00,5670.00,1500.00,34170.00,FULFILLED
1000007766,20250222,1221,2,2,2,15000.00,3150.00,0.00,18150.00,FULFILLED
1000007767,20250222,2290,2,3,3,84000.00,17640.00,0.00,101640.00,FULFILLED
1000007770,20250222,1920,2,1,1,12000.00,2520.00,0.00,14520.00,FULFILLED
1000007771,20250222,236,2,2,2,45000.00,9450.00,0.00,54450.00,FULFILLED
1000007772,20250222,185,2,1,1,12000.00,2520.00,0.00,14520.00,FULFILLED
1000007775,20250222,2505,2,4,4,12000.00,2520.00,0.00,14520.00,FULFILLED
1000007776,20250222,1146,2,4,4,27000.00,5670.00,1800.00,34470.00,FULFILLED
1000007777,20250222,1443,2,1,1,12000.00,2520.00,0.00,14520.00,FULFILLED
1000007779,20250222,1381,2,2,2,15000.00,3150.00,0.00,18150.00,FULFILLED
1000007780,20250222,2506,2,2,2,36000.00,7560.00,0.00,43560.00,FULFILLED
1000007781,20250222,215,2,1,1,54000.00,11340.00,0.00,65340.00,FULFILLED
1000007784,20250222,494,2,1,1,12000.00,2520.00,0.00,14520.00,FULFILLED
1000007785,20250222,2507,2,3,3,24000.00,5040.00,0.00,29040.00,FULFILLED
1000007786,20250222,1930,2,1,1,30000.00,6300.00,0.00,36300.00,FULFILLED
1000007787,20250222,2224,2,4,4,36000.00,7560.00,0.00,43560.00,FULFILLED
1000007811,20250224,1796,2,1,1,63000.00,13230.00,0.00,76230.00,FULFILLED
1000007812,20250224,1493,2,1,1,12000.00,2520.00,0.00,14520.00,FULFILLED
1000007813,20250224,2513,2,4,4,30000.00,6300.00,0.00,36300.00,FULFILLED
1000007814,20250224,2514,2,2,2,140250.00,29452.50,0.00,169702.50,FULFILLED
1000007815,20250224,2219,2,1,1,15000.00,3150.00,0.00,18150.00,FULFILLED
1000007818,20250224,2025,2,1,1,27000.00,5670.00,0.00,32670.00,FULFILLED
1000007821,20250224,1640,2,4,4,35100.00,7371.00,0.00,42471.00,FULFILLED
1000007822,20250224,2368,2,2,2,36000.00,7560.00,0.00,43560.00,FULFILLED
1000007834,20250225,1631,2,2,2,15000.00,3150.00,0.00,18150.00,FULFILLED
1000007835,20250225,1272,2,2,2,24000.00,5040.00,0.00,29040.00,FULFILLED
1000007836,20250225,321,2,1,1,27000.00,5670.00,0.00,32670.00,FULFILLED
1000007840,20250225,2351,2,1,1,60000.00,12600.00,0.00,72600.00,FULFILLED
1000007842,20250225,2361,2,2,2,12000.00,2520.00,0.00,14520.00,FULFILLED
1000007843,20250225,1207,2,3,3,12000.00,2520.00,0.00,14520.00,FULFILLED
1000007844,20250225,2107,2,2,2,30000.00,6300.00,0.00,36300.00,FULFILLED
1000007846,20250225,2426,2,1,1,15000.00,3150.00,0.00,18150.00,FULFILLED
1000007849,20250225,1245,2,2,2,24000.00,5040.00,0.00,29040.00,FULFILLED
1000007850,20250225,949,2,3,3,32400.00,6804.00,0.00,39204.00,FULFILLED
1000007852,20250225,1989,2,1,1,42000.00,8820.00,0.00,50820.00,FULFILLED
1000007853,20250225,591,2,4,4,84000.00,17640.00,0.00,101640.00,FULFILLED
1000007868,20250226,2249,2,3,3,72000.00,15120.00,0.00,87120.00,FULFILLED
1000007869,20250226,2523,2,3,3,12000.00,2520.00,0.00,14520.00,FULFILLED
1000007870,20250226,1747,2,2,2,42000.00,8820.00,0.00,50820.00,FULFILLED
1000007873,20250226,344,2,2,2,15000.00,3150.00,0.00,18150.00,FULFILLED
1000007877,20250226,1430,2,2,2,15000.00,3150.00,0.00,18150.00,FULFILLED
1000007883,20250227,718,2,1,1,30000.00,6300.00,0.00,36300.00,FULFILLED
1000007884,20250227,2311,2,1,1,15000.00,3150.00,0.00,18150.00,FULFILLED
1000007885,20250227,880,2,2,2,15000.00,3150.00,0.00,18150.00,FULFILLED
1000007889,20250227,1613,2,1,1,36000.00,7560.00,0.00,43560.00,FULFILLED
1000007890,20250227,2360,2,1,1,10800.00,2268.00,0.00,13068.00,FULFILLED
1000007891,20250227,848,2,4,4,12000.00,2520.00,0.00,14520.00,FULFILLED
1000007893,20250227,441,2,2,2,10800.00,2268.00,0.00,13068.00,FULFILLED
1000007894,20250227,2529,2,4,4,15000.00,3150.00,0.00,18150.00,FULFILLED
1000007896,20250227,2391,2,2,2,39000.00,8190.00,0.00,47190.00,FULFILLED
1000007902,20250228,2170,2,1,1,30000.00,6300.00,0.00,36300.00,FULFILLED
1000007903,20250228,2531,2,3,3,15000.00,3150.00,1500.00,19650.00,FULFILLED
1000007905,20250228,1740,2,1,1,56700.00,11907.00,0.00,68607.00,FULFILLED
1000007907,20250228,2532,2,1,1,13500.00,2835.00,0.00,16335.00,FULFILLED
1000007911,20250228,292,2,4,4,27000.00,5670.00,0.00,32670.00,FULFILLED
1000007912,20250228,2380,2,1,1,48000.00,10080.00,0.00,58080.00,FULFILLED
1000007915,20250228,912,2,1,1,48000.00,10080.00,0.00,58080.00,FULFILLED
1000007916,20250228,2534,2,2,2,24000.00,5040.00,0.00,29040.00,FULFILLED
1000007917,20250228,2215,2,1,1,24000.00,5040.00,0.00,29040.00,FULFILLED
1000007919,20250228,829,2,3,3,15000.00,3150.00,0.00,18150.00,FULFILLED
1000007921,20250228,2536,2,1,1,12000.00,2520.00,0.00,14520.00,FULFILLED
1000007925,20250228,2538,2,4,4,10800.00,2268.00,0.00,13068.00,FULFILLED
1000007927,20250228,463,2,3,3,27000.00,5670.00,0.00,32670.00,FULFILLED
1000007937,20250301,1782,2,4,4,12000.00,2520.00,0.00,14520.00,FULFILLED
1000007939,20250301,2192,2,1,1,12000.00,2520.00,0.00,14520.00,FULFILLED
1000007940,20250301,40,2,1,1,12000.00,2520.00,0.00,14520.00,FULFILLED
1000007941,20250301,2406,2,1,1,12000.00,2520.00,0.00,14520.00,FULFILLED
1000007942,20250301,160,2,1,1,30000.00,6300.00,0.00,36300.00,FULFILLED
1000007943,20250301,2541,2,4,4,24000.00,5040.00,0.00,29040.00,FULFILLED
1000007944,20250301,2396,2,1,1,12000.00,2520.00,0.00,14520.00,FULFILLED
1000007945,20250301,2542,2,1,1,15000.00,3150.00,0.00,18150.00,FULFILLED
1000007946,20250301,2543,2,2,2,12000.00,2520.00,0.00,14520.00,FULFILLED
1000007948,20250301,2174,2,2,2,54000.00,11340.00,0.00,65340.00,FULFILLED
1000007949,20250301,2544,2,2,2,15000.00,3150.00,0.00,18150.00,FULFILLED
1000007950,20250301,2212,2,1,1,42000.00,8820.00,0.00,50820.00,FULFILLED
1000007951,20250301,212,2,1,1,30000.00,6300.00,0.00,36300.00,FULFILLED
1000007953,20250301,656,2,1,1,27000.00,5670.00,0.00,32670.00,FULFILLED
1000007955,20250301,1988,2,4,4,37800.00,7938.00,0.00,45738.00,FULFILLED
1000007957,20250301,2106,2,4,4,24000.00,5040.00,0.00,29040.00,FULFILLED
1000007958,20250301,162,2,3,3,12000.00,2520.00,0.00,14520.00,FULFILLED
1000007959,20250301,1044,2,3,3,12000.00,2520.00,0.00,14520.00,FULFILLED
1000007960,20250301,2546,2,3,3,30000.00,6300.00,1500.00,37800.00,FULFILLED
1000007961,20250301,927,2,3,3,12000.00,2520.00,0.00,14520.00,FULFILLED
1000007963,20250301,306,2,1,1,24000.00,5040.00,0.00,29040.00,FULFILLED
1000007964,20250301,1905,2,4,4,36000.00,7560.00,0.00,43560.00,FULFILLED
1000007965,20250301,350,2,4,4,12000.00,2520.00,0.00,14520.00,FULFILLED
1000007966,20250301,1153,2,4,4,13500.00,2835.00,0.00,16335.00,FULFILLED
1000007968,20250301,1563,2,1,1,63000.00,13230.00,0.00,76230.00,FULFILLED
1000007992,20250303,1863,2,3,3,27000.00,5670.00,0.00,32670.00,FULFILLED
1000007993,20250303,1327,2,4,4,12000.00,2520.00,0.00,14520.00,FULFILLED
1000007996,20250303,698,2,2,2,36000.00,7560.00,0.00,43560.00,FULFILLED
1000007997,20250303,2209,2,4,4,27000.00,5670.00,0.00,32670.00,FULFILLED
1000007998,20250303,1045,2,1,1,15000.00,3150.00,0.00,18150.00,FULFILLED
1000007999,20250303,2556,2,1,1,24000.00,5040.00,0.00,29040.00,FULFILLED
1000008000,20250303,646,2,4,4,15000.00,3150.00,0.00,18150.00,REFUNDED
1000008001,20250303,542,2,2,2,27000.00,5670.00,0.00,32670.00,FULFILLED
1000008003,20250303,2291,2,4,4,21600.00,4536.00,0.00,26136.00,FULFILLED
1000008006,20250303,2558,2,3,3,30000.00,6300.00,0.00,36300.00,FULFILLED
1000008014,20250304,1888,2,1,1,81000.00,17010.00,0.00,98010.00,FULFILLED
1000008016,20250304,2313,2,1,1,42000.00,8820.00,0.00,50820.00,CANCELLED
1000008017,20250304,2562,2,3,3,15000.00,3150.00,0.00,18150.00,FULFILLED
1000008018,20250304,919,2,1,1,64800.00,13608.00,0.00,78408.00,FULFILLED
1000008023,20250304,2564,2,2,2,48000.00,10080.00,0.00,58080.00,FULFILLED
1000008035,20250305,1385,2,2,2,36000.00,7560.00,0.00,43560.00,FULFILLED
1000008038,20250305,2566,2,1,1,24000.00,5040.00,0.00,29040.00,FULFILLED
1000008039,20250305,2567,2,2,2,27000.00,5670.00,0.00,32670.00,FULFILLED
1000008043,20250305,895,2,3,3,15000.00,3150.00,0.00,18150.00,FULFILLED
1000008044,20250305,1929,2,1,1,12000.00,2520.00,0.00,14520.00,FULFILLED
1000008045,20250305,2569,2,2,2,15000.00,3150.00,0.00,18150.00,FULFILLED
1000008046,20250305,1974,2,1,1,27000.00,5670.00,0.00,32670.00,FULFILLED
1000008047,20250305,1246,2,4,4,45000.00,9450.00,0.00,54450.00,FULFILLED
1000008048,20250305,2570,2,2,2,13500.00,2835.00,0.00,16335.00,FULFILLED
1000008056,20250306,1377,2,4,4,51000.00,10710.00,0.00,61710.00,FULFILLED
1000008057,20250306,1634,2,2,2,12000.00,2520.00,0.00,14520.00,FULFILLED
1000008058,20250306,2159,2,4,4,63000.00,13230.00,0.00,76230.00,FULFILLED
1000008060,20250306,1745,2,3,3,24000.00,5040.00,0.00,29040.00,FULFILLED
1000008061,20250306,1520,2,4,4,12000.00,2520.00,1800.00,16320.00,FULFILLED
1000008062,20250306,1940,2,2,2,24000.00,5040.00,0.00,29040.00,FULFILLED
1000008065,20250306,2262,2,2,2,45000.00,9450.00,0.00,54450.00,FULFILLED
1000008066,20250306,2422,2,4,4,45000.00,9450.00,0.00,54450.00,FULFILLED
1000008069,20250306,1208,2,2,2,30000.00,6300.00,0.00,36300.00,FULFILLED
1000008070,20250306,1890,2,3,3,15000.00,3150.00,0.00,18150.00,FULFILLED
1000008071,20250306,2575,2,4,4,63000.00,13230.00,0.00,76230.00,FULFILLED
1000008085,20250307,2582,2,1,1,24000.00,5040.00,0.00,29040.00,FULFILLED
1000008086,20250307,2581,2,4,4,48000.00,10080.00,0.00,58080.00,FULFILLED
1000008089,20250307,1900,2,2,2,24000.00,5040.00,0.00,29040.00,FULFILLED
1000008091,20250307,427,2,3,3,30000.00,6300.00,0.00,36300.00,FULFILLED
1000008092,20250307,430,2,4,4,12000.00,2520.00,0.00,14520.00,FULFILLED
1000008093,20250307,1292,2,4,4,27000.00,5670.00,0.00,32670.00,FULFILLED
1000008094,20250307,492,2,4,4,12000.00,2520.00,0.00,14520.00,REFUNDED
1000008096,20250307,2584,2,2,2,12000.00,2520.00,0.00,14520.00,FULFILLED
1000008097,20250307,1372,2,1,1,12000.00,2520.00,0.00,14520.00,REFUNDED
1000008098,20250307,2585,2,3,3,12000.00,2520.00,0.00,14520.00,FULFILLED
1000008099,20250307,2290,2,3,3,45000.00,9450.00,0.00,54450.00,FULFILLED
1000008100,20250307,2071,2,1,1,39000.00,8190.00,0.00,47190.00,FULFILLED
1000008101,20250307,2000,2,4,4,15000.00,3150.00,0.00,18150.00,FULFILLED
1000008110,20250308,1994,2,1,1,12000.00,2520.00,0.00,14520.00,FULFILLED
1000008112,20250308,2590,2,4,4,12000.00,2520.00,0.00,14520.00,FULFILLED
1000008113,20250308,2355,2,4,4,15000.00,3150.00,0.00,18150.00,FULFILLED
1000008114,20250308,2592,2,1,1,54000.00,11340.00,0.00,65340.00,FULFILLED
1000008115,20250308,2591,2,1,1,12000.00,2520.00,0.00,14520.00,FULFILLED
1000008116,20250308,1861,2,1,1,54000.00,11340.00,0.00,65340.00,FULFILLED
1000008118,20250308,925,2,2,2,36000.00,7560.00,1500.00,45060.00,FULFILLED
1000008119,20250308,2253,2,1,1,12000.00,2520.00,0.00,14520.00,FULFILLED
1000008120,20250308,1856,2,1,1,30000.00,6300.00,0.00,36300.00,FULFILLED
1000008121,20250308,1051,2,3,3,15000.00,3150.00,0.00,18150.00,FULFILLED
1000008122,20250308,1468,2,1,1,60000.00,12600.00,0.00,72600.00,FULFILLED
1000008123,20250308,866,2,3,3,15000.00,3150.00,0.00,18150.00,FULFILLED
1000008124,20250308,2286,2,3,3,27000.00,5670.00,0.00,32670.00,FULFILLED
1000008125,20250308,326,2,4,4,13500.00,2835.00,0.00,16335.00,FULFILLED
1000008127,20250308,93,2,2,2,15000.00,3150.00,0.00,18150.00,FULFILLED
1000008128,20250308,1144,2,4,4,27000.00,5670.00,0.00,32670.00,FULFILLED
1000008129,20250308,402,2,3,3,27000.00,5670.00,0.00,32670.00,FULFILLED
1000008131,20250308,1015,2,3,3,112200.00,23562.00,0.00,135762.00,FULFILLED
1000008133,20250308,1836,2,2,2,12000.00,2520.00,0.00,14520.00,FULFILLED
1000008151,20250310,415,2,3,3,15000.00,3150.00,0.00,18150.00,FULFILLED
1000008153,20250310,2599,2,4,4,12000.00,2520.00,0.00,14520.00,FULFILLED
1000008156,20250310,2601,2,1,1,15000.00,3150.00,0.00,18150.00,FULFILLED
1000008157,20250310,1326,2,1,1,57000.00,11970.00,0.00,68970.00,FULFILLED
1000008158,20250310,1982,2,1,1,27000.00,5670.00,0.00,32670.00,FULFILLED
1000008160,20250310,1695,2,2,2,48000.00,10080.00,0.00,58080.00,FULFILLED
1000008161,20250310,1523,2,2,2,69000.00,14490.00,0.00,83490.00,FULFILLED
1000008162,20250310,1934,2,1,1,42000.00,8820.00,0.00,50820.00,FULFILLED
1000008176,20250311,634,2,4,4,12000.00,2520.00,0.00,14520.00,FULFILLED
1000008178,20250311,2041,2,2,2,15000.00,3150.00,0.00,18150.00,FULFILLED
1000008180,20250311,2104,2,2,2,12000.00,2520.00,0.00,14520.00,FULFILLED
1000008182,20250311,1636,2,3,3,15000.00,3150.00,0.00,18150.00,FULFILLED
1000008188,20250311,2347,2,4,4,15000.00,3150.00,0.00,18150.00,FULFILLED
1000008190,20250311,614,2,3,3,24000.00,5040.00,0.00,29040.00,FULFILLED
1000006144,20241214,1842,1,,2,60000.00,12600.00,0.00,72600.00,REFUNDED
1000006147,20241214,2128,1,,2,39000.00,8190.00,1500.00,48690.00,FULFILLED
1000006150,20241214,1432,1,,4,12000.00,2520.00,1800.00,16320.00,FULFILLED
1000006151,20241214,998,1,,1,12000.00,2520.00,1200.00,15720.00,FULFILLED
1000006155,20241214,1350,1,,3,12000.00,2520.00,1500.00,16020.00,FULFILLED
1000006159,20241214,1753,1,,3,27000.00,5670.00,1500.00,34170.00,FULFILLED
1000006160,20241214,116,1,,1,12000.00,2520.00,1200.00,15720.00,FULFILLED
1000006163,20241214,2130,1,,1,12000.00,2520.00,1200.00,15720.00,FULFILLED
1000006164,20241214,1813,1,,1,24000.00,5040.00,1200.00,30240.00,FULFILLED
1000006168,20241214,1780,1,,1,27000.00,5670.00,1200.00,33870.00,FULFILLED
1000006169,20241215,268,1,,4,24000.00,5040.00,1800.00,30840.00,FULFILLED
1000006170,20241215,942,1,,1,48000.00,10080.00,0.00,58080.00,FULFILLED
1000006171,20241215,1422,1,,1,36000.00,7560.00,1200.00,44760.00,FULFILLED
1000006172,20241215,1730,1,,1,12000.00,2520.00,1200.00,15720.00,FULFILLED
1000006173,20241215,5,1,,1,24000.00,5040.00,1200.00,30240.00,FULFILLED
1000006174,20241215,2131,1,,1,30000.00,6300.00,1200.00,37500.00,FULFILLED
1000006175,20241215,1865,1,,2,108000.00,22680.00,0.00,130680.00,FULFILLED
1000006176,20241215,1907,1,,4,51000.00,10710.00,0.00,61710.00,FULFILLED
1000006177,20241215,1982,1,,1,12000.00,2520.00,1200.00,15720.00,CANCELLED
1000006178,20241215,265,1,,3,27000.00,5670.00,1500.00,34170.00,FULFILLED
1000006179,20241215,581,1,,4,15000.00,3150.00,1800.00,19950.00,FULFILLED
1000006180,20241215,1679,1,,2,15000.00,3150.00,1500.00,19650.00,FULFILLED
1000006181,20241215,1233,1,,2,15000.00,3150.00,1500.00,19650.00,FULFILLED
1000006182,20241215,639,1,,1,12000.00,2520.00,1200.00,15720.00,FULFILLED
1000006183,20241215,1925,1,,2,48000.00,10080.00,0.00,58080.00,FULFILLED
1000006184,20241215,1855,1,,1,12000.00,2520.00,1200.00,15720.00,FULFILLED
1000006185,20241215,2133,1,,3,30000.00,6300.00,1500.00,37800.00,FULFILLED
1000006186,20241215,201,1,,1,12000.00,2520.00,1200.00,15720.00,FULFILLED
1000006187,20241215,125,1,,3,42000.00,8820.00,1500.00,52320.00,FULFILLED
1000006188,20241215,61,1,,1,42000.00,8820.00,1200.00,52020.00,FULFILLED
1000006189,20241215,2134,1,,2,12000.00,2520.00,1500.00,16020.00,CANCELLED
1000006190,20241215,1368,1,,1,51000.00,10710.00,0.00,61710.00,FULFILLED
1000006191,20241215,2037,1,,1,12000.00,2520.00,1200.00,15720.00,FULFILLED
1000006192,20241215,2135,1,,3,51000.00,10710.00,0.00,61710.00,FULFILLED
1000006193,20241215,1953,1,,4,39000.00,8190.00,1800.00,48990.00,FULFILLED
1000006194,20241215,952,1,,1,24000.00,5040.00,1200.00,30240.00,CANCELLED
1000006195,20241215,2136,1,,1,12000.00,2520.00,1200.00,15720.00,FULFILLED
1000006196,20241215,964,1,,3,12000.00,2520.00,1500.00,16020.00,FULFILLED
1000006197,20241216,1154,1,,1,30000.00,6300.00,1200.00,37500.00,REFUNDED
1000006198,20241216,1926,1,,2,15000.00,3150.00,1500.00,19650.00,FULFILLED
1000006199,20241216,2137,1,,3,30000.00,6300.00,1500.00,37800.00,FULFILLED
1000006202,20241216,2138,1,,1,27000.00,5670.00,1200.00,33870.00,FULFILLED
1000006205,20241216,624,1,,1,30000.00,6300.00,1200.00,37500.00,FULFILLED
1000006206,20241216,733,1,,1,27000.00,5670.00,1200.00,33870.00,FULFILLED
1000006210,20241216,354,1,,3,12000.00,2520.00,1500.00,16020.00,FULFILLED
1000006211,20241216,1621,1,,1,12000.00,2520.00,1200.00,15720.00,FULFILLED
1000006212,20241216,2141,1,,2,15000.00,3150.00,1500.00,19650.00,FULFILLED
1000006213,20241216,2142,1,,1,15000.00,3150.00,1200.00,19350.00,CANCELLED
1000006214,20241216,331,1,,2,51000.00,10710.00,0.00,61710.00,FULFILLED
1000006215,20241216,1424,1,,1,36000.00,7560.00,1200.00,44760.00,FULFILLED
1000006216,20241216,1970,1,,3,24000.00,5040.00,1500.00,30540.00,FULFILLED
1000006217,20241216,72,1,,3,30000.00,6300.00,1500.00,37800.00,FULFILLED
1000006223,20241216,2060,1,,1,27000.00,5670.00,1200.00,33870.00,FULFILLED
1000006225,20241216,1370,1,,3,27000.00,5670.00,1500.00,34170.00,FULFILLED
1000006229,20241216,629,1,,1,15000.00,3150.00,1200.00,19350.00,FULFILLED
1000006231,20241216,1371,1,,3,45000.00,9450.00,0.00,54450.00,FULFILLED
1000006232,20241216,1258,1,,1,12000.00,2520.00,1200.00,15720.00,FULFILLED
1000006233,20241217,2145,1,,3,15000.00,3150.00,1500.00,19650.00,FULFILLED
1000006234,20241217,652,1,,1,45000.00,9450.00,0.00,54450.00,FULFILLED
1000006235,20241217,2012,1,,1,290700.00,61047.00,0.00,351747.00,FULFILLED
1000006236,20241217,241,1,,1,12000.00,2520.00,1200.00,15720.00,FULFILLED
1000006237,20241217,632,1,,1,12000.00,2520.00,1200.00,15720.00,FULFILLED
1000006238,20241217,1275,1,,4,72000.00,15120.00,0.00,87120.00,FULFILLED
1000006239,20241217,1528,1,,3,30000.00,6300.00,1500.00,37800.00,FULFILLED
1000006241,20241217,1847,1,,1,27000.00,5670.00,1200.00,33870.00,CANCELLED
1000006244,20241217,2146,1,,1,12000.00,2520.00,1200.00,15720.00,FULFILLED
1000006245,20241217,1667,1,,1,30000.00,6300.00,1200.00,37500.00,FULFILLED
1000006247,20241217,172,1,,2,30000.00,6300.00,1500.00,37800.00,FULFILLED
1000006248,20241217,375,1,,3,36000.00,7560.00,1500.00,45060.00,FULFILLED
1000006250,20241217,2147,1,,1,11400.00,2394.00,1200.00,14994.00,FULFILLED
1000006252,20241217,1619,1,,1,24000.00,5040.00,1200.00,30240.00,FULFILLED
1000006254,20241217,1718,1,,1,24000.00,5040.00,1200.00,30240.00,FULFILLED
1000006260,20241217,1306,1,,1,15000.00,3150.00,1200.00,19350.00,FULFILLED
1000006264,20241217,831,1,,4,15000.00,3150.00,1800.00,19950.00,FULFILLED
1000006265,20241217,1060,1,,2,14250.00,2992.50,1500.00,18742.50,FULFILLED
1000006266,20241217,563,1,,1,12000.00,2520.00,1200.00,15720.00,FULFILLED
1000006267,20241217,543,1,,2,15000.00,3150.00,1500.00,19650.00,FULFILLED
1000006268,20241217,1506,1,,3,24000.00,5040.00,1500.00,30540.00,CANCELLED
1000006269,20241217,2149,1,,3,12000.00,2520.00,1500.00,16020.00,CANCELLED
1000006270,20241217,2148,1,,1,24000.00,5040.00,1200.00,30240.00,FULFILLED
1000006271,20241217,1479,1,,1,15000.00,3150.00,1200.00,19350.00,FULFILLED
1000006272,20241217,402,1,,3,27000.00,5670.00,1500.00,34170.00,FULFILLED
1000006273,20241217,1003,1,,3,12000.00,2520.00,1500.00,16020.00,FULFILLED
1000006274,20241217,1093,1,,2,28500.00,5985.00,1500.00,35985.00,FULFILLED
1000006275,20241217,1841,1,,1,57000.00,11970.00,0.00,68970.00,FULFILLED
1000006276,20241217,1302,1,,3,15000.00,3150.00,1500.00,19650.00,FULFILLED
1000006277,20241217,1510,1,,3,36000.00,7560.00,1500.00,45060.00,FULFILLED
1000006278,20241218,852,1,,4,27000.00,5670.00,1800.00,34470.00,FULFILLED
1000006279,20241218,1555,1,,2,12000.00,2520.00,1500.00,16020.00,CANCELLED
1000006280,20241218,1750,1,,3,30000.00,6300.00,1500.00,37800.00,FULFILLED
1000006281,20241218,226,1,,1,72000.00,15120.00,0.00,87120.00,FULFILLED
1000006282,20241218,2150,1,,4,30000.00,6300.00,1800.00,38100.00,FULFILLED
1000006284,20241218,1500,1,,2,24000.00,5040.00,1500.00,30540.00,FULFILLED
1000006286,20241218,1740,1,,1,30000.00,6300.00,1200.00,37500.00,FULFILLED
1000006287,20241218,104,1,,2,15000.00,3150.00,1500.00,19650.00,FULFILLED
1000006289,20241218,1684,1,,1,24000.00,5040.00,1200.00,30240.00,FULFILLED
1000006293,20241218,1872,1,,3,15000.00,3150.00,1500.00,19650.00,FULFILLED
1000006294,20241218,1984,1,,1,48000.00,10080.00,0.00,58080.00,FULFILLED
1000006295,20241218,716,1,,1,30000.00,6300.00,1200.00,37500.00,FULFILLED
1000006297,20241218,1475,1,,2,15000.00,3150.00,1500.00,19650.00,FULFILLED
1000006298,20241218,1577,1,,1,51300.00,10773.00,0.00,62073.00,FULFILLED
1000006299,20241218,1992,1,,1,11400.00,2394.00,1200.00,14994.00,FULFILLED
1000006305,20241218,1492,1,,1,12000.00,2520.00,1200.00,15720.00,FULFILLED
1000006309,20241218,2153,1,,2,48000.00,10080.00,0.00,58080.00,FULFILLED
1000006310,20241218,2154,1,,1,30000.00,6300.00,1200.00,37500.00,FULFILLED
1000006312,20241218,1923,1,,4,12000.00,2520.00,1800.00,16320.00,FULFILLED
1000006314,20241218,333,1,,3,15000.00,3150.00,1500.00,19650.00,FULFILLED
1000006315,20241218,1882,1,,1,12000.00,2520.00,1200.00,15720.00,FULFILLED
1000006316,20241218,1012,1,,2,15000.00,3150.00,1500.00,19650.00,FULFILLED
1000006317,20241218,1259,1,,2,27000.00,5670.00,1500.00,34170.00,FULFILLED
1000006318,20241218,1748,1,,3,27000.00,5670.00,1500.00,34170.00,FULFILLED
1000006319,20241219,1077,1,,3,63000.00,13230.00,0.00,76230.00,FULFILLED
1000006320,20241219,2155,1,,2,12000.00,2520.00,1500.00,16020.00,FULFILLED
1000006321,20241219,214,1,,1,15000.00,3150.00,1200.00,19350.00,FULFILLED
1000006322,20241219,1072,1,,1,48000.00,10080.00,0.00,58080.00,FULFILLED
1000006323,20241219,84,1,,1,15000.00,3150.00,1200.00,19350.00,FULFILLED
1000006324,20241219,1554,1,,1,30000.00,6300.00,1200.00,37500.00,FULFILLED
1000006328,20241219,521,1,,4,60000.00,12600.00,0.00,72600.00,FULFILLED
1000006329,20241219,1796,1,,1,12000.00,2520.00,1200.00,15720.00,CANCELLED
1000006331,20241219,1639,1,,1,54000.00,11340.00,0.00,65340.00,CANCELLED
1000006334,20241219,1379,1,,2,36000.00,7560.00,1500.00,45060.00,FULFILLED
1000006342,20241219,1862,1,,4,15000.00,3150.00,1800.00,19950.00,FULFILLED
1000006343,20241219,2160,1,,1,45000.00,9450.00,0.00,54450.00,FULFILLED
1000006344,20241219,1223,1,,1,54000.00,11340.00,0.00,65340.00,FULFILLED
1000006345,20241219,1776,1,,3,24000.00,5040.00,1500.00,30540.00,CANCELLED
1000006346,20241219,2161,1,,3,15000.00,3150.00,1500.00,19650.00,FULFILLED
1000006347,20241219,2163,1,,1,27000.00,5670.00,1200.00,33870.00,FULFILLED
1000006348,20241219,2164,1,,3,112200.00,23562.00,0.00,135762.00,FULFILLED
1000006349,20241220,884,1,,3,24000.00,5040.00,1500.00,30540.00,FULFILLED
1000006350,20241220,1485,1,,1,45000.00,9450.00,0.00,54450.00,FULFILLED
1000006351,20241220,1454,1,,1,39000.00,8190.00,1200.00,48390.00,FULFILLED
1000006352,20241220,1051,1,,3,24000.00,5040.00,1500.00,30540.00,REFUNDED
1000006353,20241220,497,1,,1,27000.00,5670.00,1200.00,33870.00,FULFILLED
1000006354,20241220,1681,1,,3,30000.00,6300.00,1500.00,37800.00,FULFILLED
1000006357,20241220,1189,1,,4,15000.00,3150.00,1800.00,19950.00,FULFILLED
1000006358,20241220,2165,1,,3,15000.00,3150.00,1500.00,19650.00,FULFILLED
1000006362,20241220,1279,1,,2,24000.00,5040.00,1500.00,30540.00,FULFILLED
1000006364,20241220,635,1,,1,12000.00,2520.00,1200.00,15720.00,FULFILLED
1000006367,20241220,281,1,,1,30000.00,6300.00,1200.00,37500.00,FULFILLED
1000006368,20241220,715,1,,2,12000.00,2520.00,1500.00,16020.00,FULFILLED
1000006369,20241220,944,1,,1,15000.00,3150.00,1200.00,19350.00,FULFILLED
1000006376,20241220,2169,1,,1,12000.00,2520.00,1200.00,15720.00,FULFILLED
1000006378,20241220,2171,1,,2,60000.00,12600.00,0.00,72600.00,FULFILLED
1000006380,20241220,2021,1,,4,24000.00,5040.00,1800.00,30840.00,FULFILLED
1000006387,20241220,1966,1,,1,36000.00,7560.00,1200.00,44760.00,REFUNDED
1000006388,20241220,909,1,,1,45000.00,9450.00,0.00,54450.00,FULFILLED
1000006389,20241220,789,1,,3,63000.00,13230.00,0.00,76230.00,REFUNDED
1000006390,20241220,1008,1,,1,63000.00,13230.00,0.00,76230.00,CANCELLED
1000006391,20241221,20,1,,1,42000.00,8820.00,1200.00,52020.00,FULFILLED
1000006392,20241221,1110,1,,4,57000.00,11970.00,0.00,68970.00,FULFILLED
1000006393,20241221,1733,1,,2,54000.00,11340.00,0.00,65340.00,FULFILLED
1000006394,20241221,2175,1,,1,27000.00,5670.00,1200.00,33870.00,FULFILLED
1000006395,20241221,2020,1,,1,30000.00,6300.00,1200.00,37500.00,FULFILLED
1000006396,20241221,811,1,,1,12000.00,2520.00,1200.00,15720.00,FULFILLED
1000006397,20241221,1521,1,,1,15000.00,3150.00,1200.00,19350.00,CANCELLED
1000006398,20241221,684,1,,1,15000.00,3150.00,1200.00,19350.00,FULFILLED
1000006403,20241221,1017,1,,3,12000.00,2520.00,1500.00,16020.00,REFUNDED
1000006404,20241221,1834,1,,2,24000.00,5040.00,1500.00,30540.00,FULFILLED
1000006406,20241221,1607,1,,3,15000.00,3150.00,1500.00,19650.00,FULFILLED
1000006407,20241221,3,1,,3,15000.00,3150.00,1500.00,19650.00,FULFILLED
1000006422,20241221,2179,1,,3,24000.00,5040.00,1500.00,30540.00,CANCELLED
1000006423,20241221,1924,1,,1,48000.00,10080.00,0.00,58080.00,FULFILLED
1000006424,20241221,2049,1,,4,15000.00,3150.00,1800.00,19950.00,REFUNDED
1000006425,20241221,2180,1,,1,24000.00,5040.00,1200.00,30240.00,FULFILLED
1000006426,20241221,1412,1,,1,12000.00,2520.00,1200.00,15720.00,FULFILLED
1000006427,20241222,115,1,,1,12000.00,2520.00,1200.00,15720.00,FULFILLED
1000006428,20241222,89,1,,3,34200.00,7182.00,1500.00,42882.00,FULFILLED
1000006429,20241222,357,1,,1,39000.00,8190.00,1200.00,48390.00,FULFILLED
1000006430,20241222,844,1,,1,24000.00,5040.00,1200.00,30240.00,FULFILLED
1000006431,20241222,460,1,,1,15000.00,3150.00,1200.00,19350.00,FULFILLED
1000006432,20241222,1149,1,,4,30000.00,6300.00,1800.00,38100.00,FULFILLED
1000006433,20241222,2181,1,,1,12000.00,2520.00,1200.00,15720.00,FULFILLED
1000006434,20241222,2182,1,,1,12000.00,2520.00,1200.00,15720.00,FULFILLED
1000006435,20241222,872,1,,4,42000.00,8820.00,1800.00,52620.00,FULFILLED
1000006436,20241222,2183,1,,1,12000.00,2520.00,1200.00,15720.00,FULFILLED
1000006437,20241222,1914,1,,3,24000.00,5040.00,1500.00,30540.00,FULFILLED
1000006438,20241222,2184,1,,1,24000.00,5040.00,1200.00,30240.00,FULFILLED
1000006439,20241222,45,1,,2,27000.00,5670.00,1500.00,34170.00,FULFILLED
1000006440,20241223,653,1,,3,14250.00,2992.50,1500.00,18742.50,FULFILLED
1000006441,20241223,591,1,,4,24000.00,5040.00,1800.00,30840.00,FULFILLED
1000006442,20241223,977,1,,3,24000.00,5040.00,1500.00,30540.00,FULFILLED
1000006443,20241223,799,1,,1,15000.00,3150.00,1200.00,19350.00,FULFILLED
1000006444,20241223,133,1,,1,12000.00,2520.00,1200.00,15720.00,FULFILLED
1000006445,20241223,1408,1,,2,15000.00,3150.00,1500.00,19650.00,FULFILLED
1000006446,20241223,1239,1,,1,27000.00,5670.00,1200.00,33870.00,FULFILLED
1000006447,20241223,513,1,,2,81000.00,17010.00,0.00,98010.00,FULFILLED
1000006448,20241223,1969,1,,1,15000.00,3150.00,1200.00,19350.00,FULFILLED
1000006449,20241223,249,1,,3,15000.00,3150.00,1500.00,19650.00,FULFILLED
1000006450,20241223,2185,1,,1,27000.00,5670.00,1200.00,33870.00,FULFILLED
1000006452,20241223,120,1,,4,12000.00,2520.00,1800.00,16320.00,CANCELLED
1000006454,20241223,1795,1,,3,51300.00,10773.00,0.00,62073.00,CANCELLED
1000006458,20241223,2069,1,,3,12000.00,2520.00,1500.00,16020.00,CANCELLED
1000006459,20241223,768,1,,3,24000.00,5040.00,1500.00,30540.00,FULFILLED
1000006460,20241223,399,1,,3,27000.00,5670.00,1500.00,34170.00,FULFILLED
1000006462,20241223,1476,1,,4,39000.00,8190.00,1800.00,48990.00,CANCELLED
1000006464,20241223,1330,1,,3,36000.00,7560.00,1500.00,45060.00,REFUNDED
1000006465,20241223,300,1,,3,15000.00,3150.00,1500.00,19650.00,FULFILLED
1000006466,20241223,1361,1,,1,15000.00,3150.00,1200.00,19350.00,FULFILLED
1000006469,20241223,2186,1,,2,30000.00,6300.00,1500.00,37800.00,FULFILLED
1000006470,20241223,152,1,,3,69000.00,14490.00,0.00,83490.00,FULFILLED
1000006472,20241223,1129,1,,4,30000.00,6300.00,1800.00,38100.00,FULFILLED
1000006474,20241223,1851,1,,4,30000.00,6300.00,1800.00,38100.00,CANCELLED
1000006476,20241223,2188,1,,2,15000.00,3150.00,1500.00,19650.00,FULFILLED
1000006477,20241223,2187,1,,3,45000.00,9450.00,0.00,54450.00,FULFILLED
1000006478,20241223,330,1,,1,30000.00,6300.00,1200.00,37500.00,FULFILLED
1000006479,20241224,2189,1,,4,21600.00,4536.00,1800.00,27936.00,FULFILLED
1000006480,20241224,1172,1,,4,13500.00,2835.00,1800.00,18135.00,FULFILLED
1000006481,20241224,2047,1,,2,40500.00,8505.00,1500.00,50505.00,FULFILLED
1000006482,20241224,2190,1,,1,15000.00,3150.00,1200.00,19350.00,FULFILLED
1000006483,20241224,1794,1,,3,54000.00,11340.00,0.00,65340.00,FULFILLED
1000006484,20241224,1650,1,,1,12000.00,2520.00,1200.00,15720.00,FULFILLED
1000006485,20241224,122,1,,2,60000.00,12600.00,0.00,72600.00,FULFILLED
1000006487,20241224,696,1,,3,15000.00,3150.00,1500.00,19650.00,FULFILLED
1000006489,20241224,1237,1,,1,15000.00,3150.00,1200.00,19350.00,CANCELLED
1000006490,20241224,165,1,,2,15000.00,3150.00,1500.00,19650.00,FULFILLED
1000006492,20241224,2193,1,,1,24000.00,5040.00,1200.00,30240.00,FULFILLED
1000006494,20241224,2194,1,,1,24000.00,5040.00,1200.00,30240.00,FULFILLED
1000006500,20241224,2071,1,,1,24300.00,5103.00,1200.00,30603.00,FULFILLED
1000006504,20241224,2197,1,,2,30000.00,6300.00,1500.00,37800.00,FULFILLED
1000006507,20241224,1329,1,,1,45000.00,9450.00,0.00,54450.00,FULFILLED
1000006510,20241224,1091,1,,1,13500.00,2835.00,1200.00,17535.00,CANCELLED
1000006511,20241224,2201,1,,1,12000.00,2520.00,1200.00,15720.00,FULFILLED
1000006512,20241224,2117,1,,3,25650.00,5386.50,1500.00,32536.50,REFUNDED
1000006513,20241224,2202,1,,4,27000.00,5670.00,1800.00,34470.00,FULFILLED
1000006514,20241224,1509,1,,3,81600.00,17136.00,0.00,98736.00,CANCELLED
1000006515,20241224,1515,1,,1,13500.00,2835.00,1200.00,17535.00,FULFILLED
1000006516,20241224,1068,1,,1,42000.00,8820.00,1200.00,52020.00,REFUNDED
1000006517,20241224,2203,1,,2,12000.00,2520.00,1500.00,16020.00,REFUNDED
1000006518,20241224,1870,1,,3,27000.00,5670.00,1500.00,34170.00,FULFILLED
1000006519,20241224,1991,1,,2,15000.00,3150.00,1500.00,19650.00,FULFILLED
1000006520,20241225,1921,1,,4,12000.00,2520.00,1800.00,16320.00,FULFILLED
1000006521,20241225,2204,1,,3,15000.00,3150.00,1500.00,19650.00,FULFILLED
1000006522,20241225,1685,1,,3,30000.00,6300.00,1500.00,37800.00,FULFILLED
1000006523,20241225,11,1,,2,15000.00,3150.00,1500.00,19650.00,FULFILLED
1000006524,20241225,1724,1,,1,15000.00,3150.00,1200.00,19350.00,FULFILLED
1000006525,20241225,2205,1,,1,27000.00,5670.00,1200.00,33870.00,FULFILLED
1000006526,20241225,1876,1,,1,12000.00,2520.00,1200.00,15720.00,FULFILLED
1000006527,20241225,1389,1,,1,15000.00,3150.00,1200.00,19350.00,FULFILLED
1000006528,20241225,764,1,,1,27000.00,5670.00,1200.00,33870.00,FULFILLED
1000006529,20241225,2114,1,,1,36000.00,7560.00,1200.00,44760.00,FULFILLED
1000006530,20241225,1313,1,,2,15000.00,3150.00,1500.00,19650.00,FULFILLED
1000006531,20241226,1835,1,,3,39000.00,8190.00,1500.00,48690.00,FULFILLED
1000006532,20241226,496,1,,1,11400.00,2394.00,1200.00,14994.00,FULFILLED
1000006533,20241226,2206,1,,1,14250.00,2992.50,1200.00,18442.50,FULFILLED
1000006535,20241226,1624,1,,2,15000.00,3150.00,1500.00,19650.00,FULFILLED
1000006536,20241226,1944,1,,1,24000.00,5040.00,1200.00,30240.00,FULFILLED
1000006537,20241226,1972,1,,4,60000.00,12600.00,0.00,72600.00,CANCELLED
1000006541,20241226,2208,1,,1,27000.00,5670.00,1200.00,33870.00,FULFILLED
1000006543,20241226,457,1,,4,30000.00,6300.00,1800.00,38100.00,FULFILLED
1000006544,20241226,2209,1,,4,15000.00,3150.00,1800.00,19950.00,FULFILLED
1000006545,20241226,759,1,,1,24000.00,5040.00,1200.00,30240.00,FULFILLED
1000006546,20241227,2210,1,,1,12000.00,2520.00,1200.00,15720.00,FULFILLED
1000006547,20241227,633,1,,3,30000.00,6300.00,1500.00,37800.00,FULFILLED
1000006551,20241227,2213,1,,1,48000.00,10080.00,0.00,58080.00,FULFILLED
1000006555,20241227,1294,1,,1,51000.00,10710.00,0.00,61710.00,FULFILLED
1000006556,20241227,2216,1,,2,12000.00,2520.00,1500.00,16020.00,FULFILLED
1000006558,20241227,2217,1,,3,27000.00,5670.00,1500.00,34170.00,REFUNDED
1000006559,20241227,1654,1,,4,15000.00,3150.00,1800.00,19950.00,FULFILLED
1000006560,20241227,2218,1,,1,15000.00,3150.00,1200.00,19350.00,FULFILLED
1000006563,20241227,547,1,,1,14250.00,2992.50,1200.00,18442.50,FULFILLED
1000006564,20241227,1169,1,,4,42000.00,8820.00,1800.00,52620.00,FULFILLED
1000006565,20241227,1038,1,,1,249900.00,52479.00,0.00,302379.00,FULFILLED
1000006566,20241227,1637,1,,1,12000.00,2520.00,1200.00,15720.00,FULFILLED
1000006567,20241227,756,1,,2,12000.00,2520.00,1500.00,16020.00,FULFILLED
1000006568,20241227,2221,1,,3,39000.00,8190.00,1500.00,48690.00,FULFILLED
1000006569,20241228,2222,1,,3,39000.00,8190.00,1500.00,48690.00,FULFILLED
1000006573,20241228,952,1,,1,15000.00,3150.00,1200.00,19350.00,FULFILLED
1000006580,20241228,1538,1,,2,30000.00,6300.00,1500.00,37800.00,FULFILLED
1000006583,20241228,2226,1,,1,15000.00,3150.00,1200.00,19350.00,FULFILLED
1000006588,20241228,869,1,,1,24000.00,5040.00,1200.00,30240.00,FULFILLED
1000006589,20241228,373,1,,4,39000.00,8190.00,1800.00,48990.00,CANCELLED
1000006592,20241228,2227,1,,1,42000.00,8820.00,1200.00,52020.00,FULFILLED
1000006593,20241228,1117,1,,1,12000.00,2520.00,1200.00,15720.00,FULFILLED
1000006594,20241228,2229,1,,1,39000.00,8190.00,1200.00,48390.00,FULFILLED
1000006595,20241228,2230,1,,1,39000.00,8190.00,1200.00,48390.00,FULFILLED
1000006596,20241228,1570,1,,1,57000.00,11970.00,0.00,68970.00,FULFILLED
1000006597,20241229,1916,1,,1,24000.00,5040.00,1200.00,30240.00,FULFILLED
1000006598,20241229,2087,1,,1,54000.00,11340.00,0.00,65340.00,FULFILLED
1000006599,20241229,2232,1,,2,15000.00,3150.00,1500.00,19650.00,FULFILLED
1000006600,20241229,420,1,,1,12000.00,2520.00,1200.00,15720.00,FULFILLED
1000006601,20241229,1636,1,,3,15000.00,3150.00,1500.00,19650.00,FULFILLED
1000006602,20241229,125,1,,3,15000.00,3150.00,1500.00,19650.00,FULFILLED
1000006603,20241229,2234,1,,1,30000.00,6300.00,1200.00,37500.00,FULFILLED
1000006604,20241229,2235,1,,2,12000.00,2520.00,1500.00,16020.00,FULFILLED
1000006605,20241230,741,1,,2,14250.00,2992.50,1500.00,18742.50,CANCELLED
1000006606,20241230,1057,1,,3,12000.00,2520.00,1500.00,16020.00,FULFILLED
1000006609,20241230,2236,1,,1,30000.00,6300.00,1200.00,37500.00,CANCELLED
1000006610,20241230,2237,1,,1,34200.00,7182.00,1200.00,42582.00,FULFILLED
1000006611,20241230,2238,1,,2,93000.00,19530.00,0.00,112530.00,FULFILLED
1000006613,20241230,359,1,,2,24000.00,5040.00,1500.00,30540.00,FULFILLED
1000006614,20241230,65,1,,1,42000.00,8820.00,1200.00,52020.00,FULFILLED
1000006615,20241230,1663,1,,4,15000.00,3150.00,1800.00,19950.00,FULFILLED
1000006618,20241230,1448,1,,3,36000.00,7560.00,1500.00,45060.00,FULFILLED
1000006619,20241230,1125,1,,2,15000.00,3150.00,1500.00,19650.00,FULFILLED
1000006620,20241230,636,1,,4,27000.00,5670.00,1800.00,34470.00,FULFILLED
1000006621,20241230,1827,1,,3,12000.00,2520.00,1500.00,16020.00,FULFILLED
1000006622,20241231,1054,1,,1,54000.00,11340.00,0.00,65340.00,FULFILLED
1000006624,20241231,1885,1,,4,15000.00,3150.00,1800.00,19950.00,FULFILLED
1000006625,20241231,1905,1,,4,15000.00,3150.00,1800.00,19950.00,FULFILLED
1000006631,20241231,708,1,,1,12000.00,2520.00,1200.00,15720.00,FULFILLED
1000006634,20241231,1955,1,,1,15000.00,3150.00,1200.00,19350.00,FULFILLED
1000006635,20241231,1142,1,,4,48000.00,10080.00,0.00,58080.00,FULFILLED
1000006636,20241231,1286,1,,1,12000.00,2520.00,1200.00,15720.00,FULFILLED
1000006637,20241231,2242,1,,1,15000.00,3150.00,1200.00,19350.00,FULFILLED
1000006638,20250101,335,1,,4,30000.00,6300.00,1800.00,38100.00,FULFILLED
1000006639,20250101,1449,1,,1,30000.00,6300.00,1200.00,37500.00,FULFILLED
1000006640,20250101,622,1,,2,11400.00,2394.00,1500.00,15294.00,FULFILLED
1000006641,20250101,1135,1,,1,15000.00,3150.00,1200.00,19350.00,FULFILLED
1000006642,20250101,2102,1,,2,12000.00,2520.00,1500.00,16020.00,FULFILLED
1000006643,20250101,179,1,,3,15000.00,3150.00,1500.00,19650.00,FULFILLED
1000006644,20250101,1526,1,,1,12000.00,2520.00,1200.00,15720.00,CANCELLED
1000006645,20250101,2243,1,,4,108000.00,22680.00,0.00,130680.00,FULFILLED
1000006646,20250101,2244,1,,4,12000.00,2520.00,1800.00,16320.00,FULFILLED
1000006647,20250101,1118,1,,1,12000.00,2520.00,1200.00,15720.00,FULFILLED
1000006648,20250101,1360,1,,1,12000.00,2520.00,1200.00,15720.00,FULFILLED
1000006649,20250101,2245,1,,3,12000.00,2520.00,1500.00,16020.00,FULFILLED
1000006650,20250101,1285,1,,3,12000.00,2520.00,1500.00,16020.00,FULFILLED
1000006651,20250101,998,1,,1,24000.00,5040.00,1200.00,30240.00,FULFILLED
1000006652,20250101,2246,1,,2,60000.00,12600.00,0.00,72600.00,FULFILLED
1000006653,20250102,1400,1,,3,15000.00,3150.00,1500.00,19650.00,FULFILLED
1000006654,20250102,210,1,,1,45600.00,9576.00,0.00,55176.00,FULFILLED
1000006656,20250102,1256,1,,1,39000.00,8190.00,1200.00,48390.00,FULFILLED
1000006658,20250102,2248,1,,1,54000.00,11340.00,0.00,65340.00,FULFILLED
1000006659,20250102,374,1,,1,15000.00,3150.00,1200.00,19350.00,FULFILLED
1000006660,20250102,1404,1,,4,30000.00,6300.00,1800.00,38100.00,FULFILLED
1000006661,20250102,351,1,,1,15000.00,3150.00,1200.00,19350.00,FULFILLED
1000006664,20250102,644,1,,2,12000.00,2520.00,1500.00,16020.00,FULFILLED
1000006665,20250102,1867,1,,1,22800.00,4788.00,1200.00,28788.00,CANCELLED
1000006669,20250102,513,1,,2,45000.00,9450.00,0.00,54450.00,FULFILLED
1000006671,20250102,1253,1,,3,27000.00,5670.00,1500.00,34170.00,FULFILLED
1000006673,20250102,1595,1,,2,12000.00,2520.00,1500.00,16020.00,FULFILLED
1000006674,20250103,1247,1,,1,15000.00,3150.00,1200.00,19350.00,FULFILLED
1000006676,20250103,279,1,,2,12000.00,2520.00,1500.00,16020.00,CANCELLED
1000006678,20250103,2254,1,,1,15000.00,3150.00,1200.00,19350.00,FULFILLED
1000006687,20250103,1980,1,,3,15000.00,3150.00,1500.00,19650.00,FULFILLED
1000006689,20250103,543,1,,2,42000.00,8820.00,1500.00,52320.00,FULFILLED
1000006691,20250103,2187,1,,3,24000.00,5040.00,1500.00,30540.00,FULFILLED
1000006692,20250103,1257,1,,2,36000.00,7560.00,1500.00,45060.00,FULFILLED
1000006693,20250104,108,1,,3,60000.00,12600.00,0.00,72600.00,FULFILLED
1000006694,20250104,2258,1,,1,15000.00,3150.00,1200.00,19350.00,FULFILLED
1000006695,20250104,1802,1,,4,51000.00,10710.00,0.00,61710.00,FULFILLED
1000006697,20250104,2260,1,,4,45000.00,9450.00,0.00,54450.00,FULFILLED
1000006702,20250104,2262,1,,2,60000.00,12600.00,0.00,72600.00,FULFILLED
1000006704,20250104,1466,1,,2,15000.00,3150.00,1500.00,19650.00,FULFILLED
1000006712,20250104,2265,1,,3,54000.00,11340.00,0.00,65340.00,FULFILLED
1000006715,20250104,2267,1,,1,12000.00,2520.00,1200.00,15720.00,FULFILLED
1000006717,20250104,1365,1,,3,15000.00,3150.00,1500.00,19650.00,FULFILLED
1000006718,20250104,16,1,,3,12000.00,2520.00,1500.00,16020.00,FULFILLED
1000006719,20250104,1359,1,,4,45000.00,9450.00,0.00,54450.00,FULFILLED
1000006720,20250104,58,1,,1,30000.00,6300.00,1200.00,37500.00,FULFILLED
1000006721,20250104,785,1,,1,36000.00,7560.00,1200.00,44760.00,FULFILLED
1000006722,20250104,1189,1,,4,45000.00,9450.00,0.00,54450.00,CANCELLED
1000006723,20250105,1437,1,,3,30000.00,6300.00,1500.00,37800.00,FULFILLED
1000006724,20250105,1248,1,,3,15000.00,3150.00,1500.00,19650.00,CANCELLED
1000006725,20250105,1967,1,,1,15000.00,3150.00,1200.00,19350.00,FULFILLED
1000006726,20250105,301,1,,1,12000.00,2520.00,1200.00,15720.00,CANCELLED
1000006727,20250105,1175,1,,1,45000.00,9450.00,0.00,54450.00,FULFILLED
1000006728,20250105,1580,1,,1,24000.00,5040.00,1200.00,30240.00,FULFILLED
1000006729,20250105,751,1,,3,12000.00,2520.00,1500.00,16020.00,FULFILLED
1000006730,20250105,1510,1,,3,36000.00,7560.00,1500.00,45060.00,FULFILLED
1000006731,20250105,1949,1,,1,12000.00,2520.00,1200.00,15720.00,FULFILLED
1000006732,20250105,2269,1,,1,30000.00,6300.00,1200.00,37500.00,FULFILLED
1000006733,20250105,1145,1,,1,30000.00,6300.00,1200.00,37500.00,FULFILLED
1000006734,20250105,1465,1,,3,12000.00,2520.00,1500.00,16020.00,FULFILLED
1000006735,20250105,567,1,,1,24000.00,5040.00,1200.00,30240.00,FULFILLED
1000006736,20250105,1244,1,,1,27000.00,5670.00,1200.00,33870.00,FULFILLED
1000006737,20250105,2097,1,,1,27000.00,5670.00,1200.00,33870.00,FULFILLED
1000006738,20250105,1903,1,,2,12000.00,2520.00,1500.00,16020.00,FULFILLED
1000006739,20250105,671,1,,1,28500.00,5985.00,1200.00,35685.00,FULFILLED
1000006740,20250105,1736,1,,1,15000.00,3150.00,1200.00,19350.00,CANCELLED
1000006741,20250106,2270,1,,1,27000.00,5670.00,1200.00,33870.00,FULFILLED
1000006742,20250106,1865,1,,2,15000.00,3150.00,1500.00,19650.00,FULFILLED
1000006743,20250106,1660,1,,2,78000.00,16380.00,0.00,94380.00,FULFILLED
1000006744,20250106,1584,1,,1,15000.00,3150.00,1200.00,19350.00,FULFILLED
1000006745,20250106,2060,1,,1,24000.00,5040.00,1200.00,30240.00,FULFILLED
1000006748,20250106,184,1,,1,27000.00,5670.00,1200.00,33870.00,CANCELLED
1000006750,20250106,2,1,,3,12000.00,2520.00,1500.00,16020.00,FULFILLED
1000006751,20250106,2273,1,,1,15000.00,3150.00,1200.00,19350.00,FULFILLED
1000006753,20250106,2274,1,,3,30000.00,6300.00,1500.00,37800.00,FULFILLED
1000006759,20250106,284,1,,3,54000.00,11340.00,0.00,65340.00,FULFILLED
1000006760,20250106,586,1,,1,27000.00,5670.00,1200.00,33870.00,FULFILLED
1000006761,20250106,1304,1,,2,27000.00,5670.00,1500.00,34170.00,FULFILLED
1000006762,20250106,1143,1,,4,15000.00,3150.00,1800.00,19950.00,FULFILLED
1000006763,20250107,2278,1,,1,45000.00,9450.00,0.00,54450.00,FULFILLED
1000006764,20250107,2277,1,,1,15000.00,3150.00,1200.00,19350.00,FULFILLED
1000006765,20250107,344,1,,2,39000.00,8190.00,1500.00,48690.00,FULFILLED
1000006766,20250107,2279,1,,4,39000.00,8190.00,1800.00,48990.00,FULFILLED
1000006767,20250107,639,1,,1,12000.00,2520.00,1200.00,15720.00,FULFILLED
1000006768,20250107,1606,1,,2,51000.00,10710.00,0.00,61710.00,REFUNDED
1000006770,20250107,1605,1,,4,39000.00,8190.00,1800.00,48990.00,FULFILLED
1000006771,20250107,2280,1,,3,12000.00,2520.00,1500.00,16020.00,FULFILLED
1000006773,20250107,1505,1,,1,15000.00,3150.00,1200.00,19350.00,FULFILLED
1000006776,20250107,2281,1,,2,15000.00,3150.00,1500.00,19650.00,FULFILLED
1000006778,20250107,2282,1,,1,12000.00,2520.00,1200.00,15720.00,FULFILLED
1000006779,20250107,2283,1,,1,15000.00,3150.00,1200.00,19350.00,FULFILLED
1000006780,20250107,2076,1,,1,12000.00,2520.00,1200.00,15720.00,FULFILLED
1000006781,20250107,2182,1,,1,45000.00,9450.00,0.00,54450.00,FULFILLED
1000006782,20250107,1728,1,,1,24000.00,5040.00,1200.00,30240.00,FULFILLED
1000006783,20250107,840,1,,2,30000.00,6300.00,1500.00,37800.00,FULFILLED
1000006784,20250108,249,1,,3,15000.00,3150.00,1500.00,19650.00,FULFILLED
1000006785,20250108,1537,1,,3,12000.00,2520.00,1500.00,16020.00,FULFILLED
1000006789,20250108,2284,1,,3,63000.00,13230.00,0.00,76230.00,FULFILLED
1000006790,20250108,930,1,,1,15000.00,3150.00,1200.00,19350.00,FULFILLED
1000006791,20250108,2285,1,,4,30000.00,6300.00,1800.00,38100.00,FULFILLED
1000006792,20250108,788,1,,4,24000.00,5040.00,1800.00,30840.00,FULFILLED
1000006796,20250108,42,1,,1,12000.00,2520.00,1200.00,15720.00,FULFILLED
1000006798,20250108,618,1,,4,27000.00,5670.00,1800.00,34470.00,FULFILLED
1000006802,20250108,1823,1,,4,15000.00,3150.00,1800.00,19950.00,FULFILLED
1000006803,20250108,398,1,,1,15000.00,3150.00,1200.00,19350.00,FULFILLED
1000006804,20250109,577,1,,2,51000.00,10710.00,0.00,61710.00,FULFILLED
1000006805,20250109,2288,1,,4,15000.00,3150.00,1800.00,19950.00,FULFILLED
1000006806,20250109,1266,1,,3,15000.00,3150.00,1500.00,19650.00,FULFILLED
1000006809,20250109,1238,1,,1,24000.00,5040.00,1200.00,30240.00,FULFILLED
1000006811,20250109,1102,1,,1,15000.00,3150.00,1200.00,19350.00,FULFILLED
1000006812,20250109,254,1,,2,28500.00,5985.00,1500.00,35985.00,FULFILLED
1000006813,20250109,517,1,,4,72000.00,15120.00,0.00,87120.00,FULFILLED
1000006814,20250109,2186,1,,2,45000.00,9450.00,0.00,54450.00,FULFILLED
1000006816,20250109,2005,1,,2,24000.00,5040.00,1500.00,30540.00,FULFILLED
1000006818,20250109,1955,1,,1,30000.00,6300.00,1200.00,37500.00,FULFILLED
1000006819,20250109,44,1,,2,63000.00,13230.00,0.00,76230.00,CANCELLED
1000006820,20250109,853,1,,2,15000.00,3150.00,1500.00,19650.00,FULFILLED
1000006821,20250110,2103,1,,4,24000.00,5040.00,1800.00,30840.00,FULFILLED
1000006822,20250110,1913,1,,3,12000.00,2520.00,1500.00,16020.00,CANCELLED
1000006825,20250110,2289,1,,2,27000.00,5670.00,1500.00,34170.00,FULFILLED
1000006832,20250110,2292,1,,1,178500.00,37485.00,0.00,215985.00,CANCELLED
1000006837,20250110,27,1,,2,15000.00,3150.00,1500.00,19650.00,FULFILLED
1000006838,20250110,2293,1,,1,42000.00,8820.00,1200.00,52020.00,FULFILLED
1000006839,20250110,1971,1,,1,12000.00,2520.00,1200.00,15720.00,FULFILLED
1000006840,20250110,2294,1,,3,27000.00,5670.00,1500.00,34170.00,FULFILLED
1000006841,20250111,2295,1,,1,81600.00,17136.00,0.00,98736.00,FULFILLED
1000006842,20250111,2296,1,,2,12000.00,2520.00,1500.00,16020.00,FULFILLED
1000006843,20250111,1851,1,,4,30000.00,6300.00,1800.00,38100.00,FULFILLED
1000006857,20250111,1859,1,,3,15000.00,3150.00,1500.00,19650.00,FULFILLED
1000006858,20250111,15,1,,1,15000.00,3150.00,1200.00,19350.00,FULFILLED
1000006860,20250111,2300,1,,1,30000.00,6300.00,1200.00,37500.00,FULFILLED
1000006861,20250112,2301,1,,2,57000.00,11970.00,0.00,68970.00,FULFILLED
1000006862,20250112,2079,1,,1,24000.00,5040.00,1200.00,30240.00,FULFILLED
1000006863,20250112,2302,1,,3,30000.00,6300.00,1500.00,37800.00,FULFILLED
1000006864,20250112,308,1,,2,30000.00,6300.00,1500.00,37800.00,FULFILLED
1000006865,20250112,480,1,,3,12000.00,2520.00,1500.00,16020.00,FULFILLED
1000006866,20250112,1350,1,,3,27000.00,5670.00,1500.00,34170.00,FULFILLED
1000006867,20250112,2303,1,,1,12000.00,2520.00,1200.00,15720.00,FULFILLED
1000006868,20250112,1776,1,,3,45000.00,9450.00,0.00,54450.00,FULFILLED
1000006869,20250112,969,1,,2,45000.00,9450.00,0.00,54450.00,FULFILLED
1000006870,20250112,1600,1,,4,60000.00,12600.00,0.00,72600.00,FULFILLED
1000006871,20250112,161,1,,2,12000.00,2520.00,1500.00,16020.00,FULFILLED
1000006872,20250112,2305,1,,3,69000.00,14490.00,0.00,83490.00,FULFILLED
1000006873,20250112,1375,1,,1,28500.00,5985.00,1200.00,35685.00,FULFILLED
1000006874,20250112,545,1,,3,15000.00,3150.00,1500.00,19650.00,FULFILLED
1000006875,20250112,630,1,,4,14250.00,2992.50,1800.00,19042.50,FULFILLED
1000006876,20250113,2019,1,,1,60000.00,12600.00,0.00,72600.00,FULFILLED
1000006877,20250113,65,1,,1,25650.00,5386.50,1200.00,32236.50,CANCELLED
1000006878,20250113,1992,1,,1,30000.00,6300.00,1200.00,37500.00,FULFILLED
1000006879,20250113,2306,1,,1,15000.00,3150.00,1200.00,19350.00,FULFILLED
1000006883,20250113,1526,1,,1,12000.00,2520.00,1200.00,15720.00,FULFILLED
1000006891,20250113,2307,1,,1,15000.00,3150.00,1200.00,19350.00,FULFILLED
1000006894,20250113,705,1,,2,30000.00,6300.00,1500.00,37800.00,FULFILLED
1000006895,20250113,696,1,,3,15000.00,3150.00,1500.00,19650.00,FULFILLED
1000006896,20250113,2059,1,,3,42000.00,8820.00,1500.00,52320.00,FULFILLED
1000006897,20250113,2308,1,,1,30000.00,6300.00,1200.00,37500.00,FULFILLED
1000006898,20250113,1876,1,,1,15000.00,3150.00,1200.00,19350.00,FULFILLED
1000006899,20250114,1915,1,,4,13500.00,2835.00,1800.00,18135.00,FULFILLED
1000006900,20250114,2139,1,,1,12000.00,2520.00,1200.00,15720.00,FULFILLED
1000006901,20250114,438,1,,1,12000.00,2520.00,1200.00,15720.00,FULFILLED
1000006902,20250114,1273,1,,2,40500.00,8505.00,1500.00,50505.00,FULFILLED
1000006903,20250114,889,1,,1,15000.00,3150.00,1200.00,19350.00,FULFILLED
1000006904,20250114,1204,1,,3,51000.00,10710.00,0.00,61710.00,CANCELLED
1000006905,20250114,1654,1,,4,57000.00,11970.00,0.00,68970.00,CANCELLED
1000006906,20250114,593,1,,4,30000.00,6300.00,1800.00,38100.00,FULFILLED
1000006907,20250114,463,1,,3,27000.00,5670.00,1500.00,34170.00,FULFILLED
1000006908,20250114,2310,1,,1,12000.00,2520.00,1200.00,15720.00,FULFILLED
1000006910,20250114,1393,1,,4,48600.00,10206.00,0.00,58806.00,FULFILLED
1000006913,20250114,1135,1,,1,21600.00,4536.00,1200.00,27336.00,FULFILLED
1000006919,20250114,1845,1,,4,60000.00,12600.00,0.00,72600.00,FULFILLED
1000006922,20250114,997,1,,3,36000.00,7560.00,1500.00,45060.00,CANCELLED
1000006923,20250115,2314,1,,3,15000.00,3150.00,1500.00,19650.00,FULFILLED
1000006924,20250115,1847,1,,1,15000.00,3150.00,1200.00,19350.00,FULFILLED
1000006925,20250115,1885,1,,4,24000.00,5040.00,1800.00,30840.00,FULFILLED
1000006928,20250115,2105,1,,1,15000.00,3150.00,1200.00,19350.00,FULFILLED
1000006930,20250115,1109,1,,4,15000.00,3150.00,1800.00,19950.00,CANCELLED
1000006931,20250115,2316,1,,4,15000.00,3150.00,1800.00,19950.00,FULFILLED
1000006932,20250115,1252,1,,1,45000.00,9450.00,0.00,54450.00,CANCELLED
1000006938,20250115,991,1,,1,12000.00,2520.00,1200.00,15720.00,FULFILLED
1000006942,20250115,1824,1,,4,30000.00,6300.00,1800.00,38100.00,FULFILLED
1000006943,20250116,505,1,,1,24000.00,5040.00,1200.00,30240.00,CANCELLED
1000006944,20250116,995,1,,3,27000.00,5670.00,1500.00,34170.00,FULFILLED
1000006948,20250116,1604,1,,2,15000.00,3150.00,1500.00,19650.00,FULFILLED
1000006949,20250116,2320,1,,2,45000.00,9450.00,0.00,54450.00,FULFILLED
1000006950,20250116,1523,1,,2,15000.00,3150.00,1500.00,19650.00,FULFILLED
1000006952,20250116,2321,1,,1,42000.00,8820.00,1200.00,52020.00,CANCELLED
1000006955,20250116,2322,1,,1,12000.00,2520.00,1200.00,15720.00,FULFILLED
1000006957,20250116,1884,1,,1,39000.00,8190.00,1200.00,48390.00,FULFILLED
1000006958,20250116,299,1,,3,12000.00,2520.00,1500.00,16020.00,FULFILLED
1000006959,20250116,60,1,,1,39000.00,8190.00,1200.00,48390.00,FULFILLED
1000006961,20250116,348,1,,3,54000.00,11340.00,0.00,65340.00,FULFILLED
1000006962,20250116,787,1,,1,12000.00,2520.00,1200.00,15720.00,FULFILLED
1000006963,20250116,251,1,,1,39000.00,8190.00,1200.00,48390.00,FULFILLED
1000006964,20250116,1964,1,,4,42000.00,8820.00,1800.00,52620.00,FULFILLED
1000006966,20250116,1449,1,,1,12000.00,2520.00,1200.00,15720.00,REFUNDED
1000006967,20250116,2323,1,,1,15000.00,3150.00,1200.00,19350.00,FULFILLED
1000006968,20250116,2226,1,,1,15000.00,3150.00,1200.00,19350.00,FULFILLED
1000006969,20250116,2324,1,,1,45000.00,9450.00,0.00,54450.00,REFUNDED
1000006970,20250116,708,1,,1,42000.00,8820.00,1200.00,52020.00,FULFILLED
1000006972,20250117,1970,1,,3,15000.00,3150.00,1500.00,19650.00,FULFILLED
1000006973,20250117,1785,1,,3,30000.00,6300.00,1500.00,37800.00,FULFILLED
1000006976,20250117,394,1,,4,65550.00,13765.50,0.00,79315.50,FULFILLED
1000006977,20250117,2325,1,,2,15000.00,3150.00,1500.00,19650.00,FULFILLED
1000006981,20250117,2328,1,,1,12000.00,2520.00,1200.00,15720.00,CANCELLED
1000006982,20250117,2329,1,,3,12000.00,2520.00,1500.00,16020.00,FULFILLED
1000006987,20250117,1907,1,,4,24000.00,5040.00,1800.00,30840.00,CANCELLED
1000006988,20250117,113,1,,1,15000.00,3150.00,1200.00,19350.00,FULFILLED
1000006989,20250117,2038,1,,4,15000.00,3150.00,1800.00,19950.00,FULFILLED
1000006990,20250117,2330,1,,1,36000.00,7560.00,1200.00,44760.00,FULFILLED
1000006992,20250118,2331,1,,3,60000.00,12600.00,0.00,72600.00,FULFILLED
1000006997,20250118,306,1,,1,30000.00,6300.00,1200.00,37500.00,FULFILLED
1000006999,20250118,1674,1,,1,27000.00,5670.00,1200.00,33870.00,FULFILLED
1000007002,20250118,2210,1,,1,15000.00,3150.00,1200.00,19350.00,FULFILLED
1000007008,20250118,2093,1,,1,24000.00,5040.00,1200.00,30240.00,FULFILLED
1000007012,20250118,1570,1,,1,12000.00,2520.00,1200.00,15720.00,FULFILLED
1000007013,20250119,1555,1,,2,30000.00,6300.00,1500.00,37800.00,FULFILLED
1000007014,20250119,74,1,,4,36000.00,7560.00,1800.00,45360.00,FULFILLED
1000007015,20250119,1819,1,,4,39000.00,8190.00,1800.00,48990.00,FULFILLED
1000007016,20250119,1988,1,,4,45000.00,9450.00,0.00,54450.00,FULFILLED
1000007017,20250119,2335,1,,4,27000.00,5670.00,1800.00,34470.00,CANCELLED
1000007018,20250119,2336,1,,4,15000.00,3150.00,1800.00,19950.00,FULFILLED
1000007019,20250119,1866,1,,2,15000.00,3150.00,1500.00,19650.00,FULFILLED
1000007020,20250119,2337,1,,3,45000.00,9450.00,0.00,54450.00,FULFILLED
1000007021,20250120,2338,1,,2,15000.00,3150.00,1500.00,19650.00,CANCELLED
1000007022,20250120,1637,1,,1,15000.00,3150.00,1200.00,19350.00,FULFILLED
1000007023,20250120,2339,1,,2,30000.00,6300.00,1500.00,37800.00,FULFILLED
1000007024,20250120,1414,1,,1,36000.00,7560.00,1200.00,44760.00,FULFILLED
1000007025,20250120,1361,1,,1,12000.00,2520.00,1200.00,15720.00,FULFILLED
1000007026,20250120,2340,1,,2,15000.00,3150.00,1500.00,19650.00,FULFILLED
1000007027,20250120,2020,1,,1,15000.00,3150.00,1200.00,19350.00,FULFILLED
1000007028,20250120,567,1,,1,15000.00,3150.00,1200.00,19350.00,FULFILLED
1000007029,20250120,586,1,,1,24000.00,5040.00,1200.00,30240.00,FULFILLED
1000007030,20250120,1799,1,,2,12000.00,2520.00,1500.00,16020.00,FULFILLED
1000007031,20250120,1351,1,,2,12000.00,2520.00,1500.00,16020.00,FULFILLED
1000007032,20250120,2050,1,,1,66000.00,13860.00,0.00,79860.00,CANCELLED
1000007033,20250120,1272,1,,2,24000.00,5040.00,1500.00,30540.00,CANCELLED
1000007035,20250120,1150,1,,1,30000.00,6300.00,1200.00,37500.00,FULFILLED
1000007036,20250120,2008,1,,3,81000.00,17010.00,0.00,98010.00,FULFILLED
1000007038,20250120,2341,1,,1,60000.00,12600.00,0.00,72600.00,FULFILLED
1000007039,20250120,768,1,,1,14250.00,2992.50,1200.00,18442.50,FULFILLED
1000007041,20250120,2342,1,,3,15000.00,3150.00,1500.00,19650.00,FULFILLED
1000007043,20250120,1834,1,,2,12000.00,2520.00,1500.00,16020.00,FULFILLED
1000007044,20250120,2343,1,,1,27000.00,5670.00,1200.00,33870.00,FULFILLED
1000007045,20250120,1512,1,,2,27000.00,5670.00,1500.00,34170.00,FULFILLED
1000007046,20250121,2344,1,,1,12000.00,2520.00,1200.00,15720.00,FULFILLED
1000007047,20250121,2345,1,,4,24000.00,5040.00,1800.00,30840.00,FULFILLED
1000007054,20250121,2101,1,,3,48000.00,10080.00,0.00,58080.00,FULFILLED
1000007056,20250121,2346,1,,1,54000.00,11340.00,0.00,65340.00,FULFILLED
1000007057,20250121,812,1,,2,15000.00,3150.00,1500.00,19650.00,FULFILLED
1000007059,20250121,703,1,,3,30000.00,6300.00,1500.00,37800.00,FULFILLED
1000007061,20250121,2035,1,,4,15000.00,3150.00,1800.00,19950.00,FULFILLED
1000007062,20250121,652,1,,1,12000.00,2520.00,1200.00,15720.00,FULFILLED
1000007063,20250122,2348,1,,2,12000.00,2520.00,1500.00,16020.00,FULFILLED
1000007064,20250122,2350,1,,1,30000.00,6300.00,1200.00,37500.00,FULFILLED
1000007069,20250122,1182,1,,2,45000.00,9450.00,0.00,54450.00,FULFILLED
1000007070,20250122,1839,1,,4,15000.00,3150.00,1800.00,19950.00,FULFILLED
1000007072,20250122,2352,1,,4,15000.00,3150.00,1800.00,19950.00,FULFILLED
1000007075,20250122,2353,1,,1,45000.00,9450.00,0.00,54450.00,FULFILLED
1000007080,20250122,1668,1,,2,15000.00,3150.00,1500.00,19650.00,FULFILLED
1000007083,20250122,1358,1,,1,24000.00,5040.00,1200.00,30240.00,FULFILLED
1000007084,20250122,2357,1,,2,15000.00,3150.00,1500.00,19650.00,FULFILLED
1000007085,20250122,161,1,,2,15000.00,3150.00,1500.00,19650.00,FULFILLED
1000007086,20250123,1750,1,,3,24000.00,5040.00,1500.00,30540.00,FULFILLED
1000007087,20250123,1815,1,,3,15000.00,3150.00,1500.00,19650.00,CANCELLED
1000007088,20250123,494,1,,1,15000.00,3150.00,1200.00,19350.00,FULFILLED
1000007089,20250123,1476,1,,4,14250.00,2992.50,1800.00,19042.50,CANCELLED
1000007090,20250123,207,1,,1,30000.00,6300.00,1200.00,37500.00,FULFILLED
1000007091,20250123,2057,1,,3,45000.00,9450.00,0.00,54450.00,FULFILLED
1000007092,20250123,1095,1,,1,14250.00,2992.50,1200.00,18442.50,FULFILLED
1000007096,20250123,793,1,,2,51000.00,10710.00,0.00,61710.00,FULFILLED
1000007099,20250123,1007,1,,1,42000.00,8820.00,1200.00,52020.00,FULFILLED
1000007100,20250123,2359,1,,1,45000.00,9450.00,0.00,54450.00,FULFILLED
1000007102,20250123,1320,1,,2,36000.00,7560.00,1500.00,45060.00,FULFILLED
1000007103,20250123,1993,1,,3,54000.00,11340.00,0.00,65340.00,FULFILLED
1000007104,20250123,2054,1,,2,15000.00,3150.00,1500.00,19650.00,FULFILLED
1000007105,20250124,1663,1,,4,24000.00,5040.00,1800.00,30840.00,FULFILLED
1000007106,20250124,633,1,,3,36000.00,7560.00,1500.00,45060.00,FULFILLED
1000007107,20250124,2006,1,,2,30000.00,6300.00,1500.00,37800.00,FULFILLED
1000007108,20250124,1978,1,,1,30000.00,6300.00,1200.00,37500.00,FULFILLED
1000007109,20250124,1371,1,,3,15000.00,3150.00,1500.00,19650.00,FULFILLED
1000007110,20250124,993,1,,3,45000.00,9450.00,0.00,54450.00,FULFILLED
1000007111,20250124,706,1,,1,39000.00,8190.00,1200.00,48390.00,FULFILLED
1000007112,20250124,1369,1,,2,15000.00,3150.00,1500.00,19650.00,CANCELLED
1000007114,20250124,1594,1,,3,15000.00,3150.00,1500.00,19650.00,FULFILLED
1000007122,20250124,2364,1,,3,15000.00,3150.00,1500.00,19650.00,FULFILLED
1000007123,20250124,2154,1,,1,30000.00,6300.00,1200.00,37500.00,FULFILLED
1000007124,20250125,2365,1,,4,11400.00,2394.00,1800.00,15594.00,CANCELLED
1000007128,20250125,2058,1,,2,12000.00,2520.00,1500.00,16020.00,FULFILLED
1000007131,20250125,300,1,,3,12000.00,2520.00,1500.00,16020.00,FULFILLED
1000007133,20250125,617,1,,4,24000.00,5040.00,1800.00,30840.00,FULFILLED
1000007134,20250125,2280,1,,3,15000.00,3150.00,1500.00,19650.00,FULFILLED
1000007141,20250125,840,1,,2,24000.00,5040.00,1500.00,30540.00,REFUNDED
1000007142,20250125,579,1,,1,12000.00,2520.00,1200.00,15720.00,FULFILLED
1000007144,20250125,1923,1,,4,72000.00,15120.00,0.00,87120.00,FULFILLED
1000007145,20250125,1629,1,,3,14250.00,2992.50,1500.00,18742.50,FULFILLED
1000007146,20250125,1485,1,,1,24000.00,5040.00,1200.00,30240.00,FULFILLED
1000007148,20250125,1748,1,,3,15000.00,3150.00,1500.00,19650.00,FULFILLED
1000007149,20250125,1363,1,,3,15000.00,3150.00,1500.00,19650.00,FULFILLED
1000007150,20250125,1583,1,,1,45000.00,9450.00,0.00,54450.00,REFUNDED
1000007151,20250125,1408,1,,2,24000.00,5040.00,1500.00,30540.00,REFUNDED
1000007152,20250125,1110,1,,4,15000.00,3150.00,1800.00,19950.00,FULFILLED
1000007153,20250126,432,1,,4,12000.00,2520.00,1800.00,16320.00,FULFILLED
1000007154,20250126,1451,1,,1,27000.00,5670.00,1200.00,33870.00,FULFILLED
1000007155,20250126,2080,1,,1,15000.00,3150.00,1200.00,19350.00,FULFILLED
1000007156,20250126,979,1,,2,12000.00,2520.00,1500.00,16020.00,REFUNDED
1000007157,20250126,2369,1,,2,45000.00,9450.00,0.00,54450.00,FULFILLED
1000007158,20250126,618,1,,4,12000.00,2520.00,1800.00,16320.00,FULFILLED
1000007159,20250126,1969,1,,1,45000.00,9450.00,0.00,54450.00,FULFILLED
1000007160,20250126,1475,1,,2,15000.00,3150.00,1500.00,19650.00,FULFILLED
1000007161,20250126,2370,1,,1,30000.00,6300.00,1200.00,37500.00,FULFILLED
1000007162,20250126,784,1,,4,12000.00,2520.00,1800.00,16320.00,CANCELLED
1000007163,20250126,1753,1,,3,93000.00,19530.00,0.00,112530.00,FULFILLED
1000007164,20250126,982,1,,3,15000.00,3150.00,1500.00,19650.00,FULFILLED
1000007165,20250126,1823,1,,4,24000.00,5040.00,1800.00,30840.00,FULFILLED
1000007166,20250126,2248,1,,1,14250.00,2992.50,1200.00,18442.50,FULFILLED
1000007167,20250127,2134,1,,2,42000.00,8820.00,1500.00,52320.00,FULFILLED
1000007168,20250127,2148,1,,1,15000.00,3150.00,1200.00,19350.00,FULFILLED
1000007169,20250127,572,1,,3,15000.00,3150.00,1500.00,19650.00,FULFILLED
1000007171,20250127,648,1,,1,45000.00,9450.00,0.00,54450.00,FULFILLED
1000007172,20250127,1053,1,,1,24000.00,5040.00,1200.00,30240.00,FULFILLED
1000007173,20250127,1547,1,,2,15000.00,3150.00,1500.00,19650.00,FULFILLED
1000007176,20250127,1754,1,,1,15000.00,3150.00,1200.00,19350.00,FULFILLED
1000007177,20250127,1813,1,,1,45000.00,9450.00,0.00,54450.00,FULFILLED
1000007179,20250127,2371,1,,1,12000.00,2520.00,1200.00,15720.00,FULFILLED
1000007181,20250127,1020,1,,3,27000.00,5670.00,1500.00,34170.00,FULFILLED
1000007182,20250127,1376,1,,3,30000.00,6300.00,1500.00,37800.00,FULFILLED
1000007183,20250127,2372,1,,2,51000.00,10710.00,0.00,61710.00,FULFILLED
1000007184,20250127,1168,1,,2,12000.00,2520.00,1500.00,16020.00,CANCELLED
1000007185,20250127,1916,1,,1,45000.00,9450.00,0.00,54450.00,FULFILLED
1000007189,20250127,1379,1,,2,36000.00,7560.00,1500.00,45060.00,CANCELLED
1000007190,20250127,1019,1,,2,12000.00,2520.00,1500.00,16020.00,FULFILLED
1000007191,20250128,2374,1,,1,15000.00,3150.00,1200.00,19350.00,FULFILLED
1000007192,20250128,1941,1,,2,24000.00,5040.00,1500.00,30540.00,FULFILLED
1000007194,20250128,2376,1,,4,13500.00,2835.00,1800.00,18135.00,FULFILLED
1000007195,20250128,2081,1,,2,10800.00,2268.00,1500.00,14568.00,FULFILLED
1000007196,20250128,1436,1,,4,54000.00,11340.00,0.00,65340.00,FULFILLED
1000007198,20250128,2113,1,,3,83700.00,17577.00,0.00,101277.00,FULFILLED
1000007200,20250128,72,1,,3,21600.00,4536.00,1500.00,27636.00,FULFILLED
1000007201,20250128,2060,1,,1,12000.00,2520.00,1200.00,15720.00,FULFILLED
1000007204,20250128,1328,1,,2,12000.00,2520.00,1500.00,16020.00,FULFILLED
1000007206,20250128,350,1,,4,30000.00,6300.00,1800.00,38100.00,FULFILLED
1000007207,20250128,1576,1,,2,10800.00,2268.00,1500.00,14568.00,FULFILLED
1000007208,20250128,2378,1,,2,13500.00,2835.00,1500.00,17835.00,FULFILLED
1000007209,20250129,1897,1,,1,24000.00,5040.00,1200.00,30240.00,FULFILLED
1000007210,20250129,629,1,,1,22800.00,4788.00,1200.00,28788.00,FULFILLED
1000007211,20250129,2379,1,,1,15000.00,3150.00,1200.00,19350.00,FULFILLED
1000007212,20250129,2380,1,,1,69000.00,14490.00,0.00,83490.00,FULFILLED
1000007214,20250129,543,1,,2,36000.00,7560.00,1500.00,45060.00,FULFILLED
1000007215,20250129,1980,1,,3,30000.00,6300.00,1500.00,37800.00,FULFILLED
1000007219,20250129,1504,1,,3,30000.00,6300.00,1500.00,37800.00,FULFILLED
1000007220,20250129,2213,1,,1,69000.00,14490.00,0.00,83490.00,FULFILLED
1000007222,20250129,270,1,,1,24000.00,5040.00,1200.00,30240.00,FULFILLED
1000007225,20250129,2062,1,,4,30000.00,6300.00,1800.00,38100.00,FULFILLED
1000007227,20250129,2301,1,,2,15000.00,3150.00,1500.00,19650.00,FULFILLED
1000007230,20250129,42,1,,1,12000.00,2520.00,1200.00,15720.00,FULFILLED
1000007231,20250130,1604,1,,2,30000.00,6300.00,1500.00,37800.00,FULFILLED
1000007232,20250130,1811,1,,1,45000.00,9450.00,0.00,54450.00,FULFILLED
1000007233,20250130,2383,1,,2,24000.00,5040.00,1500.00,30540.00,FULFILLED
1000007238,20250130,1557,1,,2,12000.00,2520.00,1500.00,16020.00,FULFILLED
1000007242,20250130,2385,1,,1,54000.00,11340.00,0.00,65340.00,FULFILLED
1000007245,20250130,2386,1,,1,12000.00,2520.00,1200.00,15720.00,FULFILLED
1000007247,20250130,1768,1,,3,15000.00,3150.00,1500.00,19650.00,FULFILLED
1000007248,20250130,799,1,,1,60000.00,12600.00,0.00,72600.00,FULFILLED
1000007249,20250130,2387,1,,1,30000.00,6300.00,1200.00,37500.00,FULFILLED
1000007250,20250130,2254,1,,1,39000.00,8190.00,1200.00,48390.00,FULFILLED
1000007251,20250130,457,1,,4,30000.00,6300.00,1800.00,38100.00,FULFILLED
1000007255,20250130,1849,1,,1,12000.00,2520.00,1200.00,15720.00,FULFILLED
1000007256,20250130,790,1,,2,30000.00,6300.00,1500.00,37800.00,FULFILLED
1000007257,20250130,185,1,,1,12000.00,2520.00,1200.00,15720.00,FULFILLED
1000007258,20250131,1407,1,,3,15000.00,3150.00,1500.00,19650.00,CANCELLED
1000007261,20250131,1380,1,,1,15000.00,3150.00,1200.00,19350.00,FULFILLED
1000007262,20250131,2234,1,,1,27000.00,5670.00,1200.00,33870.00,FULFILLED
1000007270,20250131,1874,1,,2,12000.00,2520.00,1500.00,16020.00,CANCELLED
1000007271,20250131,425,1,,3,45000.00,9450.00,0.00,54450.00,FULFILLED
1000007273,20250131,2390,1,,1,27000.00,5670.00,1200.00,33870.00,FULFILLED
1000007279,20250131,2163,1,,1,36000.00,7560.00,1200.00,44760.00,CANCELLED
1000007284,20250201,2392,1,,2,15000.00,3150.00,1500.00,19650.00,FULFILLED
1000007286,20250201,2393,1,,2,27000.00,5670.00,1500.00,34170.00,FULFILLED
1000007289,20250201,2394,1,,1,15000.00,3150.00,1200.00,19350.00,FULFILLED
1000007293,20250201,1798,1,,1,57000.00,11970.00,0.00,68970.00,FULFILLED
1000007296,20250201,1711,1,,3,12000.00,2520.00,1500.00,16020.00,FULFILLED
1000007297,20250201,2221,1,,3,30000.00,6300.00,1500.00,37800.00,FULFILLED
1000007298,20250201,1194,1,,3,30000.00,6300.00,1500.00,37800.00,FULFILLED
1000007306,20250201,1352,1,,2,57000.00,11970.00,0.00,68970.00,FULFILLED
1000007307,20250201,112,1,,1,15000.00,3150.00,1200.00,19350.00,FULFILLED
1000007308,20250201,2161,1,,3,66000.00,13860.00,0.00,79860.00,REFUNDED
1000007309,20250201,2299,1,,2,45000.00,9450.00,0.00,54450.00,FULFILLED
1000007310,20250202,2075,1,,4,27000.00,5670.00,1800.00,34470.00,FULFILLED
1000007311,20250202,2004,1,,3,27000.00,5670.00,1500.00,34170.00,FULFILLED
1000007312,20250202,2310,1,,1,15000.00,3150.00,1200.00,19350.00,FULFILLED
1000007313,20250202,1345,1,,1,12000.00,2520.00,1200.00,15720.00,FULFILLED
1000007314,20250202,1437,1,,3,12000.00,2520.00,1500.00,16020.00,FULFILLED
1000007315,20250202,2183,1,,1,15000.00,3150.00,1200.00,19350.00,FULFILLED
1000007316,20250202,2321,1,,1,42000.00,8820.00,1200.00,52020.00,FULFILLED
1000007317,20250202,2399,1,,2,15000.00,3150.00,1500.00,19650.00,FULFILLED
1000007318,20250202,1016,1,,1,24000.00,5040.00,1200.00,30240.00,FULFILLED
1000007319,20250203,2400,1,,1,51300.00,10773.00,0.00,62073.00,FULFILLED
1000007320,20250203,26,1,,1,45000.00,9450.00,0.00,54450.00,FULFILLED
1000007321,20250203,2029,1,,2,27000.00,5670.00,1500.00,34170.00,FULFILLED
1000007324,20250203,2023,1,,3,12000.00,2520.00,1500.00,16020.00,FULFILLED
1000007325,20250203,402,1,,3,12000.00,2520.00,1500.00,16020.00,FULFILLED
1000007327,20250203,2401,1,,1,12000.00,2520.00,1200.00,15720.00,FULFILLED
1000007328,20250203,1812,1,,4,12000.00,2520.00,1800.00,16320.00,FULFILLED
1000007334,20250203,791,1,,1,15000.00,3150.00,1200.00,19350.00,FULFILLED
1000007335,20250203,29,1,,4,36000.00,7560.00,1800.00,45360.00,FULFILLED
1000007336,20250203,869,1,,1,51000.00,10710.00,0.00,61710.00,CANCELLED
1000007337,20250203,1512,1,,2,12000.00,2520.00,1500.00,16020.00,FULFILLED
1000007338,20250203,1502,1,,1,30000.00,6300.00,1200.00,37500.00,FULFILLED
1000007339,20250204,2119,1,,4,66000.00,13860.00,0.00,79860.00,FULFILLED
1000007340,20250204,2065,1,,1,42000.00,8820.00,1200.00,52020.00,CANCELLED
1000007342,20250204,2404,1,,1,15000.00,3150.00,1200.00,19350.00,FULFILLED
1000007344,20250204,2405,1,,4,12000.00,2520.00,1800.00,16320.00,FULFILLED
1000007346,20250204,2103,1,,4,15000.00,3150.00,1800.00,19950.00,FULFILLED
1000007347,20250204,787,1,,1,30000.00,6300.00,1200.00,37500.00,FULFILLED
1000007349,20250204,2068,1,,1,15000.00,3150.00,1200.00,19350.00,FULFILLED
1000007354,20250204,2409,1,,1,15000.00,3150.00,1200.00,19350.00,FULFILLED
1000007357,20250204,1258,1,,1,60000.00,12600.00,0.00,72600.00,FULFILLED
1000007358,20250204,1887,1,,3,30000.00,6300.00,1500.00,37800.00,FULFILLED
1000007359,20250205,1500,1,,2,12000.00,2520.00,1500.00,16020.00,FULFILLED
1000007360,20250205,1647,1,,1,15000.00,3150.00,1200.00,19350.00,CANCELLED
1000007361,20250205,395,1,,1,15000.00,3150.00,1200.00,19350.00,FULFILLED
1000007364,20250205,553,1,,3,66000.00,13860.00,0.00,79860.00,FULFILLED
1000007367,20250205,2005,1,,2,60000.00,12600.00,0.00,72600.00,REFUNDED
1000007368,20250205,342,1,,3,140250.00,29452.50,0.00,169702.50,FULFILLED
1000007370,20250205,2038,1,,4,28500.00,5985.00,1800.00,36285.00,FULFILLED
1000007373,20250205,812,1,,2,15000.00,3150.00,1500.00,19650.00,FULFILLED
1000007374,20250205,671,1,,1,12000.00,2520.00,1200.00,15720.00,CANCELLED
1000007375,20250206,2411,1,,3,15000.00,3150.00,1500.00,19650.00,FULFILLED
1000007376,20250206,1412,1,,1,15000.00,3150.00,1200.00,19350.00,FULFILLED
1000007384,20250206,1707,1,,4,15000.00,3150.00,1800.00,19950.00,FULFILLED
1000007385,20250206,2153,1,,2,15000.00,3150.00,1500.00,19650.00,FULFILLED
1000007387,20250206,1638,1,,4,15000.00,3150.00,1800.00,19950.00,FULFILLED
1000007388,20250206,1285,1,,3,12000.00,2520.00,1500.00,16020.00,CANCELLED
1000007389,20250206,2413,1,,1,12000.00,2520.00,1200.00,15720.00,FULFILLED
1000007392,20250206,2179,1,,3,15000.00,3150.00,1500.00,19650.00,FULFILLED
1000007393,20250206,716,1,,1,15000.00,3150.00,1200.00,19350.00,FULFILLED
1000007398,20250206,1643,1,,1,15000.00,3150.00,1200.00,19350.00,FULFILLED
1000007401,20250206,2344,1,,1,15000.00,3150.00,1200.00,19350.00,FULFILLED
1000007402,20250206,249,1,,3,27000.00,5670.00,1500.00,34170.00,FULFILLED
1000007403,20250206,1967,1,,1,12000.00,2520.00,1200.00,15720.00,FULFILLED
1000007404,20250206,5,1,,1,30000.00,6300.00,1200.00,37500.00,FULFILLED
1000007405,20250207,769,1,,3,36000.00,7560.00,1500.00,45060.00,FULFILLED
1000007406,20250207,74,1,,4,30000.00,6300.00,1800.00,38100.00,FULFILLED
1000007407,20250207,1473,1,,1,24000.00,5040.00,1200.00,30240.00,FULFILLED
1000007408,20250207,788,1,,4,12000.00,2520.00,1800.00,16320.00,CANCELLED
1000007412,20250207,1158,1,,1,45000.00,9450.00,0.00,54450.00,FULFILLED
1000007413,20250207,1017,1,,3,12000.00,2520.00,1500.00,16020.00,FULFILLED
1000007415,20250207,1970,1,,3,60000.00,12600.00,0.00,72600.00,FULFILLED
1000007416,20250207,2416,1,,4,48000.00,10080.00,0.00,58080.00,FULFILLED
1000007419,20250207,2417,1,,1,30000.00,6300.00,1200.00,37500.00,FULFILLED
1000007423,20250207,1506,1,,3,30000.00,6300.00,1500.00,37800.00,FULFILLED
1000007426,20250207,756,1,,2,15000.00,3150.00,1500.00,19650.00,FULFILLED
1000007427,20250207,644,1,,2,63000.00,13230.00,0.00,76230.00,FULFILLED
1000007428,20250207,2420,1,,2,45000.00,9450.00,0.00,54450.00,FULFILLED
1000007429,20250208,2422,1,,4,15000.00,3150.00,1800.00,19950.00,FULFILLED
1000007430,20250208,2421,1,,4,42000.00,8820.00,1800.00,52620.00,FULFILLED
1000007433,20250208,2324,1,,1,63000.00,13230.00,0.00,76230.00,CANCELLED
1000007436,20250208,700,1,,1,24000.00,5040.00,1200.00,30240.00,FULFILLED
1000007437,20250208,2424,1,,1,36000.00,7560.00,1200.00,44760.00,FULFILLED
1000007439,20250208,2425,1,,4,24000.00,5040.00,1800.00,30840.00,REFUNDED
1000007448,20250208,459,1,,3,15000.00,3150.00,1500.00,19650.00,FULFILLED
1000007449,20250208,281,1,,1,27000.00,5670.00,1200.00,33870.00,FULFILLED
1000007450,20250208,417,1,,4,12000.00,2520.00,1800.00,16320.00,FULFILLED
1000007451,20250208,2430,1,,2,12000.00,2520.00,1500.00,16020.00,FULFILLED
1000007452,20250208,2431,1,,4,30000.00,6300.00,1800.00,38100.00,FULFILLED
1000007453,20250209,2150,1,,4,48000.00,10080.00,0.00,58080.00,FULFILLED
1000007454,20250209,1451,1,,1,12000.00,2520.00,1200.00,15720.00,FULFILLED
1000007455,20250209,2376,1,,4,30000.00,6300.00,1800.00,38100.00,FULFILLED
1000007456,20250209,624,1,,1,15000.00,3150.00,1200.00,19350.00,FULFILLED
1000007457,20250209,938,1,,3,91800.00,19278.00,0.00,111078.00,FULFILLED
1000007458,20250209,1174,1,,2,30000.00,6300.00,1500.00,37800.00,FULFILLED
1000007459,20250209,2432,1,,2,15000.00,3150.00,1500.00,19650.00,FULFILLED
1000007460,20250209,1783,1,,3,60000.00,12600.00,0.00,72600.00,FULFILLED
1000007461,20250209,995,1,,3,78000.00,16380.00,0.00,94380.00,FULFILLED
1000007462,20250209,2131,1,,1,30000.00,6300.00,1200.00,37500.00,FULFILLED
1000007463,20250209,1808,1,,2,24000.00,5040.00,1500.00,30540.00,FULFILLED
1000007464,20250209,1398,1,,4,27000.00,5670.00,1800.00,34470.00,FULFILLED
1000007465,20250210,1240,1,,1,39000.00,8190.00,1200.00,48390.00,FULFILLED
1000007466,20250210,2434,1,,1,27000.00,5670.00,1200.00,33870.00,FULFILLED
1000007473,20250210,27,1,,2,48000.00,10080.00,0.00,58080.00,FULFILLED
1000007475,20250210,461,1,,3,12000.00,2520.00,1500.00,16020.00,FULFILLED
1000007476,20250210,946,1,,1,12000.00,2520.00,1200.00,15720.00,FULFILLED
1000007477,20250210,1042,1,,1,30000.00,6300.00,1200.00,37500.00,FULFILLED
1000007480,20250210,2437,1,,3,30000.00,6300.00,1500.00,37800.00,FULFILLED
1000007482,20250210,1517,1,,2,15000.00,3150.00,1500.00,19650.00,FULFILLED
1000007483,20250210,2063,1,,1,12000.00,2520.00,1200.00,15720.00,FULFILLED
1000007484,20250211,1541,1,,3,15000.00,3150.00,1500.00,19650.00,REFUNDED
1000007485,20250211,2438,1,,1,12000.00,2520.00,1200.00,15720.00,FULFILLED
1000007486,20250211,1351,1,,2,48000.00,10080.00,0.00,58080.00,FULFILLED
1000007488,20250211,2141,1,,2,27000.00,5670.00,1500.00,34170.00,FULFILLED
1000007489,20250211,1957,1,,2,10800.00,2268.00,1500.00,14568.00,CANCELLED
1000007491,20250211,1953,1,,2,24000.00,5040.00,1500.00,30540.00,FULFILLED
1000007492,20250211,2439,1,,3,13500.00,2835.00,1500.00,17835.00,FULFILLED
1000007493,20250211,2440,1,,2,21600.00,4536.00,1500.00,27636.00,FULFILLED
1000007494,20250211,1301,1,,4,15000.00,3150.00,1800.00,19950.00,CANCELLED
1000007495,20250211,1732,1,,4,12000.00,2520.00,1800.00,16320.00,FULFILLED
1000007496,20250211,1057,1,,4,15000.00,3150.00,1800.00,19950.00,CANCELLED
1000007503,20250211,2210,1,,1,45000.00,9450.00,0.00,54450.00,FULFILLED
1000007504,20250211,2329,1,,3,12000.00,2520.00,1500.00,16020.00,FULFILLED
1000007506,20250211,2441,1,,1,48000.00,10080.00,0.00,58080.00,FULFILLED
1000007508,20250211,2442,1,,2,27000.00,5670.00,1500.00,34170.00,FULFILLED
1000007509,20250211,1426,1,,1,43200.00,9072.00,1200.00,53472.00,FULFILLED
1000007510,20250211,2443,1,,4,48600.00,10206.00,0.00,58806.00,CANCELLED
1000007511,20250211,1187,1,,1,45000.00,9450.00,0.00,54450.00,FULFILLED
1000007512,20250211,1767,1,,1,30000.00,6300.00,1200.00,37500.00,FULFILLED
1000007513,20250212,173,1,,1,24000.00,5040.00,1200.00,30240.00,FULFILLED
1000007514,20250212,2444,1,,4,12000.00,2520.00,1800.00,16320.00,FULFILLED
1000007515,20250212,2305,1,,3,24000.00,5040.00,1500.00,30540.00,FULFILLED
1000007519,20250212,2203,1,,2,84000.00,17640.00,0.00,101640.00,CANCELLED
1000007525,20250212,2446,1,,1,60000.00,12600.00,0.00,72600.00,FULFILLED
1000007527,20250212,521,1,,4,81000.00,17010.00,0.00,98010.00,FULFILLED
1000007530,20250212,496,1,,1,48000.00,10080.00,0.00,58080.00,FULFILLED
1000007531,20250212,1600,1,,4,42000.00,8820.00,1800.00,52620.00,FULFILLED
1000007532,20250212,728,1,,1,39000.00,8190.00,1200.00,48390.00,FULFILLED
1000007533,20250212,2448,1,,2,15000.00,3150.00,1500.00,19650.00,FULFILLED
1000007534,20250212,1588,1,,1,39000.00,8190.00,1200.00,48390.00,FULFILLED
1000007535,20250212,1423,1,,1,12000.00,2520.00,1200.00,15720.00,FULFILLED
1000007536,20250213,2449,1,,1,42000.00,8820.00,1200.00,52020.00,FULFILLED
1000007538,20250213,2450,1,,1,12000.00,2520.00,1200.00,15720.00,FULFILLED
1000007542,20250213,1839,1,,4,15000.00,3150.00,1800.00,19950.00,FULFILLED
1000007544,20250213,810,1,,3,36000.00,7560.00,1500.00,45060.00,FULFILLED
1000007546,20250213,1391,1,,1,15000.00,3150.00,1200.00,19350.00,FULFILLED
1000007548,20250213,951,1,,1,12000.00,2520.00,1200.00,15720.00,FULFILLED
1000007549,20250213,2269,1,,1,15000.00,3150.00,1200.00,19350.00,REFUNDED
1000007551,20250213,2454,1,,1,30000.00,6300.00,1200.00,37500.00,FULFILLED
1000007552,20250213,1628,1,,1,24000.00,5040.00,1200.00,30240.00,FULFILLED
1000007553,20250213,377,1,,4,57000.00,11970.00,0.00,68970.00,FULFILLED
1000007554,20250213,1117,1,,1,15000.00,3150.00,1200.00,19350.00,FULFILLED
1000007555,20250213,1224,1,,1,12000.00,2520.00,1200.00,15720.00,FULFILLED
1000007556,20250214,2455,1,,1,15000.00,3150.00,1200.00,19350.00,FULFILLED
1000007557,20250214,1919,1,,1,39000.00,8190.00,1200.00,48390.00,FULFILLED
1000007558,20250214,1479,1,,1,12000.00,2520.00,1200.00,15720.00,FULFILLED
1000007559,20250214,2374,1,,1,15000.00,3150.00,1200.00,19350.00,FULFILLED
1000007560,20250214,1135,1,,1,36000.00,7560.00,1200.00,44760.00,CANCELLED
1000007563,20250214,2458,1,,3,15000.00,3150.00,1500.00,19650.00,FULFILLED
1000007564,20250214,2457,1,,1,51000.00,10710.00,0.00,61710.00,FULFILLED
1000007565,20250214,2459,1,,2,36000.00,7560.00,1500.00,45060.00,FULFILLED
1000007567,20250214,2281,1,,2,15000.00,3150.00,1500.00,19650.00,FULFILLED
1000007571,20250214,1239,1,,1,78000.00,16380.00,0.00,94380.00,FULFILLED
1000007572,20250214,1501,1,,3,12000.00,2520.00,1500.00,16020.00,FULFILLED
1000007574,20250214,2461,1,,4,12000.00,2520.00,1800.00,16320.00,FULFILLED
1000007578,20250214,494,1,,1,15000.00,3150.00,1200.00,19350.00,CANCELLED
1000007579,20250214,2462,1,,2,24000.00,5040.00,1500.00,30540.00,FULFILLED
1000007580,20250214,2189,1,,4,191250.00,40162.50,0.00,231412.50,FULFILLED
1000007582,20250214,2463,1,,1,36000.00,7560.00,1200.00,44760.00,FULFILLED
1000007583,20250214,2293,1,,1,30000.00,6300.00,1200.00,37500.00,FULFILLED
1000007584,20250215,2464,1,,3,15000.00,3150.00,1500.00,19650.00,FULFILLED
1000007585,20250215,321,1,,1,24000.00,5040.00,1200.00,30240.00,CANCELLED
1000007591,20250215,1754,1,,1,12000.00,2520.00,1200.00,15720.00,FULFILLED
1000007595,20250215,681,1,,1,30000.00,6300.00,1200.00,37500.00,FULFILLED
1000007601,20250215,1474,1,,1,45000.00,9450.00,0.00,54450.00,CANCELLED
1000007606,20250215,2466,1,,1,24000.00,5040.00,1200.00,30240.00,FULFILLED
1000007610,20250215,1637,1,,1,42000.00,8820.00,1200.00,52020.00,FULFILLED
1000007613,20250215,622,1,,2,15000.00,3150.00,1500.00,19650.00,FULFILLED
1000007614,20250215,967,1,,1,63000.00,13230.00,0.00,76230.00,FULFILLED
1000007615,20250215,1415,1,,1,66000.00,13860.00,0.00,79860.00,FULFILLED
1000007616,20250215,952,1,,1,15000.00,3150.00,1200.00,19350.00,FULFILLED
1000007617,20250215,2469,1,,1,12000.00,2520.00,1200.00,15720.00,FULFILLED
1000007618,20250215,1449,1,,1,30000.00,6300.00,1200.00,37500.00,FULFILLED
1000007619,20250215,1225,1,,4,48000.00,10080.00,0.00,58080.00,FULFILLED
1000007620,20250216,118,1,,2,57000.00,11970.00,0.00,68970.00,FULFILLED
1000007621,20250216,1871,1,,4,12000.00,2520.00,1800.00,16320.00,FULFILLED
1000007622,20250216,1728,1,,1,24000.00,5040.00,1200.00,30240.00,FULFILLED
1000007623,20250216,2246,1,,2,54000.00,11340.00,0.00,65340.00,FULFILLED
1000007624,20250216,2202,1,,4,12000.00,2520.00,1800.00,16320.00,FULFILLED
1000007625,20250216,2049,1,,4,15000.00,3150.00,1800.00,19950.00,FULFILLED
1000007626,20250216,742,1,,1,36000.00,7560.00,1200.00,44760.00,CANCELLED
1000007627,20250216,613,1,,4,24000.00,5040.00,1800.00,30840.00,CANCELLED
1000007628,20250216,2470,1,,1,72000.00,15120.00,0.00,87120.00,FULFILLED
1000007629,20250216,2471,1,,1,12000.00,2520.00,1200.00,15720.00,FULFILLED
1000007630,20250216,1652,1,,3,24000.00,5040.00,1500.00,30540.00,FULFILLED
1000007631,20250216,2472,1,,2,12000.00,2520.00,1500.00,16020.00,FULFILLED
1000007632,20250216,1769,1,,1,15000.00,3150.00,1200.00,19350.00,FULFILLED
1000007633,20250216,2473,1,,2,24000.00,5040.00,1500.00,30540.00,FULFILLED
1000007634,20250216,2474,1,,1,51000.00,10710.00,0.00,61710.00,FULFILLED
1000007635,20250216,420,1,,1,30000.00,6300.00,1200.00,37500.00,REFUNDED
1000007636,20250216,2308,1,,1,12000.00,2520.00,1200.00,15720.00,FULFILLED
1000007637,20250216,2475,1,,1,24000.00,5040.00,1200.00,30240.00,FULFILLED
1000007638,20250216,1946,1,,2,42000.00,8820.00,1500.00,52320.00,CANCELLED
1000007639,20250216,1794,1,,3,11400.00,2394.00,1500.00,15294.00,CANCELLED
1000007640,20250216,1619,1,,1,15000.00,3150.00,1200.00,19350.00,FULFILLED
1000007641,20250217,2476,1,,3,39000.00,8190.00,1500.00,48690.00,FULFILLED
1000007642,20250217,1399,1,,1,60000.00,12600.00,0.00,72600.00,FULFILLED
1000007643,20250217,1370,1,,3,15000.00,3150.00,1500.00,19650.00,FULFILLED
1000007644,20250217,2285,1,,4,12000.00,2520.00,1800.00,16320.00,FULFILLED
1000007646,20250217,2477,1,,4,12000.00,2520.00,1800.00,16320.00,FULFILLED
1000007648,20250217,1045,1,,1,24000.00,5040.00,1200.00,30240.00,FULFILLED
1000007649,20250217,2478,1,,2,15000.00,3150.00,1500.00,19650.00,FULFILLED
1000007651,20250217,2194,1,,1,22800.00,4788.00,1200.00,28788.00,FULFILLED
1000007652,20250217,831,1,,4,39000.00,8190.00,1800.00,48990.00,CANCELLED
1000007654,20250217,1054,1,,1,45000.00,9450.00,0.00,54450.00,FULFILLED
1000007655,20250217,2480,1,,1,24000.00,5040.00,1200.00,30240.00,FULFILLED
1000007656,20250217,1118,1,,1,27000.00,5670.00,1200.00,33870.00,FULFILLED
1000007657,20250217,299,1,,3,27000.00,5670.00,1500.00,34170.00,FULFILLED
1000007658,20250217,2232,1,,2,15000.00,3150.00,1500.00,19650.00,FULFILLED
1000007661,20250217,2482,1,,2,36000.00,7560.00,1500.00,45060.00,FULFILLED
1000007663,20250217,1043,1,,1,15000.00,3150.00,1200.00,19350.00,FULFILLED
1000007664,20250218,1830,1,,1,12000.00,2520.00,1200.00,15720.00,FULFILLED
1000007665,20250218,1872,1,,3,15000.00,3150.00,1500.00,19650.00,FULFILLED
1000007666,20250218,1188,1,,1,54000.00,11340.00,0.00,65340.00,FULFILLED
1000007667,20250218,2213,1,,4,12000.00,2520.00,1800.00,16320.00,FULFILLED
1000007668,20250218,1777,1,,1,24000.00,5040.00,1200.00,30240.00,FULFILLED
1000007670,20250218,2322,1,,1,12000.00,2520.00,1200.00,15720.00,CANCELLED
1000007671,20250218,998,1,,1,15000.00,3150.00,1200.00,19350.00,FULFILLED
1000007673,20250218,2235,1,,2,27000.00,5670.00,1500.00,34170.00,CANCELLED
1000007674,20250218,1554,1,,1,12000.00,2520.00,1200.00,15720.00,FULFILLED
1000007676,20250218,2346,1,,1,22800.00,4788.00,1200.00,28788.00,FULFILLED
1000007677,20250218,1762,1,,2,36000.00,7560.00,1500.00,45060.00,FULFILLED
1000007678,20250218,20,1,,1,15000.00,3150.00,1200.00,19350.00,FULFILLED
1000007679,20250218,2092,1,,2,22800.00,4788.00,1500.00,29088.00,FULFILLED
1000007680,20250218,2394,1,,1,27000.00,5670.00,1200.00,33870.00,FULFILLED
1000007684,20250218,1149,1,,4,48000.00,10080.00,0.00,58080.00,FULFILLED
1000007686,20250218,2146,1,,1,12000.00,2520.00,1200.00,15720.00,FULFILLED
1000007687,20250218,2485,1,,2,15000.00,3150.00,1500.00,19650.00,FULFILLED
1000007691,20250218,1067,1,,4,15000.00,3150.00,1800.00,19950.00,FULFILLED
1000007692,20250218,58,1,,1,60000.00,12600.00,0.00,72600.00,FULFILLED
1000007694,20250218,1837,1,,1,12000.00,2520.00,1200.00,15720.00,FULFILLED
1000007696,20250218,1008,1,,1,15000.00,3150.00,1200.00,19350.00,FULFILLED
1000007697,20250218,1593,1,,2,15000.00,3150.00,1500.00,19650.00,FULFILLED
1000007698,20250218,630,1,,4,24000.00,5040.00,1800.00,30840.00,FULFILLED
1000007699,20250218,1538,1,,2,11400.00,2394.00,1500.00,15294.00,FULFILLED
1000007700,20250219,2128,1,,2,27000.00,5670.00,1500.00,34170.00,FULFILLED
1000007701,20250219,2487,1,,1,39900.00,8379.00,1200.00,49479.00,FULFILLED
1000007703,20250219,2093,1,,1,24000.00,5040.00,1200.00,30240.00,FULFILLED
1000007707,20250219,2488,1,,4,12000.00,2520.00,1800.00,16320.00,FULFILLED
1000007708,20250219,1625,1,,1,48000.00,10080.00,0.00,58080.00,FULFILLED
1000007709,20250219,1451,1,,1,15000.00,3150.00,1200.00,19350.00,FULFILLED
1000007713,20250219,425,1,,3,12000.00,2520.00,1500.00,16020.00,FULFILLED
1000007714,20250219,991,1,,1,12000.00,2520.00,1200.00,15720.00,FULFILLED
1000007716,20250219,1638,1,,4,24000.00,5040.00,1800.00,30840.00,FULFILLED
1000007717,20250219,1970,1,,3,48000.00,10080.00,0.00,58080.00,FULFILLED
1000007718,20250220,1599,1,,1,30000.00,6300.00,1200.00,37500.00,FULFILLED
1000007719,20250220,2490,1,,1,15000.00,3150.00,1200.00,19350.00,FULFILLED
1000007720,20250220,909,1,,2,39000.00,8190.00,1500.00,48690.00,FULFILLED
1000007721,20250220,2019,1,,1,66000.00,13860.00,0.00,79860.00,FULFILLED
1000007726,20250220,1999,1,,1,15000.00,3150.00,1200.00,19350.00,CANCELLED
1000007727,20250220,2031,1,,3,15000.00,3150.00,1500.00,19650.00,FULFILLED
1000007728,20250220,1339,1,,2,36000.00,7560.00,1500.00,45060.00,FULFILLED
1000007730,20250220,2491,1,,1,11400.00,2394.00,1200.00,14994.00,FULFILLED
1000007732,20250220,1727,1,,4,39000.00,8190.00,1800.00,48990.00,FULFILLED
1000007733,20250221,2492,1,,1,15000.00,3150.00,1200.00,19350.00,FULFILLED
1000007735,20250221,2493,1,,2,24000.00,5040.00,1500.00,30540.00,FULFILLED
1000007736,20250221,2494,1,,4,36000.00,7560.00,1800.00,45360.00,CANCELLED
1000007737,20250221,2495,1,,1,36000.00,7560.00,1200.00,44760.00,FULFILLED
1000007742,20250221,116,1,,1,24000.00,5040.00,1200.00,30240.00,FULFILLED
1000007744,20250221,1320,1,,2,24000.00,5040.00,1500.00,30540.00,FULFILLED
1000007748,20250221,2497,1,,2,12000.00,2520.00,1500.00,16020.00,FULFILLED
1000007750,20250221,2498,1,,1,24000.00,5040.00,1200.00,30240.00,FULFILLED
1000007753,20250221,2244,1,,4,15000.00,3150.00,1800.00,19950.00,FULFILLED
1000007755,20250221,1384,1,,1,24000.00,5040.00,1200.00,30240.00,FULFILLED
1000007756,20250221,572,1,,3,12000.00,2520.00,1500.00,16020.00,FULFILLED
1000007757,20250221,2500,1,,1,15000.00,3150.00,1200.00,19350.00,FULFILLED
1000007758,20250221,2501,1,,3,48000.00,10080.00,0.00,58080.00,FULFILLED
1000007759,20250221,2502,1,,2,66000.00,13860.00,0.00,79860.00,FULFILLED
1000007762,20250222,2504,1,,1,12000.00,2520.00,1200.00,15720.00,FULFILLED
1000007763,20250222,2503,1,,1,48000.00,10080.00,0.00,58080.00,FULFILLED
1000007764,20250222,404,1,,1,39000.00,8190.00,1200.00,48390.00,FULFILLED
1000007768,20250222,1847,1,,1,12000.00,2520.00,1200.00,15720.00,FULFILLED
1000007769,20250222,442,1,,2,30000.00,6300.00,1500.00,37800.00,FULFILLED
1000007773,20250222,268,1,,4,12000.00,2520.00,1800.00,16320.00,CANCELLED
1000007774,20250222,73,1,,2,12000.00,2520.00,1500.00,16020.00,FULFILLED
1000007778,20250222,1002,1,,3,15000.00,3150.00,1500.00,19650.00,FULFILLED
1000007782,20250222,1586,1,,1,15000.00,3150.00,1200.00,19350.00,FULFILLED
1000007783,20250222,52,1,,3,36000.00,7560.00,1500.00,45060.00,FULFILLED
1000007788,20250222,1753,1,,3,60000.00,12600.00,0.00,72600.00,FULFILLED
1000007789,20250222,508,1,,2,12000.00,2520.00,1500.00,16020.00,FULFILLED
1000007790,20250222,1576,1,,2,15000.00,3150.00,1500.00,19650.00,FULFILLED
1000007791,20250223,354,1,,3,22800.00,4788.00,1500.00,29088.00,FULFILLED
1000007792,20250223,1716,1,,2,54000.00,11340.00,0.00,65340.00,FULFILLED
1000007793,20250223,1827,1,,3,15000.00,3150.00,1500.00,19650.00,FULFILLED
1000007794,20250223,1254,1,,2,51000.00,10710.00,0.00,61710.00,FULFILLED
1000007795,20250223,1802,1,,4,12000.00,2520.00,1800.00,16320.00,FULFILLED
1000007796,20250223,2301,1,,2,15000.00,3150.00,1500.00,19650.00,FULFILLED
1000007797,20250223,1179,1,,1,12000.00,2520.00,1200.00,15720.00,FULFILLED
1000007798,20250223,2508,1,,4,30000.00,6300.00,1800.00,38100.00,CANCELLED
1000007799,20250223,1887,1,,3,15000.00,3150.00,1500.00,19650.00,FULFILLED
1000007800,20250223,1742,1,,3,30000.00,6300.00,1500.00,37800.00,FULFILLED
1000007801,20250223,2165,1,,3,51000.00,10710.00,0.00,61710.00,FULFILLED
1000007802,20250223,1600,1,,4,27000.00,5670.00,1800.00,34470.00,FULFILLED
1000007803,20250223,2411,1,,3,102000.00,21420.00,0.00,123420.00,FULFILLED
1000007804,20250223,2509,1,,1,42000.00,8820.00,1200.00,52020.00,FULFILLED
1000007805,20250223,1375,1,,1,24000.00,5040.00,1200.00,30240.00,FULFILLED
1000007806,20250223,1667,1,,2,15000.00,3150.00,1500.00,19650.00,FULFILLED
1000007807,20250223,2510,1,,4,24000.00,5040.00,1800.00,30840.00,FULFILLED
1000007808,20250223,969,1,,2,12000.00,2520.00,1500.00,16020.00,FULFILLED
1000007809,20250223,2511,1,,3,12000.00,2520.00,1500.00,16020.00,FULFILLED
1000007810,20250223,1301,1,,4,45000.00,9450.00,0.00,54450.00,CANCELLED
1000007816,20250224,2515,1,,2,27000.00,5670.00,1500.00,34170.00,FULFILLED
1000007817,20250224,335,1,,4,15000.00,3150.00,1800.00,19950.00,FULFILLED
1000007819,20250224,1949,1,,1,12000.00,2520.00,1200.00,15720.00,FULFILLED
1000007820,20250224,18,1,,2,15000.00,3150.00,1500.00,19650.00,FULFILLED
1000007823,20250224,2516,1,,3,36000.00,7560.00,1500.00,45060.00,FULFILLED
1000007824,20250224,2059,1,,3,12000.00,2520.00,1500.00,16020.00,CANCELLED
1000007825,20250224,2018,1,,2,15000.00,3150.00,1500.00,19650.00,FULFILLED
1000007826,20250224,2517,1,,2,36000.00,7560.00,1500.00,45060.00,FULFILLED
1000007827,20250224,2431,1,,4,12000.00,2520.00,1800.00,16320.00,FULFILLED
1000007828,20250224,2300,1,,1,12000.00,2520.00,1200.00,15720.00,FULFILLED
1000007829,20250224,2519,1,,1,12000.00,2520.00,1200.00,15720.00,FULFILLED
1000007830,20250225,905,1,,4,10800.00,2268.00,1800.00,14868.00,FULFILLED
1000007831,20250225,1852,1,,3,10800.00,2268.00,1500.00,14568.00,CANCELLED
1000007832,20250225,184,1,,1,60000.00,12600.00,0.00,72600.00,FULFILLED
1000007833,20250225,213,1,,3,27000.00,5670.00,1500.00,34170.00,FULFILLED
1000007837,20250225,2135,1,,3,63000.00,13230.00,0.00,76230.00,FULFILLED
1000007838,20250225,1561,1,,1,45000.00,9450.00,0.00,54450.00,FULFILLED
1000007839,20250225,2520,1,,1,27000.00,5670.00,1200.00,33870.00,FULFILLED
1000007841,20250225,2218,1,,1,48000.00,10080.00,0.00,58080.00,FULFILLED
1000007845,20250225,2072,1,,1,28500.00,5985.00,1200.00,35685.00,FULFILLED
1000007847,20250225,1513,1,,2,30000.00,6300.00,1500.00,37800.00,FULFILLED
1000007848,20250225,1039,1,,3,42000.00,8820.00,1500.00,52320.00,FULFILLED
1000007851,20250225,1164,1,,3,30000.00,6300.00,1500.00,37800.00,FULFILLED
1000007854,20250225,2337,1,,3,12000.00,2520.00,1500.00,16020.00,FULFILLED
1000007855,20250225,1492,1,,1,12000.00,2520.00,1200.00,15720.00,FULFILLED
1000007856,20250225,2060,1,,1,27000.00,5670.00,1200.00,33870.00,FULFILLED
1000007857,20250225,2102,1,,2,15000.00,3150.00,1500.00,19650.00,FULFILLED
1000007858,20250225,577,1,,2,249900.00,52479.00,0.00,302379.00,FULFILLED
1000007859,20250225,1926,1,,2,30000.00,6300.00,1500.00,37800.00,FULFILLED
1000007860,20250226,1001,1,,3,24000.00,5040.00,1500.00,30540.00,CANCELLED
1000007861,20250226,1984,1,,1,84000.00,17640.00,0.00,101640.00,REFUNDED
1000007862,20250226,2521,1,,2,69000.00,14490.00,0.00,83490.00,FULFILLED
1000007863,20250226,2453,1,,3,36000.00,7560.00,1500.00,45060.00,FULFILLED
1000007864,20250226,489,1,,1,24000.00,5040.00,1200.00,30240.00,FULFILLED
1000007865,20250226,2229,1,,1,15000.00,3150.00,1200.00,19350.00,FULFILLED
1000007866,20250226,2522,1,,2,36000.00,7560.00,1500.00,45060.00,FULFILLED
1000007867,20250226,1813,1,,1,12000.00,2520.00,1200.00,15720.00,FULFILLED
1000007871,20250226,1484,1,,1,27000.00,5670.00,1200.00,33870.00,CANCELLED
1000007872,20250226,1223,1,,1,15000.00,3150.00,1200.00,19350.00,FULFILLED
1000007874,20250226,1257,1,,2,30000.00,6300.00,1500.00,37800.00,CANCELLED
1000007875,20250226,2524,1,,3,60000.00,12600.00,0.00,72600.00,FULFILLED
1000007876,20250226,2525,1,,4,30000.00,6300.00,1800.00,38100.00,FULFILLED
1000007878,20250226,284,1,,3,36000.00,7560.00,1500.00,45060.00,REFUNDED
1000007879,20250226,2526,1,,1,24000.00,5040.00,1200.00,30240.00,FULFILLED
1000007880,20250227,1390,1,,4,30000.00,6300.00,1800.00,38100.00,FULFILLED
1000007881,20250227,2527,1,,3,15000.00,3150.00,1500.00,19650.00,FULFILLED
1000007882,20250227,2528,1,,3,15000.00,3150.00,1500.00,19650.00,FULFILLED
1000007886,20250227,836,1,,2,24000.00,5040.00,1500.00,30540.00,FULFILLED
1000007887,20250227,1672,1,,1,45000.00,9450.00,0.00,54450.00,FULFILLED
1000007888,20250227,799,1,,1,48000.00,10080.00,0.00,58080.00,FULFILLED
1000007892,20250227,1105,1,,2,36000.00,7560.00,1500.00,45060.00,FULFILLED
1000007895,20250227,163,1,,2,48000.00,10080.00,0.00,58080.00,FULFILLED
1000007897,20250227,1624,1,,2,24000.00,5040.00,1500.00,30540.00,FULFILLED
1000007898,20250227,938,1,,3,15000.00,3150.00,1500.00,19650.00,FULFILLED
1000007899,20250227,77,1,,1,30000.00,6300.00,1200.00,37500.00,FULFILLED
1000007900,20250227,1808,1,,2,51000.00,10710.00,0.00,61710.00,FULFILLED
1000007901,20250228,1361,1,,1,36000.00,7560.00,1200.00,44760.00,FULFILLED
1000007904,20250228,2530,1,,3,12000.00,2520.00,1500.00,16020.00,CANCELLED
1000007906,20250228,567,1,,1,12000.00,2520.00,1200.00,15720.00,CANCELLED
1000007908,20250228,2533,1,,3,60000.00,12600.00,0.00,72600.00,FULFILLED
1000007909,20250228,1738,1,,1,24000.00,5040.00,1200.00,30240.00,FULFILLED
1000007910,20250228,2164,1,,3,24000.00,5040.00,1500.00,30540.00,FULFILLED
1000007913,20250228,497,1,,1,36000.00,7560.00,1200.00,44760.00,FULFILLED
1000007914,20250228,1568,1,,2,12000.00,2520.00,1500.00,16020.00,FULFILLED
1000007918,20250228,2535,1,,1,36000.00,7560.00,1200.00,44760.00,FULFILLED
1000007920,20250228,2035,1,,4,24000.00,5040.00,1800.00,30840.00,FULFILLED
1000007922,20250228,1313,1,,2,24000.00,5040.00,1500.00,30540.00,FULFILLED
1000007923,20250228,2537,1,,1,27000.00,5670.00,1200.00,33870.00,FULFILLED
1000007924,20250228,1756,1,,1,12000.00,2520.00,1200.00,15720.00,FULFILLED
1000007926,20250228,1729,1,,2,12000.00,2520.00,1500.00,16020.00,FULFILLED
1000007928,20250228,948,1,,3,36000.00,7560.00,1500.00,45060.00,FULFILLED
1000007929,20250228,1919,1,,1,36000.00,7560.00,1200.00,44760.00,FULFILLED
1000007930,20250228,2147,1,,1,15000.00,3150.00,1200.00,19350.00,CANCELLED
1000007931,20250228,2539,1,,3,54000.00,11340.00,0.00,65340.00,FULFILLED
1000007932,20250228,1892,1,,3,12000.00,2520.00,1500.00,16020.00,FULFILLED
1000007933,20250228,1306,1,,1,15000.00,3150.00,1200.00,19350.00,FULFILLED
1000007934,20250301,1954,1,,1,84000.00,17640.00,0.00,101640.00,CANCELLED
1000007935,20250301,2350,1,,1,24000.00,5040.00,1200.00,30240.00,FULFILLED
1000007936,20250301,2540,1,,1,15000.00,3150.00,1200.00,19350.00,FULFILLED
1000007938,20250301,70,1,,1,12000.00,2520.00,1200.00,15720.00,FULFILLED
1000007947,20250301,1380,1,,1,12000.00,2520.00,1200.00,15720.00,CANCELLED
1000007952,20250301,1165,1,,1,42750.00,8977.50,1200.00,52927.50,FULFILLED
1000007954,20250301,2545,1,,1,27000.00,5670.00,1200.00,33870.00,FULFILLED
1000007956,20250301,2480,1,,1,61200.00,12852.00,0.00,74052.00,FULFILLED
1000007962,20250301,2547,1,,4,12000.00,2520.00,1800.00,16320.00,FULFILLED
1000007967,20250301,2548,1,,4,12000.00,2520.00,1800.00,16320.00,FULFILLED
1000007969,20250301,652,1,,1,12000.00,2520.00,1200.00,15720.00,FULFILLED
1000007970,20250301,1168,1,,2,12000.00,2520.00,1500.00,16020.00,FULFILLED
1000007971,20250301,1516,1,,2,15000.00,3150.00,1500.00,19650.00,FULFILLED
1000007972,20250301,1610,1,,1,12000.00,2520.00,1200.00,15720.00,FULFILLED
1000007973,20250302,2549,1,,1,27000.00,5670.00,1200.00,33870.00,FULFILLED
1000007974,20250302,2437,1,,3,72000.00,15120.00,0.00,87120.00,FULFILLED
1000007975,20250302,2550,1,,2,51000.00,10710.00,0.00,61710.00,FULFILLED
1000007976,20250302,125,1,,3,60000.00,12600.00,0.00,72600.00,FULFILLED
1000007977,20250302,1518,1,,1,12000.00,2520.00,1200.00,15720.00,FULFILLED
1000007978,20250302,2551,1,,4,15000.00,3150.00,1800.00,19950.00,FULFILLED
1000007979,20250302,1538,1,,2,30000.00,6300.00,1500.00,37800.00,FULFILLED
1000007980,20250302,1824,1,,4,12000.00,2520.00,1800.00,16320.00,FULFILLED
1000007981,20250302,1187,1,,1,51000.00,10710.00,0.00,61710.00,FULFILLED
1000007982,20250302,2552,1,,1,24000.00,5040.00,1200.00,30240.00,FULFILLED
1000007983,20250302,2048,1,,2,15000.00,3150.00,1500.00,19650.00,FULFILLED
1000007984,20250302,279,1,,2,12000.00,2520.00,1500.00,16020.00,CANCELLED
1000007985,20250302,2415,1,,4,12000.00,2520.00,1800.00,16320.00,FULFILLED
1000007986,20250302,2553,1,,3,15000.00,3150.00,1500.00,19650.00,FULFILLED
1000007987,20250302,2554,1,,2,48000.00,10080.00,0.00,58080.00,FULFILLED
1000007988,20250302,2051,1,,1,24000.00,5040.00,1200.00,30240.00,REFUNDED
1000007989,20250302,2555,1,,4,36000.00,7560.00,1800.00,45360.00,FULFILLED
1000007990,20250303,2187,1,,3,15000.00,3150.00,1500.00,19650.00,FULFILLED
1000007991,20250303,2182,1,,1,27000.00,5670.00,1200.00,33870.00,FULFILLED
1000007994,20250303,1660,1,,2,15000.00,3150.00,1500.00,19650.00,FULFILLED
1000007995,20250303,1408,1,,2,11400.00,2394.00,1500.00,15294.00,FULFILLED
1000008002,20250303,1323,1,,1,48000.00,10080.00,0.00,58080.00,FULFILLED
1000008004,20250303,2557,1,,3,34200.00,7182.00,1500.00,42882.00,FULFILLED
1000008005,20250303,1878,1,,2,12000.00,2520.00,1500.00,16020.00,FULFILLED
1000008007,20250303,1795,1,,3,12000.00,2520.00,1500.00,16020.00,FULFILLED
1000008008,20250303,526,1,,4,24000.00,5040.00,1800.00,30840.00,FULFILLED
1000008009,20250303,1486,1,,4,12000.00,2520.00,1800.00,16320.00,FULFILLED
1000008010,20250303,2279,1,,4,66000.00,13860.00,0.00,79860.00,FULFILLED
1000008011,20250303,785,1,,1,72000.00,15120.00,0.00,87120.00,FULFILLED
1000008012,20250304,2560,1,,1,12000.00,2520.00,1200.00,15720.00,FULFILLED
1000008013,20250304,2561,1,,1,12000.00,2520.00,1200.00,15720.00,FULFILLED
1000008015,20250304,995,1,,3,48000.00,10080.00,0.00,58080.00,CANCELLED
1000008019,20250304,1030,1,,1,12000.00,2520.00,1200.00,15720.00,REFUNDED
1000008020,20250304,1622,1,,1,30000.00,6300.00,1200.00,37500.00,FULFILLED
1000008021,20250304,2563,1,,4,30000.00,6300.00,1800.00,38100.00,FULFILLED
1000008022,20250304,2378,1,,2,27000.00,5670.00,1500.00,34170.00,FULFILLED
1000008024,20250304,713,1,,1,72000.00,15120.00,0.00,87120.00,FULFILLED
1000008025,20250304,2330,1,,1,24000.00,5040.00,1200.00,30240.00,FULFILLED
1000008026,20250304,2217,1,,3,12000.00,2520.00,1500.00,16020.00,FULFILLED
1000008027,20250304,1708,1,,1,12000.00,2520.00,1200.00,15720.00,FULFILLED
1000008028,20250305,1972,1,,4,12000.00,2520.00,1800.00,16320.00,FULFILLED
1000008029,20250305,2565,1,,3,12000.00,2520.00,1500.00,16020.00,FULFILLED
1000008030,20250305,2390,1,,1,15000.00,3150.00,1200.00,19350.00,CANCELLED
1000008031,20250305,964,1,,3,12000.00,2520.00,1500.00,16020.00,FULFILLED
1000008032,20250305,2105,1,,1,24000.00,5040.00,1200.00,30240.00,FULFILLED
1000008033,20250305,2302,1,,3,39000.00,8190.00,1500.00,48690.00,REFUNDED
1000008034,20250305,1352,1,,2,42000.00,8820.00,1500.00,52320.00,CANCELLED
1000008036,20250305,1096,1,,1,15000.00,3150.00,1200.00,19350.00,FULFILLED
1000008037,20250305,1365,1,,3,24000.00,5040.00,1500.00,30540.00,CANCELLED
1000008040,20250305,1778,1,,1,24000.00,5040.00,1200.00,30240.00,FULFILLED
1000008041,20250305,2568,1,,1,30000.00,6300.00,1200.00,37500.00,FULFILLED
1000008042,20250305,1012,1,,2,27000.00,5670.00,1500.00,34170.00,FULFILLED
1000008049,20250305,2038,1,,4,24000.00,5040.00,1800.00,30840.00,FULFILLED
1000008050,20250305,913,1,,3,27000.00,5670.00,1500.00,34170.00,FULFILLED
1000008051,20250305,1072,1,,1,142800.00,29988.00,0.00,172788.00,FULFILLED
1000008052,20250305,2047,1,,2,36000.00,7560.00,1500.00,45060.00,FULFILLED
1000008053,20250306,2571,1,,3,12000.00,2520.00,1500.00,16020.00,FULFILLED
1000008054,20250306,1637,1,,1,48000.00,10080.00,0.00,58080.00,FULFILLED
1000008055,20250306,1810,1,,3,27000.00,5670.00,1500.00,34170.00,FULFILLED
1000008059,20250306,629,1,,1,12000.00,2520.00,1200.00,15720.00,FULFILLED
1000008063,20250306,2573,1,,1,12000.00,2520.00,1200.00,15720.00,FULFILLED
1000008064,20250306,2572,1,,3,15000.00,3150.00,1500.00,19650.00,FULFILLED
1000008067,20250306,359,1,,2,27000.00,5670.00,1500.00,34170.00,FULFILLED
1000008068,20250306,2069,1,,3,15000.00,3150.00,1500.00,19650.00,FULFILLED
1000008072,20250306,1977,1,,3,15000.00,3150.00,1500.00,19650.00,FULFILLED
1000008073,20250306,2576,1,,1,57000.00,11970.00,0.00,68970.00,FULFILLED
1000008074,20250306,1973,1,,2,12000.00,2520.00,1500.00,16020.00,FULFILLED
1000008075,20250306,1799,1,,2,24000.00,5040.00,1500.00,30540.00,FULFILLED
1000008076,20250306,2577,1,,1,15000.00,3150.00,1200.00,19350.00,FULFILLED
1000008077,20250306,142,1,,1,30000.00,6300.00,1200.00,37500.00,FULFILLED
1000008078,20250306,1422,1,,1,54000.00,11340.00,0.00,65340.00,FULFILLED
1000008079,20250306,287,1,,1,12000.00,2520.00,1200.00,15720.00,FULFILLED
1000008080,20250306,1555,1,,2,24000.00,5040.00,1500.00,30540.00,FULFILLED
1000008081,20250307,2578,1,,4,48000.00,10080.00,0.00,58080.00,FULFILLED
1000008082,20250307,2579,1,,1,12000.00,2520.00,1200.00,15720.00,FULFILLED
1000008083,20250307,1142,1,,4,12000.00,2520.00,1800.00,16320.00,CANCELLED
1000008084,20250307,2580,1,,1,30000.00,6300.00,1200.00,37500.00,FULFILLED
1000008087,20250307,2583,1,,1,27000.00,5670.00,1200.00,33870.00,FULFILLED
1000008088,20250307,630,1,,4,24000.00,5040.00,1800.00,30840.00,FULFILLED
1000008090,20250307,2285,1,,4,12000.00,2520.00,1800.00,16320.00,FULFILLED
1000008095,20250307,1684,1,,1,39000.00,8190.00,1200.00,48390.00,FULFILLED
1000008102,20250307,688,1,,2,15000.00,3150.00,1500.00,19650.00,FULFILLED
1000008103,20250307,543,1,,2,12000.00,2520.00,1500.00,16020.00,FULFILLED
1000008104,20250307,460,1,,1,12000.00,2520.00,1200.00,15720.00,FULFILLED
1000008105,20250307,2587,1,,3,12000.00,2520.00,1500.00,16020.00,FULFILLED
1000008106,20250307,2588,1,,1,39000.00,8190.00,1200.00,48390.00,FULFILLED
1000008107,20250307,2589,1,,3,12000.00,2520.00,1500.00,16020.00,FULFILLED
1000008108,20250307,1526,1,,1,30000.00,6300.00,1200.00,37500.00,FULFILLED
1000008109,20250308,1465,1,,3,12000.00,2520.00,1500.00,16020.00,FULFILLED
1000008111,20250308,742,1,,1,11400.00,2394.00,1200.00,14994.00,FULFILLED
1000008117,20250308,1454,1,,1,12000.00,2520.00,1200.00,15720.00,FULFILLED
1000008126,20250308,2490,1,,1,39000.00,8190.00,1200.00,48390.00,FULFILLED
1000008130,20250308,1717,1,,1,12000.00,2520.00,1200.00,15720.00,FULFILLED
1000008132,20250308,684,1,,1,12000.00,2520.00,1200.00,15720.00,FULFILLED
1000008134,20250308,1903,1,,2,36000.00,7560.00,1500.00,45060.00,FULFILLED
1000008135,20250308,2593,1,,1,12000.00,2520.00,1200.00,15720.00,FULFILLED
1000008136,20250308,2029,1,,2,51000.00,10710.00,0.00,61710.00,FULFILLED
1000008137,20250309,1960,1,,2,39000.00,8190.00,1500.00,48690.00,FULFILLED
1000008138,20250309,2594,1,,4,36000.00,7560.00,1800.00,45360.00,FULFILLED
1000008139,20250309,2595,1,,1,12000.00,2520.00,1200.00,15720.00,FULFILLED
1000008140,20250309,344,1,,2,12000.00,2520.00,1500.00,16020.00,FULFILLED
1000008141,20250309,1859,1,,3,15000.00,3150.00,1500.00,19650.00,FULFILLED
1000008142,20250309,1253,1,,3,15000.00,3150.00,1500.00,19650.00,FULFILLED
1000008143,20250309,123,1,,1,12000.00,2520.00,1200.00,15720.00,FULFILLED
1000008144,20250309,179,1,,3,24000.00,5040.00,1500.00,30540.00,FULFILLED
1000008145,20250309,1633,1,,4,39000.00,8190.00,1800.00,48990.00,FULFILLED
1000008146,20250309,2596,1,,4,15000.00,3150.00,1800.00,19950.00,FULFILLED
1000008147,20250309,2597,1,,4,15000.00,3150.00,1800.00,19950.00,FULFILLED
1000008148,20250309,651,1,,1,12000.00,2520.00,1200.00,15720.00,CANCELLED
1000008149,20250310,2489,1,,1,30000.00,6300.00,1200.00,37500.00,FULFILLED
1000008150,20250310,15,1,,2,24000.00,5040.00,1500.00,30540.00,FULFILLED
1000008152,20250310,2598,1,,3,72000.00,15120.00,0.00,87120.00,FULFILLED
1000008154,20250310,2600,1,,3,57000.00,11970.00,0.00,68970.00,FULFILLED
1000008155,20250310,1980,1,,3,45000.00,9450.00,0.00,54450.00,FULFILLED
1000008159,20250310,2216,1,,2,15000.00,3150.00,1500.00,19650.00,FULFILLED
1000008163,20250310,2602,1,,1,36000.00,7560.00,1200.00,44760.00,CANCELLED
1000008164,20250310,2603,1,,4,24000.00,5040.00,1800.00,30840.00,FULFILLED
1000008165,20250310,1924,1,,1,54000.00,11340.00,0.00,65340.00,FULFILLED
1000008166,20250310,1554,1,,1,12000.00,2520.00,1200.00,15720.00,FULFILLED
1000008167,20250310,703,1,,3,12000.00,2520.00,1500.00,16020.00,FULFILLED
1000008168,20250310,52,1,,3,60000.00,12600.00,0.00,72600.00,FULFILLED
1000008169,20250310,2036,1,,2,12000.00,2520.00,1500.00,16020.00,FULFILLED
1000008170,20250310,2550,1,,2,24000.00,5040.00,1500.00,30540.00,FULFILLED
1000008171,20250310,333,1,,3,60000.00,12600.00,0.00,72600.00,FULFILLED
1000008172,20250311,1016,1,,1,12000.00,2520.00,1200.00,15720.00,FULFILLED
1000008173,20250311,1437,1,,3,15000.00,3150.00,1500.00,19650.00,FULFILLED
1000008174,20250311,1885,1,,4,27000.00,5670.00,1800.00,34470.00,FULFILLED
1000008175,20250311,1823,1,,4,30000.00,6300.00,1800.00,38100.00,FULFILLED
1000008177,20250311,531,1,,4,21600.00,4536.00,1800.00,27936.00,FULFILLED
1000008179,20250311,2204,1,,3,24000.00,5040.00,1500.00,30540.00,FULFILLED
1000008181,20250311,1194,1,,3,39000.00,8190.00,1500.00,48690.00,FULFILLED
1000008183,20250311,496,1,,1,28500.00,5985.00,1200.00,35685.00,FULFILLED
1000008184,20250311,2605,1,,3,15000.00,3150.00,1500.00,19650.00,FULFILLED
1000008185,20250311,632,1,,1,24000.00,5040.00,1200.00,30240.00,FULFILLED
1000008186,20250311,1862,1,,4,13500.00,2835.00,1800.00,18135.00,REFUNDED
1000008187,20250311,2526,1,,1,12000.00,2520.00,1200.00,15720.00,FULFILLED
1000008189,20250311,2306,1,,1,24300.00,5103.00,1200.00,30603.00,FULFILLED
1000008191,20250311,2383,1,,2,13500.00,2835.00,1500.00,17835.00,FULFILLED
1000008199,20250312,560,2,2,2,24000.00,5040.00,0.00,29040.00,FULFILLED
1000008200,20250312,1602,2,2,2,12000.00,2520.00,1500.00,16020.00,FULFILLED
1000008202,20250312,1844,2,4,4,27000.00,5670.00,0.00,32670.00,FULFILLED
1000008204,20250312,232,2,2,2,24000.00,5040.00,0.00,29040.00,FULFILLED
1000008205,20250312,2608,2,1,1,24000.00,5040.00,0.00,29040.00,FULFILLED
1000008209,20250312,2382,2,2,2,12000.00,2520.00,0.00,14520.00,FULFILLED
1000008211,20250312,1888,2,1,1,30000.00,6300.00,0.00,36300.00,FULFILLED
1000008213,20250312,1619,2,1,1,12000.00,2520.00,0.00,14520.00,FULFILLED
1000008221,20250313,462,2,1,1,24000.00,5040.00,0.00,29040.00,FULFILLED
1000008224,20250313,616,2,3,3,24000.00,5040.00,0.00,29040.00,FULFILLED
1000008225,20250313,2531,2,3,3,12000.00,2520.00,0.00,14520.00,FULFILLED
1000008227,20250313,2123,2,2,2,72900.00,15309.00,0.00,88209.00,FULFILLED
1000008229,20250313,799,2,1,1,36000.00,7560.00,0.00,43560.00,FULFILLED
1000008239,20250314,236,2,2,2,24000.00,5040.00,0.00,29040.00,FULFILLED
1000008241,20250314,1858,2,4,4,30000.00,6300.00,0.00,36300.00,FULFILLED
1000008242,20250314,389,2,1,1,12000.00,2520.00,0.00,14520.00,FULFILLED
1000008245,20250314,2616,2,1,1,60000.00,12600.00,0.00,72600.00,FULFILLED
1000008246,20250314,1527,2,1,1,12000.00,2520.00,0.00,14520.00,FULFILLED
1000008247,20250314,2264,2,3,3,24000.00,5040.00,0.00,29040.00,FULFILLED
1000008248,20250314,865,2,1,1,30000.00,6300.00,0.00,36300.00,FULFILLED
1000008249,20250314,2617,2,3,3,45000.00,9450.00,0.00,54450.00,FULFILLED
1000008250,20250314,2536,2,1,1,60000.00,12600.00,0.00,72600.00,FULFILLED
1000008254,20250315,2619,2,2,2,15000.00,3150.00,0.00,18150.00,FULFILLED
1000008255,20250315,1041,2,3,3,15000.00,3150.00,0.00,18150.00,FULFILLED
1000008256,20250315,2620,2,3,3,12000.00,2520.00,0.00,14520.00,FULFILLED
1000008257,20250315,2621,2,2,2,24000.00,5040.00,0.00,29040.00,FULFILLED
1000008258,20250315,2266,2,4,4,57000.00,11970.00,0.00,68970.00,FULFILLED
1000008259,20250315,1944,2,1,1,21600.00,4536.00,0.00,26136.00,FULFILLED
1000008260,20250315,840,2,2,2,15000.00,3150.00,0.00,18150.00,FULFILLED
1000008265,20250315,160,2,1,1,45000.00,9450.00,0.00,54450.00,FULFILLED
1000008266,20250315,600,2,2,2,36000.00,7560.00,0.00,43560.00,FULFILLED
1000008267,20250315,2623,2,1,1,60000.00,12600.00,0.00,72600.00,FULFILLED
1000008268,20250315,2272,2,2,2,57000.00,11970.00,0.00,68970.00,FULFILLED
1000008269,20250315,2527,2,3,3,72000.00,15120.00,0.00,87120.00,FULFILLED
1000008270,20250315,2624,2,2,2,45000.00,9450.00,0.00,54450.00,FULFILLED
1000008272,20250315,1664,2,1,1,24000.00,5040.00,0.00,29040.00,FULFILLED
1000008273,20250315,2625,2,2,2,72000.00,15120.00,0.00,87120.00,FULFILLED
1000008292,20250317,1157,2,4,4,15000.00,3150.00,0.00,18150.00,FULFILLED
1000008298,20250317,475,2,2,2,12000.00,2520.00,0.00,14520.00,FULFILLED
1000008308,20250318,1846,2,1,1,60000.00,12600.00,0.00,72600.00,FULFILLED
1000008310,20250318,1148,2,3,3,12000.00,2520.00,0.00,14520.00,FULFILLED
1000008313,20250318,321,2,1,1,24000.00,5040.00,0.00,29040.00,FULFILLED
1000008314,20250318,1569,2,1,1,24000.00,5040.00,1200.00,30240.00,FULFILLED
1000008316,20250318,2493,2,2,2,54000.00,11340.00,0.00,65340.00,FULFILLED
1000008327,20250319,2642,2,3,3,15000.00,3150.00,0.00,18150.00,FULFILLED
1000008328,20250319,1459,2,3,3,12000.00,2520.00,0.00,14520.00,FULFILLED
1000008330,20250319,2644,2,3,3,12000.00,2520.00,0.00,14520.00,FULFILLED
1000008331,20250319,1151,2,1,1,24000.00,5040.00,0.00,29040.00,FULFILLED
1000008333,20250319,1472,2,4,4,30000.00,6300.00,0.00,36300.00,FULFILLED
1000008334,20250319,492,2,4,4,12000.00,2520.00,1800.00,16320.00,REFUNDED
1000008335,20250319,1112,2,1,1,39000.00,8190.00,0.00,47190.00,FULFILLED
1000008336,20250319,2645,2,1,1,39000.00,8190.00,0.00,47190.00,FULFILLED
1000008337,20250319,2112,2,1,1,37800.00,7938.00,0.00,45738.00,FULFILLED
1000008343,20250320,76,2,2,2,57000.00,11970.00,0.00,68970.00,FULFILLED
1000008344,20250320,2647,2,1,1,30000.00,6300.00,0.00,36300.00,FULFILLED
1000008345,20250320,2042,2,3,3,10800.00,2268.00,0.00,13068.00,FULFILLED
1000008346,20250320,230,2,2,2,36000.00,7560.00,0.00,43560.00,FULFILLED
1000008348,20250320,981,2,2,2,15000.00,3150.00,0.00,18150.00,FULFILLED
1000008350,20250320,2648,2,4,4,12000.00,2520.00,0.00,14520.00,FULFILLED
1000008351,20250320,628,2,3,3,51000.00,10710.00,0.00,61710.00,FULFILLED
1000008352,20250320,2649,2,3,3,30000.00,6300.00,0.00,36300.00,FULFILLED
1000008354,20250320,1291,2,2,2,15000.00,3150.00,0.00,18150.00,FULFILLED
1000008357,20250320,395,2,1,1,30000.00,6300.00,1200.00,37500.00,FULFILLED
1000008364,20250321,808,2,4,4,27000.00,5670.00,0.00,32670.00,FULFILLED
1000008366,20250321,2655,2,4,4,39000.00,8190.00,0.00,47190.00,FULFILLED
1000008367,20250321,1272,2,2,2,15000.00,3150.00,0.00,18150.00,FULFILLED
1000008370,20250321,2656,2,1,1,10800.00,2268.00,0.00,13068.00,FULFILLED
1000008371,20250321,2239,2,1,1,30000.00,6300.00,0.00,36300.00,FULFILLED
1000008372,20250321,1671,2,2,2,12000.00,2520.00,0.00,14520.00,FULFILLED
1000008373,20250321,424,2,4,4,48000.00,10080.00,0.00,58080.00,FULFILLED
1000008374,20250321,1757,2,2,2,10800.00,2268.00,0.00,13068.00,FULFILLED
1000008376,20250321,1697,2,4,4,30000.00,6300.00,0.00,36300.00,REFUNDED
1000008381,20250322,2149,2,3,3,10800.00,2268.00,0.00,13068.00,FULFILLED
1000008386,20250322,2143,2,4,4,39000.00,8190.00,0.00,47190.00,FULFILLED
1000008387,20250322,1584,2,1,1,12000.00,2520.00,1200.00,15720.00,FULFILLED
1000008388,20250322,2265,2,3,3,45000.00,9450.00,0.00,54450.00,FULFILLED
1000008389,20250322,1517,2,2,2,60000.00,12600.00,0.00,72600.00,FULFILLED
1000008391,20250322,2661,2,1,1,12000.00,2520.00,0.00,14520.00,FULFILLED
1000008392,20250322,163,2,2,2,24000.00,5040.00,0.00,29040.00,FULFILLED
1000008393,20250322,660,2,1,1,30000.00,6300.00,0.00,36300.00,FULFILLED
1000008394,20250322,1146,2,4,4,12000.00,2520.00,0.00,14520.00,FULFILLED
1000008396,20250322,1103,2,4,4,45000.00,9450.00,0.00,54450.00,FULFILLED
1000008397,20250322,2418,2,1,1,15000.00,3150.00,0.00,18150.00,FULFILLED
1000008398,20250322,2662,2,3,3,48000.00,10080.00,0.00,58080.00,FULFILLED
1000008400,20250322,330,2,1,1,12000.00,2520.00,0.00,14520.00,FULFILLED
1000008401,20250322,1484,2,1,1,15000.00,3150.00,0.00,18150.00,FULFILLED
1000008403,20250322,2663,2,1,1,10800.00,2268.00,0.00,13068.00,FULFILLED
1000008404,20250322,2163,2,1,1,24000.00,5040.00,0.00,29040.00,FULFILLED
1000008405,20250322,2262,2,2,2,42000.00,8820.00,0.00,50820.00,FULFILLED
1000008407,20250322,1843,2,3,3,12000.00,2520.00,0.00,14520.00,FULFILLED
1000008408,20250322,1895,2,2,2,27000.00,5670.00,0.00,32670.00,FULFILLED
1000008424,20250324,2120,2,3,3,30000.00,6300.00,0.00,36300.00,FULFILLED
1000008425,20250324,1662,2,1,1,15000.00,3150.00,0.00,18150.00,FULFILLED
1000008428,20250324,2671,2,2,2,15000.00,3150.00,0.00,18150.00,FULFILLED
1000008430,20250324,699,2,4,4,27000.00,5670.00,0.00,32670.00,FULFILLED
1000008434,20250324,1334,2,4,4,15000.00,3150.00,0.00,18150.00,FULFILLED
1000008435,20250324,357,2,1,1,45000.00,9450.00,0.00,54450.00,FULFILLED
1000008438,20250324,891,2,2,2,30000.00,6300.00,0.00,36300.00,FULFILLED
1000008442,20250325,2675,2,2,2,36000.00,7560.00,0.00,43560.00,FULFILLED
1000008444,20250325,587,2,4,4,24000.00,5040.00,0.00,29040.00,FULFILLED
1000008445,20250325,1196,2,1,1,24000.00,5040.00,0.00,29040.00,FULFILLED
1000008446,20250325,1635,2,2,2,57000.00,11970.00,0.00,68970.00,FULFILLED
1000008448,20250325,1035,2,2,2,13500.00,2835.00,0.00,16335.00,FULFILLED
1000008454,20250325,1493,2,1,1,30000.00,6300.00,0.00,36300.00,FULFILLED
1000008455,20250325,2677,2,2,2,13500.00,2835.00,0.00,16335.00,FULFILLED
1000008456,20250325,1460,2,2,2,12000.00,2520.00,0.00,14520.00,FULFILLED
1000008464,20250326,1863,2,3,3,12000.00,2520.00,0.00,14520.00,FULFILLED
1000008467,20250326,2017,2,1,1,24000.00,5040.00,0.00,29040.00,FULFILLED
1000008470,20250326,273,2,3,3,13500.00,2835.00,0.00,16335.00,FULFILLED
1000008471,20250326,2166,2,1,1,12000.00,2520.00,0.00,14520.00,REFUNDED
1000008472,20250326,2092,2,2,2,15000.00,3150.00,0.00,18150.00,FULFILLED
1000008480,20250327,1683,2,1,1,24000.00,5040.00,0.00,29040.00,FULFILLED
1000008482,20250327,2015,2,3,3,48000.00,10080.00,0.00,58080.00,FULFILLED
1000008483,20250327,600,2,2,2,24000.00,5040.00,0.00,29040.00,FULFILLED
1000008485,20250327,1927,2,1,1,12000.00,2520.00,0.00,14520.00,FULFILLED
1000008487,20250327,1817,2,4,4,63000.00,13230.00,0.00,76230.00,FULFILLED
1000008490,20250327,2223,2,4,4,42000.00,8820.00,0.00,50820.00,FULFILLED
1000008492,20250327,613,2,4,4,24000.00,5040.00,0.00,29040.00,FULFILLED
1000008495,20250328,1586,2,1,1,15000.00,3150.00,0.00,18150.00,FULFILLED
1000008497,20250328,1776,2,3,3,12000.00,2520.00,0.00,14520.00,FULFILLED
1000008499,20250328,280,2,2,2,12000.00,2520.00,0.00,14520.00,FULFILLED
1000008500,20250328,2312,2,4,4,24000.00,5040.00,0.00,29040.00,FULFILLED
1000008501,20250328,1354,2,3,3,24000.00,5040.00,0.00,29040.00,FULFILLED
1000008504,20250328,866,2,3,3,12000.00,2520.00,0.00,14520.00,FULFILLED
1000008506,20250328,1104,2,1,1,36000.00,7560.00,0.00,43560.00,FULFILLED
1000008508,20250328,1902,2,3,3,15000.00,3150.00,0.00,18150.00,FULFILLED
1000008509,20250328,2489,2,1,1,36000.00,7560.00,0.00,43560.00,FULFILLED
1000008510,20250328,1086,2,4,4,24000.00,5040.00,0.00,29040.00,FULFILLED
1000008513,20250328,2071,2,1,1,12000.00,2520.00,0.00,14520.00,FULFILLED
1000008514,20250328,2685,2,3,3,62100.00,13041.00,0.00,75141.00,FULFILLED
1000008517,20250329,2542,2,1,1,36000.00,7560.00,0.00,43560.00,FULFILLED
1000008518,20250329,1512,2,2,2,45000.00,9450.00,0.00,54450.00,FULFILLED
1000008519,20250329,2271,2,2,2,12000.00,2520.00,0.00,14520.00,FULFILLED
1000008521,20250329,2107,2,2,2,15000.00,3150.00,0.00,18150.00,FULFILLED
1000008524,20250329,1488,2,3,3,39000.00,8190.00,0.00,47190.00,FULFILLED
1000008526,20250329,2283,2,1,1,24300.00,5103.00,0.00,29403.00,FULFILLED
1000008528,20250329,349,2,4,4,15000.00,3150.00,0.00,18150.00,FULFILLED
1000008529,20250329,2688,2,4,4,42000.00,8820.00,0.00,50820.00,FULFILLED
1000008550,20250331,2206,2,1,1,12000.00,2520.00,1200.00,15720.00,FULFILLED
1000008553,20250331,2699,2,3,3,27000.00,5670.00,0.00,32670.00,FULFILLED
1000008554,20250331,2700,2,2,2,48000.00,10080.00,0.00,58080.00,FULFILLED
1000008555,20250331,2701,2,1,1,12000.00,2520.00,0.00,14520.00,FULFILLED
1000008556,20250331,1546,2,1,1,51000.00,10710.00,0.00,61710.00,FULFILLED
1000008557,20250331,2347,2,4,4,24000.00,5040.00,0.00,29040.00,FULFILLED
1000008559,20250331,1015,2,3,3,12000.00,2520.00,0.00,14520.00,FULFILLED
1000008563,20250401,2703,2,1,1,15000.00,3150.00,0.00,18150.00,FULFILLED
1000008572,20250401,2707,2,2,2,15000.00,3150.00,0.00,18150.00,FULFILLED
1000008573,20250401,614,2,3,3,12000.00,2520.00,0.00,14520.00,FULFILLED
1000008574,20250401,2407,2,3,3,48000.00,10080.00,0.00,58080.00,FULFILLED
1000008575,20250401,2708,2,4,4,63000.00,13230.00,0.00,76230.00,FULFILLED
1000008584,20250402,1645,2,2,2,36000.00,7560.00,0.00,43560.00,FULFILLED
1000008585,20250402,2711,2,2,2,15000.00,3150.00,0.00,18150.00,FULFILLED
1000008588,20250402,1468,2,1,1,45000.00,9450.00,0.00,54450.00,FULFILLED
1000008589,20250402,2712,2,2,2,15000.00,3150.00,0.00,18150.00,FULFILLED
1000008592,20250402,2124,2,1,1,24000.00,5040.00,0.00,29040.00,FULFILLED
1000008594,20250402,1930,2,1,1,24000.00,5040.00,0.00,29040.00,FULFILLED
1000008597,20250402,640,2,1,1,39000.00,8190.00,0.00,47190.00,FULFILLED
1000008604,20250403,2608,2,1,1,30000.00,6300.00,1200.00,37500.00,FULFILLED
1000008605,20250403,536,2,3,3,45000.00,9450.00,0.00,54450.00,FULFILLED
1000008606,20250403,374,2,1,1,27000.00,5670.00,0.00,32670.00,FULFILLED
1000008608,20250403,1819,2,4,4,63000.00,13230.00,0.00,76230.00,FULFILLED
1000008609,20250403,1846,2,1,1,81000.00,17010.00,0.00,98010.00,FULFILLED
1000008610,20250403,232,2,2,2,12000.00,2520.00,0.00,14520.00,FULFILLED
1000008611,20250403,1505,2,1,1,57000.00,11970.00,0.00,68970.00,FULFILLED
1000008612,20250403,897,2,2,2,42000.00,8820.00,0.00,50820.00,FULFILLED
1000008613,20250403,258,2,1,1,30000.00,6300.00,0.00,36300.00,FULFILLED
1000008616,20250403,2129,2,1,1,12000.00,2520.00,0.00,14520.00,FULFILLED
1000008617,20250403,1655,2,3,3,10800.00,2268.00,1500.00,14568.00,FULFILLED
1000008621,20250404,1618,2,2,2,45000.00,9450.00,0.00,54450.00,FULFILLED
1000008622,20250404,2026,2,3,3,24000.00,5040.00,0.00,29040.00,FULFILLED
1000008625,20250404,761,2,1,1,12000.00,2520.00,0.00,14520.00,FULFILLED
1000008627,20250404,1676,2,4,4,62100.00,13041.00,0.00,75141.00,FULFILLED
1000008628,20250404,1912,2,3,3,12000.00,2520.00,0.00,14520.00,FULFILLED
1000008629,20250404,1559,2,2,2,12000.00,2520.00,0.00,14520.00,FULFILLED
1000008632,20250404,936,2,4,4,24300.00,5103.00,0.00,29403.00,CANCELLED
1000008633,20250404,1326,2,1,1,36000.00,7560.00,0.00,43560.00,FULFILLED
1000008634,20250404,2396,2,1,1,15000.00,3150.00,0.00,18150.00,FULFILLED
1000008635,20250404,1585,2,3,3,24000.00,5040.00,0.00,29040.00,FULFILLED
1000008641,20250405,2721,2,3,3,30000.00,6300.00,0.00,36300.00,FULFILLED
1000008642,20250405,2256,2,1,1,30000.00,6300.00,1200.00,37500.00,FULFILLED
1000008643,20250405,2722,2,2,2,15000.00,3150.00,1500.00,19650.00,FULFILLED
1000008646,20250405,751,2,3,3,36000.00,7560.00,0.00,43560.00,FULFILLED
1000008648,20250405,1413,2,2,2,153000.00,32130.00,0.00,185130.00,REFUNDED
1000008651,20250405,750,2,1,1,57000.00,11970.00,0.00,68970.00,FULFILLED
1000008675,20250407,2731,2,3,3,27000.00,5670.00,0.00,32670.00,FULFILLED
1000008676,20250407,2732,2,2,2,30000.00,6300.00,0.00,36300.00,FULFILLED
1000008677,20250407,1627,2,2,2,24000.00,5040.00,0.00,29040.00,FULFILLED
1000008678,20250407,2367,2,4,4,13500.00,2835.00,0.00,16335.00,REFUNDED
1000008692,20250408,1513,2,2,2,15000.00,3150.00,0.00,18150.00,FULFILLED
1000008694,20250408,2414,2,1,1,24000.00,5040.00,0.00,29040.00,FULFILLED
1000008695,20250408,1960,2,2,2,39000.00,8190.00,0.00,47190.00,FULFILLED
1000008696,20250408,2736,2,2,2,12000.00,2520.00,0.00,14520.00,FULFILLED
1000008700,20250408,1085,2,3,3,24000.00,5040.00,0.00,29040.00,FULFILLED
1000008702,20250408,1401,2,1,1,57000.00,11970.00,0.00,68970.00,FULFILLED
1000008703,20250408,2740,2,1,1,30000.00,6300.00,0.00,36300.00,FULFILLED
1000008708,20250408,2741,2,2,2,30000.00,6300.00,0.00,36300.00,FULFILLED
1000008711,20250408,1489,2,2,2,24000.00,5040.00,0.00,29040.00,FULFILLED
1000008713,20250408,1497,2,2,2,30000.00,6300.00,0.00,36300.00,FULFILLED
1000008727,20250409,2152,2,4,4,15000.00,3150.00,0.00,18150.00,FULFILLED
1000008732,20250409,430,2,4,4,13500.00,2835.00,0.00,16335.00,FULFILLED
1000008737,20250409,2584,2,2,2,24000.00,5040.00,0.00,29040.00,FULFILLED
1000008744,20250410,2748,2,1,1,12000.00,2520.00,0.00,14520.00,FULFILLED
1000008746,20250410,2749,2,1,1,12000.00,2520.00,0.00,14520.00,FULFILLED
1000008747,20250410,646,2,4,4,12000.00,2520.00,0.00,14520.00,FULFILLED
1000008749,20250410,2091,2,2,2,15000.00,3150.00,0.00,18150.00,FULFILLED
1000008751,20250410,2025,2,1,1,27000.00,5670.00,0.00,32670.00,FULFILLED
1000008767,20250411,1731,2,1,1,48000.00,10080.00,0.00,58080.00,FULFILLED
1000008771,20250411,2513,2,4,4,24000.00,5040.00,0.00,29040.00,FULFILLED
1000008772,20250411,308,2,2,2,24000.00,5040.00,0.00,29040.00,FULFILLED
1000008773,20250411,2363,2,2,2,24000.00,5040.00,0.00,29040.00,FULFILLED
1000008774,20250411,1399,2,1,1,45000.00,9450.00,0.00,54450.00,FULFILLED
1000008775,20250411,2758,2,3,3,36000.00,7560.00,0.00,43560.00,FULFILLED
1000008778,20250411,515,2,3,3,42000.00,8820.00,0.00,50820.00,FULFILLED
1000008792,20250412,1589,2,1,1,30000.00,6300.00,1200.00,37500.00,FULFILLED
1000008795,20250412,2763,2,1,1,24000.00,5040.00,0.00,29040.00,FULFILLED
1000008796,20250412,2355,2,4,4,30000.00,6300.00,0.00,36300.00,FULFILLED
1000008798,20250412,2764,2,4,4,12000.00,2520.00,0.00,14520.00,FULFILLED
1000008799,20250412,2765,2,3,3,12000.00,2520.00,0.00,14520.00,FULFILLED
1000008800,20250412,1484,2,1,1,27000.00,5670.00,0.00,32670.00,FULFILLED
1000008822,20250414,1940,2,2,2,12000.00,2520.00,0.00,14520.00,FULFILLED
1000008823,20250414,2192,2,1,1,96000.00,20160.00,0.00,116160.00,FULFILLED
1000008825,20250414,1942,2,3,3,12000.00,2520.00,0.00,14520.00,FULFILLED
1000008829,20250414,2453,2,3,3,12000.00,2520.00,0.00,14520.00,FULFILLED
1000008831,20250414,441,2,2,2,15000.00,3150.00,0.00,18150.00,FULFILLED
1000008834,20250414,1175,2,1,1,35100.00,7371.00,0.00,42471.00,FULFILLED
1000008835,20250414,2774,2,1,1,24000.00,5040.00,0.00,29040.00,FULFILLED
1000008836,20250414,907,2,3,3,15000.00,3150.00,0.00,18150.00,FULFILLED
1000008838,20250414,2462,2,2,2,40500.00,8505.00,0.00,49005.00,FULFILLED
1000008839,20250414,2775,2,1,1,12000.00,2520.00,0.00,14520.00,FULFILLED
1000008840,20250414,1327,2,4,4,12000.00,2520.00,0.00,14520.00,FULFILLED
1000008841,20250414,1389,2,1,1,12000.00,2520.00,0.00,14520.00,FULFILLED
1000008849,20250415,455,2,2,2,45000.00,9450.00,0.00,54450.00,FULFILLED
1000008850,20250415,2181,2,1,1,12000.00,2520.00,0.00,14520.00,FULFILLED
1000008851,20250415,600,2,2,2,45000.00,9450.00,0.00,54450.00,FULFILLED
1000008852,20250415,2467,2,1,1,12000.00,2520.00,0.00,14520.00,FULFILLED
1000008856,20250415,2778,2,1,1,42000.00,8820.00,0.00,50820.00,FULFILLED
1000008858,20250415,273,2,3,3,27000.00,5670.00,0.00,32670.00,FULFILLED
1000008859,20250415,177,2,3,3,30000.00,6300.00,0.00,36300.00,FULFILLED
1000008869,20250416,2225,2,1,1,12000.00,2520.00,0.00,14520.00,FULFILLED
1000008870,20250416,2160,2,1,1,27000.00,5670.00,0.00,32670.00,FULFILLED
1000008871,20250416,2783,2,1,1,15000.00,3150.00,0.00,18150.00,FULFILLED
1000008873,20250416,1272,2,2,2,42000.00,8820.00,0.00,50820.00,FULFILLED
1000008877,20250416,301,2,1,1,12000.00,2520.00,0.00,14520.00,FULFILLED
1000008878,20250416,1631,2,2,2,27000.00,5670.00,0.00,32670.00,FULFILLED
1000008879,20250416,2700,2,2,2,15000.00,3150.00,0.00,18150.00,FULFILLED
1000008882,20250416,212,2,1,1,30000.00,6300.00,0.00,36300.00,FULFILLED
1000008891,20250417,1584,2,1,1,48000.00,10080.00,0.00,58080.00,FULFILLED
1000008896,20250417,1135,2,1,1,15000.00,3150.00,0.00,18150.00,FULFILLED
1000008905,20250418,93,2,2,2,60000.00,12600.00,0.00,72600.00,FULFILLED
1000008906,20250418,1155,2,2,2,24000.00,5040.00,0.00,29040.00,FULFILLED
1000008907,20250418,1221,2,2,2,27000.00,5670.00,0.00,32670.00,FULFILLED
1000008908,20250418,487,2,2,2,27000.00,5670.00,0.00,32670.00,FULFILLED
1000008915,20250419,1569,2,1,1,30000.00,6300.00,0.00,36300.00,FULFILLED
1000008916,20250419,1467,2,2,2,12000.00,2520.00,0.00,14520.00,FULFILLED
1000008917,20250419,2199,2,3,3,24000.00,5040.00,0.00,29040.00,FULFILLED
1000008920,20250419,2689,2,1,1,45000.00,9450.00,0.00,54450.00,FULFILLED
1000008921,20250419,2472,2,2,2,12000.00,2520.00,0.00,14520.00,FULFILLED
1000008923,20250419,2787,2,3,3,12000.00,2520.00,0.00,14520.00,FULFILLED
1000008925,20250419,474,2,4,4,12000.00,2520.00,0.00,14520.00,FULFILLED
1000008927,20250419,1843,2,3,3,13500.00,2835.00,0.00,16335.00,FULFILLED
1000008928,20250419,2617,2,3,3,12000.00,2520.00,1500.00,16020.00,FULFILLED
1000008929,20250419,679,2,3,3,39000.00,8190.00,0.00,47190.00,FULFILLED
1000008930,20250419,750,2,1,1,10800.00,2268.00,0.00,13068.00,FULFILLED
1000008931,20250419,1884,2,1,1,12000.00,2520.00,0.00,14520.00,FULFILLED
1000008932,20250419,2788,2,4,4,12000.00,2520.00,0.00,14520.00,FULFILLED
1000008934,20250419,1888,2,1,1,30000.00,6300.00,0.00,36300.00,FULFILLED
1000008935,20250419,2624,2,2,2,42000.00,8820.00,0.00,50820.00,FULFILLED
1000008950,20250421,2166,2,1,1,24000.00,5040.00,0.00,29040.00,FULFILLED
1000008951,20250421,1758,2,2,2,15000.00,3150.00,0.00,18150.00,FULFILLED
1000008952,20250421,718,2,1,1,45000.00,9450.00,0.00,54450.00,FULFILLED
1000008953,20250421,2298,2,4,4,30000.00,6300.00,0.00,36300.00,FULFILLED
1000008954,20250421,2315,2,3,3,36000.00,7560.00,0.00,43560.00,FULFILLED
1000008955,20250421,2796,2,2,2,48000.00,10080.00,0.00,58080.00,REFUNDED
1000008956,20250421,1154,2,1,1,42000.00,8820.00,0.00,50820.00,FULFILLED
1000008959,20250421,2152,2,4,4,12000.00,2520.00,0.00,14520.00,FULFILLED
1000008963,20250421,542,2,2,2,12000.00,2520.00,0.00,14520.00,FULFILLED
1000008965,20250421,227,2,3,3,15000.00,3150.00,0.00,18150.00,FULFILLED
1000008967,20250421,617,2,4,4,12000.00,2520.00,0.00,14520.00,FULFILLED
1000008974,20250422,1468,2,1,1,15000.00,3150.00,0.00,18150.00,FULFILLED
1000008976,20250422,1839,2,4,4,15000.00,3150.00,0.00,18150.00,FULFILLED
1000008983,20250422,2551,2,4,4,24000.00,5040.00,0.00,29040.00,CANCELLED
1000008993,20250423,1701,2,4,4,27000.00,5670.00,0.00,32670.00,FULFILLED
1000008994,20250423,1603,2,4,4,24000.00,5040.00,1800.00,30840.00,FULFILLED
1000008995,20250423,291,2,2,2,15000.00,3150.00,0.00,18150.00,FULFILLED
1000008998,20250423,2805,2,2,2,12000.00,2520.00,0.00,14520.00,FULFILLED
1000008999,20250423,2654,2,1,1,51000.00,10710.00,0.00,61710.00,FULFILLED
1000009000,20250423,1739,2,4,4,15000.00,3150.00,0.00,18150.00,FULFILLED
1000009002,20250423,2807,2,3,3,15000.00,3150.00,0.00,18150.00,FULFILLED
1000009004,20250423,395,2,1,1,48000.00,10080.00,0.00,58080.00,FULFILLED
1000009009,20250424,1493,2,1,1,42000.00,8820.00,0.00,50820.00,FULFILLED
1000009012,20250424,2196,2,3,3,12000.00,2520.00,0.00,14520.00,FULFILLED
1000009013,20250424,707,2,2,2,54000.00,11340.00,0.00,65340.00,FULFILLED
1000009015,20250424,714,2,4,4,12000.00,2520.00,0.00,14520.00,REFUNDED
1000009023,20250425,1255,2,4,4,12000.00,2520.00,0.00,14520.00,FULFILLED
1000009029,20250425,2811,2,4,4,12000.00,2520.00,0.00,14520.00,FULFILLED
1000009030,20250425,426,2,1,1,45000.00,9450.00,0.00,54450.00,FULFILLED
1000009034,20250425,2812,2,2,2,12000.00,2520.00,0.00,14520.00,FULFILLED
1000009038,20250426,1596,2,3,3,30000.00,6300.00,0.00,36300.00,FULFILLED
1000009040,20250426,1676,2,4,4,30000.00,6300.00,0.00,36300.00,FULFILLED
1000009041,20250426,1430,2,2,2,30000.00,6300.00,0.00,36300.00,FULFILLED
1000009042,20250426,2816,2,2,2,12000.00,2520.00,0.00,14520.00,FULFILLED
1000009043,20250426,751,2,3,3,24000.00,5040.00,0.00,29040.00,FULFILLED
1000009045,20250426,1585,2,3,3,36000.00,7560.00,0.00,43560.00,FULFILLED
1000009046,20250426,2817,2,2,2,15000.00,3150.00,0.00,18150.00,FULFILLED
1000009047,20250426,2397,2,4,4,36000.00,7560.00,0.00,43560.00,FULFILLED
1000009048,20250426,1540,2,1,1,12000.00,2520.00,0.00,14520.00,FULFILLED
1000009049,20250426,2818,2,1,1,27000.00,5670.00,0.00,32670.00,FULFILLED
1000009052,20250426,2347,2,4,4,66000.00,13860.00,0.00,79860.00,FULFILLED
1000009053,20250426,1130,2,1,1,15000.00,3150.00,0.00,18150.00,FULFILLED
1000009054,20250426,2071,2,1,1,84000.00,17640.00,0.00,101640.00,FULFILLED
1000009055,20250426,2275,2,1,1,12000.00,2520.00,0.00,14520.00,FULFILLED
1000009074,20250428,1156,2,2,2,12000.00,2520.00,0.00,14520.00,FULFILLED
1000009077,20250428,620,2,1,1,42000.00,8820.00,0.00,50820.00,FULFILLED
1000009078,20250428,2638,2,4,4,39000.00,8190.00,0.00,47190.00,FULFILLED
1000009086,20250429,1354,2,3,3,24000.00,5040.00,0.00,29040.00,FULFILLED
1000009087,20250429,2700,2,2,2,15000.00,3150.00,0.00,18150.00,FULFILLED
1000009088,20250429,2142,2,1,1,30000.00,6300.00,0.00,36300.00,FULFILLED
1000009091,20250429,1292,2,4,4,42000.00,8820.00,0.00,50820.00,FULFILLED
1000009092,20250429,2174,2,2,2,45000.00,9450.00,0.00,54450.00,FULFILLED
1000009094,20250429,273,2,3,3,12000.00,2520.00,0.00,14520.00,FULFILLED
1000009098,20250429,614,2,3,3,15000.00,3150.00,0.00,18150.00,FULFILLED
1000009099,20250429,1634,2,2,2,15000.00,3150.00,0.00,18150.00,FULFILLED
1000009100,20250429,2377,2,4,4,12000.00,2520.00,0.00,14520.00,FULFILLED
1000009101,20250429,1901,2,3,3,15000.00,3150.00,0.00,18150.00,FULFILLED
1000009102,20250429,60,2,1,1,30000.00,6300.00,0.00,36300.00,FULFILLED
1000009103,20250429,1253,2,3,3,36000.00,7560.00,0.00,43560.00,FULFILLED
1000009108,20250430,1148,2,3,3,36000.00,7560.00,0.00,43560.00,FULFILLED
1000009109,20250430,2014,2,1,1,24000.00,5040.00,0.00,29040.00,FULFILLED
1000009110,20250430,2828,2,1,1,27000.00,5670.00,0.00,32670.00,FULFILLED
1000009111,20250430,215,2,1,1,24000.00,5040.00,0.00,29040.00,FULFILLED
1000009112,20250430,1970,2,3,3,37800.00,7938.00,0.00,45738.00,FULFILLED
1000009113,20250430,2361,2,2,2,27000.00,5670.00,0.00,32670.00,FULFILLED
1000009114,20250430,1902,2,3,3,36000.00,7560.00,0.00,43560.00,FULFILLED
1000009115,20250430,2465,2,4,4,27000.00,5670.00,0.00,32670.00,FULFILLED
1000009116,20250430,1636,2,3,3,30000.00,6300.00,0.00,36300.00,FULFILLED
1000009118,20250430,2829,2,1,1,12000.00,2520.00,0.00,14520.00,FULFILLED
1000009143,20250502,1104,2,1,1,12000.00,2520.00,0.00,14520.00,FULFILLED
1000009147,20250502,2416,2,4,4,51000.00,10710.00,0.00,61710.00,FULFILLED
1000009148,20250502,2402,2,3,3,36000.00,7560.00,0.00,43560.00,FULFILLED
1000009150,20250502,1532,2,4,4,12000.00,2520.00,0.00,14520.00,FULFILLED
1000009151,20250502,1363,2,3,3,12000.00,2520.00,0.00,14520.00,FULFILLED
1000009153,20250502,1763,2,3,3,15000.00,3150.00,0.00,18150.00,FULFILLED
1000009154,20250502,2529,2,4,4,60000.00,12600.00,0.00,72600.00,FULFILLED
1000009156,20250502,850,2,3,3,60000.00,12600.00,0.00,72600.00,FULFILLED
1000009158,20250503,640,2,1,1,81000.00,17010.00,0.00,98010.00,FULFILLED
1000009160,20250503,1619,2,1,1,27000.00,5670.00,0.00,32670.00,FULFILLED
1000009161,20250503,2834,2,1,1,12000.00,2520.00,0.00,14520.00,FULFILLED
1000009162,20250503,2262,2,2,2,24000.00,5040.00,0.00,29040.00,FULFILLED
1000009164,20250503,2835,2,2,2,27000.00,5670.00,0.00,32670.00,FULFILLED
1000009165,20250503,1484,2,1,1,36000.00,7560.00,0.00,43560.00,FULFILLED
1000009166,20250503,1749,2,2,2,39000.00,8190.00,0.00,47190.00,CANCELLED
1000009167,20250503,964,2,3,3,30000.00,6300.00,0.00,36300.00,FULFILLED
1000009168,20250503,1861,2,1,1,13500.00,2835.00,0.00,16335.00,REFUNDED
1000009169,20250503,2836,2,2,2,30000.00,6300.00,0.00,36300.00,FULFILLED
1000009192,20250505,2567,2,2,2,24000.00,5040.00,0.00,29040.00,FULFILLED
1000009194,20250505,1508,2,3,3,12000.00,2520.00,0.00,14520.00,FULFILLED
1000009195,20250505,2505,2,4,4,24000.00,5040.00,0.00,29040.00,FULFILLED
1000009197,20250505,586,2,1,1,30000.00,6300.00,0.00,36300.00,FULFILLED
1000009200,20250505,2149,2,3,3,48000.00,10080.00,0.00,58080.00,FULFILLED
1000009201,20250505,2318,2,3,3,12000.00,2520.00,0.00,14520.00,FULFILLED
1000009211,20250506,1520,2,4,4,24000.00,5040.00,0.00,29040.00,FULFILLED
1000009213,20250506,1944,2,1,1,15000.00,3150.00,0.00,18150.00,FULFILLED
1000009215,20250506,2601,2,1,1,15000.00,3150.00,0.00,18150.00,FULFILLED
1000009216,20250506,2689,2,1,1,60000.00,12600.00,0.00,72600.00,FULFILLED
1000009219,20250506,2489,2,1,1,57000.00,11970.00,0.00,68970.00,FULFILLED
1000009220,20250506,2015,2,3,3,30000.00,6300.00,0.00,36300.00,FULFILLED
1000009221,20250506,2071,2,1,1,36000.00,7560.00,0.00,43560.00,FULFILLED
1000009224,20250506,440,2,4,4,45000.00,9450.00,0.00,54450.00,FULFILLED
1000009227,20250506,1245,2,2,2,66000.00,13860.00,0.00,79860.00,FULFILLED
1000009228,20250506,2265,2,3,3,24000.00,5040.00,0.00,29040.00,FULFILLED
1000009230,20250506,177,2,3,3,24000.00,5040.00,0.00,29040.00,FULFILLED
1000009240,20250507,2333,2,2,2,60000.00,12600.00,0.00,72600.00,FULFILLED
1000009241,20250507,1904,2,2,2,12000.00,2520.00,0.00,14520.00,FULFILLED
1000009244,20250507,2166,2,1,1,36000.00,7560.00,0.00,43560.00,FULFILLED
1000009252,20250508,2384,2,3,3,69000.00,14490.00,0.00,83490.00,FULFILLED
1000009253,20250508,2599,2,4,4,12000.00,2520.00,0.00,14520.00,FULFILLED
1000009254,20250508,1382,2,2,2,12000.00,2520.00,0.00,14520.00,FULFILLED
1000009257,20250508,246,2,2,2,15000.00,3150.00,0.00,18150.00,FULFILLED
1000009260,20250508,865,2,1,1,12000.00,2520.00,0.00,14520.00,FULFILLED
1000009262,20250508,2721,2,3,3,39000.00,8190.00,0.00,47190.00,FULFILLED
1000009263,20250508,1929,2,1,1,48000.00,10080.00,0.00,58080.00,FULFILLED
1000009270,20250509,2852,2,2,2,12000.00,2520.00,0.00,14520.00,FULFILLED
1000009271,20250509,1787,2,2,2,51000.00,10710.00,0.00,61710.00,FULFILLED
1000009272,20250509,2362,2,1,1,12000.00,2520.00,0.00,14520.00,FULFILLED
1000009273,20250509,1376,2,3,3,24000.00,5040.00,0.00,29040.00,FULFILLED
1000009275,20250509,2854,2,1,1,12000.00,2520.00,0.00,14520.00,FULFILLED
1000009276,20250509,2436,2,3,3,51000.00,10710.00,0.00,61710.00,FULFILLED
1000009279,20250509,330,2,1,1,12000.00,2520.00,0.00,14520.00,FULFILLED
1000009282,20250509,402,2,3,3,27000.00,5670.00,0.00,32670.00,FULFILLED
1000009283,20250509,2332,2,1,1,36000.00,7560.00,0.00,43560.00,FULFILLED
1000009286,20250509,2857,2,1,1,27000.00,5670.00,0.00,32670.00,FULFILLED
1000009287,20250509,2656,2,1,1,15000.00,3150.00,0.00,18150.00,FULFILLED
1000009292,20250510,2859,2,1,1,72000.00,15120.00,0.00,87120.00,FULFILLED
1000009293,20250510,613,2,4,4,10800.00,2268.00,0.00,13068.00,FULFILLED
1000009294,20250510,1151,2,1,1,24000.00,5040.00,0.00,29040.00,FULFILLED
1000009295,20250510,2038,2,4,4,30000.00,6300.00,0.00,36300.00,FULFILLED
1000009296,20250510,2861,2,3,3,63000.00,13230.00,0.00,76230.00,REFUNDED
1000009298,20250510,1655,2,3,3,15000.00,3150.00,0.00,18150.00,FULFILLED
1000009299,20250510,1976,2,2,2,48000.00,10080.00,0.00,58080.00,FULFILLED
1000009301,20250510,1831,2,3,3,36000.00,7560.00,0.00,43560.00,FULFILLED
1000009305,20250510,475,2,2,2,12000.00,2520.00,0.00,14520.00,FULFILLED
1000009306,20250510,2701,2,1,1,13500.00,2835.00,0.00,16335.00,FULFILLED
1000009307,20250510,591,2,4,4,24000.00,5040.00,0.00,29040.00,FULFILLED
1000009308,20250510,1456,2,2,2,12000.00,2520.00,0.00,14520.00,FULFILLED
1000009309,20250510,2863,2,3,3,15000.00,3150.00,0.00,18150.00,REFUNDED
1000009310,20250510,2039,2,2,2,12000.00,2520.00,0.00,14520.00,FULFILLED
1000009311,20250510,2091,2,2,2,36000.00,7560.00,0.00,43560.00,REFUNDED
1000009312,20250510,628,2,3,3,24000.00,5040.00,0.00,29040.00,FULFILLED
1000009337,20250512,2872,2,1,1,13500.00,2835.00,0.00,16335.00,FULFILLED
1000009340,20250512,722,2,3,3,30000.00,6300.00,0.00,36300.00,FULFILLED
1000009343,20250512,2874,2,4,4,15000.00,3150.00,1800.00,19950.00,FULFILLED
1000009346,20250512,535,2,4,4,27000.00,5670.00,0.00,32670.00,FULFILLED
1000009359,20250512,2878,2,1,1,40500.00,8505.00,0.00,49005.00,CANCELLED
1000009361,20250512,2178,2,3,3,39000.00,8190.00,0.00,47190.00,FULFILLED
1000009362,20250512,1230,2,2,2,13500.00,2835.00,0.00,16335.00,FULFILLED
1000009393,20250513,2546,2,3,3,21600.00,4536.00,0.00,26136.00,FULFILLED
1000009396,20250513,1489,2,2,2,12000.00,2520.00,0.00,14520.00,FULFILLED
1000009398,20250513,2889,2,2,2,13500.00,2835.00,0.00,16335.00,CANCELLED
1000009399,20250513,2890,2,1,1,13500.00,2835.00,0.00,16335.00,FULFILLED
1000009401,20250513,1044,2,3,3,39000.00,8190.00,0.00,47190.00,FULFILLED
1000009440,20250514,2703,2,1,1,60000.00,12600.00,0.00,72600.00,FULFILLED
1000009442,20250514,2903,2,1,1,12000.00,2520.00,0.00,14520.00,FULFILLED
1000009448,20250514,2905,2,1,1,10800.00,2268.00,0.00,13068.00,FULFILLED
1000009449,20250514,477,2,3,3,24000.00,5040.00,0.00,29040.00,FULFILLED
1000009451,20250514,2412,2,4,4,27000.00,5670.00,0.00,32670.00,FULFILLED
1000009463,20250514,2406,2,1,1,35100.00,7371.00,1200.00,43671.00,FULFILLED
1000009468,20250514,2507,2,3,3,84000.00,17640.00,0.00,101640.00,FULFILLED
1000009478,20250514,2447,2,1,1,12000.00,2520.00,0.00,14520.00,FULFILLED
1000009489,20250515,1818,2,3,3,24000.00,5040.00,0.00,29040.00,FULFILLED
1000009491,20250515,1311,2,3,3,15000.00,3150.00,0.00,18150.00,FULFILLED
1000009492,20250515,2592,2,1,1,15000.00,3150.00,0.00,18150.00,FULFILLED
1000009493,20250515,2732,2,2,2,48000.00,10080.00,0.00,58080.00,FULFILLED
1000009494,20250515,2663,2,1,1,30000.00,6300.00,0.00,36300.00,FULFILLED
1000009497,20250515,2817,2,2,2,12000.00,2520.00,0.00,14520.00,CANCELLED
1000009498,20250515,1157,2,4,4,39000.00,8190.00,0.00,47190.00,FULFILLED
1000009501,20250515,2506,2,2,2,15000.00,3150.00,0.00,18150.00,FULFILLED
1000009502,20250515,2913,2,3,3,10800.00,2268.00,0.00,13068.00,FULFILLED
1000009509,20250516,2914,2,3,3,15000.00,3150.00,0.00,18150.00,FULFILLED
1000009511,20250516,2915,2,2,2,15000.00,3150.00,0.00,18150.00,FULFILLED
1000009512,20250516,2916,2,4,4,60000.00,12600.00,0.00,72600.00,FULFILLED
1000009513,20250516,1091,2,1,1,12000.00,2520.00,0.00,14520.00,FULFILLED
1000009514,20250516,2917,2,3,3,36000.00,7560.00,0.00,43560.00,FULFILLED
1000009515,20250516,2918,2,4,4,24000.00,5040.00,0.00,29040.00,FULFILLED
1000009516,20250516,2000,2,4,4,69000.00,14490.00,0.00,83490.00,FULFILLED
1000009517,20250516,2919,2,3,3,12000.00,2520.00,0.00,14520.00,FULFILLED
1000009518,20250516,1838,2,3,3,24000.00,5040.00,0.00,29040.00,FULFILLED
1000009519,20250516,2243,2,4,4,12000.00,2520.00,0.00,14520.00,FULFILLED
1000009522,20250516,1326,2,1,1,12000.00,2520.00,0.00,14520.00,FULFILLED
1000009531,20250517,1261,2,2,2,60000.00,12600.00,0.00,72600.00,FULFILLED
1000009532,20250517,2214,2,4,4,27000.00,5670.00,0.00,32670.00,FULFILLED
1000009533,20250517,1884,2,1,1,15000.00,3150.00,0.00,18150.00,FULFILLED
1000009535,20250517,2921,2,2,2,36000.00,7560.00,0.00,43560.00,FULFILLED
1000009536,20250517,1268,2,3,3,45000.00,9450.00,0.00,54450.00,FULFILLED
1000009537,20250517,1583,2,1,1,27000.00,5670.00,0.00,32670.00,FULFILLED
1000009538,20250517,1318,2,2,2,15000.00,3150.00,0.00,18150.00,FULFILLED
1000009539,20250517,2144,2,2,2,45000.00,9450.00,0.00,54450.00,FULFILLED
1000009540,20250517,1307,2,1,1,12000.00,2520.00,0.00,14520.00,FULFILLED
1000009541,20250517,2453,2,3,3,35100.00,7371.00,0.00,42471.00,FULFILLED
1000009542,20250517,1863,2,3,3,15000.00,3150.00,0.00,18150.00,FULFILLED
1000009543,20250517,1586,2,1,1,12000.00,2520.00,1200.00,15720.00,FULFILLED
1000009546,20250517,2163,2,1,1,24000.00,5040.00,0.00,29040.00,FULFILLED
1000009547,20250517,1458,2,3,3,69000.00,14490.00,0.00,83490.00,FULFILLED
1000009549,20250517,1432,2,4,4,36000.00,7560.00,0.00,43560.00,FULFILLED
1000009568,20250519,2266,2,4,4,12000.00,2520.00,1800.00,16320.00,FULFILLED
1000009570,20250519,2311,2,1,1,30000.00,6300.00,0.00,36300.00,FULFILLED
1000009572,20250519,987,2,2,2,60000.00,12600.00,0.00,72600.00,FULFILLED
1000009577,20250520,1089,2,1,1,12000.00,2520.00,1200.00,15720.00,FULFILLED
1000009580,20250520,1585,2,3,3,27000.00,5670.00,0.00,32670.00,FULFILLED
1000009583,20250520,1563,2,1,1,27000.00,5670.00,0.00,32670.00,FULFILLED
1000009584,20250520,1711,2,3,3,10800.00,2268.00,0.00,13068.00,FULFILLED
1000009586,20250520,1958,2,1,1,21600.00,4536.00,0.00,26136.00,FULFILLED
1000009590,20250520,2750,2,3,3,30000.00,6300.00,0.00,36300.00,FULFILLED
1000009594,20250521,1078,2,1,1,27000.00,5670.00,0.00,32670.00,FULFILLED
1000009596,20250521,2448,2,2,2,30000.00,6300.00,0.00,36300.00,FULFILLED
1000009597,20250521,2382,2,2,2,10800.00,2268.00,0.00,13068.00,FULFILLED
1000009598,20250521,2168,2,1,1,15000.00,3150.00,0.00,18150.00,FULFILLED
1000009599,20250521,2934,2,2,2,24000.00,5040.00,0.00,29040.00,FULFILLED
1000009603,20250521,2590,2,4,4,72000.00,15120.00,0.00,87120.00,FULFILLED
1000009605,20250521,1607,2,3,3,36000.00,7560.00,0.00,43560.00,FULFILLED
1000009613,20250522,2940,2,4,4,24000.00,5040.00,0.00,29040.00,FULFILLED
1000009614,20250522,2496,2,3,3,57000.00,11970.00,0.00,68970.00,FULFILLED
1000009615,20250522,1176,2,2,2,12000.00,2520.00,0.00,14520.00,FULFILLED
1000009616,20250522,2941,2,4,4,15000.00,3150.00,0.00,18150.00,FULFILLED
1000009621,20250522,2363,2,2,2,45000.00,9450.00,0.00,54450.00,FULFILLED
1000009623,20250522,925,2,2,2,15000.00,3150.00,1500.00,19650.00,FULFILLED
1000009624,20250522,588,2,2,2,45000.00,9450.00,0.00,54450.00,FULFILLED
1000009625,20250522,1505,2,1,1,15000.00,3150.00,0.00,18150.00,FULFILLED
1000009626,20250522,949,2,3,3,36000.00,7560.00,0.00,43560.00,FULFILLED
1000009632,20250523,2174,2,2,2,45000.00,9450.00,0.00,54450.00,FULFILLED
1000009634,20250523,2945,2,1,1,27000.00,5670.00,0.00,32670.00,FULFILLED
1000009635,20250523,1930,2,1,1,30000.00,6300.00,0.00,36300.00,FULFILLED
1000009639,20250523,2946,2,2,2,27000.00,5670.00,1500.00,34170.00,FULFILLED
1000009644,20250524,555,2,2,2,15000.00,3150.00,0.00,18150.00,FULFILLED
1000009645,20250524,2410,2,3,3,13500.00,2835.00,0.00,16335.00,FULFILLED
1000009646,20250524,2947,2,4,4,12000.00,2520.00,0.00,14520.00,FULFILLED
1000009648,20250524,2835,2,2,2,72000.00,15120.00,0.00,87120.00,FULFILLED
1000009649,20250524,2948,2,2,2,15000.00,3150.00,0.00,18150.00,FULFILLED
1000009650,20250524,308,2,2,2,35100.00,7371.00,0.00,42471.00,FULFILLED
1000009651,20250524,1151,2,1,1,12000.00,2520.00,0.00,14520.00,FULFILLED
1000009652,20250524,927,2,3,3,132600.00,27846.00,0.00,160446.00,FULFILLED
1000009654,20250524,2951,2,2,2,30000.00,6300.00,0.00,36300.00,FULFILLED
1000009655,20250524,2952,2,3,3,54000.00,11340.00,0.00,65340.00,FULFILLED
1000009656,20250524,1843,2,3,3,48000.00,10080.00,0.00,58080.00,FULFILLED
1000009657,20250524,2541,2,4,4,66000.00,13860.00,0.00,79860.00,FULFILLED
1000009674,20250526,2956,2,2,2,12000.00,2520.00,0.00,14520.00,FULFILLED
1000009675,20250526,560,2,2,2,30000.00,6300.00,0.00,36300.00,FULFILLED
1000009678,20250526,2957,2,2,2,24000.00,5040.00,0.00,29040.00,FULFILLED
1000009679,20250526,2958,2,3,3,13500.00,2835.00,0.00,16335.00,FULFILLED
1000009680,20250526,2711,2,2,2,15000.00,3150.00,0.00,18150.00,FULFILLED
1000009682,20250526,2959,2,3,3,15000.00,3150.00,0.00,18150.00,FULFILLED
1000009691,20250527,1851,2,4,4,12000.00,2520.00,0.00,14520.00,FULFILLED
1000009692,20250527,2899,2,2,2,24000.00,5040.00,0.00,29040.00,FULFILLED
1000009694,20250527,2961,2,3,3,12000.00,2520.00,0.00,14520.00,FULFILLED
1000009695,20250527,1671,2,2,2,24000.00,5040.00,0.00,29040.00,FULFILLED
1000009697,20250527,2962,2,4,4,24000.00,5040.00,0.00,29040.00,FULFILLED
1000009698,20250527,1493,2,1,1,15000.00,3150.00,1200.00,19350.00,FULFILLED
1000009705,20250528,2253,2,1,1,24000.00,5040.00,0.00,29040.00,FULFILLED
1000009707,20250528,1569,2,1,1,30000.00,6300.00,0.00,36300.00,FULFILLED
1000009708,20250528,2732,2,2,2,12000.00,2520.00,0.00,14520.00,FULFILLED
1000009710,20250528,2391,2,2,2,12000.00,2520.00,0.00,14520.00,FULFILLED
1000009712,20250528,317,2,2,2,15000.00,3150.00,0.00,18150.00,FULFILLED
1000009715,20250528,665,2,3,3,27000.00,5670.00,0.00,32670.00,FULFILLED
1000009718,20250529,1207,2,3,3,27000.00,5670.00,0.00,32670.00,FULFILLED
1000009719,20250529,1157,2,4,4,35100.00,7371.00,0.00,42471.00,FULFILLED
1000009721,20250529,961,2,1,1,42000.00,8820.00,0.00,50820.00,FULFILLED
1000009722,20250529,2967,2,1,1,30000.00,6300.00,0.00,36300.00,FULFILLED
1000009728,20250529,1988,2,4,4,27000.00,5670.00,0.00,32670.00,FULFILLED
1000009730,20250529,1327,2,4,4,45000.00,9450.00,0.00,54450.00,FULFILLED
1000009732,20250529,2816,2,2,2,12000.00,2520.00,0.00,14520.00,FULFILLED
1000009734,20250529,2120,2,3,3,12000.00,2520.00,0.00,14520.00,FULFILLED
1000009742,20250530,2484,2,3,3,30000.00,6300.00,0.00,36300.00,FULFILLED
1000009744,20250530,2969,2,1,1,12000.00,2520.00,0.00,14520.00,FULFILLED
1000009745,20250530,215,2,1,1,30000.00,6300.00,0.00,36300.00,FULFILLED
1000009746,20250530,185,2,1,1,84000.00,17640.00,0.00,101640.00,FULFILLED
1000009750,20250531,1175,2,1,1,12000.00,2520.00,0.00,14520.00,FULFILLED
1000009753,20250531,516,2,3,3,36000.00,7560.00,1500.00,45060.00,CANCELLED
1000009755,20250531,2163,2,1,1,15000.00,3150.00,0.00,18150.00,FULFILLED
1000009756,20250531,1272,2,2,2,24000.00,5040.00,1500.00,30540.00,FULFILLED
1000009757,20250531,1121,2,2,2,15000.00,3150.00,0.00,18150.00,FULFILLED
1000009758,20250531,2914,2,3,3,42000.00,8820.00,0.00,50820.00,FULFILLED
1000009778,20250602,2978,2,2,2,15000.00,3150.00,0.00,18150.00,FULFILLED
1000009780,20250602,2318,2,3,3,30000.00,6300.00,0.00,36300.00,FULFILLED
1000009781,20250602,2821,2,4,4,12000.00,2520.00,0.00,14520.00,FULFILLED
1000009783,20250602,2979,2,4,4,37800.00,7938.00,0.00,45738.00,FULFILLED
1000009787,20250602,2699,2,3,3,39000.00,8190.00,0.00,47190.00,FULFILLED
1000009788,20250602,2172,2,1,1,30000.00,6300.00,0.00,36300.00,FULFILLED
1000009799,20250603,2507,2,3,3,36000.00,7560.00,0.00,43560.00,FULFILLED
1000009801,20250603,1631,2,2,2,24000.00,5040.00,0.00,29040.00,FULFILLED
1000009802,20250603,291,2,2,2,83700.00,17577.00,0.00,101277.00,FULFILLED
1000009803,20250603,2566,2,1,1,24000.00,5040.00,0.00,29040.00,FULFILLED
1000009804,20250603,2982,2,1,1,15000.00,3150.00,0.00,18150.00,FULFILLED
1000009805,20250603,1484,2,1,1,42000.00,8820.00,0.00,50820.00,FULFILLED
1000009807,20250603,1155,2,2,2,21600.00,4536.00,0.00,26136.00,FULFILLED
1000009809,20250603,2406,2,1,1,24000.00,5040.00,0.00,29040.00,FULFILLED
1000009812,20250603,1138,2,1,1,48000.00,10080.00,0.00,58080.00,FULFILLED
1000009814,20250603,2644,2,3,3,15000.00,3150.00,0.00,18150.00,FULFILLED
1000009815,20250603,1664,2,1,1,27000.00,5670.00,0.00,32670.00,FULFILLED
1000009821,20250604,492,2,4,4,24000.00,5040.00,0.00,29040.00,FULFILLED
1000009826,20250604,441,2,2,2,12000.00,2520.00,0.00,14520.00,FULFILLED
1000009830,20250605,143,2,2,2,48000.00,10080.00,0.00,58080.00,FULFILLED
1000009833,20250605,1512,2,2,2,15000.00,3150.00,0.00,18150.00,FULFILLED
1000009835,20250605,2991,2,3,3,13500.00,2835.00,0.00,16335.00,FULFILLED
1000009836,20250605,2992,2,3,3,48000.00,10080.00,0.00,58080.00,FULFILLED
1000009837,20250605,2321,2,1,1,21600.00,4536.00,0.00,26136.00,FULFILLED
1000009842,20250605,326,2,4,4,13500.00,2835.00,0.00,16335.00,FULFILLED
1000009844,20250605,1954,2,1,1,51000.00,10710.00,0.00,61710.00,CANCELLED
1000009845,20250605,1757,2,2,2,42000.00,8820.00,0.00,50820.00,FULFILLED
1000009846,20250605,2995,2,3,3,42000.00,8820.00,0.00,50820.00,FULFILLED
1000009854,20250606,1435,2,4,4,15000.00,3150.00,0.00,18150.00,FULFILLED
1000009855,20250606,219,2,3,3,24000.00,5040.00,0.00,29040.00,FULFILLED
1000009856,20250606,2418,2,1,1,36000.00,7560.00,0.00,43560.00,FULFILLED
1000009858,20250606,2740,2,1,1,15000.00,3150.00,0.00,18150.00,FULFILLED
1000009859,20250606,2055,2,1,1,15000.00,3150.00,0.00,18150.00,FULFILLED
1000009860,20250606,2998,2,1,1,30000.00,6300.00,0.00,36300.00,FULFILLED
1000009861,20250606,2486,2,2,2,45000.00,9450.00,0.00,54450.00,CANCELLED
1000009862,20250606,2999,2,3,3,12000.00,2520.00,0.00,14520.00,FULFILLED
1000009863,20250606,2655,2,4,4,15000.00,3150.00,0.00,18150.00,FULFILLED
1000009864,20250606,1940,2,2,2,36000.00,7560.00,0.00,43560.00,FULFILLED
1000009866,20250606,1989,2,1,1,39000.00,8190.00,0.00,47190.00,FULFILLED
1000009868,20250606,651,2,1,1,60000.00,12600.00,0.00,72600.00,FULFILLED
1000009870,20250606,1385,2,2,2,15000.00,3150.00,0.00,18150.00,FULFILLED
1000009871,20250606,3002,2,3,3,24000.00,5040.00,0.00,29040.00,FULFILLED
1000009873,20250606,2950,2,3,3,27000.00,5670.00,0.00,32670.00,FULFILLED
1000009874,20250606,1377,2,4,4,12000.00,2520.00,0.00,14520.00,FULFILLED
1000009876,20250606,40,2,1,1,27000.00,5670.00,0.00,32670.00,FULFILLED
1000009880,20250607,1334,2,4,4,10800.00,2268.00,0.00,13068.00,FULFILLED
1000009881,20250607,2367,2,4,4,30000.00,6300.00,0.00,36300.00,FULFILLED
1000009883,20250607,1803,2,1,1,48000.00,10080.00,0.00,58080.00,FULFILLED
1000009884,20250607,2689,2,1,1,15000.00,3150.00,0.00,18150.00,FULFILLED
1000009885,20250607,2465,2,4,4,72000.00,15120.00,0.00,87120.00,FULFILLED
1000009886,20250607,2728,2,3,3,12000.00,2520.00,0.00,14520.00,FULFILLED
1000009887,20250607,1900,2,2,2,24000.00,5040.00,0.00,29040.00,FULFILLED
1000009888,20250607,1655,2,3,3,15000.00,3150.00,0.00,18150.00,FULFILLED
1000009889,20250607,897,2,2,2,45000.00,9450.00,0.00,54450.00,FULFILLED
1000009890,20250607,2039,2,2,2,15000.00,3150.00,0.00,18150.00,FULFILLED
1000009891,20250607,769,2,3,3,30000.00,6300.00,0.00,36300.00,FULFILLED
1000009893,20250607,2192,2,1,1,15000.00,3150.00,0.00,18150.00,FULFILLED
1000009894,20250607,2140,2,3,3,69000.00,14490.00,0.00,83490.00,FULFILLED
1000009895,20250607,3005,2,3,3,30000.00,6300.00,0.00,36300.00,FULFILLED
1000009896,20250607,3004,2,4,4,15000.00,3150.00,0.00,18150.00,FULFILLED
1000009897,20250607,3006,2,3,3,40500.00,8505.00,0.00,49005.00,FULFILLED
1000009899,20250607,1808,2,2,2,13500.00,2835.00,0.00,16335.00,FULFILLED
1000009901,20250607,1041,2,3,3,15000.00,3150.00,1500.00,19650.00,FULFILLED
1000009903,20250607,1870,2,3,3,15000.00,3150.00,0.00,18150.00,FULFILLED
1000009904,20250607,2157,2,2,2,15000.00,3150.00,1500.00,19650.00,FULFILLED
1000009905,20250607,3007,2,3,3,27000.00,5670.00,0.00,32670.00,FULFILLED
1000009906,20250607,3008,2,3,3,12000.00,2520.00,0.00,14520.00,FULFILLED
1000009908,20250607,388,2,4,4,60000.00,12600.00,0.00,72600.00,FULFILLED
1000009909,20250607,2156,2,2,2,12000.00,2520.00,0.00,14520.00,FULFILLED
1000009911,20250607,510,2,3,3,15000.00,3150.00,0.00,18150.00,FULFILLED
1000009913,20250607,2176,2,1,1,12000.00,2520.00,0.00,14520.00,FULFILLED
1000009914,20250607,2684,2,2,2,45000.00,9450.00,0.00,54450.00,FULFILLED
1000009915,20250607,1051,2,3,3,12000.00,2520.00,0.00,14520.00,FULFILLED
1000009916,20250607,2493,2,2,2,24000.00,5040.00,0.00,29040.00,FULFILLED
1000009943,20250609,3017,2,2,2,24000.00,5040.00,0.00,29040.00,FULFILLED
1000009949,20250609,3019,2,4,4,12000.00,2520.00,0.00,14520.00,FULFILLED
1000009950,20250609,2527,2,3,3,15000.00,3150.00,1500.00,19650.00,FULFILLED
1000009953,20250609,1747,2,2,2,15000.00,3150.00,0.00,18150.00,FULFILLED
1000009959,20250609,504,2,4,4,15000.00,3150.00,0.00,18150.00,FULFILLED
1000009971,20250610,2215,2,1,1,24000.00,5040.00,0.00,29040.00,FULFILLED
1000009972,20250610,338,2,1,1,51000.00,10710.00,0.00,61710.00,FULFILLED
1000009974,20250610,1112,2,1,1,60000.00,12600.00,0.00,72600.00,FULFILLED
1000009981,20250610,3025,2,4,4,63000.00,13230.00,0.00,76230.00,FULFILLED
1000009982,20250610,2426,2,1,1,45000.00,9450.00,0.00,54450.00,FULFILLED
1000009983,20250610,3027,2,2,2,30000.00,6300.00,0.00,36300.00,FULFILLED
1000009986,20250610,1269,2,4,4,10800.00,2268.00,0.00,13068.00,FULFILLED
1000009987,20250610,1586,2,1,1,27000.00,5670.00,0.00,32670.00,FULFILLED
1000009990,20250610,2787,2,3,3,48000.00,10080.00,0.00,58080.00,FULFILLED
1000009996,20250611,1776,2,3,3,15000.00,3150.00,0.00,18150.00,FULFILLED
1000009998,20250611,2481,2,1,1,45000.00,9450.00,0.00,54450.00,FULFILLED
1000010000,20250611,3033,2,4,4,69000.00,14490.00,0.00,83490.00,FULFILLED
1000010003,20250611,1489,2,2,2,15000.00,3150.00,0.00,18150.00,FULFILLED
1000010004,20250611,3034,2,2,2,15000.00,3150.00,0.00,18150.00,FULFILLED
1000010005,20250611,2905,2,1,1,81000.00,17010.00,0.00,98010.00,FULFILLED
1000010008,20250611,1613,2,1,1,15000.00,3150.00,0.00,18150.00,FULFILLED
1000010009,20250611,2482,2,2,2,15000.00,3150.00,0.00,18150.00,FULFILLED
1000010013,20250611,2775,2,1,1,36000.00,7560.00,0.00,43560.00,FULFILLED
1000010015,20250611,2250,2,2,2,12000.00,2520.00,0.00,14520.00,FULFILLED
1000010016,20250611,2152,2,4,4,30000.00,6300.00,0.00,36300.00,FULFILLED
1000010017,20250611,1594,2,3,3,12000.00,2520.00,0.00,14520.00,FULFILLED
1000010018,20250611,2899,2,2,2,24000.00,5040.00,0.00,29040.00,FULFILLED
1000010027,20250612,630,2,4,4,24000.00,5040.00,0.00,29040.00,FULFILLED
1000010028,20250612,463,2,3,3,30000.00,6300.00,0.00,36300.00,FULFILLED
1000010030,20250612,617,2,4,4,45000.00,9450.00,0.00,54450.00,FULFILLED
1000010031,20250612,2167,2,4,4,15000.00,3150.00,0.00,18150.00,FULFILLED
1000010033,20250612,1697,2,4,4,30000.00,6300.00,0.00,36300.00,FULFILLED
1000010036,20250612,3040,2,4,4,24000.00,5040.00,0.00,29040.00,FULFILLED
1000010038,20250612,1156,2,2,2,15000.00,3150.00,0.00,18150.00,FULFILLED
1000010039,20250612,1488,2,3,3,42000.00,8820.00,0.00,50820.00,FULFILLED
1000010041,20250612,600,2,2,2,45000.00,9450.00,0.00,54450.00,FULFILLED
1000010052,20250613,1904,2,2,2,24000.00,5040.00,0.00,29040.00,FULFILLED
1000010054,20250613,3044,2,2,2,30000.00,6300.00,0.00,36300.00,FULFILLED
1000010055,20250613,728,2,1,1,45000.00,9450.00,0.00,54450.00,FULFILLED
1000010057,20250613,2638,2,4,4,24000.00,5040.00,0.00,29040.00,FULFILLED
1000010060,20250613,1589,2,1,1,15000.00,3150.00,0.00,18150.00,FULFILLED
1000010064,20250613,2315,2,3,3,42000.00,8820.00,0.00,50820.00,FULFILLED
1000010067,20250614,1814,2,4,4,30000.00,6300.00,0.00,36300.00,FULFILLED
1000010068,20250614,1466,2,2,2,60000.00,12600.00,0.00,72600.00,FULFILLED
1000010069,20250614,1839,2,4,4,27000.00,5670.00,0.00,32670.00,FULFILLED
1000010071,20250614,2556,2,1,1,45000.00,9450.00,0.00,54450.00,FULFILLED
1000010072,20250614,1146,2,4,4,15000.00,3150.00,0.00,18150.00,FULFILLED
1000010073,20250614,236,2,2,2,15000.00,3150.00,0.00,18150.00,FULFILLED
1000010074,20250614,3046,2,1,1,15000.00,3150.00,0.00,18150.00,FULFILLED
1000010075,20250614,3047,2,1,1,39000.00,8190.00,0.00,47190.00,FULFILLED
1000010076,20250614,2460,2,4,4,15000.00,3150.00,0.00,18150.00,FULFILLED
1000010077,20250614,158,2,3,3,36000.00,7560.00,0.00,43560.00,FULFILLED
1000010078,20250614,3048,2,2,2,15000.00,3150.00,1500.00,19650.00,FULFILLED
1000010079,20250614,1328,2,2,2,15000.00,3150.00,0.00,18150.00,FULFILLED
1000010080,20250614,907,2,3,3,30000.00,6300.00,0.00,36300.00,FULFILLED
1000010083,20250614,2129,2,1,1,24000.00,5040.00,0.00,29040.00,FULFILLED
1000010084,20250614,2889,2,2,2,36000.00,7560.00,0.00,43560.00,FULFILLED
1000010110,20250616,684,2,1,1,15000.00,3150.00,0.00,18150.00,REFUNDED
1000010114,20250616,3059,2,1,1,27000.00,5670.00,0.00,32670.00,FULFILLED
1000010117,20250616,3060,2,4,4,42000.00,8820.00,0.00,50820.00,FULFILLED
1000010125,20250617,2271,2,2,2,27000.00,5670.00,0.00,32670.00,FULFILLED
1000010127,20250617,1571,2,2,2,30000.00,6300.00,0.00,36300.00,FULFILLED
1000010128,20250617,707,2,2,2,84000.00,17640.00,0.00,101640.00,FULFILLED
1000010129,20250617,2948,2,2,2,12000.00,2520.00,0.00,14520.00,FULFILLED
1000010138,20250618,3017,2,2,2,12000.00,2520.00,0.00,14520.00,FULFILLED
1000010139,20250618,1157,2,4,4,15000.00,3150.00,0.00,18150.00,FULFILLED
1000010140,20250618,2828,2,1,1,15000.00,3150.00,1200.00,19350.00,FULFILLED
1000010142,20250618,2773,2,2,2,12000.00,2520.00,0.00,14520.00,FULFILLED
1000010143,20250618,3063,2,1,1,15000.00,3150.00,0.00,18150.00,FULFILLED
1000010152,20250619,749,2,1,1,12000.00,2520.00,0.00,14520.00,FULFILLED
1000010153,20250619,250,2,3,3,24000.00,5040.00,0.00,29040.00,FULFILLED
1000010154,20250619,1376,2,3,3,30000.00,6300.00,0.00,36300.00,FULFILLED
1000010158,20250619,2531,2,3,3,15000.00,3150.00,0.00,18150.00,FULFILLED
1000010166,20250620,1817,2,4,4,24000.00,5040.00,0.00,29040.00,FULFILLED
1000010168,20250620,3067,2,2,2,27000.00,5670.00,0.00,32670.00,FULFILLED
1000010169,20250620,743,2,2,2,12000.00,2520.00,0.00,14520.00,FULFILLED
1000010170,20250620,1489,2,2,2,27000.00,5670.00,0.00,32670.00,FULFILLED
1000010171,20250620,850,2,3,3,15000.00,3150.00,0.00,18150.00,FULFILLED
1000010172,20250620,1363,2,3,3,15000.00,3150.00,1500.00,19650.00,FULFILLED
1000010173,20250620,276,2,2,2,12000.00,2520.00,0.00,14520.00,FULFILLED
1000010174,20250620,2468,2,3,3,42000.00,8820.00,0.00,50820.00,FULFILLED
1000010177,20250620,3068,2,2,2,24000.00,5040.00,0.00,29040.00,FULFILLED
1000010178,20250620,1512,2,2,2,15000.00,3150.00,0.00,18150.00,FULFILLED
1000010180,20250620,1153,2,4,4,12000.00,2520.00,0.00,14520.00,FULFILLED
1000010182,20250620,2863,2,3,3,12000.00,2520.00,0.00,14520.00,FULFILLED
1000010183,20250620,1263,2,1,1,12000.00,2520.00,0.00,14520.00,FULFILLED
1000010187,20250621,245,2,2,2,24000.00,5040.00,0.00,29040.00,FULFILLED
1000010188,20250621,338,2,1,1,226950.00,47659.50,0.00,274609.50,FULFILLED
1000010189,20250621,474,2,4,4,12000.00,2520.00,0.00,14520.00,FULFILLED
1000010190,20250621,2675,2,2,2,54000.00,11340.00,0.00,65340.00,FULFILLED
1000010192,20250621,1618,2,2,2,27000.00,5670.00,0.00,32670.00,FULFILLED
1000010193,20250621,1863,2,3,3,12000.00,2520.00,0.00,14520.00,FULFILLED
1000010194,20250621,2499,2,1,1,36000.00,7560.00,0.00,43560.00,FULFILLED
1000010196,20250621,1631,2,2,2,30000.00,6300.00,0.00,36300.00,FULFILLED
1000010197,20250621,3071,2,1,1,48000.00,10080.00,0.00,58080.00,CANCELLED
1000010198,20250621,783,2,1,1,24000.00,5040.00,0.00,29040.00,FULFILLED
1000010199,20250621,1343,2,1,1,12000.00,2520.00,0.00,14520.00,FULFILLED
1000010200,20250621,1609,2,1,1,57000.00,11970.00,0.00,68970.00,FULFILLED
1000010201,20250621,1192,2,3,3,24000.00,5040.00,0.00,29040.00,FULFILLED
1000010202,20250621,1931,2,2,2,15000.00,3150.00,0.00,18150.00,FULFILLED
1000010205,20250621,1843,2,3,3,39000.00,8190.00,0.00,47190.00,FULFILLED
1000010206,20250621,2391,2,2,2,12000.00,2520.00,0.00,14520.00,FULFILLED
1000010221,20250623,2570,2,2,2,59400.00,12474.00,0.00,71874.00,FULFILLED
1000010224,20250623,326,2,4,4,24000.00,5040.00,0.00,29040.00,FULFILLED
1000010225,20250623,3077,2,4,4,30000.00,6300.00,0.00,36300.00,FULFILLED
1000010227,20250623,209,2,1,1,30000.00,6300.00,0.00,36300.00,FULFILLED
1000010229,20250623,267,2,1,1,40500.00,8505.00,0.00,49005.00,FULFILLED
1000010230,20250623,3078,2,3,3,12000.00,2520.00,0.00,14520.00,FULFILLED
1000010236,20250624,2122,2,4,4,60000.00,12600.00,0.00,72600.00,FULFILLED
1000010237,20250624,1935,2,2,2,27000.00,5670.00,1500.00,34170.00,FULFILLED
1000010238,20250624,177,2,3,3,12000.00,2520.00,0.00,14520.00,FULFILLED
1000010239,20250624,2015,2,3,3,54000.00,11340.00,0.00,65340.00,FULFILLED
1000008192,20250311,969,1,,2,293250.00,61582.50,0.00,354832.50,FULFILLED
1000008193,20250312,2606,1,,2,15000.00,3150.00,1500.00,19650.00,FULFILLED
1000008194,20250312,241,1,,1,27000.00,5670.00,1200.00,33870.00,FULFILLED
1000008195,20250312,2607,1,,1,12000.00,2520.00,1200.00,15720.00,FULFILLED
1000008196,20250312,470,1,,3,30000.00,6300.00,1500.00,37800.00,CANCELLED
1000008197,20250312,1997,1,,1,30000.00,6300.00,1200.00,37500.00,FULFILLED
1000008198,20250312,1855,1,,1,12000.00,2520.00,1200.00,15720.00,FULFILLED
1000008201,20250312,438,1,,1,66000.00,13860.00,0.00,79860.00,FULFILLED
1000008203,20250312,1752,1,,4,12000.00,2520.00,1800.00,16320.00,FULFILLED
1000008206,20250312,1864,1,,4,84000.00,17640.00,0.00,101640.00,FULFILLED
1000008207,20250312,1950,1,,1,12000.00,2520.00,1200.00,15720.00,FULFILLED
1000008208,20250312,2609,1,,3,27000.00,5670.00,1500.00,34170.00,FULFILLED
1000008210,20250312,1945,1,,4,45000.00,9450.00,0.00,54450.00,FULFILLED
1000008212,20250312,2165,1,,3,63000.00,13230.00,0.00,76230.00,FULFILLED
1000008214,20250312,2156,1,,2,30000.00,6300.00,1500.00,37800.00,FULFILLED
1000008215,20250312,1735,1,,4,12000.00,2520.00,1800.00,16320.00,FULFILLED
1000008216,20250312,2610,1,,1,54000.00,11340.00,0.00,65340.00,FULFILLED
1000008217,20250312,2611,1,,4,36000.00,7560.00,1800.00,45360.00,FULFILLED
1000008218,20250312,1765,1,,1,71400.00,14994.00,0.00,86394.00,FULFILLED
1000008219,20250312,997,1,,3,30000.00,6300.00,1500.00,37800.00,FULFILLED
1000008220,20250313,644,1,,2,24000.00,5040.00,1500.00,30540.00,FULFILLED
1000008222,20250313,1110,1,,4,12000.00,2520.00,1800.00,16320.00,FULFILLED
1000008223,20250313,1915,1,,4,12000.00,2520.00,1800.00,16320.00,FULFILLED
1000008226,20250313,2055,1,,1,15000.00,3150.00,1200.00,19350.00,CANCELLED
1000008228,20250313,2336,1,,4,39000.00,8190.00,1800.00,48990.00,FULFILLED
1000008230,20250313,1484,1,,1,45000.00,9450.00,0.00,54450.00,CANCELLED
1000008231,20250313,2612,1,,2,30000.00,6300.00,1500.00,37800.00,FULFILLED
1000008232,20250313,2613,1,,3,27000.00,5670.00,1500.00,34170.00,FULFILLED
1000008233,20250313,2352,1,,4,25650.00,5386.50,1800.00,32836.50,CANCELLED
1000008234,20250313,1768,1,,3,12000.00,2520.00,1500.00,16020.00,FULFILLED
1000008235,20250313,2614,1,,3,12000.00,2520.00,1500.00,16020.00,FULFILLED
1000008236,20250314,1812,1,,4,30000.00,6300.00,1800.00,38100.00,FULFILLED
1000008237,20250314,2615,1,,1,12000.00,2520.00,1200.00,15720.00,FULFILLED
1000008238,20250314,457,1,,4,15000.00,3150.00,1800.00,19950.00,FULFILLED
1000008240,20250314,2109,1,,1,15000.00,3150.00,1200.00,19350.00,FULFILLED
1000008243,20250314,2,1,,3,12000.00,2520.00,1500.00,16020.00,CANCELLED
1000008244,20250314,1815,1,,3,45000.00,9450.00,0.00,54450.00,FULFILLED
1000008251,20250314,2618,1,,4,12000.00,2520.00,1800.00,16320.00,FULFILLED
1000008252,20250315,2194,1,,1,12000.00,2520.00,1200.00,15720.00,FULFILLED
1000008253,20250315,2203,1,,2,15000.00,3150.00,1500.00,19650.00,FULFILLED
1000008261,20250315,944,1,,1,12000.00,2520.00,1200.00,15720.00,FULFILLED
1000008262,20250315,2089,1,,3,45000.00,9450.00,0.00,54450.00,FULFILLED
1000008263,20250315,1724,1,,1,15000.00,3150.00,1200.00,19350.00,FULFILLED
1000008264,20250315,2622,1,,3,42000.00,8820.00,1500.00,52320.00,FULFILLED
1000008271,20250315,2421,1,,4,27000.00,5670.00,1800.00,34470.00,FULFILLED
1000008274,20250315,120,1,,4,12000.00,2520.00,1800.00,16320.00,FULFILLED
1000008275,20250315,2626,1,,3,36000.00,7560.00,1500.00,45060.00,FULFILLED
1000008276,20250316,2392,1,,2,24000.00,5040.00,1500.00,30540.00,FULFILLED
1000008277,20250316,2475,1,,1,51000.00,10710.00,0.00,61710.00,CANCELLED
1000008278,20250316,2627,1,,2,39000.00,8190.00,1500.00,48690.00,FULFILLED
1000008279,20250316,2628,1,,3,60000.00,12600.00,0.00,72600.00,CANCELLED
1000008280,20250316,2629,1,,1,36000.00,7560.00,1200.00,44760.00,FULFILLED
1000008281,20250316,831,1,,4,15000.00,3150.00,1800.00,19950.00,FULFILLED
1000008282,20250316,1965,1,,1,12000.00,2520.00,1200.00,15720.00,FULFILLED
1000008283,20250316,2376,1,,4,12000.00,2520.00,1800.00,16320.00,FULFILLED
1000008284,20250316,2630,1,,3,12000.00,2520.00,1500.00,16020.00,FULFILLED
1000008285,20250317,1592,1,,2,36000.00,7560.00,1500.00,45060.00,FULFILLED
1000008286,20250317,1753,1,,3,45000.00,9450.00,0.00,54450.00,FULFILLED
1000008287,20250317,1223,1,,1,12000.00,2520.00,1200.00,15720.00,FULFILLED
1000008288,20250317,1436,1,,4,15000.00,3150.00,1800.00,19950.00,FULFILLED
1000008289,20250317,2631,1,,2,30000.00,6300.00,1500.00,37800.00,FULFILLED
1000008290,20250317,513,1,,2,15000.00,3150.00,1500.00,19650.00,FULFILLED
1000008291,20250317,2632,1,,1,15000.00,3150.00,1200.00,19350.00,CANCELLED
1000008293,20250317,1371,1,,3,24000.00,5040.00,1500.00,30540.00,FULFILLED
1000008294,20250317,2633,1,,3,51000.00,10710.00,0.00,61710.00,FULFILLED
1000008295,20250317,2293,1,,1,12000.00,2520.00,1200.00,15720.00,FULFILLED
1000008296,20250317,2114,1,,1,15000.00,3150.00,1200.00,19350.00,FULFILLED
1000008297,20250317,2321,1,,1,51000.00,10710.00,0.00,61710.00,FULFILLED
1000008299,20250317,2243,1,,4,12000.00,2520.00,1800.00,16320.00,FULFILLED
1000008300,20250317,2634,1,,4,27000.00,5670.00,1800.00,34470.00,FULFILLED
1000008301,20250317,2310,1,,1,57000.00,11970.00,0.00,68970.00,CANCELLED
1000008302,20250317,2635,1,,1,45000.00,9450.00,0.00,54450.00,FULFILLED
1000008303,20250317,2119,1,,4,15000.00,3150.00,1800.00,19950.00,FULFILLED
1000008304,20250318,1159,1,,1,30000.00,6300.00,1200.00,37500.00,FULFILLED
1000008305,20250318,2188,1,,2,12000.00,2520.00,1500.00,16020.00,FULFILLED
1000008306,20250318,1992,1,,1,45000.00,9450.00,0.00,54450.00,FULFILLED
1000008307,20250318,2636,1,,1,15000.00,3150.00,1200.00,19350.00,FULFILLED
1000008309,20250318,2637,1,,2,15000.00,3150.00,1500.00,19650.00,FULFILLED
1000008311,20250318,2638,1,,4,15000.00,3150.00,1800.00,19950.00,FULFILLED
1000008312,20250318,2246,1,,2,15000.00,3150.00,1500.00,19650.00,FULFILLED
1000008315,20250318,1916,1,,1,30000.00,6300.00,1200.00,37500.00,FULFILLED
1000008317,20250318,2639,1,,1,15000.00,3150.00,1200.00,19350.00,FULFILLED
1000008318,20250318,1736,1,,1,27000.00,5670.00,1200.00,33870.00,FULFILLED
1000008319,20250318,1185,1,,4,36000.00,7560.00,1800.00,45360.00,FULFILLED
1000008320,20250318,2288,1,,4,12000.00,2520.00,1800.00,16320.00,FULFILLED
1000008321,20250319,2640,1,,2,15000.00,3150.00,1500.00,19650.00,FULFILLED
1000008322,20250319,2131,1,,1,11400.00,2394.00,1200.00,14994.00,FULFILLED
1000008323,20250319,789,1,,3,27000.00,5670.00,1500.00,34170.00,FULFILLED
1000008324,20250319,941,1,,1,15000.00,3150.00,1200.00,19350.00,FULFILLED
1000008325,20250319,112,1,,1,12000.00,2520.00,1200.00,15720.00,FULFILLED
1000008326,20250319,1020,1,,3,12000.00,2520.00,1500.00,16020.00,FULFILLED
1000008329,20250319,2643,1,,1,66000.00,13860.00,0.00,79860.00,FULFILLED
1000008332,20250319,986,1,,4,12000.00,2520.00,1800.00,16320.00,FULFILLED
1000008338,20250319,1233,1,,2,12000.00,2520.00,1500.00,16020.00,REFUNDED
1000008339,20250319,1025,1,,3,12000.00,2520.00,1500.00,16020.00,FULFILLED
1000008340,20250319,1047,1,,3,15000.00,3150.00,1500.00,19650.00,FULFILLED
1000008341,20250319,2415,1,,4,28500.00,5985.00,1800.00,36285.00,FULFILLED
1000008342,20250319,1850,1,,1,39000.00,8190.00,1200.00,48390.00,FULFILLED
1000008347,20250320,1842,1,,2,24000.00,5040.00,1500.00,30540.00,FULFILLED
1000008349,20250320,2359,1,,1,48000.00,10080.00,0.00,58080.00,FULFILLED
1000008353,20250320,791,1,,1,24000.00,5040.00,1200.00,30240.00,FULFILLED
1000008355,20250320,1485,1,,1,15000.00,3150.00,1200.00,19350.00,FULFILLED
1000008356,20250320,1539,1,,1,24000.00,5040.00,1200.00,30240.00,FULFILLED
1000008358,20250320,764,1,,1,24000.00,5040.00,1200.00,30240.00,FULFILLED
1000008359,20250320,2650,1,,4,57000.00,11970.00,0.00,68970.00,FULFILLED
1000008360,20250320,2044,1,,1,36000.00,7560.00,1200.00,44760.00,FULFILLED
1000008361,20250321,2479,1,,1,15000.00,3150.00,1200.00,19350.00,FULFILLED
1000008362,20250321,2286,1,,3,15000.00,3150.00,1500.00,19650.00,FULFILLED
1000008363,20250321,1149,1,,4,36000.00,7560.00,1800.00,45360.00,FULFILLED
1000008365,20250321,2654,1,,1,12000.00,2520.00,1200.00,15720.00,FULFILLED
1000008368,20250321,2085,1,,2,81000.00,17010.00,0.00,98010.00,FULFILLED
1000008369,20250321,2142,1,,1,15000.00,3150.00,1200.00,19350.00,FULFILLED
1000008375,20250321,2657,1,,3,24000.00,5040.00,1500.00,30540.00,FULFILLED
1000008377,20250321,1120,1,,1,60000.00,12600.00,0.00,72600.00,FULFILLED
1000008378,20250322,2127,1,,2,12000.00,2520.00,1500.00,16020.00,FULFILLED
1000008379,20250322,2658,1,,3,27000.00,5670.00,1500.00,34170.00,FULFILLED
1000008380,20250322,2659,1,,1,12000.00,2520.00,1200.00,15720.00,REFUNDED
1000008382,20250322,2660,1,,1,12000.00,2520.00,1200.00,15720.00,FULFILLED
1000008383,20250322,3,1,,3,36000.00,7560.00,1500.00,45060.00,FULFILLED
1000008384,20250322,2254,1,,1,15000.00,3150.00,1200.00,19350.00,FULFILLED
1000008385,20250322,2065,1,,1,15000.00,3150.00,1200.00,19350.00,FULFILLED
1000008390,20250322,2324,1,,1,12000.00,2520.00,1200.00,15720.00,FULFILLED
1000008395,20250322,1851,1,,4,15000.00,3150.00,1800.00,19950.00,FULFILLED
1000008399,20250322,1909,1,,1,15000.00,3150.00,1200.00,19350.00,FULFILLED
1000008402,20250322,1643,1,,1,15000.00,3150.00,1200.00,19350.00,FULFILLED
1000008406,20250322,2664,1,,1,15000.00,3150.00,1200.00,19350.00,FULFILLED
1000008409,20250322,1330,1,,3,42000.00,8820.00,1500.00,52320.00,FULFILLED
1000008410,20250322,1849,1,,1,12000.00,2520.00,1200.00,15720.00,REFUNDED
1000008411,20250322,361,1,,1,24000.00,5040.00,1200.00,30240.00,FULFILLED
1000008412,20250323,1705,1,,1,30000.00,6300.00,1200.00,37500.00,FULFILLED
1000008413,20250323,1714,1,,2,12000.00,2520.00,1500.00,16020.00,FULFILLED
1000008414,20250323,844,1,,1,15000.00,3150.00,1200.00,19350.00,CANCELLED
1000008415,20250323,2667,1,,2,15000.00,3150.00,1500.00,19650.00,FULFILLED
1000008416,20250323,2669,1,,1,27000.00,5670.00,1200.00,33870.00,FULFILLED
1000008417,20250323,2510,1,,4,39000.00,8190.00,1800.00,48990.00,FULFILLED
1000008418,20250323,622,1,,2,48000.00,10080.00,0.00,58080.00,FULFILLED
1000008419,20250323,161,1,,2,15000.00,3150.00,1500.00,19650.00,FULFILLED
1000008420,20250324,1093,1,,2,27000.00,5670.00,1500.00,34170.00,CANCELLED
1000008421,20250324,1969,1,,1,12000.00,2520.00,1200.00,15720.00,FULFILLED
1000008422,20250324,348,1,,3,12000.00,2520.00,1500.00,16020.00,FULFILLED
1000008423,20250324,2670,1,,3,45000.00,9450.00,0.00,54450.00,REFUNDED
1000008426,20250324,579,1,,1,12000.00,2520.00,1200.00,15720.00,FULFILLED
1000008427,20250324,708,1,,1,15000.00,3150.00,1200.00,19350.00,FULFILLED
1000008429,20250324,1638,1,,4,63000.00,13230.00,0.00,76230.00,FULFILLED
1000008431,20250324,2672,1,,2,12000.00,2520.00,1500.00,16020.00,FULFILLED
1000008432,20250324,783,1,,1,12000.00,2520.00,1200.00,15720.00,FULFILLED
1000008433,20250324,2673,1,,2,42000.00,8820.00,1500.00,52320.00,REFUNDED
1000008436,20250324,1409,1,,3,42000.00,8820.00,1500.00,52320.00,FULFILLED
1000008437,20250324,1207,1,,3,54000.00,11340.00,0.00,65340.00,FULFILLED
1000008439,20250324,1075,1,,3,24000.00,5040.00,1500.00,30540.00,FULFILLED
1000008440,20250324,1105,1,,2,12000.00,2520.00,1500.00,16020.00,FULFILLED
1000008441,20250324,2674,1,,1,12000.00,2520.00,1200.00,15720.00,FULFILLED
1000008443,20250325,68,1,,1,13500.00,2835.00,1200.00,17535.00,FULFILLED
1000008447,20250325,1420,1,,1,60000.00,12600.00,0.00,72600.00,FULFILLED
1000008449,20250325,2357,1,,2,21600.00,4536.00,1500.00,27636.00,FULFILLED
1000008450,20250325,1501,1,,3,15000.00,3150.00,1500.00,19650.00,FULFILLED
1000008451,20250325,2676,1,,1,15000.00,3150.00,1200.00,19350.00,FULFILLED
1000008452,20250325,2515,1,,2,60000.00,12600.00,0.00,72600.00,REFUNDED
1000008453,20250325,222,1,,1,12000.00,2520.00,1200.00,15720.00,FULFILLED
1000008457,20250325,335,1,,4,12000.00,2520.00,1800.00,16320.00,REFUNDED
1000008458,20250325,1973,1,,2,48000.00,10080.00,0.00,58080.00,FULFILLED
1000008459,20250325,2678,1,,2,12000.00,2520.00,1500.00,16020.00,FULFILLED
1000008460,20250325,404,1,,1,15000.00,3150.00,1200.00,19350.00,FULFILLED
1000008461,20250325,2378,1,,2,45600.00,9576.00,0.00,55176.00,FULFILLED
1000008462,20250326,2455,1,,1,12000.00,2520.00,1200.00,15720.00,REFUNDED
1000008463,20250326,2443,1,,4,30000.00,6300.00,1800.00,38100.00,FULFILLED
1000008465,20250326,497,1,,1,78000.00,16380.00,0.00,94380.00,FULFILLED
1000008466,20250326,2679,1,,2,57000.00,11970.00,0.00,68970.00,FULFILLED
1000008468,20250326,1285,1,,3,12000.00,2520.00,1500.00,16020.00,FULFILLED
1000008469,20250326,213,1,,1,15000.00,3150.00,1200.00,19350.00,CANCELLED
1000008473,20250326,1814,1,,4,27000.00,5670.00,1800.00,34470.00,FULFILLED
1000008474,20250326,2680,1,,3,24000.00,5040.00,1500.00,30540.00,FULFILLED
1000008475,20250326,1780,1,,1,12000.00,2520.00,1200.00,15720.00,FULFILLED
1000008476,20250327,2681,1,,1,93000.00,19530.00,0.00,112530.00,FULFILLED
1000008477,20250327,2352,1,,4,12000.00,2520.00,1800.00,16320.00,FULFILLED
1000008478,20250327,1225,1,,4,39000.00,8190.00,1800.00,48990.00,FULFILLED
1000008479,20250327,1118,1,,1,48000.00,10080.00,0.00,58080.00,CANCELLED
1000008481,20250327,296,1,,2,57000.00,11970.00,0.00,68970.00,FULFILLED
1000008484,20250327,2336,1,,4,15000.00,3150.00,1800.00,19950.00,CANCELLED
1000008486,20250327,2437,1,,3,12000.00,2520.00,1500.00,16020.00,FULFILLED
1000008488,20250327,1890,1,,3,30000.00,6300.00,1500.00,37800.00,FULFILLED
1000008489,20250327,1279,1,,2,15000.00,3150.00,1500.00,19650.00,FULFILLED
1000008491,20250327,1187,1,,1,15000.00,3150.00,1200.00,19350.00,FULFILLED
1000008493,20250327,1367,1,,4,27000.00,5670.00,1800.00,34470.00,CANCELLED
1000008494,20250327,852,1,,4,12000.00,2520.00,1800.00,16320.00,FULFILLED
1000008496,20250328,2682,1,,1,12000.00,2520.00,1200.00,15720.00,FULFILLED
1000008498,20250328,2683,1,,1,60000.00,12600.00,0.00,72600.00,FULFILLED
1000008502,20250328,2189,1,,4,42000.00,8820.00,1800.00,52620.00,FULFILLED
1000008503,20250328,340,1,,1,15000.00,3150.00,1200.00,19350.00,FULFILLED
1000008505,20250328,2289,1,,2,15000.00,3150.00,1500.00,19650.00,FULFILLED
1000008507,20250328,1304,1,,2,24000.00,5040.00,1500.00,30540.00,FULFILLED
1000008511,20250328,11,1,,4,36000.00,7560.00,1800.00,45360.00,FULFILLED
1000008512,20250328,2684,1,,2,42000.00,8820.00,1500.00,52320.00,FULFILLED
1000008515,20250328,2184,1,,1,45000.00,9450.00,0.00,54450.00,FULFILLED
1000008516,20250329,2636,1,,1,27000.00,5670.00,1200.00,33870.00,FULFILLED
1000008520,20250329,2051,1,,1,45000.00,9450.00,0.00,54450.00,FULFILLED
1000008522,20250329,2686,1,,3,24000.00,5040.00,1500.00,30540.00,FULFILLED
1000008523,20250329,2218,1,,1,12000.00,2520.00,1200.00,15720.00,FULFILLED
1000008525,20250329,2687,1,,2,60000.00,12600.00,0.00,72600.00,FULFILLED
1000008527,20250329,728,1,,1,30000.00,6300.00,1200.00,37500.00,FULFILLED
1000008530,20250329,1978,1,,1,27000.00,5670.00,1200.00,33870.00,FULFILLED
1000008531,20250329,2093,1,,1,15000.00,3150.00,1200.00,19350.00,FULFILLED
1000008532,20250330,2258,1,,1,24000.00,5040.00,1200.00,30240.00,FULFILLED
1000008533,20250330,666,1,,1,12000.00,2520.00,1200.00,15720.00,FULFILLED
1000008534,20250330,2080,1,,1,12000.00,2520.00,1200.00,15720.00,CANCELLED
1000008535,20250330,2689,1,,1,48000.00,10080.00,0.00,58080.00,FULFILLED
1000008536,20250330,1734,1,,2,36000.00,7560.00,1500.00,45060.00,FULFILLED
1000008537,20250330,2690,1,,1,36000.00,7560.00,1200.00,44760.00,FULFILLED
1000008538,20250330,1897,1,,1,12000.00,2520.00,1200.00,15720.00,FULFILLED
1000008539,20250330,1239,1,,1,30000.00,6300.00,1200.00,37500.00,FULFILLED
1000008540,20250330,2038,1,,4,15000.00,3150.00,1800.00,19950.00,FULFILLED
1000008541,20250330,1194,1,,3,12000.00,2520.00,1500.00,16020.00,FULFILLED
1000008542,20250330,2691,1,,2,27000.00,5670.00,1500.00,34170.00,FULFILLED
1000008543,20250330,2693,1,,3,22800.00,4788.00,1500.00,29088.00,FULFILLED
1000008544,20250330,2694,1,,1,15000.00,3150.00,1200.00,19350.00,FULFILLED
1000008545,20250330,2695,1,,4,76950.00,16159.50,0.00,93109.50,FULFILLED
1000008546,20250331,2696,1,,4,36000.00,7560.00,1800.00,45360.00,FULFILLED
1000008547,20250331,2697,1,,4,24000.00,5040.00,1800.00,30840.00,FULFILLED
1000008548,20250331,706,1,,1,51000.00,10710.00,0.00,61710.00,CANCELLED
1000008549,20250331,2260,1,,4,12000.00,2520.00,1800.00,16320.00,FULFILLED
1000008551,20250331,2698,1,,1,12000.00,2520.00,1200.00,15720.00,CANCELLED
1000008552,20250331,1802,1,,4,36000.00,7560.00,1800.00,45360.00,CANCELLED
1000008558,20250331,2434,1,,1,72000.00,15120.00,0.00,87120.00,FULFILLED
1000008560,20250331,913,1,,3,60000.00,12600.00,0.00,72600.00,FULFILLED
1000008561,20250331,703,1,,3,36000.00,7560.00,1500.00,45060.00,FULFILLED
1000008562,20250331,73,1,,2,24000.00,5040.00,1500.00,30540.00,FULFILLED
1000008564,20250401,2209,1,,4,24000.00,5040.00,1800.00,30840.00,FULFILLED
1000008565,20250401,2704,1,,3,15000.00,3150.00,1500.00,19650.00,FULFILLED
1000008566,20250401,2134,1,,2,14250.00,2992.50,1500.00,18742.50,CANCELLED
1000008567,20250401,2705,1,,1,15000.00,3150.00,1200.00,19350.00,FULFILLED
1000008568,20250401,1345,1,,1,12000.00,2520.00,1200.00,15720.00,FULFILLED
1000008569,20250401,2706,1,,4,39000.00,8190.00,1800.00,48990.00,FULFILLED
1000008570,20250401,2035,1,,4,24000.00,5040.00,1800.00,30840.00,FULFILLED
1000008571,20250401,2130,1,,1,22800.00,4788.00,1200.00,28788.00,FULFILLED
1000008576,20250401,1849,1,,1,15000.00,3150.00,1200.00,19350.00,FULFILLED
1000008577,20250401,1500,1,,2,12000.00,2520.00,1500.00,16020.00,FULFILLED
1000008578,20250401,1360,1,,1,15000.00,3150.00,1200.00,19350.00,FULFILLED
1000008579,20250401,2012,1,,1,15000.00,3150.00,1200.00,19350.00,FULFILLED
1000008580,20250402,2710,1,,1,57000.00,11970.00,0.00,68970.00,FULFILLED
1000008581,20250402,2441,1,,1,63000.00,13230.00,0.00,76230.00,FULFILLED
1000008582,20250402,2020,1,,1,12000.00,2520.00,1200.00,15720.00,FULFILLED
1000008583,20250402,2105,1,,1,45000.00,9450.00,0.00,54450.00,FULFILLED
1000008586,20250402,1576,1,,2,27000.00,5670.00,1500.00,34170.00,FULFILLED
1000008587,20250402,836,1,,2,30000.00,6300.00,1500.00,37800.00,FULFILLED
1000008590,20250402,1077,1,,3,12000.00,2520.00,1500.00,16020.00,FULFILLED
1000008591,20250402,2713,1,,1,57000.00,11970.00,0.00,68970.00,FULFILLED
1000008593,20250402,2714,1,,1,15000.00,3150.00,1200.00,19350.00,FULFILLED
1000008595,20250402,1794,1,,3,15000.00,3150.00,1500.00,19650.00,FULFILLED
1000008596,20250402,2036,1,,2,30000.00,6300.00,1500.00,37800.00,FULFILLED
1000008598,20250402,1847,1,,1,12000.00,2520.00,1200.00,15720.00,CANCELLED
1000008599,20250402,2715,1,,1,27000.00,5670.00,1200.00,33870.00,FULFILLED
1000008600,20250402,447,1,,1,81600.00,17136.00,0.00,98736.00,FULFILLED
1000008601,20250403,2638,1,,4,22800.00,4788.00,1800.00,29388.00,FULFILLED
1000008602,20250403,2716,1,,1,12000.00,2520.00,1200.00,15720.00,FULFILLED
1000008603,20250403,41,1,,1,48000.00,10080.00,0.00,58080.00,REFUNDED
1000008607,20250403,644,1,,2,12000.00,2520.00,1500.00,16020.00,FULFILLED
1000008614,20250403,1947,1,,3,30000.00,6300.00,1500.00,37800.00,FULFILLED
1000008615,20250403,1339,1,,2,12000.00,2520.00,1500.00,16020.00,FULFILLED
1000008618,20250403,2717,1,,1,27000.00,5670.00,1200.00,33870.00,FULFILLED
1000008619,20250404,1432,1,,4,63000.00,13230.00,0.00,76230.00,FULFILLED
1000008620,20250404,402,1,,3,24000.00,5040.00,1500.00,30540.00,FULFILLED
1000008623,20250404,2718,1,,3,12000.00,2520.00,1500.00,16020.00,FULFILLED
1000008624,20250404,2270,1,,1,30000.00,6300.00,1200.00,37500.00,FULFILLED
1000008626,20250404,2371,1,,1,15000.00,3150.00,1200.00,19350.00,FULFILLED
1000008630,20250404,2669,1,,1,45000.00,9450.00,0.00,54450.00,FULFILLED
1000008631,20250404,1834,1,,2,60000.00,12600.00,0.00,72600.00,FULFILLED
1000008636,20250404,2274,1,,3,12000.00,2520.00,1500.00,16020.00,FULFILLED
1000008637,20250404,2063,1,,1,45000.00,9450.00,0.00,54450.00,FULFILLED
1000008638,20250405,2719,1,,1,24000.00,5040.00,1200.00,30240.00,FULFILLED
1000008639,20250405,2514,1,,2,24000.00,5040.00,1500.00,30540.00,FULFILLED
1000008640,20250405,2720,1,,1,12000.00,2520.00,1200.00,15720.00,REFUNDED
1000008644,20250405,578,1,,1,39000.00,8190.00,1200.00,48390.00,FULFILLED
1000008645,20250405,2221,1,,3,45000.00,9450.00,0.00,54450.00,FULFILLED
1000008647,20250405,715,1,,2,15000.00,3150.00,1500.00,19650.00,FULFILLED
1000008649,20250405,2723,1,,1,24000.00,5040.00,1200.00,30240.00,FULFILLED
1000008650,20250405,1407,1,,3,12000.00,2520.00,1500.00,16020.00,FULFILLED
1000008652,20250405,469,1,,3,24000.00,5040.00,1500.00,30540.00,FULFILLED
1000008653,20250405,2005,1,,2,27000.00,5670.00,1500.00,34170.00,CANCELLED
1000008654,20250405,1337,1,,1,24000.00,5040.00,1200.00,30240.00,FULFILLED
1000008655,20250406,2462,1,,2,15000.00,3150.00,1500.00,19650.00,FULFILLED
1000008656,20250406,2724,1,,2,24000.00,5040.00,1500.00,30540.00,CANCELLED
1000008657,20250406,369,1,,3,36000.00,7560.00,1500.00,45060.00,FULFILLED
1000008658,20250406,965,1,,1,12000.00,2520.00,1200.00,15720.00,FULFILLED
1000008659,20250406,2726,1,,1,12000.00,2520.00,1200.00,15720.00,FULFILLED
1000008660,20250406,2728,1,,3,30000.00,6300.00,1500.00,37800.00,FULFILLED
1000008661,20250406,1665,1,,2,12000.00,2520.00,1500.00,16020.00,FULFILLED
1000008662,20250406,2095,1,,1,12000.00,2520.00,1200.00,15720.00,FULFILLED
1000008663,20250406,1370,1,,3,24000.00,5040.00,1500.00,30540.00,FULFILLED
1000008664,20250406,122,1,,2,45000.00,9450.00,0.00,54450.00,CANCELLED
1000008665,20250406,2729,1,,2,30000.00,6300.00,1500.00,37800.00,FULFILLED
1000008666,20250406,2182,1,,1,12000.00,2520.00,1200.00,15720.00,FULFILLED
1000008667,20250406,1479,1,,1,48000.00,10080.00,0.00,58080.00,FULFILLED
1000008668,20250406,1866,1,,2,12000.00,2520.00,1500.00,16020.00,FULFILLED
1000008669,20250406,1808,1,,2,42000.00,8820.00,1500.00,52320.00,REFUNDED
1000008670,20250406,2730,1,,4,30000.00,6300.00,1800.00,38100.00,FULFILLED
1000008671,20250406,2092,1,,2,12000.00,2520.00,1500.00,16020.00,FULFILLED
1000008672,20250406,2190,1,,1,24000.00,5040.00,1200.00,30240.00,FULFILLED
1000008673,20250406,1456,1,,2,12000.00,2520.00,1500.00,16020.00,FULFILLED
1000008674,20250406,1306,1,,1,12000.00,2520.00,1200.00,15720.00,FULFILLED
1000008679,20250407,2733,1,,4,61200.00,12852.00,0.00,74052.00,FULFILLED
1000008680,20250407,1660,1,,2,27000.00,5670.00,1500.00,34170.00,FULFILLED
1000008681,20250407,1541,1,,3,36000.00,7560.00,1500.00,45060.00,FULFILLED
1000008682,20250407,1796,1,,1,24000.00,5040.00,1200.00,30240.00,FULFILLED
1000008683,20250407,46,1,,3,15000.00,3150.00,1500.00,19650.00,CANCELLED
1000008684,20250407,629,1,,1,27000.00,5670.00,1200.00,33870.00,FULFILLED
1000008685,20250407,1637,1,,1,12000.00,2520.00,1200.00,15720.00,FULFILLED
1000008686,20250408,871,1,,4,10800.00,2268.00,1800.00,14868.00,CANCELLED
1000008687,20250408,572,1,,3,12000.00,2520.00,1500.00,16020.00,CANCELLED
1000008688,20250408,2111,1,,1,10800.00,2268.00,1200.00,14268.00,FULFILLED
1000008689,20250408,770,1,,1,32400.00,6804.00,1200.00,40404.00,FULFILLED
1000008690,20250408,1002,1,,3,12000.00,2520.00,1500.00,16020.00,FULFILLED
1000008691,20250408,2735,1,,2,72000.00,15120.00,0.00,87120.00,FULFILLED
1000008693,20250408,89,1,,3,24000.00,5040.00,1500.00,30540.00,FULFILLED
1000008697,20250408,1892,1,,3,15000.00,3150.00,1500.00,19650.00,FULFILLED
1000008698,20250408,2738,1,,1,39000.00,8190.00,1200.00,48390.00,REFUNDED
1000008699,20250408,2737,1,,3,24300.00,5103.00,1500.00,30903.00,FULFILLED
1000008701,20250408,2739,1,,2,36000.00,7560.00,1500.00,45060.00,FULFILLED
1000008704,20250408,1773,1,,1,27000.00,5670.00,1200.00,33870.00,CANCELLED
1000008705,20250408,1273,1,,2,54000.00,11340.00,0.00,65340.00,FULFILLED
1000008706,20250408,1882,1,,1,27000.00,5670.00,1200.00,33870.00,FULFILLED
1000008707,20250408,156,1,,1,15000.00,3150.00,1200.00,19350.00,CANCELLED
1000008709,20250408,514,1,,4,10800.00,2268.00,1800.00,14868.00,FULFILLED
1000008710,20250408,2114,1,,1,37800.00,7938.00,1200.00,46938.00,FULFILLED
1000008712,20250408,1756,1,,1,42000.00,8820.00,1200.00,52020.00,FULFILLED
1000008714,20250408,1607,1,,3,51000.00,10710.00,0.00,61710.00,FULFILLED
1000008715,20250408,1864,1,,4,27000.00,5670.00,1800.00,34470.00,FULFILLED
1000008716,20250408,2565,1,,3,15000.00,3150.00,1500.00,19650.00,FULFILLED
1000008717,20250408,1606,1,,2,24000.00,5040.00,1500.00,30540.00,FULFILLED
1000008718,20250408,2454,1,,2,24000.00,5040.00,1500.00,30540.00,FULFILLED
1000008719,20250408,653,1,,3,12000.00,2520.00,1500.00,16020.00,FULFILLED
1000008720,20250408,2742,1,,1,36000.00,7560.00,1200.00,44760.00,CANCELLED
1000008721,20250409,425,1,,3,27000.00,5670.00,1500.00,34170.00,CANCELLED
1000008722,20250409,2411,1,,3,36000.00,7560.00,1500.00,45060.00,FULFILLED
1000008723,20250409,411,1,,1,15000.00,3150.00,1200.00,19350.00,FULFILLED
1000008724,20250409,1001,1,,3,15000.00,3150.00,1500.00,19650.00,FULFILLED
1000008725,20250409,2681,1,,1,36000.00,7560.00,1200.00,44760.00,FULFILLED
1000008726,20250409,2743,1,,1,30000.00,6300.00,1200.00,37500.00,REFUNDED
1000008728,20250409,2362,1,,1,15000.00,3150.00,1200.00,19350.00,FULFILLED
1000008729,20250409,812,1,,2,12000.00,2520.00,1500.00,16020.00,FULFILLED
1000008730,20250409,1499,1,,3,63000.00,13230.00,0.00,76230.00,FULFILLED
1000008731,20250409,1350,1,,3,108000.00,22680.00,0.00,130680.00,FULFILLED
1000008733,20250409,2744,1,,1,12000.00,2520.00,1200.00,15720.00,FULFILLED
1000008734,20250409,2478,1,,2,24000.00,5040.00,1500.00,30540.00,FULFILLED
1000008735,20250409,696,1,,3,15000.00,3150.00,1500.00,19650.00,FULFILLED
1000008736,20250409,1604,1,,2,12000.00,2520.00,1500.00,16020.00,CANCELLED
1000008738,20250409,1687,1,,1,12000.00,2520.00,1200.00,15720.00,REFUNDED
1000008739,20250409,2294,1,,3,27000.00,5670.00,1500.00,34170.00,FULFILLED
1000008740,20250409,1110,1,,4,27000.00,5670.00,1800.00,34470.00,CANCELLED
1000008741,20250409,2745,1,,2,24000.00,5040.00,1500.00,30540.00,FULFILLED
1000008742,20250410,2746,1,,1,12000.00,2520.00,1200.00,15720.00,FULFILLED
1000008743,20250410,26,1,,1,12000.00,2520.00,1200.00,15720.00,FULFILLED
1000008745,20250410,2747,1,,1,15000.00,3150.00,1200.00,19350.00,FULFILLED
1000008748,20250410,930,1,,1,36000.00,7560.00,1200.00,44760.00,FULFILLED
1000008750,20250410,2750,1,,3,60000.00,12600.00,0.00,72600.00,FULFILLED
1000008752,20250410,2139,1,,1,27000.00,5670.00,1200.00,33870.00,FULFILLED
1000008753,20250410,2752,1,,1,42000.00,8820.00,1200.00,52020.00,FULFILLED
1000008754,20250410,2751,1,,2,15000.00,3150.00,1500.00,19650.00,FULFILLED
1000008755,20250410,1449,1,,1,24000.00,5040.00,1200.00,30240.00,CANCELLED
1000008756,20250410,1015,1,,3,12000.00,2520.00,1500.00,16020.00,FULFILLED
1000008757,20250410,2753,1,,1,15000.00,3150.00,1200.00,19350.00,CANCELLED
1000008758,20250410,671,1,,1,12000.00,2520.00,1200.00,15720.00,FULFILLED
1000008759,20250410,2006,1,,2,36000.00,7560.00,1500.00,45060.00,FULFILLED
1000008760,20250410,2141,1,,2,24000.00,5040.00,1500.00,30540.00,FULFILLED
1000008761,20250410,2755,1,,1,36000.00,7560.00,1200.00,44760.00,FULFILLED
1000008762,20250411,2519,1,,1,12000.00,2520.00,1200.00,15720.00,FULFILLED
1000008763,20250411,2756,1,,3,24000.00,5040.00,1500.00,30540.00,CANCELLED
1000008764,20250411,2757,1,,2,12000.00,2520.00,1500.00,16020.00,FULFILLED
1000008765,20250411,2083,1,,2,12000.00,2520.00,1500.00,16020.00,CANCELLED
1000008766,20250411,1423,1,,1,12000.00,2520.00,1200.00,15720.00,FULFILLED
1000008768,20250411,667,1,,2,12000.00,2520.00,1500.00,16020.00,FULFILLED
1000008769,20250411,1973,1,,2,42000.00,8820.00,1500.00,52320.00,CANCELLED
1000008770,20250411,2172,1,,1,30000.00,6300.00,1200.00,37500.00,FULFILLED
1000008776,20250411,2759,1,,1,57000.00,11970.00,0.00,68970.00,FULFILLED
1000008777,20250411,2379,1,,1,24000.00,5040.00,1200.00,30240.00,FULFILLED
1000008779,20250411,1159,1,,1,27000.00,5670.00,1200.00,33870.00,FULFILLED
1000008780,20250411,2663,1,,1,12000.00,2520.00,1200.00,15720.00,CANCELLED
1000008781,20250411,1926,1,,2,15000.00,3150.00,1500.00,19650.00,FULFILLED
1000008782,20250411,2343,1,,1,15000.00,3150.00,1200.00,19350.00,CANCELLED
1000008783,20250411,2760,1,,1,36000.00,7560.00,1200.00,44760.00,FULFILLED
1000008784,20250411,1516,1,,2,24000.00,5040.00,1500.00,30540.00,FULFILLED
1000008785,20250411,1772,1,,3,39000.00,8190.00,1500.00,48690.00,FULFILLED
1000008786,20250411,2639,1,,1,60000.00,12600.00,0.00,72600.00,CANCELLED
1000008787,20250412,2761,1,,2,30000.00,6300.00,1500.00,37800.00,FULFILLED
1000008788,20250412,1823,1,,4,48000.00,10080.00,0.00,58080.00,CANCELLED
1000008789,20250412,1437,1,,3,12000.00,2520.00,1500.00,16020.00,FULFILLED
1000008790,20250412,1954,1,,1,27000.00,5670.00,1200.00,33870.00,FULFILLED
1000008791,20250412,2762,1,,3,57000.00,11970.00,0.00,68970.00,FULFILLED
1000008793,20250412,1871,1,,4,14250.00,2992.50,1800.00,19042.50,FULFILLED
1000008794,20250412,1313,1,,2,27000.00,5670.00,1500.00,34170.00,FULFILLED
1000008797,20250412,1835,1,,3,15000.00,3150.00,1500.00,19650.00,FULFILLED
1000008801,20250412,2766,1,,4,39000.00,8190.00,1800.00,48990.00,FULFILLED
1000008802,20250412,2767,1,,4,48000.00,10080.00,0.00,58080.00,FULFILLED
1000008803,20250412,1797,1,,1,15000.00,3150.00,1200.00,19350.00,FULFILLED
1000008804,20250412,280,1,,2,54000.00,11340.00,0.00,65340.00,FULFILLED
1000008805,20250412,1788,1,,1,27000.00,5670.00,1200.00,33870.00,CANCELLED
1000008806,20250413,636,1,,4,24000.00,5040.00,1800.00,30840.00,FULFILLED
1000008807,20250413,2768,1,,3,36000.00,7560.00,1500.00,45060.00,FULFILLED
1000008808,20250413,2769,1,,4,12000.00,2520.00,1800.00,16320.00,FULFILLED
1000008809,20250413,716,1,,1,45000.00,9450.00,0.00,54450.00,CANCELLED
1000008810,20250413,2480,1,,1,12000.00,2520.00,1200.00,15720.00,FULFILLED
1000008811,20250413,477,1,,3,12000.00,2520.00,1500.00,16020.00,FULFILLED
1000008812,20250413,2770,1,,1,24000.00,5040.00,1200.00,30240.00,FULFILLED
1000008813,20250413,2261,1,,1,15000.00,3150.00,1200.00,19350.00,FULFILLED
1000008814,20250413,1605,1,,4,12000.00,2520.00,1800.00,16320.00,FULFILLED
1000008815,20250413,2772,1,,1,30000.00,6300.00,1200.00,37500.00,FULFILLED
1000008816,20250413,2771,1,,1,12000.00,2520.00,1200.00,15720.00,CANCELLED
1000008817,20250413,1143,1,,4,27000.00,5670.00,1800.00,34470.00,FULFILLED
1000008818,20250413,2773,1,,2,15000.00,3150.00,1500.00,19650.00,FULFILLED
1000008819,20250413,1729,1,,2,84000.00,17640.00,0.00,101640.00,FULFILLED
1000008820,20250413,633,1,,3,63000.00,13230.00,0.00,76230.00,FULFILLED
1000008821,20250414,2273,1,,1,15000.00,3150.00,1200.00,19350.00,FULFILLED
1000008824,20250414,2404,1,,1,57000.00,11970.00,0.00,68970.00,FULFILLED
1000008826,20250414,1993,1,,3,15000.00,3150.00,1500.00,19650.00,FULFILLED
1000008827,20250414,1057,1,,4,39000.00,8190.00,1800.00,48990.00,FULFILLED
1000008828,20250414,1329,1,,1,36000.00,7560.00,1200.00,44760.00,FULFILLED
1000008830,20250414,1046,1,,1,12000.00,2520.00,1200.00,15720.00,FULFILLED
1000008832,20250414,332,1,,3,15000.00,3150.00,1500.00,19650.00,FULFILLED
1000008833,20250414,1977,1,,3,45000.00,9450.00,0.00,54450.00,FULFILLED
1000008837,20250414,2571,1,,3,45000.00,9450.00,0.00,54450.00,FULFILLED
1000008842,20250414,1538,1,,2,24000.00,5040.00,1500.00,30540.00,FULFILLED
1000008843,20250414,2193,1,,1,12000.00,2520.00,1200.00,15720.00,FULFILLED
1000008844,20250414,2690,1,,1,27000.00,5670.00,1200.00,33870.00,FULFILLED
1000008845,20250414,2714,1,,1,54000.00,11340.00,0.00,65340.00,FULFILLED
1000008846,20250415,705,1,,2,30000.00,6300.00,1500.00,37800.00,FULFILLED
1000008847,20250415,2776,1,,1,51000.00,10710.00,0.00,61710.00,FULFILLED
1000008848,20250415,2580,1,,1,27000.00,5670.00,1200.00,33870.00,FULFILLED
1000008853,20250415,2777,1,,1,24000.00,5040.00,1200.00,30240.00,FULFILLED
1000008854,20250415,373,1,,4,30000.00,6300.00,1800.00,38100.00,FULFILLED
1000008855,20250415,512,1,,2,12000.00,2520.00,1500.00,16020.00,FULFILLED
1000008857,20250415,176,1,,1,12000.00,2520.00,1200.00,15720.00,FULFILLED
1000008860,20250415,2779,1,,1,57000.00,11970.00,0.00,68970.00,FULFILLED
1000008861,20250415,1268,1,,3,24000.00,5040.00,1500.00,30540.00,FULFILLED
1000008862,20250415,2204,1,,3,69000.00,14490.00,0.00,83490.00,REFUNDED
1000008863,20250415,2780,1,,1,39900.00,8379.00,1200.00,49479.00,FULFILLED
1000008864,20250415,2148,1,,1,12000.00,2520.00,1200.00,15720.00,FULFILLED
1000008865,20250415,2781,1,,3,81000.00,17010.00,0.00,98010.00,FULFILLED
1000008866,20250415,1070,1,,3,12000.00,2520.00,1500.00,16020.00,FULFILLED
1000008867,20250415,2782,1,,1,27000.00,5670.00,1200.00,33870.00,FULFILLED
1000008868,20250416,1766,1,,2,24000.00,5040.00,1500.00,30540.00,CANCELLED
1000008872,20250416,1989,1,,1,30000.00,6300.00,1200.00,37500.00,REFUNDED
1000008874,20250416,1949,1,,1,36000.00,7560.00,1200.00,44760.00,FULFILLED
1000008875,20250416,84,1,,1,22800.00,4788.00,1200.00,28788.00,CANCELLED
1000008876,20250416,1543,1,,1,42000.00,8820.00,1200.00,52020.00,FULFILLED
1000008880,20250416,1555,1,,2,15000.00,3150.00,1500.00,19650.00,FULFILLED
1000008881,20250416,2682,1,,1,42750.00,8977.50,1200.00,52927.50,FULFILLED
1000008883,20250416,2560,1,,1,24000.00,5040.00,1200.00,30240.00,FULFILLED
1000008884,20250416,2082,1,,3,15000.00,3150.00,1500.00,19650.00,FULFILLED
1000008885,20250416,2429,1,,3,37050.00,7780.50,1500.00,46330.50,FULFILLED
1000008886,20250417,2244,1,,2,15000.00,3150.00,1500.00,19650.00,FULFILLED
1000008887,20250417,1387,1,,3,12000.00,2520.00,1500.00,16020.00,FULFILLED
1000008888,20250417,1828,1,,4,51000.00,10710.00,0.00,61710.00,FULFILLED
1000008889,20250417,2369,1,,2,12000.00,2520.00,1500.00,16020.00,FULFILLED
1000008890,20250417,2403,1,,1,48000.00,10080.00,0.00,58080.00,FULFILLED
1000008892,20250417,2500,1,,1,27000.00,5670.00,1200.00,33870.00,FULFILLED
1000008893,20250417,913,1,,3,15000.00,3150.00,1500.00,19650.00,FULFILLED
1000008894,20250417,1422,1,,1,30000.00,6300.00,1200.00,37500.00,CANCELLED
1000008895,20250417,2640,1,,2,15000.00,3150.00,1500.00,19650.00,FULFILLED
1000008897,20250417,2396,1,,1,12000.00,2520.00,1200.00,15720.00,FULFILLED
1000008898,20250417,2528,1,,3,48000.00,10080.00,0.00,58080.00,FULFILLED
1000008899,20250417,2521,1,,2,178500.00,37485.00,0.00,215985.00,FULFILLED
1000008900,20250418,2372,1,,2,11400.00,2394.00,1500.00,15294.00,FULFILLED
1000008901,20250418,1003,1,,3,24000.00,5040.00,1500.00,30540.00,FULFILLED
1000008902,20250418,1420,1,,1,24000.00,5040.00,1200.00,30240.00,FULFILLED
1000008903,20250418,2103,1,,4,12000.00,2520.00,1800.00,16320.00,FULFILLED
1000008904,20250418,2785,1,,1,15000.00,3150.00,1200.00,19350.00,FULFILLED
1000008909,20250418,2786,1,,1,24000.00,5040.00,1200.00,30240.00,FULFILLED
1000008910,20250418,2280,1,,3,25650.00,5386.50,1500.00,32536.50,FULFILLED
1000008911,20250418,2457,1,,1,15000.00,3150.00,1200.00,19350.00,FULFILLED
1000008912,20250419,2260,1,,4,42000.00,8820.00,1800.00,52620.00,FULFILLED
1000008913,20250419,284,1,,3,45000.00,9450.00,0.00,54450.00,FULFILLED
1000008914,20250419,2597,1,,4,12000.00,2520.00,1800.00,16320.00,FULFILLED
1000008918,20250419,2163,1,,1,30000.00,6300.00,1200.00,37500.00,FULFILLED
1000008919,20250419,1509,1,,3,30000.00,6300.00,1500.00,37800.00,FULFILLED
1000008922,20250419,11,1,,4,15000.00,3150.00,1800.00,19950.00,FULFILLED
1000008924,20250419,1598,1,,4,36000.00,7560.00,1800.00,45360.00,CANCELLED
1000008926,20250419,983,1,,1,39000.00,8190.00,1200.00,48390.00,FULFILLED
1000008933,20250419,1363,1,,3,42000.00,8820.00,1500.00,52320.00,FULFILLED
1000008936,20250420,2004,1,,3,27000.00,5670.00,1500.00,34170.00,FULFILLED
1000008937,20250420,2790,1,,2,27000.00,5670.00,1500.00,34170.00,FULFILLED
1000008938,20250420,2791,1,,3,42000.00,8820.00,1500.00,52320.00,FULFILLED
1000008939,20250420,2792,1,,4,15000.00,3150.00,1800.00,19950.00,FULFILLED
1000008940,20250420,235,1,,1,12000.00,2520.00,1200.00,15720.00,FULFILLED
1000008941,20250420,2793,1,,2,45000.00,9450.00,0.00,54450.00,FULFILLED
1000008942,20250420,1600,1,,2,45000.00,9450.00,0.00,54450.00,CANCELLED
1000008943,20250420,1754,1,,1,39000.00,8190.00,1200.00,48390.00,FULFILLED
1000008944,20250420,2693,1,,3,24000.00,5040.00,1500.00,30540.00,FULFILLED
1000008945,20250420,2794,1,,3,15000.00,3150.00,1500.00,19650.00,FULFILLED
1000008946,20250420,1174,1,,2,27000.00,5670.00,1500.00,34170.00,FULFILLED
1000008947,20250421,1633,1,,4,12000.00,2520.00,1800.00,16320.00,FULFILLED
1000008948,20250421,2795,1,,3,12000.00,2520.00,1500.00,16020.00,FULFILLED
1000008949,20250421,2670,1,,3,36000.00,7560.00,1500.00,45060.00,FULFILLED
1000008957,20250421,2420,1,,2,24000.00,5040.00,1500.00,30540.00,FULFILLED
1000008958,20250421,2059,1,,3,39000.00,8190.00,1500.00,48690.00,FULFILLED
1000008960,20250421,1799,1,,2,15000.00,3150.00,1500.00,19650.00,REFUNDED
1000008961,20250421,946,1,,1,45000.00,9450.00,0.00,54450.00,CANCELLED
1000008962,20250421,1946,1,,2,45000.00,9450.00,0.00,54450.00,FULFILLED
1000008964,20250421,2797,1,,1,24000.00,5040.00,1200.00,30240.00,FULFILLED
1000008966,20250421,2798,1,,3,12000.00,2520.00,1500.00,16020.00,FULFILLED
1000008968,20250421,2799,1,,3,42000.00,8820.00,1500.00,52320.00,FULFILLED
1000008969,20250421,681,1,,1,39000.00,8190.00,1200.00,48390.00,FULFILLED
1000008970,20250422,1638,1,,4,36000.00,7560.00,1800.00,45360.00,FULFILLED
1000008971,20250422,2630,1,,3,12000.00,2520.00,1500.00,16020.00,CANCELLED
1000008972,20250422,703,1,,3,64800.00,13608.00,0.00,78408.00,FULFILLED
1000008973,20250422,2476,1,,3,39000.00,8190.00,1500.00,48690.00,FULFILLED
1000008975,20250422,1684,1,,1,12000.00,2520.00,1200.00,15720.00,FULFILLED
1000008977,20250422,2046,1,,3,27000.00,5670.00,1500.00,34170.00,FULFILLED
1000008978,20250422,1841,1,,1,37800.00,7938.00,1200.00,46938.00,FULFILLED
1000008979,20250422,116,1,,1,10800.00,2268.00,1200.00,14268.00,FULFILLED
1000008980,20250422,2289,1,,2,21600.00,4536.00,1500.00,27636.00,FULFILLED
1000008981,20250422,2801,1,,2,27000.00,5670.00,1500.00,34170.00,FULFILLED
1000008982,20250422,2060,1,,1,12000.00,2520.00,1200.00,15720.00,FULFILLED
1000008984,20250422,651,1,,1,15000.00,3150.00,1200.00,19350.00,CANCELLED
1000008985,20250422,2634,1,,4,24000.00,5040.00,1800.00,30840.00,FULFILLED
1000008986,20250422,2614,1,,3,24000.00,5040.00,1500.00,30540.00,FULFILLED
1000008987,20250422,2802,1,,1,60000.00,12600.00,0.00,72600.00,FULFILLED
1000008988,20250422,494,1,,1,15000.00,3150.00,1200.00,19350.00,FULFILLED
1000008989,20250422,2554,1,,2,12000.00,2520.00,1500.00,16020.00,FULFILLED
1000008990,20250422,1360,1,,1,13500.00,2835.00,1200.00,17535.00,FULFILLED
1000008991,20250423,2359,1,,1,39000.00,8190.00,1200.00,48390.00,FULFILLED
1000008992,20250423,2803,1,,2,12000.00,2520.00,1500.00,16020.00,FULFILLED
1000008996,20250423,2804,1,,1,15000.00,3150.00,1200.00,19350.00,FULFILLED
1000008997,20250423,1580,1,,1,15000.00,3150.00,1200.00,19350.00,FULFILLED
1000009001,20250423,2806,1,,1,24000.00,5040.00,1200.00,30240.00,FULFILLED
1000009003,20250423,2357,1,,2,66000.00,13860.00,0.00,79860.00,FULFILLED
1000009005,20250423,316,1,,1,27000.00,5670.00,1200.00,33870.00,FULFILLED
1000009006,20250423,1016,1,,1,24000.00,5040.00,1200.00,30240.00,FULFILLED
1000009007,20250423,1109,1,,4,12000.00,2520.00,1800.00,16320.00,FULFILLED
1000009008,20250424,2711,1,,2,24000.00,5040.00,1500.00,30540.00,CANCELLED
1000009010,20250424,2808,1,,1,24000.00,5040.00,1200.00,30240.00,FULFILLED
1000009011,20250424,668,1,,2,36000.00,7560.00,1500.00,45060.00,FULFILLED
1000009014,20250424,1213,1,,2,24000.00,5040.00,1500.00,30540.00,CANCELLED
1000009016,20250424,1012,1,,2,12000.00,2520.00,1500.00,16020.00,FULFILLED
1000009017,20250424,1983,1,,2,24000.00,5040.00,1500.00,30540.00,FULFILLED
1000009018,20250424,2184,1,,1,12000.00,2520.00,1200.00,15720.00,FULFILLED
1000009019,20250424,595,1,,3,30000.00,6300.00,1500.00,37800.00,CANCELLED
1000009020,20250424,2602,1,,1,30000.00,6300.00,1200.00,37500.00,FULFILLED
1000009021,20250425,2627,1,,2,27000.00,5670.00,1500.00,34170.00,REFUNDED
1000009022,20250425,2303,1,,1,27000.00,5670.00,1200.00,33870.00,FULFILLED
1000009024,20250425,1429,1,,2,57000.00,11970.00,0.00,68970.00,FULFILLED
1000009025,20250425,1302,1,,3,14250.00,2992.50,1500.00,18742.50,FULFILLED
1000009026,20250425,2809,1,,1,39000.00,8190.00,1200.00,48390.00,FULFILLED
1000009027,20250425,2810,1,,2,24000.00,5040.00,1500.00,30540.00,FULFILLED
1000009028,20250425,1521,1,,1,45000.00,9450.00,0.00,54450.00,FULFILLED
1000009031,20250425,2550,1,,2,48450.00,10174.50,0.00,58624.50,FULFILLED
1000009032,20250425,2443,1,,4,15000.00,3150.00,1800.00,19950.00,FULFILLED
1000009033,20250425,2628,1,,3,12000.00,2520.00,1500.00,16020.00,FULFILLED
1000009035,20250425,2516,1,,3,93000.00,19530.00,0.00,112530.00,FULFILLED
1000009036,20250426,2813,1,,4,12000.00,2520.00,1800.00,16320.00,FULFILLED
1000009037,20250426,2814,1,,2,39000.00,8190.00,1500.00,48690.00,FULFILLED
1000009039,20250426,2815,1,,2,45000.00,9450.00,0.00,54450.00,FULFILLED
1000009044,20250426,1553,1,,1,24000.00,5040.00,1200.00,30240.00,FULFILLED
1000009050,20250426,2069,1,,3,30000.00,6300.00,1500.00,37800.00,FULFILLED
1000009051,20250426,1980,1,,3,15000.00,3150.00,1500.00,19650.00,REFUNDED
1000009056,20250426,497,1,,1,24000.00,5040.00,1200.00,30240.00,FULFILLED
1000009057,20250426,2819,1,,1,15000.00,3150.00,1200.00,19350.00,REFUNDED
1000009058,20250426,70,1,,1,12000.00,2520.00,1200.00,15720.00,CANCELLED
1000009059,20250426,667,1,,2,12000.00,2520.00,1500.00,16020.00,FULFILLED
1000009060,20250426,296,1,,2,15000.00,3150.00,1500.00,19650.00,FULFILLED
1000009061,20250427,2587,1,,3,15000.00,3150.00,1500.00,19650.00,CANCELLED
1000009062,20250427,2820,1,,2,66000.00,13860.00,0.00,79860.00,CANCELLED
1000009063,20250427,1707,1,,4,15000.00,3150.00,1800.00,19950.00,FULFILLED
1000009064,20250427,1275,1,,4,30000.00,6300.00,1800.00,38100.00,FULFILLED
1000009065,20250427,2469,1,,1,60000.00,12600.00,0.00,72600.00,FULFILLED
1000009066,20250427,420,1,,1,36000.00,7560.00,1200.00,44760.00,FULFILLED
1000009067,20250427,2821,1,,4,27000.00,5670.00,1800.00,34470.00,FULFILLED
1000009068,20250427,2337,1,,3,24000.00,5040.00,1500.00,30540.00,FULFILLED
1000009069,20250427,2823,1,,1,12000.00,2520.00,1200.00,15720.00,FULFILLED
1000009070,20250428,2410,1,,3,27000.00,5670.00,1500.00,34170.00,FULFILLED
1000009071,20250428,2824,1,,2,15000.00,3150.00,1500.00,19650.00,FULFILLED
1000009072,20250428,2023,1,,3,11400.00,2394.00,1500.00,15294.00,FULFILLED
1000009073,20250428,2072,1,,1,12000.00,2520.00,1200.00,15720.00,FULFILLED
1000009075,20250428,2778,1,,1,12000.00,2520.00,1200.00,15720.00,CANCELLED
1000009076,20250428,375,1,,3,72000.00,15120.00,0.00,87120.00,CANCELLED
1000009079,20250428,2229,1,,1,57000.00,11970.00,0.00,68970.00,FULFILLED
1000009080,20250428,2825,1,,1,24000.00,5040.00,1200.00,30240.00,FULFILLED
1000009081,20250428,2190,1,,1,36000.00,7560.00,1200.00,44760.00,FULFILLED
1000009082,20250428,1534,1,,3,36000.00,7560.00,1500.00,45060.00,CANCELLED
1000009083,20250428,1872,1,,3,15000.00,3150.00,1500.00,19650.00,FULFILLED
1000009084,20250428,1359,1,,4,27000.00,5670.00,1800.00,34470.00,FULFILLED
1000009085,20250429,2826,1,,2,60000.00,12600.00,0.00,72600.00,FULFILLED
1000009089,20250429,1249,1,,1,54000.00,11340.00,0.00,65340.00,FULFILLED
1000009090,20250429,2169,1,,1,27000.00,5670.00,1200.00,33870.00,FULFILLED
1000009093,20250429,2827,1,,1,12000.00,2520.00,1200.00,15720.00,FULFILLED
1000009095,20250429,2033,1,,1,24000.00,5040.00,1200.00,30240.00,FULFILLED
1000009096,20250429,69,1,,4,24000.00,5040.00,1800.00,30840.00,FULFILLED
1000009097,20250429,1380,1,,1,12000.00,2520.00,1200.00,15720.00,CANCELLED
1000009104,20250429,1561,1,,1,30000.00,6300.00,1200.00,37500.00,FULFILLED
1000009105,20250429,633,1,,3,51300.00,10773.00,0.00,62073.00,FULFILLED
1000009106,20250430,354,1,,3,12000.00,2520.00,1500.00,16020.00,FULFILLED
1000009107,20250430,1437,1,,3,15000.00,3150.00,1500.00,19650.00,FULFILLED
1000009117,20250430,2691,1,,2,24000.00,5040.00,1500.00,30540.00,REFUNDED
1000009119,20250430,1887,1,,3,30000.00,6300.00,1500.00,37800.00,FULFILLED
1000009120,20250430,1233,1,,2,14250.00,2992.50,1500.00,18742.50,FULFILLED
1000009121,20250501,300,1,,3,12000.00,2520.00,1500.00,16020.00,FULFILLED
1000009122,20250501,68,1,,1,60000.00,12600.00,0.00,72600.00,CANCELLED
1000009123,20250501,1922,1,,4,12000.00,2520.00,1800.00,16320.00,FULFILLED
1000009124,20250501,2660,1,,1,15000.00,3150.00,1200.00,19350.00,FULFILLED
1000009125,20250501,172,1,,2,24000.00,5040.00,1500.00,30540.00,FULFILLED
1000009126,20250501,2830,1,,1,14250.00,2992.50,1200.00,18442.50,CANCELLED
1000009127,20250501,852,1,,4,15000.00,3150.00,1800.00,19950.00,CANCELLED
1000009128,20250501,2085,1,,2,48000.00,10080.00,0.00,58080.00,FULFILLED
1000009129,20250501,173,1,,1,36000.00,7560.00,1200.00,44760.00,FULFILLED
1000009130,20250501,2795,1,,3,51000.00,10710.00,0.00,61710.00,FULFILLED
1000009131,20250501,2020,1,,1,45600.00,9576.00,0.00,55176.00,FULFILLED
1000009132,20250501,2150,1,,4,48000.00,10080.00,0.00,58080.00,FULFILLED
1000009133,20250501,339,1,,2,24000.00,5040.00,1500.00,30540.00,FULFILLED
1000009134,20250501,644,1,,2,51000.00,10710.00,0.00,61710.00,FULFILLED
1000009135,20250501,2194,1,,1,12000.00,2520.00,1200.00,15720.00,FULFILLED
1000009136,20250501,2606,1,,2,12000.00,2520.00,1500.00,16020.00,FULFILLED
1000009137,20250501,2831,1,,3,51000.00,10710.00,0.00,61710.00,CANCELLED
1000009138,20250502,2716,1,,1,15000.00,3150.00,1200.00,19350.00,FULFILLED
1000009139,20250502,2797,1,,1,12000.00,2520.00,1200.00,15720.00,CANCELLED
1000009140,20250502,572,1,,3,24000.00,5040.00,1500.00,30540.00,FULFILLED
1000009141,20250502,1571,1,,2,36000.00,7560.00,1500.00,45060.00,FULFILLED
1000009142,20250502,112,1,,1,36000.00,7560.00,1200.00,44760.00,CANCELLED
1000009144,20250502,1659,1,,1,24000.00,5040.00,1200.00,30240.00,FULFILLED
1000009145,20250502,2493,1,,2,81000.00,17010.00,0.00,98010.00,FULFILLED
1000009146,20250502,2832,1,,3,24000.00,5040.00,1500.00,30540.00,FULFILLED
1000009149,20250502,996,1,,2,60000.00,12600.00,0.00,72600.00,FULFILLED
1000009152,20250502,2833,1,,1,15000.00,3150.00,1200.00,19350.00,FULFILLED
1000009155,20250502,2351,1,,1,12000.00,2520.00,1200.00,15720.00,FULFILLED
1000009157,20250503,1992,1,,1,42000.00,8820.00,1200.00,52020.00,CANCELLED
1000009159,20250503,1849,1,,1,69000.00,14490.00,0.00,83490.00,FULFILLED
1000009163,20250503,1252,1,,1,12000.00,2520.00,1200.00,15720.00,FULFILLED
1000009170,20250503,2837,1,,2,15000.00,3150.00,1500.00,19650.00,FULFILLED
1000009171,20250503,1633,1,,4,15000.00,3150.00,1800.00,19950.00,FULFILLED
1000009172,20250503,2838,1,,3,27000.00,5670.00,1500.00,34170.00,FULFILLED
1000009173,20250503,342,1,,3,24000.00,5040.00,1500.00,30540.00,FULFILLED
1000009174,20250504,1885,1,,4,15000.00,3150.00,1800.00,19950.00,FULFILLED
1000009175,20250504,2491,1,,1,15000.00,3150.00,1200.00,19350.00,FULFILLED
1000009176,20250504,895,1,,3,11400.00,2394.00,1500.00,15294.00,FULFILLED
1000009177,20250504,1547,1,,2,36000.00,7560.00,1500.00,45060.00,FULFILLED
1000009178,20250504,2839,1,,1,24000.00,5040.00,1200.00,30240.00,FULFILLED
1000009179,20250504,1834,1,,2,12000.00,2520.00,1500.00,16020.00,FULFILLED
1000009180,20250504,48,1,,2,12000.00,2520.00,1500.00,16020.00,FULFILLED
1000009181,20250504,405,1,,4,12000.00,2520.00,1800.00,16320.00,FULFILLED
1000009182,20250504,1194,1,,3,30000.00,6300.00,1500.00,37800.00,FULFILLED
1000009183,20250504,2760,1,,1,12000.00,2520.00,1200.00,15720.00,FULFILLED
1000009184,20250504,2439,1,,3,24000.00,5040.00,1500.00,30540.00,FULFILLED
1000009185,20250504,2371,1,,1,54000.00,11340.00,0.00,65340.00,FULFILLED
1000009186,20250504,1088,1,,2,12000.00,2520.00,1500.00,16020.00,FULFILLED
1000009187,20250504,1096,1,,1,57000.00,11970.00,0.00,68970.00,FULFILLED
1000009188,20250505,1971,1,,1,27000.00,5670.00,1200.00,33870.00,FULFILLED
1000009189,20250505,2487,1,,1,12000.00,2520.00,1200.00,15720.00,FULFILLED
1000009190,20250505,2840,1,,3,15000.00,3150.00,1500.00,19650.00,FULFILLED
1000009191,20250505,2405,1,,4,36000.00,7560.00,1800.00,45360.00,FULFILLED
1000009193,20250505,2841,1,,4,27000.00,5670.00,1800.00,34470.00,FULFILLED
1000009196,20250505,2595,1,,1,12000.00,2520.00,1200.00,15720.00,FULFILLED
1000009198,20250505,783,1,,1,39000.00,8190.00,1200.00,48390.00,FULFILLED
1000009199,20250505,2842,1,,3,45000.00,9450.00,0.00,54450.00,FULFILLED
1000009202,20250505,739,1,,2,15000.00,3150.00,1500.00,19650.00,FULFILLED
1000009203,20250505,2843,1,,1,15000.00,3150.00,1200.00,19350.00,CANCELLED
1000009204,20250505,1244,1,,1,12000.00,2520.00,1200.00,15720.00,FULFILLED
1000009205,20250505,1555,1,,2,15000.00,3150.00,1500.00,19650.00,FULFILLED
1000009206,20250505,1814,1,,4,14250.00,2992.50,1800.00,19042.50,FULFILLED
1000009207,20250506,1783,1,,3,54000.00,11340.00,0.00,65340.00,FULFILLED
1000009208,20250506,2844,1,,2,30000.00,6300.00,1500.00,37800.00,FULFILLED
1000009209,20250506,1239,1,,1,15000.00,3150.00,1200.00,19350.00,FULFILLED
1000009210,20250506,380,1,,3,72000.00,15120.00,0.00,87120.00,FULFILLED
1000009212,20250506,20,1,,1,30000.00,6300.00,1200.00,37500.00,FULFILLED
1000009214,20250506,2845,1,,2,12000.00,2520.00,1500.00,16020.00,FULFILLED
1000009217,20250506,2440,1,,2,39000.00,8190.00,1500.00,48690.00,FULFILLED
1000009218,20250506,334,1,,1,15000.00,3150.00,1200.00,19350.00,FULFILLED
1000009222,20250506,1360,1,,1,24000.00,5040.00,1200.00,30240.00,CANCELLED
1000009223,20250506,994,1,,1,42000.00,8820.00,1200.00,52020.00,FULFILLED
1000009225,20250506,2739,1,,2,15000.00,3150.00,1500.00,19650.00,FULFILLED
1000009226,20250506,2501,1,,3,27000.00,5670.00,1500.00,34170.00,FULFILLED
1000009229,20250506,2087,1,,1,39000.00,8190.00,1200.00,48390.00,FULFILLED
1000009231,20250506,1114,1,,4,30000.00,6300.00,1800.00,38100.00,FULFILLED
1000009232,20250506,1972,1,,4,12000.00,2520.00,1800.00,16320.00,FULFILLED
1000009233,20250506,579,1,,1,27000.00,5670.00,1200.00,33870.00,FULFILLED
1000009234,20250506,1650,1,,1,36000.00,7560.00,1200.00,44760.00,FULFILLED
1000009235,20250506,2846,1,,1,30000.00,6300.00,1200.00,37500.00,FULFILLED
1000009236,20250506,2274,1,,3,12000.00,2520.00,1500.00,16020.00,FULFILLED
1000009237,20250507,1637,1,,1,27000.00,5670.00,1200.00,33870.00,FULFILLED
1000009238,20250507,2267,1,,1,36000.00,7560.00,1200.00,44760.00,FULFILLED
1000009239,20250507,2717,1,,1,42000.00,8820.00,1200.00,52020.00,FULFILLED
1000009242,20250507,2141,1,,2,39900.00,8379.00,1500.00,49779.00,FULFILLED
1000009243,20250507,411,1,,1,36000.00,7560.00,1200.00,44760.00,FULFILLED
1000009245,20250507,1806,1,,1,30000.00,6300.00,1200.00,37500.00,FULFILLED
1000009246,20250507,2683,1,,1,27000.00,5670.00,1200.00,33870.00,FULFILLED
1000009247,20250507,2352,1,,4,12000.00,2520.00,1800.00,16320.00,FULFILLED
1000009248,20250507,422,1,,3,39000.00,8190.00,1500.00,48690.00,FULFILLED
1000009249,20250507,2206,1,,1,45000.00,9450.00,0.00,54450.00,FULFILLED
1000009250,20250508,125,1,,3,108000.00,22680.00,0.00,130680.00,FULFILLED
1000009251,20250508,2848,1,,1,15000.00,3150.00,1200.00,19350.00,FULFILLED
1000009255,20250508,1043,1,,1,15000.00,3150.00,1200.00,19350.00,FULFILLED
1000009256,20250508,1892,1,,3,12000.00,2520.00,1500.00,16020.00,FULFILLED
1000009258,20250508,1331,1,,2,30000.00,6300.00,1500.00,37800.00,FULFILLED
1000009259,20250508,2849,1,,2,27000.00,5670.00,1500.00,34170.00,FULFILLED
1000009261,20250508,630,1,,4,15000.00,3150.00,1800.00,19950.00,FULFILLED
1000009264,20250508,2482,1,,2,15000.00,3150.00,1500.00,19650.00,CANCELLED
1000009265,20250508,1906,1,,1,12000.00,2520.00,1200.00,15720.00,FULFILLED
1000009266,20250508,2850,1,,3,42000.00,8820.00,1500.00,52320.00,FULFILLED
1000009267,20250508,1570,1,,1,12000.00,2520.00,1200.00,15720.00,FULFILLED
1000009268,20250509,2674,1,,1,24000.00,5040.00,1200.00,30240.00,FULFILLED
1000009269,20250509,486,1,,2,12000.00,2520.00,1500.00,16020.00,FULFILLED
1000009274,20250509,2853,1,,2,15000.00,3150.00,1500.00,19650.00,FULFILLED
1000009277,20250509,438,1,,1,42000.00,8820.00,1200.00,52020.00,CANCELLED
1000009278,20250509,2855,1,,4,96000.00,20160.00,0.00,116160.00,FULFILLED
1000009280,20250509,2856,1,,2,39000.00,8190.00,1500.00,48690.00,FULFILLED
1000009281,20250509,2759,1,,1,12000.00,2520.00,1200.00,15720.00,FULFILLED
1000009284,20250509,764,1,,1,15000.00,3150.00,1200.00,19350.00,FULFILLED
1000009285,20250509,233,1,,3,12000.00,2520.00,1500.00,16020.00,FULFILLED
1000009288,20250509,2858,1,,1,30000.00,6300.00,1200.00,37500.00,FULFILLED
1000009289,20250509,496,1,,1,42000.00,8820.00,1200.00,52020.00,FULFILLED
1000009290,20250510,784,1,,4,36000.00,7560.00,1800.00,45360.00,FULFILLED
1000009291,20250510,2062,1,,4,27000.00,5670.00,1800.00,34470.00,FULFILLED
1000009297,20250510,2860,1,,1,24000.00,5040.00,1200.00,30240.00,FULFILLED
1000009300,20250510,2862,1,,1,24000.00,5040.00,1200.00,30240.00,CANCELLED
1000009302,20250510,1592,1,,2,12000.00,2520.00,1500.00,16020.00,FULFILLED
1000009303,20250510,2480,1,,1,15000.00,3150.00,1200.00,19350.00,FULFILLED
1000009304,20250510,1334,1,,4,15000.00,3150.00,1800.00,19950.00,FULFILLED
1000009313,20250510,2044,1,,1,27000.00,5670.00,1200.00,33870.00,CANCELLED
1000009314,20250510,1916,1,,1,14250.00,2992.50,1200.00,18442.50,FULFILLED
1000009315,20250511,2500,1,,1,15000.00,3150.00,1200.00,19350.00,FULFILLED
1000009316,20250511,2864,1,,3,15000.00,3150.00,1500.00,19650.00,FULFILLED
1000009317,20250511,1706,1,,1,27000.00,5670.00,1200.00,33870.00,FULFILLED
1000009318,20250511,2657,1,,3,15000.00,3150.00,1500.00,19650.00,FULFILLED
1000009319,20250511,2865,1,,1,24000.00,5040.00,1200.00,30240.00,FULFILLED
1000009320,20250511,1748,1,,3,78000.00,16380.00,0.00,94380.00,FULFILLED
1000009321,20250511,2866,1,,3,30000.00,6300.00,1500.00,37800.00,FULFILLED
1000009322,20250511,909,1,,2,72000.00,15120.00,0.00,87120.00,FULFILLED
1000009323,20250511,2128,1,,2,15000.00,3150.00,1500.00,19650.00,FULFILLED
1000009324,20250511,2180,1,,1,15000.00,3150.00,1200.00,19350.00,FULFILLED
1000009325,20250511,670,1,,1,12000.00,2520.00,1200.00,15720.00,FULFILLED
1000009326,20250511,2867,1,,4,12000.00,2520.00,1800.00,16320.00,CANCELLED
1000009327,20250511,2191,1,,4,24000.00,5040.00,1800.00,30840.00,FULFILLED
1000009328,20250512,983,1,,1,9600.00,2016.00,0.00,11616.00,FULFILLED
1000009329,20250512,2868,1,,2,9600.00,2016.00,0.00,11616.00,FULFILLED
1000009330,20250512,2678,1,,2,9600.00,2016.00,0.00,11616.00,CANCELLED
1000009331,20250512,2869,1,,1,45600.00,9576.00,0.00,55176.00,FULFILLED
1000009332,20250512,2870,1,,3,12000.00,2520.00,0.00,14520.00,REFUNDED
1000009333,20250512,1238,1,,1,12000.00,2520.00,0.00,14520.00,REFUNDED
1000009334,20250512,2768,1,,3,28800.00,6048.00,0.00,34848.00,FULFILLED
1000009335,20250512,2871,1,,1,19200.00,4032.00,0.00,23232.00,CANCELLED
1000009336,20250512,1624,1,,2,28800.00,6048.00,0.00,34848.00,FULFILLED
1000009338,20250512,1223,1,,1,9600.00,2016.00,0.00,11616.00,FULFILLED
1000009339,20250512,1305,1,,2,9600.00,2016.00,0.00,11616.00,FULFILLED
1000009341,20250512,2520,1,,1,9600.00,2016.00,0.00,11616.00,FULFILLED
1000009342,20250512,2873,1,,1,38400.00,8064.00,0.00,46464.00,FULFILLED
1000009344,20250512,679,1,,3,19200.00,4032.00,0.00,23232.00,FULFILLED
1000009345,20250512,1039,1,,3,21600.00,4536.00,0.00,26136.00,FULFILLED
1000009347,20250512,139,1,,2,28800.00,6048.00,0.00,34848.00,FULFILLED
1000009348,20250512,2875,1,,1,9600.00,2016.00,0.00,11616.00,FULFILLED
1000009349,20250512,836,1,,2,28800.00,6048.00,0.00,34848.00,FULFILLED
1000009350,20250512,871,1,,4,24000.00,5040.00,0.00,29040.00,FULFILLED
1000009351,20250512,542,1,,2,21600.00,4536.00,0.00,26136.00,FULFILLED
1000009352,20250512,2876,1,,1,9600.00,2016.00,0.00,11616.00,CANCELLED
1000009353,20250512,2032,1,,1,21600.00,4536.00,0.00,26136.00,FULFILLED
1000009354,20250512,2421,1,,4,45600.00,9576.00,0.00,55176.00,FULFILLED
1000009355,20250512,2877,1,,1,38400.00,8064.00,0.00,46464.00,FULFILLED
1000009356,20250512,1767,1,,1,9600.00,2016.00,0.00,11616.00,FULFILLED
1000009357,20250512,1679,1,,2,12000.00,2520.00,0.00,14520.00,FULFILLED
1000009358,20250512,42,1,,1,9600.00,2016.00,0.00,11616.00,FULFILLED
1000009360,20250512,2650,1,,4,36000.00,7560.00,0.00,43560.00,FULFILLED
1000009363,20250512,2607,1,,1,21600.00,4536.00,0.00,26136.00,FULFILLED
1000009364,20250512,73,1,,2,19200.00,4032.00,0.00,23232.00,FULFILLED
1000009365,20250512,2879,1,,3,12000.00,2520.00,0.00,14520.00,FULFILLED
1000009366,20250512,2131,1,,1,19200.00,4032.00,0.00,23232.00,FULFILLED
1000009367,20250512,2450,1,,1,12000.00,2520.00,0.00,14520.00,FULFILLED
1000009368,20250512,1537,1,,3,12000.00,2520.00,0.00,14520.00,FULFILLED
1000009369,20250512,2346,1,,1,21600.00,4536.00,0.00,26136.00,FULFILLED
1000009370,20250512,2503,1,,1,9600.00,2016.00,0.00,11616.00,CANCELLED
1000009371,20250512,2880,1,,2,24000.00,5040.00,0.00,29040.00,CANCELLED
1000009372,20250512,2881,1,,3,33600.00,7056.00,0.00,40656.00,FULFILLED
1000009373,20250512,1365,1,,3,40800.00,8568.00,0.00,49368.00,CANCELLED
1000009374,20250512,2781,1,,3,12000.00,2520.00,0.00,14520.00,FULFILLED
1000009375,20250513,2105,1,,1,33600.00,7056.00,0.00,40656.00,FULFILLED
1000009376,20250513,2882,1,,2,9600.00,2016.00,0.00,11616.00,REFUNDED
1000009377,20250513,398,1,,1,9600.00,2016.00,0.00,11616.00,FULFILLED
1000009378,20250513,2883,1,,1,12000.00,2520.00,0.00,14520.00,FULFILLED
1000009379,20250513,2884,1,,1,19200.00,4032.00,0.00,23232.00,FULFILLED
1000009380,20250513,1109,1,,4,9600.00,2016.00,0.00,11616.00,FULFILLED
1000009381,20250513,2407,1,,3,9600.00,2016.00,0.00,11616.00,FULFILLED
1000009382,20250513,2634,1,,4,24000.00,5040.00,0.00,29040.00,CANCELLED
1000009383,20250513,2885,1,,1,12000.00,2520.00,0.00,14520.00,FULFILLED
1000009384,20250513,2886,1,,1,12000.00,2520.00,0.00,14520.00,FULFILLED
1000009385,20250513,1532,1,,4,36000.00,7560.00,0.00,43560.00,FULFILLED
1000009386,20250513,2887,1,,2,21600.00,4536.00,0.00,26136.00,FULFILLED
1000009387,20250513,2183,1,,1,9600.00,2016.00,0.00,11616.00,FULFILLED
1000009388,20250513,2888,1,,3,12000.00,2520.00,0.00,14520.00,FULFILLED
1000009389,20250513,2504,1,,1,50400.00,10584.00,0.00,60984.00,FULFILLED
1000009390,20250513,1253,1,,3,28800.00,6048.00,0.00,34848.00,FULFILLED
1000009391,20250513,1842,1,,2,33600.00,7056.00,0.00,40656.00,FULFILLED
1000009392,20250513,344,1,,2,19200.00,4032.00,0.00,23232.00,FULFILLED
1000009394,20250513,1994,1,,1,12000.00,2520.00,0.00,14520.00,FULFILLED
1000009395,20250513,1469,1,,3,19200.00,4032.00,0.00,23232.00,FULFILLED
1000009397,20250513,651,1,,1,9600.00,2016.00,0.00,11616.00,FULFILLED
1000009400,20250513,2093,1,,1,21600.00,4536.00,0.00,26136.00,CANCELLED
1000009402,20250513,1045,1,,1,28800.00,6048.00,0.00,34848.00,CANCELLED
1000009403,20250513,2891,1,,3,50400.00,10584.00,0.00,60984.00,FULFILLED
1000009404,20250513,2892,1,,4,24000.00,5040.00,0.00,29040.00,FULFILLED
1000009405,20250513,2893,1,,1,9600.00,2016.00,0.00,11616.00,FULFILLED
1000009406,20250513,185,1,,1,9600.00,2016.00,0.00,11616.00,FULFILLED
1000009407,20250513,2364,1,,2,43200.00,9072.00,0.00,52272.00,FULFILLED
1000009408,20250513,2894,1,,2,19200.00,4032.00,0.00,23232.00,FULFILLED
1000009409,20250513,2249,1,,3,9600.00,2016.00,0.00,11616.00,FULFILLED
1000009410,20250513,2114,1,,1,9600.00,2016.00,0.00,11616.00,FULFILLED
1000009411,20250513,2895,1,,2,9600.00,2016.00,0.00,11616.00,FULFILLED
1000009412,20250513,2705,1,,1,12000.00,2520.00,0.00,14520.00,FULFILLED
1000009413,20250513,2751,1,,2,9600.00,2016.00,0.00,11616.00,FULFILLED
1000009414,20250513,2490,1,,1,12000.00,2520.00,0.00,14520.00,FULFILLED
1000009415,20250513,2316,1,,4,33600.00,7056.00,0.00,40656.00,REFUNDED
1000009416,20250513,1950,1,,1,21600.00,4536.00,0.00,26136.00,FULFILLED
1000009417,20250513,2896,1,,2,28800.00,6048.00,0.00,34848.00,FULFILLED
1000009418,20250513,2254,1,,1,28800.00,6048.00,0.00,34848.00,FULFILLED
1000009419,20250513,2636,1,,1,12000.00,2520.00,0.00,14520.00,FULFILLED
1000009420,20250513,1485,1,,1,19200.00,4032.00,0.00,23232.00,FULFILLED
1000009421,20250513,1352,1,,2,33600.00,7056.00,0.00,40656.00,FULFILLED
1000009422,20250513,1258,1,,1,127500.00,26775.00,0.00,154275.00,FULFILLED
1000009423,20250513,184,1,,1,28800.00,6048.00,0.00,34848.00,FULFILLED
1000009424,20250513,351,1,,1,12000.00,2520.00,0.00,14520.00,FULFILLED
1000009425,20250513,2614,1,,3,9600.00,2016.00,0.00,11616.00,FULFILLED
1000009426,20250513,1926,1,,2,12000.00,2520.00,0.00,14520.00,FULFILLED
1000009427,20250513,2103,1,,4,28800.00,6048.00,0.00,34848.00,FULFILLED
1000009428,20250513,2018,1,,2,52800.00,11088.00,0.00,63888.00,FULFILLED
1000009429,20250513,2898,1,,1,12000.00,2520.00,0.00,14520.00,FULFILLED
1000009430,20250513,2897,1,,1,19200.00,4032.00,0.00,23232.00,FULFILLED
1000009431,20250513,2605,1,,3,9600.00,2016.00,0.00,11616.00,FULFILLED
1000009432,20250513,1526,1,,1,9600.00,2016.00,0.00,11616.00,FULFILLED
1000009433,20250513,2571,1,,3,19200.00,4032.00,0.00,23232.00,FULFILLED
1000009434,20250513,2899,1,,2,24000.00,5040.00,0.00,29040.00,FULFILLED
1000009435,20250514,1328,1,,2,12000.00,2520.00,0.00,14520.00,FULFILLED
1000009436,20250514,2900,1,,3,24000.00,5040.00,0.00,29040.00,FULFILLED
1000009437,20250514,2901,1,,2,24000.00,5040.00,0.00,29040.00,FULFILLED
1000009438,20250514,2348,1,,2,24000.00,5040.00,0.00,29040.00,FULFILLED
1000009439,20250514,705,1,,3,9600.00,2016.00,0.00,11616.00,FULFILLED
1000009441,20250514,118,1,,2,43200.00,9072.00,0.00,52272.00,FULFILLED
1000009443,20250514,2902,1,,1,24000.00,5040.00,0.00,29040.00,FULFILLED
1000009444,20250514,2165,1,,3,24000.00,5040.00,0.00,29040.00,FULFILLED
1000009445,20250514,2904,1,,3,38400.00,8064.00,0.00,46464.00,FULFILLED
1000009446,20250514,2059,1,,3,12000.00,2520.00,0.00,14520.00,FULFILLED
1000009447,20250514,1515,1,,1,9600.00,2016.00,0.00,11616.00,FULFILLED
1000009450,20250514,2139,1,,1,12000.00,2520.00,0.00,14520.00,FULFILLED
1000009452,20250514,2046,1,,3,48000.00,10080.00,0.00,58080.00,FULFILLED
1000009453,20250514,399,1,,3,19200.00,4032.00,0.00,23232.00,FULFILLED
1000009454,20250514,1946,1,,2,19200.00,4032.00,0.00,23232.00,FULFILLED
1000009455,20250514,2314,1,,3,24000.00,5040.00,0.00,29040.00,FULFILLED
1000009456,20250514,2906,1,,1,19200.00,4032.00,0.00,23232.00,FULFILLED
1000009457,20250514,2907,1,,2,19200.00,4032.00,0.00,23232.00,FULFILLED
1000009458,20250514,2549,1,,1,48000.00,10080.00,0.00,58080.00,FULFILLED
1000009459,20250514,207,1,,1,12000.00,2520.00,0.00,14520.00,CANCELLED
1000009460,20250514,2035,1,,1,38400.00,8064.00,0.00,46464.00,FULFILLED
1000009461,20250514,2138,1,,1,9600.00,2016.00,0.00,11616.00,FULFILLED
1000009462,20250514,2171,1,,2,28800.00,6048.00,0.00,34848.00,FULFILLED
1000009464,20250514,473,1,,1,9600.00,2016.00,0.00,11616.00,FULFILLED
1000009465,20250514,470,1,,3,21600.00,4536.00,0.00,26136.00,CANCELLED
1000009466,20250514,460,1,,1,9600.00,2016.00,0.00,11616.00,FULFILLED
1000009467,20250514,1454,1,,1,9600.00,2016.00,0.00,11616.00,FULFILLED
1000009469,20250514,2770,1,,1,9600.00,2016.00,0.00,11616.00,CANCELLED
1000009470,20250514,719,1,,1,28800.00,6048.00,0.00,34848.00,FULFILLED
1000009471,20250514,2390,1,,1,19200.00,4032.00,0.00,23232.00,FULFILLED
1000009472,20250514,2415,1,,4,12000.00,2520.00,0.00,14520.00,FULFILLED
1000009473,20250514,1016,1,,1,9600.00,2016.00,0.00,11616.00,FULFILLED
1000009474,20250514,2568,1,,1,9600.00,2016.00,0.00,11616.00,FULFILLED
1000009475,20250514,1662,1,,1,9600.00,2016.00,0.00,11616.00,FULFILLED
1000009476,20250514,2908,1,,2,12000.00,2520.00,0.00,14520.00,FULFILLED
1000009477,20250514,648,1,,1,19200.00,4032.00,0.00,23232.00,REFUNDED
1000009479,20250514,2909,1,,1,28800.00,6048.00,0.00,34848.00,FULFILLED
1000009480,20250514,2910,1,,4,19200.00,4032.00,0.00,23232.00,REFUNDED
1000009481,20250514,1120,1,,1,12000.00,2520.00,0.00,14520.00,FULFILLED
1000009482,20250514,700,1,,3,62400.00,13104.00,0.00,75504.00,FULFILLED
1000009483,20250514,165,1,,2,9600.00,2016.00,0.00,11616.00,FULFILLED
1000009484,20250514,2911,1,,1,12000.00,2520.00,0.00,14520.00,FULFILLED
1000009485,20250514,2470,1,,1,9600.00,2016.00,0.00,11616.00,CANCELLED
1000009486,20250514,1129,1,,4,9600.00,2016.00,0.00,11616.00,FULFILLED
1000009487,20250514,1047,1,,3,19200.00,4032.00,0.00,23232.00,FULFILLED
1000009488,20250515,2577,1,,1,15000.00,3150.00,1200.00,19350.00,FULFILLED
1000009490,20250515,2912,1,,2,15000.00,3150.00,1500.00,19650.00,FULFILLED
1000009495,20250515,1622,1,,1,15000.00,3150.00,1200.00,19350.00,FULFILLED
1000009496,20250515,2553,1,,3,12000.00,2520.00,1500.00,16020.00,REFUNDED
1000009499,20250515,2342,1,,3,12000.00,2520.00,1500.00,16020.00,FULFILLED
1000009500,20250515,2575,1,,4,12000.00,2520.00,1800.00,16320.00,FULFILLED
1000009503,20250515,1828,1,,4,27000.00,5670.00,1800.00,34470.00,FULFILLED
1000009504,20250515,328,1,,2,15000.00,3150.00,1500.00,19650.00,CANCELLED
1000009505,20250515,2413,1,,1,12000.00,2520.00,1200.00,15720.00,FULFILLED
1000009506,20250515,1768,1,,3,24000.00,5040.00,1500.00,30540.00,CANCELLED
1000009507,20250515,2393,1,,2,30000.00,6300.00,1500.00,37800.00,FULFILLED
1000009508,20250515,2230,1,,1,15000.00,3150.00,1200.00,19350.00,FULFILLED
1000009510,20250516,2834,1,,1,12000.00,2520.00,1200.00,15720.00,FULFILLED
1000009520,20250516,1389,1,,1,45000.00,9450.00,0.00,54450.00,FULFILLED
1000009521,20250516,389,1,,1,57000.00,11970.00,0.00,68970.00,FULFILLED
1000009523,20250516,2658,1,,3,24000.00,5040.00,1500.00,30540.00,FULFILLED
1000009524,20250516,622,1,,2,24000.00,5040.00,1500.00,30540.00,FULFILLED
1000009525,20250516,2292,1,,1,12000.00,2520.00,1200.00,15720.00,FULFILLED
1000009526,20250516,2074,1,,4,12000.00,2520.00,1800.00,16320.00,FULFILLED
1000009527,20250516,2920,1,,1,12000.00,2520.00,1200.00,15720.00,FULFILLED
1000009528,20250516,2776,1,,1,45000.00,9450.00,0.00,54450.00,CANCELLED
1000009529,20250517,2494,1,,4,15000.00,3150.00,1800.00,19950.00,FULFILLED
1000009530,20250517,2008,1,,3,45000.00,9450.00,0.00,54450.00,FULFILLED
1000009534,20250517,2400,1,,1,45000.00,9450.00,0.00,54450.00,FULFILLED
1000009544,20250517,2282,1,,1,15000.00,3150.00,1200.00,19350.00,FULFILLED
1000009545,20250517,2471,1,,1,12000.00,2520.00,1200.00,15720.00,FULFILLED
1000009548,20250517,1314,1,,2,36000.00,7560.00,1500.00,45060.00,FULFILLED
1000009550,20250517,1436,1,,4,42000.00,8820.00,1800.00,52620.00,FULFILLED
1000009551,20250518,1001,1,,3,12000.00,2520.00,1500.00,16020.00,FULFILLED
1000009552,20250518,2514,1,,2,12000.00,2520.00,1500.00,16020.00,FULFILLED
1000009553,20250518,2922,1,,3,27000.00,5670.00,1500.00,34170.00,FULFILLED
1000009554,20250518,1924,1,,1,30000.00,6300.00,1200.00,37500.00,FULFILLED
1000009555,20250518,58,1,,1,24000.00,5040.00,1200.00,30240.00,FULFILLED
1000009556,20250518,1521,1,,1,15000.00,3150.00,1200.00,19350.00,FULFILLED
1000009557,20250518,2246,1,,2,15000.00,3150.00,1500.00,19650.00,FULFILLED
1000009558,20250518,1876,1,,1,12000.00,2520.00,1200.00,15720.00,FULFILLED
1000009559,20250518,2923,1,,1,30000.00,6300.00,1200.00,37500.00,FULFILLED
1000009560,20250519,2925,1,,3,45000.00,9450.00,0.00,54450.00,FULFILLED
1000009561,20250519,2926,1,,2,12000.00,2520.00,1500.00,16020.00,FULFILLED
1000009562,20250519,2927,1,,1,51000.00,10710.00,0.00,61710.00,FULFILLED
1000009563,20250519,2632,1,,1,69000.00,14490.00,0.00,83490.00,FULFILLED
1000009564,20250519,2301,1,,2,45000.00,9450.00,0.00,54450.00,FULFILLED
1000009565,20250519,2928,1,,1,24000.00,5040.00,1200.00,30240.00,FULFILLED
1000009566,20250519,2248,1,,1,42000.00,8820.00,1200.00,52020.00,FULFILLED
1000009567,20250519,1095,1,,1,15000.00,3150.00,1200.00,19350.00,FULFILLED
1000009569,20250519,1732,1,,4,27000.00,5670.00,1800.00,34470.00,FULFILLED
1000009571,20250519,1754,1,,1,24000.00,5040.00,1200.00,30240.00,FULFILLED
1000009573,20250519,1422,1,,1,24000.00,5040.00,1200.00,30240.00,FULFILLED
1000009574,20250520,2486,1,,2,39000.00,8190.00,1500.00,48690.00,FULFILLED
1000009575,20250520,1907,1,,4,15000.00,3150.00,1800.00,19950.00,FULFILLED
1000009576,20250520,2245,1,,3,24000.00,5040.00,1500.00,30540.00,FULFILLED
1000009578,20250520,2841,1,,4,15000.00,3150.00,1800.00,19950.00,FULFILLED
1000009579,20250520,215,1,,1,12000.00,2520.00,1200.00,15720.00,FULFILLED
1000009581,20250520,763,1,,2,66000.00,13860.00,0.00,79860.00,FULFILLED
1000009582,20250520,2929,1,,1,30000.00,6300.00,1200.00,37500.00,FULFILLED
1000009585,20250520,1029,1,,1,45000.00,9450.00,0.00,54450.00,FULFILLED
1000009587,20250520,2690,1,,1,24000.00,5040.00,1200.00,30240.00,FULFILLED
1000009588,20250520,2930,1,,3,12000.00,2520.00,1500.00,16020.00,FULFILLED
1000009589,20250520,2931,1,,3,12000.00,2520.00,1500.00,16020.00,FULFILLED
1000009591,20250520,2932,1,,2,84000.00,17640.00,0.00,101640.00,FULFILLED
1000009592,20250521,2933,1,,1,11400.00,2394.00,1200.00,14994.00,FULFILLED
1000009593,20250521,1359,1,,4,15000.00,3150.00,1800.00,19950.00,FULFILLED
1000009595,20250521,1870,1,,3,12000.00,2520.00,1500.00,16020.00,FULFILLED
1000009600,20250521,2119,1,,4,12000.00,2520.00,1800.00,16320.00,FULFILLED
1000009601,20250521,2488,1,,4,12000.00,2520.00,1800.00,16320.00,FULFILLED
1000009602,20250521,2935,1,,1,15000.00,3150.00,1200.00,19350.00,FULFILLED
1000009604,20250521,2936,1,,1,57000.00,11970.00,0.00,68970.00,FULFILLED
1000009606,20250521,2937,1,,2,42000.00,8820.00,1500.00,52320.00,FULFILLED
1000009607,20250521,2555,1,,4,15000.00,3150.00,1800.00,19950.00,FULFILLED
1000009608,20250521,2476,1,,3,12000.00,2520.00,1500.00,16020.00,FULFILLED
1000009609,20250521,2938,1,,1,15000.00,3150.00,1200.00,19350.00,FULFILLED
1000009610,20250522,2154,1,,1,24000.00,5040.00,1200.00,30240.00,FULFILLED
1000009611,20250522,1852,1,,3,15000.00,3150.00,1500.00,19650.00,FULFILLED
1000009612,20250522,1824,1,,4,12000.00,2520.00,1800.00,16320.00,FULFILLED
1000009617,20250522,1479,1,,1,45000.00,9450.00,0.00,54450.00,FULFILLED
1000009618,20250522,1409,1,,3,36000.00,7560.00,1500.00,45060.00,FULFILLED
1000009619,20250522,1334,1,,4,15000.00,3150.00,1800.00,19950.00,FULFILLED
1000009620,20250522,1674,1,,1,15000.00,3150.00,1200.00,19350.00,FULFILLED
1000009622,20250522,1969,1,,1,12000.00,2520.00,1200.00,15720.00,FULFILLED
1000009627,20250522,2943,1,,4,15000.00,3150.00,1800.00,19950.00,FULFILLED
1000009628,20250522,2942,1,,3,12000.00,2520.00,1500.00,16020.00,FULFILLED
1000009629,20250522,2944,1,,3,12000.00,2520.00,1500.00,16020.00,FULFILLED
1000009630,20250522,942,1,,1,24000.00,5040.00,1200.00,30240.00,FULFILLED
1000009631,20250523,2209,1,,4,30000.00,6300.00,1800.00,38100.00,FULFILLED
1000009633,20250523,1557,1,,2,15000.00,3150.00,1500.00,19650.00,FULFILLED
1000009636,20250523,1350,1,,3,15000.00,3150.00,1500.00,19650.00,FULFILLED
1000009637,20250523,2189,1,,4,51000.00,10710.00,0.00,61710.00,FULFILLED
1000009638,20250523,1734,1,,2,102000.00,21420.00,0.00,123420.00,FULFILLED
1000009640,20250523,1687,1,,1,60000.00,12600.00,0.00,72600.00,FULFILLED
1000009641,20250523,2625,1,,2,27000.00,5670.00,1500.00,34170.00,FULFILLED
1000009642,20250523,2262,1,,2,15000.00,3150.00,1500.00,19650.00,REFUNDED
1000009643,20250524,895,1,,3,15000.00,3150.00,1500.00,19650.00,FULFILLED
1000009647,20250524,2672,1,,2,57000.00,11970.00,0.00,68970.00,FULFILLED
1000009653,20250524,2950,1,,3,12000.00,2520.00,1500.00,16020.00,FULFILLED
1000009658,20250524,2019,1,,1,36000.00,7560.00,1200.00,44760.00,FULFILLED
1000009659,20250524,2795,1,,3,153000.00,32130.00,0.00,185130.00,FULFILLED
1000009660,20250524,2682,1,,1,12000.00,2520.00,1200.00,15720.00,FULFILLED
1000009661,20250525,2198,1,,1,15000.00,3150.00,1200.00,19350.00,FULFILLED
1000009662,20250525,996,1,,2,30000.00,6300.00,1500.00,37800.00,FULFILLED
1000009663,20250525,983,1,,1,48000.00,10080.00,0.00,58080.00,FULFILLED
1000009664,20250525,2953,1,,1,27000.00,5670.00,1200.00,33870.00,FULFILLED
1000009665,20250525,2443,1,,4,30000.00,6300.00,1800.00,38100.00,FULFILLED
1000009666,20250525,2186,1,,2,12000.00,2520.00,1500.00,16020.00,FULFILLED
1000009667,20250525,703,1,,3,36000.00,7560.00,1500.00,45060.00,FULFILLED
1000009668,20250525,1816,1,,1,15000.00,3150.00,1200.00,19350.00,FULFILLED
1000009669,20250525,2762,1,,3,12000.00,2520.00,1500.00,16020.00,CANCELLED
1000009670,20250525,1871,1,,4,36000.00,7560.00,1800.00,45360.00,FULFILLED
1000009671,20250526,2370,1,,1,12000.00,2520.00,1200.00,15720.00,FULFILLED
1000009672,20250526,1361,1,,1,12000.00,2520.00,1200.00,15720.00,FULFILLED
1000009673,20250526,2955,1,,3,12000.00,2520.00,1500.00,16020.00,FULFILLED
1000009676,20250526,1323,1,,1,39000.00,8190.00,1200.00,48390.00,FULFILLED
1000009677,20250526,2439,1,,3,36000.00,7560.00,1500.00,45060.00,FULFILLED
1000009681,20250526,1847,1,,1,42000.00,8820.00,1200.00,52020.00,FULFILLED
1000009683,20250526,2594,1,,4,45000.00,9450.00,0.00,54450.00,FULFILLED
1000009684,20250526,2124,1,,1,24000.00,5040.00,1200.00,30240.00,CANCELLED
1000009685,20250526,420,1,,1,30000.00,6300.00,1200.00,37500.00,FULFILLED
1000009686,20250527,2960,1,,1,42000.00,8820.00,1200.00,52020.00,FULFILLED
1000009687,20250527,553,1,,3,15000.00,3150.00,1500.00,19650.00,REFUNDED
1000009688,20250527,2458,1,,3,36000.00,7560.00,1500.00,45060.00,FULFILLED
1000009689,20250527,1949,1,,1,27000.00,5670.00,1200.00,33870.00,FULFILLED
1000009690,20250527,20,1,,1,30000.00,6300.00,1200.00,37500.00,FULFILLED
1000009693,20250527,2353,1,,1,15000.00,3150.00,1200.00,19350.00,FULFILLED
1000009696,20250527,2550,1,,2,45900.00,9639.00,0.00,55539.00,FULFILLED
1000009699,20250527,2963,1,,3,12000.00,2520.00,1500.00,16020.00,FULFILLED
1000009700,20250527,2693,1,,3,36000.00,7560.00,1500.00,45060.00,FULFILLED
1000009701,20250527,2643,1,,1,35100.00,7371.00,1200.00,43671.00,FULFILLED
1000009702,20250527,2656,1,,1,30000.00,6300.00,1200.00,37500.00,FULFILLED
1000009703,20250528,2964,1,,2,12000.00,2520.00,1500.00,16020.00,FULFILLED
1000009704,20250528,2965,1,,1,12000.00,2520.00,1200.00,15720.00,FULFILLED
1000009706,20250528,2966,1,,4,57000.00,11970.00,0.00,68970.00,REFUNDED
1000009709,20250528,831,1,,4,12000.00,2520.00,1800.00,16320.00,FULFILLED
1000009711,20250528,338,1,,1,24000.00,5040.00,1200.00,30240.00,FULFILLED
1000009713,20250528,2050,1,,1,45000.00,9450.00,0.00,54450.00,FULFILLED
1000009714,20250528,1182,1,,2,27000.00,5670.00,1500.00,34170.00,FULFILLED
1000009716,20250529,2111,1,,1,45000.00,9450.00,0.00,54450.00,FULFILLED
1000009717,20250529,1165,1,,1,15000.00,3150.00,1200.00,19350.00,FULFILLED
1000009720,20250529,2694,1,,1,39000.00,8190.00,1200.00,48390.00,FULFILLED
1000009723,20250529,2346,1,,1,24000.00,5040.00,1200.00,30240.00,FULFILLED
1000009724,20250529,783,1,,1,42000.00,8820.00,1200.00,52020.00,FULFILLED
1000009725,20250529,1313,1,,2,30000.00,6300.00,1500.00,37800.00,FULFILLED
1000009726,20250529,2022,1,,3,12000.00,2520.00,1500.00,16020.00,FULFILLED
1000009727,20250529,1931,1,,2,30000.00,6300.00,1500.00,37800.00,FULFILLED
1000009729,20250529,2279,1,,4,42000.00,8820.00,1800.00,52620.00,FULFILLED
1000009731,20250529,2814,1,,2,15000.00,3150.00,1500.00,19650.00,FULFILLED
1000009733,20250529,2300,1,,1,45000.00,9450.00,0.00,54450.00,FULFILLED
1000009735,20250529,2260,1,,4,39900.00,8379.00,1800.00,50079.00,FULFILLED
1000009736,20250529,1912,1,,3,30000.00,6300.00,1500.00,37800.00,FULFILLED
1000009737,20250530,2968,1,,1,27000.00,5670.00,1200.00,33870.00,FULFILLED
1000009738,20250530,112,1,,1,27000.00,5670.00,1200.00,33870.00,FULFILLED
1000009739,20250530,2497,1,,2,15000.00,3150.00,1500.00,19650.00,FULFILLED
1000009740,20250530,2372,1,,2,42000.00,8820.00,1500.00,52320.00,FULFILLED
1000009741,20250530,1135,1,,1,39000.00,8190.00,1200.00,48390.00,FULFILLED
1000009743,20250530,2782,1,,1,12000.00,2520.00,1200.00,15720.00,FULFILLED
1000009747,20250530,1001,1,,3,165750.00,34807.50,0.00,200557.50,FULFILLED
1000009748,20250530,2823,1,,1,12000.00,2520.00,1200.00,15720.00,FULFILLED
1000009749,20250531,2971,1,,3,15000.00,3150.00,1500.00,19650.00,FULFILLED
1000009751,20250531,2841,1,,4,12000.00,2520.00,1800.00,16320.00,FULFILLED
1000009752,20250531,938,1,,3,48000.00,10080.00,0.00,58080.00,FULFILLED
1000009754,20250531,1002,1,,3,12000.00,2520.00,1500.00,16020.00,FULFILLED
1000009759,20250531,1258,1,,1,15000.00,3150.00,1200.00,19350.00,FULFILLED
1000009760,20250601,2972,1,,1,42000.00,8820.00,1200.00,52020.00,FULFILLED
1000009761,20250601,2635,1,,1,30000.00,6300.00,1200.00,37500.00,FULFILLED
1000009762,20250601,2180,1,,1,12000.00,2520.00,1200.00,15720.00,FULFILLED
1000009763,20250601,2973,1,,3,24000.00,5040.00,1500.00,30540.00,FULFILLED
1000009764,20250601,2830,1,,1,15000.00,3150.00,1200.00,19350.00,FULFILLED
1000009765,20250601,2265,1,,3,12000.00,2520.00,1500.00,16020.00,FULFILLED
1000009766,20250601,1650,1,,1,60000.00,12600.00,0.00,72600.00,FULFILLED
1000009767,20250601,2974,1,,4,48000.00,10080.00,0.00,58080.00,FULFILLED
1000009768,20250601,2975,1,,1,60000.00,12600.00,0.00,72600.00,FULFILLED
1000009769,20250601,708,1,,1,48000.00,10080.00,0.00,58080.00,FULFILLED
1000009770,20250601,2520,1,,1,12000.00,2520.00,1200.00,15720.00,FULFILLED
1000009771,20250601,2194,1,,1,57000.00,11970.00,0.00,68970.00,CANCELLED
1000009772,20250601,2976,1,,1,12000.00,2520.00,1200.00,15720.00,FULFILLED
1000009773,20250602,2437,1,,3,27000.00,5670.00,1500.00,34170.00,FULFILLED
1000009774,20250602,1862,1,,4,15000.00,3150.00,1800.00,19950.00,FULFILLED
1000009775,20250602,2977,1,,3,15000.00,3150.00,1500.00,19650.00,FULFILLED
1000009776,20250602,2510,1,,4,11400.00,2394.00,1800.00,15594.00,FULFILLED
1000009777,20250602,2785,1,,1,71400.00,14994.00,0.00,86394.00,FULFILLED
1000009779,20250602,152,1,,3,12000.00,2520.00,1500.00,16020.00,FULFILLED
1000009782,20250602,2390,1,,1,30000.00,6300.00,1200.00,37500.00,CANCELLED
1000009784,20250602,2242,1,,1,15000.00,3150.00,1200.00,19350.00,FULFILLED
1000009785,20250602,2783,1,,1,15000.00,3150.00,1200.00,19350.00,FULFILLED
1000009786,20250602,2896,1,,2,15000.00,3150.00,1500.00,19650.00,FULFILLED
1000009789,20250602,1783,1,,3,60000.00,12600.00,0.00,72600.00,FULFILLED
1000009790,20250602,2020,1,,1,60000.00,12600.00,0.00,72600.00,FULFILLED
1000009791,20250602,2069,1,,3,30000.00,6300.00,1500.00,37800.00,FULFILLED
1000009792,20250602,1399,1,,1,15000.00,3150.00,1200.00,19350.00,FULFILLED
1000009793,20250602,2836,1,,2,27000.00,5670.00,1500.00,34170.00,FULFILLED
1000009794,20250602,670,1,,1,57000.00,11970.00,0.00,68970.00,FULFILLED
1000009795,20250603,788,1,,4,12000.00,2520.00,1800.00,16320.00,FULFILLED
1000009796,20250603,1337,1,,1,12000.00,2520.00,1200.00,15720.00,FULFILLED
1000009797,20250603,405,1,,4,30000.00,6300.00,1800.00,38100.00,CANCELLED
1000009798,20250603,2981,1,,3,30000.00,6300.00,1500.00,37800.00,FULFILLED
1000009800,20250603,2804,1,,1,15000.00,3150.00,1200.00,19350.00,FULFILLED
1000009806,20250603,1963,1,,1,54000.00,11340.00,0.00,65340.00,FULFILLED
1000009808,20250603,1826,1,,3,60000.00,12600.00,0.00,72600.00,CANCELLED
1000009810,20250603,2983,1,,4,60000.00,12600.00,0.00,72600.00,FULFILLED
1000009811,20250603,2695,1,,4,15000.00,3150.00,1800.00,19950.00,FULFILLED
1000009813,20250603,2984,1,,4,15000.00,3150.00,1800.00,19950.00,FULFILLED
1000009816,20250603,2291,1,,4,12000.00,2520.00,1800.00,16320.00,FULFILLED
1000009817,20250603,2071,1,,1,28500.00,5985.00,1200.00,35685.00,FULFILLED
1000009818,20250604,2475,1,,2,30000.00,6300.00,1500.00,37800.00,FULFILLED
1000009819,20250604,2865,1,,1,27000.00,5670.00,1200.00,33870.00,FULFILLED
1000009820,20250604,2378,1,,2,48000.00,10080.00,0.00,58080.00,FULFILLED
1000009822,20250604,1239,1,,1,36000.00,7560.00,1200.00,44760.00,FULFILLED
1000009823,20250604,2986,1,,1,11400.00,2394.00,1200.00,14994.00,FULFILLED
1000009824,20250604,2985,1,,3,30000.00,6300.00,1500.00,37800.00,FULFILLED
1000009825,20250604,2987,1,,3,27000.00,5670.00,1500.00,34170.00,FULFILLED
1000009827,20250604,586,1,,1,15000.00,3150.00,1200.00,19350.00,FULFILLED
1000009828,20250605,1555,1,,2,15000.00,3150.00,1500.00,19650.00,REFUNDED
1000009829,20250605,2471,1,,1,12000.00,2520.00,1200.00,15720.00,FULFILLED
1000009831,20250605,2989,1,,4,15000.00,3150.00,1800.00,19950.00,FULFILLED
1000009832,20250605,2990,1,,3,27000.00,5670.00,1500.00,34170.00,FULFILLED
1000009834,20250605,1172,1,,4,12000.00,2520.00,1800.00,16320.00,FULFILLED
1000009838,20250605,2795,1,,3,27000.00,5670.00,1500.00,34170.00,FULFILLED
1000009839,20250605,2993,1,,1,45000.00,9450.00,0.00,54450.00,CANCELLED
1000009840,20250605,952,1,,1,48450.00,10174.50,0.00,58624.50,FULFILLED
1000009841,20250605,1588,1,,1,15000.00,3150.00,1200.00,19350.00,FULFILLED
1000009843,20250605,2994,1,,3,48000.00,10080.00,0.00,58080.00,FULFILLED
1000009847,20250605,1978,1,,1,12000.00,2520.00,1200.00,15720.00,FULFILLED
1000009848,20250605,2310,1,,1,48000.00,10080.00,0.00,58080.00,FULFILLED
1000009849,20250606,2996,1,,4,48000.00,10080.00,0.00,58080.00,FULFILLED
1000009850,20250606,1223,1,,1,57000.00,11970.00,0.00,68970.00,FULFILLED
1000009851,20250606,652,1,,1,15000.00,3150.00,1200.00,19350.00,FULFILLED
1000009852,20250606,2095,1,,1,15000.00,3150.00,1200.00,19350.00,FULFILLED
1000009853,20250606,1859,1,,3,27000.00,5670.00,1500.00,34170.00,FULFILLED
1000009857,20250606,747,1,,1,12000.00,2520.00,1200.00,15720.00,FULFILLED
1000009865,20250606,2797,1,,1,15000.00,3150.00,1200.00,19350.00,FULFILLED
1000009867,20250606,2820,1,,2,30000.00,6300.00,1500.00,37800.00,REFUNDED
1000009869,20250606,3000,1,,1,30000.00,6300.00,1200.00,37500.00,FULFILLED
1000009872,20250606,2491,1,,1,45000.00,9450.00,0.00,54450.00,FULFILLED
1000009875,20250606,2161,1,,3,45000.00,9450.00,0.00,54450.00,FULFILLED
1000009877,20250606,2270,1,,1,36000.00,7560.00,1200.00,44760.00,FULFILLED
1000009878,20250606,1088,1,,2,12000.00,2520.00,1500.00,16020.00,FULFILLED
1000009879,20250607,944,1,,1,30000.00,6300.00,1200.00,37500.00,FULFILLED
1000009882,20250607,2337,1,,3,42000.00,8820.00,1500.00,52320.00,FULFILLED
1000009892,20250607,2352,1,,4,30000.00,6300.00,1800.00,38100.00,FULFILLED
1000009898,20250607,1765,1,,1,122400.00,25704.00,0.00,148104.00,FULFILLED
1000009900,20250607,2781,1,,3,45000.00,9450.00,0.00,54450.00,FULFILLED
1000009902,20250607,1114,1,,4,27000.00,5670.00,1800.00,34470.00,FULFILLED
1000009907,20250607,3009,1,,3,15000.00,3150.00,1500.00,19650.00,FULFILLED
1000009910,20250607,2691,1,,2,12000.00,2520.00,1500.00,16020.00,FULFILLED
1000009912,20250607,300,1,,3,12000.00,2520.00,1500.00,16020.00,FULFILLED
1000009917,20250607,888,1,,3,69000.00,14490.00,0.00,83490.00,FULFILLED
1000009918,20250608,1799,1,,2,36000.00,7560.00,1500.00,45060.00,FULFILLED
1000009919,20250608,3010,1,,3,42750.00,8977.50,1500.00,53227.50,FULFILLED
1000009920,20250608,3011,1,,1,63000.00,13230.00,0.00,76230.00,FULFILLED
1000009921,20250608,2866,1,,3,12000.00,2520.00,1500.00,16020.00,FULFILLED
1000009922,20250608,2404,1,,1,158100.00,33201.00,0.00,191301.00,FULFILLED
1000009923,20250608,1851,1,,4,36000.00,7560.00,1800.00,45360.00,CANCELLED
1000009924,20250608,1674,1,,1,30000.00,6300.00,1200.00,37500.00,FULFILLED
1000009925,20250608,1821,1,,3,45000.00,9450.00,0.00,54450.00,REFUNDED
1000009926,20250608,3013,1,,4,24000.00,5040.00,1800.00,30840.00,FULFILLED
1000009927,20250608,2716,1,,1,12000.00,2520.00,1200.00,15720.00,FULFILLED
1000009928,20250608,2102,1,,2,45000.00,9450.00,0.00,54450.00,FULFILLED
1000009929,20250608,2314,1,,3,27000.00,5670.00,1500.00,34170.00,FULFILLED
1000009930,20250608,1842,1,,2,15000.00,3150.00,1500.00,19650.00,FULFILLED
1000009931,20250608,3014,1,,3,24000.00,5040.00,1500.00,30540.00,FULFILLED
1000009932,20250608,2340,1,,2,42000.00,8820.00,1500.00,52320.00,FULFILLED
1000009933,20250608,622,1,,2,30000.00,6300.00,1500.00,37800.00,FULFILLED
1000009934,20250608,2793,1,,2,30000.00,6300.00,1500.00,37800.00,FULFILLED
1000009935,20250608,1598,1,,4,12000.00,2520.00,1800.00,16320.00,FULFILLED
1000009936,20250608,3015,1,,1,24000.00,5040.00,1200.00,30240.00,FULFILLED
1000009937,20250608,3016,1,,4,72000.00,15120.00,0.00,87120.00,FULFILLED
1000009938,20250608,2103,1,,4,57000.00,11970.00,0.00,68970.00,FULFILLED
1000009939,20250608,719,1,,1,39000.00,8190.00,1200.00,48390.00,CANCELLED
1000009940,20250608,1501,1,,3,12000.00,2520.00,1500.00,16020.00,FULFILLED
1000009941,20250608,2747,1,,1,30000.00,6300.00,1200.00,37500.00,FULFILLED
1000009942,20250609,1506,1,,3,30000.00,6300.00,1500.00,37800.00,FULFILLED
1000009944,20250609,2885,1,,1,15000.00,3150.00,1200.00,19350.00,FULFILLED
1000009945,20250609,404,1,,1,24000.00,5040.00,1200.00,30240.00,FULFILLED
1000009946,20250609,1736,1,,1,27000.00,5670.00,1200.00,33870.00,FULFILLED
1000009947,20250609,3018,1,,1,63000.00,13230.00,0.00,76230.00,FULFILLED
1000009948,20250609,2421,1,,4,62700.00,13167.00,0.00,75867.00,FULFILLED
1000009951,20250609,2729,1,,2,12000.00,2520.00,1500.00,16020.00,FULFILLED
1000009952,20250609,2849,1,,2,24000.00,5040.00,1500.00,30540.00,FULFILLED
1000009954,20250609,2300,1,,1,12000.00,2520.00,1200.00,15720.00,FULFILLED
1000009955,20250609,2955,1,,3,15000.00,3150.00,1500.00,19650.00,FULFILLED
1000009956,20250609,1253,1,,3,15000.00,3150.00,1500.00,19650.00,FULFILLED
1000009957,20250609,3020,1,,3,27000.00,5670.00,1500.00,34170.00,FULFILLED
1000009958,20250609,2526,1,,1,39000.00,8190.00,1200.00,48390.00,FULFILLED
1000009960,20250609,2232,1,,2,15000.00,3150.00,1500.00,19650.00,CANCELLED
1000009961,20250609,3021,1,,4,45000.00,9450.00,0.00,54450.00,FULFILLED
1000009962,20250609,2593,1,,1,15000.00,3150.00,1200.00,19350.00,FULFILLED
1000009963,20250609,922,1,,2,24000.00,5040.00,1500.00,30540.00,FULFILLED
1000009964,20250610,3022,1,,4,15000.00,3150.00,1800.00,19950.00,FULFILLED
1000009965,20250610,681,1,,1,13500.00,2835.00,1200.00,17535.00,FULFILLED
1000009966,20250610,163,1,,2,24300.00,5103.00,1500.00,30903.00,FULFILLED
1000009967,20250610,2415,1,,4,24000.00,5040.00,1800.00,30840.00,FULFILLED
1000009968,20250610,889,1,,1,10800.00,2268.00,1200.00,14268.00,FULFILLED
1000009969,20250610,306,1,,1,24000.00,5040.00,1200.00,30240.00,FULFILLED
1000009970,20250610,2012,1,,1,15000.00,3150.00,1200.00,19350.00,FULFILLED
1000009973,20250610,1398,1,,4,15000.00,3150.00,1800.00,19950.00,FULFILLED
1000009975,20250610,2654,1,,1,43200.00,9072.00,1200.00,53472.00,FULFILLED
1000009976,20250610,3023,1,,1,15000.00,3150.00,1200.00,19350.00,FULFILLED
1000009977,20250610,3024,1,,4,15000.00,3150.00,1800.00,19950.00,FULFILLED
1000009978,20250610,1610,1,,1,24300.00,5103.00,1200.00,30603.00,FULFILLED
1000009979,20250610,1439,1,,4,27000.00,5670.00,1800.00,34470.00,FULFILLED
1000009980,20250610,1972,1,,4,15000.00,3150.00,1800.00,19950.00,FULFILLED
1000009984,20250610,3026,1,,3,24300.00,5103.00,1500.00,30903.00,FULFILLED
1000009985,20250610,3028,1,,1,10800.00,2268.00,1200.00,14268.00,FULFILLED
1000009988,20250610,3029,1,,4,15000.00,3150.00,1800.00,19950.00,FULFILLED
1000009989,20250610,2005,1,,2,30000.00,6300.00,1500.00,37800.00,CANCELLED
1000009991,20250610,87,1,,1,13500.00,2835.00,1200.00,17535.00,FULFILLED
1000009992,20250610,2269,1,,1,24000.00,5040.00,1200.00,30240.00,FULFILLED
1000009993,20250610,1225,1,,4,54000.00,11340.00,0.00,65340.00,FULFILLED
1000009994,20250611,3030,1,,1,15000.00,3150.00,1200.00,19350.00,FULFILLED
1000009995,20250611,3031,1,,3,42000.00,8820.00,1500.00,52320.00,FULFILLED
1000009997,20250611,2598,1,,3,30000.00,6300.00,1500.00,37800.00,FULFILLED
1000009999,20250611,1087,1,,4,30000.00,6300.00,1800.00,38100.00,CANCELLED
1000010001,20250611,3032,1,,2,36000.00,7560.00,1500.00,45060.00,FULFILLED
1000010002,20250611,577,1,,2,15000.00,3150.00,1500.00,19650.00,CANCELLED
1000010006,20250611,2680,1,,3,12000.00,2520.00,1500.00,16020.00,FULFILLED
1000010007,20250611,356,1,,1,24000.00,5040.00,1200.00,30240.00,FULFILLED
1000010010,20250611,3035,1,,1,14250.00,2992.50,1200.00,18442.50,FULFILLED
1000010011,20250611,2577,1,,1,15000.00,3150.00,1200.00,19350.00,FULFILLED
1000010012,20250611,1313,1,,2,30000.00,6300.00,1500.00,37800.00,FULFILLED
1000010014,20250611,521,1,,4,60000.00,12600.00,0.00,72600.00,FULFILLED
1000010019,20250612,3036,1,,1,57000.00,11970.00,0.00,68970.00,FULFILLED
1000010020,20250612,3037,1,,4,36000.00,7560.00,1800.00,45360.00,FULFILLED
1000010021,20250612,2840,1,,3,45000.00,9450.00,0.00,54450.00,FULFILLED
1000010022,20250612,3,1,,3,27000.00,5670.00,1500.00,34170.00,FULFILLED
1000010023,20250612,1879,1,,2,27000.00,5670.00,1500.00,34170.00,FULFILLED
1000010024,20250612,1509,1,,2,12000.00,2520.00,1500.00,16020.00,REFUNDED
1000010025,20250612,679,1,,3,15000.00,3150.00,1500.00,19650.00,FULFILLED
1000010026,20250612,3038,1,,1,24000.00,5040.00,1200.00,30240.00,FULFILLED
1000010029,20250612,2937,1,,2,15000.00,3150.00,1500.00,19650.00,FULFILLED
1000010032,20250612,3039,1,,2,36000.00,7560.00,1500.00,45060.00,FULFILLED
1000010034,20250612,1045,1,,1,22800.00,4788.00,1200.00,28788.00,REFUNDED
1000010035,20250612,1304,1,,2,54000.00,11340.00,0.00,65340.00,CANCELLED
1000010037,20250612,2141,1,,2,36000.00,7560.00,1500.00,45060.00,FULFILLED
1000010040,20250612,2640,1,,2,81000.00,17010.00,0.00,98010.00,FULFILLED
1000010042,20250612,3041,1,,2,36000.00,7560.00,1500.00,45060.00,FULFILLED
1000010043,20250612,2584,1,,2,15000.00,3150.00,1500.00,19650.00,FULFILLED
1000010044,20250612,2742,1,,1,30000.00,6300.00,1200.00,37500.00,FULFILLED
1000010045,20250612,1677,1,,1,42000.00,8820.00,1200.00,52020.00,FULFILLED
1000010046,20250612,3042,1,,3,57000.00,11970.00,0.00,68970.00,FULFILLED
1000010047,20250613,1725,1,,1,36000.00,7560.00,1200.00,44760.00,FULFILLED
1000010048,20250613,2771,1,,1,30000.00,6300.00,1200.00,37500.00,FULFILLED
1000010049,20250613,1866,1,,2,15000.00,3150.00,1500.00,19650.00,FULFILLED
1000010050,20250613,2714,1,,1,30000.00,6300.00,1200.00,37500.00,FULFILLED
1000010051,20250613,3043,1,,2,60000.00,12600.00,0.00,72600.00,FULFILLED
1000010053,20250613,69,1,,4,15000.00,3150.00,1800.00,19950.00,FULFILLED
1000010056,20250613,3045,1,,1,63000.00,13230.00,0.00,76230.00,FULFILLED
1000010058,20250613,1939,1,,1,45000.00,9450.00,0.00,54450.00,FULFILLED
1000010059,20250613,2047,1,,1,15000.00,3150.00,1200.00,19350.00,FULFILLED
1000010061,20250613,1375,1,,1,15000.00,3150.00,1200.00,19350.00,FULFILLED
1000010062,20250613,430,1,,4,12000.00,2520.00,1800.00,16320.00,FULFILLED
1000010063,20250613,2348,1,,2,30000.00,6300.00,1500.00,37800.00,FULFILLED
1000010065,20250613,2310,1,,1,69000.00,14490.00,0.00,83490.00,FULFILLED
1000010066,20250613,1286,1,,1,12000.00,2520.00,1200.00,15720.00,FULFILLED
1000010070,20250614,2092,1,,2,60000.00,12600.00,0.00,72600.00,FULFILLED
1000010081,20250614,1965,1,,1,30000.00,6300.00,1200.00,37500.00,FULFILLED
1000010082,20250614,2439,1,,3,15000.00,3150.00,1500.00,19650.00,CANCELLED
1000010085,20250614,2014,1,,1,15000.00,3150.00,1200.00,19350.00,FULFILLED
1000010086,20250614,2444,1,,4,12000.00,2520.00,1800.00,16320.00,CANCELLED
1000010087,20250614,2443,1,,4,30000.00,6300.00,1800.00,38100.00,FULFILLED
1000010088,20250614,3049,1,,1,30000.00,6300.00,1200.00,37500.00,FULFILLED
1000010089,20250614,3050,1,,3,30000.00,6300.00,1500.00,37800.00,CANCELLED
1000010090,20250614,1810,1,,3,60000.00,12600.00,0.00,72600.00,FULFILLED
1000010091,20250614,3051,1,,4,12000.00,2520.00,1800.00,16320.00,FULFILLED
1000010092,20250615,581,1,,4,12000.00,2520.00,1800.00,16320.00,FULFILLED
1000010093,20250615,2757,1,,2,30000.00,6300.00,1500.00,37800.00,FULFILLED
1000010094,20250615,440,1,,4,42750.00,8977.50,1800.00,53527.50,FULFILLED
1000010095,20250615,1067,1,,4,15000.00,3150.00,1800.00,19950.00,FULFILLED
1000010096,20250615,2336,1,,4,30000.00,6300.00,1800.00,38100.00,FULFILLED
1000010097,20250615,3052,1,,1,27000.00,5670.00,1200.00,33870.00,REFUNDED
1000010098,20250615,3053,1,,2,30000.00,6300.00,1500.00,37800.00,FULFILLED
1000010099,20250615,1893,1,,2,15000.00,3150.00,1500.00,19650.00,FULFILLED
1000010100,20250615,3054,1,,1,63000.00,13230.00,0.00,76230.00,FULFILLED
1000010101,20250615,1772,1,,3,45000.00,9450.00,0.00,54450.00,FULFILLED
1000010102,20250615,644,1,,2,30000.00,6300.00,1500.00,37800.00,FULFILLED
1000010103,20250615,756,1,,2,30000.00,6300.00,1500.00,37800.00,FULFILLED
1000010104,20250615,3055,1,,3,178500.00,37485.00,0.00,215985.00,FULFILLED
1000010105,20250615,2182,1,,1,15000.00,3150.00,1200.00,19350.00,FULFILLED
1000010106,20250615,421,1,,1,39000.00,8190.00,1200.00,48390.00,FULFILLED
1000010107,20250615,2202,1,,4,27000.00,5670.00,1800.00,34470.00,CANCELLED
1000010108,20250616,2429,1,,2,15000.00,3150.00,1500.00,19650.00,FULFILLED
1000010109,20250616,1802,1,,4,15000.00,3150.00,1800.00,19950.00,FULFILLED
1000010111,20250616,3056,1,,1,42000.00,8820.00,1200.00,52020.00,FULFILLED
1000010112,20250616,3057,1,,4,12000.00,2520.00,1800.00,16320.00,FULFILLED
1000010113,20250616,3058,1,,1,193800.00,40698.00,0.00,234498.00,FULFILLED
1000010115,20250616,1634,1,,2,12000.00,2520.00,1500.00,16020.00,FULFILLED
1000010116,20250616,2826,1,,2,14250.00,2992.50,1500.00,18742.50,FULFILLED
1000010118,20250616,1706,1,,1,12000.00,2520.00,1200.00,15720.00,FULFILLED
1000010119,20250616,2894,1,,2,39000.00,8190.00,1500.00,48690.00,FULFILLED
1000010120,20250616,2891,1,,3,24000.00,5040.00,1500.00,30540.00,FULFILLED
1000010121,20250616,2031,1,,3,24000.00,5040.00,1500.00,30540.00,FULFILLED
1000010122,20250616,1909,1,,1,12000.00,2520.00,1200.00,15720.00,FULFILLED
1000010123,20250617,2696,1,,4,108000.00,22680.00,0.00,130680.00,FULFILLED
1000010124,20250617,1964,1,,4,42000.00,8820.00,1800.00,52620.00,FULFILLED
1000010126,20250617,11,1,,4,72000.00,15120.00,0.00,87120.00,FULFILLED
1000010130,20250617,1257,1,,2,14250.00,2992.50,1500.00,18742.50,FULFILLED
1000010131,20250617,2390,1,,1,12000.00,2520.00,1200.00,15720.00,FULFILLED
1000010132,20250617,1753,1,,3,36000.00,7560.00,1500.00,45060.00,FULFILLED
1000010133,20250617,2576,1,,1,69000.00,14490.00,0.00,83490.00,FULFILLED
1000010134,20250618,2606,1,,2,57000.00,11970.00,0.00,68970.00,FULFILLED
1000010135,20250618,3061,1,,3,57000.00,11970.00,0.00,68970.00,FULFILLED
1000010136,20250618,3062,1,,4,42000.00,8820.00,1800.00,52620.00,FULFILLED
1000010137,20250618,2146,1,,1,12000.00,2520.00,1200.00,15720.00,FULFILLED
1000010141,20250618,2687,1,,2,12000.00,2520.00,1500.00,16020.00,FULFILLED
1000010144,20250618,1484,1,,1,42000.00,8820.00,1200.00,52020.00,FULFILLED
1000010145,20250618,118,1,,2,30000.00,6300.00,1500.00,37800.00,FULFILLED
1000010146,20250618,1285,1,,3,24000.00,5040.00,1500.00,30540.00,FULFILLED
1000010147,20250618,2501,1,,3,24000.00,5040.00,1500.00,30540.00,FULFILLED
1000010148,20250619,2728,1,,3,36000.00,7560.00,1500.00,45060.00,FULFILLED
1000010149,20250619,1318,1,,2,15000.00,3150.00,1500.00,19650.00,CANCELLED
1000010150,20250619,426,1,,1,12000.00,2520.00,1200.00,15720.00,FULFILLED
1000010151,20250619,2540,1,,1,15000.00,3150.00,1200.00,19350.00,FULFILLED
1000010155,20250619,3064,1,,1,15000.00,3150.00,1200.00,19350.00,FULFILLED
1000010156,20250619,184,1,,1,12000.00,2520.00,1200.00,15720.00,FULFILLED
1000010157,20250619,1077,1,,3,15000.00,3150.00,1500.00,19650.00,FULFILLED
1000010159,20250619,3066,1,,2,39000.00,8190.00,1500.00,48690.00,FULFILLED
1000010160,20250619,3065,1,,3,12000.00,2520.00,1500.00,16020.00,FULFILLED
1000010161,20250619,572,1,,3,12000.00,2520.00,1500.00,16020.00,FULFILLED
1000010162,20250619,2282,1,,1,12000.00,2520.00,1200.00,15720.00,FULFILLED
1000010163,20250619,2372,1,,2,27000.00,5670.00,1500.00,34170.00,FULFILLED
1000010164,20250620,185,1,,3,36000.00,7560.00,1500.00,45060.00,FULFILLED
1000010165,20250620,161,1,,2,15000.00,3150.00,1500.00,19650.00,FULFILLED
1000010167,20250620,354,1,,3,24000.00,5040.00,1500.00,30540.00,FULFILLED
1000010175,20250620,2602,1,,1,12000.00,2520.00,1200.00,15720.00,FULFILLED
1000010176,20250620,852,1,,4,15000.00,3150.00,1800.00,19950.00,FULFILLED
1000010179,20250620,1518,1,,1,15000.00,3150.00,1200.00,19350.00,FULFILLED
1000010181,20250620,3069,1,,3,15000.00,3150.00,1500.00,19650.00,FULFILLED
1000010184,20250620,2770,1,,1,48000.00,10080.00,0.00,58080.00,FULFILLED
1000010185,20250621,2515,1,,2,12000.00,2520.00,1500.00,16020.00,FULFILLED
1000010186,20250621,2417,1,,1,12000.00,2520.00,1200.00,15720.00,FULFILLED
1000010191,20250621,2463,1,,1,12000.00,2520.00,1200.00,15720.00,FULFILLED
1000010195,20250621,2,1,,3,39000.00,8190.00,1500.00,48690.00,FULFILLED
1000010203,20250621,1071,1,,1,15000.00,3150.00,1200.00,19350.00,CANCELLED
1000010204,20250621,1973,1,,1,15000.00,3150.00,1200.00,19350.00,FULFILLED
1000010207,20250622,172,1,,2,15000.00,3150.00,1500.00,19650.00,FULFILLED
1000010208,20250622,3073,1,,1,15000.00,3150.00,1200.00,19350.00,FULFILLED
1000010209,20250622,2476,1,,3,15000.00,3150.00,1500.00,19650.00,FULFILLED
1000010210,20250622,989,1,,3,15000.00,3150.00,1500.00,19650.00,FULFILLED
1000010211,20250622,2179,1,,3,15000.00,3150.00,1500.00,19650.00,FULFILLED
1000010212,20250622,1404,1,,4,12000.00,2520.00,1800.00,16320.00,FULFILLED
1000010213,20250622,3074,1,,2,12000.00,2520.00,1500.00,16020.00,CANCELLED
1000010214,20250622,1748,1,,3,30000.00,6300.00,1500.00,37800.00,FULFILLED
1000010215,20250622,2254,1,,1,24000.00,5040.00,1200.00,30240.00,CANCELLED
1000010216,20250622,1429,1,,2,30000.00,6300.00,1500.00,37800.00,FULFILLED
1000010217,20250622,1668,1,,2,15000.00,3150.00,1500.00,19650.00,FULFILLED
1000010218,20250622,3075,1,,1,24000.00,5040.00,1200.00,30240.00,FULFILLED
1000010219,20250623,1465,1,,2,45000.00,9450.00,0.00,54450.00,FULFILLED
1000010220,20250623,3076,1,,4,15000.00,3150.00,1800.00,19950.00,REFUNDED
1000010222,20250623,1485,1,,1,12000.00,2520.00,1200.00,15720.00,FULFILLED
1000010223,20250623,1710,1,,3,30000.00,6300.00,1500.00,37800.00,FULFILLED
1000010226,20250623,1956,1,,1,12000.00,2520.00,1200.00,15720.00,FULFILLED
1000010228,20250623,2193,1,,1,30000.00,6300.00,1200.00,37500.00,FULFILLED
1000010231,20250623,995,1,,3,24000.00,5040.00,1500.00,30540.00,FULFILLED
1000010232,20250623,2421,1,,4,15000.00,3150.00,1800.00,19950.00,FULFILLED
1000010233,20250624,1159,1,,1,11400.00,2394.00,1200.00,14994.00,FULFILLED
1000010234,20250624,2310,1,,1,15000.00,3150.00,1200.00,19350.00,FULFILLED
1000010235,20250624,2553,1,,3,24000.00,5040.00,1500.00,30540.00,FULFILLED
1000010240,20250624,1334,2,4,4,57000.00,11970.00,0.00,68970.00,REFUNDED
1000010241,20250624,2106,2,4,4,15000.00,3150.00,0.00,18150.00,FULFILLED
1000010244,20250624,1816,2,1,1,24000.00,5040.00,0.00,29040.00,FULFILLED
1000010245,20250624,2616,2,1,1,15000.00,3150.00,0.00,18150.00,FULFILLED
1000010246,20250624,2625,2,2,2,24000.00,5040.00,0.00,29040.00,FULFILLED
1000010249,20250624,1607,2,3,3,27000.00,5670.00,0.00,32670.00,FULFILLED
1000010251,20250624,3081,2,1,1,15000.00,3150.00,0.00,18150.00,FULFILLED
1000010259,20250625,2070,2,1,1,12000.00,2520.00,0.00,14520.00,FULFILLED
1000010262,20250625,2688,2,4,4,27000.00,5670.00,0.00,32670.00,FULFILLED
1000010265,20250625,2435,2,3,3,30000.00,6300.00,0.00,36300.00,FULFILLED
1000010268,20250625,1787,2,2,2,15000.00,3150.00,0.00,18150.00,FULFILLED
1000010269,20250625,1268,2,3,3,30000.00,6300.00,0.00,36300.00,FULFILLED
1000010271,20250625,1746,2,1,1,15000.00,3150.00,0.00,18150.00,FULFILLED
1000010272,20250625,1831,2,3,3,15000.00,3150.00,0.00,18150.00,FULFILLED
1000010273,20250625,722,2,3,3,42000.00,8820.00,0.00,50820.00,FULFILLED
1000010276,20250625,1327,2,4,4,24000.00,5040.00,0.00,29040.00,FULFILLED
1000010281,20250626,808,2,4,4,30000.00,6300.00,0.00,36300.00,FULFILLED
1000010283,20250626,1245,2,2,2,24000.00,5040.00,0.00,29040.00,FULFILLED
1000010289,20250626,1527,2,1,1,15000.00,3150.00,0.00,18150.00,FULFILLED
1000010290,20250626,1437,2,3,3,30000.00,6300.00,0.00,36300.00,FULFILLED
1000010291,20250626,2249,2,3,3,12000.00,2520.00,0.00,14520.00,FULFILLED
1000010292,20250626,2197,2,2,2,13500.00,2835.00,0.00,16335.00,FULFILLED
1000010298,20250627,3090,2,2,2,27000.00,5670.00,0.00,32670.00,FULFILLED
1000010300,20250627,1988,2,4,4,27000.00,5670.00,0.00,32670.00,FULFILLED
1000010301,20250627,2139,2,1,1,15000.00,3150.00,0.00,18150.00,FULFILLED
1000010303,20250627,1583,2,1,1,15000.00,3150.00,1200.00,19350.00,FULFILLED
1000010304,20250627,3092,2,1,1,24000.00,5040.00,0.00,29040.00,FULFILLED
1000010305,20250627,1666,2,1,1,81000.00,17010.00,0.00,98010.00,FULFILLED
1000010306,20250627,1942,2,3,3,60000.00,12600.00,0.00,72600.00,FULFILLED
1000010308,20250627,2124,2,1,1,140250.00,29452.50,0.00,169702.50,FULFILLED
1000010309,20250627,2543,2,2,2,15000.00,3150.00,0.00,18150.00,FULFILLED
1000010313,20250628,3023,2,1,1,30000.00,6300.00,0.00,36300.00,FULFILLED
1000010314,20250628,1976,2,2,2,30000.00,6300.00,1500.00,37800.00,FULFILLED
1000010315,20250628,1003,2,3,3,12000.00,2520.00,0.00,14520.00,FULFILLED
1000010316,20250628,1934,2,1,1,45000.00,9450.00,0.00,54450.00,FULFILLED
1000010319,20250628,3095,2,3,3,12000.00,2520.00,0.00,14520.00,FULFILLED
1000010320,20250628,1148,2,3,3,40500.00,8505.00,0.00,49005.00,FULFILLED
1000010321,20250628,227,2,3,3,15000.00,3150.00,1500.00,19650.00,FULFILLED
1000010322,20250628,2621,2,2,2,15000.00,3150.00,0.00,18150.00,FULFILLED
1000010325,20250628,3096,2,1,1,60000.00,12600.00,0.00,72600.00,FULFILLED
1000010339,20250630,3101,2,1,1,12000.00,2520.00,0.00,14520.00,FULFILLED
1000010340,20250630,2333,2,2,2,24000.00,5040.00,0.00,29040.00,FULFILLED
1000010341,20250630,2046,2,3,3,12000.00,2520.00,0.00,14520.00,FULFILLED
1000010343,20250630,3102,2,2,2,15000.00,3150.00,0.00,18150.00,FULFILLED
1000010345,20250630,2619,2,2,2,30000.00,6300.00,0.00,36300.00,FULFILLED
1000010346,20250630,1307,2,1,1,63000.00,13230.00,0.00,76230.00,FULFILLED
1000010347,20250630,2740,2,1,1,45000.00,9450.00,0.00,54450.00,FULFILLED
1000010349,20250630,430,2,4,4,15000.00,3150.00,0.00,18150.00,FULFILLED
1000010351,20250630,801,2,4,4,30000.00,6300.00,0.00,36300.00,FULFILLED
1000010352,20250630,146,2,1,1,39000.00,8190.00,0.00,47190.00,FULFILLED
1000010353,20250630,3103,2,3,3,30000.00,6300.00,0.00,36300.00,FULFILLED
1000010354,20250630,2056,2,2,2,13500.00,2835.00,0.00,16335.00,FULFILLED
1000010361,20250701,3105,2,2,2,10800.00,2268.00,0.00,13068.00,FULFILLED
1000010362,20250701,1467,2,2,2,36000.00,7560.00,0.00,43560.00,FULFILLED
1000010365,20250701,2025,2,1,1,15000.00,3150.00,0.00,18150.00,FULFILLED
1000010367,20250701,3034,2,2,2,27000.00,5670.00,0.00,32670.00,FULFILLED
1000010368,20250701,2099,2,1,1,12000.00,2520.00,0.00,14520.00,FULFILLED
1000010382,20250703,2529,2,4,4,24000.00,5040.00,0.00,29040.00,FULFILLED
1000010384,20250703,2712,2,2,2,10800.00,2268.00,0.00,13068.00,FULFILLED
1000010385,20250703,927,2,3,3,48000.00,10080.00,0.00,58080.00,FULFILLED
1000010388,20250703,2890,2,1,1,24000.00,5040.00,0.00,29040.00,FULFILLED
1000010389,20250703,2775,2,1,1,27000.00,5670.00,0.00,32670.00,FULFILLED
1000010391,20250703,1740,2,1,1,15000.00,3150.00,0.00,18150.00,FULFILLED
1000010393,20250703,588,2,2,2,24300.00,5103.00,0.00,29403.00,FULFILLED
1000010394,20250703,3113,2,2,2,12000.00,2520.00,0.00,14520.00,FULFILLED
1000010395,20250703,1399,2,1,1,15000.00,3150.00,0.00,18150.00,FULFILLED
1000010401,20250704,2038,2,4,4,15000.00,3150.00,0.00,18150.00,FULFILLED
1000010402,20250704,273,2,3,3,12000.00,2520.00,0.00,14520.00,FULFILLED
1000010403,20250704,3116,2,3,3,30000.00,6300.00,0.00,36300.00,FULFILLED
1000010404,20250704,3117,2,2,2,12000.00,2520.00,0.00,14520.00,FULFILLED
1000010405,20250704,2741,2,2,2,39000.00,8190.00,0.00,47190.00,FULFILLED
1000010418,20250705,1235,2,4,4,42000.00,8820.00,0.00,50820.00,FULFILLED
1000010420,20250705,1176,2,2,2,63000.00,13230.00,0.00,76230.00,FULFILLED
1000010421,20250705,1419,2,3,3,24000.00,5040.00,0.00,29040.00,FULFILLED
1000010423,20250705,2774,2,1,1,21600.00,4536.00,0.00,26136.00,FULFILLED
1000010424,20250705,426,2,1,1,30000.00,6300.00,0.00,36300.00,FULFILLED
1000010425,20250705,2677,2,2,2,12000.00,2520.00,0.00,14520.00,FULFILLED
1000010426,20250705,1147,2,2,2,15000.00,3150.00,0.00,18150.00,FULFILLED
1000010427,20250705,2272,2,2,2,12000.00,2520.00,0.00,14520.00,FULFILLED
1000010429,20250705,2700,2,2,2,24000.00,5040.00,0.00,29040.00,FULFILLED
1000010430,20250705,402,2,3,3,39000.00,8190.00,0.00,47190.00,FULFILLED
1000010431,20250705,1382,2,2,2,51000.00,10710.00,0.00,61710.00,FULFILLED
1000010432,20250705,2422,2,4,4,27000.00,5670.00,0.00,32670.00,FULFILLED
1000010434,20250705,2362,2,1,1,12000.00,2520.00,0.00,14520.00,FULFILLED
1000010435,20250705,3122,2,1,1,12000.00,2520.00,0.00,14520.00,FULFILLED
1000010452,20250707,1432,2,4,4,24000.00,5040.00,0.00,29040.00,FULFILLED
1000010455,20250707,2091,2,2,2,12000.00,2520.00,0.00,14520.00,FULFILLED
1000010459,20250707,3126,2,4,4,36000.00,7560.00,0.00,43560.00,FULFILLED
1000010460,20250707,434,2,4,4,15000.00,3150.00,0.00,18150.00,FULFILLED
1000010465,20250707,395,2,1,1,12000.00,2520.00,0.00,14520.00,FULFILLED
1000010473,20250708,2428,2,4,4,12000.00,2520.00,0.00,14520.00,FULFILLED
1000010474,20250708,3131,2,3,3,48000.00,10080.00,0.00,58080.00,FULFILLED
1000010475,20250708,3132,2,1,1,15000.00,3150.00,0.00,18150.00,FULFILLED
1000010477,20250708,2496,2,3,3,12000.00,2520.00,0.00,14520.00,FULFILLED
1000010484,20250709,3136,2,2,2,12000.00,2520.00,0.00,14520.00,FULFILLED
1000010486,20250709,1594,2,3,3,24000.00,5040.00,0.00,29040.00,FULFILLED
1000010489,20250709,2959,2,3,3,45000.00,9450.00,0.00,54450.00,FULFILLED
1000010492,20250709,544,2,4,4,24000.00,5040.00,0.00,29040.00,FULFILLED
1000010498,20250710,2266,2,4,4,42000.00,8820.00,0.00,50820.00,FULFILLED
1000010501,20250710,1635,2,2,2,24000.00,5040.00,0.00,29040.00,FULFILLED
1000010504,20250710,455,2,2,2,12000.00,2520.00,1500.00,16020.00,FULFILLED
1000010505,20250710,1156,2,2,2,15000.00,3150.00,0.00,18150.00,FULFILLED
1000010506,20250710,1838,2,3,3,12000.00,2520.00,0.00,14520.00,FULFILLED
1000010507,20250710,994,2,1,1,12000.00,2520.00,0.00,14520.00,FULFILLED
1000010508,20250710,2239,2,1,1,12000.00,2520.00,0.00,14520.00,FULFILLED
1000010513,20250711,646,2,4,4,30000.00,6300.00,0.00,36300.00,FULFILLED
1000010515,20250711,2916,2,4,4,30000.00,6300.00,0.00,36300.00,FULFILLED
1000010517,20250711,1435,2,4,4,24000.00,5040.00,0.00,29040.00,FULFILLED
1000010520,20250711,1381,2,2,2,45000.00,9450.00,0.00,54450.00,FULFILLED
1000010521,20250711,1583,2,1,1,45000.00,9450.00,0.00,54450.00,FULFILLED
1000010522,20250711,2585,2,3,3,24000.00,5040.00,0.00,29040.00,FULFILLED
1000010527,20250711,2985,2,3,3,15000.00,3150.00,0.00,18150.00,FULFILLED
1000010533,20250712,2868,2,2,2,42000.00,8820.00,0.00,50820.00,FULFILLED
1000010534,20250712,304,2,3,3,12000.00,2520.00,0.00,14520.00,REFUNDED
1000010535,20250712,3147,2,3,3,30000.00,6300.00,0.00,36300.00,FULFILLED
1000010536,20250712,2484,2,3,3,27000.00,5670.00,0.00,32670.00,FULFILLED
1000010537,20250712,2711,2,2,2,12000.00,2520.00,0.00,14520.00,FULFILLED
1000010538,20250712,2575,2,4,4,12000.00,2520.00,0.00,14520.00,FULFILLED
1000010540,20250712,477,2,3,3,15000.00,3150.00,0.00,18150.00,FULFILLED
1000010543,20250712,2579,2,1,1,36000.00,7560.00,0.00,43560.00,FULFILLED
1000010544,20250712,2170,2,1,1,62100.00,13041.00,0.00,75141.00,FULFILLED
1000010558,20250714,487,2,2,2,24000.00,5040.00,0.00,29040.00,FULFILLED
1000010559,20250714,555,2,2,2,12000.00,2520.00,0.00,14520.00,FULFILLED
1000010561,20250714,93,2,2,2,12000.00,2520.00,0.00,14520.00,FULFILLED
1000010562,20250714,1714,2,2,2,12000.00,2520.00,0.00,14520.00,FULFILLED
1000010563,20250714,529,2,1,1,24000.00,5040.00,0.00,29040.00,REFUNDED
1000010564,20250714,1404,2,4,4,27000.00,5670.00,0.00,32670.00,FULFILLED
1000010566,20250714,3156,2,2,2,39000.00,8190.00,0.00,47190.00,FULFILLED
1000010567,20250714,723,2,4,4,24000.00,5040.00,0.00,29040.00,FULFILLED
1000010569,20250714,3060,2,4,4,39000.00,8190.00,1800.00,48990.00,FULFILLED
1000010570,20250714,3157,2,2,2,24000.00,5040.00,0.00,29040.00,FULFILLED
1000010579,20250715,2403,2,1,1,12000.00,2520.00,0.00,14520.00,FULFILLED
1000010580,20250715,2915,2,2,2,12000.00,2520.00,0.00,14520.00,FULFILLED
1000010581,20250715,3159,2,2,2,54000.00,11340.00,0.00,65340.00,FULFILLED
1000010583,20250715,2332,2,1,1,27000.00,5670.00,0.00,32670.00,FULFILLED
1000010585,20250715,1747,2,2,2,12000.00,2520.00,0.00,14520.00,FULFILLED
1000010586,20250715,2120,2,3,3,12000.00,2520.00,0.00,14520.00,FULFILLED
1000010596,20250716,3162,2,3,3,54000.00,11340.00,0.00,65340.00,FULFILLED
1000010597,20250716,3019,2,4,4,24000.00,5040.00,0.00,29040.00,FULFILLED
1000010602,20250716,1517,2,2,2,32400.00,6804.00,0.00,39204.00,FULFILLED
1000010605,20250717,891,2,2,2,153000.00,32130.00,0.00,185130.00,FULFILLED
1000010608,20250717,3164,2,1,1,27000.00,5670.00,0.00,32670.00,FULFILLED
1000010609,20250717,1931,2,2,2,24000.00,5040.00,0.00,29040.00,FULFILLED
1000010610,20250717,3037,2,4,4,27000.00,5670.00,0.00,32670.00,FULFILLED
1000010612,20250717,227,2,3,3,39000.00,8190.00,0.00,47190.00,FULFILLED
1000010619,20250717,209,2,1,1,13500.00,2835.00,0.00,16335.00,FULFILLED
1000010620,20250717,1138,2,1,1,24000.00,5040.00,0.00,29040.00,FULFILLED
1000010622,20250717,3165,2,4,4,10800.00,2268.00,1800.00,14868.00,FULFILLED
1000010629,20250718,3169,2,1,1,24000.00,5040.00,0.00,29040.00,FULFILLED
1000010630,20250718,1863,2,3,3,24000.00,5040.00,0.00,29040.00,FULFILLED
1000010632,20250718,3170,2,1,1,36000.00,7560.00,0.00,43560.00,FULFILLED
1000010633,20250718,2979,2,4,4,12000.00,2520.00,1800.00,16320.00,REFUNDED
1000010634,20250718,407,2,4,4,72000.00,15120.00,0.00,87120.00,FULFILLED
1000010635,20250718,441,2,2,2,12000.00,2520.00,0.00,14520.00,FULFILLED
1000010640,20250719,1817,2,4,4,15000.00,3150.00,0.00,18150.00,FULFILLED
1000010642,20250719,1263,2,1,1,30000.00,6300.00,0.00,36300.00,FULFILLED
1000010644,20250719,395,2,1,1,12000.00,2520.00,0.00,14520.00,FULFILLED
1000010645,20250719,2002,2,1,1,27000.00,5670.00,0.00,32670.00,FULFILLED
1000010646,20250719,2311,2,1,1,36000.00,7560.00,0.00,43560.00,FULFILLED
1000010647,20250719,1401,2,1,1,30000.00,6300.00,0.00,36300.00,FULFILLED
1000010648,20250719,829,2,3,3,12000.00,2520.00,0.00,14520.00,FULFILLED
1000010649,20250719,945,2,2,2,21600.00,4536.00,0.00,26136.00,FULFILLED
1000010650,20250719,3173,2,1,1,24000.00,5040.00,0.00,29040.00,FULFILLED
1000010651,20250719,707,2,2,2,27000.00,5670.00,0.00,32670.00,FULFILLED
1000010668,20250721,2744,2,1,1,30000.00,6300.00,0.00,36300.00,FULFILLED
1000010669,20250721,2416,2,4,4,21600.00,4536.00,0.00,26136.00,FULFILLED
1000010686,20250722,3125,2,1,1,12000.00,2520.00,0.00,14520.00,REFUNDED
1000010688,20250722,2921,2,2,2,36000.00,7560.00,1500.00,45060.00,FULFILLED
1000010689,20250722,3182,2,4,4,27000.00,5670.00,0.00,32670.00,FULFILLED
1000010690,20250722,3047,2,1,1,36000.00,7560.00,0.00,43560.00,REFUNDED
1000010691,20250722,375,2,3,3,62100.00,13041.00,0.00,75141.00,REFUNDED
1000010693,20250722,2546,2,3,3,35100.00,7371.00,0.00,42471.00,FULFILLED
1000010704,20250723,2848,2,1,1,39000.00,8190.00,0.00,47190.00,FULFILLED
1000010707,20250723,613,2,4,4,12000.00,2520.00,0.00,14520.00,FULFILLED
1000010708,20250723,388,2,4,4,15000.00,3150.00,0.00,18150.00,FULFILLED
1000010709,20250723,3187,2,4,4,24000.00,5040.00,0.00,29040.00,FULFILLED
1000010710,20250723,2714,2,1,1,27000.00,5670.00,1200.00,33870.00,FULFILLED
1000010712,20250723,422,2,3,3,12000.00,2520.00,0.00,14520.00,FULFILLED
1000010715,20250723,2656,2,1,1,24000.00,5040.00,0.00,29040.00,FULFILLED
1000010716,20250723,1404,2,4,4,27000.00,5670.00,0.00,32670.00,FULFILLED
1000010720,20250724,2460,2,4,4,42000.00,8820.00,0.00,50820.00,FULFILLED
1000010723,20250724,301,2,1,1,12000.00,2520.00,0.00,14520.00,FULFILLED
1000010724,20250724,2348,2,2,2,27000.00,5670.00,1500.00,34170.00,FULFILLED
1000010725,20250724,3192,2,1,1,48000.00,10080.00,0.00,58080.00,FULFILLED
1000010732,20250725,1645,2,2,2,15000.00,3150.00,0.00,18150.00,FULFILLED
1000010733,20250725,2513,2,4,4,12000.00,2520.00,0.00,14520.00,FULFILLED
1000010734,20250725,1288,2,1,1,48000.00,10080.00,0.00,58080.00,FULFILLED
1000010735,20250725,1221,2,2,2,27000.00,5670.00,0.00,32670.00,FULFILLED
1000010736,20250725,1121,2,2,2,12000.00,2520.00,0.00,14520.00,FULFILLED
1000010737,20250725,2391,2,2,2,12000.00,2520.00,0.00,14520.00,FULFILLED
1000010738,20250725,1942,2,3,3,12000.00,2520.00,0.00,14520.00,FULFILLED
1000010741,20250725,1870,2,3,3,54000.00,11340.00,0.00,65340.00,FULFILLED
1000010743,20250725,1618,2,2,2,12000.00,2520.00,0.00,14520.00,FULFILLED
1000010748,20250726,2748,2,1,1,24000.00,5040.00,0.00,29040.00,FULFILLED
1000010749,20250726,3197,2,3,3,27000.00,5670.00,0.00,32670.00,FULFILLED
1000010750,20250726,2662,2,3,3,30000.00,6300.00,0.00,36300.00,FULFILLED
1000010752,20250726,2917,2,3,3,72000.00,15120.00,0.00,87120.00,FULFILLED
1000010753,20250726,3025,2,4,4,24000.00,5040.00,0.00,29040.00,FULFILLED
1000010754,20250726,2199,2,3,3,12000.00,2520.00,0.00,14520.00,FULFILLED
1000010755,20250726,2453,2,3,3,27000.00,5670.00,1500.00,34170.00,FULFILLED
1000010757,20250726,1335,2,2,2,15000.00,3150.00,0.00,18150.00,FULFILLED
1000010759,20250726,2914,2,3,3,24300.00,5103.00,0.00,29403.00,FULFILLED
1000010780,20250728,3201,2,3,3,30000.00,6300.00,0.00,36300.00,FULFILLED
1000010782,20250728,2429,2,3,3,27000.00,5670.00,0.00,32670.00,FULFILLED
1000010783,20250728,3203,2,3,3,12000.00,2520.00,0.00,14520.00,FULFILLED
1000010786,20250728,3147,2,3,3,12000.00,2520.00,0.00,14520.00,FULFILLED
1000010788,20250728,2506,2,2,2,30000.00,6300.00,0.00,36300.00,FULFILLED
1000010789,20250728,3204,2,4,4,12000.00,2520.00,0.00,14520.00,FULFILLED
1000010790,20250728,3205,2,3,3,48000.00,10080.00,0.00,58080.00,FULFILLED
1000010791,20250728,2816,2,2,2,27000.00,5670.00,0.00,32670.00,FULFILLED
1000010792,20250728,2700,2,2,2,15000.00,3150.00,0.00,18150.00,FULFILLED
1000010795,20250728,1585,2,3,3,10800.00,2268.00,0.00,13068.00,FULFILLED
1000010796,20250728,2312,2,4,4,27000.00,5670.00,0.00,32670.00,FULFILLED
1000010797,20250728,714,2,4,4,57000.00,11970.00,0.00,68970.00,FULFILLED
1000010798,20250728,3208,2,3,3,48000.00,10080.00,0.00,58080.00,FULFILLED
1000010808,20250729,2262,2,2,2,63000.00,13230.00,0.00,76230.00,REFUNDED
1000010809,20250729,3209,2,4,4,12000.00,2520.00,0.00,14520.00,FULFILLED
1000010811,20250729,2174,2,2,2,15000.00,3150.00,0.00,18150.00,FULFILLED
1000010812,20250729,1104,2,1,1,30000.00,6300.00,0.00,36300.00,FULFILLED
1000010817,20250730,3211,2,2,2,30000.00,6300.00,0.00,36300.00,FULFILLED
1000010820,20250730,2038,2,4,4,12000.00,2520.00,0.00,14520.00,FULFILLED
1000010821,20250730,1085,2,3,3,27000.00,5670.00,0.00,32670.00,FULFILLED
1000010822,20250730,3063,2,1,1,45000.00,9450.00,0.00,54450.00,FULFILLED
1000010823,20250730,1376,2,3,3,27000.00,5670.00,0.00,32670.00,FULFILLED
1000010825,20250731,1153,2,4,4,60000.00,12600.00,0.00,72600.00,FULFILLED
1000010826,20250731,326,2,4,4,15000.00,3150.00,0.00,18150.00,FULFILLED
1000010828,20250731,1272,2,2,2,12000.00,2520.00,0.00,14520.00,FULFILLED
1000010829,20250731,3215,2,4,4,12000.00,2520.00,0.00,14520.00,FULFILLED
1000010830,20250731,1600,2,4,4,36000.00,7560.00,0.00,43560.00,FULFILLED
1000010836,20250801,2435,2,3,3,12000.00,2520.00,0.00,14520.00,FULFILLED
1000010837,20250801,3116,2,3,3,12000.00,2520.00,1500.00,16020.00,FULFILLED
1000010842,20250801,3217,2,3,3,36000.00,7560.00,0.00,43560.00,FULFILLED
1000010844,20250801,2291,2,4,4,45000.00,9450.00,0.00,54450.00,FULFILLED
1000010845,20250801,2159,2,4,4,12000.00,2520.00,0.00,14520.00,FULFILLED
1000010846,20250801,2396,2,1,1,72000.00,15120.00,0.00,87120.00,FULFILLED
1000010848,20250801,628,2,3,3,30000.00,6300.00,0.00,36300.00,FULFILLED
1000010849,20250801,2152,2,4,4,24000.00,5040.00,0.00,29040.00,FULFILLED
1000010854,20250802,2581,2,4,4,12000.00,2520.00,0.00,14520.00,FULFILLED
1000010855,20250802,273,2,3,3,48000.00,10080.00,0.00,58080.00,FULFILLED
1000010856,20250802,3219,2,1,1,27000.00,5670.00,0.00,32670.00,FULFILLED
1000010857,20250802,1343,2,1,1,30000.00,6300.00,0.00,36300.00,FULFILLED
1000010858,20250802,2916,2,4,4,15000.00,3150.00,0.00,18150.00,FULFILLED
1000010859,20250802,2995,2,3,3,12000.00,2520.00,0.00,14520.00,FULFILLED
1000010861,20250802,3220,2,1,1,51000.00,10710.00,0.00,61710.00,FULFILLED
1000010863,20250802,1664,2,1,1,21600.00,4536.00,1200.00,27336.00,FULFILLED
1000010864,20250802,848,2,4,4,51300.00,10773.00,0.00,62073.00,FULFILLED
1000010865,20250802,1737,2,4,4,15000.00,3150.00,0.00,18150.00,FULFILLED
1000010885,20250804,2155,2,2,2,24000.00,5040.00,0.00,29040.00,FULFILLED
1000010887,20250804,321,2,1,1,15000.00,3150.00,0.00,18150.00,FULFILLED
1000010892,20250804,1972,2,4,4,24000.00,5040.00,0.00,29040.00,FULFILLED
1000010893,20250804,1988,2,4,4,27000.00,5670.00,0.00,32670.00,FULFILLED
1000010894,20250804,494,2,1,1,12000.00,2520.00,0.00,14520.00,FULFILLED
1000010895,20250804,1838,2,3,3,51000.00,10710.00,0.00,61710.00,FULFILLED
1000010896,20250804,866,2,3,3,12000.00,2520.00,0.00,14520.00,FULFILLED
1000010897,20250804,3226,2,1,1,42000.00,8820.00,0.00,50820.00,FULFILLED
1000010898,20250804,3228,2,1,1,12000.00,2520.00,0.00,14520.00,FULFILLED
1000010900,20250804,1318,2,2,2,45000.00,9450.00,0.00,54450.00,FULFILLED
1000010909,20250805,2168,2,1,1,54000.00,11340.00,0.00,65340.00,FULFILLED
1000010911,20250805,617,2,4,4,78000.00,16380.00,0.00,94380.00,FULFILLED
1000010912,20250805,1929,2,1,1,12000.00,2520.00,0.00,14520.00,FULFILLED
1000010913,20250805,3103,2,3,3,24000.00,5040.00,0.00,29040.00,FULFILLED
1000010914,20250805,3233,2,3,3,15000.00,3150.00,0.00,18150.00,FULFILLED
1000010919,20250805,2107,2,2,2,30000.00,6300.00,0.00,36300.00,FULFILLED
1000010921,20250805,2166,2,1,1,30000.00,6300.00,0.00,36300.00,FULFILLED
1000010925,20250806,1466,2,2,2,15000.00,3150.00,0.00,18150.00,REFUNDED
1000010926,20250806,907,2,3,3,24000.00,5040.00,0.00,29040.00,FULFILLED
1000010934,20250806,2774,2,1,1,12000.00,2520.00,0.00,14520.00,FULFILLED
1000010936,20250806,2478,2,2,2,12000.00,2520.00,0.00,14520.00,FULFILLED
1000010938,20250806,3240,2,3,3,27000.00,5670.00,0.00,32670.00,FULFILLED
1000010947,20250807,1831,2,3,3,12000.00,2520.00,0.00,14520.00,FULFILLED
1000010948,20250807,2558,2,3,3,12000.00,2520.00,0.00,14520.00,FULFILLED
1000010950,20250807,3243,2,4,4,12000.00,2520.00,0.00,14520.00,FULFILLED
1000010951,20250807,2088,2,2,2,24000.00,5040.00,0.00,29040.00,FULFILLED
1000010952,20250807,964,2,3,3,24000.00,5040.00,0.00,29040.00,FULFILLED
1000010955,20250807,3244,2,2,2,30000.00,6300.00,0.00,36300.00,FULFILLED
1000010959,20250807,3245,2,4,4,39000.00,8190.00,0.00,47190.00,FULFILLED
1000010963,20250807,3247,2,1,1,13500.00,2835.00,0.00,16335.00,FULFILLED
1000010967,20250808,246,2,2,2,12000.00,2520.00,0.00,14520.00,FULFILLED
1000010968,20250808,380,2,3,3,12000.00,2520.00,0.00,14520.00,FULFILLED
1000010972,20250808,2389,2,3,3,45000.00,9450.00,0.00,54450.00,FULFILLED
1000010974,20250808,349,2,4,4,36000.00,7560.00,0.00,43560.00,FULFILLED
1000010975,20250808,1817,2,4,4,12000.00,2520.00,0.00,14520.00,FULFILLED
1000010978,20250808,3164,2,1,1,12000.00,2520.00,0.00,14520.00,FULFILLED
1000010980,20250808,1843,2,3,3,12000.00,2520.00,0.00,14520.00,FULFILLED
1000010981,20250808,210,2,1,1,30000.00,6300.00,0.00,36300.00,FULFILLED
1000010986,20250809,1903,2,2,2,45000.00,9450.00,0.00,54450.00,FULFILLED
1000010988,20250809,1844,2,4,4,12000.00,2520.00,0.00,14520.00,CANCELLED
1000010989,20250809,2272,2,2,2,12000.00,2520.00,0.00,14520.00,FULFILLED
1000010990,20250809,2039,2,2,2,42000.00,8820.00,0.00,50820.00,FULFILLED
1000010991,20250809,2599,2,4,4,12000.00,2520.00,0.00,14520.00,FULFILLED
1000010992,20250809,1530,2,2,2,12000.00,2520.00,0.00,14520.00,REFUNDED
1000010993,20250809,3251,2,2,2,43200.00,9072.00,0.00,52272.00,FULFILLED
1000010994,20250809,801,2,4,4,168300.00,35343.00,0.00,203643.00,FULFILLED
1000010995,20250809,684,2,1,1,42000.00,8820.00,0.00,50820.00,FULFILLED
1000010997,20250809,463,2,3,3,30000.00,6300.00,0.00,36300.00,FULFILLED
1000010999,20250809,1024,2,4,4,15000.00,3150.00,0.00,18150.00,FULFILLED
1000011025,20250811,2271,2,2,2,45000.00,9450.00,0.00,54450.00,FULFILLED
1000011027,20250811,1976,2,2,2,78000.00,16380.00,0.00,94380.00,FULFILLED
1000011028,20250811,1208,2,2,2,12000.00,2520.00,0.00,14520.00,FULFILLED
1000011035,20250811,1015,2,3,3,12000.00,2520.00,0.00,14520.00,FULFILLED
1000011046,20250812,3265,2,2,2,39000.00,8190.00,0.00,47190.00,FULFILLED
1000011051,20250812,158,2,3,3,24000.00,5040.00,0.00,29040.00,CANCELLED
1000011056,20250812,1740,2,1,1,27000.00,5670.00,0.00,32670.00,FULFILLED
1000011058,20250812,1662,2,1,1,30000.00,6300.00,0.00,36300.00,FULFILLED
1000011059,20250812,1858,2,4,4,45000.00,9450.00,0.00,54450.00,FULFILLED
1000011060,20250812,2985,2,3,3,60000.00,12600.00,0.00,72600.00,FULFILLED
1000011061,20250812,2655,2,4,4,24000.00,5040.00,0.00,29040.00,FULFILLED
1000011062,20250812,389,2,1,1,12000.00,2520.00,0.00,14520.00,FULFILLED
1000011063,20250812,1697,2,4,4,24000.00,5040.00,0.00,29040.00,FULFILLED
1000011067,20250812,2041,2,2,2,15000.00,3150.00,0.00,18150.00,FULFILLED
1000011075,20250813,1649,2,4,4,12000.00,2520.00,0.00,14520.00,FULFILLED
1000011076,20250813,3170,2,1,1,93000.00,19530.00,0.00,112530.00,FULFILLED
1000011080,20250813,979,2,2,2,60000.00,12600.00,0.00,72600.00,REFUNDED
1000011083,20250813,3271,2,1,1,12000.00,2520.00,0.00,14520.00,FULFILLED
1000011084,20250813,3272,2,2,2,12000.00,2520.00,0.00,14520.00,FULFILLED
1000011085,20250813,1636,2,3,3,30000.00,6300.00,0.00,36300.00,FULFILLED
1000011086,20250813,2373,2,3,3,69000.00,14490.00,0.00,83490.00,FULFILLED
1000011089,20250813,1497,2,2,2,24000.00,5040.00,0.00,29040.00,FULFILLED
1000011101,20250814,1942,2,3,3,12000.00,2520.00,0.00,14520.00,FULFILLED
1000011104,20250814,212,2,1,1,21600.00,4536.00,0.00,26136.00,FULFILLED
1000011105,20250814,2544,2,2,2,24000.00,5040.00,0.00,29040.00,REFUNDED
1000011106,20250814,2890,2,1,1,48000.00,10080.00,0.00,58080.00,FULFILLED
1000011109,20250814,2805,2,2,2,12000.00,2520.00,0.00,14520.00,FULFILLED
1000011113,20250814,2619,2,2,2,12000.00,2520.00,0.00,14520.00,FULFILLED
1000011114,20250814,1459,2,3,3,54000.00,11340.00,0.00,65340.00,FULFILLED
1000011115,20250814,665,2,3,3,12000.00,2520.00,0.00,14520.00,FULFILLED
1000011122,20250815,3069,2,3,3,54000.00,11340.00,0.00,65340.00,CANCELLED
1000011123,20250815,3279,2,1,1,12000.00,2520.00,0.00,14520.00,FULFILLED
1000011124,20250815,194,2,1,1,15000.00,3150.00,0.00,18150.00,FULFILLED
1000011125,20250815,925,2,2,2,30000.00,6300.00,0.00,36300.00,FULFILLED
1000011126,20250815,2167,2,4,4,42000.00,8820.00,0.00,50820.00,FULFILLED
1000011127,20250815,907,2,3,3,24000.00,5040.00,0.00,29040.00,FULFILLED
1000011133,20250815,3281,2,4,4,15000.00,3150.00,0.00,18150.00,FULFILLED
1000011137,20250815,2215,2,1,1,12000.00,2520.00,0.00,14520.00,FULFILLED
1000011138,20250815,2038,2,4,4,12000.00,2520.00,0.00,14520.00,FULFILLED
1000011142,20250816,2551,2,4,4,12000.00,2520.00,1800.00,16320.00,FULFILLED
1000011144,20250816,1268,2,3,3,42000.00,8820.00,0.00,50820.00,FULFILLED
1000011145,20250816,2959,2,3,3,45000.00,9450.00,0.00,54450.00,FULFILLED
1000011146,20250816,3283,2,1,1,12000.00,2520.00,0.00,14520.00,FULFILLED
1000011147,20250816,3284,2,3,3,27000.00,5670.00,0.00,32670.00,FULFILLED
1000011148,20250816,87,2,1,1,45000.00,9450.00,0.00,54450.00,FULFILLED
1000011149,20250816,1635,2,2,2,12000.00,2520.00,0.00,14520.00,FULFILLED
1000011150,20250816,3285,2,4,4,42000.00,8820.00,0.00,50820.00,FULFILLED
1000011151,20250816,492,2,4,4,57000.00,11970.00,0.00,68970.00,FULFILLED
1000011152,20250816,2513,2,4,4,12000.00,2520.00,0.00,14520.00,FULFILLED
1000011153,20250816,2152,2,4,4,15000.00,3150.00,0.00,18150.00,FULFILLED
1000011154,20250816,3286,2,1,1,24000.00,5040.00,0.00,29040.00,FULFILLED
1000011156,20250816,258,2,1,1,45000.00,9450.00,0.00,54450.00,FULFILLED
1000011157,20250816,508,2,2,2,37800.00,7938.00,0.00,45738.00,FULFILLED
1000011159,20250816,2396,2,1,1,12000.00,2520.00,0.00,14520.00,FULFILLED
1000011160,20250816,3126,2,4,4,15000.00,3150.00,0.00,18150.00,FULFILLED
1000011162,20250816,3288,2,3,3,66000.00,13860.00,0.00,79860.00,FULFILLED
1000011164,20250816,2160,2,1,1,24000.00,5040.00,0.00,29040.00,FULFILLED
1000011186,20250818,2962,2,4,4,42000.00,8820.00,1800.00,52620.00,FULFILLED
1000011187,20250818,1508,2,3,3,42000.00,8820.00,0.00,50820.00,FULFILLED
1000011203,20250819,1401,2,1,1,12000.00,2520.00,1200.00,15720.00,FULFILLED
1000011206,20250819,3301,2,3,3,30000.00,6300.00,0.00,36300.00,FULFILLED
1000011208,20250819,1982,2,1,1,12000.00,2520.00,0.00,14520.00,FULFILLED
1000011209,20250819,1655,2,3,3,12000.00,2520.00,0.00,14520.00,FULFILLED
1000011212,20250819,2447,2,1,1,63000.00,13230.00,0.00,76230.00,FULFILLED
1000011213,20250819,1627,2,2,2,12000.00,2520.00,0.00,14520.00,FULFILLED
1000011214,20250819,2493,2,2,2,30000.00,6300.00,0.00,36300.00,FULFILLED
1000011217,20250819,728,2,1,1,27000.00,5670.00,1200.00,33870.00,FULFILLED
1000011224,20250820,1873,2,3,3,12000.00,2520.00,0.00,14520.00,FULFILLED
1000011225,20250820,3305,2,2,2,30000.00,6300.00,0.00,36300.00,FULFILLED
1000011229,20250820,1940,2,2,2,30000.00,6300.00,0.00,36300.00,FULFILLED
1000011230,20250820,3125,2,1,1,39000.00,8190.00,0.00,47190.00,FULFILLED
1000011237,20250820,2265,2,3,3,30000.00,6300.00,0.00,36300.00,FULFILLED
1000011238,20250820,2363,2,2,2,12000.00,2520.00,0.00,14520.00,FULFILLED
1000011239,20250820,2418,2,1,1,27000.00,5670.00,0.00,32670.00,FULFILLED
1000011245,20250821,1895,2,2,2,24000.00,5040.00,0.00,29040.00,FULFILLED
1000011248,20250821,2298,2,4,4,30000.00,6300.00,0.00,36300.00,FULFILLED
1000011251,20250821,510,2,3,3,12000.00,2520.00,0.00,14520.00,FULFILLED
1000011252,20250821,2722,2,2,2,24000.00,5040.00,0.00,29040.00,FULFILLED
1000011253,20250821,2721,2,3,3,12000.00,2520.00,1500.00,16020.00,FULFILLED
1000011257,20250821,3310,2,3,3,12000.00,2520.00,0.00,14520.00,FULFILLED
1000011260,20250821,338,2,1,1,12000.00,2520.00,0.00,14520.00,FULFILLED
1000011261,20250821,3311,2,1,1,15000.00,3150.00,0.00,18150.00,FULFILLED
1000011268,20250822,699,2,4,4,24000.00,5040.00,0.00,29040.00,FULFILLED
1000011269,20250822,2918,2,4,4,51000.00,10710.00,0.00,61710.00,FULFILLED
1000011270,20250822,3312,2,3,3,48000.00,10080.00,0.00,58080.00,FULFILLED
1000011271,20250822,2712,2,2,2,30000.00,6300.00,0.00,36300.00,FULFILLED
1000011272,20250822,538,2,4,4,30000.00,6300.00,0.00,36300.00,FULFILLED
1000011273,20250822,1197,2,4,4,12000.00,2520.00,0.00,14520.00,FULFILLED
1000011274,20250822,2415,2,4,4,45000.00,9450.00,0.00,54450.00,FULFILLED
1000011275,20250822,336,2,4,4,39000.00,8190.00,0.00,47190.00,FULFILLED
1000011276,20250822,2099,2,1,1,15000.00,3150.00,0.00,18150.00,FULFILLED
1000011278,20250822,112,2,1,1,30000.00,6300.00,0.00,36300.00,FULFILLED
1000011279,20250822,1085,2,3,3,42000.00,8820.00,0.00,50820.00,FULFILLED
1000011281,20250822,3314,2,3,3,27000.00,5670.00,0.00,32670.00,FULFILLED
1000011282,20250822,2026,2,3,3,42000.00,8820.00,0.00,50820.00,FULFILLED
1000011288,20250823,3316,2,3,3,30000.00,6300.00,0.00,36300.00,FULFILLED
1000011289,20250823,302,2,3,3,30000.00,6300.00,0.00,36300.00,FULFILLED
1000011291,20250823,2774,2,1,1,81000.00,17010.00,0.00,98010.00,FULFILLED
1000011293,20250823,291,2,2,2,15000.00,3150.00,0.00,18150.00,FULFILLED
1000011294,20250823,1631,2,2,2,27000.00,5670.00,0.00,32670.00,FULFILLED
1000011295,20250823,751,2,3,3,12000.00,2520.00,0.00,14520.00,FULFILLED
1000011298,20250823,2056,2,2,2,27000.00,5670.00,0.00,32670.00,FULFILLED
1000011317,20250825,749,2,1,1,15000.00,3150.00,0.00,18150.00,FULFILLED
1000011321,20250825,2711,2,2,2,12000.00,2520.00,0.00,14520.00,FULFILLED
1000011326,20250825,1836,2,2,2,45000.00,9450.00,0.00,54450.00,FULFILLED
1000011329,20250825,2700,2,2,2,15000.00,3150.00,0.00,18150.00,FULFILLED
1000011330,20250825,2673,2,2,2,24000.00,5040.00,0.00,29040.00,FULFILLED
1000011338,20250826,3331,2,2,2,24000.00,5040.00,0.00,29040.00,FULFILLED
1000011340,20250826,2872,2,1,1,15000.00,3150.00,0.00,18150.00,FULFILLED
1000011341,20250826,388,2,4,4,15000.00,3150.00,0.00,18150.00,FULFILLED
1000011345,20250826,2271,2,2,2,15000.00,3150.00,0.00,18150.00,FULFILLED
1000011346,20250826,1701,2,4,4,12000.00,2520.00,0.00,14520.00,FULFILLED
1000011357,20250827,2868,2,2,2,48000.00,10080.00,0.00,58080.00,FULFILLED
1000011358,20250827,1399,2,1,1,12000.00,2520.00,0.00,14520.00,FULFILLED
1000011359,20250827,2216,2,2,2,12000.00,2520.00,0.00,14520.00,FULFILLED
1000011362,20250827,656,2,1,1,27000.00,5670.00,0.00,32670.00,FULFILLED
1000011365,20250827,3339,2,2,2,12000.00,2520.00,0.00,14520.00,FULFILLED
1000011367,20250827,829,2,3,3,12000.00,2520.00,0.00,14520.00,FULFILLED
1000011369,20250827,2905,2,1,1,96000.00,20160.00,0.00,116160.00,FULFILLED
1000011370,20250827,3341,2,1,1,24000.00,5040.00,0.00,29040.00,FULFILLED
1000011371,20250827,2419,2,4,4,12000.00,2520.00,0.00,14520.00,FULFILLED
1000011372,20250827,330,2,1,1,24000.00,5040.00,0.00,29040.00,FULFILLED
1000011373,20250827,3342,2,1,1,48000.00,10080.00,0.00,58080.00,FULFILLED
1000011379,20250828,2796,2,2,2,51000.00,10710.00,0.00,61710.00,FULFILLED
1000011380,20250828,1484,2,1,1,12000.00,2520.00,0.00,14520.00,FULFILLED
1000011382,20250828,2399,2,2,2,12000.00,2520.00,0.00,14520.00,FULFILLED
1000011383,20250828,1051,2,3,3,12000.00,2520.00,0.00,14520.00,FULFILLED
1000011384,20250828,3164,2,1,1,12000.00,2520.00,0.00,14520.00,FULFILLED
1000011386,20250828,3345,2,2,2,12000.00,2520.00,0.00,14520.00,FULFILLED
1000011392,20250829,2481,2,1,1,24000.00,5040.00,0.00,29040.00,FULFILLED
1000011396,20250829,2852,2,1,1,12000.00,2520.00,0.00,14520.00,FULFILLED
1000011397,20250829,2000,2,4,4,30000.00,6300.00,0.00,36300.00,FULFILLED
1000011400,20250829,2836,2,2,2,24000.00,5040.00,0.00,29040.00,FULFILLED
1000011401,20250829,3224,2,3,3,36000.00,7560.00,0.00,43560.00,FULFILLED
1000011402,20250829,2917,2,3,3,12000.00,2520.00,0.00,14520.00,FULFILLED
1000011404,20250829,1985,2,3,3,39000.00,8190.00,0.00,47190.00,FULFILLED
1000011406,20250829,1003,2,3,3,12000.00,2520.00,0.00,14520.00,FULFILLED
1000011411,20250830,3351,2,4,4,42000.00,8820.00,0.00,50820.00,FULFILLED
1000011412,20250830,2482,2,2,2,24000.00,5040.00,0.00,29040.00,CANCELLED
1000011413,20250830,317,2,2,2,27000.00,5670.00,0.00,32670.00,FULFILLED
1000011414,20250830,1291,2,2,2,36000.00,7560.00,0.00,43560.00,FULFILLED
1000011415,20250830,1493,2,1,1,12000.00,2520.00,0.00,14520.00,FULFILLED
1000011416,20250830,3352,2,2,2,24000.00,5040.00,0.00,29040.00,FULFILLED
1000011417,20250830,2412,2,4,4,24000.00,5040.00,0.00,29040.00,FULFILLED
1000011418,20250830,1432,2,4,4,57000.00,11970.00,0.00,68970.00,FULFILLED
1000011419,20250830,2558,2,3,3,36000.00,7560.00,0.00,43560.00,FULFILLED
1000011420,20250830,2903,2,1,1,36000.00,7560.00,0.00,43560.00,FULFILLED
1000011422,20250830,1532,2,4,4,15000.00,3150.00,0.00,18150.00,FULFILLED
1000011424,20250830,3353,2,3,3,24000.00,5040.00,0.00,29040.00,REFUNDED
1000011425,20250830,1545,2,2,2,12000.00,2520.00,0.00,14520.00,FULFILLED
1000011428,20250830,1634,2,2,2,12000.00,2520.00,0.00,14520.00,CANCELLED
1000011429,20250830,2817,2,2,2,12000.00,2520.00,0.00,14520.00,FULFILLED
1000011430,20250830,3355,2,3,3,12000.00,2520.00,0.00,14520.00,FULFILLED
1000011431,20250830,984,2,2,2,15000.00,3150.00,0.00,18150.00,FULFILLED
1000011447,20250901,434,2,4,4,15000.00,3150.00,0.00,18150.00,FULFILLED
1000011448,20250901,1235,2,4,4,36000.00,7560.00,0.00,43560.00,FULFILLED
1000011450,20250901,2495,2,1,1,30000.00,6300.00,0.00,36300.00,FULFILLED
1000011451,20250901,1025,2,3,3,12000.00,2520.00,0.00,14520.00,FULFILLED
1000011460,20250902,2143,2,4,4,36000.00,7560.00,0.00,43560.00,FULFILLED
1000011461,20250902,2167,2,4,4,36000.00,7560.00,0.00,43560.00,FULFILLED
1000011468,20250902,1089,2,1,1,12000.00,2520.00,0.00,14520.00,FULFILLED
1000011469,20250902,1155,2,2,2,12000.00,2520.00,0.00,14520.00,FULFILLED
1000011473,20250902,660,2,1,1,30000.00,6300.00,0.00,36300.00,FULFILLED
1000011474,20250902,1531,2,1,1,12000.00,2520.00,0.00,14520.00,FULFILLED
1000011481,20250903,3006,2,3,3,51300.00,10773.00,0.00,62073.00,FULFILLED
1000011484,20250903,3157,2,2,2,24000.00,5040.00,0.00,29040.00,FULFILLED
1000011486,20250903,2621,2,2,2,24000.00,5040.00,0.00,29040.00,FULFILLED
1000011487,20250903,2014,2,1,1,24000.00,5040.00,0.00,29040.00,FULFILLED
1000011489,20250903,1146,2,4,4,27000.00,5670.00,0.00,32670.00,FULFILLED
1000011499,20250904,646,2,4,4,48000.00,10080.00,0.00,58080.00,FULFILLED
1000011502,20250904,3373,2,4,4,36000.00,7560.00,0.00,43560.00,FULFILLED
1000011505,20250904,3248,2,3,3,36000.00,7560.00,0.00,43560.00,FULFILLED
1000011507,20250904,1839,2,4,4,60000.00,12600.00,0.00,72600.00,FULFILLED
1000011508,20250904,3239,2,1,1,27000.00,5670.00,0.00,32670.00,FULFILLED
1000011510,20250904,3374,2,3,3,37800.00,7938.00,0.00,45738.00,FULFILLED
1000011511,20250904,3375,2,1,1,30000.00,6300.00,0.00,36300.00,FULFILLED
1000011519,20250905,2355,2,4,4,12000.00,2520.00,0.00,14520.00,FULFILLED
1000011520,20250905,3377,2,3,3,39000.00,8190.00,0.00,47190.00,FULFILLED
1000011521,20250905,2177,2,4,4,12000.00,2520.00,0.00,14520.00,FULFILLED
1000011522,20250905,1489,2,2,2,12000.00,2520.00,0.00,14520.00,FULFILLED
1000011524,20250905,219,2,3,3,15000.00,3150.00,0.00,18150.00,FULFILLED
1000011525,20250905,3378,2,4,4,15000.00,3150.00,0.00,18150.00,FULFILLED
1000011527,20250905,1207,2,3,3,27000.00,5670.00,0.00,32670.00,FULFILLED
1000011535,20250906,3381,2,2,2,12000.00,2520.00,0.00,14520.00,FULFILLED
1000011537,20250906,194,2,1,1,27000.00,5670.00,0.00,32670.00,FULFILLED
1000011539,20250906,1546,2,1,1,12000.00,2520.00,0.00,14520.00,FULFILLED
1000011540,20250906,3382,2,2,2,60000.00,12600.00,0.00,72600.00,FULFILLED
1000011543,20250906,193,2,2,2,69000.00,14490.00,0.00,83490.00,FULFILLED
1000011544,20250906,3383,2,4,4,15000.00,3150.00,0.00,18150.00,REFUNDED
1000011546,20250906,2750,2,3,3,12000.00,2520.00,0.00,14520.00,FULFILLED
1000011547,20250906,1499,2,3,3,24000.00,5040.00,0.00,29040.00,FULFILLED
1000011548,20250906,3272,2,2,2,15000.00,3150.00,0.00,18150.00,FULFILLED
1000011549,20250906,1585,2,3,3,15000.00,3150.00,1500.00,19650.00,FULFILLED
1000011551,20250906,2250,2,2,2,15000.00,3150.00,0.00,18150.00,FULFILLED
1000011552,20250906,3387,2,1,1,15000.00,3150.00,0.00,18150.00,FULFILLED
1000011553,20250906,3388,2,1,1,45000.00,9450.00,0.00,54450.00,FULFILLED
1000011555,20250906,2486,2,2,2,30000.00,6300.00,0.00,36300.00,FULFILLED
1000011556,20250906,1563,2,1,1,45000.00,9450.00,0.00,54450.00,FULFILLED
1000011571,20250908,1669,2,3,3,12000.00,2520.00,0.00,14520.00,FULFILLED
1000011572,20250908,3068,2,2,2,12000.00,2520.00,1500.00,16020.00,FULFILLED
1000011575,20250908,227,2,3,3,12000.00,2520.00,0.00,14520.00,FULFILLED
1000011576,20250908,2741,2,2,2,15000.00,3150.00,0.00,18150.00,REFUNDED
1000011579,20250908,2178,2,3,3,12000.00,2520.00,1500.00,16020.00,FULFILLED
1000011581,20250908,897,2,2,2,12000.00,2520.00,0.00,14520.00,FULFILLED
1000011586,20250908,1192,2,3,3,15000.00,3150.00,0.00,18150.00,FULFILLED
1000011588,20250908,1583,2,1,1,27000.00,5670.00,0.00,32670.00,FULFILLED
1000011593,20250908,2599,2,4,4,15000.00,3150.00,0.00,18150.00,FULFILLED
1000011595,20250908,2671,2,2,2,13500.00,2835.00,0.00,16335.00,FULFILLED
1000011596,20250908,2744,2,1,1,60000.00,12600.00,0.00,72600.00,FULFILLED
1000011609,20250909,3397,2,1,1,30000.00,6300.00,0.00,36300.00,FULFILLED
1000011613,20250909,3101,2,1,1,45000.00,9450.00,0.00,54450.00,FULFILLED
1000011614,20250909,3306,2,4,4,12000.00,2520.00,0.00,14520.00,FULFILLED
1000011615,20250909,3399,2,3,3,39000.00,8190.00,0.00,47190.00,FULFILLED
1000011627,20250910,3403,2,2,2,15000.00,3150.00,0.00,18150.00,FULFILLED
1000011628,20250910,1731,2,1,1,27000.00,5670.00,0.00,32670.00,FULFILLED
1000011630,20250910,2422,2,4,4,45000.00,9450.00,0.00,54450.00,FULFILLED
1000011631,20250910,2191,2,4,4,15000.00,3150.00,0.00,18150.00,FULFILLED
1000011633,20250910,2399,2,2,2,51000.00,10710.00,0.00,61710.00,FULFILLED
1000011635,20250910,1530,2,2,2,12000.00,2520.00,0.00,14520.00,FULFILLED
1000011643,20250911,1196,2,1,1,84000.00,17640.00,0.00,101640.00,FULFILLED
1000011646,20250911,2056,2,2,2,15000.00,3150.00,0.00,18150.00,FULFILLED
1000011650,20250911,628,2,3,3,45000.00,9450.00,0.00,54450.00,FULFILLED
1000011654,20250911,427,2,3,3,36000.00,7560.00,0.00,43560.00,FULFILLED
1000011659,20250912,536,2,3,3,24000.00,5040.00,0.00,29040.00,FULFILLED
1000011660,20250912,2592,2,1,1,15000.00,3150.00,0.00,18150.00,FULFILLED
1000011663,20250912,1970,2,3,3,10800.00,2268.00,0.00,13068.00,FULFILLED
1000011668,20250912,302,2,3,3,15000.00,3150.00,0.00,18150.00,FULFILLED
1000011669,20250912,2979,2,4,4,27000.00,5670.00,0.00,32670.00,FULFILLED
1000011673,20250913,3033,2,4,4,54000.00,11340.00,0.00,65340.00,FULFILLED
1000011674,20250913,1376,2,3,3,45000.00,9450.00,0.00,54450.00,FULFILLED
1000011676,20250913,3412,2,2,2,30000.00,6300.00,0.00,36300.00,FULFILLED
1000011677,20250913,2625,2,2,2,30000.00,6300.00,0.00,36300.00,FULFILLED
1000011678,20250913,2712,2,2,2,57000.00,11970.00,0.00,68970.00,FULFILLED
1000011679,20250913,2538,2,4,4,15000.00,3150.00,0.00,18150.00,FULFILLED
1000011681,20250913,1318,2,2,2,24000.00,5040.00,0.00,29040.00,FULFILLED
1000011682,20250913,714,2,4,4,30000.00,6300.00,0.00,36300.00,FULFILLED
1000011684,20250913,3173,2,1,1,39000.00,8190.00,0.00,47190.00,FULFILLED
1000011685,20250913,1151,2,1,1,12000.00,2520.00,0.00,14520.00,FULFILLED
1000011686,20250913,1939,2,1,1,45000.00,9450.00,0.00,54450.00,FULFILLED
1000011687,20250913,1982,2,1,1,15000.00,3150.00,0.00,18150.00,FULFILLED
1000011708,20250915,3204,2,4,4,15000.00,3150.00,0.00,18150.00,FULFILLED
1000011710,20250915,1272,2,2,2,30000.00,6300.00,0.00,36300.00,REFUNDED
1000011715,20250916,1877,2,2,2,24000.00,5040.00,0.00,29040.00,FULFILLED
1000011718,20250916,3418,2,2,2,10800.00,2268.00,0.00,13068.00,FULFILLED
1000011719,20250916,1044,2,3,3,10800.00,2268.00,0.00,13068.00,FULFILLED
1000011720,20250916,1645,2,2,2,45000.00,9450.00,0.00,54450.00,FULFILLED
1000011722,20250916,2513,2,4,4,24000.00,5040.00,0.00,29040.00,FULFILLED
1000011724,20250916,3194,2,3,3,45000.00,9450.00,0.00,54450.00,FULFILLED
1000011725,20250916,1627,2,2,2,42000.00,8820.00,0.00,50820.00,FULFILLED
1000011726,20250916,2152,2,4,4,12000.00,2520.00,0.00,14520.00,FULFILLED
1000011733,20250917,2807,2,3,3,30000.00,6300.00,0.00,36300.00,FULFILLED
1000011735,20250917,1003,2,3,3,27000.00,5670.00,0.00,32670.00,FULFILLED
1000011737,20250917,1466,2,2,2,102000.00,21420.00,0.00,123420.00,FULFILLED
1000011740,20250917,1085,2,3,3,12000.00,2520.00,0.00,14520.00,FULFILLED
1000011744,20250918,1041,2,3,3,39000.00,8190.00,0.00,47190.00,FULFILLED
1000011750,20250918,1530,2,2,2,10800.00,2268.00,0.00,13068.00,FULFILLED
1000011751,20250918,3191,2,1,1,12000.00,2520.00,0.00,14520.00,FULFILLED
1000011764,20250919,3427,2,4,4,30000.00,6300.00,0.00,36300.00,FULFILLED
1000011770,20250920,2489,2,1,1,15000.00,3150.00,0.00,18150.00,FULFILLED
1000011771,20250920,2811,2,4,4,15000.00,3150.00,0.00,18150.00,FULFILLED
1000011772,20250920,1808,2,2,2,27000.00,5670.00,0.00,32670.00,FULFILLED
1000011773,20250920,3216,2,1,1,12000.00,2520.00,0.00,14520.00,FULFILLED
1000011774,20250920,2655,2,4,4,24000.00,5040.00,0.00,29040.00,FULFILLED
1000011775,20250920,1112,2,1,1,15000.00,3150.00,0.00,18150.00,FULFILLED
1000011777,20250920,2854,2,1,1,45000.00,9450.00,0.00,54450.00,FULFILLED
1000011778,20250920,3017,2,2,2,51000.00,10710.00,0.00,61710.00,FULFILLED
1000011783,20250920,2038,2,4,4,30000.00,6300.00,0.00,36300.00,FULFILLED
1000011786,20250920,1382,2,2,2,12000.00,2520.00,0.00,14520.00,FULFILLED
1000011803,20250922,2914,2,3,3,27000.00,5670.00,0.00,32670.00,FULFILLED
1000011810,20250922,1747,2,2,2,30000.00,6300.00,0.00,36300.00,FULFILLED
1000011814,20250922,3436,2,1,1,30000.00,6300.00,0.00,36300.00,FULFILLED
1000011817,20250922,2064,2,2,2,42000.00,8820.00,0.00,50820.00,FULFILLED
1000011818,20250922,2253,2,1,1,24000.00,5040.00,0.00,29040.00,FULFILLED
1000011825,20250923,2816,2,2,2,27000.00,5670.00,0.00,32670.00,FULFILLED
1000011826,20250923,402,2,3,3,12000.00,2520.00,0.00,14520.00,FULFILLED
1000011847,20250924,3445,2,4,4,21600.00,4536.00,0.00,26136.00,FULFILLED
1000011848,20250924,3281,2,4,4,39000.00,8190.00,0.00,47190.00,FULFILLED
1000011851,20250924,3116,2,3,3,12000.00,2520.00,0.00,14520.00,FULFILLED
1000011854,20250924,2140,2,3,3,12000.00,2520.00,0.00,14520.00,FULFILLED
1000011857,20250925,441,2,2,2,24000.00,5040.00,0.00,29040.00,FULFILLED
1000011860,20250925,3291,2,1,1,12000.00,2520.00,0.00,14520.00,FULFILLED
1000011863,20250925,1197,2,4,4,15000.00,3150.00,0.00,18150.00,FULFILLED
1000011867,20250925,741,2,2,2,30000.00,6300.00,0.00,36300.00,FULFILLED
1000011869,20250925,2770,2,1,1,27000.00,5670.00,0.00,32670.00,FULFILLED
1000011874,20250926,1763,2,3,3,12000.00,2520.00,0.00,14520.00,FULFILLED
1000011875,20250926,3122,2,1,1,40500.00,8505.00,0.00,49005.00,FULFILLED
1000011877,20250926,2099,2,1,1,72000.00,15120.00,0.00,87120.00,FULFILLED
1000011878,20250926,2581,2,4,4,48000.00,10080.00,0.00,58080.00,FULFILLED
1000011879,20250926,3449,2,2,2,27000.00,5670.00,0.00,32670.00,FULFILLED
1000011880,20250926,2272,2,2,2,64800.00,13608.00,0.00,78408.00,FULFILLED
1000011882,20250926,3451,2,4,4,24000.00,5040.00,0.00,29040.00,FULFILLED
1000011883,20250926,2541,2,4,4,15000.00,3150.00,0.00,18150.00,FULFILLED
1000011884,20250926,185,2,1,1,24000.00,5040.00,0.00,29040.00,FULFILLED
1000011886,20250926,246,2,2,2,24000.00,5040.00,0.00,29040.00,FULFILLED
1000011897,20250927,160,2,1,1,10800.00,2268.00,0.00,13068.00,FULFILLED
1000011898,20250927,2852,2,1,1,13500.00,2835.00,0.00,16335.00,FULFILLED
1000011899,20250927,1609,2,1,1,12000.00,2520.00,0.00,14520.00,FULFILLED
1000011901,20250927,1819,2,4,4,24000.00,5040.00,0.00,29040.00,FULFILLED
1000011903,20250927,3034,2,2,2,30000.00,6300.00,0.00,36300.00,FULFILLED
1000011905,20250927,2373,2,3,3,39000.00,8190.00,0.00,47190.00,FULFILLED
1000011907,20250927,2499,2,1,1,24000.00,5040.00,0.00,29040.00,FULFILLED
1000011908,20250927,2556,2,1,1,30000.00,6300.00,0.00,36300.00,FULFILLED
1000011909,20250927,3458,2,2,2,15000.00,3150.00,0.00,18150.00,FULFILLED
1000011910,20250927,1651,2,4,4,10800.00,2268.00,0.00,13068.00,FULFILLED
1000011911,20250927,2744,2,1,1,10800.00,2268.00,0.00,13068.00,FULFILLED
1000011912,20250927,3459,2,2,2,24000.00,5040.00,0.00,29040.00,FULFILLED
1000011914,20250927,1156,2,2,2,15000.00,3150.00,0.00,18150.00,FULFILLED
1000011932,20250929,3463,2,3,3,15000.00,3150.00,0.00,18150.00,FULFILLED
1000011935,20250929,2088,2,2,2,42000.00,8820.00,0.00,50820.00,FULFILLED
1000011936,20250929,3068,2,2,2,30000.00,6300.00,0.00,36300.00,FULFILLED
1000011938,20250929,3464,2,4,4,30000.00,6300.00,0.00,36300.00,FULFILLED
1000011940,20250929,3132,2,1,1,30000.00,6300.00,0.00,36300.00,FULFILLED
1000011943,20250929,1472,2,4,4,54000.00,11340.00,0.00,65340.00,CANCELLED
1000011946,20250929,2243,2,4,4,36000.00,7560.00,0.00,43560.00,FULFILLED
1000011953,20250930,2142,2,1,1,15000.00,3150.00,0.00,18150.00,FULFILLED
1000011954,20250930,2543,2,2,2,15000.00,3150.00,0.00,18150.00,FULFILLED
1000011955,20250930,1130,2,1,1,12000.00,2520.00,1200.00,15720.00,PAID
1000011956,20250930,2181,2,1,1,48000.00,10080.00,0.00,58080.00,FULFILLED
1000011957,20250930,1328,2,2,2,12000.00,2520.00,0.00,14520.00,FULFILLED
1000011962,20250930,1927,2,1,1,12000.00,2520.00,0.00,14520.00,FULFILLED
1000011964,20250930,2478,2,2,2,15000.00,3150.00,0.00,18150.00,FULFILLED
1000010242,20250624,349,1,,2,45900.00,9639.00,0.00,55539.00,FULFILLED
1000010243,20250624,1351,1,,2,12000.00,2520.00,1500.00,16020.00,FULFILLED
1000010247,20250624,1118,1,,1,45000.00,9450.00,0.00,54450.00,FULFILLED
1000010248,20250624,1017,1,,3,15000.00,3150.00,1500.00,19650.00,FULFILLED
1000010250,20250624,3080,1,,1,60000.00,12600.00,0.00,72600.00,FULFILLED
1000010252,20250624,1360,1,,1,219300.00,46053.00,0.00,265353.00,FULFILLED
1000010253,20250624,526,1,,4,43200.00,9072.00,1800.00,54072.00,FULFILLED
1000010254,20250624,2827,1,,1,27000.00,5670.00,1200.00,33870.00,CANCELLED
1000010255,20250625,2087,1,,1,15000.00,3150.00,1200.00,19350.00,FULFILLED
1000010256,20250625,2280,1,,4,30000.00,6300.00,1800.00,38100.00,FULFILLED
1000010257,20250625,3015,1,,1,42000.00,8820.00,1200.00,52020.00,FULFILLED
1000010258,20250625,2415,1,,4,27000.00,5670.00,1800.00,34470.00,FULFILLED
1000010260,20250625,2977,1,,3,27000.00,5670.00,1500.00,34170.00,FULFILLED
1000010261,20250625,2425,1,,4,60000.00,12600.00,0.00,72600.00,FULFILLED
1000010263,20250625,2922,1,,3,39000.00,8190.00,1500.00,48690.00,FULFILLED
1000010264,20250625,3084,1,,3,78000.00,16380.00,0.00,94380.00,FULFILLED
1000010266,20250625,1451,1,,1,39000.00,8190.00,1200.00,48390.00,CANCELLED
1000010267,20250625,2660,1,,1,12000.00,2520.00,1200.00,15720.00,FULFILLED
1000010270,20250625,1646,1,,3,15000.00,3150.00,1500.00,19650.00,FULFILLED
1000010274,20250625,3085,1,,1,12000.00,2520.00,1200.00,15720.00,FULFILLED
1000010275,20250625,2885,1,,1,51000.00,10710.00,0.00,61710.00,FULFILLED
1000010277,20250625,1767,1,,1,15000.00,3150.00,1200.00,19350.00,FULFILLED
1000010278,20250625,2631,1,,2,15000.00,3150.00,1500.00,19650.00,FULFILLED
1000010279,20250625,3086,1,,1,45000.00,9450.00,0.00,54450.00,FULFILLED
1000010280,20250626,2611,1,,4,36000.00,7560.00,1800.00,45360.00,CANCELLED
1000010282,20250626,3087,1,,1,30000.00,6300.00,1200.00,37500.00,FULFILLED
1000010284,20250626,2563,1,,4,24000.00,5040.00,1800.00,30840.00,FULFILLED
1000010285,20250626,3088,1,,1,15000.00,3150.00,1200.00,19350.00,FULFILLED
1000010286,20250626,2214,1,,4,42000.00,8820.00,1800.00,52620.00,FULFILLED
1000010287,20250626,3089,1,,2,24000.00,5040.00,1500.00,30540.00,FULFILLED
1000010288,20250626,2825,1,,1,30000.00,6300.00,1200.00,37500.00,CANCELLED
1000010293,20250626,2710,1,,1,15000.00,3150.00,1200.00,19350.00,FULFILLED
1000010294,20250626,2996,1,,4,30000.00,6300.00,1800.00,38100.00,FULFILLED
1000010295,20250626,2236,1,,1,45000.00,9450.00,0.00,54450.00,FULFILLED
1000010296,20250626,2628,1,,3,30000.00,6300.00,1500.00,37800.00,FULFILLED
1000010297,20250627,871,1,,4,30000.00,6300.00,1800.00,38100.00,FULFILLED
1000010299,20250627,2289,1,,2,12000.00,2520.00,1500.00,16020.00,FULFILLED
1000010302,20250627,3091,1,,3,24000.00,5040.00,1500.00,30540.00,FULFILLED
1000010307,20250627,2510,1,,4,72000.00,15120.00,0.00,87120.00,FULFILLED
1000010310,20250627,1833,1,,2,63000.00,13230.00,0.00,76230.00,FULFILLED
1000010311,20250627,1765,1,,1,15000.00,3150.00,1200.00,19350.00,FULFILLED
1000010312,20250627,3093,1,,1,96000.00,20160.00,0.00,116160.00,FULFILLED
1000010317,20250628,2833,1,,1,323850.00,68008.50,0.00,391858.50,FULFILLED
1000010318,20250628,3094,1,,2,15000.00,3150.00,1500.00,19650.00,FULFILLED
1000010323,20250628,1885,1,,4,15000.00,3150.00,1800.00,19950.00,FULFILLED
1000010324,20250628,1102,1,,1,39000.00,8190.00,1200.00,48390.00,FULFILLED
1000010326,20250628,1970,1,,3,42000.00,8820.00,1500.00,52320.00,FULFILLED
1000010327,20250628,1369,1,,2,78000.00,16380.00,0.00,94380.00,CANCELLED
1000010328,20250629,1516,1,,2,30000.00,6300.00,1500.00,37800.00,FULFILLED
1000010329,20250629,3097,1,,1,45000.00,9450.00,0.00,54450.00,FULFILLED
1000010330,20250629,3098,1,,3,15000.00,3150.00,1500.00,19650.00,FULFILLED
1000010331,20250629,427,1,,3,12000.00,2520.00,1500.00,16020.00,FULFILLED
1000010332,20250629,2345,1,,4,12000.00,2520.00,1800.00,16320.00,FULFILLED
1000010333,20250630,2678,1,,2,45600.00,9576.00,0.00,55176.00,FULFILLED
1000010334,20250630,2910,1,,4,15000.00,3150.00,1800.00,19950.00,FULFILLED
1000010335,20250630,165,1,,2,24000.00,5040.00,1500.00,30540.00,FULFILLED
1000010336,20250630,3099,1,,4,30000.00,6300.00,1800.00,38100.00,FULFILLED
1000010337,20250630,3100,1,,2,57000.00,11970.00,0.00,68970.00,FULFILLED
1000010338,20250630,2808,1,,1,24000.00,5040.00,1200.00,30240.00,FULFILLED
1000010342,20250630,2958,1,,3,30000.00,6300.00,1500.00,37800.00,FULFILLED
1000010344,20250630,1984,1,,1,12000.00,2520.00,1200.00,15720.00,FULFILLED
1000010348,20250630,2842,1,,3,15000.00,3150.00,1500.00,19650.00,FULFILLED
1000010350,20250630,26,1,,1,30000.00,6300.00,1200.00,37500.00,FULFILLED
1000010355,20250630,2142,1,,1,27000.00,5670.00,1200.00,33870.00,FULFILLED
1000010356,20250630,1002,1,,3,24000.00,5040.00,1500.00,30540.00,FULFILLED
1000010357,20250630,2880,1,,2,57000.00,11970.00,0.00,68970.00,FULFILLED
1000010358,20250630,3104,1,,2,36000.00,7560.00,1500.00,45060.00,FULFILLED
1000010359,20250701,543,1,,2,22800.00,4788.00,1500.00,29088.00,FULFILLED
1000010360,20250701,46,1,,3,12000.00,2520.00,1500.00,16020.00,FULFILLED
1000010363,20250701,2365,1,,4,15000.00,3150.00,1800.00,19950.00,FULFILLED
1000010364,20250701,3106,1,,3,12000.00,2520.00,1500.00,16020.00,FULFILLED
1000010366,20250701,2420,1,,2,39000.00,8190.00,1500.00,48690.00,FULFILLED
1000010369,20250701,3108,1,,2,12000.00,2520.00,1500.00,16020.00,FULFILLED
1000010370,20250701,3109,1,,1,15000.00,3150.00,1200.00,19350.00,FULFILLED
1000010371,20250702,2571,1,,3,48000.00,10080.00,0.00,58080.00,FULFILLED
1000010372,20250702,3110,1,,1,15000.00,3150.00,1200.00,19350.00,FULFILLED
1000010373,20250702,279,1,,2,84000.00,17640.00,0.00,101640.00,CANCELLED
1000010374,20250702,2371,1,,1,12000.00,2520.00,1200.00,15720.00,FULFILLED
1000010375,20250702,3111,1,,2,27000.00,5670.00,1500.00,34170.00,FULFILLED
1000010376,20250702,3112,1,,3,12000.00,2520.00,1500.00,16020.00,FULFILLED
1000010377,20250702,1847,1,,1,12000.00,2520.00,1200.00,15720.00,FULFILLED
1000010378,20250702,1057,1,,4,12000.00,2520.00,1800.00,16320.00,FULFILLED
1000010379,20250702,740,1,,2,45000.00,9450.00,0.00,54450.00,FULFILLED
1000010380,20250703,1120,1,,1,12000.00,2520.00,1200.00,15720.00,FULFILLED
1000010381,20250703,2221,1,,3,15000.00,3150.00,1500.00,19650.00,FULFILLED
1000010383,20250703,2161,1,,3,39000.00,8190.00,1500.00,48690.00,FULFILLED
1000010386,20250703,1849,1,,1,15000.00,3150.00,1200.00,19350.00,FULFILLED
1000010387,20250703,1259,1,,2,27000.00,5670.00,1500.00,34170.00,FULFILLED
1000010390,20250703,2943,1,,4,36000.00,7560.00,1800.00,45360.00,FULFILLED
1000010392,20250703,2592,1,,1,12000.00,2520.00,1200.00,15720.00,FULFILLED
1000010396,20250703,728,1,,1,51000.00,10710.00,0.00,61710.00,FULFILLED
1000010397,20250703,2814,1,,2,51000.00,10710.00,0.00,61710.00,FULFILLED
1000010398,20250703,3114,1,,1,27000.00,5670.00,1200.00,33870.00,FULFILLED
1000010399,20250704,3115,1,,1,48000.00,10080.00,0.00,58080.00,FULFILLED
1000010400,20250704,785,1,,1,39000.00,8190.00,1200.00,48390.00,FULFILLED
1000010406,20250704,3118,1,,4,12000.00,2520.00,1800.00,16320.00,FULFILLED
1000010407,20250704,2866,1,,3,12000.00,2520.00,1500.00,16020.00,FULFILLED
1000010408,20250704,2350,1,,1,48000.00,10080.00,0.00,58080.00,FULFILLED
1000010409,20250704,1238,1,,1,45000.00,9450.00,0.00,54450.00,FULFILLED
1000010410,20250704,1707,1,,4,57000.00,11970.00,0.00,68970.00,FULFILLED
1000010411,20250704,1345,1,,1,51000.00,10710.00,0.00,61710.00,FULFILLED
1000010412,20250704,2415,1,,4,24000.00,5040.00,1800.00,30840.00,FULFILLED
1000010413,20250704,1534,1,,3,24000.00,5040.00,1500.00,30540.00,FULFILLED
1000010414,20250704,2301,1,,2,11400.00,2394.00,1500.00,15294.00,FULFILLED
1000010415,20250704,2089,1,,3,165750.00,34807.50,0.00,200557.50,FULFILLED
1000010416,20250704,1814,1,,4,12000.00,2520.00,1800.00,16320.00,FULFILLED
1000010417,20250705,1394,1,,1,30000.00,6300.00,1200.00,37500.00,FULFILLED
1000010419,20250705,3120,1,,3,15000.00,3150.00,1500.00,19650.00,FULFILLED
1000010422,20250705,361,1,,1,24000.00,5040.00,1200.00,30240.00,FULFILLED
1000010428,20250705,3121,1,,1,24000.00,5040.00,1200.00,30240.00,FULFILLED
1000010433,20250705,2012,1,,1,36000.00,7560.00,1200.00,44760.00,FULFILLED
1000010436,20250705,2792,1,,4,36000.00,7560.00,1800.00,45360.00,FULFILLED
1000010437,20250706,1768,1,,3,12000.00,2520.00,1500.00,16020.00,FULFILLED
1000010438,20250706,1871,1,,4,48000.00,10080.00,0.00,58080.00,FULFILLED
1000010439,20250706,2872,1,,1,24000.00,5040.00,1200.00,30240.00,FULFILLED
1000010440,20250706,3123,1,,1,36000.00,7560.00,1200.00,44760.00,FULFILLED
1000010441,20250706,2421,1,,4,15000.00,3150.00,1800.00,19950.00,REFUNDED
1000010442,20250706,2399,1,,2,36000.00,7560.00,1500.00,45060.00,CANCELLED
1000010443,20250706,1043,1,,1,24000.00,5040.00,1200.00,30240.00,FULFILLED
1000010444,20250706,308,1,,2,12000.00,2520.00,1500.00,16020.00,FULFILLED
1000010445,20250706,2060,1,,1,15000.00,3150.00,1200.00,19350.00,FULFILLED
1000010446,20250707,2720,1,,1,12000.00,2520.00,1200.00,15720.00,FULFILLED
1000010447,20250707,3124,1,,4,12000.00,2520.00,1800.00,16320.00,FULFILLED
1000010448,20250707,2014,1,,1,12000.00,2520.00,1200.00,15720.00,FULFILLED
1000010449,20250707,1993,1,,3,39000.00,8190.00,1500.00,48690.00,FULFILLED
1000010450,20250707,2935,1,,1,12000.00,2520.00,1200.00,15720.00,FULFILLED
1000010451,20250707,3125,1,,1,24000.00,5040.00,1200.00,30240.00,FULFILLED
1000010453,20250707,20,1,,1,12000.00,2520.00,1200.00,15720.00,FULFILLED
1000010454,20250707,1580,1,,1,12000.00,2520.00,1200.00,15720.00,FULFILLED
1000010456,20250707,2098,1,,2,12000.00,2520.00,1500.00,16020.00,FULFILLED
1000010457,20250707,3055,1,,3,24000.00,5040.00,1500.00,30540.00,CANCELLED
1000010458,20250707,1350,1,,3,12000.00,2520.00,1500.00,16020.00,FULFILLED
1000010461,20250707,1012,1,,2,15000.00,3150.00,1500.00,19650.00,FULFILLED
1000010462,20250707,898,1,,1,15000.00,3150.00,1200.00,19350.00,FULFILLED
1000010463,20250707,3127,1,,3,15000.00,3150.00,1500.00,19650.00,FULFILLED
1000010464,20250707,1275,1,,4,27000.00,5670.00,1800.00,34470.00,FULFILLED
1000010466,20250707,2023,1,,3,15000.00,3150.00,1500.00,19650.00,FULFILLED
1000010467,20250707,3129,1,,4,24000.00,5040.00,1800.00,30840.00,FULFILLED
1000010468,20250707,2018,1,,2,12000.00,2520.00,1500.00,16020.00,FULFILLED
1000010469,20250707,2638,1,,4,63000.00,13230.00,0.00,76230.00,FULFILLED
1000010470,20250708,2314,1,,3,15000.00,3150.00,1500.00,19650.00,FULFILLED
1000010471,20250708,2127,1,,2,12000.00,2520.00,1500.00,16020.00,FULFILLED
1000010472,20250708,3130,1,,3,15000.00,3150.00,1500.00,19650.00,FULFILLED
1000010476,20250708,1916,1,,1,12000.00,2520.00,1200.00,15720.00,FULFILLED
1000010478,20250708,3133,1,,1,63000.00,13230.00,0.00,76230.00,FULFILLED
1000010479,20250708,3134,1,,1,24000.00,5040.00,1200.00,30240.00,FULFILLED
1000010480,20250708,335,1,,4,12000.00,2520.00,1800.00,16320.00,FULFILLED
1000010481,20250708,1071,1,,1,48000.00,10080.00,0.00,58080.00,FULFILLED
1000010482,20250708,404,1,,1,15000.00,3150.00,1200.00,19350.00,FULFILLED
1000010483,20250709,2059,1,,3,24000.00,5040.00,1500.00,30540.00,FULFILLED
1000010485,20250709,3137,1,,2,60000.00,12600.00,0.00,72600.00,FULFILLED
1000010487,20250709,1837,1,,1,57000.00,11970.00,0.00,68970.00,FULFILLED
1000010488,20250709,969,1,,2,24000.00,5040.00,1500.00,30540.00,FULFILLED
1000010490,20250709,3138,1,,1,15000.00,3150.00,1200.00,19350.00,FULFILLED
1000010491,20250709,2516,1,,3,45000.00,9450.00,0.00,54450.00,FULFILLED
1000010493,20250709,2116,1,,1,12000.00,2520.00,1200.00,15720.00,FULFILLED
1000010494,20250710,2183,1,,1,51000.00,10710.00,0.00,61710.00,CANCELLED
1000010495,20250710,3139,1,,1,12000.00,2520.00,1200.00,15720.00,FULFILLED
1000010496,20250710,3140,1,,2,24000.00,5040.00,1500.00,30540.00,FULFILLED
1000010497,20250710,3142,1,,1,12000.00,2520.00,1200.00,15720.00,FULFILLED
1000010499,20250710,2786,1,,1,24000.00,5040.00,1200.00,30240.00,FULFILLED
1000010500,20250710,2396,1,,1,12000.00,2520.00,1200.00,15720.00,FULFILLED
1000010502,20250710,306,1,,1,51000.00,10710.00,0.00,61710.00,FULFILLED
1000010503,20250710,1411,1,,4,69000.00,14490.00,0.00,83490.00,FULFILLED
1000010509,20250710,1907,1,,4,27000.00,5670.00,1800.00,34470.00,FULFILLED
1000010510,20250710,421,1,,1,15000.00,3150.00,1200.00,19350.00,FULFILLED
1000010511,20250710,2636,1,,1,15000.00,3150.00,1200.00,19350.00,FULFILLED
1000010512,20250710,3035,1,,1,27000.00,5670.00,1200.00,33870.00,FULFILLED
1000010514,20250711,3143,1,,1,12000.00,2520.00,1200.00,15720.00,FULFILLED
1000010516,20250711,2862,1,,1,27000.00,5670.00,1200.00,33870.00,FULFILLED
1000010518,20250711,3144,1,,1,48000.00,10080.00,0.00,58080.00,FULFILLED
1000010519,20250711,2670,1,,3,15000.00,3150.00,1500.00,19650.00,FULFILLED
1000010523,20250711,3145,1,,3,24000.00,5040.00,1500.00,30540.00,FULFILLED
1000010524,20250711,3146,1,,1,24000.00,5040.00,1200.00,30240.00,FULFILLED
1000010525,20250711,2752,1,,1,24000.00,5040.00,1200.00,30240.00,FULFILLED
1000010526,20250711,1370,1,,3,24000.00,5040.00,1500.00,30540.00,FULFILLED
1000010528,20250711,1876,1,,1,37050.00,7780.50,1200.00,46030.50,FULFILLED
1000010529,20250712,1360,1,,1,12000.00,2520.00,1200.00,15720.00,FULFILLED
1000010530,20250712,2489,1,,1,24000.00,5040.00,1200.00,30240.00,FULFILLED
1000010531,20250712,2583,1,,1,24000.00,5040.00,1200.00,30240.00,FULFILLED
1000010532,20250712,2300,1,,1,27000.00,5670.00,1200.00,33870.00,FULFILLED
1000010539,20250712,1135,1,,1,15000.00,3150.00,1200.00,19350.00,FULFILLED
1000010541,20250712,905,1,,4,45000.00,9450.00,0.00,54450.00,FULFILLED
1000010542,20250712,344,1,,2,24000.00,5040.00,1500.00,30540.00,FULFILLED
1000010545,20250712,3148,1,,3,12000.00,2520.00,1500.00,16020.00,FULFILLED
1000010546,20250712,3149,1,,1,57000.00,11970.00,0.00,68970.00,FULFILLED
1000010547,20250713,3150,1,,2,22800.00,4788.00,1500.00,29088.00,CANCELLED
1000010548,20250713,3151,1,,1,51000.00,10710.00,0.00,61710.00,FULFILLED
1000010549,20250713,3152,1,,2,36000.00,7560.00,1500.00,45060.00,FULFILLED
1000010550,20250713,3153,1,,2,51000.00,10710.00,0.00,61710.00,FULFILLED
1000010551,20250713,1570,1,,1,57000.00,11970.00,0.00,68970.00,CANCELLED
1000010552,20250713,2352,1,,4,12000.00,2520.00,1800.00,16320.00,FULFILLED
1000010553,20250713,3154,1,,3,27000.00,5670.00,1500.00,34170.00,FULFILLED
1000010554,20250713,1972,1,,4,42000.00,8820.00,1800.00,52620.00,FULFILLED
1000010555,20250713,2747,1,,1,153000.00,32130.00,0.00,185130.00,FULFILLED
1000010556,20250713,2051,1,,1,30000.00,6300.00,1200.00,37500.00,FULFILLED
1000010557,20250714,3155,1,,3,12000.00,2520.00,1500.00,16020.00,FULFILLED
1000010560,20250714,268,1,,4,12000.00,2520.00,1800.00,16320.00,FULFILLED
1000010565,20250714,2160,1,,1,48000.00,10080.00,0.00,58080.00,FULFILLED
1000010568,20250714,2686,1,,3,69000.00,14490.00,0.00,83490.00,FULFILLED
1000010571,20250714,1474,1,,1,12000.00,2520.00,1200.00,15720.00,FULFILLED
1000010572,20250714,1748,1,,3,12000.00,2520.00,1500.00,16020.00,FULFILLED
1000010573,20250714,1314,1,,2,24000.00,5040.00,1500.00,30540.00,FULFILLED
1000010574,20250714,2550,1,,2,12000.00,2520.00,1500.00,16020.00,FULFILLED
1000010575,20250715,213,1,,1,14250.00,2992.50,1200.00,18442.50,FULFILLED
1000010576,20250715,2111,1,,1,24000.00,5040.00,1200.00,30240.00,REFUNDED
1000010577,20250715,2380,1,,1,12000.00,2520.00,1200.00,15720.00,FULFILLED
1000010578,20250715,3158,1,,4,15000.00,3150.00,1800.00,19950.00,FULFILLED
1000010582,20250715,2437,1,,3,12000.00,2520.00,1500.00,16020.00,FULFILLED
1000010584,20250715,1716,1,,2,11400.00,2394.00,1500.00,15294.00,FULFILLED
1000010587,20250715,3160,1,,3,42000.00,8820.00,1500.00,52320.00,CANCELLED
1000010588,20250715,2690,1,,2,36000.00,7560.00,1500.00,45060.00,FULFILLED
1000010589,20250715,1683,1,,1,11400.00,2394.00,1200.00,14994.00,FULFILLED
1000010590,20250715,2928,1,,1,12000.00,2520.00,1200.00,15720.00,FULFILLED
1000010591,20250715,2193,1,,1,39000.00,8190.00,1200.00,48390.00,FULFILLED
1000010592,20250715,1016,1,,3,15000.00,3150.00,1500.00,19650.00,FULFILLED
1000010593,20250715,1118,1,,1,15000.00,3150.00,1200.00,19350.00,FULFILLED
1000010594,20250716,2156,1,,2,24000.00,5040.00,1500.00,30540.00,FULFILLED
1000010595,20250716,2086,1,,2,15000.00,3150.00,1500.00,19650.00,FULFILLED
1000010598,20250716,296,1,,2,12000.00,2520.00,1500.00,16020.00,FULFILLED
1000010599,20250716,2751,1,,2,30000.00,6300.00,1500.00,37800.00,CANCELLED
1000010600,20250716,2549,1,,1,27000.00,5670.00,1200.00,33870.00,FULFILLED
1000010601,20250716,2930,1,,3,12000.00,2520.00,1500.00,16020.00,FULFILLED
1000010603,20250716,2492,1,,1,24000.00,5040.00,1200.00,30240.00,FULFILLED
1000010604,20250717,1780,1,,1,12000.00,2520.00,1200.00,15720.00,FULFILLED
1000010606,20250717,1598,1,,4,15000.00,3150.00,1800.00,19950.00,FULFILLED
1000010607,20250717,2316,1,,4,12000.00,2520.00,1800.00,16320.00,FULFILLED
1000010611,20250717,1371,1,,3,24000.00,5040.00,1500.00,30540.00,FULFILLED
1000010613,20250717,1538,1,,2,27000.00,5670.00,1500.00,34170.00,FULFILLED
1000010614,20250717,2900,1,,3,30000.00,6300.00,1500.00,37800.00,REFUNDED
1000010615,20250717,74,1,,4,12000.00,2520.00,1800.00,16320.00,CANCELLED
1000010616,20250717,2328,1,,1,12000.00,2520.00,1200.00,15720.00,FULFILLED
1000010617,20250717,2138,1,,1,48000.00,10080.00,0.00,58080.00,FULFILLED
1000010618,20250717,152,1,,3,15000.00,3150.00,1500.00,19650.00,FULFILLED
1000010621,20250717,1588,1,,1,36000.00,7560.00,1200.00,44760.00,FULFILLED
1000010623,20250717,1919,1,,1,42000.00,8820.00,1200.00,52020.00,FULFILLED
1000010624,20250717,3166,1,,4,24000.00,5040.00,1800.00,30840.00,FULFILLED
1000010625,20250717,1254,1,,2,12000.00,2520.00,1500.00,16020.00,FULFILLED
1000010626,20250718,2675,1,,2,15000.00,3150.00,1500.00,19650.00,FULFILLED
1000010627,20250718,2909,1,,1,12000.00,2520.00,1200.00,15720.00,FULFILLED
1000010628,20250718,3167,1,,2,39000.00,8190.00,1500.00,48690.00,FULFILLED
1000010631,20250718,2761,1,,2,219300.00,46053.00,0.00,265353.00,CANCELLED
1000010636,20250718,3171,1,,3,45000.00,9450.00,0.00,54450.00,FULFILLED
1000010637,20250718,952,1,,1,30000.00,6300.00,1200.00,37500.00,FULFILLED
1000010638,20250718,2691,1,,2,39000.00,8190.00,1500.00,48690.00,CANCELLED
1000010639,20250719,2580,1,,1,12000.00,2520.00,1200.00,15720.00,FULFILLED
1000010641,20250719,2172,1,,1,12000.00,2520.00,1200.00,15720.00,FULFILLED
1000010643,20250719,2728,1,,3,12000.00,2520.00,1500.00,16020.00,CANCELLED
1000010652,20250719,2005,1,,2,24000.00,5040.00,1500.00,30540.00,FULFILLED
1000010653,20250719,3174,1,,1,12000.00,2520.00,1200.00,15720.00,FULFILLED
1000010654,20250719,3175,1,,1,15000.00,3150.00,1200.00,19350.00,FULFILLED
1000010655,20250720,3176,1,,1,36000.00,7560.00,1200.00,44760.00,FULFILLED
1000010656,20250720,630,1,,4,54000.00,11340.00,0.00,65340.00,FULFILLED
1000010657,20250720,1941,1,,2,48000.00,10080.00,0.00,58080.00,FULFILLED
1000010658,20250720,2209,1,,4,30000.00,6300.00,1800.00,38100.00,FULFILLED
1000010659,20250720,2476,1,,3,15000.00,3150.00,1500.00,19650.00,FULFILLED
1000010660,20250720,420,1,,1,11400.00,2394.00,1200.00,14994.00,FULFILLED
1000010661,20250720,3177,1,,4,12000.00,2520.00,1800.00,16320.00,FULFILLED
1000010662,20250720,3178,1,,1,15000.00,3150.00,1200.00,19350.00,FULFILLED
1000010663,20250720,30,1,,1,42000.00,8820.00,1200.00,52020.00,FULFILLED
1000010664,20250721,1001,1,,3,30000.00,6300.00,1500.00,37800.00,FULFILLED
1000010665,20250721,1893,1,,2,24000.00,5040.00,1500.00,30540.00,FULFILLED
1000010666,20250721,3086,1,,1,12000.00,2520.00,1200.00,15720.00,FULFILLED
1000010667,20250721,1604,1,,2,12000.00,2520.00,1500.00,16020.00,FULFILLED
1000010670,20250721,1646,1,,3,24000.00,5040.00,1500.00,30540.00,FULFILLED
1000010671,20250721,1989,1,,1,15000.00,3150.00,1200.00,19350.00,FULFILLED
1000010672,20250721,1380,1,,1,51000.00,10710.00,0.00,61710.00,FULFILLED
1000010673,20250721,3179,1,,4,12000.00,2520.00,1800.00,16320.00,FULFILLED
1000010674,20250721,3061,1,,3,24000.00,5040.00,1500.00,30540.00,FULFILLED
1000010675,20250721,1436,1,,4,24000.00,5040.00,1800.00,30840.00,FULFILLED
1000010676,20250721,108,1,,3,30000.00,6300.00,1500.00,37800.00,CANCELLED
1000010677,20250721,1813,1,,1,12000.00,2520.00,1200.00,15720.00,FULFILLED
1000010678,20250721,3180,1,,3,12000.00,2520.00,1500.00,16020.00,CANCELLED
1000010679,20250721,2336,1,,4,15000.00,3150.00,1800.00,19950.00,FULFILLED
1000010680,20250721,644,1,,2,24000.00,5040.00,1500.00,30540.00,FULFILLED
1000010681,20250721,2502,1,,3,24000.00,5040.00,1500.00,30540.00,FULFILLED
1000010682,20250721,2703,1,,1,12000.00,2520.00,1200.00,15720.00,FULFILLED
1000010683,20250721,3181,1,,1,12000.00,2520.00,1200.00,15720.00,FULFILLED
1000010684,20250721,2552,1,,1,91800.00,19278.00,0.00,111078.00,FULFILLED
1000010685,20250722,1225,1,,4,39000.00,8190.00,1800.00,48990.00,FULFILLED
1000010687,20250722,2993,1,,1,30000.00,6300.00,1200.00,37500.00,FULFILLED
1000010692,20250722,3183,1,,3,39000.00,8190.00,1500.00,48690.00,FULFILLED
1000010694,20250722,1753,1,,3,30000.00,6300.00,1500.00,37800.00,FULFILLED
1000010695,20250722,3184,1,,1,24000.00,5040.00,1200.00,30240.00,FULFILLED
1000010696,20250722,1179,1,,1,27000.00,5670.00,1200.00,33870.00,FULFILLED
1000010697,20250722,2134,1,,2,37050.00,7780.50,1500.00,46330.50,FULFILLED
1000010698,20250723,2605,1,,3,15000.00,3150.00,1500.00,19650.00,FULFILLED
1000010699,20250723,3185,1,,2,30000.00,6300.00,1500.00,37800.00,FULFILLED
1000010700,20250723,2976,1,,1,12000.00,2520.00,1200.00,15720.00,FULFILLED
1000010701,20250723,1194,1,,3,60000.00,12600.00,0.00,72600.00,REFUNDED
1000010702,20250723,543,1,,2,12000.00,2520.00,1500.00,16020.00,FULFILLED
1000010703,20250723,1946,1,,2,15000.00,3150.00,1500.00,19650.00,FULFILLED
1000010705,20250723,1872,1,,3,63000.00,13230.00,0.00,76230.00,FULFILLED
1000010706,20250723,3186,1,,2,42000.00,8820.00,1500.00,52320.00,FULFILLED
1000010711,20250723,3188,1,,4,30000.00,6300.00,1800.00,38100.00,FULFILLED
1000010713,20250723,3189,1,,1,45000.00,9450.00,0.00,54450.00,FULFILLED
1000010714,20250723,2812,1,,2,24000.00,5040.00,1500.00,30540.00,FULFILLED
1000010717,20250724,3190,1,,1,57000.00,11970.00,0.00,68970.00,FULFILLED
1000010718,20250724,2875,1,,1,12000.00,2520.00,1200.00,15720.00,FULFILLED
1000010719,20250724,3158,1,,4,15000.00,3150.00,1800.00,19950.00,FULFILLED
1000010721,20250724,3191,1,,1,12000.00,2520.00,1200.00,15720.00,FULFILLED
1000010722,20250724,3098,1,,1,24000.00,5040.00,1200.00,30240.00,FULFILLED
1000010726,20250724,1949,1,,1,15000.00,3150.00,1200.00,19350.00,FULFILLED
1000010727,20250724,531,1,,4,12000.00,2520.00,1800.00,16320.00,FULFILLED
1000010728,20250725,1448,1,,3,11400.00,2394.00,1500.00,15294.00,FULFILLED
1000010729,20250725,1776,1,,3,72000.00,15120.00,0.00,87120.00,FULFILLED
1000010730,20250725,1577,1,,1,27000.00,5670.00,1200.00,33870.00,FULFILLED
1000010731,20250725,1071,1,,1,48000.00,10080.00,0.00,58080.00,FULFILLED
1000010739,20250725,3194,1,,3,12000.00,2520.00,1500.00,16020.00,FULFILLED
1000010740,20250725,3195,1,,2,15000.00,3150.00,1500.00,19650.00,FULFILLED
1000010742,20250725,1003,1,,3,12000.00,2520.00,1500.00,16020.00,FULFILLED
1000010744,20250725,3196,1,,1,15000.00,3150.00,1200.00,19350.00,FULFILLED
1000010745,20250725,2772,1,,1,12000.00,2520.00,1200.00,15720.00,FULFILLED
1000010746,20250726,2594,1,,4,12000.00,2520.00,1800.00,16320.00,CANCELLED
1000010747,20250726,944,1,,1,12000.00,2520.00,1200.00,15720.00,FULFILLED
1000010751,20250726,2111,1,,1,12000.00,2520.00,1200.00,15720.00,CANCELLED
1000010756,20250726,2823,1,,1,15000.00,3150.00,1200.00,19350.00,FULFILLED
1000010758,20250726,3062,1,,4,24000.00,5040.00,1800.00,30840.00,CANCELLED
1000010760,20250726,3198,1,,3,30000.00,6300.00,1500.00,37800.00,FULFILLED
1000010761,20250726,1808,1,,2,57000.00,11970.00,0.00,68970.00,FULFILLED
1000010762,20250726,3199,1,,2,12000.00,2520.00,1500.00,16020.00,FULFILLED
1000010763,20250727,2286,1,,3,42000.00,8820.00,1500.00,52320.00,FULFILLED
1000010764,20250727,1957,1,,2,15000.00,3150.00,1500.00,19650.00,FULFILLED
1000010765,20250727,636,1,,4,30000.00,6300.00,1800.00,38100.00,FULFILLED
1000010766,20250727,2904,1,,3,34200.00,7182.00,1500.00,42882.00,FULFILLED
1000010767,20250727,2771,1,,1,48450.00,10174.50,0.00,58624.50,FULFILLED
1000010768,20250727,1955,1,,1,12000.00,2520.00,1200.00,15720.00,FULFILLED
1000010769,20250727,1302,1,,3,30000.00,6300.00,1500.00,37800.00,FULFILLED
1000010770,20250727,997,1,,3,12000.00,2520.00,1500.00,16020.00,FULFILLED
1000010771,20250727,2364,1,,2,12000.00,2520.00,1500.00,16020.00,FULFILLED
1000010772,20250727,1437,1,,3,262650.00,55156.50,0.00,317806.50,FULFILLED
1000010773,20250727,2836,1,,2,30000.00,6300.00,1500.00,37800.00,CANCELLED
1000010774,20250727,1842,1,,2,15000.00,3150.00,1500.00,19650.00,REFUNDED
1000010775,20250727,2901,1,,2,15000.00,3150.00,1500.00,19650.00,FULFILLED
1000010776,20250727,496,1,,1,12000.00,2520.00,1200.00,15720.00,CANCELLED
1000010777,20250728,2882,1,,2,12000.00,2520.00,1500.00,16020.00,CANCELLED
1000010778,20250728,2554,1,,2,24000.00,5040.00,1500.00,30540.00,FULFILLED
1000010779,20250728,2888,1,,3,12000.00,2520.00,1500.00,16020.00,FULFILLED
1000010781,20250728,1257,1,,2,30000.00,6300.00,1500.00,37800.00,FULFILLED
1000010784,20250728,2194,1,,1,48000.00,10080.00,0.00,58080.00,FULFILLED
1000010785,20250728,3202,1,,1,30000.00,6300.00,1200.00,37500.00,FULFILLED
1000010787,20250728,125,1,,3,12000.00,2520.00,1500.00,16020.00,FULFILLED
1000010793,20250728,3206,1,,3,12000.00,2520.00,1500.00,16020.00,FULFILLED
1000010794,20250728,3207,1,,2,11400.00,2394.00,1500.00,15294.00,FULFILLED
1000010799,20250728,480,1,,3,39000.00,8190.00,1500.00,48690.00,FULFILLED
1000010800,20250728,1707,1,,4,30000.00,6300.00,1800.00,38100.00,FULFILLED
1000010801,20250728,2230,1,,1,24000.00,5040.00,1200.00,30240.00,FULFILLED
1000010802,20250728,1285,1,,3,66000.00,13860.00,0.00,79860.00,FULFILLED
1000010803,20250728,3056,1,,1,24000.00,5040.00,1200.00,30240.00,FULFILLED
1000010804,20250729,2983,1,,4,30000.00,6300.00,1800.00,38100.00,FULFILLED
1000010805,20250729,1207,1,,3,12000.00,2520.00,1500.00,16020.00,FULFILLED
1000010806,20250729,1637,1,,1,11400.00,2394.00,1200.00,14994.00,FULFILLED
1000010807,20250729,1824,1,,4,54000.00,11340.00,0.00,65340.00,FULFILLED
1000010810,20250729,563,1,,1,12000.00,2520.00,1200.00,15720.00,FULFILLED
1000010813,20250729,3210,1,,3,30000.00,6300.00,1500.00,37800.00,FULFILLED
1000010814,20250729,1815,1,,3,42000.00,8820.00,1500.00,52320.00,FULFILLED
1000010815,20250729,2974,1,,4,12000.00,2520.00,1800.00,16320.00,FULFILLED
1000010816,20250730,2526,1,,1,12000.00,2520.00,1200.00,15720.00,FULFILLED
1000010818,20250730,3212,1,,1,24000.00,5040.00,1200.00,30240.00,FULFILLED
1000010819,20250730,514,1,,4,11400.00,2394.00,1800.00,15594.00,FULFILLED
1000010824,20250731,3214,1,,1,24000.00,5040.00,1200.00,30240.00,FULFILLED
1000010827,20250731,1847,1,,1,54000.00,11340.00,0.00,65340.00,FULFILLED
1000010831,20250731,2135,1,,3,57000.00,11970.00,0.00,68970.00,FULFILLED
1000010832,20250731,3216,1,,1,12000.00,2520.00,1200.00,15720.00,FULFILLED
1000010833,20250731,369,1,,3,28500.00,5985.00,1500.00,35985.00,CANCELLED
1000010834,20250731,703,1,,3,15000.00,3150.00,1500.00,19650.00,FULFILLED
1000010835,20250801,1429,1,,2,48000.00,10080.00,0.00,58080.00,FULFILLED
1000010838,20250801,2841,1,,4,24000.00,5040.00,1800.00,30840.00,FULFILLED
1000010839,20250801,3121,1,,1,30000.00,6300.00,1200.00,37500.00,CANCELLED
1000010840,20250801,1465,1,,2,15000.00,3150.00,1500.00,19650.00,FULFILLED
1000010841,20250801,697,1,,3,12000.00,2520.00,1500.00,16020.00,FULFILLED
1000010843,20250801,2968,1,,1,15000.00,3150.00,1200.00,19350.00,REFUNDED
1000010847,20250801,3064,1,,1,30000.00,6300.00,1200.00,37500.00,CANCELLED
1000010850,20250801,69,1,,4,27000.00,5670.00,1800.00,34470.00,FULFILLED
1000010851,20250801,3110,1,,1,45000.00,9450.00,0.00,54450.00,FULFILLED
1000010852,20250801,3218,1,,2,24000.00,5040.00,1500.00,30540.00,REFUNDED
1000010853,20250801,2338,1,,2,24000.00,5040.00,1500.00,30540.00,FULFILLED
1000010860,20250802,3054,1,,1,39000.00,8190.00,1200.00,48390.00,FULFILLED
1000010862,20250802,2015,1,,3,12000.00,2520.00,1500.00,16020.00,FULFILLED
1000010866,20250802,1819,1,,4,12000.00,2520.00,1800.00,16320.00,FULFILLED
1000010867,20250802,553,1,,3,12000.00,2520.00,1500.00,16020.00,FULFILLED
1000010868,20250802,2819,1,,1,48000.00,10080.00,0.00,58080.00,FULFILLED
1000010869,20250803,473,1,,1,15000.00,3150.00,1200.00,19350.00,FULFILLED
1000010870,20250803,3221,1,,2,54000.00,11340.00,0.00,65340.00,FULFILLED
1000010871,20250803,2491,1,,1,45000.00,9450.00,0.00,54450.00,FULFILLED
1000010872,20250803,1594,1,,3,45000.00,9450.00,0.00,54450.00,FULFILLED
1000010873,20250803,2457,1,,1,42000.00,8820.00,1200.00,52020.00,FULFILLED
1000010874,20250803,3222,1,,3,48000.00,10080.00,0.00,58080.00,FULFILLED
1000010875,20250803,3223,1,,2,36000.00,7560.00,1500.00,45060.00,FULFILLED
1000010876,20250803,2361,1,,2,48000.00,10080.00,0.00,58080.00,FULFILLED
1000010877,20250803,2575,1,,4,69000.00,14490.00,0.00,83490.00,FULFILLED
1000010878,20250803,368,1,,2,15000.00,3150.00,1500.00,19650.00,FULFILLED
1000010879,20250803,3224,1,,3,12000.00,2520.00,1500.00,16020.00,CANCELLED
1000010880,20250803,3115,1,,1,15000.00,3150.00,1200.00,19350.00,FULFILLED
1000010881,20250804,2502,1,,2,12000.00,2520.00,1500.00,16020.00,FULFILLED
1000010882,20250804,3114,1,,1,24000.00,5040.00,1200.00,30240.00,FULFILLED
1000010883,20250804,2105,1,,1,24000.00,5040.00,1200.00,30240.00,FULFILLED
1000010884,20250804,2930,1,,3,42000.00,8820.00,1500.00,52320.00,FULFILLED
1000010886,20250804,3225,1,,1,15000.00,3150.00,1200.00,19350.00,FULFILLED
1000010888,20250804,1705,1,,1,36000.00,7560.00,1200.00,44760.00,FULFILLED
1000010889,20250804,783,1,,1,12000.00,2520.00,1200.00,15720.00,FULFILLED
1000010890,20250804,1926,1,,2,12000.00,2520.00,1500.00,16020.00,FULFILLED
1000010891,20250804,338,1,,1,24000.00,5040.00,1200.00,30240.00,FULFILLED
1000010899,20250804,3227,1,,3,12000.00,2520.00,1500.00,16020.00,FULFILLED
1000010901,20250804,3229,1,,3,27000.00,5670.00,1500.00,34170.00,FULFILLED
1000010902,20250804,2352,1,,4,36000.00,7560.00,1800.00,45360.00,FULFILLED
1000010903,20250804,2992,1,,3,12000.00,2520.00,1500.00,16020.00,CANCELLED
1000010904,20250804,3230,1,,1,69000.00,14490.00,0.00,83490.00,FULFILLED
1000010905,20250804,2634,1,,4,12000.00,2520.00,1800.00,16320.00,FULFILLED
1000010906,20250804,3231,1,,1,12000.00,2520.00,1200.00,15720.00,FULFILLED
1000010907,20250804,1253,1,,3,39900.00,8379.00,1500.00,49779.00,CANCELLED
1000010908,20250805,2449,1,,1,15000.00,3150.00,1200.00,19350.00,FULFILLED
1000010910,20250805,3232,1,,3,27000.00,5670.00,1500.00,34170.00,REFUNDED
1000010915,20250805,2342,1,,3,12000.00,2520.00,1500.00,16020.00,FULFILLED
1000010916,20250805,215,1,,1,15000.00,3150.00,1200.00,19350.00,FULFILLED
1000010917,20250805,2293,1,,1,12000.00,2520.00,1200.00,15720.00,FULFILLED
1000010918,20250805,3234,1,,3,51000.00,10710.00,0.00,61710.00,FULFILLED
1000010920,20250805,870,1,,1,14250.00,2992.50,1200.00,18442.50,FULFILLED
1000010922,20250805,3235,1,,1,15000.00,3150.00,1200.00,19350.00,FULFILLED
1000010923,20250806,3236,1,,2,12000.00,2520.00,1500.00,16020.00,FULFILLED
1000010924,20250806,3238,1,,1,15000.00,3150.00,1200.00,19350.00,FULFILLED
1000010927,20250806,3239,1,,1,45000.00,9450.00,0.00,54450.00,FULFILLED
1000010928,20250806,2761,1,,2,69000.00,14490.00,0.00,83490.00,FULFILLED
1000010929,20250806,2260,1,,4,323850.00,68008.50,0.00,391858.50,FULFILLED
1000010930,20250806,1409,1,,3,15000.00,3150.00,1500.00,19650.00,FULFILLED
1000010931,20250806,2179,1,,3,15000.00,3150.00,1500.00,19650.00,FULFILLED
1000010932,20250806,1905,1,,4,12000.00,2520.00,1800.00,16320.00,FULFILLED
1000010933,20250806,222,1,,1,39000.00,8190.00,1200.00,48390.00,FULFILLED
1000010935,20250806,2576,1,,1,15000.00,3150.00,1200.00,19350.00,FULFILLED
1000010937,20250806,517,1,,4,15000.00,3150.00,1800.00,19950.00,FULFILLED
1000010939,20250806,3241,1,,1,30000.00,6300.00,1200.00,37500.00,FULFILLED
1000010940,20250806,1549,1,,1,30000.00,6300.00,1200.00,37500.00,FULFILLED
1000010941,20250806,579,1,,1,36000.00,7560.00,1200.00,44760.00,FULFILLED
1000010942,20250806,2900,1,,3,28500.00,5985.00,1500.00,35985.00,FULFILLED
1000010943,20250806,3242,1,,1,24000.00,5040.00,1200.00,30240.00,FULFILLED
1000010944,20250806,1592,1,,2,45000.00,9450.00,0.00,54450.00,FULFILLED
1000010945,20250807,2308,1,,1,12000.00,2520.00,1200.00,15720.00,FULFILLED
1000010946,20250807,2080,1,,1,54000.00,11340.00,0.00,65340.00,FULFILLED
1000010949,20250807,2330,1,,1,15000.00,3150.00,1200.00,19350.00,FULFILLED
1000010953,20250807,1810,1,,3,39000.00,8190.00,1500.00,48690.00,FULFILLED
1000010954,20250807,332,1,,3,30000.00,6300.00,1500.00,37800.00,CANCELLED
1000010956,20250807,1892,1,,3,15000.00,3150.00,1500.00,19650.00,FULFILLED
1000010957,20250807,70,1,,1,27000.00,5670.00,1200.00,33870.00,FULFILLED
1000010958,20250807,2960,1,,1,42000.00,8820.00,1200.00,52020.00,FULFILLED
1000010960,20250807,2372,1,,2,12000.00,2520.00,1500.00,16020.00,FULFILLED
1000010961,20250807,740,1,,2,39000.00,8190.00,1500.00,48690.00,FULFILLED
1000010962,20250807,3246,1,,1,15000.00,3150.00,1200.00,19350.00,FULFILLED
1000010964,20250807,836,1,,2,84000.00,17640.00,0.00,101640.00,FULFILLED
1000010965,20250807,2840,1,,3,15000.00,3150.00,1500.00,19650.00,FULFILLED
1000010966,20250807,3248,1,,3,42000.00,8820.00,1500.00,52320.00,FULFILLED
1000010969,20250808,2776,1,,1,30000.00,6300.00,1200.00,37500.00,FULFILLED
1000010970,20250808,3037,1,,4,15000.00,3150.00,1800.00,19950.00,CANCELLED
1000010971,20250808,112,1,,1,93000.00,19530.00,0.00,112530.00,FULFILLED
1000010973,20250808,1486,1,,4,12000.00,2520.00,1800.00,16320.00,FULFILLED
1000010976,20250808,2691,1,,2,57000.00,11970.00,0.00,68970.00,FULFILLED
1000010977,20250808,1328,1,,2,12000.00,2520.00,1500.00,16020.00,CANCELLED
1000010979,20250808,2747,1,,1,12000.00,2520.00,1200.00,15720.00,FULFILLED
1000010982,20250808,3046,1,,1,30000.00,6300.00,1200.00,37500.00,FULFILLED
1000010983,20250808,3249,1,,3,36000.00,7560.00,1500.00,45060.00,FULFILLED
1000010984,20250808,3177,1,,4,24000.00,5040.00,1800.00,30840.00,FULFILLED
1000010985,20250809,3250,1,,2,12000.00,2520.00,1500.00,16020.00,FULFILLED
1000010987,20250809,1350,1,,3,12000.00,2520.00,1500.00,16020.00,FULFILLED
1000010996,20250809,2682,1,,1,15000.00,3150.00,1200.00,19350.00,FULFILLED
1000010998,20250809,1772,1,,3,12000.00,2520.00,1500.00,16020.00,FULFILLED
1000011000,20250809,2795,1,,3,27000.00,5670.00,1500.00,34170.00,FULFILLED
1000011001,20250809,2019,1,,1,12000.00,2520.00,1200.00,15720.00,FULFILLED
1000011002,20250809,1012,1,,2,42000.00,8820.00,1500.00,52320.00,FULFILLED
1000011003,20250810,328,1,,2,30000.00,6300.00,1500.00,37800.00,FULFILLED
1000011004,20250810,831,1,,4,15000.00,3150.00,1800.00,19950.00,FULFILLED
1000011005,20250810,3023,1,,1,36000.00,7560.00,1200.00,44760.00,FULFILLED
1000011006,20250810,2360,1,,1,15000.00,3150.00,1200.00,19350.00,FULFILLED
1000011007,20250810,2109,1,,1,72000.00,15120.00,0.00,87120.00,FULFILLED
1000011008,20250810,3253,1,,1,12000.00,2520.00,1200.00,15720.00,FULFILLED
1000011009,20250810,3252,1,,4,45000.00,9450.00,0.00,54450.00,CANCELLED
1000011010,20250810,1387,1,,3,27000.00,5670.00,1500.00,34170.00,FULFILLED
1000011011,20250810,3254,1,,1,15000.00,3150.00,1200.00,19350.00,FULFILLED
1000011012,20250810,1182,1,,2,45600.00,9576.00,0.00,55176.00,FULFILLED
1000011013,20250810,1607,1,,3,36000.00,7560.00,1500.00,45060.00,CANCELLED
1000011014,20250810,3255,1,,3,36000.00,7560.00,1500.00,45060.00,FULFILLED
1000011015,20250810,3257,1,,1,12000.00,2520.00,1200.00,15720.00,FULFILLED
1000011016,20250810,3256,1,,3,12000.00,2520.00,1500.00,16020.00,FULFILLED
1000011017,20250810,3258,1,,1,15000.00,3150.00,1200.00,19350.00,FULFILLED
1000011018,20250810,2087,1,,1,15000.00,3150.00,1200.00,19350.00,CANCELLED
1000011019,20250810,1493,1,,1,12000.00,2520.00,1200.00,15720.00,CANCELLED
1000011020,20250810,3259,1,,1,36000.00,7560.00,1200.00,44760.00,FULFILLED
1000011021,20250810,300,1,,3,30000.00,6300.00,1500.00,37800.00,FULFILLED
1000011022,20250811,3260,1,,2,39000.00,8190.00,1500.00,48690.00,FULFILLED
1000011023,20250811,2778,1,,1,12000.00,2520.00,1200.00,15720.00,FULFILLED
1000011024,20250811,1734,1,,2,27000.00,5670.00,1500.00,34170.00,FULFILLED
1000011026,20250811,1909,1,,1,14250.00,2992.50,1200.00,18442.50,FULFILLED
1000011029,20250811,3005,1,,3,24000.00,5040.00,1500.00,30540.00,CANCELLED
1000011030,20250811,3261,1,,1,30000.00,6300.00,1200.00,37500.00,FULFILLED
1000011031,20250811,2955,1,,3,24000.00,5040.00,1500.00,30540.00,FULFILLED
1000011032,20250811,1957,1,,2,48000.00,10080.00,0.00,58080.00,FULFILLED
1000011033,20250811,2270,1,,1,12000.00,2520.00,1200.00,15720.00,FULFILLED
1000011034,20250811,1941,1,,2,12000.00,2520.00,1500.00,16020.00,FULFILLED
1000011036,20250811,3262,1,,4,12000.00,2520.00,1800.00,16320.00,FULFILLED
1000011037,20250811,1077,1,,3,15000.00,3150.00,1500.00,19650.00,FULFILLED
1000011038,20250811,2226,1,,1,24000.00,5040.00,1200.00,30240.00,FULFILLED
1000011039,20250811,632,1,,1,24000.00,5040.00,1200.00,30240.00,FULFILLED
1000011040,20250811,3263,1,,4,36000.00,7560.00,1800.00,45360.00,FULFILLED
1000011041,20250811,1385,1,,2,24000.00,5040.00,1500.00,30540.00,FULFILLED
1000011042,20250812,1966,1,,1,12000.00,2520.00,1200.00,15720.00,FULFILLED
1000011043,20250812,1927,1,,1,108000.00,22680.00,0.00,130680.00,FULFILLED
1000011044,20250812,3264,1,,1,42000.00,8820.00,1200.00,52020.00,CANCELLED
1000011045,20250812,2521,1,,2,40500.00,8505.00,1500.00,50505.00,FULFILLED
1000011047,20250812,2235,1,,2,12000.00,2520.00,1500.00,16020.00,FULFILLED
1000011048,20250812,2341,1,,1,12000.00,2520.00,1200.00,15720.00,FULFILLED
1000011049,20250812,3266,1,,2,51000.00,10710.00,0.00,61710.00,FULFILLED
1000011050,20250812,1864,1,,4,21600.00,4536.00,1800.00,27936.00,FULFILLED
1000011052,20250812,967,1,,1,66000.00,13860.00,0.00,79860.00,REFUNDED
1000011053,20250812,3267,1,,1,12000.00,2520.00,1200.00,15720.00,FULFILLED
1000011054,20250812,73,1,,2,15000.00,3150.00,1500.00,19650.00,FULFILLED
1000011055,20250812,3011,1,,1,24300.00,5103.00,1200.00,30603.00,FULFILLED
1000011057,20250812,1415,1,,1,42000.00,8820.00,1200.00,52020.00,FULFILLED
1000011064,20250812,3268,1,,1,45000.00,9450.00,0.00,54450.00,CANCELLED
1000011065,20250812,1821,1,,3,27000.00,5670.00,1500.00,34170.00,FULFILLED
1000011066,20250812,2964,1,,2,12000.00,2520.00,1500.00,16020.00,FULFILLED
1000011068,20250812,420,1,,1,42000.00,8820.00,1200.00,52020.00,FULFILLED
1000011069,20250812,2932,1,,2,10800.00,2268.00,1500.00,14568.00,CANCELLED
1000011070,20250812,3269,1,,1,24300.00,5103.00,1200.00,30603.00,FULFILLED
1000011071,20250812,2332,1,,1,21600.00,4536.00,1200.00,27336.00,FULFILLED
1000011072,20250812,2468,1,,3,24000.00,5040.00,1500.00,30540.00,FULFILLED
1000011073,20250813,1847,1,,1,12000.00,2520.00,1200.00,15720.00,FULFILLED
1000011074,20250813,2848,1,,1,24000.00,5040.00,1200.00,30240.00,FULFILLED
1000011077,20250813,2760,1,,1,12000.00,2520.00,1200.00,15720.00,FULFILLED
1000011078,20250813,3042,1,,3,36000.00,7560.00,1500.00,45060.00,FULFILLED
1000011079,20250813,3270,1,,1,36000.00,7560.00,1200.00,44760.00,FULFILLED
1000011081,20250813,2243,1,,4,102000.00,21420.00,0.00,123420.00,FULFILLED
1000011082,20250813,2525,1,,4,39000.00,8190.00,1800.00,48990.00,FULFILLED
1000011087,20250813,2658,1,,3,54000.00,11340.00,0.00,65340.00,FULFILLED
1000011088,20250813,3016,1,,4,27000.00,5670.00,1800.00,34470.00,FULFILLED
1000011090,20250813,2402,1,,3,66000.00,13860.00,0.00,79860.00,FULFILLED
1000011091,20250813,3273,1,,1,12000.00,2520.00,1200.00,15720.00,FULFILLED
1000011092,20250813,185,1,,3,84000.00,17640.00,0.00,101640.00,FULFILLED
1000011093,20250813,1534,1,,3,12000.00,2520.00,1500.00,16020.00,FULFILLED
1000011094,20250813,2814,1,,2,12000.00,2520.00,1500.00,16020.00,FULFILLED
1000011095,20250813,2554,1,,2,24000.00,5040.00,1500.00,30540.00,FULFILLED
1000011096,20250814,1269,1,,4,48000.00,10080.00,0.00,58080.00,FULFILLED
1000011097,20250814,1043,1,,1,12000.00,2520.00,1200.00,15720.00,FULFILLED
1000011098,20250814,3274,1,,2,15000.00,3150.00,1500.00,19650.00,FULFILLED
1000011099,20250814,3275,1,,2,48000.00,10080.00,0.00,58080.00,FULFILLED
1000011100,20250814,3276,1,,4,54000.00,11340.00,0.00,65340.00,FULFILLED
1000011102,20250814,1509,1,,3,27000.00,5670.00,1500.00,34170.00,FULFILLED
1000011103,20250814,895,1,,3,12000.00,2520.00,1500.00,16020.00,FULFILLED
1000011107,20250814,3277,1,,2,63000.00,13230.00,0.00,76230.00,FULFILLED
1000011108,20250814,2163,1,,1,39000.00,8190.00,1200.00,48390.00,FULFILLED
1000011110,20250814,3278,1,,1,12000.00,2520.00,1200.00,15720.00,FULFILLED
1000011111,20250814,1622,1,,1,27000.00,5670.00,1200.00,33870.00,FULFILLED
1000011112,20250814,2113,1,,3,30000.00,6300.00,1500.00,37800.00,FULFILLED
1000011116,20250814,3026,1,,3,15000.00,3150.00,1500.00,19650.00,FULFILLED
1000011117,20250814,1305,1,,2,48000.00,10080.00,0.00,58080.00,REFUNDED
1000011118,20250815,1654,1,,4,12000.00,2520.00,1800.00,16320.00,FULFILLED
1000011119,20250815,715,1,,2,12000.00,2520.00,1500.00,16020.00,FULFILLED
1000011120,20250815,3050,1,,3,12000.00,2520.00,1500.00,16020.00,FULFILLED
1000011121,20250815,1993,1,,3,12000.00,2520.00,1500.00,16020.00,REFUNDED
1000011128,20250815,852,1,,4,12000.00,2520.00,1800.00,16320.00,FULFILLED
1000011129,20250815,2528,1,,3,48000.00,10080.00,0.00,58080.00,FULFILLED
1000011130,20250815,2059,1,,3,42000.00,8820.00,1500.00,52320.00,FULFILLED
1000011131,20250815,572,1,,3,24000.00,5040.00,1500.00,30540.00,FULFILLED
1000011132,20250815,3280,1,,2,15000.00,3150.00,1500.00,19650.00,FULFILLED
1000011134,20250815,2713,1,,1,36000.00,7560.00,1200.00,44760.00,FULFILLED
1000011135,20250815,1555,1,,2,27000.00,5670.00,1500.00,34170.00,FULFILLED
1000011136,20250815,1633,1,,4,24000.00,5040.00,1800.00,30840.00,FULFILLED
1000011139,20250815,2950,1,,3,12000.00,2520.00,1500.00,16020.00,FULFILLED
1000011140,20250815,2306,1,,1,12000.00,2520.00,1200.00,15720.00,FULFILLED
1000011141,20250815,3282,1,,1,15000.00,3150.00,1200.00,19350.00,REFUNDED
1000011143,20250816,2516,1,,3,66000.00,13860.00,0.00,79860.00,FULFILLED
1000011155,20250816,2519,1,,1,27000.00,5670.00,1200.00,33870.00,FULFILLED
1000011158,20250816,3287,1,,1,11400.00,2394.00,1200.00,14994.00,FULFILLED
1000011161,20250816,1732,1,,4,12000.00,2520.00,1800.00,16320.00,FULFILLED
1000011163,20250816,2322,1,,1,57000.00,11970.00,0.00,68970.00,FULFILLED
1000011165,20250816,2194,1,,1,12000.00,2520.00,1200.00,15720.00,FULFILLED
1000011166,20250816,3289,1,,1,60000.00,12600.00,0.00,72600.00,CANCELLED
1000011167,20250816,1188,1,,1,27000.00,5670.00,1200.00,33870.00,FULFILLED
1000011168,20250817,1360,1,,1,12000.00,2520.00,1200.00,15720.00,FULFILLED
1000011169,20250817,89,1,,3,15000.00,3150.00,1500.00,19650.00,FULFILLED
1000011170,20250817,3290,1,,4,42000.00,8820.00,1800.00,52620.00,FULFILLED
1000011171,20250817,1095,1,,1,39000.00,8190.00,1200.00,48390.00,FULFILLED
1000011172,20250817,922,1,,2,12000.00,2520.00,1500.00,16020.00,FULFILLED
1000011173,20250817,3291,1,,1,24000.00,5040.00,1200.00,30240.00,FULFILLED
1000011174,20250817,3292,1,,1,30000.00,6300.00,1200.00,37500.00,FULFILLED
1000011175,20250817,3150,1,,2,15000.00,3150.00,1500.00,19650.00,FULFILLED
1000011176,20250817,1557,1,,2,12000.00,2520.00,1500.00,16020.00,FULFILLED
1000011177,20250817,2899,1,,2,12000.00,2520.00,1500.00,16020.00,FULFILLED
1000011178,20250817,1802,1,,4,15000.00,3150.00,1800.00,19950.00,FULFILLED
1000011179,20250817,2594,1,,4,37050.00,7780.50,1800.00,46630.50,FULFILLED
1000011180,20250817,2667,1,,2,24000.00,5040.00,1500.00,30540.00,FULFILLED
1000011181,20250818,1371,1,,3,12000.00,2520.00,1500.00,16020.00,REFUNDED
1000011182,20250818,1370,1,,3,15000.00,3150.00,1500.00,19650.00,FULFILLED
1000011183,20250818,2879,1,,3,24000.00,5040.00,1500.00,30540.00,FULFILLED
1000011184,20250818,2583,1,,1,12000.00,2520.00,1200.00,15720.00,CANCELLED
1000011185,20250818,58,1,,1,36000.00,7560.00,1200.00,44760.00,FULFILLED
1000011188,20250818,2050,1,,1,60000.00,12600.00,0.00,72600.00,CANCELLED
1000011189,20250818,2933,1,,1,15000.00,3150.00,1200.00,19350.00,FULFILLED
1000011190,20250818,2906,1,,1,12000.00,2520.00,1200.00,15720.00,FULFILLED
1000011191,20250818,2887,1,,2,24000.00,5040.00,1500.00,30540.00,FULFILLED
1000011192,20250818,3294,1,,1,12000.00,2520.00,1200.00,15720.00,FULFILLED
1000011193,20250818,3293,1,,3,27000.00,5670.00,1500.00,34170.00,FULFILLED
1000011194,20250818,1314,1,,2,27000.00,5670.00,1500.00,34170.00,FULFILLED
1000011195,20250818,3297,1,,4,24000.00,5040.00,1800.00,30840.00,FULFILLED
1000011196,20250818,3296,1,,3,24000.00,5040.00,1500.00,30540.00,FULFILLED
1000011197,20250818,3298,1,,1,14250.00,2992.50,1200.00,18442.50,CANCELLED
1000011198,20250818,3299,1,,4,27000.00,5670.00,1800.00,34470.00,FULFILLED
1000011199,20250819,2638,1,,4,12000.00,2520.00,1800.00,16320.00,FULFILLED
1000011200,20250819,411,1,,1,15000.00,3150.00,1200.00,19350.00,FULFILLED
1000011201,20250819,2755,1,,1,12000.00,2520.00,1200.00,15720.00,CANCELLED
1000011202,20250819,1855,1,,1,54000.00,11340.00,0.00,65340.00,FULFILLED
1000011204,20250819,2053,1,,3,12000.00,2520.00,1500.00,16020.00,FULFILLED
1000011205,20250819,3300,1,,2,24000.00,5040.00,1500.00,30540.00,FULFILLED
1000011207,20250819,1538,1,,2,45000.00,9450.00,0.00,54450.00,FULFILLED
1000011210,20250819,2613,1,,3,48000.00,10080.00,0.00,58080.00,REFUNDED
1000011211,20250819,1667,1,,2,65550.00,13765.50,0.00,79315.50,FULFILLED
1000011215,20250819,3302,1,,3,12000.00,2520.00,1500.00,16020.00,FULFILLED
1000011216,20250819,2864,1,,3,72000.00,15120.00,0.00,87120.00,FULFILLED
1000011218,20250819,1735,1,,4,27000.00,5670.00,1800.00,34470.00,FULFILLED
1000011219,20250819,1539,1,,1,25650.00,5386.50,1200.00,32236.50,FULFILLED
1000011220,20250819,2553,1,,3,12000.00,2520.00,1500.00,16020.00,FULFILLED
1000011221,20250820,543,1,,2,30000.00,6300.00,1500.00,37800.00,FULFILLED
1000011222,20250820,3303,1,,3,12000.00,2520.00,1500.00,16020.00,FULFILLED
1000011223,20250820,3304,1,,4,48000.00,10080.00,0.00,58080.00,FULFILLED
1000011226,20250820,1313,1,,2,27000.00,5670.00,1500.00,34170.00,FULFILLED
1000011227,20250820,1255,1,,4,42000.00,8820.00,1800.00,52620.00,FULFILLED
1000011228,20250820,1512,1,,2,12000.00,2520.00,1500.00,16020.00,FULFILLED
1000011231,20250820,308,1,,2,12000.00,2520.00,1500.00,16020.00,FULFILLED
1000011232,20250820,2908,1,,2,12000.00,2520.00,1500.00,16020.00,FULFILLED
1000011233,20250820,18,1,,2,36000.00,7560.00,1500.00,45060.00,FULFILLED
1000011234,20250820,2404,1,,1,12000.00,2520.00,1200.00,15720.00,FULFILLED
1000011235,20250820,3136,1,,2,39000.00,8190.00,1500.00,48690.00,FULFILLED
1000011236,20250820,1756,1,,1,12000.00,2520.00,1200.00,15720.00,FULFILLED
1000011240,20250820,2494,1,,4,12000.00,2520.00,1800.00,16320.00,FULFILLED
1000011241,20250821,3306,1,,4,39000.00,8190.00,1800.00,48990.00,FULFILLED
1000011242,20250821,1468,1,,1,12000.00,2520.00,1200.00,15720.00,FULFILLED
1000011243,20250821,2803,1,,2,36000.00,7560.00,1500.00,45060.00,FULFILLED
1000011244,20250821,3307,1,,3,12000.00,2520.00,1500.00,16020.00,FULFILLED
1000011246,20250821,3308,1,,1,24000.00,5040.00,1200.00,30240.00,CANCELLED
1000011247,20250821,2510,1,,4,45000.00,9450.00,0.00,54450.00,FULFILLED
1000011249,20250821,3309,1,,2,12000.00,2520.00,1500.00,16020.00,FULFILLED
1000011250,20250821,2337,1,,3,45000.00,9450.00,0.00,54450.00,FULFILLED
1000011254,20250821,3227,1,,3,12000.00,2520.00,1500.00,16020.00,FULFILLED
1000011255,20250821,3148,1,,3,15000.00,3150.00,1500.00,19650.00,FULFILLED
1000011256,20250821,2815,1,,2,12000.00,2520.00,1500.00,16020.00,CANCELLED
1000011258,20250821,2023,1,,3,12000.00,2520.00,1500.00,16020.00,CANCELLED
1000011259,20250821,1815,1,,3,15000.00,3150.00,1500.00,19650.00,FULFILLED
1000011262,20250821,1679,1,,2,12000.00,2520.00,1500.00,16020.00,FULFILLED
1000011263,20250822,1780,1,,1,12000.00,2520.00,1200.00,15720.00,FULFILLED
1000011264,20250822,2480,1,,1,15000.00,3150.00,1200.00,19350.00,FULFILLED
1000011265,20250822,2584,1,,2,54000.00,11340.00,0.00,65340.00,FULFILLED
1000011266,20250822,1652,1,,3,42000.00,8820.00,1500.00,52320.00,FULFILLED
1000011267,20250822,3028,1,,1,30000.00,6300.00,1200.00,37500.00,FULFILLED
1000011277,20250822,1517,1,,2,14250.00,2992.50,1500.00,18742.50,FULFILLED
1000011280,20250822,3313,1,,1,36000.00,7560.00,1200.00,44760.00,FULFILLED
1000011283,20250822,2716,1,,1,27000.00,5670.00,1200.00,33870.00,FULFILLED
1000011284,20250822,3315,1,,3,15000.00,3150.00,1500.00,19650.00,FULFILLED
1000011285,20250823,2075,1,,4,15000.00,3150.00,1800.00,19950.00,FULFILLED
1000011286,20250823,2172,1,,1,15000.00,3150.00,1200.00,19350.00,FULFILLED
1000011287,20250823,2639,1,,1,12000.00,2520.00,1200.00,15720.00,FULFILLED
1000011290,20250823,3317,1,,4,24000.00,5040.00,1800.00,30840.00,FULFILLED
1000011292,20250823,2663,1,,1,45000.00,9450.00,0.00,54450.00,FULFILLED
1000011296,20250823,1485,1,,1,76500.00,16065.00,0.00,92565.00,FULFILLED
1000011297,20250823,1375,1,,1,81600.00,17136.00,0.00,98736.00,FULFILLED
1000011299,20250823,3319,1,,4,24000.00,5040.00,1800.00,30840.00,FULFILLED
1000011300,20250823,2141,1,,2,22800.00,4788.00,1500.00,29088.00,FULFILLED
1000011301,20250823,3152,1,,2,27000.00,5670.00,1500.00,34170.00,FULFILLED
1000011302,20250823,1736,1,,1,24000.00,5040.00,1200.00,30240.00,FULFILLED
1000011303,20250824,3320,1,,3,12000.00,2520.00,1500.00,16020.00,FULFILLED
1000011304,20250824,2273,1,,1,24000.00,5040.00,1200.00,30240.00,FULFILLED
1000011305,20250824,496,1,,1,12000.00,2520.00,1200.00,15720.00,FULFILLED
1000011306,20250824,3321,1,,3,15000.00,3150.00,1500.00,19650.00,FULFILLED
1000011307,20250824,2735,1,,2,12000.00,2520.00,1500.00,16020.00,FULFILLED
1000011308,20250824,1057,1,,4,15000.00,3150.00,1800.00,19950.00,FULFILLED
1000011309,20250824,3322,1,,1,12000.00,2520.00,1200.00,15720.00,FULFILLED
1000011310,20250824,3323,1,,1,39000.00,8190.00,1200.00,48390.00,FULFILLED
1000011311,20250824,2180,1,,1,63000.00,13230.00,0.00,76230.00,FULFILLED
1000011312,20250824,3324,1,,4,12000.00,2520.00,1800.00,16320.00,FULFILLED
1000011313,20250824,2444,1,,4,12000.00,2520.00,1800.00,16320.00,FULFILLED
1000011314,20250824,2206,1,,1,60000.00,12600.00,0.00,72600.00,FULFILLED
1000011315,20250825,2060,1,,1,15000.00,3150.00,1200.00,19350.00,FULFILLED
1000011316,20250825,1852,1,,3,12000.00,2520.00,1500.00,16020.00,FULFILLED
1000011318,20250825,2292,1,,1,24000.00,5040.00,1200.00,30240.00,CANCELLED
1000011319,20250825,2027,1,,1,15000.00,3150.00,1200.00,19350.00,FULFILLED
1000011320,20250825,578,1,,1,36000.00,7560.00,1200.00,44760.00,REFUNDED
1000011322,20250825,3325,1,,3,15000.00,3150.00,1500.00,19650.00,FULFILLED
1000011323,20250825,3326,1,,2,30000.00,6300.00,1500.00,37800.00,FULFILLED
1000011324,20250825,3327,1,,1,15000.00,3150.00,1200.00,19350.00,FULFILLED
1000011325,20250825,1223,1,,1,60000.00,12600.00,0.00,72600.00,CANCELLED
1000011327,20250825,1224,1,,1,24000.00,5040.00,1200.00,30240.00,REFUNDED
1000011328,20250825,3328,1,,1,51000.00,10710.00,0.00,61710.00,FULFILLED
1000011331,20250825,2044,1,,1,42000.00,8820.00,1200.00,52020.00,FULFILLED
1000011332,20250825,3089,1,,2,12000.00,2520.00,1500.00,16020.00,FULFILLED
1000011333,20250825,2912,1,,2,12000.00,2520.00,1500.00,16020.00,FULFILLED
1000011334,20250825,3195,1,,2,12000.00,2520.00,1500.00,16020.00,FULFILLED
1000011335,20250825,3329,1,,3,48000.00,10080.00,0.00,58080.00,FULFILLED
1000011336,20250826,1901,1,,3,30000.00,6300.00,1500.00,37800.00,CANCELLED
1000011337,20250826,2476,1,,3,10800.00,2268.00,1500.00,14568.00,FULFILLED
1000011339,20250826,3330,1,,1,48600.00,10206.00,0.00,58806.00,FULFILLED
1000011342,20250826,3030,1,,1,15000.00,3150.00,1200.00,19350.00,FULFILLED
1000011343,20250826,486,1,,2,27000.00,5670.00,1500.00,34170.00,FULFILLED
1000011344,20250826,1703,1,,2,30000.00,6300.00,1500.00,37800.00,FULFILLED
1000011347,20250826,3333,1,,2,15000.00,3150.00,1500.00,19650.00,CANCELLED
1000011348,20250826,1972,1,,4,13500.00,2835.00,1800.00,18135.00,FULFILLED
1000011349,20250826,3334,1,,3,36000.00,7560.00,1500.00,45060.00,FULFILLED
1000011350,20250826,1660,1,,2,15000.00,3150.00,1500.00,19650.00,FULFILLED
1000011351,20250826,2862,1,,1,36000.00,7560.00,1200.00,44760.00,FULFILLED
1000011352,20250826,3335,1,,1,45000.00,9450.00,0.00,54450.00,FULFILLED
1000011353,20250826,791,1,,1,24000.00,5040.00,1200.00,30240.00,FULFILLED
1000011354,20250826,3336,1,,3,10800.00,2268.00,1500.00,14568.00,FULFILLED
1000011355,20250827,2521,1,,2,12000.00,2520.00,1500.00,16020.00,CANCELLED
1000011356,20250827,2190,1,,1,12000.00,2520.00,1200.00,15720.00,FULFILLED
1000011360,20250827,2742,1,,1,60000.00,12600.00,0.00,72600.00,FULFILLED
1000011361,20250827,3337,1,,3,30000.00,6300.00,1500.00,37800.00,FULFILLED
1000011363,20250827,2891,1,,3,42000.00,8820.00,1500.00,52320.00,FULFILLED
1000011364,20250827,3338,1,,2,30000.00,6300.00,1500.00,37800.00,FULFILLED
1000011366,20250827,2545,1,,1,12000.00,2520.00,1200.00,15720.00,FULFILLED
1000011368,20250827,3340,1,,1,15000.00,3150.00,1200.00,19350.00,FULFILLED
1000011374,20250827,526,1,,4,72000.00,15120.00,0.00,87120.00,REFUNDED
1000011375,20250827,3226,1,,1,51000.00,10710.00,0.00,61710.00,FULFILLED
1000011376,20250828,1046,1,,1,48000.00,10080.00,0.00,58080.00,FULFILLED
1000011377,20250828,1194,1,,2,11400.00,2394.00,1500.00,15294.00,FULFILLED
1000011378,20250828,3343,1,,1,24000.00,5040.00,1200.00,30240.00,FULFILLED
1000011381,20250828,3344,1,,3,36000.00,7560.00,1500.00,45060.00,FULFILLED
1000011385,20250828,1929,1,,1,12000.00,2520.00,1200.00,15720.00,FULFILLED
1000011387,20250828,3346,1,,1,30000.00,6300.00,1200.00,37500.00,CANCELLED
1000011388,20250828,3347,1,,1,12000.00,2520.00,1200.00,15720.00,FULFILLED
1000011389,20250829,1905,1,,4,12000.00,2520.00,1800.00,16320.00,FULFILLED
1000011390,20250829,2895,1,,2,30000.00,6300.00,1500.00,37800.00,FULFILLED
1000011391,20250829,3348,1,,1,54000.00,11340.00,0.00,65340.00,REFUNDED
1000011393,20250829,2371,1,,1,24000.00,5040.00,1200.00,30240.00,FULFILLED
1000011394,20250829,2234,1,,1,24000.00,5040.00,1200.00,30240.00,CANCELLED
1000011395,20250829,3349,1,,3,12000.00,2520.00,1500.00,16020.00,CANCELLED
1000011398,20250829,2894,1,,2,27000.00,5670.00,1500.00,34170.00,FULFILLED
1000011399,20250829,1992,1,,1,12000.00,2520.00,1200.00,15720.00,FULFILLED
1000011403,20250829,2434,1,,1,36000.00,7560.00,1200.00,44760.00,CANCELLED
1000011405,20250829,3350,1,,4,69000.00,14490.00,0.00,83490.00,FULFILLED
1000011407,20250829,2571,1,,3,15000.00,3150.00,1500.00,19650.00,FULFILLED
1000011408,20250829,70,1,,1,51000.00,10710.00,0.00,61710.00,FULFILLED
1000011409,20250829,2378,1,,2,30000.00,6300.00,1500.00,37800.00,FULFILLED
1000011410,20250830,2636,1,,1,24000.00,5040.00,1200.00,30240.00,FULFILLED
1000011421,20250830,2357,1,,2,39000.00,8190.00,1500.00,48690.00,FULFILLED
1000011423,20250830,3031,1,,3,24000.00,5040.00,1500.00,30540.00,FULFILLED
1000011426,20250830,3354,1,,1,12000.00,2520.00,1200.00,15720.00,CANCELLED
1000011427,20250830,1521,1,,1,12000.00,2520.00,1200.00,15720.00,FULFILLED
1000011432,20250830,2005,1,,2,60000.00,12600.00,0.00,72600.00,FULFILLED
1000011433,20250830,249,1,,3,39000.00,8190.00,1500.00,48690.00,FULFILLED
1000011434,20250831,3356,1,,4,45600.00,9576.00,0.00,55176.00,FULFILLED
1000011435,20250831,11,1,,4,51000.00,10710.00,0.00,61710.00,FULFILLED
1000011436,20250831,3357,1,,2,15000.00,3150.00,1500.00,19650.00,FULFILLED
1000011437,20250831,1020,1,,3,30000.00,6300.00,1500.00,37800.00,FULFILLED
1000011438,20250831,3358,1,,1,36000.00,7560.00,1200.00,44760.00,FULFILLED
1000011439,20250831,3359,1,,3,54000.00,11340.00,0.00,65340.00,FULFILLED
1000011440,20250831,3360,1,,1,24000.00,5040.00,1200.00,30240.00,FULFILLED
1000011441,20250831,2826,1,,2,15000.00,3150.00,1500.00,19650.00,FULFILLED
1000011442,20250831,1547,1,,2,12000.00,2520.00,1500.00,16020.00,FULFILLED
1000011443,20250901,2715,1,,1,27000.00,5670.00,1200.00,33870.00,FULFILLED
1000011444,20250901,2672,1,,2,24000.00,5040.00,1500.00,30540.00,FULFILLED
1000011445,20250901,671,1,,1,24000.00,5040.00,1200.00,30240.00,FULFILLED
1000011446,20250901,513,1,,2,15000.00,3150.00,1500.00,19650.00,FULFILLED
1000011449,20250901,3075,1,,1,30000.00,6300.00,1200.00,37500.00,FULFILLED
1000011452,20250901,756,1,,2,72000.00,15120.00,0.00,87120.00,FULFILLED
1000011453,20250901,2994,1,,3,30000.00,6300.00,1500.00,37800.00,FULFILLED
1000011454,20250901,2137,1,,3,48000.00,10080.00,0.00,58080.00,FULFILLED
1000011455,20250901,3362,1,,1,42000.00,8820.00,1200.00,52020.00,FULFILLED
1000011456,20250901,2967,1,,1,15000.00,3150.00,1200.00,19350.00,FULFILLED
1000011457,20250902,3363,1,,4,12000.00,2520.00,1800.00,16320.00,FULFILLED
1000011458,20250902,3364,1,,4,15000.00,3150.00,1800.00,19950.00,FULFILLED
1000011459,20250902,2134,1,,2,66000.00,13860.00,0.00,79860.00,FULFILLED
1000011462,20250902,1467,1,,2,15000.00,3150.00,1500.00,19650.00,FULFILLED
1000011463,20250902,163,1,,2,27000.00,5670.00,1500.00,34170.00,FULFILLED
1000011464,20250902,3365,1,,1,12000.00,2520.00,1200.00,15720.00,FULFILLED
1000011465,20250902,1129,1,,4,12000.00,2520.00,1800.00,16320.00,FULFILLED
1000011466,20250902,909,1,,2,24000.00,5040.00,1500.00,30540.00,FULFILLED
1000011467,20250902,595,1,,3,24000.00,5040.00,1500.00,30540.00,FULFILLED
1000011470,20250902,380,1,,3,12000.00,2520.00,1500.00,16020.00,FULFILLED
1000011471,20250902,3109,1,,1,30000.00,6300.00,1200.00,37500.00,FULFILLED
1000011472,20250902,3074,1,,2,12000.00,2520.00,1500.00,16020.00,FULFILLED
1000011475,20250902,3273,1,,1,30000.00,6300.00,1200.00,37500.00,FULFILLED
1000011476,20250902,3263,1,,4,24000.00,5040.00,1800.00,30840.00,FULFILLED
1000011477,20250902,1878,1,,2,12000.00,2520.00,1500.00,16020.00,FULFILLED
1000011478,20250902,3366,1,,2,12000.00,2520.00,1500.00,16020.00,FULFILLED
1000011479,20250903,279,1,,2,15000.00,3150.00,1500.00,19650.00,FULFILLED
1000011480,20250903,3367,1,,1,66000.00,13860.00,0.00,79860.00,FULFILLED
1000011482,20250903,1038,1,,1,36000.00,7560.00,1200.00,44760.00,FULFILLED
1000011483,20250903,3368,1,,3,48000.00,10080.00,0.00,58080.00,FULFILLED
1000011485,20250903,1814,1,,4,12000.00,2520.00,1800.00,16320.00,REFUNDED
1000011488,20250903,2825,1,,1,15000.00,3150.00,1200.00,19350.00,FULFILLED
1000011490,20250903,3369,1,,2,12000.00,2520.00,1500.00,16020.00,FULFILLED
1000011491,20250903,2320,1,,2,54000.00,11340.00,0.00,65340.00,FULFILLED
1000011492,20250903,3370,1,,2,12000.00,2520.00,1500.00,16020.00,FULFILLED
1000011493,20250903,3371,1,,1,15000.00,3150.00,1200.00,19350.00,FULFILLED
1000011494,20250903,3013,1,,4,12000.00,2520.00,1800.00,16320.00,FULFILLED
1000011495,20250903,792,1,,1,36000.00,7560.00,1200.00,44760.00,FULFILLED
1000011496,20250904,457,1,,4,72000.00,15120.00,0.00,87120.00,FULFILLED
1000011497,20250904,3372,1,,4,30000.00,6300.00,1800.00,38100.00,FULFILLED
1000011498,20250904,1002,1,,3,36000.00,7560.00,1500.00,45060.00,FULFILLED
1000011500,20250904,2913,1,,3,15000.00,3150.00,1500.00,19650.00,FULFILLED
1000011501,20250904,1554,1,,1,54000.00,11340.00,0.00,65340.00,FULFILLED
1000011503,20250904,3181,1,,1,30000.00,6300.00,1200.00,37500.00,FULFILLED
1000011504,20250904,2986,1,,1,27000.00,5670.00,1200.00,33870.00,FULFILLED
1000011506,20250904,1945,1,,4,24000.00,5040.00,1800.00,30840.00,FULFILLED
1000011509,20250904,2570,1,,2,69000.00,14490.00,0.00,83490.00,FULFILLED
1000011512,20250904,1351,1,,2,42000.00,8820.00,1500.00,52320.00,FULFILLED
1000011513,20250904,2563,1,,4,27000.00,5670.00,1800.00,34470.00,FULFILLED
1000011514,20250904,2018,1,,2,60000.00,12600.00,0.00,72600.00,FULFILLED
1000011515,20250905,490,1,,1,15000.00,3150.00,1200.00,19350.00,FULFILLED
1000011516,20250905,2873,1,,1,15000.00,3150.00,1200.00,19350.00,FULFILLED
1000011517,20250905,3376,1,,2,57000.00,11970.00,0.00,68970.00,FULFILLED
1000011518,20250905,2883,1,,1,27000.00,5670.00,1200.00,33870.00,CANCELLED
1000011523,20250905,1599,1,,1,24000.00,5040.00,1200.00,30240.00,CANCELLED
1000011526,20250905,3130,1,,3,12000.00,2520.00,1500.00,16020.00,FULFILLED
1000011528,20250905,2890,1,,1,24000.00,5040.00,1200.00,30240.00,REFUNDED
1000011529,20250905,473,1,,1,36000.00,7560.00,1200.00,44760.00,FULFILLED
1000011530,20250905,2322,1,,1,27000.00,5670.00,1200.00,33870.00,FULFILLED
1000011531,20250905,3379,1,,1,30000.00,6300.00,1200.00,37500.00,FULFILLED
1000011532,20250905,1369,1,,2,36000.00,7560.00,1500.00,45060.00,FULFILLED
1000011533,20250905,2221,1,,3,15000.00,3150.00,1500.00,19650.00,FULFILLED
1000011534,20250906,3380,1,,2,24000.00,5040.00,1500.00,30540.00,FULFILLED
1000011536,20250906,1492,1,,1,12000.00,2520.00,1200.00,15720.00,FULFILLED
1000011538,20250906,2598,1,,3,15000.00,3150.00,1500.00,19650.00,FULFILLED
1000011541,20250906,172,1,,2,60000.00,12600.00,0.00,72600.00,FULFILLED
1000011542,20250906,1750,1,,3,27000.00,5670.00,1500.00,34170.00,CANCELLED
1000011545,20250906,3384,1,,1,27000.00,5670.00,1200.00,33870.00,FULFILLED
1000011550,20250906,3385,1,,2,15000.00,3150.00,1500.00,19650.00,FULFILLED
1000011554,20250906,3386,1,,4,24000.00,5040.00,1800.00,30840.00,FULFILLED
1000011557,20250906,1165,1,,1,14250.00,2992.50,1200.00,18442.50,FULFILLED
1000011558,20250907,2103,1,,4,15000.00,3150.00,1800.00,19950.00,CANCELLED
1000011559,20250907,3389,1,,3,12000.00,2520.00,1500.00,16020.00,FULFILLED
1000011560,20250907,1931,1,,2,12000.00,2520.00,1500.00,16020.00,FULFILLED
1000011561,20250907,2052,1,,1,30000.00,6300.00,1200.00,37500.00,FULFILLED
1000011562,20250907,2183,1,,1,15000.00,3150.00,1200.00,19350.00,FULFILLED
1000011563,20250907,2622,1,,3,36000.00,7560.00,1500.00,45060.00,FULFILLED
1000011564,20250907,2993,1,,1,36000.00,7560.00,1200.00,44760.00,FULFILLED
1000011565,20250907,3099,1,,4,27000.00,5670.00,1800.00,34470.00,FULFILLED
1000011566,20250907,497,1,,1,27000.00,5670.00,1200.00,33870.00,FULFILLED
1000011567,20250907,3390,1,,1,15000.00,3150.00,1200.00,19350.00,FULFILLED
1000011568,20250907,2660,1,,1,12000.00,2520.00,1200.00,15720.00,FULFILLED
1000011569,20250908,2380,1,,1,24000.00,5040.00,1200.00,30240.00,FULFILLED
1000011570,20250908,3391,1,,2,14250.00,2992.50,1500.00,18742.50,FULFILLED
1000011573,20250908,1007,1,,1,45000.00,9450.00,0.00,54450.00,FULFILLED
1000011574,20250908,2012,1,,1,30000.00,6300.00,1200.00,37500.00,FULFILLED
1000011577,20250908,488,1,,2,24000.00,5040.00,1500.00,30540.00,FULFILLED
1000011578,20250908,125,1,,3,30000.00,6300.00,1500.00,37800.00,FULFILLED
1000011580,20250908,1526,1,,1,57000.00,11970.00,0.00,68970.00,FULFILLED
1000011582,20250908,2848,1,,1,24000.00,5040.00,1200.00,30240.00,FULFILLED
1000011583,20250908,3133,1,,1,39000.00,8190.00,1200.00,48390.00,FULFILLED
1000011584,20250908,1783,1,,3,12000.00,2520.00,1500.00,16020.00,FULFILLED
1000011585,20250908,1851,1,,4,42000.00,8820.00,1800.00,52620.00,REFUNDED
1000011587,20250908,3392,1,,2,30000.00,6300.00,1500.00,37800.00,FULFILLED
1000011589,20250908,3393,1,,1,24000.00,5040.00,1200.00,30240.00,FULFILLED
1000011590,20250908,700,1,,3,22800.00,4788.00,1500.00,29088.00,CANCELLED
1000011591,20250908,2301,1,,2,12000.00,2520.00,1500.00,16020.00,FULFILLED
1000011592,20250908,1973,1,,2,27000.00,5670.00,1500.00,34170.00,FULFILLED
1000011594,20250908,3014,1,,3,12000.00,2520.00,1500.00,16020.00,FULFILLED
1000011597,20250908,3394,1,,3,54000.00,11340.00,0.00,65340.00,FULFILLED
1000011598,20250908,2405,1,,4,15000.00,3150.00,1800.00,19950.00,FULFILLED
1000011599,20250908,1866,1,,2,15000.00,3150.00,1500.00,19650.00,FULFILLED
1000011600,20250908,1016,1,,1,27000.00,5670.00,1200.00,33870.00,FULFILLED
1000011601,20250908,3395,1,,1,12000.00,2520.00,1200.00,15720.00,CANCELLED
1000011602,20250908,3396,1,,4,36000.00,7560.00,1800.00,45360.00,REFUNDED
1000011603,20250909,2791,1,,3,24000.00,5040.00,1500.00,30540.00,FULFILLED
1000011604,20250909,3190,1,,1,15000.00,3150.00,1200.00,19350.00,FULFILLED
1000011605,20250909,2950,1,,3,15000.00,3150.00,1500.00,19650.00,FULFILLED
1000011606,20250909,1997,1,,1,32400.00,6804.00,1200.00,40404.00,FULFILLED
1000011607,20250909,2280,1,,3,24000.00,5040.00,1500.00,30540.00,FULFILLED
1000011608,20250909,2169,1,,1,12000.00,2520.00,1200.00,15720.00,FULFILLED
1000011610,20250909,2830,1,,1,12000.00,2520.00,1200.00,15720.00,FULFILLED
1000011611,20250909,3398,1,,2,48000.00,10080.00,0.00,58080.00,FULFILLED
1000011612,20250909,2936,1,,1,24000.00,5040.00,1200.00,30240.00,FULFILLED
1000011616,20250909,3400,1,,3,13500.00,2835.00,1500.00,17835.00,FULFILLED
1000011617,20250909,1607,1,,3,12000.00,2520.00,1500.00,16020.00,FULFILLED
1000011618,20250909,3188,1,,4,45900.00,9639.00,0.00,55539.00,FULFILLED
1000011619,20250910,475,1,,2,12000.00,2520.00,1500.00,16020.00,FULFILLED
1000011620,20250910,2192,1,,1,60000.00,12600.00,0.00,72600.00,FULFILLED
1000011621,20250910,1855,1,,1,15000.00,3150.00,1200.00,19350.00,FULFILLED
1000011622,20250910,2416,1,,4,15000.00,3150.00,1800.00,19950.00,FULFILLED
1000011623,20250910,3401,1,,2,24000.00,5040.00,1500.00,30540.00,FULFILLED
1000011624,20250910,2634,1,,4,12000.00,2520.00,1800.00,16320.00,FULFILLED
1000011625,20250910,1527,1,,1,51000.00,10710.00,0.00,61710.00,FULFILLED
1000011626,20250910,3402,1,,4,60000.00,12600.00,0.00,72600.00,FULFILLED
1000011629,20250910,2346,1,,1,12000.00,2520.00,1200.00,15720.00,FULFILLED
1000011632,20250910,1920,1,,1,36000.00,7560.00,1200.00,44760.00,FULFILLED
1000011634,20250910,3232,1,,3,12000.00,2520.00,1500.00,16020.00,FULFILLED
1000011636,20250910,2494,1,,4,24000.00,5040.00,1800.00,30840.00,FULFILLED
1000011637,20250910,2676,1,,1,57000.00,11970.00,0.00,68970.00,FULFILLED
1000011638,20250910,1930,1,,1,12000.00,2520.00,1200.00,15720.00,FULFILLED
1000011639,20250911,3404,1,,1,45000.00,9450.00,0.00,54450.00,FULFILLED
1000011640,20250911,1505,1,,1,15000.00,3150.00,1200.00,19350.00,FULFILLED
1000011641,20250911,2771,1,,1,36000.00,7560.00,1200.00,44760.00,FULFILLED
1000011642,20250911,1110,1,,4,12000.00,2520.00,1800.00,16320.00,CANCELLED
1000011644,20250911,3405,1,,1,12000.00,2520.00,1200.00,15720.00,FULFILLED
1000011645,20250911,2723,1,,1,15000.00,3150.00,1200.00,19350.00,FULFILLED
1000011647,20250911,1819,1,,4,30000.00,6300.00,1800.00,38100.00,FULFILLED
1000011648,20250911,2611,1,,4,60000.00,12600.00,0.00,72600.00,FULFILLED
1000011649,20250911,2153,1,,2,15000.00,3150.00,1500.00,19650.00,FULFILLED
1000011651,20250911,30,1,,1,12000.00,2520.00,1200.00,15720.00,FULFILLED
1000011652,20250911,2402,1,,3,15000.00,3150.00,1500.00,19650.00,FULFILLED
1000011653,20250911,2772,1,,1,27000.00,5670.00,1200.00,33870.00,FULFILLED
1000011655,20250912,2868,1,,2,45000.00,9450.00,0.00,54450.00,FULFILLED
1000011656,20250912,3066,1,,2,221850.00,46588.50,0.00,268438.50,FULFILLED
1000011657,20250912,3407,1,,3,15000.00,3150.00,1500.00,19650.00,FULFILLED
1000011658,20250912,1780,1,,1,30000.00,6300.00,1200.00,37500.00,FULFILLED
1000011661,20250912,3198,1,,3,39000.00,8190.00,1500.00,48690.00,CANCELLED
1000011662,20250912,3408,1,,4,12000.00,2520.00,1800.00,16320.00,CANCELLED
1000011664,20250912,3409,1,,1,12000.00,2520.00,1200.00,15720.00,FULFILLED
1000011665,20250912,3137,1,,2,15000.00,3150.00,1500.00,19650.00,FULFILLED
1000011666,20250912,2114,1,,1,15000.00,3150.00,1200.00,19350.00,FULFILLED
1000011667,20250912,3410,1,,4,12000.00,2520.00,1800.00,16320.00,FULFILLED
1000011670,20250912,373,1,,4,15000.00,3150.00,1800.00,19950.00,FULFILLED
1000011671,20250912,644,1,,2,15000.00,3150.00,1500.00,19650.00,FULFILLED
1000011672,20250912,3411,1,,1,12000.00,2520.00,1200.00,15720.00,FULFILLED
1000011675,20250913,3277,1,,2,30000.00,6300.00,1500.00,37800.00,FULFILLED
1000011680,20250913,3413,1,,1,12000.00,2520.00,1200.00,15720.00,FULFILLED
1000011683,20250913,2270,1,,1,36000.00,7560.00,1200.00,44760.00,FULFILLED
1000011688,20250913,1500,1,,2,27000.00,5670.00,1500.00,34170.00,FULFILLED
1000011689,20250913,3065,1,,2,36000.00,7560.00,1500.00,45060.00,FULFILLED
1000011690,20250913,1422,1,,1,39000.00,8190.00,1200.00,48390.00,REFUNDED
1000011691,20250914,3414,1,,4,12000.00,2520.00,1800.00,16320.00,FULFILLED
1000011692,20250914,3415,1,,2,12000.00,2520.00,1500.00,16020.00,FULFILLED
1000011693,20250914,3085,1,,1,42000.00,8820.00,1200.00,52020.00,REFUNDED
1000011694,20250914,3262,1,,4,42000.00,8820.00,1800.00,52620.00,FULFILLED
1000011695,20250914,1001,1,,3,15000.00,3150.00,1500.00,19650.00,FULFILLED
1000011696,20250914,2016,1,,1,12000.00,2520.00,1200.00,15720.00,FULFILLED
1000011697,20250914,1677,1,,1,27000.00,5670.00,1200.00,33870.00,FULFILLED
1000011698,20250914,1302,1,,3,36000.00,7560.00,1500.00,45060.00,FULFILLED
1000011699,20250914,913,1,,3,12000.00,2520.00,1500.00,16020.00,FULFILLED
1000011700,20250914,1360,1,,1,27000.00,5670.00,1200.00,33870.00,FULFILLED
1000011701,20250915,3416,1,,1,48000.00,10080.00,0.00,58080.00,FULFILLED
1000011702,20250915,1118,1,,1,36000.00,7560.00,1200.00,44760.00,FULFILLED
1000011703,20250915,1311,1,,3,12000.00,2520.00,1500.00,16020.00,FULFILLED
1000011704,20250915,3417,1,,1,12000.00,2520.00,1200.00,15720.00,FULFILLED
1000011705,20250915,2891,1,,3,27000.00,5670.00,1500.00,34170.00,FULFILLED
1000011706,20250915,983,1,,1,12000.00,2520.00,1200.00,15720.00,FULFILLED
1000011707,20250915,2644,1,,3,48000.00,10080.00,0.00,58080.00,FULFILLED
1000011709,20250915,2766,1,,4,12000.00,2520.00,1800.00,16320.00,FULFILLED
1000011711,20250915,2113,1,,3,57000.00,11970.00,0.00,68970.00,FULFILLED
1000011712,20250916,3300,1,,2,12000.00,2520.00,1500.00,16020.00,FULFILLED
1000011713,20250916,2973,1,,3,12000.00,2520.00,1500.00,16020.00,CANCELLED
1000011714,20250916,2443,1,,4,12000.00,2520.00,1800.00,16320.00,FULFILLED
1000011716,20250916,3280,1,,2,15000.00,3150.00,1500.00,19650.00,FULFILLED
1000011717,20250916,3253,1,,1,15000.00,3150.00,1200.00,19350.00,FULFILLED
1000011721,20250916,3419,1,,2,12000.00,2520.00,1500.00,16020.00,FULFILLED
1000011723,20250916,11,1,,4,36000.00,7560.00,1800.00,45360.00,FULFILLED
1000011727,20250916,165,1,,2,12000.00,2520.00,1500.00,16020.00,FULFILLED
1000011728,20250917,2679,1,,2,132600.00,27846.00,0.00,160446.00,FULFILLED
1000011729,20250917,1852,1,,3,15000.00,3150.00,1500.00,19650.00,CANCELLED
1000011730,20250917,2526,1,,1,27000.00,5670.00,1200.00,33870.00,FULFILLED
1000011731,20250917,1253,1,,3,15000.00,3150.00,1500.00,19650.00,FULFILLED
1000011732,20250917,1423,1,,1,12000.00,2520.00,1200.00,15720.00,CANCELLED
1000011734,20250917,2853,1,,2,45000.00,9450.00,0.00,54450.00,FULFILLED
1000011736,20250917,3037,1,,4,12000.00,2520.00,1800.00,16320.00,FULFILLED
1000011738,20250917,2752,1,,1,12000.00,2520.00,1200.00,15720.00,FULFILLED
1000011739,20250917,941,1,,1,57000.00,11970.00,0.00,68970.00,FULFILLED
1000011741,20250917,3421,1,,2,39000.00,8190.00,1500.00,48690.00,FULFILLED
1000011742,20250917,951,1,,1,36000.00,7560.00,1200.00,44760.00,FULFILLED
1000011743,20250918,420,1,,1,27000.00,5670.00,1200.00,33870.00,FULFILLED
1000011745,20250918,3422,1,,1,30000.00,6300.00,1200.00,37500.00,FULFILLED
1000011746,20250918,3423,1,,4,12000.00,2520.00,1800.00,16320.00,FULFILLED
1000011747,20250918,2819,1,,1,15000.00,3150.00,1200.00,19350.00,FULFILLED
1000011748,20250918,2163,1,,1,54000.00,11340.00,0.00,65340.00,FULFILLED
1000011749,20250918,2904,1,,3,27000.00,5670.00,1500.00,34170.00,CANCELLED
1000011752,20250918,2441,1,,1,27000.00,5670.00,1200.00,33870.00,FULFILLED
1000011753,20250918,3424,1,,1,54000.00,11340.00,0.00,65340.00,FULFILLED
1000011754,20250918,3221,1,,2,48000.00,10080.00,0.00,58080.00,FULFILLED
1000011755,20250918,2310,1,,1,24000.00,5040.00,1200.00,30240.00,FULFILLED
1000011756,20250919,2704,1,,3,39000.00,8190.00,1500.00,48690.00,FULFILLED
1000011757,20250919,1815,1,,3,45000.00,9450.00,0.00,54450.00,FULFILLED
1000011758,20250919,2516,1,,3,36000.00,7560.00,1500.00,45060.00,FULFILLED
1000011759,20250919,3425,1,,1,15000.00,3150.00,1200.00,19350.00,FULFILLED
1000011760,20250919,2687,1,,2,12000.00,2520.00,1500.00,16020.00,FULFILLED
1000011761,20250919,421,1,,1,15000.00,3150.00,1200.00,19350.00,REFUNDED
1000011762,20250919,1847,1,,1,45000.00,9450.00,0.00,54450.00,FULFILLED
1000011763,20250919,1517,1,,2,15000.00,3150.00,1500.00,19650.00,FULFILLED
1000011765,20250919,1301,1,,4,12000.00,2520.00,1800.00,16320.00,FULFILLED
1000011766,20250919,2453,1,,3,36000.00,7560.00,1500.00,45060.00,FULFILLED
1000011767,20250919,2230,1,,1,48000.00,10080.00,0.00,58080.00,FULFILLED
1000011768,20250920,764,1,,1,42000.00,8820.00,1200.00,52020.00,CANCELLED
1000011769,20250920,1051,1,,3,14250.00,2992.50,1500.00,18742.50,FULFILLED
1000011776,20250920,3322,1,,1,12000.00,2520.00,1200.00,15720.00,FULFILLED
1000011779,20250920,1012,1,,2,27000.00,5670.00,1500.00,34170.00,CANCELLED
1000011780,20250920,354,1,,3,15000.00,3150.00,1500.00,19650.00,FULFILLED
1000011781,20250920,3084,1,,3,15000.00,3150.00,1500.00,19650.00,FULFILLED
1000011782,20250920,3428,1,,1,12000.00,2520.00,1200.00,15720.00,FULFILLED
1000011784,20250920,909,1,,2,12000.00,2520.00,1500.00,16020.00,FULFILLED
1000011785,20250920,2895,1,,2,12000.00,2520.00,1500.00,16020.00,FULFILLED
1000011787,20250920,2597,1,,4,30000.00,6300.00,1800.00,38100.00,FULFILLED
1000011788,20250920,2898,1,,1,12000.00,2520.00,1200.00,15720.00,FULFILLED
1000011789,20250920,3429,1,,3,72000.00,15120.00,0.00,87120.00,FULFILLED
1000011790,20250920,3013,1,,4,229500.00,48195.00,0.00,277695.00,FULFILLED
1000011791,20250921,3111,1,,2,15000.00,3150.00,1500.00,19650.00,FULFILLED
1000011792,20250921,3250,1,,2,12000.00,2520.00,1500.00,16020.00,FULFILLED
1000011793,20250921,3430,1,,3,57000.00,11970.00,0.00,68970.00,FULFILLED
1000011794,20250921,703,1,,3,30000.00,6300.00,1500.00,37800.00,FULFILLED
1000011795,20250921,705,1,,2,12000.00,2520.00,1500.00,16020.00,FULFILLED
1000011796,20250921,2019,1,,1,12000.00,2520.00,1200.00,15720.00,FULFILLED
1000011797,20250921,1855,1,,1,12000.00,2520.00,1200.00,15720.00,FULFILLED
1000011798,20250921,405,1,,4,15000.00,3150.00,1800.00,19950.00,FULFILLED
1000011799,20250921,2560,1,,1,24000.00,5040.00,1200.00,30240.00,FULFILLED
1000011800,20250921,3431,1,,2,24000.00,5040.00,1500.00,30540.00,FULFILLED
1000011801,20250922,3080,1,,1,12000.00,2520.00,1200.00,15720.00,FULFILLED
1000011802,20250922,3432,1,,2,39000.00,8190.00,1500.00,48690.00,FULFILLED
1000011804,20250922,1598,1,,4,24000.00,5040.00,1800.00,30840.00,FULFILLED
1000011805,20250922,3304,1,,4,15000.00,3150.00,1800.00,19950.00,FULFILLED
1000011806,20250922,3433,1,,2,12000.00,2520.00,1500.00,16020.00,FULFILLED
1000011807,20250922,1187,1,,1,15000.00,3150.00,1200.00,19350.00,REFUNDED
1000011808,20250922,3298,1,,1,42000.00,8820.00,1200.00,52020.00,FULFILLED
1000011809,20250922,3434,1,,4,45000.00,9450.00,0.00,54450.00,FULFILLED
1000011811,20250922,3435,1,,4,48000.00,10080.00,0.00,58080.00,FULFILLED
1000011812,20250922,3143,1,,1,12000.00,2520.00,1200.00,15720.00,CANCELLED
1000011813,20250922,1683,1,,1,15000.00,3150.00,1200.00,19350.00,FULFILLED
1000011815,20250922,2092,1,,2,15000.00,3150.00,1500.00,19650.00,FULFILLED
1000011816,20250922,3437,1,,1,15000.00,3150.00,1200.00,19350.00,FULFILLED
1000011819,20250922,2386,1,,1,27000.00,5670.00,1200.00,33870.00,FULFILLED
1000011820,20250922,1980,1,,3,39000.00,8190.00,1500.00,48690.00,FULFILLED
1000011821,20250922,3395,1,,1,27000.00,5670.00,1200.00,33870.00,FULFILLED
1000011822,20250922,2083,1,,2,36000.00,7560.00,1500.00,45060.00,CANCELLED
1000011823,20250923,2515,1,,2,36000.00,7560.00,1500.00,45060.00,FULFILLED
1000011824,20250923,1047,1,,3,36000.00,7560.00,1500.00,45060.00,FULFILLED
1000011827,20250923,3438,1,,3,60000.00,12600.00,0.00,72600.00,PAID
1000011828,20250923,3439,1,,1,39000.00,8190.00,1200.00,48390.00,FULFILLED
1000011829,20250923,3368,1,,3,54000.00,11340.00,0.00,65340.00,CANCELLED
1000011830,20250923,1946,1,,2,10800.00,2268.00,1500.00,14568.00,FULFILLED
1000011831,20250923,2437,1,,3,15000.00,3150.00,1500.00,19650.00,FULFILLED
1000011832,20250923,3440,1,,1,15000.00,3150.00,1200.00,19350.00,FULFILLED
1000011833,20250923,2490,1,,1,15000.00,3150.00,1200.00,19350.00,CANCELLED
1000011834,20250923,2739,1,,2,24000.00,5040.00,1500.00,30540.00,FULFILLED
1000011835,20250923,3441,1,,3,39000.00,8190.00,1500.00,48690.00,FULFILLED
1000011836,20250923,3442,1,,2,15000.00,3150.00,1500.00,19650.00,CANCELLED
1000011837,20250923,68,1,,1,12000.00,2520.00,1200.00,15720.00,FULFILLED
1000011838,20250924,3443,1,,1,24000.00,5040.00,1200.00,30240.00,FULFILLED
1000011839,20250924,2119,1,,4,36000.00,7560.00,1800.00,45360.00,FULFILLED
1000011840,20250924,2737,1,,3,27000.00,5670.00,1500.00,34170.00,FULFILLED
1000011841,20250924,1646,1,,3,12000.00,2520.00,1500.00,16020.00,FULFILLED
1000011842,20250924,2457,1,,1,24000.00,5040.00,1200.00,30240.00,FULFILLED
1000011843,20250924,2900,1,,3,11400.00,2394.00,1500.00,15294.00,FULFILLED
1000011844,20250924,3319,1,,4,12000.00,2520.00,1800.00,16320.00,FULFILLED
1000011845,20250924,2293,1,,1,93000.00,19530.00,0.00,112530.00,FULFILLED
1000011846,20250924,2254,1,,1,24000.00,5040.00,1200.00,30240.00,CANCELLED
1000011849,20250924,997,1,,3,36000.00,7560.00,1500.00,45060.00,PAID
1000011850,20250924,1716,1,,2,27000.00,5670.00,1500.00,34170.00,FULFILLED
1000011852,20250924,2840,1,,3,24000.00,5040.00,1500.00,30540.00,FULFILLED
1000011853,20250924,3000,1,,1,14250.00,2992.50,1200.00,18442.50,FULFILLED
1000011855,20250925,1547,1,,2,96000.00,20160.00,0.00,116160.00,FULFILLED
1000011856,20250925,2005,1,,2,12000.00,2520.00,1500.00,16020.00,PAID
1000011858,20250925,3446,1,,1,12000.00,2520.00,1200.00,15720.00,CANCELLED
1000011859,20250925,2404,1,,1,30000.00,6300.00,1200.00,37500.00,FULFILLED
1000011861,20250925,1398,1,,4,12000.00,2520.00,1800.00,16320.00,PAID
1000011862,20250925,3447,1,,4,12000.00,2520.00,1800.00,16320.00,PAID
1000011864,20250925,2107,1,,2,15000.00,3150.00,1500.00,19650.00,PAID
1000011865,20250925,3293,1,,3,15000.00,3150.00,1500.00,19650.00,PAID
1000011866,20250925,1257,1,,2,15000.00,3150.00,1500.00,19650.00,PAID
1000011868,20250925,1305,1,,2,12000.00,2520.00,1500.00,16020.00,FULFILLED
1000011870,20250925,651,1,,1,24000.00,5040.00,1200.00,30240.00,PAID
1000011871,20250925,3089,1,,2,12000.00,2520.00,1500.00,16020.00,PAID
1000011872,20250925,2501,1,,3,39000.00,8190.00,1500.00,48690.00,PAID
1000011873,20250926,2820,1,,2,24000.00,5040.00,1500.00,30540.00,PAID
1000011876,20250926,3005,1,,3,30000.00,6300.00,1500.00,37800.00,PAID
1000011881,20250926,3450,1,,1,39000.00,8190.00,1200.00,48390.00,FULFILLED
1000011885,20250926,296,1,,2,12000.00,2520.00,1500.00,16020.00,PAID
1000011887,20250926,3179,1,,4,24000.00,5040.00,1800.00,30840.00,PAID
1000011888,20250926,1599,1,,1,11400.00,2394.00,1200.00,14994.00,PAID
1000011889,20250926,3452,1,,1,12000.00,2520.00,1200.00,15720.00,FULFILLED
1000011890,20250926,1949,1,,1,66000.00,13860.00,0.00,79860.00,FULFILLED
1000011891,20250926,2150,1,,4,14250.00,2992.50,1800.00,19042.50,PAID
1000011892,20250926,3454,1,,1,15000.00,3150.00,1200.00,19350.00,PAID
1000011893,20250926,1350,1,,3,12000.00,2520.00,1500.00,16020.00,CANCELLED
1000011894,20250926,3453,1,,2,12000.00,2520.00,1500.00,16020.00,PAID
1000011895,20250927,2667,1,,2,12000.00,2520.00,1500.00,16020.00,PAID
1000011896,20250927,3455,1,,3,36000.00,7560.00,1500.00,45060.00,PAID
1000011900,20250927,2035,1,,1,12000.00,2520.00,1200.00,15720.00,PAID
1000011902,20250927,3456,1,,3,24000.00,5040.00,1500.00,30540.00,PAID
1000011904,20250927,3457,1,,1,27000.00,5670.00,1200.00,33870.00,FULFILLED
1000011906,20250927,3136,1,,2,15000.00,3150.00,1500.00,19650.00,PAID
1000011913,20250927,3460,1,,4,15000.00,3150.00,1800.00,19950.00,PAID
1000011915,20250927,3268,1,,1,42000.00,8820.00,1200.00,52020.00,PAID
1000011916,20250927,3259,1,,1,12000.00,2520.00,1200.00,15720.00,PAID
1000011917,20250927,1380,1,,1,24000.00,5040.00,1200.00,30240.00,PAID
1000011918,20250927,1767,1,,1,24000.00,5040.00,1200.00,30240.00,CANCELLED
1000011919,20250927,3158,1,,4,15000.00,3150.00,1800.00,19950.00,PAID
1000011920,20250928,2403,1,,1,12000.00,2520.00,1200.00,15720.00,FULFILLED
1000011921,20250928,213,1,,3,27000.00,5670.00,1500.00,34170.00,CANCELLED
1000011922,20250928,1473,1,,1,12000.00,2520.00,1200.00,15720.00,PAID
1000011923,20250928,2345,1,,4,66000.00,13860.00,0.00,79860.00,PAID
1000011924,20250928,3461,1,,3,14250.00,2992.50,1500.00,18742.50,PAID
1000011925,20250928,356,1,,1,15000.00,3150.00,1200.00,19350.00,PAID
1000011926,20250928,3344,1,,3,51000.00,10710.00,0.00,61710.00,PAID
1000011927,20250928,3261,1,,1,12000.00,2520.00,1200.00,15720.00,CREATED
1000011928,20250928,2782,1,,1,15000.00,3150.00,1200.00,19350.00,PAID
1000011929,20250928,3462,1,,1,39000.00,8190.00,1200.00,48390.00,FULFILLED
1000011930,20250928,2571,1,,3,15000.00,3150.00,1500.00,19650.00,PAID
1000011931,20250929,2953,1,,1,48000.00,10080.00,0.00,58080.00,PAID
1000011933,20250929,2179,1,,3,27000.00,5670.00,1500.00,34170.00,PAID
1000011934,20250929,2235,1,,2,24000.00,5040.00,1500.00,30540.00,PAID
1000011937,20250929,254,1,,2,27000.00,5670.00,1500.00,34170.00,PAID
1000011939,20250929,2497,1,,2,11400.00,2394.00,1500.00,15294.00,PAID
1000011941,20250929,3465,1,,2,108000.00,22680.00,0.00,130680.00,PAID
1000011942,20250929,996,1,,2,42000.00,8820.00,1500.00,52320.00,PAID
1000011944,20250929,1516,1,,2,12000.00,2520.00,1500.00,16020.00,PAID
1000011945,20250929,1576,1,,2,24000.00,5040.00,1500.00,30540.00,PAID
1000011947,20250929,2411,1,,3,42000.00,8820.00,1500.00,52320.00,PAID
1000011948,20250929,1592,1,,2,15000.00,3150.00,1500.00,19650.00,PAID
1000011949,20250929,3010,1,,3,39000.00,8190.00,1500.00,48690.00,PAID
1000011950,20250930,2292,1,,1,51000.00,10710.00,0.00,61710.00,PAID
1000011951,20250930,3467,1,,2,12000.00,2520.00,1500.00,16020.00,PAID
1000011952,20250930,3468,1,,1,15000.00,3150.00,1200.00,19350.00,PAID
1000011958,20250930,2972,1,,1,11400.00,2394.00,1200.00,14994.00,PAID
1000011959,20250930,3166,1,,4,27000.00,5670.00,1800.00,34470.00,PAID
1000011960,20250930,3470,1,,1,15000.00,3150.00,1200.00,19350.00,PAID
1000011961,20250930,3063,1,,1,15000.00,3150.00,1200.00,19350.00,PAID
1000011963,20250930,3471,1,,3,45000.00,9450.00,0.00,54450.00,PAID
1000011965,20250930,526,1,,4,42000.00,8820.00,1800.00,52620.00,PAID
1000011966,20250930,563,1,,1,15000.00,3150.00,1200.00,19350.00,PAID
1000011967,20250930,1345,1,,1,30000.00,6300.00,1200.00,37500.00,CANCELLED
1000011968,20250930,3412,1,,2,12000.00,2520.00,1500.00,16020.00,PAID
