order_item_id,order_id,date_key,product_key,customer_key,channel_key,store_key,quantity,unit_price,discount_amount,line_total
5000000024,1000000020,20240102,1,503,2,3,2,12000.00,0.00,24000.00
5000000025,1000000020,20240102,2,503,2,3,1,15000.00,0.00,15000.00
5000000026,1000000021,20240102,1,80,2,2,1,12000.00,0.00,12000.00
5000000028,1000000023,20240102,1,491,2,2,1,12000.00,0.00,12000.00
5000000029,1000000024,20240102,1,654,2,2,4,12000.00,0.00,48000.00
5000000030,1000000025,20240102,1,584,2,3,2,12000.00,0.00,24000.00
5000000037,1000000031,20240103,1,655,2,4,3,12000.00,0.00,36000.00
5000000040,1000000033,20240103,1,332,2,3,2,12000.00,0.00,24000.00
5000000041,1000000033,20240103,2,332,2,3,3,15000.00,0.00,45000.00
5000000042,1000000034,20240103,1,246,2,2,1,12000.00,0.00,12000.00
5000000043,1000000035,20240103,2,656,2,1,1,15000.00,0.00,15000.00
5000000046,1000000038,20240103,1,568,2,1,3,12000.00,0.00,36000.00
5000000047,1000000039,20240103,2,406,2,2,2,15000.00,3000.00,27000.00
5000000050,1000000041,20240103,2,331,2,2,1,15000.00,0.00,15000.00
5000000052,1000000043,20240103,2,658,2,1,4,15000.00,0.00,60000.00
5000000057,1000000048,20240104,2,382,2,4,1,15000.00,0.00,15000.00
5000000058,1000000049,20240104,1,132,2,2,2,12000.00,0.00,24000.00
5000000059,1000000049,20240104,2,132,2,2,1,15000.00,0.00,15000.00
5000000061,1000000051,20240104,1,660,2,1,3,12000.00,0.00,36000.00
5000000062,1000000051,20240104,2,660,2,1,1,15000.00,0.00,15000.00
5000000063,1000000052,20240104,1,198,2,1,1,12000.00,0.00,12000.00
5000000064,1000000053,20240104,1,524,2,3,1,12000.00,0.00,12000.00
5000000065,1000000053,20240104,2,524,2,3,2,15000.00,0.00,30000.00
5000000066,1000000054,20240104,1,661,2,4,2,12000.00,0.00,24000.00
5000000067,1000000055,20240104,1,662,2,3,4,12000.00,0.00,48000.00
5000000068,1000000055,20240104,2,662,2,3,1,15000.00,0.00,15000.00
5000000072,1000000058,20240104,1,37,2,1,1,12000.00,0.00,12000.00
5000000073,1000000058,20240104,2,37,2,1,4,15000.00,0.00,60000.00
5000000079,1000000063,20240105,2,262,2,2,1,15000.00,0.00,15000.00
5000000090,1000000070,20240105,1,665,2,3,3,12000.00,0.00,36000.00
5000000095,1000000073,20240105,1,454,2,2,2,12000.00,0.00,24000.00
5000000096,1000000074,20240105,1,131,2,1,1,12000.00,0.00,12000.00
5000000097,1000000074,20240105,2,131,2,1,1,15000.00,0.00,15000.00
5000000101,1000000077,20240105,1,252,2,2,2,12000.00,0.00,24000.00
5000000102,1000000077,20240105,2,252,2,2,1,15000.00,0.00,15000.00
5000000110,1000000083,20240106,1,233,2,3,3,12000.00,0.00,36000.00
5000000111,1000000083,20240106,2,233,2,3,1,15000.00,0.00,15000.00
5000000114,1000000086,20240106,1,326,2,4,1,12000.00,0.00,12000.00
5000000115,1000000086,20240106,2,326,2,4,1,15000.00,0.00,15000.00
5000000116,1000000087,20240106,2,558,2,4,1,15000.00,0.00,15000.00
5000000117,1000000088,20240106,2,537,2,3,1,15000.00,0.00,15000.00
5000000119,1000000090,20240106,2,96,2,1,1,15000.00,1500.00,13500.00
5000000122,1000000092,20240106,2,22,2,1,3,15000.00,0.00,45000.00
5000000123,1000000093,20240106,1,628,2,3,2,12000.00,0.00,24000.00
5000000124,1000000093,20240106,2,628,2,3,2,15000.00,0.00,30000.00
5000000125,1000000094,20240106,1,98,2,2,1,12000.00,0.00,12000.00
5000000126,1000000094,20240106,2,98,2,2,3,15000.00,0.00,45000.00
5000000127,1000000095,20240106,2,374,2,1,1,15000.00,0.00,15000.00
5000000128,1000000096,20240106,2,609,2,2,1,15000.00,0.00,15000.00
5000000143,1000000110,20240108,2,426,2,1,1,15000.00,0.00,15000.00
5000000144,1000000111,20240108,1,429,2,4,2,12000.00,0.00,24000.00
5000000145,1000000111,20240108,2,429,2,4,1,15000.00,0.00,15000.00
5000000150,1000000115,20240108,2,358,2,3,2,15000.00,0.00,30000.00
5000000151,1000000116,20240108,1,586,2,1,1,12000.00,0.00,12000.00
5000000152,1000000116,20240108,2,586,2,1,1,15000.00,0.00,15000.00
5000000153,1000000117,20240108,2,71,2,2,1,15000.00,0.00,15000.00
5000000154,1000000118,20240108,2,500,2,4,1,15000.00,0.00,15000.00
5000000155,1000000119,20240108,1,606,2,4,4,12000.00,0.00,48000.00
5000000156,1000000119,20240108,2,606,2,4,2,15000.00,0.00,30000.00
5000000157,1000000120,20240108,2,610,2,4,1,15000.00,0.00,15000.00
5000000158,1000000121,20240108,2,341,2,4,1,15000.00,0.00,15000.00
5000000165,1000000127,20240109,1,338,2,1,1,12000.00,0.00,12000.00
5000000168,1000000130,20240109,2,677,2,3,2,15000.00,0.00,30000.00
5000000170,1000000132,20240109,2,456,2,4,1,15000.00,0.00,15000.00
5000000171,1000000133,20240109,1,258,2,1,1,12000.00,0.00,12000.00
5000000172,1000000134,20240109,2,175,2,3,4,15000.00,0.00,60000.00
5000000177,1000000137,20240109,2,679,2,3,2,15000.00,0.00,30000.00
5000000179,1000000139,20240109,1,199,2,3,1,12000.00,0.00,12000.00
5000000180,1000000139,20240109,2,199,2,3,1,15000.00,0.00,15000.00
5000000190,1000000147,20240110,1,485,2,3,1,12000.00,0.00,12000.00
5000000191,1000000147,20240110,2,485,2,3,1,15000.00,0.00,15000.00
5000000192,1000000148,20240110,1,247,2,1,1,12000.00,0.00,12000.00
5000000193,1000000148,20240110,2,247,2,1,2,15000.00,0.00,30000.00
5000000195,1000000150,20240110,1,682,2,4,1,12000.00,0.00,12000.00
5000000196,1000000150,20240110,2,682,2,4,1,15000.00,0.00,15000.00
5000000197,1000000151,20240110,1,637,2,2,1,12000.00,0.00,12000.00
5000000198,1000000152,20240110,2,683,2,4,1,15000.00,0.00,15000.00
5000000199,1000000153,20240110,2,376,2,4,1,15000.00,1500.00,13500.00
5000000209,1000000161,20240111,1,212,2,1,3,12000.00,0.00,36000.00
5000000210,1000000162,20240111,2,686,2,3,1,15000.00,0.00,15000.00
5000000211,1000000163,20240111,1,407,2,4,1,12000.00,0.00,12000.00
5000000212,1000000164,20240111,2,626,2,1,1,15000.00,0.00,15000.00
5000000213,1000000165,20240111,1,323,2,1,1,12000.00,0.00,12000.00
5000000214,1000000165,20240111,2,323,2,1,2,15000.00,0.00,30000.00
5000000217,1000000167,20240111,2,385,2,3,2,15000.00,3000.00,27000.00
5000000218,1000000168,20240111,1,434,2,4,2,12000.00,0.00,24000.00
5000000219,1000000168,20240111,2,434,2,4,2,15000.00,0.00,30000.00
5000000220,1000000169,20240111,2,608,2,2,2,15000.00,0.00,30000.00
5000000224,1000000173,20240111,1,689,2,1,1,12000.00,0.00,12000.00
5000000225,1000000174,20240111,2,228,2,2,1,15000.00,0.00,15000.00
5000000227,1000000176,20240111,1,141,2,1,2,12000.00,0.00,24000.00
5000000228,1000000176,20240111,2,141,2,1,1,15000.00,0.00,15000.00
5000000240,1000000185,20240112,2,693,2,1,2,15000.00,0.00,30000.00
5000000242,1000000187,20240112,2,330,2,1,2,15000.00,0.00,30000.00
5000000245,1000000189,20240112,1,694,2,4,1,12000.00,0.00,12000.00
5000000246,1000000190,20240112,1,646,2,4,2,12000.00,0.00,24000.00
5000000247,1000000191,20240112,1,600,2,2,1,12000.00,0.00,12000.00
5000000248,1000000191,20240112,2,600,2,2,1,15000.00,0.00,15000.00
5000000249,1000000192,20240112,2,402,2,3,4,15000.00,0.00,60000.00
5000000250,1000000193,20240112,1,695,2,1,1,12000.00,0.00,12000.00
5000000251,1000000193,20240112,2,695,2,1,4,15000.00,0.00,60000.00
5000000252,1000000194,20240112,1,181,2,1,1,12000.00,0.00,12000.00
5000000257,1000000198,20240113,1,472,2,2,2,12000.00,0.00,24000.00
5000000258,1000000198,20240113,2,472,2,2,2,15000.00,0.00,30000.00
5000000259,1000000199,20240113,1,347,2,2,1,12000.00,0.00,12000.00
5000000260,1000000199,20240113,2,347,2,2,1,15000.00,0.00,15000.00
5000000261,1000000200,20240113,2,397,2,1,3,15000.00,4500.00,40500.00
5000000263,1000000202,20240113,2,698,2,2,4,15000.00,0.00,60000.00
5000000264,1000000203,20240113,1,699,2,4,2,12000.00,0.00,24000.00
5000000265,1000000203,20240113,2,699,2,4,1,15000.00,0.00,15000.00
5000000266,1000000204,20240113,1,531,2,4,3,12000.00,0.00,36000.00
5000000267,1000000204,20240113,2,531,2,4,1,15000.00,0.00,15000.00
5000000271,1000000207,20240113,1,193,2,2,1,12000.00,0.00,12000.00
5000000272,1000000208,20240113,1,441,2,2,1,12000.00,0.00,12000.00
5000000273,1000000209,20240113,1,8,2,1,9,12000.00,16200.00,91800.00
5000000274,1000000210,20240113,1,529,2,1,3,12000.00,0.00,36000.00
5000000275,1000000211,20240113,1,701,2,4,1,12000.00,0.00,12000.00
5000000278,1000000213,20240113,2,57,2,1,1,15000.00,0.00,15000.00
5000000279,1000000214,20240113,2,379,2,1,1,15000.00,0.00,15000.00
5000000298,1000000231,20240115,2,477,2,3,2,15000.00,0.00,30000.00
5000000299,1000000232,20240115,1,707,2,2,2,12000.00,0.00,24000.00
5000000302,1000000235,20240115,2,321,2,1,2,15000.00,0.00,30000.00
5000000303,1000000236,20240115,1,215,2,1,2,12000.00,0.00,24000.00
5000000304,1000000237,20240115,1,221,2,1,1,12000.00,0.00,12000.00
5000000307,1000000239,20240115,2,102,2,1,2,15000.00,0.00,30000.00
5000000313,1000000243,20240115,1,546,2,4,1,12000.00,1200.00,10800.00
5000000314,1000000243,20240115,2,546,2,4,2,15000.00,3000.00,27000.00
5000000315,1000000244,20240115,2,710,2,3,1,15000.00,0.00,15000.00
5000000316,1000000245,20240115,2,320,2,3,1,15000.00,0.00,15000.00
5000000320,1000000248,20240115,2,51,2,1,2,15000.00,0.00,30000.00
5000000326,1000000253,20240116,2,602,2,4,2,15000.00,0.00,30000.00
5000000330,1000000257,20240116,1,508,2,2,2,12000.00,0.00,24000.00
5000000331,1000000257,20240116,2,508,2,2,1,15000.00,0.00,15000.00
5000000332,1000000258,20240116,1,415,2,3,2,12000.00,0.00,24000.00
5000000333,1000000258,20240116,2,415,2,3,2,15000.00,0.00,30000.00
5000000334,1000000259,20240116,1,458,2,1,1,12000.00,0.00,12000.00
5000000335,1000000260,20240116,2,395,2,1,3,15000.00,4500.00,40500.00
5000000336,1000000261,20240116,2,714,2,4,1,15000.00,0.00,15000.00
5000000341,1000000265,20240116,2,561,2,3,2,15000.00,0.00,30000.00
5000000342,1000000266,20240116,2,562,2,1,3,15000.00,0.00,45000.00
5000000343,1000000267,20240116,2,613,2,4,1,15000.00,0.00,15000.00
5000000348,1000000270,20240117,2,188,2,3,1,15000.00,0.00,15000.00
5000000351,1000000272,20240117,2,598,2,4,2,15000.00,0.00,30000.00
5000000352,1000000273,20240117,2,121,2,2,1,15000.00,0.00,15000.00
5000000356,1000000276,20240117,1,235,2,1,1,12000.00,0.00,12000.00
5000000357,1000000277,20240117,2,718,2,1,1,15000.00,0.00,15000.00
5000000359,1000000279,20240117,2,87,2,1,1,15000.00,0.00,15000.00
5000000360,1000000280,20240117,1,630,2,4,3,12000.00,0.00,36000.00
5000000372,1000000289,20240118,2,291,2,2,2,15000.00,0.00,30000.00
5000000375,1000000291,20240118,2,96,2,1,2,15000.00,0.00,30000.00
5000000376,1000000292,20240118,1,103,2,1,1,12000.00,1200.00,10800.00
5000000377,1000000292,20240118,2,103,2,1,1,15000.00,1500.00,13500.00
5000000381,1000000295,20240118,2,722,2,3,1,15000.00,0.00,15000.00
5000000382,1000000296,20240118,1,35,2,1,2,12000.00,0.00,24000.00
5000000383,1000000297,20240118,2,723,2,4,1,15000.00,0.00,15000.00
5000000384,1000000298,20240118,2,724,2,1,1,15000.00,0.00,15000.00
5000000386,1000000300,20240118,1,230,2,2,1,12000.00,0.00,12000.00
5000000387,1000000300,20240118,2,230,2,2,4,15000.00,0.00,60000.00
5000000394,1000000306,20240119,1,450,2,1,1,12000.00,0.00,12000.00
5000000395,1000000306,20240119,2,450,2,1,4,15000.00,0.00,60000.00
5000000396,1000000307,20240119,2,185,2,1,1,15000.00,0.00,15000.00
5000000397,1000000308,20240119,1,474,2,4,1,12000.00,0.00,12000.00
5000000398,1000000308,20240119,2,474,2,4,1,15000.00,0.00,15000.00
5000000406,1000000314,20240119,2,93,2,2,1,15000.00,0.00,15000.00
5000000409,1000000317,20240119,1,729,2,3,2,12000.00,0.00,24000.00
5000000410,1000000317,20240119,2,729,2,3,3,15000.00,0.00,45000.00
5000000412,1000000319,20240119,1,647,2,3,4,12000.00,0.00,48000.00
5000000417,1000000323,20240120,2,138,2,1,3,15000.00,0.00,45000.00
5000000418,1000000324,20240120,1,223,2,2,1,12000.00,0.00,12000.00
5000000419,1000000325,20240120,1,568,2,1,4,12000.00,0.00,48000.00
5000000420,1000000326,20240120,1,344,2,2,1,12000.00,0.00,12000.00
5000000421,1000000327,20240120,2,730,2,3,2,15000.00,0.00,30000.00
5000000422,1000000328,20240120,2,186,2,1,1,15000.00,0.00,15000.00
5000000424,1000000330,20240120,1,329,2,4,1,12000.00,0.00,12000.00
5000000425,1000000330,20240120,2,329,2,4,1,15000.00,0.00,15000.00
5000000426,1000000331,20240120,2,41,2,1,2,15000.00,0.00,30000.00
5000000427,1000000332,20240120,2,732,2,1,3,15000.00,0.00,45000.00
5000000428,1000000333,20240120,2,162,2,3,1,15000.00,0.00,15000.00
5000000444,1000000347,20240122,2,136,2,1,2,15000.00,0.00,30000.00
5000000445,1000000348,20240122,2,22,2,1,2,15000.00,0.00,30000.00
5000000447,1000000350,20240122,2,177,2,3,3,15000.00,0.00,45000.00
5000000448,1000000351,20240122,2,737,2,2,1,15000.00,0.00,15000.00
5000000449,1000000352,20240122,1,502,2,2,1,12000.00,0.00,12000.00
5000000450,1000000352,20240122,2,502,2,2,2,15000.00,0.00,30000.00
5000000452,1000000354,20240122,1,738,2,2,1,12000.00,0.00,12000.00
5000000453,1000000354,20240122,2,738,2,2,4,15000.00,0.00,60000.00
5000000454,1000000355,20240122,1,309,2,2,4,12000.00,0.00,48000.00
5000000464,1000000363,20240123,2,440,2,4,1,15000.00,0.00,15000.00
5000000466,1000000365,20240123,2,357,2,1,1,15000.00,0.00,15000.00
5000000467,1000000366,20240123,2,743,2,1,1,15000.00,0.00,15000.00
5000000470,1000000369,20240123,1,545,2,3,1,12000.00,0.00,12000.00
5000000472,1000000371,20240123,1,744,2,2,2,12000.00,0.00,24000.00
5000000475,1000000373,20240123,1,91,2,2,3,12000.00,0.00,36000.00
5000000477,1000000375,20240123,1,745,2,1,1,12000.00,0.00,12000.00
5000000478,1000000375,20240123,2,745,2,1,1,15000.00,0.00,15000.00
5000000483,1000000379,20240124,2,426,2,1,1,15000.00,0.00,15000.00
5000000484,1000000380,20240124,1,119,2,1,1,12000.00,0.00,12000.00
5000000485,1000000381,20240124,1,146,2,1,2,12000.00,0.00,24000.00
5000000487,1000000383,20240124,1,148,2,2,1,12000.00,0.00,12000.00
5000000492,1000000387,20240124,2,210,2,1,1,15000.00,0.00,15000.00
5000000493,1000000388,20240124,1,748,2,3,1,12000.00,0.00,12000.00
5000000495,1000000390,20240124,2,492,2,4,4,15000.00,0.00,60000.00
5000000498,1000000392,20240124,2,749,2,1,1,15000.00,0.00,15000.00
5000000499,1000000393,20240124,2,750,2,1,3,15000.00,0.00,45000.00
5000000501,1000000395,20240125,2,365,2,3,2,15000.00,0.00,30000.00
5000000502,1000000396,20240125,1,406,2,2,2,12000.00,0.00,24000.00
5000000503,1000000396,20240125,2,406,2,2,1,15000.00,0.00,15000.00
5000000505,1000000398,20240125,1,267,2,1,1,12000.00,0.00,12000.00
5000000506,1000000399,20240125,2,752,2,1,2,15000.00,0.00,30000.00
5000000507,1000000400,20240125,1,418,2,1,1,12000.00,1200.00,10800.00
5000000508,1000000400,20240125,2,418,2,1,2,15000.00,3000.00,27000.00
5000000509,1000000401,20240125,2,493,2,4,3,15000.00,0.00,45000.00
5000000518,1000000409,20240126,2,352,2,3,1,15000.00,0.00,15000.00
5000000519,1000000410,20240126,2,370,2,4,1,15000.00,0.00,15000.00
5000000522,1000000413,20240126,1,540,2,4,1,12000.00,0.00,12000.00
5000000523,1000000413,20240126,2,540,2,4,1,15000.00,0.00,15000.00
5000000524,1000000414,20240126,1,753,2,2,2,12000.00,0.00,24000.00
5000000525,1000000414,20240126,2,753,2,2,1,15000.00,0.00,15000.00
5000000528,1000000416,20240126,1,437,2,4,1,12000.00,0.00,12000.00
5000000529,1000000417,20240126,1,621,2,3,3,12000.00,0.00,36000.00
5000000530,1000000417,20240126,2,621,2,3,2,15000.00,0.00,30000.00
5000000531,1000000418,20240126,2,754,2,2,4,15000.00,0.00,60000.00
5000000532,1000000419,20240126,1,273,2,3,2,12000.00,0.00,24000.00
5000000539,1000000424,20240127,2,548,2,3,2,15000.00,0.00,30000.00
5000000540,1000000425,20240127,2,591,2,4,1,15000.00,0.00,15000.00
5000000541,1000000426,20240127,1,559,2,2,3,12000.00,0.00,36000.00
5000000542,1000000427,20240127,1,304,2,3,1,12000.00,0.00,12000.00
5000000543,1000000428,20240127,2,111,2,2,1,15000.00,0.00,15000.00
5000000545,1000000430,20240127,1,203,2,2,1,12000.00,0.00,12000.00
5000000546,1000000431,20240127,1,375,2,3,1,12000.00,0.00,12000.00
5000000547,1000000431,20240127,2,375,2,3,1,15000.00,0.00,15000.00
5000000549,1000000433,20240127,2,562,2,1,1,15000.00,0.00,15000.00
5000000550,1000000434,20240127,1,321,2,1,4,12000.00,0.00,48000.00
5000000551,1000000435,20240127,1,194,2,1,1,12000.00,0.00,12000.00
5000000552,1000000436,20240127,2,133,2,1,1,15000.00,0.00,15000.00
5000000553,1000000437,20240127,1,227,2,3,1,12000.00,0.00,12000.00
5000000554,1000000437,20240127,2,227,2,3,1,15000.00,0.00,15000.00
5000000556,1000000439,20240127,2,757,2,1,1,15000.00,0.00,15000.00
5000000557,1000000440,20240127,1,458,2,1,2,12000.00,0.00,24000.00
5000000559,1000000442,20240127,2,758,2,2,1,15000.00,0.00,15000.00
5000000578,1000000458,20240129,2,451,2,4,2,15000.00,0.00,30000.00
5000000579,1000000459,20240129,2,619,2,1,1,15000.00,0.00,15000.00
5000000580,1000000460,20240129,2,761,2,1,1,15000.00,0.00,15000.00
5000000583,1000000463,20240129,1,617,2,4,1,12000.00,0.00,12000.00
5000000585,1000000465,20240129,2,762,2,2,2,15000.00,0.00,30000.00
5000000586,1000000466,20240129,2,158,2,3,1,15000.00,0.00,15000.00
5000000587,1000000467,20240129,2,143,2,2,1,15000.00,0.00,15000.00
5000000588,1000000468,20240129,2,50,2,1,1,15000.00,0.00,15000.00
5000000589,1000000469,20240129,2,117,2,2,2,15000.00,0.00,30000.00
5000000595,1000000475,20240130,1,145,2,2,1,12000.00,0.00,12000.00
5000000596,1000000476,20240130,1,763,2,2,3,12000.00,0.00,36000.00
5000000597,1000000477,20240130,2,515,2,3,2,15000.00,0.00,30000.00
5000000599,1000000479,20240130,2,560,2,2,2,15000.00,0.00,30000.00
5000000600,1000000480,20240130,2,101,2,2,2,15000.00,0.00,30000.00
5000000604,1000000484,20240130,1,245,2,2,1,12000.00,1200.00,10800.00
5000000612,1000000490,20240131,2,40,2,1,1,15000.00,0.00,15000.00
5000000616,1000000493,20240131,2,641,2,3,1,15000.00,0.00,15000.00
5000000618,1000000495,20240131,1,769,2,3,1,12000.00,0.00,12000.00
5000000619,1000000496,20240131,2,546,2,4,2,15000.00,0.00,30000.00
5000000620,1000000497,20240131,2,770,2,1,1,15000.00,0.00,15000.00
5000000621,1000000498,20240131,1,628,2,3,3,12000.00,0.00,36000.00
5000000622,1000000499,20240131,2,466,2,1,2,15000.00,0.00,30000.00
5000000623,1000000500,20240131,2,286,2,3,2,15000.00,0.00,30000.00
5000000624,1000000501,20240131,1,771,2,2,1,12000.00,0.00,12000.00
5000000627,1000000504,20240131,1,471,2,2,1,12000.00,1200.00,10800.00
5000000628,1000000504,20240131,2,471,2,2,1,15000.00,1500.00,13500.00
5000000635,1000000511,20240201,1,773,2,1,7,12000.00,12600.00,71400.00
5000000636,1000000512,20240201,2,301,2,1,4,15000.00,0.00,60000.00
5000000637,1000000513,20240201,2,774,2,2,1,15000.00,0.00,15000.00
5000000638,1000000514,20240201,1,311,2,3,2,12000.00,0.00,24000.00
5000000639,1000000514,20240201,2,311,2,3,2,15000.00,0.00,30000.00
5000000642,1000000516,20240201,2,776,2,1,1,15000.00,0.00,15000.00
5000000644,1000000518,20240201,1,501,2,2,3,12000.00,0.00,36000.00
5000000645,1000000519,20240201,1,276,2,2,1,12000.00,0.00,12000.00
5000000646,1000000519,20240201,2,276,2,2,1,15000.00,0.00,15000.00
5000000647,1000000520,20240201,2,38,2,1,2,15000.00,0.00,30000.00
5000000648,1000000521,20240201,1,75,2,1,1,12000.00,0.00,12000.00
5000000649,1000000521,20240201,2,75,2,1,3,15000.00,0.00,45000.00
5000000651,1000000523,20240201,1,295,2,3,1,12000.00,0.00,12000.00
5000000656,1000000527,20240202,1,585,2,2,3,12000.00,0.00,36000.00
5000000657,1000000527,20240202,2,585,2,2,1,15000.00,0.00,15000.00
5000000658,1000000528,20240202,1,777,2,4,2,12000.00,0.00,24000.00
5000000659,1000000528,20240202,2,777,2,4,2,15000.00,0.00,30000.00
5000000660,1000000529,20240202,2,724,2,1,2,15000.00,0.00,30000.00
5000000661,1000000530,20240202,2,376,2,4,1,15000.00,0.00,15000.00
5000000662,1000000531,20240202,2,288,2,3,1,15000.00,0.00,15000.00
5000000664,1000000533,20240202,1,87,2,1,2,12000.00,2400.00,21600.00
5000000666,1000000535,20240202,2,778,2,1,4,15000.00,0.00,60000.00
5000000667,1000000536,20240202,1,744,2,2,1,12000.00,1200.00,10800.00
5000000668,1000000536,20240202,2,744,2,2,1,15000.00,1500.00,13500.00
5000000669,1000000537,20240202,2,187,2,2,2,15000.00,0.00,30000.00
5000000670,1000000538,20240202,1,677,2,3,1,12000.00,0.00,12000.00
5000000671,1000000538,20240202,2,677,2,3,1,15000.00,0.00,15000.00
5000000672,1000000539,20240202,2,434,2,4,1,15000.00,0.00,15000.00
5000000680,1000000546,20240202,1,213,2,3,3,12000.00,0.00,36000.00
5000000683,1000000548,20240202,1,538,2,4,1,12000.00,1200.00,10800.00
5000000685,1000000550,20240203,2,374,2,1,3,15000.00,0.00,45000.00
5000000686,1000000551,20240203,1,318,2,3,1,12000.00,0.00,12000.00
5000000689,1000000554,20240203,1,292,2,4,1,12000.00,0.00,12000.00
5000000690,1000000555,20240203,1,539,2,1,4,12000.00,0.00,48000.00
5000000691,1000000555,20240203,2,539,2,1,1,15000.00,0.00,15000.00
5000000693,1000000557,20240203,2,551,2,3,1,15000.00,0.00,15000.00
5000000697,1000000560,20240203,1,511,2,4,1,12000.00,0.00,12000.00
5000000698,1000000561,20240203,2,331,2,2,1,15000.00,0.00,15000.00
5000000699,1000000562,20240203,1,550,2,2,2,12000.00,0.00,24000.00
5000000700,1000000562,20240203,2,550,2,2,1,15000.00,0.00,15000.00
5000000704,1000000565,20240203,1,516,2,3,11,12000.00,19800.00,112200.00
5000000705,1000000565,20240203,2,516,2,3,9,15000.00,20250.00,114750.00
5000000722,1000000580,20240205,1,265,2,1,1,12000.00,0.00,12000.00
5000000723,1000000580,20240205,2,265,2,1,1,15000.00,0.00,15000.00
5000000725,1000000582,20240205,1,320,2,3,1,12000.00,0.00,12000.00
5000000728,1000000584,20240205,1,580,2,3,1,12000.00,0.00,12000.00
5000000745,1000000598,20240206,2,338,2,1,1,15000.00,0.00,15000.00
5000000746,1000000599,20240206,1,502,2,2,1,12000.00,0.00,12000.00
5000000747,1000000599,20240206,2,502,2,2,1,15000.00,0.00,15000.00
5000000748,1000000600,20240206,1,266,2,1,2,12000.00,0.00,24000.00
5000000751,1000000603,20240206,1,795,2,2,1,12000.00,0.00,12000.00
5000000752,1000000604,20240206,1,297,2,3,2,12000.00,0.00,24000.00
5000000753,1000000605,20240206,2,656,2,1,3,15000.00,0.00,45000.00
5000000758,1000000608,20240206,1,95,2,2,1,12000.00,0.00,12000.00
5000000762,1000000612,20240207,2,76,2,2,2,15000.00,0.00,30000.00
5000000764,1000000614,20240207,2,395,2,1,1,15000.00,0.00,15000.00
5000000766,1000000616,20240207,1,111,2,2,1,12000.00,1200.00,10800.00
5000000767,1000000617,20240207,2,121,2,2,1,15000.00,0.00,15000.00
5000000770,1000000620,20240208,1,137,2,1,1,12000.00,0.00,12000.00
5000000771,1000000620,20240208,2,137,2,1,1,15000.00,0.00,15000.00
5000000772,1000000621,20240208,1,242,2,3,4,12000.00,0.00,48000.00
5000000773,1000000622,20240208,2,307,2,4,4,15000.00,0.00,60000.00
5000000774,1000000623,20240208,1,239,2,3,1,12000.00,0.00,12000.00
5000000775,1000000623,20240208,2,239,2,3,1,15000.00,0.00,15000.00
5000000776,1000000624,20240208,2,93,2,2,4,15000.00,0.00,60000.00
5000000777,1000000625,20240208,1,454,2,2,3,12000.00,0.00,36000.00
5000000778,1000000626,20240208,1,565,2,3,2,12000.00,0.00,24000.00
5000000779,1000000627,20240208,1,541,2,3,1,12000.00,0.00,12000.00
5000000780,1000000628,20240208,2,619,2,1,3,15000.00,0.00,45000.00
5000000781,1000000629,20240208,2,390,2,3,2,15000.00,0.00,30000.00
5000000782,1000000630,20240208,1,344,2,2,1,12000.00,0.00,12000.00
5000000789,1000000637,20240209,2,798,2,3,4,15000.00,0.00,60000.00
5000000790,1000000638,20240209,1,472,2,2,2,12000.00,0.00,24000.00
5000000791,1000000638,20240209,2,472,2,2,1,15000.00,0.00,15000.00
5000000792,1000000639,20240209,2,181,2,1,2,15000.00,0.00,30000.00
5000000794,1000000641,20240209,1,453,2,3,2,12000.00,0.00,24000.00
5000000795,1000000642,20240209,2,235,2,1,1,15000.00,0.00,15000.00
5000000796,1000000643,20240209,2,79,2,2,2,15000.00,0.00,30000.00
5000000808,1000000653,20240210,1,754,2,4,1,12000.00,0.00,12000.00
5000000809,1000000654,20240210,2,801,2,4,1,15000.00,0.00,15000.00
5000000813,1000000658,20240210,1,803,2,1,1,12000.00,0.00,12000.00
5000000814,1000000659,20240210,1,568,2,1,1,12000.00,0.00,12000.00
5000000815,1000000660,20240210,2,555,2,2,4,15000.00,0.00,60000.00
5000000816,1000000661,20240210,2,587,2,4,4,15000.00,6000.00,54000.00
5000000817,1000000662,20240210,2,327,2,4,1,15000.00,0.00,15000.00
5000000818,1000000663,20240210,2,459,2,3,1,15000.00,0.00,15000.00
5000000819,1000000664,20240210,2,212,2,1,3,15000.00,0.00,45000.00
5000000822,1000000666,20240210,2,689,2,1,3,15000.00,0.00,45000.00
5000000823,1000000667,20240210,1,535,2,4,2,12000.00,0.00,24000.00
5000000847,1000000689,20240212,2,601,2,4,1,15000.00,0.00,15000.00
5000000848,1000000690,20240212,2,40,2,1,1,15000.00,0.00,15000.00
5000000849,1000000691,20240212,1,441,2,2,1,12000.00,1200.00,10800.00
5000000850,1000000692,20240212,1,345,2,4,1,12000.00,0.00,12000.00
5000000856,1000000698,20240213,2,559,2,2,2,15000.00,0.00,30000.00
5000000857,1000000699,20240213,1,807,2,1,4,12000.00,0.00,48000.00
5000000858,1000000700,20240213,1,808,2,1,2,12000.00,2400.00,21600.00
5000000860,1000000702,20240213,1,102,2,1,2,12000.00,0.00,24000.00
5000000862,1000000704,20240213,1,455,2,2,3,12000.00,0.00,36000.00
5000000863,1000000705,20240213,2,605,2,3,1,15000.00,1500.00,13500.00
5000000867,1000000709,20240213,2,250,2,3,1,15000.00,0.00,15000.00
5000000870,1000000711,20240213,1,75,2,1,1,12000.00,0.00,12000.00
5000000871,1000000712,20240213,1,91,2,2,3,12000.00,0.00,36000.00
5000000872,1000000712,20240213,2,91,2,2,4,15000.00,0.00,60000.00
5000000879,1000000718,20240214,2,727,2,1,4,15000.00,0.00,60000.00
5000000881,1000000720,20240214,1,415,2,3,1,12000.00,0.00,12000.00
5000000882,1000000721,20240214,1,442,2,2,2,12000.00,0.00,24000.00
5000000883,1000000721,20240214,2,442,2,2,2,15000.00,0.00,30000.00
5000000885,1000000723,20240214,2,393,2,1,1,15000.00,1500.00,13500.00
5000000896,1000000732,20240215,1,51,2,1,14,12000.00,25200.00,142800.00
5000000897,1000000733,20240215,1,814,2,1,1,12000.00,0.00,12000.00
5000000900,1000000736,20240215,1,265,2,1,1,12000.00,0.00,12000.00
5000000901,1000000736,20240215,2,265,2,1,2,15000.00,0.00,30000.00
5000000902,1000000737,20240215,2,815,2,1,2,15000.00,0.00,30000.00
5000000903,1000000738,20240215,1,617,2,4,1,12000.00,0.00,12000.00
5000000904,1000000738,20240215,2,617,2,4,1,15000.00,0.00,15000.00
5000000905,1000000739,20240215,1,196,2,1,1,12000.00,0.00,12000.00
5000000907,1000000741,20240215,1,185,2,1,2,12000.00,0.00,24000.00
5000000917,1000000749,20240216,1,349,2,4,1,12000.00,0.00,12000.00
5000000919,1000000751,20240216,2,818,2,4,1,15000.00,0.00,15000.00
5000000920,1000000752,20240216,1,688,2,2,1,12000.00,0.00,12000.00
5000000921,1000000753,20240216,1,247,2,1,1,12000.00,0.00,12000.00
5000000922,1000000754,20240216,1,445,2,4,1,12000.00,0.00,12000.00
5000000923,1000000755,20240216,2,819,2,4,3,15000.00,0.00,45000.00
5000000924,1000000756,20240216,1,37,2,1,1,12000.00,0.00,12000.00
5000000925,1000000756,20240216,2,37,2,1,1,15000.00,0.00,15000.00
5000000927,1000000758,20240216,2,290,2,3,1,15000.00,0.00,15000.00
5000000928,1000000759,20240216,1,450,2,1,1,12000.00,0.00,12000.00
5000000929,1000000759,20240216,2,450,2,1,1,15000.00,0.00,15000.00
5000000930,1000000760,20240216,1,267,2,1,1,12000.00,0.00,12000.00
5000000931,1000000761,20240216,1,209,2,1,3,12000.00,0.00,36000.00
5000000932,1000000761,20240216,2,209,2,1,2,15000.00,0.00,30000.00
5000000934,1000000763,20240216,2,306,2,1,1,15000.00,1500.00,13500.00
5000000936,1000000765,20240216,2,763,2,2,1,15000.00,0.00,15000.00
5000000937,1000000766,20240216,1,613,2,4,1,12000.00,0.00,12000.00
5000000938,1000000766,20240216,2,613,2,4,2,15000.00,0.00,30000.00
5000000939,1000000767,20240216,1,375,2,3,1,12000.00,0.00,12000.00
5000000940,1000000767,20240216,2,375,2,3,3,15000.00,0.00,45000.00
5000000954,1000000778,20240217,1,773,2,3,2,12000.00,0.00,24000.00
5000000955,1000000778,20240217,2,773,2,3,2,15000.00,0.00,30000.00
5000000957,1000000780,20240217,1,825,2,1,1,12000.00,0.00,12000.00
5000000958,1000000780,20240217,2,825,2,1,1,15000.00,0.00,15000.00
5000000959,1000000781,20240217,1,273,2,3,1,12000.00,0.00,12000.00
5000000960,1000000781,20240217,2,273,2,3,1,15000.00,0.00,15000.00
5000000961,1000000782,20240217,2,718,2,1,1,15000.00,0.00,15000.00
5000000962,1000000783,20240217,2,503,2,3,1,15000.00,0.00,15000.00
5000000963,1000000784,20240217,2,448,2,4,2,15000.00,0.00,30000.00
5000000964,1000000785,20240217,2,493,2,4,1,15000.00,0.00,15000.00
5000000965,1000000786,20240217,1,583,2,4,2,12000.00,0.00,24000.00
5000000966,1000000787,20240217,2,175,2,3,2,15000.00,0.00,30000.00
5000000967,1000000788,20240217,2,594,2,4,3,15000.00,0.00,45000.00
5000000968,1000000789,20240217,1,153,2,2,1,12000.00,0.00,12000.00
5000000970,1000000791,20240217,2,188,2,3,1,15000.00,0.00,15000.00
5000000971,1000000792,20240217,2,516,2,3,1,15000.00,0.00,15000.00
5000000973,1000000794,20240217,1,475,2,2,1,12000.00,0.00,12000.00
5000000976,1000000797,20240217,2,321,2,1,1,15000.00,0.00,15000.00
5000000979,1000000800,20240217,1,829,2,3,1,12000.00,1200.00,10800.00
5000000980,1000000801,20240217,1,830,2,4,1,12000.00,0.00,12000.00
5000000981,1000000802,20240217,1,512,2,2,1,12000.00,0.00,12000.00
5000001003,1000000821,20240219,1,834,2,1,1,12000.00,0.00,12000.00
5000001004,1000000822,20240219,1,627,2,3,2,12000.00,0.00,24000.00
5000001005,1000000823,20240219,2,50,2,1,1,15000.00,0.00,15000.00
5000001006,1000000824,20240219,1,57,2,1,1,12000.00,1200.00,10800.00
5000001007,1000000824,20240219,2,57,2,1,1,15000.00,1500.00,13500.00
5000001008,1000000825,20240219,1,280,2,2,1,12000.00,1200.00,10800.00
5000001010,1000000827,20240219,1,562,2,1,3,12000.00,0.00,36000.00
5000001014,1000000831,20240219,1,198,2,1,1,12000.00,0.00,12000.00
5000001018,1000000835,20240219,2,838,2,1,1,15000.00,0.00,15000.00
5000001019,1000000836,20240219,1,187,2,2,3,12000.00,0.00,36000.00
5000001033,1000000849,20240220,1,326,2,4,3,12000.00,0.00,36000.00
5000001037,1000000852,20240220,2,841,2,2,1,15000.00,0.00,15000.00
5000001038,1000000853,20240220,1,588,2,2,4,12000.00,0.00,48000.00
5000001040,1000000855,20240220,1,842,2,3,1,12000.00,0.00,12000.00
5000001042,1000000857,20240220,1,766,2,1,2,12000.00,0.00,24000.00
5000001051,1000000865,20240221,1,406,2,2,1,12000.00,1200.00,10800.00
5000001052,1000000866,20240221,1,634,2,4,2,12000.00,2400.00,21600.00
5000001053,1000000867,20240221,1,307,2,4,1,12000.00,0.00,12000.00
5000001054,1000000867,20240221,2,307,2,4,2,15000.00,0.00,30000.00
5000001055,1000000868,20240221,1,596,2,1,1,12000.00,0.00,12000.00
5000001060,1000000872,20240221,1,848,2,4,1,12000.00,0.00,12000.00
5000001061,1000000872,20240221,2,848,2,4,2,15000.00,0.00,30000.00
5000001065,1000000876,20240221,1,163,2,2,1,12000.00,0.00,12000.00
5000001066,1000000876,20240221,2,163,2,2,1,15000.00,0.00,15000.00
5000001069,1000000878,20240221,1,256,2,1,1,12000.00,0.00,12000.00
5000001070,1000000879,20240221,1,454,2,2,4,12000.00,0.00,48000.00
5000001071,1000000880,20240221,2,701,2,4,3,15000.00,0.00,45000.00
5000001073,1000000882,20240221,1,236,2,2,1,12000.00,0.00,12000.00
5000001075,1000000884,20240221,1,295,2,3,1,12000.00,0.00,12000.00
5000001076,1000000884,20240221,2,295,2,3,1,15000.00,0.00,15000.00
5000001078,1000000886,20240221,1,426,2,1,1,12000.00,0.00,12000.00
5000001079,1000000887,20240221,1,646,2,4,1,12000.00,0.00,12000.00
5000001080,1000000887,20240221,2,646,2,4,1,15000.00,0.00,15000.00
5000001081,1000000888,20240221,1,850,2,3,2,12000.00,0.00,24000.00
5000001085,1000000891,20240222,1,531,2,4,2,12000.00,0.00,24000.00
5000001087,1000000893,20240222,1,218,2,1,1,12000.00,0.00,12000.00
5000001088,1000000894,20240222,2,133,2,1,2,15000.00,0.00,30000.00
5000001089,1000000895,20240222,1,146,2,1,2,12000.00,0.00,24000.00
5000001090,1000000896,20240222,2,177,2,3,1,15000.00,0.00,15000.00
5000001093,1000000899,20240222,2,554,2,3,1,15000.00,0.00,15000.00
5000001094,1000000900,20240222,2,598,2,4,1,15000.00,1500.00,13500.00
5000001095,1000000901,20240222,1,519,2,3,1,12000.00,1200.00,10800.00
5000001099,1000000904,20240222,1,205,2,3,1,12000.00,0.00,12000.00
5000001108,1000000912,20240223,2,291,2,2,2,15000.00,0.00,30000.00
5000001111,1000000915,20240223,1,857,2,1,1,12000.00,0.00,12000.00
5000001112,1000000916,20240223,1,752,2,1,1,12000.00,0.00,12000.00
5000001113,1000000917,20240223,2,536,2,3,1,15000.00,0.00,15000.00
5000001114,1000000918,20240223,1,431,2,1,1,12000.00,0.00,12000.00
5000001116,1000000920,20240223,1,387,2,2,2,12000.00,0.00,24000.00
5000001117,1000000920,20240223,2,387,2,2,1,15000.00,0.00,15000.00
5000001120,1000000922,20240223,1,604,2,3,3,12000.00,0.00,36000.00
5000001121,1000000922,20240223,2,604,2,3,3,15000.00,0.00,45000.00
5000001122,1000000923,20240223,1,665,2,3,2,12000.00,0.00,24000.00
5000001123,1000000923,20240223,2,665,2,3,2,15000.00,0.00,30000.00
5000001124,1000000924,20240223,2,859,2,2,4,15000.00,0.00,60000.00
5000001125,1000000925,20240223,2,860,2,3,3,15000.00,0.00,45000.00
5000001128,1000000928,20240223,1,444,2,1,2,12000.00,0.00,24000.00
5000001129,1000000929,20240223,1,614,2,3,2,12000.00,0.00,24000.00
5000001132,1000000931,20240223,1,862,2,4,1,12000.00,0.00,12000.00
5000001133,1000000932,20240223,2,266,2,1,2,15000.00,0.00,30000.00
5000001134,1000000933,20240223,2,728,2,1,1,15000.00,0.00,15000.00
5000001140,1000000939,20240224,1,477,2,3,2,12000.00,0.00,24000.00
5000001141,1000000940,20240224,2,864,2,3,4,15000.00,0.00,60000.00
5000001142,1000000941,20240224,1,710,2,3,1,12000.00,0.00,12000.00
5000001143,1000000942,20240224,2,491,2,2,2,15000.00,0.00,30000.00
5000001144,1000000943,20240224,1,584,2,3,3,12000.00,0.00,36000.00
5000001145,1000000944,20240224,1,368,2,2,1,12000.00,0.00,12000.00
5000001146,1000000945,20240224,2,224,2,3,4,15000.00,0.00,60000.00
5000001147,1000000946,20240224,1,758,2,2,1,12000.00,0.00,12000.00
5000001148,1000000946,20240224,2,758,2,2,1,15000.00,0.00,15000.00
5000001152,1000000949,20240224,2,96,2,1,2,15000.00,0.00,30000.00
5000001154,1000000951,20240224,1,79,2,2,2,12000.00,0.00,24000.00
5000001155,1000000952,20240224,1,865,2,1,2,12000.00,0.00,24000.00
5000001156,1000000953,20240224,1,866,2,3,3,12000.00,0.00,36000.00
5000001157,1000000954,20240224,1,311,2,3,1,12000.00,0.00,12000.00
5000001158,1000000955,20240224,1,867,2,3,1,12000.00,0.00,12000.00
5000001159,1000000956,20240224,1,518,2,2,1,12000.00,0.00,12000.00
5000001160,1000000956,20240224,2,518,2,2,1,15000.00,0.00,15000.00
5000001161,1000000957,20240224,1,287,2,1,1,12000.00,0.00,12000.00
5000001162,1000000958,20240224,2,463,2,3,2,15000.00,0.00,30000.00
5000001163,1000000959,20240224,1,492,2,4,3,12000.00,0.00,36000.00
5000001164,1000000960,20240224,1,868,2,2,2,12000.00,0.00,24000.00
5000001165,1000000960,20240224,2,868,2,2,4,15000.00,0.00,60000.00
5000001166,1000000961,20240224,2,319,2,3,1,15000.00,0.00,15000.00
5000001167,1000000962,20240224,1,799,2,1,1,12000.00,0.00,12000.00
5000001170,1000000964,20240224,2,548,2,3,2,15000.00,0.00,30000.00
5000001171,1000000965,20240224,2,285,2,2,2,15000.00,0.00,30000.00
5000001173,1000000967,20240224,2,481,2,4,2,15000.00,0.00,30000.00
5000001202,1000000991,20240226,1,418,2,1,1,12000.00,0.00,12000.00
5000001203,1000000991,20240226,2,418,2,1,3,15000.00,0.00,45000.00
5000001204,1000000992,20240226,2,610,2,4,2,15000.00,0.00,30000.00
5000001206,1000000994,20240226,1,683,2,4,1,12000.00,0.00,12000.00
5000001211,1000000999,20240226,2,873,2,1,1,15000.00,0.00,15000.00
5000001214,1000001002,20240226,2,875,2,3,1,15000.00,0.00,15000.00
5000001230,1000001014,20240227,2,466,2,1,1,15000.00,0.00,15000.00
5000001235,1000001018,20240227,1,882,2,1,1,12000.00,0.00,12000.00
5000001236,1000001018,20240227,2,882,2,1,2,15000.00,0.00,30000.00
5000001237,1000001019,20240227,1,517,2,4,2,12000.00,0.00,24000.00
5000001238,1000001019,20240227,2,517,2,4,1,15000.00,0.00,15000.00
5000001239,1000001020,20240227,2,194,2,1,1,15000.00,1500.00,13500.00
5000001244,1000001025,20240228,2,601,2,4,1,15000.00,0.00,15000.00
5000001245,1000001026,20240228,1,337,2,3,2,12000.00,0.00,24000.00
5000001247,1000001028,20240228,1,617,2,4,1,12000.00,0.00,12000.00
5000001248,1000001029,20240228,2,686,2,3,1,15000.00,0.00,15000.00
5000001249,1000001030,20240228,1,485,2,3,2,12000.00,0.00,24000.00
5000001250,1000001030,20240228,2,485,2,3,1,15000.00,0.00,15000.00
5000001253,1000001032,20240228,2,145,2,2,2,15000.00,0.00,30000.00
5000001255,1000001034,20240228,1,887,2,4,1,12000.00,0.00,12000.00
5000001256,1000001034,20240228,2,887,2,4,2,15000.00,0.00,30000.00
5000001258,1000001036,20240228,2,434,2,4,1,15000.00,0.00,15000.00
5000001260,1000001038,20240228,1,430,2,4,1,12000.00,0.00,12000.00
5000001261,1000001039,20240228,2,235,2,1,4,15000.00,0.00,60000.00
5000001262,1000001040,20240228,1,693,2,1,15,12000.00,27000.00,153000.00
5000001263,1000001040,20240228,2,693,2,1,9,15000.00,20250.00,114750.00
5000001264,1000001041,20240228,2,245,2,2,2,15000.00,0.00,30000.00
5000001266,1000001043,20240228,1,186,2,1,1,12000.00,0.00,12000.00
5000001267,1000001043,20240228,2,186,2,1,4,15000.00,0.00,60000.00
5000001268,1000001044,20240228,1,41,2,1,1,12000.00,0.00,12000.00
5000001269,1000001044,20240228,2,41,2,1,2,15000.00,0.00,30000.00
5000001272,1000001047,20240228,1,445,2,4,1,12000.00,0.00,12000.00
5000001273,1000001047,20240228,2,445,2,4,1,15000.00,0.00,15000.00
5000001281,1000001053,20240229,1,618,2,4,3,12000.00,0.00,36000.00
5000001282,1000001054,20240229,1,890,2,4,3,12000.00,0.00,36000.00
5000001283,1000001055,20240229,1,891,2,2,1,12000.00,0.00,12000.00
5000001285,1000001057,20240229,2,892,2,1,3,15000.00,0.00,45000.00
5000001286,1000001058,20240229,2,502,2,2,2,15000.00,0.00,30000.00
5000001289,1000001060,20240229,1,102,2,1,1,12000.00,0.00,12000.00
5000001296,1000001067,20240301,2,896,2,2,1,15000.00,0.00,15000.00
5000001297,1000001068,20240301,1,749,2,1,2,12000.00,0.00,24000.00
5000001298,1000001068,20240301,2,749,2,1,1,15000.00,0.00,15000.00
5000001299,1000001069,20240301,2,494,2,1,4,15000.00,0.00,60000.00
5000001301,1000001071,20240301,1,771,2,2,3,12000.00,0.00,36000.00
5000001302,1000001072,20240301,1,331,2,2,1,12000.00,0.00,12000.00
5000001303,1000001073,20240301,1,897,2,2,1,12000.00,0.00,12000.00
5000001304,1000001074,20240301,1,801,2,4,2,12000.00,0.00,24000.00
5000001305,1000001074,20240301,2,801,2,4,2,15000.00,0.00,30000.00
5000001306,1000001075,20240301,1,419,2,1,3,12000.00,0.00,36000.00
5000001307,1000001076,20240301,1,544,2,4,2,12000.00,0.00,24000.00
5000001308,1000001076,20240301,2,544,2,4,1,15000.00,0.00,15000.00
5000001309,1000001077,20240301,1,841,2,2,13,12000.00,23400.00,132600.00
5000001314,1000001081,20240301,1,365,2,3,3,12000.00,0.00,36000.00
5000001315,1000001082,20240301,2,900,2,4,1,15000.00,1500.00,13500.00
5000001317,1000001084,20240301,1,261,2,2,3,12000.00,3600.00,32400.00
5000001318,1000001085,20240301,1,127,2,2,1,12000.00,0.00,12000.00
5000001320,1000001087,20240301,2,901,2,1,2,15000.00,0.00,30000.00
5000001321,1000001088,20240301,1,303,2,3,2,12000.00,0.00,24000.00
5000001324,1000001091,20240301,2,903,2,2,1,15000.00,0.00,15000.00
5000001332,1000001098,20240302,1,907,2,3,2,12000.00,0.00,24000.00
5000001333,1000001098,20240302,2,907,2,3,1,15000.00,0.00,15000.00
5000001334,1000001099,20240302,2,210,2,1,2,15000.00,0.00,30000.00
5000001336,1000001101,20240302,1,232,2,2,1,12000.00,0.00,12000.00
5000001337,1000001102,20240302,1,133,2,1,2,12000.00,0.00,24000.00
5000001338,1000001103,20240302,1,591,2,4,4,12000.00,4800.00,43200.00
5000001339,1000001104,20240302,2,280,2,2,1,15000.00,0.00,15000.00
5000001340,1000001105,20240302,2,761,2,1,3,15000.00,0.00,45000.00
5000001341,1000001106,20240302,1,164,2,1,2,12000.00,0.00,24000.00
5000001342,1000001107,20240302,1,908,2,4,1,12000.00,0.00,12000.00
5000001343,1000001107,20240302,2,908,2,4,2,15000.00,0.00,30000.00
5000001344,1000001108,20240302,1,219,2,3,1,12000.00,0.00,12000.00
5000001347,1000001110,20240302,2,616,2,3,1,15000.00,0.00,15000.00
5000001350,1000001113,20240302,1,660,2,1,2,12000.00,0.00,24000.00
5000001351,1000001114,20240302,1,352,2,3,2,12000.00,0.00,24000.00
5000001352,1000001114,20240302,2,352,2,3,1,15000.00,0.00,15000.00
5000001353,1000001115,20240302,1,212,2,1,2,12000.00,0.00,24000.00
5000001354,1000001116,20240302,2,320,2,3,1,15000.00,0.00,15000.00
5000001355,1000001117,20240302,1,910,2,2,2,12000.00,0.00,24000.00
5000001356,1000001117,20240302,2,910,2,2,2,15000.00,0.00,30000.00
5000001358,1000001119,20240302,2,435,2,4,1,15000.00,0.00,15000.00
5000001359,1000001120,20240302,1,141,2,1,1,12000.00,0.00,12000.00
5000001384,1000001143,20240304,1,917,2,1,1,12000.00,1200.00,10800.00
5000001390,1000001149,20240304,2,388,2,4,2,15000.00,0.00,30000.00
5000001391,1000001150,20240304,1,919,2,1,2,12000.00,0.00,24000.00
5000001392,1000001150,20240304,2,919,2,1,1,15000.00,0.00,15000.00
5000001393,1000001151,20240304,1,585,2,2,1,12000.00,0.00,12000.00
5000001400,1000001158,20240304,2,432,2,4,1,15000.00,0.00,15000.00
5000001401,1000001159,20240304,1,921,2,2,1,12000.00,0.00,12000.00
5000001413,1000001168,20240305,1,510,2,3,2,12000.00,2400.00,21600.00
5000001414,1000001169,20240305,1,769,2,3,1,12000.00,0.00,12000.00
5000001417,1000001172,20240305,1,924,2,1,2,12000.00,0.00,24000.00
5000001419,1000001174,20240305,1,393,2,1,1,12000.00,0.00,12000.00
5000001420,1000001174,20240305,2,393,2,1,1,15000.00,0.00,15000.00
5000001422,1000001176,20240305,1,302,2,3,3,12000.00,0.00,36000.00
5000001423,1000001177,20240305,1,732,2,1,2,12000.00,0.00,24000.00
5000001424,1000001178,20240305,1,385,2,3,1,12000.00,1200.00,10800.00
5000001426,1000001180,20240306,1,371,2,2,1,12000.00,0.00,12000.00
5000001429,1000001182,20240306,1,503,2,3,2,12000.00,0.00,24000.00
5000001430,1000001183,20240306,2,562,2,1,1,15000.00,0.00,15000.00
5000001431,1000001184,20240306,1,286,2,3,1,12000.00,0.00,12000.00
5000001432,1000001185,20240306,1,640,2,1,2,12000.00,0.00,24000.00
5000001433,1000001186,20240306,1,474,2,4,2,12000.00,0.00,24000.00
5000001434,1000001187,20240306,2,101,2,2,1,15000.00,0.00,15000.00
5000001435,1000001188,20240306,2,590,2,1,1,15000.00,0.00,15000.00
5000001436,1000001189,20240306,1,751,2,3,3,12000.00,0.00,36000.00
5000001437,1000001190,20240306,2,487,2,2,1,15000.00,0.00,15000.00
5000001439,1000001192,20240306,1,925,2,2,1,12000.00,0.00,12000.00
5000001440,1000001193,20240306,1,422,2,3,1,12000.00,0.00,12000.00
5000001441,1000001193,20240306,2,422,2,3,1,15000.00,0.00,15000.00
5000001443,1000001195,20240306,1,143,2,2,1,12000.00,1200.00,10800.00
5000001444,1000001196,20240306,1,446,2,4,2,12000.00,0.00,24000.00
5000001445,1000001196,20240306,2,446,2,4,3,15000.00,0.00,45000.00
5000001446,1000001197,20240306,1,741,2,2,1,12000.00,0.00,12000.00
5000001448,1000001199,20240307,1,205,2,3,1,12000.00,0.00,12000.00
5000001449,1000001200,20240307,1,927,2,3,2,12000.00,0.00,24000.00
5000001452,1000001203,20240307,1,203,2,2,1,12000.00,0.00,12000.00
5000001453,1000001204,20240307,2,451,2,4,1,15000.00,0.00,15000.00
5000001454,1000001205,20240307,1,556,2,4,1,12000.00,0.00,12000.00
5000001455,1000001205,20240307,2,556,2,4,1,15000.00,0.00,15000.00
5000001456,1000001206,20240307,1,850,2,3,1,12000.00,0.00,12000.00
5000001457,1000001206,20240307,2,850,2,3,2,15000.00,0.00,30000.00
5000001458,1000001207,20240307,1,753,2,2,2,12000.00,0.00,24000.00
5000001459,1000001207,20240307,2,753,2,2,1,15000.00,0.00,15000.00
5000001460,1000001208,20240307,2,928,2,1,1,15000.00,0.00,15000.00
5000001464,1000001211,20240307,2,327,2,4,2,15000.00,0.00,30000.00
5000001465,1000001212,20240307,2,929,2,3,4,15000.00,0.00,60000.00
5000001466,1000001213,20240308,1,379,2,1,3,12000.00,0.00,36000.00
5000001467,1000001213,20240308,2,379,2,1,1,15000.00,0.00,15000.00
5000001468,1000001214,20240308,2,135,2,1,2,15000.00,0.00,30000.00
5000001470,1000001216,20240308,1,75,2,1,1,12000.00,0.00,12000.00
5000001471,1000001216,20240308,2,75,2,1,1,15000.00,0.00,15000.00
5000001472,1000001217,20240308,2,931,2,4,1,15000.00,0.00,15000.00
5000001473,1000001218,20240308,1,163,2,2,1,12000.00,0.00,12000.00
5000001475,1000001220,20240308,1,332,2,3,1,12000.00,0.00,12000.00
5000001476,1000001221,20240308,1,262,2,2,4,12000.00,0.00,48000.00
5000001479,1000001224,20240308,2,174,2,2,2,15000.00,0.00,30000.00
5000001480,1000001225,20240308,2,535,2,4,2,15000.00,3000.00,27000.00
5000001489,1000001232,20240309,1,247,2,1,2,12000.00,0.00,24000.00
5000001490,1000001232,20240309,2,247,2,1,1,15000.00,0.00,15000.00
5000001491,1000001233,20240309,1,188,2,3,11,12000.00,19800.00,112200.00
5000001496,1000001237,20240309,1,663,2,1,2,12000.00,0.00,24000.00
5000001497,1000001238,20240309,2,545,2,3,2,15000.00,0.00,30000.00
5000001498,1000001239,20240309,1,936,2,4,3,12000.00,0.00,36000.00
5000001499,1000001240,20240309,1,883,2,2,1,12000.00,0.00,12000.00
5000001500,1000001241,20240309,2,561,2,3,1,15000.00,0.00,15000.00
5000001501,1000001242,20240309,1,525,2,2,1,12000.00,0.00,12000.00
5000001502,1000001243,20240309,1,529,2,1,4,12000.00,0.00,48000.00
5000001503,1000001244,20240309,1,937,2,1,2,12000.00,0.00,24000.00
5000001505,1000001246,20240309,1,439,2,1,1,12000.00,0.00,12000.00
5000001506,1000001247,20240309,2,825,2,1,6,15000.00,13500.00,76500.00
5000001509,1000001249,20240309,1,402,2,3,1,12000.00,0.00,12000.00
5000001522,1000001260,20240311,1,501,2,2,1,12000.00,0.00,12000.00
5000001523,1000001261,20240311,1,387,2,2,1,12000.00,0.00,12000.00
5000001524,1000001261,20240311,2,387,2,2,1,15000.00,0.00,15000.00
5000001527,1000001264,20240311,1,945,2,2,2,12000.00,0.00,24000.00
5000001528,1000001264,20240311,2,945,2,2,1,15000.00,0.00,15000.00
5000001531,1000001267,20240311,2,287,2,1,1,15000.00,0.00,15000.00
5000001533,1000001269,20240311,1,511,2,4,1,12000.00,0.00,12000.00
5000001534,1000001269,20240311,2,511,2,4,1,15000.00,0.00,15000.00
5000001538,1000001273,20240312,2,842,2,3,1,15000.00,0.00,15000.00
5000001539,1000001274,20240312,1,949,2,3,1,12000.00,0.00,12000.00
5000001541,1000001276,20240312,1,867,2,3,1,12000.00,0.00,12000.00
5000001544,1000001278,20240312,1,727,2,1,3,12000.00,0.00,36000.00
5000001547,1000001281,20240312,1,160,2,1,2,12000.00,0.00,24000.00
5000001552,1000001286,20240312,1,890,2,4,2,12000.00,0.00,24000.00
5000001553,1000001287,20240312,2,512,2,2,3,15000.00,0.00,45000.00
5000001559,1000001292,20240313,1,301,2,1,1,12000.00,0.00,12000.00
5000001565,1000001297,20240313,1,953,2,2,1,12000.00,0.00,12000.00
5000001566,1000001298,20240313,1,448,2,4,1,12000.00,0.00,12000.00
5000001569,1000001301,20240313,1,114,2,2,1,12000.00,0.00,12000.00
5000001570,1000001302,20240313,2,235,2,1,2,15000.00,0.00,30000.00
5000001572,1000001304,20240313,2,954,2,2,4,15000.00,6000.00,54000.00
5000001581,1000001311,20240314,2,127,2,2,4,15000.00,0.00,60000.00
5000001584,1000001314,20240314,1,907,2,3,1,12000.00,0.00,12000.00
5000001585,1000001315,20240314,2,291,2,2,2,15000.00,0.00,30000.00
5000001586,1000001316,20240314,1,835,2,2,1,12000.00,0.00,12000.00
5000001587,1000001317,20240314,1,389,2,1,3,12000.00,0.00,36000.00
5000001588,1000001317,20240314,2,389,2,1,2,15000.00,0.00,30000.00
5000001589,1000001318,20240314,2,627,2,3,2,15000.00,0.00,30000.00
5000001590,1000001319,20240314,1,957,2,2,2,12000.00,0.00,24000.00
5000001591,1000001319,20240314,2,957,2,2,1,15000.00,0.00,15000.00
5000001592,1000001320,20240314,1,434,2,4,1,12000.00,0.00,12000.00
5000001593,1000001321,20240314,2,91,2,2,1,15000.00,0.00,15000.00
5000001594,1000001322,20240314,2,239,2,3,2,15000.00,3000.00,27000.00
5000001595,1000001323,20240315,1,194,2,1,1,12000.00,0.00,12000.00
5000001596,1000001324,20240315,2,584,2,3,2,15000.00,0.00,30000.00
5000001597,1000001325,20240315,1,722,2,3,1,12000.00,0.00,12000.00
5000001598,1000001326,20240315,2,750,2,1,2,15000.00,0.00,30000.00
5000001599,1000001327,20240315,1,860,2,3,1,12000.00,0.00,12000.00
5000001600,1000001328,20240315,2,840,2,2,3,15000.00,0.00,45000.00
5000001602,1000001330,20240315,1,961,2,1,1,12000.00,0.00,12000.00
5000001604,1000001332,20240315,1,415,2,3,4,12000.00,0.00,48000.00
5000001605,1000001332,20240315,2,415,2,3,1,15000.00,0.00,15000.00
5000001606,1000001333,20240315,1,276,2,2,2,12000.00,0.00,24000.00
5000001608,1000001335,20240315,1,136,2,1,3,12000.00,0.00,36000.00
5000001609,1000001335,20240315,2,136,2,1,3,15000.00,0.00,45000.00
5000001614,1000001338,20240316,2,962,2,1,4,15000.00,0.00,60000.00
5000001616,1000001340,20240316,1,374,2,1,2,12000.00,0.00,24000.00
5000001620,1000001343,20240316,1,245,2,2,1,12000.00,0.00,12000.00
5000001621,1000001344,20240316,1,504,2,4,2,12000.00,0.00,24000.00
5000001622,1000001344,20240316,2,504,2,4,3,15000.00,0.00,45000.00
5000001623,1000001345,20240316,2,250,2,3,2,15000.00,0.00,30000.00
5000001624,1000001346,20240316,1,600,2,2,2,12000.00,0.00,24000.00
5000001625,1000001346,20240316,2,600,2,2,2,15000.00,0.00,30000.00
5000001626,1000001347,20240316,1,609,2,2,2,12000.00,0.00,24000.00
5000001627,1000001348,20240316,2,628,2,3,3,15000.00,0.00,45000.00
5000001628,1000001349,20240316,1,571,2,4,2,12000.00,0.00,24000.00
5000001642,1000001359,20240318,2,426,2,1,1,15000.00,1500.00,13500.00
5000001643,1000001360,20240318,1,8,2,1,2,12000.00,0.00,24000.00
5000001644,1000001360,20240318,2,8,2,1,1,15000.00,0.00,15000.00
5000001645,1000001361,20240318,1,966,2,2,2,12000.00,0.00,24000.00
5000001646,1000001361,20240318,2,966,2,2,1,15000.00,0.00,15000.00
5000001647,1000001362,20240318,1,346,2,4,2,12000.00,0.00,24000.00
5000001648,1000001363,20240318,1,548,2,3,1,12000.00,0.00,12000.00
5000001649,1000001364,20240318,1,783,2,1,1,12000.00,0.00,12000.00
5000001650,1000001365,20240318,1,769,2,3,3,12000.00,0.00,36000.00
5000001651,1000001366,20240318,2,455,2,2,1,15000.00,0.00,15000.00
5000001652,1000001367,20240318,1,665,2,3,2,12000.00,0.00,24000.00
5000001657,1000001371,20240318,1,208,2,3,2,12000.00,0.00,24000.00
5000001658,1000001371,20240318,2,208,2,3,1,15000.00,0.00,15000.00
5000001659,1000001372,20240318,1,968,2,3,1,12000.00,0.00,12000.00
5000001660,1000001372,20240318,2,968,2,3,1,15000.00,0.00,15000.00
5000001662,1000001374,20240318,1,198,2,1,2,12000.00,0.00,24000.00
5000001669,1000001379,20240319,2,971,2,1,1,15000.00,0.00,15000.00
5000001670,1000001380,20240319,1,458,2,1,1,12000.00,0.00,12000.00
5000001671,1000001380,20240319,2,458,2,1,1,15000.00,0.00,15000.00
5000001672,1000001381,20240319,2,921,2,2,1,15000.00,0.00,15000.00
5000001673,1000001382,20240319,1,972,2,1,1,12000.00,0.00,12000.00
5000001674,1000001383,20240319,2,686,2,3,1,15000.00,0.00,15000.00
5000001676,1000001385,20240319,2,380,2,3,2,15000.00,0.00,30000.00
5000001678,1000001387,20240319,2,453,2,3,2,15000.00,0.00,30000.00
5000001682,1000001390,20240319,1,848,2,4,1,12000.00,0.00,12000.00
5000001683,1000001391,20240319,1,574,2,4,1,12000.00,0.00,12000.00
5000001684,1000001392,20240319,1,111,2,2,2,12000.00,0.00,24000.00
5000001685,1000001392,20240319,2,111,2,2,1,15000.00,0.00,15000.00
5000001686,1000001393,20240319,2,975,2,1,3,15000.00,0.00,45000.00
5000001694,1000001400,20240320,1,347,2,2,2,12000.00,0.00,24000.00
5000001696,1000001402,20240320,2,528,2,4,1,15000.00,0.00,15000.00
5000001697,1000001403,20240320,1,718,2,1,1,12000.00,0.00,12000.00
5000001698,1000001403,20240320,2,718,2,1,4,15000.00,0.00,60000.00
5000001701,1000001405,20240320,1,516,2,3,3,12000.00,0.00,36000.00
5000001702,1000001405,20240320,2,516,2,3,2,15000.00,0.00,30000.00
5000001704,1000001407,20240320,1,365,2,3,2,12000.00,0.00,24000.00
5000001705,1000001407,20240320,2,365,2,3,3,15000.00,0.00,45000.00
5000001706,1000001408,20240320,1,560,2,2,3,12000.00,0.00,36000.00
5000001707,1000001409,20240320,1,385,2,3,2,12000.00,0.00,24000.00
5000001708,1000001410,20240320,1,264,2,2,1,12000.00,0.00,12000.00
5000001709,1000001411,20240320,2,793,2,2,1,15000.00,0.00,15000.00
5000001710,1000001412,20240320,1,308,2,2,3,12000.00,0.00,36000.00
5000001711,1000001412,20240320,2,308,2,2,2,15000.00,0.00,30000.00
5000001712,1000001413,20240320,2,466,2,1,1,15000.00,0.00,15000.00
5000001720,1000001420,20240321,2,555,2,2,4,15000.00,0.00,60000.00
5000001721,1000001421,20240321,1,753,2,2,2,12000.00,0.00,24000.00
5000001722,1000001421,20240321,2,753,2,2,3,15000.00,0.00,45000.00
5000001725,1000001424,20240321,1,979,2,2,1,12000.00,0.00,12000.00
5000001727,1000001426,20240321,2,163,2,2,1,15000.00,0.00,15000.00
5000001728,1000001427,20240321,1,981,2,2,2,12000.00,0.00,24000.00
5000001729,1000001427,20240321,2,981,2,2,3,15000.00,0.00,45000.00
5000001730,1000001428,20240321,2,605,2,3,1,15000.00,0.00,15000.00
5000001731,1000001429,20240321,1,917,2,1,1,12000.00,0.00,12000.00
5000001740,1000001436,20240322,1,834,2,3,2,12000.00,0.00,24000.00
5000001741,1000001437,20240322,1,766,2,1,4,12000.00,0.00,48000.00
5000001744,1000001440,20240322,1,707,2,2,1,12000.00,0.00,12000.00
5000001746,1000001442,20240322,2,689,2,1,2,15000.00,0.00,30000.00
5000001752,1000001447,20240323,2,929,2,3,1,15000.00,0.00,15000.00
5000001754,1000001449,20240323,1,376,2,4,1,12000.00,1200.00,10800.00
5000001755,1000001450,20240323,1,515,2,3,2,12000.00,0.00,24000.00
5000001757,1000001452,20240323,1,60,2,1,3,12000.00,0.00,36000.00
5000001758,1000001453,20240323,1,235,2,1,1,12000.00,1200.00,10800.00
5000001759,1000001454,20240323,2,114,2,2,1,15000.00,0.00,15000.00
5000001760,1000001455,20240323,1,131,2,1,2,12000.00,0.00,24000.00
5000001764,1000001459,20240323,1,987,2,2,4,12000.00,4800.00,43200.00
5000001765,1000001460,20240323,1,988,2,3,1,12000.00,0.00,12000.00
5000001767,1000001462,20240323,1,304,2,3,3,12000.00,0.00,36000.00
5000001768,1000001462,20240323,2,304,2,3,2,15000.00,0.00,30000.00
5000001769,1000001463,20240323,2,508,2,2,1,15000.00,0.00,15000.00
5000001787,1000001478,20240325,1,395,2,1,2,12000.00,0.00,24000.00
5000001788,1000001478,20240325,2,395,2,1,1,15000.00,0.00,15000.00
5000001792,1000001482,20240325,1,137,2,1,1,12000.00,0.00,12000.00
5000001793,1000001483,20240325,1,565,2,3,2,12000.00,0.00,24000.00
5000001794,1000001483,20240325,2,565,2,3,1,15000.00,0.00,15000.00
5000001795,1000001484,20240325,2,541,2,3,1,15000.00,0.00,15000.00
5000001799,1000001487,20240326,2,993,2,3,2,15000.00,0.00,30000.00
5000001802,1000001489,20240326,1,994,2,1,1,12000.00,0.00,12000.00
5000001803,1000001490,20240326,1,319,2,3,1,12000.00,0.00,12000.00
5000001804,1000001491,20240326,2,877,2,2,1,15000.00,0.00,15000.00
5000001811,1000001496,20240326,1,698,2,2,2,12000.00,0.00,24000.00
5000001822,1000001504,20240326,1,937,2,1,1,12000.00,0.00,12000.00
5000001823,1000001504,20240326,2,937,2,1,1,15000.00,0.00,15000.00
5000001834,1000001511,20240327,1,897,2,2,2,12000.00,0.00,24000.00
5000001835,1000001511,20240327,2,897,2,2,1,15000.00,0.00,15000.00
5000001837,1000001513,20240327,2,617,2,4,1,15000.00,0.00,15000.00
5000001838,1000001514,20240327,2,221,2,1,1,15000.00,0.00,15000.00
5000001840,1000001516,20240327,1,210,2,1,2,12000.00,0.00,24000.00
5000001842,1000001518,20240327,2,1000,2,1,1,15000.00,0.00,15000.00
5000001846,1000001522,20240327,2,643,2,3,2,15000.00,0.00,30000.00
5000001855,1000001529,20240328,2,600,2,2,2,15000.00,0.00,30000.00
5000001856,1000001530,20240328,2,1004,2,4,2,15000.00,0.00,30000.00
5000001857,1000001531,20240328,1,1005,2,1,1,12000.00,0.00,12000.00
5000001858,1000001531,20240328,2,1005,2,1,3,15000.00,0.00,45000.00
5000001862,1000001534,20240328,2,160,2,1,1,15000.00,0.00,15000.00
5000001865,1000001537,20240328,2,701,2,4,1,15000.00,0.00,15000.00
5000001872,1000001542,20240329,1,727,2,1,2,12000.00,0.00,24000.00
5000001873,1000001543,20240329,1,688,2,2,1,12000.00,0.00,12000.00
5000001874,1000001543,20240329,2,688,2,2,1,15000.00,0.00,15000.00
5000001875,1000001544,20240329,1,723,2,4,1,12000.00,0.00,12000.00
5000001876,1000001545,20240329,1,779,2,1,4,12000.00,0.00,48000.00
5000001877,1000001546,20240329,2,830,2,4,1,15000.00,0.00,15000.00
5000001880,1000001548,20240329,1,485,2,3,1,12000.00,0.00,12000.00
5000001881,1000001549,20240329,1,224,2,3,4,12000.00,0.00,48000.00
5000001882,1000001550,20240329,2,1010,2,3,1,15000.00,0.00,15000.00
5000001883,1000001551,20240329,1,1011,2,2,2,12000.00,0.00,24000.00
5000001884,1000001552,20240329,2,510,2,3,2,15000.00,0.00,30000.00
5000001886,1000001554,20240329,2,891,2,2,1,15000.00,0.00,15000.00
5000001891,1000001559,20240330,1,598,2,4,1,12000.00,0.00,12000.00
5000001892,1000001560,20240330,2,619,2,1,1,15000.00,0.00,15000.00
5000001893,1000001561,20240330,1,265,2,1,2,12000.00,0.00,24000.00
5000001894,1000001562,20240330,2,1014,2,2,2,15000.00,0.00,30000.00
5000001897,1000001565,20240330,2,1015,2,3,2,15000.00,0.00,30000.00
5000001898,1000001566,20240330,1,618,2,4,2,12000.00,0.00,24000.00
5000001900,1000001568,20240330,2,329,2,4,2,15000.00,0.00,30000.00
5000001903,1000001571,20240330,1,795,2,2,2,12000.00,0.00,24000.00
5000001930,1000001592,20240401,1,285,2,2,1,12000.00,0.00,12000.00
5000001936,1000001597,20240401,1,346,2,4,1,12000.00,0.00,12000.00
5000001937,1000001598,20240401,2,829,2,3,1,15000.00,0.00,15000.00
5000001940,1000001601,20240401,1,1024,2,4,1,12000.00,0.00,12000.00
5000001941,1000001601,20240401,2,1024,2,4,3,15000.00,0.00,45000.00
5000001945,1000001604,20240401,1,341,2,4,2,12000.00,0.00,24000.00
5000001946,1000001604,20240401,2,341,2,4,2,15000.00,0.00,30000.00
5000001947,1000001605,20240401,1,729,2,3,2,12000.00,0.00,24000.00
5000001950,1000001607,20240401,1,1025,2,3,1,12000.00,0.00,12000.00
5000001951,1000001608,20240401,1,458,2,1,2,12000.00,0.00,24000.00
5000001952,1000001608,20240401,2,458,2,1,1,15000.00,0.00,15000.00
5000001954,1000001610,20240401,1,662,2,3,3,12000.00,0.00,36000.00
5000001955,1000001610,20240401,2,662,2,3,1,15000.00,0.00,15000.00
5000001960,1000001613,20240401,1,352,2,3,3,12000.00,0.00,36000.00
5000001963,1000001616,20240402,1,953,2,2,2,12000.00,0.00,24000.00
5000001964,1000001617,20240402,2,660,2,1,2,15000.00,0.00,30000.00
5000001965,1000001618,20240402,1,521,2,4,3,12000.00,0.00,36000.00
5000001966,1000001618,20240402,2,521,2,4,2,15000.00,0.00,30000.00
5000001967,1000001619,20240402,1,535,2,4,3,12000.00,0.00,36000.00
5000001968,1000001619,20240402,2,535,2,4,1,15000.00,0.00,15000.00
5000001976,1000001626,20240403,1,693,2,1,2,12000.00,0.00,24000.00
5000001979,1000001629,20240403,1,850,2,3,1,12000.00,0.00,12000.00
5000001980,1000001630,20240403,1,588,2,2,2,12000.00,0.00,24000.00
5000001981,1000001630,20240403,2,588,2,2,1,15000.00,0.00,15000.00
5000001982,1000001631,20240403,1,121,2,2,4,12000.00,0.00,48000.00
5000001983,1000001632,20240403,1,989,2,3,2,12000.00,0.00,24000.00
5000001990,1000001639,20240404,1,640,2,1,1,12000.00,0.00,12000.00
5000001991,1000001639,20240404,2,640,2,1,2,15000.00,0.00,30000.00
5000001994,1000001642,20240404,2,1031,2,3,2,15000.00,0.00,30000.00
5000001995,1000001643,20240404,1,326,2,4,1,12000.00,0.00,12000.00
5000001996,1000001644,20240404,1,961,2,1,1,12000.00,0.00,12000.00
5000001998,1000001646,20240404,1,196,2,1,1,12000.00,0.00,12000.00
5000001999,1000001647,20240404,2,626,2,1,1,15000.00,0.00,15000.00
5000002003,1000001650,20240404,1,738,2,2,1,12000.00,1200.00,10800.00
5000002004,1000001650,20240404,2,738,2,2,2,15000.00,3000.00,27000.00
5000002012,1000001656,20240405,1,302,2,3,3,12000.00,0.00,36000.00
5000002013,1000001656,20240405,2,302,2,3,1,15000.00,0.00,15000.00
5000002014,1000001657,20240405,1,132,2,2,2,12000.00,0.00,24000.00
5000002017,1000001660,20240405,2,236,2,2,4,15000.00,0.00,60000.00
5000002018,1000001661,20240405,1,345,2,4,2,12000.00,0.00,24000.00
5000002019,1000001661,20240405,2,345,2,4,1,15000.00,0.00,15000.00
5000002020,1000001662,20240405,1,1032,2,1,3,12000.00,0.00,36000.00
5000002021,1000001663,20240405,2,1033,2,2,4,15000.00,0.00,60000.00
5000002022,1000001664,20240405,2,370,2,4,1,15000.00,0.00,15000.00
5000002023,1000001665,20240405,1,605,2,3,4,12000.00,0.00,48000.00
5000002031,1000001673,20240406,1,320,2,3,4,12000.00,0.00,48000.00
5000002032,1000001673,20240406,2,320,2,3,1,15000.00,0.00,15000.00
5000002035,1000001676,20240406,1,1034,2,2,2,12000.00,0.00,24000.00
5000002036,1000001676,20240406,2,1034,2,2,1,15000.00,0.00,15000.00
5000002037,1000001677,20240406,1,925,2,2,4,12000.00,0.00,48000.00
5000002038,1000001678,20240406,1,1035,2,2,3,12000.00,0.00,36000.00
5000002039,1000001679,20240406,1,617,2,4,2,12000.00,0.00,24000.00
5000002040,1000001680,20240406,1,336,2,4,1,12000.00,0.00,12000.00
5000002041,1000001681,20240406,1,472,2,2,1,12000.00,0.00,12000.00
5000002042,1000001682,20240406,1,929,2,3,2,12000.00,0.00,24000.00
5000002043,1000001682,20240406,2,929,2,3,1,15000.00,0.00,15000.00
5000002044,1000001683,20240406,2,560,2,2,1,15000.00,0.00,15000.00
5000002045,1000001684,20240406,1,536,2,3,1,12000.00,0.00,12000.00
5000000000,1000000000,20240101,1,425,1,,1,12000.00,0.00,12000.00
5000000001,1000000001,20240101,1,651,1,,3,12000.00,0.00,36000.00
5000000002,1000000002,20240101,2,572,1,,2,15000.00,0.00,30000.00
5000000003,1000000003,20240101,1,335,1,,2,12000.00,0.00,24000.00
5000000004,1000000004,20240101,2,49,1,,1,15000.00,0.00,15000.00
5000000005,1000000005,20240101,1,543,1,,1,12000.00,0.00,12000.00
5000000006,1000000005,20240101,2,543,1,,1,15000.00,0.00,15000.00
5000000007,1000000006,20240101,1,206,1,,2,12000.00,0.00,24000.00
5000000008,1000000006,20240101,2,206,1,,1,15000.00,0.00,15000.00
5000000009,1000000007,20240101,1,154,1,,1,12000.00,0.00,12000.00
5000000010,1000000008,20240101,1,202,1,,2,12000.00,0.00,24000.00
5000000011,1000000009,20240101,2,110,1,,1,15000.00,0.00,15000.00
5000000012,1000000010,20240101,2,122,1,,1,15000.00,0.00,15000.00
5000000013,1000000011,20240101,2,652,1,,1,15000.00,0.00,15000.00
5000000014,1000000012,20240101,1,44,1,,1,12000.00,0.00,12000.00
5000000015,1000000012,20240101,2,44,1,,4,15000.00,0.00,60000.00
5000000016,1000000013,20240101,1,615,1,,3,12000.00,0.00,36000.00
5000000017,1000000014,20240101,1,542,1,,1,12000.00,0.00,12000.00
5000000018,1000000014,20240101,2,542,1,,1,15000.00,0.00,15000.00
5000000019,1000000015,20240101,2,32,1,,1,15000.00,0.00,15000.00
5000000020,1000000016,20240102,1,398,1,,2,12000.00,0.00,24000.00
5000000021,1000000017,20240102,1,653,1,,2,12000.00,0.00,24000.00
5000000022,1000000018,20240102,2,322,1,,1,15000.00,0.00,15000.00
5000000023,1000000019,20240102,2,152,1,,1,15000.00,0.00,15000.00
5000000027,1000000022,20240102,1,164,1,,2,12000.00,0.00,24000.00
5000000031,1000000026,20240102,2,578,1,,1,15000.00,750.00,14250.00
5000000032,1000000027,20240102,1,260,1,,1,12000.00,0.00,12000.00
5000000033,1000000027,20240102,2,260,1,,1,15000.00,0.00,15000.00
5000000034,1000000028,20240102,2,434,1,,2,15000.00,0.00,30000.00
5000000035,1000000029,20240103,2,380,1,,1,15000.00,0.00,15000.00
5000000036,1000000030,20240103,1,130,1,,1,12000.00,600.00,11400.00
5000000038,1000000032,20240103,1,521,1,,2,12000.00,0.00,24000.00
5000000039,1000000032,20240103,2,521,1,,2,15000.00,0.00,30000.00
5000000044,1000000036,20240103,2,482,1,,1,15000.00,0.00,15000.00
5000000045,1000000037,20240103,2,176,1,,1,15000.00,0.00,15000.00
5000000048,1000000040,20240103,1,263,1,,2,12000.00,0.00,24000.00
5000000049,1000000040,20240103,2,263,1,,1,15000.00,0.00,15000.00
5000000051,1000000042,20240103,2,657,1,,1,15000.00,0.00,15000.00
5000000053,1000000044,20240103,1,468,1,,1,12000.00,0.00,12000.00
5000000054,1000000045,20240103,2,659,1,,2,15000.00,0.00,30000.00
5000000055,1000000046,20240103,2,439,1,,1,15000.00,0.00,15000.00
5000000056,1000000047,20240104,1,68,1,,2,12000.00,0.00,24000.00
5000000060,1000000050,20240104,2,567,1,,3,15000.00,2250.00,42750.00
5000000069,1000000056,20240104,1,242,1,,1,12000.00,600.00,11400.00
5000000070,1000000056,20240104,2,242,1,,1,15000.00,750.00,14250.00
5000000071,1000000057,20240104,1,663,1,,1,12000.00,0.00,12000.00
5000000074,1000000059,20240104,2,166,1,,1,15000.00,0.00,15000.00
5000000075,1000000060,20240105,1,502,1,,2,12000.00,0.00,24000.00
5000000076,1000000060,20240105,2,502,1,,2,15000.00,0.00,30000.00
5000000077,1000000061,20240105,2,81,1,,1,15000.00,0.00,15000.00
5000000078,1000000062,20240105,2,623,1,,1,15000.00,0.00,15000.00
5000000080,1000000064,20240105,1,26,1,,2,12000.00,0.00,24000.00
5000000081,1000000064,20240105,2,26,1,,2,15000.00,0.00,30000.00
5000000082,1000000065,20240105,1,381,1,,1,12000.00,0.00,12000.00
5000000083,1000000065,20240105,2,381,1,,3,15000.00,0.00,45000.00
5000000084,1000000066,20240105,2,625,1,,1,15000.00,0.00,15000.00
5000000085,1000000067,20240105,1,235,1,,3,12000.00,0.00,36000.00
5000000086,1000000067,20240105,2,235,1,,1,15000.00,0.00,15000.00
5000000087,1000000068,20240105,1,275,1,,2,12000.00,0.00,24000.00
5000000088,1000000069,20240105,1,664,1,,3,12000.00,0.00,36000.00
5000000089,1000000069,20240105,2,664,1,,1,15000.00,0.00,15000.00
5000000091,1000000071,20240105,1,666,1,,3,12000.00,0.00,36000.00
5000000092,1000000071,20240105,2,666,1,,2,15000.00,0.00,30000.00
5000000093,1000000072,20240105,1,667,1,,2,12000.00,0.00,24000.00
5000000094,1000000072,20240105,2,667,1,,1,15000.00,0.00,15000.00
5000000098,1000000075,20240105,1,668,1,,1,12000.00,0.00,12000.00
5000000099,1000000075,20240105,2,668,1,,2,15000.00,0.00,30000.00
5000000100,1000000076,20240105,1,669,1,,2,12000.00,0.00,24000.00
5000000103,1000000078,20240105,1,11,1,,1,12000.00,0.00,12000.00
5000000104,1000000078,20240105,2,11,1,,2,15000.00,0.00,30000.00
5000000105,1000000079,20240105,2,670,1,,3,15000.00,0.00,45000.00
5000000106,1000000080,20240105,1,411,1,,1,12000.00,0.00,12000.00
5000000107,1000000081,20240106,1,384,1,,1,12000.00,0.00,12000.00
5000000108,1000000081,20240106,2,384,1,,1,15000.00,0.00,15000.00
5000000109,1000000082,20240106,2,112,1,,1,15000.00,0.00,15000.00
5000000112,1000000084,20240106,1,14,1,,3,12000.00,0.00,36000.00
5000000113,1000000085,20240106,2,306,1,,1,15000.00,0.00,15000.00
5000000118,1000000089,20240106,1,671,1,,1,12000.00,0.00,12000.00
5000000120,1000000091,20240106,1,488,1,,2,12000.00,0.00,24000.00
5000000121,1000000091,20240106,2,488,1,,2,15000.00,0.00,30000.00
5000000129,1000000097,20240106,2,294,1,,2,15000.00,0.00,30000.00
5000000130,1000000098,20240107,1,672,1,,1,12000.00,0.00,12000.00
5000000131,1000000099,20240107,1,293,1,,2,12000.00,0.00,24000.00
5000000132,1000000100,20240107,1,225,1,,1,12000.00,0.00,12000.00
5000000133,1000000100,20240107,2,225,1,,1,15000.00,0.00,15000.00
5000000134,1000000101,20240107,2,673,1,,1,15000.00,0.00,15000.00
5000000135,1000000102,20240107,2,577,1,,1,15000.00,0.00,15000.00
5000000136,1000000103,20240107,2,630,1,,1,15000.00,0.00,15000.00
5000000137,1000000104,20240107,2,603,1,,1,15000.00,0.00,15000.00
5000000138,1000000105,20240107,2,457,1,,11,15000.00,24750.00,140250.00
5000000139,1000000106,20240107,2,149,1,,2,15000.00,0.00,30000.00
5000000140,1000000107,20240107,1,674,1,,2,12000.00,0.00,24000.00
5000000141,1000000108,20240107,1,28,1,,1,12000.00,0.00,12000.00
5000000142,1000000109,20240108,1,570,1,,1,12000.00,600.00,11400.00
5000000146,1000000112,20240108,2,328,1,,2,15000.00,0.00,30000.00
5000000147,1000000113,20240108,1,359,1,,1,12000.00,0.00,12000.00
5000000148,1000000113,20240108,2,359,1,,2,15000.00,0.00,30000.00
5000000149,1000000114,20240108,1,46,1,,2,12000.00,0.00,24000.00
5000000159,1000000122,20240109,2,173,1,,1,15000.00,1500.00,13500.00
5000000160,1000000123,20240109,1,438,1,,1,12000.00,0.00,12000.00
5000000161,1000000124,20240109,1,675,1,,1,12000.00,0.00,12000.00
5000000162,1000000125,20240109,1,676,1,,6,12000.00,10800.00,61200.00
5000000163,1000000126,20240109,1,526,1,,4,12000.00,0.00,48000.00
5000000164,1000000126,20240109,2,526,1,,1,15000.00,0.00,15000.00
5000000166,1000000128,20240109,1,61,1,,1,12000.00,0.00,12000.00
5000000167,1000000129,20240109,1,325,1,,1,12000.00,0.00,12000.00
5000000169,1000000131,20240109,2,159,1,,1,15000.00,1500.00,13500.00
5000000173,1000000135,20240109,1,75,1,,1,12000.00,0.00,12000.00
5000000174,1000000135,20240109,2,75,1,,3,15000.00,0.00,45000.00
5000000175,1000000136,20240109,1,678,1,,3,12000.00,0.00,36000.00
5000000176,1000000136,20240109,2,678,1,,1,15000.00,0.00,15000.00
5000000178,1000000138,20240109,1,534,1,,1,12000.00,0.00,12000.00
5000000181,1000000140,20240109,1,253,1,,2,12000.00,0.00,24000.00
5000000182,1000000140,20240109,2,253,1,,1,15000.00,0.00,15000.00
5000000183,1000000141,20240109,1,447,1,,2,12000.00,0.00,24000.00
5000000184,1000000142,20240109,1,680,1,,4,12000.00,0.00,48000.00
5000000185,1000000143,20240110,2,629,1,,4,15000.00,0.00,60000.00
5000000186,1000000144,20240110,2,13,1,,1,15000.00,0.00,15000.00
5000000187,1000000145,20240110,1,315,1,,1,12000.00,0.00,12000.00
5000000188,1000000145,20240110,2,315,1,,1,15000.00,0.00,15000.00
5000000189,1000000146,20240110,2,414,1,,1,15000.00,0.00,15000.00
5000000194,1000000149,20240110,2,681,1,,1,15000.00,0.00,15000.00
5000000200,1000000154,20240110,1,624,1,,1,12000.00,0.00,12000.00
5000000201,1000000154,20240110,2,624,1,,1,15000.00,0.00,15000.00
5000000202,1000000155,20240110,1,427,1,,1,12000.00,0.00,12000.00
5000000203,1000000156,20240110,1,612,1,,1,12000.00,0.00,12000.00
5000000204,1000000157,20240110,2,249,1,,1,15000.00,0.00,15000.00
5000000205,1000000158,20240111,2,184,1,,1,15000.00,0.00,15000.00
5000000206,1000000159,20240111,1,684,1,,1,12000.00,0.00,12000.00
5000000207,1000000159,20240111,2,684,1,,1,15000.00,0.00,15000.00
5000000208,1000000160,20240111,2,266,1,,3,15000.00,0.00,45000.00
5000000215,1000000166,20240111,1,480,1,,1,12000.00,0.00,12000.00
5000000216,1000000166,20240111,2,480,1,,1,15000.00,0.00,15000.00
5000000221,1000000170,20240111,2,687,1,,1,15000.00,0.00,15000.00
5000000222,1000000171,20240111,1,514,1,,1,12000.00,0.00,12000.00
5000000223,1000000172,20240111,2,3,1,,3,15000.00,0.00,45000.00
5000000226,1000000175,20240111,2,688,1,,4,15000.00,0.00,60000.00
5000000229,1000000177,20240111,2,350,1,,1,15000.00,0.00,15000.00
5000000230,1000000178,20240111,2,289,1,,1,15000.00,0.00,15000.00
5000000231,1000000179,20240111,1,690,1,,1,12000.00,600.00,11400.00
5000000232,1000000179,20240111,2,690,1,,1,15000.00,750.00,14250.00
5000000233,1000000180,20240111,2,127,1,,1,15000.00,0.00,15000.00
5000000234,1000000181,20240111,1,644,1,,3,12000.00,0.00,36000.00
5000000235,1000000181,20240111,2,644,1,,2,15000.00,0.00,30000.00
5000000236,1000000182,20240111,1,433,1,,3,12000.00,0.00,36000.00
5000000237,1000000182,20240111,2,433,1,,1,15000.00,0.00,15000.00
5000000238,1000000183,20240112,1,692,1,,1,12000.00,0.00,12000.00
5000000239,1000000184,20240112,1,403,1,,1,12000.00,0.00,12000.00
5000000241,1000000186,20240112,2,569,1,,2,15000.00,0.00,30000.00
5000000243,1000000188,20240112,1,169,1,,3,12000.00,0.00,36000.00
5000000244,1000000188,20240112,2,169,1,,1,15000.00,0.00,15000.00
5000000253,1000000195,20240112,2,696,1,,10,15000.00,22500.00,127500.00
5000000254,1000000196,20240113,1,128,1,,1,12000.00,0.00,12000.00
5000000255,1000000196,20240113,2,128,1,,2,15000.00,0.00,30000.00
5000000256,1000000197,20240113,2,366,1,,2,15000.00,0.00,30000.00
5000000262,1000000201,20240113,1,697,1,,4,12000.00,0.00,48000.00
5000000268,1000000205,20240113,1,700,1,,1,12000.00,0.00,12000.00
5000000269,1000000205,20240113,2,700,1,,2,15000.00,0.00,30000.00
5000000270,1000000206,20240113,2,36,1,,2,15000.00,0.00,30000.00
5000000276,1000000212,20240113,1,515,1,,3,12000.00,1800.00,34200.00
5000000277,1000000212,20240113,2,515,1,,1,15000.00,750.00,14250.00
5000000280,1000000215,20240113,2,611,1,,1,15000.00,0.00,15000.00
5000000281,1000000216,20240113,2,702,1,,1,15000.00,0.00,15000.00
5000000282,1000000217,20240113,2,510,1,,1,15000.00,0.00,15000.00
5000000283,1000000218,20240114,1,70,1,,1,12000.00,0.00,12000.00
5000000284,1000000219,20240114,2,552,1,,2,15000.00,0.00,30000.00
5000000285,1000000220,20240114,1,703,1,,1,12000.00,0.00,12000.00
5000000286,1000000221,20240114,1,596,1,,1,12000.00,0.00,12000.00
5000000287,1000000222,20240114,2,704,1,,2,15000.00,0.00,30000.00
5000000288,1000000223,20240114,1,348,1,,1,12000.00,0.00,12000.00
5000000289,1000000224,20240114,2,59,1,,1,15000.00,0.00,15000.00
5000000290,1000000225,20240114,1,29,1,,2,12000.00,0.00,24000.00
5000000291,1000000226,20240114,1,541,1,,1,12000.00,0.00,12000.00
5000000292,1000000226,20240114,2,541,1,,1,15000.00,0.00,15000.00
5000000293,1000000227,20240114,1,476,1,,1,12000.00,0.00,12000.00
5000000294,1000000228,20240114,2,705,1,,2,15000.00,0.00,30000.00
5000000295,1000000229,20240114,2,706,1,,1,15000.00,0.00,15000.00
5000000296,1000000230,20240115,1,505,1,,2,12000.00,0.00,24000.00
5000000297,1000000230,20240115,2,505,1,,2,15000.00,0.00,30000.00
5000000300,1000000233,20240115,1,708,1,,1,12000.00,0.00,12000.00
5000000301,1000000234,20240115,2,9,1,,1,15000.00,0.00,15000.00
5000000305,1000000238,20240115,1,576,1,,2,12000.00,0.00,24000.00
5000000306,1000000238,20240115,2,576,1,,3,15000.00,0.00,45000.00
5000000308,1000000240,20240115,1,467,1,,1,12000.00,0.00,12000.00
5000000309,1000000240,20240115,2,467,1,,1,15000.00,0.00,15000.00
5000000310,1000000241,20240115,1,62,1,,1,12000.00,0.00,12000.00
5000000311,1000000241,20240115,2,62,1,,2,15000.00,0.00,30000.00
5000000312,1000000242,20240115,2,108,1,,1,15000.00,0.00,15000.00
5000000317,1000000246,20240115,1,33,1,,2,12000.00,0.00,24000.00
5000000318,1000000246,20240115,2,33,1,,3,15000.00,0.00,45000.00
5000000319,1000000247,20240115,1,496,1,,1,12000.00,0.00,12000.00
5000000321,1000000249,20240115,1,642,1,,1,12000.00,0.00,12000.00
5000000322,1000000249,20240115,2,642,1,,1,15000.00,0.00,15000.00
5000000323,1000000250,20240115,1,711,1,,2,12000.00,0.00,24000.00
5000000324,1000000251,20240116,2,170,1,,1,15000.00,0.00,15000.00
5000000325,1000000252,20240116,2,712,1,,2,15000.00,0.00,30000.00
5000000327,1000000254,20240116,2,593,1,,1,15000.00,750.00,14250.00
5000000328,1000000255,20240116,2,713,1,,2,15000.00,0.00,30000.00
5000000329,1000000256,20240116,2,243,1,,1,15000.00,0.00,15000.00
5000000337,1000000262,20240116,1,604,1,,2,12000.00,0.00,24000.00
5000000338,1000000263,20240116,1,715,1,,2,12000.00,0.00,24000.00
5000000339,1000000263,20240116,2,715,1,,1,15000.00,0.00,15000.00
5000000340,1000000264,20240116,2,179,1,,1,15000.00,0.00,15000.00
5000000344,1000000268,20240116,1,717,1,,3,12000.00,0.00,36000.00
5000000345,1000000268,20240116,2,717,1,,1,15000.00,0.00,15000.00
5000000346,1000000269,20240116,1,716,1,,1,12000.00,0.00,12000.00
5000000347,1000000269,20240116,2,716,1,,1,15000.00,0.00,15000.00
5000000349,1000000271,20240117,1,423,1,,1,12000.00,0.00,12000.00
5000000350,1000000271,20240117,2,423,1,,2,15000.00,0.00,30000.00
5000000353,1000000274,20240117,2,78,1,,1,15000.00,0.00,15000.00
5000000354,1000000275,20240117,1,478,1,,1,12000.00,0.00,12000.00
5000000355,1000000275,20240117,2,478,1,,1,15000.00,0.00,15000.00
5000000358,1000000278,20240117,2,719,1,,2,15000.00,0.00,30000.00
5000000361,1000000281,20240117,2,112,1,,2,15000.00,0.00,30000.00
5000000362,1000000282,20240117,2,88,1,,1,15000.00,0.00,15000.00
5000000363,1000000283,20240117,1,649,1,,3,12000.00,0.00,36000.00
5000000364,1000000284,20240117,1,638,1,,1,12000.00,0.00,12000.00
5000000365,1000000285,20240117,1,244,1,,1,12000.00,0.00,12000.00
5000000366,1000000285,20240117,2,244,1,,1,15000.00,0.00,15000.00
5000000367,1000000286,20240118,2,582,1,,2,15000.00,0.00,30000.00
5000000368,1000000287,20240118,1,342,1,,1,12000.00,0.00,12000.00
5000000369,1000000287,20240118,2,342,1,,1,15000.00,0.00,15000.00
5000000370,1000000288,20240118,1,296,1,,1,12000.00,0.00,12000.00
5000000371,1000000288,20240118,2,296,1,,4,15000.00,0.00,60000.00
5000000373,1000000290,20240118,1,720,1,,1,12000.00,600.00,11400.00
5000000374,1000000290,20240118,2,720,1,,1,15000.00,750.00,14250.00
5000000378,1000000293,20240118,1,595,1,,1,12000.00,0.00,12000.00
5000000379,1000000294,20240118,1,721,1,,2,12000.00,0.00,24000.00
5000000380,1000000294,20240118,2,721,1,,1,15000.00,0.00,15000.00
5000000385,1000000299,20240118,2,725,1,,2,15000.00,0.00,30000.00
5000000388,1000000301,20240118,2,726,1,,1,15000.00,0.00,15000.00
5000000389,1000000302,20240118,2,90,1,,3,15000.00,0.00,45000.00
5000000390,1000000303,20240118,1,259,1,,3,12000.00,0.00,36000.00
5000000391,1000000303,20240118,2,259,1,,1,15000.00,0.00,15000.00
5000000392,1000000304,20240119,2,299,1,,1,15000.00,0.00,15000.00
5000000393,1000000305,20240119,1,42,1,,1,12000.00,0.00,12000.00
5000000399,1000000309,20240119,1,16,1,,3,12000.00,0.00,36000.00
5000000400,1000000309,20240119,2,16,1,,1,15000.00,0.00,15000.00
5000000401,1000000310,20240119,1,335,1,,1,12000.00,0.00,12000.00
5000000402,1000000310,20240119,2,335,1,,1,15000.00,0.00,15000.00
5000000403,1000000311,20240119,2,727,1,,4,15000.00,0.00,60000.00
5000000404,1000000312,20240119,1,383,1,,4,12000.00,0.00,48000.00
5000000405,1000000313,20240119,1,648,1,,2,12000.00,0.00,24000.00
5000000407,1000000315,20240119,2,283,1,,1,15000.00,0.00,15000.00
5000000408,1000000316,20240119,2,728,1,,3,15000.00,0.00,45000.00
5000000411,1000000318,20240119,2,251,1,,1,15000.00,0.00,15000.00
5000000413,1000000320,20240119,2,58,1,,1,15000.00,0.00,15000.00
5000000414,1000000321,20240119,1,2,1,,2,12000.00,0.00,24000.00
5000000415,1000000321,20240119,2,2,1,,1,15000.00,0.00,15000.00
5000000416,1000000322,20240120,1,27,1,,1,12000.00,0.00,12000.00
5000000423,1000000329,20240120,2,731,1,,3,15000.00,2250.00,42750.00
5000000429,1000000334,20240120,1,733,1,,2,12000.00,0.00,24000.00
5000000430,1000000334,20240120,2,733,1,,1,15000.00,0.00,15000.00
5000000431,1000000335,20240120,2,126,1,,1,15000.00,0.00,15000.00
5000000432,1000000336,20240120,1,734,1,,3,12000.00,0.00,36000.00
5000000433,1000000337,20240121,1,486,1,,1,12000.00,0.00,12000.00
5000000434,1000000338,20240121,2,408,1,,1,15000.00,0.00,15000.00
5000000435,1000000339,20240121,2,735,1,,1,15000.00,0.00,15000.00
5000000436,1000000340,20240121,2,281,1,,1,15000.00,0.00,15000.00
5000000437,1000000341,20240121,2,652,1,,6,15000.00,13500.00,76500.00
5000000438,1000000342,20240121,2,494,1,,1,15000.00,0.00,15000.00
5000000439,1000000343,20240121,1,497,1,,3,12000.00,0.00,36000.00
5000000440,1000000344,20240121,2,135,1,,1,15000.00,0.00,15000.00
5000000441,1000000345,20240121,2,514,1,,2,15000.00,0.00,30000.00
5000000442,1000000346,20240121,1,214,1,,1,12000.00,0.00,12000.00
5000000443,1000000346,20240121,2,214,1,,1,15000.00,0.00,15000.00
5000000446,1000000349,20240122,1,469,1,,1,12000.00,0.00,12000.00
5000000451,1000000353,20240122,2,233,1,,1,15000.00,0.00,15000.00
5000000455,1000000356,20240122,1,739,1,,3,12000.00,0.00,36000.00
5000000456,1000000357,20240122,1,107,1,,2,12000.00,0.00,24000.00
5000000457,1000000358,20240122,1,740,1,,1,12000.00,0.00,12000.00
5000000458,1000000358,20240122,2,740,1,,1,15000.00,0.00,15000.00
5000000459,1000000359,20240122,2,741,1,,1,15000.00,0.00,15000.00
5000000460,1000000360,20240122,1,7,1,,1,12000.00,0.00,12000.00
5000000461,1000000360,20240122,2,7,1,,3,15000.00,0.00,45000.00
5000000462,1000000361,20240123,1,200,1,,2,12000.00,2400.00,21600.00
5000000463,1000000362,20240123,1,742,1,,1,12000.00,0.00,12000.00
5000000465,1000000364,20240123,2,642,1,,1,15000.00,1500.00,13500.00
5000000468,1000000367,20240123,2,622,1,,1,15000.00,0.00,15000.00
5000000469,1000000368,20240123,1,269,1,,2,12000.00,0.00,24000.00
5000000471,1000000370,20240123,2,452,1,,1,15000.00,1500.00,13500.00
5000000473,1000000372,20240123,1,125,1,,2,12000.00,2400.00,21600.00
5000000474,1000000372,20240123,2,125,1,,2,15000.00,3000.00,27000.00
5000000476,1000000374,20240123,1,171,1,,1,12000.00,1200.00,10800.00
5000000479,1000000376,20240123,2,313,1,,1,15000.00,1500.00,13500.00
5000000480,1000000377,20240123,1,89,1,,1,12000.00,0.00,12000.00
5000000481,1000000377,20240123,2,89,1,,2,15000.00,0.00,30000.00
5000000482,1000000378,20240124,1,113,1,,1,12000.00,0.00,12000.00
5000000486,1000000382,20240124,1,746,1,,2,12000.00,0.00,24000.00
5000000488,1000000384,20240124,2,49,1,,3,15000.00,0.00,45000.00
5000000489,1000000385,20240124,1,482,1,,1,12000.00,0.00,12000.00
5000000490,1000000385,20240124,2,482,1,,2,15000.00,0.00,30000.00
5000000491,1000000386,20240124,1,747,1,,1,12000.00,0.00,12000.00
5000000494,1000000389,20240124,2,268,1,,3,15000.00,0.00,45000.00
5000000496,1000000391,20240124,1,279,1,,2,12000.00,0.00,24000.00
5000000497,1000000391,20240124,2,279,1,,1,15000.00,0.00,15000.00
5000000500,1000000394,20240124,2,65,1,,1,15000.00,0.00,15000.00
5000000504,1000000397,20240125,1,751,1,,4,12000.00,0.00,48000.00
5000000510,1000000402,20240125,1,513,1,,4,12000.00,0.00,48000.00
5000000511,1000000402,20240125,2,513,1,,2,15000.00,0.00,30000.00
5000000512,1000000403,20240125,1,505,1,,2,12000.00,0.00,24000.00
5000000513,1000000404,20240125,2,229,1,,1,15000.00,0.00,15000.00
5000000514,1000000405,20240125,2,115,1,,3,15000.00,0.00,45000.00
5000000515,1000000406,20240125,2,305,1,,2,15000.00,0.00,30000.00
5000000516,1000000407,20240126,1,302,1,,1,12000.00,0.00,12000.00
5000000517,1000000408,20240126,2,310,1,,1,15000.00,0.00,15000.00
5000000520,1000000411,20240126,2,46,1,,1,15000.00,0.00,15000.00
5000000521,1000000412,20240126,2,280,1,,1,15000.00,0.00,15000.00
5000000526,1000000415,20240126,1,32,1,,1,12000.00,600.00,11400.00
5000000527,1000000415,20240126,2,32,1,,1,15000.00,750.00,14250.00
5000000533,1000000420,20240126,2,161,1,,2,15000.00,0.00,30000.00
5000000534,1000000421,20240126,2,405,1,,2,15000.00,0.00,30000.00
5000000535,1000000422,20240127,1,755,1,,3,12000.00,0.00,36000.00
5000000536,1000000422,20240127,2,755,1,,3,15000.00,0.00,45000.00
5000000537,1000000423,20240127,1,144,1,,1,12000.00,0.00,12000.00
5000000538,1000000423,20240127,2,144,1,,1,15000.00,0.00,15000.00
5000000544,1000000429,20240127,2,425,1,,1,15000.00,0.00,15000.00
5000000548,1000000432,20240127,1,20,1,,1,12000.00,0.00,12000.00
5000000555,1000000438,20240127,1,756,1,,1,12000.00,0.00,12000.00
5000000558,1000000441,20240127,1,430,1,,3,12000.00,0.00,36000.00
5000000560,1000000443,20240127,1,509,1,,3,12000.00,0.00,36000.00
5000000561,1000000443,20240127,2,509,1,,2,15000.00,0.00,30000.00
5000000562,1000000444,20240127,2,69,1,,1,15000.00,0.00,15000.00
5000000563,1000000445,20240127,1,263,1,,1,12000.00,0.00,12000.00
5000000564,1000000446,20240127,1,118,1,,4,12000.00,0.00,48000.00
5000000565,1000000446,20240127,2,118,1,,2,15000.00,0.00,30000.00
5000000566,1000000447,20240127,1,404,1,,4,12000.00,0.00,48000.00
5000000567,1000000448,20240128,1,363,1,,1,12000.00,0.00,12000.00
5000000568,1000000449,20240128,2,217,1,,1,15000.00,0.00,15000.00
5000000569,1000000450,20240128,2,52,1,,1,15000.00,0.00,15000.00
5000000570,1000000451,20240128,1,308,1,,1,12000.00,600.00,11400.00
5000000571,1000000452,20240128,1,676,1,,2,12000.00,0.00,24000.00
5000000572,1000000453,20240128,1,432,1,,1,12000.00,0.00,12000.00
5000000573,1000000454,20240128,1,759,1,,2,12000.00,0.00,24000.00
5000000574,1000000455,20240128,1,122,1,,1,12000.00,600.00,11400.00
5000000575,1000000456,20240128,2,340,1,,1,15000.00,0.00,15000.00
5000000576,1000000457,20240128,1,192,1,,1,12000.00,0.00,12000.00
5000000577,1000000457,20240128,2,192,1,,1,15000.00,0.00,15000.00
5000000581,1000000461,20240129,1,149,1,,1,12000.00,0.00,12000.00
5000000582,1000000462,20240129,2,378,1,,2,15000.00,0.00,30000.00
5000000584,1000000464,20240129,1,410,1,,4,12000.00,0.00,48000.00
5000000590,1000000470,20240129,2,564,1,,3,15000.00,0.00,45000.00
5000000591,1000000471,20240129,2,354,1,,2,15000.00,0.00,30000.00
5000000592,1000000472,20240130,1,586,1,,2,12000.00,0.00,24000.00
5000000593,1000000473,20240130,1,77,1,,1,12000.00,0.00,12000.00
5000000594,1000000474,20240130,2,278,1,,2,15000.00,0.00,30000.00
5000000598,1000000478,20240130,1,764,1,,1,12000.00,0.00,12000.00
5000000601,1000000481,20240130,2,765,1,,1,15000.00,0.00,15000.00
5000000602,1000000482,20240130,2,766,1,,1,15000.00,750.00,14250.00
5000000603,1000000483,20240130,2,116,1,,2,15000.00,0.00,30000.00
5000000605,1000000485,20240130,1,767,1,,2,12000.00,0.00,24000.00
5000000606,1000000486,20240130,1,67,1,,1,12000.00,0.00,12000.00
5000000607,1000000486,20240130,2,67,1,,1,15000.00,0.00,15000.00
5000000608,1000000487,20240130,1,768,1,,1,12000.00,0.00,12000.00
5000000609,1000000488,20240130,1,142,1,,2,12000.00,0.00,24000.00
5000000610,1000000488,20240130,2,142,1,,1,15000.00,0.00,15000.00
5000000611,1000000489,20240130,2,394,1,,2,15000.00,0.00,30000.00
5000000613,1000000491,20240131,1,438,1,,2,12000.00,0.00,24000.00
5000000614,1000000491,20240131,2,438,1,,2,15000.00,0.00,30000.00
5000000615,1000000492,20240131,2,552,1,,1,15000.00,0.00,15000.00
5000000617,1000000494,20240131,2,325,1,,1,15000.00,0.00,15000.00
5000000625,1000000502,20240131,2,134,1,,1,15000.00,0.00,15000.00
5000000626,1000000503,20240131,1,72,1,,1,12000.00,0.00,12000.00
5000000629,1000000505,20240131,2,518,1,,4,15000.00,0.00,60000.00
5000000630,1000000506,20240131,1,527,1,,1,12000.00,0.00,12000.00
5000000631,1000000507,20240131,2,289,1,,2,15000.00,0.00,30000.00
5000000632,1000000508,20240131,2,179,1,,1,15000.00,0.00,15000.00
5000000633,1000000509,20240201,1,155,1,,1,12000.00,0.00,12000.00
5000000634,1000000510,20240201,1,347,1,,1,12000.00,0.00,12000.00
5000000640,1000000515,20240201,1,775,1,,1,12000.00,0.00,12000.00
5000000641,1000000515,20240201,2,775,1,,3,15000.00,0.00,45000.00
5000000643,1000000517,20240201,1,178,1,,1,12000.00,0.00,12000.00
5000000650,1000000522,20240201,2,109,1,,4,15000.00,0.00,60000.00
5000000652,1000000524,20240201,2,53,1,,1,15000.00,0.00,15000.00
5000000653,1000000525,20240201,1,387,1,,1,12000.00,0.00,12000.00
5000000654,1000000525,20240201,2,387,1,,1,15000.00,0.00,15000.00
5000000655,1000000526,20240202,2,48,1,,1,15000.00,0.00,15000.00
5000000663,1000000532,20240202,2,607,1,,1,15000.00,0.00,15000.00
5000000665,1000000534,20240202,2,499,1,,1,15000.00,0.00,15000.00
5000000673,1000000540,20240202,1,147,1,,2,12000.00,0.00,24000.00
5000000674,1000000541,20240202,1,779,1,,2,12000.00,0.00,24000.00
5000000675,1000000541,20240202,2,779,1,,1,15000.00,0.00,15000.00
5000000676,1000000542,20240202,2,543,1,,4,15000.00,0.00,60000.00
5000000677,1000000543,20240202,2,82,1,,1,15000.00,0.00,15000.00
5000000678,1000000544,20240202,2,399,1,,2,15000.00,0.00,30000.00
5000000679,1000000545,20240202,2,220,1,,1,15000.00,0.00,15000.00
5000000681,1000000547,20240202,1,167,1,,1,12000.00,0.00,12000.00
5000000682,1000000547,20240202,2,167,1,,3,15000.00,0.00,45000.00
5000000684,1000000549,20240202,2,780,1,,2,15000.00,0.00,30000.00
5000000687,1000000552,20240203,2,781,1,,1,15000.00,0.00,15000.00
5000000688,1000000553,20240203,1,633,1,,2,12000.00,0.00,24000.00
5000000692,1000000556,20240203,2,782,1,,1,15000.00,0.00,15000.00
5000000694,1000000558,20240203,1,23,1,,1,12000.00,0.00,12000.00
5000000695,1000000559,20240203,1,783,1,,2,12000.00,0.00,24000.00
5000000696,1000000559,20240203,2,783,1,,2,15000.00,0.00,30000.00
5000000701,1000000563,20240203,1,402,1,,1,12000.00,0.00,12000.00
5000000702,1000000563,20240203,2,402,1,,1,15000.00,0.00,15000.00
5000000703,1000000564,20240203,1,784,1,,3,12000.00,0.00,36000.00
5000000706,1000000566,20240204,1,785,1,,1,12000.00,0.00,12000.00
5000000707,1000000567,20240204,2,47,1,,2,15000.00,0.00,30000.00
5000000708,1000000568,20240204,1,391,1,,2,12000.00,0.00,24000.00
5000000709,1000000569,20240204,1,786,1,,1,12000.00,0.00,12000.00
5000000710,1000000570,20240204,2,787,1,,1,15000.00,0.00,15000.00
5000000711,1000000571,20240204,2,285,1,,2,15000.00,0.00,30000.00
5000000712,1000000572,20240204,1,788,1,,2,12000.00,0.00,24000.00
5000000713,1000000573,20240205,1,299,1,,1,12000.00,0.00,12000.00
5000000714,1000000574,20240205,2,789,1,,1,15000.00,0.00,15000.00
5000000715,1000000575,20240205,1,324,1,,1,12000.00,0.00,12000.00
5000000716,1000000575,20240205,2,324,1,,2,15000.00,0.00,30000.00
5000000717,1000000576,20240205,2,790,1,,2,15000.00,0.00,30000.00
5000000718,1000000577,20240205,2,791,1,,15,15000.00,33750.00,191250.00
5000000719,1000000578,20240205,1,625,1,,2,12000.00,0.00,24000.00
5000000720,1000000579,20240205,1,792,1,,3,12000.00,0.00,36000.00
5000000721,1000000579,20240205,2,792,1,,1,15000.00,0.00,15000.00
5000000724,1000000581,20240205,2,793,1,,2,15000.00,0.00,30000.00
5000000726,1000000583,20240205,1,629,1,,1,12000.00,0.00,12000.00
5000000727,1000000583,20240205,2,629,1,,1,15000.00,0.00,15000.00
5000000729,1000000585,20240205,2,296,1,,2,15000.00,0.00,30000.00
5000000730,1000000586,20240205,2,21,1,,1,15000.00,0.00,15000.00
5000000731,1000000587,20240205,2,237,1,,2,15000.00,0.00,30000.00
5000000732,1000000588,20240205,1,300,1,,4,12000.00,0.00,48000.00
5000000733,1000000589,20240205,1,521,1,,1,12000.00,0.00,12000.00
5000000734,1000000590,20240205,2,671,1,,3,15000.00,0.00,45000.00
5000000735,1000000591,20240205,2,152,1,,1,15000.00,0.00,15000.00
5000000736,1000000592,20240206,2,316,1,,1,15000.00,0.00,15000.00
5000000737,1000000593,20240206,2,425,1,,3,15000.00,0.00,45000.00
5000000738,1000000594,20240206,1,5,1,,1,12000.00,0.00,12000.00
5000000739,1000000594,20240206,2,5,1,,3,15000.00,0.00,45000.00
5000000740,1000000595,20240206,1,461,1,,3,12000.00,0.00,36000.00
5000000741,1000000595,20240206,2,461,1,,1,15000.00,0.00,15000.00
5000000742,1000000596,20240206,2,794,1,,1,15000.00,0.00,15000.00
5000000743,1000000597,20240206,1,168,1,,2,12000.00,0.00,24000.00
5000000744,1000000597,20240206,2,168,1,,3,15000.00,0.00,45000.00
5000000749,1000000601,20240206,1,25,1,,4,12000.00,0.00,48000.00
5000000750,1000000602,20240206,2,275,1,,1,15000.00,750.00,14250.00
5000000754,1000000606,20240206,1,164,1,,1,12000.00,0.00,12000.00
5000000755,1000000606,20240206,2,164,1,,1,15000.00,0.00,15000.00
5000000756,1000000607,20240206,1,16,1,,1,12000.00,0.00,12000.00
5000000757,1000000607,20240206,2,16,1,,1,15000.00,0.00,15000.00
5000000759,1000000609,20240206,1,4,1,,3,12000.00,0.00,36000.00
5000000760,1000000610,20240206,2,570,1,,2,15000.00,0.00,30000.00
5000000761,1000000611,20240207,1,400,1,,1,12000.00,0.00,12000.00
5000000763,1000000613,20240207,1,482,1,,3,12000.00,0.00,36000.00
5000000765,1000000615,20240207,2,796,1,,2,15000.00,0.00,30000.00
5000000768,1000000618,20240207,2,58,1,,2,15000.00,0.00,30000.00
5000000769,1000000619,20240208,1,630,1,,1,12000.00,0.00,12000.00
5000000783,1000000631,20240208,2,702,1,,3,15000.00,0.00,45000.00
5000000784,1000000632,20240208,2,603,1,,1,15000.00,0.00,15000.00
5000000785,1000000633,20240208,2,797,1,,2,15000.00,0.00,30000.00
5000000786,1000000634,20240208,1,182,1,,1,12000.00,0.00,12000.00
5000000787,1000000635,20240209,2,232,1,,1,15000.00,0.00,15000.00
5000000788,1000000636,20240209,2,112,1,,1,15000.00,0.00,15000.00
5000000793,1000000640,20240209,2,83,1,,1,15000.00,0.00,15000.00
5000000797,1000000644,20240209,2,45,1,,1,15000.00,0.00,15000.00
5000000798,1000000645,20240209,1,640,1,,1,12000.00,0.00,12000.00
5000000799,1000000645,20240209,2,640,1,,3,15000.00,0.00,45000.00
5000000800,1000000646,20240209,2,34,1,,2,15000.00,0.00,30000.00
5000000801,1000000647,20240209,1,799,1,,1,12000.00,0.00,12000.00
5000000802,1000000647,20240209,2,799,1,,1,15000.00,0.00,15000.00
5000000803,1000000648,20240209,2,226,1,,1,15000.00,0.00,15000.00
5000000804,1000000649,20240209,2,354,1,,1,15000.00,0.00,15000.00
5000000805,1000000650,20240210,2,363,1,,1,15000.00,0.00,15000.00
5000000806,1000000651,20240210,1,800,1,,1,12000.00,0.00,12000.00
5000000807,1000000652,20240210,2,420,1,,2,15000.00,0.00,30000.00
5000000810,1000000655,20240210,2,802,1,,1,15000.00,0.00,15000.00
5000000811,1000000656,20240210,1,670,1,,1,12000.00,0.00,12000.00
5000000812,1000000657,20240210,1,191,1,,2,12000.00,0.00,24000.00
5000000820,1000000665,20240210,1,804,1,,1,12000.00,0.00,12000.00
5000000821,1000000665,20240210,2,804,1,,1,15000.00,0.00,15000.00
5000000824,1000000668,20240210,1,805,1,,1,12000.00,0.00,12000.00
5000000825,1000000669,20240211,1,579,1,,1,12000.00,0.00,12000.00
5000000826,1000000670,20240211,1,566,1,,2,12000.00,0.00,24000.00
5000000827,1000000670,20240211,2,566,1,,3,15000.00,0.00,45000.00
5000000828,1000000671,20240211,2,134,1,,1,15000.00,0.00,15000.00
5000000829,1000000672,20240211,1,20,1,,2,12000.00,0.00,24000.00
5000000830,1000000673,20240211,2,582,1,,1,15000.00,0.00,15000.00
5000000831,1000000674,20240211,2,639,1,,1,15000.00,0.00,15000.00
5000000832,1000000675,20240211,1,207,1,,1,12000.00,0.00,12000.00
5000000833,1000000676,20240211,2,658,1,,4,15000.00,0.00,60000.00
5000000834,1000000677,20240211,2,775,1,,2,15000.00,0.00,30000.00
5000000835,1000000678,20240211,2,572,1,,3,15000.00,0.00,45000.00
5000000836,1000000679,20240211,1,806,1,,1,12000.00,600.00,11400.00
5000000837,1000000679,20240211,2,806,1,,2,15000.00,1500.00,28500.00
5000000838,1000000680,20240211,1,3,1,,3,12000.00,0.00,36000.00
5000000839,1000000681,20240211,2,116,1,,1,15000.00,0.00,15000.00
5000000840,1000000682,20240211,1,369,1,,2,12000.00,0.00,24000.00
5000000841,1000000683,20240212,1,9,1,,2,12000.00,0.00,24000.00
5000000842,1000000684,20240212,2,315,1,,3,15000.00,0.00,45000.00
5000000843,1000000685,20240212,2,287,1,,2,15000.00,0.00,30000.00
5000000844,1000000686,20240212,2,489,1,,2,15000.00,0.00,30000.00
5000000845,1000000687,20240212,2,13,1,,2,15000.00,0.00,30000.00
5000000846,1000000688,20240212,1,414,1,,1,12000.00,0.00,12000.00
5000000851,1000000693,20240212,2,346,1,,12,15000.00,27000.00,153000.00
5000000852,1000000694,20240212,2,589,1,,1,15000.00,0.00,15000.00
5000000853,1000000695,20240213,2,63,1,,1,15000.00,1500.00,13500.00
5000000854,1000000696,20240213,1,92,1,,1,12000.00,1200.00,10800.00
5000000855,1000000697,20240213,1,574,1,,1,12000.00,0.00,12000.00
5000000859,1000000701,20240213,2,612,1,,1,15000.00,0.00,15000.00
5000000861,1000000703,20240213,2,809,1,,3,15000.00,0.00,45000.00
5000000864,1000000706,20240213,2,632,1,,1,15000.00,0.00,15000.00
5000000865,1000000707,20240213,2,184,1,,2,15000.00,0.00,30000.00
5000000866,1000000708,20240213,1,526,1,,1,12000.00,0.00,12000.00
5000000868,1000000710,20240213,1,556,1,,4,12000.00,0.00,48000.00
5000000869,1000000710,20240213,2,556,1,,1,15000.00,0.00,15000.00
5000000873,1000000713,20240213,1,278,1,,1,12000.00,1200.00,10800.00
5000000874,1000000713,20240213,2,278,1,,3,15000.00,4500.00,40500.00
5000000875,1000000714,20240213,1,488,1,,4,12000.00,0.00,48000.00
5000000876,1000000715,20240213,1,128,1,,2,12000.00,0.00,24000.00
5000000877,1000000716,20240214,2,452,1,,1,15000.00,0.00,15000.00
5000000878,1000000717,20240214,1,810,1,,1,12000.00,0.00,12000.00
5000000880,1000000719,20240214,2,24,1,,1,15000.00,0.00,15000.00
5000000884,1000000722,20240214,1,755,1,,2,12000.00,0.00,24000.00
5000000886,1000000724,20240214,1,478,1,,2,12000.00,0.00,24000.00
5000000887,1000000725,20240214,1,811,1,,1,12000.00,0.00,12000.00
5000000888,1000000725,20240214,2,811,1,,1,15000.00,0.00,15000.00
5000000889,1000000726,20240214,1,812,1,,1,12000.00,0.00,12000.00
5000000890,1000000727,20240215,1,813,1,,1,12000.00,0.00,12000.00
5000000891,1000000728,20240215,1,433,1,,1,12000.00,0.00,12000.00
5000000892,1000000729,20240215,1,669,1,,1,12000.00,0.00,12000.00
5000000893,1000000729,20240215,2,669,1,,2,15000.00,0.00,30000.00
5000000894,1000000730,20240215,2,70,1,,1,15000.00,0.00,15000.00
5000000895,1000000731,20240215,2,42,1,,1,15000.00,0.00,15000.00
5000000898,1000000734,20240215,1,611,1,,3,12000.00,0.00,36000.00
5000000899,1000000735,20240215,1,648,1,,1,12000.00,0.00,12000.00
5000000906,1000000740,20240215,1,816,1,,1,12000.00,0.00,12000.00
5000000908,1000000742,20240215,1,629,1,,1,12000.00,0.00,12000.00
5000000909,1000000742,20240215,2,629,1,,2,15000.00,0.00,30000.00
5000000910,1000000743,20240215,2,672,1,,2,15000.00,1500.00,28500.00
5000000911,1000000744,20240215,1,542,1,,1,12000.00,0.00,12000.00
5000000912,1000000745,20240215,2,313,1,,1,15000.00,0.00,15000.00
5000000913,1000000746,20240215,2,817,1,,1,15000.00,0.00,15000.00
5000000914,1000000747,20240216,2,105,1,,1,15000.00,0.00,15000.00
5000000915,1000000748,20240216,1,165,1,,1,12000.00,0.00,12000.00
5000000916,1000000748,20240216,2,165,1,,1,15000.00,0.00,15000.00
5000000918,1000000750,20240216,2,347,1,,1,15000.00,0.00,15000.00
5000000926,1000000757,20240216,2,7,1,,3,15000.00,0.00,45000.00
5000000933,1000000762,20240216,1,28,1,,2,12000.00,0.00,24000.00
5000000935,1000000764,20240216,1,279,1,,1,12000.00,0.00,12000.00
5000000941,1000000768,20240216,2,821,1,,2,15000.00,0.00,30000.00
5000000942,1000000769,20240216,1,490,1,,1,12000.00,0.00,12000.00
5000000943,1000000770,20240216,1,822,1,,1,12000.00,0.00,12000.00
5000000944,1000000771,20240216,1,692,1,,1,12000.00,0.00,12000.00
5000000945,1000000771,20240216,2,692,1,,1,15000.00,0.00,15000.00
5000000946,1000000772,20240216,1,260,1,,3,12000.00,0.00,36000.00
5000000947,1000000772,20240216,2,260,1,,3,15000.00,0.00,45000.00
5000000948,1000000773,20240216,1,823,1,,1,12000.00,0.00,12000.00
5000000949,1000000773,20240216,2,823,1,,2,15000.00,0.00,30000.00
5000000950,1000000774,20240216,2,17,1,,3,15000.00,0.00,45000.00
5000000951,1000000775,20240216,1,423,1,,2,12000.00,0.00,24000.00
5000000952,1000000776,20240217,1,462,1,,1,12000.00,0.00,12000.00
5000000953,1000000777,20240217,2,201,1,,1,15000.00,0.00,15000.00
5000000956,1000000779,20240217,1,703,1,,2,12000.00,0.00,24000.00
5000000969,1000000790,20240217,1,826,1,,2,12000.00,0.00,24000.00
5000000972,1000000793,20240217,2,827,1,,2,15000.00,0.00,30000.00
5000000974,1000000795,20240217,1,524,1,,1,12000.00,0.00,12000.00
5000000975,1000000796,20240217,2,828,1,,2,15000.00,0.00,30000.00
5000000977,1000000798,20240217,1,72,1,,2,12000.00,0.00,24000.00
5000000978,1000000799,20240217,1,663,1,,4,12000.00,0.00,48000.00
5000000982,1000000803,20240217,2,268,1,,1,15000.00,0.00,15000.00
5000000983,1000000804,20240218,1,460,1,,3,12000.00,0.00,36000.00
5000000984,1000000805,20240218,1,118,1,,4,12000.00,0.00,48000.00
5000000985,1000000806,20240218,2,178,1,,3,15000.00,0.00,45000.00
5000000986,1000000807,20240218,1,402,1,,1,12000.00,600.00,11400.00
5000000987,1000000808,20240218,1,625,1,,4,12000.00,0.00,48000.00
5000000988,1000000809,20240218,1,106,1,,1,12000.00,0.00,12000.00
5000000989,1000000810,20240218,2,659,1,,1,15000.00,0.00,15000.00
5000000990,1000000811,20240218,1,831,1,,3,12000.00,0.00,36000.00
5000000991,1000000811,20240218,2,831,1,,1,15000.00,0.00,15000.00
5000000992,1000000812,20240218,2,681,1,,1,15000.00,750.00,14250.00
5000000993,1000000813,20240218,1,756,1,,1,12000.00,0.00,12000.00
5000000994,1000000814,20240218,2,155,1,,1,15000.00,0.00,15000.00
5000000995,1000000815,20240218,1,164,1,,2,12000.00,0.00,24000.00
5000000996,1000000815,20240218,2,164,1,,1,15000.00,0.00,15000.00
5000000997,1000000816,20240218,1,832,1,,11,12000.00,19800.00,112200.00
5000000998,1000000817,20240219,1,636,1,,1,12000.00,0.00,12000.00
5000000999,1000000817,20240219,2,636,1,,1,15000.00,0.00,15000.00
5000001000,1000000818,20240219,1,784,1,,3,12000.00,0.00,36000.00
5000001001,1000000819,20240219,2,557,1,,1,15000.00,0.00,15000.00
5000001002,1000000820,20240219,1,833,1,,1,12000.00,0.00,12000.00
5000001009,1000000826,20240219,1,835,1,,1,12000.00,0.00,12000.00
5000001011,1000000828,20240219,1,836,1,,1,12000.00,0.00,12000.00
5000001012,1000000829,20240219,1,64,1,,1,12000.00,0.00,12000.00
5000001013,1000000830,20240219,1,71,1,,2,12000.00,0.00,24000.00
5000001015,1000000832,20240219,2,62,1,,3,15000.00,0.00,45000.00
5000001016,1000000833,20240219,1,104,1,,3,12000.00,0.00,36000.00
5000001017,1000000834,20240219,1,837,1,,1,12000.00,0.00,12000.00
5000001020,1000000837,20240219,2,100,1,,1,15000.00,0.00,15000.00
5000001021,1000000838,20240219,1,597,1,,1,12000.00,0.00,12000.00
5000001022,1000000839,20240219,2,59,1,,1,15000.00,0.00,15000.00
5000001023,1000000840,20240219,1,243,1,,2,12000.00,0.00,24000.00
5000001024,1000000841,20240219,2,254,1,,1,15000.00,0.00,15000.00
5000001025,1000000842,20240219,1,2,1,,4,12000.00,0.00,48000.00
5000001026,1000000843,20240219,2,602,1,,1,15000.00,750.00,14250.00
5000001027,1000000844,20240220,1,26,1,,3,12000.00,0.00,36000.00
5000001028,1000000845,20240220,1,782,1,,1,12000.00,0.00,12000.00
5000001029,1000000845,20240220,2,782,1,,1,15000.00,0.00,15000.00
5000001030,1000000846,20240220,2,713,1,,1,15000.00,0.00,15000.00
5000001031,1000000847,20240220,1,235,1,,2,12000.00,0.00,24000.00
5000001032,1000000848,20240220,2,840,1,,2,15000.00,0.00,30000.00
5000001034,1000000850,20240220,1,621,1,,1,12000.00,0.00,12000.00
5000001035,1000000850,20240220,2,621,1,,1,15000.00,0.00,15000.00
5000001036,1000000851,20240220,1,333,1,,1,12000.00,0.00,12000.00
5000001039,1000000854,20240220,1,473,1,,2,12000.00,0.00,24000.00
5000001041,1000000856,20240220,2,744,1,,1,15000.00,0.00,15000.00
5000001043,1000000858,20240220,1,275,1,,1,12000.00,0.00,12000.00
5000001044,1000000859,20240220,2,725,1,,1,15000.00,0.00,15000.00
5000001045,1000000860,20240220,2,417,1,,1,15000.00,0.00,15000.00
5000001046,1000000861,20240221,1,573,1,,2,12000.00,0.00,24000.00
5000001047,1000000862,20240221,1,845,1,,1,12000.00,600.00,11400.00
5000001048,1000000863,20240221,1,84,1,,3,12000.00,0.00,36000.00
5000001049,1000000863,20240221,2,84,1,,1,15000.00,0.00,15000.00
5000001050,1000000864,20240221,1,844,1,,3,12000.00,0.00,36000.00
5000001056,1000000869,20240221,1,846,1,,2,12000.00,0.00,24000.00
5000001057,1000000869,20240221,2,846,1,,2,15000.00,0.00,30000.00
5000001058,1000000870,20240221,1,344,1,,2,12000.00,0.00,24000.00
5000001059,1000000871,20240221,1,139,1,,2,12000.00,0.00,24000.00
5000001062,1000000873,20240221,2,847,1,,1,15000.00,0.00,15000.00
5000001063,1000000874,20240221,1,577,1,,1,12000.00,0.00,12000.00
5000001064,1000000875,20240221,2,269,1,,1,15000.00,0.00,15000.00
5000001067,1000000877,20240221,1,547,1,,1,12000.00,0.00,12000.00
5000001068,1000000877,20240221,2,547,1,,4,15000.00,0.00,60000.00
5000001072,1000000881,20240221,1,849,1,,1,12000.00,0.00,12000.00
5000001074,1000000883,20240221,1,60,1,,2,12000.00,0.00,24000.00
5000001077,1000000885,20240221,1,32,1,,1,12000.00,0.00,12000.00
5000001082,1000000889,20240221,1,851,1,,1,12000.00,0.00,12000.00
5000001083,1000000889,20240221,2,851,1,,4,15000.00,0.00,60000.00
5000001084,1000000890,20240222,2,359,1,,1,15000.00,0.00,15000.00
5000001086,1000000892,20240222,2,800,1,,1,15000.00,0.00,15000.00
5000001091,1000000897,20240222,2,400,1,,3,15000.00,0.00,45000.00
5000001092,1000000898,20240222,1,852,1,,3,12000.00,0.00,36000.00
5000001096,1000000902,20240222,1,55,1,,1,12000.00,0.00,12000.00
5000001097,1000000902,20240222,2,55,1,,3,15000.00,0.00,45000.00
5000001098,1000000903,20240222,1,853,1,,4,12000.00,2400.00,45600.00
5000001100,1000000905,20240222,1,854,1,,1,12000.00,0.00,12000.00
5000001101,1000000905,20240222,2,854,1,,3,15000.00,0.00,45000.00
5000001102,1000000906,20240223,2,855,1,,1,15000.00,0.00,15000.00
5000001103,1000000907,20240223,1,443,1,,1,12000.00,0.00,12000.00
5000001104,1000000908,20240223,1,54,1,,2,12000.00,0.00,24000.00
5000001105,1000000909,20240223,1,189,1,,1,12000.00,0.00,12000.00
5000001106,1000000910,20240223,1,350,1,,2,12000.00,0.00,24000.00
5000001107,1000000911,20240223,1,677,1,,1,12000.00,0.00,12000.00
5000001109,1000000913,20240223,1,124,1,,2,12000.00,0.00,24000.00
5000001110,1000000914,20240223,1,183,1,,2,12000.00,0.00,24000.00
5000001115,1000000919,20240223,1,509,1,,1,12000.00,0.00,12000.00
5000001118,1000000921,20240223,1,729,1,,1,12000.00,0.00,12000.00
5000001119,1000000921,20240223,2,729,1,,1,15000.00,0.00,15000.00
5000001126,1000000926,20240223,1,161,1,,3,12000.00,0.00,36000.00
5000001127,1000000927,20240223,2,861,1,,1,15000.00,0.00,15000.00
5000001130,1000000930,20240223,1,284,1,,1,12000.00,0.00,12000.00
5000001131,1000000930,20240223,2,284,1,,1,15000.00,0.00,15000.00
5000001135,1000000934,20240223,1,567,1,,1,12000.00,0.00,12000.00
5000001136,1000000935,20240223,2,195,1,,3,15000.00,0.00,45000.00
5000001137,1000000936,20240223,1,486,1,,1,12000.00,0.00,12000.00
5000001138,1000000937,20240224,1,790,1,,2,12000.00,0.00,24000.00
5000001139,1000000938,20240224,1,464,1,,3,12000.00,0.00,36000.00
5000001149,1000000947,20240224,1,593,1,,1,12000.00,0.00,12000.00
5000001150,1000000947,20240224,2,593,1,,1,15000.00,0.00,15000.00
5000001151,1000000948,20240224,2,328,1,,2,15000.00,0.00,30000.00
5000001153,1000000950,20240224,1,671,1,,1,12000.00,0.00,12000.00
5000001168,1000000963,20240224,1,513,1,,1,12000.00,0.00,12000.00
5000001169,1000000963,20240224,2,513,1,,1,15000.00,0.00,15000.00
5000001172,1000000966,20240224,1,468,1,,2,12000.00,0.00,24000.00
5000001174,1000000968,20240224,1,404,1,,1,12000.00,0.00,12000.00
5000001175,1000000968,20240224,2,404,1,,2,15000.00,0.00,30000.00
5000001176,1000000969,20240224,1,361,1,,2,12000.00,0.00,24000.00
5000001177,1000000970,20240224,1,281,1,,1,12000.00,0.00,12000.00
5000001178,1000000971,20240224,1,339,1,,1,12000.00,600.00,11400.00
5000001179,1000000972,20240224,1,755,1,,2,12000.00,0.00,24000.00
5000001180,1000000973,20240224,1,381,1,,1,12000.00,0.00,12000.00
5000001181,1000000973,20240224,2,381,1,,3,15000.00,0.00,45000.00
5000001182,1000000974,20240225,1,869,1,,2,12000.00,0.00,24000.00
5000001183,1000000974,20240225,2,869,1,,1,15000.00,0.00,15000.00
5000001184,1000000975,20240225,1,595,1,,2,12000.00,0.00,24000.00
5000001185,1000000975,20240225,2,595,1,,2,15000.00,0.00,30000.00
5000001186,1000000976,20240225,2,674,1,,2,15000.00,0.00,30000.00
5000001187,1000000977,20240225,1,870,1,,3,12000.00,0.00,36000.00
5000001188,1000000977,20240225,2,870,1,,2,15000.00,0.00,30000.00
5000001189,1000000978,20240225,1,506,1,,1,12000.00,0.00,12000.00
5000001190,1000000979,20240225,1,626,1,,2,12000.00,1200.00,22800.00
5000001191,1000000980,20240225,2,638,1,,1,15000.00,0.00,15000.00
5000001192,1000000981,20240225,1,248,1,,2,12000.00,0.00,24000.00
5000001193,1000000982,20240225,1,149,1,,1,12000.00,0.00,12000.00
5000001194,1000000983,20240225,1,484,1,,4,12000.00,0.00,48000.00
5000001195,1000000984,20240225,2,716,1,,1,15000.00,750.00,14250.00
5000001196,1000000985,20240225,1,708,1,,2,12000.00,0.00,24000.00
5000001197,1000000986,20240225,1,523,1,,1,12000.00,0.00,12000.00
5000001198,1000000987,20240225,1,543,1,,1,12000.00,0.00,12000.00
5000001199,1000000988,20240225,1,29,1,,2,12000.00,0.00,24000.00
5000001200,1000000989,20240225,1,411,1,,1,12000.00,0.00,12000.00
5000001201,1000000990,20240225,1,479,1,,1,12000.00,0.00,12000.00
5000001205,1000000993,20240226,2,82,1,,2,15000.00,0.00,30000.00
5000001207,1000000995,20240226,1,317,1,,4,12000.00,0.00,48000.00
5000001208,1000000996,20240226,1,871,1,,1,12000.00,0.00,12000.00
5000001209,1000000997,20240226,1,380,1,,2,12000.00,0.00,24000.00
5000001210,1000000998,20240226,1,872,1,,3,12000.00,0.00,36000.00
5000001212,1000001000,20240226,1,83,1,,1,12000.00,0.00,12000.00
5000001213,1000001001,20240226,1,639,1,,1,12000.00,0.00,12000.00
5000001215,1000001003,20240226,1,874,1,,1,12000.00,0.00,12000.00
5000001216,1000001003,20240226,2,874,1,,2,15000.00,0.00,30000.00
5000001217,1000001004,20240226,2,876,1,,1,15000.00,0.00,15000.00
5000001218,1000001005,20240226,1,505,1,,1,12000.00,0.00,12000.00
5000001219,1000001006,20240226,2,877,1,,1,15000.00,0.00,15000.00
5000001220,1000001007,20240226,1,878,1,,2,12000.00,0.00,24000.00
5000001221,1000001008,20240226,2,615,1,,1,15000.00,0.00,15000.00
5000001222,1000001009,20240227,1,39,1,,1,12000.00,0.00,12000.00
5000001223,1000001010,20240227,1,366,1,,1,12000.00,1200.00,10800.00
5000001224,1000001010,20240227,2,366,1,,4,15000.00,6000.00,54000.00
5000001225,1000001011,20240227,1,470,1,,1,12000.00,0.00,12000.00
5000001226,1000001011,20240227,2,470,1,,3,15000.00,0.00,45000.00
5000001227,1000001012,20240227,1,296,1,,1,12000.00,1200.00,10800.00
5000001228,1000001013,20240227,1,880,1,,2,12000.00,0.00,24000.00
5000001229,1000001013,20240227,2,880,1,,4,15000.00,0.00,60000.00
5000001231,1000001015,20240227,1,881,1,,8,12000.00,14400.00,81600.00
5000001232,1000001015,20240227,2,881,1,,10,15000.00,22500.00,127500.00
5000001233,1000001016,20240227,1,764,1,,2,12000.00,2400.00,21600.00
5000001234,1000001017,20240227,1,416,1,,2,12000.00,0.00,24000.00
5000001240,1000001021,20240227,1,883,1,,1,12000.00,0.00,12000.00
5000001241,1000001022,20240227,1,884,1,,1,12000.00,0.00,12000.00
5000001242,1000001023,20240227,2,88,1,,1,15000.00,0.00,15000.00
5000001243,1000001024,20240228,2,885,1,,4,15000.00,0.00,60000.00
5000001246,1000001027,20240228,2,475,1,,2,15000.00,0.00,30000.00
5000001251,1000001031,20240228,1,886,1,,2,12000.00,0.00,24000.00
5000001252,1000001031,20240228,2,886,1,,1,15000.00,0.00,15000.00
5000001254,1000001033,20240228,2,44,1,,3,15000.00,0.00,45000.00
5000001257,1000001035,20240228,1,289,1,,1,12000.00,0.00,12000.00
5000001259,1000001037,20240228,1,378,1,,2,12000.00,0.00,24000.00
5000001265,1000001042,20240228,1,69,1,,1,12000.00,0.00,12000.00
5000001270,1000001045,20240228,2,436,1,,1,15000.00,0.00,15000.00
5000001271,1000001046,20240228,2,383,1,,1,15000.00,0.00,15000.00
5000001274,1000001048,20240228,2,216,1,,1,15000.00,0.00,15000.00
5000001275,1000001049,20240228,2,889,1,,2,15000.00,0.00,30000.00
5000001276,1000001050,20240228,1,888,1,,1,12000.00,0.00,12000.00
5000001277,1000001051,20240229,1,542,1,,2,12000.00,0.00,24000.00
5000001278,1000001051,20240229,2,542,1,,1,15000.00,0.00,15000.00
5000001279,1000001052,20240229,1,356,1,,3,12000.00,0.00,36000.00
5000001280,1000001052,20240229,2,356,1,,3,15000.00,0.00,45000.00
5000001284,1000001056,20240229,1,648,1,,3,12000.00,0.00,36000.00
5000001287,1000001059,20240229,1,779,1,,1,12000.00,0.00,12000.00
5000001288,1000001059,20240229,2,779,1,,1,15000.00,0.00,15000.00
5000001290,1000001061,20240229,2,893,1,,1,15000.00,0.00,15000.00
5000001291,1000001062,20240229,2,742,1,,2,15000.00,0.00,30000.00
5000001292,1000001063,20240229,1,894,1,,1,12000.00,0.00,12000.00
5000001293,1000001064,20240229,1,644,1,,1,12000.00,0.00,12000.00
5000001294,1000001065,20240229,2,895,1,,2,15000.00,0.00,30000.00
5000001295,1000001066,20240301,1,168,1,,1,12000.00,0.00,12000.00
5000001300,1000001070,20240301,2,65,1,,1,15000.00,0.00,15000.00
5000001310,1000001078,20240301,1,898,1,,2,12000.00,0.00,24000.00
5000001311,1000001078,20240301,2,898,1,,1,15000.00,0.00,15000.00
5000001312,1000001079,20240301,2,271,1,,1,15000.00,0.00,15000.00
5000001313,1000001080,20240301,1,353,1,,1,12000.00,0.00,12000.00
5000001316,1000001083,20240301,2,899,1,,2,15000.00,0.00,30000.00
5000001319,1000001086,20240301,1,171,1,,1,12000.00,0.00,12000.00
5000001322,1000001089,20240301,1,735,1,,2,12000.00,0.00,24000.00
5000001323,1000001090,20240301,1,902,1,,4,12000.00,0.00,48000.00
5000001325,1000001092,20240301,1,905,1,,2,12000.00,0.00,24000.00
5000001326,1000001092,20240301,2,905,1,,2,15000.00,0.00,30000.00
5000001327,1000001093,20240301,2,904,1,,1,15000.00,0.00,15000.00
5000001328,1000001094,20240301,2,797,1,,3,15000.00,0.00,45000.00
5000001329,1000001095,20240301,1,796,1,,1,12000.00,0.00,12000.00
5000001330,1000001096,20240302,1,906,1,,2,12000.00,1200.00,22800.00
5000001331,1000001097,20240302,1,172,1,,3,12000.00,0.00,36000.00
5000001335,1000001100,20240302,2,113,1,,1,15000.00,0.00,15000.00
5000001345,1000001109,20240302,1,775,1,,1,12000.00,0.00,12000.00
5000001346,1000001109,20240302,2,775,1,,3,15000.00,0.00,45000.00
5000001348,1000001111,20240302,1,909,1,,1,12000.00,0.00,12000.00
5000001349,1000001112,20240302,1,792,1,,1,12000.00,0.00,12000.00
5000001357,1000001118,20240302,1,43,1,,1,12000.00,0.00,12000.00
5000001360,1000001121,20240302,2,624,1,,1,15000.00,0.00,15000.00
5000001361,1000001122,20240302,1,178,1,,2,12000.00,0.00,24000.00
5000001362,1000001122,20240302,2,178,1,,4,15000.00,0.00,60000.00
5000001363,1000001123,20240302,1,30,1,,2,12000.00,0.00,24000.00
5000001364,1000001124,20240303,1,45,1,,2,12000.00,0.00,24000.00
5000001365,1000001125,20240303,1,698,1,,4,12000.00,0.00,48000.00
5000001366,1000001126,20240303,1,192,1,,1,12000.00,600.00,11400.00
5000001367,1000001127,20240303,1,99,1,,1,12000.00,0.00,12000.00
5000001368,1000001128,20240303,2,490,1,,1,15000.00,0.00,15000.00
5000001369,1000001129,20240303,1,284,1,,1,12000.00,0.00,12000.00
5000001370,1000001130,20240303,1,137,1,,2,12000.00,0.00,24000.00
5000001371,1000001131,20240303,1,675,1,,1,12000.00,0.00,12000.00
5000001372,1000001132,20240303,2,912,1,,2,15000.00,0.00,30000.00
5000001373,1000001133,20240303,1,179,1,,1,12000.00,0.00,12000.00
5000001374,1000001134,20240303,1,913,1,,1,12000.00,0.00,12000.00
5000001375,1000001135,20240303,1,621,1,,1,12000.00,0.00,12000.00
5000001376,1000001136,20240304,2,157,1,,3,15000.00,0.00,45000.00
5000001377,1000001137,20240304,1,914,1,,1,12000.00,0.00,12000.00
5000001378,1000001138,20240304,2,208,1,,6,15000.00,13500.00,76500.00
5000001379,1000001139,20240304,1,915,1,,1,12000.00,0.00,12000.00
5000001380,1000001140,20240304,1,433,1,,1,12000.00,0.00,12000.00
5000001381,1000001141,20240304,1,469,1,,2,12000.00,0.00,24000.00
5000001382,1000001141,20240304,2,469,1,,4,15000.00,0.00,60000.00
5000001383,1000001142,20240304,2,916,1,,3,15000.00,0.00,45000.00
5000001385,1000001144,20240304,1,33,1,,1,12000.00,0.00,12000.00
5000001386,1000001145,20240304,1,234,1,,1,12000.00,0.00,12000.00
5000001387,1000001146,20240304,1,687,1,,1,12000.00,0.00,12000.00
5000001388,1000001147,20240304,1,813,1,,3,12000.00,0.00,36000.00
5000001389,1000001148,20240304,1,918,1,,1,12000.00,0.00,12000.00
5000001394,1000001152,20240304,1,920,1,,1,12000.00,0.00,12000.00
5000001395,1000001153,20240304,2,185,1,,1,15000.00,0.00,15000.00
5000001396,1000001154,20240304,2,497,1,,3,15000.00,0.00,45000.00
5000001397,1000001155,20240304,2,611,1,,1,15000.00,0.00,15000.00
5000001398,1000001156,20240304,2,553,1,,1,15000.00,0.00,15000.00
5000001399,1000001157,20240304,1,5,1,,1,12000.00,0.00,12000.00
5000001402,1000001160,20240304,2,341,1,,2,15000.00,0.00,30000.00
5000001403,1000001161,20240304,1,922,1,,1,12000.00,0.00,12000.00
5000001404,1000001162,20240305,2,398,1,,1,15000.00,0.00,15000.00
5000001405,1000001163,20240305,1,806,1,,1,12000.00,0.00,12000.00
5000001406,1000001163,20240305,2,806,1,,1,15000.00,0.00,15000.00
5000001407,1000001164,20240305,1,412,1,,1,12000.00,0.00,12000.00
5000001408,1000001165,20240305,1,572,1,,1,12000.00,0.00,12000.00
5000001409,1000001165,20240305,2,572,1,,2,15000.00,0.00,30000.00
5000001410,1000001166,20240305,1,255,1,,1,12000.00,0.00,12000.00
5000001411,1000001166,20240305,2,255,1,,2,15000.00,0.00,30000.00
5000001412,1000001167,20240305,1,263,1,,1,12000.00,0.00,12000.00
5000001415,1000001170,20240305,2,697,1,,1,15000.00,750.00,14250.00
5000001416,1000001171,20240305,2,923,1,,2,15000.00,0.00,30000.00
5000001418,1000001173,20240305,1,692,1,,1,12000.00,0.00,12000.00
5000001421,1000001175,20240305,2,482,1,,1,15000.00,0.00,15000.00
5000001425,1000001179,20240305,2,222,1,,2,15000.00,0.00,30000.00
5000001427,1000001181,20240306,1,421,1,,3,12000.00,0.00,36000.00
5000001428,1000001181,20240306,2,421,1,,2,15000.00,0.00,30000.00
5000001438,1000001191,20240306,1,447,1,,2,12000.00,0.00,24000.00
5000001442,1000001194,20240306,2,18,1,,1,15000.00,0.00,15000.00
5000001447,1000001198,20240306,2,926,1,,2,15000.00,1500.00,28500.00
5000001450,1000001201,20240307,1,115,1,,2,12000.00,0.00,24000.00
5000001451,1000001202,20240307,1,310,1,,2,12000.00,0.00,24000.00
5000001461,1000001209,20240307,1,384,1,,1,12000.00,0.00,12000.00
5000001462,1000001210,20240307,1,457,1,,1,12000.00,0.00,12000.00
5000001463,1000001210,20240307,2,457,1,,1,15000.00,0.00,15000.00
5000001469,1000001215,20240308,1,930,1,,2,12000.00,0.00,24000.00
5000001474,1000001219,20240308,2,932,1,,1,15000.00,0.00,15000.00
5000001477,1000001222,20240308,1,231,1,,1,12000.00,0.00,12000.00
5000001478,1000001223,20240308,1,122,1,,2,12000.00,0.00,24000.00
5000001481,1000001226,20240308,1,934,1,,2,12000.00,0.00,24000.00
5000001482,1000001226,20240308,2,934,1,,1,15000.00,0.00,15000.00
5000001483,1000001227,20240308,1,27,1,,4,12000.00,0.00,48000.00
5000001484,1000001228,20240308,1,505,1,,2,12000.00,0.00,24000.00
5000001485,1000001229,20240308,1,123,1,,1,12000.00,600.00,11400.00
5000001486,1000001229,20240308,2,123,1,,3,15000.00,2250.00,42750.00
5000001487,1000001230,20240308,1,563,1,,2,12000.00,0.00,24000.00
5000001488,1000001231,20240309,1,130,1,,2,12000.00,0.00,24000.00
5000001492,1000001234,20240309,1,935,1,,2,12000.00,0.00,24000.00
5000001493,1000001235,20240309,1,399,1,,2,12000.00,1200.00,22800.00
5000001494,1000001235,20240309,2,399,1,,1,15000.00,750.00,14250.00
5000001495,1000001236,20240309,1,630,1,,3,12000.00,0.00,36000.00
5000001504,1000001245,20240309,2,24,1,,2,15000.00,0.00,30000.00
5000001507,1000001248,20240309,1,938,1,,2,12000.00,0.00,24000.00
5000001508,1000001248,20240309,2,938,1,,1,15000.00,0.00,15000.00
5000001510,1000001250,20240309,1,672,1,,3,12000.00,0.00,36000.00
5000001511,1000001251,20240310,1,268,1,,1,12000.00,0.00,12000.00
5000001512,1000001252,20240310,1,63,1,,1,12000.00,0.00,12000.00
5000001513,1000001253,20240310,2,147,1,,2,15000.00,0.00,30000.00
5000001514,1000001254,20240310,1,941,1,,1,12000.00,0.00,12000.00
5000001515,1000001254,20240310,2,941,1,,1,15000.00,0.00,15000.00
5000001516,1000001255,20240310,1,942,1,,1,12000.00,0.00,12000.00
5000001517,1000001256,20240310,2,943,1,,2,15000.00,0.00,30000.00
5000001518,1000001257,20240310,1,176,1,,3,12000.00,0.00,36000.00
5000001519,1000001258,20240311,1,9,1,,1,12000.00,0.00,12000.00
5000001520,1000001258,20240311,2,9,1,,1,15000.00,0.00,15000.00
5000001521,1000001259,20240311,1,854,1,,1,12000.00,0.00,12000.00
5000001525,1000001262,20240311,1,604,1,,4,12000.00,0.00,48000.00
5000001526,1000001263,20240311,2,944,1,,2,15000.00,0.00,30000.00
5000001529,1000001265,20240311,1,946,1,,1,12000.00,0.00,12000.00
5000001530,1000001266,20240311,1,947,1,,1,12000.00,0.00,12000.00
5000001532,1000001268,20240311,2,496,1,,1,15000.00,0.00,15000.00
5000001535,1000001270,20240311,2,373,1,,1,15000.00,0.00,15000.00
5000001536,1000001271,20240311,1,882,1,,1,12000.00,0.00,12000.00
5000001537,1000001272,20240312,1,948,1,,1,12000.00,0.00,12000.00
5000001540,1000001275,20240312,1,396,1,,1,12000.00,0.00,12000.00
5000001542,1000001277,20240312,1,950,1,,1,12000.00,0.00,12000.00
5000001543,1000001277,20240312,2,950,1,,3,15000.00,0.00,45000.00
5000001545,1000001279,20240312,1,118,1,,1,12000.00,0.00,12000.00
5000001546,1000001280,20240312,2,297,1,,2,15000.00,0.00,30000.00
5000001548,1000001282,20240312,2,581,1,,4,15000.00,0.00,60000.00
5000001549,1000001283,20240312,1,951,1,,3,12000.00,0.00,36000.00
5000001550,1000001284,20240312,1,139,1,,1,12000.00,0.00,12000.00
5000001551,1000001285,20240312,1,655,1,,4,12000.00,4800.00,43200.00
5000001554,1000001288,20240312,1,952,1,,1,12000.00,1200.00,10800.00
5000001555,1000001289,20240312,1,116,1,,4,12000.00,0.00,48000.00
5000001556,1000001290,20240313,1,15,1,,2,12000.00,1200.00,22800.00
5000001557,1000001291,20240313,1,671,1,,2,12000.00,0.00,24000.00
5000001558,1000001291,20240313,2,671,1,,3,15000.00,0.00,45000.00
5000001560,1000001293,20240313,2,88,1,,2,15000.00,0.00,30000.00
5000001561,1000001294,20240313,1,534,1,,1,12000.00,0.00,12000.00
5000001562,1000001294,20240313,2,534,1,,1,15000.00,0.00,15000.00
5000001563,1000001295,20240313,1,106,1,,1,12000.00,0.00,12000.00
5000001564,1000001296,20240313,1,233,1,,1,12000.00,0.00,12000.00
5000001567,1000001299,20240313,2,669,1,,2,15000.00,0.00,30000.00
5000001568,1000001300,20240313,2,367,1,,4,15000.00,3000.00,57000.00
5000001571,1000001303,20240313,1,884,1,,3,12000.00,0.00,36000.00
5000001573,1000001305,20240313,1,880,1,,1,12000.00,0.00,12000.00
5000001574,1000001305,20240313,2,880,1,,3,15000.00,0.00,45000.00
5000001575,1000001306,20240313,2,350,1,,1,15000.00,0.00,15000.00
5000001576,1000001307,20240313,2,955,1,,1,15000.00,0.00,15000.00
5000001577,1000001308,20240314,2,92,1,,2,15000.00,0.00,30000.00
5000001578,1000001309,20240314,1,956,1,,1,12000.00,0.00,12000.00
5000001579,1000001310,20240314,1,46,1,,1,12000.00,0.00,12000.00
5000001580,1000001310,20240314,2,46,1,,1,15000.00,0.00,15000.00
5000001582,1000001312,20240314,2,260,1,,1,15000.00,0.00,15000.00
5000001583,1000001313,20240314,2,706,1,,2,15000.00,0.00,30000.00
5000001601,1000001329,20240315,2,440,1,,3,15000.00,2250.00,42750.00
5000001603,1000001331,20240315,2,960,1,,2,15000.00,0.00,30000.00
5000001607,1000001334,20240315,1,74,1,,1,12000.00,0.00,12000.00
5000001610,1000001336,20240315,1,816,1,,3,12000.00,0.00,36000.00
5000001611,1000001336,20240315,2,816,1,,2,15000.00,0.00,30000.00
5000001612,1000001337,20240315,1,168,1,,1,12000.00,0.00,12000.00
5000001613,1000001337,20240315,2,168,1,,2,15000.00,0.00,30000.00
5000001615,1000001339,20240316,1,65,1,,1,12000.00,0.00,12000.00
5000001617,1000001341,20240316,1,963,1,,1,12000.00,0.00,12000.00
5000001618,1000001341,20240316,2,963,1,,1,15000.00,0.00,15000.00
5000001619,1000001342,20240316,1,423,1,,1,12000.00,0.00,12000.00
5000001629,1000001350,20240316,2,184,1,,2,15000.00,0.00,30000.00
5000001630,1000001351,20240317,1,789,1,,2,12000.00,0.00,24000.00
5000001631,1000001352,20240317,1,964,1,,15,12000.00,27000.00,153000.00
5000001632,1000001353,20240317,1,797,1,,1,12000.00,0.00,12000.00
5000001633,1000001353,20240317,2,797,1,,1,15000.00,0.00,15000.00
5000001634,1000001354,20240317,2,755,1,,2,15000.00,0.00,30000.00
5000001635,1000001355,20240317,1,128,1,,1,12000.00,0.00,12000.00
5000001636,1000001355,20240317,2,128,1,,1,15000.00,0.00,15000.00
5000001637,1000001356,20240317,1,965,1,,2,12000.00,0.00,24000.00
5000001638,1000001357,20240318,1,915,1,,1,12000.00,0.00,12000.00
5000001639,1000001357,20240318,2,915,1,,1,15000.00,0.00,15000.00
5000001640,1000001358,20240318,1,739,1,,1,12000.00,0.00,12000.00
5000001641,1000001358,20240318,2,739,1,,2,15000.00,0.00,30000.00
5000001653,1000001368,20240318,1,270,1,,1,12000.00,0.00,12000.00
5000001654,1000001368,20240318,2,270,1,,2,15000.00,0.00,30000.00
5000001655,1000001369,20240318,1,967,1,,2,12000.00,0.00,24000.00
5000001656,1000001370,20240318,1,165,1,,3,12000.00,0.00,36000.00
5000001661,1000001373,20240318,1,494,1,,4,12000.00,0.00,48000.00
5000001663,1000001375,20240318,1,782,1,,1,12000.00,0.00,12000.00
5000001664,1000001376,20240319,1,969,1,,1,12000.00,0.00,12000.00
5000001665,1000001376,20240319,2,969,1,,2,15000.00,0.00,30000.00
5000001666,1000001377,20240319,2,970,1,,1,15000.00,0.00,15000.00
5000001667,1000001378,20240319,1,438,1,,2,12000.00,0.00,24000.00
5000001668,1000001378,20240319,2,438,1,,1,15000.00,0.00,15000.00
5000001675,1000001384,20240319,1,191,1,,3,12000.00,0.00,36000.00
5000001677,1000001386,20240319,1,973,1,,10,12000.00,18000.00,102000.00
5000001679,1000001388,20240319,1,29,1,,3,12000.00,0.00,36000.00
5000001680,1000001388,20240319,2,29,1,,3,15000.00,0.00,45000.00
5000001681,1000001389,20240319,1,316,1,,1,12000.00,0.00,12000.00
5000001687,1000001394,20240319,2,974,1,,1,15000.00,0.00,15000.00
5000001688,1000001395,20240319,1,794,1,,1,12000.00,0.00,12000.00
5000001689,1000001396,20240319,1,846,1,,2,12000.00,0.00,24000.00
5000001690,1000001397,20240319,2,569,1,,4,15000.00,0.00,60000.00
5000001691,1000001398,20240319,1,134,1,,1,12000.00,0.00,12000.00
5000001692,1000001398,20240319,2,134,1,,1,15000.00,0.00,15000.00
5000001693,1000001399,20240319,2,140,1,,1,15000.00,750.00,14250.00
5000001695,1000001401,20240320,1,39,1,,2,12000.00,0.00,24000.00
5000001699,1000001404,20240320,1,976,1,,2,12000.00,0.00,24000.00
5000001700,1000001404,20240320,2,976,1,,2,15000.00,0.00,30000.00
5000001703,1000001406,20240320,1,53,1,,1,12000.00,0.00,12000.00
5000001713,1000001414,20240320,1,578,1,,1,12000.00,0.00,12000.00
5000001714,1000001415,20240320,1,384,1,,3,12000.00,0.00,36000.00
5000001715,1000001416,20240320,1,299,1,,2,12000.00,0.00,24000.00
5000001716,1000001416,20240320,2,299,1,,1,15000.00,0.00,15000.00
5000001717,1000001417,20240320,1,977,1,,1,12000.00,0.00,12000.00
5000001718,1000001418,20240321,2,978,1,,1,15000.00,0.00,15000.00
5000001719,1000001419,20240321,1,852,1,,2,12000.00,0.00,24000.00
5000001723,1000001422,20240321,2,469,1,,1,15000.00,0.00,15000.00
5000001724,1000001423,20240321,2,649,1,,2,15000.00,0.00,30000.00
5000001726,1000001425,20240321,1,980,1,,1,12000.00,0.00,12000.00
5000001732,1000001430,20240321,2,799,1,,1,15000.00,0.00,15000.00
5000001733,1000001431,20240321,1,78,1,,2,12000.00,0.00,24000.00
5000001734,1000001431,20240321,2,78,1,,1,15000.00,0.00,15000.00
5000001735,1000001432,20240321,2,982,1,,2,15000.00,0.00,30000.00
5000001736,1000001433,20240321,2,983,1,,1,15000.00,0.00,15000.00
5000001737,1000001434,20240322,1,883,1,,1,12000.00,0.00,12000.00
5000001738,1000001434,20240322,2,883,1,,2,15000.00,0.00,30000.00
5000001739,1000001435,20240322,2,984,1,,2,15000.00,0.00,30000.00
5000001742,1000001438,20240322,1,985,1,,1,12000.00,0.00,12000.00
5000001743,1000001439,20240322,2,157,1,,1,15000.00,0.00,15000.00
5000001745,1000001441,20240322,1,69,1,,4,12000.00,0.00,48000.00
5000001747,1000001443,20240322,2,676,1,,1,15000.00,0.00,15000.00
5000001748,1000001444,20240322,1,986,1,,2,12000.00,0.00,24000.00
5000001749,1000001445,20240323,1,713,1,,2,12000.00,0.00,24000.00
5000001750,1000001446,20240323,1,166,1,,1,12000.00,0.00,12000.00
5000001751,1000001446,20240323,2,166,1,,1,15000.00,0.00,15000.00
5000001753,1000001448,20240323,1,567,1,,1,12000.00,0.00,12000.00
5000001756,1000001451,20240323,1,800,1,,1,12000.00,0.00,12000.00
5000001761,1000001456,20240323,1,189,1,,15,12000.00,27000.00,153000.00
5000001762,1000001457,20240323,1,150,1,,1,12000.00,0.00,12000.00
5000001763,1000001458,20240323,2,944,1,,1,15000.00,0.00,15000.00
5000001766,1000001461,20240323,1,552,1,,2,12000.00,0.00,24000.00
5000001770,1000001464,20240323,1,989,1,,1,12000.00,0.00,12000.00
5000001771,1000001465,20240323,1,416,1,,2,12000.00,0.00,24000.00
5000001772,1000001466,20240323,1,869,1,,2,12000.00,0.00,24000.00
5000001773,1000001467,20240324,1,586,1,,2,12000.00,0.00,24000.00
5000001774,1000001468,20240324,1,231,1,,3,12000.00,0.00,36000.00
5000001775,1000001468,20240324,2,231,1,,2,15000.00,0.00,30000.00
5000001776,1000001469,20240324,1,294,1,,1,12000.00,0.00,12000.00
5000001777,1000001470,20240324,2,192,1,,1,15000.00,0.00,15000.00
5000001778,1000001471,20240324,1,7,1,,2,12000.00,0.00,24000.00
5000001779,1000001472,20240324,1,227,1,,1,12000.00,0.00,12000.00
5000001780,1000001472,20240324,2,227,1,,1,15000.00,0.00,15000.00
5000001781,1000001473,20240324,1,103,1,,2,12000.00,0.00,24000.00
5000001782,1000001474,20240324,1,812,1,,2,12000.00,0.00,24000.00
5000001783,1000001474,20240324,2,812,1,,4,15000.00,0.00,60000.00
5000001784,1000001475,20240324,2,263,1,,1,15000.00,0.00,15000.00
5000001785,1000001476,20240324,2,719,1,,3,15000.00,0.00,45000.00
5000001786,1000001477,20240325,2,991,1,,1,15000.00,0.00,15000.00
5000001789,1000001479,20240325,1,589,1,,1,12000.00,0.00,12000.00
5000001790,1000001480,20240325,1,579,1,,1,12000.00,0.00,12000.00
5000001791,1000001481,20240325,1,113,1,,2,12000.00,0.00,24000.00
5000001796,1000001485,20240325,1,759,1,,1,12000.00,0.00,12000.00
5000001797,1000001485,20240325,2,759,1,,1,15000.00,0.00,15000.00
5000001798,1000001486,20240326,2,667,1,,1,15000.00,0.00,15000.00
5000001800,1000001488,20240326,1,49,1,,1,12000.00,1200.00,10800.00
5000001801,1000001488,20240326,2,49,1,,3,15000.00,4500.00,40500.00
5000001805,1000001492,20240326,1,995,1,,3,12000.00,3600.00,32400.00
5000001806,1000001492,20240326,2,995,1,,1,15000.00,1500.00,13500.00
5000001807,1000001493,20240326,1,159,1,,2,12000.00,0.00,24000.00
5000001808,1000001493,20240326,2,159,1,,1,15000.00,0.00,15000.00
5000001809,1000001494,20240326,2,310,1,,1,15000.00,0.00,15000.00
5000001810,1000001495,20240326,2,169,1,,3,15000.00,0.00,45000.00
5000001812,1000001497,20240326,1,996,1,,2,12000.00,2400.00,21600.00
5000001813,1000001497,20240326,2,996,1,,1,15000.00,1500.00,13500.00
5000001814,1000001498,20240326,1,997,1,,1,12000.00,0.00,12000.00
5000001815,1000001499,20240326,1,70,1,,1,12000.00,1200.00,10800.00
5000001816,1000001500,20240326,1,468,1,,1,12000.00,0.00,12000.00
5000001817,1000001501,20240326,1,998,1,,2,12000.00,0.00,24000.00
5000001818,1000001502,20240326,1,3,1,,2,12000.00,0.00,24000.00
5000001819,1000001502,20240326,2,3,1,,1,15000.00,0.00,15000.00
5000001820,1000001503,20240326,1,243,1,,2,12000.00,0.00,24000.00
5000001821,1000001503,20240326,2,243,1,,1,15000.00,0.00,15000.00
5000001824,1000001505,20240326,1,272,1,,1,12000.00,0.00,12000.00
5000001825,1000001505,20240326,2,272,1,,1,15000.00,0.00,15000.00
5000001826,1000001506,20240326,1,73,1,,2,12000.00,2400.00,21600.00
5000001827,1000001507,20240326,1,333,1,,2,12000.00,2400.00,21600.00
5000001828,1000001507,20240326,2,333,1,,1,15000.00,1500.00,13500.00
5000001829,1000001508,20240327,1,16,1,,1,12000.00,0.00,12000.00
5000001830,1000001508,20240327,2,16,1,,1,15000.00,0.00,15000.00
5000001831,1000001509,20240327,1,999,1,,3,12000.00,0.00,36000.00
5000001832,1000001510,20240327,1,207,1,,1,12000.00,0.00,12000.00
5000001833,1000001510,20240327,2,207,1,,1,15000.00,0.00,15000.00
5000001836,1000001512,20240327,2,67,1,,3,15000.00,0.00,45000.00
5000001839,1000001515,20240327,1,420,1,,1,12000.00,0.00,12000.00
5000001841,1000001517,20240327,2,362,1,,12,15000.00,27000.00,153000.00
5000001843,1000001519,20240327,1,1001,1,,2,12000.00,0.00,24000.00
5000001844,1000001520,20240327,2,810,1,,2,15000.00,0.00,30000.00
5000001845,1000001521,20240327,1,461,1,,2,12000.00,0.00,24000.00
5000001847,1000001523,20240327,1,747,1,,1,12000.00,0.00,12000.00
5000001848,1000001524,20240327,2,963,1,,1,15000.00,0.00,15000.00
5000001849,1000001525,20240327,1,1002,1,,2,12000.00,0.00,24000.00
5000001850,1000001525,20240327,2,1002,1,,4,15000.00,0.00,60000.00
5000001851,1000001526,20240327,2,566,1,,3,15000.00,0.00,45000.00
5000001852,1000001527,20240328,1,531,1,,3,12000.00,0.00,36000.00
5000001853,1000001528,20240328,1,1003,1,,1,12000.00,0.00,12000.00
5000001854,1000001528,20240328,2,1003,1,,1,15000.00,0.00,15000.00
5000001859,1000001532,20240328,2,1006,1,,2,15000.00,0.00,30000.00
5000001860,1000001533,20240328,1,717,1,,3,12000.00,0.00,36000.00
5000001861,1000001533,20240328,2,717,1,,1,15000.00,0.00,15000.00
5000001863,1000001535,20240328,2,1007,1,,1,15000.00,0.00,15000.00
5000001864,1000001536,20240328,1,1008,1,,4,12000.00,0.00,48000.00
5000001866,1000001538,20240328,1,1009,1,,1,12000.00,0.00,12000.00
5000001867,1000001538,20240328,2,1009,1,,1,15000.00,0.00,15000.00
5000001868,1000001539,20240329,1,135,1,,2,12000.00,0.00,24000.00
5000001869,1000001540,20240329,1,457,1,,1,12000.00,0.00,12000.00
5000001870,1000001540,20240329,2,457,1,,2,15000.00,0.00,30000.00
5000001871,1000001541,20240329,2,296,1,,1,15000.00,0.00,15000.00
5000001878,1000001547,20240329,1,828,1,,1,12000.00,0.00,12000.00
5000001879,1000001547,20240329,2,828,1,,2,15000.00,0.00,30000.00
5000001885,1000001553,20240329,1,1012,1,,1,12000.00,0.00,12000.00
5000001887,1000001555,20240329,1,1013,1,,1,12000.00,0.00,12000.00
5000001888,1000001556,20240329,2,425,1,,1,15000.00,0.00,15000.00
5000001889,1000001557,20240329,1,912,1,,2,12000.00,0.00,24000.00
5000001890,1000001558,20240329,2,226,1,,2,15000.00,0.00,30000.00
5000001895,1000001563,20240330,1,338,1,,4,12000.00,0.00,48000.00
5000001896,1000001564,20240330,1,648,1,,4,12000.00,0.00,48000.00
5000001899,1000001567,20240330,1,353,1,,1,12000.00,0.00,12000.00
5000001901,1000001569,20240330,1,115,1,,1,12000.00,0.00,12000.00
5000001902,1000001570,20240330,1,1016,1,,1,12000.00,0.00,12000.00
5000001904,1000001572,20240330,2,1017,1,,3,15000.00,0.00,45000.00
5000001905,1000001573,20240330,1,923,1,,2,12000.00,0.00,24000.00
5000001906,1000001573,20240330,2,923,1,,1,15000.00,0.00,15000.00
5000001907,1000001574,20240330,1,797,1,,4,12000.00,0.00,48000.00
5000001908,1000001574,20240330,2,797,1,,1,15000.00,0.00,15000.00
5000001909,1000001575,20240330,2,716,1,,2,15000.00,0.00,30000.00
5000001910,1000001576,20240331,1,488,1,,1,12000.00,0.00,12000.00
5000001911,1000001577,20240331,1,1018,1,,2,12000.00,0.00,24000.00
5000001912,1000001578,20240331,1,464,1,,1,12000.00,0.00,12000.00
5000001913,1000001578,20240331,2,464,1,,1,15000.00,0.00,15000.00
5000001914,1000001579,20240331,2,1019,1,,1,15000.00,0.00,15000.00
5000001915,1000001580,20240331,1,622,1,,1,12000.00,0.00,12000.00
5000001916,1000001581,20240331,1,808,1,,1,12000.00,0.00,12000.00
5000001917,1000001582,20240331,2,182,1,,1,15000.00,0.00,15000.00
5000001918,1000001583,20240331,1,706,1,,1,12000.00,0.00,12000.00
5000001919,1000001584,20240331,1,1020,1,,2,12000.00,0.00,24000.00
5000001920,1000001585,20240331,1,281,1,,1,12000.00,0.00,12000.00
5000001921,1000001586,20240331,1,1021,1,,1,12000.00,0.00,12000.00
5000001922,1000001587,20240331,1,785,1,,2,12000.00,0.00,24000.00
5000001923,1000001587,20240331,2,785,1,,1,15000.00,0.00,15000.00
5000001924,1000001588,20240331,1,473,1,,4,12000.00,0.00,48000.00
5000001925,1000001588,20240331,2,473,1,,3,15000.00,0.00,45000.00
5000001926,1000001589,20240331,2,543,1,,2,15000.00,0.00,30000.00
5000001927,1000001590,20240331,1,107,1,,1,12000.00,0.00,12000.00
5000001928,1000001591,20240401,1,355,1,,1,12000.00,0.00,12000.00
5000001929,1000001591,20240401,2,355,1,,2,15000.00,0.00,30000.00
5000001931,1000001593,20240401,2,104,1,,2,15000.00,0.00,30000.00
5000001932,1000001594,20240401,1,1022,1,,1,12000.00,0.00,12000.00
5000001933,1000001594,20240401,2,1022,1,,1,15000.00,0.00,15000.00
5000001934,1000001595,20240401,1,574,1,,3,12000.00,0.00,36000.00
5000001935,1000001596,20240401,1,886,1,,2,12000.00,0.00,24000.00
5000001938,1000001599,20240401,1,827,1,,2,12000.00,0.00,24000.00
5000001939,1000001600,20240401,1,1023,1,,2,12000.00,0.00,24000.00
5000001942,1000001602,20240401,1,684,1,,2,12000.00,0.00,24000.00
5000001943,1000001603,20240401,1,1,1,,1,12000.00,0.00,12000.00
5000001944,1000001603,20240401,2,1,1,,1,15000.00,0.00,15000.00
5000001948,1000001606,20240401,1,126,1,,2,12000.00,0.00,24000.00
5000001949,1000001606,20240401,2,126,1,,1,15000.00,0.00,15000.00
5000001953,1000001609,20240401,1,572,1,,1,12000.00,0.00,12000.00
5000001956,1000001611,20240401,1,438,1,,2,12000.00,0.00,24000.00
5000001957,1000001611,20240401,2,438,1,,4,15000.00,0.00,60000.00
5000001958,1000001612,20240401,1,399,1,,1,12000.00,0.00,12000.00
5000001959,1000001612,20240401,2,399,1,,2,15000.00,0.00,30000.00
5000001961,1000001614,20240401,2,1026,1,,1,15000.00,0.00,15000.00
5000001962,1000001615,20240402,1,739,1,,1,12000.00,0.00,12000.00
5000001969,1000001620,20240402,2,755,1,,1,15000.00,0.00,15000.00
5000001970,1000001621,20240402,1,509,1,,2,12000.00,0.00,24000.00
5000001971,1000001622,20240402,1,1027,1,,2,12000.00,0.00,24000.00
5000001972,1000001623,20240403,2,845,1,,1,15000.00,0.00,15000.00
5000001973,1000001624,20240403,1,14,1,,4,12000.00,0.00,48000.00
5000001974,1000001625,20240403,1,402,1,,2,12000.00,0.00,24000.00
5000001975,1000001625,20240403,2,402,1,,3,15000.00,0.00,45000.00
5000001977,1000001627,20240403,2,1028,1,,2,15000.00,0.00,30000.00
5000001978,1000001628,20240403,1,527,1,,1,12000.00,0.00,12000.00
5000001984,1000001633,20240403,1,783,1,,1,12000.00,0.00,12000.00
5000001985,1000001634,20240403,1,1029,1,,4,12000.00,0.00,48000.00
5000001986,1000001635,20240404,2,484,1,,2,15000.00,0.00,30000.00
5000001987,1000001636,20240404,1,851,1,,4,12000.00,0.00,48000.00
5000001988,1000001637,20240404,1,663,1,,3,12000.00,0.00,36000.00
5000001989,1000001638,20240404,1,882,1,,1,12000.00,0.00,12000.00
5000001992,1000001640,20240404,2,1030,1,,2,15000.00,0.00,30000.00
5000001993,1000001641,20240404,2,909,1,,4,15000.00,0.00,60000.00
5000001997,1000001645,20240404,1,711,1,,1,12000.00,0.00,12000.00
5000002000,1000001648,20240404,2,84,1,,2,15000.00,0.00,30000.00
5000002001,1000001649,20240404,1,339,1,,1,12000.00,0.00,12000.00
5000002002,1000001649,20240404,2,339,1,,2,15000.00,0.00,30000.00
5000002005,1000001651,20240404,1,764,1,,2,12000.00,0.00,24000.00
5000002006,1000001651,20240404,2,764,1,,1,15000.00,0.00,15000.00
5000002007,1000001652,20240404,1,871,1,,3,12000.00,0.00,36000.00
5000002008,1000001652,20240404,2,871,1,,1,15000.00,0.00,15000.00
5000002009,1000001653,20240404,1,784,1,,1,12000.00,0.00,12000.00
5000002010,1000001654,20240405,2,279,1,,1,15000.00,0.00,15000.00
5000002011,1000001655,20240405,1,888,1,,1,12000.00,0.00,12000.00
5000002015,1000001658,20240405,1,92,1,,2,12000.00,0.00,24000.00
5000002016,1000001659,20240405,1,800,1,,1,12000.00,0.00,12000.00
5000002024,1000001666,20240405,1,969,1,,3,12000.00,0.00,36000.00
5000002025,1000001667,20240405,1,249,1,,1,12000.00,0.00,12000.00
5000002026,1000001668,20240405,2,802,1,,2,15000.00,1500.00,28500.00
5000002027,1000001669,20240405,2,411,1,,1,15000.00,0.00,15000.00
5000002028,1000001670,20240405,1,980,1,,1,12000.00,0.00,12000.00
5000002029,1000001671,20240406,1,761,1,,3,12000.00,0.00,36000.00
5000002030,1000001672,20240406,1,668,1,,2,12000.00,0.00,24000.00
5000002033,1000001674,20240406,1,941,1,,2,12000.00,0.00,24000.00
5000002034,1000001675,20240406,2,443,1,,4,15000.00,0.00,60000.00
5000002046,1000001685,20240406,1,633,1,,1,12000.00,600.00,11400.00
5000002047,1000001686,20240406,1,816,1,,1,12000.00,0.00,12000.00
5000002048,1000001687,20240406,2,357,2,1,1,15000.00,0.00,15000.00
5000002049,1000001688,20240406,1,973,2,2,2,12000.00,0.00,24000.00
5000002050,1000001689,20240406,2,422,2,3,12,15000.00,27000.00,153000.00
5000002051,1000001690,20240406,1,865,2,1,1,12000.00,1200.00,10800.00
5000002052,1000001691,20240406,1,1036,2,3,1,12000.00,0.00,12000.00
5000002053,1000001691,20240406,2,1036,2,3,1,15000.00,0.00,15000.00
5000002054,1000001692,20240406,1,291,2,2,1,12000.00,0.00,12000.00
5000002055,1000001692,20240406,2,291,2,2,1,15000.00,0.00,15000.00
5000002058,1000001695,20240406,2,301,2,1,2,15000.00,0.00,30000.00
5000002079,1000001711,20240408,1,186,2,1,3,12000.00,0.00,36000.00
5000002080,1000001712,20240408,2,388,2,4,2,15000.00,0.00,30000.00
5000002081,1000001713,20240408,2,1040,2,2,2,15000.00,0.00,30000.00
5000002082,1000001714,20240408,2,41,2,1,1,15000.00,0.00,15000.00
5000002083,1000001715,20240408,1,1041,2,3,2,12000.00,0.00,24000.00
5000002084,1000001716,20240408,2,743,2,2,1,15000.00,0.00,15000.00
5000002085,1000001717,20240408,1,1042,2,1,3,12000.00,0.00,36000.00
5000002086,1000001718,20240408,2,307,2,4,4,15000.00,0.00,60000.00
5000002088,1000001720,20240408,1,1044,2,3,4,12000.00,4800.00,43200.00
5000002089,1000001720,20240408,2,1044,2,3,1,15000.00,1500.00,13500.00
5000002103,1000001732,20240409,1,177,2,3,1,12000.00,0.00,12000.00
5000002104,1000001733,20240409,1,426,2,1,1,12000.00,0.00,12000.00
5000002105,1000001734,20240409,1,199,2,3,1,12000.00,0.00,12000.00
5000002113,1000001740,20240409,1,112,2,1,1,12000.00,0.00,12000.00
5000002119,1000001746,20240409,2,295,2,3,4,15000.00,0.00,60000.00
5000002120,1000001747,20240409,1,987,2,2,1,12000.00,0.00,12000.00
5000002129,1000001753,20240410,1,778,2,1,1,12000.00,0.00,12000.00
5000002130,1000001754,20240410,1,1050,2,4,2,12000.00,0.00,24000.00
5000002131,1000001754,20240410,2,1050,2,4,2,15000.00,0.00,30000.00
5000002136,1000001759,20240410,1,584,2,3,3,12000.00,0.00,36000.00
5000002137,1000001760,20240410,1,686,2,3,1,12000.00,0.00,12000.00
5000002138,1000001761,20240410,1,1052,2,3,3,12000.00,0.00,36000.00
5000002139,1000001761,20240410,2,1052,2,3,2,15000.00,0.00,30000.00
5000002140,1000001762,20240410,1,512,2,2,2,12000.00,0.00,24000.00
5000002154,1000001774,20240411,1,616,2,3,2,12000.00,0.00,24000.00
5000002155,1000001774,20240411,2,616,2,3,3,15000.00,0.00,45000.00
5000002156,1000001775,20240411,1,890,2,4,2,12000.00,0.00,24000.00
5000002157,1000001776,20240411,2,1056,2,4,3,15000.00,0.00,45000.00
5000002158,1000001777,20240411,1,224,2,3,2,12000.00,0.00,24000.00
5000002159,1000001777,20240411,2,224,2,3,1,15000.00,0.00,15000.00
5000002163,1000001781,20240411,1,682,2,4,1,12000.00,0.00,12000.00
5000002167,1000001785,20240412,1,198,2,1,1,12000.00,0.00,12000.00
5000002168,1000001786,20240412,1,1059,2,3,3,12000.00,0.00,36000.00
5000002169,1000001786,20240412,2,1059,2,3,1,15000.00,0.00,15000.00
5000002171,1000001788,20240412,1,444,2,1,2,12000.00,0.00,24000.00
5000002172,1000001789,20240412,2,994,2,1,1,15000.00,0.00,15000.00
5000002173,1000001790,20240412,1,509,2,3,1,12000.00,0.00,12000.00
5000002174,1000001791,20240412,1,1061,2,1,2,12000.00,0.00,24000.00
5000002175,1000001791,20240412,2,1061,2,1,2,15000.00,0.00,30000.00
5000002176,1000001792,20240412,2,493,2,4,2,15000.00,0.00,30000.00
5000002177,1000001793,20240412,1,975,2,1,2,12000.00,0.00,24000.00
5000002178,1000001793,20240412,2,975,2,1,1,15000.00,0.00,15000.00
5000002180,1000001795,20240412,1,1062,2,4,2,12000.00,0.00,24000.00
5000002186,1000001799,20240413,1,1063,2,3,2,12000.00,0.00,24000.00
5000002187,1000001800,20240413,1,710,2,3,3,12000.00,0.00,36000.00
5000002189,1000001802,20240413,1,707,2,2,2,12000.00,0.00,24000.00
5000002190,1000001803,20240413,1,101,2,2,1,12000.00,1200.00,10800.00
5000002191,1000001803,20240413,2,101,2,2,1,15000.00,1500.00,13500.00
5000002192,1000001804,20240413,1,102,2,1,1,12000.00,0.00,12000.00
5000002193,1000001805,20240413,1,280,2,2,1,12000.00,0.00,12000.00
5000002194,1000001806,20240413,2,1064,2,2,2,15000.00,0.00,30000.00
5000002218,1000001824,20240415,2,38,2,1,2,15000.00,0.00,30000.00
5000002219,1000001825,20240415,1,441,2,2,4,12000.00,0.00,48000.00
5000002220,1000001826,20240415,1,212,2,1,1,12000.00,0.00,12000.00
5000002221,1000001827,20240415,1,862,2,4,1,12000.00,0.00,12000.00
5000002222,1000001827,20240415,2,862,2,4,1,15000.00,0.00,15000.00
5000002223,1000001828,20240415,2,777,2,4,1,15000.00,0.00,15000.00
5000002230,1000001834,20240416,2,487,2,2,1,15000.00,0.00,15000.00
5000002231,1000001835,20240416,1,654,2,2,1,12000.00,0.00,12000.00
5000002232,1000001835,20240416,2,654,2,2,1,15000.00,0.00,15000.00
5000002233,1000001836,20240416,1,415,2,3,3,12000.00,0.00,36000.00
5000002236,1000001838,20240416,1,429,2,4,1,12000.00,0.00,12000.00
5000002238,1000001840,20240416,1,498,2,4,2,12000.00,0.00,24000.00
5000002239,1000001840,20240416,2,498,2,4,1,15000.00,0.00,15000.00
5000002241,1000001842,20240416,2,1010,2,3,4,15000.00,0.00,60000.00
5000002242,1000001843,20240416,1,541,2,3,2,12000.00,0.00,24000.00
5000002243,1000001843,20240416,2,541,2,3,1,15000.00,0.00,15000.00
5000002244,1000001844,20240416,1,245,2,2,1,12000.00,0.00,12000.00
5000002247,1000001847,20240417,1,205,2,3,1,12000.00,0.00,12000.00
5000002248,1000001848,20240417,2,924,2,1,2,15000.00,3000.00,27000.00
5000002249,1000001849,20240417,1,350,2,4,2,12000.00,0.00,24000.00
5000002250,1000001850,20240417,1,194,2,1,1,12000.00,0.00,12000.00
5000002251,1000001851,20240417,1,1074,2,2,1,12000.00,0.00,12000.00
5000002252,1000001851,20240417,2,1074,2,2,2,15000.00,0.00,30000.00
5000002255,1000001854,20240417,1,1021,2,1,1,12000.00,0.00,12000.00
5000002256,1000001855,20240417,1,407,2,4,1,12000.00,0.00,12000.00
5000002257,1000001856,20240417,1,957,2,2,2,12000.00,0.00,24000.00
5000002258,1000001857,20240417,1,875,2,3,2,12000.00,0.00,24000.00
5000002259,1000001857,20240417,2,875,2,3,1,15000.00,0.00,15000.00
5000002261,1000001859,20240417,1,1076,2,1,1,12000.00,0.00,12000.00
5000002262,1000001859,20240417,2,1076,2,1,1,15000.00,0.00,15000.00
5000002263,1000001860,20240417,2,803,2,1,1,15000.00,0.00,15000.00
5000002269,1000001866,20240418,2,477,2,3,2,15000.00,0.00,30000.00
5000002273,1000001869,20240418,1,158,2,3,1,12000.00,0.00,12000.00
5000002274,1000001870,20240418,1,866,2,3,1,12000.00,1200.00,10800.00
5000002280,1000001875,20240419,2,1042,2,1,2,15000.00,0.00,30000.00
5000002281,1000001876,20240419,2,871,2,4,1,15000.00,0.00,15000.00
5000002282,1000001877,20240419,1,758,2,2,2,12000.00,0.00,24000.00
5000002284,1000001879,20240419,2,1081,2,4,2,15000.00,0.00,30000.00
5000002286,1000001881,20240419,2,22,2,1,1,15000.00,0.00,15000.00
5000002287,1000001882,20240419,2,1082,2,1,1,15000.00,0.00,15000.00
5000002288,1000001883,20240419,1,562,2,1,3,12000.00,0.00,36000.00
5000002290,1000001885,20240419,2,516,2,3,3,15000.00,0.00,45000.00
5000002291,1000001886,20240419,1,465,2,4,4,12000.00,0.00,48000.00
5000002292,1000001887,20240419,2,501,2,2,3,15000.00,0.00,45000.00
5000002293,1000001888,20240419,1,1083,2,2,3,12000.00,0.00,36000.00
5000002294,1000001888,20240419,2,1083,2,2,1,15000.00,0.00,15000.00
5000002295,1000001889,20240419,2,162,2,3,2,15000.00,3000.00,27000.00
5000002296,1000001890,20240419,1,887,2,4,1,12000.00,0.00,12000.00
5000002298,1000001892,20240420,1,1085,2,3,2,12000.00,0.00,24000.00
5000002301,1000001894,20240420,2,580,2,3,1,15000.00,0.00,15000.00
5000002302,1000001895,20240420,1,714,2,4,1,12000.00,0.00,12000.00
5000002303,1000001895,20240420,2,714,2,4,1,15000.00,0.00,15000.00
5000002304,1000001896,20240420,1,693,2,1,1,12000.00,0.00,12000.00
5000002305,1000001897,20240420,1,662,2,3,2,12000.00,0.00,24000.00
5000002306,1000001898,20240420,2,641,2,3,1,15000.00,0.00,15000.00
5000002307,1000001899,20240420,1,504,2,4,1,12000.00,0.00,12000.00
5000002308,1000001899,20240420,2,504,2,4,1,15000.00,0.00,15000.00
5000002309,1000001900,20240420,1,761,2,1,1,12000.00,0.00,12000.00
5000002310,1000001901,20240420,1,860,2,3,1,12000.00,0.00,12000.00
5000002311,1000001901,20240420,2,860,2,3,2,15000.00,0.00,30000.00
5000002312,1000001902,20240420,1,895,2,3,1,12000.00,0.00,12000.00
5000002313,1000001903,20240420,2,1086,2,4,1,15000.00,1500.00,13500.00
5000002330,1000001917,20240422,1,771,2,2,3,12000.00,0.00,36000.00
5000002331,1000001918,20240422,1,1089,2,1,4,12000.00,0.00,48000.00
5000002332,1000001918,20240422,2,1089,2,1,1,15000.00,0.00,15000.00
5000002333,1000001919,20240422,1,273,2,3,2,12000.00,0.00,24000.00
5000002334,1000001920,20240422,2,454,2,2,1,15000.00,0.00,15000.00
5000002337,1000001923,20240422,2,261,2,2,2,15000.00,0.00,30000.00
5000002339,1000001925,20240422,2,1092,2,1,3,15000.00,0.00,45000.00
5000002352,1000001936,20240423,1,968,2,3,1,12000.00,0.00,12000.00
5000002353,1000001937,20240423,2,386,2,4,1,15000.00,0.00,15000.00
5000002355,1000001939,20240423,1,518,2,2,1,12000.00,0.00,12000.00
5000002356,1000001940,20240423,1,219,2,3,1,12000.00,0.00,12000.00
5000002358,1000001942,20240423,2,651,2,1,1,15000.00,0.00,15000.00
5000002359,1000001943,20240423,2,613,2,4,1,15000.00,0.00,15000.00
5000002363,1000001947,20240423,2,326,2,4,1,15000.00,0.00,15000.00
5000002372,1000001954,20240424,1,1032,2,1,1,12000.00,0.00,12000.00
5000002373,1000001954,20240424,2,1032,2,1,3,15000.00,0.00,45000.00
5000002374,1000001955,20240424,1,908,2,4,2,12000.00,0.00,24000.00
5000002375,1000001955,20240424,2,908,2,4,3,15000.00,0.00,45000.00
5000002376,1000001956,20240424,1,385,2,3,1,12000.00,0.00,12000.00
5000002377,1000001956,20240424,2,385,2,3,2,15000.00,0.00,30000.00
5000002379,1000001958,20240424,2,1098,2,4,1,15000.00,0.00,15000.00
5000002380,1000001959,20240424,2,1101,2,3,1,15000.00,0.00,15000.00
5000002383,1000001962,20240424,1,19,2,1,1,12000.00,0.00,12000.00
5000002392,1000001970,20240425,1,1103,2,2,2,12000.00,2400.00,21600.00
5000002393,1000001971,20240425,1,382,2,4,1,12000.00,0.00,12000.00
5000002395,1000001973,20240425,2,471,2,2,2,15000.00,0.00,30000.00
5000002396,1000001974,20240425,1,306,2,1,3,12000.00,0.00,36000.00
5000002397,1000001975,20240425,1,199,2,3,1,12000.00,0.00,12000.00
5000002398,1000001976,20240425,1,1104,2,1,2,12000.00,0.00,24000.00
5000002399,1000001976,20240425,2,1104,2,1,2,15000.00,0.00,30000.00
5000002402,1000001979,20240425,2,1106,2,3,1,15000.00,0.00,15000.00
5000002403,1000001980,20240425,1,1107,2,2,3,12000.00,0.00,36000.00
5000002411,1000001987,20240426,1,431,2,1,1,12000.00,1200.00,10800.00
5000002412,1000001988,20240426,1,1014,2,2,1,12000.00,0.00,12000.00
5000002413,1000001988,20240426,2,1014,2,2,4,15000.00,0.00,60000.00
5000002414,1000001989,20240426,2,927,2,3,2,15000.00,0.00,30000.00
5000002419,1000001993,20240426,1,1112,2,1,1,12000.00,0.00,12000.00
5000002420,1000001994,20240426,2,495,2,4,1,15000.00,0.00,15000.00
5000002421,1000001995,20240426,1,1113,2,1,3,12000.00,0.00,36000.00
5000002422,1000001995,20240426,2,1113,2,1,4,15000.00,0.00,60000.00
5000002427,1000001999,20240426,1,295,2,3,1,12000.00,0.00,12000.00
5000002428,1000001999,20240426,2,295,2,3,1,15000.00,0.00,15000.00
5000002429,1000002000,20240426,1,1015,2,3,2,12000.00,0.00,24000.00
5000002437,1000002007,20240427,1,729,2,3,1,12000.00,0.00,12000.00
5000002439,1000002009,20240427,1,1076,2,1,2,12000.00,0.00,24000.00
5000002440,1000002010,20240427,2,388,2,4,1,15000.00,0.00,15000.00
5000002441,1000002011,20240427,2,515,2,3,1,15000.00,0.00,15000.00
5000002442,1000002012,20240427,2,1044,2,3,1,15000.00,0.00,15000.00
5000002443,1000002013,20240427,1,430,2,4,1,12000.00,0.00,12000.00
5000002459,1000002027,20240429,2,250,2,3,1,15000.00,0.00,15000.00
5000002466,1000002032,20240429,1,1052,2,3,2,12000.00,0.00,24000.00
5000002468,1000002034,20240429,2,474,2,4,1,15000.00,0.00,15000.00
5000002470,1000002036,20240429,1,227,2,3,2,12000.00,0.00,24000.00
5000002471,1000002037,20240429,1,1119,2,3,3,12000.00,0.00,36000.00
5000002480,1000002044,20240430,1,327,2,4,2,12000.00,0.00,24000.00
5000002481,1000002044,20240430,2,327,2,4,2,15000.00,0.00,30000.00
5000002485,1000002048,20240430,1,1121,2,2,2,12000.00,0.00,24000.00
5000002486,1000002049,20240430,1,883,2,2,1,12000.00,0.00,12000.00
5000002487,1000002050,20240430,1,728,2,1,1,12000.00,0.00,12000.00
5000002488,1000002050,20240430,2,728,2,1,4,15000.00,0.00,60000.00
5000002490,1000002052,20240430,1,617,2,4,1,12000.00,0.00,12000.00
5000002491,1000002053,20240430,1,1122,2,1,2,12000.00,0.00,24000.00
5000002513,1000002070,20240502,1,966,2,2,1,12000.00,0.00,12000.00
5000002514,1000002071,20240502,1,143,2,2,1,12000.00,0.00,12000.00
5000002515,1000002071,20240502,2,143,2,2,1,15000.00,0.00,15000.00
5000002516,1000002072,20240502,1,686,2,3,1,12000.00,0.00,12000.00
5000002517,1000002072,20240502,2,686,2,3,3,15000.00,0.00,45000.00
5000002520,1000002075,20240502,1,634,2,4,1,12000.00,0.00,12000.00
5000002521,1000002075,20240502,2,634,2,4,2,15000.00,0.00,30000.00
5000002525,1000002078,20240502,1,928,2,1,1,12000.00,0.00,12000.00
5000002526,1000002078,20240502,2,928,2,1,1,15000.00,0.00,15000.00
5000002530,1000002082,20240502,2,647,2,3,1,15000.00,0.00,15000.00
5000002531,1000002083,20240502,1,235,2,1,2,12000.00,0.00,24000.00
5000002533,1000002085,20240502,1,1126,2,1,1,12000.00,0.00,12000.00
5000002534,1000002085,20240502,2,1126,2,1,1,15000.00,0.00,15000.00
5000002538,1000002089,20240503,1,793,2,2,1,12000.00,0.00,12000.00
5000002540,1000002091,20240503,2,131,2,1,3,15000.00,0.00,45000.00
5000002541,1000002092,20240503,2,531,2,4,2,15000.00,0.00,30000.00
5000002542,1000002093,20240503,1,655,2,4,1,12000.00,0.00,12000.00
5000002543,1000002094,20240503,1,459,2,3,1,12000.00,0.00,12000.00
5000002544,1000002094,20240503,2,459,2,3,2,15000.00,0.00,30000.00
5000002545,1000002095,20240503,1,1130,2,1,2,12000.00,0.00,24000.00
5000002546,1000002095,20240503,2,1130,2,1,2,15000.00,0.00,30000.00
5000002548,1000002097,20240504,1,1131,2,3,1,12000.00,0.00,12000.00
5000002549,1000002098,20240504,2,864,2,3,1,15000.00,0.00,15000.00
5000002552,1000002101,20240504,2,304,2,3,2,15000.00,0.00,30000.00
5000002553,1000002102,20240504,2,907,2,3,2,15000.00,0.00,30000.00
5000002554,1000002103,20240504,1,266,2,1,1,12000.00,0.00,12000.00
5000002556,1000002105,20240504,1,574,2,4,1,12000.00,0.00,12000.00
5000002571,1000002118,20240506,1,510,2,3,1,12000.00,0.00,12000.00
5000002572,1000002119,20240506,1,602,2,4,1,12000.00,0.00,12000.00
5000002573,1000002119,20240506,2,602,2,4,4,15000.00,0.00,60000.00
5000002574,1000002120,20240506,2,199,2,3,1,15000.00,0.00,15000.00
5000002575,1000002121,20240506,2,588,2,2,2,15000.00,0.00,30000.00
5000002590,1000002134,20240507,2,1138,2,1,3,15000.00,4500.00,40500.00
5000002591,1000002135,20240507,2,945,2,2,4,15000.00,6000.00,54000.00
5000002592,1000002136,20240507,2,1139,2,3,3,15000.00,0.00,45000.00
5000002593,1000002137,20240507,1,1086,2,4,2,12000.00,0.00,24000.00
5000002594,1000002138,20240507,2,198,2,1,1,15000.00,0.00,15000.00
5000002595,1000002139,20240507,1,1140,2,2,4,12000.00,0.00,48000.00
5000002596,1000002139,20240507,2,1140,2,2,1,15000.00,0.00,15000.00
5000002599,1000002141,20240507,1,516,2,3,1,12000.00,0.00,12000.00
5000002600,1000002141,20240507,2,516,2,3,3,15000.00,0.00,45000.00
5000002607,1000002147,20240508,1,757,2,1,1,12000.00,0.00,12000.00
5000002609,1000002149,20240508,1,1144,2,4,4,12000.00,0.00,48000.00
5000002611,1000002151,20240508,1,658,2,1,2,12000.00,0.00,24000.00
5000002612,1000002151,20240508,2,658,2,1,2,15000.00,0.00,30000.00
5000002614,1000002153,20240508,2,127,2,2,1,15000.00,0.00,15000.00
5000002615,1000002154,20240508,1,158,2,3,1,12000.00,0.00,12000.00
5000002618,1000002156,20240508,1,1146,2,4,3,12000.00,0.00,36000.00
5000002619,1000002157,20240508,1,738,2,2,1,12000.00,0.00,12000.00
5000002620,1000002157,20240508,2,738,2,2,4,15000.00,0.00,60000.00
5000002627,1000002162,20240509,2,519,2,3,1,15000.00,0.00,15000.00
5000002628,1000002163,20240509,2,146,2,1,1,15000.00,0.00,15000.00
5000002629,1000002164,20240509,1,331,2,2,1,12000.00,0.00,12000.00
5000002631,1000002166,20240509,1,1147,2,2,1,12000.00,0.00,12000.00
5000002632,1000002166,20240509,2,1147,2,2,2,15000.00,0.00,30000.00
5000002633,1000002167,20240509,2,1148,2,3,3,15000.00,0.00,45000.00
5000002640,1000002172,20240510,1,646,2,4,1,12000.00,0.00,12000.00
5000002641,1000002173,20240510,1,877,2,2,1,12000.00,0.00,12000.00
5000002644,1000002175,20240510,1,769,2,3,1,12000.00,0.00,12000.00
5000002645,1000002175,20240510,2,769,2,3,1,15000.00,0.00,15000.00
5000002646,1000002176,20240510,1,562,2,1,1,12000.00,0.00,12000.00
5000002648,1000002178,20240510,2,1080,2,1,2,15000.00,0.00,30000.00
5000002649,1000002179,20240510,1,1151,2,1,1,12000.00,0.00,12000.00
5000002651,1000002181,20240510,1,493,2,4,2,12000.00,0.00,24000.00
5000002652,1000002181,20240510,2,493,2,4,1,15000.00,0.00,15000.00
5000002654,1000002183,20240510,2,1059,2,3,3,15000.00,0.00,45000.00
5000002659,1000002187,20240511,1,135,2,1,4,12000.00,0.00,48000.00
5000002660,1000002187,20240511,2,135,2,1,1,15000.00,0.00,15000.00
5000002661,1000002188,20240511,1,585,2,2,1,12000.00,0.00,12000.00
5000002662,1000002189,20240511,1,1153,2,4,1,12000.00,1200.00,10800.00
5000002663,1000002190,20240511,2,1015,2,3,1,15000.00,0.00,15000.00
5000002664,1000002191,20240511,2,979,2,2,1,15000.00,0.00,15000.00
5000002665,1000002192,20240511,1,919,2,1,1,12000.00,0.00,12000.00
5000002666,1000002193,20240511,1,1154,2,1,3,12000.00,0.00,36000.00
5000002667,1000002194,20240511,2,656,2,1,1,15000.00,0.00,15000.00
5000002668,1000002195,20240511,1,130,2,2,1,12000.00,1200.00,10800.00
5000002669,1000002195,20240511,2,130,2,2,1,15000.00,1500.00,13500.00
5000002670,1000002196,20240511,2,1155,2,2,2,15000.00,0.00,30000.00
5000002671,1000002197,20240511,1,1156,2,2,1,12000.00,0.00,12000.00
5000002672,1000002198,20240511,1,1157,2,4,1,12000.00,0.00,12000.00
5000002673,1000002199,20240511,1,51,2,1,2,12000.00,0.00,24000.00
5000002695,1000002218,20240513,1,701,2,4,2,12000.00,0.00,24000.00
5000002697,1000002220,20240513,1,536,2,3,3,12000.00,3600.00,32400.00
5000002706,1000002228,20240513,2,119,2,1,1,15000.00,0.00,15000.00
5000002710,1000002232,20240513,2,628,2,3,1,15000.00,1500.00,13500.00
5000002727,1000002245,20240513,2,1165,2,1,2,15000.00,3000.00,27000.00
5000002729,1000002247,20240513,1,218,2,1,1,12000.00,1200.00,10800.00
5000002747,1000002263,20240514,1,583,2,4,1,12000.00,0.00,12000.00
5000002756,1000002271,20240514,1,686,2,3,2,12000.00,2400.00,21600.00
5000002757,1000002272,20240514,2,1041,2,3,3,15000.00,4500.00,40500.00
5000002758,1000002273,20240514,1,1175,2,1,1,12000.00,0.00,12000.00
5000002759,1000002274,20240514,1,1176,2,2,1,12000.00,0.00,12000.00
5000002760,1000002274,20240514,2,1176,2,2,1,15000.00,0.00,15000.00
5000002767,1000002279,20240514,2,795,2,2,1,15000.00,0.00,15000.00
5000002786,1000002293,20240515,1,453,2,3,1,12000.00,0.00,12000.00
5000002790,1000002297,20240515,1,375,2,3,1,12000.00,1200.00,10800.00
5000002791,1000002298,20240515,2,148,2,2,1,15000.00,1500.00,13500.00
5000002796,1000002302,20240515,1,1183,2,2,1,12000.00,0.00,12000.00
5000002803,1000002308,20240515,2,1005,2,1,1,15000.00,1500.00,13500.00
5000002804,1000002309,20240515,2,766,2,1,1,15000.00,1500.00,13500.00
5000002808,1000002312,20240515,2,887,2,4,1,15000.00,1500.00,13500.00
5000002822,1000002324,20240516,1,208,2,3,3,12000.00,0.00,36000.00
5000002823,1000002325,20240516,2,900,2,4,3,15000.00,0.00,45000.00
5000002824,1000002326,20240516,1,1192,2,3,2,12000.00,2400.00,21600.00
5000002825,1000002327,20240516,1,588,2,2,4,12000.00,0.00,48000.00
5000002828,1000002330,20240516,1,141,2,1,3,12000.00,0.00,36000.00
5000002829,1000002330,20240516,2,141,2,1,1,15000.00,0.00,15000.00
5000002831,1000002332,20240516,1,896,2,2,2,12000.00,2400.00,21600.00
5000002832,1000002333,20240516,1,434,2,4,4,12000.00,0.00,48000.00
5000002833,1000002334,20240516,2,600,2,2,1,15000.00,0.00,15000.00
5000002836,1000002337,20240517,1,131,2,1,1,12000.00,0.00,12000.00
5000002840,1000002341,20240517,2,1195,2,4,1,15000.00,0.00,15000.00
5000002841,1000002342,20240517,1,441,2,2,2,12000.00,0.00,24000.00
5000002842,1000002342,20240517,2,441,2,2,1,15000.00,0.00,15000.00
5000002846,1000002345,20240517,1,799,2,1,2,12000.00,0.00,24000.00
5000002847,1000002346,20240517,2,1196,2,1,1,15000.00,0.00,15000.00
5000002850,1000002349,20240517,2,1024,2,4,1,15000.00,0.00,15000.00
5000002852,1000002351,20240517,1,136,2,1,1,12000.00,0.00,12000.00
5000002853,1000002351,20240517,2,136,2,1,4,15000.00,0.00,60000.00
5000002854,1000002352,20240517,1,542,2,2,1,12000.00,0.00,12000.00
5000002862,1000002359,20240518,1,1197,2,4,2,12000.00,2400.00,21600.00
5000002863,1000002359,20240518,2,1197,2,4,2,15000.00,3000.00,27000.00
5000002864,1000002360,20240518,1,188,2,3,2,12000.00,0.00,24000.00
5000002865,1000002360,20240518,2,188,2,3,4,15000.00,0.00,60000.00
5000002866,1000002361,20240518,1,376,2,4,1,12000.00,0.00,12000.00
5000002867,1000002361,20240518,2,376,2,4,1,15000.00,0.00,15000.00
5000002868,1000002362,20240518,1,1198,2,3,3,12000.00,0.00,36000.00
5000002869,1000002362,20240518,2,1198,2,3,2,15000.00,0.00,30000.00
5000002870,1000002363,20240518,1,1199,2,1,2,12000.00,0.00,24000.00
5000002871,1000002363,20240518,2,1199,2,1,4,15000.00,0.00,60000.00
5000002872,1000002364,20240518,1,232,2,2,1,12000.00,0.00,12000.00
5000002873,1000002365,20240518,1,426,2,1,1,12000.00,0.00,12000.00
5000002878,1000002369,20240518,1,258,2,1,1,12000.00,0.00,12000.00
5000002879,1000002370,20240518,2,925,2,2,2,15000.00,0.00,30000.00
5000002899,1000002387,20240520,1,321,2,1,1,12000.00,1200.00,10800.00
5000002901,1000002389,20240520,1,1083,2,2,2,12000.00,0.00,24000.00
5000002905,1000002392,20240520,1,1205,2,3,2,12000.00,0.00,24000.00
5000002906,1000002392,20240520,2,1205,2,3,1,15000.00,0.00,15000.00
5000002908,1000002394,20240520,1,907,2,3,1,12000.00,0.00,12000.00
5000002909,1000002394,20240520,2,907,2,3,1,15000.00,0.00,15000.00
5000002912,1000002396,20240520,1,850,2,3,1,12000.00,0.00,12000.00
5000002913,1000002396,20240520,2,850,2,3,2,15000.00,0.00,30000.00
5000002914,1000002397,20240520,1,665,2,3,1,12000.00,0.00,12000.00
5000002915,1000002397,20240520,2,665,2,3,2,15000.00,0.00,30000.00
5000002929,1000002408,20240521,1,1207,2,3,1,12000.00,0.00,12000.00
5000002930,1000002409,20240521,2,1208,2,2,1,15000.00,0.00,15000.00
5000002931,1000002410,20240521,1,1209,2,1,3,12000.00,0.00,36000.00
5000002932,1000002410,20240521,2,1209,2,1,1,15000.00,0.00,15000.00
5000002933,1000002411,20240521,1,617,2,4,1,12000.00,0.00,12000.00
5000002934,1000002411,20240521,2,617,2,4,2,15000.00,0.00,30000.00
5000002937,1000002413,20240521,1,320,2,3,1,12000.00,0.00,12000.00
5000002938,1000002413,20240521,2,320,2,3,1,15000.00,0.00,15000.00
5000002940,1000002415,20240522,1,451,2,4,2,12000.00,0.00,24000.00
5000002941,1000002416,20240522,1,1210,2,1,1,12000.00,0.00,12000.00
5000002942,1000002416,20240522,2,1210,2,1,1,15000.00,0.00,15000.00
5000002943,1000002417,20240522,1,591,2,4,1,12000.00,0.00,12000.00
5000002944,1000002418,20240522,2,491,2,2,4,15000.00,0.00,60000.00
5000002948,1000002421,20240522,2,199,2,3,4,15000.00,0.00,60000.00
5000002949,1000002422,20240522,1,1033,2,2,1,12000.00,0.00,12000.00
5000002954,1000002426,20240522,1,111,2,2,4,12000.00,0.00,48000.00
5000002956,1000002428,20240522,2,924,2,1,1,15000.00,0.00,15000.00
5000002958,1000002430,20240522,1,679,2,3,1,12000.00,0.00,12000.00
5000002967,1000002438,20240523,2,1215,2,1,1,15000.00,0.00,15000.00
5000002969,1000002440,20240523,1,395,2,1,2,12000.00,0.00,24000.00
5000002971,1000002442,20240523,1,1217,2,4,2,12000.00,0.00,24000.00
5000002972,1000002442,20240523,2,1217,2,4,1,15000.00,0.00,15000.00
5000002973,1000002443,20240523,1,743,2,2,1,12000.00,0.00,12000.00
5000002974,1000002444,20240523,2,515,2,3,1,15000.00,0.00,15000.00
5000002977,1000002447,20240523,1,539,2,1,6,12000.00,10800.00,61200.00
5000002978,1000002447,20240523,2,539,2,1,10,15000.00,22500.00,127500.00
5000002981,1000002450,20240524,1,250,2,3,1,12000.00,0.00,12000.00
5000002982,1000002450,20240524,2,250,2,3,1,15000.00,0.00,15000.00
5000002983,1000002451,20240524,1,308,2,2,1,12000.00,0.00,12000.00
5000002984,1000002452,20240524,1,138,2,1,3,12000.00,0.00,36000.00
5000002985,1000002452,20240524,2,138,2,1,2,15000.00,0.00,30000.00
5000002991,1000002456,20240524,1,1220,2,1,1,12000.00,0.00,12000.00
5000002992,1000002457,20240524,1,1221,2,2,3,12000.00,0.00,36000.00
5000002993,1000002458,20240524,2,1222,2,3,2,15000.00,0.00,30000.00
5000002996,1000002460,20240524,2,292,2,4,1,15000.00,0.00,15000.00
5000002997,1000002461,20240524,1,1113,2,1,2,12000.00,0.00,24000.00
5000002998,1000002462,20240524,2,267,2,1,2,15000.00,0.00,30000.00
5000003010,1000002473,20240525,2,330,2,1,4,15000.00,0.00,60000.00
5000003014,1000002477,20240525,1,437,2,4,1,12000.00,0.00,12000.00
5000003015,1000002477,20240525,2,437,2,4,1,15000.00,0.00,15000.00
5000003016,1000002478,20240525,2,407,2,4,1,15000.00,1500.00,13500.00
5000003017,1000002479,20240525,1,37,2,1,1,12000.00,0.00,12000.00
5000003018,1000002480,20240525,1,1100,2,1,1,12000.00,0.00,12000.00
5000003019,1000002481,20240525,2,1226,2,4,2,15000.00,0.00,30000.00
5000003020,1000002482,20240525,1,177,2,3,2,12000.00,0.00,24000.00
5000003022,1000002484,20240525,1,801,2,4,2,12000.00,0.00,24000.00
5000003023,1000002484,20240525,2,801,2,4,1,15000.00,0.00,15000.00
5000003024,1000002485,20240525,1,601,2,4,3,12000.00,0.00,36000.00
5000003040,1000002498,20240527,1,1230,2,2,2,12000.00,0.00,24000.00
5000003041,1000002498,20240527,2,1230,2,2,1,15000.00,0.00,15000.00
5000003044,1000002500,20240527,1,859,2,2,2,12000.00,0.00,24000.00
5000003046,1000002502,20240527,1,1233,2,2,3,12000.00,0.00,36000.00
5000003048,1000002504,20240527,2,273,2,3,2,15000.00,0.00,30000.00
5000003049,1000002505,20240527,1,454,2,2,1,12000.00,0.00,12000.00
5000003050,1000002506,20240527,2,754,2,4,1,15000.00,1500.00,13500.00
5000003051,1000002507,20240527,1,1147,2,2,1,12000.00,0.00,12000.00
5000003052,1000002508,20240527,2,698,2,2,1,15000.00,0.00,15000.00
5000003053,1000002509,20240527,1,1235,2,3,1,12000.00,0.00,12000.00
5000003054,1000002510,20240527,2,1236,2,1,1,15000.00,0.00,15000.00
5000003055,1000002511,20240527,2,954,2,2,15,15000.00,33750.00,191250.00
5000003056,1000002512,20240527,2,867,2,3,2,15000.00,0.00,30000.00
5000003058,1000002514,20240527,1,560,2,2,1,12000.00,0.00,12000.00
5000003059,1000002515,20240527,1,8,2,1,1,12000.00,0.00,12000.00
5000003067,1000002523,20240528,1,474,2,4,2,12000.00,0.00,24000.00
5000003069,1000002525,20240528,1,571,2,4,1,12000.00,0.00,12000.00
5000003078,1000002532,20240529,1,246,2,2,1,12000.00,0.00,12000.00
5000003079,1000002532,20240529,2,246,2,2,1,15000.00,0.00,15000.00
5000003080,1000002533,20240529,2,707,2,2,1,15000.00,0.00,15000.00
5000003082,1000002535,20240529,1,1241,2,2,3,12000.00,0.00,36000.00
5000003083,1000002535,20240529,2,1241,2,2,1,15000.00,0.00,15000.00
5000003084,1000002536,20240529,1,388,2,4,1,12000.00,0.00,12000.00
5000003086,1000002538,20240529,2,345,2,4,1,15000.00,0.00,15000.00
5000003087,1000002539,20240529,2,641,2,3,1,15000.00,1500.00,13500.00
5000003090,1000002541,20240529,1,841,2,2,1,12000.00,0.00,12000.00
5000003091,1000002542,20240529,1,1051,2,3,1,12000.00,0.00,12000.00
5000003092,1000002542,20240529,2,1051,2,3,2,15000.00,0.00,30000.00
5000003093,1000002543,20240529,1,741,2,2,1,12000.00,0.00,12000.00
5000003094,1000002543,20240529,2,741,2,2,1,15000.00,0.00,15000.00
5000003095,1000002544,20240529,2,1061,2,1,4,15000.00,0.00,60000.00
5000003096,1000002545,20240529,1,93,2,2,1,12000.00,0.00,12000.00
5000003098,1000002547,20240529,2,508,2,2,2,15000.00,0.00,30000.00
5000003099,1000002548,20240529,1,1243,2,2,3,12000.00,0.00,36000.00
5000003107,1000002554,20240530,1,1245,2,2,3,12000.00,0.00,36000.00
5000003108,1000002555,20240530,1,1246,2,4,4,12000.00,0.00,48000.00
5000003109,1000002555,20240530,2,1246,2,4,1,15000.00,0.00,15000.00
5000003110,1000002556,20240530,2,901,2,1,1,15000.00,0.00,15000.00
5000003111,1000002557,20240530,1,848,2,4,1,12000.00,0.00,12000.00
5000003113,1000002559,20240530,2,838,2,1,1,15000.00,0.00,15000.00
5000003115,1000002561,20240530,2,555,2,2,1,15000.00,0.00,15000.00
5000003121,1000002567,20240531,1,919,2,1,1,12000.00,0.00,12000.00
5000003122,1000002567,20240531,2,919,2,1,2,15000.00,0.00,30000.00
5000003124,1000002569,20240531,2,877,2,2,13,15000.00,29250.00,165750.00
5000003126,1000002571,20240531,2,1250,2,1,1,15000.00,0.00,15000.00
5000003128,1000002573,20240531,1,1034,2,2,2,12000.00,0.00,24000.00
5000003131,1000002575,20240531,1,462,2,1,1,12000.00,0.00,12000.00
5000003132,1000002575,20240531,2,462,2,1,1,15000.00,0.00,15000.00
5000003134,1000002577,20240531,1,127,2,2,2,12000.00,0.00,24000.00
5000003138,1000002581,20240601,1,1205,2,3,2,12000.00,0.00,24000.00
5000003139,1000002582,20240601,2,236,2,2,1,15000.00,0.00,15000.00
5000003140,1000002583,20240601,2,1253,2,3,2,15000.00,0.00,30000.00
5000003141,1000002584,20240601,2,882,2,1,1,15000.00,0.00,15000.00
5000003142,1000002585,20240601,1,413,2,4,1,12000.00,0.00,12000.00
5000003143,1000002585,20240601,2,413,2,4,3,15000.00,0.00,45000.00
5000003144,1000002586,20240601,2,213,2,3,1,15000.00,0.00,15000.00
5000003145,1000002587,20240601,2,753,2,2,2,15000.00,0.00,30000.00
5000003146,1000002588,20240601,2,458,2,1,1,15000.00,0.00,15000.00
5000003147,1000002589,20240601,1,198,2,1,1,12000.00,0.00,12000.00
5000003148,1000002589,20240601,2,198,2,1,1,15000.00,0.00,15000.00
5000003151,1000002591,20240601,1,385,2,3,2,12000.00,0.00,24000.00
5000003152,1000002591,20240601,2,385,2,3,1,15000.00,0.00,15000.00
5000003153,1000002592,20240601,1,121,2,2,1,12000.00,0.00,12000.00
5000003154,1000002593,20240601,1,1255,2,4,2,12000.00,2400.00,21600.00
5000003155,1000002594,20240601,1,1052,2,3,1,12000.00,0.00,12000.00
5000003172,1000002609,20240603,1,358,2,3,1,12000.00,0.00,12000.00
5000003173,1000002610,20240603,1,587,2,4,4,12000.00,0.00,48000.00
5000003174,1000002610,20240603,2,587,2,4,2,15000.00,0.00,30000.00
5000003175,1000002611,20240603,2,247,2,1,2,15000.00,0.00,30000.00
5000003176,1000002612,20240603,1,1261,2,2,2,12000.00,2400.00,21600.00
5000003177,1000002612,20240603,2,1261,2,2,1,15000.00,1500.00,13500.00
5000003180,1000002615,20240603,2,415,2,3,2,15000.00,0.00,30000.00
5000003181,1000002616,20240603,1,1262,2,1,3,12000.00,0.00,36000.00
5000003183,1000002618,20240603,2,897,2,2,4,15000.00,0.00,60000.00
5000003184,1000002619,20240603,2,1263,2,1,1,15000.00,0.00,15000.00
5000003185,1000002620,20240603,1,512,2,2,1,12000.00,0.00,12000.00
5000003186,1000002621,20240603,1,259,2,2,1,12000.00,0.00,12000.00
5000003197,1000002631,20240604,1,757,2,1,2,12000.00,0.00,24000.00
5000003198,1000002631,20240604,2,757,2,1,2,15000.00,0.00,30000.00
5000003200,1000002633,20240604,2,1040,2,2,2,15000.00,0.00,30000.00
5000003202,1000002635,20240604,1,1035,2,2,2,12000.00,0.00,24000.00
5000003205,1000002638,20240604,1,1268,2,3,1,12000.00,0.00,12000.00
5000003206,1000002638,20240604,2,1268,2,3,2,15000.00,0.00,30000.00
5000003209,1000002640,20240604,1,1269,2,4,3,12000.00,0.00,36000.00
5000003210,1000002641,20240604,2,160,2,1,1,15000.00,0.00,15000.00
5000003215,1000002646,20240605,1,406,2,2,1,12000.00,0.00,12000.00
5000003216,1000002647,20240605,1,444,2,1,1,12000.00,0.00,12000.00
5000003217,1000002648,20240605,1,900,2,4,1,12000.00,0.00,12000.00
5000003218,1000002648,20240605,2,900,2,4,2,15000.00,0.00,30000.00
5000003219,1000002649,20240605,2,1272,2,2,1,15000.00,0.00,15000.00
5000003221,1000002651,20240605,2,239,2,3,3,15000.00,0.00,45000.00
5000003222,1000002652,20240605,1,510,2,3,1,12000.00,0.00,12000.00
5000003223,1000002652,20240605,2,510,2,3,2,15000.00,0.00,30000.00
5000003228,1000002657,20240605,1,1003,2,3,1,12000.00,0.00,12000.00
5000003229,1000002658,20240605,2,651,2,1,2,15000.00,0.00,30000.00
5000003235,1000002662,20240606,1,613,2,4,2,12000.00,0.00,24000.00
5000003236,1000002662,20240606,2,613,2,4,1,15000.00,0.00,15000.00
5000003237,1000002663,20240606,2,987,2,2,1,15000.00,0.00,15000.00
5000003239,1000002665,20240606,2,251,2,1,1,15000.00,0.00,15000.00
5000003240,1000002666,20240606,1,1146,2,4,1,12000.00,0.00,12000.00
5000003244,1000002669,20240606,2,871,2,4,1,15000.00,0.00,15000.00
5000003250,1000002674,20240606,2,1276,2,1,4,15000.00,0.00,60000.00
5000003254,1000002678,20240606,2,1277,2,1,1,15000.00,0.00,15000.00
5000003256,1000002680,20240606,2,903,2,2,4,15000.00,0.00,60000.00
5000003257,1000002681,20240606,1,349,2,4,2,12000.00,0.00,24000.00
5000003264,1000002687,20240607,2,989,2,3,1,15000.00,0.00,15000.00
5000003265,1000002688,20240607,2,164,2,1,1,15000.00,0.00,15000.00
5000003266,1000002689,20240607,1,426,2,1,3,12000.00,0.00,36000.00
5000003268,1000002691,20240607,1,1280,2,4,1,12000.00,0.00,12000.00
5000003269,1000002692,20240607,2,1281,2,3,2,15000.00,3000.00,27000.00
5000003271,1000002694,20240607,1,1282,2,3,1,12000.00,0.00,12000.00
5000003272,1000002694,20240607,2,1282,2,3,1,15000.00,0.00,15000.00
5000003274,1000002696,20240607,2,368,2,2,1,15000.00,0.00,15000.00
5000003275,1000002697,20240607,2,634,2,4,1,15000.00,0.00,15000.00
5000003276,1000002698,20240607,2,35,2,1,2,15000.00,0.00,30000.00
5000003279,1000002701,20240607,1,1283,2,1,3,12000.00,0.00,36000.00
5000003280,1000002701,20240607,2,1283,2,1,1,15000.00,0.00,15000.00
5000003290,1000002711,20240608,1,1076,2,1,1,12000.00,0.00,12000.00
5000003291,1000002712,20240608,1,1288,2,1,1,12000.00,0.00,12000.00
5000003292,1000002713,20240608,2,1289,2,4,2,15000.00,3000.00,27000.00
5000003293,1000002714,20240608,2,925,2,2,2,15000.00,0.00,30000.00
5000003294,1000002715,20240608,1,193,2,2,1,12000.00,0.00,12000.00
5000003295,1000002715,20240608,2,193,2,2,1,15000.00,0.00,15000.00
5000003296,1000002716,20240608,2,1290,2,1,1,15000.00,0.00,15000.00
5000003297,1000002717,20240608,1,1291,2,2,3,12000.00,0.00,36000.00
5000003298,1000002718,20240608,1,1292,2,4,2,12000.00,0.00,24000.00
5000003299,1000002719,20240608,2,232,2,2,1,15000.00,0.00,15000.00
5000003302,1000002721,20240608,1,1294,2,1,1,12000.00,0.00,12000.00
5000003303,1000002721,20240608,2,1294,2,1,2,15000.00,0.00,30000.00
5000003305,1000002723,20240608,1,145,2,2,2,12000.00,0.00,24000.00
5000003306,1000002723,20240608,2,145,2,2,2,15000.00,0.00,30000.00
5000003307,1000002724,20240608,1,188,2,3,2,12000.00,0.00,24000.00
5000003308,1000002724,20240608,2,188,2,3,1,15000.00,0.00,15000.00
5000003309,1000002725,20240608,1,432,2,4,2,12000.00,0.00,24000.00
5000003310,1000002725,20240608,2,432,2,4,1,15000.00,0.00,15000.00
5000003311,1000002726,20240608,2,1157,2,4,1,15000.00,0.00,15000.00
5000003312,1000002727,20240608,1,1295,2,1,3,12000.00,0.00,36000.00
5000003313,1000002728,20240608,1,1296,2,2,1,12000.00,0.00,12000.00
5000003314,1000002728,20240608,2,1296,2,2,1,15000.00,0.00,15000.00
5000003315,1000002729,20240608,2,221,2,1,1,15000.00,0.00,15000.00
5000003316,1000002730,20240608,1,573,2,1,2,12000.00,0.00,24000.00
5000003317,1000002730,20240608,2,573,2,1,1,15000.00,0.00,15000.00
5000003318,1000002731,20240608,2,795,2,2,2,15000.00,0.00,30000.00
5000003319,1000002732,20240608,1,805,2,4,2,12000.00,0.00,24000.00
5000003320,1000002732,20240608,2,805,2,4,1,15000.00,0.00,15000.00
5000003324,1000002735,20240608,1,203,2,2,2,12000.00,0.00,24000.00
5000003325,1000002736,20240608,1,1298,2,1,1,12000.00,0.00,12000.00
5000003326,1000002737,20240608,2,1006,2,2,2,15000.00,0.00,30000.00
5000003349,1000002757,20240610,1,994,2,1,1,12000.00,0.00,12000.00
5000003350,1000002757,20240610,2,994,2,1,2,15000.00,0.00,30000.00
5000003352,1000002759,20240610,1,76,2,2,1,12000.00,0.00,12000.00
5000003353,1000002760,20240610,2,688,2,2,1,15000.00,0.00,15000.00
5000003354,1000002761,20240610,2,1151,2,1,1,15000.00,0.00,15000.00
5000003358,1000002765,20240610,1,1303,2,4,1,12000.00,0.00,12000.00
5000003359,1000002765,20240610,2,1303,2,4,1,15000.00,0.00,15000.00
5000003370,1000002775,20240611,1,1052,2,3,1,12000.00,0.00,12000.00
5000003374,1000002778,20240611,1,427,2,3,3,12000.00,0.00,36000.00
5000003375,1000002778,20240611,2,427,2,3,1,15000.00,0.00,15000.00
5000003376,1000002779,20240611,1,529,2,1,2,12000.00,0.00,24000.00
5000003377,1000002779,20240611,2,529,2,1,2,15000.00,0.00,30000.00
5000003378,1000002780,20240611,1,209,2,1,2,12000.00,0.00,24000.00
5000003379,1000002781,20240611,2,656,2,1,1,15000.00,0.00,15000.00
5000003382,1000002784,20240611,2,1261,2,2,1,15000.00,0.00,15000.00
5000003383,1000002785,20240611,1,491,2,2,4,12000.00,0.00,48000.00
5000003384,1000002786,20240611,2,430,2,4,1,15000.00,0.00,15000.00
5000003385,1000002787,20240611,2,205,2,3,1,15000.00,1500.00,13500.00
5000003386,1000002788,20240611,2,326,2,4,3,15000.00,0.00,45000.00
5000003388,1000002790,20240611,2,1307,2,1,2,15000.00,0.00,30000.00
5000003389,1000002791,20240611,2,628,2,3,3,15000.00,0.00,45000.00
5000003390,1000002792,20240611,2,961,2,1,1,15000.00,0.00,15000.00
5000003391,1000002793,20240611,1,87,2,1,3,12000.00,0.00,36000.00
5000003392,1000002793,20240611,2,87,2,1,1,15000.00,0.00,15000.00
5000003393,1000002794,20240611,1,1195,2,4,2,12000.00,0.00,24000.00
5000003401,1000002801,20240612,2,1308,2,3,1,15000.00,0.00,15000.00
5000003404,1000002803,20240612,1,586,2,1,4,12000.00,0.00,48000.00
5000003405,1000002804,20240612,1,1310,2,1,1,12000.00,0.00,12000.00
5000003406,1000002804,20240612,2,1310,2,1,1,15000.00,0.00,15000.00
5000003407,1000002805,20240612,2,80,2,2,2,15000.00,0.00,30000.00
5000003409,1000002807,20240612,1,265,2,1,1,12000.00,0.00,12000.00
5000003410,1000002807,20240612,2,265,2,1,2,15000.00,0.00,30000.00
5000003411,1000002808,20240612,2,981,2,2,1,15000.00,0.00,15000.00
5000003412,1000002809,20240612,1,338,2,1,2,12000.00,0.00,24000.00
5000003413,1000002810,20240612,2,1311,2,3,1,15000.00,0.00,15000.00
5000003414,1000002811,20240612,2,395,2,1,2,15000.00,0.00,30000.00
5000003416,1000002813,20240612,2,1312,2,4,1,15000.00,0.00,15000.00
5000003418,1000002815,20240612,2,626,2,1,2,15000.00,0.00,30000.00
5000003419,1000002816,20240612,2,516,2,3,1,15000.00,0.00,15000.00
5000003421,1000002818,20240612,1,762,2,2,1,12000.00,0.00,12000.00
5000003436,1000002831,20240613,1,600,2,2,4,12000.00,0.00,48000.00
5000003437,1000002831,20240613,2,600,2,2,1,15000.00,0.00,15000.00
5000003438,1000002832,20240613,1,1318,2,2,2,12000.00,0.00,24000.00
5000003443,1000002836,20240613,2,1321,2,2,1,15000.00,0.00,15000.00
5000003444,1000002837,20240613,2,729,2,3,1,15000.00,0.00,15000.00
5000003447,1000002839,20240613,2,442,2,2,4,15000.00,0.00,60000.00
5000003448,1000002840,20240613,1,199,2,3,3,12000.00,0.00,36000.00
5000003451,1000002842,20240613,1,331,2,2,2,12000.00,0.00,24000.00
5000003452,1000002843,20240613,2,763,2,2,1,15000.00,1500.00,13500.00
5000003454,1000002845,20240613,1,1322,2,4,1,12000.00,0.00,12000.00
5000003459,1000002848,20240613,2,1203,2,1,2,15000.00,3000.00,27000.00
5000003460,1000002849,20240613,1,1230,2,2,1,12000.00,0.00,12000.00
5000003461,1000002850,20240613,2,435,2,4,7,15000.00,15750.00,89250.00
5000003469,1000002857,20240614,2,887,2,4,2,15000.00,0.00,30000.00
5000003471,1000002859,20240614,2,194,2,1,1,15000.00,0.00,15000.00
5000003472,1000002860,20240614,1,690,2,1,1,12000.00,0.00,12000.00
5000003473,1000002861,20240614,2,594,2,4,1,15000.00,0.00,15000.00
5000003474,1000002862,20240614,1,185,2,1,2,12000.00,0.00,24000.00
5000003475,1000002863,20240614,1,1324,2,1,1,12000.00,0.00,12000.00
5000003476,1000002863,20240614,2,1324,2,1,2,15000.00,0.00,30000.00
5000003477,1000002864,20240614,1,754,2,4,1,12000.00,0.00,12000.00
5000003478,1000002865,20240614,1,1325,2,1,2,12000.00,2400.00,21600.00
5000003479,1000002866,20240614,2,1010,2,3,2,15000.00,0.00,30000.00
5000003480,1000002867,20240614,1,101,2,2,1,12000.00,0.00,12000.00
5000003481,1000002867,20240614,2,101,2,2,2,15000.00,0.00,30000.00
5000003482,1000002868,20240614,2,580,2,3,1,15000.00,0.00,15000.00
5000003483,1000002869,20240614,2,1326,2,1,3,15000.00,4500.00,40500.00
5000003485,1000002871,20240614,2,1015,2,3,1,15000.00,0.00,15000.00
5000003486,1000002872,20240614,1,1327,2,4,1,12000.00,0.00,12000.00
5000003487,1000002872,20240614,2,1327,2,4,4,15000.00,0.00,60000.00
5000003490,1000002875,20240614,1,375,2,3,1,12000.00,0.00,12000.00
5000003500,1000002884,20240615,2,308,2,2,3,15000.00,0.00,45000.00
5000003501,1000002885,20240615,2,250,2,3,1,15000.00,0.00,15000.00
5000003505,1000002888,20240615,2,426,2,1,1,15000.00,0.00,15000.00
5000003506,1000002889,20240615,1,987,2,2,1,12000.00,0.00,12000.00
5000003507,1000002890,20240615,1,230,2,2,1,12000.00,0.00,12000.00
5000003508,1000002890,20240615,2,230,2,2,1,15000.00,0.00,15000.00
5000003509,1000002891,20240615,1,1332,2,3,1,12000.00,0.00,12000.00
5000003510,1000002892,20240615,2,588,2,2,1,15000.00,0.00,15000.00
5000003511,1000002893,20240615,2,908,2,4,2,15000.00,0.00,30000.00
5000003512,1000002894,20240615,2,753,2,2,3,15000.00,0.00,45000.00
5000003513,1000002895,20240615,1,660,2,1,4,12000.00,0.00,48000.00
5000003514,1000002895,20240615,2,660,2,1,2,15000.00,0.00,30000.00
5000003515,1000002896,20240615,1,544,2,4,1,12000.00,0.00,12000.00
5000003516,1000002897,20240615,1,1333,2,1,1,12000.00,0.00,12000.00
5000003517,1000002897,20240615,2,1333,2,1,2,15000.00,0.00,30000.00
5000003518,1000002898,20240615,1,686,2,3,2,12000.00,0.00,24000.00
5000003520,1000002900,20240615,2,1335,2,2,3,15000.00,0.00,45000.00
5000003521,1000002901,20240615,2,614,2,3,1,15000.00,0.00,15000.00
5000003522,1000002902,20240615,2,501,2,2,2,15000.00,0.00,30000.00
5000003523,1000002903,20240615,1,880,2,2,4,12000.00,0.00,48000.00
5000003524,1000002904,20240615,1,127,2,2,2,12000.00,0.00,24000.00
5000003525,1000002905,20240615,1,1078,2,1,2,12000.00,0.00,24000.00
5000003526,1000002906,20240615,2,38,2,1,1,15000.00,0.00,15000.00
5000003527,1000002907,20240615,2,551,2,3,1,15000.00,0.00,15000.00
5000003528,1000002908,20240615,2,415,2,3,1,15000.00,0.00,15000.00
5000003555,1000002933,20240617,1,1343,2,1,1,12000.00,0.00,12000.00
5000003558,1000002935,20240617,1,693,2,1,3,12000.00,0.00,36000.00
5000003567,1000002942,20240617,1,1031,2,3,2,12000.00,0.00,24000.00
5000003587,1000002957,20240618,1,329,2,4,2,12000.00,0.00,24000.00
5000003589,1000002959,20240618,1,376,2,4,1,12000.00,1200.00,10800.00
5000003592,1000002962,20240618,2,859,2,2,3,15000.00,0.00,45000.00
5000003605,1000002971,20240619,2,288,2,3,1,15000.00,0.00,15000.00
5000003606,1000002972,20240619,1,1353,2,1,2,12000.00,0.00,24000.00
5000003607,1000002973,20240619,1,390,2,3,1,12000.00,0.00,12000.00
5000003608,1000002973,20240619,2,390,2,3,1,15000.00,0.00,15000.00
5000003609,1000002974,20240619,1,1124,2,1,2,12000.00,0.00,24000.00
5000003611,1000002976,20240619,2,163,2,2,1,15000.00,0.00,15000.00
5000003612,1000002977,20240619,1,1354,2,3,9,12000.00,16200.00,91800.00
5000003615,1000002979,20240619,1,1355,2,4,3,12000.00,0.00,36000.00
5000003625,1000002987,20240620,2,602,2,4,1,15000.00,0.00,15000.00
5000003626,1000002988,20240620,1,132,2,2,1,12000.00,0.00,12000.00
5000003627,1000002988,20240620,2,132,2,2,2,15000.00,0.00,30000.00
5000003628,1000002989,20240620,1,829,2,3,1,12000.00,1200.00,10800.00
5000003629,1000002990,20240620,1,508,2,2,1,12000.00,0.00,12000.00
5000003630,1000002990,20240620,2,508,2,2,1,15000.00,0.00,15000.00
5000003632,1000002992,20240620,2,1033,2,2,1,15000.00,0.00,15000.00
5000003633,1000002993,20240620,1,158,2,3,4,12000.00,0.00,48000.00
5000003635,1000002995,20240620,1,722,2,3,2,12000.00,0.00,24000.00
5000003636,1000002995,20240620,2,722,2,3,2,15000.00,0.00,30000.00
5000003638,1000002997,20240620,2,688,2,2,1,15000.00,0.00,15000.00
5000003642,1000003001,20240621,1,215,2,1,4,12000.00,0.00,48000.00
5000003643,1000003002,20240621,1,208,2,3,1,12000.00,0.00,12000.00
5000003644,1000003002,20240621,2,208,2,3,2,15000.00,0.00,30000.00
5000003645,1000003003,20240621,1,112,2,1,4,12000.00,0.00,48000.00
5000003646,1000003003,20240621,2,112,2,1,4,15000.00,0.00,60000.00
5000003647,1000003004,20240621,2,474,2,4,2,15000.00,3000.00,27000.00
5000003648,1000003005,20240621,1,1121,2,2,3,12000.00,0.00,36000.00
5000003649,1000003006,20240621,1,1362,2,4,1,12000.00,0.00,12000.00
5000003652,1000003009,20240621,2,606,2,4,2,15000.00,0.00,30000.00
5000003653,1000003010,20240621,1,1363,2,3,1,12000.00,0.00,12000.00
5000003654,1000003011,20240621,2,1064,2,2,4,15000.00,6000.00,54000.00
5000003656,1000003013,20240621,1,945,2,2,1,12000.00,0.00,12000.00
5000003657,1000003014,20240621,1,808,2,4,1,12000.00,0.00,12000.00
5000003668,1000003023,20240622,2,1364,2,1,1,15000.00,0.00,15000.00
5000003669,1000003024,20240622,2,1283,2,1,3,15000.00,0.00,45000.00
5000003670,1000003025,20240622,2,1040,2,2,1,15000.00,0.00,15000.00
5000003672,1000003027,20240622,2,304,2,3,3,15000.00,0.00,45000.00
5000003674,1000003029,20240622,1,1367,2,4,1,12000.00,0.00,12000.00
5000003675,1000003030,20240622,1,1217,2,4,1,12000.00,0.00,12000.00
5000003676,1000003031,20240622,1,138,2,1,1,12000.00,0.00,12000.00
5000003703,1000003051,20240624,1,1296,2,2,1,12000.00,0.00,12000.00
5000003706,1000003054,20240624,2,1372,2,1,2,15000.00,0.00,30000.00
5000003707,1000003055,20240624,1,1138,2,1,4,12000.00,0.00,48000.00
5000003709,1000003057,20240624,2,741,2,2,1,15000.00,0.00,15000.00
5000003711,1000003059,20240624,1,984,2,2,3,12000.00,0.00,36000.00
5000003712,1000003059,20240624,2,984,2,2,4,15000.00,0.00,60000.00
5000003713,1000003060,20240624,2,1221,2,2,4,15000.00,0.00,60000.00
5000003714,1000003061,20240624,2,258,2,1,1,15000.00,0.00,15000.00
5000003721,1000003066,20240625,2,883,2,2,4,15000.00,0.00,60000.00
5000003722,1000003067,20240625,2,1208,2,2,1,15000.00,0.00,15000.00
5000003723,1000003068,20240625,1,1205,2,3,1,12000.00,0.00,12000.00
5000003724,1000003069,20240625,2,554,2,3,4,15000.00,6000.00,54000.00
5000003725,1000003070,20240625,2,221,2,1,3,15000.00,0.00,45000.00
5000003726,1000003071,20240625,2,1199,2,1,1,15000.00,0.00,15000.00
5000003727,1000003072,20240625,2,825,2,1,3,15000.00,0.00,45000.00
5000003729,1000003074,20240625,1,1376,2,3,1,12000.00,0.00,12000.00
5000003730,1000003074,20240625,2,1376,2,3,1,15000.00,0.00,15000.00
5000003731,1000003075,20240625,1,117,2,2,1,12000.00,0.00,12000.00
5000003735,1000003078,20240625,2,665,2,3,1,15000.00,0.00,15000.00
5000003736,1000003079,20240625,1,143,2,2,1,12000.00,0.00,12000.00
5000003737,1000003080,20240625,2,1377,2,4,2,15000.00,0.00,30000.00
5000003750,1000003089,20240626,2,966,2,2,1,15000.00,0.00,15000.00
5000003751,1000003090,20240626,1,732,2,1,4,12000.00,0.00,48000.00
5000003752,1000003090,20240626,2,732,2,1,1,15000.00,0.00,15000.00
5000003753,1000003091,20240626,1,1381,2,2,3,12000.00,0.00,36000.00
5000003754,1000003092,20240626,2,71,2,2,2,15000.00,0.00,30000.00
5000003755,1000003093,20240626,2,1382,2,2,2,15000.00,0.00,30000.00
5000003757,1000003095,20240626,2,466,2,1,1,15000.00,0.00,15000.00
5000003758,1000003096,20240626,2,1176,2,2,2,15000.00,0.00,30000.00
5000003759,1000003097,20240626,1,242,2,3,1,12000.00,0.00,12000.00
5000003760,1000003098,20240626,1,745,2,1,2,12000.00,0.00,24000.00
5000003761,1000003099,20240626,1,536,2,3,1,12000.00,0.00,12000.00
5000003762,1000003099,20240626,2,536,2,3,2,15000.00,0.00,30000.00
5000003765,1000003102,20240626,1,235,2,1,2,12000.00,0.00,24000.00
5000003766,1000003103,20240626,2,59,2,1,1,15000.00,0.00,15000.00
5000003775,1000003111,20240627,1,1083,2,2,2,12000.00,0.00,24000.00
5000003780,1000003115,20240627,1,432,2,4,2,12000.00,0.00,24000.00
5000003781,1000003115,20240627,2,432,2,4,2,15000.00,0.00,30000.00
5000003782,1000003116,20240627,2,1385,2,2,1,15000.00,0.00,15000.00
5000003783,1000003117,20240627,1,519,2,3,3,12000.00,0.00,36000.00
5000003784,1000003117,20240627,2,519,2,3,2,15000.00,0.00,30000.00
5000003797,1000003128,20240628,2,1148,2,3,1,15000.00,0.00,15000.00
5000003798,1000003129,20240628,1,76,2,2,2,12000.00,0.00,24000.00
5000003799,1000003130,20240628,1,753,2,2,1,12000.00,0.00,12000.00
5000003800,1000003131,20240628,1,738,2,2,1,12000.00,0.00,12000.00
5000003801,1000003131,20240628,2,738,2,2,2,15000.00,0.00,30000.00
5000003805,1000003135,20240628,1,1269,2,4,1,12000.00,0.00,12000.00
5000003806,1000003136,20240628,1,1233,2,2,1,12000.00,0.00,12000.00
5000003807,1000003136,20240628,2,1233,2,2,1,15000.00,0.00,15000.00
5000003808,1000003137,20240628,2,600,2,2,1,15000.00,0.00,15000.00
5000003812,1000003140,20240628,1,330,2,1,4,12000.00,0.00,48000.00
5000003816,1000003143,20240628,1,1290,2,1,1,12000.00,0.00,12000.00
5000003817,1000003143,20240628,2,1290,2,1,1,15000.00,0.00,15000.00
5000003820,1000003146,20240629,1,218,2,1,2,12000.00,0.00,24000.00
5000003821,1000003146,20240629,2,218,2,1,2,15000.00,0.00,30000.00
5000003822,1000003147,20240629,1,141,2,1,1,12000.00,0.00,12000.00
5000003823,1000003147,20240629,2,141,2,1,1,15000.00,0.00,15000.00
5000003826,1000003149,20240629,1,291,2,2,1,12000.00,0.00,12000.00
5000003827,1000003149,20240629,2,291,2,2,2,15000.00,0.00,30000.00
5000003830,1000003152,20240629,2,302,2,3,1,15000.00,0.00,15000.00
5000003831,1000003153,20240629,1,424,2,4,1,12000.00,0.00,12000.00
5000003833,1000003155,20240629,1,1392,2,4,2,12000.00,0.00,24000.00
5000003834,1000003155,20240629,2,1392,2,4,1,15000.00,0.00,15000.00
5000003836,1000003157,20240629,1,1394,2,1,3,12000.00,0.00,36000.00
5000003837,1000003158,20240629,1,1395,2,2,2,12000.00,0.00,24000.00
5000003838,1000003159,20240629,2,729,2,3,3,15000.00,0.00,45000.00
5000003839,1000003160,20240629,1,641,2,3,1,12000.00,0.00,12000.00
5000003840,1000003161,20240629,1,131,2,1,2,12000.00,0.00,24000.00
5000003841,1000003161,20240629,2,131,2,1,2,15000.00,0.00,30000.00
5000003842,1000003162,20240629,1,628,2,3,1,12000.00,0.00,12000.00
5000003843,1000003162,20240629,2,628,2,3,1,15000.00,0.00,15000.00
5000003845,1000003164,20240629,1,1080,2,1,3,12000.00,0.00,36000.00
5000003846,1000003165,20240629,2,504,2,4,4,15000.00,0.00,60000.00
5000003847,1000003166,20240629,2,591,2,4,1,15000.00,1500.00,13500.00
5000003863,1000003179,20240701,2,1263,2,1,1,15000.00,0.00,15000.00
5000003866,1000003182,20240701,2,1400,2,3,1,15000.00,0.00,15000.00
5000003867,1000003183,20240701,1,1401,2,1,2,12000.00,0.00,24000.00
5000003868,1000003184,20240701,1,714,2,4,1,12000.00,0.00,12000.00
5000003878,1000003192,20240702,2,1222,2,4,1,15000.00,0.00,15000.00
5000003879,1000003193,20240702,2,1403,2,4,3,15000.00,0.00,45000.00
5000003880,1000003194,20240702,2,1209,2,1,1,15000.00,0.00,15000.00
5000003881,1000003195,20240702,2,38,2,1,1,15000.00,1500.00,13500.00
5000003882,1000003196,20240702,1,60,2,1,1,12000.00,0.00,12000.00
5000003890,1000003204,20240703,1,891,2,2,1,12000.00,0.00,12000.00
5000003891,1000003204,20240703,2,891,2,2,2,15000.00,0.00,30000.00
5000003892,1000003205,20240703,2,1042,2,1,4,15000.00,0.00,60000.00
5000003893,1000003206,20240703,2,357,2,1,3,15000.00,0.00,45000.00
5000003896,1000003208,20240703,1,1059,2,3,1,12000.00,0.00,12000.00
5000003897,1000003209,20240703,2,1404,2,4,1,15000.00,0.00,15000.00
5000003900,1000003211,20240703,1,1112,2,1,3,12000.00,3600.00,32400.00
5000003901,1000003211,20240703,2,1112,2,1,4,15000.00,6000.00,54000.00
5000003903,1000003213,20240703,1,1085,2,3,1,12000.00,0.00,12000.00
5000003904,1000003213,20240703,2,1085,2,3,1,15000.00,0.00,15000.00
5000003907,1000003215,20240703,1,455,2,2,1,12000.00,0.00,12000.00
5000003908,1000003216,20240703,2,1355,2,4,1,15000.00,0.00,15000.00
5000003915,1000003221,20240704,1,516,2,3,2,12000.00,0.00,24000.00
5000003916,1000003222,20240704,2,273,2,3,1,15000.00,0.00,15000.00
5000003917,1000003223,20240704,1,1410,2,1,1,12000.00,0.00,12000.00
5000003918,1000003224,20240704,1,890,2,4,1,12000.00,0.00,12000.00
5000003919,1000003225,20240704,2,247,2,1,3,15000.00,0.00,45000.00
5000003920,1000003226,20240704,1,215,2,1,1,12000.00,0.00,12000.00
5000003921,1000003226,20240704,2,215,2,1,2,15000.00,0.00,30000.00
5000003922,1000003227,20240704,1,459,2,3,2,12000.00,0.00,24000.00
5000003926,1000003231,20240704,1,1413,2,2,12,12000.00,21600.00,122400.00
5000003933,1000003237,20240705,1,382,2,4,2,12000.00,0.00,24000.00
5000003934,1000003237,20240705,2,382,2,4,2,15000.00,0.00,30000.00
5000003937,1000003240,20240705,2,332,2,3,1,15000.00,0.00,15000.00
5000003938,1000003241,20240705,1,925,2,2,2,12000.00,0.00,24000.00
5000003939,1000003241,20240705,2,925,2,2,2,15000.00,0.00,30000.00
5000003940,1000003242,20240705,1,544,2,4,3,12000.00,0.00,36000.00
5000003941,1000003243,20240705,1,331,2,2,1,12000.00,0.00,12000.00
5000003944,1000003245,20240705,1,1334,2,4,1,12000.00,0.00,12000.00
5000003946,1000003247,20240705,1,111,2,2,1,12000.00,0.00,12000.00
5000003949,1000003250,20240705,2,103,2,1,1,15000.00,0.00,15000.00
5000003950,1000003251,20240705,1,1063,2,3,2,12000.00,0.00,24000.00
5000003951,1000003252,20240705,1,307,2,4,1,12000.00,0.00,12000.00
5000003952,1000003252,20240705,2,307,2,4,1,15000.00,0.00,15000.00
5000003955,1000003255,20240705,1,486,2,2,1,12000.00,0.00,12000.00
5000003956,1000003255,20240705,2,486,2,2,1,15000.00,0.00,15000.00
5000003957,1000003256,20240705,1,487,2,2,1,12000.00,0.00,12000.00
5000003958,1000003256,20240705,2,487,2,2,3,15000.00,0.00,45000.00
5000003959,1000003257,20240705,1,434,2,4,3,12000.00,0.00,36000.00
5000003960,1000003257,20240705,2,434,2,4,1,15000.00,0.00,15000.00
5000003961,1000003258,20240705,1,1419,2,3,1,12000.00,0.00,12000.00
5000003962,1000003258,20240705,2,1419,2,3,2,15000.00,0.00,30000.00
5000003967,1000003262,20240706,1,585,2,2,1,12000.00,0.00,12000.00
5000003968,1000003262,20240706,2,585,2,2,1,15000.00,0.00,15000.00
5000003969,1000003263,20240706,2,1106,2,3,2,15000.00,0.00,30000.00
5000003970,1000003264,20240706,2,422,2,3,1,15000.00,0.00,15000.00
5000003971,1000003265,20240706,1,838,2,1,1,12000.00,0.00,12000.00
5000003972,1000003265,20240706,2,838,2,1,4,15000.00,0.00,60000.00
5000003973,1000003266,20240706,1,1122,2,1,1,12000.00,0.00,12000.00
5000003974,1000003267,20240706,2,758,2,2,3,15000.00,0.00,45000.00
5000003976,1000003269,20240706,1,1204,2,3,1,12000.00,0.00,12000.00
5000003977,1000003269,20240706,2,1204,2,3,3,15000.00,0.00,45000.00
5000003978,1000003270,20240706,1,1421,2,2,1,12000.00,0.00,12000.00
5000003979,1000003271,20240706,1,388,2,4,2,12000.00,0.00,24000.00
5000003980,1000003272,20240706,1,1044,2,3,1,12000.00,0.00,12000.00
5000003981,1000003272,20240706,2,1044,2,3,3,15000.00,0.00,45000.00
5000003998,1000003285,20240708,1,1324,2,1,1,12000.00,0.00,12000.00
5000003999,1000003285,20240708,2,1324,2,1,2,15000.00,0.00,30000.00
5000004000,1000003286,20240708,1,1235,2,4,1,12000.00,0.00,12000.00
5000004002,1000003288,20240708,1,795,2,2,1,12000.00,0.00,12000.00
5000004003,1000003288,20240708,2,795,2,2,1,15000.00,0.00,15000.00
5000004012,1000003296,20240709,1,1430,2,2,4,12000.00,0.00,48000.00
5000004014,1000003298,20240709,1,233,2,3,2,12000.00,0.00,24000.00
5000004017,1000003300,20240709,1,427,2,3,1,12000.00,0.00,12000.00
5000004020,1000003303,20240709,1,588,2,2,1,12000.00,0.00,12000.00
5000004024,1000003307,20240710,1,1435,2,4,1,12000.00,0.00,12000.00
5000004025,1000003308,20240710,1,640,2,1,1,12000.00,1200.00,10800.00
5000004030,1000003312,20240710,2,614,2,3,1,15000.00,1500.00,13500.00
5000004031,1000003313,20240710,2,1199,2,1,1,15000.00,0.00,15000.00
5000004038,1000003320,20240711,2,453,2,3,3,15000.00,0.00,45000.00
5000004039,1000003321,20240711,1,962,2,1,1,12000.00,0.00,12000.00
5000004040,1000003321,20240711,2,962,2,1,1,15000.00,0.00,15000.00
5000004042,1000003323,20240711,1,750,2,1,1,12000.00,0.00,12000.00
5000004043,1000003323,20240711,2,750,2,1,1,15000.00,0.00,15000.00
5000004044,1000003324,20240711,2,1041,2,3,1,15000.00,0.00,15000.00
5000004045,1000003325,20240711,1,1061,2,1,1,12000.00,0.00,12000.00
5000004046,1000003325,20240711,2,1061,2,1,1,15000.00,0.00,15000.00
5000004047,1000003326,20240711,2,1438,2,1,2,15000.00,0.00,30000.00
5000004048,1000003327,20240711,1,1439,2,4,1,12000.00,0.00,12000.00
5000004053,1000003332,20240712,2,665,2,3,1,15000.00,0.00,15000.00
5000004056,1000003335,20240712,1,1104,2,1,1,12000.00,0.00,12000.00
5000004057,1000003336,20240712,2,1441,2,3,2,15000.00,0.00,30000.00
5000004058,1000003337,20240712,1,136,2,1,4,12000.00,0.00,48000.00
5000004059,1000003338,20240712,1,1131,2,3,1,12000.00,0.00,12000.00
5000004062,1000003341,20240712,1,365,2,3,2,12000.00,0.00,24000.00
5000004064,1000003343,20240713,2,749,2,1,1,15000.00,0.00,15000.00
5000004065,1000003344,20240713,2,51,2,1,1,15000.00,0.00,15000.00
5000004066,1000003345,20240713,2,699,2,4,1,15000.00,0.00,15000.00
5000004067,1000003346,20240713,1,1147,2,2,1,12000.00,0.00,12000.00
5000004069,1000003348,20240713,1,1296,2,2,1,12000.00,0.00,12000.00
5000004070,1000003349,20240713,1,1303,2,4,2,12000.00,0.00,24000.00
5000004071,1000003349,20240713,2,1303,2,4,3,15000.00,0.00,45000.00
5000004072,1000003350,20240713,2,1443,2,1,1,15000.00,0.00,15000.00
5000004073,1000003351,20240713,2,535,2,4,2,15000.00,0.00,30000.00
5000004074,1000003352,20240713,2,80,2,2,2,15000.00,0.00,30000.00
5000004075,1000003353,20240713,1,76,2,2,1,12000.00,0.00,12000.00
5000004076,1000003353,20240713,2,76,2,2,1,15000.00,0.00,15000.00
5000004077,1000003354,20240713,1,386,2,4,2,12000.00,0.00,24000.00
5000004078,1000003355,20240713,1,661,2,4,2,12000.00,0.00,24000.00
5000004080,1000003357,20240713,1,1139,2,3,1,12000.00,0.00,12000.00
5000004083,1000003359,20240713,1,205,2,3,1,12000.00,0.00,12000.00
5000004084,1000003359,20240713,2,205,2,3,2,15000.00,0.00,30000.00
5000002056,1000001693,20240406,2,65,1,,4,15000.00,0.00,60000.00
5000002057,1000001694,20240406,1,27,1,,1,12000.00,0.00,12000.00
5000002059,1000001696,20240406,1,460,1,,1,12000.00,0.00,12000.00
5000002060,1000001696,20240406,2,460,1,,3,15000.00,0.00,45000.00
5000002061,1000001697,20240407,2,1037,1,,2,15000.00,0.00,30000.00
5000002062,1000001698,20240407,1,254,1,,2,12000.00,0.00,24000.00
5000002063,1000001699,20240407,1,878,1,,1,12000.00,0.00,12000.00
5000002064,1000001699,20240407,2,878,1,,1,15000.00,0.00,15000.00
5000002065,1000001700,20240407,2,505,1,,2,15000.00,0.00,30000.00
5000002066,1000001701,20240407,1,577,1,,4,12000.00,0.00,48000.00
5000002067,1000001701,20240407,2,577,1,,1,15000.00,0.00,15000.00
5000002068,1000001702,20240407,1,1038,1,,2,12000.00,0.00,24000.00
5000002069,1000001703,20240407,1,1039,1,,1,12000.00,0.00,12000.00
5000002070,1000001703,20240407,2,1039,1,,2,15000.00,0.00,30000.00
5000002071,1000001704,20240407,1,263,1,,1,12000.00,0.00,12000.00
5000002072,1000001705,20240407,2,817,1,,1,15000.00,0.00,15000.00
5000002073,1000001706,20240407,1,85,1,,4,12000.00,0.00,48000.00
5000002074,1000001707,20240407,1,967,1,,1,12000.00,0.00,12000.00
5000002075,1000001707,20240407,2,967,1,,1,15000.00,0.00,15000.00
5000002076,1000001708,20240407,1,270,1,,3,12000.00,0.00,36000.00
5000002077,1000001709,20240408,1,409,1,,1,12000.00,0.00,12000.00
5000002078,1000001710,20240408,1,394,1,,4,12000.00,0.00,48000.00
5000002087,1000001719,20240408,2,1043,1,,1,15000.00,0.00,15000.00
5000002090,1000001721,20240408,2,10,1,,2,15000.00,0.00,30000.00
5000002091,1000001722,20240408,1,12,1,,3,12000.00,0.00,36000.00
5000002092,1000001723,20240408,1,123,1,,2,12000.00,0.00,24000.00
5000002093,1000001724,20240409,1,708,1,,1,12000.00,0.00,12000.00
5000002094,1000001724,20240409,2,708,1,,1,15000.00,0.00,15000.00
5000002095,1000001725,20240409,1,874,1,,1,12000.00,0.00,12000.00
5000002096,1000001726,20240409,2,702,1,,1,15000.00,0.00,15000.00
5000002097,1000001727,20240409,2,1045,1,,1,15000.00,1500.00,13500.00
5000002098,1000001728,20240409,1,381,1,,1,12000.00,0.00,12000.00
5000002099,1000001729,20240409,1,5,1,,2,12000.00,0.00,24000.00
5000002100,1000001729,20240409,2,5,1,,1,15000.00,0.00,15000.00
5000002101,1000001730,20240409,2,373,1,,1,15000.00,0.00,15000.00
5000002102,1000001731,20240409,1,183,1,,1,12000.00,0.00,12000.00
5000002106,1000001735,20240409,1,675,1,,1,12000.00,1200.00,10800.00
5000002107,1000001735,20240409,2,675,1,,2,15000.00,3000.00,27000.00
5000002108,1000001736,20240409,1,313,1,,2,12000.00,2400.00,21600.00
5000002109,1000001737,20240409,1,515,1,,2,12000.00,0.00,24000.00
5000002110,1000001737,20240409,2,515,1,,2,15000.00,0.00,30000.00
5000002111,1000001738,20240409,1,947,1,,2,12000.00,2400.00,21600.00
5000002112,1000001739,20240409,1,1046,1,,1,12000.00,0.00,12000.00
5000002114,1000001741,20240409,1,823,1,,1,12000.00,0.00,12000.00
5000002115,1000001742,20240409,1,1047,1,,1,12000.00,0.00,12000.00
5000002116,1000001743,20240409,2,636,1,,1,15000.00,0.00,15000.00
5000002117,1000001744,20240409,2,234,1,,2,15000.00,0.00,30000.00
5000002118,1000001745,20240409,1,497,1,,3,12000.00,0.00,36000.00
5000002121,1000001748,20240409,1,547,1,,1,12000.00,0.00,12000.00
5000002122,1000001749,20240409,2,907,1,,2,15000.00,3000.00,27000.00
5000002123,1000001750,20240409,1,697,1,,2,12000.00,0.00,24000.00
5000002124,1000001750,20240409,2,697,1,,1,15000.00,0.00,15000.00
5000002125,1000001751,20240409,1,642,1,,2,12000.00,2400.00,21600.00
5000002126,1000001751,20240409,2,642,1,,3,15000.00,4500.00,40500.00
5000002127,1000001752,20240410,1,1048,1,,1,12000.00,0.00,12000.00
5000002128,1000001752,20240410,2,1048,1,,1,15000.00,0.00,15000.00
5000002132,1000001755,20240410,2,375,1,,2,15000.00,0.00,30000.00
5000002133,1000001756,20240410,1,77,1,,1,12000.00,0.00,12000.00
5000002134,1000001757,20240410,1,1051,1,,2,12000.00,0.00,24000.00
5000002135,1000001758,20240410,1,116,1,,1,12000.00,0.00,12000.00
5000002141,1000001763,20240410,2,681,1,,2,15000.00,0.00,30000.00
5000002142,1000001764,20240410,2,950,1,,3,15000.00,0.00,45000.00
5000002143,1000001765,20240410,1,149,1,,2,12000.00,0.00,24000.00
5000002144,1000001765,20240410,2,149,1,,2,15000.00,0.00,30000.00
5000002145,1000001766,20240411,2,573,1,,2,15000.00,0.00,30000.00
5000002146,1000001767,20240411,1,1053,1,,2,12000.00,0.00,24000.00
5000002147,1000001768,20240411,1,1054,1,,1,12000.00,0.00,12000.00
5000002148,1000001769,20240411,1,189,1,,2,12000.00,0.00,24000.00
5000002149,1000001769,20240411,2,189,1,,2,15000.00,0.00,30000.00
5000002150,1000001770,20240411,1,1055,1,,1,12000.00,0.00,12000.00
5000002151,1000001771,20240411,1,715,1,,1,12000.00,0.00,12000.00
5000002152,1000001772,20240411,2,700,1,,1,15000.00,0.00,15000.00
5000002153,1000001773,20240411,2,982,1,,1,15000.00,0.00,15000.00
5000002160,1000001778,20240411,2,195,1,,4,15000.00,0.00,60000.00
5000002161,1000001779,20240411,1,1057,1,,1,12000.00,0.00,12000.00
5000002162,1000001780,20240411,1,813,1,,1,12000.00,0.00,12000.00
5000002164,1000001782,20240412,2,881,1,,2,15000.00,0.00,30000.00
5000002165,1000001783,20240412,1,1058,1,,1,12000.00,0.00,12000.00
5000002166,1000001784,20240412,1,155,1,,1,12000.00,0.00,12000.00
5000002170,1000001787,20240412,1,861,1,,1,12000.00,0.00,12000.00
5000002179,1000001794,20240412,2,1060,1,,1,15000.00,0.00,15000.00
5000002181,1000001796,20240412,1,399,1,,1,12000.00,0.00,12000.00
5000002182,1000001796,20240412,2,399,1,,3,15000.00,0.00,45000.00
5000002183,1000001797,20240413,2,635,1,,1,15000.00,0.00,15000.00
5000002184,1000001798,20240413,1,393,1,,1,12000.00,0.00,12000.00
5000002185,1000001798,20240413,2,393,1,,2,15000.00,0.00,30000.00
5000002188,1000001801,20240413,1,794,1,,2,12000.00,0.00,24000.00
5000002195,1000001807,20240413,2,58,1,,3,15000.00,0.00,45000.00
5000002196,1000001808,20240413,1,404,1,,4,12000.00,0.00,48000.00
5000002197,1000001808,20240413,2,404,1,,1,15000.00,0.00,15000.00
5000002198,1000001809,20240413,1,507,1,,3,12000.00,0.00,36000.00
5000002199,1000001809,20240413,2,507,1,,1,15000.00,0.00,15000.00
5000002200,1000001810,20240413,1,1065,1,,1,12000.00,0.00,12000.00
5000002201,1000001811,20240414,1,1066,1,,2,12000.00,0.00,24000.00
5000002202,1000001811,20240414,2,1066,1,,2,15000.00,0.00,30000.00
5000002203,1000001812,20240414,1,1067,1,,4,12000.00,0.00,48000.00
5000002204,1000001813,20240414,1,814,1,,1,12000.00,0.00,12000.00
5000002205,1000001814,20240414,1,822,1,,1,12000.00,0.00,12000.00
5000002206,1000001814,20240414,2,822,1,,1,15000.00,0.00,15000.00
5000002207,1000001815,20240414,1,277,1,,1,12000.00,0.00,12000.00
5000002208,1000001815,20240414,2,277,1,,1,15000.00,0.00,15000.00
5000002209,1000001816,20240414,1,1068,1,,1,12000.00,0.00,12000.00
5000002210,1000001816,20240414,2,1068,1,,2,15000.00,0.00,30000.00
5000002211,1000001817,20240414,1,304,1,,1,12000.00,0.00,12000.00
5000002212,1000001818,20240415,1,1070,1,,1,12000.00,0.00,12000.00
5000002213,1000001819,20240415,1,604,1,,2,12000.00,0.00,24000.00
5000002214,1000001820,20240415,2,16,1,,1,15000.00,0.00,15000.00
5000002215,1000001821,20240415,1,1071,1,,4,12000.00,0.00,48000.00
5000002216,1000001822,20240415,2,34,1,,1,15000.00,0.00,15000.00
5000002217,1000001823,20240415,2,354,1,,1,15000.00,0.00,15000.00
5000002224,1000001829,20240415,2,826,1,,1,15000.00,750.00,14250.00
5000002225,1000001830,20240415,1,1072,1,,1,12000.00,0.00,12000.00
5000002226,1000001831,20240415,2,789,1,,1,15000.00,0.00,15000.00
5000002227,1000001832,20240416,1,11,1,,1,12000.00,0.00,12000.00
5000002228,1000001833,20240416,1,703,1,,1,12000.00,0.00,12000.00
5000002229,1000001833,20240416,2,703,1,,1,15000.00,0.00,15000.00
5000002234,1000001837,20240416,1,784,1,,2,12000.00,0.00,24000.00
5000002235,1000001837,20240416,2,784,1,,2,15000.00,0.00,30000.00
5000002237,1000001839,20240416,2,421,1,,3,15000.00,0.00,45000.00
5000002240,1000001841,20240416,1,514,1,,1,12000.00,0.00,12000.00
5000002245,1000001845,20240417,2,1073,1,,4,15000.00,0.00,60000.00
5000002246,1000001846,20240417,1,438,1,,1,12000.00,0.00,12000.00
5000002253,1000001852,20240417,1,733,1,,2,12000.00,0.00,24000.00
5000002254,1000001853,20240417,1,142,1,,1,12000.00,0.00,12000.00
5000002260,1000001858,20240417,1,1075,1,,3,12000.00,0.00,36000.00
5000002264,1000001861,20240417,1,1077,1,,1,12000.00,0.00,12000.00
5000002265,1000001862,20240418,2,405,1,,1,15000.00,0.00,15000.00
5000002266,1000001863,20240418,1,1078,1,,1,12000.00,0.00,12000.00
5000002267,1000001864,20240418,2,930,1,,2,15000.00,0.00,30000.00
5000002268,1000001865,20240418,1,916,1,,1,12000.00,600.00,11400.00
5000002270,1000001867,20240418,1,948,1,,3,12000.00,0.00,36000.00
5000002271,1000001867,20240418,2,948,1,,1,15000.00,0.00,15000.00
5000002272,1000001868,20240418,2,615,1,,2,15000.00,0.00,30000.00
5000002275,1000001871,20240418,1,1079,1,,2,12000.00,0.00,24000.00
5000002276,1000001872,20240418,1,951,1,,1,12000.00,0.00,12000.00
5000002277,1000001872,20240418,2,951,1,,2,15000.00,0.00,30000.00
5000002278,1000001873,20240419,1,978,1,,1,12000.00,0.00,12000.00
5000002279,1000001874,20240419,2,126,1,,1,15000.00,750.00,14250.00
5000002283,1000001878,20240419,2,1080,1,,1,15000.00,0.00,15000.00
5000002285,1000001880,20240419,2,447,1,,1,15000.00,0.00,15000.00
5000002289,1000001884,20240419,2,275,1,,1,15000.00,0.00,15000.00
5000002297,1000001891,20240420,1,1084,1,,1,12000.00,600.00,11400.00
5000002299,1000001893,20240420,1,546,1,,1,12000.00,0.00,12000.00
5000002300,1000001893,20240420,2,546,1,,3,15000.00,0.00,45000.00
5000002314,1000001904,20240420,2,1087,1,,3,15000.00,0.00,45000.00
5000002315,1000001905,20240420,1,67,1,,1,12000.00,0.00,12000.00
5000002316,1000001905,20240420,2,67,1,,3,15000.00,0.00,45000.00
5000002317,1000001906,20240420,1,14,1,,3,12000.00,0.00,36000.00
5000002318,1000001907,20240421,2,423,1,,3,15000.00,0.00,45000.00
5000002319,1000001908,20240421,1,359,1,,4,12000.00,2400.00,45600.00
5000002320,1000001909,20240421,1,1088,1,,2,12000.00,0.00,24000.00
5000002321,1000001909,20240421,2,1088,1,,1,15000.00,0.00,15000.00
5000002322,1000001910,20240421,2,46,1,,1,15000.00,0.00,15000.00
5000002323,1000001911,20240421,1,688,1,,1,12000.00,0.00,12000.00
5000002324,1000001912,20240421,1,804,1,,3,12000.00,0.00,36000.00
5000002325,1000001912,20240421,2,804,1,,2,15000.00,0.00,30000.00
5000002326,1000001913,20240421,1,351,1,,1,12000.00,0.00,12000.00
5000002327,1000001914,20240421,2,73,1,,1,15000.00,0.00,15000.00
5000002328,1000001915,20240421,1,289,1,,4,12000.00,0.00,48000.00
5000002329,1000001916,20240422,1,889,1,,1,12000.00,0.00,12000.00
5000002335,1000001921,20240422,2,1090,1,,3,15000.00,0.00,45000.00
5000002336,1000001922,20240422,1,790,1,,1,12000.00,0.00,12000.00
5000002338,1000001924,20240422,2,63,1,,1,15000.00,0.00,15000.00
5000002340,1000001926,20240422,1,1091,1,,1,12000.00,0.00,12000.00
5000002341,1000001927,20240422,1,885,1,,3,12000.00,0.00,36000.00
5000002342,1000001927,20240422,2,885,1,,2,15000.00,0.00,30000.00
5000002343,1000001928,20240422,2,333,1,,3,15000.00,0.00,45000.00
5000002344,1000001929,20240422,2,411,1,,1,15000.00,0.00,15000.00
5000002345,1000001930,20240422,1,622,1,,1,12000.00,0.00,12000.00
5000002346,1000001931,20240422,2,1093,1,,3,15000.00,0.00,45000.00
5000002347,1000001932,20240422,1,867,1,,2,12000.00,0.00,24000.00
5000002348,1000001933,20240423,1,632,1,,2,12000.00,2400.00,21600.00
5000002349,1000001934,20240423,1,1094,1,,1,12000.00,0.00,12000.00
5000002350,1000001935,20240423,1,83,1,,1,12000.00,0.00,12000.00
5000002351,1000001935,20240423,2,83,1,,1,15000.00,0.00,15000.00
5000002354,1000001938,20240423,1,68,1,,1,12000.00,0.00,12000.00
5000002357,1000001941,20240423,1,163,1,,1,12000.00,0.00,12000.00
5000002360,1000001944,20240423,1,1095,1,,1,12000.00,0.00,12000.00
5000002361,1000001945,20240423,2,671,1,,1,15000.00,1500.00,13500.00
5000002362,1000001946,20240423,2,110,1,,1,15000.00,750.00,14250.00
5000002364,1000001948,20240423,1,644,1,,1,12000.00,0.00,12000.00
5000002365,1000001949,20240423,2,356,1,,1,15000.00,0.00,15000.00
5000002366,1000001950,20240424,1,674,1,,1,12000.00,0.00,12000.00
5000002367,1000001951,20240424,1,1096,1,,1,12000.00,600.00,11400.00
5000002368,1000001952,20240424,1,6,1,,1,12000.00,0.00,12000.00
5000002369,1000001952,20240424,2,6,1,,1,15000.00,0.00,15000.00
5000002370,1000001953,20240424,1,1097,1,,2,12000.00,0.00,24000.00
5000002371,1000001953,20240424,2,1097,1,,4,15000.00,0.00,60000.00
5000002378,1000001957,20240424,1,739,1,,1,12000.00,0.00,12000.00
5000002381,1000001960,20240424,2,1100,1,,1,15000.00,0.00,15000.00
5000002382,1000001961,20240424,1,1099,1,,1,12000.00,0.00,12000.00
5000002384,1000001963,20240424,1,1102,1,,1,12000.00,0.00,12000.00
5000002385,1000001963,20240424,2,1102,1,,4,15000.00,0.00,60000.00
5000002386,1000001964,20240424,2,182,1,,1,15000.00,0.00,15000.00
5000002387,1000001965,20240424,1,482,1,,1,12000.00,0.00,12000.00
5000002388,1000001966,20240424,1,84,1,,1,12000.00,0.00,12000.00
5000002389,1000001967,20240424,2,410,1,,1,15000.00,0.00,15000.00
5000002390,1000001968,20240424,1,944,1,,2,12000.00,0.00,24000.00
5000002391,1000001969,20240425,1,756,1,,1,12000.00,0.00,12000.00
5000002394,1000001972,20240425,2,996,1,,1,15000.00,0.00,15000.00
5000002400,1000001977,20240425,2,692,1,,2,15000.00,0.00,30000.00
5000002401,1000001978,20240425,1,1105,1,,2,12000.00,0.00,24000.00
5000002404,1000001981,20240425,1,1108,1,,3,12000.00,0.00,36000.00
5000002405,1000001981,20240425,2,1108,1,,1,15000.00,0.00,15000.00
5000002406,1000001982,20240425,1,1109,1,,2,12000.00,0.00,24000.00
5000002407,1000001983,20240425,1,1110,1,,1,12000.00,600.00,11400.00
5000002408,1000001984,20240425,1,755,1,,2,12000.00,0.00,24000.00
5000002409,1000001985,20240426,1,1111,1,,2,12000.00,0.00,24000.00
5000002410,1000001986,20240426,1,547,1,,3,12000.00,0.00,36000.00
5000002415,1000001990,20240426,1,846,1,,3,12000.00,0.00,36000.00
5000002416,1000001990,20240426,2,846,1,,1,15000.00,0.00,15000.00
5000002417,1000001991,20240426,2,284,1,,1,15000.00,0.00,15000.00
5000002418,1000001992,20240426,2,300,1,,3,15000.00,0.00,45000.00
5000002423,1000001996,20240426,1,810,1,,4,12000.00,0.00,48000.00
5000002424,1000001996,20240426,2,810,1,,2,15000.00,0.00,30000.00
5000002425,1000001997,20240426,1,75,1,,2,12000.00,0.00,24000.00
5000002426,1000001998,20240426,1,369,1,,1,12000.00,0.00,12000.00
5000002430,1000002001,20240426,1,1027,1,,2,12000.00,0.00,24000.00
5000002431,1000002002,20240426,1,943,1,,2,12000.00,0.00,24000.00
5000002432,1000002003,20240426,1,1114,1,,1,12000.00,0.00,12000.00
5000002433,1000002004,20240426,1,1115,1,,2,12000.00,0.00,24000.00
5000002434,1000002004,20240426,2,1115,1,,1,15000.00,0.00,15000.00
5000002435,1000002005,20240427,2,1116,1,,2,15000.00,0.00,30000.00
5000002436,1000002006,20240427,2,702,1,,1,15000.00,0.00,15000.00
5000002438,1000002008,20240427,1,852,1,,4,12000.00,0.00,48000.00
5000002444,1000002014,20240427,1,328,1,,2,12000.00,0.00,24000.00
5000002445,1000002014,20240427,2,328,1,,1,15000.00,0.00,15000.00
5000002446,1000002015,20240427,2,69,1,,2,15000.00,0.00,30000.00
5000002447,1000002016,20240427,1,361,1,,1,12000.00,0.00,12000.00
5000002448,1000002017,20240428,1,745,1,,1,12000.00,0.00,12000.00
5000002449,1000002018,20240428,1,666,1,,4,12000.00,2400.00,45600.00
5000002450,1000002019,20240428,1,982,1,,1,12000.00,600.00,11400.00
5000002451,1000002020,20240428,1,335,1,,2,12000.00,0.00,24000.00
5000002452,1000002021,20240428,1,1117,1,,1,12000.00,0.00,12000.00
5000002453,1000002022,20240428,2,1020,1,,4,15000.00,0.00,60000.00
5000002454,1000002023,20240428,1,1003,1,,2,12000.00,0.00,24000.00
5000002455,1000002023,20240428,2,1003,1,,1,15000.00,0.00,15000.00
5000002456,1000002024,20240428,1,1118,1,,1,12000.00,0.00,12000.00
5000002457,1000002025,20240428,2,2,1,,1,15000.00,0.00,15000.00
5000002458,1000002026,20240429,1,595,1,,1,12000.00,0.00,12000.00
5000002460,1000002028,20240429,1,1062,1,,3,12000.00,0.00,36000.00
5000002461,1000002029,20240429,1,648,1,,1,12000.00,0.00,12000.00
5000002462,1000002029,20240429,2,648,1,,2,15000.00,0.00,30000.00
5000002463,1000002030,20240429,1,279,1,,2,12000.00,0.00,24000.00
5000002464,1000002031,20240429,1,241,1,,1,12000.00,0.00,12000.00
5000002465,1000002031,20240429,2,241,1,,2,15000.00,0.00,30000.00
5000002467,1000002033,20240429,2,397,1,,2,15000.00,0.00,30000.00
5000002469,1000002035,20240429,1,998,1,,1,12000.00,0.00,12000.00
5000002472,1000002038,20240429,1,65,1,,2,12000.00,0.00,24000.00
5000002473,1000002039,20240429,2,742,1,,1,15000.00,0.00,15000.00
5000002474,1000002040,20240429,2,1001,1,,1,15000.00,0.00,15000.00
5000002475,1000002041,20240429,2,836,1,,1,15000.00,0.00,15000.00
5000002476,1000002042,20240429,1,1120,1,,1,12000.00,0.00,12000.00
5000002477,1000002042,20240429,2,1120,1,,4,15000.00,0.00,60000.00
5000002478,1000002043,20240430,1,496,1,,2,12000.00,0.00,24000.00
5000002479,1000002043,20240430,2,496,1,,2,15000.00,0.00,30000.00
5000002482,1000002045,20240430,1,164,1,,4,12000.00,0.00,48000.00
5000002483,1000002046,20240430,1,384,1,,1,12000.00,0.00,12000.00
5000002484,1000002047,20240430,1,1018,1,,4,12000.00,0.00,48000.00
5000002489,1000002051,20240430,1,906,1,,2,12000.00,0.00,24000.00
5000002492,1000002054,20240430,1,553,1,,1,12000.00,0.00,12000.00
5000002493,1000002055,20240430,2,629,1,,1,15000.00,0.00,15000.00
5000002494,1000002056,20240430,2,706,1,,1,15000.00,0.00,15000.00
5000002495,1000002057,20240430,1,1123,1,,2,12000.00,0.00,24000.00
5000002496,1000002057,20240430,2,1123,1,,3,15000.00,0.00,45000.00
5000002497,1000002058,20240430,1,195,1,,1,12000.00,0.00,12000.00
5000002498,1000002059,20240501,1,1021,1,,2,12000.00,0.00,24000.00
5000002499,1000002060,20240501,1,886,1,,1,12000.00,0.00,12000.00
5000002500,1000002060,20240501,2,886,1,,2,15000.00,0.00,30000.00
5000002501,1000002061,20240501,2,626,1,,2,15000.00,0.00,30000.00
5000002502,1000002062,20240501,1,464,1,,1,12000.00,0.00,12000.00
5000002503,1000002062,20240501,2,464,1,,1,15000.00,0.00,15000.00
5000002504,1000002063,20240501,2,461,1,,1,15000.00,0.00,15000.00
5000002505,1000002064,20240501,1,552,1,,1,12000.00,0.00,12000.00
5000002506,1000002065,20240501,1,1043,1,,1,12000.00,0.00,12000.00
5000002507,1000002066,20240502,1,935,1,,3,12000.00,0.00,36000.00
5000002508,1000002066,20240502,2,935,1,,1,15000.00,0.00,15000.00
5000002509,1000002067,20240502,1,1124,1,,1,12000.00,0.00,12000.00
5000002510,1000002068,20240502,2,184,1,,4,15000.00,0.00,60000.00
5000002511,1000002069,20240502,1,88,1,,2,12000.00,0.00,24000.00
5000002512,1000002069,20240502,2,88,1,,1,15000.00,0.00,15000.00
5000002518,1000002073,20240502,2,420,1,,1,15000.00,0.00,15000.00
5000002519,1000002074,20240502,1,429,1,,1,12000.00,0.00,12000.00
5000002522,1000002076,20240502,1,347,1,,1,12000.00,600.00,11400.00
5000002523,1000002077,20240502,1,964,1,,2,12000.00,1200.00,22800.00
5000002524,1000002077,20240502,2,964,1,,2,15000.00,1500.00,28500.00
5000002527,1000002079,20240502,1,14,1,,3,12000.00,0.00,36000.00
5000002528,1000002080,20240502,1,1125,1,,1,12000.00,0.00,12000.00
5000002529,1000002081,20240502,1,630,1,,1,12000.00,0.00,12000.00
5000002532,1000002084,20240502,1,876,1,,1,12000.00,0.00,12000.00
5000002535,1000002086,20240502,1,237,1,,1,12000.00,0.00,12000.00
5000002536,1000002087,20240503,2,1127,1,,1,15000.00,0.00,15000.00
5000002537,1000002088,20240503,1,233,1,,1,12000.00,0.00,12000.00
5000002539,1000002090,20240503,2,1129,1,,4,15000.00,0.00,60000.00
5000002547,1000002096,20240503,1,822,1,,1,12000.00,0.00,12000.00
5000002550,1000002099,20240504,1,542,1,,1,12000.00,0.00,12000.00
5000002551,1000002100,20240504,2,1030,1,,1,15000.00,0.00,15000.00
5000002555,1000002104,20240504,1,456,1,,3,12000.00,0.00,36000.00
5000002557,1000002106,20240504,1,956,1,,1,12000.00,0.00,12000.00
5000002558,1000002107,20240505,2,831,1,,2,15000.00,0.00,30000.00
5000002559,1000002108,20240505,2,29,1,,1,15000.00,0.00,15000.00
5000002560,1000002109,20240505,1,768,1,,1,12000.00,0.00,12000.00
5000002561,1000002110,20240505,1,488,1,,1,12000.00,0.00,12000.00
5000002562,1000002111,20240505,2,468,1,,2,15000.00,0.00,30000.00
5000002563,1000002112,20240505,1,1134,1,,4,12000.00,0.00,48000.00
5000002564,1000002112,20240505,2,1134,1,,2,15000.00,0.00,30000.00
5000002565,1000002113,20240505,1,593,1,,1,12000.00,0.00,12000.00
5000002566,1000002114,20240505,2,1084,1,,1,15000.00,0.00,15000.00
5000002567,1000002115,20240505,2,391,1,,2,15000.00,0.00,30000.00
5000002568,1000002116,20240506,2,652,1,,1,15000.00,0.00,15000.00
5000002569,1000002117,20240506,1,1135,1,,1,12000.00,0.00,12000.00
5000002570,1000002117,20240506,2,1135,1,,4,15000.00,0.00,60000.00
5000002576,1000002122,20240506,2,783,1,,2,15000.00,0.00,30000.00
5000002577,1000002123,20240506,2,207,1,,1,15000.00,0.00,15000.00
5000002578,1000002124,20240506,1,94,1,,2,12000.00,0.00,24000.00
5000002579,1000002125,20240506,1,11,1,,3,12000.00,0.00,36000.00
5000002580,1000002126,20240506,2,1136,1,,1,15000.00,0.00,15000.00
5000002581,1000002127,20240507,2,21,1,,3,15000.00,0.00,45000.00
5000002582,1000002128,20240507,2,179,1,,1,15000.00,0.00,15000.00
5000002583,1000002129,20240507,1,1057,1,,1,12000.00,0.00,12000.00
5000002584,1000002130,20240507,2,789,1,,2,15000.00,0.00,30000.00
5000002585,1000002131,20240507,1,543,1,,1,12000.00,0.00,12000.00
5000002586,1000002131,20240507,2,543,1,,1,15000.00,0.00,15000.00
5000002587,1000002132,20240507,1,999,1,,4,12000.00,0.00,48000.00
5000002588,1000002132,20240507,2,999,1,,2,15000.00,0.00,30000.00
5000002589,1000002133,20240507,1,480,1,,1,12000.00,0.00,12000.00
5000002597,1000002140,20240507,1,185,1,,4,12000.00,0.00,48000.00
5000002598,1000002140,20240507,2,185,1,,1,15000.00,0.00,15000.00
5000002601,1000002142,20240507,1,747,1,,1,12000.00,0.00,12000.00
5000002602,1000002143,20240507,1,916,1,,2,12000.00,0.00,24000.00
5000002603,1000002144,20240507,1,1141,1,,2,12000.00,0.00,24000.00
5000002604,1000002145,20240507,1,1142,1,,3,12000.00,0.00,36000.00
5000002605,1000002145,20240507,2,1142,1,,3,15000.00,0.00,45000.00
5000002606,1000002146,20240508,1,1143,1,,1,12000.00,0.00,12000.00
5000002608,1000002148,20240508,1,342,1,,2,12000.00,0.00,24000.00
5000002610,1000002150,20240508,2,1145,1,,1,15000.00,0.00,15000.00
5000002613,1000002152,20240508,1,811,1,,1,12000.00,0.00,12000.00
5000002616,1000002155,20240508,1,398,1,,2,12000.00,0.00,24000.00
5000002617,1000002155,20240508,2,398,1,,1,15000.00,0.00,15000.00
5000002621,1000002158,20240508,1,1101,1,,1,12000.00,0.00,12000.00
5000002622,1000002158,20240508,2,1101,1,,2,15000.00,0.00,30000.00
5000002623,1000002159,20240509,1,1068,1,,2,12000.00,0.00,24000.00
5000002624,1000002160,20240509,1,399,1,,1,12000.00,0.00,12000.00
5000002625,1000002161,20240509,1,1025,1,,1,12000.00,0.00,12000.00
5000002626,1000002161,20240509,2,1025,1,,1,15000.00,0.00,15000.00
5000002630,1000002165,20240509,2,1006,1,,2,15000.00,0.00,30000.00
5000002634,1000002168,20240509,2,1149,1,,1,15000.00,0.00,15000.00
5000002635,1000002169,20240510,2,438,1,,2,15000.00,0.00,30000.00
5000002636,1000002170,20240510,1,518,1,,1,12000.00,0.00,12000.00
5000002637,1000002170,20240510,2,518,1,,4,15000.00,0.00,60000.00
5000002638,1000002171,20240510,1,1021,1,,1,12000.00,0.00,12000.00
5000002639,1000002171,20240510,2,1021,1,,1,15000.00,0.00,15000.00
5000002642,1000002174,20240510,1,984,1,,2,12000.00,0.00,24000.00
5000002643,1000002174,20240510,2,984,1,,2,15000.00,0.00,30000.00
5000002647,1000002177,20240510,2,1150,1,,3,15000.00,0.00,45000.00
5000002650,1000002180,20240510,1,717,1,,2,12000.00,0.00,24000.00
5000002653,1000002182,20240510,1,1152,1,,2,12000.00,0.00,24000.00
5000002655,1000002184,20240510,1,460,1,,2,12000.00,0.00,24000.00
5000002656,1000002185,20240510,1,852,1,,1,12000.00,0.00,12000.00
5000002657,1000002186,20240511,1,578,1,,1,12000.00,0.00,12000.00
5000002658,1000002186,20240511,2,578,1,,2,15000.00,0.00,30000.00
5000002674,1000002200,20240511,1,969,1,,1,12000.00,0.00,12000.00
5000002675,1000002201,20240511,1,1078,1,,2,12000.00,0.00,24000.00
5000002676,1000002202,20240511,1,168,1,,3,12000.00,0.00,36000.00
5000002677,1000002202,20240511,2,168,1,,2,15000.00,0.00,30000.00
5000002678,1000002203,20240512,1,809,1,,3,12000.00,0.00,36000.00
5000002679,1000002204,20240512,1,870,1,,2,12000.00,0.00,24000.00
5000002680,1000002205,20240512,1,1158,1,,1,12000.00,0.00,12000.00
5000002681,1000002206,20240512,1,112,1,,1,12000.00,0.00,12000.00
5000002682,1000002207,20240512,1,96,1,,2,12000.00,0.00,24000.00
5000002683,1000002208,20240513,2,259,1,,1,15000.00,3000.00,12000.00
5000002684,1000002209,20240513,1,334,1,,1,12000.00,2400.00,9600.00
5000002685,1000002210,20240513,2,464,1,,1,15000.00,3000.00,12000.00
5000002686,1000002211,20240513,1,272,1,,1,12000.00,2400.00,9600.00
5000002687,1000002212,20240513,2,943,1,,1,15000.00,3000.00,12000.00
5000002688,1000002213,20240513,1,797,1,,1,12000.00,2400.00,9600.00
5000002689,1000002214,20240513,1,589,1,,2,12000.00,4800.00,19200.00
5000002690,1000002215,20240513,1,1159,1,,3,12000.00,7200.00,28800.00
5000002691,1000002216,20240513,1,1160,1,,1,12000.00,2400.00,9600.00
5000002692,1000002216,20240513,2,1160,1,,3,15000.00,9000.00,36000.00
5000002693,1000002217,20240513,1,1079,1,,1,12000.00,2400.00,9600.00
5000002694,1000002217,20240513,2,1079,1,,2,15000.00,6000.00,24000.00
5000002696,1000002219,20240513,2,140,1,,3,15000.00,9000.00,36000.00
5000002698,1000002221,20240513,1,1161,1,,2,12000.00,4800.00,19200.00
5000002699,1000002222,20240513,1,132,1,,2,12000.00,4800.00,19200.00
5000002700,1000002222,20240513,2,132,1,,1,15000.00,3000.00,12000.00
5000002701,1000002223,20240513,1,1162,1,,2,12000.00,4800.00,19200.00
5000002702,1000002224,20240513,2,339,1,,2,15000.00,6000.00,24000.00
5000002703,1000002225,20240513,1,316,1,,3,12000.00,7200.00,28800.00
5000002704,1000002226,20240513,1,532,1,,2,12000.00,4800.00,19200.00
5000002705,1000002227,20240513,1,869,1,,1,12000.00,2400.00,9600.00
5000002707,1000002229,20240513,2,269,1,,1,15000.00,3000.00,12000.00
5000002708,1000002230,20240513,1,770,1,,1,12000.00,2400.00,9600.00
5000002709,1000002231,20240513,2,215,1,,2,15000.00,6000.00,24000.00
5000002711,1000002233,20240513,2,156,1,,1,15000.00,3000.00,12000.00
5000002712,1000002234,20240513,1,611,1,,1,12000.00,2400.00,9600.00
5000002713,1000002235,20240513,2,103,1,,1,15000.00,3000.00,12000.00
5000002714,1000002236,20240513,1,703,1,,9,12000.00,16200.00,91800.00
5000002715,1000002237,20240513,2,941,1,,3,15000.00,9000.00,36000.00
5000002716,1000002238,20240513,1,932,1,,1,12000.00,2400.00,9600.00
5000002717,1000002238,20240513,2,932,1,,2,15000.00,6000.00,24000.00
5000002718,1000002239,20240513,1,396,1,,1,12000.00,2400.00,9600.00
5000002719,1000002239,20240513,2,396,1,,1,15000.00,3000.00,12000.00
5000002720,1000002240,20240513,2,1163,1,,1,15000.00,3000.00,12000.00
5000002721,1000002241,20240513,2,1164,1,,1,15000.00,3000.00,12000.00
5000002722,1000002242,20240513,2,125,1,,1,15000.00,3000.00,12000.00
5000002723,1000002243,20240513,1,355,1,,1,12000.00,2400.00,9600.00
5000002724,1000002243,20240513,2,355,1,,1,15000.00,3000.00,12000.00
5000002725,1000002244,20240513,1,72,1,,1,12000.00,2400.00,9600.00
5000002726,1000002244,20240513,2,72,1,,3,15000.00,9000.00,36000.00
5000002728,1000002246,20240513,1,154,1,,1,12000.00,2400.00,9600.00
5000002730,1000002248,20240513,1,915,1,,1,12000.00,2400.00,9600.00
5000002731,1000002249,20240513,1,840,1,,2,12000.00,4800.00,19200.00
5000002732,1000002250,20240513,2,106,1,,2,15000.00,6000.00,24000.00
5000002733,1000002251,20240513,1,1166,1,,2,12000.00,4800.00,19200.00
5000002734,1000002252,20240513,1,835,1,,1,12000.00,2400.00,9600.00
5000002735,1000002253,20240514,2,923,1,,2,15000.00,6000.00,24000.00
5000002736,1000002254,20240514,1,26,1,,1,12000.00,2400.00,9600.00
5000002737,1000002255,20240514,1,18,1,,2,12000.00,4800.00,19200.00
5000002738,1000002256,20240514,1,653,1,,2,12000.00,4800.00,19200.00
5000002739,1000002257,20240514,2,1093,1,,1,15000.00,3000.00,12000.00
5000002740,1000002258,20240514,1,1168,1,,1,12000.00,2400.00,9600.00
5000002741,1000002259,20240514,1,1091,1,,1,12000.00,2400.00,9600.00
5000002742,1000002259,20240514,2,1091,1,,1,15000.00,3000.00,12000.00
5000002743,1000002260,20240514,2,684,1,,1,15000.00,3000.00,12000.00
5000002744,1000002261,20240514,1,642,1,,1,12000.00,2400.00,9600.00
5000002745,1000002261,20240514,2,642,1,,2,15000.00,6000.00,24000.00
5000002746,1000002262,20240514,1,240,1,,4,12000.00,9600.00,38400.00
5000002748,1000002264,20240514,1,1169,1,,1,12000.00,2400.00,9600.00
5000002749,1000002265,20240514,2,1170,1,,1,15000.00,3000.00,12000.00
5000002750,1000002266,20240514,1,1171,1,,1,12000.00,2400.00,9600.00
5000002751,1000002266,20240514,2,1171,1,,2,15000.00,6000.00,24000.00
5000002752,1000002267,20240514,2,443,1,,1,15000.00,3000.00,12000.00
5000002753,1000002268,20240514,1,1172,1,,1,12000.00,2400.00,9600.00
5000002754,1000002269,20240514,1,1173,1,,2,12000.00,4800.00,19200.00
5000002755,1000002270,20240514,2,1174,1,,8,15000.00,18000.00,102000.00
5000002761,1000002275,20240514,1,763,1,,1,12000.00,2400.00,9600.00
5000002762,1000002275,20240514,2,763,1,,1,15000.00,3000.00,12000.00
5000002763,1000002276,20240514,1,65,1,,2,12000.00,4800.00,19200.00
5000002764,1000002277,20240514,1,806,1,,1,12000.00,2400.00,9600.00
5000002765,1000002277,20240514,2,806,1,,4,15000.00,12000.00,48000.00
5000002766,1000002278,20240514,1,526,1,,1,12000.00,2400.00,9600.00
5000002768,1000002280,20240514,2,47,1,,2,15000.00,6000.00,24000.00
5000002769,1000002281,20240514,1,813,1,,2,12000.00,4800.00,19200.00
5000002770,1000002282,20240514,1,1178,1,,1,12000.00,2400.00,9600.00
5000002771,1000002282,20240514,2,1178,1,,2,15000.00,6000.00,24000.00
5000002772,1000002283,20240514,1,77,1,,1,12000.00,2400.00,9600.00
5000002773,1000002283,20240514,2,77,1,,1,15000.00,3000.00,12000.00
5000002774,1000002284,20240515,2,155,1,,2,15000.00,6000.00,24000.00
5000002775,1000002285,20240515,1,967,1,,1,12000.00,2400.00,9600.00
5000002776,1000002285,20240515,2,967,1,,1,15000.00,3000.00,12000.00
5000002777,1000002286,20240515,2,1179,1,,1,15000.00,3000.00,12000.00
5000002778,1000002287,20240515,2,34,1,,1,15000.00,3000.00,12000.00
5000002779,1000002288,20240515,1,27,1,,1,12000.00,2400.00,9600.00
5000002780,1000002289,20240515,1,113,1,,1,12000.00,2400.00,9600.00
5000002781,1000002289,20240515,2,113,1,,1,15000.00,3000.00,12000.00
5000002782,1000002290,20240515,2,644,1,,1,15000.00,3000.00,12000.00
5000002783,1000002291,20240515,1,58,1,,2,12000.00,4800.00,19200.00
5000002784,1000002291,20240515,2,58,1,,1,15000.00,3000.00,12000.00
5000002785,1000002292,20240515,2,1180,1,,1,15000.00,3000.00,12000.00
5000002787,1000002294,20240515,1,76,1,,3,12000.00,7200.00,28800.00
5000002788,1000002295,20240515,2,48,1,,1,15000.00,3000.00,12000.00
5000002789,1000002296,20240515,1,1181,1,,2,12000.00,4800.00,19200.00
5000002792,1000002299,20240515,1,89,1,,2,12000.00,4800.00,19200.00
5000002793,1000002300,20240515,1,681,1,,2,12000.00,4800.00,19200.00
5000002794,1000002301,20240515,1,768,1,,2,12000.00,4800.00,19200.00
5000002795,1000002301,20240515,2,768,1,,1,15000.00,3000.00,12000.00
5000002797,1000002303,20240515,1,1182,1,,1,12000.00,2400.00,9600.00
5000002798,1000002304,20240515,1,926,1,,2,12000.00,4800.00,19200.00
5000002799,1000002305,20240515,1,249,1,,1,12000.00,2400.00,9600.00
5000002800,1000002305,20240515,2,249,1,,1,15000.00,3000.00,12000.00
5000002801,1000002306,20240515,2,425,1,,1,15000.00,3000.00,12000.00
5000002802,1000002307,20240515,2,1184,1,,2,15000.00,6000.00,24000.00
5000002805,1000002310,20240515,1,144,1,,3,12000.00,7200.00,28800.00
5000002806,1000002310,20240515,2,144,1,,1,15000.00,3000.00,12000.00
5000002807,1000002311,20240515,2,1185,1,,2,15000.00,6000.00,24000.00
5000002809,1000002313,20240515,1,1186,1,,1,12000.00,2400.00,9600.00
5000002810,1000002314,20240515,1,1051,1,,1,12000.00,2400.00,9600.00
5000002811,1000002315,20240515,2,447,1,,1,15000.00,3000.00,12000.00
5000002812,1000002316,20240515,1,1187,1,,1,12000.00,2400.00,9600.00
5000002813,1000002317,20240515,1,1188,1,,15,12000.00,27000.00,153000.00
5000002814,1000002318,20240515,1,538,1,,2,12000.00,4800.00,19200.00
5000002815,1000002319,20240515,2,509,1,,1,15000.00,3000.00,12000.00
5000002816,1000002320,20240515,2,1189,1,,1,15000.00,3000.00,12000.00
5000002817,1000002321,20240515,1,563,1,,1,12000.00,2400.00,9600.00
5000002818,1000002321,20240515,2,563,1,,1,15000.00,3000.00,12000.00
5000002819,1000002322,20240516,1,942,1,,1,12000.00,0.00,12000.00
5000002820,1000002323,20240516,1,1191,1,,1,12000.00,0.00,12000.00
5000002821,1000002323,20240516,2,1191,1,,1,15000.00,0.00,15000.00
5000002826,1000002328,20240516,2,9,1,,1,15000.00,0.00,15000.00
5000002827,1000002329,20240516,2,191,1,,4,15000.00,0.00,60000.00
5000002830,1000002331,20240516,1,366,1,,1,12000.00,0.00,12000.00
5000002834,1000002335,20240517,2,1048,1,,3,15000.00,0.00,45000.00
5000002835,1000002336,20240517,1,837,1,,1,12000.00,0.00,12000.00
5000002837,1000002338,20240517,2,333,1,,1,15000.00,0.00,15000.00
5000002838,1000002339,20240517,1,1194,1,,2,12000.00,1200.00,22800.00
5000002839,1000002340,20240517,2,574,1,,2,15000.00,0.00,30000.00
5000002843,1000002343,20240517,1,909,1,,1,12000.00,0.00,12000.00
5000002844,1000002344,20240517,1,938,1,,3,12000.00,0.00,36000.00
5000002845,1000002344,20240517,2,938,1,,3,15000.00,0.00,45000.00
5000002848,1000002347,20240517,1,147,1,,4,12000.00,0.00,48000.00
5000002849,1000002348,20240517,1,344,1,,3,12000.00,0.00,36000.00
5000002851,1000002350,20240517,1,64,1,,2,12000.00,0.00,24000.00
5000002855,1000002353,20240517,1,791,1,,1,12000.00,0.00,12000.00
5000002856,1000002354,20240517,1,448,1,,1,12000.00,600.00,11400.00
5000002857,1000002355,20240518,1,169,1,,1,12000.00,0.00,12000.00
5000002858,1000002355,20240518,2,169,1,,1,15000.00,0.00,15000.00
5000002859,1000002356,20240518,1,692,1,,2,12000.00,0.00,24000.00
5000002860,1000002357,20240518,1,934,1,,1,12000.00,0.00,12000.00
5000002861,1000002358,20240518,1,726,1,,1,12000.00,0.00,12000.00
5000002874,1000002366,20240518,1,470,1,,4,12000.00,0.00,48000.00
5000002875,1000002366,20240518,2,470,1,,1,15000.00,0.00,15000.00
5000002876,1000002367,20240518,1,45,1,,4,12000.00,0.00,48000.00
5000002877,1000002368,20240518,1,1007,1,,3,12000.00,0.00,36000.00
5000002880,1000002371,20240519,2,1200,1,,1,15000.00,750.00,14250.00
5000002881,1000002372,20240519,2,507,1,,2,15000.00,0.00,30000.00
5000002882,1000002373,20240519,1,159,1,,2,12000.00,0.00,24000.00
5000002883,1000002373,20240519,2,159,1,,2,15000.00,0.00,30000.00
5000002884,1000002374,20240519,1,993,1,,1,12000.00,0.00,12000.00
5000002885,1000002375,20240519,1,948,1,,1,12000.00,0.00,12000.00
5000002886,1000002376,20240519,1,1202,1,,1,12000.00,0.00,12000.00
5000002887,1000002376,20240519,2,1202,1,,1,15000.00,0.00,15000.00
5000002888,1000002377,20240519,1,427,1,,2,12000.00,0.00,24000.00
5000002889,1000002378,20240519,2,1124,1,,4,15000.00,0.00,60000.00
5000002890,1000002379,20240519,2,787,1,,2,15000.00,0.00,30000.00
5000002891,1000002380,20240519,1,971,1,,2,12000.00,0.00,24000.00
5000002892,1000002380,20240519,2,971,1,,1,15000.00,0.00,15000.00
5000002893,1000002381,20240519,2,1203,1,,1,15000.00,0.00,15000.00
5000002894,1000002382,20240519,1,914,1,,1,12000.00,0.00,12000.00
5000002895,1000002383,20240519,1,974,1,,4,12000.00,0.00,48000.00
5000002896,1000002384,20240519,1,166,1,,1,12000.00,0.00,12000.00
5000002897,1000002385,20240520,2,486,1,,3,15000.00,0.00,45000.00
5000002898,1000002386,20240520,1,480,1,,2,12000.00,0.00,24000.00
5000002900,1000002388,20240520,1,1204,1,,1,12000.00,0.00,12000.00
5000002902,1000002390,20240520,1,894,1,,2,12000.00,0.00,24000.00
5000002903,1000002390,20240520,2,894,1,,2,15000.00,0.00,30000.00
5000002904,1000002391,20240520,1,675,1,,2,12000.00,0.00,24000.00
5000002907,1000002393,20240520,2,1019,1,,2,15000.00,0.00,30000.00
5000002910,1000002395,20240520,1,457,1,,4,12000.00,2400.00,45600.00
5000002911,1000002395,20240520,2,457,1,,2,15000.00,1500.00,28500.00
5000002916,1000002398,20240520,2,1043,1,,3,15000.00,0.00,45000.00
5000002917,1000002399,20240520,1,790,1,,1,12000.00,0.00,12000.00
5000002918,1000002399,20240520,2,790,1,,1,15000.00,0.00,15000.00
5000002919,1000002400,20240520,1,998,1,,1,12000.00,0.00,12000.00
5000002920,1000002401,20240520,1,1129,1,,1,12000.00,0.00,12000.00
5000002921,1000002401,20240520,2,1129,1,,1,15000.00,0.00,15000.00
5000002922,1000002402,20240520,1,1058,1,,3,12000.00,0.00,36000.00
5000002923,1000002402,20240520,2,1058,1,,1,15000.00,0.00,15000.00
5000002924,1000002403,20240521,1,880,1,,2,12000.00,0.00,24000.00
5000002925,1000002404,20240521,2,893,1,,1,15000.00,0.00,15000.00
5000002926,1000002405,20240521,2,294,1,,2,15000.00,0.00,30000.00
5000002927,1000002406,20240521,2,1206,1,,1,15000.00,0.00,15000.00
5000002928,1000002407,20240521,2,1047,1,,1,15000.00,0.00,15000.00
5000002935,1000002412,20240521,1,436,1,,1,12000.00,0.00,12000.00
5000002936,1000002412,20240521,2,436,1,,3,15000.00,0.00,45000.00
5000002939,1000002414,20240522,2,1060,1,,1,15000.00,0.00,15000.00
5000002945,1000002419,20240522,1,1211,1,,1,12000.00,0.00,12000.00
5000002946,1000002420,20240522,1,711,1,,3,12000.00,0.00,36000.00
5000002947,1000002420,20240522,2,711,1,,1,15000.00,0.00,15000.00
5000002950,1000002423,20240522,2,108,1,,2,15000.00,0.00,30000.00
5000002951,1000002424,20240522,1,541,1,,2,12000.00,0.00,24000.00
5000002952,1000002425,20240522,1,834,1,,2,12000.00,0.00,24000.00
5000002953,1000002425,20240522,2,834,1,,3,15000.00,0.00,45000.00
5000002955,1000002427,20240522,1,469,1,,1,12000.00,0.00,12000.00
5000002957,1000002429,20240522,2,704,1,,3,15000.00,0.00,45000.00
5000002959,1000002431,20240522,1,1105,1,,1,12000.00,0.00,12000.00
5000002960,1000002432,20240522,2,793,1,,1,15000.00,0.00,15000.00
5000002961,1000002433,20240523,1,1212,1,,1,12000.00,0.00,12000.00
5000002962,1000002433,20240523,2,1212,1,,3,15000.00,0.00,45000.00
5000002963,1000002434,20240523,1,1213,1,,1,12000.00,0.00,12000.00
5000002964,1000002435,20240523,1,1214,1,,1,12000.00,0.00,12000.00
5000002965,1000002436,20240523,1,1038,1,,4,12000.00,0.00,48000.00
5000002966,1000002437,20240523,1,59,1,,2,12000.00,0.00,24000.00
5000002968,1000002439,20240523,2,15,1,,1,15000.00,0.00,15000.00
5000002970,1000002441,20240523,2,1216,1,,1,15000.00,0.00,15000.00
5000002975,1000002445,20240523,2,718,1,,1,15000.00,0.00,15000.00
5000002976,1000002446,20240523,1,794,1,,2,12000.00,0.00,24000.00
5000002979,1000002448,20240523,2,1218,1,,1,15000.00,0.00,15000.00
5000002980,1000002449,20240524,1,487,1,,1,12000.00,0.00,12000.00
5000002986,1000002453,20240524,2,69,1,,2,15000.00,0.00,30000.00
5000002987,1000002454,20240524,1,423,1,,1,12000.00,0.00,12000.00
5000002988,1000002454,20240524,2,423,1,,1,15000.00,0.00,15000.00
5000002989,1000002455,20240524,1,812,1,,1,12000.00,0.00,12000.00
5000002990,1000002455,20240524,2,812,1,,1,15000.00,0.00,15000.00
5000002994,1000002459,20240524,1,404,1,,1,12000.00,0.00,12000.00
5000002995,1000002459,20240524,2,404,1,,2,15000.00,0.00,30000.00
5000002999,1000002463,20240524,1,703,1,,3,12000.00,0.00,36000.00
5000003000,1000002464,20240524,1,622,1,,2,12000.00,0.00,24000.00
5000003001,1000002465,20240524,1,1223,1,,2,12000.00,0.00,24000.00
5000003002,1000002466,20240524,1,120,1,,2,12000.00,0.00,24000.00
5000003003,1000002467,20240524,1,1224,1,,1,12000.00,0.00,12000.00
5000003004,1000002468,20240524,2,854,1,,3,15000.00,0.00,45000.00
5000003005,1000002469,20240525,1,595,1,,3,12000.00,0.00,36000.00
5000003006,1000002469,20240525,2,595,1,,1,15000.00,0.00,15000.00
5000003007,1000002470,20240525,1,490,1,,2,12000.00,0.00,24000.00
5000003008,1000002471,20240525,1,789,1,,1,12000.00,0.00,12000.00
5000003009,1000002472,20240525,2,226,1,,1,15000.00,0.00,15000.00
5000003011,1000002474,20240525,1,612,1,,1,12000.00,0.00,12000.00
5000003012,1000002475,20240525,1,1225,1,,1,12000.00,0.00,12000.00
5000003013,1000002476,20240525,1,163,1,,2,12000.00,0.00,24000.00
5000003021,1000002483,20240525,2,1016,1,,1,15000.00,750.00,14250.00
5000003025,1000002486,20240526,2,556,1,,2,15000.00,0.00,30000.00
5000003026,1000002487,20240526,1,632,1,,2,12000.00,0.00,24000.00
5000003027,1000002488,20240526,2,173,1,,2,15000.00,0.00,30000.00
5000003028,1000002489,20240526,1,878,1,,2,12000.00,0.00,24000.00
5000003029,1000002490,20240526,1,1228,1,,1,12000.00,0.00,12000.00
5000003030,1000002491,20240526,2,1229,1,,1,15000.00,0.00,15000.00
5000003031,1000002492,20240526,2,375,1,,2,15000.00,0.00,30000.00
5000003032,1000002493,20240526,1,80,1,,1,12000.00,0.00,12000.00
5000003033,1000002494,20240526,1,77,1,,2,12000.00,0.00,24000.00
5000003034,1000002494,20240526,2,77,1,,1,15000.00,0.00,15000.00
5000003035,1000002495,20240526,1,150,1,,2,12000.00,0.00,24000.00
5000003036,1000002495,20240526,2,150,1,,4,15000.00,0.00,60000.00
5000003037,1000002496,20240526,1,651,1,,4,12000.00,0.00,48000.00
5000003038,1000002496,20240526,2,651,1,,2,15000.00,0.00,30000.00
5000003039,1000002497,20240527,1,484,1,,1,12000.00,0.00,12000.00
5000003042,1000002499,20240527,1,1232,1,,1,12000.00,0.00,12000.00
5000003043,1000002499,20240527,2,1232,1,,1,15000.00,0.00,15000.00
5000003045,1000002501,20240527,1,823,1,,4,12000.00,0.00,48000.00
5000003047,1000002503,20240527,1,1234,1,,2,12000.00,0.00,24000.00
5000003057,1000002513,20240527,2,521,1,,1,15000.00,0.00,15000.00
5000003060,1000002516,20240527,2,1237,1,,1,15000.00,0.00,15000.00
5000003061,1000002517,20240527,1,1238,1,,1,12000.00,0.00,12000.00
5000003062,1000002518,20240527,2,915,1,,1,15000.00,0.00,15000.00
5000003063,1000002519,20240527,2,288,1,,1,15000.00,0.00,15000.00
5000003064,1000002520,20240528,1,1020,1,,2,12000.00,2400.00,21600.00
5000003065,1000002521,20240528,2,155,1,,1,15000.00,1500.00,13500.00
5000003066,1000002522,20240528,1,1239,1,,4,12000.00,0.00,48000.00
5000003068,1000002524,20240528,2,253,1,,2,15000.00,3000.00,27000.00
5000003070,1000002526,20240528,1,1240,1,,1,12000.00,0.00,12000.00
5000003071,1000002526,20240528,2,1240,1,,2,15000.00,0.00,30000.00
5000003072,1000002527,20240528,1,75,1,,2,12000.00,2400.00,21600.00
5000003073,1000002528,20240528,2,1039,1,,1,15000.00,0.00,15000.00
5000003074,1000002529,20240529,1,752,1,,4,12000.00,0.00,48000.00
5000003075,1000002529,20240529,2,752,1,,1,15000.00,0.00,15000.00
5000003076,1000002530,20240529,1,579,1,,1,12000.00,0.00,12000.00
5000003077,1000002531,20240529,1,167,1,,2,12000.00,0.00,24000.00
5000003081,1000002534,20240529,1,1119,1,,1,12000.00,0.00,12000.00
5000003085,1000002537,20240529,1,1165,1,,1,12000.00,0.00,12000.00
5000003088,1000002540,20240529,1,952,1,,1,12000.00,0.00,12000.00
5000003089,1000002540,20240529,2,952,1,,1,15000.00,0.00,15000.00
5000003097,1000002546,20240529,1,1242,1,,1,12000.00,0.00,12000.00
5000003100,1000002549,20240529,1,797,1,,2,12000.00,0.00,24000.00
5000003101,1000002549,20240529,2,797,1,,3,15000.00,0.00,45000.00
5000003102,1000002550,20240529,1,708,1,,4,12000.00,0.00,48000.00
5000003103,1000002551,20240529,2,716,1,,1,15000.00,0.00,15000.00
5000003104,1000002552,20240530,2,1244,1,,2,15000.00,0.00,30000.00
5000003105,1000002553,20240530,1,1026,1,,1,12000.00,0.00,12000.00
5000003106,1000002553,20240530,2,1026,1,,2,15000.00,0.00,30000.00
5000003112,1000002558,20240530,1,1247,1,,1,12000.00,0.00,12000.00
5000003114,1000002560,20240530,2,1248,1,,1,15000.00,0.00,15000.00
5000003116,1000002562,20240530,1,1249,1,,2,12000.00,1200.00,22800.00
5000003117,1000002563,20240530,2,355,1,,3,15000.00,0.00,45000.00
5000003118,1000002564,20240530,1,670,1,,1,12000.00,0.00,12000.00
5000003119,1000002565,20240531,2,995,1,,1,15000.00,0.00,15000.00
5000003120,1000002566,20240531,1,1002,1,,1,12000.00,0.00,12000.00
5000003123,1000002568,20240531,1,1175,1,,1,12000.00,0.00,12000.00
5000003125,1000002570,20240531,1,847,1,,2,12000.00,0.00,24000.00
5000003127,1000002572,20240531,1,186,1,,3,12000.00,0.00,36000.00
5000003129,1000002574,20240531,1,963,1,,2,12000.00,0.00,24000.00
5000003130,1000002574,20240531,2,963,1,,3,15000.00,0.00,45000.00
5000003133,1000002576,20240531,1,466,1,,3,12000.00,0.00,36000.00
5000003135,1000002578,20240531,2,543,1,,1,15000.00,750.00,14250.00
5000003136,1000002579,20240601,2,1252,1,,1,15000.00,0.00,15000.00
5000003137,1000002580,20240601,1,443,1,,1,12000.00,600.00,11400.00
5000003149,1000002590,20240601,1,1254,1,,3,12000.00,0.00,36000.00
5000003150,1000002590,20240601,2,1254,1,,1,15000.00,0.00,15000.00
5000003156,1000002595,20240601,2,861,1,,2,15000.00,0.00,30000.00
5000003157,1000002596,20240602,2,970,1,,2,15000.00,0.00,30000.00
5000003158,1000002597,20240602,1,480,1,,2,12000.00,0.00,24000.00
5000003159,1000002597,20240602,2,480,1,,2,15000.00,0.00,30000.00
5000003160,1000002598,20240602,2,943,1,,2,15000.00,0.00,30000.00
5000003161,1000002599,20240602,1,1256,1,,1,12000.00,600.00,11400.00
5000003162,1000002599,20240602,2,1256,1,,2,15000.00,1500.00,28500.00
5000003163,1000002600,20240602,1,1158,1,,4,12000.00,0.00,48000.00
5000003164,1000002601,20240602,2,128,1,,1,15000.00,0.00,15000.00
5000003165,1000002602,20240602,1,1087,1,,1,12000.00,0.00,12000.00
5000003166,1000002603,20240602,2,287,1,,1,15000.00,0.00,15000.00
5000003167,1000002604,20240602,2,1257,1,,1,15000.00,0.00,15000.00
5000003168,1000002605,20240603,1,531,1,,1,12000.00,0.00,12000.00
5000003169,1000002606,20240603,2,883,1,,1,15000.00,0.00,15000.00
5000003170,1000002607,20240603,1,1258,1,,1,12000.00,0.00,12000.00
5000003171,1000002608,20240603,2,1093,1,,1,15000.00,0.00,15000.00
5000003178,1000002613,20240603,2,1260,1,,1,15000.00,0.00,15000.00
5000003179,1000002614,20240603,1,1259,1,,1,12000.00,0.00,12000.00
5000003182,1000002617,20240603,1,1,1,,1,12000.00,600.00,11400.00
5000003187,1000002622,20240603,1,938,1,,1,12000.00,0.00,12000.00
5000003188,1000002623,20240603,1,63,1,,1,12000.00,0.00,12000.00
5000003189,1000002624,20240603,2,11,1,,2,15000.00,0.00,30000.00
5000003190,1000002625,20240603,1,965,1,,2,12000.00,0.00,24000.00
5000003191,1000002625,20240603,2,965,1,,1,15000.00,0.00,15000.00
5000003192,1000002626,20240604,1,1145,1,,1,12000.00,0.00,12000.00
5000003193,1000002627,20240604,2,342,1,,15,15000.00,33750.00,191250.00
5000003194,1000002628,20240604,2,669,1,,3,15000.00,0.00,45000.00
5000003195,1000002629,20240604,2,1265,1,,2,15000.00,1500.00,28500.00
5000003196,1000002630,20240604,2,1266,1,,1,15000.00,0.00,15000.00
5000003199,1000002632,20240604,2,354,1,,1,15000.00,0.00,15000.00
5000003201,1000002634,20240604,1,556,1,,1,12000.00,0.00,12000.00
5000003203,1000002636,20240604,1,884,1,,1,12000.00,0.00,12000.00
5000003204,1000002637,20240604,2,425,1,,3,15000.00,0.00,45000.00
5000003207,1000002639,20240604,1,1267,1,,1,12000.00,0.00,12000.00
5000003208,1000002639,20240604,2,1267,1,,1,15000.00,0.00,15000.00
5000003211,1000002642,20240604,2,787,1,,2,15000.00,0.00,30000.00
5000003212,1000002643,20240604,2,1270,1,,2,15000.00,1500.00,28500.00
5000003213,1000002644,20240605,1,497,1,,2,12000.00,0.00,24000.00
5000003214,1000002645,20240605,2,1271,1,,1,15000.00,0.00,15000.00
5000003220,1000002650,20240605,1,333,1,,3,12000.00,0.00,36000.00
5000003224,1000002653,20240605,1,1273,1,,1,12000.00,0.00,12000.00
5000003225,1000002654,20240605,1,636,1,,2,12000.00,0.00,24000.00
5000003226,1000002655,20240605,2,768,1,,1,15000.00,0.00,15000.00
5000003227,1000002656,20240605,2,1274,1,,1,15000.00,750.00,14250.00
5000003230,1000002659,20240605,2,1194,1,,1,15000.00,750.00,14250.00
5000003231,1000002660,20240606,1,313,1,,1,12000.00,0.00,12000.00
5000003232,1000002660,20240606,2,313,1,,1,15000.00,0.00,15000.00
5000003233,1000002661,20240606,1,1135,1,,1,12000.00,0.00,12000.00
5000003234,1000002661,20240606,2,1135,1,,3,15000.00,0.00,45000.00
5000003238,1000002664,20240606,2,1275,1,,2,15000.00,0.00,30000.00
5000003241,1000002667,20240606,2,1187,1,,2,15000.00,0.00,30000.00
5000003242,1000002668,20240606,1,783,1,,1,12000.00,0.00,12000.00
5000003243,1000002668,20240606,2,783,1,,1,15000.00,0.00,15000.00
5000003245,1000002670,20240606,2,567,1,,1,15000.00,0.00,15000.00
5000003246,1000002671,20240606,1,509,1,,1,12000.00,0.00,12000.00
5000003247,1000002671,20240606,2,509,1,,1,15000.00,0.00,15000.00
5000003248,1000002672,20240606,2,956,1,,2,15000.00,0.00,30000.00
5000003249,1000002673,20240606,2,809,1,,1,15000.00,0.00,15000.00
5000003251,1000002675,20240606,2,1054,1,,2,15000.00,0.00,30000.00
5000003252,1000002676,20240606,1,263,1,,3,12000.00,0.00,36000.00
5000003253,1000002677,20240606,2,179,1,,2,15000.00,0.00,30000.00
5000003255,1000002679,20240606,2,1174,1,,4,15000.00,0.00,60000.00
5000003258,1000002682,20240606,1,922,1,,2,12000.00,0.00,24000.00
5000003259,1000002682,20240606,2,922,1,,3,15000.00,0.00,45000.00
5000003260,1000002683,20240606,1,152,1,,1,12000.00,0.00,12000.00
5000003261,1000002684,20240606,2,1278,1,,1,15000.00,0.00,15000.00
5000003262,1000002685,20240607,1,32,1,,2,12000.00,0.00,24000.00
5000003263,1000002686,20240607,2,417,1,,1,15000.00,0.00,15000.00
5000003267,1000002690,20240607,2,1279,1,,2,15000.00,0.00,30000.00
5000003270,1000002693,20240607,2,1223,1,,1,15000.00,0.00,15000.00
5000003273,1000002695,20240607,2,44,1,,1,15000.00,0.00,15000.00
5000003277,1000002699,20240607,2,1058,1,,3,15000.00,2250.00,42750.00
5000003278,1000002700,20240607,2,886,1,,1,15000.00,0.00,15000.00
5000003281,1000002702,20240607,1,1284,1,,4,12000.00,0.00,48000.00
5000003282,1000002703,20240607,1,1144,1,,1,12000.00,0.00,12000.00
5000003283,1000002704,20240607,2,49,1,,1,15000.00,0.00,15000.00
5000003284,1000002705,20240607,1,1285,1,,2,12000.00,0.00,24000.00
5000003285,1000002706,20240607,1,473,1,,1,12000.00,0.00,12000.00
5000003286,1000002707,20240607,2,1286,1,,3,15000.00,0.00,45000.00
5000003287,1000002708,20240607,2,1287,1,,2,15000.00,0.00,30000.00
5000003288,1000002709,20240607,2,1017,1,,2,15000.00,0.00,30000.00
5000003289,1000002710,20240608,1,1046,1,,2,12000.00,0.00,24000.00
5000003300,1000002720,20240608,1,1293,1,,11,12000.00,19800.00,112200.00
5000003301,1000002720,20240608,2,1293,1,,14,15000.00,31500.00,178500.00
5000003304,1000002722,20240608,2,176,1,,1,15000.00,0.00,15000.00
5000003321,1000002733,20240608,1,1297,1,,2,12000.00,0.00,24000.00
5000003322,1000002733,20240608,2,1297,1,,1,15000.00,0.00,15000.00
5000003323,1000002734,20240608,2,618,1,,1,15000.00,0.00,15000.00
5000003327,1000002738,20240608,2,1136,1,,1,15000.00,0.00,15000.00
5000003328,1000002739,20240608,1,788,1,,1,12000.00,0.00,12000.00
5000003329,1000002740,20240608,1,1100,1,,4,12000.00,0.00,48000.00
5000003330,1000002740,20240608,2,1100,1,,1,15000.00,0.00,15000.00
5000003331,1000002741,20240608,1,1300,1,,1,12000.00,0.00,12000.00
5000003332,1000002741,20240608,2,1300,1,,1,15000.00,0.00,15000.00
5000003333,1000002742,20240609,1,42,1,,1,12000.00,0.00,12000.00
5000003334,1000002743,20240609,1,1172,1,,1,12000.00,0.00,12000.00
5000003335,1000002743,20240609,2,1172,1,,1,15000.00,0.00,15000.00
5000003336,1000002744,20240609,2,409,1,,2,15000.00,0.00,30000.00
5000003337,1000002745,20240609,2,324,1,,3,15000.00,0.00,45000.00
5000003338,1000002746,20240609,1,993,1,,1,12000.00,0.00,12000.00
5000003339,1000002747,20240609,2,1214,1,,4,15000.00,0.00,60000.00
5000003340,1000002748,20240609,2,142,1,,1,15000.00,0.00,15000.00
5000003341,1000002749,20240609,2,1301,1,,1,15000.00,750.00,14250.00
5000003342,1000002750,20240609,1,995,1,,2,12000.00,0.00,24000.00
5000003343,1000002751,20240609,2,639,1,,2,15000.00,0.00,30000.00
5000003344,1000002752,20240609,2,507,1,,3,15000.00,0.00,45000.00
5000003345,1000002753,20240610,2,593,1,,1,15000.00,0.00,15000.00
5000003346,1000002754,20240610,2,969,1,,1,15000.00,0.00,15000.00
5000003347,1000002755,20240610,1,827,1,,2,12000.00,0.00,24000.00
5000003348,1000002756,20240610,1,948,1,,1,12000.00,0.00,12000.00
5000003351,1000002758,20240610,1,84,1,,4,12000.00,0.00,48000.00
5000003355,1000002762,20240610,1,913,1,,1,12000.00,600.00,11400.00
5000003356,1000002763,20240610,2,336,1,,3,15000.00,0.00,45000.00
5000003357,1000002764,20240610,2,1302,1,,1,15000.00,0.00,15000.00
5000003360,1000002766,20240610,1,399,1,,1,12000.00,0.00,12000.00
5000003361,1000002766,20240610,2,399,1,,2,15000.00,0.00,30000.00
5000003362,1000002767,20240610,1,793,1,,2,12000.00,0.00,24000.00
5000003363,1000002768,20240610,2,1304,1,,4,15000.00,0.00,60000.00
5000003364,1000002769,20240611,1,366,1,,7,12000.00,12600.00,71400.00
5000003365,1000002770,20240611,2,930,1,,4,15000.00,6000.00,54000.00
5000003366,1000002771,20240611,1,1305,1,,1,12000.00,0.00,12000.00
5000003367,1000002772,20240611,1,950,1,,1,12000.00,0.00,12000.00
5000003368,1000002773,20240611,2,106,1,,1,15000.00,0.00,15000.00
5000003369,1000002774,20240611,1,1057,1,,1,12000.00,0.00,12000.00
5000003371,1000002776,20240611,1,25,1,,1,12000.00,0.00,12000.00
5000003372,1000002776,20240611,2,25,1,,1,15000.00,0.00,15000.00
5000003373,1000002777,20240611,1,377,1,,2,12000.00,0.00,24000.00
5000003380,1000002782,20240611,1,733,1,,1,12000.00,1200.00,10800.00
5000003381,1000002783,20240611,2,268,1,,2,15000.00,0.00,30000.00
5000003387,1000002789,20240611,1,1306,1,,1,12000.00,1200.00,10800.00
5000003394,1000002795,20240611,1,1001,1,,1,12000.00,1200.00,10800.00
5000003395,1000002795,20240611,2,1001,1,,2,15000.00,3000.00,27000.00
5000003396,1000002796,20240611,1,697,1,,4,12000.00,0.00,48000.00
5000003397,1000002797,20240612,2,11,1,,1,15000.00,0.00,15000.00
5000003398,1000002798,20240612,1,997,1,,2,12000.00,0.00,24000.00
5000003399,1000002799,20240612,1,1225,1,,2,12000.00,0.00,24000.00
5000003400,1000002800,20240612,2,1120,1,,1,15000.00,0.00,15000.00
5000003402,1000002802,20240612,1,1309,1,,1,12000.00,0.00,12000.00
5000003403,1000002802,20240612,2,1309,1,,2,15000.00,0.00,30000.00
5000003408,1000002806,20240612,1,1018,1,,1,12000.00,0.00,12000.00
5000003415,1000002812,20240612,2,1112,1,,2,15000.00,0.00,30000.00
5000003417,1000002814,20240612,1,1060,1,,3,12000.00,0.00,36000.00
5000003420,1000002817,20240612,1,242,1,,3,12000.00,0.00,36000.00
5000003422,1000002819,20240612,1,1313,1,,2,12000.00,0.00,24000.00
5000003423,1000002820,20240612,1,1104,1,,2,12000.00,0.00,24000.00
5000003424,1000002821,20240612,1,832,1,,2,12000.00,0.00,24000.00
5000003425,1000002821,20240612,2,832,1,,2,15000.00,0.00,30000.00
5000003426,1000002822,20240612,1,1314,1,,1,12000.00,0.00,12000.00
5000003427,1000002822,20240612,2,1314,1,,2,15000.00,0.00,30000.00
5000003428,1000002823,20240612,2,68,1,,1,15000.00,0.00,15000.00
5000003429,1000002824,20240612,2,47,1,,1,15000.00,0.00,15000.00
5000003430,1000002825,20240612,1,468,1,,1,12000.00,0.00,12000.00
5000003431,1000002826,20240612,2,192,1,,1,15000.00,0.00,15000.00
5000003432,1000002827,20240612,2,1315,1,,1,15000.00,0.00,15000.00
5000003433,1000002828,20240613,2,681,1,,1,15000.00,0.00,15000.00
5000003434,1000002829,20240613,2,1317,1,,1,15000.00,0.00,15000.00
5000003435,1000002830,20240613,2,339,1,,3,15000.00,0.00,45000.00
5000003439,1000002833,20240613,1,1319,1,,3,12000.00,0.00,36000.00
5000003440,1000002833,20240613,2,1319,1,,1,15000.00,0.00,15000.00
5000003441,1000002834,20240613,2,254,1,,1,15000.00,0.00,15000.00
5000003442,1000002835,20240613,1,1320,1,,2,12000.00,0.00,24000.00
5000003445,1000002838,20240613,1,46,1,,2,12000.00,0.00,24000.00
5000003446,1000002838,20240613,2,46,1,,1,15000.00,0.00,15000.00
5000003449,1000002841,20240613,1,1194,1,,3,12000.00,0.00,36000.00
5000003450,1000002841,20240613,2,1194,1,,1,15000.00,0.00,15000.00
5000003453,1000002844,20240613,2,270,1,,2,15000.00,0.00,30000.00
5000003455,1000002846,20240613,1,789,1,,1,12000.00,0.00,12000.00
5000003456,1000002846,20240613,2,789,1,,1,15000.00,0.00,15000.00
5000003457,1000002847,20240613,1,476,1,,1,12000.00,0.00,12000.00
5000003458,1000002847,20240613,2,476,1,,4,15000.00,0.00,60000.00
5000003462,1000002851,20240613,1,61,1,,1,12000.00,0.00,12000.00
5000003463,1000002852,20240613,1,110,1,,1,12000.00,0.00,12000.00
5000003464,1000002853,20240613,1,652,1,,1,12000.00,0.00,12000.00
5000003465,1000002853,20240613,2,652,1,,1,15000.00,0.00,15000.00
5000003466,1000002854,20240613,2,1323,1,,1,15000.00,0.00,15000.00
5000003467,1000002855,20240614,2,479,1,,2,15000.00,0.00,30000.00
5000003468,1000002856,20240614,2,1166,1,,2,15000.00,1500.00,28500.00
5000003470,1000002858,20240614,2,420,1,,3,15000.00,0.00,45000.00
5000003484,1000002870,20240614,2,429,1,,3,15000.00,0.00,45000.00
5000003488,1000002873,20240614,1,104,1,,2,12000.00,0.00,24000.00
5000003489,1000002874,20240614,2,563,1,,1,15000.00,0.00,15000.00
5000003491,1000002876,20240614,1,1328,1,,1,12000.00,0.00,12000.00
5000003492,1000002876,20240614,2,1328,1,,1,15000.00,0.00,15000.00
5000003493,1000002877,20240614,2,642,1,,1,15000.00,0.00,15000.00
5000003494,1000002878,20240614,1,299,1,,1,12000.00,0.00,12000.00
5000003495,1000002879,20240614,2,1329,1,,1,15000.00,0.00,15000.00
5000003496,1000002880,20240615,2,851,1,,3,15000.00,0.00,45000.00
5000003497,1000002881,20240615,2,1330,1,,2,15000.00,0.00,30000.00
5000003498,1000002882,20240615,1,1331,1,,2,12000.00,0.00,24000.00
5000003499,1000002883,20240615,1,756,1,,4,12000.00,0.00,48000.00
5000003502,1000002886,20240615,1,344,1,,2,12000.00,0.00,24000.00
5000003503,1000002886,20240615,2,344,1,,1,15000.00,0.00,15000.00
5000003504,1000002887,20240615,2,630,1,,1,15000.00,0.00,15000.00
5000003519,1000002899,20240615,1,1334,1,,1,12000.00,0.00,12000.00
5000003529,1000002909,20240615,2,45,1,,1,15000.00,0.00,15000.00
5000003530,1000002910,20240615,1,542,1,,1,12000.00,0.00,12000.00
5000003531,1000002910,20240615,2,542,1,,1,15000.00,0.00,15000.00
5000003532,1000002911,20240615,1,1336,1,,3,12000.00,0.00,36000.00
5000003533,1000002912,20240616,2,122,1,,1,15000.00,0.00,15000.00
5000003534,1000002913,20240616,2,1337,1,,1,15000.00,0.00,15000.00
5000003535,1000002914,20240616,2,65,1,,2,15000.00,0.00,30000.00
5000003536,1000002915,20240616,2,1339,1,,3,15000.00,0.00,45000.00
5000003537,1000002916,20240616,2,1338,1,,1,15000.00,0.00,15000.00
5000003538,1000002917,20240616,1,1143,1,,1,12000.00,0.00,12000.00
5000003539,1000002918,20240616,2,505,1,,1,15000.00,0.00,15000.00
5000003540,1000002919,20240616,2,790,1,,3,15000.00,0.00,45000.00
5000003541,1000002920,20240616,2,1340,1,,4,15000.00,0.00,60000.00
5000003542,1000002921,20240616,2,889,1,,1,15000.00,0.00,15000.00
5000003543,1000002922,20240616,1,152,1,,4,12000.00,0.00,48000.00
5000003544,1000002923,20240616,1,869,1,,2,12000.00,0.00,24000.00
5000003545,1000002924,20240616,2,70,1,,2,15000.00,0.00,30000.00
5000003546,1000002925,20240617,1,143,1,,1,12000.00,0.00,12000.00
5000003547,1000002926,20240617,1,978,1,,1,12000.00,0.00,12000.00
5000003548,1000002927,20240617,2,1141,1,,2,15000.00,0.00,30000.00
5000003549,1000002928,20240617,1,1342,1,,1,12000.00,0.00,12000.00
5000003550,1000002928,20240617,2,1342,1,,2,15000.00,0.00,30000.00
5000003551,1000002929,20240617,2,942,1,,2,15000.00,0.00,30000.00
5000003552,1000002930,20240617,2,1108,1,,2,15000.00,0.00,30000.00
5000003553,1000002931,20240617,1,214,1,,1,12000.00,0.00,12000.00
5000003554,1000002932,20240617,1,1275,1,,1,12000.00,0.00,12000.00
5000003556,1000002934,20240617,1,69,1,,1,12000.00,0.00,12000.00
5000003557,1000002934,20240617,2,69,1,,2,15000.00,0.00,30000.00
5000003559,1000002936,20240617,1,1345,1,,1,12000.00,0.00,12000.00
5000003560,1000002937,20240617,1,644,1,,1,12000.00,0.00,12000.00
5000003561,1000002937,20240617,2,644,1,,1,15000.00,0.00,15000.00
5000003562,1000002938,20240617,2,157,1,,3,15000.00,0.00,45000.00
5000003563,1000002939,20240617,2,663,1,,1,15000.00,0.00,15000.00
5000003564,1000002940,20240617,1,1346,1,,2,12000.00,0.00,24000.00
5000003565,1000002940,20240617,2,1346,1,,2,15000.00,0.00,30000.00
5000003566,1000002941,20240617,1,1096,1,,3,12000.00,0.00,36000.00
5000003568,1000002943,20240617,1,1053,1,,3,12000.00,0.00,36000.00
5000003569,1000002944,20240617,1,982,1,,4,12000.00,0.00,48000.00
5000003570,1000002945,20240617,1,934,1,,1,12000.00,0.00,12000.00
5000003571,1000002945,20240617,2,934,1,,1,15000.00,0.00,15000.00
5000003572,1000002946,20240617,2,1118,1,,1,15000.00,0.00,15000.00
5000003573,1000002947,20240618,1,416,1,,1,12000.00,0.00,12000.00
5000003574,1000002947,20240618,2,416,1,,1,15000.00,0.00,15000.00
5000003575,1000002948,20240618,1,826,1,,2,12000.00,0.00,24000.00
5000003576,1000002948,20240618,2,826,1,,1,15000.00,0.00,15000.00
5000003577,1000002949,20240618,2,284,1,,1,15000.00,0.00,15000.00
5000003578,1000002950,20240618,1,1347,1,,2,12000.00,0.00,24000.00
5000003579,1000002951,20240618,2,405,1,,2,15000.00,0.00,30000.00
5000003580,1000002952,20240618,2,44,1,,1,15000.00,0.00,15000.00
5000003581,1000002953,20240618,1,1348,1,,1,12000.00,0.00,12000.00
5000003582,1000002954,20240618,2,1349,1,,3,15000.00,0.00,45000.00
5000003583,1000002955,20240618,1,1350,1,,1,12000.00,0.00,12000.00
5000003584,1000002955,20240618,2,1350,1,,4,15000.00,0.00,60000.00
5000003585,1000002956,20240618,1,226,1,,1,12000.00,0.00,12000.00
5000003586,1000002956,20240618,2,226,1,,4,15000.00,0.00,60000.00
5000003588,1000002958,20240618,2,775,1,,1,15000.00,0.00,15000.00
5000003590,1000002960,20240618,1,1351,1,,3,12000.00,0.00,36000.00
5000003591,1000002961,20240618,2,909,1,,1,15000.00,0.00,15000.00
5000003593,1000002963,20240618,2,1352,1,,3,15000.00,0.00,45000.00
5000003594,1000002964,20240618,1,666,1,,1,12000.00,0.00,12000.00
5000003595,1000002964,20240618,2,666,1,,4,15000.00,0.00,60000.00
5000003596,1000002965,20240618,1,1163,1,,2,12000.00,0.00,24000.00
5000003597,1000002965,20240618,2,1163,1,,3,15000.00,0.00,45000.00
5000003598,1000002966,20240619,2,871,1,,1,15000.00,0.00,15000.00
5000003599,1000002967,20240619,1,715,1,,2,12000.00,0.00,24000.00
5000003600,1000002968,20240619,1,39,1,,4,12000.00,0.00,48000.00
5000003601,1000002968,20240619,2,39,1,,4,15000.00,0.00,60000.00
5000003602,1000002969,20240619,1,647,1,,1,12000.00,0.00,12000.00
5000003603,1000002969,20240619,2,647,1,,2,15000.00,0.00,30000.00
5000003604,1000002970,20240619,1,578,1,,1,12000.00,0.00,12000.00
5000003610,1000002975,20240619,2,861,1,,1,15000.00,0.00,15000.00
5000003613,1000002978,20240619,1,480,1,,1,12000.00,0.00,12000.00
5000003614,1000002978,20240619,2,480,1,,1,15000.00,0.00,15000.00
5000003616,1000002980,20240619,2,159,1,,3,15000.00,0.00,45000.00
5000003617,1000002981,20240619,2,447,1,,1,15000.00,750.00,14250.00
5000003618,1000002982,20240620,1,1223,1,,1,12000.00,0.00,12000.00
5000003619,1000002982,20240620,2,1223,1,,1,15000.00,0.00,15000.00
5000003620,1000002983,20240620,2,496,1,,2,15000.00,0.00,30000.00
5000003621,1000002984,20240620,1,300,1,,1,12000.00,0.00,12000.00
5000003622,1000002985,20240620,1,1358,1,,1,12000.00,0.00,12000.00
5000003623,1000002985,20240620,2,1358,1,,1,15000.00,0.00,15000.00
5000003624,1000002986,20240620,1,165,1,,2,12000.00,0.00,24000.00
5000003631,1000002991,20240620,1,1359,1,,1,12000.00,0.00,12000.00
5000003634,1000002994,20240620,2,1145,1,,4,15000.00,0.00,60000.00
5000003637,1000002996,20240620,2,1360,1,,3,15000.00,0.00,45000.00
5000003639,1000002998,20240620,1,1187,1,,2,12000.00,0.00,24000.00
5000003640,1000002999,20240620,2,120,1,,1,15000.00,0.00,15000.00
5000003641,1000003000,20240621,2,1361,1,,2,15000.00,0.00,30000.00
5000003650,1000003007,20240621,1,280,1,,1,12000.00,0.00,12000.00
5000003651,1000003008,20240621,1,1026,1,,4,12000.00,0.00,48000.00
5000003655,1000003012,20240621,1,1162,1,,1,12000.00,0.00,12000.00
5000003658,1000003015,20240621,1,658,1,,1,12000.00,0.00,12000.00
5000003659,1000003016,20240621,1,1211,1,,3,12000.00,0.00,36000.00
5000003660,1000003016,20240621,2,1211,1,,1,15000.00,0.00,15000.00
5000003661,1000003017,20240621,1,1000,1,,2,12000.00,0.00,24000.00
5000003662,1000003018,20240621,1,761,1,,3,12000.00,0.00,36000.00
5000003663,1000003019,20240621,1,30,1,,3,12000.00,0.00,36000.00
5000003664,1000003019,20240621,2,30,1,,1,15000.00,0.00,15000.00
5000003665,1000003020,20240621,2,1102,1,,1,15000.00,0.00,15000.00
5000003666,1000003021,20240622,2,632,1,,1,15000.00,0.00,15000.00
5000003667,1000003022,20240622,2,64,1,,1,15000.00,0.00,15000.00
5000003671,1000003026,20240622,2,706,1,,1,15000.00,0.00,15000.00
5000003673,1000003028,20240622,1,1365,1,,1,12000.00,0.00,12000.00
5000003677,1000003032,20240622,1,968,1,,1,12000.00,0.00,12000.00
5000003678,1000003033,20240622,1,1029,1,,3,12000.00,0.00,36000.00
5000003679,1000003034,20240622,1,513,1,,1,12000.00,0.00,12000.00
5000003680,1000003035,20240623,2,154,1,,1,15000.00,0.00,15000.00
5000003681,1000003036,20240623,2,923,1,,3,15000.00,0.00,45000.00
5000003682,1000003037,20240623,2,1368,1,,2,15000.00,0.00,30000.00
5000003683,1000003038,20240623,1,719,1,,2,12000.00,0.00,24000.00
5000003684,1000003038,20240623,2,719,1,,2,15000.00,0.00,30000.00
5000003685,1000003039,20240623,1,964,1,,1,12000.00,0.00,12000.00
5000003686,1000003039,20240623,2,964,1,,2,15000.00,0.00,30000.00
5000003687,1000003040,20240623,2,269,1,,1,15000.00,0.00,15000.00
5000003688,1000003041,20240623,1,1369,1,,1,12000.00,0.00,12000.00
5000003689,1000003041,20240623,2,1369,1,,1,15000.00,0.00,15000.00
5000003690,1000003042,20240623,1,1370,1,,3,12000.00,0.00,36000.00
5000003691,1000003043,20240623,1,980,1,,1,12000.00,0.00,12000.00
5000003692,1000003043,20240623,2,980,1,,3,15000.00,0.00,45000.00
5000003693,1000003044,20240623,2,651,1,,1,15000.00,0.00,15000.00
5000003694,1000003045,20240623,1,784,1,,1,12000.00,0.00,12000.00
5000003695,1000003046,20240624,2,216,1,,1,15000.00,0.00,15000.00
5000003696,1000003047,20240624,2,185,1,,3,15000.00,0.00,45000.00
5000003697,1000003048,20240624,1,1002,1,,1,12000.00,0.00,12000.00
5000003698,1000003048,20240624,2,1002,1,,2,15000.00,0.00,30000.00
5000003699,1000003049,20240624,1,1371,1,,2,12000.00,0.00,24000.00
5000003700,1000003049,20240624,2,1371,1,,1,15000.00,0.00,15000.00
5000003701,1000003050,20240624,1,834,1,,1,12000.00,0.00,12000.00
5000003702,1000003050,20240624,2,834,1,,2,15000.00,0.00,30000.00
5000003704,1000003052,20240624,2,68,1,,1,15000.00,0.00,15000.00
5000003705,1000003053,20240624,2,828,1,,1,15000.00,0.00,15000.00
5000003708,1000003056,20240624,1,960,1,,1,12000.00,0.00,12000.00
5000003710,1000003058,20240624,2,1373,1,,1,15000.00,0.00,15000.00
5000003715,1000003062,20240624,1,1043,1,,1,12000.00,0.00,12000.00
5000003716,1000003063,20240624,1,168,1,,3,12000.00,0.00,36000.00
5000003717,1000003063,20240624,2,168,1,,2,15000.00,0.00,30000.00
5000003718,1000003064,20240625,2,1375,1,,3,15000.00,4500.00,40500.00
5000003719,1000003065,20240625,1,1180,1,,1,12000.00,0.00,12000.00
5000003720,1000003065,20240625,2,1180,1,,2,15000.00,0.00,30000.00
5000003728,1000003073,20240625,1,633,1,,3,12000.00,0.00,36000.00
5000003732,1000003076,20240625,1,621,1,,1,12000.00,0.00,12000.00
5000003733,1000003077,20240625,1,344,1,,1,12000.00,1200.00,10800.00
5000003734,1000003077,20240625,2,344,1,,1,15000.00,1500.00,13500.00
5000003738,1000003081,20240625,1,1319,1,,2,12000.00,1200.00,22800.00
5000003739,1000003081,20240625,2,1319,1,,1,15000.00,750.00,14250.00
5000003740,1000003082,20240625,1,766,1,,4,12000.00,4800.00,43200.00
5000003741,1000003082,20240625,2,766,1,,1,15000.00,1500.00,13500.00
5000003742,1000003083,20240625,2,1174,1,,2,15000.00,0.00,30000.00
5000003743,1000003084,20240625,1,1378,1,,1,12000.00,1200.00,10800.00
5000003744,1000003084,20240625,2,1378,1,,2,15000.00,3000.00,27000.00
5000003745,1000003085,20240625,1,562,1,,1,12000.00,0.00,12000.00
5000003746,1000003086,20240625,1,1379,1,,1,12000.00,0.00,12000.00
5000003747,1000003087,20240626,1,1380,1,,1,12000.00,0.00,12000.00
5000003748,1000003087,20240626,2,1380,1,,1,15000.00,0.00,15000.00
5000003749,1000003088,20240626,2,83,1,,1,15000.00,0.00,15000.00
5000003756,1000003094,20240626,1,139,1,,1,12000.00,0.00,12000.00
5000003763,1000003100,20240626,1,438,1,,4,12000.00,0.00,48000.00
5000003764,1000003101,20240626,1,182,1,,1,12000.00,0.00,12000.00
5000003767,1000003104,20240626,1,149,1,,1,12000.00,0.00,12000.00
5000003768,1000003105,20240626,1,53,1,,2,12000.00,0.00,24000.00
5000003769,1000003106,20240626,1,1383,1,,4,12000.00,0.00,48000.00
5000003770,1000003106,20240626,2,1383,1,,3,15000.00,0.00,45000.00
5000003771,1000003107,20240626,1,1240,1,,4,12000.00,0.00,48000.00
5000003772,1000003108,20240627,1,553,1,,2,12000.00,0.00,24000.00
5000003773,1000003109,20240627,2,618,1,,1,15000.00,0.00,15000.00
5000003774,1000003110,20240627,1,1384,1,,1,12000.00,0.00,12000.00
5000003776,1000003112,20240627,1,9,1,,1,12000.00,0.00,12000.00
5000003777,1000003112,20240627,2,9,1,,1,15000.00,0.00,15000.00
5000003778,1000003113,20240627,1,313,1,,1,12000.00,0.00,12000.00
5000003779,1000003114,20240627,1,1334,1,,3,12000.00,0.00,36000.00
5000003785,1000003118,20240627,1,1386,1,,1,12000.00,0.00,12000.00
5000003786,1000003118,20240627,2,1386,1,,1,15000.00,0.00,15000.00
5000003787,1000003119,20240627,1,813,1,,1,12000.00,0.00,12000.00
5000003788,1000003119,20240627,2,813,1,,2,15000.00,0.00,30000.00
5000003789,1000003120,20240627,2,577,1,,2,15000.00,1500.00,28500.00
5000003790,1000003121,20240627,2,739,1,,4,15000.00,0.00,60000.00
5000003791,1000003122,20240627,1,1387,1,,3,12000.00,0.00,36000.00
5000003792,1000003123,20240627,2,1236,1,,2,15000.00,0.00,30000.00
5000003793,1000003124,20240627,2,844,1,,1,15000.00,0.00,15000.00
5000003794,1000003125,20240628,1,582,1,,1,12000.00,0.00,12000.00
5000003795,1000003126,20240628,2,6,1,,3,15000.00,0.00,45000.00
5000003796,1000003127,20240628,1,1388,1,,1,12000.00,0.00,12000.00
5000003802,1000003132,20240628,2,1068,1,,3,15000.00,0.00,45000.00
5000003803,1000003133,20240628,1,946,1,,2,12000.00,0.00,24000.00
5000003804,1000003134,20240628,2,1070,1,,1,15000.00,0.00,15000.00
5000003809,1000003138,20240628,2,1390,1,,1,15000.00,750.00,14250.00
5000003810,1000003139,20240628,1,1389,1,,1,12000.00,0.00,12000.00
5000003811,1000003139,20240628,2,1389,1,,3,15000.00,0.00,45000.00
5000003813,1000003141,20240628,1,411,1,,1,12000.00,0.00,12000.00
5000003814,1000003141,20240628,2,411,1,,1,15000.00,0.00,15000.00
5000003815,1000003142,20240628,2,1045,1,,1,15000.00,0.00,15000.00
5000003818,1000003144,20240628,1,16,1,,4,12000.00,0.00,48000.00
5000003819,1000003145,20240628,1,789,1,,2,12000.00,0.00,24000.00
5000003824,1000003148,20240629,1,1391,1,,1,12000.00,0.00,12000.00
5000003825,1000003148,20240629,2,1391,1,,3,15000.00,0.00,45000.00
5000003828,1000003150,20240629,1,899,1,,1,12000.00,0.00,12000.00
5000003829,1000003151,20240629,1,1175,1,,2,12000.00,0.00,24000.00
5000003832,1000003154,20240629,1,1302,1,,1,12000.00,0.00,12000.00
5000003835,1000003156,20240629,2,1393,1,,1,15000.00,0.00,15000.00
5000003844,1000003163,20240629,1,1396,1,,1,12000.00,0.00,12000.00
5000003848,1000003167,20240629,1,733,1,,2,12000.00,0.00,24000.00
5000003849,1000003168,20240629,2,831,1,,3,15000.00,0.00,45000.00
5000003850,1000003169,20240630,1,20,1,,2,12000.00,0.00,24000.00
5000003851,1000003169,20240630,2,20,1,,3,15000.00,0.00,45000.00
5000003852,1000003170,20240630,1,1027,1,,1,12000.00,0.00,12000.00
5000003853,1000003171,20240630,1,1397,1,,3,12000.00,0.00,36000.00
5000003854,1000003172,20240630,2,1398,1,,1,15000.00,0.00,15000.00
5000003855,1000003173,20240630,1,425,1,,1,12000.00,0.00,12000.00
5000003856,1000003174,20240630,1,586,1,,1,12000.00,0.00,12000.00
5000003857,1000003174,20240630,2,586,1,,2,15000.00,0.00,30000.00
5000003858,1000003175,20240701,2,1273,1,,1,15000.00,0.00,15000.00
5000003859,1000003176,20240701,2,1399,1,,1,15000.00,750.00,14250.00
5000003860,1000003177,20240701,1,810,1,,2,12000.00,0.00,24000.00
5000003861,1000003177,20240701,2,810,1,,1,15000.00,0.00,15000.00
5000003862,1000003178,20240701,1,1078,1,,1,12000.00,0.00,12000.00
5000003864,1000003180,20240701,1,381,1,,1,12000.00,0.00,12000.00
5000003865,1000003181,20240701,1,484,1,,1,12000.00,0.00,12000.00
5000003869,1000003185,20240701,1,1244,1,,1,12000.00,0.00,12000.00
5000003870,1000003185,20240701,2,1244,1,,1,15000.00,0.00,15000.00
5000003871,1000003186,20240701,1,846,1,,1,12000.00,600.00,11400.00
5000003872,1000003186,20240701,2,846,1,,2,15000.00,1500.00,28500.00
5000003873,1000003187,20240701,1,854,1,,1,12000.00,0.00,12000.00
5000003874,1000003188,20240701,1,996,1,,1,12000.00,0.00,12000.00
5000003875,1000003189,20240702,1,1402,1,,1,12000.00,0.00,12000.00
5000003876,1000003190,20240702,2,356,1,,3,15000.00,0.00,45000.00
5000003877,1000003191,20240702,1,118,1,,2,12000.00,0.00,24000.00
5000003883,1000003197,20240702,1,567,1,,2,12000.00,0.00,24000.00
5000003884,1000003198,20240702,2,11,1,,2,15000.00,0.00,30000.00
5000003885,1000003199,20240702,2,1113,1,,1,15000.00,0.00,15000.00
5000003886,1000003200,20240702,1,1170,1,,1,12000.00,0.00,12000.00
5000003887,1000003201,20240702,1,1300,1,,1,12000.00,0.00,12000.00
5000003888,1000003202,20240703,1,333,1,,3,12000.00,0.00,36000.00
5000003889,1000003203,20240703,2,851,1,,1,15000.00,0.00,15000.00
5000003894,1000003207,20240703,1,1143,1,,4,12000.00,0.00,48000.00
5000003895,1000003207,20240703,2,1143,1,,1,15000.00,0.00,15000.00
5000003898,1000003210,20240703,1,394,1,,1,12000.00,0.00,12000.00
5000003899,1000003210,20240703,2,394,1,,4,15000.00,0.00,60000.00
5000003902,1000003212,20240703,1,46,1,,1,12000.00,0.00,12000.00
5000003905,1000003214,20240703,1,1407,1,,1,12000.00,0.00,12000.00
5000003906,1000003214,20240703,2,1407,1,,1,15000.00,0.00,15000.00
5000003909,1000003217,20240703,1,1408,1,,11,12000.00,19800.00,112200.00
5000003910,1000003218,20240703,1,1258,1,,1,12000.00,0.00,12000.00
5000003911,1000003218,20240703,2,1258,1,,2,15000.00,0.00,30000.00
5000003912,1000003219,20240703,1,255,1,,1,12000.00,0.00,12000.00
5000003913,1000003219,20240703,2,255,1,,1,15000.00,0.00,15000.00
5000003914,1000003220,20240704,1,1409,1,,2,12000.00,0.00,24000.00
5000003923,1000003228,20240704,2,1411,1,,1,15000.00,0.00,15000.00
5000003924,1000003229,20240704,1,943,1,,3,12000.00,0.00,36000.00
5000003925,1000003230,20240704,2,1271,1,,1,15000.00,0.00,15000.00
5000003927,1000003232,20240704,1,1412,1,,2,12000.00,0.00,24000.00
5000003928,1000003233,20240704,1,1414,1,,2,12000.00,0.00,24000.00
5000003929,1000003234,20240704,2,1415,1,,3,15000.00,0.00,45000.00
5000003930,1000003235,20240704,1,1416,1,,2,12000.00,0.00,24000.00
5000003931,1000003236,20240704,1,548,1,,3,12000.00,0.00,36000.00
5000003932,1000003236,20240704,2,548,1,,1,15000.00,0.00,15000.00
5000003935,1000003238,20240705,2,190,1,,4,15000.00,0.00,60000.00
5000003936,1000003239,20240705,1,259,1,,1,12000.00,0.00,12000.00
5000003942,1000003244,20240705,1,1187,1,,2,12000.00,0.00,24000.00
5000003943,1000003244,20240705,2,1187,1,,1,15000.00,0.00,15000.00
5000003945,1000003246,20240705,2,1417,1,,1,15000.00,0.00,15000.00
5000003947,1000003248,20240705,2,348,1,,1,15000.00,0.00,15000.00
5000003948,1000003249,20240705,2,159,1,,1,15000.00,750.00,14250.00
5000003953,1000003253,20240705,2,355,1,,1,15000.00,0.00,15000.00
5000003954,1000003254,20240705,1,1418,1,,3,12000.00,0.00,36000.00
5000003963,1000003259,20240705,1,1359,1,,1,12000.00,0.00,12000.00
5000003964,1000003260,20240705,1,763,1,,1,12000.00,0.00,12000.00
5000003965,1000003261,20240706,1,938,1,,1,12000.00,0.00,12000.00
5000003966,1000003261,20240706,2,938,1,,1,15000.00,0.00,15000.00
5000003975,1000003268,20240706,1,1420,1,,1,12000.00,0.00,12000.00
5000003982,1000003273,20240706,2,502,1,,2,15000.00,0.00,30000.00
5000003983,1000003274,20240706,1,666,1,,2,12000.00,0.00,24000.00
5000003984,1000003274,20240706,2,666,1,,3,15000.00,0.00,45000.00
5000003985,1000003275,20240706,1,1422,1,,1,12000.00,0.00,12000.00
5000003986,1000003276,20240707,1,1096,1,,1,12000.00,0.00,12000.00
5000003987,1000003277,20240707,1,1423,1,,1,12000.00,0.00,12000.00
5000003988,1000003277,20240707,2,1423,1,,1,15000.00,0.00,15000.00
5000003989,1000003278,20240707,1,552,1,,1,12000.00,0.00,12000.00
5000003990,1000003279,20240707,1,1424,1,,3,12000.00,0.00,36000.00
5000003991,1000003279,20240707,2,1424,1,,3,15000.00,0.00,45000.00
5000003992,1000003280,20240707,1,1003,1,,4,12000.00,0.00,48000.00
5000003993,1000003281,20240707,2,1239,1,,1,15000.00,0.00,15000.00
5000003994,1000003282,20240708,1,1425,1,,1,12000.00,0.00,12000.00
5000003995,1000003282,20240708,2,1425,1,,4,15000.00,0.00,60000.00
5000003996,1000003283,20240708,2,967,1,,3,15000.00,0.00,45000.00
5000003997,1000003284,20240708,2,1426,1,,4,15000.00,0.00,60000.00
5000004001,1000003287,20240708,1,1428,1,,2,12000.00,0.00,24000.00
5000004004,1000003289,20240708,1,1371,1,,1,12000.00,0.00,12000.00
5000004005,1000003290,20240708,1,140,1,,1,12000.00,0.00,12000.00
5000004006,1000003291,20240708,1,1429,1,,1,12000.00,0.00,12000.00
5000004007,1000003292,20240709,1,221,1,,2,12000.00,0.00,24000.00
5000004008,1000003293,20240709,1,888,1,,1,12000.00,0.00,12000.00
5000004009,1000003294,20240709,1,1018,1,,1,12000.00,1200.00,10800.00
5000004010,1000003294,20240709,2,1018,1,,1,15000.00,1500.00,13500.00
5000004011,1000003295,20240709,1,602,1,,2,12000.00,0.00,24000.00
5000004013,1000003297,20240709,1,189,1,,1,12000.00,1200.00,10800.00
5000004015,1000003299,20240709,1,1431,1,,1,12000.00,0.00,12000.00
5000004016,1000003299,20240709,2,1431,1,,2,15000.00,0.00,30000.00
5000004018,1000003301,20240709,1,1432,1,,4,12000.00,0.00,48000.00
5000004019,1000003302,20240709,2,878,1,,1,15000.00,0.00,15000.00
5000004021,1000003304,20240709,2,1433,1,,2,15000.00,3000.00,27000.00
5000004022,1000003305,20240709,1,792,1,,1,12000.00,0.00,12000.00
5000004023,1000003306,20240709,1,1434,1,,1,12000.00,0.00,12000.00
5000004026,1000003309,20240710,2,49,1,,1,15000.00,0.00,15000.00
5000004027,1000003310,20240710,1,227,1,,1,12000.00,600.00,11400.00
5000004028,1000003311,20240710,1,624,1,,1,12000.00,0.00,12000.00
5000004029,1000003311,20240710,2,624,1,,1,15000.00,0.00,15000.00
5000004032,1000003314,20240710,1,1118,1,,2,12000.00,0.00,24000.00
5000004033,1000003315,20240710,2,1436,1,,3,15000.00,0.00,45000.00
5000004034,1000003316,20240710,2,176,1,,2,15000.00,0.00,30000.00
5000004035,1000003317,20240710,1,1348,1,,2,12000.00,0.00,24000.00
5000004036,1000003318,20240710,1,1437,1,,1,12000.00,0.00,12000.00
5000004037,1000003319,20240711,1,1064,1,,1,12000.00,0.00,12000.00
5000004041,1000003322,20240711,1,572,1,,2,12000.00,0.00,24000.00
5000004049,1000003328,20240711,2,595,1,,2,15000.00,0.00,30000.00
5000004050,1000003329,20240712,1,1440,1,,2,12000.00,0.00,24000.00
5000004051,1000003330,20240712,1,951,1,,1,12000.00,0.00,12000.00
5000004052,1000003331,20240712,1,768,1,,4,12000.00,0.00,48000.00
5000004054,1000003333,20240712,1,1267,1,,1,12000.00,0.00,12000.00
5000004055,1000003334,20240712,1,1020,1,,3,12000.00,0.00,36000.00
5000004060,1000003339,20240712,1,1247,1,,3,12000.00,0.00,36000.00
5000004061,1000003340,20240712,1,1163,1,,1,12000.00,0.00,12000.00
5000004063,1000003342,20240712,1,167,1,,1,12000.00,0.00,12000.00
5000004068,1000003347,20240713,1,377,1,,1,12000.00,0.00,12000.00
5000004079,1000003356,20240713,1,717,1,,1,12000.00,0.00,12000.00
5000004081,1000003358,20240713,1,629,1,,1,12000.00,0.00,12000.00
5000004082,1000003358,20240713,2,629,1,,4,15000.00,0.00,60000.00
5000004085,1000003360,20240713,1,100,1,,2,12000.00,1200.00,22800.00
5000004086,1000003361,20240713,1,174,1,,2,12000.00,0.00,24000.00
5000004087,1000003362,20240714,1,846,1,,2,12000.00,0.00,24000.00
5000004088,1000003363,20240714,2,1444,1,,15,15000.00,33750.00,191250.00
5000004089,1000003364,20240714,1,1446,1,,1,12000.00,0.00,12000.00
5000004090,1000003365,20240714,1,284,1,,1,12000.00,0.00,12000.00
5000004091,1000003366,20240714,1,1448,1,,2,12000.00,0.00,24000.00
5000004092,1000003366,20240714,2,1448,1,,1,15000.00,0.00,15000.00
5000004093,1000003367,20240714,1,55,1,,2,12000.00,0.00,24000.00
5000004094,1000003368,20240714,2,1449,1,,3,15000.00,0.00,45000.00
5000004095,1000003369,20240714,2,941,1,,3,15000.00,0.00,45000.00
5000004102,1000003375,20240715,2,1032,2,1,2,15000.00,0.00,30000.00
5000004106,1000003378,20240715,2,1305,2,2,2,15000.00,0.00,30000.00
5000004107,1000003379,20240715,1,1453,2,2,1,12000.00,0.00,12000.00
5000004108,1000003380,20240715,1,1333,2,1,1,12000.00,0.00,12000.00
5000004109,1000003381,20240715,1,949,2,3,3,12000.00,0.00,36000.00
5000004117,1000003388,20240716,2,1010,2,3,1,15000.00,0.00,15000.00
5000004118,1000003389,20240716,1,1245,2,2,1,12000.00,0.00,12000.00
5000004120,1000003391,20240716,1,75,2,1,4,12000.00,0.00,48000.00
5000004125,1000003394,20240716,2,462,2,1,2,15000.00,0.00,30000.00
5000004131,1000003400,20240717,1,1456,2,2,2,12000.00,0.00,24000.00
5000004132,1000003401,20240717,1,336,2,4,2,12000.00,0.00,24000.00
5000004133,1000003402,20240717,1,1215,2,1,1,12000.00,0.00,12000.00
5000004134,1000003403,20240717,2,1458,2,3,1,15000.00,0.00,15000.00
5000004136,1000003405,20240717,1,698,2,2,3,12000.00,0.00,36000.00
5000004138,1000003407,20240717,1,1003,2,3,1,12000.00,0.00,12000.00
5000004139,1000003408,20240717,1,1459,2,3,1,12000.00,0.00,12000.00
5000004149,1000003415,20240718,1,925,2,2,1,12000.00,1200.00,10800.00
5000004150,1000003415,20240718,2,925,2,2,3,15000.00,4500.00,40500.00
5000004151,1000003416,20240718,2,1460,2,2,1,15000.00,0.00,15000.00
5000004152,1000003417,20240718,1,1122,2,1,1,12000.00,0.00,12000.00
5000004157,1000003420,20240718,1,758,2,2,1,12000.00,0.00,12000.00
5000004158,1000003421,20240718,1,1382,2,2,2,12000.00,0.00,24000.00
5000004159,1000003422,20240718,2,441,2,2,1,15000.00,0.00,15000.00
5000004162,1000003425,20240719,1,651,2,1,1,12000.00,0.00,12000.00
5000004163,1000003425,20240719,2,651,2,1,1,15000.00,0.00,15000.00
5000004164,1000003426,20240719,1,1462,2,4,1,12000.00,0.00,12000.00
5000004165,1000003427,20240719,2,291,2,2,1,15000.00,0.00,15000.00
5000004166,1000003428,20240719,2,132,2,2,2,15000.00,0.00,30000.00
5000004168,1000003430,20240719,1,613,2,4,1,12000.00,0.00,12000.00
5000004169,1000003430,20240719,2,613,2,4,1,15000.00,0.00,15000.00
5000004174,1000003435,20240720,1,1207,2,3,1,12000.00,0.00,12000.00
5000004175,1000003436,20240720,1,1466,2,2,1,12000.00,0.00,12000.00
5000004176,1000003436,20240720,2,1466,2,2,1,15000.00,0.00,15000.00
5000004177,1000003437,20240720,1,1467,2,2,4,12000.00,0.00,48000.00
5000004178,1000003438,20240720,1,1318,2,2,2,12000.00,0.00,24000.00
5000004179,1000003438,20240720,2,1318,2,2,2,15000.00,0.00,30000.00
5000004180,1000003439,20240720,1,900,2,4,1,12000.00,0.00,12000.00
5000004181,1000003439,20240720,2,900,2,4,2,15000.00,0.00,30000.00
5000004182,1000003440,20240720,1,1468,2,1,1,12000.00,0.00,12000.00
5000004183,1000003440,20240720,2,1468,2,1,1,15000.00,0.00,15000.00
5000004184,1000003441,20240720,2,430,2,4,1,15000.00,0.00,15000.00
5000004185,1000003442,20240720,2,1311,2,3,1,15000.00,0.00,15000.00
5000004186,1000003443,20240720,1,718,2,1,1,12000.00,0.00,12000.00
5000004187,1000003444,20240720,1,492,2,4,2,12000.00,0.00,24000.00
5000004188,1000003445,20240720,1,376,2,4,4,12000.00,0.00,48000.00
5000004189,1000003445,20240720,2,376,2,4,2,15000.00,0.00,30000.00
5000004190,1000003446,20240720,2,646,2,4,1,15000.00,0.00,15000.00
5000004191,1000003447,20240720,1,1470,2,2,1,12000.00,0.00,12000.00
5000004195,1000003450,20240720,2,1135,2,1,1,15000.00,0.00,15000.00
5000004196,1000003451,20240720,2,1277,2,1,2,15000.00,0.00,30000.00
5000004197,1000003452,20240720,1,1472,2,4,1,12000.00,0.00,12000.00
5000004211,1000003464,20240722,1,981,2,2,1,12000.00,0.00,12000.00
5000004212,1000003465,20240722,1,1477,2,1,1,12000.00,0.00,12000.00
5000004213,1000003465,20240722,2,1477,2,1,3,15000.00,0.00,45000.00
5000004214,1000003466,20240722,2,1478,2,3,2,15000.00,0.00,30000.00
5000004215,1000003467,20240722,1,395,2,1,1,12000.00,0.00,12000.00
5000004220,1000003472,20240723,1,1481,2,4,1,12000.00,0.00,12000.00
5000004222,1000003474,20240723,1,1091,2,1,1,12000.00,0.00,12000.00
5000004224,1000003476,20240723,1,555,2,2,1,12000.00,0.00,12000.00
5000004227,1000003479,20240723,1,1253,2,3,4,12000.00,0.00,48000.00
5000004228,1000003479,20240723,2,1253,2,3,1,15000.00,0.00,15000.00
5000004236,1000003485,20240724,2,235,2,1,4,15000.00,0.00,60000.00
5000004237,1000003486,20240724,1,437,2,4,1,12000.00,0.00,12000.00
5000004238,1000003487,20240724,1,662,2,3,3,12000.00,0.00,36000.00
5000004240,1000003489,20240724,1,896,2,2,2,12000.00,0.00,24000.00
5000004245,1000003494,20240725,2,1401,2,1,1,15000.00,0.00,15000.00
5000004247,1000003496,20240725,2,344,2,2,4,15000.00,0.00,60000.00
5000004249,1000003498,20240725,2,1412,2,1,1,15000.00,0.00,15000.00
5000004253,1000003502,20240725,1,1197,2,4,3,12000.00,3600.00,32400.00
5000004254,1000003502,20240725,2,1197,2,4,2,15000.00,3000.00,27000.00
5000004255,1000003503,20240725,1,887,2,4,2,12000.00,0.00,24000.00
5000004256,1000003503,20240725,2,887,2,4,1,15000.00,0.00,15000.00
5000004263,1000003509,20240726,1,1021,2,1,1,12000.00,1200.00,10800.00
5000004264,1000003510,20240726,1,1121,2,2,1,12000.00,0.00,12000.00
5000004265,1000003511,20240726,1,1153,2,4,1,12000.00,0.00,12000.00
5000004267,1000003513,20240726,2,233,2,3,1,15000.00,0.00,15000.00
5000004268,1000003514,20240726,2,1488,2,3,1,15000.00,0.00,15000.00
5000004270,1000003516,20240726,1,1489,2,2,2,12000.00,0.00,24000.00
5000004272,1000003518,20240726,1,1241,2,2,1,12000.00,0.00,12000.00
5000004276,1000003521,20240726,2,338,2,1,1,15000.00,0.00,15000.00
5000004277,1000003522,20240726,1,1491,2,4,9,12000.00,16200.00,91800.00
5000004286,1000003529,20240727,1,1493,2,1,1,12000.00,0.00,12000.00
5000004287,1000003529,20240727,2,1493,2,1,4,15000.00,0.00,60000.00
5000004289,1000003531,20240727,2,1131,2,3,1,15000.00,0.00,15000.00
5000004290,1000003532,20240727,1,848,2,4,1,12000.00,0.00,12000.00
5000004291,1000003533,20240727,2,326,2,4,1,15000.00,0.00,15000.00
5000004292,1000003534,20240727,1,1494,2,1,1,12000.00,0.00,12000.00
5000004293,1000003535,20240727,2,1495,2,1,1,15000.00,0.00,15000.00
5000004295,1000003537,20240727,1,663,2,1,4,12000.00,0.00,48000.00
5000004296,1000003537,20240727,2,663,2,1,1,15000.00,0.00,15000.00
5000004297,1000003538,20240727,1,193,2,2,3,12000.00,0.00,36000.00
5000004298,1000003539,20240727,2,1035,2,2,4,15000.00,0.00,60000.00
5000004299,1000003540,20240727,1,686,2,3,1,12000.00,0.00,12000.00
5000004301,1000003542,20240727,1,994,2,1,2,12000.00,0.00,24000.00
5000004302,1000003542,20240727,2,994,2,1,1,15000.00,0.00,15000.00
5000004303,1000003543,20240727,1,907,2,3,2,12000.00,0.00,24000.00
5000004304,1000003544,20240727,1,1497,2,2,1,12000.00,0.00,12000.00
5000004305,1000003544,20240727,2,1497,2,2,1,15000.00,0.00,15000.00
5000004321,1000003556,20240729,1,979,2,2,1,12000.00,0.00,12000.00
5000004323,1000003558,20240729,1,119,2,1,2,12000.00,0.00,24000.00
5000004324,1000003559,20240729,1,1505,2,1,2,12000.00,0.00,24000.00
5000004325,1000003559,20240729,2,1505,2,1,1,15000.00,0.00,15000.00
5000004327,1000003561,20240729,1,1217,2,4,1,12000.00,0.00,12000.00
5000004328,1000003562,20240729,1,867,2,3,1,12000.00,0.00,12000.00
5000004329,1000003562,20240729,2,867,2,3,1,15000.00,0.00,15000.00
5000004330,1000003563,20240729,1,891,2,2,2,12000.00,0.00,24000.00
5000004334,1000003566,20240730,1,477,2,3,1,12000.00,0.00,12000.00
5000004339,1000003570,20240730,1,1243,2,2,8,12000.00,14400.00,81600.00
5000004341,1000003572,20240730,1,912,2,1,2,12000.00,0.00,24000.00
5000004342,1000003572,20240730,2,912,2,1,3,15000.00,0.00,45000.00
5000004344,1000003574,20240730,1,1255,2,4,1,12000.00,0.00,12000.00
5000004345,1000003575,20240730,1,1508,2,3,2,12000.00,0.00,24000.00
5000004346,1000003576,20240730,1,1032,2,1,1,12000.00,0.00,12000.00
5000004352,1000003581,20240730,1,757,2,1,1,12000.00,0.00,12000.00
5000004361,1000003588,20240731,1,601,2,4,1,12000.00,0.00,12000.00
5000004362,1000003589,20240731,1,1513,2,2,1,12000.00,0.00,12000.00
5000004363,1000003590,20240731,1,475,2,2,3,12000.00,0.00,36000.00
5000004365,1000003592,20240731,2,865,2,1,3,15000.00,0.00,45000.00
5000004366,1000003593,20240731,1,799,2,1,3,12000.00,0.00,36000.00
5000004368,1000003595,20240731,1,230,2,2,3,12000.00,0.00,36000.00
5000004381,1000003605,20240801,2,1519,2,3,2,15000.00,0.00,30000.00
5000004383,1000003607,20240801,2,1156,2,2,2,15000.00,0.00,30000.00
5000004384,1000003608,20240801,1,1326,2,1,1,12000.00,0.00,12000.00
5000004385,1000003608,20240801,2,1326,2,1,2,15000.00,0.00,30000.00
5000004388,1000003610,20240801,1,1520,2,4,1,12000.00,0.00,12000.00
5000004389,1000003611,20240801,1,1522,2,3,1,12000.00,0.00,12000.00
5000004393,1000003614,20240801,1,1432,2,4,2,12000.00,0.00,24000.00
5000004394,1000003614,20240801,2,1432,2,4,1,15000.00,0.00,15000.00
5000004395,1000003615,20240801,1,594,2,4,2,12000.00,0.00,24000.00
5000004396,1000003615,20240801,2,594,2,4,2,15000.00,0.00,30000.00
5000004398,1000003617,20240801,1,245,2,2,2,12000.00,0.00,24000.00
5000004399,1000003618,20240801,1,1523,2,2,1,12000.00,0.00,12000.00
5000004410,1000003628,20240802,1,949,2,3,1,12000.00,0.00,12000.00
5000004412,1000003630,20240802,1,754,2,4,3,12000.00,0.00,36000.00
5000004413,1000003630,20240802,2,754,2,4,1,15000.00,0.00,15000.00
5000004414,1000003631,20240802,1,628,2,3,3,12000.00,0.00,36000.00
5000004415,1000003632,20240802,1,1148,2,3,1,12000.00,0.00,12000.00
5000004416,1000003632,20240802,2,1148,2,3,1,15000.00,0.00,15000.00
5000004417,1000003633,20240802,1,8,2,1,1,12000.00,0.00,12000.00
5000004418,1000003633,20240802,2,8,2,1,2,15000.00,0.00,30000.00
5000004419,1000003634,20240802,1,829,2,3,3,12000.00,0.00,36000.00
5000004421,1000003636,20240802,2,498,2,4,1,15000.00,0.00,15000.00
5000004423,1000003638,20240802,1,1527,2,1,1,12000.00,0.00,12000.00
5000004424,1000003638,20240802,2,1527,2,1,1,15000.00,0.00,15000.00
5000004425,1000003639,20240802,1,1157,2,4,2,12000.00,0.00,24000.00
5000004426,1000003639,20240802,2,1157,2,4,2,15000.00,0.00,30000.00
5000004432,1000003644,20240803,1,304,2,3,4,12000.00,0.00,48000.00
5000004433,1000003645,20240803,2,1530,2,2,1,15000.00,0.00,15000.00
5000004434,1000003646,20240803,2,292,2,4,1,15000.00,0.00,15000.00
5000004437,1000003648,20240803,1,1531,2,1,2,12000.00,0.00,24000.00
5000004439,1000003650,20240803,2,655,2,4,3,15000.00,0.00,45000.00
5000004440,1000003651,20240803,2,617,2,4,1,15000.00,0.00,15000.00
5000004441,1000003652,20240803,1,1045,2,1,1,12000.00,0.00,12000.00
5000004442,1000003653,20240803,2,1532,2,4,2,15000.00,0.00,30000.00
5000004443,1000003654,20240803,1,1310,2,1,1,12000.00,0.00,12000.00
5000004444,1000003655,20240803,2,714,2,4,1,15000.00,0.00,15000.00
5000004445,1000003656,20240803,1,840,2,2,1,12000.00,0.00,12000.00
5000004446,1000003657,20240803,1,1343,2,1,1,12000.00,0.00,12000.00
5000004449,1000003660,20240803,1,1354,2,3,3,12000.00,0.00,36000.00
5000004450,1000003661,20240803,2,1533,2,3,1,15000.00,0.00,15000.00
5000004469,1000003676,20240805,1,441,2,2,1,12000.00,1200.00,10800.00
5000004470,1000003677,20240805,1,320,2,3,4,12000.00,0.00,48000.00
5000004475,1000003681,20240805,1,1540,2,1,1,12000.00,0.00,12000.00
5000004476,1000003682,20240805,1,1268,2,3,3,12000.00,0.00,36000.00
5000004481,1000003687,20240806,2,458,2,1,1,15000.00,0.00,15000.00
5000004482,1000003688,20240806,2,1544,2,3,1,15000.00,0.00,15000.00
5000004483,1000003689,20240806,2,1545,2,2,2,15000.00,0.00,30000.00
5000004484,1000003690,20240806,1,1546,2,1,2,12000.00,0.00,24000.00
5000004485,1000003690,20240806,2,1546,2,1,1,15000.00,0.00,15000.00
5000004486,1000003691,20240806,1,1419,2,3,2,12000.00,0.00,24000.00
5000004487,1000003692,20240806,1,1324,2,1,1,12000.00,0.00,12000.00
5000004488,1000003692,20240806,2,1324,2,1,2,15000.00,0.00,30000.00
5000004489,1000003693,20240806,1,367,2,1,1,12000.00,0.00,12000.00
5000004490,1000003694,20240806,2,1319,2,2,1,15000.00,0.00,15000.00
5000004492,1000003696,20240806,1,1548,2,3,4,12000.00,0.00,48000.00
5000004495,1000003699,20240807,1,215,2,1,4,12000.00,0.00,48000.00
5000004496,1000003699,20240807,2,215,2,1,1,15000.00,0.00,15000.00
5000004497,1000003700,20240807,1,598,2,4,1,12000.00,0.00,12000.00
5000004503,1000003704,20240807,2,365,2,3,1,15000.00,0.00,15000.00
5000004507,1000003707,20240807,1,1508,2,3,1,12000.00,0.00,12000.00
5000004510,1000003709,20240807,1,1466,2,2,1,12000.00,0.00,12000.00
5000004511,1000003710,20240807,2,630,2,4,1,15000.00,0.00,15000.00
5000004521,1000003719,20240808,1,136,2,1,1,12000.00,0.00,12000.00
5000004522,1000003720,20240808,2,474,2,4,3,15000.00,0.00,45000.00
5000004524,1000003722,20240808,1,208,2,3,2,12000.00,0.00,24000.00
5000004525,1000003723,20240808,1,515,2,3,3,12000.00,0.00,36000.00
5000004526,1000003724,20240808,1,795,2,2,1,12000.00,0.00,12000.00
5000004527,1000003725,20240808,1,1320,2,2,2,12000.00,0.00,24000.00
5000004533,1000003729,20240809,2,1493,2,1,4,15000.00,0.00,60000.00
5000004534,1000003730,20240809,2,463,2,3,2,15000.00,0.00,30000.00
5000004536,1000003732,20240809,1,542,2,2,1,12000.00,0.00,12000.00
5000004537,1000003732,20240809,2,542,2,2,2,15000.00,0.00,30000.00
5000004538,1000003733,20240809,1,925,2,2,1,12000.00,0.00,12000.00
5000004539,1000003734,20240809,2,934,2,1,1,15000.00,0.00,15000.00
5000004540,1000003735,20240809,1,646,2,4,1,12000.00,0.00,12000.00
5000004541,1000003735,20240809,2,646,2,4,1,15000.00,0.00,15000.00
5000004549,1000003742,20240810,1,620,2,1,9,12000.00,16200.00,91800.00
5000004550,1000003743,20240810,2,1558,2,3,2,15000.00,0.00,30000.00
5000004551,1000003744,20240810,2,897,2,2,1,15000.00,0.00,15000.00
5000004552,1000003745,20240810,1,246,2,2,1,12000.00,0.00,12000.00
5000004553,1000003745,20240810,2,246,2,2,1,15000.00,0.00,15000.00
5000004554,1000003746,20240810,2,1005,2,1,1,15000.00,0.00,15000.00
5000004555,1000003747,20240810,1,1439,2,4,1,12000.00,0.00,12000.00
5000004556,1000003748,20240810,1,321,2,1,1,12000.00,0.00,12000.00
5000004557,1000003748,20240810,2,321,2,1,1,15000.00,0.00,15000.00
5000004558,1000003749,20240810,1,1334,2,4,1,12000.00,0.00,12000.00
5000004559,1000003750,20240810,1,466,2,1,1,12000.00,0.00,12000.00
5000004560,1000003751,20240810,1,1262,2,1,3,12000.00,0.00,36000.00
5000004561,1000003752,20240810,2,769,2,3,2,15000.00,0.00,30000.00
5000004563,1000003754,20240810,1,1559,2,2,1,12000.00,0.00,12000.00
5000004564,1000003754,20240810,2,1559,2,2,2,15000.00,0.00,30000.00
5000004566,1000003756,20240810,2,1208,2,2,2,15000.00,0.00,30000.00
5000004567,1000003757,20240810,1,347,2,2,1,12000.00,0.00,12000.00
5000004568,1000003758,20240810,1,1288,2,1,3,12000.00,0.00,36000.00
5000004570,1000003760,20240810,2,1130,2,1,2,15000.00,0.00,30000.00
5000004583,1000003772,20240812,2,239,2,3,1,15000.00,0.00,15000.00
5000004584,1000003773,20240812,1,1291,2,2,2,12000.00,0.00,24000.00
5000004585,1000003773,20240812,2,1291,2,2,1,15000.00,0.00,15000.00
5000004587,1000003775,20240812,2,1562,2,4,2,15000.00,0.00,30000.00
5000004592,1000003780,20240812,1,1363,2,3,2,12000.00,2400.00,21600.00
5000004595,1000003783,20240812,1,38,2,1,3,12000.00,0.00,36000.00
5000004602,1000003789,20240813,1,1567,2,1,1,12000.00,0.00,12000.00
5000004605,1000003792,20240813,1,227,2,3,3,12000.00,0.00,36000.00
5000004608,1000003794,20240813,1,1569,2,1,2,12000.00,0.00,24000.00
5000004621,1000003806,20240814,1,853,2,2,4,12000.00,0.00,48000.00
5000004622,1000003806,20240814,2,853,2,2,1,15000.00,0.00,15000.00
5000004623,1000003807,20240814,2,1571,2,2,2,15000.00,0.00,30000.00
5000004628,1000003811,20240814,1,1520,2,4,1,12000.00,0.00,12000.00
5000004630,1000003813,20240814,2,1572,2,3,2,15000.00,0.00,30000.00
5000004631,1000003814,20240814,1,472,2,2,3,12000.00,0.00,36000.00
5000004632,1000003815,20240814,1,1098,2,4,2,12000.00,0.00,24000.00
5000004641,1000003821,20240815,1,291,2,2,2,12000.00,0.00,24000.00
5000004644,1000003823,20240815,2,236,2,2,1,15000.00,0.00,15000.00
5000004646,1000003825,20240815,1,1578,2,3,1,12000.00,0.00,12000.00
5000004647,1000003825,20240815,2,1578,2,3,2,15000.00,0.00,30000.00
5000004649,1000003827,20240815,1,1134,2,3,2,12000.00,0.00,24000.00
5000004650,1000003828,20240815,1,1579,2,4,2,12000.00,0.00,24000.00
5000004651,1000003829,20240815,1,895,2,3,1,12000.00,0.00,12000.00
5000004652,1000003830,20240815,1,442,2,2,1,12000.00,0.00,12000.00
5000004662,1000003839,20240816,1,1583,2,1,2,12000.00,0.00,24000.00
5000004663,1000003839,20240816,2,1583,2,1,1,15000.00,0.00,15000.00
5000004664,1000003840,20240816,1,1584,2,1,2,12000.00,0.00,24000.00
5000004665,1000003841,20240816,2,585,2,2,2,15000.00,0.00,30000.00
5000004667,1000003843,20240816,1,749,2,1,1,12000.00,0.00,12000.00
5000004669,1000003845,20240816,1,1100,2,1,4,12000.00,0.00,48000.00
5000004672,1000003847,20240816,2,865,2,1,1,15000.00,0.00,15000.00
5000004673,1000003848,20240816,1,1585,2,3,4,12000.00,0.00,48000.00
5000004675,1000003850,20240816,1,308,2,2,2,12000.00,0.00,24000.00
5000004678,1000003852,20240816,1,1586,2,1,3,12000.00,0.00,36000.00
5000004679,1000003852,20240816,2,1586,2,1,1,15000.00,0.00,15000.00
5000004680,1000003853,20240816,1,907,2,3,3,12000.00,0.00,36000.00
5000004682,1000003855,20240816,1,1305,2,2,1,12000.00,0.00,12000.00
5000004687,1000003859,20240817,1,1467,2,2,3,12000.00,0.00,36000.00
5000004688,1000003859,20240817,2,1467,2,2,4,15000.00,0.00,60000.00
5000004690,1000003861,20240817,1,745,2,1,3,12000.00,0.00,36000.00
5000004691,1000003862,20240817,1,407,2,4,2,12000.00,0.00,24000.00
5000004692,1000003863,20240817,1,338,2,1,1,12000.00,0.00,12000.00
5000004693,1000003864,20240817,2,326,2,4,2,15000.00,0.00,30000.00
5000004694,1000003865,20240817,1,1196,2,1,1,12000.00,0.00,12000.00
5000004695,1000003866,20240817,2,1589,2,1,1,15000.00,0.00,15000.00
5000004697,1000003868,20240817,1,1113,2,1,1,12000.00,0.00,12000.00
5000004699,1000003870,20240817,1,710,2,3,2,12000.00,0.00,24000.00
5000004701,1000003872,20240817,1,337,2,3,1,12000.00,0.00,12000.00
5000004702,1000003872,20240817,2,337,2,3,1,15000.00,0.00,15000.00
5000004703,1000003873,20240817,1,1042,2,1,1,12000.00,1200.00,10800.00
5000004704,1000003874,20240817,2,688,2,2,1,15000.00,0.00,15000.00
5000004705,1000003875,20240817,1,1590,2,4,2,12000.00,0.00,24000.00
5000004706,1000003876,20240817,1,770,2,1,1,12000.00,0.00,12000.00
5000004707,1000003877,20240817,1,1149,2,4,2,12000.00,0.00,24000.00
5000004708,1000003878,20240817,1,598,2,4,2,12000.00,2400.00,21600.00
5000004710,1000003880,20240817,1,1382,2,2,1,12000.00,0.00,12000.00
5000004730,1000003895,20240819,2,1594,2,3,1,15000.00,0.00,15000.00
5000004732,1000003897,20240819,2,762,2,2,1,15000.00,0.00,15000.00
5000004736,1000003900,20240819,1,1596,2,3,2,12000.00,0.00,24000.00
5000004737,1000003901,20240819,1,1597,2,4,9,12000.00,16200.00,91800.00
5000004738,1000003901,20240819,2,1597,2,4,12,15000.00,27000.00,153000.00
5000004745,1000003906,20240820,2,1040,2,2,4,15000.00,0.00,60000.00
5000004747,1000003908,20240820,1,1235,2,4,1,12000.00,0.00,12000.00
5000004749,1000003910,20240820,1,71,2,2,4,12000.00,0.00,48000.00
5000004750,1000003911,20240820,1,994,2,1,1,12000.00,0.00,12000.00
5000004751,1000003911,20240820,2,994,2,1,2,15000.00,0.00,30000.00
5000004752,1000003912,20240820,1,1269,2,4,1,12000.00,0.00,12000.00
5000004753,1000003913,20240820,1,1281,2,3,1,12000.00,0.00,12000.00
5000004757,1000003916,20240820,1,1600,2,4,2,12000.00,0.00,24000.00
5000004762,1000003921,20240821,1,508,2,2,2,12000.00,0.00,24000.00
5000004763,1000003922,20240821,2,374,2,1,3,15000.00,0.00,45000.00
5000004767,1000003925,20240821,1,1602,2,2,2,12000.00,0.00,24000.00
5000004768,1000003926,20240821,1,1603,2,4,1,12000.00,0.00,12000.00
5000004780,1000003935,20240822,1,1607,2,3,2,12000.00,0.00,24000.00
5000004782,1000003937,20240822,1,1609,2,1,3,12000.00,0.00,36000.00
5000004783,1000003937,20240822,2,1609,2,1,1,15000.00,0.00,15000.00
5000004785,1000003939,20240822,1,426,2,1,4,12000.00,0.00,48000.00
5000004788,1000003942,20240822,1,1169,2,4,3,12000.00,0.00,36000.00
5000004790,1000003944,20240822,1,1322,2,4,1,12000.00,0.00,12000.00
5000004791,1000003945,20240822,2,1613,2,1,1,15000.00,0.00,15000.00
5000004796,1000003949,20240823,1,1616,2,1,2,12000.00,0.00,24000.00
5000004797,1000003949,20240823,2,1616,2,1,1,15000.00,0.00,15000.00
5000004799,1000003951,20240823,2,141,2,1,2,15000.00,0.00,30000.00
5000004800,1000003952,20240823,2,1530,2,2,3,15000.00,0.00,45000.00
5000004801,1000003953,20240823,1,164,2,1,1,12000.00,0.00,12000.00
5000004805,1000003956,20240823,1,1618,2,2,3,12000.00,0.00,36000.00
5000004806,1000003956,20240823,2,1618,2,2,1,15000.00,0.00,15000.00
5000004807,1000003957,20240823,1,1619,2,1,1,12000.00,0.00,12000.00
5000004808,1000003957,20240823,2,1619,2,1,2,15000.00,0.00,30000.00
5000004809,1000003958,20240823,1,665,2,3,1,12000.00,0.00,12000.00
5000004813,1000003961,20240823,1,519,2,3,1,12000.00,0.00,12000.00
5000004814,1000003962,20240823,1,801,2,4,1,12000.00,0.00,12000.00
5000004825,1000003971,20240824,1,1044,2,3,4,12000.00,0.00,48000.00
5000004826,1000003972,20240824,1,538,2,4,1,12000.00,0.00,12000.00
5000004827,1000003972,20240824,2,538,2,4,2,15000.00,0.00,30000.00
5000004828,1000003973,20240824,2,1435,2,4,1,15000.00,0.00,15000.00
5000004829,1000003974,20240824,2,891,2,2,2,15000.00,0.00,30000.00
5000004834,1000003977,20240824,1,454,2,2,1,12000.00,0.00,12000.00
5000004835,1000003977,20240824,2,454,2,2,1,15000.00,0.00,15000.00
5000004854,1000003994,20240826,1,1627,2,2,1,12000.00,0.00,12000.00
5000004857,1000003997,20240826,2,1205,2,3,4,15000.00,0.00,60000.00
5000004868,1000004005,20240827,1,196,2,1,1,12000.00,0.00,12000.00
5000004870,1000004007,20240827,2,1523,2,2,3,15000.00,0.00,45000.00
5000004880,1000004015,20240828,1,1221,2,2,1,12000.00,0.00,12000.00
5000004881,1000004016,20240828,1,1458,2,3,1,12000.00,0.00,12000.00
5000004884,1000004018,20240828,1,515,2,3,1,12000.00,0.00,12000.00
5000004885,1000004019,20240828,1,162,2,3,2,12000.00,0.00,24000.00
5000004886,1000004019,20240828,2,162,2,3,1,15000.00,0.00,15000.00
5000004887,1000004020,20240828,1,1035,2,2,1,12000.00,1200.00,10800.00
5000004890,1000004022,20240828,1,535,2,4,2,12000.00,0.00,24000.00
5000004891,1000004023,20240828,1,1631,2,4,4,12000.00,0.00,48000.00
5000004903,1000004032,20240829,1,1146,2,4,2,12000.00,0.00,24000.00
5000004904,1000004032,20240829,2,1146,2,4,4,15000.00,0.00,60000.00
5000004908,1000004035,20240829,1,1453,2,2,11,12000.00,19800.00,112200.00
5000004909,1000004036,20240829,1,1634,2,2,1,12000.00,1200.00,10800.00
5000004913,1000004039,20240829,1,601,2,4,2,12000.00,0.00,24000.00
5000004914,1000004040,20240829,1,1635,2,2,1,12000.00,0.00,12000.00
5000004915,1000004041,20240829,1,1636,2,3,1,12000.00,0.00,12000.00
5000004916,1000004042,20240829,1,1377,2,4,2,12000.00,0.00,24000.00
5000004920,1000004046,20240830,1,1640,2,4,2,12000.00,0.00,24000.00
5000004921,1000004046,20240830,2,1640,2,4,1,15000.00,0.00,15000.00
5000004923,1000004048,20240830,1,1642,2,3,1,12000.00,0.00,12000.00
5000004924,1000004049,20240830,1,376,2,4,1,12000.00,0.00,12000.00
5000004925,1000004049,20240830,2,376,2,4,2,15000.00,0.00,30000.00
5000004926,1000004050,20240830,2,219,2,3,1,15000.00,0.00,15000.00
5000004929,1000004052,20240830,1,1131,2,3,2,12000.00,0.00,24000.00
5000004930,1000004052,20240830,2,1131,2,3,2,15000.00,0.00,30000.00
5000004931,1000004053,20240830,2,327,2,4,3,15000.00,0.00,45000.00
5000004932,1000004054,20240830,1,267,2,1,4,12000.00,0.00,48000.00
5000004933,1000004054,20240830,2,267,2,1,2,15000.00,0.00,30000.00
5000004936,1000004056,20240830,2,1139,2,3,1,15000.00,0.00,15000.00
5000004942,1000004062,20240831,1,1367,2,4,2,12000.00,0.00,24000.00
5000004943,1000004062,20240831,2,1367,2,4,1,15000.00,0.00,15000.00
5000004945,1000004064,20240831,2,462,2,1,1,15000.00,0.00,15000.00
5000004946,1000004065,20240831,1,127,2,2,1,12000.00,0.00,12000.00
5000004947,1000004066,20240831,1,1647,2,1,2,12000.00,0.00,24000.00
5000004949,1000004068,20240831,1,641,2,3,1,12000.00,0.00,12000.00
5000004950,1000004069,20240831,1,138,2,1,2,12000.00,0.00,24000.00
5000004951,1000004070,20240831,1,1648,2,4,2,12000.00,2400.00,21600.00
5000004952,1000004071,20240831,1,1493,2,1,2,12000.00,0.00,24000.00
5000004953,1000004072,20240831,1,583,2,4,1,12000.00,0.00,12000.00
5000004954,1000004073,20240831,1,651,2,1,3,12000.00,0.00,36000.00
5000004955,1000004073,20240831,2,651,2,1,2,15000.00,0.00,30000.00
5000004956,1000004074,20240831,1,1059,2,3,1,12000.00,0.00,12000.00
5000004957,1000004075,20240831,1,1439,2,4,1,12000.00,0.00,12000.00
5000004958,1000004075,20240831,2,1439,2,4,4,15000.00,0.00,60000.00
5000004959,1000004076,20240831,1,763,2,2,1,12000.00,0.00,12000.00
5000004960,1000004076,20240831,2,763,2,2,1,15000.00,0.00,15000.00
5000004961,1000004077,20240831,1,753,2,2,2,12000.00,0.00,24000.00
5000004962,1000004078,20240831,1,1540,2,1,1,12000.00,0.00,12000.00
5000004966,1000004081,20240831,1,1649,2,4,2,12000.00,0.00,24000.00
5000004968,1000004083,20240831,1,1651,2,4,2,12000.00,0.00,24000.00
5000004983,1000004095,20240902,1,132,2,2,1,12000.00,0.00,12000.00
5000004984,1000004096,20240902,1,1148,2,3,1,12000.00,0.00,12000.00
5000004985,1000004097,20240902,1,882,2,1,2,12000.00,0.00,24000.00
5000004986,1000004097,20240902,2,882,2,1,3,15000.00,0.00,45000.00
5000004989,1000004100,20240902,1,1655,2,3,1,12000.00,0.00,12000.00
5000004991,1000004102,20240902,1,1443,2,1,1,12000.00,0.00,12000.00
5000004992,1000004102,20240902,2,1443,2,1,1,15000.00,0.00,15000.00
5000004993,1000004103,20240902,2,1656,2,1,1,15000.00,0.00,15000.00
5000005005,1000004112,20240903,1,1558,2,3,1,12000.00,0.00,12000.00
5000005006,1000004112,20240903,2,1558,2,3,1,15000.00,0.00,15000.00
5000005007,1000004113,20240903,1,265,2,1,1,12000.00,0.00,12000.00
5000005008,1000004113,20240903,2,265,2,1,1,15000.00,0.00,15000.00
5000005009,1000004114,20240903,1,1657,2,4,2,12000.00,0.00,24000.00
5000005010,1000004114,20240903,2,1657,2,4,1,15000.00,0.00,15000.00
5000005011,1000004115,20240903,1,1288,2,1,1,12000.00,0.00,12000.00
5000005013,1000004117,20240903,1,1395,2,2,1,12000.00,0.00,12000.00
5000005015,1000004119,20240903,1,1343,2,1,2,12000.00,0.00,24000.00
5000005025,1000004126,20240904,2,1041,2,3,3,15000.00,4500.00,40500.00
5000005028,1000004129,20240904,1,76,2,2,2,12000.00,0.00,24000.00
5000005032,1000004132,20240904,1,215,2,1,2,12000.00,0.00,24000.00
5000005033,1000004133,20240904,1,1662,2,1,4,12000.00,0.00,48000.00
5000005034,1000004134,20240904,1,174,2,2,1,12000.00,0.00,12000.00
5000005038,1000004137,20240904,1,1430,2,2,4,12000.00,0.00,48000.00
5000005045,1000004143,20240905,1,487,2,2,1,12000.00,0.00,12000.00
5000005046,1000004144,20240905,1,330,2,1,1,12000.00,0.00,12000.00
5000005047,1000004145,20240905,1,795,2,2,12,12000.00,21600.00,122400.00
5000005048,1000004146,20240905,2,1664,2,1,1,15000.00,0.00,15000.00
5000005049,1000004147,20240905,1,602,2,4,1,12000.00,0.00,12000.00
5000005050,1000004147,20240905,2,602,2,4,1,15000.00,0.00,15000.00
5000005051,1000004148,20240905,1,901,2,1,1,12000.00,0.00,12000.00
5000005052,1000004148,20240905,2,901,2,1,1,15000.00,0.00,15000.00
5000005054,1000004150,20240905,2,235,2,1,1,15000.00,0.00,15000.00
5000005055,1000004151,20240905,1,456,2,4,1,12000.00,0.00,12000.00
5000005056,1000004152,20240905,1,1666,2,1,2,12000.00,0.00,24000.00
5000005057,1000004153,20240905,1,745,2,1,1,12000.00,0.00,12000.00
5000005058,1000004154,20240905,1,432,2,4,3,12000.00,0.00,36000.00
5000005060,1000004156,20240905,1,1424,2,1,3,12000.00,3600.00,32400.00
5000005069,1000004164,20240906,1,1403,2,4,1,12000.00,0.00,12000.00
5000005070,1000004164,20240906,2,1403,2,4,2,15000.00,0.00,30000.00
5000005071,1000004165,20240906,2,258,2,1,1,15000.00,0.00,15000.00
5000005072,1000004166,20240906,2,1151,2,1,1,15000.00,0.00,15000.00
5000005073,1000004167,20240906,1,1155,2,2,2,12000.00,0.00,24000.00
5000005074,1000004167,20240906,2,1155,2,2,1,15000.00,0.00,15000.00
5000005075,1000004168,20240906,1,1489,2,2,1,12000.00,0.00,12000.00
5000005078,1000004170,20240906,1,1121,2,2,3,12000.00,0.00,36000.00
5000005079,1000004171,20240906,1,722,2,3,2,12000.00,0.00,24000.00
5000005080,1000004172,20240906,1,964,2,3,2,12000.00,0.00,24000.00
5000005081,1000004172,20240906,2,964,2,3,1,15000.00,0.00,15000.00
5000005082,1000004173,20240906,1,1669,2,3,2,12000.00,0.00,24000.00
5000005086,1000004176,20240906,2,75,2,1,1,15000.00,0.00,15000.00
5000005087,1000004177,20240906,1,1021,2,1,1,12000.00,0.00,12000.00
5000005088,1000004177,20240906,2,1021,2,1,2,15000.00,0.00,30000.00
5000005094,1000004182,20240907,2,1497,2,2,1,15000.00,0.00,15000.00
5000005095,1000004183,20240907,1,80,2,2,1,12000.00,0.00,12000.00
5000005096,1000004184,20240907,2,1192,2,3,3,15000.00,0.00,45000.00
5000005098,1000004186,20240907,1,968,2,3,1,12000.00,0.00,12000.00
5000005099,1000004186,20240907,2,968,2,3,1,15000.00,0.00,15000.00
5000005100,1000004187,20240907,1,1671,2,2,2,12000.00,0.00,24000.00
5000005101,1000004188,20240907,1,679,2,3,2,12000.00,0.00,24000.00
5000005102,1000004188,20240907,2,679,2,3,1,15000.00,0.00,15000.00
5000005104,1000004190,20240907,1,143,2,2,2,12000.00,0.00,24000.00
5000005106,1000004192,20240907,1,754,2,4,2,12000.00,0.00,24000.00
5000005108,1000004194,20240907,1,1209,2,1,3,12000.00,0.00,36000.00
5000005109,1000004194,20240907,2,1209,2,1,4,15000.00,0.00,60000.00
5000005110,1000004195,20240907,2,1156,2,2,3,15000.00,0.00,45000.00
5000005125,1000004208,20240909,1,1584,2,1,2,12000.00,0.00,24000.00
5000005126,1000004208,20240909,2,1584,2,1,2,15000.00,0.00,30000.00
5000005127,1000004209,20240909,1,927,2,3,2,12000.00,0.00,24000.00
5000005128,1000004210,20240909,1,803,2,1,1,12000.00,0.00,12000.00
5000005129,1000004211,20240909,1,989,2,3,4,12000.00,0.00,48000.00
5000005130,1000004212,20240909,1,1675,2,1,1,12000.00,1200.00,10800.00
5000005131,1000004213,20240909,1,1512,2,2,2,12000.00,0.00,24000.00
5000005132,1000004213,20240909,2,1512,2,2,1,15000.00,0.00,15000.00
5000005135,1000004215,20240909,2,1676,2,4,2,15000.00,0.00,30000.00
5000005136,1000004216,20240909,1,793,2,2,1,12000.00,0.00,12000.00
5000005137,1000004217,20240909,1,1389,2,1,1,12000.00,0.00,12000.00
5000005138,1000004217,20240909,2,1389,2,1,1,15000.00,0.00,15000.00
5000005139,1000004218,20240909,2,1583,2,1,1,15000.00,0.00,15000.00
5000005151,1000004230,20240910,1,962,2,1,1,12000.00,0.00,12000.00
5000005152,1000004230,20240910,2,962,2,1,2,15000.00,0.00,30000.00
5000005153,1000004231,20240910,1,41,2,1,3,12000.00,0.00,36000.00
5000005159,1000004235,20240910,2,1683,2,1,3,15000.00,0.00,45000.00
5000005160,1000004236,20240910,2,521,2,4,1,15000.00,0.00,15000.00
5000005161,1000004237,20240910,1,646,2,4,1,12000.00,0.00,12000.00
5000005162,1000004238,20240910,1,1452,2,1,1,12000.00,0.00,12000.00
5000005164,1000004240,20240910,1,799,2,1,3,12000.00,0.00,36000.00
5000005174,1000004246,20240911,1,494,2,1,1,12000.00,0.00,12000.00
5000005175,1000004246,20240911,2,494,2,1,2,15000.00,0.00,30000.00
5000005176,1000004247,20240911,2,1688,2,1,1,15000.00,0.00,15000.00
5000005177,1000004248,20240911,1,1689,2,1,1,12000.00,0.00,12000.00
5000005178,1000004248,20240911,2,1689,2,1,2,15000.00,0.00,30000.00
5000005180,1000004250,20240911,1,1103,2,4,2,12000.00,2400.00,21600.00
5000005181,1000004251,20240911,1,1690,2,2,1,12000.00,0.00,12000.00
5000005182,1000004251,20240911,2,1690,2,2,1,15000.00,0.00,15000.00
5000005187,1000004255,20240911,2,1015,2,3,2,15000.00,0.00,30000.00
5000005190,1000004258,20240911,1,1354,2,3,2,12000.00,0.00,24000.00
5000005196,1000004263,20240912,1,1695,2,2,3,12000.00,0.00,36000.00
5000005197,1000004263,20240912,2,1695,2,2,1,15000.00,0.00,15000.00
5000005201,1000004266,20240912,1,1291,2,2,1,12000.00,0.00,12000.00
5000005202,1000004267,20240912,2,232,2,2,1,15000.00,0.00,15000.00
5000005204,1000004269,20240912,1,1157,2,4,1,12000.00,0.00,12000.00
5000005206,1000004271,20240912,1,1104,2,1,1,12000.00,0.00,12000.00
5000005207,1000004272,20240912,1,1091,2,1,1,12000.00,0.00,12000.00
5000005209,1000004274,20240912,1,987,2,2,2,12000.00,0.00,24000.00
5000005210,1000004275,20240912,1,560,2,2,4,12000.00,0.00,48000.00
5000005217,1000004281,20240913,1,1472,2,4,1,12000.00,0.00,12000.00
5000005218,1000004281,20240913,2,1472,2,4,2,15000.00,0.00,30000.00
5000005220,1000004283,20240913,1,598,2,4,1,12000.00,0.00,12000.00
5000005224,1000004286,20240913,1,1697,2,4,2,12000.00,2400.00,21600.00
5000005225,1000004287,20240913,2,1698,2,3,1,15000.00,0.00,15000.00
5000005228,1000004289,20240913,1,900,2,4,1,12000.00,0.00,12000.00
5000005229,1000004290,20240913,1,630,2,4,2,12000.00,0.00,24000.00
5000005231,1000004292,20240913,1,1052,2,3,2,12000.00,0.00,24000.00
5000005233,1000004294,20240913,2,1144,2,4,1,15000.00,0.00,15000.00
5000005235,1000004296,20240913,2,1025,2,3,1,15000.00,0.00,15000.00
5000005239,1000004299,20240914,2,1328,2,2,1,15000.00,0.00,15000.00
5000005240,1000004300,20240914,1,1701,2,4,1,12000.00,0.00,12000.00
5000005241,1000004300,20240914,2,1701,2,4,1,15000.00,0.00,15000.00
5000005242,1000004301,20240914,1,1217,2,4,1,12000.00,0.00,12000.00
5000005243,1000004302,20240914,2,1282,2,3,3,15000.00,0.00,45000.00
5000005245,1000004304,20240914,2,585,2,2,1,15000.00,0.00,15000.00
5000005246,1000004305,20240914,2,1613,2,1,2,15000.00,0.00,30000.00
5000005249,1000004308,20240914,1,588,2,2,1,12000.00,0.00,12000.00
5000005251,1000004310,20240914,1,1563,2,1,2,12000.00,0.00,24000.00
5000005252,1000004310,20240914,2,1563,2,1,1,15000.00,0.00,15000.00
5000005253,1000004311,20240914,1,1704,2,3,2,12000.00,0.00,24000.00
5000005254,1000004312,20240914,1,292,2,4,1,12000.00,0.00,12000.00
5000005270,1000004326,20240916,1,961,2,1,2,12000.00,0.00,24000.00
5000005271,1000004326,20240916,2,961,2,1,1,15000.00,0.00,15000.00
5000005276,1000004330,20240916,2,1082,2,1,1,15000.00,0.00,15000.00
5000005277,1000004331,20240916,1,1241,2,2,1,12000.00,0.00,12000.00
5000005281,1000004335,20240916,2,1711,2,3,1,15000.00,0.00,15000.00
5000005282,1000004336,20240916,1,1003,2,3,1,12000.00,0.00,12000.00
5000005283,1000004336,20240916,2,1003,2,3,1,15000.00,0.00,15000.00
5000005285,1000004338,20240916,1,732,2,1,1,12000.00,0.00,12000.00
5000005287,1000004340,20240917,2,1714,2,2,1,15000.00,0.00,15000.00
5000005288,1000004341,20240917,1,435,2,4,1,12000.00,0.00,12000.00
5000005289,1000004341,20240917,2,435,2,4,2,15000.00,0.00,30000.00
5000005290,1000004342,20240917,1,1484,2,1,1,12000.00,0.00,12000.00
5000005296,1000004346,20240917,2,487,2,2,1,15000.00,0.00,15000.00
5000005298,1000004348,20240917,2,1571,2,2,1,15000.00,0.00,15000.00
5000005300,1000004350,20240917,1,8,2,1,3,12000.00,0.00,36000.00
5000005312,1000004361,20240918,1,1119,2,3,3,12000.00,0.00,36000.00
5000005320,1000004367,20240918,2,981,2,2,4,15000.00,0.00,60000.00
5000005322,1000004369,20240918,1,1006,2,2,4,12000.00,0.00,48000.00
5000005323,1000004369,20240918,2,1006,2,2,1,15000.00,0.00,15000.00
5000005325,1000004371,20240918,2,1499,2,3,1,15000.00,0.00,15000.00
5000005331,1000004377,20240919,2,586,2,1,4,15000.00,0.00,60000.00
5000005334,1000004379,20240919,1,402,2,3,2,12000.00,2400.00,21600.00
5000005335,1000004379,20240919,2,402,2,3,1,15000.00,1500.00,13500.00
5000005337,1000004381,20240919,1,617,2,4,1,12000.00,0.00,12000.00
5000005338,1000004382,20240919,2,388,2,4,1,15000.00,0.00,15000.00
5000005340,1000004384,20240919,1,1205,2,3,1,12000.00,1200.00,10800.00
5000005344,1000004388,20240919,1,1726,2,1,4,12000.00,0.00,48000.00
5000005345,1000004388,20240919,2,1726,2,1,4,15000.00,0.00,60000.00
5000005346,1000004389,20240919,2,1296,2,2,1,15000.00,0.00,15000.00
5000005347,1000004390,20240919,1,1727,2,4,3,12000.00,0.00,36000.00
5000005352,1000004395,20240920,1,413,2,4,1,12000.00,0.00,12000.00
5000005353,1000004396,20240920,2,587,2,4,2,15000.00,0.00,30000.00
5000005357,1000004399,20240920,2,718,2,1,1,15000.00,0.00,15000.00
5000005358,1000004400,20240920,1,517,2,4,1,12000.00,0.00,12000.00
5000005359,1000004401,20240920,2,651,2,1,1,15000.00,0.00,15000.00
5000005360,1000004402,20240920,1,1731,2,1,1,12000.00,0.00,12000.00
5000005361,1000004402,20240920,2,1731,2,1,1,15000.00,0.00,15000.00
5000005362,1000004403,20240920,1,777,2,4,1,12000.00,0.00,12000.00
5000005375,1000004414,20240921,1,273,2,3,1,12000.00,0.00,12000.00
5000005376,1000004415,20240921,2,96,2,1,1,15000.00,0.00,15000.00
5000005377,1000004416,20240921,2,1413,2,2,2,15000.00,0.00,30000.00
5000005378,1000004417,20240921,1,504,2,4,1,12000.00,0.00,12000.00
5000005379,1000004418,20240921,1,1735,2,4,3,12000.00,0.00,36000.00
5000005380,1000004418,20240921,2,1735,2,4,1,15000.00,0.00,15000.00
5000005383,1000004420,20240921,1,842,2,3,3,12000.00,0.00,36000.00
5000005384,1000004421,20240921,1,1737,2,4,2,12000.00,0.00,24000.00
5000005385,1000004422,20240921,2,895,2,3,1,15000.00,0.00,15000.00
5000005388,1000004425,20240921,1,1739,2,4,2,12000.00,0.00,24000.00
5000005389,1000004426,20240921,1,682,2,4,2,12000.00,0.00,24000.00
5000005390,1000004427,20240921,1,1740,2,1,1,12000.00,0.00,12000.00
5000005405,1000004440,20240923,1,840,2,2,4,12000.00,4800.00,43200.00
5000005406,1000004441,20240923,2,829,2,3,2,15000.00,0.00,30000.00
5000005409,1000004444,20240923,2,1268,2,3,1,15000.00,1500.00,13500.00
5000005410,1000004445,20240923,2,1519,2,3,3,15000.00,0.00,45000.00
5000005411,1000004446,20240923,1,1745,2,3,3,12000.00,3600.00,32400.00
5000005412,1000004447,20240923,1,1746,2,1,2,12000.00,0.00,24000.00
5000005414,1000004449,20240923,1,1747,2,2,1,12000.00,0.00,12000.00
5000005416,1000004451,20240924,2,1749,2,2,1,15000.00,0.00,15000.00
5000005417,1000004452,20240924,2,177,2,3,4,15000.00,0.00,60000.00
5000005419,1000004454,20240924,1,1467,2,2,3,12000.00,0.00,36000.00
5000005422,1000004457,20240924,1,1175,2,1,1,12000.00,0.00,12000.00
5000005428,1000004463,20240924,2,1491,2,4,3,15000.00,0.00,45000.00
5000005437,1000004469,20240925,1,542,2,2,2,12000.00,0.00,24000.00
5000005438,1000004470,20240925,2,584,2,3,2,15000.00,0.00,30000.00
5000005440,1000004472,20240925,1,686,2,3,2,12000.00,0.00,24000.00
5000005441,1000004473,20240925,1,546,2,4,1,12000.00,0.00,12000.00
5000005443,1000004475,20240925,2,871,2,4,1,15000.00,0.00,15000.00
5000005444,1000004476,20240925,1,441,2,2,2,12000.00,0.00,24000.00
5000005445,1000004477,20240925,1,326,2,4,2,12000.00,0.00,24000.00
5000005446,1000004478,20240925,1,684,2,1,2,12000.00,0.00,24000.00
5000005448,1000004480,20240925,1,600,2,2,1,12000.00,0.00,12000.00
5000005449,1000004481,20240925,1,1147,2,2,2,12000.00,2400.00,21600.00
5000005451,1000004483,20240925,1,440,2,4,1,12000.00,0.00,12000.00
5000005453,1000004485,20240925,2,751,2,3,1,15000.00,0.00,15000.00
5000005457,1000004489,20240926,2,1255,2,4,1,15000.00,0.00,15000.00
5000005459,1000004491,20240926,1,1757,2,2,1,12000.00,0.00,12000.00
5000005462,1000004493,20240926,1,1064,2,2,1,12000.00,0.00,12000.00
5000005463,1000004494,20240926,1,1758,2,2,1,12000.00,0.00,12000.00
5000005466,1000004497,20240926,1,1209,2,1,1,12000.00,0.00,12000.00
5000005467,1000004498,20240926,2,536,2,3,2,15000.00,0.00,30000.00
5000005470,1000004500,20240926,1,1759,2,4,1,12000.00,0.00,12000.00
5000005471,1000004501,20240926,1,1583,2,1,1,12000.00,0.00,12000.00
5000005472,1000004502,20240926,1,1760,2,4,2,12000.00,0.00,24000.00
5000005473,1000004502,20240926,2,1760,2,4,3,15000.00,0.00,45000.00
5000005478,1000004505,20240927,1,430,2,4,3,12000.00,3600.00,32400.00
5000005479,1000004506,20240927,2,762,2,2,1,15000.00,0.00,15000.00
5000005481,1000004508,20240927,2,76,2,2,1,15000.00,0.00,15000.00
5000005485,1000004511,20240927,2,491,2,2,2,15000.00,0.00,30000.00
5000005486,1000004512,20240927,2,853,2,2,1,15000.00,0.00,15000.00
5000005487,1000004513,20240927,2,749,2,1,1,15000.00,0.00,15000.00
5000005488,1000004514,20240927,1,1437,2,3,4,12000.00,0.00,48000.00
5000005489,1000004514,20240927,2,1437,2,3,4,15000.00,0.00,60000.00
5000005495,1000004519,20240928,1,37,2,1,2,12000.00,0.00,24000.00
5000005496,1000004520,20240928,1,1320,2,2,1,12000.00,0.00,12000.00
5000005497,1000004520,20240928,2,1320,2,2,3,15000.00,0.00,45000.00
5000005498,1000004521,20240928,1,761,2,1,4,12000.00,0.00,48000.00
5000005499,1000004522,20240928,1,1664,2,1,1,12000.00,0.00,12000.00
5000005500,1000004522,20240928,2,1664,2,1,1,15000.00,0.00,15000.00
5000005501,1000004523,20240928,1,1493,2,1,1,12000.00,0.00,12000.00
5000005502,1000004524,20240928,2,1409,2,3,1,15000.00,0.00,15000.00
5000005504,1000004526,20240928,2,413,2,4,1,15000.00,1500.00,13500.00
5000005505,1000004527,20240928,1,1763,2,3,2,12000.00,0.00,24000.00
5000005508,1000004529,20240928,1,304,2,3,1,12000.00,0.00,12000.00
5000005509,1000004530,20240928,2,1044,2,3,3,15000.00,0.00,45000.00
5000005510,1000004531,20240928,1,1495,2,1,4,12000.00,0.00,48000.00
5000005528,1000004546,20240930,2,1655,2,3,1,15000.00,0.00,15000.00
5000005529,1000004547,20240930,1,1327,2,4,1,12000.00,0.00,12000.00
5000005532,1000004550,20240930,2,101,2,2,2,15000.00,0.00,30000.00
5000005533,1000004551,20240930,1,386,2,4,2,12000.00,0.00,24000.00
5000005546,1000004561,20241001,1,1226,2,4,1,12000.00,0.00,12000.00
5000005549,1000004564,20241001,1,1045,2,1,1,12000.00,0.00,12000.00
5000005550,1000004565,20241001,2,1113,2,1,2,15000.00,0.00,30000.00
5000005552,1000004567,20241001,2,1527,2,1,2,15000.00,0.00,30000.00
5000005554,1000004569,20241001,2,474,2,4,2,15000.00,0.00,30000.00
5000005559,1000004573,20241001,1,630,2,4,1,12000.00,0.00,12000.00
5000005564,1000004577,20241002,1,1775,2,1,2,12000.00,0.00,24000.00
5000005565,1000004577,20241002,2,1775,2,1,3,15000.00,0.00,45000.00
5000005569,1000004580,20241002,2,1459,2,3,1,15000.00,0.00,15000.00
5000005572,1000004583,20241002,1,1332,2,3,1,12000.00,0.00,12000.00
5000005573,1000004583,20241002,2,1332,2,3,1,15000.00,0.00,15000.00
5000005574,1000004584,20241002,2,1041,2,3,1,15000.00,0.00,15000.00
5000005576,1000004586,20241002,2,1148,2,3,2,15000.00,0.00,30000.00
5000005580,1000004589,20241003,1,462,2,1,2,12000.00,0.00,24000.00
5000005583,1000004591,20241003,1,728,2,1,4,12000.00,0.00,48000.00
5000005585,1000004593,20241003,1,395,2,1,2,12000.00,0.00,24000.00
5000005586,1000004594,20241003,1,1085,2,3,1,12000.00,1200.00,10800.00
5000005587,1000004594,20241003,2,1085,2,3,1,15000.00,1500.00,13500.00
5000005589,1000004596,20241003,1,1640,2,4,1,12000.00,0.00,12000.00
5000005590,1000004596,20241003,2,1640,2,4,1,15000.00,0.00,15000.00
5000005593,1000004599,20241003,1,616,2,3,1,12000.00,0.00,12000.00
5000005601,1000004606,20241004,1,795,2,2,1,12000.00,0.00,12000.00
5000005602,1000004606,20241004,2,795,2,2,2,15000.00,0.00,30000.00
5000005603,1000004607,20241004,1,1130,2,1,3,12000.00,3600.00,32400.00
5000005604,1000004608,20241004,1,973,2,2,2,12000.00,0.00,24000.00
5000005605,1000004609,20241004,1,754,2,4,1,12000.00,0.00,12000.00
5000005606,1000004609,20241004,2,754,2,4,1,15000.00,0.00,15000.00
5000005607,1000004610,20241004,1,1692,2,1,1,12000.00,0.00,12000.00
5000005608,1000004611,20241004,1,1156,2,2,1,12000.00,0.00,12000.00
5000005610,1000004613,20241004,1,1618,2,2,2,12000.00,0.00,24000.00
5000005611,1000004614,20241004,1,1304,2,2,1,12000.00,0.00,12000.00
5000005612,1000004615,20241004,1,1585,2,3,1,12000.00,0.00,12000.00
5000005613,1000004616,20241004,1,331,2,2,2,12000.00,0.00,24000.00
5000005614,1000004617,20241004,1,972,2,1,1,12000.00,0.00,12000.00
5000005616,1000004619,20241004,2,1318,2,2,1,15000.00,0.00,15000.00
5000005617,1000004620,20241004,2,1782,2,4,1,15000.00,0.00,15000.00
5000005624,1000004627,20241005,1,1676,2,4,1,12000.00,0.00,12000.00
5000005625,1000004628,20241005,1,1785,2,3,1,12000.00,0.00,12000.00
5000005628,1000004630,20241005,2,1787,2,2,1,15000.00,0.00,15000.00
5000005629,1000004631,20241005,2,1788,2,1,1,15000.00,0.00,15000.00
5000005636,1000004636,20241005,1,1236,2,1,1,12000.00,0.00,12000.00
5000005660,1000004653,20241007,1,1333,2,1,3,12000.00,0.00,36000.00
5000005661,1000004654,20241007,1,1792,2,2,2,12000.00,0.00,24000.00
5000005662,1000004655,20241007,1,1122,2,1,2,12000.00,0.00,24000.00
5000005663,1000004655,20241007,2,1122,2,1,1,15000.00,0.00,15000.00
5000005666,1000004658,20241007,1,1272,2,2,2,12000.00,0.00,24000.00
5000005667,1000004658,20241007,2,1272,2,2,1,15000.00,0.00,15000.00
5000005672,1000004663,20241007,2,407,2,4,2,15000.00,0.00,30000.00
5000005689,1000004676,20241008,1,1138,2,1,8,12000.00,14400.00,81600.00
5000005692,1000004679,20241008,1,966,2,2,1,12000.00,0.00,12000.00
5000005694,1000004681,20241008,2,1441,2,3,3,15000.00,0.00,45000.00
5000005697,1000004684,20241008,1,1245,2,2,2,12000.00,0.00,24000.00
5000005698,1000004685,20241008,2,1642,2,3,1,15000.00,0.00,15000.00
5000005700,1000004687,20241008,1,162,2,3,2,12000.00,0.00,24000.00
5000005701,1000004687,20241008,2,162,2,3,1,15000.00,0.00,15000.00
5000005702,1000004688,20241008,1,763,2,2,1,12000.00,0.00,12000.00
5000005703,1000004688,20241008,2,763,2,2,2,15000.00,0.00,30000.00
5000005704,1000004689,20241008,2,376,2,4,3,15000.00,0.00,45000.00
5000005717,1000004699,20241009,1,1269,2,4,1,12000.00,0.00,12000.00
5000005719,1000004701,20241009,1,1221,2,2,2,12000.00,0.00,24000.00
5000005720,1000004702,20241009,2,1042,2,1,2,15000.00,0.00,30000.00
5000005724,1000004705,20241009,2,1513,2,2,1,15000.00,0.00,15000.00
5000005729,1000004709,20241009,2,1800,2,4,1,15000.00,0.00,15000.00
5000005730,1000004710,20241009,1,203,2,2,1,12000.00,0.00,12000.00
5000005733,1000004712,20241009,1,519,2,3,1,12000.00,0.00,12000.00
5000005734,1000004712,20241009,2,519,2,3,1,15000.00,0.00,15000.00
5000005735,1000004713,20241009,1,138,2,1,2,12000.00,0.00,24000.00
5000005741,1000004719,20241010,1,1263,2,1,2,12000.00,0.00,24000.00
5000005742,1000004719,20241010,2,1263,2,1,1,15000.00,0.00,15000.00
5000005747,1000004723,20241010,2,185,2,1,1,15000.00,0.00,15000.00
5000005749,1000004725,20241010,2,502,2,2,4,15000.00,0.00,60000.00
5000005751,1000004727,20241010,2,1261,2,2,1,15000.00,0.00,15000.00
5000005757,1000004731,20241010,1,1803,2,1,2,12000.00,0.00,24000.00
5000005759,1000004733,20241010,2,1804,2,4,1,15000.00,0.00,15000.00
5000005760,1000004734,20241010,2,614,2,3,2,15000.00,0.00,30000.00
5000005777,1000004748,20241011,2,1807,2,1,1,15000.00,0.00,15000.00
5000005781,1000004752,20241011,1,1809,2,2,1,12000.00,0.00,12000.00
5000005782,1000004752,20241011,2,1809,2,2,2,15000.00,0.00,30000.00
5000005783,1000004753,20241011,2,477,2,3,1,15000.00,0.00,15000.00
5000005784,1000004754,20241011,1,1400,2,3,3,12000.00,0.00,36000.00
5000005785,1000004755,20241011,2,463,2,3,1,15000.00,0.00,15000.00
5000005786,1000004756,20241011,1,949,2,3,2,12000.00,0.00,24000.00
5000005787,1000004756,20241011,2,949,2,3,1,15000.00,0.00,15000.00
5000005790,1000004759,20241011,1,1432,2,4,2,12000.00,0.00,24000.00
5000005794,1000004762,20241011,1,618,2,4,2,12000.00,0.00,24000.00
5000005795,1000004762,20241011,2,618,2,4,3,15000.00,0.00,45000.00
5000005796,1000004763,20241011,1,613,2,4,3,12000.00,0.00,36000.00
5000005798,1000004765,20241011,1,1031,2,3,3,12000.00,0.00,36000.00
5000005799,1000004766,20241011,2,1155,2,2,2,15000.00,0.00,30000.00
5000005800,1000004767,20241011,1,1281,2,3,2,12000.00,0.00,24000.00
5000005801,1000004767,20241011,2,1281,2,3,1,15000.00,0.00,15000.00
5000005810,1000004775,20241012,1,1814,2,4,1,12000.00,0.00,12000.00
5000005811,1000004775,20241012,2,1814,2,4,1,15000.00,0.00,15000.00
5000005812,1000004776,20241012,2,1671,2,2,1,15000.00,0.00,15000.00
5000005815,1000004778,20241012,1,1816,2,1,2,12000.00,0.00,24000.00
5000005816,1000004779,20241012,2,1817,2,4,1,15000.00,0.00,15000.00
5000005817,1000004780,20241012,1,1818,2,3,1,12000.00,0.00,12000.00
5000005818,1000004780,20241012,2,1818,2,3,1,15000.00,0.00,15000.00
5000005820,1000004782,20241012,1,1819,2,4,1,12000.00,0.00,12000.00
5000005821,1000004782,20241012,2,1819,2,4,3,15000.00,0.00,45000.00
5000005822,1000004783,20241012,2,1820,2,1,1,15000.00,0.00,15000.00
5000005823,1000004784,20241012,2,907,2,3,1,15000.00,0.00,15000.00
5000005824,1000004785,20241012,1,1546,2,1,2,12000.00,0.00,24000.00
5000005827,1000004787,20241012,1,1468,2,1,1,12000.00,0.00,12000.00
5000005828,1000004788,20241012,1,245,2,2,4,12000.00,0.00,48000.00
5000005829,1000004788,20241012,2,245,2,2,1,15000.00,0.00,15000.00
5000005830,1000004789,20241012,1,338,2,1,1,12000.00,0.00,12000.00
5000005831,1000004789,20241012,2,338,2,1,1,15000.00,0.00,15000.00
5000005832,1000004790,20241012,2,662,2,3,1,15000.00,0.00,15000.00
5000005833,1000004791,20241012,1,1822,2,1,1,12000.00,0.00,12000.00
5000005834,1000004791,20241012,2,1822,2,1,1,15000.00,0.00,15000.00
5000005835,1000004792,20241012,1,1277,2,1,1,12000.00,0.00,12000.00
5000005837,1000004794,20241012,1,1376,2,3,2,12000.00,0.00,24000.00
5000005838,1000004795,20241012,1,1040,2,2,1,12000.00,0.00,12000.00
5000005865,1000004817,20241014,1,571,2,4,1,12000.00,0.00,12000.00
5000005867,1000004819,20241014,2,1829,2,4,1,15000.00,0.00,15000.00
5000005872,1000004823,20241014,1,38,2,1,2,12000.00,0.00,24000.00
5000005873,1000004823,20241014,2,38,2,1,1,15000.00,0.00,15000.00
5000005875,1000004825,20241014,1,235,2,1,14,12000.00,25200.00,142800.00
5000005879,1000004829,20241014,2,1831,2,3,4,15000.00,0.00,60000.00
5000005889,1000004837,20241015,1,434,2,4,1,12000.00,0.00,12000.00
5000005890,1000004837,20241015,2,434,2,4,1,15000.00,0.00,15000.00
5000005891,1000004838,20241015,1,1363,2,3,3,12000.00,0.00,36000.00
5000005894,1000004841,20241015,1,1836,2,2,2,12000.00,0.00,24000.00
5000005895,1000004842,20241015,1,588,2,2,2,12000.00,0.00,24000.00
5000005896,1000004842,20241015,2,588,2,2,1,15000.00,0.00,15000.00
5000005902,1000004847,20241015,1,1488,2,3,2,12000.00,0.00,24000.00
5000005904,1000004849,20241015,1,1355,2,4,3,12000.00,0.00,36000.00
5000005906,1000004851,20241015,1,1153,2,4,1,12000.00,0.00,12000.00
5000005907,1000004852,20241015,1,71,2,2,2,12000.00,0.00,24000.00
5000005908,1000004853,20241015,2,1146,2,4,4,15000.00,0.00,60000.00
5000005909,1000004854,20241015,1,729,2,3,1,12000.00,0.00,12000.00
5000005912,1000004857,20241016,1,1192,2,3,2,12000.00,0.00,24000.00
5000005913,1000004858,20241016,1,1838,2,3,3,12000.00,0.00,36000.00
5000005917,1000004861,20241016,1,215,2,1,2,12000.00,0.00,24000.00
5000005922,1000004865,20241016,1,679,2,3,1,12000.00,1200.00,10800.00
5000005923,1000004865,20241016,2,679,2,3,4,15000.00,6000.00,54000.00
5000005925,1000004867,20241016,1,1354,2,3,1,12000.00,0.00,12000.00
5000005926,1000004868,20241016,1,1839,2,4,1,12000.00,0.00,12000.00
5000005927,1000004869,20241016,2,903,2,2,1,15000.00,0.00,15000.00
5000005930,1000004871,20241016,1,1635,2,2,2,12000.00,0.00,24000.00
5000005931,1000004871,20241016,2,1635,2,2,2,15000.00,0.00,30000.00
5000005932,1000004872,20241016,1,954,2,2,2,12000.00,0.00,24000.00
5000005935,1000004874,20241016,2,803,2,1,3,15000.00,0.00,45000.00
5000005936,1000004875,20241016,1,583,2,4,2,12000.00,0.00,24000.00
5000005937,1000004876,20241016,1,1840,2,3,1,12000.00,0.00,12000.00
5000005946,1000004883,20241017,2,1456,2,2,2,15000.00,0.00,30000.00
5000005947,1000004884,20241017,1,1678,2,1,3,12000.00,3600.00,32400.00
5000005949,1000004886,20241017,1,1843,2,3,2,12000.00,2400.00,21600.00
5000005950,1000004887,20241017,1,1603,2,4,1,12000.00,0.00,12000.00
5000005951,1000004887,20241017,2,1603,2,4,1,15000.00,0.00,15000.00
5000005952,1000004888,20241017,1,492,2,4,2,12000.00,0.00,24000.00
5000005953,1000004889,20241017,1,1844,2,4,3,12000.00,0.00,36000.00
5000005954,1000004890,20241017,1,475,2,2,2,12000.00,0.00,24000.00
5000005955,1000004891,20241017,2,143,2,2,2,15000.00,0.00,30000.00
5000005958,1000004893,20241017,1,871,2,4,3,12000.00,0.00,36000.00
5000005959,1000004893,20241017,2,871,2,4,2,15000.00,0.00,30000.00
5000005960,1000004894,20241017,2,1846,2,1,1,15000.00,0.00,15000.00
5000005961,1000004895,20241017,2,426,2,1,3,15000.00,0.00,45000.00
5000005964,1000004897,20241017,2,936,2,4,1,15000.00,0.00,15000.00
5000005966,1000004899,20241017,1,1489,2,2,1,12000.00,0.00,12000.00
5000005967,1000004900,20241017,1,1010,2,3,2,12000.00,0.00,24000.00
5000005968,1000004901,20241017,1,93,2,2,1,12000.00,0.00,12000.00
5000005974,1000004906,20241018,1,1382,2,2,2,12000.00,0.00,24000.00
5000005978,1000004909,20241018,2,1689,2,1,1,15000.00,0.00,15000.00
5000005979,1000004910,20241018,2,1494,2,1,1,15000.00,0.00,15000.00
5000005981,1000004912,20241018,1,1662,2,1,1,12000.00,0.00,12000.00
5000005982,1000004912,20241018,2,1662,2,1,4,15000.00,0.00,60000.00
5000005984,1000004914,20241018,1,51,2,1,1,12000.00,0.00,12000.00
5000005987,1000004917,20241018,1,1848,2,2,1,12000.00,0.00,12000.00
5000005988,1000004918,20241018,2,1759,2,4,2,15000.00,0.00,30000.00
5000005991,1000004921,20241018,1,1589,2,1,2,12000.00,0.00,24000.00
5000005992,1000004921,20241018,2,1589,2,1,1,15000.00,0.00,15000.00
5000005999,1000004927,20241019,1,1296,2,2,3,12000.00,0.00,36000.00
5000006000,1000004927,20241019,2,1296,2,2,3,15000.00,0.00,45000.00
5000006002,1000004929,20241019,1,896,2,2,1,12000.00,0.00,12000.00
5000006004,1000004931,20241019,1,1419,2,3,1,12000.00,0.00,12000.00
5000006005,1000004931,20241019,2,1419,2,3,1,15000.00,0.00,15000.00
5000006006,1000004932,20241019,2,1157,2,4,3,15000.00,0.00,45000.00
5000006007,1000004933,20241019,2,258,2,1,1,15000.00,0.00,15000.00
5000006009,1000004935,20241019,1,1586,2,1,4,12000.00,4800.00,43200.00
5000006010,1000004935,20241019,2,1586,2,1,2,15000.00,3000.00,27000.00
5000006011,1000004936,20241019,1,1572,2,3,4,12000.00,0.00,48000.00
5000006013,1000004938,20241019,1,545,2,3,1,12000.00,0.00,12000.00
5000006014,1000004939,20241019,1,1208,2,2,1,12000.00,0.00,12000.00
5000006015,1000004940,20241019,1,1594,2,3,3,12000.00,0.00,36000.00
5000006016,1000004941,20241019,2,1235,2,4,1,15000.00,1500.00,13500.00
5000006017,1000004942,20241019,1,1308,2,3,1,12000.00,0.00,12000.00
5000006018,1000004943,20241019,1,213,2,3,1,12000.00,0.00,12000.00
5000006020,1000004945,20241019,2,1520,2,4,1,15000.00,0.00,15000.00
5000006022,1000004947,20241019,2,1262,2,1,2,15000.00,0.00,30000.00
5000006023,1000004948,20241019,2,1367,2,4,1,15000.00,0.00,15000.00
5000006044,1000004966,20241021,1,880,2,2,2,12000.00,0.00,24000.00
5000006048,1000004970,20241021,1,1450,2,3,1,12000.00,0.00,12000.00
5000006057,1000004977,20241022,1,1856,2,1,2,12000.00,0.00,24000.00
5000006064,1000004982,20241022,1,199,2,3,3,12000.00,0.00,36000.00
5000006065,1000004983,20241022,2,897,2,2,1,15000.00,0.00,15000.00
5000006066,1000004984,20241022,1,1858,2,4,3,12000.00,0.00,36000.00
5000006069,1000004987,20241022,2,1860,2,2,1,15000.00,0.00,15000.00
5000006075,1000004992,20241023,2,1731,2,1,1,15000.00,0.00,15000.00
5000006076,1000004993,20241023,1,1861,2,1,1,12000.00,0.00,12000.00
5000006079,1000004996,20241023,2,209,2,1,1,15000.00,0.00,15000.00
5000006080,1000004997,20241023,1,1863,2,3,1,12000.00,0.00,12000.00
5000006081,1000004997,20241023,2,1863,2,3,1,15000.00,0.00,15000.00
5000006082,1000004998,20241023,1,1569,2,1,1,12000.00,0.00,12000.00
5000006083,1000004999,20241023,2,1334,2,4,2,15000.00,0.00,30000.00
5000006085,1000005001,20241023,2,146,2,1,1,15000.00,0.00,15000.00
5000006091,1000005006,20241024,1,571,2,4,2,12000.00,0.00,24000.00
5000006092,1000005006,20241024,2,571,2,4,1,15000.00,0.00,15000.00
5000006094,1000005008,20241024,2,40,2,1,1,15000.00,0.00,15000.00
5000006096,1000005010,20241024,1,1389,2,1,2,12000.00,0.00,24000.00
5000006110,1000005022,20241025,1,862,2,4,1,12000.00,0.00,12000.00
5000006111,1000005022,20241025,2,862,2,4,3,15000.00,0.00,45000.00
5000006113,1000005024,20241025,1,1493,2,1,1,12000.00,0.00,12000.00
5000006115,1000005026,20241025,2,1033,2,2,2,15000.00,0.00,30000.00
5000006116,1000005027,20241025,1,380,2,3,1,12000.00,0.00,12000.00
5000006118,1000005029,20241025,1,515,2,3,1,12000.00,1200.00,10800.00
5000006119,1000005029,20241025,2,515,2,3,1,15000.00,1500.00,13500.00
5000006122,1000005032,20241025,1,1873,2,3,1,12000.00,0.00,12000.00
5000006124,1000005034,20241026,1,795,2,2,1,12000.00,0.00,12000.00
5000006125,1000005035,20241026,1,1875,2,3,1,12000.00,1200.00,10800.00
5000006126,1000005036,20241026,2,75,2,1,1,15000.00,0.00,15000.00
5000006127,1000005037,20241026,2,374,2,1,2,15000.00,0.00,30000.00
5000006129,1000005039,20241026,1,866,2,3,1,12000.00,0.00,12000.00
5000006131,1000005041,20241026,2,1246,2,4,4,15000.00,0.00,60000.00
5000006132,1000005042,20241026,1,987,2,2,1,12000.00,0.00,12000.00
5000006133,1000005043,20241026,1,665,2,3,1,12000.00,0.00,12000.00
5000006134,1000005044,20241026,2,1261,2,2,2,15000.00,0.00,30000.00
5000006135,1000005045,20241026,1,1758,2,2,2,12000.00,0.00,24000.00
5000006136,1000005046,20241026,2,1877,2,2,1,15000.00,0.00,15000.00
5000006137,1000005047,20241026,2,1482,2,2,2,15000.00,0.00,30000.00
5000004096,1000003370,20240714,2,790,1,,3,15000.00,0.00,45000.00
5000004097,1000003371,20240714,2,1071,1,,4,15000.00,0.00,60000.00
5000004098,1000003372,20240714,1,1450,1,,2,12000.00,0.00,24000.00
5000004099,1000003372,20240714,2,1450,1,,1,15000.00,0.00,15000.00
5000004100,1000003373,20240714,1,1320,1,,2,12000.00,0.00,24000.00
5000004101,1000003374,20240715,2,1451,1,,1,15000.00,0.00,15000.00
5000004103,1000003376,20240715,1,1452,1,,1,12000.00,0.00,12000.00
5000004104,1000003376,20240715,2,1452,1,,1,15000.00,0.00,15000.00
5000004105,1000003377,20240715,1,484,1,,2,12000.00,0.00,24000.00
5000004110,1000003382,20240715,1,1454,1,,1,12000.00,0.00,12000.00
5000004111,1000003383,20240715,1,1455,1,,2,12000.00,0.00,24000.00
5000004112,1000003383,20240715,2,1455,1,,4,15000.00,0.00,60000.00
5000004113,1000003384,20240716,1,147,1,,1,12000.00,0.00,12000.00
5000004114,1000003385,20240716,2,1016,1,,1,15000.00,0.00,15000.00
5000004115,1000003386,20240716,1,1039,1,,2,12000.00,0.00,24000.00
5000004116,1000003387,20240716,1,586,1,,3,12000.00,0.00,36000.00
5000004119,1000003390,20240716,1,764,1,,1,12000.00,0.00,12000.00
5000004121,1000003392,20240716,1,44,1,,1,12000.00,0.00,12000.00
5000004122,1000003392,20240716,2,44,1,,1,15000.00,0.00,15000.00
5000004123,1000003393,20240716,1,783,1,,1,12000.00,0.00,12000.00
5000004124,1000003393,20240716,2,783,1,,1,15000.00,0.00,15000.00
5000004126,1000003395,20240716,2,547,1,,1,15000.00,0.00,15000.00
5000004127,1000003396,20240716,1,622,1,,1,12000.00,0.00,12000.00
5000004128,1000003397,20240717,1,1134,1,,3,12000.00,1800.00,34200.00
5000004129,1000003398,20240717,1,630,1,,1,12000.00,0.00,12000.00
5000004130,1000003399,20240717,1,880,1,,1,12000.00,0.00,12000.00
5000004135,1000003404,20240717,1,835,1,,1,12000.00,0.00,12000.00
5000004137,1000003406,20240717,2,115,1,,1,15000.00,0.00,15000.00
5000004140,1000003409,20240717,2,918,1,,1,15000.00,0.00,15000.00
5000004141,1000003410,20240717,1,995,1,,1,12000.00,0.00,12000.00
5000004142,1000003410,20240717,2,995,1,,4,15000.00,0.00,60000.00
5000004143,1000003411,20240717,1,1225,1,,2,12000.00,0.00,24000.00
5000004144,1000003411,20240717,2,1225,1,,2,15000.00,0.00,30000.00
5000004145,1000003412,20240717,1,894,1,,1,12000.00,0.00,12000.00
5000004146,1000003412,20240717,2,894,1,,1,15000.00,0.00,15000.00
5000004147,1000003413,20240718,1,1149,1,,1,12000.00,0.00,12000.00
5000004148,1000003414,20240718,1,1309,1,,1,12000.00,600.00,11400.00
5000004153,1000003418,20240718,1,733,1,,2,12000.00,0.00,24000.00
5000004154,1000003418,20240718,2,733,1,,1,15000.00,0.00,15000.00
5000004155,1000003419,20240718,1,124,1,,1,12000.00,0.00,12000.00
5000004156,1000003419,20240718,2,124,1,,1,15000.00,0.00,15000.00
5000004160,1000003423,20240718,1,1360,1,,1,12000.00,0.00,12000.00
5000004161,1000003424,20240718,1,1223,1,,2,12000.00,0.00,24000.00
5000004167,1000003429,20240719,1,1463,1,,2,12000.00,0.00,24000.00
5000004170,1000003431,20240719,2,1464,1,,1,15000.00,0.00,15000.00
5000004171,1000003432,20240719,2,1465,1,,1,15000.00,0.00,15000.00
5000004172,1000003433,20240719,2,531,1,,2,15000.00,0.00,30000.00
5000004173,1000003434,20240719,1,1006,1,,2,12000.00,0.00,24000.00
5000004192,1000003448,20240720,1,1469,1,,1,12000.00,0.00,12000.00
5000004193,1000003449,20240720,1,1471,1,,1,12000.00,0.00,12000.00
5000004194,1000003449,20240720,2,1471,1,,1,15000.00,0.00,15000.00
5000004198,1000003453,20240721,1,192,1,,1,12000.00,0.00,12000.00
5000004199,1000003454,20240721,1,1158,1,,2,12000.00,0.00,24000.00
5000004200,1000003455,20240721,1,812,1,,1,12000.00,0.00,12000.00
5000004201,1000003456,20240721,1,615,1,,1,12000.00,600.00,11400.00
5000004202,1000003457,20240721,1,1473,1,,2,12000.00,0.00,24000.00
5000004203,1000003458,20240721,2,1474,1,,1,15000.00,0.00,15000.00
5000004204,1000003459,20240721,1,543,1,,1,12000.00,0.00,12000.00
5000004205,1000003460,20240721,1,635,1,,1,12000.00,0.00,12000.00
5000004206,1000003461,20240722,1,1475,1,,1,12000.00,0.00,12000.00
5000004207,1000003462,20240722,1,589,1,,3,12000.00,0.00,36000.00
5000004208,1000003462,20240722,2,589,1,,1,15000.00,0.00,15000.00
5000004209,1000003463,20240722,1,1476,1,,11,12000.00,19800.00,112200.00
5000004210,1000003463,20240722,2,1476,1,,8,15000.00,18000.00,102000.00
5000004216,1000003468,20240722,1,77,1,,1,12000.00,0.00,12000.00
5000004217,1000003469,20240722,1,83,1,,2,12000.00,0.00,24000.00
5000004218,1000003470,20240723,2,221,1,,3,15000.00,0.00,45000.00
5000004219,1000003471,20240723,2,1479,1,,1,15000.00,0.00,15000.00
5000004221,1000003473,20240723,2,565,1,,1,15000.00,0.00,15000.00
5000004223,1000003475,20240723,1,1482,1,,1,12000.00,0.00,12000.00
5000004225,1000003477,20240723,1,1483,1,,2,12000.00,0.00,24000.00
5000004226,1000003478,20240723,1,375,1,,1,12000.00,600.00,11400.00
5000004229,1000003480,20240723,1,1334,1,,1,12000.00,1200.00,10800.00
5000004230,1000003481,20240723,2,802,1,,3,15000.00,0.00,45000.00
5000004231,1000003482,20240724,1,116,1,,1,12000.00,0.00,12000.00
5000004232,1000003483,20240724,1,816,1,,1,12000.00,0.00,12000.00
5000004233,1000003483,20240724,2,816,1,,1,15000.00,0.00,15000.00
5000004234,1000003484,20240724,1,335,1,,2,12000.00,0.00,24000.00
5000004235,1000003484,20240724,2,335,1,,4,15000.00,0.00,60000.00
5000004239,1000003488,20240724,2,982,1,,10,15000.00,22500.00,127500.00
5000004241,1000003490,20240724,1,139,1,,1,12000.00,0.00,12000.00
5000004242,1000003491,20240724,1,1012,1,,1,12000.00,0.00,12000.00
5000004243,1000003492,20240725,1,1074,1,,1,12000.00,0.00,12000.00
5000004244,1000003493,20240725,1,2,1,,1,12000.00,0.00,12000.00
5000004246,1000003495,20240725,1,1484,1,,1,12000.00,0.00,12000.00
5000004248,1000003497,20240725,1,885,1,,1,12000.00,0.00,12000.00
5000004250,1000003499,20240725,1,1485,1,,4,12000.00,0.00,48000.00
5000004251,1000003500,20240725,1,593,1,,1,12000.00,0.00,12000.00
5000004252,1000003501,20240725,1,652,1,,3,12000.00,0.00,36000.00
5000004257,1000003504,20240725,2,1105,1,,1,15000.00,0.00,15000.00
5000004258,1000003505,20240726,1,1330,1,,2,12000.00,0.00,24000.00
5000004259,1000003506,20240726,1,5,1,,1,12000.00,0.00,12000.00
5000004260,1000003507,20240726,1,787,1,,1,12000.00,0.00,12000.00
5000004261,1000003508,20240726,1,237,1,,2,12000.00,0.00,24000.00
5000004262,1000003508,20240726,2,237,1,,1,15000.00,0.00,15000.00
5000004266,1000003512,20240726,2,1486,1,,2,15000.00,0.00,30000.00
5000004269,1000003515,20240726,1,1487,1,,1,12000.00,0.00,12000.00
5000004271,1000003517,20240726,2,287,1,,1,15000.00,0.00,15000.00
5000004273,1000003519,20240726,2,464,1,,1,15000.00,0.00,15000.00
5000004274,1000003520,20240726,1,1490,1,,1,12000.00,0.00,12000.00
5000004275,1000003520,20240726,2,1490,1,,1,15000.00,0.00,15000.00
5000004278,1000003523,20240726,1,125,1,,1,12000.00,0.00,12000.00
5000004279,1000003524,20240726,1,163,1,,3,12000.00,0.00,36000.00
5000004280,1000003525,20240726,1,706,1,,2,12000.00,0.00,24000.00
5000004281,1000003525,20240726,2,706,1,,1,15000.00,0.00,15000.00
5000004282,1000003526,20240726,1,1492,1,,3,12000.00,0.00,36000.00
5000004283,1000003527,20240727,1,461,1,,1,12000.00,0.00,12000.00
5000004284,1000003527,20240727,2,461,1,,1,15000.00,0.00,15000.00
5000004285,1000003528,20240727,2,785,1,,1,15000.00,0.00,15000.00
5000004288,1000003530,20240727,2,333,1,,1,15000.00,0.00,15000.00
5000004294,1000003536,20240727,1,1496,1,,4,12000.00,0.00,48000.00
5000004300,1000003541,20240727,1,951,1,,2,12000.00,0.00,24000.00
5000004306,1000003545,20240728,1,582,1,,2,12000.00,0.00,24000.00
5000004307,1000003545,20240728,2,582,1,,1,15000.00,0.00,15000.00
5000004308,1000003546,20240728,1,1120,1,,1,12000.00,0.00,12000.00
5000004309,1000003547,20240728,1,973,1,,1,12000.00,0.00,12000.00
5000004310,1000003548,20240728,1,1499,1,,3,12000.00,0.00,36000.00
5000004311,1000003549,20240728,1,108,1,,1,12000.00,0.00,12000.00
5000004312,1000003549,20240728,2,108,1,,1,15000.00,0.00,15000.00
5000004313,1000003550,20240728,1,852,1,,2,12000.00,0.00,24000.00
5000004314,1000003551,20240728,1,9,1,,1,12000.00,0.00,12000.00
5000004315,1000003552,20240728,1,1500,1,,1,12000.00,0.00,12000.00
5000004316,1000003552,20240728,2,1500,1,,3,15000.00,0.00,45000.00
5000004317,1000003553,20240728,2,84,1,,1,15000.00,0.00,15000.00
5000004318,1000003554,20240729,1,1501,1,,1,12000.00,0.00,12000.00
5000004319,1000003554,20240729,2,1501,1,,1,15000.00,0.00,15000.00
5000004320,1000003555,20240729,1,1502,1,,2,12000.00,0.00,24000.00
5000004322,1000003557,20240729,2,1504,1,,4,15000.00,0.00,60000.00
5000004326,1000003560,20240729,1,1506,1,,1,12000.00,0.00,12000.00
5000004331,1000003564,20240729,1,159,1,,2,12000.00,0.00,24000.00
5000004332,1000003564,20240729,2,159,1,,2,15000.00,0.00,30000.00
5000004333,1000003565,20240729,1,462,1,,3,12000.00,0.00,36000.00
5000004335,1000003567,20240730,1,1317,1,,6,12000.00,10800.00,61200.00
5000004336,1000003567,20240730,2,1317,1,,11,15000.00,24750.00,140250.00
5000004337,1000003568,20240730,1,1507,1,,1,12000.00,0.00,12000.00
5000004338,1000003569,20240730,1,793,1,,4,12000.00,0.00,48000.00
5000004340,1000003571,20240730,2,394,1,,1,15000.00,0.00,15000.00
5000004343,1000003573,20240730,2,621,1,,1,15000.00,0.00,15000.00
5000004347,1000003577,20240730,1,1509,1,,3,12000.00,1800.00,34200.00
5000004348,1000003578,20240730,1,1510,1,,2,12000.00,0.00,24000.00
5000004349,1000003579,20240730,1,825,1,,2,12000.00,0.00,24000.00
5000004350,1000003579,20240730,2,825,1,,2,15000.00,0.00,30000.00
5000004351,1000003580,20240730,1,1511,1,,1,12000.00,0.00,12000.00
5000004353,1000003582,20240730,1,172,1,,2,12000.00,0.00,24000.00
5000004354,1000003583,20240730,1,55,1,,1,12000.00,0.00,12000.00
5000004355,1000003584,20240730,1,728,1,,3,12000.00,0.00,36000.00
5000004356,1000003585,20240731,1,1512,1,,1,12000.00,0.00,12000.00
5000004357,1000003585,20240731,2,1512,1,,3,15000.00,0.00,45000.00
5000004358,1000003586,20240731,1,173,1,,2,12000.00,0.00,24000.00
5000004359,1000003586,20240731,2,173,1,,4,15000.00,0.00,60000.00
5000004360,1000003587,20240731,1,15,1,,2,12000.00,0.00,24000.00
5000004364,1000003591,20240731,1,44,1,,1,12000.00,0.00,12000.00
5000004367,1000003594,20240731,1,1514,1,,1,12000.00,0.00,12000.00
5000004369,1000003596,20240731,1,851,1,,1,12000.00,0.00,12000.00
5000004370,1000003596,20240731,2,851,1,,1,15000.00,0.00,15000.00
5000004371,1000003597,20240731,1,1515,1,,2,12000.00,0.00,24000.00
5000004372,1000003598,20240731,1,1213,1,,1,12000.00,0.00,12000.00
5000004373,1000003599,20240731,1,1516,1,,1,12000.00,0.00,12000.00
5000004374,1000003600,20240801,1,468,1,,1,12000.00,0.00,12000.00
5000004375,1000003601,20240801,1,1517,1,,1,12000.00,0.00,12000.00
5000004376,1000003601,20240801,2,1517,1,,1,15000.00,0.00,15000.00
5000004377,1000003602,20240801,2,58,1,,1,15000.00,0.00,15000.00
5000004378,1000003603,20240801,1,1518,1,,1,12000.00,0.00,12000.00
5000004379,1000003604,20240801,1,1002,1,,1,12000.00,0.00,12000.00
5000004380,1000003604,20240801,2,1002,1,,1,15000.00,0.00,15000.00
5000004382,1000003606,20240801,1,112,1,,1,12000.00,0.00,12000.00
5000004386,1000003609,20240801,1,88,1,,1,12000.00,0.00,12000.00
5000004387,1000003609,20240801,2,88,1,,2,15000.00,0.00,30000.00
5000004390,1000003612,20240801,1,1521,1,,3,12000.00,0.00,36000.00
5000004391,1000003613,20240801,1,974,1,,2,12000.00,0.00,24000.00
5000004392,1000003613,20240801,2,974,1,,1,15000.00,0.00,15000.00
5000004397,1000003616,20240801,2,1187,1,,2,15000.00,0.00,30000.00
5000004400,1000003619,20240801,1,1126,1,,2,12000.00,0.00,24000.00
5000004401,1000003620,20240801,1,531,1,,1,12000.00,0.00,12000.00
5000004402,1000003621,20240801,2,977,1,,2,15000.00,0.00,30000.00
5000004403,1000003622,20240801,2,189,1,,3,15000.00,0.00,45000.00
5000004404,1000003623,20240801,1,1524,1,,2,12000.00,0.00,24000.00
5000004405,1000003623,20240801,2,1524,1,,1,15000.00,0.00,15000.00
5000004406,1000003624,20240802,1,1239,1,,1,12000.00,0.00,12000.00
5000004407,1000003625,20240802,2,791,1,,1,15000.00,0.00,15000.00
5000004408,1000003626,20240802,1,1525,1,,1,12000.00,0.00,12000.00
5000004409,1000003627,20240802,1,577,1,,1,12000.00,0.00,12000.00
5000004411,1000003629,20240802,1,1526,1,,2,12000.00,0.00,24000.00
5000004420,1000003635,20240802,1,671,1,,1,12000.00,0.00,12000.00
5000004422,1000003637,20240802,2,423,1,,1,15000.00,0.00,15000.00
5000004427,1000003640,20240802,2,1528,1,,1,15000.00,0.00,15000.00
5000004428,1000003641,20240802,1,703,1,,1,12000.00,0.00,12000.00
5000004429,1000003641,20240802,2,703,1,,1,15000.00,0.00,15000.00
5000004430,1000003642,20240802,1,1051,1,,3,12000.00,0.00,36000.00
5000004431,1000003643,20240803,1,263,1,,1,12000.00,600.00,11400.00
5000004435,1000003647,20240803,1,1075,1,,1,12000.00,0.00,12000.00
5000004436,1000003647,20240803,2,1075,1,,1,15000.00,0.00,15000.00
5000004438,1000003649,20240803,1,1387,1,,1,12000.00,0.00,12000.00
5000004447,1000003658,20240803,1,803,1,,2,12000.00,0.00,24000.00
5000004448,1000003659,20240803,1,1118,1,,1,12000.00,0.00,12000.00
5000004451,1000003662,20240803,1,1534,1,,1,12000.00,0.00,12000.00
5000004452,1000003662,20240803,2,1534,1,,1,15000.00,0.00,15000.00
5000004453,1000003663,20240803,1,241,1,,2,12000.00,1200.00,22800.00
5000004454,1000003664,20240804,1,966,1,,1,12000.00,0.00,12000.00
5000004455,1000003664,20240804,2,966,1,,1,15000.00,0.00,15000.00
5000004456,1000003665,20240804,1,344,1,,1,12000.00,0.00,12000.00
5000004457,1000003666,20240804,1,1229,1,,2,12000.00,0.00,24000.00
5000004458,1000003667,20240804,1,1535,1,,1,12000.00,0.00,12000.00
5000004459,1000003668,20240804,1,713,1,,1,12000.00,0.00,12000.00
5000004460,1000003668,20240804,2,713,1,,1,15000.00,0.00,15000.00
5000004461,1000003669,20240804,1,396,1,,1,12000.00,0.00,12000.00
5000004462,1000003669,20240804,2,396,1,,2,15000.00,0.00,30000.00
5000004463,1000003670,20240804,2,1537,1,,1,15000.00,0.00,15000.00
5000004464,1000003671,20240804,1,125,1,,4,12000.00,0.00,48000.00
5000004465,1000003672,20240804,1,995,1,,2,12000.00,0.00,24000.00
5000004466,1000003673,20240805,1,348,1,,1,12000.00,0.00,12000.00
5000004467,1000003674,20240805,1,1538,1,,1,12000.00,0.00,12000.00
5000004468,1000003675,20240805,2,849,1,,1,15000.00,0.00,15000.00
5000004471,1000003678,20240805,1,1487,1,,2,12000.00,0.00,24000.00
5000004472,1000003679,20240805,1,1539,1,,1,12000.00,0.00,12000.00
5000004473,1000003679,20240805,2,1539,1,,1,15000.00,0.00,15000.00
5000004474,1000003680,20240805,2,1100,1,,4,15000.00,0.00,60000.00
5000004477,1000003683,20240805,2,1541,1,,1,15000.00,0.00,15000.00
5000004478,1000003684,20240805,1,1542,1,,2,12000.00,0.00,24000.00
5000004479,1000003685,20240806,1,395,1,,1,12000.00,0.00,12000.00
5000004480,1000003686,20240806,1,1543,1,,1,12000.00,0.00,12000.00
5000004491,1000003695,20240806,1,1547,1,,2,12000.00,0.00,24000.00
5000004493,1000003697,20240806,1,1549,1,,2,12000.00,0.00,24000.00
5000004494,1000003698,20240807,1,11,1,,3,12000.00,0.00,36000.00
5000004498,1000003701,20240807,2,1388,1,,1,15000.00,0.00,15000.00
5000004499,1000003702,20240807,1,1550,1,,3,12000.00,0.00,36000.00
5000004500,1000003702,20240807,2,1550,1,,2,15000.00,0.00,30000.00
5000004501,1000003703,20240807,1,663,1,,1,12000.00,0.00,12000.00
5000004502,1000003703,20240807,2,663,1,,1,15000.00,0.00,15000.00
5000004504,1000003705,20240807,1,1380,1,,1,12000.00,0.00,12000.00
5000004505,1000003705,20240807,2,1380,1,,1,15000.00,0.00,15000.00
5000004506,1000003706,20240807,2,1551,1,,1,15000.00,0.00,15000.00
5000004508,1000003708,20240807,1,179,1,,2,12000.00,0.00,24000.00
5000004509,1000003708,20240807,2,179,1,,1,15000.00,0.00,15000.00
5000004512,1000003711,20240807,1,142,1,,1,12000.00,0.00,12000.00
5000004513,1000003712,20240807,1,1552,1,,1,12000.00,0.00,12000.00
5000004514,1000003713,20240808,1,998,1,,1,12000.00,0.00,12000.00
5000004515,1000003714,20240808,1,1553,1,,1,12000.00,0.00,12000.00
5000004516,1000003715,20240808,1,1273,1,,1,12000.00,0.00,12000.00
5000004517,1000003716,20240808,2,1554,1,,1,15000.00,0.00,15000.00
5000004518,1000003717,20240808,1,169,1,,2,12000.00,0.00,24000.00
5000004519,1000003717,20240808,2,169,1,,1,15000.00,0.00,15000.00
5000004520,1000003718,20240808,2,1555,1,,2,15000.00,0.00,30000.00
5000004523,1000003721,20240808,1,999,1,,2,12000.00,0.00,24000.00
5000004528,1000003726,20240808,1,68,1,,1,12000.00,0.00,12000.00
5000004529,1000003726,20240808,2,68,1,,3,15000.00,0.00,45000.00
5000004530,1000003727,20240808,1,328,1,,1,12000.00,0.00,12000.00
5000004531,1000003728,20240808,1,1313,1,,1,12000.00,0.00,12000.00
5000004532,1000003728,20240808,2,1313,1,,1,15000.00,0.00,15000.00
5000004535,1000003731,20240809,1,1346,1,,1,12000.00,0.00,12000.00
5000004542,1000003736,20240809,1,470,1,,2,12000.00,0.00,24000.00
5000004543,1000003737,20240810,1,878,1,,1,12000.00,0.00,12000.00
5000004544,1000003738,20240810,1,26,1,,1,12000.00,0.00,12000.00
5000004545,1000003739,20240810,1,1383,1,,1,12000.00,0.00,12000.00
5000004546,1000003739,20240810,2,1383,1,,4,15000.00,0.00,60000.00
5000004547,1000003740,20240810,1,1557,1,,1,12000.00,0.00,12000.00
5000004548,1000003741,20240810,1,1431,1,,1,12000.00,600.00,11400.00
5000004562,1000003753,20240810,1,1223,1,,4,12000.00,0.00,48000.00
5000004565,1000003755,20240810,2,1437,1,,1,15000.00,0.00,15000.00
5000004569,1000003759,20240810,1,1560,1,,2,12000.00,0.00,24000.00
5000004571,1000003761,20240810,1,1276,1,,1,12000.00,0.00,12000.00
5000004572,1000003762,20240811,1,420,1,,2,12000.00,0.00,24000.00
5000004573,1000003763,20240811,1,1450,1,,1,12000.00,0.00,12000.00
5000004574,1000003764,20240811,1,1459,1,,1,12000.00,0.00,12000.00
5000004575,1000003765,20240811,1,1350,1,,3,12000.00,0.00,36000.00
5000004576,1000003766,20240811,1,906,1,,1,12000.00,0.00,12000.00
5000004577,1000003767,20240812,1,1142,1,,1,12000.00,0.00,12000.00
5000004578,1000003768,20240812,2,1561,1,,2,15000.00,0.00,30000.00
5000004579,1000003769,20240812,1,1002,1,,2,12000.00,0.00,24000.00
5000004580,1000003770,20240812,1,613,1,,1,12000.00,0.00,12000.00
5000004581,1000003770,20240812,2,613,1,,1,15000.00,0.00,15000.00
5000004582,1000003771,20240812,1,1083,1,,1,12000.00,0.00,12000.00
5000004586,1000003774,20240812,2,1415,1,,2,15000.00,0.00,30000.00
5000004588,1000003776,20240812,1,201,1,,1,12000.00,0.00,12000.00
5000004589,1000003777,20240812,1,876,1,,1,12000.00,0.00,12000.00
5000004590,1000003778,20240812,2,831,1,,1,15000.00,0.00,15000.00
5000004591,1000003779,20240812,2,1563,1,,1,15000.00,0.00,15000.00
5000004593,1000003781,20240812,1,602,1,,1,12000.00,0.00,12000.00
5000004594,1000003782,20240812,1,1414,1,,1,12000.00,0.00,12000.00
5000004596,1000003784,20240812,1,1109,1,,2,12000.00,0.00,24000.00
5000004597,1000003785,20240813,1,1564,1,,2,12000.00,2400.00,21600.00
5000004598,1000003786,20240813,1,300,1,,2,12000.00,0.00,24000.00
5000004599,1000003787,20240813,1,1565,1,,1,12000.00,600.00,11400.00
5000004600,1000003787,20240813,2,1565,1,,1,15000.00,750.00,14250.00
5000004601,1000003788,20240813,1,1566,1,,1,12000.00,1200.00,10800.00
5000004603,1000003790,20240813,1,626,1,,1,12000.00,0.00,12000.00
5000004604,1000003791,20240813,2,1568,1,,1,15000.00,0.00,15000.00
5000004606,1000003793,20240813,1,398,1,,2,12000.00,2400.00,21600.00
5000004607,1000003793,20240813,2,398,1,,2,15000.00,3000.00,27000.00
5000004609,1000003795,20240813,1,715,1,,2,12000.00,2400.00,21600.00
5000004610,1000003796,20240813,1,1570,1,,2,12000.00,0.00,24000.00
5000004611,1000003797,20240813,1,132,1,,2,12000.00,0.00,24000.00
5000004612,1000003798,20240813,1,404,1,,1,12000.00,1200.00,10800.00
5000004613,1000003799,20240813,1,1057,1,,1,12000.00,0.00,12000.00
5000004614,1000003800,20240813,1,978,1,,2,12000.00,2400.00,21600.00
5000004615,1000003800,20240813,2,978,1,,4,15000.00,6000.00,54000.00
5000004616,1000003801,20240813,2,1306,1,,1,15000.00,0.00,15000.00
5000004617,1000003802,20240813,2,789,1,,1,15000.00,0.00,15000.00
5000004618,1000003803,20240814,1,1077,1,,1,12000.00,0.00,12000.00
5000004619,1000003804,20240814,1,1046,1,,3,12000.00,0.00,36000.00
5000004620,1000003805,20240814,1,490,1,,1,12000.00,0.00,12000.00
5000004624,1000003808,20240814,1,896,1,,1,12000.00,0.00,12000.00
5000004625,1000003809,20240814,1,1072,1,,1,12000.00,0.00,12000.00
5000004626,1000003809,20240814,2,1072,1,,2,15000.00,0.00,30000.00
5000004627,1000003810,20240814,1,553,1,,1,12000.00,0.00,12000.00
5000004629,1000003812,20240814,1,1390,1,,1,12000.00,0.00,12000.00
5000004633,1000003816,20240814,1,1573,1,,1,12000.00,0.00,12000.00
5000004634,1000003816,20240814,2,1573,1,,2,15000.00,0.00,30000.00
5000004635,1000003817,20240815,1,1576,1,,3,12000.00,0.00,36000.00
5000004636,1000003817,20240815,2,1576,1,,2,15000.00,0.00,30000.00
5000004637,1000003818,20240815,1,1577,1,,3,12000.00,0.00,36000.00
5000004638,1000003818,20240815,2,1577,1,,2,15000.00,0.00,30000.00
5000004639,1000003819,20240815,1,1404,1,,2,12000.00,0.00,24000.00
5000004640,1000003820,20240815,1,279,1,,1,12000.00,0.00,12000.00
5000004642,1000003822,20240815,1,1180,1,,2,12000.00,0.00,24000.00
5000004643,1000003822,20240815,2,1180,1,,1,15000.00,0.00,15000.00
5000004645,1000003824,20240815,2,652,1,,1,15000.00,0.00,15000.00
5000004648,1000003826,20240815,2,116,1,,2,15000.00,0.00,30000.00
5000004653,1000003831,20240815,2,1275,1,,3,15000.00,0.00,45000.00
5000004654,1000003832,20240815,1,438,1,,2,12000.00,0.00,24000.00
5000004655,1000003833,20240815,1,1580,1,,4,12000.00,0.00,48000.00
5000004656,1000003834,20240815,1,1581,1,,1,12000.00,0.00,12000.00
5000004657,1000003834,20240815,2,1581,1,,2,15000.00,0.00,30000.00
5000004658,1000003835,20240815,1,1110,1,,2,12000.00,0.00,24000.00
5000004659,1000003836,20240816,2,512,1,,1,15000.00,0.00,15000.00
5000004660,1000003837,20240816,1,1582,1,,2,12000.00,0.00,24000.00
5000004661,1000003838,20240816,2,20,1,,1,15000.00,0.00,15000.00
5000004666,1000003842,20240816,1,124,1,,3,12000.00,0.00,36000.00
5000004668,1000003844,20240816,1,1285,1,,3,12000.00,0.00,36000.00
5000004670,1000003846,20240816,1,296,1,,1,12000.00,0.00,12000.00
5000004671,1000003846,20240816,2,296,1,,1,15000.00,0.00,15000.00
5000004674,1000003849,20240816,1,1043,1,,2,12000.00,0.00,24000.00
5000004676,1000003851,20240816,1,1347,1,,2,12000.00,0.00,24000.00
5000004677,1000003851,20240816,2,1347,1,,2,15000.00,0.00,30000.00
5000004681,1000003854,20240816,1,1482,1,,1,12000.00,0.00,12000.00
5000004683,1000003856,20240816,1,1360,1,,2,12000.00,0.00,24000.00
5000004684,1000003856,20240816,2,1360,1,,1,15000.00,0.00,15000.00
5000004685,1000003857,20240816,2,1587,1,,1,15000.00,0.00,15000.00
5000004686,1000003858,20240816,1,969,1,,2,12000.00,0.00,24000.00
5000004689,1000003860,20240817,1,1588,1,,2,12000.00,0.00,24000.00
5000004696,1000003867,20240817,1,867,1,,1,12000.00,0.00,12000.00
5000004698,1000003869,20240817,1,679,1,,1,12000.00,0.00,12000.00
5000004700,1000003871,20240817,1,885,1,,1,12000.00,0.00,12000.00
5000004709,1000003879,20240817,1,88,1,,1,12000.00,0.00,12000.00
5000004711,1000003881,20240817,1,1091,1,,1,12000.00,0.00,12000.00
5000004712,1000003882,20240817,1,1591,1,,2,12000.00,0.00,24000.00
5000004713,1000003882,20240817,2,1591,1,,2,15000.00,0.00,30000.00
5000004714,1000003883,20240817,2,169,1,,2,15000.00,0.00,30000.00
5000004715,1000003884,20240818,1,837,1,,4,12000.00,0.00,48000.00
5000004716,1000003884,20240818,2,837,1,,3,15000.00,0.00,45000.00
5000004717,1000003885,20240818,1,690,1,,1,12000.00,0.00,12000.00
5000004718,1000003886,20240818,1,1592,1,,2,12000.00,0.00,24000.00
5000004719,1000003886,20240818,2,1592,1,,1,15000.00,0.00,15000.00
5000004720,1000003887,20240818,2,233,1,,1,15000.00,0.00,15000.00
5000004721,1000003888,20240818,1,1055,1,,3,12000.00,0.00,36000.00
5000004722,1000003889,20240818,1,3,1,,2,12000.00,0.00,24000.00
5000004723,1000003890,20240818,1,268,1,,3,12000.00,0.00,36000.00
5000004724,1000003890,20240818,2,268,1,,1,15000.00,0.00,15000.00
5000004725,1000003891,20240818,1,1524,1,,1,12000.00,600.00,11400.00
5000004726,1000003892,20240818,1,1007,1,,1,12000.00,0.00,12000.00
5000004727,1000003893,20240818,1,299,1,,2,12000.00,0.00,24000.00
5000004728,1000003893,20240818,2,299,1,,3,15000.00,0.00,45000.00
5000004729,1000003894,20240819,1,1593,1,,3,12000.00,0.00,36000.00
5000004731,1000003896,20240819,1,1479,1,,2,12000.00,0.00,24000.00
5000004733,1000003898,20240819,2,1595,1,,1,15000.00,0.00,15000.00
5000004734,1000003899,20240819,1,1538,1,,3,12000.00,0.00,36000.00
5000004735,1000003899,20240819,2,1538,1,,1,15000.00,0.00,15000.00
5000004739,1000003902,20240819,1,77,1,,1,12000.00,0.00,12000.00
5000004740,1000003902,20240819,2,77,1,,1,15000.00,0.00,15000.00
5000004741,1000003903,20240819,2,703,1,,2,15000.00,0.00,30000.00
5000004742,1000003904,20240819,1,1598,1,,1,12000.00,0.00,12000.00
5000004743,1000003904,20240819,2,1598,1,,1,15000.00,0.00,15000.00
5000004744,1000003905,20240820,1,1599,1,,2,12000.00,0.00,24000.00
5000004746,1000003907,20240820,1,566,1,,1,12000.00,0.00,12000.00
5000004748,1000003909,20240820,1,44,1,,1,12000.00,0.00,12000.00
5000004754,1000003914,20240820,1,1232,1,,1,12000.00,0.00,12000.00
5000004755,1000003914,20240820,2,1232,1,,1,15000.00,0.00,15000.00
5000004756,1000003915,20240820,1,739,1,,4,12000.00,2400.00,45600.00
5000004758,1000003917,20240820,2,1601,1,,1,15000.00,0.00,15000.00
5000004759,1000003918,20240820,2,380,1,,2,15000.00,0.00,30000.00
5000004760,1000003919,20240821,1,222,1,,2,12000.00,0.00,24000.00
5000004761,1000003920,20240821,2,270,1,,1,15000.00,0.00,15000.00
5000004764,1000003923,20240821,1,946,1,,2,12000.00,0.00,24000.00
5000004765,1000003923,20240821,2,946,1,,2,15000.00,0.00,30000.00
5000004766,1000003924,20240821,1,1359,1,,1,12000.00,0.00,12000.00
5000004769,1000003927,20240821,1,930,1,,2,12000.00,0.00,24000.00
5000004770,1000003928,20240821,1,567,1,,3,12000.00,0.00,36000.00
5000004771,1000003929,20240821,1,903,1,,1,12000.00,0.00,12000.00
5000004772,1000003929,20240821,2,903,1,,1,15000.00,0.00,15000.00
5000004773,1000003930,20240821,1,1604,1,,3,12000.00,0.00,36000.00
5000004774,1000003931,20240821,2,1194,1,,1,15000.00,0.00,15000.00
5000004775,1000003932,20240822,1,140,1,,3,12000.00,0.00,36000.00
5000004776,1000003932,20240822,2,140,1,,1,15000.00,0.00,15000.00
5000004777,1000003933,20240822,1,1605,1,,2,12000.00,0.00,24000.00
5000004778,1000003934,20240822,1,1606,1,,1,12000.00,0.00,12000.00
5000004779,1000003934,20240822,2,1606,1,,3,15000.00,0.00,45000.00
5000004781,1000003936,20240822,1,1608,1,,3,12000.00,0.00,36000.00
5000004784,1000003938,20240822,1,1610,1,,2,12000.00,0.00,24000.00
5000004786,1000003940,20240822,1,644,1,,1,12000.00,0.00,12000.00
5000004787,1000003941,20240822,2,1611,1,,1,15000.00,0.00,15000.00
5000004789,1000003943,20240822,2,1612,1,,2,15000.00,0.00,30000.00
5000004792,1000003946,20240822,1,788,1,,1,12000.00,0.00,12000.00
5000004793,1000003947,20240822,1,1528,1,,1,12000.00,0.00,12000.00
5000004794,1000003947,20240822,2,1528,1,,4,15000.00,0.00,60000.00
5000004795,1000003948,20240823,2,618,1,,3,15000.00,0.00,45000.00
5000004798,1000003950,20240823,1,1375,1,,2,12000.00,0.00,24000.00
5000004802,1000003954,20240823,1,1388,1,,1,12000.00,0.00,12000.00
5000004803,1000003954,20240823,2,1388,1,,1,15000.00,0.00,15000.00
5000004804,1000003955,20240823,2,1329,1,,1,15000.00,0.00,15000.00
5000004810,1000003959,20240823,1,1492,1,,4,12000.00,0.00,48000.00
5000004811,1000003959,20240823,2,1492,1,,1,15000.00,0.00,15000.00
5000004812,1000003960,20240823,2,1483,1,,1,15000.00,0.00,15000.00
5000004815,1000003963,20240823,1,1620,1,,1,12000.00,600.00,11400.00
5000004816,1000003963,20240823,2,1620,1,,1,15000.00,750.00,14250.00
5000004817,1000003964,20240823,2,1621,1,,1,15000.00,0.00,15000.00
5000004818,1000003965,20240823,2,365,1,,1,15000.00,0.00,15000.00
5000004819,1000003966,20240823,1,1012,1,,1,12000.00,0.00,12000.00
5000004820,1000003966,20240823,2,1012,1,,2,15000.00,0.00,30000.00
5000004821,1000003967,20240823,2,670,1,,1,15000.00,0.00,15000.00
5000004822,1000003968,20240824,2,1622,1,,2,15000.00,0.00,30000.00
5000004823,1000003969,20240824,1,755,1,,3,12000.00,0.00,36000.00
5000004824,1000003970,20240824,1,1450,1,,1,12000.00,0.00,12000.00
5000004830,1000003975,20240824,1,1328,1,,4,12000.00,0.00,48000.00
5000004831,1000003975,20240824,2,1328,1,,3,15000.00,0.00,45000.00
5000004832,1000003976,20240824,1,1623,1,,1,12000.00,0.00,12000.00
5000004833,1000003976,20240824,2,1623,1,,3,15000.00,0.00,45000.00
5000004836,1000003978,20240824,1,1624,1,,4,12000.00,2400.00,45600.00
5000004837,1000003978,20240824,2,1624,1,,1,15000.00,750.00,14250.00
5000004838,1000003979,20240824,1,1541,1,,1,12000.00,0.00,12000.00
5000004839,1000003980,20240824,1,1412,1,,2,12000.00,0.00,24000.00
5000004840,1000003980,20240824,2,1412,1,,1,15000.00,0.00,15000.00
5000004841,1000003981,20240824,1,1120,1,,1,12000.00,0.00,12000.00
5000004842,1000003982,20240824,2,1521,1,,3,15000.00,0.00,45000.00
5000004843,1000003983,20240825,2,457,1,,2,15000.00,0.00,30000.00
5000004844,1000003984,20240825,1,956,1,,2,12000.00,0.00,24000.00
5000004845,1000003985,20240825,1,1506,1,,2,12000.00,0.00,24000.00
5000004846,1000003986,20240825,2,1249,1,,2,15000.00,0.00,30000.00
5000004847,1000003987,20240825,1,1384,1,,1,12000.00,0.00,12000.00
5000004848,1000003988,20240825,1,1336,1,,1,12000.00,0.00,12000.00
5000004849,1000003989,20240825,1,1625,1,,1,12000.00,0.00,12000.00
5000004850,1000003990,20240826,2,333,1,,1,15000.00,0.00,15000.00
5000004851,1000003991,20240826,1,1626,1,,3,12000.00,0.00,36000.00
5000004852,1000003992,20240826,1,1422,1,,3,12000.00,0.00,36000.00
5000004853,1000003993,20240826,1,1409,1,,1,12000.00,0.00,12000.00
5000004855,1000003995,20240826,2,1297,1,,3,15000.00,0.00,45000.00
5000004856,1000003996,20240826,1,883,1,,1,12000.00,0.00,12000.00
5000004858,1000003998,20240826,1,632,1,,1,12000.00,0.00,12000.00
5000004859,1000003998,20240826,2,632,1,,1,15000.00,0.00,15000.00
5000004860,1000003999,20240826,1,1006,1,,1,12000.00,0.00,12000.00
5000004861,1000003999,20240826,2,1006,1,,1,15000.00,0.00,15000.00
5000004862,1000004000,20240826,2,405,1,,4,15000.00,0.00,60000.00
5000004863,1000004001,20240827,2,575,1,,2,15000.00,0.00,30000.00
5000004864,1000004002,20240827,1,126,1,,2,12000.00,0.00,24000.00
5000004865,1000004003,20240827,1,1373,1,,4,12000.00,4800.00,43200.00
5000004866,1000004003,20240827,2,1373,1,,4,15000.00,6000.00,54000.00
5000004867,1000004004,20240827,2,1628,1,,1,15000.00,0.00,15000.00
5000004869,1000004006,20240827,1,1629,1,,1,12000.00,0.00,12000.00
5000004871,1000004008,20240827,2,142,1,,1,15000.00,0.00,15000.00
5000004872,1000004009,20240827,1,614,1,,1,12000.00,0.00,12000.00
5000004873,1000004010,20240827,1,635,1,,2,12000.00,0.00,24000.00
5000004874,1000004010,20240827,2,635,1,,1,15000.00,0.00,15000.00
5000004875,1000004011,20240827,1,461,1,,1,12000.00,0.00,12000.00
5000004876,1000004012,20240828,2,427,1,,1,15000.00,0.00,15000.00
5000004877,1000004013,20240828,1,1159,1,,2,12000.00,0.00,24000.00
5000004878,1000004013,20240828,2,1159,1,,1,15000.00,0.00,15000.00
5000004879,1000004014,20240828,1,1051,1,,1,12000.00,0.00,12000.00
5000004882,1000004017,20240828,1,505,1,,1,12000.00,0.00,12000.00
5000004883,1000004017,20240828,2,505,1,,1,15000.00,0.00,15000.00
5000004888,1000004021,20240828,1,254,1,,1,12000.00,0.00,12000.00
5000004889,1000004021,20240828,2,254,1,,1,15000.00,0.00,15000.00
5000004892,1000004024,20240828,1,1632,1,,1,12000.00,0.00,12000.00
5000004893,1000004024,20240828,2,1632,1,,1,15000.00,0.00,15000.00
5000004894,1000004025,20240829,2,1134,1,,1,15000.00,0.00,15000.00
5000004895,1000004026,20240829,1,447,1,,1,12000.00,0.00,12000.00
5000004896,1000004026,20240829,2,447,1,,2,15000.00,0.00,30000.00
5000004897,1000004027,20240829,1,784,1,,2,12000.00,0.00,24000.00
5000004898,1000004027,20240829,2,784,1,,1,15000.00,0.00,15000.00
5000004899,1000004028,20240829,1,1633,1,,2,12000.00,0.00,24000.00
5000004900,1000004029,20240829,1,1117,1,,1,12000.00,0.00,12000.00
5000004901,1000004030,20240829,1,621,1,,1,12000.00,0.00,12000.00
5000004902,1000004031,20240829,1,1258,1,,3,12000.00,0.00,36000.00
5000004905,1000004033,20240829,1,1551,1,,2,12000.00,0.00,24000.00
5000004906,1000004033,20240829,2,1551,1,,1,15000.00,0.00,15000.00
5000004907,1000004034,20240829,2,404,1,,1,15000.00,0.00,15000.00
5000004910,1000004037,20240829,1,886,1,,1,12000.00,0.00,12000.00
5000004911,1000004038,20240829,1,42,1,,2,12000.00,0.00,24000.00
5000004912,1000004038,20240829,2,42,1,,1,15000.00,0.00,15000.00
5000004917,1000004043,20240829,2,1637,1,,2,15000.00,0.00,30000.00
5000004918,1000004044,20240829,2,1638,1,,2,15000.00,0.00,30000.00
5000004919,1000004045,20240830,1,1639,1,,1,12000.00,0.00,12000.00
5000004922,1000004047,20240830,1,1641,1,,4,12000.00,0.00,48000.00
5000004927,1000004051,20240830,1,716,1,,1,12000.00,0.00,12000.00
5000004928,1000004051,20240830,2,716,1,,1,15000.00,0.00,15000.00
5000004934,1000004055,20240830,1,1463,1,,4,12000.00,0.00,48000.00
5000004935,1000004055,20240830,2,1463,1,,1,15000.00,0.00,15000.00
5000004937,1000004057,20240830,1,1643,1,,2,12000.00,0.00,24000.00
5000004938,1000004058,20240830,2,516,1,,1,15000.00,0.00,15000.00
5000004939,1000004059,20240830,2,1535,1,,1,15000.00,0.00,15000.00
5000004940,1000004060,20240831,1,791,1,,1,12000.00,0.00,12000.00
5000004941,1000004061,20240831,1,1645,1,,1,12000.00,0.00,12000.00
5000004944,1000004063,20240831,2,1598,1,,2,15000.00,0.00,30000.00
5000004948,1000004067,20240831,1,1646,1,,1,12000.00,0.00,12000.00
5000004963,1000004079,20240831,2,1253,1,,1,15000.00,0.00,15000.00
5000004964,1000004080,20240831,1,872,1,,2,12000.00,0.00,24000.00
5000004965,1000004080,20240831,2,872,1,,1,15000.00,0.00,15000.00
5000004967,1000004082,20240831,2,1650,1,,4,15000.00,0.00,60000.00
5000004969,1000004084,20240831,1,874,1,,2,12000.00,0.00,24000.00
5000004970,1000004084,20240831,2,874,1,,1,15000.00,0.00,15000.00
5000004971,1000004085,20240901,2,65,1,,1,15000.00,0.00,15000.00
5000004972,1000004086,20240901,1,1652,1,,1,12000.00,0.00,12000.00
5000004973,1000004087,20240901,1,84,1,,3,12000.00,0.00,36000.00
5000004974,1000004088,20240901,2,1653,1,,2,15000.00,0.00,30000.00
5000004975,1000004089,20240901,1,1203,1,,1,12000.00,0.00,12000.00
5000004976,1000004090,20240901,1,1654,1,,3,12000.00,0.00,36000.00
5000004977,1000004090,20240901,2,1654,1,,2,15000.00,0.00,30000.00
5000004978,1000004091,20240901,1,633,1,,3,12000.00,0.00,36000.00
5000004979,1000004092,20240901,1,1436,1,,1,12000.00,0.00,12000.00
5000004980,1000004092,20240901,2,1436,1,,1,15000.00,0.00,15000.00
5000004981,1000004093,20240902,1,666,1,,3,12000.00,0.00,36000.00
5000004982,1000004094,20240902,1,1387,1,,1,12000.00,0.00,12000.00
5000004987,1000004098,20240902,1,944,1,,1,12000.00,0.00,12000.00
5000004988,1000004099,20240902,1,488,1,,1,12000.00,0.00,12000.00
5000004990,1000004101,20240902,1,973,1,,1,12000.00,0.00,12000.00
5000004994,1000004104,20240902,1,356,1,,2,12000.00,0.00,24000.00
5000004995,1000004104,20240902,2,356,1,,3,15000.00,0.00,45000.00
5000004996,1000004105,20240902,1,615,1,,1,12000.00,0.00,12000.00
5000004997,1000004105,20240902,2,615,1,,2,15000.00,0.00,30000.00
5000004998,1000004106,20240902,2,1504,1,,1,15000.00,0.00,15000.00
5000004999,1000004107,20240902,1,894,1,,3,12000.00,0.00,36000.00
5000005000,1000004107,20240902,2,894,1,,2,15000.00,0.00,30000.00
5000005001,1000004108,20240903,1,1330,1,,1,12000.00,0.00,12000.00
5000005002,1000004109,20240903,2,1502,1,,1,15000.00,0.00,15000.00
5000005003,1000004110,20240903,2,176,1,,1,15000.00,0.00,15000.00
5000005004,1000004111,20240903,1,502,1,,4,12000.00,0.00,48000.00
5000005012,1000004116,20240903,1,1487,1,,3,12000.00,0.00,36000.00
5000005014,1000004118,20240903,1,1399,1,,1,12000.00,0.00,12000.00
5000005016,1000004120,20240903,1,681,1,,1,12000.00,0.00,12000.00
5000005017,1000004121,20240903,2,652,1,,1,15000.00,0.00,15000.00
5000005018,1000004122,20240903,1,1659,1,,1,12000.00,0.00,12000.00
5000005019,1000004122,20240903,2,1659,1,,2,15000.00,0.00,30000.00
5000005020,1000004123,20240904,1,73,1,,2,12000.00,0.00,24000.00
5000005021,1000004123,20240904,2,73,1,,2,15000.00,0.00,30000.00
5000005022,1000004124,20240904,1,1660,1,,1,12000.00,0.00,12000.00
5000005023,1000004125,20240904,1,1378,1,,2,12000.00,0.00,24000.00
5000005024,1000004125,20240904,2,1378,1,,1,15000.00,0.00,15000.00
5000005026,1000004127,20240904,1,578,1,,1,12000.00,0.00,12000.00
5000005027,1000004128,20240904,1,1661,1,,1,12000.00,0.00,12000.00
5000005029,1000004130,20240904,1,233,1,,1,12000.00,0.00,12000.00
5000005030,1000004130,20240904,2,233,1,,2,15000.00,0.00,30000.00
5000005031,1000004131,20240904,2,1582,1,,2,15000.00,0.00,30000.00
5000005035,1000004135,20240904,2,1663,1,,4,15000.00,0.00,60000.00
5000005036,1000004136,20240904,1,182,1,,1,12000.00,0.00,12000.00
5000005037,1000004136,20240904,2,182,1,,1,15000.00,0.00,15000.00
5000005039,1000004138,20240904,1,1479,1,,1,12000.00,0.00,12000.00
5000005040,1000004139,20240904,1,876,1,,2,12000.00,1200.00,22800.00
5000005041,1000004140,20240904,2,878,1,,2,15000.00,0.00,30000.00
5000005042,1000004141,20240904,1,165,1,,1,12000.00,0.00,12000.00
5000005043,1000004141,20240904,2,165,1,,1,15000.00,0.00,15000.00
5000005044,1000004142,20240905,1,257,1,,2,12000.00,0.00,24000.00
5000005053,1000004149,20240905,2,1665,1,,2,15000.00,0.00,30000.00
5000005059,1000004155,20240905,1,1162,1,,2,12000.00,0.00,24000.00
5000005061,1000004157,20240905,1,581,1,,1,12000.00,0.00,12000.00
5000005062,1000004158,20240905,1,948,1,,1,12000.00,0.00,12000.00
5000005063,1000004159,20240905,1,1667,1,,4,12000.00,0.00,48000.00
5000005064,1000004160,20240906,1,1668,1,,2,12000.00,0.00,24000.00
5000005065,1000004161,20240906,1,922,1,,1,12000.00,0.00,12000.00
5000005066,1000004161,20240906,2,922,1,,3,15000.00,0.00,45000.00
5000005067,1000004162,20240906,2,1003,1,,1,15000.00,0.00,15000.00
5000005068,1000004163,20240906,2,648,1,,1,15000.00,0.00,15000.00
5000005076,1000004169,20240906,1,1528,1,,1,12000.00,0.00,12000.00
5000005077,1000004169,20240906,2,1528,1,,2,15000.00,0.00,30000.00
5000005083,1000004174,20240906,1,316,1,,4,12000.00,0.00,48000.00
5000005084,1000004174,20240906,2,316,1,,1,15000.00,0.00,15000.00
5000005085,1000004175,20240906,2,61,1,,1,15000.00,0.00,15000.00
5000005089,1000004178,20240906,1,1271,1,,1,12000.00,0.00,12000.00
5000005090,1000004179,20240906,1,742,1,,1,12000.00,0.00,12000.00
5000005091,1000004179,20240906,2,742,1,,1,15000.00,0.00,15000.00
5000005092,1000004180,20240906,1,1313,1,,4,12000.00,0.00,48000.00
5000005093,1000004181,20240907,1,1093,1,,1,12000.00,0.00,12000.00
5000005097,1000004185,20240907,2,1670,1,,2,15000.00,0.00,30000.00
5000005103,1000004189,20240907,1,1016,1,,1,12000.00,0.00,12000.00
5000005105,1000004191,20240907,1,1672,1,,1,12000.00,0.00,12000.00
5000005107,1000004193,20240907,1,1673,1,,3,12000.00,0.00,36000.00
5000005111,1000004196,20240907,2,741,1,,2,15000.00,0.00,30000.00
5000005112,1000004197,20240907,2,1423,1,,1,15000.00,0.00,15000.00
5000005113,1000004198,20240907,2,1371,1,,3,15000.00,0.00,45000.00
5000005114,1000004199,20240908,1,420,1,,4,12000.00,0.00,48000.00
5000005115,1000004200,20240908,1,2,1,,1,12000.00,0.00,12000.00
5000005116,1000004200,20240908,2,2,1,,1,15000.00,0.00,15000.00
5000005117,1000004201,20240908,1,1114,1,,1,12000.00,0.00,12000.00
5000005118,1000004202,20240908,1,1510,1,,1,12000.00,0.00,12000.00
5000005119,1000004203,20240908,2,1163,1,,1,15000.00,0.00,15000.00
5000005120,1000004204,20240908,1,27,1,,2,12000.00,0.00,24000.00
5000005121,1000004205,20240908,1,1213,1,,4,12000.00,0.00,48000.00
5000005122,1000004206,20240908,1,1674,1,,3,12000.00,0.00,36000.00
5000005123,1000004206,20240908,2,1674,1,,4,15000.00,0.00,60000.00
5000005124,1000004207,20240909,2,543,1,,1,15000.00,0.00,15000.00
5000005133,1000004214,20240909,1,1030,1,,1,12000.00,0.00,12000.00
5000005134,1000004214,20240909,2,1030,1,,1,15000.00,0.00,15000.00
5000005140,1000004219,20240909,1,1677,1,,3,12000.00,0.00,36000.00
5000005141,1000004220,20240909,2,136,1,,2,15000.00,0.00,30000.00
5000005142,1000004221,20240909,2,480,1,,1,15000.00,0.00,15000.00
5000005143,1000004222,20240910,1,1678,1,,1,12000.00,1200.00,10800.00
5000005144,1000004223,20240910,2,48,1,,1,15000.00,0.00,15000.00
5000005145,1000004224,20240910,2,1679,1,,1,15000.00,1500.00,13500.00
5000005146,1000004225,20240910,1,125,1,,1,12000.00,0.00,12000.00
5000005147,1000004226,20240910,2,1680,1,,1,15000.00,0.00,15000.00
5000005148,1000004227,20240910,1,1681,1,,2,12000.00,2400.00,21600.00
5000005149,1000004228,20240910,2,1682,1,,1,15000.00,0.00,15000.00
5000005150,1000004229,20240910,2,58,1,,1,15000.00,0.00,15000.00
5000005154,1000004232,20240910,1,1340,1,,1,12000.00,0.00,12000.00
5000005155,1000004232,20240910,2,1340,1,,1,15000.00,0.00,15000.00
5000005156,1000004233,20240910,2,1646,1,,4,15000.00,0.00,60000.00
5000005157,1000004234,20240910,1,1420,1,,1,12000.00,0.00,12000.00
5000005158,1000004234,20240910,2,1420,1,,3,15000.00,0.00,45000.00
5000005163,1000004239,20240910,2,905,1,,1,15000.00,0.00,15000.00
5000005165,1000004241,20240910,1,1684,1,,2,12000.00,0.00,24000.00
5000005166,1000004241,20240910,2,1684,1,,3,15000.00,0.00,45000.00
5000005167,1000004242,20240910,1,1685,1,,1,12000.00,0.00,12000.00
5000005168,1000004242,20240910,2,1685,1,,4,15000.00,0.00,60000.00
5000005169,1000004243,20240911,2,1604,1,,2,15000.00,0.00,30000.00
5000005170,1000004244,20240911,1,45,1,,2,12000.00,0.00,24000.00
5000005171,1000004244,20240911,2,45,1,,1,15000.00,0.00,15000.00
5000005172,1000004245,20240911,1,1687,1,,2,12000.00,1200.00,22800.00
5000005173,1000004245,20240911,2,1687,1,,1,15000.00,750.00,14250.00
5000005179,1000004249,20240911,2,1429,1,,1,15000.00,0.00,15000.00
5000005183,1000004252,20240911,2,1352,1,,1,15000.00,0.00,15000.00
5000005184,1000004253,20240911,1,1620,1,,1,12000.00,0.00,12000.00
5000005185,1000004253,20240911,2,1620,1,,1,15000.00,0.00,15000.00
5000005186,1000004254,20240911,1,1692,1,,1,12000.00,0.00,12000.00
5000005188,1000004256,20240911,1,930,1,,3,12000.00,0.00,36000.00
5000005189,1000004257,20240911,1,1020,1,,1,12000.00,0.00,12000.00
5000005191,1000004259,20240911,1,1693,1,,1,12000.00,0.00,12000.00
5000005192,1000004260,20240911,1,1179,1,,1,12000.00,0.00,12000.00
5000005193,1000004260,20240911,2,1179,1,,2,15000.00,0.00,30000.00
5000005194,1000004261,20240911,2,63,1,,1,15000.00,0.00,15000.00
5000005195,1000004262,20240911,2,1694,1,,1,15000.00,0.00,15000.00
5000005198,1000004264,20240912,1,226,1,,1,12000.00,0.00,12000.00
5000005199,1000004264,20240912,2,226,1,,1,15000.00,0.00,15000.00
5000005200,1000004265,20240912,1,542,1,,2,12000.00,0.00,24000.00
5000005203,1000004268,20240912,1,489,1,,2,12000.00,0.00,24000.00
5000005205,1000004270,20240912,2,496,1,,2,15000.00,0.00,30000.00
5000005208,1000004273,20240912,2,828,1,,1,15000.00,750.00,14250.00
5000005211,1000004276,20240912,1,425,1,,1,12000.00,0.00,12000.00
5000005212,1000004276,20240912,2,425,1,,1,15000.00,0.00,15000.00
5000005213,1000004277,20240912,1,764,1,,2,12000.00,0.00,24000.00
5000005214,1000004278,20240913,1,1038,1,,2,12000.00,0.00,24000.00
5000005215,1000004279,20240913,1,1078,1,,2,12000.00,0.00,24000.00
5000005216,1000004280,20240913,1,69,1,,3,12000.00,0.00,36000.00
5000005219,1000004282,20240913,2,89,1,,1,15000.00,0.00,15000.00
5000005221,1000004284,20240913,1,1479,1,,1,12000.00,0.00,12000.00
5000005222,1000004284,20240913,2,1479,1,,4,15000.00,0.00,60000.00
5000005223,1000004285,20240913,1,913,1,,2,12000.00,0.00,24000.00
5000005226,1000004288,20240913,1,1138,1,,1,12000.00,0.00,12000.00
5000005227,1000004288,20240913,2,1138,1,,2,15000.00,0.00,30000.00
5000005230,1000004291,20240913,2,1185,1,,2,15000.00,0.00,30000.00
5000005232,1000004293,20240913,1,1699,1,,2,12000.00,0.00,24000.00
5000005234,1000004295,20240913,1,1436,1,,1,12000.00,0.00,12000.00
5000005236,1000004297,20240914,2,789,1,,1,15000.00,0.00,15000.00
5000005237,1000004298,20240914,1,281,1,,1,12000.00,0.00,12000.00
5000005238,1000004298,20240914,2,281,1,,2,15000.00,0.00,30000.00
5000005244,1000004303,20240914,1,1702,1,,1,12000.00,0.00,12000.00
5000005247,1000004306,20240914,1,354,1,,2,12000.00,0.00,24000.00
5000005248,1000004307,20240914,1,1703,1,,1,12000.00,0.00,12000.00
5000005250,1000004309,20240914,1,15,1,,1,12000.00,0.00,12000.00
5000005255,1000004313,20240914,2,1244,1,,1,15000.00,0.00,15000.00
5000005256,1000004314,20240914,2,1705,1,,4,15000.00,0.00,60000.00
5000005257,1000004315,20240914,1,1706,1,,4,12000.00,0.00,48000.00
5000005258,1000004316,20240915,2,1345,1,,1,15000.00,0.00,15000.00
5000005259,1000004317,20240915,1,1707,1,,1,12000.00,0.00,12000.00
5000005260,1000004318,20240915,2,1708,1,,2,15000.00,0.00,30000.00
5000005261,1000004319,20240915,2,667,1,,1,15000.00,0.00,15000.00
5000005262,1000004320,20240915,1,1637,1,,2,12000.00,0.00,24000.00
5000005263,1000004320,20240915,2,1637,1,,2,15000.00,0.00,30000.00
5000005264,1000004321,20240915,1,1047,1,,2,12000.00,0.00,24000.00
5000005265,1000004321,20240915,2,1047,1,,1,15000.00,0.00,15000.00
5000005266,1000004322,20240915,1,1407,1,,4,12000.00,0.00,48000.00
5000005267,1000004323,20240915,1,1709,1,,3,12000.00,0.00,36000.00
5000005268,1000004324,20240916,1,1710,1,,1,12000.00,0.00,12000.00
5000005269,1000004325,20240916,2,399,1,,2,15000.00,0.00,30000.00
5000005272,1000004327,20240916,1,507,1,,2,12000.00,0.00,24000.00
5000005273,1000004327,20240916,2,507,1,,1,15000.00,0.00,15000.00
5000005274,1000004328,20240916,1,1285,1,,4,12000.00,0.00,48000.00
5000005275,1000004329,20240916,2,897,1,,2,15000.00,0.00,30000.00
5000005278,1000004332,20240916,1,1239,1,,1,12000.00,0.00,12000.00
5000005279,1000004333,20240916,2,1129,1,,1,15000.00,750.00,14250.00
5000005280,1000004334,20240916,1,1165,1,,1,12000.00,0.00,12000.00
5000005284,1000004337,20240916,2,1712,1,,1,15000.00,0.00,15000.00
5000005286,1000004339,20240917,1,1713,1,,2,12000.00,0.00,24000.00
5000005291,1000004343,20240917,2,32,1,,1,15000.00,0.00,15000.00
5000005292,1000004344,20240917,1,1715,1,,1,12000.00,600.00,11400.00
5000005293,1000004344,20240917,2,1715,1,,1,15000.00,750.00,14250.00
5000005294,1000004345,20240917,1,1716,1,,2,12000.00,0.00,24000.00
5000005295,1000004345,20240917,2,1716,1,,2,15000.00,0.00,30000.00
5000005297,1000004347,20240917,2,851,1,,1,15000.00,0.00,15000.00
5000005299,1000004349,20240917,1,1174,1,,3,12000.00,0.00,36000.00
5000005301,1000004351,20240917,2,1279,1,,1,15000.00,0.00,15000.00
5000005302,1000004352,20240917,1,1717,1,,2,12000.00,0.00,24000.00
5000005303,1000004353,20240917,1,1541,1,,1,12000.00,0.00,12000.00
5000005304,1000004354,20240917,1,1588,1,,1,12000.00,0.00,12000.00
5000005305,1000004355,20240917,1,361,1,,3,12000.00,1800.00,34200.00
5000005306,1000004356,20240917,1,547,1,,2,12000.00,0.00,24000.00
5000005307,1000004357,20240918,2,328,1,,1,15000.00,0.00,15000.00
5000005308,1000004358,20240918,1,1399,1,,1,12000.00,0.00,12000.00
5000005309,1000004358,20240918,2,1399,1,,1,15000.00,0.00,15000.00
5000005310,1000004359,20240918,1,971,1,,1,12000.00,0.00,12000.00
5000005311,1000004360,20240918,1,997,1,,1,12000.00,0.00,12000.00
5000005313,1000004362,20240918,1,935,1,,1,12000.00,0.00,12000.00
5000005314,1000004363,20240918,2,1718,1,,3,15000.00,0.00,45000.00
5000005315,1000004364,20240918,1,1719,1,,1,12000.00,0.00,12000.00
5000005316,1000004364,20240918,2,1719,1,,1,15000.00,0.00,15000.00
5000005317,1000004365,20240918,1,670,1,,2,12000.00,0.00,24000.00
5000005318,1000004365,20240918,2,670,1,,1,15000.00,0.00,15000.00
5000005319,1000004366,20240918,1,1720,1,,4,12000.00,0.00,48000.00
5000005321,1000004368,20240918,1,1721,1,,3,12000.00,0.00,36000.00
5000005324,1000004370,20240918,1,497,1,,1,12000.00,0.00,12000.00
5000005326,1000004372,20240918,1,1722,1,,3,12000.00,0.00,36000.00
5000005327,1000004373,20240918,1,1723,1,,3,12000.00,0.00,36000.00
5000005328,1000004374,20240919,1,1042,1,,2,12000.00,0.00,24000.00
5000005329,1000004375,20240919,1,1238,1,,4,12000.00,0.00,48000.00
5000005330,1000004376,20240919,2,849,1,,4,15000.00,0.00,60000.00
5000005332,1000004378,20240919,1,886,1,,1,12000.00,0.00,12000.00
5000005333,1000004378,20240919,2,886,1,,1,15000.00,0.00,15000.00
5000005336,1000004380,20240919,1,1449,1,,3,12000.00,1800.00,34200.00
5000005339,1000004383,20240919,1,1724,1,,2,12000.00,0.00,24000.00
5000005341,1000004385,20240919,2,31,1,,3,15000.00,0.00,45000.00
5000005342,1000004386,20240919,2,1725,1,,2,15000.00,0.00,30000.00
5000005343,1000004387,20240919,2,986,1,,3,15000.00,0.00,45000.00
5000005348,1000004391,20240919,1,1302,1,,1,12000.00,0.00,12000.00
5000005349,1000004392,20240919,2,991,1,,1,15000.00,0.00,15000.00
5000005350,1000004393,20240919,2,725,1,,1,15000.00,0.00,15000.00
5000005351,1000004394,20240919,2,1728,1,,1,15000.00,0.00,15000.00
5000005354,1000004397,20240920,1,1729,1,,1,12000.00,0.00,12000.00
5000005355,1000004398,20240920,1,1730,1,,4,12000.00,0.00,48000.00
5000005356,1000004398,20240920,2,1730,1,,1,15000.00,0.00,15000.00
5000005363,1000004404,20240920,1,1350,1,,4,12000.00,0.00,48000.00
5000005364,1000004404,20240920,2,1350,1,,1,15000.00,0.00,15000.00
5000005365,1000004405,20240920,2,1380,1,,3,15000.00,0.00,45000.00
5000005366,1000004406,20240920,1,375,1,,2,12000.00,0.00,24000.00
5000005367,1000004407,20240920,1,1732,1,,1,12000.00,0.00,12000.00
5000005368,1000004408,20240920,1,1733,1,,4,12000.00,0.00,48000.00
5000005369,1000004408,20240920,2,1733,1,,1,15000.00,0.00,15000.00
5000005370,1000004409,20240920,2,157,1,,1,15000.00,0.00,15000.00
5000005371,1000004410,20240921,2,733,1,,4,15000.00,0.00,60000.00
5000005372,1000004411,20240921,1,1057,1,,3,12000.00,1800.00,34200.00
5000005373,1000004412,20240921,1,878,1,,2,12000.00,0.00,24000.00
5000005374,1000004413,20240921,1,1734,1,,1,12000.00,0.00,12000.00
5000005381,1000004419,20240921,1,1736,1,,1,12000.00,0.00,12000.00
5000005382,1000004419,20240921,2,1736,1,,1,15000.00,0.00,15000.00
5000005386,1000004423,20240921,2,118,1,,1,15000.00,0.00,15000.00
5000005387,1000004424,20240921,2,1738,1,,1,15000.00,0.00,15000.00
5000005391,1000004428,20240921,1,438,1,,2,12000.00,0.00,24000.00
5000005392,1000004429,20240921,1,1102,1,,2,12000.00,0.00,24000.00
5000005393,1000004430,20240922,1,1632,1,,2,12000.00,0.00,24000.00
5000005394,1000004431,20240922,1,1741,1,,4,12000.00,0.00,48000.00
5000005395,1000004432,20240922,1,1075,1,,2,12000.00,0.00,24000.00
5000005396,1000004433,20240922,1,1408,1,,1,12000.00,0.00,12000.00
5000005397,1000004433,20240922,2,1408,1,,1,15000.00,0.00,15000.00
5000005398,1000004434,20240922,1,1572,1,,1,12000.00,0.00,12000.00
5000005399,1000004434,20240922,2,1572,1,,3,15000.00,0.00,45000.00
5000005400,1000004435,20240922,1,1742,1,,1,12000.00,0.00,12000.00
5000005401,1000004436,20240922,2,1743,1,,1,15000.00,0.00,15000.00
5000005402,1000004437,20240922,2,510,1,,2,15000.00,0.00,30000.00
5000005403,1000004438,20240923,2,308,1,,1,15000.00,0.00,15000.00
5000005404,1000004439,20240923,2,1744,1,,1,15000.00,0.00,15000.00
5000005407,1000004442,20240923,2,785,1,,2,15000.00,0.00,30000.00
5000005408,1000004443,20240923,1,1339,1,,1,12000.00,600.00,11400.00
5000005413,1000004448,20240923,1,247,1,,2,12000.00,0.00,24000.00
5000005415,1000004450,20240924,1,1748,1,,1,12000.00,0.00,12000.00
5000005418,1000004453,20240924,1,1750,1,,3,12000.00,0.00,36000.00
5000005420,1000004455,20240924,1,1223,1,,3,12000.00,0.00,36000.00
5000005421,1000004456,20240924,2,1540,1,,1,15000.00,0.00,15000.00
5000005423,1000004458,20240924,1,1751,1,,4,12000.00,0.00,48000.00
5000005424,1000004459,20240924,2,669,1,,2,15000.00,0.00,30000.00
5000005425,1000004460,20240924,2,1752,1,,2,15000.00,0.00,30000.00
5000005426,1000004461,20240924,2,26,1,,1,15000.00,0.00,15000.00
5000005427,1000004462,20240924,1,1322,1,,1,12000.00,0.00,12000.00
5000005429,1000004464,20240924,1,1753,1,,2,12000.00,0.00,24000.00
5000005430,1000004464,20240924,2,1753,1,,4,15000.00,0.00,60000.00
5000005431,1000004465,20240924,1,1393,1,,1,12000.00,1200.00,10800.00
5000005432,1000004465,20240924,2,1393,1,,1,15000.00,1500.00,13500.00
5000005433,1000004466,20240924,1,1005,1,,2,12000.00,2400.00,21600.00
5000005434,1000004467,20240925,1,1360,1,,1,12000.00,0.00,12000.00
5000005435,1000004468,20240925,1,1149,1,,2,12000.00,0.00,24000.00
5000005436,1000004468,20240925,2,1149,1,,4,15000.00,0.00,60000.00
5000005439,1000004471,20240925,1,1754,1,,3,12000.00,0.00,36000.00
5000005442,1000004474,20240925,1,626,1,,1,12000.00,600.00,11400.00
5000005447,1000004479,20240925,2,1755,1,,1,15000.00,0.00,15000.00
5000005450,1000004482,20240925,2,1194,1,,4,15000.00,0.00,60000.00
5000005452,1000004484,20240925,1,1054,1,,1,12000.00,0.00,12000.00
5000005454,1000004486,20240925,2,970,1,,1,15000.00,0.00,15000.00
5000005455,1000004487,20240925,1,719,1,,1,12000.00,0.00,12000.00
5000005456,1000004488,20240926,1,1756,1,,1,12000.00,0.00,12000.00
5000005458,1000004490,20240926,1,1145,1,,2,12000.00,0.00,24000.00
5000005460,1000004492,20240926,1,909,1,,2,12000.00,0.00,24000.00
5000005461,1000004492,20240926,2,909,1,,3,15000.00,0.00,45000.00
5000005464,1000004495,20240926,2,1478,1,,1,15000.00,0.00,15000.00
5000005465,1000004496,20240926,1,938,1,,2,12000.00,0.00,24000.00
5000005468,1000004499,20240926,1,1378,1,,2,12000.00,0.00,24000.00
5000005469,1000004499,20240926,2,1378,1,,1,15000.00,0.00,15000.00
5000005474,1000004503,20240927,1,567,1,,1,12000.00,0.00,12000.00
5000005475,1000004503,20240927,2,567,1,,2,15000.00,0.00,30000.00
5000005476,1000004504,20240927,1,742,1,,3,12000.00,0.00,36000.00
5000005477,1000004504,20240927,2,742,1,,1,15000.00,0.00,15000.00
5000005480,1000004507,20240927,2,1564,1,,1,15000.00,0.00,15000.00
5000005482,1000004509,20240927,1,1663,1,,4,12000.00,0.00,48000.00
5000005483,1000004510,20240927,1,1297,1,,2,12000.00,0.00,24000.00
5000005484,1000004510,20240927,2,1297,1,,1,15000.00,0.00,15000.00
5000005490,1000004515,20240927,1,53,1,,1,12000.00,0.00,12000.00
5000005491,1000004516,20240927,1,152,1,,1,12000.00,0.00,12000.00
5000005492,1000004516,20240927,2,152,1,,2,15000.00,0.00,30000.00
5000005493,1000004517,20240928,2,1278,1,,2,15000.00,0.00,30000.00
5000005494,1000004518,20240928,1,1762,1,,4,12000.00,0.00,48000.00
5000005503,1000004525,20240928,1,185,1,,1,12000.00,0.00,12000.00
5000005506,1000004528,20240928,1,1475,1,,1,12000.00,0.00,12000.00
5000005507,1000004528,20240928,2,1475,1,,1,15000.00,0.00,15000.00
5000005511,1000004532,20240928,1,1764,1,,1,12000.00,0.00,12000.00
5000005512,1000004532,20240928,2,1764,1,,3,15000.00,0.00,45000.00
5000005513,1000004533,20240928,2,1765,1,,1,15000.00,0.00,15000.00
5000005514,1000004534,20240928,1,639,1,,2,12000.00,0.00,24000.00
5000005515,1000004535,20240929,2,705,1,,2,15000.00,0.00,30000.00
5000005516,1000004536,20240929,1,836,1,,2,12000.00,0.00,24000.00
5000005517,1000004537,20240929,1,1267,1,,1,12000.00,0.00,12000.00
5000005518,1000004537,20240929,2,1267,1,,1,15000.00,0.00,15000.00
5000005519,1000004538,20240929,1,1076,1,,2,12000.00,0.00,24000.00
5000005520,1000004539,20240929,2,299,1,,1,15000.00,0.00,15000.00
5000005521,1000004540,20240929,1,852,1,,2,12000.00,0.00,24000.00
5000005522,1000004541,20240929,2,1451,1,,1,15000.00,0.00,15000.00
5000005523,1000004542,20240929,1,1766,1,,1,12000.00,0.00,12000.00
5000005524,1000004543,20240929,1,1767,1,,1,12000.00,0.00,12000.00
5000005525,1000004543,20240929,2,1767,1,,1,15000.00,0.00,15000.00
5000005526,1000004544,20240929,1,94,1,,1,12000.00,0.00,12000.00
5000005527,1000004545,20240929,2,1768,1,,3,15000.00,0.00,45000.00
5000005530,1000004548,20240930,1,359,1,,3,12000.00,0.00,36000.00
5000005531,1000004549,20240930,1,1370,1,,1,12000.00,0.00,12000.00
5000005534,1000004552,20240930,2,284,1,,1,15000.00,0.00,15000.00
5000005535,1000004553,20240930,1,526,1,,2,12000.00,0.00,24000.00
5000005536,1000004553,20240930,2,526,1,,2,15000.00,0.00,30000.00
5000005537,1000004554,20240930,1,12,1,,2,12000.00,0.00,24000.00
5000005538,1000004555,20240930,1,1769,1,,1,12000.00,0.00,12000.00
5000005539,1000004555,20240930,2,1769,1,,2,15000.00,0.00,30000.00
5000005540,1000004556,20240930,1,1770,1,,4,12000.00,0.00,48000.00
5000005541,1000004557,20240930,2,543,1,,1,15000.00,0.00,15000.00
5000005542,1000004558,20241001,1,1771,1,,1,12000.00,600.00,11400.00
5000005543,1000004559,20241001,1,1772,1,,1,12000.00,0.00,12000.00
5000005544,1000004559,20241001,2,1772,1,,3,15000.00,0.00,45000.00
5000005545,1000004560,20241001,1,11,1,,2,12000.00,0.00,24000.00
5000005547,1000004562,20241001,2,124,1,,1,15000.00,0.00,15000.00
5000005548,1000004563,20241001,1,108,1,,2,12000.00,0.00,24000.00
5000005551,1000004566,20241001,1,125,1,,1,12000.00,0.00,12000.00
5000005553,1000004568,20241001,1,1773,1,,1,12000.00,0.00,12000.00
5000005555,1000004570,20241001,1,1486,1,,2,12000.00,0.00,24000.00
5000005556,1000004570,20241001,2,1486,1,,3,15000.00,0.00,45000.00
5000005557,1000004571,20241001,1,20,1,,3,12000.00,0.00,36000.00
5000005558,1000004572,20241001,2,1253,1,,1,15000.00,0.00,15000.00
5000005560,1000004574,20241001,1,1365,1,,1,12000.00,0.00,12000.00
5000005561,1000004575,20241002,1,1774,1,,1,12000.00,0.00,12000.00
5000005562,1000004576,20241002,1,835,1,,1,12000.00,0.00,12000.00
5000005563,1000004576,20241002,2,835,1,,2,15000.00,0.00,30000.00
5000005566,1000004578,20241002,1,1625,1,,1,12000.00,0.00,12000.00
5000005567,1000004578,20241002,2,1625,1,,1,15000.00,0.00,15000.00
5000005568,1000004579,20241002,2,556,1,,1,15000.00,0.00,15000.00
5000005570,1000004581,20241002,1,405,1,,1,12000.00,0.00,12000.00
5000005571,1000004582,20241002,1,65,1,,1,12000.00,0.00,12000.00
5000005575,1000004585,20241002,1,1347,1,,1,12000.00,0.00,12000.00
5000005577,1000004587,20241002,1,1622,1,,1,12000.00,0.00,12000.00
5000005578,1000004587,20241002,2,1622,1,,1,15000.00,0.00,15000.00
5000005579,1000004588,20241003,2,893,1,,3,15000.00,0.00,45000.00
5000005581,1000004590,20241003,1,1776,1,,1,12000.00,0.00,12000.00
5000005582,1000004590,20241003,2,1776,1,,3,15000.00,0.00,45000.00
5000005584,1000004592,20241003,2,1380,1,,1,15000.00,0.00,15000.00
5000005588,1000004595,20241003,2,1777,1,,1,15000.00,0.00,15000.00
5000005591,1000004597,20241003,2,83,1,,4,15000.00,0.00,60000.00
5000005592,1000004598,20241003,2,1507,1,,1,15000.00,0.00,15000.00
5000005594,1000004600,20241003,2,1511,1,,1,15000.00,0.00,15000.00
5000005595,1000004601,20241003,1,1778,1,,3,12000.00,0.00,36000.00
5000005596,1000004602,20241003,2,1033,1,,3,15000.00,0.00,45000.00
5000005597,1000004603,20241003,2,1779,1,,1,15000.00,0.00,15000.00
5000005598,1000004604,20241003,1,1780,1,,1,12000.00,0.00,12000.00
5000005599,1000004605,20241003,1,72,1,,1,12000.00,0.00,12000.00
5000005600,1000004605,20241003,2,72,1,,1,15000.00,0.00,15000.00
5000005609,1000004612,20241004,1,1538,1,,2,12000.00,0.00,24000.00
5000005615,1000004618,20241004,2,425,1,,1,15000.00,0.00,15000.00
5000005618,1000004621,20241004,2,1685,1,,1,15000.00,0.00,15000.00
5000005619,1000004622,20241004,1,1783,1,,1,12000.00,0.00,12000.00
5000005620,1000004623,20241004,2,1314,1,,1,15000.00,0.00,15000.00
5000005621,1000004624,20241005,1,1784,1,,3,12000.00,0.00,36000.00
5000005622,1000004625,20241005,2,1390,1,,3,15000.00,0.00,45000.00
5000005623,1000004626,20241005,1,1665,1,,2,12000.00,0.00,24000.00
5000005626,1000004629,20241005,1,1786,1,,1,12000.00,0.00,12000.00
5000005627,1000004629,20241005,2,1786,1,,3,15000.00,0.00,45000.00
5000005630,1000004632,20241005,1,644,1,,1,12000.00,0.00,12000.00
5000005631,1000004633,20241005,1,1789,1,,1,12000.00,0.00,12000.00
5000005632,1000004634,20241005,1,1017,1,,1,12000.00,0.00,12000.00
5000005633,1000004634,20241005,2,1017,1,,2,15000.00,0.00,30000.00
5000005634,1000004635,20241005,1,1110,1,,2,12000.00,0.00,24000.00
5000005635,1000004635,20241005,2,1110,1,,2,15000.00,0.00,30000.00
5000005637,1000004637,20241005,2,1790,1,,1,15000.00,0.00,15000.00
5000005638,1000004638,20241006,1,572,1,,1,12000.00,0.00,12000.00
5000005639,1000004638,20241006,2,572,1,,1,15000.00,0.00,15000.00
5000005640,1000004639,20241006,1,1279,1,,3,12000.00,0.00,36000.00
5000005641,1000004639,20241006,2,1279,1,,2,15000.00,0.00,30000.00
5000005642,1000004640,20241006,1,1415,1,,4,12000.00,0.00,48000.00
5000005643,1000004640,20241006,2,1415,1,,1,15000.00,0.00,15000.00
5000005644,1000004641,20241006,1,1670,1,,2,12000.00,0.00,24000.00
5000005645,1000004641,20241006,2,1670,1,,1,15000.00,0.00,15000.00
5000005646,1000004642,20241006,2,394,1,,2,15000.00,0.00,30000.00
5000005647,1000004643,20241006,2,351,1,,1,15000.00,0.00,15000.00
5000005648,1000004644,20241006,1,1360,1,,4,12000.00,0.00,48000.00
5000005649,1000004644,20241006,2,1360,1,,1,15000.00,0.00,15000.00
5000005650,1000004645,20241006,2,233,1,,2,15000.00,0.00,30000.00
5000005651,1000004646,20241006,1,1554,1,,2,12000.00,0.00,24000.00
5000005652,1000004647,20241006,2,1791,1,,1,15000.00,0.00,15000.00
5000005653,1000004648,20241006,2,667,1,,1,15000.00,0.00,15000.00
5000005654,1000004649,20241007,1,1388,1,,1,12000.00,0.00,12000.00
5000005655,1000004650,20241007,1,263,1,,2,12000.00,0.00,24000.00
5000005656,1000004651,20241007,1,1379,1,,1,12000.00,0.00,12000.00
5000005657,1000004651,20241007,2,1379,1,,2,15000.00,0.00,30000.00
5000005658,1000004652,20241007,1,1397,1,,1,12000.00,0.00,12000.00
5000005659,1000004652,20241007,2,1397,1,,4,15000.00,0.00,60000.00
5000005664,1000004656,20241007,1,47,1,,2,12000.00,0.00,24000.00
5000005665,1000004657,20241007,1,120,1,,2,12000.00,0.00,24000.00
5000005668,1000004659,20241007,2,1313,1,,2,15000.00,0.00,30000.00
5000005669,1000004660,20241007,1,621,1,,1,12000.00,0.00,12000.00
5000005670,1000004661,20241007,1,1189,1,,1,12000.00,0.00,12000.00
5000005671,1000004662,20241007,1,1595,1,,2,12000.00,0.00,24000.00
5000005673,1000004664,20241007,2,1057,1,,1,15000.00,0.00,15000.00
5000005674,1000004665,20241007,2,791,1,,1,15000.00,0.00,15000.00
5000005675,1000004666,20241007,1,1793,1,,1,12000.00,0.00,12000.00
5000005676,1000004667,20241007,2,894,1,,1,15000.00,0.00,15000.00
5000005677,1000004668,20241007,1,1086,1,,2,12000.00,0.00,24000.00
5000005678,1000004669,20241008,1,1001,1,,1,12000.00,0.00,12000.00
5000005679,1000004669,20241008,2,1001,1,,1,15000.00,0.00,15000.00
5000005680,1000004670,20241008,1,1551,1,,1,12000.00,0.00,12000.00
5000005681,1000004670,20241008,2,1551,1,,2,15000.00,0.00,30000.00
5000005682,1000004671,20241008,1,790,1,,6,12000.00,10800.00,61200.00
5000005683,1000004672,20241008,2,332,1,,1,15000.00,0.00,15000.00
5000005684,1000004673,20241008,1,789,1,,4,12000.00,0.00,48000.00
5000005685,1000004673,20241008,2,789,1,,2,15000.00,0.00,30000.00
5000005686,1000004674,20241008,1,344,1,,1,12000.00,0.00,12000.00
5000005687,1000004675,20241008,1,1517,1,,4,12000.00,4800.00,43200.00
5000005688,1000004675,20241008,2,1517,1,,1,15000.00,1500.00,13500.00
5000005690,1000004677,20241008,2,191,1,,1,15000.00,1500.00,13500.00
5000005691,1000004678,20241008,1,1667,1,,2,12000.00,0.00,24000.00
5000005693,1000004680,20241008,2,512,1,,1,15000.00,0.00,15000.00
5000005695,1000004682,20241008,1,697,1,,2,12000.00,0.00,24000.00
5000005696,1000004683,20241008,1,1358,1,,1,12000.00,1200.00,10800.00
5000005699,1000004686,20241008,1,1794,1,,2,12000.00,0.00,24000.00
5000005705,1000004690,20241008,1,1795,1,,2,12000.00,0.00,24000.00
5000005706,1000004691,20241008,2,1109,1,,4,15000.00,0.00,60000.00
5000005707,1000004692,20241008,2,1384,1,,2,15000.00,3000.00,27000.00
5000005708,1000004693,20241008,1,1428,1,,1,12000.00,1200.00,10800.00
5000005709,1000004694,20241008,1,1225,1,,2,12000.00,0.00,24000.00
5000005710,1000004694,20241008,2,1225,1,,1,15000.00,0.00,15000.00
5000005711,1000004695,20241009,2,1796,1,,2,15000.00,0.00,30000.00
5000005712,1000004696,20241009,1,1797,1,,2,12000.00,0.00,24000.00
5000005713,1000004697,20241009,1,869,1,,1,12000.00,0.00,12000.00
5000005714,1000004697,20241009,2,869,1,,2,15000.00,0.00,30000.00
5000005715,1000004698,20241009,1,1798,1,,1,12000.00,0.00,12000.00
5000005716,1000004698,20241009,2,1798,1,,3,15000.00,0.00,45000.00
5000005718,1000004700,20241009,2,1632,1,,2,15000.00,0.00,30000.00
5000005721,1000004703,20241009,2,1449,1,,3,15000.00,0.00,45000.00
5000005722,1000004704,20241009,1,706,1,,3,12000.00,0.00,36000.00
5000005723,1000004704,20241009,2,706,1,,1,15000.00,0.00,15000.00
5000005725,1000004706,20241009,2,1633,1,,3,15000.00,0.00,45000.00
5000005726,1000004707,20241009,1,1593,1,,1,12000.00,0.00,12000.00
5000005727,1000004707,20241009,2,1593,1,,2,15000.00,0.00,30000.00
5000005728,1000004708,20241009,2,1799,1,,2,15000.00,0.00,30000.00
5000005731,1000004711,20241009,1,1738,1,,1,12000.00,0.00,12000.00
5000005732,1000004711,20241009,2,1738,1,,1,15000.00,0.00,15000.00
5000005736,1000004714,20241009,2,770,1,,2,15000.00,0.00,30000.00
5000005737,1000004715,20241009,2,1504,1,,2,15000.00,0.00,30000.00
5000005738,1000004716,20241010,2,768,1,,1,15000.00,750.00,14250.00
5000005739,1000004717,20241010,2,885,1,,4,15000.00,0.00,60000.00
5000005740,1000004718,20241010,1,1284,1,,1,12000.00,0.00,12000.00
5000005743,1000004720,20241010,2,1541,1,,2,15000.00,0.00,30000.00
5000005744,1000004721,20241010,1,1060,1,,1,12000.00,0.00,12000.00
5000005745,1000004722,20241010,1,1643,1,,1,12000.00,0.00,12000.00
5000005746,1000004722,20241010,2,1643,1,,2,15000.00,0.00,30000.00
5000005748,1000004724,20241010,1,982,1,,2,12000.00,0.00,24000.00
5000005750,1000004726,20241010,1,1311,1,,2,12000.00,0.00,24000.00
5000005752,1000004728,20241010,2,1801,1,,2,15000.00,0.00,30000.00
5000005753,1000004729,20241010,1,999,1,,4,12000.00,0.00,48000.00
5000005754,1000004729,20241010,2,999,1,,3,15000.00,0.00,45000.00
5000005755,1000004730,20241010,1,1802,1,,3,12000.00,0.00,36000.00
5000005756,1000004730,20241010,2,1802,1,,1,15000.00,0.00,15000.00
5000005758,1000004732,20241010,2,1604,1,,2,15000.00,0.00,30000.00
5000005761,1000004735,20241010,2,1465,1,,2,15000.00,0.00,30000.00
5000005762,1000004736,20241010,2,1345,1,,1,15000.00,0.00,15000.00
5000005763,1000004737,20241010,1,270,1,,1,12000.00,0.00,12000.00
5000005764,1000004738,20241010,1,1512,1,,1,12000.00,0.00,12000.00
5000005765,1000004738,20241010,2,1512,1,,1,15000.00,0.00,15000.00
5000005766,1000004739,20241010,1,946,1,,2,12000.00,0.00,24000.00
5000005767,1000004739,20241010,2,946,1,,1,15000.00,0.00,15000.00
5000005768,1000004740,20241010,2,1143,1,,2,15000.00,0.00,30000.00
5000005769,1000004741,20241011,2,589,1,,3,15000.00,0.00,45000.00
5000005770,1000004742,20241011,1,458,1,,2,12000.00,0.00,24000.00
5000005771,1000004743,20241011,1,788,1,,1,12000.00,0.00,12000.00
5000005772,1000004743,20241011,2,788,1,,1,15000.00,0.00,15000.00
5000005773,1000004744,20241011,1,1524,1,,1,12000.00,0.00,12000.00
5000005774,1000004745,20241011,1,1806,1,,2,12000.00,0.00,24000.00
5000005775,1000004746,20241011,1,1093,1,,3,12000.00,1800.00,34200.00
5000005776,1000004747,20241011,1,216,1,,2,12000.00,0.00,24000.00
5000005778,1000004749,20241011,1,1808,1,,2,12000.00,0.00,24000.00
5000005779,1000004750,20241011,1,1163,1,,1,12000.00,0.00,12000.00
5000005780,1000004751,20241011,1,1521,1,,1,12000.00,0.00,12000.00
5000005788,1000004757,20241011,1,1810,1,,2,12000.00,0.00,24000.00
5000005789,1000004758,20241011,1,812,1,,2,12000.00,0.00,24000.00
5000005791,1000004760,20241011,1,1118,1,,1,12000.00,0.00,12000.00
5000005792,1000004760,20241011,2,1118,1,,2,15000.00,0.00,30000.00
5000005793,1000004761,20241011,1,1811,1,,1,12000.00,0.00,12000.00
5000005797,1000004764,20241011,1,913,1,,1,12000.00,0.00,12000.00
5000005802,1000004768,20241011,1,15,1,,2,12000.00,0.00,24000.00
5000005803,1000004769,20241011,2,1552,1,,1,15000.00,0.00,15000.00
5000005804,1000004770,20241011,1,1812,1,,2,12000.00,0.00,24000.00
5000005805,1000004771,20241011,2,700,1,,3,15000.00,0.00,45000.00
5000005806,1000004772,20241011,1,1043,1,,1,12000.00,0.00,12000.00
5000005807,1000004773,20241012,1,1813,1,,2,12000.00,0.00,24000.00
5000005808,1000004774,20241012,1,369,1,,1,12000.00,0.00,12000.00
5000005809,1000004774,20241012,2,369,1,,4,15000.00,0.00,60000.00
5000005813,1000004777,20241012,1,1815,1,,1,12000.00,0.00,12000.00
5000005814,1000004777,20241012,2,1815,1,,1,15000.00,0.00,15000.00
5000005819,1000004781,20241012,1,179,1,,1,12000.00,0.00,12000.00
5000005825,1000004786,20241012,1,1821,1,,1,12000.00,0.00,12000.00
5000005826,1000004786,20241012,2,1821,1,,1,15000.00,0.00,15000.00
5000005836,1000004793,20241012,1,214,1,,1,12000.00,600.00,11400.00
5000005839,1000004796,20241012,1,593,1,,3,12000.00,0.00,36000.00
5000005840,1000004796,20241012,2,593,1,,2,15000.00,0.00,30000.00
5000005841,1000004797,20241012,1,1091,1,,2,12000.00,0.00,24000.00
5000005842,1000004798,20241012,1,1823,1,,3,12000.00,0.00,36000.00
5000005843,1000004799,20241012,2,1824,1,,1,15000.00,750.00,14250.00
5000005844,1000004800,20241013,1,505,1,,1,12000.00,0.00,12000.00
5000005845,1000004800,20241013,2,505,1,,1,15000.00,0.00,15000.00
5000005846,1000004801,20241013,2,46,1,,1,15000.00,0.00,15000.00
5000005847,1000004802,20241013,2,1825,1,,2,15000.00,0.00,30000.00
5000005848,1000004803,20241013,2,712,1,,2,15000.00,0.00,30000.00
5000005849,1000004804,20241013,2,1186,1,,4,15000.00,0.00,60000.00
5000005850,1000004805,20241013,2,16,1,,2,15000.00,0.00,30000.00
5000005851,1000004806,20241013,1,280,1,,1,12000.00,0.00,12000.00
5000005852,1000004807,20241013,1,1492,1,,2,12000.00,0.00,24000.00
5000005853,1000004807,20241013,2,1492,1,,2,15000.00,0.00,30000.00
5000005854,1000004808,20241013,1,427,1,,1,12000.00,0.00,12000.00
5000005855,1000004809,20241013,1,77,1,,1,12000.00,0.00,12000.00
5000005856,1000004810,20241013,1,152,1,,3,12000.00,0.00,36000.00
5000005857,1000004810,20241013,2,152,1,,1,15000.00,0.00,15000.00
5000005858,1000004811,20241013,1,1826,1,,3,12000.00,0.00,36000.00
5000005859,1000004811,20241013,2,1826,1,,1,15000.00,0.00,15000.00
5000005860,1000004812,20241013,2,1257,1,,1,15000.00,750.00,14250.00
5000005861,1000004813,20241013,1,1827,1,,1,12000.00,0.00,12000.00
5000005862,1000004814,20241013,1,399,1,,1,12000.00,0.00,12000.00
5000005863,1000004815,20241014,1,1828,1,,2,12000.00,0.00,24000.00
5000005864,1000004816,20241014,2,1215,1,,2,15000.00,0.00,30000.00
5000005866,1000004818,20241014,1,1168,1,,1,12000.00,0.00,12000.00
5000005868,1000004820,20241014,2,971,1,,3,15000.00,0.00,45000.00
5000005869,1000004821,20241014,2,1743,1,,1,15000.00,0.00,15000.00
5000005870,1000004822,20241014,1,1830,1,,2,12000.00,0.00,24000.00
5000005871,1000004822,20241014,2,1830,1,,1,15000.00,0.00,15000.00
5000005874,1000004824,20241014,1,671,1,,2,12000.00,0.00,24000.00
5000005876,1000004826,20241014,1,1771,1,,1,12000.00,600.00,11400.00
5000005877,1000004827,20241014,1,460,1,,1,12000.00,0.00,12000.00
5000005878,1000004828,20241014,1,1149,1,,2,12000.00,0.00,24000.00
5000005880,1000004830,20241014,1,713,1,,4,12000.00,0.00,48000.00
5000005881,1000004830,20241014,2,713,1,,3,15000.00,0.00,45000.00
5000005882,1000004831,20241014,1,526,1,,2,12000.00,0.00,24000.00
5000005883,1000004832,20241014,1,1233,1,,2,12000.00,0.00,24000.00
5000005884,1000004833,20241014,1,1638,1,,1,12000.00,0.00,12000.00
5000005885,1000004834,20241014,2,1716,1,,1,15000.00,0.00,15000.00
5000005886,1000004835,20241015,2,703,1,,4,15000.00,0.00,60000.00
5000005887,1000004836,20241015,1,1833,1,,1,12000.00,0.00,12000.00
5000005888,1000004836,20241015,2,1833,1,,3,15000.00,0.00,45000.00
5000005892,1000004839,20241015,2,1834,1,,3,15000.00,0.00,45000.00
5000005893,1000004840,20241015,1,1835,1,,1,12000.00,0.00,12000.00
5000005897,1000004843,20241015,2,985,1,,1,15000.00,750.00,14250.00
5000005898,1000004844,20241015,2,1346,1,,1,15000.00,0.00,15000.00
5000005899,1000004845,20241015,1,335,1,,2,12000.00,0.00,24000.00
5000005900,1000004845,20241015,2,335,1,,1,15000.00,0.00,15000.00
5000005901,1000004846,20241015,2,1592,1,,2,15000.00,0.00,30000.00
5000005903,1000004848,20241015,1,1555,1,,2,12000.00,0.00,24000.00
5000005905,1000004850,20241015,1,1837,1,,3,12000.00,0.00,36000.00
5000005910,1000004855,20241016,2,632,1,,4,15000.00,0.00,60000.00
5000005911,1000004856,20241016,2,1754,1,,2,15000.00,0.00,30000.00
5000005914,1000004859,20241016,1,1684,1,,1,12000.00,0.00,12000.00
5000005915,1000004860,20241016,1,1436,1,,1,12000.00,0.00,12000.00
5000005916,1000004860,20241016,2,1436,1,,1,15000.00,0.00,15000.00
5000005918,1000004862,20241016,2,1079,1,,2,15000.00,0.00,30000.00
5000005919,1000004863,20241016,2,783,1,,3,15000.00,2250.00,42750.00
5000005920,1000004864,20241016,1,876,1,,2,12000.00,0.00,24000.00
5000005921,1000004864,20241016,2,876,1,,1,15000.00,0.00,15000.00
5000005924,1000004866,20241016,1,1369,1,,1,12000.00,0.00,12000.00
5000005928,1000004870,20241016,1,831,1,,1,12000.00,0.00,12000.00
5000005929,1000004870,20241016,2,831,1,,1,15000.00,0.00,15000.00
5000005933,1000004873,20241016,1,1431,1,,1,12000.00,0.00,12000.00
5000005934,1000004873,20241016,2,1431,1,,1,15000.00,0.00,15000.00
5000005938,1000004877,20241016,1,1187,1,,1,12000.00,0.00,12000.00
5000005939,1000004877,20241016,2,1187,1,,1,15000.00,0.00,15000.00
5000005940,1000004878,20241016,1,1412,1,,1,12000.00,0.00,12000.00
5000005941,1000004878,20241016,2,1412,1,,1,15000.00,0.00,15000.00
5000005942,1000004879,20241016,1,1547,1,,1,12000.00,0.00,12000.00
5000005943,1000004880,20241017,1,1841,1,,1,12000.00,0.00,12000.00
5000005944,1000004881,20241017,2,1047,1,,1,15000.00,0.00,15000.00
5000005945,1000004882,20241017,1,69,1,,2,12000.00,0.00,24000.00
5000005948,1000004885,20241017,2,1842,1,,1,15000.00,0.00,15000.00
5000005956,1000004892,20241017,1,1845,1,,2,12000.00,0.00,24000.00
5000005957,1000004892,20241017,2,1845,1,,3,15000.00,0.00,45000.00
5000005962,1000004896,20241017,1,1258,1,,2,12000.00,1200.00,22800.00
5000005963,1000004896,20241017,2,1258,1,,2,15000.00,1500.00,28500.00
5000005965,1000004898,20241017,2,1484,1,,1,15000.00,0.00,15000.00
5000005969,1000004902,20241017,1,63,1,,1,12000.00,0.00,12000.00
5000005970,1000004903,20241017,1,308,1,,1,12000.00,0.00,12000.00
5000005971,1000004903,20241017,2,308,1,,1,15000.00,0.00,15000.00
5000005972,1000004904,20241018,1,1847,1,,1,12000.00,0.00,12000.00
5000005973,1000004905,20241018,1,1274,1,,1,12000.00,0.00,12000.00
5000005975,1000004907,20241018,1,1110,1,,2,12000.00,0.00,24000.00
5000005976,1000004908,20241018,1,464,1,,1,12000.00,0.00,12000.00
5000005977,1000004908,20241018,2,464,1,,2,15000.00,0.00,30000.00
5000005980,1000004911,20241018,1,1608,1,,1,12000.00,0.00,12000.00
5000005983,1000004913,20241018,2,1070,1,,1,15000.00,0.00,15000.00
5000005985,1000004915,20241018,1,1422,1,,2,12000.00,0.00,24000.00
5000005986,1000004916,20241018,1,891,1,,1,12000.00,600.00,11400.00
5000005989,1000004919,20241018,1,1629,1,,1,12000.00,0.00,12000.00
5000005990,1000004920,20241018,1,1849,1,,1,12000.00,0.00,12000.00
5000005993,1000004922,20241018,2,967,1,,1,15000.00,0.00,15000.00
5000005994,1000004923,20241018,2,1095,1,,2,15000.00,0.00,30000.00
5000005995,1000004924,20241018,1,398,1,,1,12000.00,0.00,12000.00
5000005996,1000004924,20241018,2,398,1,,2,15000.00,0.00,30000.00
5000005997,1000004925,20241018,2,648,1,,2,15000.00,0.00,30000.00
5000005998,1000004926,20241019,1,416,1,,1,12000.00,0.00,12000.00
5000006001,1000004928,20241019,1,1317,1,,2,12000.00,0.00,24000.00
5000006003,1000004930,20241019,1,1464,1,,1,12000.00,0.00,12000.00
5000006008,1000004934,20241019,2,1719,1,,1,15000.00,0.00,15000.00
5000006012,1000004937,20241019,1,411,1,,1,12000.00,0.00,12000.00
5000006019,1000004944,20241019,2,1850,1,,3,15000.00,0.00,45000.00
5000006021,1000004946,20241019,1,189,1,,2,12000.00,1200.00,22800.00
5000006024,1000004949,20241019,1,1591,1,,1,12000.00,0.00,12000.00
5000006025,1000004950,20241020,2,578,1,,1,15000.00,0.00,15000.00
5000006026,1000004951,20241020,2,1654,1,,1,15000.00,750.00,14250.00
5000006027,1000004952,20241020,1,301,1,,2,12000.00,0.00,24000.00
5000006028,1000004952,20241020,2,301,1,,2,15000.00,0.00,30000.00
5000006029,1000004953,20241020,1,1851,1,,1,12000.00,0.00,12000.00
5000006030,1000004954,20241020,2,1852,1,,1,15000.00,0.00,15000.00
5000006031,1000004955,20241020,2,1474,1,,1,15000.00,0.00,15000.00
5000006032,1000004956,20241020,2,259,1,,2,15000.00,0.00,30000.00
5000006033,1000004957,20241020,1,663,1,,1,12000.00,0.00,12000.00
5000006034,1000004958,20241020,1,1297,1,,2,12000.00,0.00,24000.00
5000006035,1000004959,20241020,1,1087,1,,4,12000.00,0.00,48000.00
5000006036,1000004960,20241020,1,964,1,,1,12000.00,0.00,12000.00
5000006037,1000004961,20241021,1,1135,1,,1,12000.00,0.00,12000.00
5000006038,1000004961,20241021,2,1135,1,,2,15000.00,0.00,30000.00
5000006039,1000004962,20241021,2,1026,1,,1,15000.00,0.00,15000.00
5000006040,1000004963,20241021,1,1853,1,,2,12000.00,0.00,24000.00
5000006041,1000004964,20241021,1,1053,1,,1,12000.00,0.00,12000.00
5000006042,1000004964,20241021,2,1053,1,,3,15000.00,0.00,45000.00
5000006043,1000004965,20241021,2,1721,1,,1,15000.00,0.00,15000.00
5000006045,1000004967,20241021,2,739,1,,2,15000.00,0.00,30000.00
5000006046,1000004968,20241021,1,1404,1,,1,12000.00,0.00,12000.00
5000006047,1000004969,20241021,1,1466,1,,4,12000.00,0.00,48000.00
5000006049,1000004971,20241021,1,1189,1,,2,12000.00,0.00,24000.00
5000006050,1000004971,20241021,2,1189,1,,1,15000.00,0.00,15000.00
5000006051,1000004972,20241021,2,156,1,,4,15000.00,0.00,60000.00
5000006052,1000004973,20241022,1,1854,1,,2,12000.00,0.00,24000.00
5000006053,1000004974,20241022,2,1855,1,,1,15000.00,0.00,15000.00
5000006054,1000004975,20241022,1,357,1,,1,12000.00,0.00,12000.00
5000006055,1000004976,20241022,1,1387,1,,1,12000.00,0.00,12000.00
5000006056,1000004976,20241022,2,1387,1,,1,15000.00,0.00,15000.00
5000006058,1000004978,20241022,1,1175,1,,1,12000.00,1200.00,10800.00
5000006059,1000004978,20241022,2,1175,1,,3,15000.00,4500.00,40500.00
5000006060,1000004979,20241022,1,1857,1,,4,12000.00,4800.00,43200.00
5000006061,1000004980,20241022,1,1256,1,,1,12000.00,0.00,12000.00
5000006062,1000004981,20241022,1,1169,1,,4,12000.00,4800.00,43200.00
5000006063,1000004981,20241022,2,1169,1,,1,15000.00,1500.00,13500.00
5000006067,1000004985,20241022,1,1483,1,,1,12000.00,0.00,12000.00
5000006068,1000004986,20241022,1,1859,1,,1,12000.00,0.00,12000.00
5000006070,1000004988,20241022,1,1650,1,,1,12000.00,0.00,12000.00
5000006071,1000004988,20241022,2,1650,1,,1,15000.00,0.00,15000.00
5000006072,1000004989,20241022,2,1083,1,,1,15000.00,0.00,15000.00
5000006073,1000004990,20241023,1,1600,1,,1,12000.00,0.00,12000.00
5000006074,1000004991,20241023,2,113,1,,1,15000.00,0.00,15000.00
5000006077,1000004994,20241023,2,1862,1,,2,15000.00,0.00,30000.00
5000006078,1000004995,20241023,2,1485,1,,1,15000.00,0.00,15000.00
5000006084,1000005000,20241023,1,1702,1,,3,12000.00,0.00,36000.00
5000006086,1000005002,20241023,1,1509,1,,1,12000.00,0.00,12000.00
5000006087,1000005003,20241023,1,1864,1,,4,12000.00,0.00,48000.00
5000006088,1000005003,20241023,2,1864,1,,1,15000.00,0.00,15000.00
5000006089,1000005004,20241024,2,29,1,,2,15000.00,0.00,30000.00
5000006090,1000005005,20241024,2,960,1,,1,15000.00,0.00,15000.00
5000006093,1000005007,20241024,1,1534,1,,1,12000.00,0.00,12000.00
5000006095,1000005009,20241024,2,1275,1,,1,15000.00,750.00,14250.00
5000006097,1000005011,20241024,2,1865,1,,1,15000.00,0.00,15000.00
5000006098,1000005012,20241024,1,1500,1,,1,12000.00,0.00,12000.00
5000006099,1000005013,20241024,1,284,1,,1,12000.00,0.00,12000.00
5000006100,1000005014,20241024,1,104,1,,1,12000.00,0.00,12000.00
5000006101,1000005014,20241024,2,104,1,,1,15000.00,0.00,15000.00
5000006102,1000005015,20241024,2,1496,1,,1,15000.00,0.00,15000.00
5000006103,1000005016,20241024,2,1002,1,,1,15000.00,0.00,15000.00
5000006104,1000005017,20241024,1,1866,1,,2,12000.00,0.00,24000.00
5000006105,1000005017,20241024,2,1866,1,,4,15000.00,0.00,60000.00
5000006106,1000005018,20241024,2,299,1,,1,15000.00,0.00,15000.00
5000006107,1000005019,20241025,2,1867,1,,2,15000.00,0.00,30000.00
5000006108,1000005020,20241025,1,1868,1,,3,12000.00,0.00,36000.00
5000006109,1000005021,20241025,2,1001,1,,1,15000.00,0.00,15000.00
5000006112,1000005023,20241025,1,888,1,,1,12000.00,0.00,12000.00
5000006114,1000005025,20241025,1,1870,1,,3,12000.00,0.00,36000.00
5000006117,1000005028,20241025,1,1871,1,,1,12000.00,0.00,12000.00
5000006120,1000005030,20241025,1,1469,1,,2,12000.00,0.00,24000.00
5000006121,1000005031,20241025,1,1872,1,,1,12000.00,0.00,12000.00
5000006123,1000005033,20241026,1,1874,1,,1,12000.00,0.00,12000.00
5000006128,1000005038,20241026,1,1876,1,,2,12000.00,0.00,24000.00
5000006130,1000005040,20241026,1,42,1,,3,12000.00,0.00,36000.00
5000006138,1000005048,20241026,1,1878,1,,1,12000.00,0.00,12000.00
5000006139,1000005049,20241026,1,1842,1,,1,12000.00,0.00,12000.00
5000006140,1000005049,20241026,2,1842,1,,2,15000.00,0.00,30000.00
5000006141,1000005050,20241026,2,789,1,,3,15000.00,0.00,45000.00
5000006142,1000005051,20241026,1,1551,1,,1,12000.00,0.00,12000.00
5000006143,1000005051,20241026,2,1551,1,,1,15000.00,0.00,15000.00
5000006163,1000005068,20241028,1,1883,2,4,1,12000.00,0.00,12000.00
5000006164,1000005069,20241028,1,158,2,3,2,12000.00,0.00,24000.00
5000006165,1000005070,20241028,2,1884,2,1,1,15000.00,0.00,15000.00
5000006166,1000005071,20241028,2,1886,2,1,4,15000.00,0.00,60000.00
5000006170,1000005075,20241028,2,1326,2,1,3,15000.00,0.00,45000.00
5000006172,1000005077,20241028,1,1354,2,3,1,12000.00,0.00,12000.00
5000006173,1000005078,20241028,1,1197,2,4,1,12000.00,0.00,12000.00
5000006174,1000005079,20241028,1,1602,2,2,1,12000.00,1200.00,10800.00
5000006175,1000005080,20241028,1,208,2,3,2,12000.00,0.00,24000.00
5000006178,1000005082,20241028,1,1888,2,1,1,12000.00,0.00,12000.00
5000006180,1000005084,20241028,1,752,2,1,1,12000.00,0.00,12000.00
5000006181,1000005084,20241028,2,752,2,1,1,15000.00,0.00,15000.00
5000006187,1000005089,20241029,1,1497,2,2,1,12000.00,0.00,12000.00
5000006188,1000005090,20241029,2,1138,2,1,2,15000.00,0.00,30000.00
5000006193,1000005094,20241029,2,1890,2,3,1,15000.00,0.00,15000.00
5000006196,1000005097,20241029,1,273,2,3,1,12000.00,0.00,12000.00
5000006197,1000005097,20241029,2,273,2,3,2,15000.00,0.00,30000.00
5000006198,1000005098,20241029,1,205,2,3,4,12000.00,0.00,48000.00
5000006201,1000005100,20241029,1,138,2,1,3,12000.00,0.00,36000.00
5000006214,1000005112,20241030,2,1697,2,4,2,15000.00,0.00,30000.00
5000006216,1000005114,20241030,2,1571,2,2,2,15000.00,0.00,30000.00
5000006217,1000005115,20241030,2,1584,2,1,2,15000.00,0.00,30000.00
5000006218,1000005116,20241030,1,1792,2,2,2,12000.00,0.00,24000.00
5000006219,1000005117,20241030,1,1895,2,2,2,12000.00,2400.00,21600.00
5000006220,1000005117,20241030,2,1895,2,2,1,15000.00,1500.00,13500.00
5000006221,1000005118,20241030,2,1896,2,2,13,15000.00,29250.00,165750.00
5000006223,1000005120,20241030,2,37,2,1,1,15000.00,0.00,15000.00
5000006224,1000005121,20241030,1,1377,2,4,1,12000.00,0.00,12000.00
5000006235,1000005131,20241031,1,302,2,3,1,12000.00,0.00,12000.00
5000006236,1000005132,20241031,1,1112,2,1,2,12000.00,0.00,24000.00
5000006238,1000005134,20241031,1,1441,2,3,1,12000.00,0.00,12000.00
5000006239,1000005135,20241031,1,754,2,4,4,12000.00,0.00,48000.00
5000006240,1000005135,20241031,2,754,2,4,4,15000.00,0.00,60000.00
5000006242,1000005137,20241031,1,966,2,2,2,12000.00,0.00,24000.00
5000006243,1000005138,20241031,2,1430,2,2,4,15000.00,0.00,60000.00
5000006244,1000005139,20241031,1,825,2,1,1,12000.00,0.00,12000.00
5000006245,1000005139,20241031,2,825,2,1,2,15000.00,0.00,30000.00
5000006247,1000005141,20241031,1,474,2,4,4,12000.00,0.00,48000.00
5000006248,1000005141,20241031,2,474,2,4,3,15000.00,0.00,45000.00
5000006249,1000005142,20241031,1,1573,2,2,1,12000.00,0.00,12000.00
5000006250,1000005143,20241031,1,1899,2,1,1,12000.00,0.00,12000.00
5000006251,1000005143,20241031,2,1899,2,1,2,15000.00,0.00,30000.00
5000006253,1000005145,20241031,2,651,2,1,1,15000.00,0.00,15000.00
5000006257,1000005149,20241101,1,602,2,4,2,12000.00,0.00,24000.00
5000006258,1000005149,20241101,2,602,2,4,1,15000.00,0.00,15000.00
5000006259,1000005150,20241101,1,580,2,3,1,12000.00,0.00,12000.00
5000006260,1000005151,20241101,1,936,2,4,2,12000.00,0.00,24000.00
5000006261,1000005152,20241101,1,1900,2,2,1,12000.00,0.00,12000.00
5000006262,1000005152,20241101,2,1900,2,2,4,15000.00,0.00,60000.00
5000006263,1000005153,20241101,2,458,2,1,1,15000.00,0.00,15000.00
5000006264,1000005154,20241101,1,1478,2,3,4,12000.00,0.00,48000.00
5000006266,1000005156,20241101,1,972,2,1,1,12000.00,0.00,12000.00
5000006267,1000005157,20241101,2,896,2,2,3,15000.00,0.00,45000.00
5000006271,1000005160,20241101,2,1003,2,3,1,15000.00,0.00,15000.00
5000006272,1000005161,20241101,2,1522,2,3,1,15000.00,1500.00,13500.00
5000006273,1000005162,20241101,2,1196,2,1,1,15000.00,0.00,15000.00
5000006274,1000005163,20241101,1,867,2,3,2,12000.00,0.00,24000.00
5000006275,1000005163,20241101,2,867,2,3,2,15000.00,0.00,30000.00
5000006276,1000005164,20241101,1,80,2,2,1,12000.00,0.00,12000.00
5000006277,1000005164,20241101,2,80,2,2,2,15000.00,0.00,30000.00
5000006283,1000005170,20241102,1,770,2,1,4,12000.00,0.00,48000.00
5000006284,1000005171,20241102,1,1363,2,3,2,12000.00,0.00,24000.00
5000006285,1000005171,20241102,2,1363,2,3,1,15000.00,0.00,15000.00
5000006286,1000005172,20241102,2,1904,2,2,1,15000.00,0.00,15000.00
5000006287,1000005173,20241102,2,306,2,1,3,15000.00,0.00,45000.00
5000006288,1000005174,20241102,1,1319,2,2,1,12000.00,0.00,12000.00
5000006289,1000005175,20241102,2,1905,2,4,3,15000.00,0.00,45000.00
5000006290,1000005176,20241102,1,641,2,3,1,12000.00,0.00,12000.00
5000006291,1000005177,20241102,2,698,2,2,2,15000.00,0.00,30000.00
5000006292,1000005178,20241102,2,895,2,3,1,15000.00,1500.00,13500.00
5000006293,1000005179,20241102,2,1466,2,2,1,15000.00,0.00,15000.00
5000006294,1000005180,20241102,2,749,2,1,1,15000.00,0.00,15000.00
5000006296,1000005182,20241102,1,1906,2,1,1,12000.00,1200.00,10800.00
5000006297,1000005183,20241102,1,320,2,3,1,12000.00,0.00,12000.00
5000006298,1000005184,20241102,1,617,2,4,2,12000.00,0.00,24000.00
5000006299,1000005184,20241102,2,617,2,4,4,15000.00,0.00,60000.00
5000006318,1000005201,20241104,2,1640,2,4,2,15000.00,3000.00,27000.00
5000006320,1000005203,20241104,1,1912,2,4,1,12000.00,0.00,12000.00
5000006321,1000005203,20241104,2,1912,2,4,2,15000.00,0.00,30000.00
5000006333,1000005214,20241104,1,1086,2,4,1,12000.00,1200.00,10800.00
5000006334,1000005215,20241104,1,1472,2,4,4,12000.00,4800.00,43200.00
5000006335,1000005215,20241104,2,1472,2,4,2,15000.00,3000.00,27000.00
5000006339,1000005219,20241104,1,330,2,1,1,12000.00,1200.00,10800.00
5000006342,1000005221,20241104,1,536,2,3,2,12000.00,2400.00,21600.00
5000006367,1000005240,20241105,1,1918,2,2,1,12000.00,1200.00,10800.00
5000006369,1000005242,20241105,1,1443,2,1,2,12000.00,0.00,24000.00
5000006379,1000005251,20241105,1,477,2,3,1,12000.00,1200.00,10800.00
5000006380,1000005251,20241105,2,477,2,3,2,15000.00,3000.00,27000.00
5000006385,1000005254,20241105,2,127,2,2,1,15000.00,0.00,15000.00
5000006388,1000005257,20241105,1,710,2,3,1,12000.00,1200.00,10800.00
5000006389,1000005258,20241105,1,1154,2,1,2,12000.00,0.00,24000.00
5000006413,1000005278,20241106,1,1926,2,2,2,12000.00,2400.00,21600.00
5000006414,1000005278,20241106,2,1926,2,2,3,15000.00,4500.00,40500.00
5000006416,1000005280,20241106,2,979,2,2,1,15000.00,0.00,15000.00
5000006419,1000005282,20241106,1,1563,2,1,1,12000.00,0.00,12000.00
5000006420,1000005283,20241106,2,1376,2,3,3,15000.00,0.00,45000.00
5000006421,1000005284,20241106,1,1245,2,2,2,12000.00,2400.00,21600.00
5000006422,1000005284,20241106,2,1245,2,2,1,15000.00,1500.00,13500.00
5000006430,1000005291,20241106,1,718,2,1,2,12000.00,0.00,24000.00
5000006431,1000005292,20241106,1,1149,2,4,1,12000.00,0.00,12000.00
5000006432,1000005292,20241106,2,1149,2,4,2,15000.00,0.00,30000.00
5000006434,1000005294,20241106,2,193,2,2,13,15000.00,29250.00,165750.00
5000006438,1000005297,20241106,1,1517,2,2,1,12000.00,0.00,12000.00
5000006439,1000005298,20241106,1,1930,2,1,1,12000.00,1200.00,10800.00
5000006440,1000005298,20241106,2,1930,2,1,2,15000.00,3000.00,27000.00
5000006457,1000005313,20241107,1,1041,2,3,1,12000.00,0.00,12000.00
5000006458,1000005313,20241107,2,1041,2,3,2,15000.00,0.00,30000.00
5000006461,1000005316,20241107,2,1372,2,1,2,15000.00,0.00,30000.00
5000006463,1000005318,20241107,1,1025,2,3,1,12000.00,0.00,12000.00
5000006464,1000005319,20241107,1,1934,2,1,2,12000.00,0.00,24000.00
5000006465,1000005320,20241107,2,1139,2,3,3,15000.00,0.00,45000.00
5000006466,1000005321,20241107,1,1935,2,2,1,12000.00,0.00,12000.00
5000006467,1000005321,20241107,2,1935,2,2,1,15000.00,0.00,15000.00
5000006471,1000005325,20241107,1,1840,2,3,1,12000.00,0.00,12000.00
5000006474,1000005327,20241107,2,431,2,1,1,15000.00,0.00,15000.00
5000006482,1000005334,20241108,1,442,2,2,2,12000.00,0.00,24000.00
5000006487,1000005338,20241108,1,508,2,2,1,12000.00,0.00,12000.00
5000006488,1000005339,20241108,1,686,2,3,1,12000.00,0.00,12000.00
5000006489,1000005339,20241108,2,686,2,3,1,15000.00,0.00,15000.00
5000006490,1000005340,20241108,1,1776,2,3,1,12000.00,0.00,12000.00
5000006493,1000005343,20241108,1,961,2,1,4,12000.00,4800.00,43200.00
5000006494,1000005343,20241108,2,961,2,1,1,15000.00,1500.00,13500.00
5000006495,1000005344,20241108,1,722,2,3,1,12000.00,0.00,12000.00
5000006496,1000005345,20241108,1,1937,2,1,1,12000.00,0.00,12000.00
5000006497,1000005346,20241108,1,556,2,4,1,12000.00,0.00,12000.00
5000006511,1000005358,20241109,1,750,2,1,1,12000.00,0.00,12000.00
5000006512,1000005359,20241109,2,250,2,3,1,15000.00,0.00,15000.00
5000006513,1000005360,20241109,1,194,2,1,1,12000.00,0.00,12000.00
5000006514,1000005360,20241109,2,194,2,1,1,15000.00,0.00,15000.00
5000006515,1000005361,20241109,2,1204,2,3,1,15000.00,0.00,15000.00
5000006516,1000005362,20241109,1,1942,2,3,1,12000.00,0.00,12000.00
5000006517,1000005362,20241109,2,1942,2,3,3,15000.00,0.00,45000.00
5000006528,1000005371,20241109,2,934,2,1,2,15000.00,0.00,30000.00
5000006529,1000005372,20241109,2,1944,2,1,1,15000.00,0.00,15000.00
5000006530,1000005373,20241109,2,1609,2,1,1,15000.00,0.00,15000.00
5000006531,1000005374,20241109,1,1263,2,1,2,12000.00,0.00,24000.00
5000006532,1000005374,20241109,2,1263,2,1,3,15000.00,0.00,45000.00
5000006558,1000005393,20241111,1,1745,2,3,1,12000.00,0.00,12000.00
5000006559,1000005394,20241111,2,331,2,2,14,15000.00,31500.00,178500.00
5000006560,1000005395,20241111,1,1045,2,1,1,12000.00,0.00,12000.00
5000006562,1000005397,20241111,2,925,2,2,3,15000.00,0.00,45000.00
5000006563,1000005398,20241111,2,1948,2,2,2,15000.00,3000.00,27000.00
5000006564,1000005399,20241111,2,291,2,2,2,15000.00,0.00,30000.00
5000006566,1000005401,20241111,1,437,2,4,1,12000.00,0.00,12000.00
5000006567,1000005402,20241111,1,1205,2,3,1,12000.00,0.00,12000.00
5000006580,1000005412,20241112,1,1367,2,4,2,12000.00,0.00,24000.00
5000006583,1000005414,20241112,2,1952,2,1,1,15000.00,0.00,15000.00
5000006587,1000005418,20241112,1,227,2,3,1,12000.00,0.00,12000.00
5000006589,1000005420,20241112,2,1083,2,2,1,15000.00,0.00,15000.00
5000006590,1000005421,20241112,2,1704,2,3,1,15000.00,0.00,15000.00
5000006593,1000005423,20241112,2,1269,2,4,1,15000.00,0.00,15000.00
5000006602,1000005431,20241113,1,266,2,1,2,12000.00,0.00,24000.00
5000006605,1000005434,20241113,1,1958,2,1,1,12000.00,0.00,12000.00
5000006606,1000005434,20241113,2,1958,2,1,1,15000.00,0.00,15000.00
5000006609,1000005437,20241113,2,859,2,2,1,15000.00,0.00,15000.00
5000006610,1000005438,20241113,2,1960,2,2,1,15000.00,0.00,15000.00
5000006613,1000005441,20241113,2,276,2,2,1,15000.00,0.00,15000.00
5000006614,1000005442,20241113,1,1669,2,3,3,12000.00,0.00,36000.00
5000006615,1000005442,20241113,2,1669,2,3,4,15000.00,0.00,60000.00
5000006618,1000005444,20241113,2,199,2,3,1,15000.00,0.00,15000.00
5000006619,1000005445,20241113,1,1414,2,1,3,12000.00,0.00,36000.00
5000006620,1000005445,20241113,2,1414,2,1,2,15000.00,0.00,30000.00
5000006624,1000005448,20241113,1,1962,2,3,1,12000.00,0.00,12000.00
5000006638,1000005459,20241114,1,1760,2,4,2,12000.00,0.00,24000.00
5000006639,1000005459,20241114,2,1760,2,4,1,15000.00,0.00,15000.00
5000006644,1000005463,20241114,2,19,2,1,2,15000.00,0.00,30000.00
5000006646,1000005465,20241114,1,1968,2,3,1,12000.00,0.00,12000.00
5000006647,1000005466,20241114,1,1122,2,1,1,12000.00,0.00,12000.00
5000006648,1000005466,20241114,2,1122,2,1,1,15000.00,0.00,15000.00
5000006651,1000005469,20241114,1,1192,2,3,1,12000.00,0.00,12000.00
5000006656,1000005473,20241114,2,1970,2,3,2,15000.00,3000.00,27000.00
5000006659,1000005476,20241114,1,1324,2,1,3,12000.00,0.00,36000.00
5000006665,1000005481,20241115,2,1226,2,4,1,15000.00,0.00,15000.00
5000006666,1000005482,20241115,2,1972,2,4,1,15000.00,0.00,15000.00
5000006668,1000005484,20241115,2,1021,2,1,2,15000.00,0.00,30000.00
5000006669,1000005485,20241115,1,1666,2,1,2,12000.00,0.00,24000.00
5000006670,1000005486,20241115,2,1215,2,1,1,15000.00,1500.00,13500.00
5000006671,1000005487,20241115,1,1727,2,4,2,12000.00,0.00,24000.00
5000006672,1000005487,20241115,2,1727,2,4,3,15000.00,0.00,45000.00
5000006673,1000005488,20241115,1,1843,2,3,3,12000.00,0.00,36000.00
5000006674,1000005488,20241115,2,1843,2,3,1,15000.00,0.00,15000.00
5000006676,1000005490,20241115,1,1974,2,1,2,12000.00,0.00,24000.00
5000006682,1000005495,20241116,1,989,2,3,4,12000.00,0.00,48000.00
5000006683,1000005496,20241116,1,1334,2,4,1,12000.00,0.00,12000.00
5000006684,1000005496,20241116,2,1334,2,4,2,15000.00,0.00,30000.00
5000006687,1000005498,20241116,1,1175,2,1,1,12000.00,0.00,12000.00
5000006688,1000005499,20241116,1,1976,2,2,1,12000.00,0.00,12000.00
5000006690,1000005501,20241116,2,1664,2,1,1,15000.00,0.00,15000.00
5000006691,1000005502,20241116,1,177,2,3,1,12000.00,0.00,12000.00
5000006693,1000005504,20241116,2,1584,2,1,2,15000.00,0.00,30000.00
5000006694,1000005505,20241116,1,230,2,2,1,12000.00,0.00,12000.00
5000006696,1000005507,20241116,2,544,2,4,2,15000.00,0.00,30000.00
5000006697,1000005508,20241116,2,477,2,3,3,15000.00,0.00,45000.00
5000006713,1000005520,20241118,1,993,2,3,1,12000.00,0.00,12000.00
5000006714,1000005520,20241118,2,993,2,3,2,15000.00,0.00,30000.00
5000006715,1000005521,20241118,2,1982,2,1,1,15000.00,0.00,15000.00
5000006717,1000005523,20241118,1,1113,2,1,1,12000.00,1200.00,10800.00
5000006718,1000005524,20241118,1,1385,2,2,3,12000.00,0.00,36000.00
5000006720,1000005526,20241118,1,1983,2,2,1,12000.00,0.00,12000.00
5000006721,1000005526,20241118,2,1983,2,2,4,15000.00,0.00,60000.00
5000006724,1000005529,20241118,2,1635,2,2,1,15000.00,0.00,15000.00
5000006727,1000005531,20241118,2,1647,2,1,2,15000.00,0.00,30000.00
5000006735,1000005537,20241119,2,1985,2,3,2,15000.00,0.00,30000.00
5000006737,1000005539,20241119,1,1165,2,1,1,12000.00,0.00,12000.00
5000006740,1000005542,20241119,2,1986,2,1,1,15000.00,1500.00,13500.00
5000006741,1000005543,20241119,2,1988,2,4,1,15000.00,0.00,15000.00
5000006749,1000005549,20241119,1,1990,2,2,1,12000.00,0.00,12000.00
5000006759,1000005558,20241120,1,51,2,1,1,12000.00,0.00,12000.00
5000006760,1000005559,20241120,1,1763,2,3,2,12000.00,2400.00,21600.00
5000006761,1000005559,20241120,2,1763,2,3,1,15000.00,1500.00,13500.00
5000006763,1000005561,20241120,1,1808,2,2,2,12000.00,2400.00,21600.00
5000006765,1000005563,20241120,1,1098,2,4,1,12000.00,0.00,12000.00
5000006769,1000005566,20241120,1,1884,2,1,1,12000.00,0.00,12000.00
5000006770,1000005566,20241120,2,1884,2,1,4,15000.00,0.00,60000.00
5000006771,1000005567,20241120,1,835,2,2,1,12000.00,0.00,12000.00
5000006773,1000005569,20241120,2,1472,2,4,4,15000.00,0.00,60000.00
5000006774,1000005570,20241120,2,660,2,1,1,15000.00,0.00,15000.00
5000006776,1000005572,20241121,2,555,2,2,4,15000.00,0.00,60000.00
5000006778,1000005574,20241121,1,1478,2,3,1,12000.00,0.00,12000.00
5000006779,1000005574,20241121,2,1478,2,3,2,15000.00,0.00,30000.00
5000006780,1000005575,20241121,1,1151,2,1,1,12000.00,0.00,12000.00
5000006787,1000005581,20241122,2,37,2,1,2,15000.00,0.00,30000.00
5000006788,1000005582,20241122,1,1777,2,1,1,12000.00,1200.00,10800.00
5000006789,1000005582,20241122,2,1777,2,1,2,15000.00,3000.00,27000.00
5000006791,1000005584,20241122,2,2000,2,4,1,15000.00,0.00,15000.00
5000006794,1000005586,20241122,1,2001,2,1,1,12000.00,0.00,12000.00
5000006795,1000005587,20241122,1,2002,2,1,1,12000.00,0.00,12000.00
5000006796,1000005587,20241122,2,2002,2,1,1,15000.00,0.00,15000.00
5000006799,1000005590,20241122,1,1690,2,2,1,12000.00,0.00,12000.00
5000006800,1000005590,20241122,2,1690,2,2,1,15000.00,0.00,15000.00
5000006801,1000005591,20241122,2,462,2,1,1,15000.00,0.00,15000.00
5000006802,1000005592,20241122,1,1497,2,2,3,12000.00,0.00,36000.00
5000006803,1000005592,20241122,2,1497,2,2,1,15000.00,0.00,15000.00
5000006804,1000005593,20241122,1,793,2,2,1,12000.00,0.00,12000.00
5000006805,1000005593,20241122,2,793,2,2,2,15000.00,0.00,30000.00
5000006806,1000005594,20241122,1,1255,2,4,2,12000.00,0.00,24000.00
5000006815,1000005603,20241123,1,535,2,4,1,12000.00,0.00,12000.00
5000006818,1000005606,20241123,1,1704,2,3,2,12000.00,0.00,24000.00
5000006822,1000005609,20241123,1,1740,2,1,1,12000.00,0.00,12000.00
5000006824,1000005611,20241123,1,1899,2,4,3,12000.00,0.00,36000.00
5000006825,1000005612,20241123,1,127,2,2,1,12000.00,0.00,12000.00
5000006827,1000005614,20241123,2,628,2,3,3,15000.00,0.00,45000.00
5000006829,1000005616,20241123,2,745,2,1,2,15000.00,0.00,30000.00
5000006830,1000005617,20241123,2,2008,2,3,2,15000.00,0.00,30000.00
5000006831,1000005618,20241123,1,1508,2,3,1,12000.00,0.00,12000.00
5000006832,1000005619,20241123,2,1532,2,4,2,15000.00,0.00,30000.00
5000006849,1000005635,20241125,2,1651,2,4,3,15000.00,0.00,45000.00
5000006852,1000005638,20241125,2,2015,2,3,1,15000.00,0.00,15000.00
5000006868,1000005651,20241126,2,1324,2,1,1,15000.00,0.00,15000.00
5000006870,1000005653,20241126,2,1441,2,3,2,15000.00,0.00,30000.00
5000006875,1000005658,20241126,1,2017,2,1,1,12000.00,0.00,12000.00
5000006879,1000005661,20241126,1,1540,2,1,1,12000.00,0.00,12000.00
5000006885,1000005667,20241127,2,1076,2,1,1,15000.00,0.00,15000.00
5000006886,1000005668,20241127,1,350,2,4,1,12000.00,0.00,12000.00
5000006887,1000005669,20241127,1,472,2,2,1,12000.00,0.00,12000.00
5000006888,1000005669,20241127,2,472,2,2,1,15000.00,0.00,15000.00
5000006889,1000005670,20241127,1,1044,2,3,1,12000.00,0.00,12000.00
5000006892,1000005673,20241127,2,1844,2,4,4,15000.00,0.00,60000.00
5000006896,1000005677,20241127,1,1787,2,2,2,12000.00,0.00,24000.00
5000006897,1000005677,20241127,2,1787,2,2,1,15000.00,0.00,15000.00
5000006901,1000005681,20241127,1,1860,2,2,2,12000.00,0.00,24000.00
5000006903,1000005683,20241127,1,1662,2,1,1,12000.00,0.00,12000.00
5000006904,1000005684,20241127,2,1459,2,3,1,15000.00,0.00,15000.00
5000006905,1000005685,20241127,2,162,2,3,1,15000.00,0.00,15000.00
5000006906,1000005686,20241127,1,1712,2,1,1,12000.00,0.00,12000.00
5000006909,1000005689,20241127,1,329,2,4,2,12000.00,0.00,24000.00
5000006910,1000005689,20241127,2,329,2,4,2,15000.00,0.00,30000.00
5000006912,1000005691,20241127,2,758,2,2,1,15000.00,0.00,15000.00
5000006918,1000005697,20241128,2,2025,2,1,1,15000.00,0.00,15000.00
5000006923,1000005701,20241128,2,897,2,2,1,15000.00,0.00,15000.00
5000006925,1000005703,20241128,2,2026,2,3,1,15000.00,0.00,15000.00
5000006927,1000005705,20241128,1,1635,2,2,1,12000.00,0.00,12000.00
5000006928,1000005706,20241128,2,1589,2,1,3,15000.00,4500.00,40500.00
5000006929,1000005707,20241128,1,258,2,1,3,12000.00,0.00,36000.00
5000006933,1000005710,20241128,1,515,2,3,1,12000.00,0.00,12000.00
5000006943,1000005717,20241129,1,301,2,1,1,12000.00,0.00,12000.00
5000006948,1000005722,20241129,1,60,2,1,1,12000.00,0.00,12000.00
5000006949,1000005723,20241129,2,1015,2,3,1,15000.00,1500.00,13500.00
5000006954,1000005727,20241129,1,770,2,1,1,12000.00,0.00,12000.00
5000006957,1000005730,20241129,1,1583,2,1,1,12000.00,1200.00,10800.00
5000006958,1000005730,20241129,2,1583,2,1,1,15000.00,1500.00,13500.00
5000006959,1000005731,20241129,2,805,2,4,1,15000.00,0.00,15000.00
5000006960,1000005732,20241129,2,2034,2,1,1,15000.00,1500.00,13500.00
5000006961,1000005733,20241129,2,1855,2,1,4,15000.00,6000.00,54000.00
5000006978,1000005746,20241130,1,1318,2,2,1,12000.00,0.00,12000.00
5000006979,1000005747,20241130,2,1656,2,1,1,15000.00,0.00,15000.00
5000006985,1000005752,20241130,1,665,2,3,3,12000.00,0.00,36000.00
5000006986,1000005753,20241130,1,2039,2,2,1,12000.00,1200.00,10800.00
5000006987,1000005753,20241130,2,2039,2,2,2,15000.00,3000.00,27000.00
5000006990,1000005755,20241130,1,2040,2,1,1,12000.00,1200.00,10800.00
5000006991,1000005756,20241130,2,1517,2,2,1,15000.00,1500.00,13500.00
5000006993,1000005758,20241130,1,2041,2,2,1,12000.00,0.00,12000.00
5000006994,1000005759,20241130,1,1292,2,4,1,12000.00,0.00,12000.00
5000006995,1000005760,20241130,1,1839,2,4,2,12000.00,2400.00,21600.00
5000006996,1000005761,20241130,1,1432,2,4,1,12000.00,0.00,12000.00
5000006997,1000005761,20241130,2,1432,2,4,2,15000.00,0.00,30000.00
5000006998,1000005762,20241130,1,618,2,4,1,12000.00,1200.00,10800.00
5000006999,1000005763,20241130,2,1585,2,3,1,15000.00,0.00,15000.00
5000007001,1000005765,20241130,1,1846,2,1,1,12000.00,1200.00,10800.00
5000007002,1000005766,20241130,2,2042,2,3,4,15000.00,6000.00,54000.00
5000007003,1000005767,20241130,2,641,2,3,1,15000.00,0.00,15000.00
5000007049,1000005803,20241202,2,1489,2,2,2,15000.00,0.00,30000.00
5000007050,1000005804,20241202,2,1569,2,1,2,15000.00,0.00,30000.00
5000007053,1000005807,20241202,1,866,2,3,1,12000.00,0.00,12000.00
5000007054,1000005807,20241202,2,866,2,3,2,15000.00,0.00,30000.00
5000007055,1000005808,20241202,1,2055,2,1,1,12000.00,0.00,12000.00
5000007061,1000005813,20241202,2,2056,2,2,1,15000.00,0.00,15000.00
5000007066,1000005817,20241202,1,1005,2,1,2,12000.00,0.00,24000.00
5000007067,1000005817,20241202,2,1005,2,1,1,15000.00,0.00,15000.00
5000007068,1000005818,20241202,2,743,2,2,1,15000.00,0.00,15000.00
5000007071,1000005821,20241202,1,1655,2,3,1,12000.00,0.00,12000.00
5000007084,1000005832,20241203,2,1571,2,2,1,15000.00,0.00,15000.00
5000007085,1000005833,20241203,1,1291,2,2,1,12000.00,0.00,12000.00
5000007091,1000005837,20241203,1,455,2,2,2,12000.00,0.00,24000.00
5000007092,1000005838,20241203,1,1327,2,4,1,12000.00,0.00,12000.00
5000007093,1000005838,20241203,2,1327,2,4,3,15000.00,0.00,45000.00
5000007096,1000005841,20241203,2,1698,2,3,1,15000.00,0.00,15000.00
5000007097,1000005842,20241203,1,1676,2,4,1,12000.00,0.00,12000.00
5000007101,1000005845,20241203,2,2064,2,2,1,15000.00,0.00,15000.00
5000007110,1000005853,20241204,1,2067,2,4,3,12000.00,0.00,36000.00
5000007111,1000005853,20241204,2,2067,2,4,1,15000.00,0.00,15000.00
5000007116,1000005858,20241204,2,1086,2,4,1,15000.00,0.00,15000.00
5000007120,1000005862,20241204,2,1493,2,1,3,15000.00,0.00,45000.00
5000007122,1000005864,20241204,2,617,2,4,1,15000.00,0.00,15000.00
5000007123,1000005865,20241204,2,1695,2,2,1,15000.00,0.00,15000.00
5000007136,1000005875,20241205,2,1456,2,2,1,15000.00,0.00,15000.00
5000007137,1000005876,20241205,2,1104,2,1,1,15000.00,0.00,15000.00
5000007138,1000005877,20241205,2,1618,2,2,1,15000.00,0.00,15000.00
5000007141,1000005879,20241205,2,1003,2,3,1,15000.00,0.00,15000.00
5000007142,1000005880,20241205,1,1377,2,4,1,12000.00,0.00,12000.00
5000007143,1000005881,20241205,1,1939,2,1,1,12000.00,0.00,12000.00
5000007144,1000005881,20241205,2,1939,2,1,3,15000.00,0.00,45000.00
5000007146,1000005883,20241205,2,1649,2,4,3,15000.00,0.00,45000.00
5000007147,1000005884,20241205,1,2070,2,1,1,12000.00,0.00,12000.00
5000007148,1000005884,20241205,2,2070,2,1,4,15000.00,0.00,60000.00
5000007150,1000005886,20241205,1,1692,2,1,1,12000.00,0.00,12000.00
5000007153,1000005889,20241206,2,1523,2,2,1,15000.00,0.00,15000.00
5000007154,1000005890,20241206,1,1208,2,2,1,12000.00,0.00,12000.00
5000007159,1000005893,20241206,2,2071,2,1,1,15000.00,0.00,15000.00
5000007162,1000005896,20241206,1,1627,2,2,2,12000.00,0.00,24000.00
5000007165,1000005898,20241206,1,1776,2,3,1,12000.00,0.00,12000.00
5000007166,1000005899,20241206,1,903,2,2,3,12000.00,0.00,36000.00
5000007172,1000005904,20241206,1,1325,2,1,2,12000.00,0.00,24000.00
5000007173,1000005905,20241206,1,1851,2,4,2,12000.00,0.00,24000.00
5000007174,1000005906,20241206,2,338,2,1,3,15000.00,0.00,45000.00
5000007179,1000005910,20241207,1,380,2,3,1,12000.00,0.00,12000.00
5000007180,1000005910,20241207,2,380,2,3,2,15000.00,0.00,30000.00
5000007183,1000005912,20241207,2,1546,2,1,4,15000.00,0.00,60000.00
5000007184,1000005913,20241207,2,2073,2,3,1,15000.00,0.00,15000.00
5000007185,1000005914,20241207,1,890,2,4,3,12000.00,0.00,36000.00
5000007186,1000005914,20241207,2,890,2,4,1,15000.00,0.00,15000.00
5000007187,1000005915,20241207,2,1960,2,2,3,15000.00,0.00,45000.00
5000007188,1000005916,20241207,1,1169,2,4,1,12000.00,0.00,12000.00
5000007190,1000005918,20241207,1,588,2,2,1,12000.00,0.00,12000.00
5000007191,1000005919,20241207,1,1820,2,2,1,12000.00,0.00,12000.00
5000007192,1000005920,20241207,1,1209,2,1,1,12000.00,0.00,12000.00
5000007193,1000005921,20241207,2,750,2,1,1,15000.00,0.00,15000.00
5000007194,1000005922,20241207,1,212,2,1,1,12000.00,0.00,12000.00
5000007195,1000005923,20241207,1,1382,2,2,4,12000.00,0.00,48000.00
5000007196,1000005923,20241207,2,1382,2,2,2,15000.00,0.00,30000.00
5000007197,1000005924,20241207,1,882,2,1,2,12000.00,2400.00,21600.00
5000007234,1000005954,20241209,1,1435,2,4,1,12000.00,0.00,12000.00
5000007235,1000005954,20241209,2,1435,2,4,1,15000.00,0.00,15000.00
5000007238,1000005956,20241209,1,1477,2,1,1,12000.00,0.00,12000.00
5000007239,1000005957,20241209,1,2084,2,3,3,12000.00,0.00,36000.00
5000007240,1000005958,20241209,2,1146,2,4,1,15000.00,0.00,15000.00
5000007241,1000005959,20241209,1,1585,2,3,1,12000.00,0.00,12000.00
5000007242,1000005959,20241209,2,1585,2,3,1,15000.00,0.00,15000.00
5000007245,1000005961,20241209,2,1688,2,1,1,15000.00,0.00,15000.00
5000007247,1000005963,20241209,1,1586,2,1,1,12000.00,0.00,12000.00
5000007249,1000005965,20241209,1,583,2,4,2,12000.00,0.00,24000.00
5000007265,1000005977,20241210,1,580,2,3,2,12000.00,0.00,24000.00
5000007266,1000005978,20241210,1,87,2,1,8,12000.00,14400.00,81600.00
5000007267,1000005979,20241210,1,1942,2,3,1,12000.00,0.00,12000.00
5000007268,1000005979,20241210,2,1942,2,3,2,15000.00,0.00,30000.00
5000007272,1000005982,20241210,1,896,2,2,2,12000.00,0.00,24000.00
5000007277,1000005986,20241210,2,1495,2,1,1,15000.00,0.00,15000.00
5000007279,1000005988,20241210,2,2088,2,2,1,15000.00,0.00,15000.00
5000007291,1000005998,20241210,1,2090,2,4,1,12000.00,1200.00,10800.00
5000007292,1000005999,20241210,1,2091,2,2,2,12000.00,0.00,24000.00
5000007298,1000006004,20241210,1,1920,2,1,2,12000.00,0.00,24000.00
5000007302,1000006007,20241210,2,117,2,2,1,15000.00,0.00,15000.00
5000007303,1000006008,20241210,1,722,2,3,1,12000.00,0.00,12000.00
5000007304,1000006008,20241210,2,722,2,3,2,15000.00,0.00,30000.00
5000007305,1000006009,20241210,1,660,2,1,2,12000.00,2400.00,21600.00
5000007306,1000006010,20241210,1,2092,2,2,4,12000.00,0.00,48000.00
5000007325,1000006024,20241211,2,1230,2,2,1,15000.00,0.00,15000.00
5000007326,1000006025,20241211,2,1246,2,4,2,15000.00,0.00,30000.00
5000007327,1000006026,20241211,2,1873,2,3,3,15000.00,0.00,45000.00
5000007330,1000006029,20241211,1,2096,2,4,2,12000.00,2400.00,21600.00
5000007337,1000006034,20241211,2,2097,2,3,3,15000.00,0.00,45000.00
5000007338,1000006035,20241211,1,1363,2,3,1,12000.00,0.00,12000.00
5000007339,1000006035,20241211,2,1363,2,3,2,15000.00,0.00,30000.00
5000007340,1000006036,20241211,1,1931,2,2,1,12000.00,0.00,12000.00
5000007342,1000006038,20241211,1,308,2,2,2,12000.00,0.00,24000.00
5000007343,1000006038,20241211,2,308,2,2,1,15000.00,0.00,15000.00
5000007344,1000006039,20241211,1,2099,2,1,1,12000.00,0.00,12000.00
5000007345,1000006039,20241211,2,2099,2,1,1,15000.00,0.00,15000.00
5000007346,1000006040,20241211,1,1904,2,2,1,12000.00,0.00,12000.00
5000007347,1000006040,20241211,2,1904,2,2,1,15000.00,0.00,15000.00
5000007348,1000006041,20241211,1,1122,2,1,1,12000.00,0.00,12000.00
5000007349,1000006041,20241211,2,1122,2,1,1,15000.00,0.00,15000.00
5000007350,1000006042,20241211,2,2100,2,4,4,15000.00,0.00,60000.00
5000007351,1000006043,20241211,1,1634,2,2,2,12000.00,0.00,24000.00
5000007352,1000006043,20241211,2,1634,2,2,1,15000.00,0.00,15000.00
5000007353,1000006044,20241211,2,1157,2,4,1,15000.00,0.00,15000.00
5000007362,1000006051,20241212,2,1901,2,3,14,15000.00,31500.00,178500.00
5000007363,1000006052,20241212,1,1443,2,1,1,12000.00,0.00,12000.00
5000007364,1000006052,20241212,2,1443,2,1,4,15000.00,0.00,60000.00
5000007365,1000006053,20241212,2,647,2,3,2,15000.00,0.00,30000.00
5000007366,1000006054,20241212,2,1602,2,2,3,15000.00,0.00,45000.00
5000007368,1000006056,20241212,1,1430,2,2,1,12000.00,0.00,12000.00
5000007370,1000006058,20241212,2,646,2,4,2,15000.00,0.00,30000.00
5000007376,1000006063,20241212,1,2104,2,2,2,12000.00,0.00,24000.00
5000007379,1000006066,20241212,2,2106,2,4,4,15000.00,0.00,60000.00
5000007381,1000006068,20241212,2,143,2,2,1,15000.00,0.00,15000.00
5000007382,1000006069,20241212,2,2107,2,2,1,15000.00,0.00,15000.00
5000007384,1000006071,20241212,2,1295,2,1,1,15000.00,0.00,15000.00
5000007386,1000006073,20241212,1,1197,2,4,1,12000.00,0.00,12000.00
5000007388,1000006075,20241212,1,1207,2,3,1,12000.00,0.00,12000.00
5000007391,1000006077,20241212,1,1131,2,3,1,12000.00,0.00,12000.00
5000007394,1000006079,20241212,1,1963,2,1,1,12000.00,0.00,12000.00
5000007395,1000006080,20241212,1,1884,2,1,1,12000.00,0.00,12000.00
5000007396,1000006080,20241212,2,1884,2,1,1,15000.00,0.00,15000.00
5000007398,1000006082,20241212,1,41,2,1,1,12000.00,0.00,12000.00
5000007413,1000006095,20241213,1,1112,2,1,2,12000.00,0.00,24000.00
5000007416,1000006097,20241213,1,1192,2,3,2,12000.00,0.00,24000.00
5000007417,1000006097,20241213,2,1192,2,3,1,15000.00,0.00,15000.00
5000007418,1000006098,20241213,2,801,2,4,3,15000.00,0.00,45000.00
5000007419,1000006099,20241213,2,2118,2,2,1,15000.00,0.00,15000.00
5000007421,1000006101,20241213,2,1758,2,2,1,15000.00,0.00,15000.00
5000007423,1000006103,20241213,1,1863,2,3,1,12000.00,0.00,12000.00
5000007424,1000006103,20241213,2,1863,2,3,1,15000.00,0.00,15000.00
5000007425,1000006104,20241213,2,1861,2,1,3,15000.00,0.00,45000.00
5000007428,1000006106,20241213,2,2120,2,3,1,15000.00,0.00,15000.00
5000007429,1000006107,20241213,1,1045,2,1,1,12000.00,0.00,12000.00
5000007430,1000006108,20241213,2,1089,2,1,2,15000.00,0.00,30000.00
5000007431,1000006109,20241213,1,386,2,4,1,12000.00,0.00,12000.00
5000007432,1000006110,20241213,1,542,2,2,1,12000.00,0.00,12000.00
5000007433,1000006111,20241213,2,160,2,1,3,15000.00,0.00,45000.00
5000007434,1000006112,20241213,1,803,2,1,1,12000.00,0.00,12000.00
5000007435,1000006112,20241213,2,803,2,1,1,15000.00,0.00,15000.00
5000007436,1000006113,20241213,2,1401,2,1,2,15000.00,0.00,30000.00
5000007437,1000006114,20241213,2,1176,2,2,3,15000.00,0.00,45000.00
5000007438,1000006115,20241213,2,1603,2,4,2,15000.00,0.00,30000.00
5000007439,1000006116,20241213,2,2122,2,4,1,15000.00,0.00,15000.00
5000007440,1000006117,20241213,1,1531,2,1,2,12000.00,0.00,24000.00
5000007441,1000006118,20241213,2,1064,2,2,1,15000.00,0.00,15000.00
5000007442,1000006119,20241213,1,925,2,2,1,12000.00,0.00,12000.00
5000007443,1000006120,20241213,1,2123,2,2,2,12000.00,0.00,24000.00
5000007444,1000006121,20241213,1,859,2,2,3,12000.00,0.00,36000.00
5000007446,1000006123,20241213,2,508,2,2,2,15000.00,0.00,30000.00
5000007447,1000006124,20241213,1,2124,2,1,1,12000.00,1200.00,10800.00
5000007448,1000006124,20241213,2,2124,2,1,4,15000.00,6000.00,54000.00
5000007449,1000006125,20241213,2,1394,2,1,2,15000.00,0.00,30000.00
5000007451,1000006127,20241213,1,1662,2,1,1,12000.00,0.00,12000.00
5000007454,1000006130,20241213,2,2125,2,1,1,15000.00,0.00,15000.00
5000007465,1000006139,20241214,2,1559,2,2,2,15000.00,0.00,30000.00
5000007466,1000006140,20241214,1,1381,2,2,1,12000.00,0.00,12000.00
5000007467,1000006141,20241214,1,1579,2,4,1,12000.00,0.00,12000.00
5000007468,1000006141,20241214,2,1579,2,4,1,15000.00,0.00,15000.00
5000007472,1000006145,20241214,1,330,2,1,1,12000.00,0.00,12000.00
5000007473,1000006145,20241214,2,330,2,1,2,15000.00,0.00,30000.00
5000007474,1000006146,20241214,2,1613,2,1,1,15000.00,0.00,15000.00
5000007477,1000006148,20241214,1,422,2,3,3,12000.00,0.00,36000.00
5000007478,1000006149,20241214,1,135,2,1,1,12000.00,0.00,12000.00
5000007481,1000006152,20241214,1,2129,2,1,1,12000.00,0.00,12000.00
5000007482,1000006153,20241214,1,388,2,4,1,12000.00,0.00,12000.00
5000007483,1000006153,20241214,2,388,2,4,1,15000.00,0.00,15000.00
5000007484,1000006154,20241214,1,761,2,1,1,12000.00,0.00,12000.00
5000007486,1000006156,20241214,2,251,2,1,1,15000.00,1500.00,13500.00
5000007487,1000006157,20241214,1,174,2,2,1,12000.00,1200.00,10800.00
5000007488,1000006158,20241214,1,1196,2,1,1,12000.00,0.00,12000.00
5000007489,1000006158,20241214,2,1196,2,1,1,15000.00,0.00,15000.00
5000007493,1000006161,20241214,1,880,2,2,1,12000.00,0.00,12000.00
5000007494,1000006161,20241214,2,880,2,2,1,15000.00,0.00,15000.00
5000007495,1000006162,20241214,2,1376,2,3,2,15000.00,0.00,30000.00
5000007498,1000006165,20241214,1,640,2,1,1,12000.00,0.00,12000.00
5000007499,1000006165,20241214,2,640,2,1,1,15000.00,0.00,15000.00
5000007500,1000006166,20241214,1,1839,2,4,3,12000.00,0.00,36000.00
5000007501,1000006166,20241214,2,1839,2,4,1,15000.00,0.00,15000.00
5000007502,1000006167,20241214,1,1609,2,1,4,12000.00,0.00,48000.00
5000007544,1000006200,20241216,1,1976,2,2,1,12000.00,0.00,12000.00
5000007545,1000006201,20241216,2,1319,2,2,1,15000.00,0.00,15000.00
5000007548,1000006203,20241216,1,2139,2,1,2,12000.00,0.00,24000.00
5000007549,1000006204,20241216,2,848,2,4,2,15000.00,0.00,30000.00
5000007553,1000006207,20241216,1,1484,2,1,1,12000.00,0.00,12000.00
5000007554,1000006208,20241216,1,1281,2,3,4,12000.00,0.00,48000.00
5000007555,1000006209,20241216,1,2140,2,3,2,12000.00,0.00,24000.00
5000007556,1000006209,20241216,2,2140,2,3,1,15000.00,0.00,15000.00
5000007566,1000006218,20241216,1,1671,2,2,2,12000.00,0.00,24000.00
5000007567,1000006218,20241216,2,1671,2,2,1,15000.00,0.00,15000.00
5000007568,1000006219,20241216,1,758,2,2,1,12000.00,0.00,12000.00
5000007569,1000006220,20241216,2,1782,2,4,3,15000.00,0.00,45000.00
5000007570,1000006221,20241216,2,1930,2,1,2,15000.00,0.00,30000.00
5000007571,1000006222,20241216,1,273,2,3,2,12000.00,2400.00,21600.00
5000007572,1000006222,20241216,2,273,2,3,2,15000.00,3000.00,27000.00
5000007575,1000006224,20241216,1,2143,2,4,3,12000.00,3600.00,32400.00
5000007578,1000006226,20241216,1,2144,2,2,2,12000.00,0.00,24000.00
5000007579,1000006226,20241216,2,2144,2,2,1,15000.00,0.00,15000.00
5000007580,1000006227,20241216,1,2015,2,3,2,12000.00,0.00,24000.00
5000007581,1000006227,20241216,2,2015,2,3,1,15000.00,0.00,15000.00
5000007582,1000006228,20241216,1,665,2,3,3,12000.00,0.00,36000.00
5000007584,1000006230,20241216,1,267,2,1,3,12000.00,0.00,36000.00
5000007596,1000006240,20241217,1,1324,2,1,2,12000.00,2400.00,21600.00
5000007597,1000006240,20241217,2,1324,2,1,2,15000.00,3000.00,27000.00
5000007600,1000006242,20241217,2,614,2,3,1,15000.00,0.00,15000.00
5000007601,1000006243,20241217,2,1041,2,3,3,15000.00,0.00,45000.00
5000007604,1000006246,20241217,2,1569,2,1,4,15000.00,0.00,60000.00
5000007607,1000006249,20241217,1,374,2,1,1,12000.00,0.00,12000.00
5000007608,1000006249,20241217,2,374,2,1,2,15000.00,0.00,30000.00
5000007610,1000006251,20241217,1,1343,2,1,1,12000.00,0.00,12000.00
5000007612,1000006253,20241217,1,138,2,1,1,12000.00,0.00,12000.00
5000007614,1000006255,20241217,2,1745,2,3,2,15000.00,0.00,30000.00
5000007615,1000006256,20241217,2,1714,2,2,1,15000.00,0.00,15000.00
5000007616,1000006257,20241217,2,515,2,3,3,15000.00,0.00,45000.00
5000007617,1000006258,20241217,1,841,2,2,2,12000.00,0.00,24000.00
5000007618,1000006259,20241217,2,1906,2,1,3,15000.00,0.00,45000.00
5000007620,1000006261,20241217,1,1712,2,1,1,12000.00,0.00,12000.00
5000007621,1000006262,20241217,1,895,2,3,2,12000.00,0.00,24000.00
5000007622,1000006262,20241217,2,895,2,3,1,15000.00,0.00,15000.00
5000007623,1000006263,20241217,2,805,2,4,4,15000.00,0.00,60000.00
5000007647,1000006283,20241218,2,723,2,4,2,15000.00,0.00,30000.00
5000007649,1000006285,20241218,1,1683,2,1,3,12000.00,0.00,36000.00
5000007650,1000006285,20241218,2,1683,2,1,3,15000.00,0.00,45000.00
5000007653,1000006288,20241218,1,1983,2,2,1,12000.00,0.00,12000.00
5000007655,1000006290,20241218,1,455,2,2,1,12000.00,0.00,12000.00
5000007656,1000006291,20241218,2,865,2,1,1,15000.00,0.00,15000.00
5000007657,1000006292,20241218,2,434,2,4,2,15000.00,0.00,30000.00
5000007661,1000006296,20241218,2,462,2,1,1,15000.00,0.00,15000.00
5000007666,1000006300,20241218,2,1844,2,4,2,15000.00,0.00,30000.00
5000007667,1000006301,20241218,2,199,2,3,2,15000.00,0.00,30000.00
5000007668,1000006302,20241218,2,236,2,2,4,15000.00,0.00,60000.00
5000007669,1000006303,20241218,2,587,2,4,2,15000.00,0.00,30000.00
5000007670,1000006304,20241218,1,441,2,2,2,12000.00,0.00,24000.00
5000007672,1000006306,20241218,1,2152,2,4,1,12000.00,0.00,12000.00
5000007673,1000006307,20241218,2,1421,2,2,2,15000.00,0.00,30000.00
5000007674,1000006308,20241218,1,1320,2,2,1,12000.00,0.00,12000.00
5000007677,1000006311,20241218,1,448,2,4,1,12000.00,0.00,12000.00
5000007678,1000006311,20241218,2,448,2,4,1,15000.00,0.00,15000.00
5000007680,1000006313,20241218,1,1895,2,2,1,12000.00,0.00,12000.00
5000007681,1000006313,20241218,2,1895,2,2,1,15000.00,0.00,15000.00
5000007696,1000006325,20241219,1,871,2,4,4,12000.00,0.00,48000.00
5000007697,1000006325,20241219,2,871,2,4,1,15000.00,0.00,15000.00
5000007698,1000006326,20241219,1,213,2,3,1,12000.00,1200.00,10800.00
5000007699,1000006327,20241219,1,1155,2,2,1,12000.00,0.00,12000.00
5000007700,1000006327,20241219,2,1155,2,2,1,15000.00,0.00,15000.00
5000007703,1000006330,20241219,1,2156,2,2,2,12000.00,0.00,24000.00
5000007704,1000006330,20241219,2,2156,2,2,1,15000.00,0.00,15000.00
5000007707,1000006332,20241219,1,2157,2,2,1,12000.00,1200.00,10800.00
5000007708,1000006332,20241219,2,2157,2,2,4,15000.00,6000.00,54000.00
5000007709,1000006333,20241219,2,1042,2,1,1,15000.00,0.00,15000.00
5000007711,1000006335,20241219,1,1146,2,4,1,12000.00,0.00,12000.00
5000007712,1000006336,20241219,1,2070,2,1,1,12000.00,0.00,12000.00
5000007713,1000006336,20241219,2,2070,2,1,2,15000.00,0.00,30000.00
5000007714,1000006337,20241219,1,2158,2,1,1,12000.00,0.00,12000.00
5000007715,1000006338,20241219,1,2159,2,4,1,12000.00,0.00,12000.00
5000007716,1000006339,20241219,2,1931,2,2,1,15000.00,0.00,15000.00
5000007717,1000006340,20241219,1,1221,2,2,1,12000.00,0.00,12000.00
5000007718,1000006340,20241219,2,1221,2,2,2,15000.00,0.00,30000.00
5000007719,1000006341,20241219,1,494,2,1,1,12000.00,0.00,12000.00
5000007720,1000006341,20241219,2,494,2,1,1,15000.00,0.00,15000.00
5000007738,1000006355,20241220,1,1261,2,2,3,12000.00,0.00,36000.00
5000007739,1000006355,20241220,2,1261,2,2,1,15000.00,0.00,15000.00
5000007740,1000006356,20241220,1,426,2,1,1,12000.00,0.00,12000.00
5000007743,1000006359,20241220,2,1326,2,1,2,15000.00,0.00,30000.00
5000007744,1000006360,20241220,2,2166,2,1,1,15000.00,0.00,15000.00
5000007745,1000006361,20241220,2,1640,2,4,1,15000.00,0.00,15000.00
5000007747,1000006363,20241220,1,163,2,2,1,12000.00,1200.00,10800.00
5000007749,1000006365,20241220,2,2167,2,4,1,15000.00,0.00,15000.00
5000007750,1000006366,20241220,2,750,2,1,1,15000.00,0.00,15000.00
5000007754,1000006370,20241220,2,2168,2,1,1,15000.00,0.00,15000.00
5000007755,1000006371,20241220,1,641,2,3,2,12000.00,0.00,24000.00
5000007756,1000006372,20241220,2,686,2,3,1,15000.00,0.00,15000.00
5000007757,1000006373,20241220,2,2170,2,1,4,15000.00,0.00,60000.00
5000007758,1000006374,20241220,1,407,2,4,2,12000.00,0.00,24000.00
5000007759,1000006374,20241220,2,407,2,4,1,15000.00,0.00,15000.00
5000007760,1000006375,20241220,1,1403,2,4,3,12000.00,0.00,36000.00
5000007761,1000006375,20241220,2,1403,2,4,1,15000.00,0.00,15000.00
5000007763,1000006377,20241220,1,1545,2,2,1,12000.00,1200.00,10800.00
5000007764,1000006377,20241220,2,1545,2,2,1,15000.00,1500.00,13500.00
5000007766,1000006379,20241220,1,1450,2,3,1,12000.00,0.00,12000.00
5000007767,1000006379,20241220,2,1450,2,3,3,15000.00,0.00,45000.00
5000007769,1000006381,20241220,2,2172,2,1,1,15000.00,0.00,15000.00
5000007770,1000006382,20241220,2,2173,2,2,3,15000.00,0.00,45000.00
5000007771,1000006383,20241220,2,1737,2,4,1,15000.00,0.00,15000.00
5000007772,1000006384,20241220,2,1272,2,2,1,15000.00,0.00,15000.00
5000007773,1000006385,20241220,1,2174,2,2,1,12000.00,0.00,12000.00
5000007774,1000006386,20241220,2,1138,2,1,1,15000.00,0.00,15000.00
5000007793,1000006399,20241221,2,1838,2,3,1,15000.00,0.00,15000.00
5000007794,1000006400,20241221,1,2176,2,1,3,12000.00,0.00,36000.00
5000007795,1000006401,20241221,2,1860,2,2,2,15000.00,0.00,30000.00
5000007796,1000006402,20241221,1,276,2,2,2,12000.00,0.00,24000.00
5000007799,1000006405,20241221,2,1597,2,4,3,15000.00,0.00,45000.00
5000007802,1000006408,20241221,2,1747,2,2,1,15000.00,0.00,15000.00
5000007803,1000006409,20241221,1,2177,2,4,1,12000.00,0.00,12000.00
5000007804,1000006410,20241221,1,1377,2,4,1,12000.00,1200.00,10800.00
5000007805,1000006410,20241221,2,1377,2,4,1,15000.00,1500.00,13500.00
5000007806,1000006411,20241221,2,628,2,3,1,15000.00,0.00,15000.00
5000007807,1000006412,20241221,1,1739,2,4,1,12000.00,0.00,12000.00
5000007808,1000006412,20241221,2,1739,2,4,2,15000.00,0.00,30000.00
5000007809,1000006413,20241221,1,475,2,2,1,12000.00,0.00,12000.00
5000007810,1000006413,20241221,2,475,2,2,1,15000.00,0.00,15000.00
5000007811,1000006414,20241221,2,2123,2,2,1,15000.00,0.00,15000.00
5000007812,1000006415,20241221,2,1489,2,2,1,15000.00,0.00,15000.00
5000007813,1000006416,20241221,2,2178,2,3,3,15000.00,0.00,45000.00
5000007814,1000006417,20241221,1,1472,2,4,1,12000.00,0.00,12000.00
5000007815,1000006418,20241221,2,1204,2,3,1,15000.00,0.00,15000.00
5000007816,1000006419,20241221,1,1530,2,2,2,12000.00,0.00,24000.00
5000007817,1000006420,20241221,1,682,2,4,2,12000.00,0.00,24000.00
5000007818,1000006421,20241221,2,825,2,1,1,15000.00,0.00,15000.00
5000007854,1000006451,20241223,1,1236,2,1,1,12000.00,0.00,12000.00
5000007856,1000006453,20241223,1,508,2,2,1,12000.00,0.00,12000.00
5000007859,1000006455,20241223,1,835,2,2,3,12000.00,0.00,36000.00
5000007860,1000006456,20241223,1,2000,2,4,2,12000.00,0.00,24000.00
5000007861,1000006456,20241223,2,2000,2,4,1,15000.00,0.00,15000.00
5000007862,1000006457,20241223,1,1148,2,3,2,12000.00,2400.00,21600.00
5000007867,1000006461,20241223,2,326,2,4,3,15000.00,0.00,45000.00
5000007870,1000006463,20241223,2,1033,2,2,1,15000.00,0.00,15000.00
5000007874,1000006467,20241223,1,1477,2,1,1,12000.00,0.00,12000.00
5000007875,1000006468,20241223,1,1045,2,1,3,12000.00,0.00,36000.00
5000007879,1000006471,20241223,1,1139,2,3,4,12000.00,0.00,48000.00
5000007881,1000006473,20241223,1,1395,2,2,1,12000.00,0.00,12000.00
5000007883,1000006475,20241223,2,656,2,1,2,15000.00,0.00,30000.00
5000007895,1000006486,20241224,1,2191,2,4,1,12000.00,0.00,12000.00
5000007897,1000006488,20241224,2,2192,2,1,2,15000.00,3000.00,27000.00
5000007900,1000006491,20241224,2,2014,2,1,2,15000.00,3000.00,27000.00
5000007902,1000006493,20241224,1,1333,2,1,1,12000.00,0.00,12000.00
5000007903,1000006493,20241224,2,1333,2,1,1,15000.00,0.00,15000.00
5000007905,1000006495,20241224,2,2195,2,4,1,15000.00,0.00,15000.00
5000007906,1000006496,20241224,2,2196,2,3,1,15000.00,0.00,15000.00
5000007907,1000006497,20241224,2,600,2,2,1,15000.00,0.00,15000.00
5000007908,1000006498,20241224,1,1353,2,1,1,12000.00,0.00,12000.00
5000007909,1000006498,20241224,2,1353,2,1,1,15000.00,0.00,15000.00
5000007910,1000006499,20241224,2,529,2,1,2,15000.00,3000.00,27000.00
5000007913,1000006501,20241224,1,458,2,1,1,12000.00,0.00,12000.00
5000007914,1000006502,20241224,1,1176,2,2,1,12000.00,0.00,12000.00
5000007915,1000006503,20241224,2,2198,2,1,2,15000.00,0.00,30000.00
5000007917,1000006505,20241224,1,2199,2,3,1,12000.00,0.00,12000.00
5000007918,1000006505,20241224,2,2199,2,3,1,15000.00,0.00,15000.00
5000007919,1000006506,20241224,2,427,2,3,1,15000.00,0.00,15000.00
5000007921,1000006508,20241224,1,2200,2,2,1,12000.00,0.00,12000.00
5000007922,1000006508,20241224,2,2200,2,2,3,15000.00,0.00,45000.00
5000007923,1000006509,20241224,2,245,2,2,1,15000.00,0.00,15000.00
5000007954,1000006534,20241226,2,749,2,1,2,15000.00,3000.00,27000.00
5000007958,1000006538,20241226,1,1877,2,2,1,12000.00,0.00,12000.00
5000007959,1000006538,20241226,2,1877,2,2,3,15000.00,0.00,45000.00
5000007960,1000006539,20241226,2,194,2,1,4,15000.00,0.00,60000.00
5000007961,1000006540,20241226,1,1262,2,1,2,12000.00,0.00,24000.00
5000007964,1000006542,20241226,2,1119,2,3,2,15000.00,0.00,30000.00
5000007970,1000006548,20241227,1,1151,2,1,1,12000.00,0.00,12000.00
5000007971,1000006549,20241227,1,2211,2,2,4,12000.00,0.00,48000.00
5000007972,1000006550,20241227,1,2212,2,1,1,12000.00,0.00,12000.00
5000007974,1000006552,20241227,1,2214,2,4,1,12000.00,0.00,12000.00
5000007975,1000006552,20241227,2,2214,2,4,2,15000.00,0.00,30000.00
5000007976,1000006553,20241227,2,2215,2,2,3,15000.00,0.00,45000.00
5000007977,1000006554,20241227,1,571,2,4,2,12000.00,0.00,24000.00
5000007981,1000006557,20241227,2,1430,2,2,3,15000.00,0.00,45000.00
5000007986,1000006561,20241227,2,907,2,3,2,15000.00,0.00,30000.00
5000007987,1000006562,20241227,1,2219,2,1,1,12000.00,0.00,12000.00
5000007999,1000006570,20241228,1,1855,2,1,2,12000.00,0.00,24000.00
5000008000,1000006571,20241228,2,1376,2,3,1,15000.00,0.00,15000.00
5000008001,1000006572,20241228,2,291,2,2,1,15000.00,0.00,15000.00
5000008003,1000006574,20241228,1,2223,2,4,1,12000.00,0.00,12000.00
5000008004,1000006575,20241228,1,395,2,1,2,12000.00,0.00,24000.00
5000008005,1000006575,20241228,2,395,2,1,2,15000.00,0.00,30000.00
5000008006,1000006576,20241228,2,2224,2,4,1,15000.00,0.00,15000.00
5000008007,1000006577,20241228,1,1820,2,2,1,12000.00,0.00,12000.00
5000008008,1000006577,20241228,2,1820,2,2,1,15000.00,0.00,15000.00
5000008009,1000006578,20241228,1,1994,2,1,1,12000.00,0.00,12000.00
5000008010,1000006579,20241228,1,2225,2,1,1,12000.00,0.00,12000.00
5000008011,1000006579,20241228,2,2225,2,1,1,15000.00,0.00,15000.00
5000008013,1000006581,20241228,1,1121,2,2,1,12000.00,0.00,12000.00
5000008014,1000006581,20241228,2,1121,2,2,1,15000.00,0.00,15000.00
5000008015,1000006582,20241228,2,1335,2,2,1,15000.00,0.00,15000.00
5000008017,1000006584,20241228,1,1775,2,1,1,12000.00,0.00,12000.00
5000008018,1000006584,20241228,2,1775,2,1,4,15000.00,0.00,60000.00
5000008019,1000006585,20241228,1,1083,2,2,1,12000.00,0.00,12000.00
5000008020,1000006586,20241228,1,1962,2,3,1,12000.00,0.00,12000.00
5000008021,1000006587,20241228,1,808,2,4,2,12000.00,0.00,24000.00
5000008022,1000006587,20241228,2,808,2,4,1,15000.00,0.00,15000.00
5000008026,1000006590,20241228,1,304,2,3,2,12000.00,0.00,24000.00
5000008027,1000006591,20241228,1,2228,2,3,1,12000.00,0.00,12000.00
5000008048,1000006607,20241230,1,1399,2,1,1,12000.00,1200.00,10800.00
5000008049,1000006608,20241230,2,2088,2,2,3,15000.00,0.00,45000.00
5000008054,1000006612,20241230,1,2239,2,1,2,12000.00,0.00,24000.00
5000008059,1000006616,20241230,2,1935,2,2,1,15000.00,0.00,15000.00
5000008060,1000006617,20241230,1,80,2,2,2,12000.00,0.00,24000.00
5000008068,1000006623,20241231,1,1927,2,1,2,12000.00,0.00,24000.00
5000008071,1000006626,20241231,1,2152,2,4,3,12000.00,0.00,36000.00
5000008072,1000006626,20241231,2,2152,2,4,1,15000.00,0.00,15000.00
5000008073,1000006627,20241231,1,891,2,2,3,12000.00,0.00,36000.00
5000008074,1000006627,20241231,2,891,2,2,2,15000.00,0.00,30000.00
5000008075,1000006628,20241231,2,1692,2,1,4,15000.00,0.00,60000.00
5000008076,1000006629,20241231,1,1803,2,1,1,12000.00,0.00,12000.00
5000008077,1000006629,20241231,2,1803,2,1,1,15000.00,0.00,15000.00
5000008078,1000006630,20241231,1,215,2,1,2,12000.00,0.00,24000.00
5000008079,1000006630,20241231,2,215,2,1,3,15000.00,0.00,45000.00
5000008081,1000006632,20241231,2,2240,2,3,2,15000.00,0.00,30000.00
5000008082,1000006633,20241231,2,2166,2,1,3,15000.00,0.00,45000.00
5000008105,1000006655,20250102,1,2247,2,1,2,12000.00,0.00,24000.00
5000008106,1000006655,20250102,2,2247,2,1,1,15000.00,0.00,15000.00
5000008109,1000006657,20250102,2,2249,2,3,1,15000.00,0.00,15000.00
5000008115,1000006662,20250102,1,2250,2,2,2,12000.00,0.00,24000.00
5000008116,1000006663,20250102,1,2251,2,3,1,12000.00,0.00,12000.00
5000008119,1000006666,20250102,1,1701,2,4,2,12000.00,0.00,24000.00
5000008120,1000006667,20250102,2,1883,2,4,1,15000.00,0.00,15000.00
5000008121,1000006668,20250102,1,1006,2,2,2,12000.00,0.00,24000.00
5000008122,1000006668,20250102,2,1006,2,2,4,15000.00,0.00,60000.00
5000008124,1000006670,20250102,1,2252,2,3,1,12000.00,0.00,12000.00
5000008127,1000006672,20250102,2,2253,2,1,1,15000.00,0.00,15000.00
5000008130,1000006675,20250103,1,1372,2,1,1,12000.00,0.00,12000.00
5000008131,1000006675,20250103,2,1372,2,1,2,15000.00,0.00,30000.00
5000008133,1000006677,20250103,1,2255,2,3,1,12000.00,0.00,12000.00
5000008135,1000006679,20250103,1,2256,2,1,1,12000.00,0.00,12000.00
5000008136,1000006679,20250103,2,2256,2,1,1,15000.00,0.00,15000.00
5000008137,1000006680,20250103,1,233,2,3,2,12000.00,0.00,24000.00
5000008138,1000006680,20250103,2,233,2,3,1,15000.00,0.00,15000.00
5000008139,1000006681,20250103,2,388,2,4,1,15000.00,1500.00,13500.00
5000008140,1000006682,20250103,2,699,2,4,2,15000.00,0.00,30000.00
5000008141,1000006683,20250103,2,1863,2,3,1,15000.00,0.00,15000.00
5000008142,1000006684,20250103,1,1112,2,1,2,12000.00,2400.00,21600.00
5000008143,1000006684,20250103,2,1112,2,1,1,15000.00,1500.00,13500.00
5000008144,1000006685,20250103,2,1414,2,1,1,15000.00,0.00,15000.00
5000008145,1000006686,20250103,2,1983,2,2,1,15000.00,1500.00,13500.00
5000008147,1000006688,20250103,1,1443,2,1,1,12000.00,0.00,12000.00
5000008150,1000006690,20250103,2,1312,2,4,1,15000.00,0.00,15000.00
5000008157,1000006696,20250104,1,1662,2,1,2,12000.00,0.00,24000.00
5000008159,1000006698,20250104,2,1499,2,3,1,15000.00,0.00,15000.00
5000008160,1000006699,20250104,2,1655,2,3,2,15000.00,0.00,30000.00
5000008161,1000006700,20250104,1,617,2,4,2,12000.00,0.00,24000.00
5000008162,1000006701,20250104,1,2261,2,1,3,12000.00,0.00,36000.00
5000008163,1000006701,20250104,2,2261,2,1,2,15000.00,0.00,30000.00
5000008165,1000006703,20250104,1,194,2,1,1,12000.00,0.00,12000.00
5000008167,1000006705,20250104,1,2263,2,3,2,12000.00,0.00,24000.00
5000008168,1000006706,20250104,2,1085,2,3,1,15000.00,0.00,15000.00
5000008169,1000006707,20250104,1,1988,2,4,1,12000.00,0.00,12000.00
5000008170,1000006708,20250104,1,2264,2,3,1,12000.00,1200.00,10800.00
5000008171,1000006708,20250104,2,2264,2,3,2,15000.00,3000.00,27000.00
5000008172,1000006709,20250104,2,1512,2,2,1,15000.00,1500.00,13500.00
5000008173,1000006710,20250104,2,1165,2,1,4,15000.00,0.00,60000.00
5000008174,1000006711,20250104,2,2067,2,4,1,15000.00,0.00,15000.00
5000008177,1000006713,20250104,2,1746,2,1,3,15000.00,0.00,45000.00
5000008178,1000006714,20250104,2,2266,2,4,4,15000.00,0.00,60000.00
5000008180,1000006716,20250104,1,402,2,3,2,12000.00,0.00,24000.00
5000008181,1000006716,20250104,2,402,2,3,1,15000.00,0.00,15000.00
5000006144,1000005052,20241027,2,566,1,,1,15000.00,0.00,15000.00
5000006145,1000005053,20241027,2,978,1,,1,15000.00,0.00,15000.00
5000006146,1000005054,20241027,1,232,1,,2,12000.00,0.00,24000.00
5000006147,1000005054,20241027,2,232,1,,3,15000.00,0.00,45000.00
5000006148,1000005055,20241027,1,1879,1,,3,12000.00,0.00,36000.00
5000006149,1000005056,20241027,1,787,1,,1,12000.00,0.00,12000.00
5000006150,1000005056,20241027,2,787,1,,1,15000.00,0.00,15000.00
5000006151,1000005057,20241027,1,1880,1,,1,12000.00,0.00,12000.00
5000006152,1000005058,20241027,2,1579,1,,2,15000.00,0.00,30000.00
5000006153,1000005059,20241027,1,1626,1,,1,12000.00,0.00,12000.00
5000006154,1000005060,20241027,1,1273,1,,1,12000.00,0.00,12000.00
5000006155,1000005060,20241027,2,1273,1,,2,15000.00,0.00,30000.00
5000006156,1000005061,20241027,2,1359,1,,1,15000.00,0.00,15000.00
5000006157,1000005062,20241027,1,1336,1,,1,12000.00,0.00,12000.00
5000006158,1000005063,20241027,1,1160,1,,1,12000.00,0.00,12000.00
5000006159,1000005064,20241027,1,1881,1,,4,12000.00,0.00,48000.00
5000006160,1000005065,20241028,1,179,1,,1,12000.00,0.00,12000.00
5000006161,1000005066,20241028,1,1882,1,,1,12000.00,0.00,12000.00
5000006162,1000005067,20241028,1,764,1,,4,12000.00,0.00,48000.00
5000006167,1000005072,20241028,1,1885,1,,1,12000.00,0.00,12000.00
5000006168,1000005073,20241028,1,1168,1,,1,12000.00,0.00,12000.00
5000006169,1000005074,20241028,1,5,1,,1,12000.00,0.00,12000.00
5000006171,1000005076,20241028,1,1887,1,,3,12000.00,0.00,36000.00
5000006176,1000005081,20241028,1,1343,1,,1,12000.00,0.00,12000.00
5000006177,1000005081,20241028,2,1343,1,,3,15000.00,0.00,45000.00
5000006179,1000005083,20241028,2,1313,1,,2,15000.00,0.00,30000.00
5000006182,1000005085,20241028,1,487,1,,1,12000.00,0.00,12000.00
5000006183,1000005086,20241029,2,214,1,,1,15000.00,0.00,15000.00
5000006184,1000005087,20241029,1,1420,1,,2,12000.00,0.00,24000.00
5000006185,1000005087,20241029,2,1420,1,,3,15000.00,0.00,45000.00
5000006186,1000005088,20241029,2,1329,1,,1,15000.00,0.00,15000.00
5000006189,1000005091,20241029,1,869,1,,1,12000.00,0.00,12000.00
5000006190,1000005092,20241029,2,1889,1,,1,15000.00,0.00,15000.00
5000006191,1000005093,20241029,1,1750,1,,1,12000.00,0.00,12000.00
5000006192,1000005093,20241029,2,1750,1,,1,15000.00,0.00,15000.00
5000006194,1000005095,20241029,2,946,1,,3,15000.00,0.00,45000.00
5000006195,1000005096,20241029,1,1653,1,,1,12000.00,0.00,12000.00
5000006199,1000005099,20241029,1,630,1,,2,12000.00,0.00,24000.00
5000006200,1000005099,20241029,2,630,1,,1,15000.00,0.00,15000.00
5000006202,1000005101,20241029,1,742,1,,1,12000.00,0.00,12000.00
5000006203,1000005102,20241029,2,1187,1,,1,15000.00,0.00,15000.00
5000006204,1000005103,20241029,2,652,1,,1,15000.00,0.00,15000.00
5000006205,1000005104,20241029,2,723,1,,1,15000.00,0.00,15000.00
5000006206,1000005105,20241029,2,279,1,,1,15000.00,0.00,15000.00
5000006207,1000005106,20241029,1,812,1,,3,12000.00,0.00,36000.00
5000006208,1000005107,20241030,1,938,1,,1,12000.00,0.00,12000.00
5000006209,1000005108,20241030,2,1891,1,,2,15000.00,1500.00,28500.00
5000006210,1000005109,20241030,2,1892,1,,1,15000.00,0.00,15000.00
5000006211,1000005110,20241030,1,1539,1,,3,12000.00,0.00,36000.00
5000006212,1000005111,20241030,1,1893,1,,3,12000.00,0.00,36000.00
5000006213,1000005111,20241030,2,1893,1,,4,15000.00,0.00,60000.00
5000006215,1000005113,20241030,1,1894,1,,4,12000.00,0.00,48000.00
5000006222,1000005119,20241030,1,1102,1,,1,12000.00,0.00,12000.00
5000006225,1000005122,20241030,2,996,1,,2,15000.00,0.00,30000.00
5000006226,1000005123,20241030,1,457,1,,1,12000.00,0.00,12000.00
5000006227,1000005124,20241030,1,45,1,,2,12000.00,0.00,24000.00
5000006228,1000005125,20241030,1,257,1,,1,12000.00,0.00,12000.00
5000006229,1000005126,20241030,1,1795,1,,2,12000.00,0.00,24000.00
5000006230,1000005126,20241030,2,1795,1,,1,15000.00,0.00,15000.00
5000006231,1000005127,20241030,2,1511,1,,2,15000.00,0.00,30000.00
5000006232,1000005128,20241031,1,849,1,,4,12000.00,0.00,48000.00
5000006233,1000005129,20241031,1,626,1,,1,12000.00,0.00,12000.00
5000006234,1000005130,20241031,1,1046,1,,1,12000.00,0.00,12000.00
5000006237,1000005133,20241031,2,1568,1,,1,15000.00,0.00,15000.00
5000006241,1000005136,20241031,2,733,1,,1,15000.00,0.00,15000.00
5000006246,1000005140,20241031,2,1897,1,,2,15000.00,0.00,30000.00
5000006252,1000005144,20241031,2,1229,1,,2,15000.00,0.00,30000.00
5000006254,1000005146,20241031,1,1016,1,,1,12000.00,0.00,12000.00
5000006255,1000005147,20241031,1,1768,1,,1,12000.00,0.00,12000.00
5000006256,1000005148,20241101,2,653,1,,1,15000.00,0.00,15000.00
5000006265,1000005155,20241101,1,1901,1,,2,12000.00,0.00,24000.00
5000006268,1000005158,20241101,1,494,1,,1,12000.00,0.00,12000.00
5000006269,1000005159,20241101,1,1902,1,,2,12000.00,0.00,24000.00
5000006270,1000005159,20241101,2,1902,1,,3,15000.00,0.00,45000.00
5000006278,1000005165,20241101,1,1903,1,,1,12000.00,0.00,12000.00
5000006279,1000005166,20241101,1,1318,1,,3,12000.00,0.00,36000.00
5000006280,1000005167,20241102,1,1057,1,,3,12000.00,0.00,36000.00
5000006281,1000005168,20241102,2,1388,1,,1,15000.00,0.00,15000.00
5000006282,1000005169,20241102,1,629,1,,2,12000.00,1200.00,22800.00
5000006295,1000005181,20241102,1,160,1,,1,12000.00,0.00,12000.00
5000006300,1000005185,20241103,1,1907,1,,1,12000.00,0.00,12000.00
5000006301,1000005186,20241103,2,1908,1,,1,15000.00,0.00,15000.00
5000006302,1000005187,20241103,1,1501,1,,2,12000.00,0.00,24000.00
5000006303,1000005188,20241103,1,1088,1,,1,12000.00,0.00,12000.00
5000006304,1000005189,20241103,2,1841,1,,2,15000.00,0.00,30000.00
5000006305,1000005190,20241103,1,1909,1,,1,12000.00,0.00,12000.00
5000006306,1000005190,20241103,2,1909,1,,1,15000.00,0.00,15000.00
5000006307,1000005191,20241103,1,11,1,,1,12000.00,0.00,12000.00
5000006308,1000005192,20241103,1,1252,1,,2,12000.00,0.00,24000.00
5000006309,1000005193,20241103,1,173,1,,2,12000.00,0.00,24000.00
5000006310,1000005194,20241103,1,1910,1,,1,12000.00,0.00,12000.00
5000006311,1000005194,20241103,2,1910,1,,1,15000.00,0.00,15000.00
5000006312,1000005195,20241104,2,1423,1,,1,15000.00,2250.00,12750.00
5000006313,1000005196,20241104,1,1814,1,,3,12000.00,5400.00,30600.00
5000006314,1000005197,20241104,1,26,1,,2,12000.00,3600.00,20400.00
5000006315,1000005198,20241104,2,1911,1,,4,15000.00,9000.00,51000.00
5000006316,1000005199,20241104,1,1047,1,,1,12000.00,1800.00,10200.00
5000006317,1000005200,20241104,1,1525,1,,1,12000.00,1800.00,10200.00
5000006319,1000005202,20241104,2,1542,1,,1,15000.00,2250.00,12750.00
5000006322,1000005204,20241104,1,1632,1,,1,12000.00,1800.00,10200.00
5000006323,1000005205,20241104,1,1783,1,,1,12000.00,1800.00,10200.00
5000006324,1000005206,20241104,1,1913,1,,1,12000.00,1800.00,10200.00
5000006325,1000005207,20241104,1,373,1,,2,12000.00,3600.00,20400.00
5000006326,1000005208,20241104,2,47,1,,2,15000.00,4500.00,25500.00
5000006327,1000005209,20241104,1,1650,1,,2,12000.00,3600.00,20400.00
5000006328,1000005210,20241104,2,1914,1,,1,15000.00,2250.00,12750.00
5000006329,1000005211,20241104,1,473,1,,1,12000.00,1800.00,10200.00
5000006330,1000005212,20241104,1,1638,1,,2,12000.00,3600.00,20400.00
5000006331,1000005213,20241104,1,538,1,,1,12000.00,1800.00,10200.00
5000006332,1000005213,20241104,2,538,1,,3,15000.00,6750.00,38250.00
5000006336,1000005216,20241104,2,263,1,,2,15000.00,4500.00,25500.00
5000006337,1000005217,20241104,1,1582,1,,3,12000.00,5400.00,30600.00
5000006338,1000005218,20241104,1,1375,1,,1,12000.00,1800.00,10200.00
5000006340,1000005220,20241104,1,1549,1,,3,12000.00,5400.00,30600.00
5000006341,1000005220,20241104,2,1549,1,,1,15000.00,2250.00,12750.00
5000006343,1000005222,20241104,1,268,1,,1,12000.00,1800.00,10200.00
5000006344,1000005223,20241104,2,918,1,,1,15000.00,2250.00,12750.00
5000006345,1000005224,20241104,1,1915,1,,1,12000.00,1800.00,10200.00
5000006346,1000005225,20241104,1,1358,1,,2,12000.00,3600.00,20400.00
5000006347,1000005226,20241104,1,870,1,,4,12000.00,7200.00,40800.00
5000006348,1000005226,20241104,2,870,1,,1,15000.00,2250.00,12750.00
5000006349,1000005227,20241104,1,1475,1,,3,12000.00,5400.00,30600.00
5000006350,1000005228,20241104,1,681,1,,1,12000.00,1800.00,10200.00
5000006351,1000005228,20241104,2,681,1,,2,15000.00,4500.00,25500.00
5000006352,1000005229,20241104,2,1916,1,,1,15000.00,2250.00,12750.00
5000006353,1000005230,20241104,1,1297,1,,1,12000.00,1800.00,10200.00
5000006354,1000005231,20241105,1,1639,1,,1,12000.00,1800.00,10200.00
5000006355,1000005231,20241105,2,1639,1,,1,15000.00,2250.00,12750.00
5000006356,1000005232,20241105,1,505,1,,1,12000.00,1800.00,10200.00
5000006357,1000005232,20241105,2,505,1,,2,15000.00,4500.00,25500.00
5000006358,1000005233,20241105,1,1256,1,,1,12000.00,1800.00,10200.00
5000006359,1000005234,20241105,1,1917,1,,1,12000.00,1800.00,10200.00
5000006360,1000005234,20241105,2,1917,1,,2,15000.00,4500.00,25500.00
5000006361,1000005235,20241105,2,1754,1,,1,15000.00,2250.00,12750.00
5000006362,1000005236,20241105,2,581,1,,3,15000.00,6750.00,38250.00
5000006363,1000005237,20241105,1,1278,1,,1,12000.00,1800.00,10200.00
5000006364,1000005238,20241105,2,1547,1,,1,15000.00,2250.00,12750.00
5000006365,1000005239,20241105,1,421,1,,1,12000.00,1800.00,10200.00
5000006366,1000005239,20241105,2,421,1,,1,15000.00,2250.00,12750.00
5000006368,1000005241,20241105,1,1021,1,,1,12000.00,1800.00,10200.00
5000006370,1000005243,20241105,1,1779,1,,2,12000.00,3600.00,20400.00
5000006371,1000005244,20241105,1,909,1,,4,12000.00,7200.00,40800.00
5000006372,1000005244,20241105,2,909,1,,1,15000.00,2250.00,12750.00
5000006373,1000005245,20241105,2,1728,1,,2,15000.00,4500.00,25500.00
5000006374,1000005246,20241105,1,1748,1,,1,12000.00,1800.00,10200.00
5000006375,1000005247,20241105,1,1919,1,,2,12000.00,3600.00,20400.00
5000006376,1000005248,20241105,1,1024,1,,1,12000.00,1800.00,10200.00
5000006377,1000005249,20241105,1,461,1,,2,12000.00,3600.00,20400.00
5000006378,1000005250,20241105,2,342,1,,3,15000.00,6750.00,38250.00
5000006381,1000005252,20241105,1,1707,1,,1,12000.00,1800.00,10200.00
5000006382,1000005252,20241105,2,1707,1,,2,15000.00,4500.00,25500.00
5000006383,1000005253,20241105,1,1920,1,,1,12000.00,1800.00,10200.00
5000006384,1000005253,20241105,2,1920,1,,1,15000.00,2250.00,12750.00
5000006386,1000005255,20241105,1,1610,1,,1,12000.00,1800.00,10200.00
5000006387,1000005256,20241105,1,405,1,,1,12000.00,1800.00,10200.00
5000006390,1000005259,20241105,1,791,1,,1,12000.00,1800.00,10200.00
5000006391,1000005259,20241105,2,791,1,,3,15000.00,6750.00,38250.00
5000006392,1000005260,20241105,1,1646,1,,1,12000.00,1800.00,10200.00
5000006393,1000005261,20241105,2,1921,1,,2,15000.00,4500.00,25500.00
5000006394,1000005262,20241105,1,1426,1,,2,12000.00,3600.00,20400.00
5000006395,1000005263,20241105,1,1570,1,,1,12000.00,1800.00,10200.00
5000006396,1000005263,20241105,2,1570,1,,4,15000.00,9000.00,51000.00
5000006397,1000005264,20241105,1,399,1,,1,12000.00,1800.00,10200.00
5000006398,1000005265,20241105,1,1922,1,,1,12000.00,1800.00,10200.00
5000006399,1000005266,20241105,2,984,1,,2,15000.00,4500.00,25500.00
5000006400,1000005267,20241106,2,1923,1,,1,15000.00,2250.00,12750.00
5000006401,1000005268,20241106,1,1588,1,,3,12000.00,5400.00,30600.00
5000006402,1000005269,20241106,2,1182,1,,1,15000.00,2250.00,12750.00
5000006403,1000005270,20241106,2,70,1,,3,15000.00,6750.00,38250.00
5000006404,1000005271,20241106,2,1924,1,,1,15000.00,2250.00,12750.00
5000006405,1000005272,20241106,1,1370,1,,3,12000.00,5400.00,30600.00
5000006406,1000005273,20241106,1,670,1,,2,12000.00,3600.00,20400.00
5000006407,1000005274,20241106,1,1925,1,,1,12000.00,1800.00,10200.00
5000006408,1000005274,20241106,2,1925,1,,1,15000.00,2250.00,12750.00
5000006409,1000005275,20241106,1,1351,1,,3,12000.00,5400.00,30600.00
5000006410,1000005276,20241106,1,1078,1,,4,12000.00,7200.00,40800.00
5000006411,1000005276,20241106,2,1078,1,,1,15000.00,2250.00,12750.00
5000006412,1000005277,20241106,1,785,1,,4,12000.00,7200.00,40800.00
5000006415,1000005279,20241106,1,1068,1,,1,12000.00,1800.00,10200.00
5000006417,1000005281,20241106,1,784,1,,1,12000.00,1800.00,10200.00
5000006418,1000005281,20241106,2,784,1,,3,15000.00,6750.00,38250.00
5000006423,1000005285,20241106,2,14,1,,2,15000.00,4500.00,25500.00
5000006424,1000005286,20241106,1,1331,1,,3,12000.00,5400.00,30600.00
5000006425,1000005286,20241106,2,1331,1,,1,15000.00,2250.00,12750.00
5000006426,1000005287,20241106,2,1927,1,,2,15000.00,4500.00,25500.00
5000006427,1000005288,20241106,1,396,1,,2,12000.00,3600.00,20400.00
5000006428,1000005289,20241106,2,1120,1,,2,15000.00,4500.00,25500.00
5000006429,1000005290,20241106,1,1077,1,,1,12000.00,1800.00,10200.00
5000006433,1000005293,20241106,1,1180,1,,1,12000.00,1800.00,10200.00
5000006435,1000005295,20241106,1,1928,1,,1,12000.00,1800.00,10200.00
5000006436,1000005295,20241106,2,1928,1,,1,15000.00,2250.00,12750.00
5000006437,1000005296,20241106,1,1051,1,,2,12000.00,3600.00,20400.00
5000006441,1000005299,20241106,2,1929,1,,2,15000.00,4500.00,25500.00
5000006442,1000005300,20241106,2,1931,1,,3,15000.00,6750.00,38250.00
5000006443,1000005301,20241106,1,222,1,,2,12000.00,3600.00,20400.00
5000006444,1000005302,20241106,1,622,1,,3,12000.00,5400.00,30600.00
5000006445,1000005303,20241106,2,1428,1,,1,15000.00,2250.00,12750.00
5000006446,1000005304,20241106,1,294,1,,1,12000.00,1800.00,10200.00
5000006447,1000005305,20241106,1,913,1,,1,12000.00,1800.00,10200.00
5000006448,1000005306,20241106,1,53,1,,2,12000.00,3600.00,20400.00
5000006449,1000005306,20241106,2,53,1,,1,15000.00,2250.00,12750.00
5000006450,1000005307,20241106,1,1849,1,,1,12000.00,1800.00,10200.00
5000006451,1000005308,20241106,2,1591,1,,1,15000.00,2250.00,12750.00
5000006452,1000005309,20241106,1,871,1,,2,12000.00,3600.00,20400.00
5000006453,1000005310,20241106,1,1932,1,,1,12000.00,1800.00,10200.00
5000006454,1000005310,20241106,2,1932,1,,3,15000.00,6750.00,38250.00
5000006455,1000005311,20241106,2,1121,1,,1,15000.00,2250.00,12750.00
5000006456,1000005312,20241107,1,1706,1,,1,12000.00,0.00,12000.00
5000006459,1000005314,20241107,1,1006,1,,1,12000.00,0.00,12000.00
5000006460,1000005315,20241107,1,118,1,,2,12000.00,0.00,24000.00
5000006462,1000005317,20241107,2,27,1,,2,15000.00,0.00,30000.00
5000006468,1000005322,20241107,1,1087,1,,2,12000.00,0.00,24000.00
5000006469,1000005323,20241107,1,404,1,,1,12000.00,0.00,12000.00
5000006470,1000005324,20241107,2,542,1,,2,15000.00,0.00,30000.00
5000006472,1000005326,20241107,1,1450,1,,4,12000.00,0.00,48000.00
5000006473,1000005326,20241107,2,1450,1,,1,15000.00,0.00,15000.00
5000006475,1000005328,20241107,1,420,1,,1,12000.00,600.00,11400.00
5000006476,1000005328,20241107,2,420,1,,2,15000.00,1500.00,28500.00
5000006477,1000005329,20241107,1,201,1,,2,12000.00,0.00,24000.00
5000006478,1000005330,20241107,1,1592,1,,1,12000.00,0.00,12000.00
5000006479,1000005331,20241107,1,1286,1,,2,12000.00,0.00,24000.00
5000006480,1000005332,20241107,1,169,1,,3,12000.00,0.00,36000.00
5000006481,1000005333,20241108,2,335,1,,1,15000.00,0.00,15000.00
5000006483,1000005335,20241108,1,241,1,,2,12000.00,0.00,24000.00
5000006484,1000005336,20241108,1,1328,1,,1,12000.00,0.00,12000.00
5000006485,1000005336,20241108,2,1328,1,,2,15000.00,0.00,30000.00
5000006486,1000005337,20241108,1,725,1,,1,12000.00,0.00,12000.00
5000006491,1000005341,20241108,1,1936,1,,1,12000.00,0.00,12000.00
5000006492,1000005342,20241108,2,287,1,,1,15000.00,0.00,15000.00
5000006498,1000005347,20241108,1,65,1,,1,12000.00,0.00,12000.00
5000006499,1000005348,20241108,1,161,1,,1,12000.00,0.00,12000.00
5000006500,1000005349,20241108,2,1823,1,,1,15000.00,0.00,15000.00
5000006501,1000005350,20241108,2,339,1,,2,15000.00,0.00,30000.00
5000006502,1000005351,20241108,1,1598,1,,1,12000.00,0.00,12000.00
5000006503,1000005351,20241108,2,1598,1,,2,15000.00,0.00,30000.00
5000006504,1000005352,20241108,1,1939,1,,2,12000.00,0.00,24000.00
5000006505,1000005353,20241108,2,1577,1,,4,15000.00,0.00,60000.00
5000006506,1000005354,20241109,2,1940,1,,2,15000.00,0.00,30000.00
5000006507,1000005355,20241109,2,1770,1,,3,15000.00,0.00,45000.00
5000006508,1000005356,20241109,2,1941,1,,1,15000.00,0.00,15000.00
5000006509,1000005357,20241109,1,696,1,,1,12000.00,0.00,12000.00
5000006510,1000005357,20241109,2,696,1,,1,15000.00,0.00,15000.00
5000006518,1000005363,20241109,2,1275,1,,2,15000.00,0.00,30000.00
5000006519,1000005364,20241109,1,684,1,,1,12000.00,0.00,12000.00
5000006520,1000005364,20241109,2,684,1,,1,15000.00,0.00,15000.00
5000006521,1000005365,20241109,1,299,1,,1,12000.00,0.00,12000.00
5000006522,1000005366,20241109,1,1244,1,,1,12000.00,0.00,12000.00
5000006523,1000005366,20241109,2,1244,1,,1,15000.00,0.00,15000.00
5000006524,1000005367,20241109,2,1580,1,,1,15000.00,0.00,15000.00
5000006525,1000005368,20241109,2,1313,1,,1,15000.00,0.00,15000.00
5000006526,1000005369,20241109,2,1943,1,,1,15000.00,0.00,15000.00
5000006527,1000005370,20241109,2,1432,1,,4,15000.00,0.00,60000.00
5000006533,1000005375,20241109,1,1945,1,,1,12000.00,0.00,12000.00
5000006534,1000005375,20241109,2,1945,1,,1,15000.00,0.00,15000.00
5000006535,1000005376,20241109,2,143,1,,2,15000.00,0.00,30000.00
5000006536,1000005377,20241109,1,207,1,,4,12000.00,0.00,48000.00
5000006537,1000005378,20241109,1,1946,1,,2,12000.00,0.00,24000.00
5000006538,1000005378,20241109,2,1946,1,,3,15000.00,0.00,45000.00
5000006539,1000005379,20241109,1,1947,1,,1,12000.00,0.00,12000.00
5000006540,1000005379,20241109,2,1947,1,,1,15000.00,0.00,15000.00
5000006541,1000005380,20241109,1,172,1,,1,12000.00,0.00,12000.00
5000006542,1000005380,20241109,2,172,1,,1,15000.00,0.00,15000.00
5000006543,1000005381,20241110,2,759,1,,2,15000.00,0.00,30000.00
5000006544,1000005382,20241110,2,333,1,,1,15000.00,0.00,15000.00
5000006545,1000005383,20241110,2,447,1,,4,15000.00,0.00,60000.00
5000006546,1000005384,20241110,2,1254,1,,2,15000.00,0.00,30000.00
5000006547,1000005385,20241110,1,122,1,,1,12000.00,0.00,12000.00
5000006548,1000005385,20241110,2,122,1,,1,15000.00,0.00,15000.00
5000006549,1000005386,20241110,1,1504,1,,1,12000.00,0.00,12000.00
5000006550,1000005387,20241110,1,1439,1,,1,12000.00,0.00,12000.00
5000006551,1000005388,20241110,2,1554,1,,1,15000.00,0.00,15000.00
5000006552,1000005389,20241110,2,115,1,,1,15000.00,0.00,15000.00
5000006553,1000005390,20241111,2,1724,1,,2,15000.00,0.00,30000.00
5000006554,1000005391,20241111,1,1345,1,,1,12000.00,0.00,12000.00
5000006555,1000005391,20241111,2,1345,1,,3,15000.00,0.00,45000.00
5000006556,1000005392,20241111,1,977,1,,2,12000.00,0.00,24000.00
5000006557,1000005392,20241111,2,977,1,,1,15000.00,0.00,15000.00
5000006561,1000005396,20241111,2,176,1,,1,15000.00,0.00,15000.00
5000006565,1000005400,20241111,1,1265,1,,1,12000.00,0.00,12000.00
5000006568,1000005403,20241111,1,1949,1,,1,12000.00,0.00,12000.00
5000006569,1000005404,20241111,1,1725,1,,1,12000.00,0.00,12000.00
5000006570,1000005404,20241111,2,1725,1,,1,15000.00,0.00,15000.00
5000006571,1000005405,20241111,1,1516,1,,1,12000.00,0.00,12000.00
5000006572,1000005405,20241111,2,1516,1,,2,15000.00,0.00,30000.00
5000006573,1000005406,20241111,2,1867,1,,1,15000.00,0.00,15000.00
5000006574,1000005407,20241111,1,425,1,,3,12000.00,1800.00,34200.00
5000006575,1000005407,20241111,2,425,1,,2,15000.00,1500.00,28500.00
5000006576,1000005408,20241112,1,152,1,,1,12000.00,0.00,12000.00
5000006577,1000005409,20241112,1,1600,1,,1,12000.00,1200.00,10800.00
5000006578,1000005410,20241112,2,1795,1,,2,15000.00,0.00,30000.00
5000006579,1000005411,20241112,1,1950,1,,1,12000.00,0.00,12000.00
5000006581,1000005413,20241112,1,1951,1,,2,12000.00,0.00,24000.00
5000006582,1000005413,20241112,2,1951,1,,2,15000.00,0.00,30000.00
5000006584,1000005415,20241112,1,1953,1,,1,12000.00,0.00,12000.00
5000006585,1000005416,20241112,1,1954,1,,3,12000.00,0.00,36000.00
5000006586,1000005417,20241112,2,715,1,,1,15000.00,0.00,15000.00
5000006588,1000005419,20241112,1,1572,1,,1,12000.00,0.00,12000.00
5000006591,1000005422,20241112,1,595,1,,3,12000.00,0.00,36000.00
5000006592,1000005422,20241112,2,595,1,,2,15000.00,0.00,30000.00
5000006594,1000005424,20241112,1,1713,1,,2,12000.00,2400.00,21600.00
5000006595,1000005425,20241112,2,1203,1,,2,15000.00,0.00,30000.00
5000006596,1000005426,20241112,1,1955,1,,1,12000.00,0.00,12000.00
5000006597,1000005427,20241112,1,1813,1,,2,12000.00,2400.00,21600.00
5000006598,1000005428,20241113,1,1768,1,,1,12000.00,0.00,12000.00
5000006599,1000005429,20241113,1,1337,1,,3,12000.00,0.00,36000.00
5000006600,1000005429,20241113,2,1337,1,,1,15000.00,0.00,15000.00
5000006601,1000005430,20241113,2,1956,1,,3,15000.00,0.00,45000.00
5000006603,1000005432,20241113,1,1762,1,,1,12000.00,0.00,12000.00
5000006604,1000005433,20241113,1,1957,1,,1,12000.00,0.00,12000.00
5000006607,1000005435,20241113,2,1257,1,,2,15000.00,0.00,30000.00
5000006608,1000005436,20241113,2,1959,1,,2,15000.00,0.00,30000.00
5000006611,1000005439,20241113,1,1961,1,,2,12000.00,0.00,24000.00
5000006612,1000005440,20241113,1,1883,1,,1,12000.00,0.00,12000.00
5000006616,1000005443,20241113,1,998,1,,1,12000.00,0.00,12000.00
5000006617,1000005443,20241113,2,998,1,,4,15000.00,0.00,60000.00
5000006621,1000005446,20241113,2,1476,1,,1,15000.00,0.00,15000.00
5000006622,1000005447,20241113,1,1352,1,,3,12000.00,0.00,36000.00
5000006623,1000005447,20241113,2,1352,1,,3,15000.00,0.00,45000.00
5000006625,1000005449,20241113,1,351,1,,2,12000.00,0.00,24000.00
5000006626,1000005450,20241113,1,1963,1,,2,12000.00,0.00,24000.00
5000006627,1000005451,20241113,2,1830,1,,1,15000.00,0.00,15000.00
5000006628,1000005452,20241113,1,456,1,,1,12000.00,0.00,12000.00
5000006629,1000005452,20241113,2,456,1,,1,15000.00,0.00,15000.00
5000006630,1000005453,20241114,1,1017,1,,2,12000.00,0.00,24000.00
5000006631,1000005454,20241114,1,1515,1,,2,12000.00,0.00,24000.00
5000006632,1000005454,20241114,2,1515,1,,1,15000.00,0.00,15000.00
5000006633,1000005455,20241114,1,629,1,,1,12000.00,0.00,12000.00
5000006634,1000005456,20241114,1,1964,1,,2,12000.00,0.00,24000.00
5000006635,1000005456,20241114,2,1964,1,,1,15000.00,0.00,15000.00
5000006636,1000005457,20241114,2,74,1,,2,15000.00,0.00,30000.00
5000006637,1000005458,20241114,2,1965,1,,2,15000.00,0.00,30000.00
5000006640,1000005460,20241114,1,1966,1,,1,12000.00,0.00,12000.00
5000006641,1000005461,20241114,1,1967,1,,2,12000.00,0.00,24000.00
5000006642,1000005462,20241114,1,1393,1,,1,12000.00,0.00,12000.00
5000006643,1000005462,20241114,2,1393,1,,1,15000.00,0.00,15000.00
5000006645,1000005464,20241114,2,1080,1,,1,15000.00,0.00,15000.00
5000006649,1000005467,20241114,2,1969,1,,1,15000.00,0.00,15000.00
5000006650,1000005468,20241114,2,26,1,,1,15000.00,0.00,15000.00
5000006652,1000005470,20241114,1,1125,1,,1,12000.00,0.00,12000.00
5000006653,1000005470,20241114,2,1125,1,,1,15000.00,0.00,15000.00
5000006654,1000005471,20241114,2,1626,1,,1,15000.00,0.00,15000.00
5000006655,1000005472,20241114,2,1274,1,,2,15000.00,0.00,30000.00
5000006657,1000005474,20241114,1,1624,1,,1,12000.00,0.00,12000.00
5000006658,1000005475,20241114,2,113,1,,1,15000.00,0.00,15000.00
5000006660,1000005477,20241114,1,470,1,,4,12000.00,0.00,48000.00
5000006661,1000005478,20241114,2,1971,1,,2,15000.00,0.00,30000.00
5000006662,1000005479,20241114,2,705,1,,1,15000.00,0.00,15000.00
5000006663,1000005480,20241114,1,494,1,,1,12000.00,0.00,12000.00
5000006664,1000005480,20241114,2,494,1,,2,15000.00,0.00,30000.00
5000006667,1000005483,20241115,2,1043,1,,3,15000.00,0.00,45000.00
5000006675,1000005489,20241115,1,1973,1,,1,12000.00,0.00,12000.00
5000006677,1000005491,20241115,2,997,1,,2,15000.00,0.00,30000.00
5000006678,1000005492,20241115,1,1411,1,,1,12000.00,0.00,12000.00
5000006679,1000005493,20241116,1,1975,1,,4,12000.00,0.00,48000.00
5000006680,1000005494,20241116,1,1739,1,,1,12000.00,0.00,12000.00
5000006681,1000005494,20241116,2,1739,1,,3,15000.00,0.00,45000.00
5000006685,1000005497,20241116,1,1885,1,,4,12000.00,0.00,48000.00
5000006686,1000005497,20241116,2,1885,1,,1,15000.00,0.00,15000.00
5000006689,1000005500,20241116,1,1977,1,,2,12000.00,0.00,24000.00
5000006692,1000005503,20241116,1,1978,1,,1,12000.00,0.00,12000.00
5000006695,1000005506,20241116,1,1913,1,,2,12000.00,0.00,24000.00
5000006698,1000005509,20241116,1,1979,1,,2,12000.00,0.00,24000.00
5000006699,1000005510,20241116,1,1980,1,,2,12000.00,0.00,24000.00
5000006700,1000005511,20241116,1,847,1,,2,12000.00,0.00,24000.00
5000006701,1000005512,20241116,1,639,1,,3,12000.00,0.00,36000.00
5000006702,1000005513,20241117,1,713,1,,1,12000.00,0.00,12000.00
5000006703,1000005513,20241117,2,713,1,,2,15000.00,0.00,30000.00
5000006704,1000005514,20241117,1,1981,1,,1,12000.00,0.00,12000.00
5000006705,1000005514,20241117,2,1981,1,,1,15000.00,0.00,15000.00
5000006706,1000005515,20241117,1,1239,1,,1,12000.00,0.00,12000.00
5000006707,1000005515,20241117,2,1239,1,,1,15000.00,0.00,15000.00
5000006708,1000005516,20241118,2,1143,1,,1,15000.00,0.00,15000.00
5000006709,1000005517,20241118,1,1878,1,,2,12000.00,0.00,24000.00
5000006710,1000005517,20241118,2,1878,1,,1,15000.00,0.00,15000.00
5000006711,1000005518,20241118,2,1486,1,,1,15000.00,0.00,15000.00
5000006712,1000005519,20241118,2,579,1,,3,15000.00,0.00,45000.00
5000006716,1000005522,20241118,2,1484,1,,3,15000.00,0.00,45000.00
5000006719,1000005525,20241118,1,1249,1,,1,12000.00,0.00,12000.00
5000006722,1000005527,20241118,2,671,1,,4,15000.00,0.00,60000.00
5000006723,1000005528,20241118,2,1855,1,,2,15000.00,0.00,30000.00
5000006725,1000005530,20241118,1,104,1,,2,12000.00,0.00,24000.00
5000006726,1000005530,20241118,2,104,1,,1,15000.00,0.00,15000.00
5000006728,1000005532,20241118,1,1784,1,,1,12000.00,600.00,11400.00
5000006729,1000005532,20241118,2,1784,1,,2,15000.00,1500.00,28500.00
5000006730,1000005533,20241118,1,967,1,,1,12000.00,0.00,12000.00
5000006731,1000005534,20241118,1,1984,1,,2,12000.00,0.00,24000.00
5000006732,1000005535,20241118,1,1135,1,,3,12000.00,0.00,36000.00
5000006733,1000005536,20241119,1,270,1,,1,12000.00,0.00,12000.00
5000006734,1000005536,20241119,2,270,1,,1,15000.00,0.00,15000.00
5000006736,1000005538,20241119,1,490,1,,1,12000.00,0.00,12000.00
5000006738,1000005540,20241119,2,460,1,,4,15000.00,0.00,60000.00
5000006739,1000005541,20241119,2,1610,1,,2,15000.00,0.00,30000.00
5000006742,1000005544,20241119,1,1989,1,,2,12000.00,0.00,24000.00
5000006743,1000005545,20241119,1,1687,1,,1,12000.00,0.00,12000.00
5000006744,1000005545,20241119,2,1687,1,,2,15000.00,0.00,30000.00
5000006745,1000005546,20241119,2,1672,1,,1,15000.00,0.00,15000.00
5000006746,1000005547,20241119,2,1204,1,,8,15000.00,18000.00,102000.00
5000006747,1000005548,20241119,1,263,1,,1,12000.00,0.00,12000.00
5000006748,1000005548,20241119,2,263,1,,2,15000.00,0.00,30000.00
5000006750,1000005550,20241119,2,1070,1,,1,15000.00,0.00,15000.00
5000006751,1000005551,20241119,1,644,1,,1,12000.00,0.00,12000.00
5000006752,1000005551,20241119,2,644,1,,1,15000.00,0.00,15000.00
5000006753,1000005552,20241119,2,1991,1,,2,15000.00,0.00,30000.00
5000006754,1000005553,20241119,2,1906,1,,1,15000.00,0.00,15000.00
5000006755,1000005554,20241119,2,423,1,,3,15000.00,0.00,45000.00
5000006756,1000005555,20241119,1,869,1,,2,12000.00,0.00,24000.00
5000006757,1000005556,20241120,2,1361,1,,4,15000.00,0.00,60000.00
5000006758,1000005557,20241120,1,1992,1,,1,12000.00,0.00,12000.00
5000006762,1000005560,20241120,2,488,1,,3,15000.00,0.00,45000.00
5000006764,1000005562,20241120,2,1993,1,,1,15000.00,0.00,15000.00
5000006766,1000005564,20241120,1,1994,1,,3,12000.00,0.00,36000.00
5000006767,1000005564,20241120,2,1994,1,,1,15000.00,0.00,15000.00
5000006768,1000005565,20241120,2,195,1,,2,15000.00,0.00,30000.00
5000006772,1000005568,20241120,2,991,1,,1,15000.00,0.00,15000.00
5000006775,1000005571,20241120,1,1995,1,,2,12000.00,0.00,24000.00
5000006777,1000005573,20241121,2,432,1,,1,15000.00,0.00,15000.00
5000006781,1000005576,20241121,1,577,1,,1,12000.00,0.00,12000.00
5000006782,1000005576,20241121,2,577,1,,2,15000.00,0.00,30000.00
5000006783,1000005577,20241121,2,526,1,,2,15000.00,0.00,30000.00
5000006784,1000005578,20241121,2,1722,1,,1,15000.00,0.00,15000.00
5000006785,1000005579,20241122,1,1997,1,,1,12000.00,0.00,12000.00
5000006786,1000005580,20241122,2,1998,1,,1,15000.00,0.00,15000.00
5000006790,1000005583,20241122,1,1778,1,,3,12000.00,0.00,36000.00
5000006792,1000005585,20241122,1,1999,1,,2,12000.00,0.00,24000.00
5000006793,1000005585,20241122,2,1999,1,,1,15000.00,0.00,15000.00
5000006797,1000005588,20241122,1,2003,1,,1,12000.00,0.00,12000.00
5000006798,1000005589,20241122,2,1465,1,,1,15000.00,0.00,15000.00
5000006807,1000005595,20241122,1,2004,1,,2,12000.00,0.00,24000.00
5000006808,1000005596,20241122,2,2005,1,,1,15000.00,750.00,14250.00
5000006809,1000005597,20241122,1,1512,1,,2,12000.00,0.00,24000.00
5000006810,1000005598,20241122,2,2006,1,,1,15000.00,0.00,15000.00
5000006811,1000005599,20241122,2,1515,1,,2,15000.00,0.00,30000.00
5000006812,1000005600,20241123,1,1764,1,,2,12000.00,0.00,24000.00
5000006813,1000005601,20241123,2,1129,1,,1,15000.00,0.00,15000.00
5000006814,1000005602,20241123,2,1369,1,,2,15000.00,0.00,30000.00
5000006816,1000005604,20241123,1,394,1,,2,12000.00,1200.00,22800.00
5000006817,1000005605,20241123,2,1019,1,,1,15000.00,0.00,15000.00
5000006819,1000005607,20241123,1,1756,1,,3,12000.00,0.00,36000.00
5000006820,1000005607,20241123,2,1756,1,,1,15000.00,0.00,15000.00
5000006821,1000005608,20241123,1,791,1,,1,12000.00,0.00,12000.00
5000006823,1000005610,20241123,1,969,1,,1,12000.00,0.00,12000.00
5000006826,1000005613,20241123,1,1096,1,,1,12000.00,0.00,12000.00
5000006828,1000005615,20241123,2,1501,1,,2,15000.00,0.00,30000.00
5000006833,1000005620,20241123,2,2009,1,,2,15000.00,0.00,30000.00
5000006834,1000005621,20241124,1,2010,1,,2,12000.00,0.00,24000.00
5000006835,1000005622,20241124,1,2011,1,,1,12000.00,0.00,12000.00
5000006836,1000005623,20241124,1,2012,1,,2,12000.00,0.00,24000.00
5000006837,1000005624,20241124,2,1637,1,,1,15000.00,0.00,15000.00
5000006838,1000005625,20241124,1,1729,1,,3,12000.00,0.00,36000.00
5000006839,1000005626,20241124,2,531,1,,2,15000.00,0.00,30000.00
5000006840,1000005627,20241124,1,1141,1,,1,12000.00,0.00,12000.00
5000006841,1000005628,20241124,1,296,1,,3,12000.00,0.00,36000.00
5000006842,1000005629,20241124,1,729,1,,1,12000.00,0.00,12000.00
5000006843,1000005630,20241124,2,630,1,,2,15000.00,0.00,30000.00
5000006844,1000005631,20241124,1,249,1,,2,12000.00,0.00,24000.00
5000006845,1000005632,20241125,1,1267,1,,4,12000.00,0.00,48000.00
5000006846,1000005633,20241125,1,2014,1,,3,12000.00,0.00,36000.00
5000006847,1000005633,20241125,2,2014,1,,1,15000.00,0.00,15000.00
5000006848,1000005634,20241125,1,1769,1,,1,12000.00,0.00,12000.00
5000006850,1000005636,20241125,1,1408,1,,2,12000.00,0.00,24000.00
5000006851,1000005637,20241125,1,1814,1,,2,12000.00,0.00,24000.00
5000006853,1000005639,20241125,2,632,1,,1,15000.00,750.00,14250.00
5000006854,1000005640,20241125,1,357,1,,1,12000.00,0.00,12000.00
5000006855,1000005640,20241125,2,357,1,,1,15000.00,0.00,15000.00
5000006856,1000005641,20241125,1,2,1,,3,12000.00,0.00,36000.00
5000006857,1000005642,20241125,1,344,1,,3,12000.00,0.00,36000.00
5000006858,1000005643,20241125,2,1187,1,,1,15000.00,0.00,15000.00
5000006859,1000005644,20241125,1,2016,1,,1,12000.00,0.00,12000.00
5000006860,1000005644,20241125,2,2016,1,,4,15000.00,0.00,60000.00
5000006861,1000005645,20241125,1,328,1,,3,12000.00,0.00,36000.00
5000006862,1000005646,20241126,1,543,1,,3,12000.00,0.00,36000.00
5000006863,1000005646,20241126,2,543,1,,2,15000.00,0.00,30000.00
5000006864,1000005647,20241126,1,120,1,,1,12000.00,0.00,12000.00
5000006865,1000005648,20241126,1,1412,1,,1,12000.00,0.00,12000.00
5000006866,1000005649,20241126,1,1504,1,,3,12000.00,0.00,36000.00
5000006867,1000005650,20241126,1,885,1,,1,12000.00,1200.00,10800.00
5000006869,1000005652,20241126,1,1557,1,,1,12000.00,1200.00,10800.00
5000006871,1000005654,20241126,2,1422,1,,1,15000.00,0.00,15000.00
5000006872,1000005655,20241126,2,566,1,,1,15000.00,1500.00,13500.00
5000006873,1000005656,20241126,2,1365,1,,1,15000.00,1500.00,13500.00
5000006874,1000005657,20241126,1,84,1,,1,12000.00,1200.00,10800.00
5000006876,1000005659,20241126,1,589,1,,1,12000.00,0.00,12000.00
5000006877,1000005659,20241126,2,589,1,,1,15000.00,0.00,15000.00
5000006878,1000005660,20241126,2,1628,1,,2,15000.00,3000.00,27000.00
5000006880,1000005662,20241126,2,44,1,,2,15000.00,0.00,30000.00
5000006881,1000005663,20241126,1,789,1,,1,12000.00,1200.00,10800.00
5000006882,1000005664,20241126,2,58,1,,4,15000.00,0.00,60000.00
5000006883,1000005665,20241126,2,2018,1,,1,15000.00,0.00,15000.00
5000006884,1000005666,20241127,1,1538,1,,1,12000.00,0.00,12000.00
5000006890,1000005671,20241127,1,1287,1,,1,12000.00,0.00,12000.00
5000006891,1000005672,20241127,1,1865,1,,1,12000.00,0.00,12000.00
5000006893,1000005674,20241127,2,2019,1,,1,15000.00,0.00,15000.00
5000006894,1000005675,20241127,2,11,1,,1,15000.00,0.00,15000.00
5000006895,1000005676,20241127,2,1606,1,,1,15000.00,0.00,15000.00
5000006898,1000005678,20241127,1,1295,1,,1,12000.00,0.00,12000.00
5000006899,1000005679,20241127,2,2020,1,,1,15000.00,0.00,15000.00
5000006900,1000005680,20241127,1,878,1,,2,12000.00,0.00,24000.00
5000006902,1000005682,20241127,2,1426,1,,1,15000.00,0.00,15000.00
5000006907,1000005687,20241127,1,2021,1,,3,12000.00,0.00,36000.00
5000006908,1000005688,20241127,2,740,1,,1,15000.00,0.00,15000.00
5000006911,1000005690,20241127,1,2022,1,,2,12000.00,1200.00,22800.00
5000006913,1000005692,20241127,2,415,1,,1,15000.00,0.00,15000.00
5000006914,1000005693,20241127,1,728,1,,1,12000.00,0.00,12000.00
5000006915,1000005694,20241128,1,1587,1,,1,12000.00,0.00,12000.00
5000006916,1000005695,20241128,1,2023,1,,3,12000.00,0.00,36000.00
5000006917,1000005696,20241128,2,1159,1,,1,15000.00,0.00,15000.00
5000006919,1000005698,20241128,2,294,1,,1,15000.00,750.00,14250.00
5000006920,1000005699,20241128,1,1834,1,,2,12000.00,0.00,24000.00
5000006921,1000005700,20241128,1,1905,1,,1,12000.00,0.00,12000.00
5000006922,1000005700,20241128,2,1905,1,,3,15000.00,0.00,45000.00
5000006924,1000005702,20241128,1,1619,1,,1,12000.00,0.00,12000.00
5000006926,1000005704,20241128,2,2027,1,,3,15000.00,0.00,45000.00
5000006930,1000005708,20241128,1,2028,1,,1,12000.00,0.00,12000.00
5000006931,1000005708,20241128,2,2028,1,,3,15000.00,0.00,45000.00
5000006932,1000005709,20241128,2,2029,1,,1,15000.00,0.00,15000.00
5000006934,1000005711,20241128,2,1328,1,,2,15000.00,0.00,30000.00
5000006935,1000005712,20241128,2,1871,1,,1,15000.00,0.00,15000.00
5000006936,1000005713,20241129,1,1570,1,,4,12000.00,7200.00,40800.00
5000006937,1000005713,20241129,2,1570,1,,1,15000.00,2250.00,12750.00
5000006938,1000005714,20241129,1,739,1,,3,12000.00,5400.00,30600.00
5000006939,1000005714,20241129,2,739,1,,1,15000.00,2250.00,12750.00
5000006940,1000005715,20241129,1,239,1,,3,12000.00,5400.00,30600.00
5000006941,1000005715,20241129,2,239,1,,2,15000.00,4500.00,25500.00
5000006942,1000005716,20241129,2,1174,1,,2,15000.00,4500.00,25500.00
5000006944,1000005718,20241129,1,2030,1,,3,12000.00,5400.00,30600.00
5000006945,1000005719,20241129,1,255,1,,1,12000.00,1800.00,10200.00
5000006946,1000005720,20241129,1,68,1,,2,12000.00,3600.00,20400.00
5000006947,1000005721,20241129,2,215,1,,1,15000.00,2250.00,12750.00
5000006950,1000005724,20241129,1,2031,1,,1,12000.00,1800.00,10200.00
5000006951,1000005725,20241129,2,1878,1,,1,15000.00,2250.00,12750.00
5000006952,1000005726,20241129,1,2032,1,,2,12000.00,3600.00,20400.00
5000006953,1000005726,20241129,2,2032,1,,1,15000.00,2250.00,12750.00
5000006955,1000005728,20241129,1,2033,1,,4,12000.00,7200.00,40800.00
5000006956,1000005729,20241129,1,1931,1,,2,12000.00,3600.00,20400.00
5000006962,1000005734,20241129,2,2035,1,,4,15000.00,9000.00,51000.00
5000006963,1000005735,20241129,1,1534,1,,1,12000.00,1800.00,10200.00
5000006964,1000005735,20241129,2,1534,1,,2,15000.00,4500.00,25500.00
5000006965,1000005736,20241129,1,444,1,,1,12000.00,1800.00,10200.00
5000006966,1000005736,20241129,2,444,1,,3,15000.00,6750.00,38250.00
5000006967,1000005737,20241129,1,1400,1,,1,12000.00,1800.00,10200.00
5000006968,1000005738,20241129,1,2036,1,,4,12000.00,7200.00,40800.00
5000006969,1000005739,20241130,1,1674,1,,3,12000.00,5400.00,30600.00
5000006970,1000005739,20241130,2,1674,1,,1,15000.00,2250.00,12750.00
5000006971,1000005740,20241130,1,1047,1,,2,12000.00,3600.00,20400.00
5000006972,1000005741,20241130,2,2037,1,,1,15000.00,2250.00,12750.00
5000006973,1000005742,20241130,1,1941,1,,3,12000.00,5400.00,30600.00
5000006974,1000005743,20241130,2,1833,1,,2,15000.00,4500.00,25500.00
5000006975,1000005744,20241130,1,359,1,,1,12000.00,1800.00,10200.00
5000006976,1000005744,20241130,2,359,1,,1,15000.00,2250.00,12750.00
5000006977,1000005745,20241130,1,125,1,,2,12000.00,3600.00,20400.00
5000006980,1000005748,20241130,2,1039,1,,1,15000.00,2250.00,12750.00
5000006981,1000005749,20241130,2,2038,1,,2,15000.00,4500.00,25500.00
5000006982,1000005750,20241130,1,1073,1,,3,12000.00,5400.00,30600.00
5000006983,1000005750,20241130,2,1073,1,,4,15000.00,9000.00,51000.00
5000006984,1000005751,20241130,1,1916,1,,3,12000.00,5400.00,30600.00
5000006988,1000005754,20241130,1,182,1,,3,12000.00,5400.00,30600.00
5000006989,1000005754,20241130,2,182,1,,1,15000.00,2250.00,12750.00
5000006992,1000005757,20241130,1,300,1,,2,12000.00,3600.00,20400.00
5000007000,1000005764,20241130,2,1088,1,,2,15000.00,4500.00,25500.00
5000007004,1000005768,20241130,1,1306,1,,1,12000.00,1800.00,10200.00
5000007005,1000005769,20241130,1,1797,1,,2,12000.00,3600.00,20400.00
5000007006,1000005769,20241130,2,1797,1,,2,15000.00,4500.00,25500.00
5000007007,1000005770,20241130,1,1810,1,,2,12000.00,3600.00,20400.00
5000007008,1000005771,20241130,2,1599,1,,2,15000.00,4500.00,25500.00
5000007009,1000005772,20241130,2,1240,1,,2,15000.00,4500.00,25500.00
5000007010,1000005773,20241201,1,545,1,,3,12000.00,5400.00,30600.00
5000007011,1000005773,20241201,2,545,1,,1,15000.00,2250.00,12750.00
5000007012,1000005774,20241201,1,1638,1,,1,12000.00,1800.00,10200.00
5000007013,1000005774,20241201,2,1638,1,,4,15000.00,9000.00,51000.00
5000007014,1000005775,20241201,1,703,1,,2,12000.00,3600.00,20400.00
5000007015,1000005775,20241201,2,703,1,,1,15000.00,2250.00,12750.00
5000007016,1000005776,20241201,1,1703,1,,2,12000.00,3600.00,20400.00
5000007017,1000005776,20241201,2,1703,1,,1,15000.00,2250.00,12750.00
5000007018,1000005777,20241201,2,1191,1,,2,15000.00,4500.00,25500.00
5000007019,1000005778,20241201,2,502,1,,2,15000.00,4500.00,25500.00
5000007020,1000005779,20241201,2,2044,1,,1,15000.00,2250.00,12750.00
5000007021,1000005780,20241201,1,2045,1,,1,12000.00,1800.00,10200.00
5000007022,1000005780,20241201,2,2045,1,,3,15000.00,6750.00,38250.00
5000007023,1000005781,20241201,1,1815,1,,1,12000.00,1800.00,10200.00
5000007024,1000005782,20241201,2,1864,1,,1,15000.00,2250.00,12750.00
5000007025,1000005783,20241201,2,2046,1,,1,15000.00,2250.00,12750.00
5000007026,1000005784,20241201,2,1947,1,,1,15000.00,2250.00,12750.00
5000007027,1000005785,20241201,2,1668,1,,1,15000.00,2250.00,12750.00
5000007028,1000005786,20241201,1,2047,1,,1,12000.00,1800.00,10200.00
5000007029,1000005786,20241201,2,2047,1,,4,15000.00,9000.00,51000.00
5000007030,1000005787,20241201,1,1527,1,,2,12000.00,3600.00,20400.00
5000007031,1000005788,20241201,2,505,1,,3,15000.00,6750.00,38250.00
5000007032,1000005789,20241201,1,2048,1,,1,12000.00,1800.00,10200.00
5000007033,1000005789,20241201,2,2048,1,,1,15000.00,2250.00,12750.00
5000007034,1000005790,20241201,2,316,1,,2,15000.00,4500.00,25500.00
5000007035,1000005791,20241201,1,1946,1,,1,12000.00,1800.00,10200.00
5000007036,1000005791,20241201,2,1946,1,,1,15000.00,2250.00,12750.00
5000007037,1000005792,20241201,1,1521,1,,1,12000.00,1800.00,10200.00
5000007038,1000005793,20241201,2,1989,1,,3,15000.00,6750.00,38250.00
5000007039,1000005794,20241201,1,1006,1,,2,12000.00,3600.00,20400.00
5000007040,1000005794,20241201,2,1006,1,,1,15000.00,2250.00,12750.00
5000007041,1000005795,20241201,2,1109,1,,1,15000.00,2250.00,12750.00
5000007042,1000005796,20241201,2,828,1,,1,15000.00,2250.00,12750.00
5000007043,1000005797,20241201,2,2049,1,,3,15000.00,6750.00,38250.00
5000007044,1000005798,20241201,2,1078,1,,1,15000.00,2250.00,12750.00
5000007045,1000005799,20241201,2,840,1,,1,15000.00,2250.00,12750.00
5000007046,1000005800,20241202,1,2050,1,,4,12000.00,0.00,48000.00
5000007047,1000005801,20241202,2,2051,1,,2,15000.00,0.00,30000.00
5000007048,1000005802,20241202,1,20,1,,1,12000.00,0.00,12000.00
5000007051,1000005805,20241202,2,1872,1,,3,15000.00,0.00,45000.00
5000007052,1000005806,20241202,2,2052,1,,2,15000.00,0.00,30000.00
5000007056,1000005809,20241202,2,2053,1,,3,15000.00,0.00,45000.00
5000007057,1000005810,20241202,1,1095,1,,1,12000.00,0.00,12000.00
5000007058,1000005810,20241202,2,1095,1,,1,15000.00,0.00,15000.00
5000007059,1000005811,20241202,2,2054,1,,1,15000.00,0.00,15000.00
5000007060,1000005812,20241202,1,64,1,,1,12000.00,0.00,12000.00
5000007062,1000005814,20241202,1,1436,1,,1,12000.00,0.00,12000.00
5000007063,1000005814,20241202,2,1436,1,,1,15000.00,0.00,15000.00
5000007064,1000005815,20241202,1,222,1,,2,12000.00,0.00,24000.00
5000007065,1000005816,20241202,1,679,1,,2,12000.00,0.00,24000.00
5000007069,1000005819,20241202,2,1371,1,,1,15000.00,0.00,15000.00
5000007070,1000005820,20241202,2,1594,1,,1,15000.00,0.00,15000.00
5000007072,1000005822,20241202,2,579,1,,4,15000.00,0.00,60000.00
5000007073,1000005823,20241202,1,2057,1,,1,12000.00,0.00,12000.00
5000007074,1000005824,20241202,1,1773,1,,1,12000.00,0.00,12000.00
5000007075,1000005824,20241202,2,1773,1,,3,15000.00,0.00,45000.00
5000007076,1000005825,20241202,2,8,1,,12,15000.00,27000.00,153000.00
5000007077,1000005826,20241203,1,1060,1,,1,12000.00,0.00,12000.00
5000007078,1000005827,20241203,1,2058,1,,3,12000.00,0.00,36000.00
5000007079,1000005828,20241203,2,2059,1,,1,15000.00,0.00,15000.00
5000007080,1000005829,20241203,1,602,1,,4,12000.00,0.00,48000.00
5000007081,1000005830,20241203,2,891,1,,2,15000.00,0.00,30000.00
5000007082,1000005831,20241203,1,1114,1,,3,12000.00,0.00,36000.00
5000007083,1000005831,20241203,2,1114,1,,1,15000.00,0.00,15000.00
5000007086,1000005834,20241203,1,1118,1,,2,12000.00,0.00,24000.00
5000007087,1000005834,20241203,2,1118,1,,2,15000.00,0.00,30000.00
5000007088,1000005835,20241203,1,1541,1,,1,12000.00,0.00,12000.00
5000007089,1000005835,20241203,2,1541,1,,3,15000.00,0.00,45000.00
5000007090,1000005836,20241203,1,2060,1,,3,12000.00,0.00,36000.00
5000007094,1000005839,20241203,1,1828,1,,1,12000.00,0.00,12000.00
5000007095,1000005840,20241203,2,1679,1,,1,15000.00,0.00,15000.00
5000007098,1000005843,20241203,1,2062,1,,1,12000.00,0.00,12000.00
5000007099,1000005843,20241203,2,2062,1,,1,15000.00,0.00,15000.00
5000007100,1000005844,20241203,2,1305,1,,1,15000.00,0.00,15000.00
5000007102,1000005846,20241203,2,2063,1,,4,15000.00,0.00,60000.00
5000007103,1000005847,20241203,1,2065,1,,1,12000.00,0.00,12000.00
5000007104,1000005848,20241203,2,382,1,,1,15000.00,0.00,15000.00
5000007105,1000005849,20241204,1,1185,1,,3,12000.00,0.00,36000.00
5000007106,1000005850,20241204,2,811,1,,4,15000.00,0.00,60000.00
5000007107,1000005851,20241204,1,930,1,,1,12000.00,0.00,12000.00
5000007108,1000005851,20241204,2,930,1,,2,15000.00,0.00,30000.00
5000007109,1000005852,20241204,2,747,1,,2,15000.00,0.00,30000.00
5000007112,1000005854,20241204,2,1981,1,,2,15000.00,0.00,30000.00
5000007113,1000005855,20241204,2,342,1,,4,15000.00,0.00,60000.00
5000007114,1000005856,20241204,2,1919,1,,2,15000.00,0.00,30000.00
5000007115,1000005857,20241204,1,512,1,,1,12000.00,0.00,12000.00
5000007117,1000005859,20241204,1,2068,1,,1,12000.00,0.00,12000.00
5000007118,1000005860,20241204,2,977,1,,4,15000.00,0.00,60000.00
5000007119,1000005861,20241204,1,1301,1,,2,12000.00,0.00,24000.00
5000007121,1000005863,20241204,2,1780,1,,3,15000.00,0.00,45000.00
5000007124,1000005866,20241204,2,490,1,,1,15000.00,0.00,15000.00
5000007125,1000005867,20241204,2,510,1,,2,15000.00,0.00,30000.00
5000007126,1000005868,20241204,1,1852,1,,2,12000.00,0.00,24000.00
5000007127,1000005868,20241204,2,1852,1,,1,15000.00,0.00,15000.00
5000007128,1000005869,20241204,1,2069,1,,1,12000.00,0.00,12000.00
5000007129,1000005869,20241204,2,2069,1,,1,15000.00,0.00,15000.00
5000007130,1000005870,20241204,2,1665,1,,2,15000.00,0.00,30000.00
5000007131,1000005871,20241205,1,514,1,,2,12000.00,0.00,24000.00
5000007132,1000005872,20241205,1,1725,1,,1,12000.00,0.00,12000.00
5000007133,1000005872,20241205,2,1725,1,,1,15000.00,0.00,15000.00
5000007134,1000005873,20241205,2,1934,1,,1,15000.00,0.00,15000.00
5000007135,1000005874,20241205,2,1894,1,,1,15000.00,0.00,15000.00
5000007139,1000005878,20241205,1,423,1,,10,12000.00,18000.00,102000.00
5000007140,1000005878,20241205,2,423,1,,13,15000.00,29250.00,165750.00
5000007145,1000005882,20241205,2,1484,1,,2,15000.00,0.00,30000.00
5000007149,1000005885,20241205,2,1719,1,,3,15000.00,0.00,45000.00
5000007151,1000005887,20241205,2,1956,1,,3,15000.00,2250.00,42750.00
5000007152,1000005888,20241205,2,613,1,,3,15000.00,0.00,45000.00
5000007155,1000005891,20241206,1,1429,1,,3,12000.00,0.00,36000.00
5000007156,1000005891,20241206,2,1429,1,,1,15000.00,0.00,15000.00
5000007157,1000005892,20241206,1,1835,1,,3,12000.00,0.00,36000.00
5000007158,1000005892,20241206,2,1835,1,,1,15000.00,0.00,15000.00
5000007160,1000005894,20241206,2,2072,1,,4,15000.00,0.00,60000.00
5000007161,1000005895,20241206,2,1625,1,,1,15000.00,0.00,15000.00
5000007163,1000005897,20241206,1,1186,1,,1,12000.00,0.00,12000.00
5000007164,1000005897,20241206,2,1186,1,,2,15000.00,0.00,30000.00
5000007167,1000005900,20241206,2,1423,1,,1,15000.00,0.00,15000.00
5000007168,1000005901,20241206,2,1189,1,,1,15000.00,0.00,15000.00
5000007169,1000005902,20241206,1,1799,1,,2,12000.00,0.00,24000.00
5000007170,1000005903,20241206,1,494,1,,3,12000.00,1800.00,34200.00
5000007171,1000005903,20241206,2,494,1,,2,15000.00,1500.00,28500.00
5000007175,1000005907,20241206,2,1393,1,,1,15000.00,0.00,15000.00
5000007176,1000005908,20241206,1,1787,1,,1,12000.00,0.00,12000.00
5000007177,1000005909,20241207,1,1388,1,,2,12000.00,0.00,24000.00
5000007178,1000005909,20241207,2,1388,1,,2,15000.00,0.00,30000.00
5000007181,1000005911,20241207,1,648,1,,2,12000.00,0.00,24000.00
5000007182,1000005911,20241207,2,648,1,,1,15000.00,0.00,15000.00
5000007189,1000005917,20241207,1,1506,1,,1,12000.00,0.00,12000.00
5000007198,1000005925,20241207,2,194,1,,1,15000.00,0.00,15000.00
5000007199,1000005926,20241207,1,2074,1,,1,12000.00,0.00,12000.00
5000007200,1000005926,20241207,2,2074,1,,2,15000.00,0.00,30000.00
5000007201,1000005927,20241207,1,2075,1,,1,12000.00,0.00,12000.00
5000007202,1000005927,20241207,2,2075,1,,4,15000.00,0.00,60000.00
5000007203,1000005928,20241208,1,1538,1,,1,12000.00,0.00,12000.00
5000007204,1000005929,20241208,2,872,1,,1,15000.00,0.00,15000.00
5000007205,1000005930,20241208,2,2076,1,,1,15000.00,0.00,15000.00
5000007206,1000005931,20241208,1,543,1,,1,12000.00,0.00,12000.00
5000007207,1000005931,20241208,2,543,1,,1,15000.00,0.00,15000.00
5000007208,1000005932,20241208,1,377,1,,2,12000.00,0.00,24000.00
5000007209,1000005932,20241208,2,377,1,,1,15000.00,0.00,15000.00
5000007210,1000005933,20241208,1,2077,1,,1,12000.00,0.00,12000.00
5000007211,1000005934,20241208,1,189,1,,2,12000.00,0.00,24000.00
5000007212,1000005935,20241208,1,2078,1,,1,12000.00,0.00,12000.00
5000007213,1000005936,20241208,2,2080,1,,3,15000.00,0.00,45000.00
5000007214,1000005937,20241208,1,567,1,,1,12000.00,0.00,12000.00
5000007215,1000005938,20241208,2,2079,1,,2,15000.00,0.00,30000.00
5000007216,1000005939,20241208,2,1633,1,,4,15000.00,0.00,60000.00
5000007217,1000005940,20241208,1,1570,1,,1,12000.00,0.00,12000.00
5000007218,1000005941,20241208,2,356,1,,1,15000.00,750.00,14250.00
5000007219,1000005942,20241208,2,112,1,,1,15000.00,0.00,15000.00
5000007220,1000005943,20241208,1,2081,1,,1,12000.00,0.00,12000.00
5000007221,1000005944,20241208,1,486,1,,3,12000.00,1800.00,34200.00
5000007222,1000005944,20241208,2,486,1,,1,15000.00,750.00,14250.00
5000007223,1000005945,20241208,1,2082,1,,1,12000.00,0.00,12000.00
5000007224,1000005945,20241208,2,2082,1,,1,15000.00,0.00,15000.00
5000007225,1000005946,20241208,1,1922,1,,1,12000.00,0.00,12000.00
5000007226,1000005947,20241209,2,849,1,,2,15000.00,0.00,30000.00
5000007227,1000005948,20241209,1,231,1,,2,12000.00,0.00,24000.00
5000007228,1000005949,20241209,2,651,1,,1,15000.00,0.00,15000.00
5000007229,1000005950,20241209,2,2083,1,,1,15000.00,0.00,15000.00
5000007230,1000005951,20241209,1,404,1,,1,12000.00,0.00,12000.00
5000007231,1000005951,20241209,2,404,1,,1,15000.00,0.00,15000.00
5000007232,1000005952,20241209,2,688,1,,3,15000.00,0.00,45000.00
5000007233,1000005953,20241209,2,279,1,,3,15000.00,0.00,45000.00
5000007236,1000005955,20241209,1,1469,1,,1,12000.00,0.00,12000.00
5000007237,1000005955,20241209,2,1469,1,,1,15000.00,0.00,15000.00
5000007243,1000005960,20241209,1,2085,1,,2,12000.00,0.00,24000.00
5000007244,1000005960,20241209,2,2085,1,,2,15000.00,0.00,30000.00
5000007246,1000005962,20241209,1,1075,1,,2,12000.00,0.00,24000.00
5000007248,1000005964,20241209,1,1448,1,,1,12000.00,600.00,11400.00
5000007250,1000005966,20241209,1,788,1,,2,12000.00,0.00,24000.00
5000007251,1000005967,20241209,2,409,1,,2,15000.00,0.00,30000.00
5000007252,1000005968,20241209,1,1361,1,,1,12000.00,0.00,12000.00
5000007253,1000005968,20241209,2,1361,1,,3,15000.00,0.00,45000.00
5000007254,1000005969,20241209,2,1007,1,,2,15000.00,0.00,30000.00
5000007255,1000005970,20241209,2,1339,1,,4,15000.00,0.00,60000.00
5000007256,1000005971,20241210,2,1117,1,,4,15000.00,6000.00,54000.00
5000007257,1000005972,20241210,1,870,1,,1,12000.00,0.00,12000.00
5000007258,1000005972,20241210,2,870,1,,3,15000.00,0.00,45000.00
5000007259,1000005973,20241210,1,1812,1,,2,12000.00,0.00,24000.00
5000007260,1000005973,20241210,2,1812,1,,2,15000.00,0.00,30000.00
5000007261,1000005974,20241210,1,1622,1,,2,12000.00,0.00,24000.00
5000007262,1000005974,20241210,2,1622,1,,1,15000.00,0.00,15000.00
5000007263,1000005975,20241210,1,1850,1,,1,12000.00,0.00,12000.00
5000007264,1000005976,20241210,2,300,1,,1,15000.00,750.00,14250.00
5000007269,1000005980,20241210,1,2086,1,,2,12000.00,2400.00,21600.00
5000007270,1000005980,20241210,2,2086,1,,1,15000.00,1500.00,13500.00
5000007271,1000005981,20241210,1,421,1,,1,12000.00,1200.00,10800.00
5000007273,1000005983,20241210,2,633,1,,2,15000.00,0.00,30000.00
5000007274,1000005984,20241210,2,705,1,,4,15000.00,0.00,60000.00
5000007275,1000005985,20241210,1,2087,1,,1,12000.00,0.00,12000.00
5000007276,1000005985,20241210,2,2087,1,,1,15000.00,0.00,15000.00
5000007278,1000005987,20241210,2,1391,1,,1,15000.00,0.00,15000.00
5000007280,1000005989,20241210,2,1203,1,,2,15000.00,0.00,30000.00
5000007281,1000005990,20241210,2,1225,1,,2,15000.00,3000.00,27000.00
5000007282,1000005991,20241210,1,432,1,,1,12000.00,0.00,12000.00
5000007283,1000005991,20241210,2,432,1,,1,15000.00,0.00,15000.00
5000007284,1000005992,20241210,1,1079,1,,2,12000.00,0.00,24000.00
5000007285,1000005993,20241210,2,1767,1,,2,15000.00,3000.00,27000.00
5000007286,1000005994,20241210,2,1716,1,,1,15000.00,750.00,14250.00
5000007287,1000005995,20241210,1,108,1,,2,12000.00,0.00,24000.00
5000007288,1000005995,20241210,2,108,1,,1,15000.00,0.00,15000.00
5000007289,1000005996,20241210,1,2089,1,,1,12000.00,1200.00,10800.00
5000007290,1000005997,20241210,2,1334,1,,2,15000.00,0.00,30000.00
5000007293,1000006000,20241210,1,480,1,,1,12000.00,0.00,12000.00
5000007294,1000006001,20241210,1,1431,1,,2,12000.00,0.00,24000.00
5000007295,1000006001,20241210,2,1431,1,,3,15000.00,0.00,45000.00
5000007296,1000006002,20241210,1,1543,1,,1,12000.00,0.00,12000.00
5000007297,1000006003,20241210,2,1016,1,,3,15000.00,0.00,45000.00
5000007299,1000006005,20241210,1,425,1,,2,12000.00,0.00,24000.00
5000007300,1000006005,20241210,2,425,1,,1,15000.00,0.00,15000.00
5000007301,1000006006,20241210,1,489,1,,1,12000.00,0.00,12000.00
5000007307,1000006011,20241210,2,1026,1,,4,15000.00,6000.00,54000.00
5000007308,1000006012,20241210,1,1160,1,,1,12000.00,0.00,12000.00
5000007309,1000006012,20241210,2,1160,1,,1,15000.00,0.00,15000.00
5000007310,1000006013,20241210,1,142,1,,1,12000.00,600.00,11400.00
5000007311,1000006013,20241210,2,142,1,,2,15000.00,1500.00,28500.00
5000007312,1000006014,20241210,1,2093,1,,1,12000.00,1200.00,10800.00
5000007313,1000006014,20241210,2,2093,1,,1,15000.00,1500.00,13500.00
5000007314,1000006015,20241210,1,284,1,,3,12000.00,0.00,36000.00
5000007315,1000006016,20241210,2,1951,1,,1,15000.00,1500.00,13500.00
5000007316,1000006017,20241210,2,2094,1,,2,15000.00,3000.00,27000.00
5000007317,1000006018,20241210,1,822,1,,2,12000.00,0.00,24000.00
5000007318,1000006018,20241210,2,822,1,,1,15000.00,0.00,15000.00
5000007319,1000006019,20241210,1,44,1,,2,12000.00,0.00,24000.00
5000007320,1000006020,20241211,2,1604,1,,1,15000.00,0.00,15000.00
5000007321,1000006021,20241211,1,469,1,,1,12000.00,600.00,11400.00
5000007322,1000006021,20241211,2,469,1,,1,15000.00,750.00,14250.00
5000007323,1000006022,20241211,2,1398,1,,1,15000.00,0.00,15000.00
5000007324,1000006023,20241211,1,934,1,,1,12000.00,0.00,12000.00
5000007328,1000006027,20241211,1,118,1,,3,12000.00,0.00,36000.00
5000007329,1000006028,20241211,2,2095,1,,3,15000.00,0.00,45000.00
5000007331,1000006030,20241211,1,996,1,,1,12000.00,600.00,11400.00
5000007332,1000006031,20241211,1,894,1,,1,12000.00,0.00,12000.00
5000007333,1000006031,20241211,2,894,1,,1,15000.00,0.00,15000.00
5000007334,1000006032,20241211,1,157,1,,1,12000.00,0.00,12000.00
5000007335,1000006032,20241211,2,157,1,,1,15000.00,0.00,15000.00
5000007336,1000006033,20241211,1,1509,1,,2,12000.00,0.00,24000.00
5000007341,1000006037,20241211,1,2098,1,,4,12000.00,0.00,48000.00
5000007354,1000006045,20241211,2,1253,1,,2,15000.00,0.00,30000.00
5000007355,1000006046,20241211,1,2101,1,,1,12000.00,0.00,12000.00
5000007356,1000006046,20241211,2,2101,1,,1,15000.00,0.00,15000.00
5000007357,1000006047,20241211,1,935,1,,3,12000.00,0.00,36000.00
5000007358,1000006048,20241212,2,666,1,,1,15000.00,0.00,15000.00
5000007359,1000006049,20241212,1,810,1,,1,12000.00,0.00,12000.00
5000007360,1000006050,20241212,1,2028,1,,1,12000.00,0.00,12000.00
5000007361,1000006050,20241212,2,2028,1,,2,15000.00,0.00,30000.00
5000007367,1000006055,20241212,2,770,1,,2,15000.00,0.00,30000.00
5000007369,1000006057,20241212,1,932,1,,1,12000.00,0.00,12000.00
5000007371,1000006059,20241212,1,1534,1,,4,12000.00,0.00,48000.00
5000007372,1000006059,20241212,2,1534,1,,1,15000.00,0.00,15000.00
5000007373,1000006060,20241212,2,2102,1,,3,15000.00,0.00,45000.00
5000007374,1000006061,20241212,2,457,1,,1,15000.00,0.00,15000.00
5000007375,1000006062,20241212,2,2103,1,,1,15000.00,0.00,15000.00
5000007377,1000006064,20241212,2,1762,1,,2,15000.00,0.00,30000.00
5000007378,1000006065,20241212,2,2105,1,,3,15000.00,0.00,45000.00
5000007380,1000006067,20241212,2,1768,1,,1,15000.00,0.00,15000.00
5000007383,1000006070,20241212,1,324,1,,1,12000.00,0.00,12000.00
5000007385,1000006072,20241212,2,430,1,,1,15000.00,0.00,15000.00
5000007387,1000006074,20241212,2,1046,1,,1,15000.00,0.00,15000.00
5000007389,1000006076,20241212,1,2108,1,,2,12000.00,0.00,24000.00
5000007390,1000006076,20241212,2,2108,1,,3,15000.00,0.00,45000.00
5000007392,1000006078,20241212,1,2109,1,,2,12000.00,0.00,24000.00
5000007393,1000006078,20241212,2,2109,1,,2,15000.00,0.00,30000.00
5000007397,1000006081,20241212,1,2110,1,,1,12000.00,0.00,12000.00
5000007399,1000006083,20241212,1,1732,1,,2,12000.00,0.00,24000.00
5000007400,1000006084,20241212,2,1358,1,,2,15000.00,0.00,30000.00
5000007401,1000006085,20241212,1,2111,1,,2,12000.00,0.00,24000.00
5000007402,1000006086,20241212,1,2112,1,,1,12000.00,0.00,12000.00
5000007403,1000006086,20241212,2,2112,1,,1,15000.00,0.00,15000.00
5000007404,1000006087,20241212,2,420,1,,1,15000.00,0.00,15000.00
5000007405,1000006088,20241212,1,2113,1,,3,12000.00,0.00,36000.00
5000007406,1000006088,20241212,2,2113,1,,2,15000.00,0.00,30000.00
5000007407,1000006089,20241212,2,1592,1,,1,15000.00,0.00,15000.00
5000007408,1000006090,20241212,1,2114,1,,1,12000.00,0.00,12000.00
5000007409,1000006091,20241213,2,946,1,,2,15000.00,0.00,30000.00
5000007410,1000006092,20241213,2,70,1,,2,15000.00,0.00,30000.00
5000007411,1000006093,20241213,1,2115,1,,1,12000.00,0.00,12000.00
5000007412,1000006094,20241213,2,247,1,,2,15000.00,0.00,30000.00
5000007414,1000006096,20241213,1,2116,1,,1,12000.00,0.00,12000.00
5000007415,1000006096,20241213,2,2116,1,,1,15000.00,0.00,15000.00
5000007420,1000006100,20241213,2,2117,1,,1,15000.00,0.00,15000.00
5000007422,1000006102,20241213,2,2005,1,,1,15000.00,0.00,15000.00
5000007426,1000006105,20241213,1,2119,1,,3,12000.00,0.00,36000.00
5000007427,1000006105,20241213,2,2119,1,,1,15000.00,0.00,15000.00
5000007445,1000006122,20241213,1,785,1,,4,12000.00,0.00,48000.00
5000007450,1000006126,20241213,2,1734,1,,2,15000.00,0.00,30000.00
5000007452,1000006128,20241213,1,602,1,,1,12000.00,0.00,12000.00
5000007453,1000006129,20241213,2,1598,1,,1,15000.00,0.00,15000.00
5000007455,1000006131,20241213,2,1053,1,,1,15000.00,0.00,15000.00
5000007456,1000006132,20241213,1,533,1,,1,12000.00,0.00,12000.00
5000007457,1000006133,20241213,2,1452,1,,2,15000.00,0.00,30000.00
5000007458,1000006134,20241213,1,1415,1,,2,12000.00,0.00,24000.00
5000007459,1000006135,20241214,1,1019,1,,1,12000.00,0.00,12000.00
5000007460,1000006136,20241214,1,184,1,,2,12000.00,0.00,24000.00
5000007461,1000006136,20241214,2,184,1,,2,15000.00,0.00,30000.00
5000007462,1000006137,20241214,1,1542,1,,2,12000.00,0.00,24000.00
5000007463,1000006137,20241214,2,1542,1,,4,15000.00,0.00,60000.00
5000007464,1000006138,20241214,2,1723,1,,2,15000.00,0.00,30000.00
5000007469,1000006142,20241214,2,1057,1,,3,15000.00,2250.00,42750.00
5000007470,1000006143,20241214,1,2127,1,,2,12000.00,0.00,24000.00
5000007471,1000006144,20241214,2,1842,1,,4,15000.00,0.00,60000.00
5000007475,1000006147,20241214,1,2128,1,,2,12000.00,0.00,24000.00
5000007476,1000006147,20241214,2,2128,1,,1,15000.00,0.00,15000.00
5000007479,1000006150,20241214,1,1432,1,,1,12000.00,0.00,12000.00
5000007480,1000006151,20241214,1,998,1,,1,12000.00,0.00,12000.00
5000007485,1000006155,20241214,1,1350,1,,1,12000.00,0.00,12000.00
5000007490,1000006159,20241214,1,1753,1,,1,12000.00,0.00,12000.00
5000007491,1000006159,20241214,2,1753,1,,1,15000.00,0.00,15000.00
5000007492,1000006160,20241214,1,116,1,,1,12000.00,0.00,12000.00
5000007496,1000006163,20241214,1,2130,1,,1,12000.00,0.00,12000.00
5000007497,1000006164,20241214,1,1813,1,,2,12000.00,0.00,24000.00
5000007503,1000006168,20241214,1,1780,1,,1,12000.00,0.00,12000.00
5000007504,1000006168,20241214,2,1780,1,,1,15000.00,0.00,15000.00
5000007505,1000006169,20241215,1,268,1,,2,12000.00,0.00,24000.00
5000007506,1000006170,20241215,1,942,1,,4,12000.00,0.00,48000.00
5000007507,1000006171,20241215,1,1422,1,,3,12000.00,0.00,36000.00
5000007508,1000006172,20241215,1,1730,1,,1,12000.00,0.00,12000.00
5000007509,1000006173,20241215,1,5,1,,2,12000.00,0.00,24000.00
5000007510,1000006174,20241215,2,2131,1,,2,15000.00,0.00,30000.00
5000007511,1000006175,20241215,1,1865,1,,4,12000.00,0.00,48000.00
5000007512,1000006175,20241215,2,1865,1,,4,15000.00,0.00,60000.00
5000007513,1000006176,20241215,1,1907,1,,3,12000.00,0.00,36000.00
5000007514,1000006176,20241215,2,1907,1,,1,15000.00,0.00,15000.00
5000007515,1000006177,20241215,1,1982,1,,1,12000.00,0.00,12000.00
5000007516,1000006178,20241215,1,265,1,,1,12000.00,0.00,12000.00
5000007517,1000006178,20241215,2,265,1,,1,15000.00,0.00,15000.00
5000007518,1000006179,20241215,2,581,1,,1,15000.00,0.00,15000.00
5000007519,1000006180,20241215,2,1679,1,,1,15000.00,0.00,15000.00
5000007520,1000006181,20241215,2,1233,1,,1,15000.00,0.00,15000.00
5000007521,1000006182,20241215,1,639,1,,1,12000.00,0.00,12000.00
5000007522,1000006183,20241215,1,1925,1,,4,12000.00,0.00,48000.00
5000007523,1000006184,20241215,1,1855,1,,1,12000.00,0.00,12000.00
5000007524,1000006185,20241215,2,2133,1,,2,15000.00,0.00,30000.00
5000007525,1000006186,20241215,1,201,1,,1,12000.00,0.00,12000.00
5000007526,1000006187,20241215,1,125,1,,1,12000.00,0.00,12000.00
5000007527,1000006187,20241215,2,125,1,,2,15000.00,0.00,30000.00
5000007528,1000006188,20241215,1,61,1,,1,12000.00,0.00,12000.00
5000007529,1000006188,20241215,2,61,1,,2,15000.00,0.00,30000.00
5000007530,1000006189,20241215,1,2134,1,,1,12000.00,0.00,12000.00
5000007531,1000006190,20241215,1,1368,1,,3,12000.00,0.00,36000.00
5000007532,1000006190,20241215,2,1368,1,,1,15000.00,0.00,15000.00
5000007533,1000006191,20241215,1,2037,1,,1,12000.00,0.00,12000.00
5000007534,1000006192,20241215,1,2135,1,,3,12000.00,0.00,36000.00
5000007535,1000006192,20241215,2,2135,1,,1,15000.00,0.00,15000.00
5000007536,1000006193,20241215,1,1953,1,,2,12000.00,0.00,24000.00
5000007537,1000006193,20241215,2,1953,1,,1,15000.00,0.00,15000.00
5000007538,1000006194,20241215,1,952,1,,2,12000.00,0.00,24000.00
5000007539,1000006195,20241215,1,2136,1,,1,12000.00,0.00,12000.00
5000007540,1000006196,20241215,1,964,1,,1,12000.00,0.00,12000.00
5000007541,1000006197,20241216,2,1154,1,,2,15000.00,0.00,30000.00
5000007542,1000006198,20241216,2,1926,1,,1,15000.00,0.00,15000.00
5000007543,1000006199,20241216,2,2137,1,,2,15000.00,0.00,30000.00
5000007546,1000006202,20241216,1,2138,1,,1,12000.00,0.00,12000.00
5000007547,1000006202,20241216,2,2138,1,,1,15000.00,0.00,15000.00
5000007550,1000006205,20241216,2,624,1,,2,15000.00,0.00,30000.00
5000007551,1000006206,20241216,1,733,1,,1,12000.00,0.00,12000.00
5000007552,1000006206,20241216,2,733,1,,1,15000.00,0.00,15000.00
5000007557,1000006210,20241216,1,354,1,,1,12000.00,0.00,12000.00
5000007558,1000006211,20241216,1,1621,1,,1,12000.00,0.00,12000.00
5000007559,1000006212,20241216,2,2141,1,,1,15000.00,0.00,15000.00
5000007560,1000006213,20241216,2,2142,1,,1,15000.00,0.00,15000.00
5000007561,1000006214,20241216,1,331,1,,3,12000.00,0.00,36000.00
5000007562,1000006214,20241216,2,331,1,,1,15000.00,0.00,15000.00
5000007563,1000006215,20241216,1,1424,1,,3,12000.00,0.00,36000.00
5000007564,1000006216,20241216,1,1970,1,,2,12000.00,0.00,24000.00
5000007565,1000006217,20241216,2,72,1,,2,15000.00,0.00,30000.00
5000007573,1000006223,20241216,1,2060,1,,1,12000.00,0.00,12000.00
5000007574,1000006223,20241216,2,2060,1,,1,15000.00,0.00,15000.00
5000007576,1000006225,20241216,1,1370,1,,1,12000.00,0.00,12000.00
5000007577,1000006225,20241216,2,1370,1,,1,15000.00,0.00,15000.00
5000007583,1000006229,20241216,2,629,1,,1,15000.00,0.00,15000.00
5000007585,1000006231,20241216,2,1371,1,,3,15000.00,0.00,45000.00
5000007586,1000006232,20241216,1,1258,1,,1,12000.00,0.00,12000.00
5000007587,1000006233,20241217,2,2145,1,,1,15000.00,0.00,15000.00
5000007588,1000006234,20241217,2,652,1,,3,15000.00,0.00,45000.00
5000007589,1000006235,20241217,1,2012,1,,11,12000.00,19800.00,112200.00
5000007590,1000006235,20241217,2,2012,1,,14,15000.00,31500.00,178500.00
5000007591,1000006236,20241217,1,241,1,,1,12000.00,0.00,12000.00
5000007592,1000006237,20241217,1,632,1,,1,12000.00,0.00,12000.00
5000007593,1000006238,20241217,1,1275,1,,1,12000.00,0.00,12000.00
5000007594,1000006238,20241217,2,1275,1,,4,15000.00,0.00,60000.00
5000007595,1000006239,20241217,2,1528,1,,2,15000.00,0.00,30000.00
5000007598,1000006241,20241217,1,1847,1,,1,12000.00,0.00,12000.00
5000007599,1000006241,20241217,2,1847,1,,1,15000.00,0.00,15000.00
5000007602,1000006244,20241217,1,2146,1,,1,12000.00,0.00,12000.00
5000007603,1000006245,20241217,2,1667,1,,2,15000.00,0.00,30000.00
5000007605,1000006247,20241217,2,172,1,,2,15000.00,0.00,30000.00
5000007606,1000006248,20241217,1,375,1,,3,12000.00,0.00,36000.00
5000007609,1000006250,20241217,1,2147,1,,1,12000.00,600.00,11400.00
5000007611,1000006252,20241217,1,1619,1,,2,12000.00,0.00,24000.00
5000007613,1000006254,20241217,1,1718,1,,2,12000.00,0.00,24000.00
5000007619,1000006260,20241217,2,1306,1,,1,15000.00,0.00,15000.00
5000007624,1000006264,20241217,2,831,1,,1,15000.00,0.00,15000.00
5000007625,1000006265,20241217,2,1060,1,,1,15000.00,750.00,14250.00
5000007626,1000006266,20241217,1,563,1,,1,12000.00,0.00,12000.00
5000007627,1000006267,20241217,2,543,1,,1,15000.00,0.00,15000.00
5000007628,1000006268,20241217,1,1506,1,,2,12000.00,0.00,24000.00
5000007629,1000006269,20241217,1,2149,1,,1,12000.00,0.00,12000.00
5000007630,1000006270,20241217,1,2148,1,,2,12000.00,0.00,24000.00
5000007631,1000006271,20241217,2,1479,1,,1,15000.00,0.00,15000.00
5000007632,1000006272,20241217,1,402,1,,1,12000.00,0.00,12000.00
5000007633,1000006272,20241217,2,402,1,,1,15000.00,0.00,15000.00
5000007634,1000006273,20241217,1,1003,1,,1,12000.00,0.00,12000.00
5000007635,1000006274,20241217,2,1093,1,,2,15000.00,1500.00,28500.00
5000007636,1000006275,20241217,1,1841,1,,1,12000.00,0.00,12000.00
5000007637,1000006275,20241217,2,1841,1,,3,15000.00,0.00,45000.00
5000007638,1000006276,20241217,2,1302,1,,1,15000.00,0.00,15000.00
5000007639,1000006277,20241217,1,1510,1,,3,12000.00,0.00,36000.00
5000007640,1000006278,20241218,1,852,1,,1,12000.00,0.00,12000.00
5000007641,1000006278,20241218,2,852,1,,1,15000.00,0.00,15000.00
5000007642,1000006279,20241218,1,1555,1,,1,12000.00,0.00,12000.00
5000007643,1000006280,20241218,2,1750,1,,2,15000.00,0.00,30000.00
5000007644,1000006281,20241218,1,226,1,,1,12000.00,0.00,12000.00
5000007645,1000006281,20241218,2,226,1,,4,15000.00,0.00,60000.00
5000007646,1000006282,20241218,2,2150,1,,2,15000.00,0.00,30000.00
5000007648,1000006284,20241218,1,1500,1,,2,12000.00,0.00,24000.00
5000007651,1000006286,20241218,2,1740,1,,2,15000.00,0.00,30000.00
5000007652,1000006287,20241218,2,104,1,,1,15000.00,0.00,15000.00
5000007654,1000006289,20241218,1,1684,1,,2,12000.00,0.00,24000.00
5000007658,1000006293,20241218,2,1872,1,,1,15000.00,0.00,15000.00
5000007659,1000006294,20241218,1,1984,1,,4,12000.00,0.00,48000.00
5000007660,1000006295,20241218,2,716,1,,2,15000.00,0.00,30000.00
5000007662,1000006297,20241218,2,1475,1,,1,15000.00,0.00,15000.00
5000007663,1000006298,20241218,1,1577,1,,2,12000.00,1200.00,22800.00
5000007664,1000006298,20241218,2,1577,1,,2,15000.00,1500.00,28500.00
5000007665,1000006299,20241218,1,1992,1,,1,12000.00,600.00,11400.00
5000007671,1000006305,20241218,1,1492,1,,1,12000.00,0.00,12000.00
5000007675,1000006309,20241218,1,2153,1,,4,12000.00,0.00,48000.00
5000007676,1000006310,20241218,2,2154,1,,2,15000.00,0.00,30000.00
5000007679,1000006312,20241218,1,1923,1,,1,12000.00,0.00,12000.00
5000007682,1000006314,20241218,2,333,1,,1,15000.00,0.00,15000.00
5000007683,1000006315,20241218,1,1882,1,,1,12000.00,0.00,12000.00
5000007684,1000006316,20241218,2,1012,1,,1,15000.00,0.00,15000.00
5000007685,1000006317,20241218,1,1259,1,,1,12000.00,0.00,12000.00
5000007686,1000006317,20241218,2,1259,1,,1,15000.00,0.00,15000.00
5000007687,1000006318,20241218,1,1748,1,,1,12000.00,0.00,12000.00
5000007688,1000006318,20241218,2,1748,1,,1,15000.00,0.00,15000.00
5000007689,1000006319,20241219,1,1077,1,,4,12000.00,0.00,48000.00
5000007690,1000006319,20241219,2,1077,1,,1,15000.00,0.00,15000.00
5000007691,1000006320,20241219,1,2155,1,,1,12000.00,0.00,12000.00
5000007692,1000006321,20241219,2,214,1,,1,15000.00,0.00,15000.00
5000007693,1000006322,20241219,1,1072,1,,4,12000.00,0.00,48000.00
5000007694,1000006323,20241219,2,84,1,,1,15000.00,0.00,15000.00
5000007695,1000006324,20241219,2,1554,1,,2,15000.00,0.00,30000.00
5000007701,1000006328,20241219,2,521,1,,4,15000.00,0.00,60000.00
5000007702,1000006329,20241219,1,1796,1,,1,12000.00,0.00,12000.00
5000007705,1000006331,20241219,1,1639,1,,2,12000.00,0.00,24000.00
5000007706,1000006331,20241219,2,1639,1,,2,15000.00,0.00,30000.00
5000007710,1000006334,20241219,1,1379,1,,3,12000.00,0.00,36000.00
5000007721,1000006342,20241219,2,1862,1,,1,15000.00,0.00,15000.00
5000007722,1000006343,20241219,2,2160,1,,3,15000.00,0.00,45000.00
5000007723,1000006344,20241219,1,1223,1,,2,12000.00,0.00,24000.00
5000007724,1000006344,20241219,2,1223,1,,2,15000.00,0.00,30000.00
5000007725,1000006345,20241219,1,1776,1,,2,12000.00,0.00,24000.00
5000007726,1000006346,20241219,2,2161,1,,1,15000.00,0.00,15000.00
5000007727,1000006347,20241219,1,2163,1,,1,12000.00,0.00,12000.00
5000007728,1000006347,20241219,2,2163,1,,1,15000.00,0.00,15000.00
5000007729,1000006348,20241219,1,2164,1,,11,12000.00,19800.00,112200.00
5000007730,1000006349,20241220,1,884,1,,2,12000.00,0.00,24000.00
5000007731,1000006350,20241220,2,1485,1,,3,15000.00,0.00,45000.00
5000007732,1000006351,20241220,1,1454,1,,2,12000.00,0.00,24000.00
5000007733,1000006351,20241220,2,1454,1,,1,15000.00,0.00,15000.00
5000007734,1000006352,20241220,1,1051,1,,2,12000.00,0.00,24000.00
5000007735,1000006353,20241220,1,497,1,,1,12000.00,0.00,12000.00
5000007736,1000006353,20241220,2,497,1,,1,15000.00,0.00,15000.00
5000007737,1000006354,20241220,2,1681,1,,2,15000.00,0.00,30000.00
5000007741,1000006357,20241220,2,1189,1,,1,15000.00,0.00,15000.00
5000007742,1000006358,20241220,2,2165,1,,1,15000.00,0.00,15000.00
5000007746,1000006362,20241220,1,1279,1,,2,12000.00,0.00,24000.00
5000007748,1000006364,20241220,1,635,1,,1,12000.00,0.00,12000.00
5000007751,1000006367,20241220,2,281,1,,2,15000.00,0.00,30000.00
5000007752,1000006368,20241220,1,715,1,,1,12000.00,0.00,12000.00
5000007753,1000006369,20241220,2,944,1,,1,15000.00,0.00,15000.00
5000007762,1000006376,20241220,1,2169,1,,1,12000.00,0.00,12000.00
5000007765,1000006378,20241220,2,2171,1,,4,15000.00,0.00,60000.00
5000007768,1000006380,20241220,1,2021,1,,2,12000.00,0.00,24000.00
5000007775,1000006387,20241220,1,1966,1,,3,12000.00,0.00,36000.00
5000007776,1000006388,20241220,2,909,1,,3,15000.00,0.00,45000.00
5000007777,1000006389,20241220,1,789,1,,4,12000.00,0.00,48000.00
5000007778,1000006389,20241220,2,789,1,,1,15000.00,0.00,15000.00
5000007779,1000006390,20241220,1,1008,1,,4,12000.00,0.00,48000.00
5000007780,1000006390,20241220,2,1008,1,,1,15000.00,0.00,15000.00
5000007781,1000006391,20241221,1,20,1,,1,12000.00,0.00,12000.00
5000007782,1000006391,20241221,2,20,1,,2,15000.00,0.00,30000.00
5000007783,1000006392,20241221,1,1110,1,,1,12000.00,0.00,12000.00
5000007784,1000006392,20241221,2,1110,1,,3,15000.00,0.00,45000.00
5000007785,1000006393,20241221,1,1733,1,,2,12000.00,0.00,24000.00
5000007786,1000006393,20241221,2,1733,1,,2,15000.00,0.00,30000.00
5000007787,1000006394,20241221,1,2175,1,,1,12000.00,0.00,12000.00
5000007788,1000006394,20241221,2,2175,1,,1,15000.00,0.00,15000.00
5000007789,1000006395,20241221,2,2020,1,,2,15000.00,0.00,30000.00
5000007790,1000006396,20241221,1,811,1,,1,12000.00,0.00,12000.00
5000007791,1000006397,20241221,2,1521,1,,1,15000.00,0.00,15000.00
5000007792,1000006398,20241221,2,684,1,,1,15000.00,0.00,15000.00
5000007797,1000006403,20241221,1,1017,1,,1,12000.00,0.00,12000.00
5000007798,1000006404,20241221,1,1834,1,,2,12000.00,0.00,24000.00
5000007800,1000006406,20241221,2,1607,1,,1,15000.00,0.00,15000.00
5000007801,1000006407,20241221,2,3,1,,1,15000.00,0.00,15000.00
5000007819,1000006422,20241221,1,2179,1,,2,12000.00,0.00,24000.00
5000007820,1000006423,20241221,1,1924,1,,4,12000.00,0.00,48000.00
5000007821,1000006424,20241221,2,2049,1,,1,15000.00,0.00,15000.00
5000007822,1000006425,20241221,1,2180,1,,2,12000.00,0.00,24000.00
5000007823,1000006426,20241221,1,1412,1,,1,12000.00,0.00,12000.00
5000007824,1000006427,20241222,1,115,1,,1,12000.00,0.00,12000.00
5000007825,1000006428,20241222,1,89,1,,3,12000.00,1800.00,34200.00
5000007826,1000006429,20241222,1,357,1,,2,12000.00,0.00,24000.00
5000007827,1000006429,20241222,2,357,1,,1,15000.00,0.00,15000.00
5000007828,1000006430,20241222,1,844,1,,2,12000.00,0.00,24000.00
5000007829,1000006431,20241222,2,460,1,,1,15000.00,0.00,15000.00
5000007830,1000006432,20241222,2,1149,1,,2,15000.00,0.00,30000.00
5000007831,1000006433,20241222,1,2181,1,,1,12000.00,0.00,12000.00
5000007832,1000006434,20241222,1,2182,1,,1,12000.00,0.00,12000.00
5000007833,1000006435,20241222,1,872,1,,1,12000.00,0.00,12000.00
5000007834,1000006435,20241222,2,872,1,,2,15000.00,0.00,30000.00
5000007835,1000006436,20241222,1,2183,1,,1,12000.00,0.00,12000.00
5000007836,1000006437,20241222,1,1914,1,,2,12000.00,0.00,24000.00
5000007837,1000006438,20241222,1,2184,1,,2,12000.00,0.00,24000.00
5000007838,1000006439,20241222,1,45,1,,1,12000.00,0.00,12000.00
5000007839,1000006439,20241222,2,45,1,,1,15000.00,0.00,15000.00
5000007840,1000006440,20241223,2,653,1,,1,15000.00,750.00,14250.00
5000007841,1000006441,20241223,1,591,1,,2,12000.00,0.00,24000.00
5000007842,1000006442,20241223,1,977,1,,2,12000.00,0.00,24000.00
5000007843,1000006443,20241223,2,799,1,,1,15000.00,0.00,15000.00
5000007844,1000006444,20241223,1,133,1,,1,12000.00,0.00,12000.00
5000007845,1000006445,20241223,2,1408,1,,1,15000.00,0.00,15000.00
5000007846,1000006446,20241223,1,1239,1,,1,12000.00,0.00,12000.00
5000007847,1000006446,20241223,2,1239,1,,1,15000.00,0.00,15000.00
5000007848,1000006447,20241223,1,513,1,,3,12000.00,0.00,36000.00
5000007849,1000006447,20241223,2,513,1,,3,15000.00,0.00,45000.00
5000007850,1000006448,20241223,2,1969,1,,1,15000.00,0.00,15000.00
5000007851,1000006449,20241223,2,249,1,,1,15000.00,0.00,15000.00
5000007852,1000006450,20241223,1,2185,1,,1,12000.00,0.00,12000.00
5000007853,1000006450,20241223,2,2185,1,,1,15000.00,0.00,15000.00
5000007855,1000006452,20241223,1,120,1,,1,12000.00,0.00,12000.00
5000007857,1000006454,20241223,1,1795,1,,2,12000.00,1200.00,22800.00
5000007858,1000006454,20241223,2,1795,1,,2,15000.00,1500.00,28500.00
5000007863,1000006458,20241223,1,2069,1,,1,12000.00,0.00,12000.00
5000007864,1000006459,20241223,1,768,1,,2,12000.00,0.00,24000.00
5000007865,1000006460,20241223,1,399,1,,1,12000.00,0.00,12000.00
5000007866,1000006460,20241223,2,399,1,,1,15000.00,0.00,15000.00
5000007868,1000006462,20241223,1,1476,1,,2,12000.00,0.00,24000.00
5000007869,1000006462,20241223,2,1476,1,,1,15000.00,0.00,15000.00
5000007871,1000006464,20241223,1,1330,1,,3,12000.00,0.00,36000.00
5000007872,1000006465,20241223,2,300,1,,1,15000.00,0.00,15000.00
5000007873,1000006466,20241223,2,1361,1,,1,15000.00,0.00,15000.00
5000007876,1000006469,20241223,2,2186,1,,2,15000.00,0.00,30000.00
5000007877,1000006470,20241223,1,152,1,,2,12000.00,0.00,24000.00
5000007878,1000006470,20241223,2,152,1,,3,15000.00,0.00,45000.00
5000007880,1000006472,20241223,2,1129,1,,2,15000.00,0.00,30000.00
5000007882,1000006474,20241223,2,1851,1,,2,15000.00,0.00,30000.00
5000007884,1000006476,20241223,2,2188,1,,1,15000.00,0.00,15000.00
5000007885,1000006477,20241223,2,2187,1,,3,15000.00,0.00,45000.00
5000007886,1000006478,20241223,2,330,1,,2,15000.00,0.00,30000.00
5000007887,1000006479,20241224,1,2189,1,,2,12000.00,2400.00,21600.00
5000007888,1000006480,20241224,2,1172,1,,1,15000.00,1500.00,13500.00
5000007889,1000006481,20241224,2,2047,1,,3,15000.00,4500.00,40500.00
5000007890,1000006482,20241224,2,2190,1,,1,15000.00,0.00,15000.00
5000007891,1000006483,20241224,1,1794,1,,2,12000.00,0.00,24000.00
5000007892,1000006483,20241224,2,1794,1,,2,15000.00,0.00,30000.00
5000007893,1000006484,20241224,1,1650,1,,1,12000.00,0.00,12000.00
5000007894,1000006485,20241224,2,122,1,,4,15000.00,0.00,60000.00
5000007896,1000006487,20241224,2,696,1,,1,15000.00,0.00,15000.00
5000007898,1000006489,20241224,2,1237,1,,1,15000.00,0.00,15000.00
5000007899,1000006490,20241224,2,165,1,,1,15000.00,0.00,15000.00
5000007901,1000006492,20241224,1,2193,1,,2,12000.00,0.00,24000.00
5000007904,1000006494,20241224,1,2194,1,,2,12000.00,0.00,24000.00
5000007911,1000006500,20241224,1,2071,1,,1,12000.00,1200.00,10800.00
5000007912,1000006500,20241224,2,2071,1,,1,15000.00,1500.00,13500.00
5000007916,1000006504,20241224,2,2197,1,,2,15000.00,0.00,30000.00
5000007920,1000006507,20241224,2,1329,1,,3,15000.00,0.00,45000.00
5000007924,1000006510,20241224,2,1091,1,,1,15000.00,1500.00,13500.00
5000007925,1000006511,20241224,1,2201,1,,1,12000.00,0.00,12000.00
5000007926,1000006512,20241224,1,2117,1,,1,12000.00,600.00,11400.00
5000007927,1000006512,20241224,2,2117,1,,1,15000.00,750.00,14250.00
5000007928,1000006513,20241224,1,2202,1,,1,12000.00,0.00,12000.00
5000007929,1000006513,20241224,2,2202,1,,1,15000.00,0.00,15000.00
5000007930,1000006514,20241224,1,1509,1,,8,12000.00,14400.00,81600.00
5000007931,1000006515,20241224,2,1515,1,,1,15000.00,1500.00,13500.00
5000007932,1000006516,20241224,1,1068,1,,1,12000.00,0.00,12000.00
5000007933,1000006516,20241224,2,1068,1,,2,15000.00,0.00,30000.00
5000007934,1000006517,20241224,1,2203,1,,1,12000.00,0.00,12000.00
5000007935,1000006518,20241224,2,1870,1,,2,15000.00,3000.00,27000.00
5000007936,1000006519,20241224,2,1991,1,,1,15000.00,0.00,15000.00
5000007937,1000006520,20241225,1,1921,1,,1,12000.00,0.00,12000.00
5000007938,1000006521,20241225,2,2204,1,,1,15000.00,0.00,15000.00
5000007939,1000006522,20241225,2,1685,1,,2,15000.00,0.00,30000.00
5000007940,1000006523,20241225,2,11,1,,1,15000.00,0.00,15000.00
5000007941,1000006524,20241225,2,1724,1,,1,15000.00,0.00,15000.00
5000007942,1000006525,20241225,1,2205,1,,1,12000.00,0.00,12000.00
5000007943,1000006525,20241225,2,2205,1,,1,15000.00,0.00,15000.00
5000007944,1000006526,20241225,1,1876,1,,1,12000.00,0.00,12000.00
5000007945,1000006527,20241225,2,1389,1,,1,15000.00,0.00,15000.00
5000007946,1000006528,20241225,1,764,1,,1,12000.00,0.00,12000.00
5000007947,1000006528,20241225,2,764,1,,1,15000.00,0.00,15000.00
5000007948,1000006529,20241225,1,2114,1,,3,12000.00,0.00,36000.00
5000007949,1000006530,20241225,2,1313,1,,1,15000.00,0.00,15000.00
5000007950,1000006531,20241226,1,1835,1,,2,12000.00,0.00,24000.00
5000007951,1000006531,20241226,2,1835,1,,1,15000.00,0.00,15000.00
5000007952,1000006532,20241226,1,496,1,,1,12000.00,600.00,11400.00
5000007953,1000006533,20241226,2,2206,1,,1,15000.00,750.00,14250.00
5000007955,1000006535,20241226,2,1624,1,,1,15000.00,0.00,15000.00
5000007956,1000006536,20241226,1,1944,1,,2,12000.00,0.00,24000.00
5000007957,1000006537,20241226,2,1972,1,,4,15000.00,0.00,60000.00
5000007962,1000006541,20241226,1,2208,1,,1,12000.00,0.00,12000.00
5000007963,1000006541,20241226,2,2208,1,,1,15000.00,0.00,15000.00
5000007965,1000006543,20241226,2,457,1,,2,15000.00,0.00,30000.00
5000007966,1000006544,20241226,2,2209,1,,1,15000.00,0.00,15000.00
5000007967,1000006545,20241226,1,759,1,,2,12000.00,0.00,24000.00
5000007968,1000006546,20241227,1,2210,1,,1,12000.00,0.00,12000.00
5000007969,1000006547,20241227,2,633,1,,2,15000.00,0.00,30000.00
5000007973,1000006551,20241227,1,2213,1,,4,12000.00,0.00,48000.00
5000007978,1000006555,20241227,1,1294,1,,3,12000.00,0.00,36000.00
5000007979,1000006555,20241227,2,1294,1,,1,15000.00,0.00,15000.00
5000007980,1000006556,20241227,1,2216,1,,1,12000.00,0.00,12000.00
5000007982,1000006558,20241227,1,2217,1,,1,12000.00,0.00,12000.00
5000007983,1000006558,20241227,2,2217,1,,1,15000.00,0.00,15000.00
5000007984,1000006559,20241227,2,1654,1,,1,15000.00,0.00,15000.00
5000007985,1000006560,20241227,2,2218,1,,1,15000.00,0.00,15000.00
5000007988,1000006563,20241227,2,547,1,,1,15000.00,750.00,14250.00
5000007989,1000006564,20241227,1,1169,1,,1,12000.00,0.00,12000.00
5000007990,1000006564,20241227,2,1169,1,,2,15000.00,0.00,30000.00
5000007991,1000006565,20241227,1,1038,1,,12,12000.00,21600.00,122400.00
5000007992,1000006565,20241227,2,1038,1,,10,15000.00,22500.00,127500.00
5000007993,1000006566,20241227,1,1637,1,,1,12000.00,0.00,12000.00
5000007994,1000006567,20241227,1,756,1,,1,12000.00,0.00,12000.00
5000007995,1000006568,20241227,1,2221,1,,2,12000.00,0.00,24000.00
5000007996,1000006568,20241227,2,2221,1,,1,15000.00,0.00,15000.00
5000007997,1000006569,20241228,1,2222,1,,2,12000.00,0.00,24000.00
5000007998,1000006569,20241228,2,2222,1,,1,15000.00,0.00,15000.00
5000008002,1000006573,20241228,2,952,1,,1,15000.00,0.00,15000.00
5000008012,1000006580,20241228,2,1538,1,,2,15000.00,0.00,30000.00
5000008016,1000006583,20241228,2,2226,1,,1,15000.00,0.00,15000.00
5000008023,1000006588,20241228,1,869,1,,2,12000.00,0.00,24000.00
5000008024,1000006589,20241228,1,373,1,,2,12000.00,0.00,24000.00
5000008025,1000006589,20241228,2,373,1,,1,15000.00,0.00,15000.00
5000008028,1000006592,20241228,1,2227,1,,1,12000.00,0.00,12000.00
5000008029,1000006592,20241228,2,2227,1,,2,15000.00,0.00,30000.00
5000008030,1000006593,20241228,1,1117,1,,1,12000.00,0.00,12000.00
5000008031,1000006594,20241228,1,2229,1,,2,12000.00,0.00,24000.00
5000008032,1000006594,20241228,2,2229,1,,1,15000.00,0.00,15000.00
5000008033,1000006595,20241228,1,2230,1,,2,12000.00,0.00,24000.00
5000008034,1000006595,20241228,2,2230,1,,1,15000.00,0.00,15000.00
5000008035,1000006596,20241228,1,1570,1,,1,12000.00,0.00,12000.00
5000008036,1000006596,20241228,2,1570,1,,3,15000.00,0.00,45000.00
5000008037,1000006597,20241229,1,1916,1,,2,12000.00,0.00,24000.00
5000008038,1000006598,20241229,1,2087,1,,2,12000.00,0.00,24000.00
5000008039,1000006598,20241229,2,2087,1,,2,15000.00,0.00,30000.00
5000008040,1000006599,20241229,2,2232,1,,1,15000.00,0.00,15000.00
5000008041,1000006600,20241229,1,420,1,,1,12000.00,0.00,12000.00
5000008042,1000006601,20241229,2,1636,1,,1,15000.00,0.00,15000.00
5000008043,1000006602,20241229,2,125,1,,1,15000.00,0.00,15000.00
5000008044,1000006603,20241229,2,2234,1,,2,15000.00,0.00,30000.00
5000008045,1000006604,20241229,1,2235,1,,1,12000.00,0.00,12000.00
5000008046,1000006605,20241230,2,741,1,,1,15000.00,750.00,14250.00
5000008047,1000006606,20241230,1,1057,1,,1,12000.00,0.00,12000.00
5000008050,1000006609,20241230,2,2236,1,,2,15000.00,0.00,30000.00
5000008051,1000006610,20241230,1,2237,1,,3,12000.00,1800.00,34200.00
5000008052,1000006611,20241230,1,2238,1,,4,12000.00,0.00,48000.00
5000008053,1000006611,20241230,2,2238,1,,3,15000.00,0.00,45000.00
5000008055,1000006613,20241230,1,359,1,,2,12000.00,0.00,24000.00
5000008056,1000006614,20241230,1,65,1,,1,12000.00,0.00,12000.00
5000008057,1000006614,20241230,2,65,1,,2,15000.00,0.00,30000.00
5000008058,1000006615,20241230,2,1663,1,,1,15000.00,0.00,15000.00
5000008061,1000006618,20241230,1,1448,1,,3,12000.00,0.00,36000.00
5000008062,1000006619,20241230,2,1125,1,,1,15000.00,0.00,15000.00
5000008063,1000006620,20241230,1,636,1,,1,12000.00,0.00,12000.00
5000008064,1000006620,20241230,2,636,1,,1,15000.00,0.00,15000.00
5000008065,1000006621,20241230,1,1827,1,,1,12000.00,0.00,12000.00
5000008066,1000006622,20241231,1,1054,1,,2,12000.00,0.00,24000.00
5000008067,1000006622,20241231,2,1054,1,,2,15000.00,0.00,30000.00
5000008069,1000006624,20241231,2,1885,1,,1,15000.00,0.00,15000.00
5000008070,1000006625,20241231,2,1905,1,,1,15000.00,0.00,15000.00
5000008080,1000006631,20241231,1,708,1,,1,12000.00,0.00,12000.00
5000008083,1000006634,20241231,2,1955,1,,1,15000.00,0.00,15000.00
5000008084,1000006635,20241231,1,1142,1,,4,12000.00,0.00,48000.00
5000008085,1000006636,20241231,1,1286,1,,1,12000.00,0.00,12000.00
5000008086,1000006637,20241231,2,2242,1,,1,15000.00,0.00,15000.00
5000008087,1000006638,20250101,2,335,1,,2,15000.00,0.00,30000.00
5000008088,1000006639,20250101,2,1449,1,,2,15000.00,0.00,30000.00
5000008089,1000006640,20250101,1,622,1,,1,12000.00,600.00,11400.00
5000008090,1000006641,20250101,2,1135,1,,1,15000.00,0.00,15000.00
5000008091,1000006642,20250101,1,2102,1,,1,12000.00,0.00,12000.00
5000008092,1000006643,20250101,2,179,1,,1,15000.00,0.00,15000.00
5000008093,1000006644,20250101,1,1526,1,,1,12000.00,0.00,12000.00
5000008094,1000006645,20250101,1,2243,1,,4,12000.00,0.00,48000.00
5000008095,1000006645,20250101,2,2243,1,,4,15000.00,0.00,60000.00
5000008096,1000006646,20250101,1,2244,1,,1,12000.00,0.00,12000.00
5000008097,1000006647,20250101,1,1118,1,,1,12000.00,0.00,12000.00
5000008098,1000006648,20250101,1,1360,1,,1,12000.00,0.00,12000.00
5000008099,1000006649,20250101,1,2245,1,,1,12000.00,0.00,12000.00
5000008100,1000006650,20250101,1,1285,1,,1,12000.00,0.00,12000.00
5000008101,1000006651,20250101,1,998,1,,2,12000.00,0.00,24000.00
5000008102,1000006652,20250101,2,2246,1,,4,15000.00,0.00,60000.00
5000008103,1000006653,20250102,2,1400,1,,1,15000.00,0.00,15000.00
5000008104,1000006654,20250102,1,210,1,,4,12000.00,2400.00,45600.00
5000008107,1000006656,20250102,1,1256,1,,2,12000.00,0.00,24000.00
5000008108,1000006656,20250102,2,1256,1,,1,15000.00,0.00,15000.00
5000008110,1000006658,20250102,1,2248,1,,2,12000.00,0.00,24000.00
5000008111,1000006658,20250102,2,2248,1,,2,15000.00,0.00,30000.00
5000008112,1000006659,20250102,2,374,1,,1,15000.00,0.00,15000.00
5000008113,1000006660,20250102,2,1404,1,,2,15000.00,0.00,30000.00
5000008114,1000006661,20250102,2,351,1,,1,15000.00,0.00,15000.00
5000008117,1000006664,20250102,1,644,1,,1,12000.00,0.00,12000.00
5000008118,1000006665,20250102,1,1867,1,,2,12000.00,1200.00,22800.00
5000008123,1000006669,20250102,2,513,1,,3,15000.00,0.00,45000.00
5000008125,1000006671,20250102,1,1253,1,,1,12000.00,0.00,12000.00
5000008126,1000006671,20250102,2,1253,1,,1,15000.00,0.00,15000.00
5000008128,1000006673,20250102,1,1595,1,,1,12000.00,0.00,12000.00
5000008129,1000006674,20250103,2,1247,1,,1,15000.00,0.00,15000.00
5000008132,1000006676,20250103,1,279,1,,1,12000.00,0.00,12000.00
5000008134,1000006678,20250103,2,2254,1,,1,15000.00,0.00,15000.00
5000008146,1000006687,20250103,2,1980,1,,1,15000.00,0.00,15000.00
5000008148,1000006689,20250103,1,543,1,,1,12000.00,0.00,12000.00
5000008149,1000006689,20250103,2,543,1,,2,15000.00,0.00,30000.00
5000008151,1000006691,20250103,1,2187,1,,2,12000.00,0.00,24000.00
5000008152,1000006692,20250103,1,1257,1,,3,12000.00,0.00,36000.00
5000008153,1000006693,20250104,2,108,1,,4,15000.00,0.00,60000.00
5000008154,1000006694,20250104,2,2258,1,,1,15000.00,0.00,15000.00
5000008155,1000006695,20250104,1,1802,1,,3,12000.00,0.00,36000.00
5000008156,1000006695,20250104,2,1802,1,,1,15000.00,0.00,15000.00
5000008158,1000006697,20250104,2,2260,1,,3,15000.00,0.00,45000.00
5000008164,1000006702,20250104,2,2262,1,,4,15000.00,0.00,60000.00
5000008166,1000006704,20250104,2,1466,1,,1,15000.00,0.00,15000.00
5000008175,1000006712,20250104,1,2265,1,,2,12000.00,0.00,24000.00
5000008176,1000006712,20250104,2,2265,1,,2,15000.00,0.00,30000.00
5000008179,1000006715,20250104,1,2267,1,,1,12000.00,0.00,12000.00
5000008182,1000006717,20250104,2,1365,1,,1,15000.00,0.00,15000.00
5000008183,1000006718,20250104,1,16,1,,1,12000.00,0.00,12000.00
5000008184,1000006719,20250104,2,1359,1,,3,15000.00,0.00,45000.00
5000008185,1000006720,20250104,2,58,1,,2,15000.00,0.00,30000.00
5000008186,1000006721,20250104,1,785,1,,3,12000.00,0.00,36000.00
5000008187,1000006722,20250104,2,1189,1,,3,15000.00,0.00,45000.00
5000008188,1000006723,20250105,2,1437,1,,2,15000.00,0.00,30000.00
5000008189,1000006724,20250105,2,1248,1,,1,15000.00,0.00,15000.00
5000008190,1000006725,20250105,2,1967,1,,1,15000.00,0.00,15000.00
5000008191,1000006726,20250105,1,301,1,,1,12000.00,0.00,12000.00
5000008215,1000006746,20250106,1,2271,2,2,1,12000.00,0.00,12000.00
5000008216,1000006747,20250106,1,1838,2,3,3,12000.00,0.00,36000.00
5000008217,1000006747,20250106,2,1838,2,3,1,15000.00,0.00,15000.00
5000008220,1000006749,20250106,1,2272,2,2,2,12000.00,0.00,24000.00
5000008223,1000006752,20250106,1,1318,2,2,4,12000.00,0.00,48000.00
5000008225,1000006754,20250106,1,1569,2,1,3,12000.00,3600.00,32400.00
5000008226,1000006755,20250106,1,332,2,3,3,12000.00,0.00,36000.00
5000008227,1000006755,20250106,2,332,2,3,3,15000.00,0.00,45000.00
5000008228,1000006756,20250106,1,1861,2,1,1,12000.00,0.00,12000.00
5000008229,1000006757,20250106,1,2275,2,1,1,12000.00,0.00,12000.00
5000008230,1000006757,20250106,2,2275,2,1,1,15000.00,0.00,15000.00
5000008231,1000006758,20250106,2,2046,2,3,3,15000.00,0.00,45000.00
5000008248,1000006769,20250107,2,1497,2,2,1,15000.00,0.00,15000.00
5000008252,1000006772,20250107,1,1394,2,1,2,12000.00,0.00,24000.00
5000008254,1000006774,20250107,1,1740,2,1,2,12000.00,0.00,24000.00
5000008255,1000006775,20250107,2,1458,2,3,2,15000.00,0.00,30000.00
5000008257,1000006777,20250107,1,1277,2,1,2,12000.00,0.00,24000.00
5000008266,1000006786,20250108,2,2120,2,3,1,15000.00,0.00,15000.00
5000008267,1000006787,20250108,2,2096,2,4,1,15000.00,0.00,15000.00
5000008268,1000006788,20250108,1,1385,2,2,1,12000.00,0.00,12000.00
5000008274,1000006793,20250108,1,426,2,1,3,12000.00,0.00,36000.00
5000008275,1000006794,20250108,1,1203,2,1,1,12000.00,0.00,12000.00
5000008276,1000006794,20250108,2,1203,2,1,1,15000.00,0.00,15000.00
5000008277,1000006795,20250108,2,2286,2,3,1,15000.00,0.00,15000.00
5000008279,1000006797,20250108,2,865,2,1,4,15000.00,0.00,60000.00
5000008282,1000006799,20250108,2,1327,2,4,1,15000.00,0.00,15000.00
5000008283,1000006800,20250108,2,1044,2,3,1,15000.00,0.00,15000.00
5000008284,1000006801,20250108,1,2287,2,3,2,12000.00,0.00,24000.00
5000008291,1000006807,20250109,2,2168,2,1,1,15000.00,0.00,15000.00
5000008292,1000006808,20250109,2,1888,2,1,3,15000.00,0.00,45000.00
5000008294,1000006810,20250109,1,867,2,3,1,12000.00,0.00,12000.00
5000008300,1000006815,20250109,1,258,2,1,1,12000.00,0.00,12000.00
5000008302,1000006817,20250109,1,750,2,1,2,12000.00,0.00,24000.00
5000008309,1000006823,20250110,1,273,2,3,3,12000.00,0.00,36000.00
5000008310,1000006824,20250110,1,2100,2,4,2,12000.00,0.00,24000.00
5000008313,1000006826,20250110,2,1138,2,1,3,15000.00,0.00,45000.00
5000008314,1000006827,20250110,2,2290,2,3,1,15000.00,0.00,15000.00
5000008315,1000006828,20250110,2,743,2,2,1,15000.00,0.00,15000.00
5000008316,1000006829,20250110,2,2291,2,4,1,15000.00,0.00,15000.00
5000008317,1000006830,20250110,1,395,2,1,1,12000.00,0.00,12000.00
5000008318,1000006831,20250110,2,2170,2,1,1,15000.00,0.00,15000.00
5000008320,1000006833,20250110,1,665,2,3,1,12000.00,0.00,12000.00
5000008321,1000006833,20250110,2,665,2,3,1,15000.00,0.00,15000.00
5000008322,1000006834,20250110,2,486,2,2,1,15000.00,1500.00,13500.00
5000008323,1000006835,20250110,2,544,2,4,1,15000.00,0.00,15000.00
5000008324,1000006836,20250110,1,640,2,1,1,12000.00,0.00,12000.00
5000008334,1000006844,20250111,1,634,2,4,1,12000.00,0.00,12000.00
5000008335,1000006844,20250111,2,634,2,4,2,15000.00,0.00,30000.00
5000008336,1000006845,20250111,1,2055,2,1,1,12000.00,0.00,12000.00
5000008337,1000006846,20250111,1,317,2,2,1,12000.00,0.00,12000.00
5000008338,1000006847,20250111,2,1607,2,3,2,15000.00,0.00,30000.00
5000008339,1000006848,20250111,1,2215,2,1,1,12000.00,0.00,12000.00
5000008340,1000006848,20250111,2,2215,2,1,2,15000.00,0.00,30000.00
5000008341,1000006849,20250111,2,1586,2,1,3,15000.00,0.00,45000.00
5000008342,1000006850,20250111,2,1836,2,2,2,15000.00,0.00,30000.00
5000008343,1000006851,20250111,1,2298,2,4,2,12000.00,0.00,24000.00
5000008344,1000006851,20250111,2,2298,2,4,2,15000.00,0.00,30000.00
5000008345,1000006852,20250111,2,1291,2,2,2,15000.00,0.00,30000.00
5000008346,1000006853,20250111,1,1245,2,2,1,12000.00,0.00,12000.00
5000008347,1000006854,20250111,1,536,2,3,2,12000.00,0.00,24000.00
5000008348,1000006854,20250111,2,536,2,3,1,15000.00,0.00,15000.00
5000008349,1000006855,20250111,1,1567,2,1,1,12000.00,0.00,12000.00
5000008350,1000006855,20250111,2,1567,2,1,2,15000.00,0.00,30000.00
5000008351,1000006856,20250111,1,2299,2,2,2,12000.00,0.00,24000.00
5000008354,1000006859,20250111,1,437,2,4,4,12000.00,0.00,48000.00
5000008379,1000006880,20250113,2,441,2,2,1,15000.00,0.00,15000.00
5000008380,1000006881,20250113,2,829,2,3,2,15000.00,0.00,30000.00
5000008381,1000006882,20250113,1,1942,2,3,2,12000.00,0.00,24000.00
5000008383,1000006884,20250113,1,2112,2,1,2,12000.00,0.00,24000.00
5000008384,1000006885,20250113,2,805,2,4,2,15000.00,0.00,30000.00
5000008385,1000006886,20250113,1,2140,2,3,2,12000.00,2400.00,21600.00
5000008386,1000006887,20250113,2,474,2,4,3,15000.00,0.00,45000.00
5000008387,1000006888,20250113,1,1105,2,2,1,12000.00,0.00,12000.00
5000008388,1000006889,20250113,2,2015,2,3,1,15000.00,0.00,15000.00
5000008389,1000006890,20250113,1,749,2,1,1,12000.00,0.00,12000.00
5000008390,1000006890,20250113,2,749,2,1,2,15000.00,0.00,30000.00
5000008392,1000006892,20250113,1,925,2,2,2,12000.00,0.00,24000.00
5000008393,1000006892,20250113,2,925,2,2,3,15000.00,0.00,45000.00
5000008394,1000006893,20250113,1,729,2,3,1,12000.00,0.00,12000.00
5000008414,1000006909,20250114,1,177,2,3,1,12000.00,0.00,12000.00
5000008417,1000006911,20250114,1,1324,2,1,1,12000.00,0.00,12000.00
5000008418,1000006911,20250114,2,1324,2,1,1,15000.00,0.00,15000.00
5000008419,1000006912,20250114,2,368,2,2,3,15000.00,0.00,45000.00
5000008421,1000006914,20250114,2,2311,2,1,1,15000.00,0.00,15000.00
5000008422,1000006915,20250114,1,1912,2,3,1,12000.00,0.00,12000.00
5000008423,1000006916,20250114,1,2312,2,4,4,12000.00,0.00,48000.00
5000008424,1000006916,20250114,2,2312,2,4,1,15000.00,0.00,15000.00
5000008425,1000006917,20250114,2,1104,2,1,3,15000.00,0.00,45000.00
5000008426,1000006918,20250114,1,2313,2,1,1,12000.00,0.00,12000.00
5000008428,1000006920,20250114,2,1669,2,3,1,15000.00,1500.00,13500.00
5000008429,1000006921,20250114,2,616,2,3,1,15000.00,0.00,15000.00
5000008434,1000006926,20250115,2,1459,2,3,1,15000.00,0.00,15000.00
5000008435,1000006927,20250115,1,1246,2,4,4,12000.00,0.00,48000.00
5000008437,1000006929,20250115,2,2315,2,3,3,15000.00,0.00,45000.00
5000008441,1000006933,20250115,1,2317,2,3,3,12000.00,0.00,36000.00
5000008442,1000006934,20250115,1,456,2,4,2,12000.00,0.00,24000.00
5000008443,1000006935,20250115,2,777,2,4,2,15000.00,0.00,30000.00
5000008444,1000006936,20250115,1,1450,2,3,1,12000.00,0.00,12000.00
5000008445,1000006937,20250115,1,968,2,3,1,12000.00,0.00,12000.00
5000008446,1000006937,20250115,2,968,2,3,1,15000.00,0.00,15000.00
5000008448,1000006939,20250115,1,2318,2,3,1,12000.00,0.00,12000.00
5000008449,1000006939,20250115,2,2318,2,3,1,15000.00,0.00,15000.00
5000008450,1000006940,20250115,1,2319,2,1,2,12000.00,0.00,24000.00
5000008451,1000006941,20250115,1,235,2,1,1,12000.00,0.00,12000.00
5000008456,1000006945,20250116,2,1902,2,3,2,15000.00,0.00,30000.00
5000008457,1000006946,20250116,1,1326,2,1,1,12000.00,0.00,12000.00
5000008458,1000006947,20250116,1,897,2,2,1,12000.00,0.00,12000.00
5000008462,1000006951,20250116,2,769,2,3,1,15000.00,0.00,15000.00
5000008465,1000006953,20250116,1,477,2,3,1,12000.00,0.00,12000.00
5000008466,1000006953,20250116,2,477,2,3,2,15000.00,0.00,30000.00
5000008467,1000006954,20250116,2,1295,2,1,1,15000.00,0.00,15000.00
5000008469,1000006956,20250116,1,247,2,1,1,12000.00,0.00,12000.00
5000008475,1000006960,20250116,1,1690,2,2,2,12000.00,0.00,24000.00
5000008476,1000006960,20250116,2,1690,2,2,1,15000.00,0.00,15000.00
5000008484,1000006965,20250116,1,1818,2,3,2,12000.00,0.00,24000.00
5000008485,1000006965,20250116,2,1818,2,3,2,15000.00,0.00,30000.00
5000008492,1000006971,20250117,2,1149,2,4,1,15000.00,0.00,15000.00
5000008495,1000006974,20250117,2,2099,2,1,3,15000.00,0.00,45000.00
5000008496,1000006975,20250117,2,2157,2,2,2,15000.00,0.00,30000.00
5000008500,1000006978,20250117,1,1121,2,2,1,12000.00,0.00,12000.00
5000008501,1000006979,20250117,1,2327,2,2,2,12000.00,0.00,24000.00
5000008502,1000006979,20250117,2,2327,2,2,2,15000.00,0.00,30000.00
5000008503,1000006980,20250117,2,1760,2,4,4,15000.00,0.00,60000.00
5000008506,1000006983,20250117,1,2243,2,4,3,12000.00,0.00,36000.00
5000008507,1000006983,20250117,2,2243,2,4,1,15000.00,0.00,15000.00
5000008508,1000006984,20250117,2,1532,2,4,2,15000.00,0.00,30000.00
5000008509,1000006985,20250117,1,246,2,2,1,12000.00,0.00,12000.00
5000008510,1000006986,20250117,2,143,2,2,2,15000.00,0.00,30000.00
5000008515,1000006991,20250118,2,1003,2,3,1,15000.00,0.00,15000.00
5000008517,1000006993,20250118,1,2166,2,1,3,12000.00,0.00,36000.00
5000008518,1000006993,20250118,2,2166,2,1,2,15000.00,0.00,30000.00
5000008519,1000006994,20250118,2,1788,2,1,4,15000.00,0.00,60000.00
5000008520,1000006995,20250118,2,867,2,3,3,15000.00,4500.00,40500.00
5000008521,1000006996,20250118,2,338,2,1,1,15000.00,0.00,15000.00
5000008523,1000006998,20250118,2,2332,2,1,1,15000.00,0.00,15000.00
5000008526,1000007000,20250118,2,2333,2,2,4,15000.00,0.00,60000.00
5000008527,1000007001,20250118,1,2334,2,1,2,12000.00,0.00,24000.00
5000008529,1000007003,20250118,1,1731,2,1,1,12000.00,0.00,12000.00
5000008530,1000007004,20250118,2,40,2,1,2,15000.00,0.00,30000.00
5000008531,1000007005,20250118,2,571,2,4,4,15000.00,0.00,60000.00
5000008532,1000007006,20250118,2,2026,2,3,1,15000.00,0.00,15000.00
5000008533,1000007007,20250118,1,1282,2,3,2,12000.00,0.00,24000.00
5000008534,1000007007,20250118,2,1282,2,3,2,15000.00,0.00,30000.00
5000008536,1000007009,20250118,2,1540,2,1,2,15000.00,0.00,30000.00
5000008537,1000007010,20250118,2,1082,2,1,2,15000.00,0.00,30000.00
5000008538,1000007011,20250118,1,1005,2,1,2,12000.00,0.00,24000.00
5000008539,1000007011,20250118,2,1005,2,1,1,15000.00,0.00,15000.00
5000008565,1000007034,20250120,1,1153,2,4,1,12000.00,0.00,12000.00
5000008569,1000007037,20250120,1,1156,2,2,4,12000.00,0.00,48000.00
5000008572,1000007040,20250120,2,2092,2,2,1,15000.00,0.00,15000.00
5000008574,1000007042,20250120,2,1435,2,4,1,15000.00,0.00,15000.00
5000008582,1000007048,20250121,1,529,2,1,2,12000.00,0.00,24000.00
5000008583,1000007048,20250121,2,529,2,1,1,15000.00,0.00,15000.00
5000008584,1000007049,20250121,1,1676,2,4,2,12000.00,0.00,24000.00
5000008585,1000007049,20250121,2,1676,2,4,1,15000.00,0.00,15000.00
5000008586,1000007050,20250121,2,1531,2,1,2,15000.00,0.00,30000.00
5000008587,1000007051,20250121,1,2265,2,3,1,12000.00,0.00,12000.00
5000008588,1000007052,20250121,1,2091,2,2,1,12000.00,0.00,12000.00
5000008589,1000007053,20250121,2,1840,2,3,2,15000.00,0.00,30000.00
5000008591,1000007055,20250121,2,2347,2,4,2,15000.00,0.00,30000.00
5000008595,1000007058,20250121,2,1635,2,2,3,15000.00,0.00,45000.00
5000008597,1000007060,20250121,2,1974,2,1,1,15000.00,0.00,15000.00
5000008602,1000007065,20250122,2,1354,2,3,1,15000.00,0.00,15000.00
5000008603,1000007066,20250122,2,2351,2,1,1,15000.00,0.00,15000.00
5000008604,1000007067,20250122,1,1333,2,1,1,12000.00,0.00,12000.00
5000008605,1000007068,20250122,1,1245,2,2,2,12000.00,0.00,24000.00
5000008606,1000007068,20250122,2,1245,2,2,2,15000.00,0.00,30000.00
5000008609,1000007071,20250122,2,261,2,2,4,15000.00,0.00,60000.00
5000008611,1000007073,20250122,1,1155,2,2,1,12000.00,0.00,12000.00
5000008612,1000007073,20250122,2,1155,2,2,2,15000.00,0.00,30000.00
5000008613,1000007074,20250122,1,1151,2,1,1,12000.00,0.00,12000.00
5000008615,1000007076,20250122,1,2354,2,3,1,12000.00,0.00,12000.00
5000008616,1000007076,20250122,2,2354,2,3,2,15000.00,0.00,30000.00
5000008617,1000007077,20250122,2,1493,2,1,3,15000.00,0.00,45000.00
5000008618,1000007078,20250122,1,2355,2,4,1,12000.00,0.00,12000.00
5000008619,1000007078,20250122,2,2355,2,4,2,15000.00,0.00,30000.00
5000008620,1000007079,20250122,2,163,2,2,1,15000.00,0.00,15000.00
5000008622,1000007081,20250122,1,1863,2,3,1,12000.00,0.00,12000.00
5000008623,1000007082,20250122,2,2356,2,4,2,15000.00,3000.00,27000.00
5000008634,1000007093,20250123,1,2156,2,2,1,12000.00,0.00,12000.00
5000008635,1000007094,20250123,1,994,2,1,1,12000.00,0.00,12000.00
5000008636,1000007095,20250123,1,803,2,1,4,12000.00,0.00,48000.00
5000008637,1000007095,20250123,2,803,2,1,2,15000.00,0.00,30000.00
5000008640,1000007097,20250123,1,2358,2,3,3,12000.00,0.00,36000.00
5000008641,1000007097,20250123,2,2358,2,3,3,15000.00,0.00,45000.00
5000008642,1000007098,20250123,1,1015,2,3,1,12000.00,1200.00,10800.00
5000008643,1000007098,20250123,2,1015,2,3,1,15000.00,1500.00,13500.00
5000008647,1000007101,20250123,2,684,2,1,4,15000.00,0.00,60000.00
5000008661,1000007113,20250124,2,2360,2,1,4,15000.00,0.00,60000.00
5000008663,1000007115,20250124,2,2361,2,2,3,15000.00,4500.00,40500.00
5000008664,1000007116,20250124,2,1671,2,2,1,15000.00,0.00,15000.00
5000008665,1000007117,20250124,1,321,2,1,1,12000.00,0.00,12000.00
5000008666,1000007118,20250124,1,1613,2,1,1,12000.00,0.00,12000.00
5000008667,1000007119,20250124,1,2362,2,1,1,12000.00,0.00,12000.00
5000008668,1000007119,20250124,2,2362,2,1,1,15000.00,0.00,15000.00
5000008669,1000007120,20250124,2,1584,2,1,1,15000.00,0.00,15000.00
5000008670,1000007121,20250124,2,2363,2,2,1,15000.00,0.00,15000.00
5000008674,1000007125,20250125,2,1896,2,2,4,15000.00,0.00,60000.00
5000008675,1000007126,20250125,1,1609,2,1,2,12000.00,0.00,24000.00
5000008676,1000007127,20250125,1,1024,2,4,1,12000.00,0.00,12000.00
5000008678,1000007129,20250125,1,2367,2,4,1,12000.00,0.00,12000.00
5000008679,1000007130,20250125,1,375,2,3,4,12000.00,0.00,48000.00
5000008680,1000007130,20250125,2,375,2,3,1,15000.00,0.00,15000.00
5000008682,1000007132,20250125,1,2368,2,2,4,12000.00,0.00,48000.00
5000008685,1000007135,20250125,2,1631,2,2,1,15000.00,0.00,15000.00
5000008686,1000007136,20250125,1,2249,2,3,2,12000.00,0.00,24000.00
5000008687,1000007136,20250125,2,2249,2,3,1,15000.00,0.00,15000.00
5000008688,1000007137,20250125,1,1787,2,2,2,12000.00,0.00,24000.00
5000008689,1000007138,20250125,2,1241,2,2,4,15000.00,0.00,60000.00
5000008690,1000007139,20250125,1,462,2,1,3,12000.00,0.00,36000.00
5000008691,1000007140,20250125,1,2100,2,4,2,12000.00,0.00,24000.00
5000008692,1000007140,20250125,2,2100,2,4,3,15000.00,0.00,45000.00
5000008695,1000007143,20250125,2,1860,2,2,2,15000.00,0.00,30000.00
5000008700,1000007147,20250125,1,542,2,2,2,12000.00,0.00,24000.00
5000008701,1000007147,20250125,2,542,2,2,2,15000.00,0.00,30000.00
5000008727,1000007170,20250127,1,203,2,2,2,12000.00,0.00,24000.00
5000008731,1000007174,20250127,2,475,2,2,2,15000.00,3000.00,27000.00
5000008732,1000007175,20250127,2,1906,2,1,1,15000.00,1500.00,13500.00
5000008735,1000007178,20250127,1,729,2,3,2,12000.00,0.00,24000.00
5000008736,1000007178,20250127,2,729,2,3,1,15000.00,0.00,15000.00
5000008738,1000007180,20250127,2,338,2,1,1,15000.00,0.00,15000.00
5000008746,1000007186,20250127,2,2142,2,1,3,15000.00,0.00,45000.00
5000008747,1000007187,20250127,1,2373,2,3,2,12000.00,0.00,24000.00
5000008748,1000007188,20250127,1,1737,2,4,2,12000.00,0.00,24000.00
5000008749,1000007188,20250127,2,1737,2,4,4,15000.00,0.00,60000.00
5000008754,1000007193,20250128,2,2377,2,4,3,15000.00,0.00,45000.00
5000008759,1000007197,20250128,2,2056,2,2,1,15000.00,0.00,15000.00
5000008762,1000007199,20250128,1,966,2,2,3,12000.00,0.00,36000.00
5000008765,1000007202,20250128,2,1205,2,3,3,15000.00,0.00,45000.00
5000008766,1000007203,20250128,2,1076,2,1,2,15000.00,0.00,30000.00
5000008768,1000007205,20250128,1,1005,2,1,2,12000.00,0.00,24000.00
5000008769,1000007205,20250128,2,1005,2,1,1,15000.00,0.00,15000.00
5000008778,1000007213,20250129,2,895,2,3,1,15000.00,0.00,15000.00
5000008781,1000007216,20250129,1,2381,2,3,1,12000.00,0.00,12000.00
5000008782,1000007217,20250129,1,538,2,4,3,12000.00,0.00,36000.00
5000008783,1000007217,20250129,2,538,2,4,2,15000.00,0.00,30000.00
5000008784,1000007218,20250129,1,2167,2,4,1,12000.00,0.00,12000.00
5000008788,1000007221,20250129,2,1745,2,3,1,15000.00,0.00,15000.00
5000008790,1000007223,20250129,1,2318,2,3,2,12000.00,0.00,24000.00
5000008791,1000007223,20250129,2,2318,2,3,3,15000.00,0.00,45000.00
5000008792,1000007224,20250129,2,1421,2,2,2,15000.00,0.00,30000.00
5000008794,1000007226,20250129,2,2382,2,2,3,15000.00,0.00,45000.00
5000008796,1000007228,20250129,2,508,2,2,2,15000.00,0.00,30000.00
5000008797,1000007229,20250129,1,2317,2,3,1,12000.00,0.00,12000.00
5000008802,1000007234,20250130,2,2384,2,3,1,15000.00,0.00,15000.00
5000008803,1000007235,20250130,1,1196,2,1,1,12000.00,0.00,12000.00
5000008804,1000007236,20250130,2,1816,2,1,2,15000.00,0.00,30000.00
5000008805,1000007237,20250130,1,1262,2,1,1,12000.00,0.00,12000.00
5000008807,1000007239,20250130,2,750,2,1,2,15000.00,0.00,30000.00
5000008808,1000007240,20250130,1,1497,2,2,1,12000.00,0.00,12000.00
5000008809,1000007241,20250130,2,2176,2,1,1,15000.00,0.00,15000.00
5000008812,1000007243,20250130,2,1488,2,3,1,15000.00,0.00,15000.00
5000008813,1000007244,20250130,2,1235,2,4,1,15000.00,0.00,15000.00
5000008815,1000007246,20250130,2,2212,2,1,4,15000.00,0.00,60000.00
5000008822,1000007252,20250130,2,232,2,2,2,15000.00,0.00,30000.00
5000008823,1000007253,20250130,1,662,2,3,1,12000.00,0.00,12000.00
5000008824,1000007253,20250130,2,662,2,3,2,15000.00,0.00,30000.00
5000008825,1000007254,20250130,1,961,2,1,1,12000.00,0.00,12000.00
5000008826,1000007254,20250130,2,961,2,1,2,15000.00,0.00,30000.00
5000008831,1000007259,20250131,2,2389,2,3,2,15000.00,0.00,30000.00
5000008832,1000007260,20250131,1,388,2,4,1,12000.00,0.00,12000.00
5000008836,1000007263,20250131,1,1904,2,2,3,12000.00,0.00,36000.00
5000008837,1000007264,20250131,2,512,2,2,3,15000.00,0.00,45000.00
5000008838,1000007265,20250131,1,841,2,2,1,12000.00,0.00,12000.00
5000008839,1000007265,20250131,2,841,2,2,4,15000.00,0.00,60000.00
5000008840,1000007266,20250131,1,1846,2,1,1,12000.00,0.00,12000.00
5000008841,1000007267,20250131,2,927,2,3,1,15000.00,0.00,15000.00
5000008842,1000007268,20250131,1,1430,2,2,1,12000.00,0.00,12000.00
5000008843,1000007269,20250131,2,1683,2,1,1,15000.00,0.00,15000.00
5000008846,1000007272,20250131,1,2216,2,2,2,12000.00,0.00,24000.00
5000008849,1000007274,20250131,1,1836,2,2,2,12000.00,0.00,24000.00
5000008850,1000007274,20250131,2,1836,2,2,1,15000.00,0.00,15000.00
5000008851,1000007275,20250131,2,987,2,2,1,15000.00,0.00,15000.00
5000008852,1000007276,20250131,1,2391,2,2,1,12000.00,0.00,12000.00
5000008853,1000007277,20250131,2,1499,2,3,4,15000.00,0.00,60000.00
5000008854,1000007278,20250131,1,2271,2,2,2,12000.00,0.00,24000.00
5000008856,1000007280,20250201,2,1858,2,4,1,15000.00,0.00,15000.00
5000008857,1000007281,20250201,2,1530,2,2,4,15000.00,0.00,60000.00
5000008858,1000007282,20250201,1,722,2,3,1,12000.00,0.00,12000.00
5000008859,1000007282,20250201,2,722,2,3,2,15000.00,0.00,30000.00
5000008860,1000007283,20250201,1,1078,2,1,2,12000.00,0.00,24000.00
5000008862,1000007285,20250201,2,1740,2,1,1,15000.00,0.00,15000.00
5000008865,1000007287,20250201,2,1122,2,1,2,15000.00,0.00,30000.00
5000008866,1000007288,20250201,1,1294,2,1,2,12000.00,0.00,24000.00
5000008867,1000007288,20250201,2,1294,2,1,2,15000.00,0.00,30000.00
5000008869,1000007290,20250201,1,2395,2,3,1,12000.00,0.00,12000.00
5000008870,1000007290,20250201,2,2395,2,3,2,15000.00,0.00,30000.00
5000008871,1000007291,20250201,1,2120,2,3,2,12000.00,2400.00,21600.00
5000008872,1000007292,20250201,1,2034,2,1,2,12000.00,0.00,24000.00
5000008875,1000007294,20250201,1,1972,2,4,1,12000.00,0.00,12000.00
5000008876,1000007295,20250201,2,329,2,4,1,15000.00,0.00,15000.00
5000008880,1000007299,20250201,2,2042,2,3,4,15000.00,0.00,60000.00
5000008881,1000007300,20250201,2,2396,2,1,1,15000.00,0.00,15000.00
5000008882,1000007301,20250201,2,1334,2,4,2,15000.00,0.00,30000.00
5000008883,1000007302,20250201,1,2025,2,1,2,12000.00,0.00,24000.00
5000008884,1000007302,20250201,2,2025,2,1,2,15000.00,0.00,30000.00
5000008885,1000007303,20250201,1,2397,2,4,1,12000.00,0.00,12000.00
5000008886,1000007304,20250201,1,1439,2,4,1,12000.00,0.00,12000.00
5000008887,1000007305,20250201,1,344,2,2,4,12000.00,0.00,48000.00
5000008911,1000007322,20250203,1,848,2,4,1,12000.00,0.00,12000.00
5000008912,1000007322,20250203,2,848,2,4,2,15000.00,0.00,30000.00
5000008913,1000007323,20250203,2,1007,2,1,1,15000.00,0.00,15000.00
5000008916,1000007326,20250203,2,2155,2,2,1,15000.00,0.00,15000.00
5000008919,1000007329,20250203,1,989,2,3,1,12000.00,0.00,12000.00
5000008920,1000007330,20250203,1,1080,2,1,1,12000.00,0.00,12000.00
5000008921,1000007330,20250203,2,1080,2,1,2,15000.00,0.00,30000.00
5000008922,1000007331,20250203,2,2026,2,3,1,15000.00,0.00,15000.00
5000008923,1000007332,20250203,2,2402,2,3,2,15000.00,0.00,30000.00
5000008924,1000007333,20250203,1,2403,2,1,2,12000.00,0.00,24000.00
5000008925,1000007333,20250203,2,2403,2,1,1,15000.00,0.00,15000.00
5000008936,1000007341,20250204,2,215,2,1,2,15000.00,0.00,30000.00
5000008938,1000007343,20250204,2,474,2,4,1,15000.00,0.00,15000.00
5000008940,1000007345,20250204,1,472,2,2,1,12000.00,1200.00,10800.00
5000008941,1000007345,20250204,2,472,2,2,1,15000.00,1500.00,13500.00
5000008944,1000007348,20250204,2,2191,2,4,1,15000.00,0.00,15000.00
5000008946,1000007350,20250204,1,2406,2,1,3,12000.00,0.00,36000.00
5000008947,1000007351,20250204,1,2407,2,3,1,12000.00,0.00,12000.00
5000008948,1000007351,20250204,2,2407,2,3,3,15000.00,0.00,45000.00
5000008949,1000007352,20250204,1,2408,2,1,2,12000.00,0.00,24000.00
5000008950,1000007353,20250204,2,793,2,2,1,15000.00,0.00,15000.00
5000008952,1000007355,20250204,2,1968,2,3,1,15000.00,0.00,15000.00
5000008953,1000007356,20250204,2,1863,2,3,2,15000.00,0.00,30000.00
5000008959,1000007362,20250205,2,367,2,1,3,15000.00,0.00,45000.00
5000008960,1000007363,20250205,1,1958,2,1,1,12000.00,0.00,12000.00
5000008961,1000007363,20250205,2,1958,2,1,4,15000.00,0.00,60000.00
5000008964,1000007365,20250205,1,2410,2,3,3,12000.00,0.00,36000.00
5000008965,1000007365,20250205,2,2410,2,3,1,15000.00,0.00,15000.00
5000008966,1000007366,20250205,2,1571,2,2,1,15000.00,0.00,15000.00
5000008969,1000007369,20250205,2,1888,2,1,1,15000.00,0.00,15000.00
5000008971,1000007371,20250205,1,308,2,2,1,12000.00,0.00,12000.00
5000008972,1000007372,20250205,1,1669,2,3,3,12000.00,0.00,36000.00
5000008977,1000007377,20250206,2,1204,2,3,3,15000.00,0.00,45000.00
5000008978,1000007378,20250206,1,291,2,2,1,12000.00,0.00,12000.00
5000008979,1000007378,20250206,2,291,2,2,1,15000.00,0.00,15000.00
5000008980,1000007379,20250206,2,600,2,2,1,15000.00,0.00,15000.00
5000008981,1000007380,20250206,2,1775,2,1,1,15000.00,0.00,15000.00
5000008982,1000007381,20250206,1,586,2,1,1,12000.00,0.00,12000.00
5000008983,1000007381,20250206,2,586,2,1,1,15000.00,0.00,15000.00
5000008984,1000007382,20250206,1,2100,2,4,1,12000.00,0.00,12000.00
5000008985,1000007383,20250206,1,2412,2,4,1,12000.00,0.00,12000.00
5000008988,1000007386,20250206,1,2173,2,2,4,12000.00,0.00,48000.00
5000008989,1000007386,20250206,2,2173,2,2,2,15000.00,0.00,30000.00
5000008993,1000007390,20250206,2,1714,2,2,2,15000.00,0.00,30000.00
5000008994,1000007391,20250206,2,487,2,2,2,15000.00,3000.00,27000.00
5000008997,1000007394,20250206,1,2290,2,3,1,12000.00,0.00,12000.00
5000008998,1000007394,20250206,2,2290,2,3,1,15000.00,0.00,15000.00
5000008999,1000007395,20250206,1,1165,2,1,4,12000.00,0.00,48000.00
5000009000,1000007395,20250206,2,1165,2,1,1,15000.00,0.00,15000.00
5000009001,1000007396,20250206,1,2414,2,1,4,12000.00,0.00,48000.00
5000009002,1000007396,20250206,2,2414,2,1,1,15000.00,0.00,15000.00
5000009003,1000007397,20250206,2,1399,2,1,1,15000.00,0.00,15000.00
5000009005,1000007399,20250206,1,1777,2,1,2,12000.00,2400.00,21600.00
5000009006,1000007400,20250206,1,887,2,4,1,12000.00,0.00,12000.00
5000009007,1000007400,20250206,2,887,2,4,4,15000.00,0.00,60000.00
5000009017,1000007409,20250207,1,2415,2,4,1,12000.00,1200.00,10800.00
5000009018,1000007410,20250207,1,1272,2,2,1,12000.00,0.00,12000.00
5000009019,1000007410,20250207,2,1272,2,2,2,15000.00,0.00,30000.00
5000009020,1000007411,20250207,2,2181,2,1,1,15000.00,0.00,15000.00
5000009023,1000007414,20250207,1,2152,2,4,1,12000.00,0.00,12000.00
5000009024,1000007414,20250207,2,2152,2,4,1,15000.00,0.00,15000.00
5000009027,1000007417,20250207,1,1354,2,3,1,12000.00,0.00,12000.00
5000009028,1000007417,20250207,2,1354,2,3,1,15000.00,0.00,15000.00
5000009029,1000007418,20250207,1,2418,2,3,2,12000.00,0.00,24000.00
5000009031,1000007420,20250207,1,1112,2,1,1,12000.00,0.00,12000.00
5000009032,1000007421,20250207,1,301,2,1,1,12000.00,0.00,12000.00
5000009033,1000007422,20250207,2,2419,2,4,2,15000.00,3000.00,27000.00
5000009035,1000007424,20250207,1,2112,2,1,3,12000.00,0.00,36000.00
5000009036,1000007425,20250207,2,751,2,3,3,15000.00,0.00,45000.00
5000009044,1000007431,20250208,1,1930,2,1,2,12000.00,0.00,24000.00
5000009045,1000007432,20250208,2,1856,2,1,2,15000.00,0.00,30000.00
5000009048,1000007434,20250208,1,1940,2,2,4,12000.00,0.00,48000.00
5000009049,1000007435,20250208,1,2423,2,2,2,12000.00,0.00,24000.00
5000009050,1000007435,20250208,2,2423,2,2,1,15000.00,0.00,15000.00
5000009053,1000007438,20250208,1,907,2,3,1,12000.00,0.00,12000.00
5000009054,1000007438,20250208,2,907,2,3,1,15000.00,0.00,15000.00
5000009056,1000007440,20250208,2,1976,2,2,1,15000.00,0.00,15000.00
5000009057,1000007441,20250208,2,2426,2,1,3,15000.00,0.00,45000.00
5000009058,1000007442,20250208,2,2427,2,2,1,15000.00,0.00,15000.00
5000009059,1000007443,20250208,2,1156,2,2,1,15000.00,0.00,15000.00
5000009060,1000007444,20250208,2,2428,2,4,3,15000.00,0.00,45000.00
5000009061,1000007445,20250208,1,8,2,1,1,12000.00,0.00,12000.00
5000009062,1000007445,20250208,2,8,2,1,1,15000.00,0.00,15000.00
5000009063,1000007446,20250208,1,2429,2,3,1,12000.00,0.00,12000.00
5000009064,1000007446,20250208,2,2429,2,3,1,15000.00,0.00,15000.00
5000009065,1000007447,20250208,2,2360,2,1,2,15000.00,0.00,30000.00
5000009090,1000007467,20250210,2,585,2,2,1,15000.00,0.00,15000.00
5000009091,1000007468,20250210,1,434,2,4,2,12000.00,0.00,24000.00
5000009092,1000007468,20250210,2,434,2,4,1,15000.00,0.00,15000.00
5000009093,1000007469,20250210,1,1305,2,2,1,12000.00,0.00,12000.00
5000009094,1000007470,20250210,1,2435,2,3,2,12000.00,2400.00,21600.00
5000009095,1000007470,20250210,2,2435,2,3,2,15000.00,3000.00,27000.00
5000009096,1000007471,20250210,2,665,2,3,3,15000.00,0.00,45000.00
5000009097,1000007472,20250210,1,2197,2,2,1,12000.00,0.00,12000.00
5000009098,1000007472,20250210,2,2197,2,2,1,15000.00,0.00,15000.00
5000009100,1000007474,20250210,1,2436,2,3,1,12000.00,0.00,12000.00
5000009101,1000007474,20250210,2,2436,2,3,2,15000.00,0.00,30000.00
5000009105,1000007478,20250210,2,1855,2,1,1,15000.00,0.00,15000.00
5000009106,1000007479,20250210,2,984,2,2,1,15000.00,0.00,15000.00
5000009108,1000007481,20250210,1,1403,2,4,2,12000.00,0.00,24000.00
5000009109,1000007481,20250210,2,1403,2,4,1,15000.00,0.00,15000.00
5000009115,1000007487,20250211,2,1499,2,3,1,15000.00,0.00,15000.00
5000009118,1000007490,20250211,2,925,2,2,1,15000.00,0.00,15000.00
5000009125,1000007497,20250211,2,2073,2,2,1,15000.00,0.00,15000.00
5000009126,1000007498,20250211,1,1089,2,1,1,12000.00,0.00,12000.00
5000009127,1000007499,20250211,1,1382,2,2,1,12000.00,0.00,12000.00
5000009128,1000007500,20250211,1,1712,2,1,1,12000.00,0.00,12000.00
5000009129,1000007501,20250211,2,516,2,3,1,15000.00,0.00,15000.00
5000009130,1000007502,20250211,1,1899,2,4,4,12000.00,0.00,48000.00
5000009133,1000007505,20250211,1,972,2,1,1,12000.00,0.00,12000.00
5000009135,1000007507,20250211,1,761,2,1,3,12000.00,0.00,36000.00
5000009145,1000007516,20250212,1,1325,2,1,1,12000.00,0.00,12000.00
5000009146,1000007516,20250212,2,1325,2,1,1,15000.00,0.00,15000.00
5000009147,1000007517,20250212,1,1269,2,4,1,12000.00,0.00,12000.00
5000009148,1000007517,20250212,2,1269,2,4,1,15000.00,0.00,15000.00
5000009149,1000007518,20250212,1,1176,2,2,1,12000.00,0.00,12000.00
5000009150,1000007518,20250212,2,1176,2,2,2,15000.00,0.00,30000.00
5000009153,1000007520,20250212,2,1697,2,4,1,15000.00,0.00,15000.00
5000009154,1000007521,20250212,1,1607,2,3,1,12000.00,0.00,12000.00
5000009155,1000007521,20250212,2,1607,2,3,1,15000.00,0.00,15000.00
5000009156,1000007522,20250212,1,101,2,2,2,12000.00,0.00,24000.00
5000009157,1000007522,20250212,2,101,2,2,1,15000.00,0.00,15000.00
5000009158,1000007523,20250212,1,2445,2,4,3,12000.00,0.00,36000.00
5000009159,1000007524,20250212,1,729,2,3,1,12000.00,0.00,12000.00
5000009161,1000007526,20250212,2,2447,2,1,1,15000.00,0.00,15000.00
5000009164,1000007528,20250212,2,1432,2,4,1,15000.00,0.00,15000.00
5000009165,1000007529,20250212,1,2177,2,4,1,12000.00,0.00,12000.00
5000009177,1000007537,20250213,1,2451,2,3,1,12000.00,1200.00,10800.00
5000009179,1000007539,20250213,2,1875,2,3,1,15000.00,0.00,15000.00
5000009180,1000007540,20250213,1,2209,2,4,2,12000.00,0.00,24000.00
5000009181,1000007541,20250213,2,1104,2,1,2,15000.00,3000.00,27000.00
5000009183,1000007543,20250213,2,2452,2,3,2,15000.00,0.00,30000.00
5000009185,1000007545,20250213,1,2453,2,3,1,12000.00,0.00,12000.00
5000009186,1000007545,20250213,2,2453,2,3,1,15000.00,0.00,15000.00
5000009188,1000007547,20250213,1,2055,2,1,1,12000.00,0.00,12000.00
5000009189,1000007547,20250213,2,2055,2,1,1,15000.00,0.00,15000.00
5000009192,1000007550,20250213,2,1651,2,4,1,15000.00,0.00,15000.00
5000009204,1000007561,20250214,2,1456,2,2,1,15000.00,0.00,15000.00
5000009205,1000007562,20250214,2,1655,2,3,1,15000.00,0.00,15000.00
5000009210,1000007566,20250214,2,587,2,4,2,15000.00,0.00,30000.00
5000009212,1000007568,20250214,2,2460,2,4,1,15000.00,0.00,15000.00
5000009213,1000007569,20250214,2,250,2,3,1,15000.00,0.00,15000.00
5000009214,1000007570,20250214,1,1467,2,2,1,12000.00,0.00,12000.00
5000009218,1000007573,20250214,1,1918,2,2,1,12000.00,0.00,12000.00
5000009220,1000007575,20250214,1,2298,2,4,1,12000.00,0.00,12000.00
5000009221,1000007576,20250214,2,2039,2,2,2,15000.00,0.00,30000.00
5000009222,1000007577,20250214,2,435,2,4,4,15000.00,0.00,60000.00
5000009226,1000007581,20250214,2,1934,2,1,1,15000.00,0.00,15000.00
5000009231,1000007586,20250215,2,1695,2,2,2,15000.00,0.00,30000.00
5000009232,1000007587,20250215,1,427,2,3,1,12000.00,0.00,12000.00
5000009233,1000007587,20250215,2,427,2,3,1,15000.00,0.00,15000.00
5000009234,1000007588,20250215,2,2084,2,3,2,15000.00,0.00,30000.00
5000009235,1000007589,20250215,1,2465,2,4,1,12000.00,0.00,12000.00
5000009236,1000007589,20250215,2,2465,2,4,3,15000.00,0.00,45000.00
5000009237,1000007590,20250215,1,2318,2,3,1,12000.00,0.00,12000.00
5000009239,1000007592,20250215,1,2096,2,4,2,12000.00,0.00,24000.00
5000009240,1000007592,20250215,2,2096,2,4,2,15000.00,0.00,30000.00
5000009241,1000007593,20250215,1,267,2,1,1,12000.00,0.00,12000.00
5000009242,1000007594,20250215,1,1545,2,2,1,12000.00,0.00,12000.00
5000009243,1000007594,20250215,2,1545,2,2,2,15000.00,0.00,30000.00
5000009245,1000007596,20250215,2,2377,2,4,2,15000.00,0.00,30000.00
5000009246,1000007597,20250215,2,1491,2,4,1,15000.00,0.00,15000.00
5000009247,1000007598,20250215,1,2139,2,1,2,12000.00,0.00,24000.00
5000009248,1000007599,20250215,1,2174,2,2,1,12000.00,0.00,12000.00
5000009249,1000007599,20250215,2,2174,2,2,2,15000.00,0.00,30000.00
5000009250,1000007600,20250215,1,1758,2,2,1,12000.00,0.00,12000.00
5000009251,1000007600,20250215,2,1758,2,2,1,15000.00,0.00,15000.00
5000009253,1000007602,20250215,1,1404,2,4,3,12000.00,0.00,36000.00
5000009254,1000007602,20250215,2,1404,2,4,1,15000.00,0.00,15000.00
5000009255,1000007603,20250215,2,1860,2,2,4,15000.00,0.00,60000.00
5000009256,1000007604,20250215,1,1025,2,3,4,12000.00,0.00,48000.00
5000009257,1000007604,20250215,2,1025,2,3,1,15000.00,0.00,15000.00
5000009258,1000007605,20250215,1,1635,2,2,1,12000.00,1200.00,10800.00
5000009260,1000007607,20250215,1,2014,2,1,2,12000.00,0.00,24000.00
5000009261,1000007607,20250215,2,2014,2,1,3,15000.00,0.00,45000.00
5000009262,1000007608,20250215,2,2017,2,1,1,15000.00,0.00,15000.00
5000009263,1000007609,20250215,1,2467,2,1,1,12000.00,0.00,12000.00
5000009266,1000007611,20250215,1,265,2,1,3,12000.00,0.00,36000.00
5000009267,1000007612,20250215,1,2468,2,3,4,12000.00,0.00,48000.00
5000009308,1000007645,20250217,1,628,2,3,1,12000.00,0.00,12000.00
5000009310,1000007647,20250217,2,402,2,3,1,15000.00,0.00,15000.00
5000009313,1000007650,20250217,2,2479,2,1,1,15000.00,0.00,15000.00
5000009317,1000007653,20250217,1,1831,2,3,4,12000.00,0.00,48000.00
5000009325,1000007659,20250217,1,2481,2,1,2,12000.00,0.00,24000.00
5000009326,1000007660,20250217,1,1627,2,2,2,12000.00,0.00,24000.00
5000009328,1000007662,20250217,1,2483,2,3,1,12000.00,0.00,12000.00
5000009336,1000007669,20250218,2,749,2,1,1,15000.00,0.00,15000.00
5000009339,1000007672,20250218,1,1033,2,2,1,12000.00,0.00,12000.00
5000009343,1000007675,20250218,1,2484,2,3,1,12000.00,0.00,12000.00
5000009350,1000007681,20250218,1,981,2,2,2,12000.00,0.00,24000.00
5000009351,1000007682,20250218,2,2142,2,1,1,15000.00,0.00,15000.00
5000009352,1000007683,20250218,1,440,2,4,3,12000.00,0.00,36000.00
5000009354,1000007685,20250218,1,651,2,1,2,12000.00,0.00,24000.00
5000009357,1000007688,20250218,1,2384,2,3,1,12000.00,0.00,12000.00
5000009358,1000007689,20250218,1,2486,2,4,2,12000.00,0.00,24000.00
5000009359,1000007690,20250218,1,936,2,4,1,12000.00,0.00,12000.00
5000009362,1000007693,20250218,1,1787,2,2,1,12000.00,0.00,12000.00
5000009363,1000007693,20250218,2,1787,2,2,1,15000.00,0.00,15000.00
5000009365,1000007695,20250218,1,2262,2,2,2,12000.00,0.00,24000.00
5000009374,1000007702,20250219,1,707,2,2,1,12000.00,0.00,12000.00
5000009375,1000007702,20250219,2,707,2,2,1,15000.00,0.00,15000.00
5000009377,1000007704,20250219,1,2129,2,1,3,12000.00,0.00,36000.00
5000009378,1000007705,20250219,2,1749,2,2,4,15000.00,0.00,60000.00
5000009379,1000007706,20250219,1,994,2,1,1,12000.00,0.00,12000.00
5000009383,1000007710,20250219,1,2489,2,1,2,12000.00,0.00,24000.00
5000009384,1000007710,20250219,2,2489,2,1,1,15000.00,0.00,15000.00
5000009385,1000007711,20250219,1,609,2,2,1,12000.00,0.00,12000.00
5000009386,1000007712,20250219,2,1157,2,4,1,15000.00,0.00,15000.00
5000009389,1000007715,20250219,1,1962,2,3,2,12000.00,0.00,24000.00
5000009390,1000007715,20250219,2,1962,2,3,1,15000.00,0.00,15000.00
5000009399,1000007722,20250220,1,743,2,2,2,12000.00,0.00,24000.00
5000009400,1000007722,20250220,2,743,2,2,2,15000.00,0.00,30000.00
5000009401,1000007723,20250220,1,617,2,4,2,12000.00,0.00,24000.00
5000009402,1000007723,20250220,2,617,2,4,1,15000.00,0.00,15000.00
5000009403,1000007724,20250220,2,2070,2,1,2,15000.00,0.00,30000.00
5000009404,1000007725,20250220,1,210,2,1,1,12000.00,0.00,12000.00
5000009408,1000007729,20250220,1,2160,2,1,1,12000.00,0.00,12000.00
5000009409,1000007729,20250220,2,2160,2,1,1,15000.00,0.00,15000.00
5000009411,1000007731,20250220,2,1311,2,3,1,15000.00,0.00,15000.00
5000009415,1000007734,20250221,1,444,2,1,1,12000.00,0.00,12000.00
5000009416,1000007734,20250221,2,444,2,1,2,15000.00,0.00,30000.00
5000009420,1000007738,20250221,1,117,2,2,1,12000.00,0.00,12000.00
5000009421,1000007738,20250221,2,117,2,2,2,15000.00,0.00,30000.00
5000009422,1000007739,20250221,2,2496,2,3,1,15000.00,0.00,15000.00
5000009423,1000007740,20250221,2,2196,2,3,2,15000.00,0.00,30000.00
5000009424,1000007741,20250221,2,1026,2,3,1,15000.00,0.00,15000.00
5000009426,1000007743,20250221,2,135,2,1,4,15000.00,0.00,60000.00
5000009428,1000007745,20250221,2,2363,2,2,1,15000.00,0.00,15000.00
5000009429,1000007746,20250221,1,2168,2,1,4,12000.00,0.00,48000.00
5000009430,1000007746,20250221,2,2168,2,1,2,15000.00,0.00,30000.00
5000009431,1000007747,20250221,1,491,2,2,1,12000.00,1200.00,10800.00
5000009433,1000007749,20250221,1,2499,2,2,2,12000.00,2400.00,21600.00
5000009434,1000007749,20250221,2,2499,2,2,1,15000.00,1500.00,13500.00
5000009436,1000007751,20250221,1,273,2,3,1,12000.00,0.00,12000.00
5000009437,1000007751,20250221,2,273,2,3,1,15000.00,0.00,15000.00
5000009438,1000007752,20250221,1,777,2,4,4,12000.00,0.00,48000.00
5000009440,1000007754,20250221,1,291,2,2,1,12000.00,0.00,12000.00
5000009441,1000007754,20250221,2,291,2,2,2,15000.00,0.00,30000.00
5000009448,1000007760,20250222,1,679,2,3,1,12000.00,0.00,12000.00
5000009449,1000007761,20250222,1,194,2,1,2,12000.00,0.00,24000.00
5000009454,1000007765,20250222,1,1976,2,2,1,12000.00,0.00,12000.00
5000009455,1000007765,20250222,2,1976,2,2,1,15000.00,0.00,15000.00
5000009456,1000007766,20250222,2,1221,2,2,1,15000.00,0.00,15000.00
5000009457,1000007767,20250222,1,2290,2,3,2,12000.00,0.00,24000.00
5000009458,1000007767,20250222,2,2290,2,3,4,15000.00,0.00,60000.00
5000009461,1000007770,20250222,1,1920,2,1,1,12000.00,0.00,12000.00
5000009462,1000007771,20250222,2,236,2,2,3,15000.00,0.00,45000.00
5000009463,1000007772,20250222,1,185,2,1,1,12000.00,0.00,12000.00
5000009466,1000007775,20250222,1,2505,2,4,1,12000.00,0.00,12000.00
5000009467,1000007776,20250222,1,1146,2,4,1,12000.00,0.00,12000.00
5000009468,1000007776,20250222,2,1146,2,4,1,15000.00,0.00,15000.00
5000009469,1000007777,20250222,1,1443,2,1,1,12000.00,0.00,12000.00
5000009471,1000007779,20250222,2,1381,2,2,1,15000.00,0.00,15000.00
5000009472,1000007780,20250222,1,2506,2,2,3,12000.00,0.00,36000.00
5000009473,1000007781,20250222,1,215,2,1,2,12000.00,0.00,24000.00
5000009474,1000007781,20250222,2,215,2,1,2,15000.00,0.00,30000.00
5000009477,1000007784,20250222,1,494,2,1,1,12000.00,0.00,12000.00
5000009478,1000007785,20250222,1,2507,2,3,2,12000.00,0.00,24000.00
5000009479,1000007786,20250222,2,1930,2,1,2,15000.00,0.00,30000.00
5000009480,1000007787,20250222,1,2224,2,4,3,12000.00,0.00,36000.00
5000009509,1000007811,20250224,1,1796,2,1,4,12000.00,0.00,48000.00
5000009510,1000007811,20250224,2,1796,2,1,1,15000.00,0.00,15000.00
5000009511,1000007812,20250224,1,1493,2,1,1,12000.00,0.00,12000.00
5000009512,1000007813,20250224,2,2513,2,4,2,15000.00,0.00,30000.00
5000009513,1000007814,20250224,2,2514,2,2,11,15000.00,24750.00,140250.00
5000009514,1000007815,20250224,2,2219,2,1,1,15000.00,0.00,15000.00
5000009518,1000007818,20250224,1,2025,2,1,1,12000.00,0.00,12000.00
5000009519,1000007818,20250224,2,2025,2,1,1,15000.00,0.00,15000.00
5000009522,1000007821,20250224,1,1640,2,4,2,12000.00,2400.00,21600.00
5000009523,1000007821,20250224,2,1640,2,4,1,15000.00,1500.00,13500.00
5000009524,1000007822,20250224,1,2368,2,2,3,12000.00,0.00,36000.00
5000009537,1000007834,20250225,2,1631,2,2,1,15000.00,0.00,15000.00
5000009538,1000007835,20250225,1,1272,2,2,2,12000.00,0.00,24000.00
5000009539,1000007836,20250225,1,321,2,1,1,12000.00,0.00,12000.00
5000009540,1000007836,20250225,2,321,2,1,1,15000.00,0.00,15000.00
5000009546,1000007840,20250225,2,2351,2,1,4,15000.00,0.00,60000.00
5000009548,1000007842,20250225,1,2361,2,2,1,12000.00,0.00,12000.00
5000009549,1000007843,20250225,1,1207,2,3,1,12000.00,0.00,12000.00
5000009550,1000007844,20250225,2,2107,2,2,2,15000.00,0.00,30000.00
5000009552,1000007846,20250225,2,2426,2,1,1,15000.00,0.00,15000.00
5000009556,1000007849,20250225,1,1245,2,2,2,12000.00,0.00,24000.00
5000009557,1000007850,20250225,1,949,2,3,3,12000.00,3600.00,32400.00
5000009559,1000007852,20250225,1,1989,2,1,1,12000.00,0.00,12000.00
5000009560,1000007852,20250225,2,1989,2,1,2,15000.00,0.00,30000.00
5000009561,1000007853,20250225,1,591,2,4,2,12000.00,0.00,24000.00
5000009562,1000007853,20250225,2,591,2,4,4,15000.00,0.00,60000.00
5000009580,1000007868,20250226,1,2249,2,3,1,12000.00,0.00,12000.00
5000009581,1000007868,20250226,2,2249,2,3,4,15000.00,0.00,60000.00
5000009582,1000007869,20250226,1,2523,2,3,1,12000.00,0.00,12000.00
5000009583,1000007870,20250226,1,1747,2,2,1,12000.00,0.00,12000.00
5000009584,1000007870,20250226,2,1747,2,2,2,15000.00,0.00,30000.00
5000009588,1000007873,20250226,2,344,2,2,1,15000.00,0.00,15000.00
5000009592,1000007877,20250226,2,1430,2,2,1,15000.00,0.00,15000.00
5000009598,1000007883,20250227,2,718,2,1,2,15000.00,0.00,30000.00
5000009599,1000007884,20250227,2,2311,2,1,1,15000.00,0.00,15000.00
5000009600,1000007885,20250227,2,880,2,2,1,15000.00,0.00,15000.00
5000009604,1000007889,20250227,1,1613,2,1,3,12000.00,0.00,36000.00
5000009605,1000007890,20250227,1,2360,2,1,1,12000.00,1200.00,10800.00
5000009606,1000007891,20250227,1,848,2,4,1,12000.00,0.00,12000.00
5000009608,1000007893,20250227,1,441,2,2,1,12000.00,1200.00,10800.00
5000009609,1000007894,20250227,2,2529,2,4,1,15000.00,0.00,15000.00
5000009611,1000007896,20250227,1,2391,2,2,2,12000.00,0.00,24000.00
5000009612,1000007896,20250227,2,2391,2,2,1,15000.00,0.00,15000.00
5000009619,1000007902,20250228,2,2170,2,1,2,15000.00,0.00,30000.00
5000009620,1000007903,20250228,2,2531,2,3,1,15000.00,0.00,15000.00
5000009622,1000007905,20250228,1,1740,2,1,4,12000.00,4800.00,43200.00
5000009623,1000007905,20250228,2,1740,2,1,1,15000.00,1500.00,13500.00
5000009625,1000007907,20250228,2,2532,2,1,1,15000.00,1500.00,13500.00
5000009629,1000007911,20250228,1,292,2,4,1,12000.00,0.00,12000.00
5000009630,1000007911,20250228,2,292,2,4,1,15000.00,0.00,15000.00
5000009631,1000007912,20250228,1,2380,2,1,4,12000.00,0.00,48000.00
5000009634,1000007915,20250228,1,912,2,1,4,12000.00,0.00,48000.00
5000009635,1000007916,20250228,1,2534,2,2,2,12000.00,0.00,24000.00
5000009636,1000007917,20250228,1,2215,2,1,2,12000.00,0.00,24000.00
5000009638,1000007919,20250228,2,829,2,3,1,15000.00,0.00,15000.00
5000009640,1000007921,20250228,1,2536,2,1,1,12000.00,0.00,12000.00
5000009645,1000007925,20250228,1,2538,2,4,1,12000.00,1200.00,10800.00
5000009647,1000007927,20250228,1,463,2,3,1,12000.00,0.00,12000.00
5000009648,1000007927,20250228,2,463,2,3,1,15000.00,0.00,15000.00
5000009660,1000007937,20250301,1,1782,2,4,1,12000.00,0.00,12000.00
5000009662,1000007939,20250301,1,2192,2,1,1,12000.00,0.00,12000.00
5000009663,1000007940,20250301,1,40,2,1,1,12000.00,0.00,12000.00
5000009664,1000007941,20250301,1,2406,2,1,1,12000.00,0.00,12000.00
5000009665,1000007942,20250301,2,160,2,1,2,15000.00,0.00,30000.00
5000009666,1000007943,20250301,1,2541,2,4,2,12000.00,0.00,24000.00
5000009667,1000007944,20250301,1,2396,2,1,1,12000.00,0.00,12000.00
5000009668,1000007945,20250301,2,2542,2,1,1,15000.00,0.00,15000.00
5000009669,1000007946,20250301,1,2543,2,2,1,12000.00,0.00,12000.00
5000009671,1000007948,20250301,1,2174,2,2,2,12000.00,0.00,24000.00
5000009672,1000007948,20250301,2,2174,2,2,2,15000.00,0.00,30000.00
5000009673,1000007949,20250301,2,2544,2,2,1,15000.00,0.00,15000.00
5000009674,1000007950,20250301,1,2212,2,1,1,12000.00,0.00,12000.00
5000009675,1000007950,20250301,2,2212,2,1,2,15000.00,0.00,30000.00
5000009676,1000007951,20250301,2,212,2,1,2,15000.00,0.00,30000.00
5000009678,1000007953,20250301,1,656,2,1,1,12000.00,0.00,12000.00
5000009679,1000007953,20250301,2,656,2,1,1,15000.00,0.00,15000.00
5000009682,1000007955,20250301,1,1988,2,4,1,12000.00,1200.00,10800.00
5000009683,1000007955,20250301,2,1988,2,4,2,15000.00,3000.00,27000.00
5000009685,1000007957,20250301,1,2106,2,4,2,12000.00,0.00,24000.00
5000009686,1000007958,20250301,1,162,2,3,1,12000.00,0.00,12000.00
5000009687,1000007959,20250301,1,1044,2,3,1,12000.00,0.00,12000.00
5000009688,1000007960,20250301,2,2546,2,3,2,15000.00,0.00,30000.00
5000009689,1000007961,20250301,1,927,2,3,1,12000.00,0.00,12000.00
5000009691,1000007963,20250301,1,306,2,1,2,12000.00,0.00,24000.00
5000009692,1000007964,20250301,1,1905,2,4,3,12000.00,0.00,36000.00
5000009693,1000007965,20250301,1,350,2,4,1,12000.00,0.00,12000.00
5000009694,1000007966,20250301,2,1153,2,4,1,15000.00,1500.00,13500.00
5000009696,1000007968,20250301,1,1563,2,1,4,12000.00,0.00,48000.00
5000009697,1000007968,20250301,2,1563,2,1,1,15000.00,0.00,15000.00
5000009726,1000007992,20250303,1,1863,2,3,1,12000.00,0.00,12000.00
5000009727,1000007992,20250303,2,1863,2,3,1,15000.00,0.00,15000.00
5000009728,1000007993,20250303,1,1327,2,4,1,12000.00,0.00,12000.00
5000009731,1000007996,20250303,1,698,2,2,3,12000.00,0.00,36000.00
5000009732,1000007997,20250303,1,2209,2,4,1,12000.00,0.00,12000.00
5000009733,1000007997,20250303,2,2209,2,4,1,15000.00,0.00,15000.00
5000009734,1000007998,20250303,2,1045,2,1,1,15000.00,0.00,15000.00
5000009735,1000007999,20250303,1,2556,2,1,2,12000.00,0.00,24000.00
5000009736,1000008000,20250303,2,646,2,4,1,15000.00,0.00,15000.00
5000009737,1000008001,20250303,1,542,2,2,1,12000.00,0.00,12000.00
5000009738,1000008001,20250303,2,542,2,2,1,15000.00,0.00,15000.00
5000009740,1000008003,20250303,1,2291,2,4,2,12000.00,2400.00,21600.00
5000009743,1000008006,20250303,2,2558,2,3,2,15000.00,0.00,30000.00
5000009753,1000008014,20250304,1,1888,2,1,3,12000.00,0.00,36000.00
5000009754,1000008014,20250304,2,1888,2,1,3,15000.00,0.00,45000.00
5000009756,1000008016,20250304,1,2313,2,1,1,12000.00,0.00,12000.00
5000009757,1000008016,20250304,2,2313,2,1,2,15000.00,0.00,30000.00
5000009758,1000008017,20250304,2,2562,2,3,1,15000.00,0.00,15000.00
5000009759,1000008018,20250304,1,919,2,1,1,12000.00,1200.00,10800.00
5000009760,1000008018,20250304,2,919,2,1,4,15000.00,6000.00,54000.00
5000009766,1000008023,20250304,1,2564,2,2,4,12000.00,0.00,48000.00
5000009781,1000008035,20250305,1,1385,2,2,3,12000.00,0.00,36000.00
5000009784,1000008038,20250305,1,2566,2,1,2,12000.00,0.00,24000.00
5000009785,1000008039,20250305,1,2567,2,2,1,12000.00,0.00,12000.00
5000009786,1000008039,20250305,2,2567,2,2,1,15000.00,0.00,15000.00
5000009791,1000008043,20250305,2,895,2,3,1,15000.00,0.00,15000.00
5000009792,1000008044,20250305,1,1929,2,1,1,12000.00,0.00,12000.00
5000009793,1000008045,20250305,2,2569,2,2,1,15000.00,0.00,15000.00
5000009794,1000008046,20250305,1,1974,2,1,1,12000.00,0.00,12000.00
5000009795,1000008046,20250305,2,1974,2,1,1,15000.00,0.00,15000.00
5000009796,1000008047,20250305,2,1246,2,4,3,15000.00,0.00,45000.00
5000009797,1000008048,20250305,2,2570,2,2,1,15000.00,1500.00,13500.00
5000009807,1000008056,20250306,1,1377,2,4,3,12000.00,0.00,36000.00
5000009808,1000008056,20250306,2,1377,2,4,1,15000.00,0.00,15000.00
5000009809,1000008057,20250306,1,1634,2,2,1,12000.00,0.00,12000.00
5000009810,1000008058,20250306,1,2159,2,4,4,12000.00,0.00,48000.00
5000009811,1000008058,20250306,2,2159,2,4,1,15000.00,0.00,15000.00
5000009813,1000008060,20250306,1,1745,2,3,2,12000.00,0.00,24000.00
5000009814,1000008061,20250306,1,1520,2,4,1,12000.00,0.00,12000.00
5000009815,1000008062,20250306,1,1940,2,2,2,12000.00,0.00,24000.00
5000009818,1000008065,20250306,2,2262,2,2,3,15000.00,0.00,45000.00
5000009819,1000008066,20250306,2,2422,2,4,3,15000.00,0.00,45000.00
5000009823,1000008069,20250306,2,1208,2,2,2,15000.00,0.00,30000.00
5000009824,1000008070,20250306,2,1890,2,3,1,15000.00,0.00,15000.00
5000009825,1000008071,20250306,1,2575,2,4,4,12000.00,0.00,48000.00
5000009826,1000008071,20250306,2,2575,2,4,1,15000.00,0.00,15000.00
5000009842,1000008085,20250307,1,2582,2,1,2,12000.00,0.00,24000.00
5000009843,1000008086,20250307,1,2581,2,4,4,12000.00,0.00,48000.00
5000009847,1000008089,20250307,1,1900,2,2,2,12000.00,0.00,24000.00
5000009849,1000008091,20250307,2,427,2,3,2,15000.00,0.00,30000.00
5000009850,1000008092,20250307,1,430,2,4,1,12000.00,0.00,12000.00
5000009851,1000008093,20250307,1,1292,2,4,1,12000.00,0.00,12000.00
5000009852,1000008093,20250307,2,1292,2,4,1,15000.00,0.00,15000.00
5000009853,1000008094,20250307,1,492,2,4,1,12000.00,0.00,12000.00
5000009856,1000008096,20250307,1,2584,2,2,1,12000.00,0.00,12000.00
5000009857,1000008097,20250307,1,1372,2,1,1,12000.00,0.00,12000.00
5000009858,1000008098,20250307,1,2585,2,3,1,12000.00,0.00,12000.00
5000009859,1000008099,20250307,2,2290,2,3,3,15000.00,0.00,45000.00
5000009860,1000008100,20250307,1,2071,2,1,2,12000.00,0.00,24000.00
5000009861,1000008100,20250307,2,2071,2,1,1,15000.00,0.00,15000.00
5000009862,1000008101,20250307,2,2000,2,4,1,15000.00,0.00,15000.00
5000009872,1000008110,20250308,1,1994,2,1,1,12000.00,0.00,12000.00
5000009874,1000008112,20250308,1,2590,2,4,1,12000.00,0.00,12000.00
5000009875,1000008113,20250308,2,2355,2,4,1,15000.00,0.00,15000.00
5000009876,1000008114,20250308,1,2592,2,1,2,12000.00,0.00,24000.00
5000009877,1000008114,20250308,2,2592,2,1,2,15000.00,0.00,30000.00
5000009878,1000008115,20250308,1,2591,2,1,1,12000.00,0.00,12000.00
5000009879,1000008116,20250308,1,1861,2,1,2,12000.00,0.00,24000.00
5000009880,1000008116,20250308,2,1861,2,1,2,15000.00,0.00,30000.00
5000009882,1000008118,20250308,1,925,2,2,3,12000.00,0.00,36000.00
5000009883,1000008119,20250308,1,2253,2,1,1,12000.00,0.00,12000.00
5000009884,1000008120,20250308,2,1856,2,1,2,15000.00,0.00,30000.00
5000009885,1000008121,20250308,2,1051,2,3,1,15000.00,0.00,15000.00
5000009886,1000008122,20250308,2,1468,2,1,4,15000.00,0.00,60000.00
5000009887,1000008123,20250308,2,866,2,3,1,15000.00,0.00,15000.00
5000009888,1000008124,20250308,1,2286,2,3,1,12000.00,0.00,12000.00
5000009889,1000008124,20250308,2,2286,2,3,1,15000.00,0.00,15000.00
5000009890,1000008125,20250308,2,326,2,4,1,15000.00,1500.00,13500.00
5000009893,1000008127,20250308,2,93,2,2,1,15000.00,0.00,15000.00
5000009894,1000008128,20250308,1,1144,2,4,1,12000.00,0.00,12000.00
5000009895,1000008128,20250308,2,1144,2,4,1,15000.00,0.00,15000.00
5000009896,1000008129,20250308,1,402,2,3,1,12000.00,0.00,12000.00
5000009897,1000008129,20250308,2,402,2,3,1,15000.00,0.00,15000.00
5000009899,1000008131,20250308,1,1015,2,3,11,12000.00,19800.00,112200.00
5000009901,1000008133,20250308,1,1836,2,2,1,12000.00,0.00,12000.00
5000009922,1000008151,20250310,2,415,2,3,1,15000.00,0.00,15000.00
5000009925,1000008153,20250310,1,2599,2,4,1,12000.00,0.00,12000.00
5000009929,1000008156,20250310,2,2601,2,1,1,15000.00,0.00,15000.00
5000009930,1000008157,20250310,1,1326,2,1,1,12000.00,0.00,12000.00
5000009931,1000008157,20250310,2,1326,2,1,3,15000.00,0.00,45000.00
5000009932,1000008158,20250310,1,1982,2,1,1,12000.00,0.00,12000.00
5000009933,1000008158,20250310,2,1982,2,1,1,15000.00,0.00,15000.00
5000009935,1000008160,20250310,1,1695,2,2,4,12000.00,0.00,48000.00
5000009936,1000008161,20250310,1,1523,2,2,2,12000.00,0.00,24000.00
5000009937,1000008161,20250310,2,1523,2,2,3,15000.00,0.00,45000.00
5000009938,1000008162,20250310,1,1934,2,1,1,12000.00,0.00,12000.00
5000009939,1000008162,20250310,2,1934,2,1,2,15000.00,0.00,30000.00
5000009955,1000008176,20250311,1,634,2,4,1,12000.00,0.00,12000.00
5000009957,1000008178,20250311,2,2041,2,2,1,15000.00,0.00,15000.00
5000009959,1000008180,20250311,1,2104,2,2,1,12000.00,0.00,12000.00
5000009962,1000008182,20250311,2,1636,2,3,1,15000.00,0.00,15000.00
5000009968,1000008188,20250311,2,2347,2,4,1,15000.00,0.00,15000.00
5000009971,1000008190,20250311,1,614,2,3,2,12000.00,0.00,24000.00
5000009982,1000008199,20250312,1,560,2,2,2,12000.00,0.00,24000.00
5000009983,1000008200,20250312,1,1602,2,2,1,12000.00,0.00,12000.00
5000009986,1000008202,20250312,1,1844,2,4,1,12000.00,0.00,12000.00
5000009987,1000008202,20250312,2,1844,2,4,1,15000.00,0.00,15000.00
5000009989,1000008204,20250312,1,232,2,2,2,12000.00,0.00,24000.00
5000009990,1000008205,20250312,1,2608,2,1,2,12000.00,0.00,24000.00
5000009996,1000008209,20250312,1,2382,2,2,1,12000.00,0.00,12000.00
5000009998,1000008211,20250312,2,1888,2,1,2,15000.00,0.00,30000.00
5000010001,1000008213,20250312,1,1619,2,1,1,12000.00,0.00,12000.00
5000010010,1000008221,20250313,1,462,2,1,2,12000.00,0.00,24000.00
5000010013,1000008224,20250313,1,616,2,3,2,12000.00,0.00,24000.00
5000010014,1000008225,20250313,1,2531,2,3,1,12000.00,0.00,12000.00
5000010016,1000008227,20250313,1,2123,2,2,3,12000.00,3600.00,32400.00
5000010017,1000008227,20250313,2,2123,2,2,3,15000.00,4500.00,40500.00
5000010020,1000008229,20250313,1,799,2,1,3,12000.00,0.00,36000.00
5000010032,1000008239,20250314,1,236,2,2,2,12000.00,0.00,24000.00
5000010034,1000008241,20250314,2,1858,2,4,2,15000.00,0.00,30000.00
5000010035,1000008242,20250314,1,389,2,1,1,12000.00,0.00,12000.00
5000010038,1000008245,20250314,2,2616,2,1,4,15000.00,0.00,60000.00
5000010039,1000008246,20250314,1,1527,2,1,1,12000.00,0.00,12000.00
5000010040,1000008247,20250314,1,2264,2,3,2,12000.00,0.00,24000.00
5000010041,1000008248,20250314,2,865,2,1,2,15000.00,0.00,30000.00
5000010042,1000008249,20250314,2,2617,2,3,3,15000.00,0.00,45000.00
5000010043,1000008250,20250314,2,2536,2,1,4,15000.00,0.00,60000.00
5000010047,1000008254,20250315,2,2619,2,2,1,15000.00,0.00,15000.00
5000010048,1000008255,20250315,2,1041,2,3,1,15000.00,0.00,15000.00
5000010049,1000008256,20250315,1,2620,2,3,1,12000.00,0.00,12000.00
5000010050,1000008257,20250315,1,2621,2,2,2,12000.00,0.00,24000.00
5000010051,1000008258,20250315,1,2266,2,4,1,12000.00,0.00,12000.00
5000010052,1000008258,20250315,2,2266,2,4,3,15000.00,0.00,45000.00
5000010053,1000008259,20250315,1,1944,2,1,2,12000.00,2400.00,21600.00
5000010054,1000008260,20250315,2,840,2,2,1,15000.00,0.00,15000.00
5000010060,1000008265,20250315,2,160,2,1,3,15000.00,0.00,45000.00
5000010061,1000008266,20250315,1,600,2,2,3,12000.00,0.00,36000.00
5000010062,1000008267,20250315,2,2623,2,1,4,15000.00,0.00,60000.00
5000010063,1000008268,20250315,1,2272,2,2,1,12000.00,0.00,12000.00
5000010064,1000008268,20250315,2,2272,2,2,3,15000.00,0.00,45000.00
5000010065,1000008269,20250315,1,2527,2,3,1,12000.00,0.00,12000.00
5000010066,1000008269,20250315,2,2527,2,3,4,15000.00,0.00,60000.00
5000010067,1000008270,20250315,2,2624,2,2,3,15000.00,0.00,45000.00
5000010070,1000008272,20250315,1,1664,2,1,2,12000.00,0.00,24000.00
5000010071,1000008273,20250315,1,2625,2,2,1,12000.00,0.00,12000.00
5000010072,1000008273,20250315,2,2625,2,2,4,15000.00,0.00,60000.00
5000010093,1000008292,20250317,2,1157,2,4,1,15000.00,0.00,15000.00
5000010101,1000008298,20250317,1,475,2,2,1,12000.00,0.00,12000.00
5000010112,1000008308,20250318,2,1846,2,1,4,15000.00,0.00,60000.00
5000010114,1000008310,20250318,1,1148,2,3,1,12000.00,0.00,12000.00
5000010117,1000008313,20250318,1,321,2,1,2,12000.00,0.00,24000.00
5000010118,1000008314,20250318,1,1569,2,1,2,12000.00,0.00,24000.00
5000010120,1000008316,20250318,1,2493,2,2,2,12000.00,0.00,24000.00
5000010121,1000008316,20250318,2,2493,2,2,2,15000.00,0.00,30000.00
5000010134,1000008327,20250319,2,2642,2,3,1,15000.00,0.00,15000.00
5000010135,1000008328,20250319,1,1459,2,3,1,12000.00,0.00,12000.00
5000010138,1000008330,20250319,1,2644,2,3,1,12000.00,0.00,12000.00
5000010139,1000008331,20250319,1,1151,2,1,2,12000.00,0.00,24000.00
5000010141,1000008333,20250319,2,1472,2,4,2,15000.00,0.00,30000.00
5000010142,1000008334,20250319,1,492,2,4,1,12000.00,0.00,12000.00
5000010143,1000008335,20250319,1,1112,2,1,2,12000.00,0.00,24000.00
5000010144,1000008335,20250319,2,1112,2,1,1,15000.00,0.00,15000.00
5000010145,1000008336,20250319,1,2645,2,1,2,12000.00,0.00,24000.00
5000010146,1000008336,20250319,2,2645,2,1,1,15000.00,0.00,15000.00
5000010147,1000008337,20250319,1,2112,2,1,1,12000.00,1200.00,10800.00
5000010148,1000008337,20250319,2,2112,2,1,2,15000.00,3000.00,27000.00
5000010155,1000008343,20250320,1,76,2,2,1,12000.00,0.00,12000.00
5000010156,1000008343,20250320,2,76,2,2,3,15000.00,0.00,45000.00
5000010157,1000008344,20250320,2,2647,2,1,2,15000.00,0.00,30000.00
5000010158,1000008345,20250320,1,2042,2,3,1,12000.00,1200.00,10800.00
5000010159,1000008346,20250320,1,230,2,2,3,12000.00,0.00,36000.00
5000010161,1000008348,20250320,2,981,2,2,1,15000.00,0.00,15000.00
5000010163,1000008350,20250320,1,2648,2,4,1,12000.00,0.00,12000.00
5000010164,1000008351,20250320,1,628,2,3,3,12000.00,0.00,36000.00
5000010165,1000008351,20250320,2,628,2,3,1,15000.00,0.00,15000.00
5000010166,1000008352,20250320,2,2649,2,3,2,15000.00,0.00,30000.00
5000010168,1000008354,20250320,2,1291,2,2,1,15000.00,0.00,15000.00
5000010171,1000008357,20250320,2,395,2,1,2,15000.00,0.00,30000.00
5000010179,1000008364,20250321,1,808,2,4,1,12000.00,0.00,12000.00
5000010180,1000008364,20250321,2,808,2,4,1,15000.00,0.00,15000.00
5000010182,1000008366,20250321,1,2655,2,4,2,12000.00,0.00,24000.00
5000010183,1000008366,20250321,2,2655,2,4,1,15000.00,0.00,15000.00
5000010184,1000008367,20250321,2,1272,2,2,1,15000.00,0.00,15000.00
5000010188,1000008370,20250321,1,2656,2,1,1,12000.00,1200.00,10800.00
5000010189,1000008371,20250321,2,2239,2,1,2,15000.00,0.00,30000.00
5000010190,1000008372,20250321,1,1671,2,2,1,12000.00,0.00,12000.00
5000010191,1000008373,20250321,1,424,2,4,4,12000.00,0.00,48000.00
5000010192,1000008374,20250321,1,1757,2,2,1,12000.00,1200.00,10800.00
5000010194,1000008376,20250321,2,1697,2,4,2,15000.00,0.00,30000.00
5000010200,1000008381,20250322,1,2149,2,3,1,12000.00,1200.00,10800.00
5000010205,1000008386,20250322,1,2143,2,4,2,12000.00,0.00,24000.00
5000010206,1000008386,20250322,2,2143,2,4,1,15000.00,0.00,15000.00
5000010207,1000008387,20250322,1,1584,2,1,1,12000.00,0.00,12000.00
5000010208,1000008388,20250322,2,2265,2,3,3,15000.00,0.00,45000.00
5000010209,1000008389,20250322,2,1517,2,2,4,15000.00,0.00,60000.00
5000010211,1000008391,20250322,1,2661,2,1,1,12000.00,0.00,12000.00
5000010212,1000008392,20250322,1,163,2,2,2,12000.00,0.00,24000.00
5000010213,1000008393,20250322,2,660,2,1,2,15000.00,0.00,30000.00
5000010214,1000008394,20250322,1,1146,2,4,1,12000.00,0.00,12000.00
5000010216,1000008396,20250322,2,1103,2,4,3,15000.00,0.00,45000.00
5000010217,1000008397,20250322,2,2418,2,1,1,15000.00,0.00,15000.00
5000010218,1000008398,20250322,1,2662,2,3,4,12000.00,0.00,48000.00
5000010220,1000008400,20250322,1,330,2,1,1,12000.00,0.00,12000.00
5000010221,1000008401,20250322,2,1484,2,1,1,15000.00,0.00,15000.00
5000010223,1000008403,20250322,1,2663,2,1,1,12000.00,1200.00,10800.00
5000010224,1000008404,20250322,1,2163,2,1,2,12000.00,0.00,24000.00
5000010225,1000008405,20250322,1,2262,2,2,1,12000.00,0.00,12000.00
5000010226,1000008405,20250322,2,2262,2,2,2,15000.00,0.00,30000.00
5000010228,1000008407,20250322,1,1843,2,3,1,12000.00,0.00,12000.00
5000010229,1000008408,20250322,1,1895,2,2,1,12000.00,0.00,12000.00
5000010230,1000008408,20250322,2,1895,2,2,1,15000.00,0.00,15000.00
5000008192,1000006727,20250105,2,1175,1,,3,15000.00,0.00,45000.00
5000008193,1000006728,20250105,1,1580,1,,2,12000.00,0.00,24000.00
5000008194,1000006729,20250105,1,751,1,,1,12000.00,0.00,12000.00
5000008195,1000006730,20250105,1,1510,1,,3,12000.00,0.00,36000.00
5000008196,1000006731,20250105,1,1949,1,,1,12000.00,0.00,12000.00
5000008197,1000006732,20250105,2,2269,1,,2,15000.00,0.00,30000.00
5000008198,1000006733,20250105,2,1145,1,,2,15000.00,0.00,30000.00
5000008199,1000006734,20250105,1,1465,1,,1,12000.00,0.00,12000.00
5000008200,1000006735,20250105,1,567,1,,2,12000.00,0.00,24000.00
5000008201,1000006736,20250105,1,1244,1,,1,12000.00,0.00,12000.00
5000008202,1000006736,20250105,2,1244,1,,1,15000.00,0.00,15000.00
5000008203,1000006737,20250105,1,2097,1,,1,12000.00,0.00,12000.00
5000008204,1000006737,20250105,2,2097,1,,1,15000.00,0.00,15000.00
5000008205,1000006738,20250105,1,1903,1,,1,12000.00,0.00,12000.00
5000008206,1000006739,20250105,2,671,1,,2,15000.00,1500.00,28500.00
5000008207,1000006740,20250105,2,1736,1,,1,15000.00,0.00,15000.00
5000008208,1000006741,20250106,1,2270,1,,1,12000.00,0.00,12000.00
5000008209,1000006741,20250106,2,2270,1,,1,15000.00,0.00,15000.00
5000008210,1000006742,20250106,2,1865,1,,1,15000.00,0.00,15000.00
5000008211,1000006743,20250106,1,1660,1,,4,12000.00,0.00,48000.00
5000008212,1000006743,20250106,2,1660,1,,2,15000.00,0.00,30000.00
5000008213,1000006744,20250106,2,1584,1,,1,15000.00,0.00,15000.00
5000008214,1000006745,20250106,1,2060,1,,2,12000.00,0.00,24000.00
5000008218,1000006748,20250106,1,184,1,,1,12000.00,0.00,12000.00
5000008219,1000006748,20250106,2,184,1,,1,15000.00,0.00,15000.00
5000008221,1000006750,20250106,1,2,1,,1,12000.00,0.00,12000.00
5000008222,1000006751,20250106,2,2273,1,,1,15000.00,0.00,15000.00
5000008224,1000006753,20250106,2,2274,1,,2,15000.00,0.00,30000.00
5000008232,1000006759,20250106,1,284,1,,2,12000.00,0.00,24000.00
5000008233,1000006759,20250106,2,284,1,,2,15000.00,0.00,30000.00
5000008234,1000006760,20250106,1,586,1,,1,12000.00,0.00,12000.00
5000008235,1000006760,20250106,2,586,1,,1,15000.00,0.00,15000.00
5000008236,1000006761,20250106,1,1304,1,,1,12000.00,0.00,12000.00
5000008237,1000006761,20250106,2,1304,1,,1,15000.00,0.00,15000.00
5000008238,1000006762,20250106,2,1143,1,,1,15000.00,0.00,15000.00
5000008239,1000006763,20250107,2,2278,1,,3,15000.00,0.00,45000.00
5000008240,1000006764,20250107,2,2277,1,,1,15000.00,0.00,15000.00
5000008241,1000006765,20250107,1,344,1,,2,12000.00,0.00,24000.00
5000008242,1000006765,20250107,2,344,1,,1,15000.00,0.00,15000.00
5000008243,1000006766,20250107,1,2279,1,,2,12000.00,0.00,24000.00
5000008244,1000006766,20250107,2,2279,1,,1,15000.00,0.00,15000.00
5000008245,1000006767,20250107,1,639,1,,1,12000.00,0.00,12000.00
5000008246,1000006768,20250107,1,1606,1,,3,12000.00,0.00,36000.00
5000008247,1000006768,20250107,2,1606,1,,1,15000.00,0.00,15000.00
5000008249,1000006770,20250107,1,1605,1,,2,12000.00,0.00,24000.00
5000008250,1000006770,20250107,2,1605,1,,1,15000.00,0.00,15000.00
5000008251,1000006771,20250107,1,2280,1,,1,12000.00,0.00,12000.00
5000008253,1000006773,20250107,2,1505,1,,1,15000.00,0.00,15000.00
5000008256,1000006776,20250107,2,2281,1,,1,15000.00,0.00,15000.00
5000008258,1000006778,20250107,1,2282,1,,1,12000.00,0.00,12000.00
5000008259,1000006779,20250107,2,2283,1,,1,15000.00,0.00,15000.00
5000008260,1000006780,20250107,1,2076,1,,1,12000.00,0.00,12000.00
5000008261,1000006781,20250107,2,2182,1,,3,15000.00,0.00,45000.00
5000008262,1000006782,20250107,1,1728,1,,2,12000.00,0.00,24000.00
5000008263,1000006783,20250107,2,840,1,,2,15000.00,0.00,30000.00
5000008264,1000006784,20250108,2,249,1,,1,15000.00,0.00,15000.00
5000008265,1000006785,20250108,1,1537,1,,1,12000.00,0.00,12000.00
5000008269,1000006789,20250108,1,2284,1,,4,12000.00,0.00,48000.00
5000008270,1000006789,20250108,2,2284,1,,1,15000.00,0.00,15000.00
5000008271,1000006790,20250108,2,930,1,,1,15000.00,0.00,15000.00
5000008272,1000006791,20250108,2,2285,1,,2,15000.00,0.00,30000.00
5000008273,1000006792,20250108,1,788,1,,2,12000.00,0.00,24000.00
5000008278,1000006796,20250108,1,42,1,,1,12000.00,0.00,12000.00
5000008280,1000006798,20250108,1,618,1,,1,12000.00,0.00,12000.00
5000008281,1000006798,20250108,2,618,1,,1,15000.00,0.00,15000.00
5000008285,1000006802,20250108,2,1823,1,,1,15000.00,0.00,15000.00
5000008286,1000006803,20250108,2,398,1,,1,15000.00,0.00,15000.00
5000008287,1000006804,20250109,1,577,1,,3,12000.00,0.00,36000.00
5000008288,1000006804,20250109,2,577,1,,1,15000.00,0.00,15000.00
5000008289,1000006805,20250109,2,2288,1,,1,15000.00,0.00,15000.00
5000008290,1000006806,20250109,2,1266,1,,1,15000.00,0.00,15000.00
5000008293,1000006809,20250109,1,1238,1,,2,12000.00,0.00,24000.00
5000008295,1000006811,20250109,2,1102,1,,1,15000.00,0.00,15000.00
5000008296,1000006812,20250109,2,254,1,,2,15000.00,1500.00,28500.00
5000008297,1000006813,20250109,1,517,1,,1,12000.00,0.00,12000.00
5000008298,1000006813,20250109,2,517,1,,4,15000.00,0.00,60000.00
5000008299,1000006814,20250109,2,2186,1,,3,15000.00,0.00,45000.00
5000008301,1000006816,20250109,1,2005,1,,2,12000.00,0.00,24000.00
5000008303,1000006818,20250109,2,1955,1,,2,15000.00,0.00,30000.00
5000008304,1000006819,20250109,1,44,1,,4,12000.00,0.00,48000.00
5000008305,1000006819,20250109,2,44,1,,1,15000.00,0.00,15000.00
5000008306,1000006820,20250109,2,853,1,,1,15000.00,0.00,15000.00
5000008307,1000006821,20250110,1,2103,1,,2,12000.00,0.00,24000.00
5000008308,1000006822,20250110,1,1913,1,,1,12000.00,0.00,12000.00
5000008311,1000006825,20250110,1,2289,1,,1,12000.00,0.00,12000.00
5000008312,1000006825,20250110,2,2289,1,,1,15000.00,0.00,15000.00
5000008319,1000006832,20250110,2,2292,1,,14,15000.00,31500.00,178500.00
5000008325,1000006837,20250110,2,27,1,,1,15000.00,0.00,15000.00
5000008326,1000006838,20250110,1,2293,1,,1,12000.00,0.00,12000.00
5000008327,1000006838,20250110,2,2293,1,,2,15000.00,0.00,30000.00
5000008328,1000006839,20250110,1,1971,1,,1,12000.00,0.00,12000.00
5000008329,1000006840,20250110,1,2294,1,,1,12000.00,0.00,12000.00
5000008330,1000006840,20250110,2,2294,1,,1,15000.00,0.00,15000.00
5000008331,1000006841,20250111,1,2295,1,,8,12000.00,14400.00,81600.00
5000008332,1000006842,20250111,1,2296,1,,1,12000.00,0.00,12000.00
5000008333,1000006843,20250111,2,1851,1,,2,15000.00,0.00,30000.00
5000008352,1000006857,20250111,2,1859,1,,1,15000.00,0.00,15000.00
5000008353,1000006858,20250111,2,15,1,,1,15000.00,0.00,15000.00
5000008355,1000006860,20250111,2,2300,1,,2,15000.00,0.00,30000.00
5000008356,1000006861,20250112,1,2301,1,,1,12000.00,0.00,12000.00
5000008357,1000006861,20250112,2,2301,1,,3,15000.00,0.00,45000.00
5000008358,1000006862,20250112,1,2079,1,,2,12000.00,0.00,24000.00
5000008359,1000006863,20250112,2,2302,1,,2,15000.00,0.00,30000.00
5000008360,1000006864,20250112,2,308,1,,2,15000.00,0.00,30000.00
5000008361,1000006865,20250112,1,480,1,,1,12000.00,0.00,12000.00
5000008362,1000006866,20250112,1,1350,1,,1,12000.00,0.00,12000.00
5000008363,1000006866,20250112,2,1350,1,,1,15000.00,0.00,15000.00
5000008364,1000006867,20250112,1,2303,1,,1,12000.00,0.00,12000.00
5000008365,1000006868,20250112,2,1776,1,,3,15000.00,0.00,45000.00
5000008366,1000006869,20250112,2,969,1,,3,15000.00,0.00,45000.00
5000008367,1000006870,20250112,2,1600,1,,4,15000.00,0.00,60000.00
5000008368,1000006871,20250112,1,161,1,,1,12000.00,0.00,12000.00
5000008369,1000006872,20250112,1,2305,1,,2,12000.00,0.00,24000.00
5000008370,1000006872,20250112,2,2305,1,,3,15000.00,0.00,45000.00
5000008371,1000006873,20250112,2,1375,1,,2,15000.00,1500.00,28500.00
5000008372,1000006874,20250112,2,545,1,,1,15000.00,0.00,15000.00
5000008373,1000006875,20250112,2,630,1,,1,15000.00,750.00,14250.00
5000008374,1000006876,20250113,2,2019,1,,4,15000.00,0.00,60000.00
5000008375,1000006877,20250113,1,65,1,,1,12000.00,600.00,11400.00
5000008376,1000006877,20250113,2,65,1,,1,15000.00,750.00,14250.00
5000008377,1000006878,20250113,2,1992,1,,2,15000.00,0.00,30000.00
5000008378,1000006879,20250113,2,2306,1,,1,15000.00,0.00,15000.00
5000008382,1000006883,20250113,1,1526,1,,1,12000.00,0.00,12000.00
5000008391,1000006891,20250113,2,2307,1,,1,15000.00,0.00,15000.00
5000008395,1000006894,20250113,2,705,1,,2,15000.00,0.00,30000.00
5000008396,1000006895,20250113,2,696,1,,1,15000.00,0.00,15000.00
5000008397,1000006896,20250113,1,2059,1,,1,12000.00,0.00,12000.00
5000008398,1000006896,20250113,2,2059,1,,2,15000.00,0.00,30000.00
5000008399,1000006897,20250113,2,2308,1,,2,15000.00,0.00,30000.00
5000008400,1000006898,20250113,2,1876,1,,1,15000.00,0.00,15000.00
5000008401,1000006899,20250114,2,1915,1,,1,15000.00,1500.00,13500.00
5000008402,1000006900,20250114,1,2139,1,,1,12000.00,0.00,12000.00
5000008403,1000006901,20250114,1,438,1,,1,12000.00,0.00,12000.00
5000008404,1000006902,20250114,2,1273,1,,3,15000.00,4500.00,40500.00
5000008405,1000006903,20250114,2,889,1,,1,15000.00,0.00,15000.00
5000008406,1000006904,20250114,1,1204,1,,3,12000.00,0.00,36000.00
5000008407,1000006904,20250114,2,1204,1,,1,15000.00,0.00,15000.00
5000008408,1000006905,20250114,1,1654,1,,1,12000.00,0.00,12000.00
5000008409,1000006905,20250114,2,1654,1,,3,15000.00,0.00,45000.00
5000008410,1000006906,20250114,2,593,1,,2,15000.00,0.00,30000.00
5000008411,1000006907,20250114,1,463,1,,1,12000.00,0.00,12000.00
5000008412,1000006907,20250114,2,463,1,,1,15000.00,0.00,15000.00
5000008413,1000006908,20250114,1,2310,1,,1,12000.00,0.00,12000.00
5000008415,1000006910,20250114,1,1393,1,,2,12000.00,2400.00,21600.00
5000008416,1000006910,20250114,2,1393,1,,2,15000.00,3000.00,27000.00
5000008420,1000006913,20250114,1,1135,1,,2,12000.00,2400.00,21600.00
5000008427,1000006919,20250114,2,1845,1,,4,15000.00,0.00,60000.00
5000008430,1000006922,20250114,1,997,1,,3,12000.00,0.00,36000.00
5000008431,1000006923,20250115,2,2314,1,,1,15000.00,0.00,15000.00
5000008432,1000006924,20250115,2,1847,1,,1,15000.00,0.00,15000.00
5000008433,1000006925,20250115,1,1885,1,,2,12000.00,0.00,24000.00
5000008436,1000006928,20250115,2,2105,1,,1,15000.00,0.00,15000.00
5000008438,1000006930,20250115,2,1109,1,,1,15000.00,0.00,15000.00
5000008439,1000006931,20250115,2,2316,1,,1,15000.00,0.00,15000.00
5000008440,1000006932,20250115,2,1252,1,,3,15000.00,0.00,45000.00
5000008447,1000006938,20250115,1,991,1,,1,12000.00,0.00,12000.00
5000008452,1000006942,20250115,2,1824,1,,2,15000.00,0.00,30000.00
5000008453,1000006943,20250116,1,505,1,,2,12000.00,0.00,24000.00
5000008454,1000006944,20250116,1,995,1,,1,12000.00,0.00,12000.00
5000008455,1000006944,20250116,2,995,1,,1,15000.00,0.00,15000.00
5000008459,1000006948,20250116,2,1604,1,,1,15000.00,0.00,15000.00
5000008460,1000006949,20250116,2,2320,1,,3,15000.00,0.00,45000.00
5000008461,1000006950,20250116,2,1523,1,,1,15000.00,0.00,15000.00
5000008463,1000006952,20250116,1,2321,1,,1,12000.00,0.00,12000.00
5000008464,1000006952,20250116,2,2321,1,,2,15000.00,0.00,30000.00
5000008468,1000006955,20250116,1,2322,1,,1,12000.00,0.00,12000.00
5000008470,1000006957,20250116,1,1884,1,,2,12000.00,0.00,24000.00
5000008471,1000006957,20250116,2,1884,1,,1,15000.00,0.00,15000.00
5000008472,1000006958,20250116,1,299,1,,1,12000.00,0.00,12000.00
5000008473,1000006959,20250116,1,60,1,,2,12000.00,0.00,24000.00
5000008474,1000006959,20250116,2,60,1,,1,15000.00,0.00,15000.00
5000008477,1000006961,20250116,1,348,1,,2,12000.00,0.00,24000.00
5000008478,1000006961,20250116,2,348,1,,2,15000.00,0.00,30000.00
5000008479,1000006962,20250116,1,787,1,,1,12000.00,0.00,12000.00
5000008480,1000006963,20250116,1,251,1,,2,12000.00,0.00,24000.00
5000008481,1000006963,20250116,2,251,1,,1,15000.00,0.00,15000.00
5000008482,1000006964,20250116,1,1964,1,,1,12000.00,0.00,12000.00
5000008483,1000006964,20250116,2,1964,1,,2,15000.00,0.00,30000.00
5000008486,1000006966,20250116,1,1449,1,,1,12000.00,0.00,12000.00
5000008487,1000006967,20250116,2,2323,1,,1,15000.00,0.00,15000.00
5000008488,1000006968,20250116,2,2226,1,,1,15000.00,0.00,15000.00
5000008489,1000006969,20250116,2,2324,1,,3,15000.00,0.00,45000.00
5000008490,1000006970,20250116,1,708,1,,1,12000.00,0.00,12000.00
5000008491,1000006970,20250116,2,708,1,,2,15000.00,0.00,30000.00
5000008493,1000006972,20250117,2,1970,1,,1,15000.00,0.00,15000.00
5000008494,1000006973,20250117,2,1785,1,,2,15000.00,0.00,30000.00
5000008497,1000006976,20250117,1,394,1,,2,12000.00,1200.00,22800.00
5000008498,1000006976,20250117,2,394,1,,3,15000.00,2250.00,42750.00
5000008499,1000006977,20250117,2,2325,1,,1,15000.00,0.00,15000.00
5000008504,1000006981,20250117,1,2328,1,,1,12000.00,0.00,12000.00
5000008505,1000006982,20250117,1,2329,1,,1,12000.00,0.00,12000.00
5000008511,1000006987,20250117,1,1907,1,,2,12000.00,0.00,24000.00
5000008512,1000006988,20250117,2,113,1,,1,15000.00,0.00,15000.00
5000008513,1000006989,20250117,2,2038,1,,1,15000.00,0.00,15000.00
5000008514,1000006990,20250117,1,2330,1,,3,12000.00,0.00,36000.00
5000008516,1000006992,20250118,2,2331,1,,4,15000.00,0.00,60000.00
5000008522,1000006997,20250118,2,306,1,,2,15000.00,0.00,30000.00
5000008524,1000006999,20250118,1,1674,1,,1,12000.00,0.00,12000.00
5000008525,1000006999,20250118,2,1674,1,,1,15000.00,0.00,15000.00
5000008528,1000007002,20250118,2,2210,1,,1,15000.00,0.00,15000.00
5000008535,1000007008,20250118,1,2093,1,,2,12000.00,0.00,24000.00
5000008540,1000007012,20250118,1,1570,1,,1,12000.00,0.00,12000.00
5000008541,1000007013,20250119,2,1555,1,,2,15000.00,0.00,30000.00
5000008542,1000007014,20250119,1,74,1,,3,12000.00,0.00,36000.00
5000008543,1000007015,20250119,1,1819,1,,2,12000.00,0.00,24000.00
5000008544,1000007015,20250119,2,1819,1,,1,15000.00,0.00,15000.00
5000008545,1000007016,20250119,2,1988,1,,3,15000.00,0.00,45000.00
5000008546,1000007017,20250119,1,2335,1,,1,12000.00,0.00,12000.00
5000008547,1000007017,20250119,2,2335,1,,1,15000.00,0.00,15000.00
5000008548,1000007018,20250119,2,2336,1,,1,15000.00,0.00,15000.00
5000008549,1000007019,20250119,2,1866,1,,1,15000.00,0.00,15000.00
5000008550,1000007020,20250119,2,2337,1,,3,15000.00,0.00,45000.00
5000008551,1000007021,20250120,2,2338,1,,1,15000.00,0.00,15000.00
5000008552,1000007022,20250120,2,1637,1,,1,15000.00,0.00,15000.00
5000008553,1000007023,20250120,2,2339,1,,2,15000.00,0.00,30000.00
5000008554,1000007024,20250120,1,1414,1,,3,12000.00,0.00,36000.00
5000008555,1000007025,20250120,1,1361,1,,1,12000.00,0.00,12000.00
5000008556,1000007026,20250120,2,2340,1,,1,15000.00,0.00,15000.00
5000008557,1000007027,20250120,2,2020,1,,1,15000.00,0.00,15000.00
5000008558,1000007028,20250120,2,567,1,,1,15000.00,0.00,15000.00
5000008559,1000007029,20250120,1,586,1,,2,12000.00,0.00,24000.00
5000008560,1000007030,20250120,1,1799,1,,1,12000.00,0.00,12000.00
5000008561,1000007031,20250120,1,1351,1,,1,12000.00,0.00,12000.00
5000008562,1000007032,20250120,1,2050,1,,3,12000.00,0.00,36000.00
5000008563,1000007032,20250120,2,2050,1,,2,15000.00,0.00,30000.00
5000008564,1000007033,20250120,1,1272,1,,2,12000.00,0.00,24000.00
5000008566,1000007035,20250120,2,1150,1,,2,15000.00,0.00,30000.00
5000008567,1000007036,20250120,1,2008,1,,3,12000.00,0.00,36000.00
5000008568,1000007036,20250120,2,2008,1,,3,15000.00,0.00,45000.00
5000008570,1000007038,20250120,2,2341,1,,4,15000.00,0.00,60000.00
5000008571,1000007039,20250120,2,768,1,,1,15000.00,750.00,14250.00
5000008573,1000007041,20250120,2,2342,1,,1,15000.00,0.00,15000.00
5000008575,1000007043,20250120,1,1834,1,,1,12000.00,0.00,12000.00
5000008576,1000007044,20250120,1,2343,1,,1,12000.00,0.00,12000.00
5000008577,1000007044,20250120,2,2343,1,,1,15000.00,0.00,15000.00
5000008578,1000007045,20250120,1,1512,1,,1,12000.00,0.00,12000.00
5000008579,1000007045,20250120,2,1512,1,,1,15000.00,0.00,15000.00
5000008580,1000007046,20250121,1,2344,1,,1,12000.00,0.00,12000.00
5000008581,1000007047,20250121,1,2345,1,,2,12000.00,0.00,24000.00
5000008590,1000007054,20250121,1,2101,1,,4,12000.00,0.00,48000.00
5000008592,1000007056,20250121,1,2346,1,,2,12000.00,0.00,24000.00
5000008593,1000007056,20250121,2,2346,1,,2,15000.00,0.00,30000.00
5000008594,1000007057,20250121,2,812,1,,1,15000.00,0.00,15000.00
5000008596,1000007059,20250121,2,703,1,,2,15000.00,0.00,30000.00
5000008598,1000007061,20250121,2,2035,1,,1,15000.00,0.00,15000.00
5000008599,1000007062,20250121,1,652,1,,1,12000.00,0.00,12000.00
5000008600,1000007063,20250122,1,2348,1,,1,12000.00,0.00,12000.00
5000008601,1000007064,20250122,2,2350,1,,2,15000.00,0.00,30000.00
5000008607,1000007069,20250122,2,1182,1,,3,15000.00,0.00,45000.00
5000008608,1000007070,20250122,2,1839,1,,1,15000.00,0.00,15000.00
5000008610,1000007072,20250122,2,2352,1,,1,15000.00,0.00,15000.00
5000008614,1000007075,20250122,2,2353,1,,3,15000.00,0.00,45000.00
5000008621,1000007080,20250122,2,1668,1,,1,15000.00,0.00,15000.00
5000008624,1000007083,20250122,1,1358,1,,2,12000.00,0.00,24000.00
5000008625,1000007084,20250122,2,2357,1,,1,15000.00,0.00,15000.00
5000008626,1000007085,20250122,2,161,1,,1,15000.00,0.00,15000.00
5000008627,1000007086,20250123,1,1750,1,,2,12000.00,0.00,24000.00
5000008628,1000007087,20250123,2,1815,1,,1,15000.00,0.00,15000.00
5000008629,1000007088,20250123,2,494,1,,1,15000.00,0.00,15000.00
5000008630,1000007089,20250123,2,1476,1,,1,15000.00,750.00,14250.00
5000008631,1000007090,20250123,2,207,1,,2,15000.00,0.00,30000.00
5000008632,1000007091,20250123,2,2057,1,,3,15000.00,0.00,45000.00
5000008633,1000007092,20250123,2,1095,1,,1,15000.00,750.00,14250.00
5000008638,1000007096,20250123,1,793,1,,3,12000.00,0.00,36000.00
5000008639,1000007096,20250123,2,793,1,,1,15000.00,0.00,15000.00
5000008644,1000007099,20250123,1,1007,1,,1,12000.00,0.00,12000.00
5000008645,1000007099,20250123,2,1007,1,,2,15000.00,0.00,30000.00
5000008646,1000007100,20250123,2,2359,1,,3,15000.00,0.00,45000.00
5000008648,1000007102,20250123,1,1320,1,,3,12000.00,0.00,36000.00
5000008649,1000007103,20250123,1,1993,1,,2,12000.00,0.00,24000.00
5000008650,1000007103,20250123,2,1993,1,,2,15000.00,0.00,30000.00
5000008651,1000007104,20250123,2,2054,1,,1,15000.00,0.00,15000.00
5000008652,1000007105,20250124,1,1663,1,,2,12000.00,0.00,24000.00
5000008653,1000007106,20250124,1,633,1,,3,12000.00,0.00,36000.00
5000008654,1000007107,20250124,2,2006,1,,2,15000.00,0.00,30000.00
5000008655,1000007108,20250124,2,1978,1,,2,15000.00,0.00,30000.00
5000008656,1000007109,20250124,2,1371,1,,1,15000.00,0.00,15000.00
5000008657,1000007110,20250124,2,993,1,,3,15000.00,0.00,45000.00
5000008658,1000007111,20250124,1,706,1,,2,12000.00,0.00,24000.00
5000008659,1000007111,20250124,2,706,1,,1,15000.00,0.00,15000.00
5000008660,1000007112,20250124,2,1369,1,,1,15000.00,0.00,15000.00
5000008662,1000007114,20250124,2,1594,1,,1,15000.00,0.00,15000.00
5000008671,1000007122,20250124,2,2364,1,,1,15000.00,0.00,15000.00
5000008672,1000007123,20250124,2,2154,1,,2,15000.00,0.00,30000.00
5000008673,1000007124,20250125,1,2365,1,,1,12000.00,600.00,11400.00
5000008677,1000007128,20250125,1,2058,1,,1,12000.00,0.00,12000.00
5000008681,1000007131,20250125,1,300,1,,1,12000.00,0.00,12000.00
5000008683,1000007133,20250125,1,617,1,,2,12000.00,0.00,24000.00
5000008684,1000007134,20250125,2,2280,1,,1,15000.00,0.00,15000.00
5000008693,1000007141,20250125,1,840,1,,2,12000.00,0.00,24000.00
5000008694,1000007142,20250125,1,579,1,,1,12000.00,0.00,12000.00
5000008696,1000007144,20250125,1,1923,1,,1,12000.00,0.00,12000.00
5000008697,1000007144,20250125,2,1923,1,,4,15000.00,0.00,60000.00
5000008698,1000007145,20250125,2,1629,1,,1,15000.00,750.00,14250.00
5000008699,1000007146,20250125,1,1485,1,,2,12000.00,0.00,24000.00
5000008702,1000007148,20250125,2,1748,1,,1,15000.00,0.00,15000.00
5000008703,1000007149,20250125,2,1363,1,,1,15000.00,0.00,15000.00
5000008704,1000007150,20250125,2,1583,1,,3,15000.00,0.00,45000.00
5000008705,1000007151,20250125,1,1408,1,,2,12000.00,0.00,24000.00
5000008706,1000007152,20250125,2,1110,1,,1,15000.00,0.00,15000.00
5000008707,1000007153,20250126,1,432,1,,1,12000.00,0.00,12000.00
5000008708,1000007154,20250126,1,1451,1,,1,12000.00,0.00,12000.00
5000008709,1000007154,20250126,2,1451,1,,1,15000.00,0.00,15000.00
5000008710,1000007155,20250126,2,2080,1,,1,15000.00,0.00,15000.00
5000008711,1000007156,20250126,1,979,1,,1,12000.00,0.00,12000.00
5000008712,1000007157,20250126,2,2369,1,,3,15000.00,0.00,45000.00
5000008713,1000007158,20250126,1,618,1,,1,12000.00,0.00,12000.00
5000008714,1000007159,20250126,2,1969,1,,3,15000.00,0.00,45000.00
5000008715,1000007160,20250126,2,1475,1,,1,15000.00,0.00,15000.00
5000008716,1000007161,20250126,2,2370,1,,2,15000.00,0.00,30000.00
5000008717,1000007162,20250126,1,784,1,,1,12000.00,0.00,12000.00
5000008718,1000007163,20250126,1,1753,1,,4,12000.00,0.00,48000.00
5000008719,1000007163,20250126,2,1753,1,,3,15000.00,0.00,45000.00
5000008720,1000007164,20250126,2,982,1,,1,15000.00,0.00,15000.00
5000008721,1000007165,20250126,1,1823,1,,2,12000.00,0.00,24000.00
5000008722,1000007166,20250126,2,2248,1,,1,15000.00,750.00,14250.00
5000008723,1000007167,20250127,1,2134,1,,1,12000.00,0.00,12000.00
5000008724,1000007167,20250127,2,2134,1,,2,15000.00,0.00,30000.00
5000008725,1000007168,20250127,2,2148,1,,1,15000.00,0.00,15000.00
5000008726,1000007169,20250127,2,572,1,,1,15000.00,0.00,15000.00
5000008728,1000007171,20250127,2,648,1,,3,15000.00,0.00,45000.00
5000008729,1000007172,20250127,1,1053,1,,2,12000.00,0.00,24000.00
5000008730,1000007173,20250127,2,1547,1,,1,15000.00,0.00,15000.00
5000008733,1000007176,20250127,2,1754,1,,1,15000.00,0.00,15000.00
5000008734,1000007177,20250127,2,1813,1,,3,15000.00,0.00,45000.00
5000008737,1000007179,20250127,1,2371,1,,1,12000.00,0.00,12000.00
5000008739,1000007181,20250127,1,1020,1,,1,12000.00,0.00,12000.00
5000008740,1000007181,20250127,2,1020,1,,1,15000.00,0.00,15000.00
5000008741,1000007182,20250127,2,1376,1,,2,15000.00,0.00,30000.00
5000008742,1000007183,20250127,1,2372,1,,3,12000.00,0.00,36000.00
5000008743,1000007183,20250127,2,2372,1,,1,15000.00,0.00,15000.00
5000008744,1000007184,20250127,1,1168,1,,1,12000.00,0.00,12000.00
5000008745,1000007185,20250127,2,1916,1,,3,15000.00,0.00,45000.00
5000008750,1000007189,20250127,1,1379,1,,3,12000.00,0.00,36000.00
5000008751,1000007190,20250127,1,1019,1,,1,12000.00,0.00,12000.00
5000008752,1000007191,20250128,2,2374,1,,1,15000.00,0.00,15000.00
5000008753,1000007192,20250128,1,1941,1,,2,12000.00,0.00,24000.00
5000008755,1000007194,20250128,2,2376,1,,1,15000.00,1500.00,13500.00
5000008756,1000007195,20250128,1,2081,1,,1,12000.00,1200.00,10800.00
5000008757,1000007196,20250128,1,1436,1,,2,12000.00,0.00,24000.00
5000008758,1000007196,20250128,2,1436,1,,2,15000.00,0.00,30000.00
5000008760,1000007198,20250128,1,2113,1,,4,12000.00,4800.00,43200.00
5000008761,1000007198,20250128,2,2113,1,,3,15000.00,4500.00,40500.00
5000008763,1000007200,20250128,1,72,1,,2,12000.00,2400.00,21600.00
5000008764,1000007201,20250128,1,2060,1,,1,12000.00,0.00,12000.00
5000008767,1000007204,20250128,1,1328,1,,1,12000.00,0.00,12000.00
5000008770,1000007206,20250128,2,350,1,,2,15000.00,0.00,30000.00
5000008771,1000007207,20250128,1,1576,1,,1,12000.00,1200.00,10800.00
5000008772,1000007208,20250128,2,2378,1,,1,15000.00,1500.00,13500.00
5000008773,1000007209,20250129,1,1897,1,,2,12000.00,0.00,24000.00
5000008774,1000007210,20250129,1,629,1,,2,12000.00,1200.00,22800.00
5000008775,1000007211,20250129,2,2379,1,,1,15000.00,0.00,15000.00
5000008776,1000007212,20250129,1,2380,1,,2,12000.00,0.00,24000.00
5000008777,1000007212,20250129,2,2380,1,,3,15000.00,0.00,45000.00
5000008779,1000007214,20250129,1,543,1,,3,12000.00,0.00,36000.00
5000008780,1000007215,20250129,2,1980,1,,2,15000.00,0.00,30000.00
5000008785,1000007219,20250129,2,1504,1,,2,15000.00,0.00,30000.00
5000008786,1000007220,20250129,1,2213,1,,2,12000.00,0.00,24000.00
5000008787,1000007220,20250129,2,2213,1,,3,15000.00,0.00,45000.00
5000008789,1000007222,20250129,1,270,1,,2,12000.00,0.00,24000.00
5000008793,1000007225,20250129,2,2062,1,,2,15000.00,0.00,30000.00
5000008795,1000007227,20250129,2,2301,1,,1,15000.00,0.00,15000.00
5000008798,1000007230,20250129,1,42,1,,1,12000.00,0.00,12000.00
5000008799,1000007231,20250130,2,1604,1,,2,15000.00,0.00,30000.00
5000008800,1000007232,20250130,2,1811,1,,3,15000.00,0.00,45000.00
5000008801,1000007233,20250130,1,2383,1,,2,12000.00,0.00,24000.00
5000008806,1000007238,20250130,1,1557,1,,1,12000.00,0.00,12000.00
5000008810,1000007242,20250130,1,2385,1,,2,12000.00,0.00,24000.00
5000008811,1000007242,20250130,2,2385,1,,2,15000.00,0.00,30000.00
5000008814,1000007245,20250130,1,2386,1,,1,12000.00,0.00,12000.00
5000008816,1000007247,20250130,2,1768,1,,1,15000.00,0.00,15000.00
5000008817,1000007248,20250130,2,799,1,,4,15000.00,0.00,60000.00
5000008818,1000007249,20250130,2,2387,1,,2,15000.00,0.00,30000.00
5000008819,1000007250,20250130,1,2254,1,,2,12000.00,0.00,24000.00
5000008820,1000007250,20250130,2,2254,1,,1,15000.00,0.00,15000.00
5000008821,1000007251,20250130,2,457,1,,2,15000.00,0.00,30000.00
5000008827,1000007255,20250130,1,1849,1,,1,12000.00,0.00,12000.00
5000008828,1000007256,20250130,2,790,1,,2,15000.00,0.00,30000.00
5000008829,1000007257,20250130,1,185,1,,1,12000.00,0.00,12000.00
5000008830,1000007258,20250131,2,1407,1,,1,15000.00,0.00,15000.00
5000008833,1000007261,20250131,2,1380,1,,1,15000.00,0.00,15000.00
5000008834,1000007262,20250131,1,2234,1,,1,12000.00,0.00,12000.00
5000008835,1000007262,20250131,2,2234,1,,1,15000.00,0.00,15000.00
5000008844,1000007270,20250131,1,1874,1,,1,12000.00,0.00,12000.00
5000008845,1000007271,20250131,2,425,1,,3,15000.00,0.00,45000.00
5000008847,1000007273,20250131,1,2390,1,,1,12000.00,0.00,12000.00
5000008848,1000007273,20250131,2,2390,1,,1,15000.00,0.00,15000.00
5000008855,1000007279,20250131,1,2163,1,,3,12000.00,0.00,36000.00
5000008861,1000007284,20250201,2,2392,1,,1,15000.00,0.00,15000.00
5000008863,1000007286,20250201,1,2393,1,,1,12000.00,0.00,12000.00
5000008864,1000007286,20250201,2,2393,1,,1,15000.00,0.00,15000.00
5000008868,1000007289,20250201,2,2394,1,,1,15000.00,0.00,15000.00
5000008873,1000007293,20250201,1,1798,1,,1,12000.00,0.00,12000.00
5000008874,1000007293,20250201,2,1798,1,,3,15000.00,0.00,45000.00
5000008877,1000007296,20250201,1,1711,1,,1,12000.00,0.00,12000.00
5000008878,1000007297,20250201,2,2221,1,,2,15000.00,0.00,30000.00
5000008879,1000007298,20250201,2,1194,1,,2,15000.00,0.00,30000.00
5000008888,1000007306,20250201,1,1352,1,,1,12000.00,0.00,12000.00
5000008889,1000007306,20250201,2,1352,1,,3,15000.00,0.00,45000.00
5000008890,1000007307,20250201,2,112,1,,1,15000.00,0.00,15000.00
5000008891,1000007308,20250201,1,2161,1,,3,12000.00,0.00,36000.00
5000008892,1000007308,20250201,2,2161,1,,2,15000.00,0.00,30000.00
5000008893,1000007309,20250201,2,2299,1,,3,15000.00,0.00,45000.00
5000008894,1000007310,20250202,1,2075,1,,1,12000.00,0.00,12000.00
5000008895,1000007310,20250202,2,2075,1,,1,15000.00,0.00,15000.00
5000008896,1000007311,20250202,1,2004,1,,1,12000.00,0.00,12000.00
5000008897,1000007311,20250202,2,2004,1,,1,15000.00,0.00,15000.00
5000008898,1000007312,20250202,2,2310,1,,1,15000.00,0.00,15000.00
5000008899,1000007313,20250202,1,1345,1,,1,12000.00,0.00,12000.00
5000008900,1000007314,20250202,1,1437,1,,1,12000.00,0.00,12000.00
5000008901,1000007315,20250202,2,2183,1,,1,15000.00,0.00,15000.00
5000008902,1000007316,20250202,1,2321,1,,1,12000.00,0.00,12000.00
5000008903,1000007316,20250202,2,2321,1,,2,15000.00,0.00,30000.00
5000008904,1000007317,20250202,2,2399,1,,1,15000.00,0.00,15000.00
5000008905,1000007318,20250202,1,1016,1,,2,12000.00,0.00,24000.00
5000008906,1000007319,20250203,1,2400,1,,2,12000.00,1200.00,22800.00
5000008907,1000007319,20250203,2,2400,1,,2,15000.00,1500.00,28500.00
5000008908,1000007320,20250203,2,26,1,,3,15000.00,0.00,45000.00
5000008909,1000007321,20250203,1,2029,1,,1,12000.00,0.00,12000.00
5000008910,1000007321,20250203,2,2029,1,,1,15000.00,0.00,15000.00
5000008914,1000007324,20250203,1,2023,1,,1,12000.00,0.00,12000.00
5000008915,1000007325,20250203,1,402,1,,1,12000.00,0.00,12000.00
5000008917,1000007327,20250203,1,2401,1,,1,12000.00,0.00,12000.00
5000008918,1000007328,20250203,1,1812,1,,1,12000.00,0.00,12000.00
5000008926,1000007334,20250203,2,791,1,,1,15000.00,0.00,15000.00
5000008927,1000007335,20250203,1,29,1,,3,12000.00,0.00,36000.00
5000008928,1000007336,20250203,1,869,1,,3,12000.00,0.00,36000.00
5000008929,1000007336,20250203,2,869,1,,1,15000.00,0.00,15000.00
5000008930,1000007337,20250203,1,1512,1,,1,12000.00,0.00,12000.00
5000008931,1000007338,20250203,2,1502,1,,2,15000.00,0.00,30000.00
5000008932,1000007339,20250204,1,2119,1,,3,12000.00,0.00,36000.00
5000008933,1000007339,20250204,2,2119,1,,2,15000.00,0.00,30000.00
5000008934,1000007340,20250204,1,2065,1,,1,12000.00,0.00,12000.00
5000008935,1000007340,20250204,2,2065,1,,2,15000.00,0.00,30000.00
5000008937,1000007342,20250204,2,2404,1,,1,15000.00,0.00,15000.00
5000008939,1000007344,20250204,1,2405,1,,1,12000.00,0.00,12000.00
5000008942,1000007346,20250204,2,2103,1,,1,15000.00,0.00,15000.00
5000008943,1000007347,20250204,2,787,1,,2,15000.00,0.00,30000.00
5000008945,1000007349,20250204,2,2068,1,,1,15000.00,0.00,15000.00
5000008951,1000007354,20250204,2,2409,1,,1,15000.00,0.00,15000.00
5000008954,1000007357,20250204,2,1258,1,,4,15000.00,0.00,60000.00
5000008955,1000007358,20250204,2,1887,1,,2,15000.00,0.00,30000.00
5000008956,1000007359,20250205,1,1500,1,,1,12000.00,0.00,12000.00
5000008957,1000007360,20250205,2,1647,1,,1,15000.00,0.00,15000.00
5000008958,1000007361,20250205,2,395,1,,1,15000.00,0.00,15000.00
5000008962,1000007364,20250205,1,553,1,,3,12000.00,0.00,36000.00
5000008963,1000007364,20250205,2,553,1,,2,15000.00,0.00,30000.00
5000008967,1000007367,20250205,2,2005,1,,4,15000.00,0.00,60000.00
5000008968,1000007368,20250205,2,342,1,,11,15000.00,24750.00,140250.00
5000008970,1000007370,20250205,2,2038,1,,2,15000.00,1500.00,28500.00
5000008973,1000007373,20250205,2,812,1,,1,15000.00,0.00,15000.00
5000008974,1000007374,20250205,1,671,1,,1,12000.00,0.00,12000.00
5000008975,1000007375,20250206,2,2411,1,,1,15000.00,0.00,15000.00
5000008976,1000007376,20250206,2,1412,1,,1,15000.00,0.00,15000.00
5000008986,1000007384,20250206,2,1707,1,,1,15000.00,0.00,15000.00
5000008987,1000007385,20250206,2,2153,1,,1,15000.00,0.00,15000.00
5000008990,1000007387,20250206,2,1638,1,,1,15000.00,0.00,15000.00
5000008991,1000007388,20250206,1,1285,1,,1,12000.00,0.00,12000.00
5000008992,1000007389,20250206,1,2413,1,,1,12000.00,0.00,12000.00
5000008995,1000007392,20250206,2,2179,1,,1,15000.00,0.00,15000.00
5000008996,1000007393,20250206,2,716,1,,1,15000.00,0.00,15000.00
5000009004,1000007398,20250206,2,1643,1,,1,15000.00,0.00,15000.00
5000009008,1000007401,20250206,2,2344,1,,1,15000.00,0.00,15000.00
5000009009,1000007402,20250206,1,249,1,,1,12000.00,0.00,12000.00
5000009010,1000007402,20250206,2,249,1,,1,15000.00,0.00,15000.00
5000009011,1000007403,20250206,1,1967,1,,1,12000.00,0.00,12000.00
5000009012,1000007404,20250206,2,5,1,,2,15000.00,0.00,30000.00
5000009013,1000007405,20250207,1,769,1,,3,12000.00,0.00,36000.00
5000009014,1000007406,20250207,2,74,1,,2,15000.00,0.00,30000.00
5000009015,1000007407,20250207,1,1473,1,,2,12000.00,0.00,24000.00
5000009016,1000007408,20250207,1,788,1,,1,12000.00,0.00,12000.00
5000009021,1000007412,20250207,2,1158,1,,3,15000.00,0.00,45000.00
5000009022,1000007413,20250207,1,1017,1,,1,12000.00,0.00,12000.00
5000009025,1000007415,20250207,2,1970,1,,4,15000.00,0.00,60000.00
5000009026,1000007416,20250207,1,2416,1,,4,12000.00,0.00,48000.00
5000009030,1000007419,20250207,2,2417,1,,2,15000.00,0.00,30000.00
5000009034,1000007423,20250207,2,1506,1,,2,15000.00,0.00,30000.00
5000009037,1000007426,20250207,2,756,1,,1,15000.00,0.00,15000.00
5000009038,1000007427,20250207,1,644,1,,4,12000.00,0.00,48000.00
5000009039,1000007427,20250207,2,644,1,,1,15000.00,0.00,15000.00
5000009040,1000007428,20250207,2,2420,1,,3,15000.00,0.00,45000.00
5000009041,1000007429,20250208,2,2422,1,,1,15000.00,0.00,15000.00
5000009042,1000007430,20250208,1,2421,1,,1,12000.00,0.00,12000.00
5000009043,1000007430,20250208,2,2421,1,,2,15000.00,0.00,30000.00
5000009046,1000007433,20250208,1,2324,1,,4,12000.00,0.00,48000.00
5000009047,1000007433,20250208,2,2324,1,,1,15000.00,0.00,15000.00
5000009051,1000007436,20250208,1,700,1,,2,12000.00,0.00,24000.00
5000009052,1000007437,20250208,1,2424,1,,3,12000.00,0.00,36000.00
5000009055,1000007439,20250208,1,2425,1,,2,12000.00,0.00,24000.00
5000009066,1000007448,20250208,2,459,1,,1,15000.00,0.00,15000.00
5000009067,1000007449,20250208,1,281,1,,1,12000.00,0.00,12000.00
5000009068,1000007449,20250208,2,281,1,,1,15000.00,0.00,15000.00
5000009069,1000007450,20250208,1,417,1,,1,12000.00,0.00,12000.00
5000009070,1000007451,20250208,1,2430,1,,1,12000.00,0.00,12000.00
5000009071,1000007452,20250208,2,2431,1,,2,15000.00,0.00,30000.00
5000009072,1000007453,20250209,1,2150,1,,4,12000.00,0.00,48000.00
5000009073,1000007454,20250209,1,1451,1,,1,12000.00,0.00,12000.00
5000009074,1000007455,20250209,2,2376,1,,2,15000.00,0.00,30000.00
5000009075,1000007456,20250209,2,624,1,,1,15000.00,0.00,15000.00
5000009076,1000007457,20250209,1,938,1,,9,12000.00,16200.00,91800.00
5000009077,1000007458,20250209,2,1174,1,,2,15000.00,0.00,30000.00
5000009078,1000007459,20250209,2,2432,1,,1,15000.00,0.00,15000.00
5000009079,1000007460,20250209,2,1783,1,,4,15000.00,0.00,60000.00
5000009080,1000007461,20250209,1,995,1,,4,12000.00,0.00,48000.00
5000009081,1000007461,20250209,2,995,1,,2,15000.00,0.00,30000.00
5000009082,1000007462,20250209,2,2131,1,,2,15000.00,0.00,30000.00
5000009083,1000007463,20250209,1,1808,1,,2,12000.00,0.00,24000.00
5000009084,1000007464,20250209,1,1398,1,,1,12000.00,0.00,12000.00
5000009085,1000007464,20250209,2,1398,1,,1,15000.00,0.00,15000.00
5000009086,1000007465,20250210,1,1240,1,,2,12000.00,0.00,24000.00
5000009087,1000007465,20250210,2,1240,1,,1,15000.00,0.00,15000.00
5000009088,1000007466,20250210,1,2434,1,,1,12000.00,0.00,12000.00
5000009089,1000007466,20250210,2,2434,1,,1,15000.00,0.00,15000.00
5000009099,1000007473,20250210,1,27,1,,4,12000.00,0.00,48000.00
5000009102,1000007475,20250210,1,461,1,,1,12000.00,0.00,12000.00
5000009103,1000007476,20250210,1,946,1,,1,12000.00,0.00,12000.00
5000009104,1000007477,20250210,2,1042,1,,2,15000.00,0.00,30000.00
5000009107,1000007480,20250210,2,2437,1,,2,15000.00,0.00,30000.00
5000009110,1000007482,20250210,2,1517,1,,1,15000.00,0.00,15000.00
5000009111,1000007483,20250210,1,2063,1,,1,12000.00,0.00,12000.00
5000009112,1000007484,20250211,2,1541,1,,1,15000.00,0.00,15000.00
5000009113,1000007485,20250211,1,2438,1,,1,12000.00,0.00,12000.00
5000009114,1000007486,20250211,1,1351,1,,4,12000.00,0.00,48000.00
5000009116,1000007488,20250211,2,2141,1,,2,15000.00,3000.00,27000.00
5000009117,1000007489,20250211,1,1957,1,,1,12000.00,1200.00,10800.00
5000009119,1000007491,20250211,1,1953,1,,2,12000.00,0.00,24000.00
5000009120,1000007492,20250211,2,2439,1,,1,15000.00,1500.00,13500.00
5000009121,1000007493,20250211,1,2440,1,,2,12000.00,2400.00,21600.00
5000009122,1000007494,20250211,2,1301,1,,1,15000.00,0.00,15000.00
5000009123,1000007495,20250211,1,1732,1,,1,12000.00,0.00,12000.00
5000009124,1000007496,20250211,2,1057,1,,1,15000.00,0.00,15000.00
5000009131,1000007503,20250211,2,2210,1,,3,15000.00,0.00,45000.00
5000009132,1000007504,20250211,1,2329,1,,1,12000.00,0.00,12000.00
5000009134,1000007506,20250211,1,2441,1,,4,12000.00,0.00,48000.00
5000009136,1000007508,20250211,2,2442,1,,2,15000.00,3000.00,27000.00
5000009137,1000007509,20250211,1,1426,1,,4,12000.00,4800.00,43200.00
5000009138,1000007510,20250211,1,2443,1,,2,12000.00,2400.00,21600.00
5000009139,1000007510,20250211,2,2443,1,,2,15000.00,3000.00,27000.00
5000009140,1000007511,20250211,2,1187,1,,3,15000.00,0.00,45000.00
5000009141,1000007512,20250211,2,1767,1,,2,15000.00,0.00,30000.00
5000009142,1000007513,20250212,1,173,1,,2,12000.00,0.00,24000.00
5000009143,1000007514,20250212,1,2444,1,,1,12000.00,0.00,12000.00
5000009144,1000007515,20250212,1,2305,1,,2,12000.00,0.00,24000.00
5000009151,1000007519,20250212,1,2203,1,,2,12000.00,0.00,24000.00
5000009152,1000007519,20250212,2,2203,1,,4,15000.00,0.00,60000.00
5000009160,1000007525,20250212,2,2446,1,,4,15000.00,0.00,60000.00
5000009162,1000007527,20250212,1,521,1,,3,12000.00,0.00,36000.00
5000009163,1000007527,20250212,2,521,1,,3,15000.00,0.00,45000.00
5000009166,1000007530,20250212,1,496,1,,4,12000.00,0.00,48000.00
5000009167,1000007531,20250212,1,1600,1,,1,12000.00,0.00,12000.00
5000009168,1000007531,20250212,2,1600,1,,2,15000.00,0.00,30000.00
5000009169,1000007532,20250212,1,728,1,,2,12000.00,0.00,24000.00
5000009170,1000007532,20250212,2,728,1,,1,15000.00,0.00,15000.00
5000009171,1000007533,20250212,2,2448,1,,1,15000.00,0.00,15000.00
5000009172,1000007534,20250212,1,1588,1,,2,12000.00,0.00,24000.00
5000009173,1000007534,20250212,2,1588,1,,1,15000.00,0.00,15000.00
5000009174,1000007535,20250212,1,1423,1,,1,12000.00,0.00,12000.00
5000009175,1000007536,20250213,1,2449,1,,1,12000.00,0.00,12000.00
5000009176,1000007536,20250213,2,2449,1,,2,15000.00,0.00,30000.00
5000009178,1000007538,20250213,1,2450,1,,1,12000.00,0.00,12000.00
5000009182,1000007542,20250213,2,1839,1,,1,15000.00,0.00,15000.00
5000009184,1000007544,20250213,1,810,1,,3,12000.00,0.00,36000.00
5000009187,1000007546,20250213,2,1391,1,,1,15000.00,0.00,15000.00
5000009190,1000007548,20250213,1,951,1,,1,12000.00,0.00,12000.00
5000009191,1000007549,20250213,2,2269,1,,1,15000.00,0.00,15000.00
5000009193,1000007551,20250213,2,2454,1,,2,15000.00,0.00,30000.00
5000009194,1000007552,20250213,1,1628,1,,2,12000.00,0.00,24000.00
5000009195,1000007553,20250213,2,377,1,,4,15000.00,3000.00,57000.00
5000009196,1000007554,20250213,2,1117,1,,1,15000.00,0.00,15000.00
5000009197,1000007555,20250213,1,1224,1,,1,12000.00,0.00,12000.00
5000009198,1000007556,20250214,2,2455,1,,1,15000.00,0.00,15000.00
5000009199,1000007557,20250214,1,1919,1,,2,12000.00,0.00,24000.00
5000009200,1000007557,20250214,2,1919,1,,1,15000.00,0.00,15000.00
5000009201,1000007558,20250214,1,1479,1,,1,12000.00,0.00,12000.00
5000009202,1000007559,20250214,2,2374,1,,1,15000.00,0.00,15000.00
5000009203,1000007560,20250214,1,1135,1,,3,12000.00,0.00,36000.00
5000009206,1000007563,20250214,2,2458,1,,1,15000.00,0.00,15000.00
5000009207,1000007564,20250214,1,2457,1,,3,12000.00,0.00,36000.00
5000009208,1000007564,20250214,2,2457,1,,1,15000.00,0.00,15000.00
5000009209,1000007565,20250214,1,2459,1,,3,12000.00,0.00,36000.00
5000009211,1000007567,20250214,2,2281,1,,1,15000.00,0.00,15000.00
5000009215,1000007571,20250214,1,1239,1,,4,12000.00,0.00,48000.00
5000009216,1000007571,20250214,2,1239,1,,2,15000.00,0.00,30000.00
5000009217,1000007572,20250214,1,1501,1,,1,12000.00,0.00,12000.00
5000009219,1000007574,20250214,1,2461,1,,1,12000.00,0.00,12000.00
5000009223,1000007578,20250214,2,494,1,,1,15000.00,0.00,15000.00
5000009224,1000007579,20250214,1,2462,1,,2,12000.00,0.00,24000.00
5000009225,1000007580,20250214,2,2189,1,,15,15000.00,33750.00,191250.00
5000009227,1000007582,20250214,1,2463,1,,3,12000.00,0.00,36000.00
5000009228,1000007583,20250214,2,2293,1,,2,15000.00,0.00,30000.00
5000009229,1000007584,20250215,2,2464,1,,1,15000.00,0.00,15000.00
5000009230,1000007585,20250215,1,321,1,,2,12000.00,0.00,24000.00
5000009238,1000007591,20250215,1,1754,1,,1,12000.00,0.00,12000.00
5000009244,1000007595,20250215,2,681,1,,2,15000.00,0.00,30000.00
5000009252,1000007601,20250215,2,1474,1,,3,15000.00,0.00,45000.00
5000009259,1000007606,20250215,1,2466,1,,2,12000.00,0.00,24000.00
5000009264,1000007610,20250215,1,1637,1,,1,12000.00,0.00,12000.00
5000009265,1000007610,20250215,2,1637,1,,2,15000.00,0.00,30000.00
5000009268,1000007613,20250215,2,622,1,,1,15000.00,0.00,15000.00
5000009269,1000007614,20250215,1,967,1,,4,12000.00,0.00,48000.00
5000009270,1000007614,20250215,2,967,1,,1,15000.00,0.00,15000.00
5000009271,1000007615,20250215,1,1415,1,,3,12000.00,0.00,36000.00
5000009272,1000007615,20250215,2,1415,1,,2,15000.00,0.00,30000.00
5000009273,1000007616,20250215,2,952,1,,1,15000.00,0.00,15000.00
5000009274,1000007617,20250215,1,2469,1,,1,12000.00,0.00,12000.00
5000009275,1000007618,20250215,2,1449,1,,2,15000.00,0.00,30000.00
5000009276,1000007619,20250215,1,1225,1,,4,12000.00,0.00,48000.00
5000009277,1000007620,20250216,1,118,1,,1,12000.00,0.00,12000.00
5000009278,1000007620,20250216,2,118,1,,3,15000.00,0.00,45000.00
5000009279,1000007621,20250216,1,1871,1,,1,12000.00,0.00,12000.00
5000009280,1000007622,20250216,1,1728,1,,2,12000.00,0.00,24000.00
5000009281,1000007623,20250216,1,2246,1,,2,12000.00,0.00,24000.00
5000009282,1000007623,20250216,2,2246,1,,2,15000.00,0.00,30000.00
5000009283,1000007624,20250216,1,2202,1,,1,12000.00,0.00,12000.00
5000009284,1000007625,20250216,2,2049,1,,1,15000.00,0.00,15000.00
5000009285,1000007626,20250216,1,742,1,,3,12000.00,0.00,36000.00
5000009286,1000007627,20250216,1,613,1,,2,12000.00,0.00,24000.00
5000009287,1000007628,20250216,1,2470,1,,1,12000.00,0.00,12000.00
5000009288,1000007628,20250216,2,2470,1,,4,15000.00,0.00,60000.00
5000009289,1000007629,20250216,1,2471,1,,1,12000.00,0.00,12000.00
5000009290,1000007630,20250216,1,1652,1,,2,12000.00,0.00,24000.00
5000009291,1000007631,20250216,1,2472,1,,1,12000.00,0.00,12000.00
5000009292,1000007632,20250216,2,1769,1,,1,15000.00,0.00,15000.00
5000009293,1000007633,20250216,1,2473,1,,2,12000.00,0.00,24000.00
5000009294,1000007634,20250216,1,2474,1,,3,12000.00,0.00,36000.00
5000009295,1000007634,20250216,2,2474,1,,1,15000.00,0.00,15000.00
5000009296,1000007635,20250216,2,420,1,,2,15000.00,0.00,30000.00
5000009297,1000007636,20250216,1,2308,1,,1,12000.00,0.00,12000.00
5000009298,1000007637,20250216,1,2475,1,,2,12000.00,0.00,24000.00
5000009299,1000007638,20250216,1,1946,1,,1,12000.00,0.00,12000.00
5000009300,1000007638,20250216,2,1946,1,,2,15000.00,0.00,30000.00
5000009301,1000007639,20250216,1,1794,1,,1,12000.00,600.00,11400.00
5000009302,1000007640,20250216,2,1619,1,,1,15000.00,0.00,15000.00
5000009303,1000007641,20250217,1,2476,1,,2,12000.00,0.00,24000.00
5000009304,1000007641,20250217,2,2476,1,,1,15000.00,0.00,15000.00
5000009305,1000007642,20250217,2,1399,1,,4,15000.00,0.00,60000.00
5000009306,1000007643,20250217,2,1370,1,,1,15000.00,0.00,15000.00
5000009307,1000007644,20250217,1,2285,1,,1,12000.00,0.00,12000.00
5000009309,1000007646,20250217,1,2477,1,,1,12000.00,0.00,12000.00
5000009311,1000007648,20250217,1,1045,1,,2,12000.00,0.00,24000.00
5000009312,1000007649,20250217,2,2478,1,,1,15000.00,0.00,15000.00
5000009314,1000007651,20250217,1,2194,1,,2,12000.00,1200.00,22800.00
5000009315,1000007652,20250217,1,831,1,,2,12000.00,0.00,24000.00
5000009316,1000007652,20250217,2,831,1,,1,15000.00,0.00,15000.00
5000009318,1000007654,20250217,2,1054,1,,3,15000.00,0.00,45000.00
5000009319,1000007655,20250217,1,2480,1,,2,12000.00,0.00,24000.00
5000009320,1000007656,20250217,1,1118,1,,1,12000.00,0.00,12000.00
5000009321,1000007656,20250217,2,1118,1,,1,15000.00,0.00,15000.00
5000009322,1000007657,20250217,1,299,1,,1,12000.00,0.00,12000.00
5000009323,1000007657,20250217,2,299,1,,1,15000.00,0.00,15000.00
5000009324,1000007658,20250217,2,2232,1,,1,15000.00,0.00,15000.00
5000009327,1000007661,20250217,1,2482,1,,3,12000.00,0.00,36000.00
5000009329,1000007663,20250217,2,1043,1,,1,15000.00,0.00,15000.00
5000009330,1000007664,20250218,1,1830,1,,1,12000.00,0.00,12000.00
5000009331,1000007665,20250218,2,1872,1,,1,15000.00,0.00,15000.00
5000009332,1000007666,20250218,1,1188,1,,2,12000.00,0.00,24000.00
5000009333,1000007666,20250218,2,1188,1,,2,15000.00,0.00,30000.00
5000009334,1000007667,20250218,1,2213,1,,1,12000.00,0.00,12000.00
5000009335,1000007668,20250218,1,1777,1,,2,12000.00,0.00,24000.00
5000009337,1000007670,20250218,1,2322,1,,1,12000.00,0.00,12000.00
5000009338,1000007671,20250218,2,998,1,,1,15000.00,0.00,15000.00
5000009340,1000007673,20250218,1,2235,1,,1,12000.00,0.00,12000.00
5000009341,1000007673,20250218,2,2235,1,,1,15000.00,0.00,15000.00
5000009342,1000007674,20250218,1,1554,1,,1,12000.00,0.00,12000.00
5000009344,1000007676,20250218,1,2346,1,,2,12000.00,1200.00,22800.00
5000009345,1000007677,20250218,1,1762,1,,3,12000.00,0.00,36000.00
5000009346,1000007678,20250218,2,20,1,,1,15000.00,0.00,15000.00
5000009347,1000007679,20250218,1,2092,1,,2,12000.00,1200.00,22800.00
5000009348,1000007680,20250218,1,2394,1,,1,12000.00,0.00,12000.00
5000009349,1000007680,20250218,2,2394,1,,1,15000.00,0.00,15000.00
5000009353,1000007684,20250218,1,1149,1,,4,12000.00,0.00,48000.00
5000009355,1000007686,20250218,1,2146,1,,1,12000.00,0.00,12000.00
5000009356,1000007687,20250218,2,2485,1,,1,15000.00,0.00,15000.00
5000009360,1000007691,20250218,2,1067,1,,1,15000.00,0.00,15000.00
5000009361,1000007692,20250218,2,58,1,,4,15000.00,0.00,60000.00
5000009364,1000007694,20250218,1,1837,1,,1,12000.00,0.00,12000.00
5000009366,1000007696,20250218,2,1008,1,,1,15000.00,0.00,15000.00
5000009367,1000007697,20250218,2,1593,1,,1,15000.00,0.00,15000.00
5000009368,1000007698,20250218,1,630,1,,2,12000.00,0.00,24000.00
5000009369,1000007699,20250218,1,1538,1,,1,12000.00,600.00,11400.00
5000009370,1000007700,20250219,1,2128,1,,1,12000.00,0.00,12000.00
5000009371,1000007700,20250219,2,2128,1,,1,15000.00,0.00,15000.00
5000009372,1000007701,20250219,1,2487,1,,1,12000.00,600.00,11400.00
5000009373,1000007701,20250219,2,2487,1,,2,15000.00,1500.00,28500.00
5000009376,1000007703,20250219,1,2093,1,,2,12000.00,0.00,24000.00
5000009380,1000007707,20250219,1,2488,1,,1,12000.00,0.00,12000.00
5000009381,1000007708,20250219,1,1625,1,,4,12000.00,0.00,48000.00
5000009382,1000007709,20250219,2,1451,1,,1,15000.00,0.00,15000.00
5000009387,1000007713,20250219,1,425,1,,1,12000.00,0.00,12000.00
5000009388,1000007714,20250219,1,991,1,,1,12000.00,0.00,12000.00
5000009391,1000007716,20250219,1,1638,1,,2,12000.00,0.00,24000.00
5000009392,1000007717,20250219,1,1970,1,,4,12000.00,0.00,48000.00
5000009393,1000007718,20250220,2,1599,1,,2,15000.00,0.00,30000.00
5000009394,1000007719,20250220,2,2490,1,,1,15000.00,0.00,15000.00
5000009395,1000007720,20250220,1,909,1,,2,12000.00,0.00,24000.00
5000009396,1000007720,20250220,2,909,1,,1,15000.00,0.00,15000.00
5000009397,1000007721,20250220,1,2019,1,,3,12000.00,0.00,36000.00
5000009398,1000007721,20250220,2,2019,1,,2,15000.00,0.00,30000.00
5000009405,1000007726,20250220,2,1999,1,,1,15000.00,0.00,15000.00
5000009406,1000007727,20250220,2,2031,1,,1,15000.00,0.00,15000.00
5000009407,1000007728,20250220,1,1339,1,,3,12000.00,0.00,36000.00
5000009410,1000007730,20250220,1,2491,1,,1,12000.00,600.00,11400.00
5000009412,1000007732,20250220,1,1727,1,,2,12000.00,0.00,24000.00
5000009413,1000007732,20250220,2,1727,1,,1,15000.00,0.00,15000.00
5000009414,1000007733,20250221,2,2492,1,,1,15000.00,0.00,15000.00
5000009417,1000007735,20250221,1,2493,1,,2,12000.00,0.00,24000.00
5000009418,1000007736,20250221,1,2494,1,,3,12000.00,0.00,36000.00
5000009419,1000007737,20250221,1,2495,1,,3,12000.00,0.00,36000.00
5000009425,1000007742,20250221,1,116,1,,2,12000.00,0.00,24000.00
5000009427,1000007744,20250221,1,1320,1,,2,12000.00,0.00,24000.00
5000009432,1000007748,20250221,1,2497,1,,1,12000.00,0.00,12000.00
5000009435,1000007750,20250221,1,2498,1,,2,12000.00,0.00,24000.00
5000009439,1000007753,20250221,2,2244,1,,1,15000.00,0.00,15000.00
5000009442,1000007755,20250221,1,1384,1,,2,12000.00,0.00,24000.00
5000009443,1000007756,20250221,1,572,1,,1,12000.00,0.00,12000.00
5000009444,1000007757,20250221,2,2500,1,,1,15000.00,0.00,15000.00
5000009445,1000007758,20250221,1,2501,1,,4,12000.00,0.00,48000.00
5000009446,1000007759,20250221,1,2502,1,,3,12000.00,0.00,36000.00
5000009447,1000007759,20250221,2,2502,1,,2,15000.00,0.00,30000.00
5000009450,1000007762,20250222,1,2504,1,,1,12000.00,0.00,12000.00
5000009451,1000007763,20250222,1,2503,1,,4,12000.00,0.00,48000.00
5000009452,1000007764,20250222,1,404,1,,2,12000.00,0.00,24000.00
5000009453,1000007764,20250222,2,404,1,,1,15000.00,0.00,15000.00
5000009459,1000007768,20250222,1,1847,1,,1,12000.00,0.00,12000.00
5000009460,1000007769,20250222,2,442,1,,2,15000.00,0.00,30000.00
5000009464,1000007773,20250222,1,268,1,,1,12000.00,0.00,12000.00
5000009465,1000007774,20250222,1,73,1,,1,12000.00,0.00,12000.00
5000009470,1000007778,20250222,2,1002,1,,1,15000.00,0.00,15000.00
5000009475,1000007782,20250222,2,1586,1,,1,15000.00,0.00,15000.00
5000009476,1000007783,20250222,1,52,1,,3,12000.00,0.00,36000.00
5000009481,1000007788,20250222,2,1753,1,,4,15000.00,0.00,60000.00
5000009482,1000007789,20250222,1,508,1,,1,12000.00,0.00,12000.00
5000009483,1000007790,20250222,2,1576,1,,1,15000.00,0.00,15000.00
5000009484,1000007791,20250223,1,354,1,,2,12000.00,1200.00,22800.00
5000009485,1000007792,20250223,1,1716,1,,2,12000.00,0.00,24000.00
5000009486,1000007792,20250223,2,1716,1,,2,15000.00,0.00,30000.00
5000009487,1000007793,20250223,2,1827,1,,1,15000.00,0.00,15000.00
5000009488,1000007794,20250223,1,1254,1,,3,12000.00,0.00,36000.00
5000009489,1000007794,20250223,2,1254,1,,1,15000.00,0.00,15000.00
5000009490,1000007795,20250223,1,1802,1,,1,12000.00,0.00,12000.00
5000009491,1000007796,20250223,2,2301,1,,1,15000.00,0.00,15000.00
5000009492,1000007797,20250223,1,1179,1,,1,12000.00,0.00,12000.00
5000009493,1000007798,20250223,2,2508,1,,2,15000.00,0.00,30000.00
5000009494,1000007799,20250223,2,1887,1,,1,15000.00,0.00,15000.00
5000009495,1000007800,20250223,2,1742,1,,2,15000.00,0.00,30000.00
5000009496,1000007801,20250223,1,2165,1,,3,12000.00,0.00,36000.00
5000009497,1000007801,20250223,2,2165,1,,1,15000.00,0.00,15000.00
5000009498,1000007802,20250223,1,1600,1,,1,12000.00,0.00,12000.00
5000009499,1000007802,20250223,2,1600,1,,1,15000.00,0.00,15000.00
5000009500,1000007803,20250223,1,2411,1,,10,12000.00,18000.00,102000.00
5000009501,1000007804,20250223,1,2509,1,,1,12000.00,0.00,12000.00
5000009502,1000007804,20250223,2,2509,1,,2,15000.00,0.00,30000.00
5000009503,1000007805,20250223,1,1375,1,,2,12000.00,0.00,24000.00
5000009504,1000007806,20250223,2,1667,1,,1,15000.00,0.00,15000.00
5000009505,1000007807,20250223,1,2510,1,,2,12000.00,0.00,24000.00
5000009506,1000007808,20250223,1,969,1,,1,12000.00,0.00,12000.00
5000009507,1000007809,20250223,1,2511,1,,1,12000.00,0.00,12000.00
5000009508,1000007810,20250223,2,1301,1,,3,15000.00,0.00,45000.00
5000009515,1000007816,20250224,1,2515,1,,1,12000.00,0.00,12000.00
5000009516,1000007816,20250224,2,2515,1,,1,15000.00,0.00,15000.00
5000009517,1000007817,20250224,2,335,1,,1,15000.00,0.00,15000.00
5000009520,1000007819,20250224,1,1949,1,,1,12000.00,0.00,12000.00
5000009521,1000007820,20250224,2,18,1,,1,15000.00,0.00,15000.00
5000009525,1000007823,20250224,1,2516,1,,3,12000.00,0.00,36000.00
5000009526,1000007824,20250224,1,2059,1,,1,12000.00,0.00,12000.00
5000009527,1000007825,20250224,2,2018,1,,1,15000.00,0.00,15000.00
5000009528,1000007826,20250224,1,2517,1,,3,12000.00,0.00,36000.00
5000009529,1000007827,20250224,1,2431,1,,1,12000.00,0.00,12000.00
5000009530,1000007828,20250224,1,2300,1,,1,12000.00,0.00,12000.00
5000009531,1000007829,20250224,1,2519,1,,1,12000.00,0.00,12000.00
5000009532,1000007830,20250225,1,905,1,,1,12000.00,1200.00,10800.00
5000009533,1000007831,20250225,1,1852,1,,1,12000.00,1200.00,10800.00
5000009534,1000007832,20250225,2,184,1,,4,15000.00,0.00,60000.00
5000009535,1000007833,20250225,1,213,1,,1,12000.00,0.00,12000.00
5000009536,1000007833,20250225,2,213,1,,1,15000.00,0.00,15000.00
5000009541,1000007837,20250225,1,2135,1,,4,12000.00,0.00,48000.00
5000009542,1000007837,20250225,2,2135,1,,1,15000.00,0.00,15000.00
5000009543,1000007838,20250225,2,1561,1,,3,15000.00,0.00,45000.00
5000009544,1000007839,20250225,1,2520,1,,1,12000.00,0.00,12000.00
5000009545,1000007839,20250225,2,2520,1,,1,15000.00,0.00,15000.00
5000009547,1000007841,20250225,1,2218,1,,4,12000.00,0.00,48000.00
5000009551,1000007845,20250225,2,2072,1,,2,15000.00,1500.00,28500.00
5000009553,1000007847,20250225,2,1513,1,,2,15000.00,0.00,30000.00
5000009554,1000007848,20250225,1,1039,1,,1,12000.00,0.00,12000.00
5000009555,1000007848,20250225,2,1039,1,,2,15000.00,0.00,30000.00
5000009558,1000007851,20250225,2,1164,1,,2,15000.00,0.00,30000.00
5000009563,1000007854,20250225,1,2337,1,,1,12000.00,0.00,12000.00
5000009564,1000007855,20250225,1,1492,1,,1,12000.00,0.00,12000.00
5000009565,1000007856,20250225,2,2060,1,,2,15000.00,3000.00,27000.00
5000009566,1000007857,20250225,2,2102,1,,1,15000.00,0.00,15000.00
5000009567,1000007858,20250225,1,577,1,,12,12000.00,21600.00,122400.00
5000009568,1000007858,20250225,2,577,1,,10,15000.00,22500.00,127500.00
5000009569,1000007859,20250225,2,1926,1,,2,15000.00,0.00,30000.00
5000009570,1000007860,20250226,1,1001,1,,2,12000.00,0.00,24000.00
5000009571,1000007861,20250226,1,1984,1,,2,12000.00,0.00,24000.00
5000009572,1000007861,20250226,2,1984,1,,4,15000.00,0.00,60000.00
5000009573,1000007862,20250226,1,2521,1,,2,12000.00,0.00,24000.00
5000009574,1000007862,20250226,2,2521,1,,3,15000.00,0.00,45000.00
5000009575,1000007863,20250226,1,2453,1,,3,12000.00,0.00,36000.00
5000009576,1000007864,20250226,1,489,1,,2,12000.00,0.00,24000.00
5000009577,1000007865,20250226,2,2229,1,,1,15000.00,0.00,15000.00
5000009578,1000007866,20250226,1,2522,1,,3,12000.00,0.00,36000.00
5000009579,1000007867,20250226,1,1813,1,,1,12000.00,0.00,12000.00
5000009585,1000007871,20250226,1,1484,1,,1,12000.00,0.00,12000.00
5000009586,1000007871,20250226,2,1484,1,,1,15000.00,0.00,15000.00
5000009587,1000007872,20250226,2,1223,1,,1,15000.00,0.00,15000.00
5000009589,1000007874,20250226,2,1257,1,,2,15000.00,0.00,30000.00
5000009590,1000007875,20250226,2,2524,1,,4,15000.00,0.00,60000.00
5000009591,1000007876,20250226,2,2525,1,,2,15000.00,0.00,30000.00
5000009593,1000007878,20250226,1,284,1,,3,12000.00,0.00,36000.00
5000009594,1000007879,20250226,1,2526,1,,2,12000.00,0.00,24000.00
5000009595,1000007880,20250227,2,1390,1,,2,15000.00,0.00,30000.00
5000009596,1000007881,20250227,2,2527,1,,1,15000.00,0.00,15000.00
5000009597,1000007882,20250227,2,2528,1,,1,15000.00,0.00,15000.00
5000009601,1000007886,20250227,1,836,1,,2,12000.00,0.00,24000.00
5000009602,1000007887,20250227,2,1672,1,,3,15000.00,0.00,45000.00
5000009603,1000007888,20250227,1,799,1,,4,12000.00,0.00,48000.00
5000009607,1000007892,20250227,1,1105,1,,3,12000.00,0.00,36000.00
5000009610,1000007895,20250227,1,163,1,,4,12000.00,0.00,48000.00
5000009613,1000007897,20250227,1,1624,1,,2,12000.00,0.00,24000.00
5000009614,1000007898,20250227,2,938,1,,1,15000.00,0.00,15000.00
5000009615,1000007899,20250227,2,77,1,,2,15000.00,0.00,30000.00
5000009616,1000007900,20250227,1,1808,1,,3,12000.00,0.00,36000.00
5000009617,1000007900,20250227,2,1808,1,,1,15000.00,0.00,15000.00
5000009618,1000007901,20250228,1,1361,1,,3,12000.00,0.00,36000.00
5000009621,1000007904,20250228,1,2530,1,,1,12000.00,0.00,12000.00
5000009624,1000007906,20250228,1,567,1,,1,12000.00,0.00,12000.00
5000009626,1000007908,20250228,2,2533,1,,4,15000.00,0.00,60000.00
5000009627,1000007909,20250228,1,1738,1,,2,12000.00,0.00,24000.00
5000009628,1000007910,20250228,1,2164,1,,2,12000.00,0.00,24000.00
5000009632,1000007913,20250228,1,497,1,,3,12000.00,0.00,36000.00
5000009633,1000007914,20250228,1,1568,1,,1,12000.00,0.00,12000.00
5000009637,1000007918,20250228,1,2535,1,,3,12000.00,0.00,36000.00
5000009639,1000007920,20250228,1,2035,1,,2,12000.00,0.00,24000.00
5000009641,1000007922,20250228,1,1313,1,,2,12000.00,0.00,24000.00
5000009642,1000007923,20250228,1,2537,1,,1,12000.00,0.00,12000.00
5000009643,1000007923,20250228,2,2537,1,,1,15000.00,0.00,15000.00
5000009644,1000007924,20250228,1,1756,1,,1,12000.00,0.00,12000.00
5000009646,1000007926,20250228,1,1729,1,,1,12000.00,0.00,12000.00
5000009649,1000007928,20250228,1,948,1,,3,12000.00,0.00,36000.00
5000009650,1000007929,20250228,1,1919,1,,3,12000.00,0.00,36000.00
5000009651,1000007930,20250228,2,2147,1,,1,15000.00,0.00,15000.00
5000009652,1000007931,20250228,1,2539,1,,2,12000.00,0.00,24000.00
5000009653,1000007931,20250228,2,2539,1,,2,15000.00,0.00,30000.00
5000009654,1000007932,20250228,1,1892,1,,1,12000.00,0.00,12000.00
5000009655,1000007933,20250228,2,1306,1,,1,15000.00,0.00,15000.00
5000009656,1000007934,20250301,1,1954,1,,2,12000.00,0.00,24000.00
5000009657,1000007934,20250301,2,1954,1,,4,15000.00,0.00,60000.00
5000009658,1000007935,20250301,1,2350,1,,2,12000.00,0.00,24000.00
5000009659,1000007936,20250301,2,2540,1,,1,15000.00,0.00,15000.00
5000009661,1000007938,20250301,1,70,1,,1,12000.00,0.00,12000.00
5000009670,1000007947,20250301,1,1380,1,,1,12000.00,0.00,12000.00
5000009677,1000007952,20250301,2,1165,1,,3,15000.00,2250.00,42750.00
5000009680,1000007954,20250301,1,2545,1,,1,12000.00,0.00,12000.00
5000009681,1000007954,20250301,2,2545,1,,1,15000.00,0.00,15000.00
5000009684,1000007956,20250301,1,2480,1,,6,12000.00,10800.00,61200.00
5000009690,1000007962,20250301,1,2547,1,,1,12000.00,0.00,12000.00
5000009695,1000007967,20250301,1,2548,1,,1,12000.00,0.00,12000.00
5000009698,1000007969,20250301,1,652,1,,1,12000.00,0.00,12000.00
5000009699,1000007970,20250301,1,1168,1,,1,12000.00,0.00,12000.00
5000009700,1000007971,20250301,2,1516,1,,1,15000.00,0.00,15000.00
5000009701,1000007972,20250301,1,1610,1,,1,12000.00,0.00,12000.00
5000009702,1000007973,20250302,1,2549,1,,1,12000.00,0.00,12000.00
5000009703,1000007973,20250302,2,2549,1,,1,15000.00,0.00,15000.00
5000009704,1000007974,20250302,1,2437,1,,1,12000.00,0.00,12000.00
5000009705,1000007974,20250302,2,2437,1,,4,15000.00,0.00,60000.00
5000009706,1000007975,20250302,1,2550,1,,3,12000.00,0.00,36000.00
5000009707,1000007975,20250302,2,2550,1,,1,15000.00,0.00,15000.00
5000009708,1000007976,20250302,2,125,1,,4,15000.00,0.00,60000.00
5000009709,1000007977,20250302,1,1518,1,,1,12000.00,0.00,12000.00
5000009710,1000007978,20250302,2,2551,1,,1,15000.00,0.00,15000.00
5000009711,1000007979,20250302,2,1538,1,,2,15000.00,0.00,30000.00
5000009712,1000007980,20250302,1,1824,1,,1,12000.00,0.00,12000.00
5000009713,1000007981,20250302,1,1187,1,,3,12000.00,0.00,36000.00
5000009714,1000007981,20250302,2,1187,1,,1,15000.00,0.00,15000.00
5000009715,1000007982,20250302,1,2552,1,,2,12000.00,0.00,24000.00
5000009716,1000007983,20250302,2,2048,1,,1,15000.00,0.00,15000.00
5000009717,1000007984,20250302,1,279,1,,1,12000.00,0.00,12000.00
5000009718,1000007985,20250302,1,2415,1,,1,12000.00,0.00,12000.00
5000009719,1000007986,20250302,2,2553,1,,1,15000.00,0.00,15000.00
5000009720,1000007987,20250302,1,2554,1,,4,12000.00,0.00,48000.00
5000009721,1000007988,20250302,1,2051,1,,2,12000.00,0.00,24000.00
5000009722,1000007989,20250302,1,2555,1,,3,12000.00,0.00,36000.00
5000009723,1000007990,20250303,2,2187,1,,1,15000.00,0.00,15000.00
5000009724,1000007991,20250303,1,2182,1,,1,12000.00,0.00,12000.00
5000009725,1000007991,20250303,2,2182,1,,1,15000.00,0.00,15000.00
5000009729,1000007994,20250303,2,1660,1,,1,15000.00,0.00,15000.00
5000009730,1000007995,20250303,1,1408,1,,1,12000.00,600.00,11400.00
5000009739,1000008002,20250303,1,1323,1,,4,12000.00,0.00,48000.00
5000009741,1000008004,20250303,1,2557,1,,3,12000.00,1800.00,34200.00
5000009742,1000008005,20250303,1,1878,1,,1,12000.00,0.00,12000.00
5000009744,1000008007,20250303,1,1795,1,,1,12000.00,0.00,12000.00
5000009745,1000008008,20250303,1,526,1,,2,12000.00,0.00,24000.00
5000009746,1000008009,20250303,1,1486,1,,1,12000.00,0.00,12000.00
5000009747,1000008010,20250303,1,2279,1,,3,12000.00,0.00,36000.00
5000009748,1000008010,20250303,2,2279,1,,2,15000.00,0.00,30000.00
5000009749,1000008011,20250303,1,785,1,,1,12000.00,0.00,12000.00
5000009750,1000008011,20250303,2,785,1,,4,15000.00,0.00,60000.00
5000009751,1000008012,20250304,1,2560,1,,1,12000.00,0.00,12000.00
5000009752,1000008013,20250304,1,2561,1,,1,12000.00,0.00,12000.00
5000009755,1000008015,20250304,1,995,1,,4,12000.00,0.00,48000.00
5000009761,1000008019,20250304,1,1030,1,,1,12000.00,0.00,12000.00
5000009762,1000008020,20250304,2,1622,1,,2,15000.00,0.00,30000.00
5000009763,1000008021,20250304,2,2563,1,,2,15000.00,0.00,30000.00
5000009764,1000008022,20250304,1,2378,1,,1,12000.00,0.00,12000.00
5000009765,1000008022,20250304,2,2378,1,,1,15000.00,0.00,15000.00
5000009767,1000008024,20250304,1,713,1,,1,12000.00,0.00,12000.00
5000009768,1000008024,20250304,2,713,1,,4,15000.00,0.00,60000.00
5000009769,1000008025,20250304,1,2330,1,,2,12000.00,0.00,24000.00
5000009770,1000008026,20250304,1,2217,1,,1,12000.00,0.00,12000.00
5000009771,1000008027,20250304,1,1708,1,,1,12000.00,0.00,12000.00
5000009772,1000008028,20250305,1,1972,1,,1,12000.00,0.00,12000.00
5000009773,1000008029,20250305,1,2565,1,,1,12000.00,0.00,12000.00
5000009774,1000008030,20250305,2,2390,1,,1,15000.00,0.00,15000.00
5000009775,1000008031,20250305,1,964,1,,1,12000.00,0.00,12000.00
5000009776,1000008032,20250305,1,2105,1,,2,12000.00,0.00,24000.00
5000009777,1000008033,20250305,1,2302,1,,2,12000.00,0.00,24000.00
5000009778,1000008033,20250305,2,2302,1,,1,15000.00,0.00,15000.00
5000009779,1000008034,20250305,1,1352,1,,1,12000.00,0.00,12000.00
5000009780,1000008034,20250305,2,1352,1,,2,15000.00,0.00,30000.00
5000009782,1000008036,20250305,2,1096,1,,1,15000.00,0.00,15000.00
5000009783,1000008037,20250305,1,1365,1,,2,12000.00,0.00,24000.00
5000009787,1000008040,20250305,1,1778,1,,2,12000.00,0.00,24000.00
5000009788,1000008041,20250305,2,2568,1,,2,15000.00,0.00,30000.00
5000009789,1000008042,20250305,1,1012,1,,1,12000.00,0.00,12000.00
5000009790,1000008042,20250305,2,1012,1,,1,15000.00,0.00,15000.00
5000009798,1000008049,20250305,1,2038,1,,2,12000.00,0.00,24000.00
5000009799,1000008050,20250305,1,913,1,,1,12000.00,0.00,12000.00
5000009800,1000008050,20250305,2,913,1,,1,15000.00,0.00,15000.00
5000009801,1000008051,20250305,1,1072,1,,14,12000.00,25200.00,142800.00
5000009802,1000008052,20250305,1,2047,1,,3,12000.00,0.00,36000.00
5000009803,1000008053,20250306,1,2571,1,,1,12000.00,0.00,12000.00
5000009804,1000008054,20250306,1,1637,1,,4,12000.00,0.00,48000.00
5000009805,1000008055,20250306,1,1810,1,,1,12000.00,0.00,12000.00
5000009806,1000008055,20250306,2,1810,1,,1,15000.00,0.00,15000.00
5000009812,1000008059,20250306,1,629,1,,1,12000.00,0.00,12000.00
5000009816,1000008063,20250306,1,2573,1,,1,12000.00,0.00,12000.00
5000009817,1000008064,20250306,2,2572,1,,1,15000.00,0.00,15000.00
5000009820,1000008067,20250306,1,359,1,,1,12000.00,0.00,12000.00
5000009821,1000008067,20250306,2,359,1,,1,15000.00,0.00,15000.00
5000009822,1000008068,20250306,2,2069,1,,1,15000.00,0.00,15000.00
5000009827,1000008072,20250306,2,1977,1,,1,15000.00,0.00,15000.00
5000009828,1000008073,20250306,1,2576,1,,1,12000.00,0.00,12000.00
5000009829,1000008073,20250306,2,2576,1,,3,15000.00,0.00,45000.00
5000009830,1000008074,20250306,1,1973,1,,1,12000.00,0.00,12000.00
5000009831,1000008075,20250306,1,1799,1,,2,12000.00,0.00,24000.00
5000009832,1000008076,20250306,2,2577,1,,1,15000.00,0.00,15000.00
5000009833,1000008077,20250306,2,142,1,,2,15000.00,0.00,30000.00
5000009834,1000008078,20250306,1,1422,1,,2,12000.00,0.00,24000.00
5000009835,1000008078,20250306,2,1422,1,,2,15000.00,0.00,30000.00
5000009836,1000008079,20250306,1,287,1,,1,12000.00,0.00,12000.00
5000009837,1000008080,20250306,1,1555,1,,2,12000.00,0.00,24000.00
5000009838,1000008081,20250307,1,2578,1,,4,12000.00,0.00,48000.00
5000009839,1000008082,20250307,1,2579,1,,1,12000.00,0.00,12000.00
5000009840,1000008083,20250307,1,1142,1,,1,12000.00,0.00,12000.00
5000009841,1000008084,20250307,2,2580,1,,2,15000.00,0.00,30000.00
5000009844,1000008087,20250307,1,2583,1,,1,12000.00,0.00,12000.00
5000009845,1000008087,20250307,2,2583,1,,1,15000.00,0.00,15000.00
5000009846,1000008088,20250307,1,630,1,,2,12000.00,0.00,24000.00
5000009848,1000008090,20250307,1,2285,1,,1,12000.00,0.00,12000.00
5000009854,1000008095,20250307,1,1684,1,,2,12000.00,0.00,24000.00
5000009855,1000008095,20250307,2,1684,1,,1,15000.00,0.00,15000.00
5000009863,1000008102,20250307,2,688,1,,1,15000.00,0.00,15000.00
5000009864,1000008103,20250307,1,543,1,,1,12000.00,0.00,12000.00
5000009865,1000008104,20250307,1,460,1,,1,12000.00,0.00,12000.00
5000009866,1000008105,20250307,1,2587,1,,1,12000.00,0.00,12000.00
5000009867,1000008106,20250307,1,2588,1,,2,12000.00,0.00,24000.00
5000009868,1000008106,20250307,2,2588,1,,1,15000.00,0.00,15000.00
5000009869,1000008107,20250307,1,2589,1,,1,12000.00,0.00,12000.00
5000009870,1000008108,20250307,2,1526,1,,2,15000.00,0.00,30000.00
5000009871,1000008109,20250308,1,1465,1,,1,12000.00,0.00,12000.00
5000009873,1000008111,20250308,1,742,1,,1,12000.00,600.00,11400.00
5000009881,1000008117,20250308,1,1454,1,,1,12000.00,0.00,12000.00
5000009891,1000008126,20250308,1,2490,1,,2,12000.00,0.00,24000.00
5000009892,1000008126,20250308,2,2490,1,,1,15000.00,0.00,15000.00
5000009898,1000008130,20250308,1,1717,1,,1,12000.00,0.00,12000.00
5000009900,1000008132,20250308,1,684,1,,1,12000.00,0.00,12000.00
5000009902,1000008134,20250308,1,1903,1,,3,12000.00,0.00,36000.00
5000009903,1000008135,20250308,1,2593,1,,1,12000.00,0.00,12000.00
5000009904,1000008136,20250308,1,2029,1,,3,12000.00,0.00,36000.00
5000009905,1000008136,20250308,2,2029,1,,1,15000.00,0.00,15000.00
5000009906,1000008137,20250309,1,1960,1,,2,12000.00,0.00,24000.00
5000009907,1000008137,20250309,2,1960,1,,1,15000.00,0.00,15000.00
5000009908,1000008138,20250309,1,2594,1,,3,12000.00,0.00,36000.00
5000009909,1000008139,20250309,1,2595,1,,1,12000.00,0.00,12000.00
5000009910,1000008140,20250309,1,344,1,,1,12000.00,0.00,12000.00
5000009911,1000008141,20250309,2,1859,1,,1,15000.00,0.00,15000.00
5000009912,1000008142,20250309,2,1253,1,,1,15000.00,0.00,15000.00
5000009913,1000008143,20250309,1,123,1,,1,12000.00,0.00,12000.00
5000009914,1000008144,20250309,1,179,1,,2,12000.00,0.00,24000.00
5000009915,1000008145,20250309,1,1633,1,,2,12000.00,0.00,24000.00
5000009916,1000008145,20250309,2,1633,1,,1,15000.00,0.00,15000.00
5000009917,1000008146,20250309,2,2596,1,,1,15000.00,0.00,15000.00
5000009918,1000008147,20250309,2,2597,1,,1,15000.00,0.00,15000.00
5000009919,1000008148,20250309,1,651,1,,1,12000.00,0.00,12000.00
5000009920,1000008149,20250310,2,2489,1,,2,15000.00,0.00,30000.00
5000009921,1000008150,20250310,1,15,1,,2,12000.00,0.00,24000.00
5000009923,1000008152,20250310,1,2598,1,,1,12000.00,0.00,12000.00
5000009924,1000008152,20250310,2,2598,1,,4,15000.00,0.00,60000.00
5000009926,1000008154,20250310,1,2600,1,,1,12000.00,0.00,12000.00
5000009927,1000008154,20250310,2,2600,1,,3,15000.00,0.00,45000.00
5000009928,1000008155,20250310,2,1980,1,,3,15000.00,0.00,45000.00
5000009934,1000008159,20250310,2,2216,1,,1,15000.00,0.00,15000.00
5000009940,1000008163,20250310,1,2602,1,,3,12000.00,0.00,36000.00
5000009941,1000008164,20250310,1,2603,1,,2,12000.00,0.00,24000.00
5000009942,1000008165,20250310,1,1924,1,,2,12000.00,0.00,24000.00
5000009943,1000008165,20250310,2,1924,1,,2,15000.00,0.00,30000.00
5000009944,1000008166,20250310,1,1554,1,,1,12000.00,0.00,12000.00
5000009945,1000008167,20250310,1,703,1,,1,12000.00,0.00,12000.00
5000009946,1000008168,20250310,2,52,1,,4,15000.00,0.00,60000.00
5000009947,1000008169,20250310,1,2036,1,,1,12000.00,0.00,12000.00
5000009948,1000008170,20250310,1,2550,1,,2,12000.00,0.00,24000.00
5000009949,1000008171,20250310,2,333,1,,4,15000.00,0.00,60000.00
5000009950,1000008172,20250311,1,1016,1,,1,12000.00,0.00,12000.00
5000009951,1000008173,20250311,2,1437,1,,1,15000.00,0.00,15000.00
5000009952,1000008174,20250311,1,1885,1,,1,12000.00,0.00,12000.00
5000009953,1000008174,20250311,2,1885,1,,1,15000.00,0.00,15000.00
5000009954,1000008175,20250311,2,1823,1,,2,15000.00,0.00,30000.00
5000009956,1000008177,20250311,1,531,1,,2,12000.00,2400.00,21600.00
5000009958,1000008179,20250311,1,2204,1,,2,12000.00,0.00,24000.00
5000009960,1000008181,20250311,1,1194,1,,2,12000.00,0.00,24000.00
5000009961,1000008181,20250311,2,1194,1,,1,15000.00,0.00,15000.00
5000009963,1000008183,20250311,2,496,1,,2,15000.00,1500.00,28500.00
5000009964,1000008184,20250311,2,2605,1,,1,15000.00,0.00,15000.00
5000009965,1000008185,20250311,1,632,1,,2,12000.00,0.00,24000.00
5000009966,1000008186,20250311,2,1862,1,,1,15000.00,1500.00,13500.00
5000009967,1000008187,20250311,1,2526,1,,1,12000.00,0.00,12000.00
5000009969,1000008189,20250311,1,2306,1,,1,12000.00,1200.00,10800.00
5000009970,1000008189,20250311,2,2306,1,,1,15000.00,1500.00,13500.00
5000009972,1000008191,20250311,2,2383,1,,1,15000.00,1500.00,13500.00
5000009973,1000008192,20250311,1,969,1,,10,12000.00,18000.00,102000.00
5000009974,1000008192,20250311,2,969,1,,15,15000.00,33750.00,191250.00
5000009975,1000008193,20250312,2,2606,1,,1,15000.00,0.00,15000.00
5000009976,1000008194,20250312,1,241,1,,1,12000.00,0.00,12000.00
5000009977,1000008194,20250312,2,241,1,,1,15000.00,0.00,15000.00
5000009978,1000008195,20250312,1,2607,1,,1,12000.00,0.00,12000.00
5000009979,1000008196,20250312,2,470,1,,2,15000.00,0.00,30000.00
5000009980,1000008197,20250312,2,1997,1,,2,15000.00,0.00,30000.00
5000009981,1000008198,20250312,1,1855,1,,1,12000.00,0.00,12000.00
5000009984,1000008201,20250312,1,438,1,,3,12000.00,0.00,36000.00
5000009985,1000008201,20250312,2,438,1,,2,15000.00,0.00,30000.00
5000009988,1000008203,20250312,1,1752,1,,1,12000.00,0.00,12000.00
5000009991,1000008206,20250312,1,1864,1,,2,12000.00,0.00,24000.00
5000009992,1000008206,20250312,2,1864,1,,4,15000.00,0.00,60000.00
5000009993,1000008207,20250312,1,1950,1,,1,12000.00,0.00,12000.00
5000009994,1000008208,20250312,1,2609,1,,1,12000.00,0.00,12000.00
5000009995,1000008208,20250312,2,2609,1,,1,15000.00,0.00,15000.00
5000009997,1000008210,20250312,2,1945,1,,3,15000.00,0.00,45000.00
5000009999,1000008212,20250312,1,2165,1,,4,12000.00,0.00,48000.00
5000010000,1000008212,20250312,2,2165,1,,1,15000.00,0.00,15000.00
5000010002,1000008214,20250312,2,2156,1,,2,15000.00,0.00,30000.00
5000010003,1000008215,20250312,1,1735,1,,1,12000.00,0.00,12000.00
5000010004,1000008216,20250312,1,2610,1,,2,12000.00,0.00,24000.00
5000010005,1000008216,20250312,2,2610,1,,2,15000.00,0.00,30000.00
5000010006,1000008217,20250312,1,2611,1,,3,12000.00,0.00,36000.00
5000010007,1000008218,20250312,1,1765,1,,7,12000.00,12600.00,71400.00
5000010008,1000008219,20250312,2,997,1,,2,15000.00,0.00,30000.00
5000010009,1000008220,20250313,1,644,1,,2,12000.00,0.00,24000.00
5000010011,1000008222,20250313,1,1110,1,,1,12000.00,0.00,12000.00
5000010012,1000008223,20250313,1,1915,1,,1,12000.00,0.00,12000.00
5000010015,1000008226,20250313,2,2055,1,,1,15000.00,0.00,15000.00
5000010018,1000008228,20250313,1,2336,1,,2,12000.00,0.00,24000.00
5000010019,1000008228,20250313,2,2336,1,,1,15000.00,0.00,15000.00
5000010021,1000008230,20250313,2,1484,1,,3,15000.00,0.00,45000.00
5000010022,1000008231,20250313,2,2612,1,,2,15000.00,0.00,30000.00
5000010023,1000008232,20250313,1,2613,1,,1,12000.00,0.00,12000.00
5000010024,1000008232,20250313,2,2613,1,,1,15000.00,0.00,15000.00
5000010025,1000008233,20250313,1,2352,1,,1,12000.00,600.00,11400.00
5000010026,1000008233,20250313,2,2352,1,,1,15000.00,750.00,14250.00
5000010027,1000008234,20250313,1,1768,1,,1,12000.00,0.00,12000.00
5000010028,1000008235,20250313,1,2614,1,,1,12000.00,0.00,12000.00
5000010029,1000008236,20250314,2,1812,1,,2,15000.00,0.00,30000.00
5000010030,1000008237,20250314,1,2615,1,,1,12000.00,0.00,12000.00
5000010031,1000008238,20250314,2,457,1,,1,15000.00,0.00,15000.00
5000010033,1000008240,20250314,2,2109,1,,1,15000.00,0.00,15000.00
5000010036,1000008243,20250314,1,2,1,,1,12000.00,0.00,12000.00
5000010037,1000008244,20250314,2,1815,1,,3,15000.00,0.00,45000.00
5000010044,1000008251,20250314,1,2618,1,,1,12000.00,0.00,12000.00
5000010045,1000008252,20250315,1,2194,1,,1,12000.00,0.00,12000.00
5000010046,1000008253,20250315,2,2203,1,,1,15000.00,0.00,15000.00
5000010055,1000008261,20250315,1,944,1,,1,12000.00,0.00,12000.00
5000010056,1000008262,20250315,2,2089,1,,3,15000.00,0.00,45000.00
5000010057,1000008263,20250315,2,1724,1,,1,15000.00,0.00,15000.00
5000010058,1000008264,20250315,1,2622,1,,1,12000.00,0.00,12000.00
5000010059,1000008264,20250315,2,2622,1,,2,15000.00,0.00,30000.00
5000010068,1000008271,20250315,1,2421,1,,1,12000.00,0.00,12000.00
5000010069,1000008271,20250315,2,2421,1,,1,15000.00,0.00,15000.00
5000010073,1000008274,20250315,1,120,1,,1,12000.00,0.00,12000.00
5000010074,1000008275,20250315,1,2626,1,,3,12000.00,0.00,36000.00
5000010075,1000008276,20250316,1,2392,1,,2,12000.00,0.00,24000.00
5000010076,1000008277,20250316,1,2475,1,,3,12000.00,0.00,36000.00
5000010077,1000008277,20250316,2,2475,1,,1,15000.00,0.00,15000.00
5000010078,1000008278,20250316,1,2627,1,,2,12000.00,0.00,24000.00
5000010079,1000008278,20250316,2,2627,1,,1,15000.00,0.00,15000.00
5000010080,1000008279,20250316,2,2628,1,,4,15000.00,0.00,60000.00
5000010081,1000008280,20250316,1,2629,1,,3,12000.00,0.00,36000.00
5000010082,1000008281,20250316,2,831,1,,1,15000.00,0.00,15000.00
5000010083,1000008282,20250316,1,1965,1,,1,12000.00,0.00,12000.00
5000010084,1000008283,20250316,1,2376,1,,1,12000.00,0.00,12000.00
5000010085,1000008284,20250316,1,2630,1,,1,12000.00,0.00,12000.00
5000010086,1000008285,20250317,1,1592,1,,3,12000.00,0.00,36000.00
5000010087,1000008286,20250317,2,1753,1,,3,15000.00,0.00,45000.00
5000010088,1000008287,20250317,1,1223,1,,1,12000.00,0.00,12000.00
5000010089,1000008288,20250317,2,1436,1,,1,15000.00,0.00,15000.00
5000010090,1000008289,20250317,2,2631,1,,2,15000.00,0.00,30000.00
5000010091,1000008290,20250317,2,513,1,,1,15000.00,0.00,15000.00
5000010092,1000008291,20250317,2,2632,1,,1,15000.00,0.00,15000.00
5000010094,1000008293,20250317,1,1371,1,,2,12000.00,0.00,24000.00
5000010095,1000008294,20250317,1,2633,1,,3,12000.00,0.00,36000.00
5000010096,1000008294,20250317,2,2633,1,,1,15000.00,0.00,15000.00
5000010097,1000008295,20250317,1,2293,1,,1,12000.00,0.00,12000.00
5000010098,1000008296,20250317,2,2114,1,,1,15000.00,0.00,15000.00
5000010099,1000008297,20250317,1,2321,1,,3,12000.00,0.00,36000.00
5000010100,1000008297,20250317,2,2321,1,,1,15000.00,0.00,15000.00
5000010102,1000008299,20250317,1,2243,1,,1,12000.00,0.00,12000.00
5000010103,1000008300,20250317,1,2634,1,,1,12000.00,0.00,12000.00
5000010104,1000008300,20250317,2,2634,1,,1,15000.00,0.00,15000.00
5000010105,1000008301,20250317,2,2310,1,,4,15000.00,3000.00,57000.00
5000010106,1000008302,20250317,2,2635,1,,3,15000.00,0.00,45000.00
5000010107,1000008303,20250317,2,2119,1,,1,15000.00,0.00,15000.00
5000010108,1000008304,20250318,2,1159,1,,2,15000.00,0.00,30000.00
5000010109,1000008305,20250318,1,2188,1,,1,12000.00,0.00,12000.00
5000010110,1000008306,20250318,2,1992,1,,3,15000.00,0.00,45000.00
5000010111,1000008307,20250318,2,2636,1,,1,15000.00,0.00,15000.00
5000010113,1000008309,20250318,2,2637,1,,1,15000.00,0.00,15000.00
5000010115,1000008311,20250318,2,2638,1,,1,15000.00,0.00,15000.00
5000010116,1000008312,20250318,2,2246,1,,1,15000.00,0.00,15000.00
5000010119,1000008315,20250318,2,1916,1,,2,15000.00,0.00,30000.00
5000010122,1000008317,20250318,2,2639,1,,1,15000.00,0.00,15000.00
5000010123,1000008318,20250318,1,1736,1,,1,12000.00,0.00,12000.00
5000010124,1000008318,20250318,2,1736,1,,1,15000.00,0.00,15000.00
5000010125,1000008319,20250318,1,1185,1,,3,12000.00,0.00,36000.00
5000010126,1000008320,20250318,1,2288,1,,1,12000.00,0.00,12000.00
5000010127,1000008321,20250319,2,2640,1,,1,15000.00,0.00,15000.00
5000010128,1000008322,20250319,1,2131,1,,1,12000.00,600.00,11400.00
5000010129,1000008323,20250319,1,789,1,,1,12000.00,0.00,12000.00
5000010130,1000008323,20250319,2,789,1,,1,15000.00,0.00,15000.00
5000010131,1000008324,20250319,2,941,1,,1,15000.00,0.00,15000.00
5000010132,1000008325,20250319,1,112,1,,1,12000.00,0.00,12000.00
5000010133,1000008326,20250319,1,1020,1,,1,12000.00,0.00,12000.00
5000010136,1000008329,20250319,1,2643,1,,3,12000.00,0.00,36000.00
5000010137,1000008329,20250319,2,2643,1,,2,15000.00,0.00,30000.00
5000010140,1000008332,20250319,1,986,1,,1,12000.00,0.00,12000.00
5000010149,1000008338,20250319,1,1233,1,,1,12000.00,0.00,12000.00
5000010150,1000008339,20250319,1,1025,1,,1,12000.00,0.00,12000.00
5000010151,1000008340,20250319,2,1047,1,,1,15000.00,0.00,15000.00
5000010152,1000008341,20250319,2,2415,1,,2,15000.00,1500.00,28500.00
5000010153,1000008342,20250319,1,1850,1,,2,12000.00,0.00,24000.00
5000010154,1000008342,20250319,2,1850,1,,1,15000.00,0.00,15000.00
5000010160,1000008347,20250320,1,1842,1,,2,12000.00,0.00,24000.00
5000010162,1000008349,20250320,1,2359,1,,4,12000.00,0.00,48000.00
5000010167,1000008353,20250320,1,791,1,,2,12000.00,0.00,24000.00
5000010169,1000008355,20250320,2,1485,1,,1,15000.00,0.00,15000.00
5000010170,1000008356,20250320,1,1539,1,,2,12000.00,0.00,24000.00
5000010172,1000008358,20250320,1,764,1,,2,12000.00,0.00,24000.00
5000010173,1000008359,20250320,1,2650,1,,1,12000.00,0.00,12000.00
5000010174,1000008359,20250320,2,2650,1,,3,15000.00,0.00,45000.00
5000010175,1000008360,20250320,1,2044,1,,3,12000.00,0.00,36000.00
5000010176,1000008361,20250321,2,2479,1,,1,15000.00,0.00,15000.00
5000010177,1000008362,20250321,2,2286,1,,1,15000.00,0.00,15000.00
5000010178,1000008363,20250321,1,1149,1,,3,12000.00,0.00,36000.00
5000010181,1000008365,20250321,1,2654,1,,1,12000.00,0.00,12000.00
5000010185,1000008368,20250321,1,2085,1,,3,12000.00,0.00,36000.00
5000010186,1000008368,20250321,2,2085,1,,3,15000.00,0.00,45000.00
5000010187,1000008369,20250321,2,2142,1,,1,15000.00,0.00,15000.00
5000010193,1000008375,20250321,1,2657,1,,2,12000.00,0.00,24000.00
5000010195,1000008377,20250321,2,1120,1,,4,15000.00,0.00,60000.00
5000010196,1000008378,20250322,1,2127,1,,1,12000.00,0.00,12000.00
5000010197,1000008379,20250322,1,2658,1,,1,12000.00,0.00,12000.00
5000010198,1000008379,20250322,2,2658,1,,1,15000.00,0.00,15000.00
5000010199,1000008380,20250322,1,2659,1,,1,12000.00,0.00,12000.00
5000010201,1000008382,20250322,1,2660,1,,1,12000.00,0.00,12000.00
5000010202,1000008383,20250322,1,3,1,,3,12000.00,0.00,36000.00
5000010203,1000008384,20250322,2,2254,1,,1,15000.00,0.00,15000.00
5000010204,1000008385,20250322,2,2065,1,,1,15000.00,0.00,15000.00
5000010210,1000008390,20250322,1,2324,1,,1,12000.00,0.00,12000.00
5000010215,1000008395,20250322,2,1851,1,,1,15000.00,0.00,15000.00
5000010219,1000008399,20250322,2,1909,1,,1,15000.00,0.00,15000.00
5000010222,1000008402,20250322,2,1643,1,,1,15000.00,0.00,15000.00
5000010227,1000008406,20250322,2,2664,1,,1,15000.00,0.00,15000.00
5000010231,1000008409,20250322,1,1330,1,,1,12000.00,0.00,12000.00
5000010232,1000008409,20250322,2,1330,1,,2,15000.00,0.00,30000.00
5000010233,1000008410,20250322,1,1849,1,,1,12000.00,0.00,12000.00
5000010234,1000008411,20250322,1,361,1,,2,12000.00,0.00,24000.00
5000010235,1000008412,20250323,2,1705,1,,2,15000.00,0.00,30000.00
5000010236,1000008413,20250323,1,1714,1,,1,12000.00,0.00,12000.00
5000010237,1000008414,20250323,2,844,1,,1,15000.00,0.00,15000.00
5000010238,1000008415,20250323,2,2667,1,,1,15000.00,0.00,15000.00
5000010239,1000008416,20250323,1,2669,1,,1,12000.00,0.00,12000.00
5000010250,1000008424,20250324,2,2120,2,3,2,15000.00,0.00,30000.00
5000010251,1000008425,20250324,2,1662,2,1,1,15000.00,0.00,15000.00
5000010254,1000008428,20250324,2,2671,2,2,1,15000.00,0.00,15000.00
5000010257,1000008430,20250324,1,699,2,4,1,12000.00,0.00,12000.00
5000010258,1000008430,20250324,2,699,2,4,1,15000.00,0.00,15000.00
5000010263,1000008434,20250324,2,1334,2,4,1,15000.00,0.00,15000.00
5000010264,1000008435,20250324,2,357,2,1,3,15000.00,0.00,45000.00
5000010269,1000008438,20250324,2,891,2,2,2,15000.00,0.00,30000.00
5000010273,1000008442,20250325,1,2675,2,2,3,12000.00,0.00,36000.00
5000010275,1000008444,20250325,1,587,2,4,2,12000.00,0.00,24000.00
5000010276,1000008445,20250325,1,1196,2,1,2,12000.00,0.00,24000.00
5000010277,1000008446,20250325,1,1635,2,2,1,12000.00,0.00,12000.00
5000010278,1000008446,20250325,2,1635,2,2,3,15000.00,0.00,45000.00
5000010280,1000008448,20250325,2,1035,2,2,1,15000.00,1500.00,13500.00
5000010286,1000008454,20250325,2,1493,2,1,2,15000.00,0.00,30000.00
5000010287,1000008455,20250325,2,2677,2,2,1,15000.00,1500.00,13500.00
5000010288,1000008456,20250325,1,1460,2,2,1,12000.00,0.00,12000.00
5000010296,1000008464,20250326,1,1863,2,3,1,12000.00,0.00,12000.00
5000010301,1000008467,20250326,1,2017,2,1,2,12000.00,0.00,24000.00
5000010304,1000008470,20250326,2,273,2,3,1,15000.00,1500.00,13500.00
5000010305,1000008471,20250326,1,2166,2,1,1,12000.00,0.00,12000.00
5000010306,1000008472,20250326,2,2092,2,2,1,15000.00,0.00,15000.00
5000010317,1000008480,20250327,1,1683,2,1,2,12000.00,0.00,24000.00
5000010319,1000008482,20250327,1,2015,2,3,4,12000.00,0.00,48000.00
5000010320,1000008483,20250327,1,600,2,2,2,12000.00,0.00,24000.00
5000010322,1000008485,20250327,1,1927,2,1,1,12000.00,0.00,12000.00
5000010324,1000008487,20250327,1,1817,2,4,4,12000.00,0.00,48000.00
5000010325,1000008487,20250327,2,1817,2,4,1,15000.00,0.00,15000.00
5000010328,1000008490,20250327,1,2223,2,4,1,12000.00,0.00,12000.00
5000010329,1000008490,20250327,2,2223,2,4,2,15000.00,0.00,30000.00
5000010331,1000008492,20250327,1,613,2,4,2,12000.00,0.00,24000.00
5000010335,1000008495,20250328,2,1586,2,1,1,15000.00,0.00,15000.00
5000010337,1000008497,20250328,1,1776,2,3,1,12000.00,0.00,12000.00
5000010339,1000008499,20250328,1,280,2,2,1,12000.00,0.00,12000.00
5000010340,1000008500,20250328,1,2312,2,4,2,12000.00,0.00,24000.00
5000010341,1000008501,20250328,1,1354,2,3,2,12000.00,0.00,24000.00
5000010345,1000008504,20250328,1,866,2,3,1,12000.00,0.00,12000.00
5000010347,1000008506,20250328,1,1104,2,1,3,12000.00,0.00,36000.00
5000010349,1000008508,20250328,2,1902,2,3,1,15000.00,0.00,15000.00
5000010350,1000008509,20250328,1,2489,2,1,3,12000.00,0.00,36000.00
5000010351,1000008510,20250328,1,1086,2,4,2,12000.00,0.00,24000.00
5000010355,1000008513,20250328,1,2071,2,1,1,12000.00,0.00,12000.00
5000010356,1000008514,20250328,1,2685,2,3,2,12000.00,2400.00,21600.00
5000010357,1000008514,20250328,2,2685,2,3,3,15000.00,4500.00,40500.00
5000010361,1000008517,20250329,1,2542,2,1,3,12000.00,0.00,36000.00
5000010362,1000008518,20250329,2,1512,2,2,3,15000.00,0.00,45000.00
5000010363,1000008519,20250329,1,2271,2,2,1,12000.00,0.00,12000.00
5000010365,1000008521,20250329,2,2107,2,2,1,15000.00,0.00,15000.00
5000010368,1000008524,20250329,1,1488,2,3,2,12000.00,0.00,24000.00
5000010369,1000008524,20250329,2,1488,2,3,1,15000.00,0.00,15000.00
5000010371,1000008526,20250329,1,2283,2,1,1,12000.00,1200.00,10800.00
5000010372,1000008526,20250329,2,2283,2,1,1,15000.00,1500.00,13500.00
5000010374,1000008528,20250329,2,349,2,4,1,15000.00,0.00,15000.00
5000010375,1000008529,20250329,1,2688,2,4,1,12000.00,0.00,12000.00
5000010376,1000008529,20250329,2,2688,2,4,2,15000.00,0.00,30000.00
5000010401,1000008550,20250331,1,2206,2,1,1,12000.00,0.00,12000.00
5000010404,1000008553,20250331,1,2699,2,3,1,12000.00,0.00,12000.00
5000010405,1000008553,20250331,2,2699,2,3,1,15000.00,0.00,15000.00
5000010406,1000008554,20250331,1,2700,2,2,4,12000.00,0.00,48000.00
5000010407,1000008555,20250331,1,2701,2,1,1,12000.00,0.00,12000.00
5000010408,1000008556,20250331,1,1546,2,1,3,12000.00,0.00,36000.00
5000010409,1000008556,20250331,2,1546,2,1,1,15000.00,0.00,15000.00
5000010410,1000008557,20250331,1,2347,2,4,2,12000.00,0.00,24000.00
5000010413,1000008559,20250331,1,1015,2,3,1,12000.00,0.00,12000.00
5000010417,1000008563,20250401,2,2703,2,1,1,15000.00,0.00,15000.00
5000010427,1000008572,20250401,2,2707,2,2,1,15000.00,0.00,15000.00
5000010428,1000008573,20250401,1,614,2,3,1,12000.00,0.00,12000.00
5000010429,1000008574,20250401,1,2407,2,3,4,12000.00,0.00,48000.00
5000010430,1000008575,20250401,1,2708,2,4,4,12000.00,0.00,48000.00
5000010431,1000008575,20250401,2,2708,2,4,1,15000.00,0.00,15000.00
5000010442,1000008584,20250402,1,1645,2,2,3,12000.00,0.00,36000.00
5000010443,1000008585,20250402,2,2711,2,2,1,15000.00,0.00,15000.00
5000010447,1000008588,20250402,2,1468,2,1,3,15000.00,0.00,45000.00
5000010448,1000008589,20250402,2,2712,2,2,1,15000.00,0.00,15000.00
5000010452,1000008592,20250402,1,2124,2,1,2,12000.00,0.00,24000.00
5000010454,1000008594,20250402,1,1930,2,1,2,12000.00,0.00,24000.00
5000010457,1000008597,20250402,1,640,2,1,2,12000.00,0.00,24000.00
5000010458,1000008597,20250402,2,640,2,1,1,15000.00,0.00,15000.00
5000010466,1000008604,20250403,2,2608,2,1,2,15000.00,0.00,30000.00
5000010467,1000008605,20250403,2,536,2,3,3,15000.00,0.00,45000.00
5000010468,1000008606,20250403,1,374,2,1,1,12000.00,0.00,12000.00
5000010469,1000008606,20250403,2,374,2,1,1,15000.00,0.00,15000.00
5000010471,1000008608,20250403,1,1819,2,4,4,12000.00,0.00,48000.00
5000010472,1000008608,20250403,2,1819,2,4,1,15000.00,0.00,15000.00
5000010473,1000008609,20250403,1,1846,2,1,3,12000.00,0.00,36000.00
5000010474,1000008609,20250403,2,1846,2,1,3,15000.00,0.00,45000.00
5000010475,1000008610,20250403,1,232,2,2,1,12000.00,0.00,12000.00
5000010476,1000008611,20250403,1,1505,2,1,1,12000.00,0.00,12000.00
5000010477,1000008611,20250403,2,1505,2,1,3,15000.00,0.00,45000.00
5000010478,1000008612,20250403,1,897,2,2,1,12000.00,0.00,12000.00
5000010479,1000008612,20250403,2,897,2,2,2,15000.00,0.00,30000.00
5000010480,1000008613,20250403,2,258,2,1,2,15000.00,0.00,30000.00
5000010483,1000008616,20250403,1,2129,2,1,1,12000.00,0.00,12000.00
5000010484,1000008617,20250403,1,1655,2,3,1,12000.00,1200.00,10800.00
5000010490,1000008621,20250404,2,1618,2,2,3,15000.00,0.00,45000.00
5000010491,1000008622,20250404,1,2026,2,3,2,12000.00,0.00,24000.00
5000010494,1000008625,20250404,1,761,2,1,1,12000.00,0.00,12000.00
5000010496,1000008627,20250404,1,1676,2,4,2,12000.00,2400.00,21600.00
5000010497,1000008627,20250404,2,1676,2,4,3,15000.00,4500.00,40500.00
5000010498,1000008628,20250404,1,1912,2,3,1,12000.00,0.00,12000.00
5000010499,1000008629,20250404,1,1559,2,2,1,12000.00,0.00,12000.00
5000010502,1000008632,20250404,1,936,2,4,1,12000.00,1200.00,10800.00
5000010503,1000008632,20250404,2,936,2,4,1,15000.00,1500.00,13500.00
5000010504,1000008633,20250404,1,1326,2,1,3,12000.00,0.00,36000.00
5000010505,1000008634,20250404,2,2396,2,1,1,15000.00,0.00,15000.00
5000010506,1000008635,20250404,1,1585,2,3,2,12000.00,0.00,24000.00
5000010512,1000008641,20250405,2,2721,2,3,2,15000.00,0.00,30000.00
5000010513,1000008642,20250405,2,2256,2,1,2,15000.00,0.00,30000.00
5000010514,1000008643,20250405,2,2722,2,2,1,15000.00,0.00,15000.00
5000010518,1000008646,20250405,1,751,2,3,3,12000.00,0.00,36000.00
5000010520,1000008648,20250405,2,1413,2,2,12,15000.00,27000.00,153000.00
5000010523,1000008651,20250405,1,750,2,1,1,12000.00,0.00,12000.00
5000010524,1000008651,20250405,2,750,2,1,3,15000.00,0.00,45000.00
5000010550,1000008675,20250407,1,2731,2,3,1,12000.00,0.00,12000.00
5000010551,1000008675,20250407,2,2731,2,3,1,15000.00,0.00,15000.00
5000010552,1000008676,20250407,2,2732,2,2,2,15000.00,0.00,30000.00
5000010553,1000008677,20250407,1,1627,2,2,2,12000.00,0.00,24000.00
5000010554,1000008678,20250407,2,2367,2,4,1,15000.00,1500.00,13500.00
5000010571,1000008692,20250408,2,1513,2,2,1,15000.00,0.00,15000.00
5000010573,1000008694,20250408,1,2414,2,1,2,12000.00,0.00,24000.00
5000010574,1000008695,20250408,1,1960,2,2,2,12000.00,0.00,24000.00
5000010575,1000008695,20250408,2,1960,2,2,1,15000.00,0.00,15000.00
5000010576,1000008696,20250408,1,2736,2,2,1,12000.00,0.00,12000.00
5000010582,1000008700,20250408,1,1085,2,3,2,12000.00,0.00,24000.00
5000010584,1000008702,20250408,1,1401,2,1,1,12000.00,0.00,12000.00
5000010585,1000008702,20250408,2,1401,2,1,3,15000.00,0.00,45000.00
5000010586,1000008703,20250408,2,2740,2,1,2,15000.00,0.00,30000.00
5000010593,1000008708,20250408,2,2741,2,2,2,15000.00,0.00,30000.00
5000010597,1000008711,20250408,1,1489,2,2,2,12000.00,0.00,24000.00
5000010600,1000008713,20250408,2,1497,2,2,2,15000.00,0.00,30000.00
5000010617,1000008727,20250409,2,2152,2,4,1,15000.00,0.00,15000.00
5000010624,1000008732,20250409,2,430,2,4,1,15000.00,1500.00,13500.00
5000010629,1000008737,20250409,1,2584,2,2,2,12000.00,0.00,24000.00
5000010638,1000008744,20250410,1,2748,2,1,1,12000.00,0.00,12000.00
5000010640,1000008746,20250410,1,2749,2,1,1,12000.00,0.00,12000.00
5000010641,1000008747,20250410,1,646,2,4,1,12000.00,0.00,12000.00
5000010643,1000008749,20250410,2,2091,2,2,1,15000.00,0.00,15000.00
5000010645,1000008751,20250410,2,2025,2,1,2,15000.00,3000.00,27000.00
5000010663,1000008767,20250411,1,1731,2,1,4,12000.00,0.00,48000.00
5000010668,1000008771,20250411,1,2513,2,4,2,12000.00,0.00,24000.00
5000010669,1000008772,20250411,1,308,2,2,2,12000.00,0.00,24000.00
5000010670,1000008773,20250411,1,2363,2,2,2,12000.00,0.00,24000.00
5000010671,1000008774,20250411,2,1399,2,1,3,15000.00,0.00,45000.00
5000010672,1000008775,20250411,1,2758,2,3,3,12000.00,0.00,36000.00
5000010676,1000008778,20250411,1,515,2,3,1,12000.00,0.00,12000.00
5000010677,1000008778,20250411,2,515,2,3,2,15000.00,0.00,30000.00
5000010695,1000008792,20250412,2,1589,2,1,2,15000.00,0.00,30000.00
5000010699,1000008795,20250412,1,2763,2,1,2,12000.00,0.00,24000.00
5000010700,1000008796,20250412,2,2355,2,4,2,15000.00,0.00,30000.00
5000010702,1000008798,20250412,1,2764,2,4,1,12000.00,0.00,12000.00
5000010703,1000008799,20250412,1,2765,2,3,1,12000.00,0.00,12000.00
5000010704,1000008800,20250412,1,1484,2,1,1,12000.00,0.00,12000.00
5000010705,1000008800,20250412,2,1484,2,1,1,15000.00,0.00,15000.00
5000010733,1000008822,20250414,1,1940,2,2,1,12000.00,0.00,12000.00
5000010734,1000008823,20250414,1,2192,2,1,3,12000.00,0.00,36000.00
5000010735,1000008823,20250414,2,2192,2,1,4,15000.00,0.00,60000.00
5000010738,1000008825,20250414,1,1942,2,3,1,12000.00,0.00,12000.00
5000010743,1000008829,20250414,1,2453,2,3,1,12000.00,0.00,12000.00
5000010745,1000008831,20250414,2,441,2,2,1,15000.00,0.00,15000.00
5000010748,1000008834,20250414,1,1175,2,1,2,12000.00,2400.00,21600.00
5000010749,1000008834,20250414,2,1175,2,1,1,15000.00,1500.00,13500.00
5000010750,1000008835,20250414,1,2774,2,1,2,12000.00,0.00,24000.00
5000010751,1000008836,20250414,2,907,2,3,1,15000.00,0.00,15000.00
5000010753,1000008838,20250414,2,2462,2,2,3,15000.00,4500.00,40500.00
5000010754,1000008839,20250414,1,2775,2,1,1,12000.00,0.00,12000.00
5000010755,1000008840,20250414,1,1327,2,4,1,12000.00,0.00,12000.00
5000010756,1000008841,20250414,1,1389,2,1,1,12000.00,0.00,12000.00
5000010768,1000008849,20250415,2,455,2,2,3,15000.00,0.00,45000.00
5000010769,1000008850,20250415,1,2181,2,1,1,12000.00,0.00,12000.00
5000010770,1000008851,20250415,2,600,2,2,3,15000.00,0.00,45000.00
5000010771,1000008852,20250415,1,2467,2,1,1,12000.00,0.00,12000.00
5000010775,1000008856,20250415,1,2778,2,1,1,12000.00,0.00,12000.00
5000010776,1000008856,20250415,2,2778,2,1,2,15000.00,0.00,30000.00
5000010778,1000008858,20250415,1,273,2,3,1,12000.00,0.00,12000.00
5000010779,1000008858,20250415,2,273,2,3,1,15000.00,0.00,15000.00
5000010780,1000008859,20250415,2,177,2,3,2,15000.00,0.00,30000.00
5000010795,1000008869,20250416,1,2225,2,1,1,12000.00,0.00,12000.00
5000010796,1000008870,20250416,1,2160,2,1,1,12000.00,0.00,12000.00
5000010797,1000008870,20250416,2,2160,2,1,1,15000.00,0.00,15000.00
5000010798,1000008871,20250416,2,2783,2,1,1,15000.00,0.00,15000.00
5000010800,1000008873,20250416,1,1272,2,2,1,12000.00,0.00,12000.00
5000010801,1000008873,20250416,2,1272,2,2,2,15000.00,0.00,30000.00
5000010806,1000008877,20250416,1,301,2,1,1,12000.00,0.00,12000.00
5000010807,1000008878,20250416,1,1631,2,2,1,12000.00,0.00,12000.00
5000010808,1000008878,20250416,2,1631,2,2,1,15000.00,0.00,15000.00
5000010809,1000008879,20250416,2,2700,2,2,1,15000.00,0.00,15000.00
5000010812,1000008882,20250416,2,212,2,1,2,15000.00,0.00,30000.00
5000010823,1000008891,20250417,1,1584,2,1,4,12000.00,0.00,48000.00
5000010829,1000008896,20250417,2,1135,2,1,1,15000.00,0.00,15000.00
5000010839,1000008905,20250418,2,93,2,2,4,15000.00,0.00,60000.00
5000010840,1000008906,20250418,1,1155,2,2,2,12000.00,0.00,24000.00
5000010841,1000008907,20250418,1,1221,2,2,1,12000.00,0.00,12000.00
5000010842,1000008907,20250418,2,1221,2,2,1,15000.00,0.00,15000.00
5000010843,1000008908,20250418,1,487,2,2,1,12000.00,0.00,12000.00
5000010844,1000008908,20250418,2,487,2,2,1,15000.00,0.00,15000.00
5000010853,1000008915,20250419,2,1569,2,1,2,15000.00,0.00,30000.00
5000010854,1000008916,20250419,1,1467,2,2,1,12000.00,0.00,12000.00
5000010855,1000008917,20250419,1,2199,2,3,2,12000.00,0.00,24000.00
5000010858,1000008920,20250419,2,2689,2,1,3,15000.00,0.00,45000.00
5000010859,1000008921,20250419,1,2472,2,2,1,12000.00,0.00,12000.00
5000010861,1000008923,20250419,1,2787,2,3,1,12000.00,0.00,12000.00
5000010863,1000008925,20250419,1,474,2,4,1,12000.00,0.00,12000.00
5000010866,1000008927,20250419,2,1843,2,3,1,15000.00,1500.00,13500.00
5000010867,1000008928,20250419,1,2617,2,3,1,12000.00,0.00,12000.00
5000010868,1000008929,20250419,1,679,2,3,2,12000.00,0.00,24000.00
5000010869,1000008929,20250419,2,679,2,3,1,15000.00,0.00,15000.00
5000010870,1000008930,20250419,1,750,2,1,1,12000.00,1200.00,10800.00
5000010871,1000008931,20250419,1,1884,2,1,1,12000.00,0.00,12000.00
5000010872,1000008932,20250419,1,2788,2,4,1,12000.00,0.00,12000.00
5000010875,1000008934,20250419,2,1888,2,1,2,15000.00,0.00,30000.00
5000010876,1000008935,20250419,1,2624,2,2,1,12000.00,0.00,12000.00
5000010877,1000008935,20250419,2,2624,2,2,2,15000.00,0.00,30000.00
5000010897,1000008950,20250421,1,2166,2,1,2,12000.00,0.00,24000.00
5000010898,1000008951,20250421,2,1758,2,2,1,15000.00,0.00,15000.00
5000010899,1000008952,20250421,2,718,2,1,3,15000.00,0.00,45000.00
5000010900,1000008953,20250421,2,2298,2,4,2,15000.00,0.00,30000.00
5000010901,1000008954,20250421,1,2315,2,3,3,12000.00,0.00,36000.00
5000010902,1000008955,20250421,1,2796,2,2,4,12000.00,0.00,48000.00
5000010903,1000008956,20250421,1,1154,2,1,1,12000.00,0.00,12000.00
5000010904,1000008956,20250421,2,1154,2,1,2,15000.00,0.00,30000.00
5000010908,1000008959,20250421,1,2152,2,4,1,12000.00,0.00,12000.00
5000010912,1000008963,20250421,1,542,2,2,1,12000.00,0.00,12000.00
5000010914,1000008965,20250421,2,227,2,3,1,15000.00,0.00,15000.00
5000010916,1000008967,20250421,1,617,2,4,1,12000.00,0.00,12000.00
5000010927,1000008974,20250422,2,1468,2,1,1,15000.00,0.00,15000.00
5000010929,1000008976,20250422,2,1839,2,4,1,15000.00,0.00,15000.00
5000010939,1000008983,20250422,1,2551,2,4,2,12000.00,0.00,24000.00
5000010950,1000008993,20250423,1,1701,2,4,1,12000.00,0.00,12000.00
5000010951,1000008993,20250423,2,1701,2,4,1,15000.00,0.00,15000.00
5000010952,1000008994,20250423,1,1603,2,4,2,12000.00,0.00,24000.00
5000010953,1000008995,20250423,2,291,2,2,1,15000.00,0.00,15000.00
5000010956,1000008998,20250423,1,2805,2,2,1,12000.00,0.00,12000.00
5000010957,1000008999,20250423,1,2654,2,1,3,12000.00,0.00,36000.00
5000010958,1000008999,20250423,2,2654,2,1,1,15000.00,0.00,15000.00
5000010959,1000009000,20250423,2,1739,2,4,1,15000.00,0.00,15000.00
5000010961,1000009002,20250423,2,2807,2,3,1,15000.00,0.00,15000.00
5000010964,1000009004,20250423,1,395,2,1,4,12000.00,0.00,48000.00
5000010970,1000009009,20250424,1,1493,2,1,1,12000.00,0.00,12000.00
5000010971,1000009009,20250424,2,1493,2,1,2,15000.00,0.00,30000.00
5000010974,1000009012,20250424,1,2196,2,3,1,12000.00,0.00,12000.00
5000010975,1000009013,20250424,1,707,2,2,2,12000.00,0.00,24000.00
5000010976,1000009013,20250424,2,707,2,2,2,15000.00,0.00,30000.00
5000010978,1000009015,20250424,1,714,2,4,1,12000.00,0.00,12000.00
5000010988,1000009023,20250425,1,1255,2,4,1,12000.00,0.00,12000.00
5000010995,1000009029,20250425,1,2811,2,4,1,12000.00,0.00,12000.00
5000010996,1000009030,20250425,2,426,2,1,3,15000.00,0.00,45000.00
5000011001,1000009034,20250425,1,2812,2,2,1,12000.00,0.00,12000.00
5000011007,1000009038,20250426,2,1596,2,3,2,15000.00,0.00,30000.00
5000011009,1000009040,20250426,2,1676,2,4,2,15000.00,0.00,30000.00
5000011010,1000009041,20250426,2,1430,2,2,2,15000.00,0.00,30000.00
5000011011,1000009042,20250426,1,2816,2,2,1,12000.00,0.00,12000.00
5000011012,1000009043,20250426,1,751,2,3,2,12000.00,0.00,24000.00
5000011014,1000009045,20250426,1,1585,2,3,3,12000.00,0.00,36000.00
5000011015,1000009046,20250426,2,2817,2,2,1,15000.00,0.00,15000.00
5000011016,1000009047,20250426,1,2397,2,4,3,12000.00,0.00,36000.00
5000011017,1000009048,20250426,1,1540,2,1,1,12000.00,0.00,12000.00
5000011018,1000009049,20250426,2,2818,2,1,2,15000.00,3000.00,27000.00
5000011021,1000009052,20250426,1,2347,2,4,3,12000.00,0.00,36000.00
5000011022,1000009052,20250426,2,2347,2,4,2,15000.00,0.00,30000.00
5000011023,1000009053,20250426,2,1130,2,1,1,15000.00,0.00,15000.00
5000011024,1000009054,20250426,1,2071,2,1,2,12000.00,0.00,24000.00
5000011025,1000009054,20250426,2,2071,2,1,4,15000.00,0.00,60000.00
5000011026,1000009055,20250426,1,2275,2,1,1,12000.00,0.00,12000.00
5000011048,1000009074,20250428,1,1156,2,2,1,12000.00,0.00,12000.00
5000011052,1000009077,20250428,1,620,2,1,1,12000.00,0.00,12000.00
5000011053,1000009077,20250428,2,620,2,1,2,15000.00,0.00,30000.00
5000011054,1000009078,20250428,1,2638,2,4,2,12000.00,0.00,24000.00
5000011055,1000009078,20250428,2,2638,2,4,1,15000.00,0.00,15000.00
5000011065,1000009086,20250429,1,1354,2,3,2,12000.00,0.00,24000.00
5000011066,1000009087,20250429,2,2700,2,2,1,15000.00,0.00,15000.00
5000011067,1000009088,20250429,2,2142,2,1,2,15000.00,0.00,30000.00
5000011072,1000009091,20250429,1,1292,2,4,1,12000.00,0.00,12000.00
5000011073,1000009091,20250429,2,1292,2,4,2,15000.00,0.00,30000.00
5000011074,1000009092,20250429,2,2174,2,2,3,15000.00,0.00,45000.00
5000011076,1000009094,20250429,1,273,2,3,1,12000.00,0.00,12000.00
5000011080,1000009098,20250429,2,614,2,3,1,15000.00,0.00,15000.00
5000011081,1000009099,20250429,2,1634,2,2,1,15000.00,0.00,15000.00
5000011082,1000009100,20250429,1,2377,2,4,1,12000.00,0.00,12000.00
5000011083,1000009101,20250429,2,1901,2,3,1,15000.00,0.00,15000.00
5000011084,1000009102,20250429,2,60,2,1,2,15000.00,0.00,30000.00
5000011085,1000009103,20250429,1,1253,2,3,3,12000.00,0.00,36000.00
5000011091,1000009108,20250430,1,1148,2,3,3,12000.00,0.00,36000.00
5000011092,1000009109,20250430,1,2014,2,1,2,12000.00,0.00,24000.00
5000011093,1000009110,20250430,2,2828,2,1,2,15000.00,3000.00,27000.00
5000011094,1000009111,20250430,1,215,2,1,2,12000.00,0.00,24000.00
5000011095,1000009112,20250430,1,1970,2,3,1,12000.00,1200.00,10800.00
5000011096,1000009112,20250430,2,1970,2,3,2,15000.00,3000.00,27000.00
5000011097,1000009113,20250430,1,2361,2,2,1,12000.00,0.00,12000.00
5000011098,1000009113,20250430,2,2361,2,2,1,15000.00,0.00,15000.00
5000011099,1000009114,20250430,1,1902,2,3,3,12000.00,0.00,36000.00
5000011100,1000009115,20250430,1,2465,2,4,1,12000.00,0.00,12000.00
5000011101,1000009115,20250430,2,2465,2,4,1,15000.00,0.00,15000.00
5000011102,1000009116,20250430,2,1636,2,3,2,15000.00,0.00,30000.00
5000011104,1000009118,20250430,1,2829,2,1,1,12000.00,0.00,12000.00
5000011132,1000009143,20250502,1,1104,2,1,1,12000.00,0.00,12000.00
5000011137,1000009147,20250502,1,2416,2,4,3,12000.00,0.00,36000.00
5000011138,1000009147,20250502,2,2416,2,4,1,15000.00,0.00,15000.00
5000011139,1000009148,20250502,1,2402,2,3,3,12000.00,0.00,36000.00
5000011141,1000009150,20250502,1,1532,2,4,1,12000.00,0.00,12000.00
5000011142,1000009151,20250502,1,1363,2,3,1,12000.00,0.00,12000.00
5000011144,1000009153,20250502,2,1763,2,3,1,15000.00,0.00,15000.00
5000011145,1000009154,20250502,2,2529,2,4,4,15000.00,0.00,60000.00
5000011147,1000009156,20250502,2,850,2,3,4,15000.00,0.00,60000.00
5000011150,1000009158,20250503,1,640,2,1,3,12000.00,0.00,36000.00
5000011151,1000009158,20250503,2,640,2,1,3,15000.00,0.00,45000.00
5000011154,1000009160,20250503,1,1619,2,1,1,12000.00,0.00,12000.00
5000011155,1000009160,20250503,2,1619,2,1,1,15000.00,0.00,15000.00
5000011156,1000009161,20250503,1,2834,2,1,1,12000.00,0.00,12000.00
5000011157,1000009162,20250503,1,2262,2,2,2,12000.00,0.00,24000.00
5000011159,1000009164,20250503,2,2835,2,2,2,15000.00,3000.00,27000.00
5000011160,1000009165,20250503,1,1484,2,1,3,12000.00,0.00,36000.00
5000011161,1000009166,20250503,1,1749,2,2,2,12000.00,0.00,24000.00
5000011162,1000009166,20250503,2,1749,2,2,1,15000.00,0.00,15000.00
5000011163,1000009167,20250503,2,964,2,3,2,15000.00,0.00,30000.00
5000011164,1000009168,20250503,2,1861,2,1,1,15000.00,1500.00,13500.00
5000011165,1000009169,20250503,2,2836,2,2,2,15000.00,0.00,30000.00
5000011192,1000009192,20250505,1,2567,2,2,2,12000.00,0.00,24000.00
5000011195,1000009194,20250505,1,1508,2,3,1,12000.00,0.00,12000.00
5000011196,1000009195,20250505,1,2505,2,4,2,12000.00,0.00,24000.00
5000011198,1000009197,20250505,2,586,2,1,2,15000.00,0.00,30000.00
5000011202,1000009200,20250505,1,2149,2,3,4,12000.00,0.00,48000.00
5000011203,1000009201,20250505,1,2318,2,3,1,12000.00,0.00,12000.00
5000011215,1000009211,20250506,1,1520,2,4,2,12000.00,0.00,24000.00
5000011217,1000009213,20250506,2,1944,2,1,1,15000.00,0.00,15000.00
5000011219,1000009215,20250506,2,2601,2,1,1,15000.00,0.00,15000.00
5000011220,1000009216,20250506,2,2689,2,1,4,15000.00,0.00,60000.00
5000011224,1000009219,20250506,1,2489,2,1,1,12000.00,0.00,12000.00
5000011225,1000009219,20250506,2,2489,2,1,3,15000.00,0.00,45000.00
5000011226,1000009220,20250506,2,2015,2,3,2,15000.00,0.00,30000.00
5000011227,1000009221,20250506,1,2071,2,1,3,12000.00,0.00,36000.00
5000011231,1000009224,20250506,2,440,2,4,3,15000.00,0.00,45000.00
5000011235,1000009227,20250506,1,1245,2,2,3,12000.00,0.00,36000.00
5000011236,1000009227,20250506,2,1245,2,2,2,15000.00,0.00,30000.00
5000011237,1000009228,20250506,1,2265,2,3,2,12000.00,0.00,24000.00
5000011240,1000009230,20250506,1,177,2,3,2,12000.00,0.00,24000.00
5000011253,1000009240,20250507,2,2333,2,2,4,15000.00,0.00,60000.00
5000011254,1000009241,20250507,1,1904,2,2,1,12000.00,0.00,12000.00
5000011258,1000009244,20250507,1,2166,2,1,3,12000.00,0.00,36000.00
5000011269,1000009252,20250508,1,2384,2,3,2,12000.00,0.00,24000.00
5000011270,1000009252,20250508,2,2384,2,3,3,15000.00,0.00,45000.00
5000011271,1000009253,20250508,1,2599,2,4,1,12000.00,0.00,12000.00
5000011272,1000009254,20250508,1,1382,2,2,1,12000.00,0.00,12000.00
5000011275,1000009257,20250508,2,246,2,2,1,15000.00,0.00,15000.00
5000011279,1000009260,20250508,1,865,2,1,1,12000.00,0.00,12000.00
5000011281,1000009262,20250508,1,2721,2,3,2,12000.00,0.00,24000.00
5000011282,1000009262,20250508,2,2721,2,3,1,15000.00,0.00,15000.00
5000011283,1000009263,20250508,1,1929,2,1,4,12000.00,0.00,48000.00
5000011291,1000009270,20250509,1,2852,2,2,1,12000.00,0.00,12000.00
5000011292,1000009271,20250509,1,1787,2,2,3,12000.00,0.00,36000.00
5000011293,1000009271,20250509,2,1787,2,2,1,15000.00,0.00,15000.00
5000011294,1000009272,20250509,1,2362,2,1,1,12000.00,0.00,12000.00
5000011295,1000009273,20250509,1,1376,2,3,2,12000.00,0.00,24000.00
5000011297,1000009275,20250509,1,2854,2,1,1,12000.00,0.00,12000.00
5000011298,1000009276,20250509,1,2436,2,3,3,12000.00,0.00,36000.00
5000011299,1000009276,20250509,2,2436,2,3,1,15000.00,0.00,15000.00
5000011304,1000009279,20250509,1,330,2,1,1,12000.00,0.00,12000.00
5000011308,1000009282,20250509,1,402,2,3,1,12000.00,0.00,12000.00
5000011309,1000009282,20250509,2,402,2,3,1,15000.00,0.00,15000.00
5000011310,1000009283,20250509,1,2332,2,1,3,12000.00,0.00,36000.00
5000011313,1000009286,20250509,1,2857,2,1,1,12000.00,0.00,12000.00
5000011314,1000009286,20250509,2,2857,2,1,1,15000.00,0.00,15000.00
5000011315,1000009287,20250509,2,2656,2,1,1,15000.00,0.00,15000.00
5000011322,1000009292,20250510,1,2859,2,1,1,12000.00,0.00,12000.00
5000011323,1000009292,20250510,2,2859,2,1,4,15000.00,0.00,60000.00
5000011324,1000009293,20250510,1,613,2,4,1,12000.00,1200.00,10800.00
5000011325,1000009294,20250510,1,1151,2,1,2,12000.00,0.00,24000.00
5000011326,1000009295,20250510,2,2038,2,4,2,15000.00,0.00,30000.00
5000011327,1000009296,20250510,1,2861,2,3,4,12000.00,0.00,48000.00
5000011328,1000009296,20250510,2,2861,2,3,1,15000.00,0.00,15000.00
5000011330,1000009298,20250510,2,1655,2,3,1,15000.00,0.00,15000.00
5000011331,1000009299,20250510,1,1976,2,2,4,12000.00,0.00,48000.00
5000011333,1000009301,20250510,1,1831,2,3,3,12000.00,0.00,36000.00
5000011337,1000009305,20250510,1,475,2,2,1,12000.00,0.00,12000.00
5000011338,1000009306,20250510,2,2701,2,1,1,15000.00,1500.00,13500.00
5000011339,1000009307,20250510,1,591,2,4,2,12000.00,0.00,24000.00
5000011340,1000009308,20250510,1,1456,2,2,1,12000.00,0.00,12000.00
5000011341,1000009309,20250510,2,2863,2,3,1,15000.00,0.00,15000.00
5000011342,1000009310,20250510,1,2039,2,2,1,12000.00,0.00,12000.00
5000011343,1000009311,20250510,1,2091,2,2,3,12000.00,0.00,36000.00
5000011344,1000009312,20250510,1,628,2,3,2,12000.00,0.00,24000.00
5000011374,1000009337,20250512,2,2872,2,1,1,15000.00,1500.00,13500.00
5000011377,1000009340,20250512,2,722,2,3,2,15000.00,0.00,30000.00
5000011380,1000009343,20250512,2,2874,2,4,1,15000.00,0.00,15000.00
5000011384,1000009346,20250512,2,535,2,4,2,15000.00,3000.00,27000.00
5000011400,1000009359,20250512,2,2878,2,1,3,15000.00,4500.00,40500.00
5000011402,1000009361,20250512,1,2178,2,3,2,12000.00,0.00,24000.00
5000011403,1000009361,20250512,2,2178,2,3,1,15000.00,0.00,15000.00
5000011404,1000009362,20250512,2,1230,2,2,1,15000.00,1500.00,13500.00
5000011443,1000009393,20250513,1,2546,2,3,2,12000.00,2400.00,21600.00
5000011446,1000009396,20250513,1,1489,2,2,1,12000.00,0.00,12000.00
5000011448,1000009398,20250513,2,2889,2,2,1,15000.00,1500.00,13500.00
5000011449,1000009399,20250513,2,2890,2,1,1,15000.00,1500.00,13500.00
5000011452,1000009401,20250513,1,1044,2,3,2,12000.00,0.00,24000.00
5000011453,1000009401,20250513,2,1044,2,3,1,15000.00,0.00,15000.00
5000011498,1000009440,20250514,2,2703,2,1,4,15000.00,0.00,60000.00
5000011501,1000009442,20250514,1,2903,2,1,1,12000.00,0.00,12000.00
5000011507,1000009448,20250514,1,2905,2,1,1,12000.00,1200.00,10800.00
5000011508,1000009449,20250514,1,477,2,3,2,12000.00,0.00,24000.00
5000011510,1000009451,20250514,1,2412,2,4,1,12000.00,0.00,12000.00
5000011511,1000009451,20250514,2,2412,2,4,1,15000.00,0.00,15000.00
5000011523,1000009463,20250514,1,2406,2,1,2,12000.00,2400.00,21600.00
5000011524,1000009463,20250514,2,2406,2,1,1,15000.00,1500.00,13500.00
5000011530,1000009468,20250514,1,2507,2,3,2,12000.00,0.00,24000.00
5000011531,1000009468,20250514,2,2507,2,3,4,15000.00,0.00,60000.00
5000011541,1000009478,20250514,1,2447,2,1,1,12000.00,0.00,12000.00
5000011553,1000009489,20250515,1,1818,2,3,2,12000.00,0.00,24000.00
5000011555,1000009491,20250515,2,1311,2,3,1,15000.00,0.00,15000.00
5000011556,1000009492,20250515,2,2592,2,1,1,15000.00,0.00,15000.00
5000011557,1000009493,20250515,1,2732,2,2,4,12000.00,0.00,48000.00
5000011558,1000009494,20250515,2,2663,2,1,2,15000.00,0.00,30000.00
5000011561,1000009497,20250515,1,2817,2,2,1,12000.00,0.00,12000.00
5000011562,1000009498,20250515,1,1157,2,4,2,12000.00,0.00,24000.00
5000011563,1000009498,20250515,2,1157,2,4,1,15000.00,0.00,15000.00
5000011566,1000009501,20250515,2,2506,2,2,1,15000.00,0.00,15000.00
5000011567,1000009502,20250515,1,2913,2,3,1,12000.00,1200.00,10800.00
5000011575,1000009509,20250516,2,2914,2,3,1,15000.00,0.00,15000.00
5000011577,1000009511,20250516,2,2915,2,2,1,15000.00,0.00,15000.00
5000011578,1000009512,20250516,2,2916,2,4,4,15000.00,0.00,60000.00
5000011579,1000009513,20250516,1,1091,2,1,1,12000.00,0.00,12000.00
5000011580,1000009514,20250516,1,2917,2,3,3,12000.00,0.00,36000.00
5000011581,1000009515,20250516,1,2918,2,4,2,12000.00,0.00,24000.00
5000011582,1000009516,20250516,1,2000,2,4,2,12000.00,0.00,24000.00
5000011583,1000009516,20250516,2,2000,2,4,3,15000.00,0.00,45000.00
5000011584,1000009517,20250516,1,2919,2,3,1,12000.00,0.00,12000.00
5000011585,1000009518,20250516,1,1838,2,3,2,12000.00,0.00,24000.00
5000011586,1000009519,20250516,1,2243,2,4,1,12000.00,0.00,12000.00
5000011590,1000009522,20250516,1,1326,2,1,1,12000.00,0.00,12000.00
5000011599,1000009531,20250517,2,1261,2,2,4,15000.00,0.00,60000.00
5000011600,1000009532,20250517,1,2214,2,4,1,12000.00,0.00,12000.00
5000011601,1000009532,20250517,2,2214,2,4,1,15000.00,0.00,15000.00
5000011602,1000009533,20250517,2,1884,2,1,1,15000.00,0.00,15000.00
5000011604,1000009535,20250517,1,2921,2,2,3,12000.00,0.00,36000.00
5000011605,1000009536,20250517,2,1268,2,3,3,15000.00,0.00,45000.00
5000011606,1000009537,20250517,1,1583,2,1,1,12000.00,0.00,12000.00
5000011607,1000009537,20250517,2,1583,2,1,1,15000.00,0.00,15000.00
5000011608,1000009538,20250517,2,1318,2,2,1,15000.00,0.00,15000.00
5000011609,1000009539,20250517,2,2144,2,2,3,15000.00,0.00,45000.00
5000011610,1000009540,20250517,1,1307,2,1,1,12000.00,0.00,12000.00
5000011611,1000009541,20250517,1,2453,2,3,2,12000.00,2400.00,21600.00
5000011612,1000009541,20250517,2,2453,2,3,1,15000.00,1500.00,13500.00
5000011613,1000009542,20250517,2,1863,2,3,1,15000.00,0.00,15000.00
5000011614,1000009543,20250517,1,1586,2,1,1,12000.00,0.00,12000.00
5000011617,1000009546,20250517,1,2163,2,1,2,12000.00,0.00,24000.00
5000011618,1000009547,20250517,1,1458,2,3,2,12000.00,0.00,24000.00
5000011619,1000009547,20250517,2,1458,2,3,3,15000.00,0.00,45000.00
5000011621,1000009549,20250517,1,1432,2,4,3,12000.00,0.00,36000.00
5000011645,1000009568,20250519,1,2266,2,4,1,12000.00,0.00,12000.00
5000011648,1000009570,20250519,2,2311,2,1,2,15000.00,0.00,30000.00
5000011650,1000009572,20250519,2,987,2,2,4,15000.00,0.00,60000.00
5000011656,1000009577,20250520,1,1089,2,1,1,12000.00,0.00,12000.00
5000011659,1000009580,20250520,1,1585,2,3,1,12000.00,0.00,12000.00
5000011660,1000009580,20250520,2,1585,2,3,1,15000.00,0.00,15000.00
5000011664,1000009583,20250520,1,1563,2,1,1,12000.00,0.00,12000.00
5000011665,1000009583,20250520,2,1563,2,1,1,15000.00,0.00,15000.00
5000011666,1000009584,20250520,1,1711,2,3,1,12000.00,1200.00,10800.00
5000011668,1000009586,20250520,1,1958,2,1,2,12000.00,2400.00,21600.00
5000011672,1000009590,20250520,2,2750,2,3,2,15000.00,0.00,30000.00
5000011677,1000009594,20250521,1,1078,2,1,1,12000.00,0.00,12000.00
5000011678,1000009594,20250521,2,1078,2,1,1,15000.00,0.00,15000.00
5000011680,1000009596,20250521,2,2448,2,2,2,15000.00,0.00,30000.00
5000011681,1000009597,20250521,1,2382,2,2,1,12000.00,1200.00,10800.00
5000011682,1000009598,20250521,2,2168,2,1,1,15000.00,0.00,15000.00
5000011683,1000009599,20250521,1,2934,2,2,2,12000.00,0.00,24000.00
5000011687,1000009603,20250521,1,2590,2,4,1,12000.00,0.00,12000.00
5000011688,1000009603,20250521,2,2590,2,4,4,15000.00,0.00,60000.00
5000011691,1000009605,20250521,1,1607,2,3,3,12000.00,0.00,36000.00
5000011700,1000009613,20250522,1,2940,2,4,2,12000.00,0.00,24000.00
5000011701,1000009614,20250522,1,2496,2,3,1,12000.00,0.00,12000.00
5000011702,1000009614,20250522,2,2496,2,3,3,15000.00,0.00,45000.00
5000011703,1000009615,20250522,1,1176,2,2,1,12000.00,0.00,12000.00
5000011704,1000009616,20250522,2,2941,2,4,1,15000.00,0.00,15000.00
5000011709,1000009621,20250522,2,2363,2,2,3,15000.00,0.00,45000.00
5000011711,1000009623,20250522,2,925,2,2,1,15000.00,0.00,15000.00
5000011712,1000009624,20250522,2,588,2,2,3,15000.00,0.00,45000.00
5000011713,1000009625,20250522,2,1505,2,1,1,15000.00,0.00,15000.00
5000011714,1000009626,20250522,1,949,2,3,3,12000.00,0.00,36000.00
5000011720,1000009632,20250523,2,2174,2,2,3,15000.00,0.00,45000.00
5000011722,1000009634,20250523,1,2945,2,1,1,12000.00,0.00,12000.00
5000011723,1000009634,20250523,2,2945,2,1,1,15000.00,0.00,15000.00
5000011724,1000009635,20250523,2,1930,2,1,2,15000.00,0.00,30000.00
5000011729,1000009639,20250523,1,2946,2,2,1,12000.00,0.00,12000.00
5000011730,1000009639,20250523,2,2946,2,2,1,15000.00,0.00,15000.00
5000011736,1000009644,20250524,2,555,2,2,1,15000.00,0.00,15000.00
5000011737,1000009645,20250524,2,2410,2,3,1,15000.00,1500.00,13500.00
5000011738,1000009646,20250524,1,2947,2,4,1,12000.00,0.00,12000.00
5000011741,1000009648,20250524,1,2835,2,2,1,12000.00,0.00,12000.00
5000011742,1000009648,20250524,2,2835,2,2,4,15000.00,0.00,60000.00
5000011743,1000009649,20250524,2,2948,2,2,1,15000.00,0.00,15000.00
5000011744,1000009650,20250524,1,308,2,2,2,12000.00,2400.00,21600.00
5000011745,1000009650,20250524,2,308,2,2,1,15000.00,1500.00,13500.00
5000011746,1000009651,20250524,1,1151,2,1,1,12000.00,0.00,12000.00
5000011747,1000009652,20250524,1,927,2,3,13,12000.00,23400.00,132600.00
5000011749,1000009654,20250524,2,2951,2,2,2,15000.00,0.00,30000.00
5000011750,1000009655,20250524,1,2952,2,3,2,12000.00,0.00,24000.00
5000011751,1000009655,20250524,2,2952,2,3,2,15000.00,0.00,30000.00
5000011752,1000009656,20250524,1,1843,2,3,4,12000.00,0.00,48000.00
5000011753,1000009657,20250524,1,2541,2,4,3,12000.00,0.00,36000.00
5000011754,1000009657,20250524,2,2541,2,4,2,15000.00,0.00,30000.00
5000011772,1000009674,20250526,1,2956,2,2,1,12000.00,0.00,12000.00
5000011773,1000009675,20250526,2,560,2,2,2,15000.00,0.00,30000.00
5000011777,1000009678,20250526,1,2957,2,2,2,12000.00,0.00,24000.00
5000011778,1000009679,20250526,2,2958,2,3,1,15000.00,1500.00,13500.00
5000011779,1000009680,20250526,2,2711,2,2,1,15000.00,0.00,15000.00
5000011782,1000009682,20250526,2,2959,2,3,1,15000.00,0.00,15000.00
5000011792,1000009691,20250527,1,1851,2,4,1,12000.00,0.00,12000.00
5000011793,1000009692,20250527,1,2899,2,2,2,12000.00,0.00,24000.00
5000011795,1000009694,20250527,1,2961,2,3,1,12000.00,0.00,12000.00
5000011796,1000009695,20250527,1,1671,2,2,2,12000.00,0.00,24000.00
5000011799,1000009697,20250527,1,2962,2,4,2,12000.00,0.00,24000.00
5000011800,1000009698,20250527,2,1493,2,1,1,15000.00,0.00,15000.00
5000011808,1000009705,20250528,1,2253,2,1,2,12000.00,0.00,24000.00
5000011810,1000009707,20250528,2,1569,2,1,2,15000.00,0.00,30000.00
5000011811,1000009708,20250528,1,2732,2,2,1,12000.00,0.00,12000.00
5000011813,1000009710,20250528,1,2391,2,2,1,12000.00,0.00,12000.00
5000011815,1000009712,20250528,2,317,2,2,1,15000.00,0.00,15000.00
5000011819,1000009715,20250528,1,665,2,3,1,12000.00,0.00,12000.00
5000011820,1000009715,20250528,2,665,2,3,1,15000.00,0.00,15000.00
5000011823,1000009718,20250529,1,1207,2,3,1,12000.00,0.00,12000.00
5000011824,1000009718,20250529,2,1207,2,3,1,15000.00,0.00,15000.00
5000011825,1000009719,20250529,1,1157,2,4,2,12000.00,2400.00,21600.00
5000011826,1000009719,20250529,2,1157,2,4,1,15000.00,1500.00,13500.00
5000011829,1000009721,20250529,1,961,2,1,1,12000.00,0.00,12000.00
5000011830,1000009721,20250529,2,961,2,1,2,15000.00,0.00,30000.00
5000011831,1000009722,20250529,2,2967,2,1,2,15000.00,0.00,30000.00
5000011838,1000009728,20250529,1,1988,2,4,1,12000.00,0.00,12000.00
5000011839,1000009728,20250529,2,1988,2,4,1,15000.00,0.00,15000.00
5000011842,1000009730,20250529,2,1327,2,4,3,15000.00,0.00,45000.00
5000011844,1000009732,20250529,1,2816,2,2,1,12000.00,0.00,12000.00
5000011846,1000009734,20250529,1,2120,2,3,1,12000.00,0.00,12000.00
5000011859,1000009742,20250530,2,2484,2,3,2,15000.00,0.00,30000.00
5000011861,1000009744,20250530,1,2969,2,1,1,12000.00,0.00,12000.00
5000011862,1000009745,20250530,2,215,2,1,2,15000.00,0.00,30000.00
5000011863,1000009746,20250530,1,185,2,1,2,12000.00,0.00,24000.00
5000011864,1000009746,20250530,2,185,2,1,4,15000.00,0.00,60000.00
5000011868,1000009750,20250531,1,1175,2,1,1,12000.00,0.00,12000.00
5000011871,1000009753,20250531,1,516,2,3,3,12000.00,0.00,36000.00
5000011873,1000009755,20250531,2,2163,2,1,1,15000.00,0.00,15000.00
5000011874,1000009756,20250531,1,1272,2,2,2,12000.00,0.00,24000.00
5000011875,1000009757,20250531,2,1121,2,2,1,15000.00,0.00,15000.00
5000011876,1000009758,20250531,1,2914,2,3,1,12000.00,0.00,12000.00
5000011877,1000009758,20250531,2,2914,2,3,2,15000.00,0.00,30000.00
5000011900,1000009778,20250602,2,2978,2,2,1,15000.00,0.00,15000.00
5000011902,1000009780,20250602,2,2318,2,3,2,15000.00,0.00,30000.00
5000011903,1000009781,20250602,1,2821,2,4,1,12000.00,0.00,12000.00
5000011905,1000009783,20250602,1,2979,2,4,1,12000.00,1200.00,10800.00
5000011906,1000009783,20250602,2,2979,2,4,2,15000.00,3000.00,27000.00
5000011910,1000009787,20250602,1,2699,2,3,2,12000.00,0.00,24000.00
5000011911,1000009787,20250602,2,2699,2,3,1,15000.00,0.00,15000.00
5000011912,1000009788,20250602,2,2172,2,1,2,15000.00,0.00,30000.00
5000011925,1000009799,20250603,1,2507,2,3,3,12000.00,0.00,36000.00
5000011927,1000009801,20250603,1,1631,2,2,2,12000.00,0.00,24000.00
5000011928,1000009802,20250603,1,291,2,2,4,12000.00,4800.00,43200.00
5000011929,1000009802,20250603,2,291,2,2,3,15000.00,4500.00,40500.00
5000011930,1000009803,20250603,1,2566,2,1,2,12000.00,0.00,24000.00
5000011931,1000009804,20250603,2,2982,2,1,1,15000.00,0.00,15000.00
5000011932,1000009805,20250603,1,1484,2,1,1,12000.00,0.00,12000.00
5000011933,1000009805,20250603,2,1484,2,1,2,15000.00,0.00,30000.00
5000011936,1000009807,20250603,1,1155,2,2,2,12000.00,2400.00,21600.00
5000011938,1000009809,20250603,1,2406,2,1,2,12000.00,0.00,24000.00
5000011941,1000009812,20250603,1,1138,2,1,4,12000.00,0.00,48000.00
5000011943,1000009814,20250603,2,2644,2,3,1,15000.00,0.00,15000.00
5000011944,1000009815,20250603,1,1664,2,1,1,12000.00,0.00,12000.00
5000011945,1000009815,20250603,2,1664,2,1,1,15000.00,0.00,15000.00
5000011952,1000009821,20250604,1,492,2,4,2,12000.00,0.00,24000.00
5000011958,1000009826,20250604,1,441,2,2,1,12000.00,0.00,12000.00
5000011962,1000009830,20250605,1,143,2,2,4,12000.00,0.00,48000.00
5000011966,1000009833,20250605,2,1512,2,2,1,15000.00,0.00,15000.00
5000011968,1000009835,20250605,2,2991,2,3,1,15000.00,1500.00,13500.00
5000011969,1000009836,20250605,1,2992,2,3,4,12000.00,0.00,48000.00
5000011970,1000009837,20250605,1,2321,2,1,2,12000.00,2400.00,21600.00
5000011977,1000009842,20250605,2,326,2,4,1,15000.00,1500.00,13500.00
5000011979,1000009844,20250605,1,1954,2,1,3,12000.00,0.00,36000.00
5000011980,1000009844,20250605,2,1954,2,1,1,15000.00,0.00,15000.00
5000011981,1000009845,20250605,1,1757,2,2,1,12000.00,0.00,12000.00
5000011982,1000009845,20250605,2,1757,2,2,2,15000.00,0.00,30000.00
5000011983,1000009846,20250605,1,2995,2,3,1,12000.00,0.00,12000.00
5000011984,1000009846,20250605,2,2995,2,3,2,15000.00,0.00,30000.00
5000011994,1000009854,20250606,2,1435,2,4,1,15000.00,0.00,15000.00
5000011995,1000009855,20250606,1,219,2,3,2,12000.00,0.00,24000.00
5000011996,1000009856,20250606,1,2418,2,1,3,12000.00,0.00,36000.00
5000011998,1000009858,20250606,2,2740,2,1,1,15000.00,0.00,15000.00
5000011999,1000009859,20250606,2,2055,2,1,1,15000.00,0.00,15000.00
5000012000,1000009860,20250606,2,2998,2,1,2,15000.00,0.00,30000.00
5000012001,1000009861,20250606,2,2486,2,2,3,15000.00,0.00,45000.00
5000012002,1000009862,20250606,1,2999,2,3,1,12000.00,0.00,12000.00
5000012003,1000009863,20250606,2,2655,2,4,1,15000.00,0.00,15000.00
5000012004,1000009864,20250606,1,1940,2,2,3,12000.00,0.00,36000.00
5000012006,1000009866,20250606,1,1989,2,1,2,12000.00,0.00,24000.00
5000012007,1000009866,20250606,2,1989,2,1,1,15000.00,0.00,15000.00
5000012009,1000009868,20250606,2,651,2,1,4,15000.00,0.00,60000.00
5000012011,1000009870,20250606,2,1385,2,2,1,15000.00,0.00,15000.00
5000012012,1000009871,20250606,1,3002,2,3,2,12000.00,0.00,24000.00
5000012014,1000009873,20250606,1,2950,2,3,1,12000.00,0.00,12000.00
5000012015,1000009873,20250606,2,2950,2,3,1,15000.00,0.00,15000.00
5000012016,1000009874,20250606,1,1377,2,4,1,12000.00,0.00,12000.00
5000012018,1000009876,20250606,1,40,2,1,1,12000.00,0.00,12000.00
5000012019,1000009876,20250606,2,40,2,1,1,15000.00,0.00,15000.00
5000012023,1000009880,20250607,1,1334,2,4,1,12000.00,1200.00,10800.00
5000012024,1000009881,20250607,2,2367,2,4,2,15000.00,0.00,30000.00
5000012027,1000009883,20250607,1,1803,2,1,4,12000.00,0.00,48000.00
5000012028,1000009884,20250607,2,2689,2,1,1,15000.00,0.00,15000.00
5000012029,1000009885,20250607,1,2465,2,4,1,12000.00,0.00,12000.00
5000012030,1000009885,20250607,2,2465,2,4,4,15000.00,0.00,60000.00
5000012031,1000009886,20250607,1,2728,2,3,1,12000.00,0.00,12000.00
5000012032,1000009887,20250607,1,1900,2,2,2,12000.00,0.00,24000.00
5000012033,1000009888,20250607,2,1655,2,3,1,15000.00,0.00,15000.00
5000012034,1000009889,20250607,2,897,2,2,3,15000.00,0.00,45000.00
5000012035,1000009890,20250607,2,2039,2,2,1,15000.00,0.00,15000.00
5000012036,1000009891,20250607,2,769,2,3,2,15000.00,0.00,30000.00
5000012038,1000009893,20250607,2,2192,2,1,1,15000.00,0.00,15000.00
5000012039,1000009894,20250607,1,2140,2,3,2,12000.00,0.00,24000.00
5000012040,1000009894,20250607,2,2140,2,3,3,15000.00,0.00,45000.00
5000012041,1000009895,20250607,2,3005,2,3,2,15000.00,0.00,30000.00
5000012042,1000009896,20250607,2,3004,2,4,1,15000.00,0.00,15000.00
5000012043,1000009897,20250607,2,3006,2,3,3,15000.00,4500.00,40500.00
5000012045,1000009899,20250607,2,1808,2,2,1,15000.00,1500.00,13500.00
5000012047,1000009901,20250607,2,1041,2,3,1,15000.00,0.00,15000.00
5000012050,1000009903,20250607,2,1870,2,3,1,15000.00,0.00,15000.00
5000012051,1000009904,20250607,2,2157,2,2,1,15000.00,0.00,15000.00
5000012052,1000009905,20250607,1,3007,2,3,1,12000.00,0.00,12000.00
5000012053,1000009905,20250607,2,3007,2,3,1,15000.00,0.00,15000.00
5000012054,1000009906,20250607,1,3008,2,3,1,12000.00,0.00,12000.00
5000012056,1000009908,20250607,2,388,2,4,4,15000.00,0.00,60000.00
5000012057,1000009909,20250607,1,2156,2,2,1,12000.00,0.00,12000.00
5000012059,1000009911,20250607,2,510,2,3,1,15000.00,0.00,15000.00
5000012061,1000009913,20250607,1,2176,2,1,1,12000.00,0.00,12000.00
5000012062,1000009914,20250607,2,2684,2,2,3,15000.00,0.00,45000.00
5000012063,1000009915,20250607,1,1051,2,3,1,12000.00,0.00,12000.00
5000012064,1000009916,20250607,1,2493,2,2,2,12000.00,0.00,24000.00
5000012099,1000009943,20250609,1,3017,2,2,2,12000.00,0.00,24000.00
5000012108,1000009949,20250609,1,3019,2,4,1,12000.00,0.00,12000.00
5000012109,1000009950,20250609,2,2527,2,3,1,15000.00,0.00,15000.00
5000012112,1000009953,20250609,2,1747,2,2,1,15000.00,0.00,15000.00
5000012120,1000009959,20250609,2,504,2,4,1,15000.00,0.00,15000.00
5000012133,1000009971,20250610,1,2215,2,1,2,12000.00,0.00,24000.00
5000012134,1000009972,20250610,1,338,2,1,3,12000.00,0.00,36000.00
5000012135,1000009972,20250610,2,338,2,1,1,15000.00,0.00,15000.00
5000012137,1000009974,20250610,2,1112,2,1,4,15000.00,0.00,60000.00
5000012145,1000009981,20250610,1,3025,2,4,4,12000.00,0.00,48000.00
5000012146,1000009981,20250610,2,3025,2,4,1,15000.00,0.00,15000.00
5000012147,1000009982,20250610,2,2426,2,1,3,15000.00,0.00,45000.00
5000012148,1000009983,20250610,2,3027,2,2,2,15000.00,0.00,30000.00
5000012152,1000009986,20250610,1,1269,2,4,1,12000.00,1200.00,10800.00
5000012153,1000009987,20250610,1,1586,2,1,1,12000.00,0.00,12000.00
5000012154,1000009987,20250610,2,1586,2,1,1,15000.00,0.00,15000.00
5000012157,1000009990,20250610,1,2787,2,3,4,12000.00,0.00,48000.00
5000012165,1000009996,20250611,2,1776,2,3,1,15000.00,0.00,15000.00
5000012167,1000009998,20250611,2,2481,2,1,3,15000.00,0.00,45000.00
5000012169,1000010000,20250611,1,3033,2,4,2,12000.00,0.00,24000.00
5000012170,1000010000,20250611,2,3033,2,4,3,15000.00,0.00,45000.00
5000012173,1000010003,20250611,2,1489,2,2,1,15000.00,0.00,15000.00
5000012174,1000010004,20250611,2,3034,2,2,1,15000.00,0.00,15000.00
5000012175,1000010005,20250611,1,2905,2,1,3,12000.00,0.00,36000.00
5000012176,1000010005,20250611,2,2905,2,1,3,15000.00,0.00,45000.00
5000012179,1000010008,20250611,2,1613,2,1,1,15000.00,0.00,15000.00
5000012180,1000010009,20250611,2,2482,2,2,1,15000.00,0.00,15000.00
5000012184,1000010013,20250611,1,2775,2,1,3,12000.00,0.00,36000.00
5000012186,1000010015,20250611,1,2250,2,2,1,12000.00,0.00,12000.00
5000012187,1000010016,20250611,2,2152,2,4,2,15000.00,0.00,30000.00
5000012188,1000010017,20250611,1,1594,2,3,1,12000.00,0.00,12000.00
5000012189,1000010018,20250611,1,2899,2,2,2,12000.00,0.00,24000.00
5000012201,1000010027,20250612,1,630,2,4,2,12000.00,0.00,24000.00
5000012202,1000010028,20250612,2,463,2,3,2,15000.00,0.00,30000.00
5000012204,1000010030,20250612,2,617,2,4,3,15000.00,0.00,45000.00
5000012205,1000010031,20250612,2,2167,2,4,1,15000.00,0.00,15000.00
5000012207,1000010033,20250612,2,1697,2,4,2,15000.00,0.00,30000.00
5000012211,1000010036,20250612,1,3040,2,4,2,12000.00,0.00,24000.00
5000012213,1000010038,20250612,2,1156,2,2,1,15000.00,0.00,15000.00
5000012214,1000010039,20250612,1,1488,2,3,1,12000.00,0.00,12000.00
5000012215,1000010039,20250612,2,1488,2,3,2,15000.00,0.00,30000.00
5000012218,1000010041,20250612,2,600,2,2,3,15000.00,0.00,45000.00
5000012231,1000010052,20250613,1,1904,2,2,2,12000.00,0.00,24000.00
5000012233,1000010054,20250613,2,3044,2,2,2,15000.00,0.00,30000.00
5000012234,1000010055,20250613,2,728,2,1,3,15000.00,0.00,45000.00
5000012237,1000010057,20250613,1,2638,2,4,2,12000.00,0.00,24000.00
5000012240,1000010060,20250613,2,1589,2,1,1,15000.00,0.00,15000.00
5000012244,1000010064,20250613,1,2315,2,3,1,12000.00,0.00,12000.00
5000012245,1000010064,20250613,2,2315,2,3,2,15000.00,0.00,30000.00
5000012249,1000010067,20250614,2,1814,2,4,2,15000.00,0.00,30000.00
5000012250,1000010068,20250614,2,1466,2,2,4,15000.00,0.00,60000.00
5000012251,1000010069,20250614,1,1839,2,4,1,12000.00,0.00,12000.00
5000012252,1000010069,20250614,2,1839,2,4,1,15000.00,0.00,15000.00
5000012254,1000010071,20250614,2,2556,2,1,3,15000.00,0.00,45000.00
5000012255,1000010072,20250614,2,1146,2,4,1,15000.00,0.00,15000.00
5000012256,1000010073,20250614,2,236,2,2,1,15000.00,0.00,15000.00
5000012257,1000010074,20250614,2,3046,2,1,1,15000.00,0.00,15000.00
5000012258,1000010075,20250614,1,3047,2,1,2,12000.00,0.00,24000.00
5000012259,1000010075,20250614,2,3047,2,1,1,15000.00,0.00,15000.00
5000012260,1000010076,20250614,2,2460,2,4,1,15000.00,0.00,15000.00
5000012261,1000010077,20250614,1,158,2,3,3,12000.00,0.00,36000.00
5000012262,1000010078,20250614,2,3048,2,2,1,15000.00,0.00,15000.00
5000012263,1000010079,20250614,2,1328,2,2,1,15000.00,0.00,15000.00
5000012264,1000010080,20250614,2,907,2,3,2,15000.00,0.00,30000.00
5000012267,1000010083,20250614,1,2129,2,1,2,12000.00,0.00,24000.00
5000012268,1000010084,20250614,1,2889,2,2,3,12000.00,0.00,36000.00
5000010240,1000008416,20250323,2,2669,1,,1,15000.00,0.00,15000.00
5000010241,1000008417,20250323,1,2510,1,,2,12000.00,0.00,24000.00
5000010242,1000008417,20250323,2,2510,1,,1,15000.00,0.00,15000.00
5000010243,1000008418,20250323,1,622,1,,4,12000.00,0.00,48000.00
5000010244,1000008419,20250323,2,161,1,,1,15000.00,0.00,15000.00
5000010245,1000008420,20250324,1,1093,1,,1,12000.00,0.00,12000.00
5000010246,1000008420,20250324,2,1093,1,,1,15000.00,0.00,15000.00
5000010247,1000008421,20250324,1,1969,1,,1,12000.00,0.00,12000.00
5000010248,1000008422,20250324,1,348,1,,1,12000.00,0.00,12000.00
5000010249,1000008423,20250324,2,2670,1,,3,15000.00,0.00,45000.00
5000010252,1000008426,20250324,1,579,1,,1,12000.00,0.00,12000.00
5000010253,1000008427,20250324,2,708,1,,1,15000.00,0.00,15000.00
5000010255,1000008429,20250324,1,1638,1,,4,12000.00,0.00,48000.00
5000010256,1000008429,20250324,2,1638,1,,1,15000.00,0.00,15000.00
5000010259,1000008431,20250324,1,2672,1,,1,12000.00,0.00,12000.00
5000010260,1000008432,20250324,1,783,1,,1,12000.00,0.00,12000.00
5000010261,1000008433,20250324,1,2673,1,,1,12000.00,0.00,12000.00
5000010262,1000008433,20250324,2,2673,1,,2,15000.00,0.00,30000.00
5000010265,1000008436,20250324,1,1409,1,,1,12000.00,0.00,12000.00
5000010266,1000008436,20250324,2,1409,1,,2,15000.00,0.00,30000.00
5000010267,1000008437,20250324,1,1207,1,,2,12000.00,0.00,24000.00
5000010268,1000008437,20250324,2,1207,1,,2,15000.00,0.00,30000.00
5000010270,1000008439,20250324,1,1075,1,,2,12000.00,0.00,24000.00
5000010271,1000008440,20250324,1,1105,1,,1,12000.00,0.00,12000.00
5000010272,1000008441,20250324,1,2674,1,,1,12000.00,0.00,12000.00
5000010274,1000008443,20250325,2,68,1,,1,15000.00,1500.00,13500.00
5000010279,1000008447,20250325,2,1420,1,,4,15000.00,0.00,60000.00
5000010281,1000008449,20250325,1,2357,1,,2,12000.00,2400.00,21600.00
5000010282,1000008450,20250325,2,1501,1,,1,15000.00,0.00,15000.00
5000010283,1000008451,20250325,2,2676,1,,1,15000.00,0.00,15000.00
5000010284,1000008452,20250325,2,2515,1,,4,15000.00,0.00,60000.00
5000010285,1000008453,20250325,1,222,1,,1,12000.00,0.00,12000.00
5000010289,1000008457,20250325,1,335,1,,1,12000.00,0.00,12000.00
5000010290,1000008458,20250325,1,1973,1,,4,12000.00,0.00,48000.00
5000010291,1000008459,20250325,1,2678,1,,1,12000.00,0.00,12000.00
5000010292,1000008460,20250325,2,404,1,,1,15000.00,0.00,15000.00
5000010293,1000008461,20250325,1,2378,1,,4,12000.00,2400.00,45600.00
5000010294,1000008462,20250326,1,2455,1,,1,12000.00,0.00,12000.00
5000010295,1000008463,20250326,2,2443,1,,2,15000.00,0.00,30000.00
5000010297,1000008465,20250326,1,497,1,,4,12000.00,0.00,48000.00
5000010298,1000008465,20250326,2,497,1,,2,15000.00,0.00,30000.00
5000010299,1000008466,20250326,1,2679,1,,1,12000.00,0.00,12000.00
5000010300,1000008466,20250326,2,2679,1,,3,15000.00,0.00,45000.00
5000010302,1000008468,20250326,1,1285,1,,1,12000.00,0.00,12000.00
5000010303,1000008469,20250326,2,213,1,,1,15000.00,0.00,15000.00
5000010307,1000008473,20250326,1,1814,1,,1,12000.00,0.00,12000.00
5000010308,1000008473,20250326,2,1814,1,,1,15000.00,0.00,15000.00
5000010309,1000008474,20250326,1,2680,1,,2,12000.00,0.00,24000.00
5000010310,1000008475,20250326,1,1780,1,,1,12000.00,0.00,12000.00
5000010311,1000008476,20250327,1,2681,1,,4,12000.00,0.00,48000.00
5000010312,1000008476,20250327,2,2681,1,,3,15000.00,0.00,45000.00
5000010313,1000008477,20250327,1,2352,1,,1,12000.00,0.00,12000.00
5000010314,1000008478,20250327,1,1225,1,,2,12000.00,0.00,24000.00
5000010315,1000008478,20250327,2,1225,1,,1,15000.00,0.00,15000.00
5000010316,1000008479,20250327,1,1118,1,,4,12000.00,0.00,48000.00
5000010318,1000008481,20250327,2,296,1,,4,15000.00,3000.00,57000.00
5000010321,1000008484,20250327,2,2336,1,,1,15000.00,0.00,15000.00
5000010323,1000008486,20250327,1,2437,1,,1,12000.00,0.00,12000.00
5000010326,1000008488,20250327,2,1890,1,,2,15000.00,0.00,30000.00
5000010327,1000008489,20250327,2,1279,1,,1,15000.00,0.00,15000.00
5000010330,1000008491,20250327,2,1187,1,,1,15000.00,0.00,15000.00
5000010332,1000008493,20250327,1,1367,1,,1,12000.00,0.00,12000.00
5000010333,1000008493,20250327,2,1367,1,,1,15000.00,0.00,15000.00
5000010334,1000008494,20250327,1,852,1,,1,12000.00,0.00,12000.00
5000010336,1000008496,20250328,1,2682,1,,1,12000.00,0.00,12000.00
5000010338,1000008498,20250328,2,2683,1,,4,15000.00,0.00,60000.00
5000010342,1000008502,20250328,1,2189,1,,1,12000.00,0.00,12000.00
5000010343,1000008502,20250328,2,2189,1,,2,15000.00,0.00,30000.00
5000010344,1000008503,20250328,2,340,1,,1,15000.00,0.00,15000.00
5000010346,1000008505,20250328,2,2289,1,,1,15000.00,0.00,15000.00
5000010348,1000008507,20250328,1,1304,1,,2,12000.00,0.00,24000.00
5000010352,1000008511,20250328,1,11,1,,3,12000.00,0.00,36000.00
5000010353,1000008512,20250328,1,2684,1,,1,12000.00,0.00,12000.00
5000010354,1000008512,20250328,2,2684,1,,2,15000.00,0.00,30000.00
5000010358,1000008515,20250328,2,2184,1,,3,15000.00,0.00,45000.00
5000010359,1000008516,20250329,1,2636,1,,1,12000.00,0.00,12000.00
5000010360,1000008516,20250329,2,2636,1,,1,15000.00,0.00,15000.00
5000010364,1000008520,20250329,2,2051,1,,3,15000.00,0.00,45000.00
5000010366,1000008522,20250329,1,2686,1,,2,12000.00,0.00,24000.00
5000010367,1000008523,20250329,1,2218,1,,1,12000.00,0.00,12000.00
5000010370,1000008525,20250329,2,2687,1,,4,15000.00,0.00,60000.00
5000010373,1000008527,20250329,2,728,1,,2,15000.00,0.00,30000.00
5000010377,1000008530,20250329,1,1978,1,,1,12000.00,0.00,12000.00
5000010378,1000008530,20250329,2,1978,1,,1,15000.00,0.00,15000.00
5000010379,1000008531,20250329,2,2093,1,,1,15000.00,0.00,15000.00
5000010380,1000008532,20250330,1,2258,1,,2,12000.00,0.00,24000.00
5000010381,1000008533,20250330,1,666,1,,1,12000.00,0.00,12000.00
5000010382,1000008534,20250330,1,2080,1,,1,12000.00,0.00,12000.00
5000010383,1000008535,20250330,1,2689,1,,4,12000.00,0.00,48000.00
5000010384,1000008536,20250330,1,1734,1,,3,12000.00,0.00,36000.00
5000010385,1000008537,20250330,1,2690,1,,3,12000.00,0.00,36000.00
5000010386,1000008538,20250330,1,1897,1,,1,12000.00,0.00,12000.00
5000010387,1000008539,20250330,2,1239,1,,2,15000.00,0.00,30000.00
5000010388,1000008540,20250330,2,2038,1,,1,15000.00,0.00,15000.00
5000010389,1000008541,20250330,1,1194,1,,1,12000.00,0.00,12000.00
5000010390,1000008542,20250330,1,2691,1,,1,12000.00,0.00,12000.00
5000010391,1000008542,20250330,2,2691,1,,1,15000.00,0.00,15000.00
5000010392,1000008543,20250330,1,2693,1,,2,12000.00,1200.00,22800.00
5000010393,1000008544,20250330,2,2694,1,,1,15000.00,0.00,15000.00
5000010394,1000008545,20250330,1,2695,1,,3,12000.00,1800.00,34200.00
5000010395,1000008545,20250330,2,2695,1,,3,15000.00,2250.00,42750.00
5000010396,1000008546,20250331,1,2696,1,,3,12000.00,0.00,36000.00
5000010397,1000008547,20250331,1,2697,1,,2,12000.00,0.00,24000.00
5000010398,1000008548,20250331,1,706,1,,3,12000.00,0.00,36000.00
5000010399,1000008548,20250331,2,706,1,,1,15000.00,0.00,15000.00
5000010400,1000008549,20250331,1,2260,1,,1,12000.00,0.00,12000.00
5000010402,1000008551,20250331,1,2698,1,,1,12000.00,0.00,12000.00
5000010403,1000008552,20250331,1,1802,1,,3,12000.00,0.00,36000.00
5000010411,1000008558,20250331,1,2434,1,,1,12000.00,0.00,12000.00
5000010412,1000008558,20250331,2,2434,1,,4,15000.00,0.00,60000.00
5000010414,1000008560,20250331,2,913,1,,4,15000.00,0.00,60000.00
5000010415,1000008561,20250331,1,703,1,,3,12000.00,0.00,36000.00
5000010416,1000008562,20250331,1,73,1,,2,12000.00,0.00,24000.00
5000010418,1000008564,20250401,1,2209,1,,2,12000.00,0.00,24000.00
5000010419,1000008565,20250401,2,2704,1,,1,15000.00,0.00,15000.00
5000010420,1000008566,20250401,2,2134,1,,1,15000.00,750.00,14250.00
5000010421,1000008567,20250401,2,2705,1,,1,15000.00,0.00,15000.00
5000010422,1000008568,20250401,1,1345,1,,1,12000.00,0.00,12000.00
5000010423,1000008569,20250401,1,2706,1,,2,12000.00,0.00,24000.00
5000010424,1000008569,20250401,2,2706,1,,1,15000.00,0.00,15000.00
5000010425,1000008570,20250401,1,2035,1,,2,12000.00,0.00,24000.00
5000010426,1000008571,20250401,1,2130,1,,2,12000.00,1200.00,22800.00
5000010432,1000008576,20250401,2,1849,1,,1,15000.00,0.00,15000.00
5000010433,1000008577,20250401,1,1500,1,,1,12000.00,0.00,12000.00
5000010434,1000008578,20250401,2,1360,1,,1,15000.00,0.00,15000.00
5000010435,1000008579,20250401,2,2012,1,,1,15000.00,0.00,15000.00
5000010436,1000008580,20250402,1,2710,1,,1,12000.00,0.00,12000.00
5000010437,1000008580,20250402,2,2710,1,,3,15000.00,0.00,45000.00
5000010438,1000008581,20250402,1,2441,1,,4,12000.00,0.00,48000.00
5000010439,1000008581,20250402,2,2441,1,,1,15000.00,0.00,15000.00
5000010440,1000008582,20250402,1,2020,1,,1,12000.00,0.00,12000.00
5000010441,1000008583,20250402,2,2105,1,,3,15000.00,0.00,45000.00
5000010444,1000008586,20250402,1,1576,1,,1,12000.00,0.00,12000.00
5000010445,1000008586,20250402,2,1576,1,,1,15000.00,0.00,15000.00
5000010446,1000008587,20250402,2,836,1,,2,15000.00,0.00,30000.00
5000010449,1000008590,20250402,1,1077,1,,1,12000.00,0.00,12000.00
5000010450,1000008591,20250402,1,2713,1,,1,12000.00,0.00,12000.00
5000010451,1000008591,20250402,2,2713,1,,3,15000.00,0.00,45000.00
5000010453,1000008593,20250402,2,2714,1,,1,15000.00,0.00,15000.00
5000010455,1000008595,20250402,2,1794,1,,1,15000.00,0.00,15000.00
5000010456,1000008596,20250402,2,2036,1,,2,15000.00,0.00,30000.00
5000010459,1000008598,20250402,1,1847,1,,1,12000.00,0.00,12000.00
5000010460,1000008599,20250402,1,2715,1,,1,12000.00,0.00,12000.00
5000010461,1000008599,20250402,2,2715,1,,1,15000.00,0.00,15000.00
5000010462,1000008600,20250402,1,447,1,,8,12000.00,14400.00,81600.00
5000010463,1000008601,20250403,1,2638,1,,2,12000.00,1200.00,22800.00
5000010464,1000008602,20250403,1,2716,1,,1,12000.00,0.00,12000.00
5000010465,1000008603,20250403,1,41,1,,4,12000.00,0.00,48000.00
5000010470,1000008607,20250403,1,644,1,,1,12000.00,0.00,12000.00
5000010481,1000008614,20250403,2,1947,1,,2,15000.00,0.00,30000.00
5000010482,1000008615,20250403,1,1339,1,,1,12000.00,0.00,12000.00
5000010485,1000008618,20250403,1,2717,1,,1,12000.00,0.00,12000.00
5000010486,1000008618,20250403,2,2717,1,,1,15000.00,0.00,15000.00
5000010487,1000008619,20250404,1,1432,1,,4,12000.00,0.00,48000.00
5000010488,1000008619,20250404,2,1432,1,,1,15000.00,0.00,15000.00
5000010489,1000008620,20250404,1,402,1,,2,12000.00,0.00,24000.00
5000010492,1000008623,20250404,1,2718,1,,1,12000.00,0.00,12000.00
5000010493,1000008624,20250404,2,2270,1,,2,15000.00,0.00,30000.00
5000010495,1000008626,20250404,2,2371,1,,1,15000.00,0.00,15000.00
5000010500,1000008630,20250404,2,2669,1,,3,15000.00,0.00,45000.00
5000010501,1000008631,20250404,2,1834,1,,4,15000.00,0.00,60000.00
5000010507,1000008636,20250404,1,2274,1,,1,12000.00,0.00,12000.00
5000010508,1000008637,20250404,2,2063,1,,3,15000.00,0.00,45000.00
5000010509,1000008638,20250405,1,2719,1,,2,12000.00,0.00,24000.00
5000010510,1000008639,20250405,1,2514,1,,2,12000.00,0.00,24000.00
5000010511,1000008640,20250405,1,2720,1,,1,12000.00,0.00,12000.00
5000010515,1000008644,20250405,1,578,1,,2,12000.00,0.00,24000.00
5000010516,1000008644,20250405,2,578,1,,1,15000.00,0.00,15000.00
5000010517,1000008645,20250405,2,2221,1,,3,15000.00,0.00,45000.00
5000010519,1000008647,20250405,2,715,1,,1,15000.00,0.00,15000.00
5000010521,1000008649,20250405,1,2723,1,,2,12000.00,0.00,24000.00
5000010522,1000008650,20250405,1,1407,1,,1,12000.00,0.00,12000.00
5000010525,1000008652,20250405,1,469,1,,2,12000.00,0.00,24000.00
5000010526,1000008653,20250405,1,2005,1,,1,12000.00,0.00,12000.00
5000010527,1000008653,20250405,2,2005,1,,1,15000.00,0.00,15000.00
5000010528,1000008654,20250405,1,1337,1,,2,12000.00,0.00,24000.00
5000010529,1000008655,20250406,2,2462,1,,1,15000.00,0.00,15000.00
5000010530,1000008656,20250406,1,2724,1,,2,12000.00,0.00,24000.00
5000010531,1000008657,20250406,1,369,1,,3,12000.00,0.00,36000.00
5000010532,1000008658,20250406,1,965,1,,1,12000.00,0.00,12000.00
5000010533,1000008659,20250406,1,2726,1,,1,12000.00,0.00,12000.00
5000010534,1000008660,20250406,2,2728,1,,2,15000.00,0.00,30000.00
5000010535,1000008661,20250406,1,1665,1,,1,12000.00,0.00,12000.00
5000010536,1000008662,20250406,1,2095,1,,1,12000.00,0.00,12000.00
5000010537,1000008663,20250406,1,1370,1,,2,12000.00,0.00,24000.00
5000010538,1000008664,20250406,2,122,1,,3,15000.00,0.00,45000.00
5000010539,1000008665,20250406,2,2729,1,,2,15000.00,0.00,30000.00
5000010540,1000008666,20250406,1,2182,1,,1,12000.00,0.00,12000.00
5000010541,1000008667,20250406,1,1479,1,,4,12000.00,0.00,48000.00
5000010542,1000008668,20250406,1,1866,1,,1,12000.00,0.00,12000.00
5000010543,1000008669,20250406,1,1808,1,,1,12000.00,0.00,12000.00
5000010544,1000008669,20250406,2,1808,1,,2,15000.00,0.00,30000.00
5000010545,1000008670,20250406,2,2730,1,,2,15000.00,0.00,30000.00
5000010546,1000008671,20250406,1,2092,1,,1,12000.00,0.00,12000.00
5000010547,1000008672,20250406,1,2190,1,,2,12000.00,0.00,24000.00
5000010548,1000008673,20250406,1,1456,1,,1,12000.00,0.00,12000.00
5000010549,1000008674,20250406,1,1306,1,,1,12000.00,0.00,12000.00
5000010555,1000008679,20250407,1,2733,1,,6,12000.00,10800.00,61200.00
5000010556,1000008680,20250407,1,1660,1,,1,12000.00,0.00,12000.00
5000010557,1000008680,20250407,2,1660,1,,1,15000.00,0.00,15000.00
5000010558,1000008681,20250407,1,1541,1,,3,12000.00,0.00,36000.00
5000010559,1000008682,20250407,1,1796,1,,2,12000.00,0.00,24000.00
5000010560,1000008683,20250407,2,46,1,,1,15000.00,0.00,15000.00
5000010561,1000008684,20250407,1,629,1,,1,12000.00,0.00,12000.00
5000010562,1000008684,20250407,2,629,1,,1,15000.00,0.00,15000.00
5000010563,1000008685,20250407,1,1637,1,,1,12000.00,0.00,12000.00
5000010564,1000008686,20250408,1,871,1,,1,12000.00,1200.00,10800.00
5000010565,1000008687,20250408,1,572,1,,1,12000.00,0.00,12000.00
5000010566,1000008688,20250408,1,2111,1,,1,12000.00,1200.00,10800.00
5000010567,1000008689,20250408,1,770,1,,3,12000.00,3600.00,32400.00
5000010568,1000008690,20250408,1,1002,1,,1,12000.00,0.00,12000.00
5000010569,1000008691,20250408,1,2735,1,,1,12000.00,0.00,12000.00
5000010570,1000008691,20250408,2,2735,1,,4,15000.00,0.00,60000.00
5000010572,1000008693,20250408,1,89,1,,2,12000.00,0.00,24000.00
5000010577,1000008697,20250408,2,1892,1,,1,15000.00,0.00,15000.00
5000010578,1000008698,20250408,1,2738,1,,2,12000.00,0.00,24000.00
5000010579,1000008698,20250408,2,2738,1,,1,15000.00,0.00,15000.00
5000010580,1000008699,20250408,1,2737,1,,1,12000.00,1200.00,10800.00
5000010581,1000008699,20250408,2,2737,1,,1,15000.00,1500.00,13500.00
5000010583,1000008701,20250408,1,2739,1,,3,12000.00,0.00,36000.00
5000010587,1000008704,20250408,1,1773,1,,1,12000.00,0.00,12000.00
5000010588,1000008704,20250408,2,1773,1,,1,15000.00,0.00,15000.00
5000010589,1000008705,20250408,2,1273,1,,4,15000.00,6000.00,54000.00
5000010590,1000008706,20250408,1,1882,1,,1,12000.00,0.00,12000.00
5000010591,1000008706,20250408,2,1882,1,,1,15000.00,0.00,15000.00
5000010592,1000008707,20250408,2,156,1,,1,15000.00,0.00,15000.00
5000010594,1000008709,20250408,1,514,1,,1,12000.00,1200.00,10800.00
5000010595,1000008710,20250408,1,2114,1,,1,12000.00,1200.00,10800.00
5000010596,1000008710,20250408,2,2114,1,,2,15000.00,3000.00,27000.00
5000010598,1000008712,20250408,1,1756,1,,1,12000.00,0.00,12000.00
5000010599,1000008712,20250408,2,1756,1,,2,15000.00,0.00,30000.00
5000010601,1000008714,20250408,1,1607,1,,3,12000.00,0.00,36000.00
5000010602,1000008714,20250408,2,1607,1,,1,15000.00,0.00,15000.00
5000010603,1000008715,20250408,1,1864,1,,1,12000.00,0.00,12000.00
5000010604,1000008715,20250408,2,1864,1,,1,15000.00,0.00,15000.00
5000010605,1000008716,20250408,2,2565,1,,1,15000.00,0.00,15000.00
5000010606,1000008717,20250408,1,1606,1,,2,12000.00,0.00,24000.00
5000010607,1000008718,20250408,1,2454,1,,2,12000.00,0.00,24000.00
5000010608,1000008719,20250408,1,653,1,,1,12000.00,0.00,12000.00
5000010609,1000008720,20250408,1,2742,1,,3,12000.00,0.00,36000.00
5000010610,1000008721,20250409,1,425,1,,1,12000.00,0.00,12000.00
5000010611,1000008721,20250409,2,425,1,,1,15000.00,0.00,15000.00
5000010612,1000008722,20250409,1,2411,1,,3,12000.00,0.00,36000.00
5000010613,1000008723,20250409,2,411,1,,1,15000.00,0.00,15000.00
5000010614,1000008724,20250409,2,1001,1,,1,15000.00,0.00,15000.00
5000010615,1000008725,20250409,1,2681,1,,3,12000.00,0.00,36000.00
5000010616,1000008726,20250409,2,2743,1,,2,15000.00,0.00,30000.00
5000010618,1000008728,20250409,2,2362,1,,1,15000.00,0.00,15000.00
5000010619,1000008729,20250409,1,812,1,,1,12000.00,0.00,12000.00
5000010620,1000008730,20250409,1,1499,1,,4,12000.00,0.00,48000.00
5000010621,1000008730,20250409,2,1499,1,,1,15000.00,0.00,15000.00
5000010622,1000008731,20250409,1,1350,1,,4,12000.00,0.00,48000.00
5000010623,1000008731,20250409,2,1350,1,,4,15000.00,0.00,60000.00
5000010625,1000008733,20250409,1,2744,1,,1,12000.00,0.00,12000.00
5000010626,1000008734,20250409,1,2478,1,,2,12000.00,0.00,24000.00
5000010627,1000008735,20250409,2,696,1,,1,15000.00,0.00,15000.00
5000010628,1000008736,20250409,1,1604,1,,1,12000.00,0.00,12000.00
5000010630,1000008738,20250409,1,1687,1,,1,12000.00,0.00,12000.00
5000010631,1000008739,20250409,1,2294,1,,1,12000.00,0.00,12000.00
5000010632,1000008739,20250409,2,2294,1,,1,15000.00,0.00,15000.00
5000010633,1000008740,20250409,1,1110,1,,1,12000.00,0.00,12000.00
5000010634,1000008740,20250409,2,1110,1,,1,15000.00,0.00,15000.00
5000010635,1000008741,20250409,1,2745,1,,2,12000.00,0.00,24000.00
5000010636,1000008742,20250410,1,2746,1,,1,12000.00,0.00,12000.00
5000010637,1000008743,20250410,1,26,1,,1,12000.00,0.00,12000.00
5000010639,1000008745,20250410,2,2747,1,,1,15000.00,0.00,15000.00
5000010642,1000008748,20250410,1,930,1,,3,12000.00,0.00,36000.00
5000010644,1000008750,20250410,2,2750,1,,4,15000.00,0.00,60000.00
5000010646,1000008752,20250410,1,2139,1,,1,12000.00,0.00,12000.00
5000010647,1000008752,20250410,2,2139,1,,1,15000.00,0.00,15000.00
5000010648,1000008753,20250410,1,2752,1,,1,12000.00,0.00,12000.00
5000010649,1000008753,20250410,2,2752,1,,2,15000.00,0.00,30000.00
5000010650,1000008754,20250410,2,2751,1,,1,15000.00,0.00,15000.00
5000010651,1000008755,20250410,1,1449,1,,2,12000.00,0.00,24000.00
5000010652,1000008756,20250410,1,1015,1,,1,12000.00,0.00,12000.00
5000010653,1000008757,20250410,2,2753,1,,1,15000.00,0.00,15000.00
5000010654,1000008758,20250410,1,671,1,,1,12000.00,0.00,12000.00
5000010655,1000008759,20250410,1,2006,1,,3,12000.00,0.00,36000.00
5000010656,1000008760,20250410,1,2141,1,,2,12000.00,0.00,24000.00
5000010657,1000008761,20250410,1,2755,1,,3,12000.00,0.00,36000.00
5000010658,1000008762,20250411,1,2519,1,,1,12000.00,0.00,12000.00
5000010659,1000008763,20250411,1,2756,1,,2,12000.00,0.00,24000.00
5000010660,1000008764,20250411,1,2757,1,,1,12000.00,0.00,12000.00
5000010661,1000008765,20250411,1,2083,1,,1,12000.00,0.00,12000.00
5000010662,1000008766,20250411,1,1423,1,,1,12000.00,0.00,12000.00
5000010664,1000008768,20250411,1,667,1,,1,12000.00,0.00,12000.00
5000010665,1000008769,20250411,1,1973,1,,1,12000.00,0.00,12000.00
5000010666,1000008769,20250411,2,1973,1,,2,15000.00,0.00,30000.00
5000010667,1000008770,20250411,2,2172,1,,2,15000.00,0.00,30000.00
5000010673,1000008776,20250411,1,2759,1,,1,12000.00,0.00,12000.00
5000010674,1000008776,20250411,2,2759,1,,3,15000.00,0.00,45000.00
5000010675,1000008777,20250411,1,2379,1,,2,12000.00,0.00,24000.00
5000010678,1000008779,20250411,1,1159,1,,1,12000.00,0.00,12000.00
5000010679,1000008779,20250411,2,1159,1,,1,15000.00,0.00,15000.00
5000010680,1000008780,20250411,1,2663,1,,1,12000.00,0.00,12000.00
5000010681,1000008781,20250411,2,1926,1,,1,15000.00,0.00,15000.00
5000010682,1000008782,20250411,2,2343,1,,1,15000.00,0.00,15000.00
5000010683,1000008783,20250411,1,2760,1,,3,12000.00,0.00,36000.00
5000010684,1000008784,20250411,1,1516,1,,2,12000.00,0.00,24000.00
5000010685,1000008785,20250411,1,1772,1,,2,12000.00,0.00,24000.00
5000010686,1000008785,20250411,2,1772,1,,1,15000.00,0.00,15000.00
5000010687,1000008786,20250411,2,2639,1,,4,15000.00,0.00,60000.00
5000010688,1000008787,20250412,2,2761,1,,2,15000.00,0.00,30000.00
5000010689,1000008788,20250412,1,1823,1,,4,12000.00,0.00,48000.00
5000010690,1000008789,20250412,1,1437,1,,1,12000.00,0.00,12000.00
5000010691,1000008790,20250412,1,1954,1,,1,12000.00,0.00,12000.00
5000010692,1000008790,20250412,2,1954,1,,1,15000.00,0.00,15000.00
5000010693,1000008791,20250412,1,2762,1,,1,12000.00,0.00,12000.00
5000010694,1000008791,20250412,2,2762,1,,3,15000.00,0.00,45000.00
5000010696,1000008793,20250412,2,1871,1,,1,15000.00,750.00,14250.00
5000010697,1000008794,20250412,1,1313,1,,1,12000.00,0.00,12000.00
5000010698,1000008794,20250412,2,1313,1,,1,15000.00,0.00,15000.00
5000010701,1000008797,20250412,2,1835,1,,1,15000.00,0.00,15000.00
5000010706,1000008801,20250412,1,2766,1,,2,12000.00,0.00,24000.00
5000010707,1000008801,20250412,2,2766,1,,1,15000.00,0.00,15000.00
5000010708,1000008802,20250412,1,2767,1,,4,12000.00,0.00,48000.00
5000010709,1000008803,20250412,2,1797,1,,1,15000.00,0.00,15000.00
5000010710,1000008804,20250412,1,280,1,,2,12000.00,0.00,24000.00
5000010711,1000008804,20250412,2,280,1,,2,15000.00,0.00,30000.00
5000010712,1000008805,20250412,1,1788,1,,1,12000.00,0.00,12000.00
5000010713,1000008805,20250412,2,1788,1,,1,15000.00,0.00,15000.00
5000010714,1000008806,20250413,1,636,1,,2,12000.00,0.00,24000.00
5000010715,1000008807,20250413,1,2768,1,,3,12000.00,0.00,36000.00
5000010716,1000008808,20250413,1,2769,1,,1,12000.00,0.00,12000.00
5000010717,1000008809,20250413,2,716,1,,3,15000.00,0.00,45000.00
5000010718,1000008810,20250413,1,2480,1,,1,12000.00,0.00,12000.00
5000010719,1000008811,20250413,1,477,1,,1,12000.00,0.00,12000.00
5000010720,1000008812,20250413,1,2770,1,,2,12000.00,0.00,24000.00
5000010721,1000008813,20250413,2,2261,1,,1,15000.00,0.00,15000.00
5000010722,1000008814,20250413,1,1605,1,,1,12000.00,0.00,12000.00
5000010723,1000008815,20250413,2,2772,1,,2,15000.00,0.00,30000.00
5000010724,1000008816,20250413,1,2771,1,,1,12000.00,0.00,12000.00
5000010725,1000008817,20250413,1,1143,1,,1,12000.00,0.00,12000.00
5000010726,1000008817,20250413,2,1143,1,,1,15000.00,0.00,15000.00
5000010727,1000008818,20250413,2,2773,1,,1,15000.00,0.00,15000.00
5000010728,1000008819,20250413,1,1729,1,,2,12000.00,0.00,24000.00
5000010729,1000008819,20250413,2,1729,1,,4,15000.00,0.00,60000.00
5000010730,1000008820,20250413,1,633,1,,4,12000.00,0.00,48000.00
5000010731,1000008820,20250413,2,633,1,,1,15000.00,0.00,15000.00
5000010732,1000008821,20250414,2,2273,1,,1,15000.00,0.00,15000.00
5000010736,1000008824,20250414,1,2404,1,,1,12000.00,0.00,12000.00
5000010737,1000008824,20250414,2,2404,1,,3,15000.00,0.00,45000.00
5000010739,1000008826,20250414,2,1993,1,,1,15000.00,0.00,15000.00
5000010740,1000008827,20250414,1,1057,1,,2,12000.00,0.00,24000.00
5000010741,1000008827,20250414,2,1057,1,,1,15000.00,0.00,15000.00
5000010742,1000008828,20250414,1,1329,1,,3,12000.00,0.00,36000.00
5000010744,1000008830,20250414,1,1046,1,,1,12000.00,0.00,12000.00
5000010746,1000008832,20250414,2,332,1,,1,15000.00,0.00,15000.00
5000010747,1000008833,20250414,2,1977,1,,3,15000.00,0.00,45000.00
5000010752,1000008837,20250414,2,2571,1,,3,15000.00,0.00,45000.00
5000010757,1000008842,20250414,1,1538,1,,2,12000.00,0.00,24000.00
5000010758,1000008843,20250414,1,2193,1,,1,12000.00,0.00,12000.00
5000010759,1000008844,20250414,1,2690,1,,1,12000.00,0.00,12000.00
5000010760,1000008844,20250414,2,2690,1,,1,15000.00,0.00,15000.00
5000010761,1000008845,20250414,1,2714,1,,2,12000.00,0.00,24000.00
5000010762,1000008845,20250414,2,2714,1,,2,15000.00,0.00,30000.00
5000010763,1000008846,20250415,2,705,1,,2,15000.00,0.00,30000.00
5000010764,1000008847,20250415,1,2776,1,,3,12000.00,0.00,36000.00
5000010765,1000008847,20250415,2,2776,1,,1,15000.00,0.00,15000.00
5000010766,1000008848,20250415,1,2580,1,,1,12000.00,0.00,12000.00
5000010767,1000008848,20250415,2,2580,1,,1,15000.00,0.00,15000.00
5000010772,1000008853,20250415,1,2777,1,,2,12000.00,0.00,24000.00
5000010773,1000008854,20250415,2,373,1,,2,15000.00,0.00,30000.00
5000010774,1000008855,20250415,1,512,1,,1,12000.00,0.00,12000.00
5000010777,1000008857,20250415,1,176,1,,1,12000.00,0.00,12000.00
5000010781,1000008860,20250415,1,2779,1,,1,12000.00,0.00,12000.00
5000010782,1000008860,20250415,2,2779,1,,3,15000.00,0.00,45000.00
5000010783,1000008861,20250415,1,1268,1,,2,12000.00,0.00,24000.00
5000010784,1000008862,20250415,1,2204,1,,2,12000.00,0.00,24000.00
5000010785,1000008862,20250415,2,2204,1,,3,15000.00,0.00,45000.00
5000010786,1000008863,20250415,1,2780,1,,1,12000.00,600.00,11400.00
5000010787,1000008863,20250415,2,2780,1,,2,15000.00,1500.00,28500.00
5000010788,1000008864,20250415,1,2148,1,,1,12000.00,0.00,12000.00
5000010789,1000008865,20250415,1,2781,1,,3,12000.00,0.00,36000.00
5000010790,1000008865,20250415,2,2781,1,,3,15000.00,0.00,45000.00
5000010791,1000008866,20250415,1,1070,1,,1,12000.00,0.00,12000.00
5000010792,1000008867,20250415,1,2782,1,,1,12000.00,0.00,12000.00
5000010793,1000008867,20250415,2,2782,1,,1,15000.00,0.00,15000.00
5000010794,1000008868,20250416,1,1766,1,,2,12000.00,0.00,24000.00
5000010799,1000008872,20250416,2,1989,1,,2,15000.00,0.00,30000.00
5000010802,1000008874,20250416,1,1949,1,,3,12000.00,0.00,36000.00
5000010803,1000008875,20250416,1,84,1,,2,12000.00,1200.00,22800.00
5000010804,1000008876,20250416,1,1543,1,,1,12000.00,0.00,12000.00
5000010805,1000008876,20250416,2,1543,1,,2,15000.00,0.00,30000.00
5000010810,1000008880,20250416,2,1555,1,,1,15000.00,0.00,15000.00
5000010811,1000008881,20250416,2,2682,1,,3,15000.00,2250.00,42750.00
5000010813,1000008883,20250416,1,2560,1,,2,12000.00,0.00,24000.00
5000010814,1000008884,20250416,2,2082,1,,1,15000.00,0.00,15000.00
5000010815,1000008885,20250416,1,2429,1,,2,12000.00,1200.00,22800.00
5000010816,1000008885,20250416,2,2429,1,,1,15000.00,750.00,14250.00
5000010817,1000008886,20250417,2,2244,1,,1,15000.00,0.00,15000.00
5000010818,1000008887,20250417,1,1387,1,,1,12000.00,0.00,12000.00
5000010819,1000008888,20250417,1,1828,1,,3,12000.00,0.00,36000.00
5000010820,1000008888,20250417,2,1828,1,,1,15000.00,0.00,15000.00
5000010821,1000008889,20250417,1,2369,1,,1,12000.00,0.00,12000.00
5000010822,1000008890,20250417,1,2403,1,,4,12000.00,0.00,48000.00
5000010824,1000008892,20250417,1,2500,1,,1,12000.00,0.00,12000.00
5000010825,1000008892,20250417,2,2500,1,,1,15000.00,0.00,15000.00
5000010826,1000008893,20250417,2,913,1,,1,15000.00,0.00,15000.00
5000010827,1000008894,20250417,2,1422,1,,2,15000.00,0.00,30000.00
5000010828,1000008895,20250417,2,2640,1,,1,15000.00,0.00,15000.00
5000010830,1000008897,20250417,1,2396,1,,1,12000.00,0.00,12000.00
5000010831,1000008898,20250417,1,2528,1,,4,12000.00,0.00,48000.00
5000010832,1000008899,20250417,1,2521,1,,10,12000.00,18000.00,102000.00
5000010833,1000008899,20250417,2,2521,1,,6,15000.00,13500.00,76500.00
5000010834,1000008900,20250418,1,2372,1,,1,12000.00,600.00,11400.00
5000010835,1000008901,20250418,1,1003,1,,2,12000.00,0.00,24000.00
5000010836,1000008902,20250418,1,1420,1,,2,12000.00,0.00,24000.00
5000010837,1000008903,20250418,1,2103,1,,1,12000.00,0.00,12000.00
5000010838,1000008904,20250418,2,2785,1,,1,15000.00,0.00,15000.00
5000010845,1000008909,20250418,1,2786,1,,2,12000.00,0.00,24000.00
5000010846,1000008910,20250418,1,2280,1,,1,12000.00,600.00,11400.00
5000010847,1000008910,20250418,2,2280,1,,1,15000.00,750.00,14250.00
5000010848,1000008911,20250418,2,2457,1,,1,15000.00,0.00,15000.00
5000010849,1000008912,20250419,1,2260,1,,1,12000.00,0.00,12000.00
5000010850,1000008912,20250419,2,2260,1,,2,15000.00,0.00,30000.00
5000010851,1000008913,20250419,2,284,1,,3,15000.00,0.00,45000.00
5000010852,1000008914,20250419,1,2597,1,,1,12000.00,0.00,12000.00
5000010856,1000008918,20250419,2,2163,1,,2,15000.00,0.00,30000.00
5000010857,1000008919,20250419,2,1509,1,,2,15000.00,0.00,30000.00
5000010860,1000008922,20250419,2,11,1,,1,15000.00,0.00,15000.00
5000010862,1000008924,20250419,1,1598,1,,3,12000.00,0.00,36000.00
5000010864,1000008926,20250419,1,983,1,,2,12000.00,0.00,24000.00
5000010865,1000008926,20250419,2,983,1,,1,15000.00,0.00,15000.00
5000010873,1000008933,20250419,1,1363,1,,1,12000.00,0.00,12000.00
5000010874,1000008933,20250419,2,1363,1,,2,15000.00,0.00,30000.00
5000010878,1000008936,20250420,1,2004,1,,1,12000.00,0.00,12000.00
5000010879,1000008936,20250420,2,2004,1,,1,15000.00,0.00,15000.00
5000010880,1000008937,20250420,1,2790,1,,1,12000.00,0.00,12000.00
5000010881,1000008937,20250420,2,2790,1,,1,15000.00,0.00,15000.00
5000010882,1000008938,20250420,1,2791,1,,1,12000.00,0.00,12000.00
5000010883,1000008938,20250420,2,2791,1,,2,15000.00,0.00,30000.00
5000010884,1000008939,20250420,2,2792,1,,1,15000.00,0.00,15000.00
5000010885,1000008940,20250420,1,235,1,,1,12000.00,0.00,12000.00
5000010886,1000008941,20250420,2,2793,1,,3,15000.00,0.00,45000.00
5000010887,1000008942,20250420,2,1600,1,,3,15000.00,0.00,45000.00
5000010888,1000008943,20250420,1,1754,1,,2,12000.00,0.00,24000.00
5000010889,1000008943,20250420,2,1754,1,,1,15000.00,0.00,15000.00
5000010890,1000008944,20250420,1,2693,1,,2,12000.00,0.00,24000.00
5000010891,1000008945,20250420,2,2794,1,,1,15000.00,0.00,15000.00
5000010892,1000008946,20250420,1,1174,1,,1,12000.00,0.00,12000.00
5000010893,1000008946,20250420,2,1174,1,,1,15000.00,0.00,15000.00
5000010894,1000008947,20250421,1,1633,1,,1,12000.00,0.00,12000.00
5000010895,1000008948,20250421,1,2795,1,,1,12000.00,0.00,12000.00
5000010896,1000008949,20250421,1,2670,1,,3,12000.00,0.00,36000.00
5000010905,1000008957,20250421,1,2420,1,,2,12000.00,0.00,24000.00
5000010906,1000008958,20250421,1,2059,1,,2,12000.00,0.00,24000.00
5000010907,1000008958,20250421,2,2059,1,,1,15000.00,0.00,15000.00
5000010909,1000008960,20250421,2,1799,1,,1,15000.00,0.00,15000.00
5000010910,1000008961,20250421,2,946,1,,3,15000.00,0.00,45000.00
5000010911,1000008962,20250421,2,1946,1,,3,15000.00,0.00,45000.00
5000010913,1000008964,20250421,1,2797,1,,2,12000.00,0.00,24000.00
5000010915,1000008966,20250421,1,2798,1,,1,12000.00,0.00,12000.00
5000010917,1000008968,20250421,1,2799,1,,1,12000.00,0.00,12000.00
5000010918,1000008968,20250421,2,2799,1,,2,15000.00,0.00,30000.00
5000010919,1000008969,20250421,1,681,1,,2,12000.00,0.00,24000.00
5000010920,1000008969,20250421,2,681,1,,1,15000.00,0.00,15000.00
5000010921,1000008970,20250422,1,1638,1,,3,12000.00,0.00,36000.00
5000010922,1000008971,20250422,1,2630,1,,1,12000.00,0.00,12000.00
5000010923,1000008972,20250422,1,703,1,,1,12000.00,1200.00,10800.00
5000010924,1000008972,20250422,2,703,1,,4,15000.00,6000.00,54000.00
5000010925,1000008973,20250422,1,2476,1,,2,12000.00,0.00,24000.00
5000010926,1000008973,20250422,2,2476,1,,1,15000.00,0.00,15000.00
5000010928,1000008975,20250422,1,1684,1,,1,12000.00,0.00,12000.00
5000010930,1000008977,20250422,1,2046,1,,1,12000.00,0.00,12000.00
5000010931,1000008977,20250422,2,2046,1,,1,15000.00,0.00,15000.00
5000010932,1000008978,20250422,1,1841,1,,1,12000.00,1200.00,10800.00
5000010933,1000008978,20250422,2,1841,1,,2,15000.00,3000.00,27000.00
5000010934,1000008979,20250422,1,116,1,,1,12000.00,1200.00,10800.00
5000010935,1000008980,20250422,1,2289,1,,2,12000.00,2400.00,21600.00
5000010936,1000008981,20250422,1,2801,1,,1,12000.00,0.00,12000.00
5000010937,1000008981,20250422,2,2801,1,,1,15000.00,0.00,15000.00
5000010938,1000008982,20250422,1,2060,1,,1,12000.00,0.00,12000.00
5000010940,1000008984,20250422,2,651,1,,1,15000.00,0.00,15000.00
5000010941,1000008985,20250422,1,2634,1,,2,12000.00,0.00,24000.00
5000010942,1000008986,20250422,1,2614,1,,2,12000.00,0.00,24000.00
5000010943,1000008987,20250422,2,2802,1,,4,15000.00,0.00,60000.00
5000010944,1000008988,20250422,2,494,1,,1,15000.00,0.00,15000.00
5000010945,1000008989,20250422,1,2554,1,,1,12000.00,0.00,12000.00
5000010946,1000008990,20250422,2,1360,1,,1,15000.00,1500.00,13500.00
5000010947,1000008991,20250423,1,2359,1,,2,12000.00,0.00,24000.00
5000010948,1000008991,20250423,2,2359,1,,1,15000.00,0.00,15000.00
5000010949,1000008992,20250423,1,2803,1,,1,12000.00,0.00,12000.00
5000010954,1000008996,20250423,2,2804,1,,1,15000.00,0.00,15000.00
5000010955,1000008997,20250423,2,1580,1,,1,15000.00,0.00,15000.00
5000010960,1000009001,20250423,1,2806,1,,2,12000.00,0.00,24000.00
5000010962,1000009003,20250423,1,2357,1,,3,12000.00,0.00,36000.00
5000010963,1000009003,20250423,2,2357,1,,2,15000.00,0.00,30000.00
5000010965,1000009005,20250423,1,316,1,,1,12000.00,0.00,12000.00
5000010966,1000009005,20250423,2,316,1,,1,15000.00,0.00,15000.00
5000010967,1000009006,20250423,1,1016,1,,2,12000.00,0.00,24000.00
5000010968,1000009007,20250423,1,1109,1,,1,12000.00,0.00,12000.00
5000010969,1000009008,20250424,1,2711,1,,2,12000.00,0.00,24000.00
5000010972,1000009010,20250424,1,2808,1,,2,12000.00,0.00,24000.00
5000010973,1000009011,20250424,1,668,1,,3,12000.00,0.00,36000.00
5000010977,1000009014,20250424,1,1213,1,,2,12000.00,0.00,24000.00
5000010979,1000009016,20250424,1,1012,1,,1,12000.00,0.00,12000.00
5000010980,1000009017,20250424,1,1983,1,,2,12000.00,0.00,24000.00
5000010981,1000009018,20250424,1,2184,1,,1,12000.00,0.00,12000.00
5000010982,1000009019,20250424,2,595,1,,2,15000.00,0.00,30000.00
5000010983,1000009020,20250424,2,2602,1,,2,15000.00,0.00,30000.00
5000010984,1000009021,20250425,1,2627,1,,1,12000.00,0.00,12000.00
5000010985,1000009021,20250425,2,2627,1,,1,15000.00,0.00,15000.00
5000010986,1000009022,20250425,1,2303,1,,1,12000.00,0.00,12000.00
5000010987,1000009022,20250425,2,2303,1,,1,15000.00,0.00,15000.00
5000010989,1000009024,20250425,2,1429,1,,4,15000.00,3000.00,57000.00
5000010990,1000009025,20250425,2,1302,1,,1,15000.00,750.00,14250.00
5000010991,1000009026,20250425,1,2809,1,,2,12000.00,0.00,24000.00
5000010992,1000009026,20250425,2,2809,1,,1,15000.00,0.00,15000.00
5000010993,1000009027,20250425,1,2810,1,,2,12000.00,0.00,24000.00
5000010994,1000009028,20250425,2,1521,1,,3,15000.00,0.00,45000.00
5000010997,1000009031,20250425,1,2550,1,,3,12000.00,1800.00,34200.00
5000010998,1000009031,20250425,2,2550,1,,1,15000.00,750.00,14250.00
5000010999,1000009032,20250425,2,2443,1,,1,15000.00,0.00,15000.00
5000011000,1000009033,20250425,1,2628,1,,1,12000.00,0.00,12000.00
5000011002,1000009035,20250425,1,2516,1,,4,12000.00,0.00,48000.00
5000011003,1000009035,20250425,2,2516,1,,3,15000.00,0.00,45000.00
5000011004,1000009036,20250426,1,2813,1,,1,12000.00,0.00,12000.00
5000011005,1000009037,20250426,1,2814,1,,2,12000.00,0.00,24000.00
5000011006,1000009037,20250426,2,2814,1,,1,15000.00,0.00,15000.00
5000011008,1000009039,20250426,2,2815,1,,3,15000.00,0.00,45000.00
5000011013,1000009044,20250426,1,1553,1,,2,12000.00,0.00,24000.00
5000011019,1000009050,20250426,2,2069,1,,2,15000.00,0.00,30000.00
5000011020,1000009051,20250426,2,1980,1,,1,15000.00,0.00,15000.00
5000011027,1000009056,20250426,1,497,1,,2,12000.00,0.00,24000.00
5000011028,1000009057,20250426,2,2819,1,,1,15000.00,0.00,15000.00
5000011029,1000009058,20250426,1,70,1,,1,12000.00,0.00,12000.00
5000011030,1000009059,20250426,1,667,1,,1,12000.00,0.00,12000.00
5000011031,1000009060,20250426,2,296,1,,1,15000.00,0.00,15000.00
5000011032,1000009061,20250427,2,2587,1,,1,15000.00,0.00,15000.00
5000011033,1000009062,20250427,1,2820,1,,3,12000.00,0.00,36000.00
5000011034,1000009062,20250427,2,2820,1,,2,15000.00,0.00,30000.00
5000011035,1000009063,20250427,2,1707,1,,1,15000.00,0.00,15000.00
5000011036,1000009064,20250427,2,1275,1,,2,15000.00,0.00,30000.00
5000011037,1000009065,20250427,2,2469,1,,4,15000.00,0.00,60000.00
5000011038,1000009066,20250427,1,420,1,,3,12000.00,0.00,36000.00
5000011039,1000009067,20250427,1,2821,1,,1,12000.00,0.00,12000.00
5000011040,1000009067,20250427,2,2821,1,,1,15000.00,0.00,15000.00
5000011041,1000009068,20250427,1,2337,1,,2,12000.00,0.00,24000.00
5000011042,1000009069,20250427,1,2823,1,,1,12000.00,0.00,12000.00
5000011043,1000009070,20250428,1,2410,1,,1,12000.00,0.00,12000.00
5000011044,1000009070,20250428,2,2410,1,,1,15000.00,0.00,15000.00
5000011045,1000009071,20250428,2,2824,1,,1,15000.00,0.00,15000.00
5000011046,1000009072,20250428,1,2023,1,,1,12000.00,600.00,11400.00
5000011047,1000009073,20250428,1,2072,1,,1,12000.00,0.00,12000.00
5000011049,1000009075,20250428,1,2778,1,,1,12000.00,0.00,12000.00
5000011050,1000009076,20250428,1,375,1,,1,12000.00,0.00,12000.00
5000011051,1000009076,20250428,2,375,1,,4,15000.00,0.00,60000.00
5000011056,1000009079,20250428,1,2229,1,,1,12000.00,0.00,12000.00
5000011057,1000009079,20250428,2,2229,1,,3,15000.00,0.00,45000.00
5000011058,1000009080,20250428,1,2825,1,,2,12000.00,0.00,24000.00
5000011059,1000009081,20250428,1,2190,1,,3,12000.00,0.00,36000.00
5000011060,1000009082,20250428,1,1534,1,,3,12000.00,0.00,36000.00
5000011061,1000009083,20250428,2,1872,1,,1,15000.00,0.00,15000.00
5000011062,1000009084,20250428,1,1359,1,,1,12000.00,0.00,12000.00
5000011063,1000009084,20250428,2,1359,1,,1,15000.00,0.00,15000.00
5000011064,1000009085,20250429,2,2826,1,,4,15000.00,0.00,60000.00
5000011068,1000009089,20250429,1,1249,1,,2,12000.00,0.00,24000.00
5000011069,1000009089,20250429,2,1249,1,,2,15000.00,0.00,30000.00
5000011070,1000009090,20250429,1,2169,1,,1,12000.00,0.00,12000.00
5000011071,1000009090,20250429,2,2169,1,,1,15000.00,0.00,15000.00
5000011075,1000009093,20250429,1,2827,1,,1,12000.00,0.00,12000.00
5000011077,1000009095,20250429,1,2033,1,,2,12000.00,0.00,24000.00
5000011078,1000009096,20250429,1,69,1,,2,12000.00,0.00,24000.00
5000011079,1000009097,20250429,1,1380,1,,1,12000.00,0.00,12000.00
5000011086,1000009104,20250429,2,1561,1,,2,15000.00,0.00,30000.00
5000011087,1000009105,20250429,1,633,1,,2,12000.00,1200.00,22800.00
5000011088,1000009105,20250429,2,633,1,,2,15000.00,1500.00,28500.00
5000011089,1000009106,20250430,1,354,1,,1,12000.00,0.00,12000.00
5000011090,1000009107,20250430,2,1437,1,,1,15000.00,0.00,15000.00
5000011103,1000009117,20250430,1,2691,1,,2,12000.00,0.00,24000.00
5000011105,1000009119,20250430,2,1887,1,,2,15000.00,0.00,30000.00
5000011106,1000009120,20250430,2,1233,1,,1,15000.00,750.00,14250.00
5000011107,1000009121,20250501,1,300,1,,1,12000.00,0.00,12000.00
5000011108,1000009122,20250501,2,68,1,,4,15000.00,0.00,60000.00
5000011109,1000009123,20250501,1,1922,1,,1,12000.00,0.00,12000.00
5000011110,1000009124,20250501,2,2660,1,,1,15000.00,0.00,15000.00
5000011111,1000009125,20250501,1,172,1,,2,12000.00,0.00,24000.00
5000011112,1000009126,20250501,2,2830,1,,1,15000.00,750.00,14250.00
5000011113,1000009127,20250501,2,852,1,,1,15000.00,0.00,15000.00
5000011114,1000009128,20250501,1,2085,1,,4,12000.00,0.00,48000.00
5000011115,1000009129,20250501,1,173,1,,3,12000.00,0.00,36000.00
5000011116,1000009130,20250501,1,2795,1,,3,12000.00,0.00,36000.00
5000011117,1000009130,20250501,2,2795,1,,1,15000.00,0.00,15000.00
5000011118,1000009131,20250501,1,2020,1,,4,12000.00,2400.00,45600.00
5000011119,1000009132,20250501,1,2150,1,,4,12000.00,0.00,48000.00
5000011120,1000009133,20250501,1,339,1,,2,12000.00,0.00,24000.00
5000011121,1000009134,20250501,1,644,1,,3,12000.00,0.00,36000.00
5000011122,1000009134,20250501,2,644,1,,1,15000.00,0.00,15000.00
5000011123,1000009135,20250501,1,2194,1,,1,12000.00,0.00,12000.00
5000011124,1000009136,20250501,1,2606,1,,1,12000.00,0.00,12000.00
5000011125,1000009137,20250501,1,2831,1,,3,12000.00,0.00,36000.00
5000011126,1000009137,20250501,2,2831,1,,1,15000.00,0.00,15000.00
5000011127,1000009138,20250502,2,2716,1,,1,15000.00,0.00,15000.00
5000011128,1000009139,20250502,1,2797,1,,1,12000.00,0.00,12000.00
5000011129,1000009140,20250502,1,572,1,,2,12000.00,0.00,24000.00
5000011130,1000009141,20250502,1,1571,1,,3,12000.00,0.00,36000.00
5000011131,1000009142,20250502,1,112,1,,3,12000.00,0.00,36000.00
5000011133,1000009144,20250502,1,1659,1,,2,12000.00,0.00,24000.00
5000011134,1000009145,20250502,1,2493,1,,3,12000.00,0.00,36000.00
5000011135,1000009145,20250502,2,2493,1,,3,15000.00,0.00,45000.00
5000011136,1000009146,20250502,1,2832,1,,2,12000.00,0.00,24000.00
5000011140,1000009149,20250502,2,996,1,,4,15000.00,0.00,60000.00
5000011143,1000009152,20250502,2,2833,1,,1,15000.00,0.00,15000.00
5000011146,1000009155,20250502,1,2351,1,,1,12000.00,0.00,12000.00
5000011148,1000009157,20250503,1,1992,1,,1,12000.00,0.00,12000.00
5000011149,1000009157,20250503,2,1992,1,,2,15000.00,0.00,30000.00
5000011152,1000009159,20250503,1,1849,1,,2,12000.00,0.00,24000.00
5000011153,1000009159,20250503,2,1849,1,,3,15000.00,0.00,45000.00
5000011158,1000009163,20250503,1,1252,1,,1,12000.00,0.00,12000.00
5000011166,1000009170,20250503,2,2837,1,,1,15000.00,0.00,15000.00
5000011167,1000009171,20250503,2,1633,1,,1,15000.00,0.00,15000.00
5000011168,1000009172,20250503,1,2838,1,,1,12000.00,0.00,12000.00
5000011169,1000009172,20250503,2,2838,1,,1,15000.00,0.00,15000.00
5000011170,1000009173,20250503,1,342,1,,2,12000.00,0.00,24000.00
5000011171,1000009174,20250504,2,1885,1,,1,15000.00,0.00,15000.00
5000011172,1000009175,20250504,2,2491,1,,1,15000.00,0.00,15000.00
5000011173,1000009176,20250504,1,895,1,,1,12000.00,600.00,11400.00
5000011174,1000009177,20250504,1,1547,1,,3,12000.00,0.00,36000.00
5000011175,1000009178,20250504,1,2839,1,,2,12000.00,0.00,24000.00
5000011176,1000009179,20250504,1,1834,1,,1,12000.00,0.00,12000.00
5000011177,1000009180,20250504,1,48,1,,1,12000.00,0.00,12000.00
5000011178,1000009181,20250504,1,405,1,,1,12000.00,0.00,12000.00
5000011179,1000009182,20250504,2,1194,1,,2,15000.00,0.00,30000.00
5000011180,1000009183,20250504,1,2760,1,,1,12000.00,0.00,12000.00
5000011181,1000009184,20250504,1,2439,1,,2,12000.00,0.00,24000.00
5000011182,1000009185,20250504,1,2371,1,,2,12000.00,0.00,24000.00
5000011183,1000009185,20250504,2,2371,1,,2,15000.00,0.00,30000.00
5000011184,1000009186,20250504,1,1088,1,,1,12000.00,0.00,12000.00
5000011185,1000009187,20250504,1,1096,1,,1,12000.00,0.00,12000.00
5000011186,1000009187,20250504,2,1096,1,,3,15000.00,0.00,45000.00
5000011187,1000009188,20250505,1,1971,1,,1,12000.00,0.00,12000.00
5000011188,1000009188,20250505,2,1971,1,,1,15000.00,0.00,15000.00
5000011189,1000009189,20250505,1,2487,1,,1,12000.00,0.00,12000.00
5000011190,1000009190,20250505,2,2840,1,,1,15000.00,0.00,15000.00
5000011191,1000009191,20250505,1,2405,1,,3,12000.00,0.00,36000.00
5000011193,1000009193,20250505,1,2841,1,,1,12000.00,0.00,12000.00
5000011194,1000009193,20250505,2,2841,1,,1,15000.00,0.00,15000.00
5000011197,1000009196,20250505,1,2595,1,,1,12000.00,0.00,12000.00
5000011199,1000009198,20250505,1,783,1,,2,12000.00,0.00,24000.00
5000011200,1000009198,20250505,2,783,1,,1,15000.00,0.00,15000.00
5000011201,1000009199,20250505,2,2842,1,,3,15000.00,0.00,45000.00
5000011204,1000009202,20250505,2,739,1,,1,15000.00,0.00,15000.00
5000011205,1000009203,20250505,2,2843,1,,1,15000.00,0.00,15000.00
5000011206,1000009204,20250505,1,1244,1,,1,12000.00,0.00,12000.00
5000011207,1000009205,20250505,2,1555,1,,1,15000.00,0.00,15000.00
5000011208,1000009206,20250505,2,1814,1,,1,15000.00,750.00,14250.00
5000011209,1000009207,20250506,1,1783,1,,2,12000.00,0.00,24000.00
5000011210,1000009207,20250506,2,1783,1,,2,15000.00,0.00,30000.00
5000011211,1000009208,20250506,2,2844,1,,2,15000.00,0.00,30000.00
5000011212,1000009209,20250506,2,1239,1,,1,15000.00,0.00,15000.00
5000011213,1000009210,20250506,1,380,1,,1,12000.00,0.00,12000.00
5000011214,1000009210,20250506,2,380,1,,4,15000.00,0.00,60000.00
5000011216,1000009212,20250506,2,20,1,,2,15000.00,0.00,30000.00
5000011218,1000009214,20250506,1,2845,1,,1,12000.00,0.00,12000.00
5000011221,1000009217,20250506,1,2440,1,,2,12000.00,0.00,24000.00
5000011222,1000009217,20250506,2,2440,1,,1,15000.00,0.00,15000.00
5000011223,1000009218,20250506,2,334,1,,1,15000.00,0.00,15000.00
5000011228,1000009222,20250506,1,1360,1,,2,12000.00,0.00,24000.00
5000011229,1000009223,20250506,1,994,1,,1,12000.00,0.00,12000.00
5000011230,1000009223,20250506,2,994,1,,2,15000.00,0.00,30000.00
5000011232,1000009225,20250506,2,2739,1,,1,15000.00,0.00,15000.00
5000011233,1000009226,20250506,1,2501,1,,1,12000.00,0.00,12000.00
5000011234,1000009226,20250506,2,2501,1,,1,15000.00,0.00,15000.00
5000011238,1000009229,20250506,1,2087,1,,2,12000.00,0.00,24000.00
5000011239,1000009229,20250506,2,2087,1,,1,15000.00,0.00,15000.00
5000011241,1000009231,20250506,2,1114,1,,2,15000.00,0.00,30000.00
5000011242,1000009232,20250506,1,1972,1,,1,12000.00,0.00,12000.00
5000011243,1000009233,20250506,1,579,1,,1,12000.00,0.00,12000.00
5000011244,1000009233,20250506,2,579,1,,1,15000.00,0.00,15000.00
5000011245,1000009234,20250506,1,1650,1,,3,12000.00,0.00,36000.00
5000011246,1000009235,20250506,2,2846,1,,2,15000.00,0.00,30000.00
5000011247,1000009236,20250506,1,2274,1,,1,12000.00,0.00,12000.00
5000011248,1000009237,20250507,1,1637,1,,1,12000.00,0.00,12000.00
5000011249,1000009237,20250507,2,1637,1,,1,15000.00,0.00,15000.00
5000011250,1000009238,20250507,1,2267,1,,3,12000.00,0.00,36000.00
5000011251,1000009239,20250507,1,2717,1,,1,12000.00,0.00,12000.00
5000011252,1000009239,20250507,2,2717,1,,2,15000.00,0.00,30000.00
5000011255,1000009242,20250507,1,2141,1,,1,12000.00,600.00,11400.00
5000011256,1000009242,20250507,2,2141,1,,2,15000.00,1500.00,28500.00
5000011257,1000009243,20250507,1,411,1,,3,12000.00,0.00,36000.00
5000011259,1000009245,20250507,2,1806,1,,2,15000.00,0.00,30000.00
5000011260,1000009246,20250507,1,2683,1,,1,12000.00,0.00,12000.00
5000011261,1000009246,20250507,2,2683,1,,1,15000.00,0.00,15000.00
5000011262,1000009247,20250507,1,2352,1,,1,12000.00,0.00,12000.00
5000011263,1000009248,20250507,1,422,1,,2,12000.00,0.00,24000.00
5000011264,1000009248,20250507,2,422,1,,1,15000.00,0.00,15000.00
5000011265,1000009249,20250507,2,2206,1,,3,15000.00,0.00,45000.00
5000011266,1000009250,20250508,1,125,1,,4,12000.00,0.00,48000.00
5000011267,1000009250,20250508,2,125,1,,4,15000.00,0.00,60000.00
5000011268,1000009251,20250508,2,2848,1,,1,15000.00,0.00,15000.00
5000011273,1000009255,20250508,2,1043,1,,1,15000.00,0.00,15000.00
5000011274,1000009256,20250508,1,1892,1,,1,12000.00,0.00,12000.00
5000011276,1000009258,20250508,2,1331,1,,2,15000.00,0.00,30000.00
5000011277,1000009259,20250508,1,2849,1,,1,12000.00,0.00,12000.00
5000011278,1000009259,20250508,2,2849,1,,1,15000.00,0.00,15000.00
5000011280,1000009261,20250508,2,630,1,,1,15000.00,0.00,15000.00
5000011284,1000009264,20250508,2,2482,1,,1,15000.00,0.00,15000.00
5000011285,1000009265,20250508,1,1906,1,,1,12000.00,0.00,12000.00
5000011286,1000009266,20250508,1,2850,1,,1,12000.00,0.00,12000.00
5000011287,1000009266,20250508,2,2850,1,,2,15000.00,0.00,30000.00
5000011288,1000009267,20250508,1,1570,1,,1,12000.00,0.00,12000.00
5000011289,1000009268,20250509,1,2674,1,,2,12000.00,0.00,24000.00
5000011290,1000009269,20250509,1,486,1,,1,12000.00,0.00,12000.00
5000011296,1000009274,20250509,2,2853,1,,1,15000.00,0.00,15000.00
5000011300,1000009277,20250509,1,438,1,,1,12000.00,0.00,12000.00
5000011301,1000009277,20250509,2,438,1,,2,15000.00,0.00,30000.00
5000011302,1000009278,20250509,1,2855,1,,3,12000.00,0.00,36000.00
5000011303,1000009278,20250509,2,2855,1,,4,15000.00,0.00,60000.00
5000011305,1000009280,20250509,1,2856,1,,2,12000.00,0.00,24000.00
5000011306,1000009280,20250509,2,2856,1,,1,15000.00,0.00,15000.00
5000011307,1000009281,20250509,1,2759,1,,1,12000.00,0.00,12000.00
5000011311,1000009284,20250509,2,764,1,,1,15000.00,0.00,15000.00
5000011312,1000009285,20250509,1,233,1,,1,12000.00,0.00,12000.00
5000011316,1000009288,20250509,2,2858,1,,2,15000.00,0.00,30000.00
5000011317,1000009289,20250509,1,496,1,,1,12000.00,0.00,12000.00
5000011318,1000009289,20250509,2,496,1,,2,15000.00,0.00,30000.00
5000011319,1000009290,20250510,1,784,1,,3,12000.00,0.00,36000.00
5000011320,1000009291,20250510,1,2062,1,,1,12000.00,0.00,12000.00
5000011321,1000009291,20250510,2,2062,1,,1,15000.00,0.00,15000.00
5000011329,1000009297,20250510,1,2860,1,,2,12000.00,0.00,24000.00
5000011332,1000009300,20250510,1,2862,1,,2,12000.00,0.00,24000.00
5000011334,1000009302,20250510,1,1592,1,,1,12000.00,0.00,12000.00
5000011335,1000009303,20250510,2,2480,1,,1,15000.00,0.00,15000.00
5000011336,1000009304,20250510,2,1334,1,,1,15000.00,0.00,15000.00
5000011345,1000009313,20250510,1,2044,1,,1,12000.00,0.00,12000.00
5000011346,1000009313,20250510,2,2044,1,,1,15000.00,0.00,15000.00
5000011347,1000009314,20250510,2,1916,1,,1,15000.00,750.00,14250.00
5000011348,1000009315,20250511,2,2500,1,,1,15000.00,0.00,15000.00
5000011349,1000009316,20250511,2,2864,1,,1,15000.00,0.00,15000.00
5000011350,1000009317,20250511,1,1706,1,,1,12000.00,0.00,12000.00
5000011351,1000009317,20250511,2,1706,1,,1,15000.00,0.00,15000.00
5000011352,1000009318,20250511,2,2657,1,,1,15000.00,0.00,15000.00
5000011353,1000009319,20250511,1,2865,1,,2,12000.00,0.00,24000.00
5000011354,1000009320,20250511,1,1748,1,,4,12000.00,0.00,48000.00
5000011355,1000009320,20250511,2,1748,1,,2,15000.00,0.00,30000.00
5000011356,1000009321,20250511,2,2866,1,,2,15000.00,0.00,30000.00
5000011357,1000009322,20250511,1,909,1,,1,12000.00,0.00,12000.00
5000011358,1000009322,20250511,2,909,1,,4,15000.00,0.00,60000.00
5000011359,1000009323,20250511,2,2128,1,,1,15000.00,0.00,15000.00
5000011360,1000009324,20250511,2,2180,1,,1,15000.00,0.00,15000.00
5000011361,1000009325,20250511,1,670,1,,1,12000.00,0.00,12000.00
5000011362,1000009326,20250511,1,2867,1,,1,12000.00,0.00,12000.00
5000011363,1000009327,20250511,1,2191,1,,2,12000.00,0.00,24000.00
5000011364,1000009328,20250512,1,983,1,,1,12000.00,2400.00,9600.00
5000011365,1000009329,20250512,1,2868,1,,1,12000.00,2400.00,9600.00
5000011366,1000009330,20250512,1,2678,1,,1,12000.00,2400.00,9600.00
5000011367,1000009331,20250512,1,2869,1,,1,12000.00,2400.00,9600.00
5000011368,1000009331,20250512,2,2869,1,,3,15000.00,9000.00,36000.00
5000011369,1000009332,20250512,2,2870,1,,1,15000.00,3000.00,12000.00
5000011370,1000009333,20250512,2,1238,1,,1,15000.00,3000.00,12000.00
5000011371,1000009334,20250512,1,2768,1,,3,12000.00,7200.00,28800.00
5000011372,1000009335,20250512,1,2871,1,,2,12000.00,4800.00,19200.00
5000011373,1000009336,20250512,1,1624,1,,3,12000.00,7200.00,28800.00
5000011375,1000009338,20250512,1,1223,1,,1,12000.00,2400.00,9600.00
5000011376,1000009339,20250512,1,1305,1,,1,12000.00,2400.00,9600.00
5000011378,1000009341,20250512,1,2520,1,,1,12000.00,2400.00,9600.00
5000011379,1000009342,20250512,1,2873,1,,4,12000.00,9600.00,38400.00
5000011381,1000009344,20250512,1,679,1,,2,12000.00,4800.00,19200.00
5000011382,1000009345,20250512,1,1039,1,,1,12000.00,2400.00,9600.00
5000011383,1000009345,20250512,2,1039,1,,1,15000.00,3000.00,12000.00
5000011385,1000009347,20250512,1,139,1,,3,12000.00,7200.00,28800.00
5000011386,1000009348,20250512,1,2875,1,,1,12000.00,2400.00,9600.00
5000011387,1000009349,20250512,1,836,1,,3,12000.00,7200.00,28800.00
5000011388,1000009350,20250512,2,871,1,,2,15000.00,6000.00,24000.00
5000011389,1000009351,20250512,1,542,1,,1,12000.00,2400.00,9600.00
5000011390,1000009351,20250512,2,542,1,,1,15000.00,3000.00,12000.00
5000011391,1000009352,20250512,1,2876,1,,1,12000.00,2400.00,9600.00
5000011392,1000009353,20250512,1,2032,1,,1,12000.00,2400.00,9600.00
5000011393,1000009353,20250512,2,2032,1,,1,15000.00,3000.00,12000.00
5000011394,1000009354,20250512,1,2421,1,,1,12000.00,2400.00,9600.00
5000011395,1000009354,20250512,2,2421,1,,3,15000.00,9000.00,36000.00
5000011396,1000009355,20250512,1,2877,1,,4,12000.00,9600.00,38400.00
5000011397,1000009356,20250512,1,1767,1,,1,12000.00,2400.00,9600.00
5000011398,1000009357,20250512,2,1679,1,,1,15000.00,3000.00,12000.00
5000011399,1000009358,20250512,1,42,1,,1,12000.00,2400.00,9600.00
5000011401,1000009360,20250512,2,2650,1,,3,15000.00,9000.00,36000.00
5000011405,1000009363,20250512,1,2607,1,,1,12000.00,2400.00,9600.00
5000011406,1000009363,20250512,2,2607,1,,1,15000.00,3000.00,12000.00
5000011407,1000009364,20250512,1,73,1,,2,12000.00,4800.00,19200.00
5000011408,1000009365,20250512,2,2879,1,,1,15000.00,3000.00,12000.00
5000011409,1000009366,20250512,1,2131,1,,2,12000.00,4800.00,19200.00
5000011410,1000009367,20250512,2,2450,1,,1,15000.00,3000.00,12000.00
5000011411,1000009368,20250512,2,1537,1,,1,15000.00,3000.00,12000.00
5000011412,1000009369,20250512,1,2346,1,,1,12000.00,2400.00,9600.00
5000011413,1000009369,20250512,2,2346,1,,1,15000.00,3000.00,12000.00
5000011414,1000009370,20250512,1,2503,1,,1,12000.00,2400.00,9600.00
5000011415,1000009371,20250512,2,2880,1,,2,15000.00,6000.00,24000.00
5000011416,1000009372,20250512,1,2881,1,,1,12000.00,2400.00,9600.00
5000011417,1000009372,20250512,2,2881,1,,2,15000.00,6000.00,24000.00
5000011418,1000009373,20250512,1,1365,1,,3,12000.00,7200.00,28800.00
5000011419,1000009373,20250512,2,1365,1,,1,15000.00,3000.00,12000.00
5000011420,1000009374,20250512,2,2781,1,,1,15000.00,3000.00,12000.00
5000011421,1000009375,20250513,1,2105,1,,1,12000.00,2400.00,9600.00
5000011422,1000009375,20250513,2,2105,1,,2,15000.00,6000.00,24000.00
5000011423,1000009376,20250513,1,2882,1,,1,12000.00,2400.00,9600.00
5000011424,1000009377,20250513,1,398,1,,1,12000.00,2400.00,9600.00
5000011425,1000009378,20250513,2,2883,1,,1,15000.00,3000.00,12000.00
5000011426,1000009379,20250513,1,2884,1,,2,12000.00,4800.00,19200.00
5000011427,1000009380,20250513,1,1109,1,,1,12000.00,2400.00,9600.00
5000011428,1000009381,20250513,1,2407,1,,1,12000.00,2400.00,9600.00
5000011429,1000009382,20250513,2,2634,1,,2,15000.00,6000.00,24000.00
5000011430,1000009383,20250513,2,2885,1,,1,15000.00,3000.00,12000.00
5000011431,1000009384,20250513,2,2886,1,,1,15000.00,3000.00,12000.00
5000011432,1000009385,20250513,2,1532,1,,3,15000.00,9000.00,36000.00
5000011433,1000009386,20250513,1,2887,1,,1,12000.00,2400.00,9600.00
5000011434,1000009386,20250513,2,2887,1,,1,15000.00,3000.00,12000.00
5000011435,1000009387,20250513,1,2183,1,,1,12000.00,2400.00,9600.00
5000011436,1000009388,20250513,2,2888,1,,1,15000.00,3000.00,12000.00
5000011437,1000009389,20250513,1,2504,1,,4,12000.00,9600.00,38400.00
5000011438,1000009389,20250513,2,2504,1,,1,15000.00,3000.00,12000.00
5000011439,1000009390,20250513,1,1253,1,,3,12000.00,7200.00,28800.00
5000011440,1000009391,20250513,1,1842,1,,1,12000.00,2400.00,9600.00
5000011441,1000009391,20250513,2,1842,1,,2,15000.00,6000.00,24000.00
5000011442,1000009392,20250513,1,344,1,,2,12000.00,4800.00,19200.00
5000011444,1000009394,20250513,2,1994,1,,1,15000.00,3000.00,12000.00
5000011445,1000009395,20250513,1,1469,1,,2,12000.00,4800.00,19200.00
5000011447,1000009397,20250513,1,651,1,,1,12000.00,2400.00,9600.00
5000011450,1000009400,20250513,1,2093,1,,1,12000.00,2400.00,9600.00
5000011451,1000009400,20250513,2,2093,1,,1,15000.00,3000.00,12000.00
5000011454,1000009402,20250513,1,1045,1,,3,12000.00,7200.00,28800.00
5000011455,1000009403,20250513,1,2891,1,,4,12000.00,9600.00,38400.00
5000011456,1000009403,20250513,2,2891,1,,1,15000.00,3000.00,12000.00
5000011457,1000009404,20250513,2,2892,1,,2,15000.00,6000.00,24000.00
5000011458,1000009405,20250513,1,2893,1,,1,12000.00,2400.00,9600.00
5000011459,1000009406,20250513,1,185,1,,1,12000.00,2400.00,9600.00
5000011460,1000009407,20250513,1,2364,1,,2,12000.00,4800.00,19200.00
5000011461,1000009407,20250513,2,2364,1,,2,15000.00,6000.00,24000.00
5000011462,1000009408,20250513,1,2894,1,,2,12000.00,4800.00,19200.00
5000011463,1000009409,20250513,1,2249,1,,1,12000.00,2400.00,9600.00
5000011464,1000009410,20250513,1,2114,1,,1,12000.00,2400.00,9600.00
5000011465,1000009411,20250513,1,2895,1,,1,12000.00,2400.00,9600.00
5000011466,1000009412,20250513,2,2705,1,,1,15000.00,3000.00,12000.00
5000011467,1000009413,20250513,1,2751,1,,1,12000.00,2400.00,9600.00
5000011468,1000009414,20250513,2,2490,1,,1,15000.00,3000.00,12000.00
5000011469,1000009415,20250513,1,2316,1,,1,12000.00,2400.00,9600.00
5000011470,1000009415,20250513,2,2316,1,,2,15000.00,6000.00,24000.00
5000011471,1000009416,20250513,1,1950,1,,1,12000.00,2400.00,9600.00
5000011472,1000009416,20250513,2,1950,1,,1,15000.00,3000.00,12000.00
5000011473,1000009417,20250513,1,2896,1,,3,12000.00,7200.00,28800.00
5000011474,1000009418,20250513,1,2254,1,,3,12000.00,7200.00,28800.00
5000011475,1000009419,20250513,2,2636,1,,1,15000.00,3000.00,12000.00
5000011476,1000009420,20250513,1,1485,1,,2,12000.00,4800.00,19200.00
5000011477,1000009421,20250513,1,1352,1,,1,12000.00,2400.00,9600.00
5000011478,1000009421,20250513,2,1352,1,,2,15000.00,6000.00,24000.00
5000011479,1000009422,20250513,2,1258,1,,10,15000.00,22500.00,127500.00
5000011480,1000009423,20250513,1,184,1,,3,12000.00,7200.00,28800.00
5000011481,1000009424,20250513,2,351,1,,1,15000.00,3000.00,12000.00
5000011482,1000009425,20250513,1,2614,1,,1,12000.00,2400.00,9600.00
5000011483,1000009426,20250513,2,1926,1,,1,15000.00,3000.00,12000.00
5000011484,1000009427,20250513,1,2103,1,,3,12000.00,7200.00,28800.00
5000011485,1000009428,20250513,1,2018,1,,3,12000.00,7200.00,28800.00
5000011486,1000009428,20250513,2,2018,1,,2,15000.00,6000.00,24000.00
5000011487,1000009429,20250513,2,2898,1,,1,15000.00,3000.00,12000.00
5000011488,1000009430,20250513,1,2897,1,,2,12000.00,4800.00,19200.00
5000011489,1000009431,20250513,1,2605,1,,1,12000.00,2400.00,9600.00
5000011490,1000009432,20250513,1,1526,1,,1,12000.00,2400.00,9600.00
5000011491,1000009433,20250513,1,2571,1,,2,12000.00,4800.00,19200.00
5000011492,1000009434,20250513,2,2899,1,,2,15000.00,6000.00,24000.00
5000011493,1000009435,20250514,2,1328,1,,1,15000.00,3000.00,12000.00
5000011494,1000009436,20250514,2,2900,1,,2,15000.00,6000.00,24000.00
5000011495,1000009437,20250514,2,2901,1,,2,15000.00,6000.00,24000.00
5000011496,1000009438,20250514,2,2348,1,,2,15000.00,6000.00,24000.00
5000011497,1000009439,20250514,1,705,1,,1,12000.00,2400.00,9600.00
5000011499,1000009441,20250514,1,118,1,,2,12000.00,4800.00,19200.00
5000011500,1000009441,20250514,2,118,1,,2,15000.00,6000.00,24000.00
5000011502,1000009443,20250514,2,2902,1,,2,15000.00,6000.00,24000.00
5000011503,1000009444,20250514,2,2165,1,,2,15000.00,6000.00,24000.00
5000011504,1000009445,20250514,1,2904,1,,4,12000.00,9600.00,38400.00
5000011505,1000009446,20250514,2,2059,1,,1,15000.00,3000.00,12000.00
5000011506,1000009447,20250514,1,1515,1,,1,12000.00,2400.00,9600.00
5000011509,1000009450,20250514,2,2139,1,,1,15000.00,3000.00,12000.00
5000011512,1000009452,20250514,2,2046,1,,4,15000.00,12000.00,48000.00
5000011513,1000009453,20250514,1,399,1,,2,12000.00,4800.00,19200.00
5000011514,1000009454,20250514,1,1946,1,,2,12000.00,4800.00,19200.00
5000011515,1000009455,20250514,2,2314,1,,2,15000.00,6000.00,24000.00
5000011516,1000009456,20250514,1,2906,1,,2,12000.00,4800.00,19200.00
5000011517,1000009457,20250514,1,2907,1,,2,12000.00,4800.00,19200.00
5000011518,1000009458,20250514,2,2549,1,,4,15000.00,12000.00,48000.00
5000011519,1000009459,20250514,2,207,1,,1,15000.00,3000.00,12000.00
5000011520,1000009460,20250514,1,2035,1,,4,12000.00,9600.00,38400.00
5000011521,1000009461,20250514,1,2138,1,,1,12000.00,2400.00,9600.00
5000011522,1000009462,20250514,1,2171,1,,3,12000.00,7200.00,28800.00
5000011525,1000009464,20250514,1,473,1,,1,12000.00,2400.00,9600.00
5000011526,1000009465,20250514,1,470,1,,1,12000.00,2400.00,9600.00
5000011527,1000009465,20250514,2,470,1,,1,15000.00,3000.00,12000.00
5000011528,1000009466,20250514,1,460,1,,1,12000.00,2400.00,9600.00
5000011529,1000009467,20250514,1,1454,1,,1,12000.00,2400.00,9600.00
5000011532,1000009469,20250514,1,2770,1,,1,12000.00,2400.00,9600.00
5000011533,1000009470,20250514,1,719,1,,3,12000.00,7200.00,28800.00
5000011534,1000009471,20250514,1,2390,1,,2,12000.00,4800.00,19200.00
5000011535,1000009472,20250514,2,2415,1,,1,15000.00,3000.00,12000.00
5000011536,1000009473,20250514,1,1016,1,,1,12000.00,2400.00,9600.00
5000011537,1000009474,20250514,1,2568,1,,1,12000.00,2400.00,9600.00
5000011538,1000009475,20250514,1,1662,1,,1,12000.00,2400.00,9600.00
5000011539,1000009476,20250514,2,2908,1,,1,15000.00,3000.00,12000.00
5000011540,1000009477,20250514,1,648,1,,2,12000.00,4800.00,19200.00
5000011542,1000009479,20250514,1,2909,1,,3,12000.00,7200.00,28800.00
5000011543,1000009480,20250514,1,2910,1,,2,12000.00,4800.00,19200.00
5000011544,1000009481,20250514,2,1120,1,,1,15000.00,3000.00,12000.00
5000011545,1000009482,20250514,1,700,1,,4,12000.00,9600.00,38400.00
5000011546,1000009482,20250514,2,700,1,,2,15000.00,6000.00,24000.00
5000011547,1000009483,20250514,1,165,1,,1,12000.00,2400.00,9600.00
5000011548,1000009484,20250514,2,2911,1,,1,15000.00,3000.00,12000.00
5000011549,1000009485,20250514,1,2470,1,,1,12000.00,2400.00,9600.00
5000011550,1000009486,20250514,1,1129,1,,1,12000.00,2400.00,9600.00
5000011551,1000009487,20250514,1,1047,1,,2,12000.00,4800.00,19200.00
5000011552,1000009488,20250515,2,2577,1,,1,15000.00,0.00,15000.00
5000011554,1000009490,20250515,2,2912,1,,1,15000.00,0.00,15000.00
5000011559,1000009495,20250515,2,1622,1,,1,15000.00,0.00,15000.00
5000011560,1000009496,20250515,1,2553,1,,1,12000.00,0.00,12000.00
5000011564,1000009499,20250515,1,2342,1,,1,12000.00,0.00,12000.00
5000011565,1000009500,20250515,1,2575,1,,1,12000.00,0.00,12000.00
5000011568,1000009503,20250515,1,1828,1,,1,12000.00,0.00,12000.00
5000011569,1000009503,20250515,2,1828,1,,1,15000.00,0.00,15000.00
5000011570,1000009504,20250515,2,328,1,,1,15000.00,0.00,15000.00
5000011571,1000009505,20250515,1,2413,1,,1,12000.00,0.00,12000.00
5000011572,1000009506,20250515,1,1768,1,,2,12000.00,0.00,24000.00
5000011573,1000009507,20250515,2,2393,1,,2,15000.00,0.00,30000.00
5000011574,1000009508,20250515,2,2230,1,,1,15000.00,0.00,15000.00
5000011576,1000009510,20250516,1,2834,1,,1,12000.00,0.00,12000.00
5000011587,1000009520,20250516,2,1389,1,,3,15000.00,0.00,45000.00
5000011588,1000009521,20250516,1,389,1,,1,12000.00,0.00,12000.00
5000011589,1000009521,20250516,2,389,1,,3,15000.00,0.00,45000.00
5000011591,1000009523,20250516,1,2658,1,,2,12000.00,0.00,24000.00
5000011592,1000009524,20250516,1,622,1,,2,12000.00,0.00,24000.00
5000011593,1000009525,20250516,1,2292,1,,1,12000.00,0.00,12000.00
5000011594,1000009526,20250516,1,2074,1,,1,12000.00,0.00,12000.00
5000011595,1000009527,20250516,1,2920,1,,1,12000.00,0.00,12000.00
5000011596,1000009528,20250516,2,2776,1,,3,15000.00,0.00,45000.00
5000011597,1000009529,20250517,2,2494,1,,1,15000.00,0.00,15000.00
5000011598,1000009530,20250517,2,2008,1,,3,15000.00,0.00,45000.00
5000011603,1000009534,20250517,2,2400,1,,3,15000.00,0.00,45000.00
5000011615,1000009544,20250517,2,2282,1,,1,15000.00,0.00,15000.00
5000011616,1000009545,20250517,1,2471,1,,1,12000.00,0.00,12000.00
5000011620,1000009548,20250517,1,1314,1,,3,12000.00,0.00,36000.00
5000011622,1000009550,20250517,1,1436,1,,1,12000.00,0.00,12000.00
5000011623,1000009550,20250517,2,1436,1,,2,15000.00,0.00,30000.00
5000011624,1000009551,20250518,1,1001,1,,1,12000.00,0.00,12000.00
5000011625,1000009552,20250518,1,2514,1,,1,12000.00,0.00,12000.00
5000011626,1000009553,20250518,1,2922,1,,1,12000.00,0.00,12000.00
5000011627,1000009553,20250518,2,2922,1,,1,15000.00,0.00,15000.00
5000011628,1000009554,20250518,2,1924,1,,2,15000.00,0.00,30000.00
5000011629,1000009555,20250518,1,58,1,,2,12000.00,0.00,24000.00
5000011630,1000009556,20250518,2,1521,1,,1,15000.00,0.00,15000.00
5000011631,1000009557,20250518,2,2246,1,,1,15000.00,0.00,15000.00
5000011632,1000009558,20250518,1,1876,1,,1,12000.00,0.00,12000.00
5000011633,1000009559,20250518,2,2923,1,,2,15000.00,0.00,30000.00
5000011634,1000009560,20250519,2,2925,1,,3,15000.00,0.00,45000.00
5000011635,1000009561,20250519,1,2926,1,,1,12000.00,0.00,12000.00
5000011636,1000009562,20250519,1,2927,1,,3,12000.00,0.00,36000.00
5000011637,1000009562,20250519,2,2927,1,,1,15000.00,0.00,15000.00
5000011638,1000009563,20250519,1,2632,1,,2,12000.00,0.00,24000.00
5000011639,1000009563,20250519,2,2632,1,,3,15000.00,0.00,45000.00
5000011640,1000009564,20250519,2,2301,1,,3,15000.00,0.00,45000.00
5000011641,1000009565,20250519,1,2928,1,,2,12000.00,0.00,24000.00
5000011642,1000009566,20250519,1,2248,1,,1,12000.00,0.00,12000.00
5000011643,1000009566,20250519,2,2248,1,,2,15000.00,0.00,30000.00
5000011644,1000009567,20250519,2,1095,1,,1,15000.00,0.00,15000.00
5000011646,1000009569,20250519,1,1732,1,,1,12000.00,0.00,12000.00
5000011647,1000009569,20250519,2,1732,1,,1,15000.00,0.00,15000.00
5000011649,1000009571,20250519,1,1754,1,,2,12000.00,0.00,24000.00
5000011651,1000009573,20250519,1,1422,1,,2,12000.00,0.00,24000.00
5000011652,1000009574,20250520,1,2486,1,,2,12000.00,0.00,24000.00
5000011653,1000009574,20250520,2,2486,1,,1,15000.00,0.00,15000.00
5000011654,1000009575,20250520,2,1907,1,,1,15000.00,0.00,15000.00
5000011655,1000009576,20250520,1,2245,1,,2,12000.00,0.00,24000.00
5000011657,1000009578,20250520,2,2841,1,,1,15000.00,0.00,15000.00
5000011658,1000009579,20250520,1,215,1,,1,12000.00,0.00,12000.00
5000011661,1000009581,20250520,1,763,1,,3,12000.00,0.00,36000.00
5000011662,1000009581,20250520,2,763,1,,2,15000.00,0.00,30000.00
5000011663,1000009582,20250520,2,2929,1,,2,15000.00,0.00,30000.00
5000011667,1000009585,20250520,2,1029,1,,3,15000.00,0.00,45000.00
5000011669,1000009587,20250520,1,2690,1,,2,12000.00,0.00,24000.00
5000011670,1000009588,20250520,1,2930,1,,1,12000.00,0.00,12000.00
5000011671,1000009589,20250520,1,2931,1,,1,12000.00,0.00,12000.00
5000011673,1000009591,20250520,1,2932,1,,2,12000.00,0.00,24000.00
5000011674,1000009591,20250520,2,2932,1,,4,15000.00,0.00,60000.00
5000011675,1000009592,20250521,1,2933,1,,1,12000.00,600.00,11400.00
5000011676,1000009593,20250521,2,1359,1,,1,15000.00,0.00,15000.00
5000011679,1000009595,20250521,1,1870,1,,1,12000.00,0.00,12000.00
5000011684,1000009600,20250521,1,2119,1,,1,12000.00,0.00,12000.00
5000011685,1000009601,20250521,1,2488,1,,1,12000.00,0.00,12000.00
5000011686,1000009602,20250521,2,2935,1,,1,15000.00,0.00,15000.00
5000011689,1000009604,20250521,1,2936,1,,1,12000.00,0.00,12000.00
5000011690,1000009604,20250521,2,2936,1,,3,15000.00,0.00,45000.00
5000011692,1000009606,20250521,1,2937,1,,1,12000.00,0.00,12000.00
5000011693,1000009606,20250521,2,2937,1,,2,15000.00,0.00,30000.00
5000011694,1000009607,20250521,2,2555,1,,1,15000.00,0.00,15000.00
5000011695,1000009608,20250521,1,2476,1,,1,12000.00,0.00,12000.00
5000011696,1000009609,20250521,2,2938,1,,1,15000.00,0.00,15000.00
5000011697,1000009610,20250522,1,2154,1,,2,12000.00,0.00,24000.00
5000011698,1000009611,20250522,2,1852,1,,1,15000.00,0.00,15000.00
5000011699,1000009612,20250522,1,1824,1,,1,12000.00,0.00,12000.00
5000011705,1000009617,20250522,2,1479,1,,3,15000.00,0.00,45000.00
5000011706,1000009618,20250522,1,1409,1,,3,12000.00,0.00,36000.00
5000011707,1000009619,20250522,2,1334,1,,1,15000.00,0.00,15000.00
5000011708,1000009620,20250522,2,1674,1,,1,15000.00,0.00,15000.00
5000011710,1000009622,20250522,1,1969,1,,1,12000.00,0.00,12000.00
5000011715,1000009627,20250522,2,2943,1,,1,15000.00,0.00,15000.00
5000011716,1000009628,20250522,1,2942,1,,1,12000.00,0.00,12000.00
5000011717,1000009629,20250522,1,2944,1,,1,12000.00,0.00,12000.00
5000011718,1000009630,20250522,1,942,1,,2,12000.00,0.00,24000.00
5000011719,1000009631,20250523,2,2209,1,,2,15000.00,0.00,30000.00
5000011721,1000009633,20250523,2,1557,1,,1,15000.00,0.00,15000.00
5000011725,1000009636,20250523,2,1350,1,,1,15000.00,0.00,15000.00
5000011726,1000009637,20250523,1,2189,1,,3,12000.00,0.00,36000.00
5000011727,1000009637,20250523,2,2189,1,,1,15000.00,0.00,15000.00
5000011728,1000009638,20250523,2,1734,1,,8,15000.00,18000.00,102000.00
5000011731,1000009640,20250523,2,1687,1,,4,15000.00,0.00,60000.00
5000011732,1000009641,20250523,1,2625,1,,1,12000.00,0.00,12000.00
5000011733,1000009641,20250523,2,2625,1,,1,15000.00,0.00,15000.00
5000011734,1000009642,20250523,2,2262,1,,1,15000.00,0.00,15000.00
5000011735,1000009643,20250524,2,895,1,,1,15000.00,0.00,15000.00
5000011739,1000009647,20250524,1,2672,1,,1,12000.00,0.00,12000.00
5000011740,1000009647,20250524,2,2672,1,,3,15000.00,0.00,45000.00
5000011748,1000009653,20250524,1,2950,1,,1,12000.00,0.00,12000.00
5000011755,1000009658,20250524,1,2019,1,,3,12000.00,0.00,36000.00
5000011756,1000009659,20250524,1,2795,1,,15,12000.00,27000.00,153000.00
5000011757,1000009660,20250524,1,2682,1,,1,12000.00,0.00,12000.00
5000011758,1000009661,20250525,2,2198,1,,1,15000.00,0.00,15000.00
5000011759,1000009662,20250525,2,996,1,,2,15000.00,0.00,30000.00
5000011760,1000009663,20250525,1,983,1,,4,12000.00,0.00,48000.00
5000011761,1000009664,20250525,1,2953,1,,1,12000.00,0.00,12000.00
5000011762,1000009664,20250525,2,2953,1,,1,15000.00,0.00,15000.00
5000011763,1000009665,20250525,2,2443,1,,2,15000.00,0.00,30000.00
5000011764,1000009666,20250525,1,2186,1,,1,12000.00,0.00,12000.00
5000011765,1000009667,20250525,1,703,1,,3,12000.00,0.00,36000.00
5000011766,1000009668,20250525,2,1816,1,,1,15000.00,0.00,15000.00
5000011767,1000009669,20250525,1,2762,1,,1,12000.00,0.00,12000.00
5000011768,1000009670,20250525,1,1871,1,,3,12000.00,0.00,36000.00
5000011769,1000009671,20250526,1,2370,1,,1,12000.00,0.00,12000.00
5000011770,1000009672,20250526,1,1361,1,,1,12000.00,0.00,12000.00
5000011771,1000009673,20250526,1,2955,1,,1,12000.00,0.00,12000.00
5000011774,1000009676,20250526,1,1323,1,,2,12000.00,0.00,24000.00
5000011775,1000009676,20250526,2,1323,1,,1,15000.00,0.00,15000.00
5000011776,1000009677,20250526,1,2439,1,,3,12000.00,0.00,36000.00
5000011780,1000009681,20250526,1,1847,1,,1,12000.00,0.00,12000.00
5000011781,1000009681,20250526,2,1847,1,,2,15000.00,0.00,30000.00
5000011783,1000009683,20250526,2,2594,1,,3,15000.00,0.00,45000.00
5000011784,1000009684,20250526,1,2124,1,,2,12000.00,0.00,24000.00
5000011785,1000009685,20250526,2,420,1,,2,15000.00,0.00,30000.00
5000011786,1000009686,20250527,1,2960,1,,1,12000.00,0.00,12000.00
5000011787,1000009686,20250527,2,2960,1,,2,15000.00,0.00,30000.00
5000011788,1000009687,20250527,2,553,1,,1,15000.00,0.00,15000.00
5000011789,1000009688,20250527,1,2458,1,,3,12000.00,0.00,36000.00
5000011790,1000009689,20250527,2,1949,1,,2,15000.00,3000.00,27000.00
5000011791,1000009690,20250527,2,20,1,,2,15000.00,0.00,30000.00
5000011794,1000009693,20250527,2,2353,1,,1,15000.00,0.00,15000.00
5000011797,1000009696,20250527,1,2550,1,,3,12000.00,3600.00,32400.00
5000011798,1000009696,20250527,2,2550,1,,1,15000.00,1500.00,13500.00
5000011801,1000009699,20250527,1,2963,1,,1,12000.00,0.00,12000.00
5000011802,1000009700,20250527,1,2693,1,,3,12000.00,0.00,36000.00
5000011803,1000009701,20250527,1,2643,1,,2,12000.00,2400.00,21600.00
5000011804,1000009701,20250527,2,2643,1,,1,15000.00,1500.00,13500.00
5000011805,1000009702,20250527,2,2656,1,,2,15000.00,0.00,30000.00
5000011806,1000009703,20250528,1,2964,1,,1,12000.00,0.00,12000.00
5000011807,1000009704,20250528,1,2965,1,,1,12000.00,0.00,12000.00
5000011809,1000009706,20250528,2,2966,1,,4,15000.00,3000.00,57000.00
5000011812,1000009709,20250528,1,831,1,,1,12000.00,0.00,12000.00
5000011814,1000009711,20250528,1,338,1,,2,12000.00,0.00,24000.00
5000011816,1000009713,20250528,2,2050,1,,3,15000.00,0.00,45000.00
5000011817,1000009714,20250528,1,1182,1,,1,12000.00,0.00,12000.00
5000011818,1000009714,20250528,2,1182,1,,1,15000.00,0.00,15000.00
5000011821,1000009716,20250529,2,2111,1,,3,15000.00,0.00,45000.00
5000011822,1000009717,20250529,2,1165,1,,1,15000.00,0.00,15000.00
5000011827,1000009720,20250529,1,2694,1,,2,12000.00,0.00,24000.00
5000011828,1000009720,20250529,2,2694,1,,1,15000.00,0.00,15000.00
5000011832,1000009723,20250529,1,2346,1,,2,12000.00,0.00,24000.00
5000011833,1000009724,20250529,1,783,1,,1,12000.00,0.00,12000.00
5000011834,1000009724,20250529,2,783,1,,2,15000.00,0.00,30000.00
5000011835,1000009725,20250529,2,1313,1,,2,15000.00,0.00,30000.00
5000011836,1000009726,20250529,1,2022,1,,1,12000.00,0.00,12000.00
5000011837,1000009727,20250529,2,1931,1,,2,15000.00,0.00,30000.00
5000011840,1000009729,20250529,1,2279,1,,1,12000.00,0.00,12000.00
5000011841,1000009729,20250529,2,2279,1,,2,15000.00,0.00,30000.00
5000011843,1000009731,20250529,2,2814,1,,1,15000.00,0.00,15000.00
5000011845,1000009733,20250529,2,2300,1,,3,15000.00,0.00,45000.00
5000011847,1000009735,20250529,1,2260,1,,1,12000.00,600.00,11400.00
5000011848,1000009735,20250529,2,2260,1,,2,15000.00,1500.00,28500.00
5000011849,1000009736,20250529,2,1912,1,,2,15000.00,0.00,30000.00
5000011850,1000009737,20250530,1,2968,1,,1,12000.00,0.00,12000.00
5000011851,1000009737,20250530,2,2968,1,,1,15000.00,0.00,15000.00
5000011852,1000009738,20250530,1,112,1,,1,12000.00,0.00,12000.00
5000011853,1000009738,20250530,2,112,1,,1,15000.00,0.00,15000.00
5000011854,1000009739,20250530,2,2497,1,,1,15000.00,0.00,15000.00
5000011855,1000009740,20250530,1,2372,1,,1,12000.00,0.00,12000.00
5000011856,1000009740,20250530,2,2372,1,,2,15000.00,0.00,30000.00
5000011857,1000009741,20250530,1,1135,1,,2,12000.00,0.00,24000.00
5000011858,1000009741,20250530,2,1135,1,,1,15000.00,0.00,15000.00
5000011860,1000009743,20250530,1,2782,1,,1,12000.00,0.00,12000.00
5000011865,1000009747,20250530,2,1001,1,,13,15000.00,29250.00,165750.00
5000011866,1000009748,20250530,1,2823,1,,1,12000.00,0.00,12000.00
5000011867,1000009749,20250531,2,2971,1,,1,15000.00,0.00,15000.00
5000011869,1000009751,20250531,1,2841,1,,1,12000.00,0.00,12000.00
5000011870,1000009752,20250531,1,938,1,,4,12000.00,0.00,48000.00
5000011872,1000009754,20250531,1,1002,1,,1,12000.00,0.00,12000.00
5000011878,1000009759,20250531,2,1258,1,,1,15000.00,0.00,15000.00
5000011879,1000009760,20250601,1,2972,1,,1,12000.00,0.00,12000.00
5000011880,1000009760,20250601,2,2972,1,,2,15000.00,0.00,30000.00
5000011881,1000009761,20250601,2,2635,1,,2,15000.00,0.00,30000.00
5000011882,1000009762,20250601,1,2180,1,,1,12000.00,0.00,12000.00
5000011883,1000009763,20250601,1,2973,1,,2,12000.00,0.00,24000.00
5000011884,1000009764,20250601,2,2830,1,,1,15000.00,0.00,15000.00
5000011885,1000009765,20250601,1,2265,1,,1,12000.00,0.00,12000.00
5000011886,1000009766,20250601,2,1650,1,,4,15000.00,0.00,60000.00
5000011887,1000009767,20250601,1,2974,1,,4,12000.00,0.00,48000.00
5000011888,1000009768,20250601,2,2975,1,,4,15000.00,0.00,60000.00
5000011889,1000009769,20250601,1,708,1,,4,12000.00,0.00,48000.00
5000011890,1000009770,20250601,1,2520,1,,1,12000.00,0.00,12000.00
5000011891,1000009771,20250601,1,2194,1,,1,12000.00,0.00,12000.00
5000011892,1000009771,20250601,2,2194,1,,3,15000.00,0.00,45000.00
5000011893,1000009772,20250601,1,2976,1,,1,12000.00,0.00,12000.00
5000011894,1000009773,20250602,1,2437,1,,1,12000.00,0.00,12000.00
5000011895,1000009773,20250602,2,2437,1,,1,15000.00,0.00,15000.00
5000011896,1000009774,20250602,2,1862,1,,1,15000.00,0.00,15000.00
5000011897,1000009775,20250602,2,2977,1,,1,15000.00,0.00,15000.00
5000011898,1000009776,20250602,1,2510,1,,1,12000.00,600.00,11400.00
5000011899,1000009777,20250602,1,2785,1,,7,12000.00,12600.00,71400.00
5000011901,1000009779,20250602,1,152,1,,1,12000.00,0.00,12000.00
5000011904,1000009782,20250602,2,2390,1,,2,15000.00,0.00,30000.00
5000011907,1000009784,20250602,2,2242,1,,1,15000.00,0.00,15000.00
5000011908,1000009785,20250602,2,2783,1,,1,15000.00,0.00,15000.00
5000011909,1000009786,20250602,2,2896,1,,1,15000.00,0.00,15000.00
5000011913,1000009789,20250602,2,1783,1,,4,15000.00,0.00,60000.00
5000011914,1000009790,20250602,2,2020,1,,4,15000.00,0.00,60000.00
5000011915,1000009791,20250602,2,2069,1,,2,15000.00,0.00,30000.00
5000011916,1000009792,20250602,2,1399,1,,1,15000.00,0.00,15000.00
5000011917,1000009793,20250602,1,2836,1,,1,12000.00,0.00,12000.00
5000011918,1000009793,20250602,2,2836,1,,1,15000.00,0.00,15000.00
5000011919,1000009794,20250602,1,670,1,,1,12000.00,0.00,12000.00
5000011920,1000009794,20250602,2,670,1,,3,15000.00,0.00,45000.00
5000011921,1000009795,20250603,1,788,1,,1,12000.00,0.00,12000.00
5000011922,1000009796,20250603,1,1337,1,,1,12000.00,0.00,12000.00
5000011923,1000009797,20250603,2,405,1,,2,15000.00,0.00,30000.00
5000011924,1000009798,20250603,2,2981,1,,2,15000.00,0.00,30000.00
5000011926,1000009800,20250603,2,2804,1,,1,15000.00,0.00,15000.00
5000011934,1000009806,20250603,1,1963,1,,2,12000.00,0.00,24000.00
5000011935,1000009806,20250603,2,1963,1,,2,15000.00,0.00,30000.00
5000011937,1000009808,20250603,2,1826,1,,4,15000.00,0.00,60000.00
5000011939,1000009810,20250603,2,2983,1,,4,15000.00,0.00,60000.00
5000011940,1000009811,20250603,2,2695,1,,1,15000.00,0.00,15000.00
5000011942,1000009813,20250603,2,2984,1,,1,15000.00,0.00,15000.00
5000011946,1000009816,20250603,1,2291,1,,1,12000.00,0.00,12000.00
5000011947,1000009817,20250603,2,2071,1,,2,15000.00,1500.00,28500.00
5000011948,1000009818,20250604,2,2475,1,,2,15000.00,0.00,30000.00
5000011949,1000009819,20250604,1,2865,1,,1,12000.00,0.00,12000.00
5000011950,1000009819,20250604,2,2865,1,,1,15000.00,0.00,15000.00
5000011951,1000009820,20250604,1,2378,1,,4,12000.00,0.00,48000.00
5000011953,1000009822,20250604,1,1239,1,,3,12000.00,0.00,36000.00
5000011954,1000009823,20250604,1,2986,1,,1,12000.00,600.00,11400.00
5000011955,1000009824,20250604,2,2985,1,,2,15000.00,0.00,30000.00
5000011956,1000009825,20250604,1,2987,1,,1,12000.00,0.00,12000.00
5000011957,1000009825,20250604,2,2987,1,,1,15000.00,0.00,15000.00
5000011959,1000009827,20250604,2,586,1,,1,15000.00,0.00,15000.00
5000011960,1000009828,20250605,2,1555,1,,1,15000.00,0.00,15000.00
5000011961,1000009829,20250605,1,2471,1,,1,12000.00,0.00,12000.00
5000011963,1000009831,20250605,2,2989,1,,1,15000.00,0.00,15000.00
5000011964,1000009832,20250605,1,2990,1,,1,12000.00,0.00,12000.00
5000011965,1000009832,20250605,2,2990,1,,1,15000.00,0.00,15000.00
5000011967,1000009834,20250605,1,1172,1,,1,12000.00,0.00,12000.00
5000011971,1000009838,20250605,1,2795,1,,1,12000.00,0.00,12000.00
5000011972,1000009838,20250605,2,2795,1,,1,15000.00,0.00,15000.00
5000011973,1000009839,20250605,2,2993,1,,3,15000.00,0.00,45000.00
5000011974,1000009840,20250605,1,952,1,,3,12000.00,1800.00,34200.00
5000011975,1000009840,20250605,2,952,1,,1,15000.00,750.00,14250.00
5000011976,1000009841,20250605,2,1588,1,,1,15000.00,0.00,15000.00
5000011978,1000009843,20250605,1,2994,1,,4,12000.00,0.00,48000.00
5000011985,1000009847,20250605,1,1978,1,,1,12000.00,0.00,12000.00
5000011986,1000009848,20250605,1,2310,1,,4,12000.00,0.00,48000.00
5000011987,1000009849,20250606,1,2996,1,,4,12000.00,0.00,48000.00
5000011988,1000009850,20250606,1,1223,1,,1,12000.00,0.00,12000.00
5000011989,1000009850,20250606,2,1223,1,,3,15000.00,0.00,45000.00
5000011990,1000009851,20250606,2,652,1,,1,15000.00,0.00,15000.00
5000011991,1000009852,20250606,2,2095,1,,1,15000.00,0.00,15000.00
5000011992,1000009853,20250606,1,1859,1,,1,12000.00,0.00,12000.00
5000011993,1000009853,20250606,2,1859,1,,1,15000.00,0.00,15000.00
5000011997,1000009857,20250606,1,747,1,,1,12000.00,0.00,12000.00
5000012005,1000009865,20250606,2,2797,1,,1,15000.00,0.00,15000.00
5000012008,1000009867,20250606,2,2820,1,,2,15000.00,0.00,30000.00
5000012010,1000009869,20250606,2,3000,1,,2,15000.00,0.00,30000.00
5000012013,1000009872,20250606,2,2491,1,,3,15000.00,0.00,45000.00
5000012017,1000009875,20250606,2,2161,1,,3,15000.00,0.00,45000.00
5000012020,1000009877,20250606,1,2270,1,,3,12000.00,0.00,36000.00
5000012021,1000009878,20250606,1,1088,1,,1,12000.00,0.00,12000.00
5000012022,1000009879,20250607,2,944,1,,2,15000.00,0.00,30000.00
5000012025,1000009882,20250607,1,2337,1,,1,12000.00,0.00,12000.00
5000012026,1000009882,20250607,2,2337,1,,2,15000.00,0.00,30000.00
5000012037,1000009892,20250607,2,2352,1,,2,15000.00,0.00,30000.00
5000012044,1000009898,20250607,1,1765,1,,12,12000.00,21600.00,122400.00
5000012046,1000009900,20250607,2,2781,1,,3,15000.00,0.00,45000.00
5000012048,1000009902,20250607,1,1114,1,,1,12000.00,0.00,12000.00
5000012049,1000009902,20250607,2,1114,1,,1,15000.00,0.00,15000.00
5000012055,1000009907,20250607,2,3009,1,,1,15000.00,0.00,15000.00
5000012058,1000009910,20250607,1,2691,1,,1,12000.00,0.00,12000.00
5000012060,1000009912,20250607,1,300,1,,1,12000.00,0.00,12000.00
5000012065,1000009917,20250607,1,888,1,,2,12000.00,0.00,24000.00
5000012066,1000009917,20250607,2,888,1,,3,15000.00,0.00,45000.00
5000012067,1000009918,20250608,1,1799,1,,3,12000.00,0.00,36000.00
5000012068,1000009919,20250608,2,3010,1,,3,15000.00,2250.00,42750.00
5000012069,1000009920,20250608,1,3011,1,,4,12000.00,0.00,48000.00
5000012070,1000009920,20250608,2,3011,1,,1,15000.00,0.00,15000.00
5000012071,1000009921,20250608,1,2866,1,,1,12000.00,0.00,12000.00
5000012072,1000009922,20250608,1,2404,1,,8,12000.00,14400.00,81600.00
5000012073,1000009922,20250608,2,2404,1,,6,15000.00,13500.00,76500.00
5000012074,1000009923,20250608,1,1851,1,,3,12000.00,0.00,36000.00
5000012075,1000009924,20250608,2,1674,1,,2,15000.00,0.00,30000.00
5000012076,1000009925,20250608,2,1821,1,,3,15000.00,0.00,45000.00
5000012077,1000009926,20250608,1,3013,1,,2,12000.00,0.00,24000.00
5000012078,1000009927,20250608,1,2716,1,,1,12000.00,0.00,12000.00
5000012079,1000009928,20250608,2,2102,1,,3,15000.00,0.00,45000.00
5000012080,1000009929,20250608,1,2314,1,,1,12000.00,0.00,12000.00
5000012081,1000009929,20250608,2,2314,1,,1,15000.00,0.00,15000.00
5000012082,1000009930,20250608,2,1842,1,,1,15000.00,0.00,15000.00
5000012083,1000009931,20250608,1,3014,1,,2,12000.00,0.00,24000.00
5000012084,1000009932,20250608,1,2340,1,,1,12000.00,0.00,12000.00
5000012085,1000009932,20250608,2,2340,1,,2,15000.00,0.00,30000.00
5000012086,1000009933,20250608,2,622,1,,2,15000.00,0.00,30000.00
5000012087,1000009934,20250608,2,2793,1,,2,15000.00,0.00,30000.00
5000012088,1000009935,20250608,1,1598,1,,1,12000.00,0.00,12000.00
5000012089,1000009936,20250608,1,3015,1,,2,12000.00,0.00,24000.00
5000012090,1000009937,20250608,1,3016,1,,1,12000.00,0.00,12000.00
5000012091,1000009937,20250608,2,3016,1,,4,15000.00,0.00,60000.00
5000012092,1000009938,20250608,1,2103,1,,1,12000.00,0.00,12000.00
5000012093,1000009938,20250608,2,2103,1,,3,15000.00,0.00,45000.00
5000012094,1000009939,20250608,1,719,1,,2,12000.00,0.00,24000.00
5000012095,1000009939,20250608,2,719,1,,1,15000.00,0.00,15000.00
5000012096,1000009940,20250608,1,1501,1,,1,12000.00,0.00,12000.00
5000012097,1000009941,20250608,2,2747,1,,2,15000.00,0.00,30000.00
5000012098,1000009942,20250609,2,1506,1,,2,15000.00,0.00,30000.00
5000012100,1000009944,20250609,2,2885,1,,1,15000.00,0.00,15000.00
5000012101,1000009945,20250609,1,404,1,,2,12000.00,0.00,24000.00
5000012102,1000009946,20250609,1,1736,1,,1,12000.00,0.00,12000.00
5000012103,1000009946,20250609,2,1736,1,,1,15000.00,0.00,15000.00
5000012104,1000009947,20250609,1,3018,1,,4,12000.00,0.00,48000.00
5000012105,1000009947,20250609,2,3018,1,,1,15000.00,0.00,15000.00
5000012106,1000009948,20250609,1,2421,1,,3,12000.00,1800.00,34200.00
5000012107,1000009948,20250609,2,2421,1,,2,15000.00,1500.00,28500.00
5000012110,1000009951,20250609,1,2729,1,,1,12000.00,0.00,12000.00
5000012111,1000009952,20250609,1,2849,1,,2,12000.00,0.00,24000.00
5000012113,1000009954,20250609,1,2300,1,,1,12000.00,0.00,12000.00
5000012114,1000009955,20250609,2,2955,1,,1,15000.00,0.00,15000.00
5000012115,1000009956,20250609,2,1253,1,,1,15000.00,0.00,15000.00
5000012116,1000009957,20250609,1,3020,1,,1,12000.00,0.00,12000.00
5000012117,1000009957,20250609,2,3020,1,,1,15000.00,0.00,15000.00
5000012118,1000009958,20250609,1,2526,1,,2,12000.00,0.00,24000.00
5000012119,1000009958,20250609,2,2526,1,,1,15000.00,0.00,15000.00
5000012121,1000009960,20250609,2,2232,1,,1,15000.00,0.00,15000.00
5000012122,1000009961,20250609,2,3021,1,,3,15000.00,0.00,45000.00
5000012123,1000009962,20250609,2,2593,1,,1,15000.00,0.00,15000.00
5000012124,1000009963,20250609,1,922,1,,2,12000.00,0.00,24000.00
5000012125,1000009964,20250610,2,3022,1,,1,15000.00,0.00,15000.00
5000012126,1000009965,20250610,2,681,1,,1,15000.00,1500.00,13500.00
5000012127,1000009966,20250610,1,163,1,,1,12000.00,1200.00,10800.00
5000012128,1000009966,20250610,2,163,1,,1,15000.00,1500.00,13500.00
5000012129,1000009967,20250610,1,2415,1,,2,12000.00,0.00,24000.00
5000012130,1000009968,20250610,1,889,1,,1,12000.00,1200.00,10800.00
5000012131,1000009969,20250610,1,306,1,,2,12000.00,0.00,24000.00
5000012132,1000009970,20250610,2,2012,1,,1,15000.00,0.00,15000.00
5000012136,1000009973,20250610,2,1398,1,,1,15000.00,0.00,15000.00
5000012138,1000009975,20250610,1,2654,1,,4,12000.00,4800.00,43200.00
5000012139,1000009976,20250610,2,3023,1,,1,15000.00,0.00,15000.00
5000012140,1000009977,20250610,2,3024,1,,1,15000.00,0.00,15000.00
5000012141,1000009978,20250610,1,1610,1,,1,12000.00,1200.00,10800.00
5000012142,1000009978,20250610,2,1610,1,,1,15000.00,1500.00,13500.00
5000012143,1000009979,20250610,2,1439,1,,2,15000.00,3000.00,27000.00
5000012144,1000009980,20250610,2,1972,1,,1,15000.00,0.00,15000.00
5000012149,1000009984,20250610,1,3026,1,,1,12000.00,1200.00,10800.00
5000012150,1000009984,20250610,2,3026,1,,1,15000.00,1500.00,13500.00
5000012151,1000009985,20250610,1,3028,1,,1,12000.00,1200.00,10800.00
5000012155,1000009988,20250610,2,3029,1,,1,15000.00,0.00,15000.00
5000012156,1000009989,20250610,2,2005,1,,2,15000.00,0.00,30000.00
5000012158,1000009991,20250610,2,87,1,,1,15000.00,1500.00,13500.00
5000012159,1000009992,20250610,1,2269,1,,2,12000.00,0.00,24000.00
5000012160,1000009993,20250610,1,1225,1,,2,12000.00,0.00,24000.00
5000012161,1000009993,20250610,2,1225,1,,2,15000.00,0.00,30000.00
5000012162,1000009994,20250611,2,3030,1,,1,15000.00,0.00,15000.00
5000012163,1000009995,20250611,1,3031,1,,1,12000.00,0.00,12000.00
5000012164,1000009995,20250611,2,3031,1,,2,15000.00,0.00,30000.00
5000012166,1000009997,20250611,2,2598,1,,2,15000.00,0.00,30000.00
5000012168,1000009999,20250611,2,1087,1,,2,15000.00,0.00,30000.00
5000012171,1000010001,20250611,1,3032,1,,3,12000.00,0.00,36000.00
5000012172,1000010002,20250611,2,577,1,,1,15000.00,0.00,15000.00
5000012177,1000010006,20250611,1,2680,1,,1,12000.00,0.00,12000.00
5000012178,1000010007,20250611,1,356,1,,2,12000.00,0.00,24000.00
5000012181,1000010010,20250611,2,3035,1,,1,15000.00,750.00,14250.00
5000012182,1000010011,20250611,2,2577,1,,1,15000.00,0.00,15000.00
5000012183,1000010012,20250611,2,1313,1,,2,15000.00,0.00,30000.00
5000012185,1000010014,20250611,2,521,1,,4,15000.00,0.00,60000.00
5000012190,1000010019,20250612,1,3036,1,,1,12000.00,0.00,12000.00
5000012191,1000010019,20250612,2,3036,1,,3,15000.00,0.00,45000.00
5000012192,1000010020,20250612,1,3037,1,,3,12000.00,0.00,36000.00
5000012193,1000010021,20250612,2,2840,1,,3,15000.00,0.00,45000.00
5000012194,1000010022,20250612,1,3,1,,1,12000.00,0.00,12000.00
5000012195,1000010022,20250612,2,3,1,,1,15000.00,0.00,15000.00
5000012196,1000010023,20250612,1,1879,1,,1,12000.00,0.00,12000.00
5000012197,1000010023,20250612,2,1879,1,,1,15000.00,0.00,15000.00
5000012198,1000010024,20250612,1,1509,1,,1,12000.00,0.00,12000.00
5000012199,1000010025,20250612,2,679,1,,1,15000.00,0.00,15000.00
5000012200,1000010026,20250612,1,3038,1,,2,12000.00,0.00,24000.00
5000012203,1000010029,20250612,2,2937,1,,1,15000.00,0.00,15000.00
5000012206,1000010032,20250612,1,3039,1,,3,12000.00,0.00,36000.00
5000012208,1000010034,20250612,1,1045,1,,2,12000.00,1200.00,22800.00
5000012209,1000010035,20250612,1,1304,1,,2,12000.00,0.00,24000.00
5000012210,1000010035,20250612,2,1304,1,,2,15000.00,0.00,30000.00
5000012212,1000010037,20250612,1,2141,1,,3,12000.00,0.00,36000.00
5000012216,1000010040,20250612,1,2640,1,,3,12000.00,0.00,36000.00
5000012217,1000010040,20250612,2,2640,1,,3,15000.00,0.00,45000.00
5000012219,1000010042,20250612,1,3041,1,,3,12000.00,0.00,36000.00
5000012220,1000010043,20250612,2,2584,1,,1,15000.00,0.00,15000.00
5000012221,1000010044,20250612,2,2742,1,,2,15000.00,0.00,30000.00
5000012222,1000010045,20250612,1,1677,1,,1,12000.00,0.00,12000.00
5000012223,1000010045,20250612,2,1677,1,,2,15000.00,0.00,30000.00
5000012224,1000010046,20250612,1,3042,1,,1,12000.00,0.00,12000.00
5000012225,1000010046,20250612,2,3042,1,,3,15000.00,0.00,45000.00
5000012226,1000010047,20250613,1,1725,1,,3,12000.00,0.00,36000.00
5000012227,1000010048,20250613,2,2771,1,,2,15000.00,0.00,30000.00
5000012228,1000010049,20250613,2,1866,1,,1,15000.00,0.00,15000.00
5000012229,1000010050,20250613,2,2714,1,,2,15000.00,0.00,30000.00
5000012230,1000010051,20250613,2,3043,1,,4,15000.00,0.00,60000.00
5000012232,1000010053,20250613,2,69,1,,1,15000.00,0.00,15000.00
5000012235,1000010056,20250613,1,3045,1,,4,12000.00,0.00,48000.00
5000012236,1000010056,20250613,2,3045,1,,1,15000.00,0.00,15000.00
5000012238,1000010058,20250613,2,1939,1,,3,15000.00,0.00,45000.00
5000012239,1000010059,20250613,2,2047,1,,1,15000.00,0.00,15000.00
5000012241,1000010061,20250613,2,1375,1,,1,15000.00,0.00,15000.00
5000012242,1000010062,20250613,1,430,1,,1,12000.00,0.00,12000.00
5000012243,1000010063,20250613,2,2348,1,,2,15000.00,0.00,30000.00
5000012246,1000010065,20250613,1,2310,1,,2,12000.00,0.00,24000.00
5000012247,1000010065,20250613,2,2310,1,,3,15000.00,0.00,45000.00
5000012248,1000010066,20250613,1,1286,1,,1,12000.00,0.00,12000.00
5000012253,1000010070,20250614,2,2092,1,,4,15000.00,0.00,60000.00
5000012265,1000010081,20250614,2,1965,1,,2,15000.00,0.00,30000.00
5000012266,1000010082,20250614,2,2439,1,,1,15000.00,0.00,15000.00
5000012269,1000010085,20250614,2,2014,1,,1,15000.00,0.00,15000.00
5000012270,1000010086,20250614,1,2444,1,,1,12000.00,0.00,12000.00
5000012271,1000010087,20250614,2,2443,1,,2,15000.00,0.00,30000.00
5000012272,1000010088,20250614,2,3049,1,,2,15000.00,0.00,30000.00
5000012273,1000010089,20250614,2,3050,1,,2,15000.00,0.00,30000.00
5000012274,1000010090,20250614,2,1810,1,,4,15000.00,0.00,60000.00
5000012275,1000010091,20250614,1,3051,1,,1,12000.00,0.00,12000.00
5000012276,1000010092,20250615,1,581,1,,1,12000.00,0.00,12000.00
5000012277,1000010093,20250615,2,2757,1,,2,15000.00,0.00,30000.00
5000012278,1000010094,20250615,2,440,1,,3,15000.00,2250.00,42750.00
5000012279,1000010095,20250615,2,1067,1,,1,15000.00,0.00,15000.00
5000012280,1000010096,20250615,2,2336,1,,2,15000.00,0.00,30000.00
5000012281,1000010097,20250615,1,3052,1,,1,12000.00,0.00,12000.00
5000012282,1000010097,20250615,2,3052,1,,1,15000.00,0.00,15000.00
5000012283,1000010098,20250615,2,3053,1,,2,15000.00,0.00,30000.00
5000012284,1000010099,20250615,2,1893,1,,1,15000.00,0.00,15000.00
5000012285,1000010100,20250615,1,3054,1,,4,12000.00,0.00,48000.00
5000012286,1000010100,20250615,2,3054,1,,1,15000.00,0.00,15000.00
5000012287,1000010101,20250615,2,1772,1,,3,15000.00,0.00,45000.00
5000012298,1000010110,20250616,2,684,2,1,1,15000.00,0.00,15000.00
5000012304,1000010114,20250616,1,3059,2,1,1,12000.00,0.00,12000.00
5000012305,1000010114,20250616,2,3059,2,1,1,15000.00,0.00,15000.00
5000012308,1000010117,20250616,1,3060,2,4,1,12000.00,0.00,12000.00
5000012309,1000010117,20250616,2,3060,2,4,2,15000.00,0.00,30000.00
5000012320,1000010125,20250617,1,2271,2,2,1,12000.00,0.00,12000.00
5000012321,1000010125,20250617,2,2271,2,2,1,15000.00,0.00,15000.00
5000012324,1000010127,20250617,2,1571,2,2,2,15000.00,0.00,30000.00
5000012325,1000010128,20250617,1,707,2,2,2,12000.00,0.00,24000.00
5000012326,1000010128,20250617,2,707,2,2,4,15000.00,0.00,60000.00
5000012327,1000010129,20250617,1,2948,2,2,1,12000.00,0.00,12000.00
5000012339,1000010138,20250618,1,3017,2,2,1,12000.00,0.00,12000.00
5000012340,1000010139,20250618,2,1157,2,4,1,15000.00,0.00,15000.00
5000012341,1000010140,20250618,2,2828,2,1,1,15000.00,0.00,15000.00
5000012343,1000010142,20250618,1,2773,2,2,1,12000.00,0.00,12000.00
5000012344,1000010143,20250618,2,3063,2,1,1,15000.00,0.00,15000.00
5000012354,1000010152,20250619,1,749,2,1,1,12000.00,0.00,12000.00
5000012355,1000010153,20250619,1,250,2,3,2,12000.00,0.00,24000.00
5000012356,1000010154,20250619,2,1376,2,3,2,15000.00,0.00,30000.00
5000012360,1000010158,20250619,2,2531,2,3,1,15000.00,0.00,15000.00
5000012370,1000010166,20250620,1,1817,2,4,2,12000.00,0.00,24000.00
5000012372,1000010168,20250620,1,3067,2,2,1,12000.00,0.00,12000.00
5000012373,1000010168,20250620,2,3067,2,2,1,15000.00,0.00,15000.00
5000012374,1000010169,20250620,1,743,2,2,1,12000.00,0.00,12000.00
5000012375,1000010170,20250620,1,1489,2,2,1,12000.00,0.00,12000.00
5000012376,1000010170,20250620,2,1489,2,2,1,15000.00,0.00,15000.00
5000012377,1000010171,20250620,2,850,2,3,1,15000.00,0.00,15000.00
5000012378,1000010172,20250620,2,1363,2,3,1,15000.00,0.00,15000.00
5000012379,1000010173,20250620,1,276,2,2,1,12000.00,0.00,12000.00
5000012380,1000010174,20250620,1,2468,2,3,1,12000.00,0.00,12000.00
5000012381,1000010174,20250620,2,2468,2,3,2,15000.00,0.00,30000.00
5000012384,1000010177,20250620,1,3068,2,2,2,12000.00,0.00,24000.00
5000012385,1000010178,20250620,2,1512,2,2,1,15000.00,0.00,15000.00
5000012387,1000010180,20250620,1,1153,2,4,1,12000.00,0.00,12000.00
5000012389,1000010182,20250620,1,2863,2,3,1,12000.00,0.00,12000.00
5000012390,1000010183,20250620,1,1263,2,1,1,12000.00,0.00,12000.00
5000012394,1000010187,20250621,1,245,2,2,2,12000.00,0.00,24000.00
5000012395,1000010188,20250621,1,338,2,1,11,12000.00,19800.00,112200.00
5000012396,1000010188,20250621,2,338,2,1,9,15000.00,20250.00,114750.00
5000012397,1000010189,20250621,1,474,2,4,1,12000.00,0.00,12000.00
5000012398,1000010190,20250621,1,2675,2,2,2,12000.00,0.00,24000.00
5000012399,1000010190,20250621,2,2675,2,2,2,15000.00,0.00,30000.00
5000012401,1000010192,20250621,1,1618,2,2,1,12000.00,0.00,12000.00
5000012402,1000010192,20250621,2,1618,2,2,1,15000.00,0.00,15000.00
5000012403,1000010193,20250621,1,1863,2,3,1,12000.00,0.00,12000.00
5000012404,1000010194,20250621,1,2499,2,1,3,12000.00,0.00,36000.00
5000012407,1000010196,20250621,2,1631,2,2,2,15000.00,0.00,30000.00
5000012408,1000010197,20250621,1,3071,2,1,4,12000.00,0.00,48000.00
5000012409,1000010198,20250621,1,783,2,1,2,12000.00,0.00,24000.00
5000012410,1000010199,20250621,1,1343,2,1,1,12000.00,0.00,12000.00
5000012411,1000010200,20250621,1,1609,2,1,1,12000.00,0.00,12000.00
5000012412,1000010200,20250621,2,1609,2,1,3,15000.00,0.00,45000.00
5000012413,1000010201,20250621,1,1192,2,3,2,12000.00,0.00,24000.00
5000012414,1000010202,20250621,2,1931,2,2,1,15000.00,0.00,15000.00
5000012417,1000010205,20250621,1,1843,2,3,2,12000.00,0.00,24000.00
5000012418,1000010205,20250621,2,1843,2,3,1,15000.00,0.00,15000.00
5000012419,1000010206,20250621,1,2391,2,2,1,12000.00,0.00,12000.00
5000012434,1000010221,20250623,1,2570,2,2,3,12000.00,3600.00,32400.00
5000012435,1000010221,20250623,2,2570,2,2,2,15000.00,3000.00,27000.00
5000012438,1000010224,20250623,1,326,2,4,2,12000.00,0.00,24000.00
5000012439,1000010225,20250623,2,3077,2,4,2,15000.00,0.00,30000.00
5000012441,1000010227,20250623,2,209,2,1,2,15000.00,0.00,30000.00
5000012443,1000010229,20250623,2,267,2,1,3,15000.00,4500.00,40500.00
5000012444,1000010230,20250623,1,3078,2,3,1,12000.00,0.00,12000.00
5000012450,1000010236,20250624,2,2122,2,4,4,15000.00,0.00,60000.00
5000012451,1000010237,20250624,1,1935,2,2,1,12000.00,0.00,12000.00
5000012452,1000010237,20250624,2,1935,2,2,1,15000.00,0.00,15000.00
5000012453,1000010238,20250624,1,177,2,3,1,12000.00,0.00,12000.00
5000012454,1000010239,20250624,1,2015,2,3,2,12000.00,0.00,24000.00
5000012455,1000010239,20250624,2,2015,2,3,2,15000.00,0.00,30000.00
5000012456,1000010240,20250624,1,1334,2,4,1,12000.00,0.00,12000.00
5000012457,1000010240,20250624,2,1334,2,4,3,15000.00,0.00,45000.00
5000012458,1000010241,20250624,2,2106,2,4,1,15000.00,0.00,15000.00
5000012462,1000010244,20250624,1,1816,2,1,2,12000.00,0.00,24000.00
5000012463,1000010245,20250624,2,2616,2,1,1,15000.00,0.00,15000.00
5000012464,1000010246,20250624,1,2625,2,2,2,12000.00,0.00,24000.00
5000012467,1000010249,20250624,1,1607,2,3,1,12000.00,0.00,12000.00
5000012468,1000010249,20250624,2,1607,2,3,1,15000.00,0.00,15000.00
5000012470,1000010251,20250624,2,3081,2,1,1,15000.00,0.00,15000.00
5000012481,1000010259,20250625,1,2070,2,1,1,12000.00,0.00,12000.00
5000012485,1000010262,20250625,1,2688,2,4,1,12000.00,0.00,12000.00
5000012486,1000010262,20250625,2,2688,2,4,1,15000.00,0.00,15000.00
5000012491,1000010265,20250625,2,2435,2,3,2,15000.00,0.00,30000.00
5000012495,1000010268,20250625,2,1787,2,2,1,15000.00,0.00,15000.00
5000012496,1000010269,20250625,2,1268,2,3,2,15000.00,0.00,30000.00
5000012498,1000010271,20250625,2,1746,2,1,1,15000.00,0.00,15000.00
5000012499,1000010272,20250625,2,1831,2,3,1,15000.00,0.00,15000.00
5000012500,1000010273,20250625,1,722,2,3,1,12000.00,0.00,12000.00
5000012501,1000010273,20250625,2,722,2,3,2,15000.00,0.00,30000.00
5000012505,1000010276,20250625,1,1327,2,4,2,12000.00,0.00,24000.00
5000012510,1000010281,20250626,2,808,2,4,2,15000.00,0.00,30000.00
5000012512,1000010283,20250626,1,1245,2,2,2,12000.00,0.00,24000.00
5000012519,1000010289,20250626,2,1527,2,1,1,15000.00,0.00,15000.00
5000012520,1000010290,20250626,2,1437,2,3,2,15000.00,0.00,30000.00
5000012521,1000010291,20250626,1,2249,2,3,1,12000.00,0.00,12000.00
5000012522,1000010292,20250626,2,2197,2,2,1,15000.00,1500.00,13500.00
5000012528,1000010298,20250627,1,3090,2,2,1,12000.00,0.00,12000.00
5000012529,1000010298,20250627,2,3090,2,2,1,15000.00,0.00,15000.00
5000012531,1000010300,20250627,1,1988,2,4,1,12000.00,0.00,12000.00
5000012532,1000010300,20250627,2,1988,2,4,1,15000.00,0.00,15000.00
5000012533,1000010301,20250627,2,2139,2,1,1,15000.00,0.00,15000.00
5000012535,1000010303,20250627,2,1583,2,1,1,15000.00,0.00,15000.00
5000012536,1000010304,20250627,1,3092,2,1,2,12000.00,0.00,24000.00
5000012537,1000010305,20250627,1,1666,2,1,3,12000.00,0.00,36000.00
5000012538,1000010305,20250627,2,1666,2,1,3,15000.00,0.00,45000.00
5000012539,1000010306,20250627,2,1942,2,3,4,15000.00,0.00,60000.00
5000012542,1000010308,20250627,2,2124,2,1,11,15000.00,24750.00,140250.00
5000012543,1000010309,20250627,2,2543,2,2,1,15000.00,0.00,15000.00
5000012549,1000010313,20250628,2,3023,2,1,2,15000.00,0.00,30000.00
5000012550,1000010314,20250628,2,1976,2,2,2,15000.00,0.00,30000.00
5000012551,1000010315,20250628,1,1003,2,3,1,12000.00,0.00,12000.00
5000012552,1000010316,20250628,2,1934,2,1,3,15000.00,0.00,45000.00
5000012556,1000010319,20250628,1,3095,2,3,1,12000.00,0.00,12000.00
5000012557,1000010320,20250628,2,1148,2,3,3,15000.00,4500.00,40500.00
5000012558,1000010321,20250628,2,227,2,3,1,15000.00,0.00,15000.00
5000012559,1000010322,20250628,2,2621,2,2,1,15000.00,0.00,15000.00
5000012563,1000010325,20250628,2,3096,2,1,4,15000.00,0.00,60000.00
5000012580,1000010339,20250630,1,3101,2,1,1,12000.00,0.00,12000.00
5000012581,1000010340,20250630,1,2333,2,2,2,12000.00,0.00,24000.00
5000012582,1000010341,20250630,1,2046,2,3,1,12000.00,0.00,12000.00
5000012584,1000010343,20250630,2,3102,2,2,1,15000.00,0.00,15000.00
5000012586,1000010345,20250630,2,2619,2,2,2,15000.00,0.00,30000.00
5000012587,1000010346,20250630,1,1307,2,1,4,12000.00,0.00,48000.00
5000012588,1000010346,20250630,2,1307,2,1,1,15000.00,0.00,15000.00
5000012589,1000010347,20250630,2,2740,2,1,3,15000.00,0.00,45000.00
5000012591,1000010349,20250630,2,430,2,4,1,15000.00,0.00,15000.00
5000012593,1000010351,20250630,2,801,2,4,2,15000.00,0.00,30000.00
5000012594,1000010352,20250630,1,146,2,1,2,12000.00,0.00,24000.00
5000012595,1000010352,20250630,2,146,2,1,1,15000.00,0.00,15000.00
5000012596,1000010353,20250630,2,3103,2,3,2,15000.00,0.00,30000.00
5000012597,1000010354,20250630,2,2056,2,2,1,15000.00,1500.00,13500.00
5000012606,1000010361,20250701,1,3105,2,2,1,12000.00,1200.00,10800.00
5000012607,1000010362,20250701,1,1467,2,2,3,12000.00,0.00,36000.00
5000012610,1000010365,20250701,2,2025,2,1,1,15000.00,0.00,15000.00
5000012613,1000010367,20250701,1,3034,2,2,1,12000.00,0.00,12000.00
5000012614,1000010367,20250701,2,3034,2,2,1,15000.00,0.00,15000.00
5000012615,1000010368,20250701,1,2099,2,1,1,12000.00,0.00,12000.00
5000012631,1000010382,20250703,1,2529,2,4,2,12000.00,0.00,24000.00
5000012634,1000010384,20250703,1,2712,2,2,1,12000.00,1200.00,10800.00
5000012635,1000010385,20250703,1,927,2,3,4,12000.00,0.00,48000.00
5000012639,1000010388,20250703,1,2890,2,1,2,12000.00,0.00,24000.00
5000012640,1000010389,20250703,1,2775,2,1,1,12000.00,0.00,12000.00
5000012641,1000010389,20250703,2,2775,2,1,1,15000.00,0.00,15000.00
5000012643,1000010391,20250703,2,1740,2,1,1,15000.00,0.00,15000.00
5000012645,1000010393,20250703,1,588,2,2,1,12000.00,1200.00,10800.00
5000012646,1000010393,20250703,2,588,2,2,1,15000.00,1500.00,13500.00
5000012647,1000010394,20250703,1,3113,2,2,1,12000.00,0.00,12000.00
5000012648,1000010395,20250703,2,1399,2,1,1,15000.00,0.00,15000.00
5000012658,1000010401,20250704,2,2038,2,4,1,15000.00,0.00,15000.00
5000012659,1000010402,20250704,1,273,2,3,1,12000.00,0.00,12000.00
5000012660,1000010403,20250704,2,3116,2,3,2,15000.00,0.00,30000.00
5000012661,1000010404,20250704,1,3117,2,2,1,12000.00,0.00,12000.00
5000012662,1000010405,20250704,1,2741,2,2,2,12000.00,0.00,24000.00
5000012663,1000010405,20250704,2,2741,2,2,1,15000.00,0.00,15000.00
5000012678,1000010418,20250705,1,1235,2,4,1,12000.00,0.00,12000.00
5000012679,1000010418,20250705,2,1235,2,4,2,15000.00,0.00,30000.00
5000012681,1000010420,20250705,1,1176,2,2,4,12000.00,0.00,48000.00
5000012682,1000010420,20250705,2,1176,2,2,1,15000.00,0.00,15000.00
5000012683,1000010421,20250705,1,1419,2,3,2,12000.00,0.00,24000.00
5000012685,1000010423,20250705,1,2774,2,1,2,12000.00,2400.00,21600.00
5000012686,1000010424,20250705,2,426,2,1,2,15000.00,0.00,30000.00
5000012687,1000010425,20250705,1,2677,2,2,1,12000.00,0.00,12000.00
5000012688,1000010426,20250705,2,1147,2,2,1,15000.00,0.00,15000.00
5000012689,1000010427,20250705,1,2272,2,2,1,12000.00,0.00,12000.00
5000012691,1000010429,20250705,1,2700,2,2,2,12000.00,0.00,24000.00
5000012692,1000010430,20250705,1,402,2,3,2,12000.00,0.00,24000.00
5000012693,1000010430,20250705,2,402,2,3,1,15000.00,0.00,15000.00
5000012694,1000010431,20250705,1,1382,2,2,3,12000.00,0.00,36000.00
5000012695,1000010431,20250705,2,1382,2,2,1,15000.00,0.00,15000.00
5000012696,1000010432,20250705,1,2422,2,4,1,12000.00,0.00,12000.00
5000012697,1000010432,20250705,2,2422,2,4,1,15000.00,0.00,15000.00
5000012699,1000010434,20250705,1,2362,2,1,1,12000.00,0.00,12000.00
5000012700,1000010435,20250705,1,3122,2,1,1,12000.00,0.00,12000.00
5000012718,1000010452,20250707,1,1432,2,4,2,12000.00,0.00,24000.00
5000012721,1000010455,20250707,1,2091,2,2,1,12000.00,0.00,12000.00
5000012725,1000010459,20250707,1,3126,2,4,3,12000.00,0.00,36000.00
5000012726,1000010460,20250707,2,434,2,4,1,15000.00,0.00,15000.00
5000012732,1000010465,20250707,1,395,2,1,1,12000.00,0.00,12000.00
5000012741,1000010473,20250708,1,2428,2,4,1,12000.00,0.00,12000.00
5000012742,1000010474,20250708,1,3131,2,3,4,12000.00,0.00,48000.00
5000012743,1000010475,20250708,2,3132,2,1,1,15000.00,0.00,15000.00
5000012745,1000010477,20250708,1,2496,2,3,1,12000.00,0.00,12000.00
5000012753,1000010484,20250709,1,3136,2,2,1,12000.00,0.00,12000.00
5000012755,1000010486,20250709,1,1594,2,3,2,12000.00,0.00,24000.00
5000012759,1000010489,20250709,2,2959,2,3,3,15000.00,0.00,45000.00
5000012762,1000010492,20250709,1,544,2,4,2,12000.00,0.00,24000.00
5000012769,1000010498,20250710,1,2266,2,4,1,12000.00,0.00,12000.00
5000012770,1000010498,20250710,2,2266,2,4,2,15000.00,0.00,30000.00
5000012773,1000010501,20250710,1,1635,2,2,2,12000.00,0.00,24000.00
5000012778,1000010504,20250710,1,455,2,2,1,12000.00,0.00,12000.00
5000012779,1000010505,20250710,2,1156,2,2,1,15000.00,0.00,15000.00
5000012780,1000010506,20250710,1,1838,2,3,1,12000.00,0.00,12000.00
5000012781,1000010507,20250710,1,994,2,1,1,12000.00,0.00,12000.00
5000012782,1000010508,20250710,1,2239,2,1,1,12000.00,0.00,12000.00
5000012789,1000010513,20250711,2,646,2,4,2,15000.00,0.00,30000.00
5000012791,1000010515,20250711,2,2916,2,4,2,15000.00,0.00,30000.00
5000012794,1000010517,20250711,1,1435,2,4,2,12000.00,0.00,24000.00
5000012797,1000010520,20250711,2,1381,2,2,3,15000.00,0.00,45000.00
5000012798,1000010521,20250711,2,1583,2,1,3,15000.00,0.00,45000.00
5000012799,1000010522,20250711,1,2585,2,3,2,12000.00,0.00,24000.00
5000012804,1000010527,20250711,2,2985,2,3,1,15000.00,0.00,15000.00
5000012812,1000010533,20250712,1,2868,2,2,1,12000.00,0.00,12000.00
5000012813,1000010533,20250712,2,2868,2,2,2,15000.00,0.00,30000.00
5000012814,1000010534,20250712,1,304,2,3,1,12000.00,0.00,12000.00
5000012815,1000010535,20250712,2,3147,2,3,2,15000.00,0.00,30000.00
5000012816,1000010536,20250712,1,2484,2,3,1,12000.00,0.00,12000.00
5000012817,1000010536,20250712,2,2484,2,3,1,15000.00,0.00,15000.00
5000012818,1000010537,20250712,1,2711,2,2,1,12000.00,0.00,12000.00
5000012819,1000010538,20250712,1,2575,2,4,1,12000.00,0.00,12000.00
5000012821,1000010540,20250712,2,477,2,3,1,15000.00,0.00,15000.00
5000012824,1000010543,20250712,1,2579,2,1,3,12000.00,0.00,36000.00
5000012825,1000010544,20250712,1,2170,2,1,2,12000.00,2400.00,21600.00
5000012826,1000010544,20250712,2,2170,2,1,3,15000.00,4500.00,40500.00
5000012846,1000010558,20250714,1,487,2,2,2,12000.00,0.00,24000.00
5000012847,1000010559,20250714,1,555,2,2,1,12000.00,0.00,12000.00
5000012849,1000010561,20250714,1,93,2,2,1,12000.00,0.00,12000.00
5000012850,1000010562,20250714,1,1714,2,2,1,12000.00,0.00,12000.00
5000012851,1000010563,20250714,1,529,2,1,2,12000.00,0.00,24000.00
5000012852,1000010564,20250714,1,1404,2,4,1,12000.00,0.00,12000.00
5000012853,1000010564,20250714,2,1404,2,4,1,15000.00,0.00,15000.00
5000012855,1000010566,20250714,1,3156,2,2,2,12000.00,0.00,24000.00
5000012856,1000010566,20250714,2,3156,2,2,1,15000.00,0.00,15000.00
5000012857,1000010567,20250714,1,723,2,4,2,12000.00,0.00,24000.00
5000012860,1000010569,20250714,1,3060,2,4,2,12000.00,0.00,24000.00
5000012861,1000010569,20250714,2,3060,2,4,1,15000.00,0.00,15000.00
5000012862,1000010570,20250714,1,3157,2,2,2,12000.00,0.00,24000.00
5000012871,1000010579,20250715,1,2403,2,1,1,12000.00,0.00,12000.00
5000012872,1000010580,20250715,1,2915,2,2,1,12000.00,0.00,12000.00
5000012873,1000010581,20250715,1,3159,2,2,2,12000.00,0.00,24000.00
5000012874,1000010581,20250715,2,3159,2,2,2,15000.00,0.00,30000.00
5000012876,1000010583,20250715,1,2332,2,1,1,12000.00,0.00,12000.00
5000012877,1000010583,20250715,2,2332,2,1,1,15000.00,0.00,15000.00
5000012879,1000010585,20250715,1,1747,2,2,1,12000.00,0.00,12000.00
5000012880,1000010586,20250715,1,2120,2,3,1,12000.00,0.00,12000.00
5000012892,1000010596,20250716,1,3162,2,3,2,12000.00,0.00,24000.00
5000012893,1000010596,20250716,2,3162,2,3,2,15000.00,0.00,30000.00
5000012894,1000010597,20250716,1,3019,2,4,2,12000.00,0.00,24000.00
5000012900,1000010602,20250716,1,1517,2,2,3,12000.00,3600.00,32400.00
5000012903,1000010605,20250717,2,891,2,2,12,15000.00,27000.00,153000.00
5000012906,1000010608,20250717,1,3164,2,1,1,12000.00,0.00,12000.00
5000012907,1000010608,20250717,2,3164,2,1,1,15000.00,0.00,15000.00
5000012908,1000010609,20250717,1,1931,2,2,2,12000.00,0.00,24000.00
5000012909,1000010610,20250717,1,3037,2,4,1,12000.00,0.00,12000.00
5000012910,1000010610,20250717,2,3037,2,4,1,15000.00,0.00,15000.00
5000012912,1000010612,20250717,1,227,2,3,2,12000.00,0.00,24000.00
5000012913,1000010612,20250717,2,227,2,3,1,15000.00,0.00,15000.00
5000012921,1000010619,20250717,2,209,2,1,1,15000.00,1500.00,13500.00
5000012922,1000010620,20250717,1,1138,2,1,2,12000.00,0.00,24000.00
5000012924,1000010622,20250717,1,3165,2,4,1,12000.00,1200.00,10800.00
5000012933,1000010629,20250718,1,3169,2,1,2,12000.00,0.00,24000.00
5000012934,1000010630,20250718,1,1863,2,3,2,12000.00,0.00,24000.00
5000012937,1000010632,20250718,1,3170,2,1,3,12000.00,0.00,36000.00
5000012938,1000010633,20250718,1,2979,2,4,1,12000.00,0.00,12000.00
5000012939,1000010634,20250718,1,407,2,4,1,12000.00,0.00,12000.00
5000012940,1000010634,20250718,2,407,2,4,4,15000.00,0.00,60000.00
5000012941,1000010635,20250718,1,441,2,2,1,12000.00,0.00,12000.00
5000012947,1000010640,20250719,2,1817,2,4,1,15000.00,0.00,15000.00
5000012949,1000010642,20250719,2,1263,2,1,2,15000.00,0.00,30000.00
5000012951,1000010644,20250719,1,395,2,1,1,12000.00,0.00,12000.00
5000012952,1000010645,20250719,1,2002,2,1,1,12000.00,0.00,12000.00
5000012953,1000010645,20250719,2,2002,2,1,1,15000.00,0.00,15000.00
5000012954,1000010646,20250719,1,2311,2,1,3,12000.00,0.00,36000.00
5000012955,1000010647,20250719,2,1401,2,1,2,15000.00,0.00,30000.00
5000012956,1000010648,20250719,1,829,2,3,1,12000.00,0.00,12000.00
5000012957,1000010649,20250719,1,945,2,2,2,12000.00,2400.00,21600.00
5000012958,1000010650,20250719,1,3173,2,1,2,12000.00,0.00,24000.00
5000012959,1000010651,20250719,1,707,2,2,1,12000.00,0.00,12000.00
5000012960,1000010651,20250719,2,707,2,2,1,15000.00,0.00,15000.00
5000012979,1000010668,20250721,2,2744,2,1,2,15000.00,0.00,30000.00
5000012980,1000010669,20250721,1,2416,2,4,2,12000.00,2400.00,21600.00
5000012999,1000010686,20250722,1,3125,2,1,1,12000.00,0.00,12000.00
5000013001,1000010688,20250722,1,2921,2,2,3,12000.00,0.00,36000.00
5000013002,1000010689,20250722,1,3182,2,4,1,12000.00,0.00,12000.00
5000013003,1000010689,20250722,2,3182,2,4,1,15000.00,0.00,15000.00
5000013004,1000010690,20250722,1,3047,2,1,3,12000.00,0.00,36000.00
5000013005,1000010691,20250722,1,375,2,3,2,12000.00,2400.00,21600.00
5000013006,1000010691,20250722,2,375,2,3,3,15000.00,4500.00,40500.00
5000013009,1000010693,20250722,1,2546,2,3,2,12000.00,2400.00,21600.00
5000013010,1000010693,20250722,2,2546,2,3,1,15000.00,1500.00,13500.00
5000013023,1000010704,20250723,1,2848,2,1,2,12000.00,0.00,24000.00
5000013024,1000010704,20250723,2,2848,2,1,1,15000.00,0.00,15000.00
5000013029,1000010707,20250723,1,613,2,4,1,12000.00,0.00,12000.00
5000013030,1000010708,20250723,2,388,2,4,1,15000.00,0.00,15000.00
5000013031,1000010709,20250723,1,3187,2,4,2,12000.00,0.00,24000.00
5000013032,1000010710,20250723,1,2714,2,1,1,12000.00,0.00,12000.00
5000013033,1000010710,20250723,2,2714,2,1,1,15000.00,0.00,15000.00
5000013035,1000010712,20250723,1,422,2,3,1,12000.00,0.00,12000.00
5000013038,1000010715,20250723,1,2656,2,1,2,12000.00,0.00,24000.00
5000013039,1000010716,20250723,1,1404,2,4,1,12000.00,0.00,12000.00
5000013040,1000010716,20250723,2,1404,2,4,1,15000.00,0.00,15000.00
5000013045,1000010720,20250724,1,2460,2,4,1,12000.00,0.00,12000.00
5000013046,1000010720,20250724,2,2460,2,4,2,15000.00,0.00,30000.00
5000013049,1000010723,20250724,1,301,2,1,1,12000.00,0.00,12000.00
5000013050,1000010724,20250724,1,2348,2,2,1,12000.00,0.00,12000.00
5000013051,1000010724,20250724,2,2348,2,2,1,15000.00,0.00,15000.00
5000013052,1000010725,20250724,1,3192,2,1,4,12000.00,0.00,48000.00
5000013061,1000010732,20250725,2,1645,2,2,1,15000.00,0.00,15000.00
5000013062,1000010733,20250725,1,2513,2,4,1,12000.00,0.00,12000.00
5000013063,1000010734,20250725,1,1288,2,1,4,12000.00,0.00,48000.00
5000013064,1000010735,20250725,1,1221,2,2,1,12000.00,0.00,12000.00
5000013065,1000010735,20250725,2,1221,2,2,1,15000.00,0.00,15000.00
5000013066,1000010736,20250725,1,1121,2,2,1,12000.00,0.00,12000.00
5000013067,1000010737,20250725,1,2391,2,2,1,12000.00,0.00,12000.00
5000013068,1000010738,20250725,1,1942,2,3,1,12000.00,0.00,12000.00
5000013071,1000010741,20250725,1,1870,2,3,2,12000.00,0.00,24000.00
5000013072,1000010741,20250725,2,1870,2,3,2,15000.00,0.00,30000.00
5000013074,1000010743,20250725,1,1618,2,2,1,12000.00,0.00,12000.00
5000013079,1000010748,20250726,1,2748,2,1,2,12000.00,0.00,24000.00
5000013080,1000010749,20250726,1,3197,2,3,1,12000.00,0.00,12000.00
5000013081,1000010749,20250726,2,3197,2,3,1,15000.00,0.00,15000.00
5000013082,1000010750,20250726,2,2662,2,3,2,15000.00,0.00,30000.00
5000013084,1000010752,20250726,1,2917,2,3,1,12000.00,0.00,12000.00
5000013085,1000010752,20250726,2,2917,2,3,4,15000.00,0.00,60000.00
5000013086,1000010753,20250726,1,3025,2,4,2,12000.00,0.00,24000.00
5000013087,1000010754,20250726,1,2199,2,3,1,12000.00,0.00,12000.00
5000013088,1000010755,20250726,2,2453,2,3,2,15000.00,3000.00,27000.00
5000013090,1000010757,20250726,2,1335,2,2,1,15000.00,0.00,15000.00
5000013092,1000010759,20250726,1,2914,2,3,1,12000.00,1200.00,10800.00
5000013093,1000010759,20250726,2,2914,2,3,1,15000.00,1500.00,13500.00
5000013118,1000010780,20250728,2,3201,2,3,2,15000.00,0.00,30000.00
5000013120,1000010782,20250728,1,2429,2,3,1,12000.00,0.00,12000.00
5000013121,1000010782,20250728,2,2429,2,3,1,15000.00,0.00,15000.00
5000013122,1000010783,20250728,1,3203,2,3,1,12000.00,0.00,12000.00
5000013125,1000010786,20250728,1,3147,2,3,1,12000.00,0.00,12000.00
5000013127,1000010788,20250728,2,2506,2,2,2,15000.00,0.00,30000.00
5000013128,1000010789,20250728,1,3204,2,4,1,12000.00,0.00,12000.00
5000013129,1000010790,20250728,1,3205,2,3,4,12000.00,0.00,48000.00
5000013130,1000010791,20250728,1,2816,2,2,1,12000.00,0.00,12000.00
5000013131,1000010791,20250728,2,2816,2,2,1,15000.00,0.00,15000.00
5000013132,1000010792,20250728,2,2700,2,2,1,15000.00,0.00,15000.00
5000013135,1000010795,20250728,1,1585,2,3,1,12000.00,1200.00,10800.00
5000013136,1000010796,20250728,1,2312,2,4,1,12000.00,0.00,12000.00
5000013137,1000010796,20250728,2,2312,2,4,1,15000.00,0.00,15000.00
5000013138,1000010797,20250728,1,714,2,4,1,12000.00,0.00,12000.00
5000013139,1000010797,20250728,2,714,2,4,3,15000.00,0.00,45000.00
5000013140,1000010798,20250728,1,3208,2,3,4,12000.00,0.00,48000.00
5000013153,1000010808,20250729,1,2262,2,2,4,12000.00,0.00,48000.00
5000013154,1000010808,20250729,2,2262,2,2,1,15000.00,0.00,15000.00
5000013155,1000010809,20250729,1,3209,2,4,1,12000.00,0.00,12000.00
5000013157,1000010811,20250729,2,2174,2,2,1,15000.00,0.00,15000.00
5000013158,1000010812,20250729,2,1104,2,1,2,15000.00,0.00,30000.00
5000013164,1000010817,20250730,2,3211,2,2,2,15000.00,0.00,30000.00
5000013167,1000010820,20250730,1,2038,2,4,1,12000.00,0.00,12000.00
5000013168,1000010821,20250730,1,1085,2,3,1,12000.00,0.00,12000.00
5000013169,1000010821,20250730,2,1085,2,3,1,15000.00,0.00,15000.00
5000013170,1000010822,20250730,2,3063,2,1,3,15000.00,0.00,45000.00
5000013171,1000010823,20250730,1,1376,2,3,1,12000.00,0.00,12000.00
5000013172,1000010823,20250730,2,1376,2,3,1,15000.00,0.00,15000.00
5000013174,1000010825,20250731,2,1153,2,4,4,15000.00,0.00,60000.00
5000013175,1000010826,20250731,2,326,2,4,1,15000.00,0.00,15000.00
5000013178,1000010828,20250731,1,1272,2,2,1,12000.00,0.00,12000.00
5000013179,1000010829,20250731,1,3215,2,4,1,12000.00,0.00,12000.00
5000013180,1000010830,20250731,1,1600,2,4,3,12000.00,0.00,36000.00
5000013187,1000010836,20250801,1,2435,2,3,1,12000.00,0.00,12000.00
5000013188,1000010837,20250801,1,3116,2,3,1,12000.00,0.00,12000.00
5000013193,1000010842,20250801,1,3217,2,3,3,12000.00,0.00,36000.00
5000013195,1000010844,20250801,2,2291,2,4,3,15000.00,0.00,45000.00
5000013196,1000010845,20250801,1,2159,2,4,1,12000.00,0.00,12000.00
5000013197,1000010846,20250801,1,2396,2,1,1,12000.00,0.00,12000.00
5000013198,1000010846,20250801,2,2396,2,1,4,15000.00,0.00,60000.00
5000013200,1000010848,20250801,2,628,2,3,2,15000.00,0.00,30000.00
5000013201,1000010849,20250801,1,2152,2,4,2,12000.00,0.00,24000.00
5000013207,1000010854,20250802,1,2581,2,4,1,12000.00,0.00,12000.00
5000013208,1000010855,20250802,1,273,2,3,4,12000.00,0.00,48000.00
5000013209,1000010856,20250802,1,3219,2,1,1,12000.00,0.00,12000.00
5000013210,1000010856,20250802,2,3219,2,1,1,15000.00,0.00,15000.00
5000013211,1000010857,20250802,2,1343,2,1,2,15000.00,0.00,30000.00
5000013212,1000010858,20250802,2,2916,2,4,1,15000.00,0.00,15000.00
5000013213,1000010859,20250802,1,2995,2,3,1,12000.00,0.00,12000.00
5000013216,1000010861,20250802,1,3220,2,1,3,12000.00,0.00,36000.00
5000013217,1000010861,20250802,2,3220,2,1,1,15000.00,0.00,15000.00
5000013219,1000010863,20250802,1,1664,2,1,2,12000.00,2400.00,21600.00
5000013220,1000010864,20250802,1,848,2,4,1,12000.00,1200.00,10800.00
5000013221,1000010864,20250802,2,848,2,4,3,15000.00,4500.00,40500.00
5000013222,1000010865,20250802,2,1737,2,4,1,15000.00,0.00,15000.00
5000013246,1000010885,20250804,1,2155,2,2,2,12000.00,0.00,24000.00
5000013248,1000010887,20250804,2,321,2,1,1,15000.00,0.00,15000.00
5000013253,1000010892,20250804,1,1972,2,4,2,12000.00,0.00,24000.00
5000013254,1000010893,20250804,1,1988,2,4,1,12000.00,0.00,12000.00
5000013255,1000010893,20250804,2,1988,2,4,1,15000.00,0.00,15000.00
5000013256,1000010894,20250804,1,494,2,1,1,12000.00,0.00,12000.00
5000013257,1000010895,20250804,1,1838,2,3,3,12000.00,0.00,36000.00
5000013258,1000010895,20250804,2,1838,2,3,1,15000.00,0.00,15000.00
5000013259,1000010896,20250804,1,866,2,3,1,12000.00,0.00,12000.00
5000013260,1000010897,20250804,1,3226,2,1,1,12000.00,0.00,12000.00
5000013261,1000010897,20250804,2,3226,2,1,2,15000.00,0.00,30000.00
5000013262,1000010898,20250804,1,3228,2,1,1,12000.00,0.00,12000.00
5000013264,1000010900,20250804,2,1318,2,2,3,15000.00,0.00,45000.00
5000013276,1000010909,20250805,1,2168,2,1,2,12000.00,0.00,24000.00
5000013277,1000010909,20250805,2,2168,2,1,2,15000.00,0.00,30000.00
5000013280,1000010911,20250805,1,617,2,4,4,12000.00,0.00,48000.00
5000013281,1000010911,20250805,2,617,2,4,2,15000.00,0.00,30000.00
5000013282,1000010912,20250805,1,1929,2,1,1,12000.00,0.00,12000.00
5000013283,1000010913,20250805,1,3103,2,3,2,12000.00,0.00,24000.00
5000013284,1000010914,20250805,2,3233,2,3,1,15000.00,0.00,15000.00
5000013290,1000010919,20250805,2,2107,2,2,2,15000.00,0.00,30000.00
5000013292,1000010921,20250805,2,2166,2,1,2,15000.00,0.00,30000.00
5000013296,1000010925,20250806,2,1466,2,2,1,15000.00,0.00,15000.00
5000013297,1000010926,20250806,1,907,2,3,2,12000.00,0.00,24000.00
5000013308,1000010934,20250806,1,2774,2,1,1,12000.00,0.00,12000.00
5000013310,1000010936,20250806,1,2478,2,2,1,12000.00,0.00,12000.00
5000013312,1000010938,20250806,1,3240,2,3,1,12000.00,0.00,12000.00
5000013313,1000010938,20250806,2,3240,2,3,1,15000.00,0.00,15000.00
5000013323,1000010947,20250807,1,1831,2,3,1,12000.00,0.00,12000.00
5000013324,1000010948,20250807,1,2558,2,3,1,12000.00,0.00,12000.00
5000013326,1000010950,20250807,1,3243,2,4,1,12000.00,0.00,12000.00
5000013327,1000010951,20250807,1,2088,2,2,2,12000.00,0.00,24000.00
5000013328,1000010952,20250807,1,964,2,3,2,12000.00,0.00,24000.00
5000013332,1000010955,20250807,2,3244,2,2,2,15000.00,0.00,30000.00
5000013338,1000010959,20250807,1,3245,2,4,2,12000.00,0.00,24000.00
5000013339,1000010959,20250807,2,3245,2,4,1,15000.00,0.00,15000.00
5000013344,1000010963,20250807,2,3247,2,1,1,15000.00,1500.00,13500.00
5000013350,1000010967,20250808,1,246,2,2,1,12000.00,0.00,12000.00
5000013351,1000010968,20250808,1,380,2,3,1,12000.00,0.00,12000.00
5000013356,1000010972,20250808,2,2389,2,3,3,15000.00,0.00,45000.00
5000013358,1000010974,20250808,1,349,2,4,3,12000.00,0.00,36000.00
5000013359,1000010975,20250808,1,1817,2,4,1,12000.00,0.00,12000.00
5000013363,1000010978,20250808,1,3164,2,1,1,12000.00,0.00,12000.00
5000013365,1000010980,20250808,1,1843,2,3,1,12000.00,0.00,12000.00
5000013366,1000010981,20250808,2,210,2,1,2,15000.00,0.00,30000.00
5000013371,1000010986,20250809,2,1903,2,2,3,15000.00,0.00,45000.00
5000013373,1000010988,20250809,1,1844,2,4,1,12000.00,0.00,12000.00
5000013374,1000010989,20250809,1,2272,2,2,1,12000.00,0.00,12000.00
5000013375,1000010990,20250809,1,2039,2,2,1,12000.00,0.00,12000.00
5000013376,1000010990,20250809,2,2039,2,2,2,15000.00,0.00,30000.00
5000013377,1000010991,20250809,1,2599,2,4,1,12000.00,0.00,12000.00
5000013378,1000010992,20250809,1,1530,2,2,1,12000.00,0.00,12000.00
5000013379,1000010993,20250809,1,3251,2,2,4,12000.00,4800.00,43200.00
5000013380,1000010994,20250809,1,801,2,4,9,12000.00,16200.00,91800.00
5000013381,1000010994,20250809,2,801,2,4,6,15000.00,13500.00,76500.00
5000013382,1000010995,20250809,1,684,2,1,1,12000.00,0.00,12000.00
5000013383,1000010995,20250809,2,684,2,1,2,15000.00,0.00,30000.00
5000013385,1000010997,20250809,2,463,2,3,2,15000.00,0.00,30000.00
5000013387,1000010999,20250809,2,1024,2,4,1,15000.00,0.00,15000.00
5000013419,1000011025,20250811,2,2271,2,2,3,15000.00,0.00,45000.00
5000013421,1000011027,20250811,1,1976,2,2,4,12000.00,0.00,48000.00
5000013422,1000011027,20250811,2,1976,2,2,2,15000.00,0.00,30000.00
5000013423,1000011028,20250811,1,1208,2,2,1,12000.00,0.00,12000.00
5000013430,1000011035,20250811,1,1015,2,3,1,12000.00,0.00,12000.00
5000013443,1000011046,20250812,1,3265,2,2,2,12000.00,0.00,24000.00
5000013444,1000011046,20250812,2,3265,2,2,1,15000.00,0.00,15000.00
5000013450,1000011051,20250812,1,158,2,3,2,12000.00,0.00,24000.00
5000013457,1000011056,20250812,1,1740,2,1,1,12000.00,0.00,12000.00
5000013458,1000011056,20250812,2,1740,2,1,1,15000.00,0.00,15000.00
5000013461,1000011058,20250812,2,1662,2,1,2,15000.00,0.00,30000.00
5000013462,1000011059,20250812,2,1858,2,4,3,15000.00,0.00,45000.00
5000013463,1000011060,20250812,2,2985,2,3,4,15000.00,0.00,60000.00
5000013464,1000011061,20250812,1,2655,2,4,2,12000.00,0.00,24000.00
5000013465,1000011062,20250812,1,389,2,1,1,12000.00,0.00,12000.00
5000013466,1000011063,20250812,1,1697,2,4,2,12000.00,0.00,24000.00
5000013471,1000011067,20250812,2,2041,2,2,1,15000.00,0.00,15000.00
5000013481,1000011075,20250813,1,1649,2,4,1,12000.00,0.00,12000.00
5000013482,1000011076,20250813,1,3170,2,1,4,12000.00,0.00,48000.00
5000013483,1000011076,20250813,2,3170,2,1,3,15000.00,0.00,45000.00
5000013487,1000011080,20250813,2,979,2,2,4,15000.00,0.00,60000.00
5000013491,1000011083,20250813,1,3271,2,1,1,12000.00,0.00,12000.00
5000013492,1000011084,20250813,1,3272,2,2,1,12000.00,0.00,12000.00
5000013493,1000011085,20250813,2,1636,2,3,2,15000.00,0.00,30000.00
5000013494,1000011086,20250813,1,2373,2,3,2,12000.00,0.00,24000.00
5000013495,1000011086,20250813,2,2373,2,3,3,15000.00,0.00,45000.00
5000013500,1000011089,20250813,1,1497,2,2,2,12000.00,0.00,24000.00
5000013515,1000011101,20250814,1,1942,2,3,1,12000.00,0.00,12000.00
5000013519,1000011104,20250814,1,212,2,1,2,12000.00,2400.00,21600.00
5000013520,1000011105,20250814,1,2544,2,2,2,12000.00,0.00,24000.00
5000013521,1000011106,20250814,1,2890,2,1,4,12000.00,0.00,48000.00
5000013526,1000011109,20250814,1,2805,2,2,1,12000.00,0.00,12000.00
5000013531,1000011113,20250814,1,2619,2,2,1,12000.00,0.00,12000.00
5000013532,1000011114,20250814,1,1459,2,3,2,12000.00,0.00,24000.00
5000013533,1000011114,20250814,2,1459,2,3,2,15000.00,0.00,30000.00
5000013534,1000011115,20250814,1,665,2,3,1,12000.00,0.00,12000.00
5000013541,1000011122,20250815,1,3069,2,3,2,12000.00,0.00,24000.00
5000013542,1000011122,20250815,2,3069,2,3,2,15000.00,0.00,30000.00
5000013543,1000011123,20250815,1,3279,2,1,1,12000.00,0.00,12000.00
5000013544,1000011124,20250815,2,194,2,1,1,15000.00,0.00,15000.00
5000013545,1000011125,20250815,2,925,2,2,2,15000.00,0.00,30000.00
5000013546,1000011126,20250815,1,2167,2,4,1,12000.00,0.00,12000.00
5000013547,1000011126,20250815,2,2167,2,4,2,15000.00,0.00,30000.00
5000013548,1000011127,20250815,1,907,2,3,2,12000.00,0.00,24000.00
5000013555,1000011133,20250815,2,3281,2,4,1,15000.00,0.00,15000.00
5000013560,1000011137,20250815,1,2215,2,1,1,12000.00,0.00,12000.00
5000013561,1000011138,20250815,1,2038,2,4,1,12000.00,0.00,12000.00
5000013565,1000011142,20250816,1,2551,2,4,1,12000.00,0.00,12000.00
5000013568,1000011144,20250816,1,1268,2,3,1,12000.00,0.00,12000.00
5000013569,1000011144,20250816,2,1268,2,3,2,15000.00,0.00,30000.00
5000013570,1000011145,20250816,2,2959,2,3,3,15000.00,0.00,45000.00
5000013571,1000011146,20250816,1,3283,2,1,1,12000.00,0.00,12000.00
5000013572,1000011147,20250816,1,3284,2,3,1,12000.00,0.00,12000.00
5000013573,1000011147,20250816,2,3284,2,3,1,15000.00,0.00,15000.00
5000013574,1000011148,20250816,2,87,2,1,3,15000.00,0.00,45000.00
5000013575,1000011149,20250816,1,1635,2,2,1,12000.00,0.00,12000.00
5000013576,1000011150,20250816,1,3285,2,4,1,12000.00,0.00,12000.00
5000013577,1000011150,20250816,2,3285,2,4,2,15000.00,0.00,30000.00
5000013578,1000011151,20250816,1,492,2,4,1,12000.00,0.00,12000.00
5000013579,1000011151,20250816,2,492,2,4,3,15000.00,0.00,45000.00
5000013580,1000011152,20250816,1,2513,2,4,1,12000.00,0.00,12000.00
5000013581,1000011153,20250816,2,2152,2,4,1,15000.00,0.00,15000.00
5000013582,1000011154,20250816,1,3286,2,1,2,12000.00,0.00,24000.00
5000013585,1000011156,20250816,2,258,2,1,3,15000.00,0.00,45000.00
5000013586,1000011157,20250816,1,508,2,2,1,12000.00,1200.00,10800.00
5000013587,1000011157,20250816,2,508,2,2,2,15000.00,3000.00,27000.00
5000013589,1000011159,20250816,1,2396,2,1,1,12000.00,0.00,12000.00
5000013590,1000011160,20250816,2,3126,2,4,1,15000.00,0.00,15000.00
5000013592,1000011162,20250816,1,3288,2,3,3,12000.00,0.00,36000.00
5000013593,1000011162,20250816,2,3288,2,3,2,15000.00,0.00,30000.00
5000013596,1000011164,20250816,1,2160,2,1,2,12000.00,0.00,24000.00
5000013622,1000011186,20250818,1,2962,2,4,1,12000.00,0.00,12000.00
5000013623,1000011186,20250818,2,2962,2,4,2,15000.00,0.00,30000.00
5000013624,1000011187,20250818,1,1508,2,3,1,12000.00,0.00,12000.00
5000013625,1000011187,20250818,2,1508,2,3,2,15000.00,0.00,30000.00
5000013645,1000011203,20250819,1,1401,2,1,1,12000.00,0.00,12000.00
5000013648,1000011206,20250819,2,3301,2,3,2,15000.00,0.00,30000.00
5000013650,1000011208,20250819,1,1982,2,1,1,12000.00,0.00,12000.00
5000013651,1000011209,20250819,1,1655,2,3,1,12000.00,0.00,12000.00
5000013655,1000011212,20250819,1,2447,2,1,4,12000.00,0.00,48000.00
5000013656,1000011212,20250819,2,2447,2,1,1,15000.00,0.00,15000.00
5000013657,1000011213,20250819,1,1627,2,2,1,12000.00,0.00,12000.00
5000013658,1000011214,20250819,2,2493,2,2,2,15000.00,0.00,30000.00
5000013662,1000011217,20250819,1,728,2,1,1,12000.00,0.00,12000.00
5000013663,1000011217,20250819,2,728,2,1,1,15000.00,0.00,15000.00
5000013672,1000011224,20250820,1,1873,2,3,1,12000.00,0.00,12000.00
5000013673,1000011225,20250820,2,3305,2,2,2,15000.00,0.00,30000.00
5000013679,1000011229,20250820,2,1940,2,2,2,15000.00,0.00,30000.00
5000013680,1000011230,20250820,1,3125,2,1,2,12000.00,0.00,24000.00
5000013681,1000011230,20250820,2,3125,2,1,1,15000.00,0.00,15000.00
5000013689,1000011237,20250820,2,2265,2,3,2,15000.00,0.00,30000.00
5000013690,1000011238,20250820,1,2363,2,2,1,12000.00,0.00,12000.00
5000013691,1000011239,20250820,1,2418,2,1,1,12000.00,0.00,12000.00
5000013692,1000011239,20250820,2,2418,2,1,1,15000.00,0.00,15000.00
5000013699,1000011245,20250821,1,1895,2,2,2,12000.00,0.00,24000.00
5000013702,1000011248,20250821,2,2298,2,4,2,15000.00,0.00,30000.00
5000013705,1000011251,20250821,1,510,2,3,1,12000.00,0.00,12000.00
5000013706,1000011252,20250821,1,2722,2,2,2,12000.00,0.00,24000.00
5000013707,1000011253,20250821,1,2721,2,3,1,12000.00,0.00,12000.00
5000013711,1000011257,20250821,1,3310,2,3,1,12000.00,0.00,12000.00
5000013714,1000011260,20250821,1,338,2,1,1,12000.00,0.00,12000.00
5000013715,1000011261,20250821,2,3311,2,1,1,15000.00,0.00,15000.00
5000013724,1000011268,20250822,1,699,2,4,2,12000.00,0.00,24000.00
5000013725,1000011269,20250822,1,2918,2,4,3,12000.00,0.00,36000.00
5000013726,1000011269,20250822,2,2918,2,4,1,15000.00,0.00,15000.00
5000013727,1000011270,20250822,1,3312,2,3,4,12000.00,0.00,48000.00
5000013728,1000011271,20250822,2,2712,2,2,2,15000.00,0.00,30000.00
5000013729,1000011272,20250822,2,538,2,4,2,15000.00,0.00,30000.00
5000013730,1000011273,20250822,1,1197,2,4,1,12000.00,0.00,12000.00
5000013731,1000011274,20250822,2,2415,2,4,3,15000.00,0.00,45000.00
5000013732,1000011275,20250822,1,336,2,4,2,12000.00,0.00,24000.00
5000013733,1000011275,20250822,2,336,2,4,1,15000.00,0.00,15000.00
5000013734,1000011276,20250822,2,2099,2,1,1,15000.00,0.00,15000.00
5000013736,1000011278,20250822,2,112,2,1,2,15000.00,0.00,30000.00
5000013737,1000011279,20250822,1,1085,2,3,1,12000.00,0.00,12000.00
5000013738,1000011279,20250822,2,1085,2,3,2,15000.00,0.00,30000.00
5000013740,1000011281,20250822,1,3314,2,3,1,12000.00,0.00,12000.00
5000013741,1000011281,20250822,2,3314,2,3,1,15000.00,0.00,15000.00
5000013742,1000011282,20250822,1,2026,2,3,1,12000.00,0.00,12000.00
5000013743,1000011282,20250822,2,2026,2,3,2,15000.00,0.00,30000.00
5000013750,1000011288,20250823,2,3316,2,3,2,15000.00,0.00,30000.00
5000013751,1000011289,20250823,2,302,2,3,2,15000.00,0.00,30000.00
5000013753,1000011291,20250823,1,2774,2,1,3,12000.00,0.00,36000.00
5000013754,1000011291,20250823,2,2774,2,1,3,15000.00,0.00,45000.00
5000013756,1000011293,20250823,2,291,2,2,1,15000.00,0.00,15000.00
5000013757,1000011294,20250823,1,1631,2,2,1,12000.00,0.00,12000.00
5000013758,1000011294,20250823,2,1631,2,2,1,15000.00,0.00,15000.00
5000013759,1000011295,20250823,1,751,2,3,1,12000.00,0.00,12000.00
5000013762,1000011298,20250823,1,2056,2,2,1,12000.00,0.00,12000.00
5000013763,1000011298,20250823,2,2056,2,2,1,15000.00,0.00,15000.00
5000013785,1000011317,20250825,2,749,2,1,1,15000.00,0.00,15000.00
5000013789,1000011321,20250825,1,2711,2,2,1,12000.00,0.00,12000.00
5000013794,1000011326,20250825,2,1836,2,2,3,15000.00,0.00,45000.00
5000013798,1000011329,20250825,2,2700,2,2,1,15000.00,0.00,15000.00
5000013799,1000011330,20250825,1,2673,2,2,2,12000.00,0.00,24000.00
5000013808,1000011338,20250826,1,3331,2,2,2,12000.00,0.00,24000.00
5000013811,1000011340,20250826,2,2872,2,1,1,15000.00,0.00,15000.00
5000013812,1000011341,20250826,2,388,2,4,1,15000.00,0.00,15000.00
5000013817,1000011345,20250826,2,2271,2,2,1,15000.00,0.00,15000.00
5000013818,1000011346,20250826,1,1701,2,4,1,12000.00,0.00,12000.00
5000013829,1000011357,20250827,1,2868,2,2,4,12000.00,0.00,48000.00
5000013830,1000011358,20250827,1,1399,2,1,1,12000.00,0.00,12000.00
5000013831,1000011359,20250827,1,2216,2,2,1,12000.00,0.00,12000.00
5000013834,1000011362,20250827,1,656,2,1,1,12000.00,0.00,12000.00
5000013835,1000011362,20250827,2,656,2,1,1,15000.00,0.00,15000.00
5000013839,1000011365,20250827,1,3339,2,2,1,12000.00,0.00,12000.00
5000013841,1000011367,20250827,1,829,2,3,1,12000.00,0.00,12000.00
5000013843,1000011369,20250827,1,2905,2,1,3,12000.00,0.00,36000.00
5000013844,1000011369,20250827,2,2905,2,1,4,15000.00,0.00,60000.00
5000013845,1000011370,20250827,1,3341,2,1,2,12000.00,0.00,24000.00
5000013846,1000011371,20250827,1,2419,2,4,1,12000.00,0.00,12000.00
5000013847,1000011372,20250827,1,330,2,1,2,12000.00,0.00,24000.00
5000013848,1000011373,20250827,1,3342,2,1,4,12000.00,0.00,48000.00
5000013856,1000011379,20250828,1,2796,2,2,3,12000.00,0.00,36000.00
5000013857,1000011379,20250828,2,2796,2,2,1,15000.00,0.00,15000.00
5000013858,1000011380,20250828,1,1484,2,1,1,12000.00,0.00,12000.00
5000013860,1000011382,20250828,1,2399,2,2,1,12000.00,0.00,12000.00
5000013861,1000011383,20250828,1,1051,2,3,1,12000.00,0.00,12000.00
5000013862,1000011384,20250828,1,3164,2,1,1,12000.00,0.00,12000.00
5000013864,1000011386,20250828,1,3345,2,2,1,12000.00,0.00,12000.00
5000013871,1000011392,20250829,1,2481,2,1,2,12000.00,0.00,24000.00
5000013875,1000011396,20250829,1,2852,2,1,1,12000.00,0.00,12000.00
5000013876,1000011397,20250829,2,2000,2,4,2,15000.00,0.00,30000.00
5000013880,1000011400,20250829,1,2836,2,2,2,12000.00,0.00,24000.00
5000013881,1000011401,20250829,1,3224,2,3,3,12000.00,0.00,36000.00
5000013882,1000011402,20250829,1,2917,2,3,1,12000.00,0.00,12000.00
5000013884,1000011404,20250829,1,1985,2,3,2,12000.00,0.00,24000.00
5000013885,1000011404,20250829,2,1985,2,3,1,15000.00,0.00,15000.00
5000013888,1000011406,20250829,1,1003,2,3,1,12000.00,0.00,12000.00
5000013894,1000011411,20250830,1,3351,2,4,1,12000.00,0.00,12000.00
5000013895,1000011411,20250830,2,3351,2,4,2,15000.00,0.00,30000.00
5000013896,1000011412,20250830,1,2482,2,2,2,12000.00,0.00,24000.00
5000013897,1000011413,20250830,1,317,2,2,1,12000.00,0.00,12000.00
5000013898,1000011413,20250830,2,317,2,2,1,15000.00,0.00,15000.00
5000013899,1000011414,20250830,1,1291,2,2,3,12000.00,0.00,36000.00
5000013900,1000011415,20250830,1,1493,2,1,1,12000.00,0.00,12000.00
5000013901,1000011416,20250830,1,3352,2,2,2,12000.00,0.00,24000.00
5000013902,1000011417,20250830,1,2412,2,4,2,12000.00,0.00,24000.00
5000013903,1000011418,20250830,1,1432,2,4,1,12000.00,0.00,12000.00
5000013904,1000011418,20250830,2,1432,2,4,3,15000.00,0.00,45000.00
5000013905,1000011419,20250830,1,2558,2,3,3,12000.00,0.00,36000.00
5000013906,1000011420,20250830,1,2903,2,1,3,12000.00,0.00,36000.00
5000013909,1000011422,20250830,2,1532,2,4,1,15000.00,0.00,15000.00
5000013911,1000011424,20250830,1,3353,2,3,2,12000.00,0.00,24000.00
5000013912,1000011425,20250830,1,1545,2,2,1,12000.00,0.00,12000.00
5000013915,1000011428,20250830,1,1634,2,2,1,12000.00,0.00,12000.00
5000013916,1000011429,20250830,1,2817,2,2,1,12000.00,0.00,12000.00
5000013917,1000011430,20250830,1,3355,2,3,1,12000.00,0.00,12000.00
5000013918,1000011431,20250830,2,984,2,2,1,15000.00,0.00,15000.00
5000013938,1000011447,20250901,2,434,2,4,1,15000.00,0.00,15000.00
5000013939,1000011448,20250901,1,1235,2,4,3,12000.00,0.00,36000.00
5000013941,1000011450,20250901,2,2495,2,1,2,15000.00,0.00,30000.00
5000013942,1000011451,20250901,1,1025,2,3,1,12000.00,0.00,12000.00
5000013954,1000011460,20250902,1,2143,2,4,3,12000.00,0.00,36000.00
5000013955,1000011461,20250902,1,2167,2,4,3,12000.00,0.00,36000.00
5000013963,1000011468,20250902,1,1089,2,1,1,12000.00,0.00,12000.00
5000013964,1000011469,20250902,1,1155,2,2,1,12000.00,0.00,12000.00
5000013968,1000011473,20250902,2,660,2,1,2,15000.00,0.00,30000.00
5000013969,1000011474,20250902,1,1531,2,1,1,12000.00,0.00,12000.00
5000013977,1000011481,20250903,1,3006,2,3,1,12000.00,1200.00,10800.00
5000013978,1000011481,20250903,2,3006,2,3,3,15000.00,4500.00,40500.00
5000013981,1000011484,20250903,1,3157,2,2,2,12000.00,0.00,24000.00
5000013983,1000011486,20250903,1,2621,2,2,2,12000.00,0.00,24000.00
5000013984,1000011487,20250903,1,2014,2,1,2,12000.00,0.00,24000.00
5000013986,1000011489,20250903,1,1146,2,4,1,12000.00,0.00,12000.00
5000013987,1000011489,20250903,2,1146,2,4,1,15000.00,0.00,15000.00
5000013999,1000011499,20250904,1,646,2,4,4,12000.00,0.00,48000.00
5000014003,1000011502,20250904,1,3373,2,4,3,12000.00,0.00,36000.00
5000014007,1000011505,20250904,1,3248,2,3,3,12000.00,0.00,36000.00
5000014009,1000011507,20250904,2,1839,2,4,4,15000.00,0.00,60000.00
5000014010,1000011508,20250904,1,3239,2,1,1,12000.00,0.00,12000.00
5000014011,1000011508,20250904,2,3239,2,1,1,15000.00,0.00,15000.00
5000014014,1000011510,20250904,1,3374,2,3,1,12000.00,1200.00,10800.00
5000014015,1000011510,20250904,2,3374,2,3,2,15000.00,3000.00,27000.00
5000014016,1000011511,20250904,2,3375,2,1,2,15000.00,0.00,30000.00
5000014028,1000011519,20250905,1,2355,2,4,1,12000.00,0.00,12000.00
5000014029,1000011520,20250905,1,3377,2,3,2,12000.00,0.00,24000.00
5000014030,1000011520,20250905,2,3377,2,3,1,15000.00,0.00,15000.00
5000014031,1000011521,20250905,1,2177,2,4,1,12000.00,0.00,12000.00
5000014032,1000011522,20250905,1,1489,2,2,1,12000.00,0.00,12000.00
5000014034,1000011524,20250905,2,219,2,3,1,15000.00,0.00,15000.00
5000014035,1000011525,20250905,2,3378,2,4,1,15000.00,0.00,15000.00
5000014037,1000011527,20250905,1,1207,2,3,1,12000.00,0.00,12000.00
5000014038,1000011527,20250905,2,1207,2,3,1,15000.00,0.00,15000.00
5000014047,1000011535,20250906,1,3381,2,2,1,12000.00,0.00,12000.00
5000014049,1000011537,20250906,1,194,2,1,1,12000.00,0.00,12000.00
5000014050,1000011537,20250906,2,194,2,1,1,15000.00,0.00,15000.00
5000014052,1000011539,20250906,1,1546,2,1,1,12000.00,0.00,12000.00
5000014053,1000011540,20250906,2,3382,2,2,4,15000.00,0.00,60000.00
5000014057,1000011543,20250906,1,193,2,2,2,12000.00,0.00,24000.00
5000014058,1000011543,20250906,2,193,2,2,3,15000.00,0.00,45000.00
5000014059,1000011544,20250906,2,3383,2,4,1,15000.00,0.00,15000.00
5000014062,1000011546,20250906,1,2750,2,3,1,12000.00,0.00,12000.00
5000014063,1000011547,20250906,1,1499,2,3,2,12000.00,0.00,24000.00
5000014064,1000011548,20250906,2,3272,2,2,1,15000.00,0.00,15000.00
5000014065,1000011549,20250906,2,1585,2,3,1,15000.00,0.00,15000.00
5000014067,1000011551,20250906,2,2250,2,2,1,15000.00,0.00,15000.00
5000014068,1000011552,20250906,2,3387,2,1,1,15000.00,0.00,15000.00
5000014069,1000011553,20250906,2,3388,2,1,3,15000.00,0.00,45000.00
5000014071,1000011555,20250906,2,2486,2,2,2,15000.00,0.00,30000.00
5000014072,1000011556,20250906,2,1563,2,1,3,15000.00,0.00,45000.00
5000014089,1000011571,20250908,1,1669,2,3,1,12000.00,0.00,12000.00
5000014090,1000011572,20250908,1,3068,2,2,1,12000.00,0.00,12000.00
5000014093,1000011575,20250908,1,227,2,3,1,12000.00,0.00,12000.00
5000014094,1000011576,20250908,2,2741,2,2,1,15000.00,0.00,15000.00
5000014097,1000011579,20250908,1,2178,2,3,1,12000.00,0.00,12000.00
5000014100,1000011581,20250908,1,897,2,2,1,12000.00,0.00,12000.00
5000014107,1000011586,20250908,2,1192,2,3,1,15000.00,0.00,15000.00
5000014109,1000011588,20250908,1,1583,2,1,1,12000.00,0.00,12000.00
5000014110,1000011588,20250908,2,1583,2,1,1,15000.00,0.00,15000.00
5000014116,1000011593,20250908,2,2599,2,4,1,15000.00,0.00,15000.00
5000014118,1000011595,20250908,2,2671,2,2,1,15000.00,1500.00,13500.00
5000014119,1000011596,20250908,2,2744,2,1,4,15000.00,0.00,60000.00
5000014134,1000011609,20250909,2,3397,2,1,2,15000.00,0.00,30000.00
5000014138,1000011613,20250909,2,3101,2,1,3,15000.00,0.00,45000.00
5000014139,1000011614,20250909,1,3306,2,4,1,12000.00,0.00,12000.00
5000014140,1000011615,20250909,1,3399,2,3,2,12000.00,0.00,24000.00
5000014141,1000011615,20250909,2,3399,2,3,1,15000.00,0.00,15000.00
5000014155,1000011627,20250910,2,3403,2,2,1,15000.00,0.00,15000.00
5000014156,1000011628,20250910,1,1731,2,1,1,12000.00,0.00,12000.00
5000014157,1000011628,20250910,2,1731,2,1,1,15000.00,0.00,15000.00
5000014159,1000011630,20250910,2,2422,2,4,3,15000.00,0.00,45000.00
5000014160,1000011631,20250910,2,2191,2,4,1,15000.00,0.00,15000.00
5000014162,1000011633,20250910,1,2399,2,2,3,12000.00,0.00,36000.00
5000014163,1000011633,20250910,2,2399,2,2,1,15000.00,0.00,15000.00
5000014165,1000011635,20250910,1,1530,2,2,1,12000.00,0.00,12000.00
5000014174,1000011643,20250911,1,1196,2,1,2,12000.00,0.00,24000.00
5000014175,1000011643,20250911,2,1196,2,1,4,15000.00,0.00,60000.00
5000014178,1000011646,20250911,2,2056,2,2,1,15000.00,0.00,15000.00
5000014182,1000011650,20250911,2,628,2,3,3,15000.00,0.00,45000.00
5000014187,1000011654,20250911,1,427,2,3,3,12000.00,0.00,36000.00
5000014193,1000011659,20250912,1,536,2,3,2,12000.00,0.00,24000.00
5000014194,1000011660,20250912,2,2592,2,1,1,15000.00,0.00,15000.00
5000014198,1000011663,20250912,1,1970,2,3,1,12000.00,1200.00,10800.00
5000014203,1000011668,20250912,2,302,2,3,1,15000.00,0.00,15000.00
5000014204,1000011669,20250912,1,2979,2,4,1,12000.00,0.00,12000.00
5000014205,1000011669,20250912,2,2979,2,4,1,15000.00,0.00,15000.00
5000014209,1000011673,20250913,1,3033,2,4,2,12000.00,0.00,24000.00
5000014210,1000011673,20250913,2,3033,2,4,2,15000.00,0.00,30000.00
5000014211,1000011674,20250913,2,1376,2,3,3,15000.00,0.00,45000.00
5000014213,1000011676,20250913,2,3412,2,2,2,15000.00,0.00,30000.00
5000014214,1000011677,20250913,2,2625,2,2,2,15000.00,0.00,30000.00
5000014215,1000011678,20250913,1,2712,2,2,1,12000.00,0.00,12000.00
5000014216,1000011678,20250913,2,2712,2,2,3,15000.00,0.00,45000.00
5000014217,1000011679,20250913,2,2538,2,4,1,15000.00,0.00,15000.00
5000014219,1000011681,20250913,1,1318,2,2,2,12000.00,0.00,24000.00
5000014220,1000011682,20250913,2,714,2,4,2,15000.00,0.00,30000.00
5000014222,1000011684,20250913,1,3173,2,1,2,12000.00,0.00,24000.00
5000014223,1000011684,20250913,2,3173,2,1,1,15000.00,0.00,15000.00
5000014224,1000011685,20250913,1,1151,2,1,1,12000.00,0.00,12000.00
5000014225,1000011686,20250913,2,1939,2,1,3,15000.00,0.00,45000.00
5000014226,1000011687,20250913,2,1982,2,1,1,15000.00,0.00,15000.00
5000014254,1000011708,20250915,2,3204,2,4,1,15000.00,0.00,15000.00
5000014256,1000011710,20250915,2,1272,2,2,2,15000.00,0.00,30000.00
5000014262,1000011715,20250916,1,1877,2,2,2,12000.00,0.00,24000.00
5000014265,1000011718,20250916,1,3418,2,2,1,12000.00,1200.00,10800.00
5000014266,1000011719,20250916,1,1044,2,3,1,12000.00,1200.00,10800.00
5000014267,1000011720,20250916,2,1645,2,2,3,15000.00,0.00,45000.00
5000014269,1000011722,20250916,1,2513,2,4,2,12000.00,0.00,24000.00
5000014271,1000011724,20250916,2,3194,2,3,3,15000.00,0.00,45000.00
5000014272,1000011725,20250916,1,1627,2,2,1,12000.00,0.00,12000.00
5000014273,1000011725,20250916,2,1627,2,2,2,15000.00,0.00,30000.00
5000014274,1000011726,20250916,1,2152,2,4,1,12000.00,0.00,12000.00
5000014282,1000011733,20250917,2,2807,2,3,2,15000.00,0.00,30000.00
5000014284,1000011735,20250917,1,1003,2,3,1,12000.00,0.00,12000.00
5000014285,1000011735,20250917,2,1003,2,3,1,15000.00,0.00,15000.00
5000014287,1000011737,20250917,2,1466,2,2,8,15000.00,18000.00,102000.00
5000014291,1000011740,20250917,1,1085,2,3,1,12000.00,0.00,12000.00
5000014297,1000011744,20250918,1,1041,2,3,2,12000.00,0.00,24000.00
5000014298,1000011744,20250918,2,1041,2,3,1,15000.00,0.00,15000.00
5000014306,1000011750,20250918,1,1530,2,2,1,12000.00,1200.00,10800.00
5000014307,1000011751,20250918,1,3191,2,1,1,12000.00,0.00,12000.00
5000014323,1000011764,20250919,2,3427,2,4,2,15000.00,0.00,30000.00
5000014330,1000011770,20250920,2,2489,2,1,1,15000.00,0.00,15000.00
5000014331,1000011771,20250920,2,2811,2,4,1,15000.00,0.00,15000.00
5000014332,1000011772,20250920,2,1808,2,2,2,15000.00,3000.00,27000.00
5000014333,1000011773,20250920,1,3216,2,1,1,12000.00,0.00,12000.00
5000014334,1000011774,20250920,1,2655,2,4,2,12000.00,0.00,24000.00
5000014335,1000011775,20250920,2,1112,2,1,1,15000.00,0.00,15000.00
5000012288,1000010102,20250615,2,644,1,,2,15000.00,0.00,30000.00
5000012289,1000010103,20250615,2,756,1,,2,15000.00,0.00,30000.00
5000012290,1000010104,20250615,2,3055,1,,14,15000.00,31500.00,178500.00
5000012291,1000010105,20250615,2,2182,1,,1,15000.00,0.00,15000.00
5000012292,1000010106,20250615,1,421,1,,2,12000.00,0.00,24000.00
5000012293,1000010106,20250615,2,421,1,,1,15000.00,0.00,15000.00
5000012294,1000010107,20250615,1,2202,1,,1,12000.00,0.00,12000.00
5000012295,1000010107,20250615,2,2202,1,,1,15000.00,0.00,15000.00
5000012296,1000010108,20250616,2,2429,1,,1,15000.00,0.00,15000.00
5000012297,1000010109,20250616,2,1802,1,,1,15000.00,0.00,15000.00
5000012299,1000010111,20250616,1,3056,1,,1,12000.00,0.00,12000.00
5000012300,1000010111,20250616,2,3056,1,,2,15000.00,0.00,30000.00
5000012301,1000010112,20250616,1,3057,1,,1,12000.00,0.00,12000.00
5000012302,1000010113,20250616,1,3058,1,,9,12000.00,16200.00,91800.00
5000012303,1000010113,20250616,2,3058,1,,8,15000.00,18000.00,102000.00
5000012306,1000010115,20250616,1,1634,1,,1,12000.00,0.00,12000.00
5000012307,1000010116,20250616,2,2826,1,,1,15000.00,750.00,14250.00
5000012310,1000010118,20250616,1,1706,1,,1,12000.00,0.00,12000.00
5000012311,1000010119,20250616,1,2894,1,,2,12000.00,0.00,24000.00
5000012312,1000010119,20250616,2,2894,1,,1,15000.00,0.00,15000.00
5000012313,1000010120,20250616,1,2891,1,,2,12000.00,0.00,24000.00
5000012314,1000010121,20250616,1,2031,1,,2,12000.00,0.00,24000.00
5000012315,1000010122,20250616,1,1909,1,,1,12000.00,0.00,12000.00
5000012316,1000010123,20250617,1,2696,1,,4,12000.00,0.00,48000.00
5000012317,1000010123,20250617,2,2696,1,,4,15000.00,0.00,60000.00
5000012318,1000010124,20250617,1,1964,1,,1,12000.00,0.00,12000.00
5000012319,1000010124,20250617,2,1964,1,,2,15000.00,0.00,30000.00
5000012322,1000010126,20250617,1,11,1,,1,12000.00,0.00,12000.00
5000012323,1000010126,20250617,2,11,1,,4,15000.00,0.00,60000.00
5000012328,1000010130,20250617,2,1257,1,,1,15000.00,750.00,14250.00
5000012329,1000010131,20250617,1,2390,1,,1,12000.00,0.00,12000.00
5000012330,1000010132,20250617,1,1753,1,,3,12000.00,0.00,36000.00
5000012331,1000010133,20250617,1,2576,1,,2,12000.00,0.00,24000.00
5000012332,1000010133,20250617,2,2576,1,,3,15000.00,0.00,45000.00
5000012333,1000010134,20250618,1,2606,1,,1,12000.00,0.00,12000.00
5000012334,1000010134,20250618,2,2606,1,,3,15000.00,0.00,45000.00
5000012335,1000010135,20250618,2,3061,1,,4,15000.00,3000.00,57000.00
5000012336,1000010136,20250618,1,3062,1,,1,12000.00,0.00,12000.00
5000012337,1000010136,20250618,2,3062,1,,2,15000.00,0.00,30000.00
5000012338,1000010137,20250618,1,2146,1,,1,12000.00,0.00,12000.00
5000012342,1000010141,20250618,1,2687,1,,1,12000.00,0.00,12000.00
5000012345,1000010144,20250618,1,1484,1,,1,12000.00,0.00,12000.00
5000012346,1000010144,20250618,2,1484,1,,2,15000.00,0.00,30000.00
5000012347,1000010145,20250618,2,118,1,,2,15000.00,0.00,30000.00
5000012348,1000010146,20250618,1,1285,1,,2,12000.00,0.00,24000.00
5000012349,1000010147,20250618,1,2501,1,,2,12000.00,0.00,24000.00
5000012350,1000010148,20250619,1,2728,1,,3,12000.00,0.00,36000.00
5000012351,1000010149,20250619,2,1318,1,,1,15000.00,0.00,15000.00
5000012352,1000010150,20250619,1,426,1,,1,12000.00,0.00,12000.00
5000012353,1000010151,20250619,2,2540,1,,1,15000.00,0.00,15000.00
5000012357,1000010155,20250619,2,3064,1,,1,15000.00,0.00,15000.00
5000012358,1000010156,20250619,1,184,1,,1,12000.00,0.00,12000.00
5000012359,1000010157,20250619,2,1077,1,,1,15000.00,0.00,15000.00
5000012361,1000010159,20250619,1,3066,1,,2,12000.00,0.00,24000.00
5000012362,1000010159,20250619,2,3066,1,,1,15000.00,0.00,15000.00
5000012363,1000010160,20250619,1,3065,1,,1,12000.00,0.00,12000.00
5000012364,1000010161,20250619,1,572,1,,1,12000.00,0.00,12000.00
5000012365,1000010162,20250619,1,2282,1,,1,12000.00,0.00,12000.00
5000012366,1000010163,20250619,1,2372,1,,1,12000.00,0.00,12000.00
5000012367,1000010163,20250619,2,2372,1,,1,15000.00,0.00,15000.00
5000012368,1000010164,20250620,1,185,1,,3,12000.00,0.00,36000.00
5000012369,1000010165,20250620,2,161,1,,1,15000.00,0.00,15000.00
5000012371,1000010167,20250620,1,354,1,,2,12000.00,0.00,24000.00
5000012382,1000010175,20250620,1,2602,1,,1,12000.00,0.00,12000.00
5000012383,1000010176,20250620,2,852,1,,1,15000.00,0.00,15000.00
5000012386,1000010179,20250620,2,1518,1,,1,15000.00,0.00,15000.00
5000012388,1000010181,20250620,2,3069,1,,1,15000.00,0.00,15000.00
5000012391,1000010184,20250620,1,2770,1,,4,12000.00,0.00,48000.00
5000012392,1000010185,20250621,1,2515,1,,1,12000.00,0.00,12000.00
5000012393,1000010186,20250621,1,2417,1,,1,12000.00,0.00,12000.00
5000012400,1000010191,20250621,1,2463,1,,1,12000.00,0.00,12000.00
5000012405,1000010195,20250621,1,2,1,,2,12000.00,0.00,24000.00
5000012406,1000010195,20250621,2,2,1,,1,15000.00,0.00,15000.00
5000012415,1000010203,20250621,2,1071,1,,1,15000.00,0.00,15000.00
5000012416,1000010204,20250621,2,1973,1,,1,15000.00,0.00,15000.00
5000012420,1000010207,20250622,2,172,1,,1,15000.00,0.00,15000.00
5000012421,1000010208,20250622,2,3073,1,,1,15000.00,0.00,15000.00
5000012422,1000010209,20250622,2,2476,1,,1,15000.00,0.00,15000.00
5000012423,1000010210,20250622,2,989,1,,1,15000.00,0.00,15000.00
5000012424,1000010211,20250622,2,2179,1,,1,15000.00,0.00,15000.00
5000012425,1000010212,20250622,1,1404,1,,1,12000.00,0.00,12000.00
5000012426,1000010213,20250622,1,3074,1,,1,12000.00,0.00,12000.00
5000012427,1000010214,20250622,2,1748,1,,2,15000.00,0.00,30000.00
5000012428,1000010215,20250622,1,2254,1,,2,12000.00,0.00,24000.00
5000012429,1000010216,20250622,2,1429,1,,2,15000.00,0.00,30000.00
5000012430,1000010217,20250622,2,1668,1,,1,15000.00,0.00,15000.00
5000012431,1000010218,20250622,1,3075,1,,2,12000.00,0.00,24000.00
5000012432,1000010219,20250623,2,1465,1,,3,15000.00,0.00,45000.00
5000012433,1000010220,20250623,2,3076,1,,1,15000.00,0.00,15000.00
5000012436,1000010222,20250623,1,1485,1,,1,12000.00,0.00,12000.00
5000012437,1000010223,20250623,2,1710,1,,2,15000.00,0.00,30000.00
5000012440,1000010226,20250623,1,1956,1,,1,12000.00,0.00,12000.00
5000012442,1000010228,20250623,2,2193,1,,2,15000.00,0.00,30000.00
5000012445,1000010231,20250623,1,995,1,,2,12000.00,0.00,24000.00
5000012446,1000010232,20250623,2,2421,1,,1,15000.00,0.00,15000.00
5000012447,1000010233,20250624,1,1159,1,,1,12000.00,600.00,11400.00
5000012448,1000010234,20250624,2,2310,1,,1,15000.00,0.00,15000.00
5000012449,1000010235,20250624,1,2553,1,,2,12000.00,0.00,24000.00
5000012459,1000010242,20250624,1,349,1,,3,12000.00,3600.00,32400.00
5000012460,1000010242,20250624,2,349,1,,1,15000.00,1500.00,13500.00
5000012461,1000010243,20250624,1,1351,1,,1,12000.00,0.00,12000.00
5000012465,1000010247,20250624,2,1118,1,,3,15000.00,0.00,45000.00
5000012466,1000010248,20250624,2,1017,1,,1,15000.00,0.00,15000.00
5000012469,1000010250,20250624,2,3080,1,,4,15000.00,0.00,60000.00
5000012471,1000010252,20250624,1,1360,1,,9,12000.00,16200.00,91800.00
5000012472,1000010252,20250624,2,1360,1,,10,15000.00,22500.00,127500.00
5000012473,1000010253,20250624,1,526,1,,4,12000.00,4800.00,43200.00
5000012474,1000010254,20250624,2,2827,1,,2,15000.00,3000.00,27000.00
5000012475,1000010255,20250625,2,2087,1,,1,15000.00,0.00,15000.00
5000012476,1000010256,20250625,2,2280,1,,2,15000.00,0.00,30000.00
5000012477,1000010257,20250625,1,3015,1,,1,12000.00,0.00,12000.00
5000012478,1000010257,20250625,2,3015,1,,2,15000.00,0.00,30000.00
5000012479,1000010258,20250625,1,2415,1,,1,12000.00,0.00,12000.00
5000012480,1000010258,20250625,2,2415,1,,1,15000.00,0.00,15000.00
5000012482,1000010260,20250625,1,2977,1,,1,12000.00,0.00,12000.00
5000012483,1000010260,20250625,2,2977,1,,1,15000.00,0.00,15000.00
5000012484,1000010261,20250625,2,2425,1,,4,15000.00,0.00,60000.00
5000012487,1000010263,20250625,1,2922,1,,2,12000.00,0.00,24000.00
5000012488,1000010263,20250625,2,2922,1,,1,15000.00,0.00,15000.00
5000012489,1000010264,20250625,1,3084,1,,4,12000.00,0.00,48000.00
5000012490,1000010264,20250625,2,3084,1,,2,15000.00,0.00,30000.00
5000012492,1000010266,20250625,1,1451,1,,2,12000.00,0.00,24000.00
5000012493,1000010266,20250625,2,1451,1,,1,15000.00,0.00,15000.00
5000012494,1000010267,20250625,1,2660,1,,1,12000.00,0.00,12000.00
5000012497,1000010270,20250625,2,1646,1,,1,15000.00,0.00,15000.00
5000012502,1000010274,20250625,1,3085,1,,1,12000.00,0.00,12000.00
5000012503,1000010275,20250625,1,2885,1,,3,12000.00,0.00,36000.00
5000012504,1000010275,20250625,2,2885,1,,1,15000.00,0.00,15000.00
5000012506,1000010277,20250625,2,1767,1,,1,15000.00,0.00,15000.00
5000012507,1000010278,20250625,2,2631,1,,1,15000.00,0.00,15000.00
5000012508,1000010279,20250625,2,3086,1,,3,15000.00,0.00,45000.00
5000012509,1000010280,20250626,1,2611,1,,3,12000.00,0.00,36000.00
5000012511,1000010282,20250626,2,3087,1,,2,15000.00,0.00,30000.00
5000012513,1000010284,20250626,1,2563,1,,2,12000.00,0.00,24000.00
5000012514,1000010285,20250626,2,3088,1,,1,15000.00,0.00,15000.00
5000012515,1000010286,20250626,1,2214,1,,1,12000.00,0.00,12000.00
5000012516,1000010286,20250626,2,2214,1,,2,15000.00,0.00,30000.00
5000012517,1000010287,20250626,1,3089,1,,2,12000.00,0.00,24000.00
5000012518,1000010288,20250626,2,2825,1,,2,15000.00,0.00,30000.00
5000012523,1000010293,20250626,2,2710,1,,1,15000.00,0.00,15000.00
5000012524,1000010294,20250626,2,2996,1,,2,15000.00,0.00,30000.00
5000012525,1000010295,20250626,2,2236,1,,3,15000.00,0.00,45000.00
5000012526,1000010296,20250626,2,2628,1,,2,15000.00,0.00,30000.00
5000012527,1000010297,20250627,2,871,1,,2,15000.00,0.00,30000.00
5000012530,1000010299,20250627,1,2289,1,,1,12000.00,0.00,12000.00
5000012534,1000010302,20250627,1,3091,1,,2,12000.00,0.00,24000.00
5000012540,1000010307,20250627,1,2510,1,,1,12000.00,0.00,12000.00
5000012541,1000010307,20250627,2,2510,1,,4,15000.00,0.00,60000.00
5000012544,1000010310,20250627,1,1833,1,,4,12000.00,0.00,48000.00
5000012545,1000010310,20250627,2,1833,1,,1,15000.00,0.00,15000.00
5000012546,1000010311,20250627,2,1765,1,,1,15000.00,0.00,15000.00
5000012547,1000010312,20250627,1,3093,1,,3,12000.00,0.00,36000.00
5000012548,1000010312,20250627,2,3093,1,,4,15000.00,0.00,60000.00
5000012553,1000010317,20250628,1,2833,1,,13,12000.00,23400.00,132600.00
5000012554,1000010317,20250628,2,2833,1,,15,15000.00,33750.00,191250.00
5000012555,1000010318,20250628,2,3094,1,,1,15000.00,0.00,15000.00
5000012560,1000010323,20250628,2,1885,1,,1,15000.00,0.00,15000.00
5000012561,1000010324,20250628,1,1102,1,,2,12000.00,0.00,24000.00
5000012562,1000010324,20250628,2,1102,1,,1,15000.00,0.00,15000.00
5000012564,1000010326,20250628,1,1970,1,,1,12000.00,0.00,12000.00
5000012565,1000010326,20250628,2,1970,1,,2,15000.00,0.00,30000.00
5000012566,1000010327,20250628,1,1369,1,,4,12000.00,0.00,48000.00
5000012567,1000010327,20250628,2,1369,1,,2,15000.00,0.00,30000.00
5000012568,1000010328,20250629,2,1516,1,,2,15000.00,0.00,30000.00
5000012569,1000010329,20250629,2,3097,1,,3,15000.00,0.00,45000.00
5000012570,1000010330,20250629,2,3098,1,,1,15000.00,0.00,15000.00
5000012571,1000010331,20250629,1,427,1,,1,12000.00,0.00,12000.00
5000012572,1000010332,20250629,1,2345,1,,1,12000.00,0.00,12000.00
5000012573,1000010333,20250630,1,2678,1,,4,12000.00,2400.00,45600.00
5000012574,1000010334,20250630,2,2910,1,,1,15000.00,0.00,15000.00
5000012575,1000010335,20250630,1,165,1,,2,12000.00,0.00,24000.00
5000012576,1000010336,20250630,2,3099,1,,2,15000.00,0.00,30000.00
5000012577,1000010337,20250630,1,3100,1,,1,12000.00,0.00,12000.00
5000012578,1000010337,20250630,2,3100,1,,3,15000.00,0.00,45000.00
5000012579,1000010338,20250630,1,2808,1,,2,12000.00,0.00,24000.00
5000012583,1000010342,20250630,2,2958,1,,2,15000.00,0.00,30000.00
5000012585,1000010344,20250630,1,1984,1,,1,12000.00,0.00,12000.00
5000012590,1000010348,20250630,2,2842,1,,1,15000.00,0.00,15000.00
5000012592,1000010350,20250630,2,26,1,,2,15000.00,0.00,30000.00
5000012598,1000010355,20250630,1,2142,1,,1,12000.00,0.00,12000.00
5000012599,1000010355,20250630,2,2142,1,,1,15000.00,0.00,15000.00
5000012600,1000010356,20250630,1,1002,1,,2,12000.00,0.00,24000.00
5000012601,1000010357,20250630,1,2880,1,,1,12000.00,0.00,12000.00
5000012602,1000010357,20250630,2,2880,1,,3,15000.00,0.00,45000.00
5000012603,1000010358,20250630,1,3104,1,,3,12000.00,0.00,36000.00
5000012604,1000010359,20250701,1,543,1,,2,12000.00,1200.00,22800.00
5000012605,1000010360,20250701,1,46,1,,1,12000.00,0.00,12000.00
5000012608,1000010363,20250701,2,2365,1,,1,15000.00,0.00,15000.00
5000012609,1000010364,20250701,1,3106,1,,1,12000.00,0.00,12000.00
5000012611,1000010366,20250701,1,2420,1,,2,12000.00,0.00,24000.00
5000012612,1000010366,20250701,2,2420,1,,1,15000.00,0.00,15000.00
5000012616,1000010369,20250701,1,3108,1,,1,12000.00,0.00,12000.00
5000012617,1000010370,20250701,2,3109,1,,1,15000.00,0.00,15000.00
5000012618,1000010371,20250702,1,2571,1,,4,12000.00,0.00,48000.00
5000012619,1000010372,20250702,2,3110,1,,1,15000.00,0.00,15000.00
5000012620,1000010373,20250702,1,279,1,,2,12000.00,0.00,24000.00
5000012621,1000010373,20250702,2,279,1,,4,15000.00,0.00,60000.00
5000012622,1000010374,20250702,1,2371,1,,1,12000.00,0.00,12000.00
5000012623,1000010375,20250702,1,3111,1,,1,12000.00,0.00,12000.00
5000012624,1000010375,20250702,2,3111,1,,1,15000.00,0.00,15000.00
5000012625,1000010376,20250702,1,3112,1,,1,12000.00,0.00,12000.00
5000012626,1000010377,20250702,1,1847,1,,1,12000.00,0.00,12000.00
5000012627,1000010378,20250702,1,1057,1,,1,12000.00,0.00,12000.00
5000012628,1000010379,20250702,2,740,1,,3,15000.00,0.00,45000.00
5000012629,1000010380,20250703,1,1120,1,,1,12000.00,0.00,12000.00
5000012630,1000010381,20250703,2,2221,1,,1,15000.00,0.00,15000.00
5000012632,1000010383,20250703,1,2161,1,,2,12000.00,0.00,24000.00
5000012633,1000010383,20250703,2,2161,1,,1,15000.00,0.00,15000.00
5000012636,1000010386,20250703,2,1849,1,,1,15000.00,0.00,15000.00
5000012637,1000010387,20250703,1,1259,1,,1,12000.00,0.00,12000.00
5000012638,1000010387,20250703,2,1259,1,,1,15000.00,0.00,15000.00
5000012642,1000010390,20250703,1,2943,1,,3,12000.00,0.00,36000.00
5000012644,1000010392,20250703,1,2592,1,,1,12000.00,0.00,12000.00
5000012649,1000010396,20250703,1,728,1,,3,12000.00,0.00,36000.00
5000012650,1000010396,20250703,2,728,1,,1,15000.00,0.00,15000.00
5000012651,1000010397,20250703,1,2814,1,,3,12000.00,0.00,36000.00
5000012652,1000010397,20250703,2,2814,1,,1,15000.00,0.00,15000.00
5000012653,1000010398,20250703,1,3114,1,,1,12000.00,0.00,12000.00
5000012654,1000010398,20250703,2,3114,1,,1,15000.00,0.00,15000.00
5000012655,1000010399,20250704,1,3115,1,,4,12000.00,0.00,48000.00
5000012656,1000010400,20250704,1,785,1,,2,12000.00,0.00,24000.00
5000012657,1000010400,20250704,2,785,1,,1,15000.00,0.00,15000.00
5000012664,1000010406,20250704,1,3118,1,,1,12000.00,0.00,12000.00
5000012665,1000010407,20250704,1,2866,1,,1,12000.00,0.00,12000.00
5000012666,1000010408,20250704,1,2350,1,,4,12000.00,0.00,48000.00
5000012667,1000010409,20250704,2,1238,1,,3,15000.00,0.00,45000.00
5000012668,1000010410,20250704,1,1707,1,,1,12000.00,0.00,12000.00
5000012669,1000010410,20250704,2,1707,1,,3,15000.00,0.00,45000.00
5000012670,1000010411,20250704,1,1345,1,,3,12000.00,0.00,36000.00
5000012671,1000010411,20250704,2,1345,1,,1,15000.00,0.00,15000.00
5000012672,1000010412,20250704,1,2415,1,,2,12000.00,0.00,24000.00
5000012673,1000010413,20250704,1,1534,1,,2,12000.00,0.00,24000.00
5000012674,1000010414,20250704,1,2301,1,,1,12000.00,600.00,11400.00
5000012675,1000010415,20250704,2,2089,1,,13,15000.00,29250.00,165750.00
5000012676,1000010416,20250704,1,1814,1,,1,12000.00,0.00,12000.00
5000012677,1000010417,20250705,2,1394,1,,2,15000.00,0.00,30000.00
5000012680,1000010419,20250705,2,3120,1,,1,15000.00,0.00,15000.00
5000012684,1000010422,20250705,1,361,1,,2,12000.00,0.00,24000.00
5000012690,1000010428,20250705,1,3121,1,,2,12000.00,0.00,24000.00
5000012698,1000010433,20250705,1,2012,1,,3,12000.00,0.00,36000.00
5000012701,1000010436,20250705,1,2792,1,,3,12000.00,0.00,36000.00
5000012702,1000010437,20250706,1,1768,1,,1,12000.00,0.00,12000.00
5000012703,1000010438,20250706,1,1871,1,,4,12000.00,0.00,48000.00
5000012704,1000010439,20250706,1,2872,1,,2,12000.00,0.00,24000.00
5000012705,1000010440,20250706,1,3123,1,,3,12000.00,0.00,36000.00
5000012706,1000010441,20250706,2,2421,1,,1,15000.00,0.00,15000.00
5000012707,1000010442,20250706,1,2399,1,,3,12000.00,0.00,36000.00
5000012708,1000010443,20250706,1,1043,1,,2,12000.00,0.00,24000.00
5000012709,1000010444,20250706,1,308,1,,1,12000.00,0.00,12000.00
5000012710,1000010445,20250706,2,2060,1,,1,15000.00,0.00,15000.00
5000012711,1000010446,20250707,1,2720,1,,1,12000.00,0.00,12000.00
5000012712,1000010447,20250707,1,3124,1,,1,12000.00,0.00,12000.00
5000012713,1000010448,20250707,1,2014,1,,1,12000.00,0.00,12000.00
5000012714,1000010449,20250707,1,1993,1,,2,12000.00,0.00,24000.00
5000012715,1000010449,20250707,2,1993,1,,1,15000.00,0.00,15000.00
5000012716,1000010450,20250707,1,2935,1,,1,12000.00,0.00,12000.00
5000012717,1000010451,20250707,1,3125,1,,2,12000.00,0.00,24000.00
5000012719,1000010453,20250707,1,20,1,,1,12000.00,0.00,12000.00
5000012720,1000010454,20250707,1,1580,1,,1,12000.00,0.00,12000.00
5000012722,1000010456,20250707,1,2098,1,,1,12000.00,0.00,12000.00
5000012723,1000010457,20250707,1,3055,1,,2,12000.00,0.00,24000.00
5000012724,1000010458,20250707,1,1350,1,,1,12000.00,0.00,12000.00
5000012727,1000010461,20250707,2,1012,1,,1,15000.00,0.00,15000.00
5000012728,1000010462,20250707,2,898,1,,1,15000.00,0.00,15000.00
5000012729,1000010463,20250707,2,3127,1,,1,15000.00,0.00,15000.00
5000012730,1000010464,20250707,1,1275,1,,1,12000.00,0.00,12000.00
5000012731,1000010464,20250707,2,1275,1,,1,15000.00,0.00,15000.00
5000012733,1000010466,20250707,2,2023,1,,1,15000.00,0.00,15000.00
5000012734,1000010467,20250707,1,3129,1,,2,12000.00,0.00,24000.00
5000012735,1000010468,20250707,1,2018,1,,1,12000.00,0.00,12000.00
5000012736,1000010469,20250707,1,2638,1,,4,12000.00,0.00,48000.00
5000012737,1000010469,20250707,2,2638,1,,1,15000.00,0.00,15000.00
5000012738,1000010470,20250708,2,2314,1,,1,15000.00,0.00,15000.00
5000012739,1000010471,20250708,1,2127,1,,1,12000.00,0.00,12000.00
5000012740,1000010472,20250708,2,3130,1,,1,15000.00,0.00,15000.00
5000012744,1000010476,20250708,1,1916,1,,1,12000.00,0.00,12000.00
5000012746,1000010478,20250708,1,3133,1,,4,12000.00,0.00,48000.00
5000012747,1000010478,20250708,2,3133,1,,1,15000.00,0.00,15000.00
5000012748,1000010479,20250708,1,3134,1,,2,12000.00,0.00,24000.00
5000012749,1000010480,20250708,1,335,1,,1,12000.00,0.00,12000.00
5000012750,1000010481,20250708,1,1071,1,,4,12000.00,0.00,48000.00
5000012751,1000010482,20250708,2,404,1,,1,15000.00,0.00,15000.00
5000012752,1000010483,20250709,1,2059,1,,2,12000.00,0.00,24000.00
5000012754,1000010485,20250709,2,3137,1,,4,15000.00,0.00,60000.00
5000012756,1000010487,20250709,1,1837,1,,1,12000.00,0.00,12000.00
5000012757,1000010487,20250709,2,1837,1,,3,15000.00,0.00,45000.00
5000012758,1000010488,20250709,1,969,1,,2,12000.00,0.00,24000.00
5000012760,1000010490,20250709,2,3138,1,,1,15000.00,0.00,15000.00
5000012761,1000010491,20250709,2,2516,1,,3,15000.00,0.00,45000.00
5000012763,1000010493,20250709,1,2116,1,,1,12000.00,0.00,12000.00
5000012764,1000010494,20250710,1,2183,1,,3,12000.00,0.00,36000.00
5000012765,1000010494,20250710,2,2183,1,,1,15000.00,0.00,15000.00
5000012766,1000010495,20250710,1,3139,1,,1,12000.00,0.00,12000.00
5000012767,1000010496,20250710,1,3140,1,,2,12000.00,0.00,24000.00
5000012768,1000010497,20250710,1,3142,1,,1,12000.00,0.00,12000.00
5000012771,1000010499,20250710,1,2786,1,,2,12000.00,0.00,24000.00
5000012772,1000010500,20250710,1,2396,1,,1,12000.00,0.00,12000.00
5000012774,1000010502,20250710,1,306,1,,3,12000.00,0.00,36000.00
5000012775,1000010502,20250710,2,306,1,,1,15000.00,0.00,15000.00
5000012776,1000010503,20250710,1,1411,1,,2,12000.00,0.00,24000.00
5000012777,1000010503,20250710,2,1411,1,,3,15000.00,0.00,45000.00
5000012783,1000010509,20250710,1,1907,1,,1,12000.00,0.00,12000.00
5000012784,1000010509,20250710,2,1907,1,,1,15000.00,0.00,15000.00
5000012785,1000010510,20250710,2,421,1,,1,15000.00,0.00,15000.00
5000012786,1000010511,20250710,2,2636,1,,1,15000.00,0.00,15000.00
5000012787,1000010512,20250710,1,3035,1,,1,12000.00,0.00,12000.00
5000012788,1000010512,20250710,2,3035,1,,1,15000.00,0.00,15000.00
5000012790,1000010514,20250711,1,3143,1,,1,12000.00,0.00,12000.00
5000012792,1000010516,20250711,1,2862,1,,1,12000.00,0.00,12000.00
5000012793,1000010516,20250711,2,2862,1,,1,15000.00,0.00,15000.00
5000012795,1000010518,20250711,1,3144,1,,4,12000.00,0.00,48000.00
5000012796,1000010519,20250711,2,2670,1,,1,15000.00,0.00,15000.00
5000012800,1000010523,20250711,1,3145,1,,2,12000.00,0.00,24000.00
5000012801,1000010524,20250711,1,3146,1,,2,12000.00,0.00,24000.00
5000012802,1000010525,20250711,1,2752,1,,2,12000.00,0.00,24000.00
5000012803,1000010526,20250711,1,1370,1,,2,12000.00,0.00,24000.00
5000012805,1000010528,20250711,1,1876,1,,2,12000.00,1200.00,22800.00
5000012806,1000010528,20250711,2,1876,1,,1,15000.00,750.00,14250.00
5000012807,1000010529,20250712,1,1360,1,,1,12000.00,0.00,12000.00
5000012808,1000010530,20250712,1,2489,1,,2,12000.00,0.00,24000.00
5000012809,1000010531,20250712,1,2583,1,,2,12000.00,0.00,24000.00
5000012810,1000010532,20250712,1,2300,1,,1,12000.00,0.00,12000.00
5000012811,1000010532,20250712,2,2300,1,,1,15000.00,0.00,15000.00
5000012820,1000010539,20250712,2,1135,1,,1,15000.00,0.00,15000.00
5000012822,1000010541,20250712,2,905,1,,3,15000.00,0.00,45000.00
5000012823,1000010542,20250712,1,344,1,,2,12000.00,0.00,24000.00
5000012827,1000010545,20250712,1,3148,1,,1,12000.00,0.00,12000.00
5000012828,1000010546,20250712,1,3149,1,,1,12000.00,0.00,12000.00
5000012829,1000010546,20250712,2,3149,1,,3,15000.00,0.00,45000.00
5000012830,1000010547,20250713,1,3150,1,,2,12000.00,1200.00,22800.00
5000012831,1000010548,20250713,1,3151,1,,3,12000.00,0.00,36000.00
5000012832,1000010548,20250713,2,3151,1,,1,15000.00,0.00,15000.00
5000012833,1000010549,20250713,1,3152,1,,3,12000.00,0.00,36000.00
5000012834,1000010550,20250713,1,3153,1,,3,12000.00,0.00,36000.00
5000012835,1000010550,20250713,2,3153,1,,1,15000.00,0.00,15000.00
5000012836,1000010551,20250713,1,1570,1,,1,12000.00,0.00,12000.00
5000012837,1000010551,20250713,2,1570,1,,3,15000.00,0.00,45000.00
5000012838,1000010552,20250713,1,2352,1,,1,12000.00,0.00,12000.00
5000012839,1000010553,20250713,1,3154,1,,1,12000.00,0.00,12000.00
5000012840,1000010553,20250713,2,3154,1,,1,15000.00,0.00,15000.00
5000012841,1000010554,20250713,1,1972,1,,1,12000.00,0.00,12000.00
5000012842,1000010554,20250713,2,1972,1,,2,15000.00,0.00,30000.00
5000012843,1000010555,20250713,1,2747,1,,15,12000.00,27000.00,153000.00
5000012844,1000010556,20250713,2,2051,1,,2,15000.00,0.00,30000.00
5000012845,1000010557,20250714,1,3155,1,,1,12000.00,0.00,12000.00
5000012848,1000010560,20250714,1,268,1,,1,12000.00,0.00,12000.00
5000012854,1000010565,20250714,1,2160,1,,4,12000.00,0.00,48000.00
5000012858,1000010568,20250714,1,2686,1,,2,12000.00,0.00,24000.00
5000012859,1000010568,20250714,2,2686,1,,3,15000.00,0.00,45000.00
5000012863,1000010571,20250714,1,1474,1,,1,12000.00,0.00,12000.00
5000012864,1000010572,20250714,1,1748,1,,1,12000.00,0.00,12000.00
5000012865,1000010573,20250714,1,1314,1,,2,12000.00,0.00,24000.00
5000012866,1000010574,20250714,1,2550,1,,1,12000.00,0.00,12000.00
5000012867,1000010575,20250715,2,213,1,,1,15000.00,750.00,14250.00
5000012868,1000010576,20250715,1,2111,1,,2,12000.00,0.00,24000.00
5000012869,1000010577,20250715,1,2380,1,,1,12000.00,0.00,12000.00
5000012870,1000010578,20250715,2,3158,1,,1,15000.00,0.00,15000.00
5000012875,1000010582,20250715,1,2437,1,,1,12000.00,0.00,12000.00
5000012878,1000010584,20250715,1,1716,1,,1,12000.00,600.00,11400.00
5000012881,1000010587,20250715,1,3160,1,,1,12000.00,0.00,12000.00
5000012882,1000010587,20250715,2,3160,1,,2,15000.00,0.00,30000.00
5000012883,1000010588,20250715,1,2690,1,,3,12000.00,0.00,36000.00
5000012884,1000010589,20250715,1,1683,1,,1,12000.00,600.00,11400.00
5000012885,1000010590,20250715,1,2928,1,,1,12000.00,0.00,12000.00
5000012886,1000010591,20250715,1,2193,1,,2,12000.00,0.00,24000.00
5000012887,1000010591,20250715,2,2193,1,,1,15000.00,0.00,15000.00
5000012888,1000010592,20250715,2,1016,1,,1,15000.00,0.00,15000.00
5000012889,1000010593,20250715,2,1118,1,,1,15000.00,0.00,15000.00
5000012890,1000010594,20250716,1,2156,1,,2,12000.00,0.00,24000.00
5000012891,1000010595,20250716,2,2086,1,,1,15000.00,0.00,15000.00
5000012895,1000010598,20250716,1,296,1,,1,12000.00,0.00,12000.00
5000012896,1000010599,20250716,2,2751,1,,2,15000.00,0.00,30000.00
5000012897,1000010600,20250716,1,2549,1,,1,12000.00,0.00,12000.00
5000012898,1000010600,20250716,2,2549,1,,1,15000.00,0.00,15000.00
5000012899,1000010601,20250716,1,2930,1,,1,12000.00,0.00,12000.00
5000012901,1000010603,20250716,1,2492,1,,2,12000.00,0.00,24000.00
5000012902,1000010604,20250717,1,1780,1,,1,12000.00,0.00,12000.00
5000012904,1000010606,20250717,2,1598,1,,1,15000.00,0.00,15000.00
5000012905,1000010607,20250717,1,2316,1,,1,12000.00,0.00,12000.00
5000012911,1000010611,20250717,1,1371,1,,2,12000.00,0.00,24000.00
5000012914,1000010613,20250717,1,1538,1,,1,12000.00,0.00,12000.00
5000012915,1000010613,20250717,2,1538,1,,1,15000.00,0.00,15000.00
5000012916,1000010614,20250717,2,2900,1,,2,15000.00,0.00,30000.00
5000012917,1000010615,20250717,1,74,1,,1,12000.00,0.00,12000.00
5000012918,1000010616,20250717,1,2328,1,,1,12000.00,0.00,12000.00
5000012919,1000010617,20250717,1,2138,1,,4,12000.00,0.00,48000.00
5000012920,1000010618,20250717,2,152,1,,1,15000.00,0.00,15000.00
5000012923,1000010621,20250717,1,1588,1,,3,12000.00,0.00,36000.00
5000012925,1000010623,20250717,1,1919,1,,1,12000.00,0.00,12000.00
5000012926,1000010623,20250717,2,1919,1,,2,15000.00,0.00,30000.00
5000012927,1000010624,20250717,1,3166,1,,2,12000.00,0.00,24000.00
5000012928,1000010625,20250717,1,1254,1,,1,12000.00,0.00,12000.00
5000012929,1000010626,20250718,2,2675,1,,1,15000.00,0.00,15000.00
5000012930,1000010627,20250718,1,2909,1,,1,12000.00,0.00,12000.00
5000012931,1000010628,20250718,1,3167,1,,2,12000.00,0.00,24000.00
5000012932,1000010628,20250718,2,3167,1,,1,15000.00,0.00,15000.00
5000012935,1000010631,20250718,1,2761,1,,14,12000.00,25200.00,142800.00
5000012936,1000010631,20250718,2,2761,1,,6,15000.00,13500.00,76500.00
5000012942,1000010636,20250718,2,3171,1,,3,15000.00,0.00,45000.00
5000012943,1000010637,20250718,2,952,1,,2,15000.00,0.00,30000.00
5000012944,1000010638,20250718,1,2691,1,,2,12000.00,0.00,24000.00
5000012945,1000010638,20250718,2,2691,1,,1,15000.00,0.00,15000.00
5000012946,1000010639,20250719,1,2580,1,,1,12000.00,0.00,12000.00
5000012948,1000010641,20250719,1,2172,1,,1,12000.00,0.00,12000.00
5000012950,1000010643,20250719,1,2728,1,,1,12000.00,0.00,12000.00
5000012961,1000010652,20250719,1,2005,1,,2,12000.00,0.00,24000.00
5000012962,1000010653,20250719,1,3174,1,,1,12000.00,0.00,12000.00
5000012963,1000010654,20250719,2,3175,1,,1,15000.00,0.00,15000.00
5000012964,1000010655,20250720,1,3176,1,,3,12000.00,0.00,36000.00
5000012965,1000010656,20250720,1,630,1,,2,12000.00,0.00,24000.00
5000012966,1000010656,20250720,2,630,1,,2,15000.00,0.00,30000.00
5000012967,1000010657,20250720,1,1941,1,,4,12000.00,0.00,48000.00
5000012968,1000010658,20250720,2,2209,1,,2,15000.00,0.00,30000.00
5000012969,1000010659,20250720,2,2476,1,,1,15000.00,0.00,15000.00
5000012970,1000010660,20250720,1,420,1,,1,12000.00,600.00,11400.00
5000012971,1000010661,20250720,1,3177,1,,1,12000.00,0.00,12000.00
5000012972,1000010662,20250720,2,3178,1,,1,15000.00,0.00,15000.00
5000012973,1000010663,20250720,1,30,1,,1,12000.00,0.00,12000.00
5000012974,1000010663,20250720,2,30,1,,2,15000.00,0.00,30000.00
5000012975,1000010664,20250721,2,1001,1,,2,15000.00,0.00,30000.00
5000012976,1000010665,20250721,1,1893,1,,2,12000.00,0.00,24000.00
5000012977,1000010666,20250721,1,3086,1,,1,12000.00,0.00,12000.00
5000012978,1000010667,20250721,1,1604,1,,1,12000.00,0.00,12000.00
5000012981,1000010670,20250721,1,1646,1,,2,12000.00,0.00,24000.00
5000012982,1000010671,20250721,2,1989,1,,1,15000.00,0.00,15000.00
5000012983,1000010672,20250721,1,1380,1,,3,12000.00,0.00,36000.00
5000012984,1000010672,20250721,2,1380,1,,1,15000.00,0.00,15000.00
5000012985,1000010673,20250721,1,3179,1,,1,12000.00,0.00,12000.00
5000012986,1000010674,20250721,1,3061,1,,2,12000.00,0.00,24000.00
5000012987,1000010675,20250721,1,1436,1,,2,12000.00,0.00,24000.00
5000012988,1000010676,20250721,2,108,1,,2,15000.00,0.00,30000.00
5000012989,1000010677,20250721,1,1813,1,,1,12000.00,0.00,12000.00
5000012990,1000010678,20250721,1,3180,1,,1,12000.00,0.00,12000.00
5000012991,1000010679,20250721,2,2336,1,,1,15000.00,0.00,15000.00
5000012992,1000010680,20250721,1,644,1,,2,12000.00,0.00,24000.00
5000012993,1000010681,20250721,1,2502,1,,2,12000.00,0.00,24000.00
5000012994,1000010682,20250721,1,2703,1,,1,12000.00,0.00,12000.00
5000012995,1000010683,20250721,1,3181,1,,1,12000.00,0.00,12000.00
5000012996,1000010684,20250721,1,2552,1,,9,12000.00,16200.00,91800.00
5000012997,1000010685,20250722,1,1225,1,,2,12000.00,0.00,24000.00
5000012998,1000010685,20250722,2,1225,1,,1,15000.00,0.00,15000.00
5000013000,1000010687,20250722,2,2993,1,,2,15000.00,0.00,30000.00
5000013007,1000010692,20250722,1,3183,1,,2,12000.00,0.00,24000.00
5000013008,1000010692,20250722,2,3183,1,,1,15000.00,0.00,15000.00
5000013011,1000010694,20250722,2,1753,1,,2,15000.00,0.00,30000.00
5000013012,1000010695,20250722,1,3184,1,,2,12000.00,0.00,24000.00
5000013013,1000010696,20250722,1,1179,1,,1,12000.00,0.00,12000.00
5000013014,1000010696,20250722,2,1179,1,,1,15000.00,0.00,15000.00
5000013015,1000010697,20250722,1,2134,1,,2,12000.00,1200.00,22800.00
5000013016,1000010697,20250722,2,2134,1,,1,15000.00,750.00,14250.00
5000013017,1000010698,20250723,2,2605,1,,1,15000.00,0.00,15000.00
5000013018,1000010699,20250723,2,3185,1,,2,15000.00,0.00,30000.00
5000013019,1000010700,20250723,1,2976,1,,1,12000.00,0.00,12000.00
5000013020,1000010701,20250723,2,1194,1,,4,15000.00,0.00,60000.00
5000013021,1000010702,20250723,1,543,1,,1,12000.00,0.00,12000.00
5000013022,1000010703,20250723,2,1946,1,,1,15000.00,0.00,15000.00
5000013025,1000010705,20250723,1,1872,1,,4,12000.00,0.00,48000.00
5000013026,1000010705,20250723,2,1872,1,,1,15000.00,0.00,15000.00
5000013027,1000010706,20250723,1,3186,1,,1,12000.00,0.00,12000.00
5000013028,1000010706,20250723,2,3186,1,,2,15000.00,0.00,30000.00
5000013034,1000010711,20250723,2,3188,1,,2,15000.00,0.00,30000.00
5000013036,1000010713,20250723,2,3189,1,,3,15000.00,0.00,45000.00
5000013037,1000010714,20250723,1,2812,1,,2,12000.00,0.00,24000.00
5000013041,1000010717,20250724,1,3190,1,,1,12000.00,0.00,12000.00
5000013042,1000010717,20250724,2,3190,1,,3,15000.00,0.00,45000.00
5000013043,1000010718,20250724,1,2875,1,,1,12000.00,0.00,12000.00
5000013044,1000010719,20250724,2,3158,1,,1,15000.00,0.00,15000.00
5000013047,1000010721,20250724,1,3191,1,,1,12000.00,0.00,12000.00
5000013048,1000010722,20250724,1,3098,1,,2,12000.00,0.00,24000.00
5000013053,1000010726,20250724,2,1949,1,,1,15000.00,0.00,15000.00
5000013054,1000010727,20250724,1,531,1,,1,12000.00,0.00,12000.00
5000013055,1000010728,20250725,1,1448,1,,1,12000.00,600.00,11400.00
5000013056,1000010729,20250725,1,1776,1,,1,12000.00,0.00,12000.00
5000013057,1000010729,20250725,2,1776,1,,4,15000.00,0.00,60000.00
5000013058,1000010730,20250725,1,1577,1,,1,12000.00,0.00,12000.00
5000013059,1000010730,20250725,2,1577,1,,1,15000.00,0.00,15000.00
5000013060,1000010731,20250725,1,1071,1,,4,12000.00,0.00,48000.00
5000013069,1000010739,20250725,1,3194,1,,1,12000.00,0.00,12000.00
5000013070,1000010740,20250725,2,3195,1,,1,15000.00,0.00,15000.00
5000013073,1000010742,20250725,1,1003,1,,1,12000.00,0.00,12000.00
5000013075,1000010744,20250725,2,3196,1,,1,15000.00,0.00,15000.00
5000013076,1000010745,20250725,1,2772,1,,1,12000.00,0.00,12000.00
5000013077,1000010746,20250726,1,2594,1,,1,12000.00,0.00,12000.00
5000013078,1000010747,20250726,1,944,1,,1,12000.00,0.00,12000.00
5000013083,1000010751,20250726,1,2111,1,,1,12000.00,0.00,12000.00
5000013089,1000010756,20250726,2,2823,1,,1,15000.00,0.00,15000.00
5000013091,1000010758,20250726,1,3062,1,,2,12000.00,0.00,24000.00
5000013094,1000010760,20250726,2,3198,1,,2,15000.00,0.00,30000.00
5000013095,1000010761,20250726,1,1808,1,,1,12000.00,0.00,12000.00
5000013096,1000010761,20250726,2,1808,1,,3,15000.00,0.00,45000.00
5000013097,1000010762,20250726,1,3199,1,,1,12000.00,0.00,12000.00
5000013098,1000010763,20250727,1,2286,1,,1,12000.00,0.00,12000.00
5000013099,1000010763,20250727,2,2286,1,,2,15000.00,0.00,30000.00
5000013100,1000010764,20250727,2,1957,1,,1,15000.00,0.00,15000.00
5000013101,1000010765,20250727,2,636,1,,2,15000.00,0.00,30000.00
5000013102,1000010766,20250727,1,2904,1,,3,12000.00,1800.00,34200.00
5000013103,1000010767,20250727,1,2771,1,,3,12000.00,1800.00,34200.00
5000013104,1000010767,20250727,2,2771,1,,1,15000.00,750.00,14250.00
5000013105,1000010768,20250727,1,1955,1,,1,12000.00,0.00,12000.00
5000013106,1000010769,20250727,2,1302,1,,2,15000.00,0.00,30000.00
5000013107,1000010770,20250727,1,997,1,,1,12000.00,0.00,12000.00
5000013108,1000010771,20250727,1,2364,1,,1,12000.00,0.00,12000.00
5000013109,1000010772,20250727,1,1437,1,,12,12000.00,21600.00,122400.00
5000013110,1000010772,20250727,2,1437,1,,11,15000.00,24750.00,140250.00
5000013111,1000010773,20250727,2,2836,1,,2,15000.00,0.00,30000.00
5000013112,1000010774,20250727,2,1842,1,,1,15000.00,0.00,15000.00
5000013113,1000010775,20250727,2,2901,1,,1,15000.00,0.00,15000.00
5000013114,1000010776,20250727,1,496,1,,1,12000.00,0.00,12000.00
5000013115,1000010777,20250728,1,2882,1,,1,12000.00,0.00,12000.00
5000013116,1000010778,20250728,1,2554,1,,2,12000.00,0.00,24000.00
5000013117,1000010779,20250728,1,2888,1,,1,12000.00,0.00,12000.00
5000013119,1000010781,20250728,2,1257,1,,2,15000.00,0.00,30000.00
5000013123,1000010784,20250728,1,2194,1,,4,12000.00,0.00,48000.00
5000013124,1000010785,20250728,2,3202,1,,2,15000.00,0.00,30000.00
5000013126,1000010787,20250728,1,125,1,,1,12000.00,0.00,12000.00
5000013133,1000010793,20250728,1,3206,1,,1,12000.00,0.00,12000.00
5000013134,1000010794,20250728,1,3207,1,,1,12000.00,600.00,11400.00
5000013141,1000010799,20250728,1,480,1,,2,12000.00,0.00,24000.00
5000013142,1000010799,20250728,2,480,1,,1,15000.00,0.00,15000.00
5000013143,1000010800,20250728,2,1707,1,,2,15000.00,0.00,30000.00
5000013144,1000010801,20250728,1,2230,1,,2,12000.00,0.00,24000.00
5000013145,1000010802,20250728,1,1285,1,,3,12000.00,0.00,36000.00
5000013146,1000010802,20250728,2,1285,1,,2,15000.00,0.00,30000.00
5000013147,1000010803,20250728,1,3056,1,,2,12000.00,0.00,24000.00
5000013148,1000010804,20250729,2,2983,1,,2,15000.00,0.00,30000.00
5000013149,1000010805,20250729,1,1207,1,,1,12000.00,0.00,12000.00
5000013150,1000010806,20250729,1,1637,1,,1,12000.00,600.00,11400.00
5000013151,1000010807,20250729,1,1824,1,,2,12000.00,0.00,24000.00
5000013152,1000010807,20250729,2,1824,1,,2,15000.00,0.00,30000.00
5000013156,1000010810,20250729,1,563,1,,1,12000.00,0.00,12000.00
5000013159,1000010813,20250729,2,3210,1,,2,15000.00,0.00,30000.00
5000013160,1000010814,20250729,1,1815,1,,1,12000.00,0.00,12000.00
5000013161,1000010814,20250729,2,1815,1,,2,15000.00,0.00,30000.00
5000013162,1000010815,20250729,1,2974,1,,1,12000.00,0.00,12000.00
5000013163,1000010816,20250730,1,2526,1,,1,12000.00,0.00,12000.00
5000013165,1000010818,20250730,1,3212,1,,2,12000.00,0.00,24000.00
5000013166,1000010819,20250730,1,514,1,,1,12000.00,600.00,11400.00
5000013173,1000010824,20250731,1,3214,1,,2,12000.00,0.00,24000.00
5000013176,1000010827,20250731,1,1847,1,,2,12000.00,0.00,24000.00
5000013177,1000010827,20250731,2,1847,1,,2,15000.00,0.00,30000.00
5000013181,1000010831,20250731,1,2135,1,,1,12000.00,0.00,12000.00
5000013182,1000010831,20250731,2,2135,1,,3,15000.00,0.00,45000.00
5000013183,1000010832,20250731,1,3216,1,,1,12000.00,0.00,12000.00
5000013184,1000010833,20250731,2,369,1,,2,15000.00,1500.00,28500.00
5000013185,1000010834,20250731,2,703,1,,1,15000.00,0.00,15000.00
5000013186,1000010835,20250801,1,1429,1,,4,12000.00,0.00,48000.00
5000013189,1000010838,20250801,1,2841,1,,2,12000.00,0.00,24000.00
5000013190,1000010839,20250801,2,3121,1,,2,15000.00,0.00,30000.00
5000013191,1000010840,20250801,2,1465,1,,1,15000.00,0.00,15000.00
5000013192,1000010841,20250801,1,697,1,,1,12000.00,0.00,12000.00
5000013194,1000010843,20250801,2,2968,1,,1,15000.00,0.00,15000.00
5000013199,1000010847,20250801,2,3064,1,,2,15000.00,0.00,30000.00
5000013202,1000010850,20250801,1,69,1,,1,12000.00,0.00,12000.00
5000013203,1000010850,20250801,2,69,1,,1,15000.00,0.00,15000.00
5000013204,1000010851,20250801,2,3110,1,,3,15000.00,0.00,45000.00
5000013205,1000010852,20250801,1,3218,1,,2,12000.00,0.00,24000.00
5000013206,1000010853,20250801,1,2338,1,,2,12000.00,0.00,24000.00
5000013214,1000010860,20250802,1,3054,1,,2,12000.00,0.00,24000.00
5000013215,1000010860,20250802,2,3054,1,,1,15000.00,0.00,15000.00
5000013218,1000010862,20250802,1,2015,1,,1,12000.00,0.00,12000.00
5000013223,1000010866,20250802,1,1819,1,,1,12000.00,0.00,12000.00
5000013224,1000010867,20250802,1,553,1,,1,12000.00,0.00,12000.00
5000013225,1000010868,20250802,1,2819,1,,4,12000.00,0.00,48000.00
5000013226,1000010869,20250803,2,473,1,,1,15000.00,0.00,15000.00
5000013227,1000010870,20250803,1,3221,1,,2,12000.00,0.00,24000.00
5000013228,1000010870,20250803,2,3221,1,,2,15000.00,0.00,30000.00
5000013229,1000010871,20250803,2,2491,1,,3,15000.00,0.00,45000.00
5000013230,1000010872,20250803,2,1594,1,,3,15000.00,0.00,45000.00
5000013231,1000010873,20250803,1,2457,1,,1,12000.00,0.00,12000.00
5000013232,1000010873,20250803,2,2457,1,,2,15000.00,0.00,30000.00
5000013233,1000010874,20250803,1,3222,1,,4,12000.00,0.00,48000.00
5000013234,1000010875,20250803,1,3223,1,,3,12000.00,0.00,36000.00
5000013235,1000010876,20250803,1,2361,1,,4,12000.00,0.00,48000.00
5000013236,1000010877,20250803,1,2575,1,,2,12000.00,0.00,24000.00
5000013237,1000010877,20250803,2,2575,1,,3,15000.00,0.00,45000.00
5000013238,1000010878,20250803,2,368,1,,1,15000.00,0.00,15000.00
5000013239,1000010879,20250803,1,3224,1,,1,12000.00,0.00,12000.00
5000013240,1000010880,20250803,2,3115,1,,1,15000.00,0.00,15000.00
5000013241,1000010881,20250804,1,2502,1,,1,12000.00,0.00,12000.00
5000013242,1000010882,20250804,1,3114,1,,2,12000.00,0.00,24000.00
5000013243,1000010883,20250804,1,2105,1,,2,12000.00,0.00,24000.00
5000013244,1000010884,20250804,1,2930,1,,1,12000.00,0.00,12000.00
5000013245,1000010884,20250804,2,2930,1,,2,15000.00,0.00,30000.00
5000013247,1000010886,20250804,2,3225,1,,1,15000.00,0.00,15000.00
5000013249,1000010888,20250804,1,1705,1,,3,12000.00,0.00,36000.00
5000013250,1000010889,20250804,1,783,1,,1,12000.00,0.00,12000.00
5000013251,1000010890,20250804,1,1926,1,,1,12000.00,0.00,12000.00
5000013252,1000010891,20250804,1,338,1,,2,12000.00,0.00,24000.00
5000013263,1000010899,20250804,1,3227,1,,1,12000.00,0.00,12000.00
5000013265,1000010901,20250804,1,3229,1,,1,12000.00,0.00,12000.00
5000013266,1000010901,20250804,2,3229,1,,1,15000.00,0.00,15000.00
5000013267,1000010902,20250804,1,2352,1,,3,12000.00,0.00,36000.00
5000013268,1000010903,20250804,1,2992,1,,1,12000.00,0.00,12000.00
5000013269,1000010904,20250804,1,3230,1,,2,12000.00,0.00,24000.00
5000013270,1000010904,20250804,2,3230,1,,3,15000.00,0.00,45000.00
5000013271,1000010905,20250804,1,2634,1,,1,12000.00,0.00,12000.00
5000013272,1000010906,20250804,1,3231,1,,1,12000.00,0.00,12000.00
5000013273,1000010907,20250804,1,1253,1,,1,12000.00,600.00,11400.00
5000013274,1000010907,20250804,2,1253,1,,2,15000.00,1500.00,28500.00
5000013275,1000010908,20250805,2,2449,1,,1,15000.00,0.00,15000.00
5000013278,1000010910,20250805,1,3232,1,,1,12000.00,0.00,12000.00
5000013279,1000010910,20250805,2,3232,1,,1,15000.00,0.00,15000.00
5000013285,1000010915,20250805,1,2342,1,,1,12000.00,0.00,12000.00
5000013286,1000010916,20250805,2,215,1,,1,15000.00,0.00,15000.00
5000013287,1000010917,20250805,1,2293,1,,1,12000.00,0.00,12000.00
5000013288,1000010918,20250805,1,3234,1,,3,12000.00,0.00,36000.00
5000013289,1000010918,20250805,2,3234,1,,1,15000.00,0.00,15000.00
5000013291,1000010920,20250805,2,870,1,,1,15000.00,750.00,14250.00
5000013293,1000010922,20250805,2,3235,1,,1,15000.00,0.00,15000.00
5000013294,1000010923,20250806,1,3236,1,,1,12000.00,0.00,12000.00
5000013295,1000010924,20250806,2,3238,1,,1,15000.00,0.00,15000.00
5000013298,1000010927,20250806,2,3239,1,,3,15000.00,0.00,45000.00
5000013299,1000010928,20250806,1,2761,1,,2,12000.00,0.00,24000.00
5000013300,1000010928,20250806,2,2761,1,,3,15000.00,0.00,45000.00
5000013301,1000010929,20250806,1,2260,1,,13,12000.00,23400.00,132600.00
5000013302,1000010929,20250806,2,2260,1,,15,15000.00,33750.00,191250.00
5000013303,1000010930,20250806,2,1409,1,,1,15000.00,0.00,15000.00
5000013304,1000010931,20250806,2,2179,1,,1,15000.00,0.00,15000.00
5000013305,1000010932,20250806,1,1905,1,,1,12000.00,0.00,12000.00
5000013306,1000010933,20250806,1,222,1,,2,12000.00,0.00,24000.00
5000013307,1000010933,20250806,2,222,1,,1,15000.00,0.00,15000.00
5000013309,1000010935,20250806,2,2576,1,,1,15000.00,0.00,15000.00
5000013311,1000010937,20250806,2,517,1,,1,15000.00,0.00,15000.00
5000013314,1000010939,20250806,2,3241,1,,2,15000.00,0.00,30000.00
5000013315,1000010940,20250806,2,1549,1,,2,15000.00,0.00,30000.00
5000013316,1000010941,20250806,1,579,1,,3,12000.00,0.00,36000.00
5000013317,1000010942,20250806,2,2900,1,,2,15000.00,1500.00,28500.00
5000013318,1000010943,20250806,1,3242,1,,2,12000.00,0.00,24000.00
5000013319,1000010944,20250806,2,1592,1,,3,15000.00,0.00,45000.00
5000013320,1000010945,20250807,1,2308,1,,1,12000.00,0.00,12000.00
5000013321,1000010946,20250807,1,2080,1,,2,12000.00,0.00,24000.00
5000013322,1000010946,20250807,2,2080,1,,2,15000.00,0.00,30000.00
5000013325,1000010949,20250807,2,2330,1,,1,15000.00,0.00,15000.00
5000013329,1000010953,20250807,1,1810,1,,2,12000.00,0.00,24000.00
5000013330,1000010953,20250807,2,1810,1,,1,15000.00,0.00,15000.00
5000013331,1000010954,20250807,2,332,1,,2,15000.00,0.00,30000.00
5000013333,1000010956,20250807,2,1892,1,,1,15000.00,0.00,15000.00
5000013334,1000010957,20250807,1,70,1,,1,12000.00,0.00,12000.00
5000013335,1000010957,20250807,2,70,1,,1,15000.00,0.00,15000.00
5000013336,1000010958,20250807,1,2960,1,,1,12000.00,0.00,12000.00
5000013337,1000010958,20250807,2,2960,1,,2,15000.00,0.00,30000.00
5000013340,1000010960,20250807,1,2372,1,,1,12000.00,0.00,12000.00
5000013341,1000010961,20250807,1,740,1,,2,12000.00,0.00,24000.00
5000013342,1000010961,20250807,2,740,1,,1,15000.00,0.00,15000.00
5000013343,1000010962,20250807,2,3246,1,,1,15000.00,0.00,15000.00
5000013345,1000010964,20250807,1,836,1,,2,12000.00,0.00,24000.00
5000013346,1000010964,20250807,2,836,1,,4,15000.00,0.00,60000.00
5000013347,1000010965,20250807,2,2840,1,,1,15000.00,0.00,15000.00
5000013348,1000010966,20250807,1,3248,1,,1,12000.00,0.00,12000.00
5000013349,1000010966,20250807,2,3248,1,,2,15000.00,0.00,30000.00
5000013352,1000010969,20250808,2,2776,1,,2,15000.00,0.00,30000.00
5000013353,1000010970,20250808,2,3037,1,,1,15000.00,0.00,15000.00
5000013354,1000010971,20250808,1,112,1,,4,12000.00,0.00,48000.00
5000013355,1000010971,20250808,2,112,1,,3,15000.00,0.00,45000.00
5000013357,1000010973,20250808,1,1486,1,,1,12000.00,0.00,12000.00
5000013360,1000010976,20250808,1,2691,1,,1,12000.00,0.00,12000.00
5000013361,1000010976,20250808,2,2691,1,,3,15000.00,0.00,45000.00
5000013362,1000010977,20250808,1,1328,1,,1,12000.00,0.00,12000.00
5000013364,1000010979,20250808,1,2747,1,,1,12000.00,0.00,12000.00
5000013367,1000010982,20250808,2,3046,1,,2,15000.00,0.00,30000.00
5000013368,1000010983,20250808,1,3249,1,,3,12000.00,0.00,36000.00
5000013369,1000010984,20250808,1,3177,1,,2,12000.00,0.00,24000.00
5000013370,1000010985,20250809,1,3250,1,,1,12000.00,0.00,12000.00
5000013372,1000010987,20250809,1,1350,1,,1,12000.00,0.00,12000.00
5000013384,1000010996,20250809,2,2682,1,,1,15000.00,0.00,15000.00
5000013386,1000010998,20250809,1,1772,1,,1,12000.00,0.00,12000.00
5000013388,1000011000,20250809,1,2795,1,,1,12000.00,0.00,12000.00
5000013389,1000011000,20250809,2,2795,1,,1,15000.00,0.00,15000.00
5000013390,1000011001,20250809,1,2019,1,,1,12000.00,0.00,12000.00
5000013391,1000011002,20250809,1,1012,1,,1,12000.00,0.00,12000.00
5000013392,1000011002,20250809,2,1012,1,,2,15000.00,0.00,30000.00
5000013393,1000011003,20250810,2,328,1,,2,15000.00,0.00,30000.00
5000013394,1000011004,20250810,2,831,1,,1,15000.00,0.00,15000.00
5000013395,1000011005,20250810,1,3023,1,,3,12000.00,0.00,36000.00
5000013396,1000011006,20250810,2,2360,1,,1,15000.00,0.00,15000.00
5000013397,1000011007,20250810,1,2109,1,,1,12000.00,0.00,12000.00
5000013398,1000011007,20250810,2,2109,1,,4,15000.00,0.00,60000.00
5000013399,1000011008,20250810,1,3253,1,,1,12000.00,0.00,12000.00
5000013400,1000011009,20250810,2,3252,1,,3,15000.00,0.00,45000.00
5000013401,1000011010,20250810,1,1387,1,,1,12000.00,0.00,12000.00
5000013402,1000011010,20250810,2,1387,1,,1,15000.00,0.00,15000.00
5000013403,1000011011,20250810,2,3254,1,,1,15000.00,0.00,15000.00
5000013404,1000011012,20250810,1,1182,1,,4,12000.00,2400.00,45600.00
5000013405,1000011013,20250810,1,1607,1,,3,12000.00,0.00,36000.00
5000013406,1000011014,20250810,1,3255,1,,3,12000.00,0.00,36000.00
5000013407,1000011015,20250810,1,3257,1,,1,12000.00,0.00,12000.00
5000013408,1000011016,20250810,1,3256,1,,1,12000.00,0.00,12000.00
5000013409,1000011017,20250810,2,3258,1,,1,15000.00,0.00,15000.00
5000013410,1000011018,20250810,2,2087,1,,1,15000.00,0.00,15000.00
5000013411,1000011019,20250810,1,1493,1,,1,12000.00,0.00,12000.00
5000013412,1000011020,20250810,1,3259,1,,3,12000.00,0.00,36000.00
5000013413,1000011021,20250810,2,300,1,,2,15000.00,0.00,30000.00
5000013414,1000011022,20250811,1,3260,1,,2,12000.00,0.00,24000.00
5000013415,1000011022,20250811,2,3260,1,,1,15000.00,0.00,15000.00
5000013416,1000011023,20250811,1,2778,1,,1,12000.00,0.00,12000.00
5000013417,1000011024,20250811,1,1734,1,,1,12000.00,0.00,12000.00
5000013418,1000011024,20250811,2,1734,1,,1,15000.00,0.00,15000.00
5000013420,1000011026,20250811,2,1909,1,,1,15000.00,750.00,14250.00
5000013424,1000011029,20250811,1,3005,1,,2,12000.00,0.00,24000.00
5000013425,1000011030,20250811,2,3261,1,,2,15000.00,0.00,30000.00
5000013426,1000011031,20250811,1,2955,1,,2,12000.00,0.00,24000.00
5000013427,1000011032,20250811,1,1957,1,,4,12000.00,0.00,48000.00
5000013428,1000011033,20250811,1,2270,1,,1,12000.00,0.00,12000.00
5000013429,1000011034,20250811,1,1941,1,,1,12000.00,0.00,12000.00
5000013431,1000011036,20250811,1,3262,1,,1,12000.00,0.00,12000.00
5000013432,1000011037,20250811,2,1077,1,,1,15000.00,0.00,15000.00
5000013433,1000011038,20250811,1,2226,1,,2,12000.00,0.00,24000.00
5000013434,1000011039,20250811,1,632,1,,2,12000.00,0.00,24000.00
5000013435,1000011040,20250811,1,3263,1,,3,12000.00,0.00,36000.00
5000013436,1000011041,20250811,1,1385,1,,2,12000.00,0.00,24000.00
5000013437,1000011042,20250812,1,1966,1,,1,12000.00,0.00,12000.00
5000013438,1000011043,20250812,1,1927,1,,4,12000.00,0.00,48000.00
5000013439,1000011043,20250812,2,1927,1,,4,15000.00,0.00,60000.00
5000013440,1000011044,20250812,1,3264,1,,1,12000.00,0.00,12000.00
5000013441,1000011044,20250812,2,3264,1,,2,15000.00,0.00,30000.00
5000013442,1000011045,20250812,2,2521,1,,3,15000.00,4500.00,40500.00
5000013445,1000011047,20250812,1,2235,1,,1,12000.00,0.00,12000.00
5000013446,1000011048,20250812,1,2341,1,,1,12000.00,0.00,12000.00
5000013447,1000011049,20250812,1,3266,1,,3,12000.00,0.00,36000.00
5000013448,1000011049,20250812,2,3266,1,,1,15000.00,0.00,15000.00
5000013449,1000011050,20250812,1,1864,1,,2,12000.00,2400.00,21600.00
5000013451,1000011052,20250812,1,967,1,,3,12000.00,0.00,36000.00
5000013452,1000011052,20250812,2,967,1,,2,15000.00,0.00,30000.00
5000013453,1000011053,20250812,1,3267,1,,1,12000.00,0.00,12000.00
5000013454,1000011054,20250812,2,73,1,,1,15000.00,0.00,15000.00
5000013455,1000011055,20250812,1,3011,1,,1,12000.00,1200.00,10800.00
5000013456,1000011055,20250812,2,3011,1,,1,15000.00,1500.00,13500.00
5000013459,1000011057,20250812,1,1415,1,,1,12000.00,0.00,12000.00
5000013460,1000011057,20250812,2,1415,1,,2,15000.00,0.00,30000.00
5000013467,1000011064,20250812,2,3268,1,,3,15000.00,0.00,45000.00
5000013468,1000011065,20250812,1,1821,1,,1,12000.00,0.00,12000.00
5000013469,1000011065,20250812,2,1821,1,,1,15000.00,0.00,15000.00
5000013470,1000011066,20250812,1,2964,1,,1,12000.00,0.00,12000.00
5000013472,1000011068,20250812,1,420,1,,1,12000.00,0.00,12000.00
5000013473,1000011068,20250812,2,420,1,,2,15000.00,0.00,30000.00
5000013474,1000011069,20250812,1,2932,1,,1,12000.00,1200.00,10800.00
5000013475,1000011070,20250812,1,3269,1,,1,12000.00,1200.00,10800.00
5000013476,1000011070,20250812,2,3269,1,,1,15000.00,1500.00,13500.00
5000013477,1000011071,20250812,1,2332,1,,2,12000.00,2400.00,21600.00
5000013478,1000011072,20250812,1,2468,1,,2,12000.00,0.00,24000.00
5000013479,1000011073,20250813,1,1847,1,,1,12000.00,0.00,12000.00
5000013480,1000011074,20250813,1,2848,1,,2,12000.00,0.00,24000.00
5000013484,1000011077,20250813,1,2760,1,,1,12000.00,0.00,12000.00
5000013485,1000011078,20250813,1,3042,1,,3,12000.00,0.00,36000.00
5000013486,1000011079,20250813,1,3270,1,,3,12000.00,0.00,36000.00
5000013488,1000011081,20250813,2,2243,1,,8,15000.00,18000.00,102000.00
5000013489,1000011082,20250813,1,2525,1,,2,12000.00,0.00,24000.00
5000013490,1000011082,20250813,2,2525,1,,1,15000.00,0.00,15000.00
5000013496,1000011087,20250813,1,2658,1,,2,12000.00,0.00,24000.00
5000013497,1000011087,20250813,2,2658,1,,2,15000.00,0.00,30000.00
5000013498,1000011088,20250813,1,3016,1,,1,12000.00,0.00,12000.00
5000013499,1000011088,20250813,2,3016,1,,1,15000.00,0.00,15000.00
5000013501,1000011090,20250813,1,2402,1,,3,12000.00,0.00,36000.00
5000013502,1000011090,20250813,2,2402,1,,2,15000.00,0.00,30000.00
5000013503,1000011091,20250813,1,3273,1,,1,12000.00,0.00,12000.00
5000013504,1000011092,20250813,1,185,1,,2,12000.00,0.00,24000.00
5000013505,1000011092,20250813,2,185,1,,4,15000.00,0.00,60000.00
5000013506,1000011093,20250813,1,1534,1,,1,12000.00,0.00,12000.00
5000013507,1000011094,20250813,1,2814,1,,1,12000.00,0.00,12000.00
5000013508,1000011095,20250813,1,2554,1,,2,12000.00,0.00,24000.00
5000013509,1000011096,20250814,1,1269,1,,4,12000.00,0.00,48000.00
5000013510,1000011097,20250814,1,1043,1,,1,12000.00,0.00,12000.00
5000013511,1000011098,20250814,2,3274,1,,1,15000.00,0.00,15000.00
5000013512,1000011099,20250814,1,3275,1,,4,12000.00,0.00,48000.00
5000013513,1000011100,20250814,1,3276,1,,2,12000.00,0.00,24000.00
5000013514,1000011100,20250814,2,3276,1,,2,15000.00,0.00,30000.00
5000013516,1000011102,20250814,1,1509,1,,1,12000.00,0.00,12000.00
5000013517,1000011102,20250814,2,1509,1,,1,15000.00,0.00,15000.00
5000013518,1000011103,20250814,1,895,1,,1,12000.00,0.00,12000.00
5000013522,1000011107,20250814,1,3277,1,,4,12000.00,0.00,48000.00
5000013523,1000011107,20250814,2,3277,1,,1,15000.00,0.00,15000.00
5000013524,1000011108,20250814,1,2163,1,,2,12000.00,0.00,24000.00
5000013525,1000011108,20250814,2,2163,1,,1,15000.00,0.00,15000.00
5000013527,1000011110,20250814,1,3278,1,,1,12000.00,0.00,12000.00
5000013528,1000011111,20250814,1,1622,1,,1,12000.00,0.00,12000.00
5000013529,1000011111,20250814,2,1622,1,,1,15000.00,0.00,15000.00
5000013530,1000011112,20250814,2,2113,1,,2,15000.00,0.00,30000.00
5000013535,1000011116,20250814,2,3026,1,,1,15000.00,0.00,15000.00
5000013536,1000011117,20250814,1,1305,1,,4,12000.00,0.00,48000.00
5000013537,1000011118,20250815,1,1654,1,,1,12000.00,0.00,12000.00
5000013538,1000011119,20250815,1,715,1,,1,12000.00,0.00,12000.00
5000013539,1000011120,20250815,1,3050,1,,1,12000.00,0.00,12000.00
5000013540,1000011121,20250815,1,1993,1,,1,12000.00,0.00,12000.00
5000013549,1000011128,20250815,1,852,1,,1,12000.00,0.00,12000.00
5000013550,1000011129,20250815,1,2528,1,,4,12000.00,0.00,48000.00
5000013551,1000011130,20250815,1,2059,1,,1,12000.00,0.00,12000.00
5000013552,1000011130,20250815,2,2059,1,,2,15000.00,0.00,30000.00
5000013553,1000011131,20250815,1,572,1,,2,12000.00,0.00,24000.00
5000013554,1000011132,20250815,2,3280,1,,1,15000.00,0.00,15000.00
5000013556,1000011134,20250815,1,2713,1,,3,12000.00,0.00,36000.00
5000013557,1000011135,20250815,1,1555,1,,1,12000.00,0.00,12000.00
5000013558,1000011135,20250815,2,1555,1,,1,15000.00,0.00,15000.00
5000013559,1000011136,20250815,1,1633,1,,2,12000.00,0.00,24000.00
5000013562,1000011139,20250815,1,2950,1,,1,12000.00,0.00,12000.00
5000013563,1000011140,20250815,1,2306,1,,1,12000.00,0.00,12000.00
5000013564,1000011141,20250815,2,3282,1,,1,15000.00,0.00,15000.00
5000013566,1000011143,20250816,1,2516,1,,3,12000.00,0.00,36000.00
5000013567,1000011143,20250816,2,2516,1,,2,15000.00,0.00,30000.00
5000013583,1000011155,20250816,1,2519,1,,1,12000.00,0.00,12000.00
5000013584,1000011155,20250816,2,2519,1,,1,15000.00,0.00,15000.00
5000013588,1000011158,20250816,1,3287,1,,1,12000.00,600.00,11400.00
5000013591,1000011161,20250816,1,1732,1,,1,12000.00,0.00,12000.00
5000013594,1000011163,20250816,1,2322,1,,1,12000.00,0.00,12000.00
5000013595,1000011163,20250816,2,2322,1,,3,15000.00,0.00,45000.00
5000013597,1000011165,20250816,1,2194,1,,1,12000.00,0.00,12000.00
5000013598,1000011166,20250816,2,3289,1,,4,15000.00,0.00,60000.00
5000013599,1000011167,20250816,1,1188,1,,1,12000.00,0.00,12000.00
5000013600,1000011167,20250816,2,1188,1,,1,15000.00,0.00,15000.00
5000013601,1000011168,20250817,1,1360,1,,1,12000.00,0.00,12000.00
5000013602,1000011169,20250817,2,89,1,,1,15000.00,0.00,15000.00
5000013603,1000011170,20250817,1,3290,1,,1,12000.00,0.00,12000.00
5000013604,1000011170,20250817,2,3290,1,,2,15000.00,0.00,30000.00
5000013605,1000011171,20250817,1,1095,1,,2,12000.00,0.00,24000.00
5000013606,1000011171,20250817,2,1095,1,,1,15000.00,0.00,15000.00
5000013607,1000011172,20250817,1,922,1,,1,12000.00,0.00,12000.00
5000013608,1000011173,20250817,1,3291,1,,2,12000.00,0.00,24000.00
5000013609,1000011174,20250817,2,3292,1,,2,15000.00,0.00,30000.00
5000013610,1000011175,20250817,2,3150,1,,1,15000.00,0.00,15000.00
5000013611,1000011176,20250817,1,1557,1,,1,12000.00,0.00,12000.00
5000013612,1000011177,20250817,1,2899,1,,1,12000.00,0.00,12000.00
5000013613,1000011178,20250817,2,1802,1,,1,15000.00,0.00,15000.00
5000013614,1000011179,20250817,1,2594,1,,2,12000.00,1200.00,22800.00
5000013615,1000011179,20250817,2,2594,1,,1,15000.00,750.00,14250.00
5000013616,1000011180,20250817,1,2667,1,,2,12000.00,0.00,24000.00
5000013617,1000011181,20250818,1,1371,1,,1,12000.00,0.00,12000.00
5000013618,1000011182,20250818,2,1370,1,,1,15000.00,0.00,15000.00
5000013619,1000011183,20250818,1,2879,1,,2,12000.00,0.00,24000.00
5000013620,1000011184,20250818,1,2583,1,,1,12000.00,0.00,12000.00
5000013621,1000011185,20250818,1,58,1,,3,12000.00,0.00,36000.00
5000013626,1000011188,20250818,2,2050,1,,4,15000.00,0.00,60000.00
5000013627,1000011189,20250818,2,2933,1,,1,15000.00,0.00,15000.00
5000013628,1000011190,20250818,1,2906,1,,1,12000.00,0.00,12000.00
5000013629,1000011191,20250818,1,2887,1,,2,12000.00,0.00,24000.00
5000013630,1000011192,20250818,1,3294,1,,1,12000.00,0.00,12000.00
5000013631,1000011193,20250818,1,3293,1,,1,12000.00,0.00,12000.00
5000013632,1000011193,20250818,2,3293,1,,1,15000.00,0.00,15000.00
5000013633,1000011194,20250818,1,1314,1,,1,12000.00,0.00,12000.00
5000013634,1000011194,20250818,2,1314,1,,1,15000.00,0.00,15000.00
5000013635,1000011195,20250818,1,3297,1,,2,12000.00,0.00,24000.00
5000013636,1000011196,20250818,1,3296,1,,2,12000.00,0.00,24000.00
5000013637,1000011197,20250818,2,3298,1,,1,15000.00,750.00,14250.00
5000013638,1000011198,20250818,1,3299,1,,1,12000.00,0.00,12000.00
5000013639,1000011198,20250818,2,3299,1,,1,15000.00,0.00,15000.00
5000013640,1000011199,20250819,1,2638,1,,1,12000.00,0.00,12000.00
5000013641,1000011200,20250819,2,411,1,,1,15000.00,0.00,15000.00
5000013642,1000011201,20250819,1,2755,1,,1,12000.00,0.00,12000.00
5000013643,1000011202,20250819,1,1855,1,,2,12000.00,0.00,24000.00
5000013644,1000011202,20250819,2,1855,1,,2,15000.00,0.00,30000.00
5000013646,1000011204,20250819,1,2053,1,,1,12000.00,0.00,12000.00
5000013647,1000011205,20250819,1,3300,1,,2,12000.00,0.00,24000.00
5000013649,1000011207,20250819,2,1538,1,,3,15000.00,0.00,45000.00
5000013652,1000011210,20250819,1,2613,1,,4,12000.00,0.00,48000.00
5000013653,1000011211,20250819,1,1667,1,,2,12000.00,1200.00,22800.00
5000013654,1000011211,20250819,2,1667,1,,3,15000.00,2250.00,42750.00
5000013659,1000011215,20250819,1,3302,1,,1,12000.00,0.00,12000.00
5000013660,1000011216,20250819,1,2864,1,,1,12000.00,0.00,12000.00
5000013661,1000011216,20250819,2,2864,1,,4,15000.00,0.00,60000.00
5000013664,1000011218,20250819,1,1735,1,,1,12000.00,0.00,12000.00
5000013665,1000011218,20250819,2,1735,1,,1,15000.00,0.00,15000.00
5000013666,1000011219,20250819,1,1539,1,,1,12000.00,600.00,11400.00
5000013667,1000011219,20250819,2,1539,1,,1,15000.00,750.00,14250.00
5000013668,1000011220,20250819,1,2553,1,,1,12000.00,0.00,12000.00
5000013669,1000011221,20250820,2,543,1,,2,15000.00,0.00,30000.00
5000013670,1000011222,20250820,1,3303,1,,1,12000.00,0.00,12000.00
5000013671,1000011223,20250820,1,3304,1,,4,12000.00,0.00,48000.00
5000013674,1000011226,20250820,1,1313,1,,1,12000.00,0.00,12000.00
5000013675,1000011226,20250820,2,1313,1,,1,15000.00,0.00,15000.00
5000013676,1000011227,20250820,1,1255,1,,1,12000.00,0.00,12000.00
5000013677,1000011227,20250820,2,1255,1,,2,15000.00,0.00,30000.00
5000013678,1000011228,20250820,1,1512,1,,1,12000.00,0.00,12000.00
5000013682,1000011231,20250820,1,308,1,,1,12000.00,0.00,12000.00
5000013683,1000011232,20250820,1,2908,1,,1,12000.00,0.00,12000.00
5000013684,1000011233,20250820,1,18,1,,3,12000.00,0.00,36000.00
5000013685,1000011234,20250820,1,2404,1,,1,12000.00,0.00,12000.00
5000013686,1000011235,20250820,1,3136,1,,2,12000.00,0.00,24000.00
5000013687,1000011235,20250820,2,3136,1,,1,15000.00,0.00,15000.00
5000013688,1000011236,20250820,1,1756,1,,1,12000.00,0.00,12000.00
5000013693,1000011240,20250820,1,2494,1,,1,12000.00,0.00,12000.00
5000013694,1000011241,20250821,1,3306,1,,2,12000.00,0.00,24000.00
5000013695,1000011241,20250821,2,3306,1,,1,15000.00,0.00,15000.00
5000013696,1000011242,20250821,1,1468,1,,1,12000.00,0.00,12000.00
5000013697,1000011243,20250821,1,2803,1,,3,12000.00,0.00,36000.00
5000013698,1000011244,20250821,1,3307,1,,1,12000.00,0.00,12000.00
5000013700,1000011246,20250821,1,3308,1,,2,12000.00,0.00,24000.00
5000013701,1000011247,20250821,2,2510,1,,3,15000.00,0.00,45000.00
5000013703,1000011249,20250821,1,3309,1,,1,12000.00,0.00,12000.00
5000013704,1000011250,20250821,2,2337,1,,3,15000.00,0.00,45000.00
5000013708,1000011254,20250821,1,3227,1,,1,12000.00,0.00,12000.00
5000013709,1000011255,20250821,2,3148,1,,1,15000.00,0.00,15000.00
5000013710,1000011256,20250821,1,2815,1,,1,12000.00,0.00,12000.00
5000013712,1000011258,20250821,1,2023,1,,1,12000.00,0.00,12000.00
5000013713,1000011259,20250821,2,1815,1,,1,15000.00,0.00,15000.00
5000013716,1000011262,20250821,1,1679,1,,1,12000.00,0.00,12000.00
5000013717,1000011263,20250822,1,1780,1,,1,12000.00,0.00,12000.00
5000013718,1000011264,20250822,2,2480,1,,1,15000.00,0.00,15000.00
5000013719,1000011265,20250822,1,2584,1,,2,12000.00,0.00,24000.00
5000013720,1000011265,20250822,2,2584,1,,2,15000.00,0.00,30000.00
5000013721,1000011266,20250822,1,1652,1,,1,12000.00,0.00,12000.00
5000013722,1000011266,20250822,2,1652,1,,2,15000.00,0.00,30000.00
5000013723,1000011267,20250822,2,3028,1,,2,15000.00,0.00,30000.00
5000013735,1000011277,20250822,2,1517,1,,1,15000.00,750.00,14250.00
5000013739,1000011280,20250822,1,3313,1,,3,12000.00,0.00,36000.00
5000013744,1000011283,20250822,1,2716,1,,1,12000.00,0.00,12000.00
5000013745,1000011283,20250822,2,2716,1,,1,15000.00,0.00,15000.00
5000013746,1000011284,20250822,2,3315,1,,1,15000.00,0.00,15000.00
5000013747,1000011285,20250823,2,2075,1,,1,15000.00,0.00,15000.00
5000013748,1000011286,20250823,2,2172,1,,1,15000.00,0.00,15000.00
5000013749,1000011287,20250823,1,2639,1,,1,12000.00,0.00,12000.00
5000013752,1000011290,20250823,1,3317,1,,2,12000.00,0.00,24000.00
5000013755,1000011292,20250823,2,2663,1,,3,15000.00,0.00,45000.00
5000013760,1000011296,20250823,2,1485,1,,6,15000.00,13500.00,76500.00
5000013761,1000011297,20250823,1,1375,1,,8,12000.00,14400.00,81600.00
5000013764,1000011299,20250823,1,3319,1,,2,12000.00,0.00,24000.00
5000013765,1000011300,20250823,1,2141,1,,2,12000.00,1200.00,22800.00
5000013766,1000011301,20250823,1,3152,1,,1,12000.00,0.00,12000.00
5000013767,1000011301,20250823,2,3152,1,,1,15000.00,0.00,15000.00
5000013768,1000011302,20250823,1,1736,1,,2,12000.00,0.00,24000.00
5000013769,1000011303,20250824,1,3320,1,,1,12000.00,0.00,12000.00
5000013770,1000011304,20250824,1,2273,1,,2,12000.00,0.00,24000.00
5000013771,1000011305,20250824,1,496,1,,1,12000.00,0.00,12000.00
5000013772,1000011306,20250824,2,3321,1,,1,15000.00,0.00,15000.00
5000013773,1000011307,20250824,1,2735,1,,1,12000.00,0.00,12000.00
5000013774,1000011308,20250824,2,1057,1,,1,15000.00,0.00,15000.00
5000013775,1000011309,20250824,1,3322,1,,1,12000.00,0.00,12000.00
5000013776,1000011310,20250824,1,3323,1,,2,12000.00,0.00,24000.00
5000013777,1000011310,20250824,2,3323,1,,1,15000.00,0.00,15000.00
5000013778,1000011311,20250824,1,2180,1,,4,12000.00,0.00,48000.00
5000013779,1000011311,20250824,2,2180,1,,1,15000.00,0.00,15000.00
5000013780,1000011312,20250824,1,3324,1,,1,12000.00,0.00,12000.00
5000013781,1000011313,20250824,1,2444,1,,1,12000.00,0.00,12000.00
5000013782,1000011314,20250824,2,2206,1,,4,15000.00,0.00,60000.00
5000013783,1000011315,20250825,2,2060,1,,1,15000.00,0.00,15000.00
5000013784,1000011316,20250825,1,1852,1,,1,12000.00,0.00,12000.00
5000013786,1000011318,20250825,1,2292,1,,2,12000.00,0.00,24000.00
5000013787,1000011319,20250825,2,2027,1,,1,15000.00,0.00,15000.00
5000013788,1000011320,20250825,1,578,1,,3,12000.00,0.00,36000.00
5000013790,1000011322,20250825,2,3325,1,,1,15000.00,0.00,15000.00
5000013791,1000011323,20250825,2,3326,1,,2,15000.00,0.00,30000.00
5000013792,1000011324,20250825,2,3327,1,,1,15000.00,0.00,15000.00
5000013793,1000011325,20250825,2,1223,1,,4,15000.00,0.00,60000.00
5000013795,1000011327,20250825,1,1224,1,,2,12000.00,0.00,24000.00
5000013796,1000011328,20250825,1,3328,1,,3,12000.00,0.00,36000.00
5000013797,1000011328,20250825,2,3328,1,,1,15000.00,0.00,15000.00
5000013800,1000011331,20250825,1,2044,1,,1,12000.00,0.00,12000.00
5000013801,1000011331,20250825,2,2044,1,,2,15000.00,0.00,30000.00
5000013802,1000011332,20250825,1,3089,1,,1,12000.00,0.00,12000.00
5000013803,1000011333,20250825,1,2912,1,,1,12000.00,0.00,12000.00
5000013804,1000011334,20250825,1,3195,1,,1,12000.00,0.00,12000.00
5000013805,1000011335,20250825,1,3329,1,,4,12000.00,0.00,48000.00
5000013806,1000011336,20250826,2,1901,1,,2,15000.00,0.00,30000.00
5000013807,1000011337,20250826,1,2476,1,,1,12000.00,1200.00,10800.00
5000013809,1000011339,20250826,1,3330,1,,2,12000.00,2400.00,21600.00
5000013810,1000011339,20250826,2,3330,1,,2,15000.00,3000.00,27000.00
5000013813,1000011342,20250826,2,3030,1,,1,15000.00,0.00,15000.00
5000013814,1000011343,20250826,1,486,1,,1,12000.00,0.00,12000.00
5000013815,1000011343,20250826,2,486,1,,1,15000.00,0.00,15000.00
5000013816,1000011344,20250826,2,1703,1,,2,15000.00,0.00,30000.00
5000013819,1000011347,20250826,2,3333,1,,1,15000.00,0.00,15000.00
5000013820,1000011348,20250826,2,1972,1,,1,15000.00,1500.00,13500.00
5000013821,1000011349,20250826,1,3334,1,,3,12000.00,0.00,36000.00
5000013822,1000011350,20250826,2,1660,1,,1,15000.00,0.00,15000.00
5000013823,1000011351,20250826,1,2862,1,,3,12000.00,0.00,36000.00
5000013824,1000011352,20250826,2,3335,1,,3,15000.00,0.00,45000.00
5000013825,1000011353,20250826,1,791,1,,2,12000.00,0.00,24000.00
5000013826,1000011354,20250826,1,3336,1,,1,12000.00,1200.00,10800.00
5000013827,1000011355,20250827,1,2521,1,,1,12000.00,0.00,12000.00
5000013828,1000011356,20250827,1,2190,1,,1,12000.00,0.00,12000.00
5000013832,1000011360,20250827,2,2742,1,,4,15000.00,0.00,60000.00
5000013833,1000011361,20250827,2,3337,1,,2,15000.00,0.00,30000.00
5000013836,1000011363,20250827,1,2891,1,,1,12000.00,0.00,12000.00
5000013837,1000011363,20250827,2,2891,1,,2,15000.00,0.00,30000.00
5000013838,1000011364,20250827,2,3338,1,,2,15000.00,0.00,30000.00
5000013840,1000011366,20250827,1,2545,1,,1,12000.00,0.00,12000.00
5000013842,1000011368,20250827,2,3340,1,,1,15000.00,0.00,15000.00
5000013849,1000011374,20250827,1,526,1,,1,12000.00,0.00,12000.00
5000013850,1000011374,20250827,2,526,1,,4,15000.00,0.00,60000.00
5000013851,1000011375,20250827,1,3226,1,,3,12000.00,0.00,36000.00
5000013852,1000011375,20250827,2,3226,1,,1,15000.00,0.00,15000.00
5000013853,1000011376,20250828,1,1046,1,,4,12000.00,0.00,48000.00
5000013854,1000011377,20250828,1,1194,1,,1,12000.00,600.00,11400.00
5000013855,1000011378,20250828,1,3343,1,,2,12000.00,0.00,24000.00
5000013859,1000011381,20250828,1,3344,1,,3,12000.00,0.00,36000.00
5000013863,1000011385,20250828,1,1929,1,,1,12000.00,0.00,12000.00
5000013865,1000011387,20250828,2,3346,1,,2,15000.00,0.00,30000.00
5000013866,1000011388,20250828,1,3347,1,,1,12000.00,0.00,12000.00
5000013867,1000011389,20250829,1,1905,1,,1,12000.00,0.00,12000.00
5000013868,1000011390,20250829,2,2895,1,,2,15000.00,0.00,30000.00
5000013869,1000011391,20250829,1,3348,1,,2,12000.00,0.00,24000.00
5000013870,1000011391,20250829,2,3348,1,,2,15000.00,0.00,30000.00
5000013872,1000011393,20250829,1,2371,1,,2,12000.00,0.00,24000.00
5000013873,1000011394,20250829,1,2234,1,,2,12000.00,0.00,24000.00
5000013874,1000011395,20250829,1,3349,1,,1,12000.00,0.00,12000.00
5000013877,1000011398,20250829,1,2894,1,,1,12000.00,0.00,12000.00
5000013878,1000011398,20250829,2,2894,1,,1,15000.00,0.00,15000.00
5000013879,1000011399,20250829,1,1992,1,,1,12000.00,0.00,12000.00
5000013883,1000011403,20250829,1,2434,1,,3,12000.00,0.00,36000.00
5000013886,1000011405,20250829,1,3350,1,,2,12000.00,0.00,24000.00
5000013887,1000011405,20250829,2,3350,1,,3,15000.00,0.00,45000.00
5000013889,1000011407,20250829,2,2571,1,,1,15000.00,0.00,15000.00
5000013890,1000011408,20250829,1,70,1,,3,12000.00,0.00,36000.00
5000013891,1000011408,20250829,2,70,1,,1,15000.00,0.00,15000.00
5000013892,1000011409,20250829,2,2378,1,,2,15000.00,0.00,30000.00
5000013893,1000011410,20250830,1,2636,1,,2,12000.00,0.00,24000.00
5000013907,1000011421,20250830,1,2357,1,,2,12000.00,0.00,24000.00
5000013908,1000011421,20250830,2,2357,1,,1,15000.00,0.00,15000.00
5000013910,1000011423,20250830,1,3031,1,,2,12000.00,0.00,24000.00
5000013913,1000011426,20250830,1,3354,1,,1,12000.00,0.00,12000.00
5000013914,1000011427,20250830,1,1521,1,,1,12000.00,0.00,12000.00
5000013919,1000011432,20250830,2,2005,1,,4,15000.00,0.00,60000.00
5000013920,1000011433,20250830,1,249,1,,2,12000.00,0.00,24000.00
5000013921,1000011433,20250830,2,249,1,,1,15000.00,0.00,15000.00
5000013922,1000011434,20250831,1,3356,1,,4,12000.00,2400.00,45600.00
5000013923,1000011435,20250831,1,11,1,,3,12000.00,0.00,36000.00
5000013924,1000011435,20250831,2,11,1,,1,15000.00,0.00,15000.00
5000013925,1000011436,20250831,2,3357,1,,1,15000.00,0.00,15000.00
5000013926,1000011437,20250831,2,1020,1,,2,15000.00,0.00,30000.00
5000013927,1000011438,20250831,1,3358,1,,3,12000.00,0.00,36000.00
5000013928,1000011439,20250831,1,3359,1,,2,12000.00,0.00,24000.00
5000013929,1000011439,20250831,2,3359,1,,2,15000.00,0.00,30000.00
5000013930,1000011440,20250831,1,3360,1,,2,12000.00,0.00,24000.00
5000013931,1000011441,20250831,2,2826,1,,1,15000.00,0.00,15000.00
5000013932,1000011442,20250831,1,1547,1,,1,12000.00,0.00,12000.00
5000013933,1000011443,20250901,1,2715,1,,1,12000.00,0.00,12000.00
5000013934,1000011443,20250901,2,2715,1,,1,15000.00,0.00,15000.00
5000013935,1000011444,20250901,1,2672,1,,2,12000.00,0.00,24000.00
5000013936,1000011445,20250901,1,671,1,,2,12000.00,0.00,24000.00
5000013937,1000011446,20250901,2,513,1,,1,15000.00,0.00,15000.00
5000013940,1000011449,20250901,2,3075,1,,2,15000.00,0.00,30000.00
5000013943,1000011452,20250901,1,756,1,,1,12000.00,0.00,12000.00
5000013944,1000011452,20250901,2,756,1,,4,15000.00,0.00,60000.00
5000013945,1000011453,20250901,2,2994,1,,2,15000.00,0.00,30000.00
5000013946,1000011454,20250901,1,2137,1,,4,12000.00,0.00,48000.00
5000013947,1000011455,20250901,1,3362,1,,1,12000.00,0.00,12000.00
5000013948,1000011455,20250901,2,3362,1,,2,15000.00,0.00,30000.00
5000013949,1000011456,20250901,2,2967,1,,1,15000.00,0.00,15000.00
5000013950,1000011457,20250902,1,3363,1,,1,12000.00,0.00,12000.00
5000013951,1000011458,20250902,2,3364,1,,1,15000.00,0.00,15000.00
5000013952,1000011459,20250902,1,2134,1,,3,12000.00,0.00,36000.00
5000013953,1000011459,20250902,2,2134,1,,2,15000.00,0.00,30000.00
5000013956,1000011462,20250902,2,1467,1,,1,15000.00,0.00,15000.00
5000013957,1000011463,20250902,1,163,1,,1,12000.00,0.00,12000.00
5000013958,1000011463,20250902,2,163,1,,1,15000.00,0.00,15000.00
5000013959,1000011464,20250902,1,3365,1,,1,12000.00,0.00,12000.00
5000013960,1000011465,20250902,1,1129,1,,1,12000.00,0.00,12000.00
5000013961,1000011466,20250902,1,909,1,,2,12000.00,0.00,24000.00
5000013962,1000011467,20250902,1,595,1,,2,12000.00,0.00,24000.00
5000013965,1000011470,20250902,1,380,1,,1,12000.00,0.00,12000.00
5000013966,1000011471,20250902,2,3109,1,,2,15000.00,0.00,30000.00
5000013967,1000011472,20250902,1,3074,1,,1,12000.00,0.00,12000.00
5000013970,1000011475,20250902,2,3273,1,,2,15000.00,0.00,30000.00
5000013971,1000011476,20250902,1,3263,1,,2,12000.00,0.00,24000.00
5000013972,1000011477,20250902,1,1878,1,,1,12000.00,0.00,12000.00
5000013973,1000011478,20250902,1,3366,1,,1,12000.00,0.00,12000.00
5000013974,1000011479,20250903,2,279,1,,1,15000.00,0.00,15000.00
5000013975,1000011480,20250903,1,3367,1,,3,12000.00,0.00,36000.00
5000013976,1000011480,20250903,2,3367,1,,2,15000.00,0.00,30000.00
5000013979,1000011482,20250903,1,1038,1,,3,12000.00,0.00,36000.00
5000013980,1000011483,20250903,1,3368,1,,4,12000.00,0.00,48000.00
5000013982,1000011485,20250903,1,1814,1,,1,12000.00,0.00,12000.00
5000013985,1000011488,20250903,2,2825,1,,1,15000.00,0.00,15000.00
5000013988,1000011490,20250903,1,3369,1,,1,12000.00,0.00,12000.00
5000013989,1000011491,20250903,1,2320,1,,2,12000.00,0.00,24000.00
5000013990,1000011491,20250903,2,2320,1,,2,15000.00,0.00,30000.00
5000013991,1000011492,20250903,1,3370,1,,1,12000.00,0.00,12000.00
5000013992,1000011493,20250903,2,3371,1,,1,15000.00,0.00,15000.00
5000013993,1000011494,20250903,1,3013,1,,1,12000.00,0.00,12000.00
5000013994,1000011495,20250903,1,792,1,,3,12000.00,0.00,36000.00
5000013995,1000011496,20250904,1,457,1,,1,12000.00,0.00,12000.00
5000013996,1000011496,20250904,2,457,1,,4,15000.00,0.00,60000.00
5000013997,1000011497,20250904,2,3372,1,,2,15000.00,0.00,30000.00
5000013998,1000011498,20250904,1,1002,1,,3,12000.00,0.00,36000.00
5000014000,1000011500,20250904,2,2913,1,,1,15000.00,0.00,15000.00
5000014001,1000011501,20250904,1,1554,1,,2,12000.00,0.00,24000.00
5000014002,1000011501,20250904,2,1554,1,,2,15000.00,0.00,30000.00
5000014004,1000011503,20250904,2,3181,1,,2,15000.00,0.00,30000.00
5000014005,1000011504,20250904,1,2986,1,,1,12000.00,0.00,12000.00
5000014006,1000011504,20250904,2,2986,1,,1,15000.00,0.00,15000.00
5000014008,1000011506,20250904,1,1945,1,,2,12000.00,0.00,24000.00
5000014012,1000011509,20250904,1,2570,1,,2,12000.00,0.00,24000.00
5000014013,1000011509,20250904,2,2570,1,,3,15000.00,0.00,45000.00
5000014017,1000011512,20250904,1,1351,1,,1,12000.00,0.00,12000.00
5000014018,1000011512,20250904,2,1351,1,,2,15000.00,0.00,30000.00
5000014019,1000011513,20250904,1,2563,1,,1,12000.00,0.00,12000.00
5000014020,1000011513,20250904,2,2563,1,,1,15000.00,0.00,15000.00
5000014021,1000011514,20250904,2,2018,1,,4,15000.00,0.00,60000.00
5000014022,1000011515,20250905,2,490,1,,1,15000.00,0.00,15000.00
5000014023,1000011516,20250905,2,2873,1,,1,15000.00,0.00,15000.00
5000014024,1000011517,20250905,1,3376,1,,1,12000.00,0.00,12000.00
5000014025,1000011517,20250905,2,3376,1,,3,15000.00,0.00,45000.00
5000014026,1000011518,20250905,1,2883,1,,1,12000.00,0.00,12000.00
5000014027,1000011518,20250905,2,2883,1,,1,15000.00,0.00,15000.00
5000014033,1000011523,20250905,1,1599,1,,2,12000.00,0.00,24000.00
5000014036,1000011526,20250905,1,3130,1,,1,12000.00,0.00,12000.00
5000014039,1000011528,20250905,1,2890,1,,2,12000.00,0.00,24000.00
5000014040,1000011529,20250905,1,473,1,,3,12000.00,0.00,36000.00
5000014041,1000011530,20250905,1,2322,1,,1,12000.00,0.00,12000.00
5000014042,1000011530,20250905,2,2322,1,,1,15000.00,0.00,15000.00
5000014043,1000011531,20250905,2,3379,1,,2,15000.00,0.00,30000.00
5000014044,1000011532,20250905,1,1369,1,,3,12000.00,0.00,36000.00
5000014045,1000011533,20250905,2,2221,1,,1,15000.00,0.00,15000.00
5000014046,1000011534,20250906,1,3380,1,,2,12000.00,0.00,24000.00
5000014048,1000011536,20250906,1,1492,1,,1,12000.00,0.00,12000.00
5000014051,1000011538,20250906,2,2598,1,,1,15000.00,0.00,15000.00
5000014054,1000011541,20250906,2,172,1,,4,15000.00,0.00,60000.00
5000014055,1000011542,20250906,1,1750,1,,1,12000.00,0.00,12000.00
5000014056,1000011542,20250906,2,1750,1,,1,15000.00,0.00,15000.00
5000014060,1000011545,20250906,1,3384,1,,1,12000.00,0.00,12000.00
5000014061,1000011545,20250906,2,3384,1,,1,15000.00,0.00,15000.00
5000014066,1000011550,20250906,2,3385,1,,1,15000.00,0.00,15000.00
5000014070,1000011554,20250906,1,3386,1,,2,12000.00,0.00,24000.00
5000014073,1000011557,20250906,2,1165,1,,1,15000.00,750.00,14250.00
5000014074,1000011558,20250907,2,2103,1,,1,15000.00,0.00,15000.00
5000014075,1000011559,20250907,1,3389,1,,1,12000.00,0.00,12000.00
5000014076,1000011560,20250907,1,1931,1,,1,12000.00,0.00,12000.00
5000014077,1000011561,20250907,2,2052,1,,2,15000.00,0.00,30000.00
5000014078,1000011562,20250907,2,2183,1,,1,15000.00,0.00,15000.00
5000014079,1000011563,20250907,1,2622,1,,3,12000.00,0.00,36000.00
5000014080,1000011564,20250907,1,2993,1,,3,12000.00,0.00,36000.00
5000014081,1000011565,20250907,1,3099,1,,1,12000.00,0.00,12000.00
5000014082,1000011565,20250907,2,3099,1,,1,15000.00,0.00,15000.00
5000014083,1000011566,20250907,1,497,1,,1,12000.00,0.00,12000.00
5000014084,1000011566,20250907,2,497,1,,1,15000.00,0.00,15000.00
5000014085,1000011567,20250907,2,3390,1,,1,15000.00,0.00,15000.00
5000014086,1000011568,20250907,1,2660,1,,1,12000.00,0.00,12000.00
5000014087,1000011569,20250908,1,2380,1,,2,12000.00,0.00,24000.00
5000014088,1000011570,20250908,2,3391,1,,1,15000.00,750.00,14250.00
5000014091,1000011573,20250908,2,1007,1,,3,15000.00,0.00,45000.00
5000014092,1000011574,20250908,2,2012,1,,2,15000.00,0.00,30000.00
5000014095,1000011577,20250908,1,488,1,,2,12000.00,0.00,24000.00
5000014096,1000011578,20250908,2,125,1,,2,15000.00,0.00,30000.00
5000014098,1000011580,20250908,1,1526,1,,1,12000.00,0.00,12000.00
5000014099,1000011580,20250908,2,1526,1,,3,15000.00,0.00,45000.00
5000014101,1000011582,20250908,1,2848,1,,2,12000.00,0.00,24000.00
5000014102,1000011583,20250908,1,3133,1,,2,12000.00,0.00,24000.00
5000014103,1000011583,20250908,2,3133,1,,1,15000.00,0.00,15000.00
5000014104,1000011584,20250908,1,1783,1,,1,12000.00,0.00,12000.00
5000014105,1000011585,20250908,1,1851,1,,1,12000.00,0.00,12000.00
5000014106,1000011585,20250908,2,1851,1,,2,15000.00,0.00,30000.00
5000014108,1000011587,20250908,2,3392,1,,2,15000.00,0.00,30000.00
5000014111,1000011589,20250908,1,3393,1,,2,12000.00,0.00,24000.00
5000014112,1000011590,20250908,1,700,1,,2,12000.00,1200.00,22800.00
5000014113,1000011591,20250908,1,2301,1,,1,12000.00,0.00,12000.00
5000014114,1000011592,20250908,1,1973,1,,1,12000.00,0.00,12000.00
5000014115,1000011592,20250908,2,1973,1,,1,15000.00,0.00,15000.00
5000014117,1000011594,20250908,1,3014,1,,1,12000.00,0.00,12000.00
5000014120,1000011597,20250908,1,3394,1,,2,12000.00,0.00,24000.00
5000014121,1000011597,20250908,2,3394,1,,2,15000.00,0.00,30000.00
5000014122,1000011598,20250908,2,2405,1,,1,15000.00,0.00,15000.00
5000014123,1000011599,20250908,2,1866,1,,1,15000.00,0.00,15000.00
5000014124,1000011600,20250908,1,1016,1,,1,12000.00,0.00,12000.00
5000014125,1000011600,20250908,2,1016,1,,1,15000.00,0.00,15000.00
5000014126,1000011601,20250908,1,3395,1,,1,12000.00,0.00,12000.00
5000014127,1000011602,20250908,1,3396,1,,3,12000.00,0.00,36000.00
5000014128,1000011603,20250909,1,2791,1,,2,12000.00,0.00,24000.00
5000014129,1000011604,20250909,2,3190,1,,1,15000.00,0.00,15000.00
5000014130,1000011605,20250909,2,2950,1,,1,15000.00,0.00,15000.00
5000014131,1000011606,20250909,1,1997,1,,3,12000.00,3600.00,32400.00
5000014132,1000011607,20250909,1,2280,1,,2,12000.00,0.00,24000.00
5000014133,1000011608,20250909,1,2169,1,,1,12000.00,0.00,12000.00
5000014135,1000011610,20250909,1,2830,1,,1,12000.00,0.00,12000.00
5000014136,1000011611,20250909,1,3398,1,,4,12000.00,0.00,48000.00
5000014137,1000011612,20250909,1,2936,1,,2,12000.00,0.00,24000.00
5000014142,1000011616,20250909,2,3400,1,,1,15000.00,1500.00,13500.00
5000014143,1000011617,20250909,1,1607,1,,1,12000.00,0.00,12000.00
5000014144,1000011618,20250909,1,3188,1,,3,12000.00,3600.00,32400.00
5000014145,1000011618,20250909,2,3188,1,,1,15000.00,1500.00,13500.00
5000014146,1000011619,20250910,1,475,1,,1,12000.00,0.00,12000.00
5000014147,1000011620,20250910,2,2192,1,,4,15000.00,0.00,60000.00
5000014148,1000011621,20250910,2,1855,1,,1,15000.00,0.00,15000.00
5000014149,1000011622,20250910,2,2416,1,,1,15000.00,0.00,15000.00
5000014150,1000011623,20250910,1,3401,1,,2,12000.00,0.00,24000.00
5000014151,1000011624,20250910,1,2634,1,,1,12000.00,0.00,12000.00
5000014152,1000011625,20250910,1,1527,1,,3,12000.00,0.00,36000.00
5000014153,1000011625,20250910,2,1527,1,,1,15000.00,0.00,15000.00
5000014154,1000011626,20250910,2,3402,1,,4,15000.00,0.00,60000.00
5000014158,1000011629,20250910,1,2346,1,,1,12000.00,0.00,12000.00
5000014161,1000011632,20250910,1,1920,1,,3,12000.00,0.00,36000.00
5000014164,1000011634,20250910,1,3232,1,,1,12000.00,0.00,12000.00
5000014166,1000011636,20250910,1,2494,1,,2,12000.00,0.00,24000.00
5000014167,1000011637,20250910,1,2676,1,,1,12000.00,0.00,12000.00
5000014168,1000011637,20250910,2,2676,1,,3,15000.00,0.00,45000.00
5000014169,1000011638,20250910,1,1930,1,,1,12000.00,0.00,12000.00
5000014170,1000011639,20250911,2,3404,1,,3,15000.00,0.00,45000.00
5000014171,1000011640,20250911,2,1505,1,,1,15000.00,0.00,15000.00
5000014172,1000011641,20250911,1,2771,1,,3,12000.00,0.00,36000.00
5000014173,1000011642,20250911,1,1110,1,,1,12000.00,0.00,12000.00
5000014176,1000011644,20250911,1,3405,1,,1,12000.00,0.00,12000.00
5000014177,1000011645,20250911,2,2723,1,,1,15000.00,0.00,15000.00
5000014179,1000011647,20250911,2,1819,1,,2,15000.00,0.00,30000.00
5000014180,1000011648,20250911,2,2611,1,,4,15000.00,0.00,60000.00
5000014181,1000011649,20250911,2,2153,1,,1,15000.00,0.00,15000.00
5000014183,1000011651,20250911,1,30,1,,1,12000.00,0.00,12000.00
5000014184,1000011652,20250911,2,2402,1,,1,15000.00,0.00,15000.00
5000014185,1000011653,20250911,1,2772,1,,1,12000.00,0.00,12000.00
5000014186,1000011653,20250911,2,2772,1,,1,15000.00,0.00,15000.00
5000014188,1000011655,20250912,2,2868,1,,3,15000.00,0.00,45000.00
5000014189,1000011656,20250912,1,3066,1,,13,12000.00,23400.00,132600.00
5000014190,1000011656,20250912,2,3066,1,,7,15000.00,15750.00,89250.00
5000014191,1000011657,20250912,2,3407,1,,1,15000.00,0.00,15000.00
5000014192,1000011658,20250912,2,1780,1,,2,15000.00,0.00,30000.00
5000014195,1000011661,20250912,1,3198,1,,2,12000.00,0.00,24000.00
5000014196,1000011661,20250912,2,3198,1,,1,15000.00,0.00,15000.00
5000014197,1000011662,20250912,1,3408,1,,1,12000.00,0.00,12000.00
5000014199,1000011664,20250912,1,3409,1,,1,12000.00,0.00,12000.00
5000014200,1000011665,20250912,2,3137,1,,1,15000.00,0.00,15000.00
5000014201,1000011666,20250912,2,2114,1,,1,15000.00,0.00,15000.00
5000014202,1000011667,20250912,1,3410,1,,1,12000.00,0.00,12000.00
5000014206,1000011670,20250912,2,373,1,,1,15000.00,0.00,15000.00
5000014207,1000011671,20250912,2,644,1,,1,15000.00,0.00,15000.00
5000014208,1000011672,20250912,1,3411,1,,1,12000.00,0.00,12000.00
5000014212,1000011675,20250913,2,3277,1,,2,15000.00,0.00,30000.00
5000014218,1000011680,20250913,1,3413,1,,1,12000.00,0.00,12000.00
5000014221,1000011683,20250913,1,2270,1,,3,12000.00,0.00,36000.00
5000014227,1000011688,20250913,1,1500,1,,1,12000.00,0.00,12000.00
5000014228,1000011688,20250913,2,1500,1,,1,15000.00,0.00,15000.00
5000014229,1000011689,20250913,1,3065,1,,3,12000.00,0.00,36000.00
5000014230,1000011690,20250913,1,1422,1,,2,12000.00,0.00,24000.00
5000014231,1000011690,20250913,2,1422,1,,1,15000.00,0.00,15000.00
5000014232,1000011691,20250914,1,3414,1,,1,12000.00,0.00,12000.00
5000014233,1000011692,20250914,1,3415,1,,1,12000.00,0.00,12000.00
5000014234,1000011693,20250914,1,3085,1,,1,12000.00,0.00,12000.00
5000014235,1000011693,20250914,2,3085,1,,2,15000.00,0.00,30000.00
5000014236,1000011694,20250914,1,3262,1,,1,12000.00,0.00,12000.00
5000014237,1000011694,20250914,2,3262,1,,2,15000.00,0.00,30000.00
5000014238,1000011695,20250914,2,1001,1,,1,15000.00,0.00,15000.00
5000014239,1000011696,20250914,1,2016,1,,1,12000.00,0.00,12000.00
5000014240,1000011697,20250914,1,1677,1,,1,12000.00,0.00,12000.00
5000014241,1000011697,20250914,2,1677,1,,1,15000.00,0.00,15000.00
5000014242,1000011698,20250914,1,1302,1,,3,12000.00,0.00,36000.00
5000014243,1000011699,20250914,1,913,1,,1,12000.00,0.00,12000.00
5000014244,1000011700,20250914,1,1360,1,,1,12000.00,0.00,12000.00
5000014245,1000011700,20250914,2,1360,1,,1,15000.00,0.00,15000.00
5000014246,1000011701,20250915,1,3416,1,,4,12000.00,0.00,48000.00
5000014247,1000011702,20250915,1,1118,1,,3,12000.00,0.00,36000.00
5000014248,1000011703,20250915,1,1311,1,,1,12000.00,0.00,12000.00
5000014249,1000011704,20250915,1,3417,1,,1,12000.00,0.00,12000.00
5000014250,1000011705,20250915,1,2891,1,,1,12000.00,0.00,12000.00
5000014251,1000011705,20250915,2,2891,1,,1,15000.00,0.00,15000.00
5000014252,1000011706,20250915,1,983,1,,1,12000.00,0.00,12000.00
5000014253,1000011707,20250915,1,2644,1,,4,12000.00,0.00,48000.00
5000014255,1000011709,20250915,1,2766,1,,1,12000.00,0.00,12000.00
5000014257,1000011711,20250915,1,2113,1,,1,12000.00,0.00,12000.00
5000014258,1000011711,20250915,2,2113,1,,3,15000.00,0.00,45000.00
5000014259,1000011712,20250916,1,3300,1,,1,12000.00,0.00,12000.00
5000014260,1000011713,20250916,1,2973,1,,1,12000.00,0.00,12000.00
5000014261,1000011714,20250916,1,2443,1,,1,12000.00,0.00,12000.00
5000014263,1000011716,20250916,2,3280,1,,1,15000.00,0.00,15000.00
5000014264,1000011717,20250916,2,3253,1,,1,15000.00,0.00,15000.00
5000014268,1000011721,20250916,1,3419,1,,1,12000.00,0.00,12000.00
5000014270,1000011723,20250916,1,11,1,,3,12000.00,0.00,36000.00
5000014275,1000011727,20250916,1,165,1,,1,12000.00,0.00,12000.00
5000014276,1000011728,20250917,1,2679,1,,13,12000.00,23400.00,132600.00
5000014277,1000011729,20250917,2,1852,1,,1,15000.00,0.00,15000.00
5000014278,1000011730,20250917,1,2526,1,,1,12000.00,0.00,12000.00
5000014279,1000011730,20250917,2,2526,1,,1,15000.00,0.00,15000.00
5000014280,1000011731,20250917,2,1253,1,,1,15000.00,0.00,15000.00
5000014281,1000011732,20250917,1,1423,1,,1,12000.00,0.00,12000.00
5000014283,1000011734,20250917,2,2853,1,,3,15000.00,0.00,45000.00
5000014286,1000011736,20250917,1,3037,1,,1,12000.00,0.00,12000.00
5000014288,1000011738,20250917,1,2752,1,,1,12000.00,0.00,12000.00
5000014289,1000011739,20250917,1,941,1,,1,12000.00,0.00,12000.00
5000014290,1000011739,20250917,2,941,1,,3,15000.00,0.00,45000.00
5000014292,1000011741,20250917,1,3421,1,,2,12000.00,0.00,24000.00
5000014293,1000011741,20250917,2,3421,1,,1,15000.00,0.00,15000.00
5000014294,1000011742,20250917,1,951,1,,3,12000.00,0.00,36000.00
5000014295,1000011743,20250918,1,420,1,,1,12000.00,0.00,12000.00
5000014296,1000011743,20250918,2,420,1,,1,15000.00,0.00,15000.00
5000014299,1000011745,20250918,2,3422,1,,2,15000.00,0.00,30000.00
5000014300,1000011746,20250918,1,3423,1,,1,12000.00,0.00,12000.00
5000014301,1000011747,20250918,2,2819,1,,1,15000.00,0.00,15000.00
5000014302,1000011748,20250918,1,2163,1,,2,12000.00,0.00,24000.00
5000014303,1000011748,20250918,2,2163,1,,2,15000.00,0.00,30000.00
5000014304,1000011749,20250918,1,2904,1,,1,12000.00,0.00,12000.00
5000014305,1000011749,20250918,2,2904,1,,1,15000.00,0.00,15000.00
5000014308,1000011752,20250918,1,2441,1,,1,12000.00,0.00,12000.00
5000014309,1000011752,20250918,2,2441,1,,1,15000.00,0.00,15000.00
5000014310,1000011753,20250918,1,3424,1,,2,12000.00,0.00,24000.00
5000014311,1000011753,20250918,2,3424,1,,2,15000.00,0.00,30000.00
5000014312,1000011754,20250918,1,3221,1,,4,12000.00,0.00,48000.00
5000014313,1000011755,20250918,1,2310,1,,2,12000.00,0.00,24000.00
5000014314,1000011756,20250919,1,2704,1,,2,12000.00,0.00,24000.00
5000014315,1000011756,20250919,2,2704,1,,1,15000.00,0.00,15000.00
5000014316,1000011757,20250919,2,1815,1,,3,15000.00,0.00,45000.00
5000014317,1000011758,20250919,1,2516,1,,3,12000.00,0.00,36000.00
5000014318,1000011759,20250919,2,3425,1,,1,15000.00,0.00,15000.00
5000014319,1000011760,20250919,1,2687,1,,1,12000.00,0.00,12000.00
5000014320,1000011761,20250919,2,421,1,,1,15000.00,0.00,15000.00
5000014321,1000011762,20250919,2,1847,1,,3,15000.00,0.00,45000.00
5000014322,1000011763,20250919,2,1517,1,,1,15000.00,0.00,15000.00
5000014324,1000011765,20250919,1,1301,1,,1,12000.00,0.00,12000.00
5000014325,1000011766,20250919,1,2453,1,,3,12000.00,0.00,36000.00
5000014326,1000011767,20250919,1,2230,1,,4,12000.00,0.00,48000.00
5000014327,1000011768,20250920,1,764,1,,1,12000.00,0.00,12000.00
5000014328,1000011768,20250920,2,764,1,,2,15000.00,0.00,30000.00
5000014329,1000011769,20250920,2,1051,1,,1,15000.00,750.00,14250.00
5000014337,1000011777,20250920,2,2854,2,1,3,15000.00,0.00,45000.00
5000014338,1000011778,20250920,1,3017,2,2,3,12000.00,0.00,36000.00
5000014339,1000011778,20250920,2,3017,2,2,1,15000.00,0.00,15000.00
5000014345,1000011783,20250920,2,2038,2,4,2,15000.00,0.00,30000.00
5000014348,1000011786,20250920,1,1382,2,2,1,12000.00,0.00,12000.00
5000014369,1000011803,20250922,1,2914,2,3,1,12000.00,0.00,12000.00
5000014370,1000011803,20250922,2,2914,2,3,1,15000.00,0.00,15000.00
5000014378,1000011810,20250922,2,1747,2,2,2,15000.00,0.00,30000.00
5000014382,1000011814,20250922,2,3436,2,1,2,15000.00,0.00,30000.00
5000014385,1000011817,20250922,1,2064,2,2,1,12000.00,0.00,12000.00
5000014386,1000011817,20250922,2,2064,2,2,2,15000.00,0.00,30000.00
5000014387,1000011818,20250922,1,2253,2,1,2,12000.00,0.00,24000.00
5000014397,1000011825,20250923,1,2816,2,2,1,12000.00,0.00,12000.00
5000014398,1000011825,20250923,2,2816,2,2,1,15000.00,0.00,15000.00
5000014399,1000011826,20250923,1,402,2,3,1,12000.00,0.00,12000.00
5000014424,1000011847,20250924,1,3445,2,4,2,12000.00,2400.00,21600.00
5000014425,1000011848,20250924,1,3281,2,4,2,12000.00,0.00,24000.00
5000014426,1000011848,20250924,2,3281,2,4,1,15000.00,0.00,15000.00
5000014430,1000011851,20250924,1,3116,2,3,1,12000.00,0.00,12000.00
5000014433,1000011854,20250924,1,2140,2,3,1,12000.00,0.00,12000.00
5000014437,1000011857,20250925,1,441,2,2,2,12000.00,0.00,24000.00
5000014440,1000011860,20250925,1,3291,2,1,1,12000.00,0.00,12000.00
5000014443,1000011863,20250925,2,1197,2,4,1,15000.00,0.00,15000.00
5000014447,1000011867,20250925,2,741,2,2,2,15000.00,0.00,30000.00
5000014449,1000011869,20250925,1,2770,2,1,1,12000.00,0.00,12000.00
5000014450,1000011869,20250925,2,2770,2,1,1,15000.00,0.00,15000.00
5000014456,1000011874,20250926,1,1763,2,3,1,12000.00,0.00,12000.00
5000014457,1000011875,20250926,2,3122,2,1,3,15000.00,4500.00,40500.00
5000014459,1000011877,20250926,1,2099,2,1,1,12000.00,0.00,12000.00
5000014460,1000011877,20250926,2,2099,2,1,4,15000.00,0.00,60000.00
5000014461,1000011878,20250926,1,2581,2,4,4,12000.00,0.00,48000.00
5000014462,1000011879,20250926,2,3449,2,2,2,15000.00,3000.00,27000.00
5000014463,1000011880,20250926,1,2272,2,2,1,12000.00,1200.00,10800.00
5000014464,1000011880,20250926,2,2272,2,2,4,15000.00,6000.00,54000.00
5000014467,1000011882,20250926,1,3451,2,4,2,12000.00,0.00,24000.00
5000014468,1000011883,20250926,2,2541,2,4,1,15000.00,0.00,15000.00
5000014469,1000011884,20250926,1,185,2,1,2,12000.00,0.00,24000.00
5000014471,1000011886,20250926,1,246,2,2,2,12000.00,0.00,24000.00
5000014483,1000011897,20250927,1,160,2,1,1,12000.00,1200.00,10800.00
5000014484,1000011898,20250927,2,2852,2,1,1,15000.00,1500.00,13500.00
5000014485,1000011899,20250927,1,1609,2,1,1,12000.00,0.00,12000.00
5000014487,1000011901,20250927,1,1819,2,4,2,12000.00,0.00,24000.00
5000014489,1000011903,20250927,2,3034,2,2,2,15000.00,0.00,30000.00
5000014492,1000011905,20250927,1,2373,2,3,2,12000.00,0.00,24000.00
5000014493,1000011905,20250927,2,2373,2,3,1,15000.00,0.00,15000.00
5000014495,1000011907,20250927,1,2499,2,1,2,12000.00,0.00,24000.00
5000014496,1000011908,20250927,2,2556,2,1,2,15000.00,0.00,30000.00
5000014497,1000011909,20250927,2,3458,2,2,1,15000.00,0.00,15000.00
5000014498,1000011910,20250927,1,1651,2,4,1,12000.00,1200.00,10800.00
5000014499,1000011911,20250927,1,2744,2,1,1,12000.00,1200.00,10800.00
5000014500,1000011912,20250927,1,3459,2,2,2,12000.00,0.00,24000.00
5000014502,1000011914,20250927,2,1156,2,2,1,15000.00,0.00,15000.00
5000014525,1000011932,20250929,2,3463,2,3,1,15000.00,0.00,15000.00
5000014529,1000011935,20250929,1,2088,2,2,1,12000.00,0.00,12000.00
5000014530,1000011935,20250929,2,2088,2,2,2,15000.00,0.00,30000.00
5000014531,1000011936,20250929,2,3068,2,2,2,15000.00,0.00,30000.00
5000014534,1000011938,20250929,2,3464,2,4,2,15000.00,0.00,30000.00
5000014536,1000011940,20250929,2,3132,2,1,2,15000.00,0.00,30000.00
5000014541,1000011943,20250929,1,1472,2,4,2,12000.00,0.00,24000.00
5000014542,1000011943,20250929,2,1472,2,4,2,15000.00,0.00,30000.00
5000014545,1000011946,20250929,1,2243,2,4,3,12000.00,0.00,36000.00
5000014555,1000011953,20250930,2,2142,2,1,1,15000.00,0.00,15000.00
5000014556,1000011954,20250930,2,2543,2,2,1,15000.00,0.00,15000.00
5000014557,1000011955,20250930,1,1130,2,1,1,12000.00,0.00,12000.00
5000014558,1000011956,20250930,1,2181,2,1,4,12000.00,0.00,48000.00
5000014559,1000011957,20250930,1,1328,2,2,1,12000.00,0.00,12000.00
5000014565,1000011962,20250930,1,1927,2,1,1,12000.00,0.00,12000.00
5000014567,1000011964,20250930,2,2478,2,2,1,15000.00,0.00,15000.00
5000014336,1000011776,20250920,1,3322,1,,1,12000.00,0.00,12000.00
5000014340,1000011779,20250920,1,1012,1,,1,12000.00,0.00,12000.00
5000014341,1000011779,20250920,2,1012,1,,1,15000.00,0.00,15000.00
5000014342,1000011780,20250920,2,354,1,,1,15000.00,0.00,15000.00
5000014343,1000011781,20250920,2,3084,1,,1,15000.00,0.00,15000.00
5000014344,1000011782,20250920,1,3428,1,,1,12000.00,0.00,12000.00
5000014346,1000011784,20250920,1,909,1,,1,12000.00,0.00,12000.00
5000014347,1000011785,20250920,1,2895,1,,1,12000.00,0.00,12000.00
5000014349,1000011787,20250920,2,2597,1,,2,15000.00,0.00,30000.00
5000014350,1000011788,20250920,1,2898,1,,1,12000.00,0.00,12000.00
5000014351,1000011789,20250920,1,3429,1,,1,12000.00,0.00,12000.00
5000014352,1000011789,20250920,2,3429,1,,4,15000.00,0.00,60000.00
5000014353,1000011790,20250920,1,3013,1,,10,12000.00,18000.00,102000.00
5000014354,1000011790,20250920,2,3013,1,,10,15000.00,22500.00,127500.00
5000014355,1000011791,20250921,2,3111,1,,1,15000.00,0.00,15000.00
5000014356,1000011792,20250921,1,3250,1,,1,12000.00,0.00,12000.00
5000014357,1000011793,20250921,1,3430,1,,1,12000.00,0.00,12000.00
5000014358,1000011793,20250921,2,3430,1,,3,15000.00,0.00,45000.00
5000014359,1000011794,20250921,2,703,1,,2,15000.00,0.00,30000.00
5000014360,1000011795,20250921,1,705,1,,1,12000.00,0.00,12000.00
5000014361,1000011796,20250921,1,2019,1,,1,12000.00,0.00,12000.00
5000014362,1000011797,20250921,1,1855,1,,1,12000.00,0.00,12000.00
5000014363,1000011798,20250921,2,405,1,,1,15000.00,0.00,15000.00
5000014364,1000011799,20250921,1,2560,1,,2,12000.00,0.00,24000.00
5000014365,1000011800,20250921,1,3431,1,,2,12000.00,0.00,24000.00
5000014366,1000011801,20250922,1,3080,1,,1,12000.00,0.00,12000.00
5000014367,1000011802,20250922,1,3432,1,,2,12000.00,0.00,24000.00
5000014368,1000011802,20250922,2,3432,1,,1,15000.00,0.00,15000.00
5000014371,1000011804,20250922,1,1598,1,,2,12000.00,0.00,24000.00
5000014372,1000011805,20250922,2,3304,1,,1,15000.00,0.00,15000.00
5000014373,1000011806,20250922,1,3433,1,,1,12000.00,0.00,12000.00
5000014374,1000011807,20250922,2,1187,1,,1,15000.00,0.00,15000.00
5000014375,1000011808,20250922,1,3298,1,,1,12000.00,0.00,12000.00
5000014376,1000011808,20250922,2,3298,1,,2,15000.00,0.00,30000.00
5000014377,1000011809,20250922,2,3434,1,,3,15000.00,0.00,45000.00
5000014379,1000011811,20250922,1,3435,1,,4,12000.00,0.00,48000.00
5000014380,1000011812,20250922,1,3143,1,,1,12000.00,0.00,12000.00
5000014381,1000011813,20250922,2,1683,1,,1,15000.00,0.00,15000.00
5000014383,1000011815,20250922,2,2092,1,,1,15000.00,0.00,15000.00
5000014384,1000011816,20250922,2,3437,1,,1,15000.00,0.00,15000.00
5000014388,1000011819,20250922,1,2386,1,,1,12000.00,0.00,12000.00
5000014389,1000011819,20250922,2,2386,1,,1,15000.00,0.00,15000.00
5000014390,1000011820,20250922,1,1980,1,,2,12000.00,0.00,24000.00
5000014391,1000011820,20250922,2,1980,1,,1,15000.00,0.00,15000.00
5000014392,1000011821,20250922,1,3395,1,,1,12000.00,0.00,12000.00
5000014393,1000011821,20250922,2,3395,1,,1,15000.00,0.00,15000.00
5000014394,1000011822,20250922,1,2083,1,,3,12000.00,0.00,36000.00
5000014395,1000011823,20250923,1,2515,1,,3,12000.00,0.00,36000.00
5000014396,1000011824,20250923,1,1047,1,,3,12000.00,0.00,36000.00
5000014400,1000011827,20250923,2,3438,1,,4,15000.00,0.00,60000.00
5000014401,1000011828,20250923,1,3439,1,,2,12000.00,0.00,24000.00
5000014402,1000011828,20250923,2,3439,1,,1,15000.00,0.00,15000.00
5000014403,1000011829,20250923,2,3368,1,,4,15000.00,6000.00,54000.00
5000014404,1000011830,20250923,1,1946,1,,1,12000.00,1200.00,10800.00
5000014405,1000011831,20250923,2,2437,1,,1,15000.00,0.00,15000.00
5000014406,1000011832,20250923,2,3440,1,,1,15000.00,0.00,15000.00
5000014407,1000011833,20250923,2,2490,1,,1,15000.00,0.00,15000.00
5000014408,1000011834,20250923,1,2739,1,,2,12000.00,0.00,24000.00
5000014409,1000011835,20250923,1,3441,1,,2,12000.00,0.00,24000.00
5000014410,1000011835,20250923,2,3441,1,,1,15000.00,0.00,15000.00
5000014411,1000011836,20250923,2,3442,1,,1,15000.00,0.00,15000.00
5000014412,1000011837,20250923,1,68,1,,1,12000.00,0.00,12000.00
5000014413,1000011838,20250924,1,3443,1,,2,12000.00,0.00,24000.00
5000014414,1000011839,20250924,1,2119,1,,3,12000.00,0.00,36000.00
5000014415,1000011840,20250924,1,2737,1,,1,12000.00,0.00,12000.00
5000014416,1000011840,20250924,2,2737,1,,1,15000.00,0.00,15000.00
5000014417,1000011841,20250924,1,1646,1,,1,12000.00,0.00,12000.00
5000014418,1000011842,20250924,1,2457,1,,2,12000.00,0.00,24000.00
5000014419,1000011843,20250924,1,2900,1,,1,12000.00,600.00,11400.00
5000014420,1000011844,20250924,1,3319,1,,1,12000.00,0.00,12000.00
5000014421,1000011845,20250924,1,2293,1,,4,12000.00,0.00,48000.00
5000014422,1000011845,20250924,2,2293,1,,3,15000.00,0.00,45000.00
5000014423,1000011846,20250924,1,2254,1,,2,12000.00,0.00,24000.00
5000014427,1000011849,20250924,1,997,1,,3,12000.00,0.00,36000.00
5000014428,1000011850,20250924,1,1716,1,,1,12000.00,0.00,12000.00
5000014429,1000011850,20250924,2,1716,1,,1,15000.00,0.00,15000.00
5000014431,1000011852,20250924,1,2840,1,,2,12000.00,0.00,24000.00
5000014432,1000011853,20250924,2,3000,1,,1,15000.00,750.00,14250.00
5000014434,1000011855,20250925,1,1547,1,,3,12000.00,0.00,36000.00
5000014435,1000011855,20250925,2,1547,1,,4,15000.00,0.00,60000.00
5000014436,1000011856,20250925,1,2005,1,,1,12000.00,0.00,12000.00
5000014438,1000011858,20250925,1,3446,1,,1,12000.00,0.00,12000.00
5000014439,1000011859,20250925,2,2404,1,,2,15000.00,0.00,30000.00
5000014441,1000011861,20250925,1,1398,1,,1,12000.00,0.00,12000.00
5000014442,1000011862,20250925,1,3447,1,,1,12000.00,0.00,12000.00
5000014444,1000011864,20250925,2,2107,1,,1,15000.00,0.00,15000.00
5000014445,1000011865,20250925,2,3293,1,,1,15000.00,0.00,15000.00
5000014446,1000011866,20250925,2,1257,1,,1,15000.00,0.00,15000.00
5000014448,1000011868,20250925,1,1305,1,,1,12000.00,0.00,12000.00
5000014451,1000011870,20250925,1,651,1,,2,12000.00,0.00,24000.00
5000014452,1000011871,20250925,1,3089,1,,1,12000.00,0.00,12000.00
5000014453,1000011872,20250925,1,2501,1,,2,12000.00,0.00,24000.00
5000014454,1000011872,20250925,2,2501,1,,1,15000.00,0.00,15000.00
5000014455,1000011873,20250926,1,2820,1,,2,12000.00,0.00,24000.00
5000014458,1000011876,20250926,2,3005,1,,2,15000.00,0.00,30000.00
5000014465,1000011881,20250926,1,3450,1,,2,12000.00,0.00,24000.00
5000014466,1000011881,20250926,2,3450,1,,1,15000.00,0.00,15000.00
5000014470,1000011885,20250926,1,296,1,,1,12000.00,0.00,12000.00
5000014472,1000011887,20250926,1,3179,1,,2,12000.00,0.00,24000.00
5000014473,1000011888,20250926,1,1599,1,,1,12000.00,600.00,11400.00
5000014474,1000011889,20250926,1,3452,1,,1,12000.00,0.00,12000.00
5000014475,1000011890,20250926,1,1949,1,,3,12000.00,0.00,36000.00
5000014476,1000011890,20250926,2,1949,1,,2,15000.00,0.00,30000.00
5000014477,1000011891,20250926,2,2150,1,,1,15000.00,750.00,14250.00
5000014478,1000011892,20250926,2,3454,1,,1,15000.00,0.00,15000.00
5000014479,1000011893,20250926,1,1350,1,,1,12000.00,0.00,12000.00
5000014480,1000011894,20250926,1,3453,1,,1,12000.00,0.00,12000.00
5000014481,1000011895,20250927,1,2667,1,,1,12000.00,0.00,12000.00
5000014482,1000011896,20250927,1,3455,1,,3,12000.00,0.00,36000.00
5000014486,1000011900,20250927,1,2035,1,,1,12000.00,0.00,12000.00
5000014488,1000011902,20250927,1,3456,1,,2,12000.00,0.00,24000.00
5000014490,1000011904,20250927,1,3457,1,,1,12000.00,0.00,12000.00
5000014491,1000011904,20250927,2,3457,1,,1,15000.00,0.00,15000.00
5000014494,1000011906,20250927,2,3136,1,,1,15000.00,0.00,15000.00
5000014501,1000011913,20250927,2,3460,1,,1,15000.00,0.00,15000.00
5000014503,1000011915,20250927,1,3268,1,,1,12000.00,0.00,12000.00
5000014504,1000011915,20250927,2,3268,1,,2,15000.00,0.00,30000.00
5000014505,1000011916,20250927,1,3259,1,,1,12000.00,0.00,12000.00
5000014506,1000011917,20250927,1,1380,1,,2,12000.00,0.00,24000.00
5000014507,1000011918,20250927,1,1767,1,,2,12000.00,0.00,24000.00
5000014508,1000011919,20250927,2,3158,1,,1,15000.00,0.00,15000.00
5000014509,1000011920,20250928,1,2403,1,,1,12000.00,0.00,12000.00
5000014510,1000011921,20250928,1,213,1,,1,12000.00,0.00,12000.00
5000014511,1000011921,20250928,2,213,1,,1,15000.00,0.00,15000.00
5000014512,1000011922,20250928,1,1473,1,,1,12000.00,0.00,12000.00
5000014513,1000011923,20250928,1,2345,1,,3,12000.00,0.00,36000.00
5000014514,1000011923,20250928,2,2345,1,,2,15000.00,0.00,30000.00
5000014515,1000011924,20250928,2,3461,1,,1,15000.00,750.00,14250.00
5000014516,1000011925,20250928,2,356,1,,1,15000.00,0.00,15000.00
5000014517,1000011926,20250928,1,3344,1,,3,12000.00,0.00,36000.00
5000014518,1000011926,20250928,2,3344,1,,1,15000.00,0.00,15000.00
5000014519,1000011927,20250928,1,3261,1,,1,12000.00,0.00,12000.00
5000014520,1000011928,20250928,2,2782,1,,1,15000.00,0.00,15000.00
5000014521,1000011929,20250928,1,3462,1,,2,12000.00,0.00,24000.00
5000014522,1000011929,20250928,2,3462,1,,1,15000.00,0.00,15000.00
5000014523,1000011930,20250928,2,2571,1,,1,15000.00,0.00,15000.00
5000014524,1000011931,20250929,1,2953,1,,4,12000.00,0.00,48000.00
5000014526,1000011933,20250929,1,2179,1,,1,12000.00,0.00,12000.00
5000014527,1000011933,20250929,2,2179,1,,1,15000.00,0.00,15000.00
5000014528,1000011934,20250929,1,2235,1,,2,12000.00,0.00,24000.00
5000014532,1000011937,20250929,1,254,1,,1,12000.00,0.00,12000.00
5000014533,1000011937,20250929,2,254,1,,1,15000.00,0.00,15000.00
5000014535,1000011939,20250929,1,2497,1,,1,12000.00,600.00,11400.00
5000014537,1000011941,20250929,1,3465,1,,4,12000.00,0.00,48000.00
5000014538,1000011941,20250929,2,3465,1,,4,15000.00,0.00,60000.00
5000014539,1000011942,20250929,1,996,1,,1,12000.00,0.00,12000.00
5000014540,1000011942,20250929,2,996,1,,2,15000.00,0.00,30000.00
5000014543,1000011944,20250929,1,1516,1,,1,12000.00,0.00,12000.00
5000014544,1000011945,20250929,1,1576,1,,2,12000.00,0.00,24000.00
5000014546,1000011947,20250929,1,2411,1,,1,12000.00,0.00,12000.00
5000014547,1000011947,20250929,2,2411,1,,2,15000.00,0.00,30000.00
5000014548,1000011948,20250929,2,1592,1,,1,15000.00,0.00,15000.00
5000014549,1000011949,20250929,1,3010,1,,2,12000.00,0.00,24000.00
5000014550,1000011949,20250929,2,3010,1,,1,15000.00,0.00,15000.00
5000014551,1000011950,20250930,1,2292,1,,3,12000.00,0.00,36000.00
5000014552,1000011950,20250930,2,2292,1,,1,15000.00,0.00,15000.00
5000014553,1000011951,20250930,1,3467,1,,1,12000.00,0.00,12000.00
5000014554,1000011952,20250930,2,3468,1,,1,15000.00,0.00,15000.00
5000014560,1000011958,20250930,1,2972,1,,1,12000.00,600.00,11400.00
5000014561,1000011959,20250930,1,3166,1,,1,12000.00,0.00,12000.00
5000014562,1000011959,20250930,2,3166,1,,1,15000.00,0.00,15000.00
5000014563,1000011960,20250930,2,3470,1,,1,15000.00,0.00,15000.00
5000014564,1000011961,20250930,2,3063,1,,1,15000.00,0.00,15000.00
5000014566,1000011963,20250930,2,3471,1,,3,15000.00,0.00,45000.00
5000014568,1000011965,20250930,1,526,1,,1,12000.00,0.00,12000.00
5000014569,1000011965,20250930,2,526,1,,2,15000.00,0.00,30000.00
5000014570,1000011966,20250930,2,563,1,,1,15000.00,0.00,15000.00
5000014571,1000011967,20250930,2,1345,1,,2,15000.00,0.00,30000.00
5000014572,1000011968,20250930,1,3412,1,,1,12000.00,0.00,12000.00
