payment_id,order_id,date_key,customer_key,channel_key,store_key,method,status,amount,paid_at
7000000020,1000000020,20240102,503,2,3,CASH,PAID,47190.00,2024-01-02 14:02:27
7000000021,1000000021,20240102,80,2,2,CASH,PAID,14520.00,2024-01-02 15:05:32
7000000023,1000000023,20240102,491,2,2,TRANSFER,PAID,14520.00,2024-01-02 17:59:07
7000000024,1000000024,20240102,654,2,2,CASH,PAID,58080.00,2024-01-02 18:09:53
7000000025,1000000025,20240102,584,2,3,CASH,PAID,29040.00,2024-01-02 19:24:16
7000000031,1000000031,20240103,655,2,4,CASH,PAID,43560.00,2024-01-03 12:11:47
7000000033,1000000033,20240103,332,2,3,CARD,PAID,83490.00,2024-01-03 13:48:43
7000000034,1000000034,20240103,246,2,2,CARD,PAID,14520.00,2024-01-03 16:54:49
7000000035,1000000035,20240103,656,2,1,TRANSFER,PAID,18150.00,2024-01-03 17:04:01
7000000038,1000000038,20240103,568,2,1,TRANSFER,PAID,43560.00,2024-01-03 18:12:51
7000000039,1000000039,20240103,406,2,2,TRANSFER,PAID,32670.00,2024-01-03 18:13:37
7000000041,1000000041,20240103,331,2,2,CASH,PAID,18150.00,2024-01-03 19:56:20
7000000043,1000000043,20240103,658,2,1,CARD,PAID,72600.00,2024-01-03 20:47:56
7000000048,1000000048,20240104,382,2,4,CARD,PAID,18150.00,2024-01-04 13:06:21
7000000049,1000000049,20240104,132,2,2,TRANSFER,PAID,47190.00,2024-01-04 14:12:40
7000000051,1000000051,20240104,660,2,1,CASH,PAID,61710.00,2024-01-04 15:32:02
7000000052,1000000052,20240104,198,2,1,CASH,PAID,14520.00,2024-01-04 15:46:25
7000000053,1000000053,20240104,524,2,3,TRANSFER,PAID,50820.00,2024-01-04 16:40:37
7000000054,1000000054,20240104,661,2,4,CASH,PAID,29040.00,2024-01-04 17:24:26
7000000055,1000000055,20240104,662,2,3,CASH,PAID,76230.00,2024-01-04 17:37:47
7000000058,1000000058,20240104,37,2,1,CASH,PAID,87120.00,2024-01-04 20:54:01
7000000063,1000000063,20240105,262,2,2,CASH,PAID,18150.00,2024-01-05 10:38:17
7000000070,1000000070,20240105,665,2,3,CARD,PAID,43560.00,2024-01-05 16:16:39
7000000073,1000000073,20240105,454,2,2,CARD,REFUNDED,30540.00,2024-01-05 19:06:54
7000000074,1000000074,20240105,131,2,1,TRANSFER,PAID,32670.00,2024-01-05 19:44:24
7000000077,1000000077,20240105,252,2,2,CARD,PAID,47190.00,2024-01-05 20:38:21
7000000083,1000000083,20240106,233,2,3,CASH,PAID,61710.00,2024-01-06 10:26:02
7000000086,1000000086,20240106,326,2,4,CASH,PAID,32670.00,2024-01-06 14:46:53
7000000087,1000000087,20240106,558,2,4,CASH,PAID,18150.00,2024-01-06 14:57:55
7000000088,1000000088,20240106,537,2,3,CASH,PAID,19650.00,2024-01-06 15:42:52
7000000090,1000000090,20240106,96,2,1,TRANSFER,REFUNDED,16335.00,2024-01-06 18:57:11
7000000092,1000000092,20240106,22,2,1,CARD,PAID,54450.00,2024-01-06 19:05:46
7000000093,1000000093,20240106,628,2,3,CARD,PAID,65340.00,2024-01-06 19:31:37
7000000094,1000000094,20240106,98,2,2,CASH,PAID,68970.00,2024-01-06 19:40:58
7000000095,1000000095,20240106,374,2,1,CARD,PAID,18150.00,2024-01-06 20:17:44
7000000096,1000000096,20240106,609,2,2,TRANSFER,PAID,18150.00,2024-01-06 20:38:06
7000000110,1000000110,20240108,426,2,1,CASH,REFUNDED,18150.00,2024-01-08 13:25:50
7000000111,1000000111,20240108,429,2,4,CARD,PAID,47190.00,2024-01-08 13:53:28
7000000115,1000000115,20240108,358,2,3,CASH,PAID,36300.00,2024-01-08 16:19:25
7000000116,1000000116,20240108,586,2,1,CARD,PAID,32670.00,2024-01-08 16:54:42
7000000117,1000000117,20240108,71,2,2,CASH,PAID,18150.00,2024-01-08 17:13:44
7000000118,1000000118,20240108,500,2,4,CASH,PAID,18150.00,2024-01-08 17:48:52
7000000119,1000000119,20240108,606,2,4,CARD,PAID,94380.00,2024-01-08 18:21:13
7000000120,1000000120,20240108,610,2,4,CARD,PAID,19950.00,2024-01-08 18:58:21
7000000121,1000000121,20240108,341,2,4,CARD,PAID,18150.00,2024-01-08 19:47:18
7000000127,1000000127,20240109,338,2,1,CARD,PAID,14520.00,2024-01-09 10:48:46
7000000130,1000000130,20240109,677,2,3,CARD,PAID,36300.00,2024-01-09 12:46:38
7000000132,1000000132,20240109,456,2,4,CARD,PAID,18150.00,2024-01-09 13:17:49
7000000133,1000000133,20240109,258,2,1,CASH,PAID,14520.00,2024-01-09 14:03:31
7000000134,1000000134,20240109,175,2,3,CASH,PAID,72600.00,2024-01-09 15:07:14
7000000137,1000000137,20240109,679,2,3,CARD,PAID,36300.00,2024-01-09 17:22:53
7000000139,1000000139,20240109,199,2,3,CARD,PAID,32670.00,2024-01-09 20:59:17
7000000147,1000000147,20240110,485,2,3,CARD,FAILED,32670.00,
7000000148,1000000148,20240110,247,2,1,CASH,PAID,50820.00,2024-01-10 13:01:08
7000000150,1000000150,20240110,682,2,4,CARD,PAID,32670.00,2024-01-10 18:08:42
7000000151,1000000151,20240110,637,2,2,CARD,PAID,14520.00,2024-01-10 18:40:44
7000000152,1000000152,20240110,683,2,4,CASH,PAID,18150.00,2024-01-10 18:41:50
7000000153,1000000153,20240110,376,2,4,CASH,PAID,18135.00,2024-01-10 19:35:15
7000000161,1000000161,20240111,212,2,1,TRANSFER,PAID,43560.00,2024-01-11 11:52:36
7000000162,1000000162,20240111,686,2,3,CASH,PAID,18150.00,2024-01-11 12:05:35
7000000163,1000000163,20240111,407,2,4,TRANSFER,PAID,14520.00,2024-01-11 12:16:06
7000000164,1000000164,20240111,626,2,1,CARD,PAID,18150.00,2024-01-11 12:46:28
7000000165,1000000165,20240111,323,2,1,CASH,PAID,50820.00,2024-01-11 13:00:19
7000000167,1000000167,20240111,385,2,3,TRANSFER,PAID,32670.00,2024-01-11 15:28:12
7000000168,1000000168,20240111,434,2,4,CARD,PAID,65340.00,2024-01-11 15:43:14
7000000169,1000000169,20240111,608,2,2,TRANSFER,PAID,36300.00,2024-01-11 16:24:49
7000000173,1000000173,20240111,689,2,1,CARD,PAID,14520.00,2024-01-11 18:04:32
7000000174,1000000174,20240111,228,2,2,CASH,PAID,18150.00,2024-01-11 18:10:34
7000000176,1000000176,20240111,141,2,1,CARD,PAID,47190.00,2024-01-11 18:20:01
7000000185,1000000185,20240112,693,2,1,CASH,PAID,36300.00,2024-01-12 11:30:35
7000000187,1000000187,20240112,330,2,1,CARD,PAID,36300.00,2024-01-12 14:56:28
7000000189,1000000189,20240112,694,2,4,CARD,PAID,16320.00,2024-01-12 15:47:46
7000000190,1000000190,20240112,646,2,4,CARD,PAID,29040.00,2024-01-12 16:34:20
7000000191,1000000191,20240112,600,2,2,CARD,PAID,32670.00,2024-01-12 19:15:41
7000000192,1000000192,20240112,402,2,3,CASH,PAID,72600.00,2024-01-12 19:16:55
7000000193,1000000193,20240112,695,2,1,CARD,PAID,87120.00,2024-01-12 19:51:46
7000000194,1000000194,20240112,181,2,1,CASH,PAID,14520.00,2024-01-12 20:50:22
7000000198,1000000198,20240113,472,2,2,CARD,PAID,65340.00,2024-01-13 11:12:04
7000000199,1000000199,20240113,347,2,2,CASH,PAID,32670.00,2024-01-13 13:36:09
7000000200,1000000200,20240113,397,2,1,CARD,PAID,49005.00,2024-01-13 14:21:50
7000000202,1000000202,20240113,698,2,2,CARD,PAID,72600.00,2024-01-13 14:36:08
7000000203,1000000203,20240113,699,2,4,CARD,PAID,47190.00,2024-01-13 14:42:44
7000000204,1000000204,20240113,531,2,4,CASH,PAID,61710.00,2024-01-13 15:23:59
7000000207,1000000207,20240113,193,2,2,CASH,PAID,14520.00,2024-01-13 16:05:06
7000000208,1000000208,20240113,441,2,2,CASH,PAID,14520.00,2024-01-13 16:30:44
7000000209,1000000209,20240113,8,2,1,CASH,PAID,111078.00,2024-01-13 16:55:34
7000000210,1000000210,20240113,529,2,1,TRANSFER,PAID,43560.00,2024-01-13 19:14:49
7000000211,1000000211,20240113,701,2,4,CARD,PAID,14520.00,2024-01-13 19:46:26
7000000213,1000000213,20240113,57,2,1,CASH,PAID,18150.00,2024-01-13 19:55:32
7000000214,1000000214,20240113,379,2,1,CASH,PAID,18150.00,2024-01-13 19:59:03
7000000231,1000000231,20240115,477,2,3,CASH,PAID,36300.00,2024-01-15 10:30:30
7000000232,1000000232,20240115,707,2,2,TRANSFER,PAID,29040.00,2024-01-15 10:48:50
7000000235,1000000235,20240115,321,2,1,CARD,PAID,36300.00,2024-01-15 11:47:32
7000000236,1000000236,20240115,215,2,1,CASH,PAID,29040.00,2024-01-15 12:55:43
7000000237,1000000237,20240115,221,2,1,CARD,PAID,14520.00,2024-01-15 13:10:18
7000000239,1000000239,20240115,102,2,1,TRANSFER,PAID,36300.00,2024-01-15 13:47:53
7000000243,1000000243,20240115,546,2,4,CASH,PAID,45738.00,2024-01-15 17:10:29
7000000244,1000000244,20240115,710,2,3,CARD,PAID,18150.00,2024-01-15 17:19:37
7000000245,1000000245,20240115,320,2,3,CARD,PAID,18150.00,2024-01-15 18:16:54
7000000248,1000000248,20240115,51,2,1,CARD,FAILED,36300.00,
7000000253,1000000253,20240116,602,2,4,CARD,PAID,36300.00,2024-01-16 11:08:47
7000000257,1000000257,20240116,508,2,2,CARD,PAID,47190.00,2024-01-16 14:38:47
7000000258,1000000258,20240116,415,2,3,CARD,PAID,65340.00,2024-01-16 14:59:37
7000000259,1000000259,20240116,458,2,1,CARD,PAID,14520.00,2024-01-16 15:35:05
7000000260,1000000260,20240116,395,2,1,CASH,REFUNDED,49005.00,2024-01-16 15:49:20
7000000261,1000000261,20240116,714,2,4,CASH,PAID,18150.00,2024-01-16 16:08:40
7000000265,1000000265,20240116,561,2,3,CARD,PAID,36300.00,2024-01-16 16:56:14
7000000266,1000000266,20240116,562,2,1,CARD,PAID,54450.00,2024-01-16 17:21:13
7000000267,1000000267,20240116,613,2,4,CARD,PAID,18150.00,2024-01-16 17:44:34
7000000270,1000000270,20240117,188,2,3,CASH,PAID,18150.00,2024-01-17 10:33:51
7000000272,1000000272,20240117,598,2,4,CARD,PAID,36300.00,2024-01-17 11:52:09
7000000273,1000000273,20240117,121,2,2,CARD,PAID,18150.00,2024-01-17 12:57:22
7000000276,1000000276,20240117,235,2,1,CARD,PAID,14520.00,2024-01-17 16:34:45
7000000277,1000000277,20240117,718,2,1,CASH,PAID,18150.00,2024-01-17 16:38:41
7000000279,1000000279,20240117,87,2,1,CARD,PAID,18150.00,2024-01-17 18:47:03
7000000280,1000000280,20240117,630,2,4,TRANSFER,PAID,43560.00,2024-01-17 19:55:01
7000000289,1000000289,20240118,291,2,2,CARD,PAID,36300.00,2024-01-18 12:08:11
7000000291,1000000291,20240118,96,2,1,TRANSFER,PAID,36300.00,2024-01-18 12:54:56
7000000292,1000000292,20240118,103,2,1,CARD,PAID,29403.00,2024-01-18 14:48:28
7000000295,1000000295,20240118,722,2,3,CASH,PAID,18150.00,2024-01-18 17:58:12
7000000296,1000000296,20240118,35,2,1,CARD,PAID,29040.00,2024-01-18 17:58:48
7000000297,1000000297,20240118,723,2,4,CARD,PAID,18150.00,2024-01-18 18:14:39
7000000298,1000000298,20240118,724,2,1,CASH,PAID,18150.00,2024-01-18 18:28:55
7000000300,1000000300,20240118,230,2,2,CASH,PAID,87120.00,2024-01-18 20:21:42
7000000306,1000000306,20240119,450,2,1,CARD,PAID,87120.00,2024-01-19 10:21:00
7000000307,1000000307,20240119,185,2,1,CARD,PAID,18150.00,2024-01-19 11:26:18
7000000308,1000000308,20240119,474,2,4,CARD,PAID,32670.00,2024-01-19 11:41:29
7000000314,1000000314,20240119,93,2,2,CARD,PAID,18150.00,2024-01-19 17:59:20
7000000317,1000000317,20240119,729,2,3,TRANSFER,REFUNDED,83490.00,2024-01-19 18:43:34
7000000319,1000000319,20240119,647,2,3,CASH,PAID,58080.00,2024-01-19 19:28:45
7000000323,1000000323,20240120,138,2,1,CARD,PAID,54450.00,2024-01-20 11:14:44
7000000324,1000000324,20240120,223,2,2,TRANSFER,PAID,14520.00,2024-01-20 11:32:09
7000000325,1000000325,20240120,568,2,1,CARD,PAID,58080.00,2024-01-20 11:37:07
7000000326,1000000326,20240120,344,2,2,CARD,PAID,14520.00,2024-01-20 12:43:38
7000000327,1000000327,20240120,730,2,3,CARD,PAID,36300.00,2024-01-20 13:35:44
7000000328,1000000328,20240120,186,2,1,TRANSFER,PAID,19350.00,2024-01-20 15:02:18
7000000330,1000000330,20240120,329,2,4,CASH,PAID,32670.00,2024-01-20 15:39:21
7000000331,1000000331,20240120,41,2,1,CARD,PAID,36300.00,2024-01-20 16:32:06
7000000332,1000000332,20240120,732,2,1,CARD,PAID,54450.00,2024-01-20 17:01:05
7000000333,1000000333,20240120,162,2,3,CARD,PAID,18150.00,2024-01-20 17:58:51
7000000347,1000000347,20240122,136,2,1,CASH,PAID,36300.00,2024-01-22 10:51:47
7000000348,1000000348,20240122,22,2,1,CASH,PAID,36300.00,2024-01-22 11:21:44
7000000350,1000000350,20240122,177,2,3,CARD,PAID,54450.00,2024-01-22 14:11:14
7000000351,1000000351,20240122,737,2,2,CARD,PAID,18150.00,2024-01-22 15:18:20
7000000352,1000000352,20240122,502,2,2,TRANSFER,PAID,50820.00,2024-01-22 16:01:43
7000000354,1000000354,20240122,738,2,2,CASH,PAID,87120.00,2024-01-22 19:30:51
7000000355,1000000355,20240122,309,2,2,CARD,PAID,58080.00,2024-01-22 19:37:09
7000000363,1000000363,20240123,440,2,4,CARD,PAID,18150.00,2024-01-23 11:23:00
7000000365,1000000365,20240123,357,2,1,CASH,PAID,18150.00,2024-01-23 11:58:08
7000000366,1000000366,20240123,743,2,1,CASH,PAID,18150.00,2024-01-23 12:33:05
7000000369,1000000369,20240123,545,2,3,CARD,PAID,14520.00,2024-01-23 14:29:35
7000000371,1000000371,20240123,744,2,2,CASH,PAID,29040.00,2024-01-23 16:09:20
7000000373,1000000373,20240123,91,2,2,CASH,PAID,43560.00,2024-01-23 18:12:10
7000000375,1000000375,20240123,745,2,1,CARD,PAID,32670.00,2024-01-23 18:52:20
7000000379,1000000379,20240124,426,2,1,CARD,PAID,18150.00,2024-01-24 11:11:40
7000000380,1000000380,20240124,119,2,1,CARD,PAID,14520.00,2024-01-24 11:13:29
7000000381,1000000381,20240124,146,2,1,CARD,PAID,29040.00,2024-01-24 11:19:30
7000000383,1000000383,20240124,148,2,2,CARD,PAID,14520.00,2024-01-24 11:39:18
7000000387,1000000387,20240124,210,2,1,CASH,PAID,18150.00,2024-01-24 14:41:42
7000000388,1000000388,20240124,748,2,3,CASH,PAID,14520.00,2024-01-24 16:33:26
7000000390,1000000390,20240124,492,2,4,CASH,PAID,72600.00,2024-01-24 17:33:14
7000000392,1000000392,20240124,749,2,1,CARD,PAID,18150.00,2024-01-24 18:48:24
7000000393,1000000393,20240124,750,2,1,CARD,PAID,54450.00,2024-01-24 20:42:11
7000000395,1000000395,20240125,365,2,3,CARD,PAID,36300.00,2024-01-25 10:53:19
7000000396,1000000396,20240125,406,2,2,TRANSFER,PAID,47190.00,2024-01-25 11:39:53
7000000398,1000000398,20240125,267,2,1,CARD,PAID,15720.00,2024-01-25 14:03:40
7000000399,1000000399,20240125,752,2,1,CASH,PAID,36300.00,2024-01-25 16:31:58
7000000400,1000000400,20240125,418,2,1,CASH,PAID,45738.00,2024-01-25 17:20:53
7000000401,1000000401,20240125,493,2,4,CASH,PAID,54450.00,2024-01-25 17:57:29
7000000409,1000000409,20240126,352,2,3,CARD,PAID,18150.00,2024-01-26 12:20:26
7000000410,1000000410,20240126,370,2,4,CASH,PAID,18150.00,2024-01-26 14:24:05
7000000413,1000000413,20240126,540,2,4,TRANSFER,PAID,32670.00,2024-01-26 14:38:01
7000000414,1000000414,20240126,753,2,2,CASH,PAID,47190.00,2024-01-26 14:51:38
7000000416,1000000416,20240126,437,2,4,CARD,PAID,14520.00,2024-01-26 18:41:08
7000000417,1000000417,20240126,621,2,3,CARD,PAID,79860.00,2024-01-26 18:46:35
7000000418,1000000418,20240126,754,2,2,CASH,PAID,72600.00,2024-01-26 18:57:13
7000000419,1000000419,20240126,273,2,3,CASH,PAID,29040.00,2024-01-26 19:59:31
7000000424,1000000424,20240127,548,2,3,CASH,PAID,36300.00,2024-01-27 10:26:09
7000000425,1000000425,20240127,591,2,4,CARD,PAID,18150.00,2024-01-27 11:05:32
7000000426,1000000426,20240127,559,2,2,CARD,PAID,43560.00,2024-01-27 11:09:14
7000000427,1000000427,20240127,304,2,3,CASH,PAID,14520.00,2024-01-27 11:56:32
7000000428,1000000428,20240127,111,2,2,CARD,PAID,18150.00,2024-01-27 11:57:33
7000000430,1000000430,20240127,203,2,2,TRANSFER,PAID,14520.00,2024-01-27 12:18:56
7000000431,1000000431,20240127,375,2,3,CASH,PAID,32670.00,2024-01-27 13:35:30
7000000433,1000000433,20240127,562,2,1,CARD,PAID,18150.00,2024-01-27 14:50:19
7000000434,1000000434,20240127,321,2,1,CARD,PAID,58080.00,2024-01-27 15:11:32
7000000435,1000000435,20240127,194,2,1,CARD,PAID,14520.00,2024-01-27 16:59:18
7000000436,1000000436,20240127,133,2,1,CARD,PAID,18150.00,2024-01-27 17:10:33
7000000437,1000000437,20240127,227,2,3,CARD,PAID,32670.00,2024-01-27 17:58:13
7000000439,1000000439,20240127,757,2,1,CARD,PAID,18150.00,2024-01-27 18:49:15
7000000440,1000000440,20240127,458,2,1,CARD,PAID,29040.00,2024-01-27 19:30:24
7000000442,1000000442,20240127,758,2,2,CASH,PAID,18150.00,2024-01-27 19:44:06
7000000458,1000000458,20240129,451,2,4,TRANSFER,PAID,36300.00,2024-01-29 10:39:09
7000000459,1000000459,20240129,619,2,1,CARD,PAID,19350.00,2024-01-29 11:36:19
7000000460,1000000460,20240129,761,2,1,CARD,PAID,18150.00,2024-01-29 12:32:54
7000000463,1000000463,20240129,617,2,4,CASH,PAID,16320.00,2024-01-29 17:28:25
7000000465,1000000465,20240129,762,2,2,CASH,PAID,36300.00,2024-01-29 18:14:15
7000000466,1000000466,20240129,158,2,3,CARD,PAID,18150.00,2024-01-29 18:38:48
7000000467,1000000467,20240129,143,2,2,CARD,PAID,18150.00,2024-01-29 18:50:30
7000000468,1000000468,20240129,50,2,1,CARD,PAID,18150.00,2024-01-29 19:20:15
7000000469,1000000469,20240129,117,2,2,CARD,PAID,36300.00,2024-01-29 20:48:11
7000000475,1000000475,20240130,145,2,2,CARD,REFUNDED,14520.00,2024-01-30 13:32:49
7000000476,1000000476,20240130,763,2,2,CASH,PAID,43560.00,2024-01-30 15:12:46
7000000477,1000000477,20240130,515,2,3,CASH,PAID,36300.00,2024-01-30 15:36:20
7000000479,1000000479,20240130,560,2,2,CASH,PAID,36300.00,2024-01-30 17:22:29
7000000480,1000000480,20240130,101,2,2,CARD,PAID,36300.00,2024-01-30 17:24:21
7000000484,1000000484,20240130,245,2,2,CASH,PAID,13068.00,2024-01-30 20:40:13
7000000490,1000000490,20240131,40,2,1,CASH,PAID,18150.00,2024-01-31 11:25:29
7000000493,1000000493,20240131,641,2,3,CARD,PAID,18150.00,2024-01-31 13:13:44
7000000495,1000000495,20240131,769,2,3,CARD,PAID,14520.00,2024-01-31 15:12:02
7000000496,1000000496,20240131,546,2,4,TRANSFER,PAID,36300.00,2024-01-31 15:29:57
7000000497,1000000497,20240131,770,2,1,CARD,PAID,18150.00,2024-01-31 15:54:25
7000000498,1000000498,20240131,628,2,3,CARD,PAID,43560.00,2024-01-31 16:34:36
7000000499,1000000499,20240131,466,2,1,CASH,PAID,37500.00,2024-01-31 17:55:21
7000000500,1000000500,20240131,286,2,3,CASH,PAID,36300.00,2024-01-31 17:58:31
7000000501,1000000501,20240131,771,2,2,CARD,PAID,14520.00,2024-01-31 18:54:27
7000000504,1000000504,20240131,471,2,2,CASH,PAID,29403.00,2024-01-31 20:21:05
7000000511,1000000511,20240201,773,2,1,CARD,PAID,86394.00,2024-02-01 10:10:13
7000000512,1000000512,20240201,301,2,1,CARD,PAID,72600.00,2024-02-01 11:20:11
7000000513,1000000513,20240201,774,2,2,CARD,PAID,18150.00,2024-02-01 11:26:22
7000000514,1000000514,20240201,311,2,3,CARD,PAID,65340.00,2024-02-01 11:41:35
7000000516,1000000516,20240201,776,2,1,TRANSFER,PAID,18150.00,2024-02-01 12:24:32
7000000518,1000000518,20240201,501,2,2,CASH,PAID,43560.00,2024-02-01 14:33:27
7000000519,1000000519,20240201,276,2,2,CASH,PAID,32670.00,2024-02-01 18:43:32
7000000520,1000000520,20240201,38,2,1,TRANSFER,PAID,36300.00,2024-02-01 18:57:04
7000000521,1000000521,20240201,75,2,1,CASH,PAID,68970.00,2024-02-01 19:09:29
7000000523,1000000523,20240201,295,2,3,CARD,PAID,14520.00,2024-02-01 20:00:19
7000000527,1000000527,20240202,585,2,2,TRANSFER,PAID,61710.00,2024-02-02 10:56:50
7000000528,1000000528,20240202,777,2,4,CARD,PAID,65340.00,2024-02-02 11:05:57
7000000529,1000000529,20240202,724,2,1,CASH,PAID,36300.00,2024-02-02 11:16:15
7000000530,1000000530,20240202,376,2,4,CARD,PAID,18150.00,2024-02-02 13:27:35
7000000531,1000000531,20240202,288,2,3,CARD,PAID,18150.00,2024-02-02 13:53:49
7000000533,1000000533,20240202,87,2,1,CASH,PAID,26136.00,2024-02-02 15:39:14
7000000535,1000000535,20240202,778,2,1,CASH,PAID,72600.00,2024-02-02 17:07:36
7000000536,1000000536,20240202,744,2,2,CASH,PAID,29403.00,2024-02-02 17:15:57
7000000537,1000000537,20240202,187,2,2,CARD,PAID,36300.00,2024-02-02 17:38:54
7000000538,1000000538,20240202,677,2,3,TRANSFER,PAID,32670.00,2024-02-02 17:53:29
7000000539,1000000539,20240202,434,2,4,CARD,PAID,18150.00,2024-02-02 17:55:24
7000000546,1000000546,20240202,213,2,3,CASH,PAID,43560.00,2024-02-02 19:48:10
7000000548,1000000548,20240202,538,2,4,CARD,PAID,13068.00,2024-02-02 20:49:02
7000000550,1000000550,20240203,374,2,1,CASH,PAID,54450.00,2024-02-03 10:37:34
7000000551,1000000551,20240203,318,2,3,TRANSFER,PAID,14520.00,2024-02-03 11:35:58
7000000554,1000000554,20240203,292,2,4,CARD,PAID,14520.00,2024-02-03 12:49:42
7000000555,1000000555,20240203,539,2,1,CASH,PAID,76230.00,2024-02-03 13:11:45
7000000557,1000000557,20240203,551,2,3,CARD,PAID,18150.00,2024-02-03 14:48:19
7000000560,1000000560,20240203,511,2,4,TRANSFER,PAID,16320.00,2024-02-03 15:29:26
7000000561,1000000561,20240203,331,2,2,CASH,PAID,18150.00,2024-02-03 15:54:40
7000000562,1000000562,20240203,550,2,2,CASH,PAID,47190.00,2024-02-03 17:15:50
7000000565,1000000565,20240203,516,2,3,CARD,PAID,274609.50,2024-02-03 19:42:59
7000000580,1000000580,20240205,265,2,1,CARD,PAID,32670.00,2024-02-05 13:46:03
7000000582,1000000582,20240205,320,2,3,CARD,PAID,14520.00,2024-02-05 14:21:34
7000000584,1000000584,20240205,580,2,3,TRANSFER,PAID,14520.00,2024-02-05 18:55:22
7000000598,1000000598,20240206,338,2,1,CARD,PAID,18150.00,2024-02-06 11:57:30
7000000599,1000000599,20240206,502,2,2,CARD,PAID,32670.00,2024-02-06 13:26:18
7000000600,1000000600,20240206,266,2,1,CARD,PAID,29040.00,2024-02-06 13:31:28
7000000603,1000000603,20240206,795,2,2,TRANSFER,PAID,14520.00,2024-02-06 15:44:27
7000000604,1000000604,20240206,297,2,3,CASH,PAID,29040.00,2024-02-06 16:00:09
7000000605,1000000605,20240206,656,2,1,CASH,PAID,54450.00,2024-02-06 16:33:42
7000000608,1000000608,20240206,95,2,2,CARD,PAID,14520.00,2024-02-06 17:31:39
7000000612,1000000612,20240207,76,2,2,CARD,PAID,36300.00,2024-02-07 12:34:09
7000000614,1000000614,20240207,395,2,1,CASH,PAID,19350.00,2024-02-07 14:09:14
7000000616,1000000616,20240207,111,2,2,CASH,PAID,13068.00,2024-02-07 16:03:19
7000000617,1000000617,20240207,121,2,2,CASH,PAID,18150.00,2024-02-07 19:41:59
7000000620,1000000620,20240208,137,2,1,CARD,PAID,32670.00,2024-02-08 12:58:59
7000000621,1000000621,20240208,242,2,3,CASH,PAID,58080.00,2024-02-08 13:42:58
7000000622,1000000622,20240208,307,2,4,TRANSFER,PAID,72600.00,2024-02-08 13:48:43
7000000623,1000000623,20240208,239,2,3,CASH,PAID,32670.00,2024-02-08 15:06:35
7000000624,1000000624,20240208,93,2,2,CARD,PAID,72600.00,2024-02-08 15:33:12
7000000625,1000000625,20240208,454,2,2,CARD,PAID,43560.00,2024-02-08 15:51:29
7000000626,1000000626,20240208,565,2,3,CARD,PAID,29040.00,2024-02-08 16:08:13
7000000627,1000000627,20240208,541,2,3,CARD,PAID,14520.00,2024-02-08 17:44:31
7000000628,1000000628,20240208,619,2,1,CASH,PAID,54450.00,2024-02-08 18:05:47
7000000629,1000000629,20240208,390,2,3,CASH,PAID,36300.00,2024-02-08 20:09:48
7000000630,1000000630,20240208,344,2,2,CARD,PAID,14520.00,2024-02-08 20:41:22
7000000637,1000000637,20240209,798,2,3,CASH,PAID,72600.00,2024-02-09 11:26:12
7000000638,1000000638,20240209,472,2,2,CASH,PAID,47190.00,2024-02-09 11:45:02
7000000639,1000000639,20240209,181,2,1,CASH,PAID,36300.00,2024-02-09 12:54:05
7000000641,1000000641,20240209,453,2,3,CARD,PAID,29040.00,2024-02-09 14:43:37
7000000642,1000000642,20240209,235,2,1,CARD,PAID,18150.00,2024-02-09 15:20:52
7000000643,1000000643,20240209,79,2,2,CARD,PAID,36300.00,2024-02-09 18:15:51
7000000653,1000000653,20240210,754,2,4,CARD,PAID,16320.00,2024-02-10 11:53:02
7000000654,1000000654,20240210,801,2,4,CARD,PAID,18150.00,2024-02-10 12:41:44
7000000658,1000000658,20240210,803,2,1,CARD,PAID,14520.00,2024-02-10 13:55:29
7000000659,1000000659,20240210,568,2,1,CARD,PAID,14520.00,2024-02-10 14:15:07
7000000660,1000000660,20240210,555,2,2,CARD,PAID,72600.00,2024-02-10 14:19:30
7000000661,1000000661,20240210,587,2,4,CASH,PAID,65340.00,2024-02-10 14:23:57
7000000662,1000000662,20240210,327,2,4,CASH,PAID,18150.00,2024-02-10 14:52:10
7000000663,1000000663,20240210,459,2,3,TRANSFER,PAID,18150.00,2024-02-10 15:29:02
7000000664,1000000664,20240210,212,2,1,CARD,PAID,54450.00,2024-02-10 15:45:22
7000000666,1000000666,20240210,689,2,1,CARD,PAID,54450.00,2024-02-10 17:49:59
7000000667,1000000667,20240210,535,2,4,TRANSFER,PAID,29040.00,2024-02-10 18:04:22
7000000689,1000000689,20240212,601,2,4,CARD,PAID,18150.00,2024-02-12 17:21:44
7000000690,1000000690,20240212,40,2,1,CARD,PAID,18150.00,2024-02-12 18:27:02
7000000691,1000000691,20240212,441,2,2,CARD,PAID,13068.00,2024-02-12 19:59:06
7000000692,1000000692,20240212,345,2,4,CARD,PAID,14520.00,2024-02-12 20:55:37
7000000698,1000000698,20240213,559,2,2,CASH,PAID,36300.00,2024-02-13 10:54:29
7000000699,1000000699,20240213,807,2,1,CARD,PAID,58080.00,2024-02-13 11:18:27
7000000700,1000000700,20240213,808,2,1,CARD,PAID,26136.00,2024-02-13 12:24:33
7000000702,1000000702,20240213,102,2,1,CARD,PAID,29040.00,2024-02-13 12:57:39
7000000704,1000000704,20240213,455,2,2,CASH,PAID,43560.00,2024-02-13 13:33:40
7000000705,1000000705,20240213,605,2,3,CARD,REFUNDED,16335.00,2024-02-13 14:00:02
7000000709,1000000709,20240213,250,2,3,CARD,PAID,18150.00,2024-02-13 18:25:26
7000000711,1000000711,20240213,75,2,1,CASH,PAID,14520.00,2024-02-13 18:47:46
7000000712,1000000712,20240213,91,2,2,CASH,PAID,116160.00,2024-02-13 19:00:02
7000000718,1000000718,20240214,727,2,1,CARD,PAID,72600.00,2024-02-14 12:19:39
7000000720,1000000720,20240214,415,2,3,CARD,REFUNDED,14520.00,2024-02-14 17:14:05
7000000721,1000000721,20240214,442,2,2,CARD,PAID,65340.00,2024-02-14 17:19:06
7000000723,1000000723,20240214,393,2,1,CASH,PAID,16335.00,2024-02-14 18:48:57
7000000732,1000000732,20240215,51,2,1,CASH,PAID,172788.00,2024-02-15 10:07:59
7000000733,1000000733,20240215,814,2,1,CARD,PAID,14520.00,2024-02-15 11:32:22
7000000736,1000000736,20240215,265,2,1,CASH,PAID,50820.00,2024-02-15 16:33:11
7000000737,1000000737,20240215,815,2,1,CARD,PAID,36300.00,2024-02-15 18:09:45
7000000738,1000000738,20240215,617,2,4,CARD,REFUNDED,32670.00,2024-02-15 18:15:16
7000000739,1000000739,20240215,196,2,1,CARD,REFUNDED,14520.00,2024-02-15 18:25:22
7000000741,1000000741,20240215,185,2,1,CARD,PAID,29040.00,2024-02-15 19:05:13
7000000749,1000000749,20240216,349,2,4,CASH,PAID,14520.00,2024-02-16 10:06:36
7000000751,1000000751,20240216,818,2,4,CASH,PAID,18150.00,2024-02-16 12:11:13
7000000752,1000000752,20240216,688,2,2,CARD,PAID,14520.00,2024-02-16 12:33:36
7000000753,1000000753,20240216,247,2,1,TRANSFER,PAID,14520.00,2024-02-16 13:11:20
7000000754,1000000754,20240216,445,2,4,CASH,REFUNDED,14520.00,2024-02-16 13:23:54
7000000755,1000000755,20240216,819,2,4,CARD,PAID,54450.00,2024-02-16 13:27:25
7000000756,1000000756,20240216,37,2,1,CARD,PAID,32670.00,2024-02-16 13:34:47
7000000758,1000000758,20240216,290,2,3,CARD,PAID,18150.00,2024-02-16 14:19:26
7000000759,1000000759,20240216,450,2,1,CASH,PAID,32670.00,2024-02-16 15:48:00
7000000760,1000000760,20240216,267,2,1,CASH,PAID,14520.00,2024-02-16 16:59:31
7000000761,1000000761,20240216,209,2,1,CARD,PAID,79860.00,2024-02-16 17:40:44
7000000763,1000000763,20240216,306,2,1,CARD,PAID,16335.00,2024-02-16 17:49:02
7000000765,1000000765,20240216,763,2,2,CARD,PAID,18150.00,2024-02-16 19:13:12
7000000766,1000000766,20240216,613,2,4,CASH,PAID,50820.00,2024-02-16 19:22:02
7000000767,1000000767,20240216,375,2,3,CASH,PAID,68970.00,2024-02-16 19:55:49
7000000778,1000000778,20240217,773,2,3,CARD,PAID,65340.00,2024-02-17 10:05:13
7000000780,1000000780,20240217,825,2,1,CASH,PAID,32670.00,2024-02-17 11:56:27
7000000781,1000000781,20240217,273,2,3,TRANSFER,PAID,32670.00,2024-02-17 12:18:07
7000000782,1000000782,20240217,718,2,1,CASH,PAID,18150.00,2024-02-17 12:28:13
7000000783,1000000783,20240217,503,2,3,CARD,PAID,18150.00,2024-02-17 12:41:02
7000000784,1000000784,20240217,448,2,4,CARD,PAID,36300.00,2024-02-17 12:49:14
7000000785,1000000785,20240217,493,2,4,CARD,PAID,18150.00,2024-02-17 12:50:51
7000000786,1000000786,20240217,583,2,4,CARD,PAID,29040.00,2024-02-17 12:52:41
7000000787,1000000787,20240217,175,2,3,CASH,PAID,36300.00,2024-02-17 13:16:29
7000000788,1000000788,20240217,594,2,4,CASH,PAID,54450.00,2024-02-17 13:29:43
7000000789,1000000789,20240217,153,2,2,TRANSFER,PAID,14520.00,2024-02-17 13:45:45
7000000791,1000000791,20240217,188,2,3,CARD,PAID,18150.00,2024-02-17 14:37:32
7000000792,1000000792,20240217,516,2,3,CASH,PAID,18150.00,2024-02-17 14:47:17
7000000794,1000000794,20240217,475,2,2,CASH,PAID,14520.00,2024-02-17 16:33:24
7000000797,1000000797,20240217,321,2,1,TRANSFER,PAID,18150.00,2024-02-17 19:53:32
7000000800,1000000800,20240217,829,2,3,CASH,PAID,13068.00,2024-02-17 20:06:47
7000000801,1000000801,20240217,830,2,4,CARD,PAID,14520.00,2024-02-17 20:41:21
7000000802,1000000802,20240217,512,2,2,CASH,PAID,14520.00,2024-02-17 21:01:57
7000000821,1000000821,20240219,834,2,1,CASH,PAID,14520.00,2024-02-19 10:07:26
7000000822,1000000822,20240219,627,2,3,CARD,PAID,29040.00,2024-02-19 10:12:17
7000000823,1000000823,20240219,50,2,1,CARD,PAID,18150.00,2024-02-19 11:17:05
7000000824,1000000824,20240219,57,2,1,TRANSFER,PAID,29403.00,2024-02-19 11:48:44
7000000825,1000000825,20240219,280,2,2,CARD,PAID,13068.00,2024-02-19 12:01:34
7000000827,1000000827,20240219,562,2,1,CASH,PAID,43560.00,2024-02-19 14:33:09
7000000831,1000000831,20240219,198,2,1,CARD,PAID,14520.00,2024-02-19 15:31:43
7000000835,1000000835,20240219,838,2,1,CARD,PAID,18150.00,2024-02-19 17:18:12
7000000836,1000000836,20240219,187,2,2,CASH,PAID,43560.00,2024-02-19 17:29:11
7000000849,1000000849,20240220,326,2,4,CASH,PAID,43560.00,2024-02-20 10:59:40
7000000852,1000000852,20240220,841,2,2,TRANSFER,PAID,18150.00,2024-02-20 11:43:35
7000000853,1000000853,20240220,588,2,2,TRANSFER,PAID,58080.00,2024-02-20 11:55:34
7000000855,1000000855,20240220,842,2,3,CASH,PAID,14520.00,2024-02-20 12:39:39
7000000857,1000000857,20240220,766,2,1,CARD,PAID,30240.00,2024-02-20 15:13:20
7000000865,1000000865,20240221,406,2,2,TRANSFER,PAID,13068.00,2024-02-21 10:34:03
7000000866,1000000866,20240221,634,2,4,CASH,PAID,26136.00,2024-02-21 10:32:04
7000000867,1000000867,20240221,307,2,4,CARD,PAID,50820.00,2024-02-21 11:26:25
7000000868,1000000868,20240221,596,2,1,CARD,PAID,14520.00,2024-02-21 12:06:25
7000000872,1000000872,20240221,848,2,4,CASH,PAID,50820.00,2024-02-21 12:47:44
7000000876,1000000876,20240221,163,2,2,CARD,PAID,32670.00,2024-02-21 14:12:15
7000000878,1000000878,20240221,256,2,1,CARD,PAID,14520.00,2024-02-21 16:11:56
7000000879,1000000879,20240221,454,2,2,CARD,PAID,58080.00,2024-02-21 16:19:02
7000000880,1000000880,20240221,701,2,4,CARD,PAID,54450.00,2024-02-21 16:46:53
7000000882,1000000882,20240221,236,2,2,CASH,PAID,14520.00,2024-02-21 17:56:44
7000000884,1000000884,20240221,295,2,3,CARD,PAID,32670.00,2024-02-21 18:58:20
7000000886,1000000886,20240221,426,2,1,CASH,PAID,14520.00,2024-02-21 19:27:31
7000000887,1000000887,20240221,646,2,4,CASH,PAID,32670.00,2024-02-21 19:33:29
7000000888,1000000888,20240221,850,2,3,CASH,PAID,29040.00,2024-02-21 20:17:31
7000000891,1000000891,20240222,531,2,4,CARD,PAID,29040.00,2024-02-22 10:18:08
7000000893,1000000893,20240222,218,2,1,CARD,PAID,14520.00,2024-02-22 11:50:30
7000000894,1000000894,20240222,133,2,1,CARD,PAID,36300.00,2024-02-22 13:36:43
7000000895,1000000895,20240222,146,2,1,TRANSFER,PAID,29040.00,2024-02-22 14:28:37
7000000896,1000000896,20240222,177,2,3,CARD,PAID,18150.00,2024-02-22 14:53:16
7000000899,1000000899,20240222,554,2,3,CASH,PAID,18150.00,2024-02-22 16:01:18
7000000900,1000000900,20240222,598,2,4,CASH,PAID,18135.00,2024-02-22 16:47:13
7000000901,1000000901,20240222,519,2,3,TRANSFER,REFUNDED,14568.00,2024-02-22 16:48:21
7000000904,1000000904,20240222,205,2,3,CARD,PAID,14520.00,2024-02-22 19:48:18
7000000912,1000000912,20240223,291,2,2,CARD,PAID,36300.00,2024-02-23 12:58:16
7000000915,1000000915,20240223,857,2,1,TRANSFER,PAID,14520.00,2024-02-23 13:59:13
7000000916,1000000916,20240223,752,2,1,CASH,PAID,15720.00,2024-02-23 15:03:22
7000000917,1000000917,20240223,536,2,3,CARD,PAID,18150.00,2024-02-23 15:22:17
7000000918,1000000918,20240223,431,2,1,CARD,PAID,15720.00,2024-02-23 16:29:44
7000000920,1000000920,20240223,387,2,2,CARD,PAID,47190.00,2024-02-23 17:01:51
7000000922,1000000922,20240223,604,2,3,TRANSFER,PAID,98010.00,2024-02-23 17:39:58
7000000923,1000000923,20240223,665,2,3,CASH,PAID,65340.00,2024-02-23 18:00:09
7000000924,1000000924,20240223,859,2,2,CARD,PAID,72600.00,2024-02-23 18:17:09
7000000925,1000000925,20240223,860,2,3,TRANSFER,PAID,54450.00,2024-02-23 18:40:30
7000000928,1000000928,20240223,444,2,1,CASH,PAID,29040.00,2024-02-23 19:33:14
7000000929,1000000929,20240223,614,2,3,CARD,PAID,29040.00,2024-02-23 19:36:37
7000000931,1000000931,20240223,862,2,4,CASH,PAID,14520.00,2024-02-23 20:28:29
7000000932,1000000932,20240223,266,2,1,CASH,PAID,36300.00,2024-02-23 20:39:23
7000000933,1000000933,20240223,728,2,1,CASH,PAID,18150.00,2024-02-23 20:39:13
7000000939,1000000939,20240224,477,2,3,CARD,PAID,29040.00,2024-02-24 10:04:48
7000000940,1000000940,20240224,864,2,3,CARD,PAID,72600.00,2024-02-24 11:16:50
7000000941,1000000941,20240224,710,2,3,CASH,PAID,14520.00,2024-02-24 11:52:01
7000000942,1000000942,20240224,491,2,2,CARD,FAILED,37800.00,
7000000943,1000000943,20240224,584,2,3,CARD,PAID,43560.00,2024-02-24 12:40:17
7000000944,1000000944,20240224,368,2,2,CASH,PAID,14520.00,2024-02-24 12:40:14
7000000945,1000000945,20240224,224,2,3,CARD,PAID,72600.00,2024-02-24 12:42:58
7000000946,1000000946,20240224,758,2,2,TRANSFER,PAID,32670.00,2024-02-24 12:54:28
7000000949,1000000949,20240224,96,2,1,CASH,PAID,36300.00,2024-02-24 14:11:04
7000000951,1000000951,20240224,79,2,2,CARD,PAID,29040.00,2024-02-24 14:27:23
7000000952,1000000952,20240224,865,2,1,CARD,FAILED,29040.00,
7000000953,1000000953,20240224,866,2,3,CASH,PAID,43560.00,2024-02-24 15:27:02
7000000954,1000000954,20240224,311,2,3,CARD,PAID,14520.00,2024-02-24 15:38:12
7000000955,1000000955,20240224,867,2,3,CARD,PAID,14520.00,2024-02-24 15:51:58
7000000956,1000000956,20240224,518,2,2,CASH,PAID,32670.00,2024-02-24 17:43:03
7000000957,1000000957,20240224,287,2,1,CASH,PAID,14520.00,2024-02-24 18:10:32
7000000958,1000000958,20240224,463,2,3,CARD,PAID,36300.00,2024-02-24 18:21:23
7000000959,1000000959,20240224,492,2,4,CARD,PAID,43560.00,2024-02-24 18:22:41
7000000960,1000000960,20240224,868,2,2,CARD,PAID,101640.00,2024-02-24 18:42:39
7000000961,1000000961,20240224,319,2,3,CARD,PAID,18150.00,2024-02-24 18:57:34
7000000962,1000000962,20240224,799,2,1,CARD,PAID,14520.00,2024-02-24 19:26:21
7000000964,1000000964,20240224,548,2,3,CARD,PAID,36300.00,2024-02-24 19:53:44
7000000965,1000000965,20240224,285,2,2,TRANSFER,PAID,36300.00,2024-02-24 20:01:51
7000000967,1000000967,20240224,481,2,4,CASH,PAID,36300.00,2024-02-24 20:47:59
7000000991,1000000991,20240226,418,2,1,CARD,PAID,68970.00,2024-02-26 11:44:12
7000000992,1000000992,20240226,610,2,4,CASH,PAID,36300.00,2024-02-26 12:21:30
7000000994,1000000994,20240226,683,2,4,CASH,PAID,14520.00,2024-02-26 13:11:04
7000000999,1000000999,20240226,873,2,1,TRANSFER,PAID,18150.00,2024-02-26 18:32:40
7000001002,1000001002,20240226,875,2,3,CARD,PAID,19650.00,2024-02-26 20:05:44
7000001014,1000001014,20240227,466,2,1,TRANSFER,PAID,18150.00,2024-02-27 12:06:16
7000001018,1000001018,20240227,882,2,1,CARD,PAID,50820.00,2024-02-27 16:44:52
7000001019,1000001019,20240227,517,2,4,CARD,PAID,47190.00,2024-02-27 19:45:35
7000001020,1000001020,20240227,194,2,1,CASH,PAID,16335.00,2024-02-27 19:50:33
7000001025,1000001025,20240228,601,2,4,CARD,PAID,18150.00,2024-02-28 10:18:28
7000001026,1000001026,20240228,337,2,3,CASH,PAID,30540.00,2024-02-28 11:04:55
7000001028,1000001028,20240228,617,2,4,CARD,PAID,14520.00,2024-02-28 12:00:44
7000001029,1000001029,20240228,686,2,3,CARD,PAID,19650.00,2024-02-28 13:10:05
7000001030,1000001030,20240228,485,2,3,TRANSFER,PAID,47190.00,2024-02-28 13:20:53
7000001032,1000001032,20240228,145,2,2,CARD,PAID,36300.00,2024-02-28 15:27:46
7000001034,1000001034,20240228,887,2,4,TRANSFER,PAID,50820.00,2024-02-28 15:56:14
7000001036,1000001036,20240228,434,2,4,CARD,PAID,18150.00,2024-02-28 18:22:20
7000001038,1000001038,20240228,430,2,4,CASH,PAID,14520.00,2024-02-28 18:50:23
7000001039,1000001039,20240228,235,2,1,CASH,PAID,72600.00,2024-02-28 18:59:59
7000001040,1000001040,20240228,693,2,1,CASH,PAID,323977.50,2024-02-28 19:05:56
7000001041,1000001041,20240228,245,2,2,CARD,PAID,36300.00,2024-02-28 19:06:31
7000001043,1000001043,20240228,186,2,1,CASH,PAID,87120.00,2024-02-28 19:15:55
7000001044,1000001044,20240228,41,2,1,CARD,PAID,50820.00,2024-02-28 19:20:29
7000001047,1000001047,20240228,445,2,4,CASH,PAID,32670.00,2024-02-28 19:51:23
7000001053,1000001053,20240229,618,2,4,CARD,PAID,43560.00,2024-02-29 12:50:43
7000001054,1000001054,20240229,890,2,4,CARD,PAID,43560.00,2024-02-29 15:20:45
7000001055,1000001055,20240229,891,2,2,TRANSFER,PAID,16020.00,2024-02-29 15:59:02
7000001057,1000001057,20240229,892,2,1,TRANSFER,PAID,54450.00,2024-02-29 16:41:29
7000001058,1000001058,20240229,502,2,2,CARD,PAID,36300.00,2024-02-29 17:28:59
7000001060,1000001060,20240229,102,2,1,CASH,PAID,15720.00,2024-02-29 18:24:29
7000001067,1000001067,20240301,896,2,2,CASH,PAID,18150.00,2024-03-01 11:02:13
7000001068,1000001068,20240301,749,2,1,CASH,PAID,47190.00,2024-03-01 11:05:35
7000001069,1000001069,20240301,494,2,1,TRANSFER,PAID,72600.00,2024-03-01 11:21:34
7000001071,1000001071,20240301,771,2,2,CASH,PAID,43560.00,2024-03-01 12:46:08
7000001072,1000001072,20240301,331,2,2,CASH,PAID,14520.00,2024-03-01 13:31:28
7000001073,1000001073,20240301,897,2,2,CARD,PAID,14520.00,2024-03-01 13:52:10
7000001074,1000001074,20240301,801,2,4,CARD,PAID,65340.00,2024-03-01 14:14:47
7000001075,1000001075,20240301,419,2,1,CASH,PAID,43560.00,2024-03-01 14:42:24
7000001076,1000001076,20240301,544,2,4,CARD,PAID,48990.00,2024-03-01 14:44:15
7000001077,1000001077,20240301,841,2,2,CARD,PAID,160446.00,2024-03-01 15:14:15
7000001081,1000001081,20240301,365,2,3,CARD,PAID,43560.00,2024-03-01 16:34:47
7000001082,1000001082,20240301,900,2,4,CASH,PAID,18135.00,2024-03-01 18:42:30
7000001084,1000001084,20240301,261,2,2,CARD,PAID,39204.00,2024-03-01 18:45:38
7000001085,1000001085,20240301,127,2,2,CASH,REFUNDED,14520.00,2024-03-01 19:00:47
7000001087,1000001087,20240301,901,2,1,CASH,PAID,36300.00,2024-03-01 19:54:20
7000001088,1000001088,20240301,303,2,3,CARD,PAID,29040.00,2024-03-01 20:00:59
7000001091,1000001091,20240301,903,2,2,CARD,PAID,18150.00,2024-03-01 20:51:02
7000001098,1000001098,20240302,907,2,3,CARD,PAID,47190.00,2024-03-02 11:25:16
7000001099,1000001099,20240302,210,2,1,CARD,PAID,37500.00,2024-03-02 12:42:06
7000001101,1000001101,20240302,232,2,2,CARD,PAID,14520.00,2024-03-02 13:27:50
7000001102,1000001102,20240302,133,2,1,CARD,PAID,29040.00,2024-03-02 14:03:20
7000001103,1000001103,20240302,591,2,4,CARD,PAID,52272.00,2024-03-02 14:11:13
7000001104,1000001104,20240302,280,2,2,CARD,PAID,18150.00,2024-03-02 14:12:12
7000001105,1000001105,20240302,761,2,1,CARD,PAID,54450.00,2024-03-02 14:32:20
7000001106,1000001106,20240302,164,2,1,CARD,PAID,29040.00,2024-03-02 14:43:12
7000001107,1000001107,20240302,908,2,4,CARD,PAID,50820.00,2024-03-02 15:17:44
7000001108,1000001108,20240302,219,2,3,CASH,PAID,14520.00,2024-03-02 15:30:13
7000001110,1000001110,20240302,616,2,3,CASH,PAID,18150.00,2024-03-02 15:51:40
7000001113,1000001113,20240302,660,2,1,CASH,PAID,29040.00,2024-03-02 16:56:16
7000001114,1000001114,20240302,352,2,3,CARD,PAID,47190.00,2024-03-02 17:14:17
7000001115,1000001115,20240302,212,2,1,CASH,PAID,29040.00,2024-03-02 19:07:29
7000001116,1000001116,20240302,320,2,3,TRANSFER,PAID,18150.00,2024-03-02 19:29:07
7000001117,1000001117,20240302,910,2,2,CASH,PAID,65340.00,2024-03-02 19:39:17
7000001119,1000001119,20240302,435,2,4,CARD,PAID,18150.00,2024-03-02 19:47:30
7000001120,1000001120,20240302,141,2,1,TRANSFER,PAID,14520.00,2024-03-02 20:20:19
7000001143,1000001143,20240304,917,2,1,CASH,PAID,13068.00,2024-03-04 13:51:39
7000001149,1000001149,20240304,388,2,4,CARD,PAID,36300.00,2024-03-04 18:35:38
7000001150,1000001150,20240304,919,2,1,CARD,PAID,47190.00,2024-03-04 18:37:47
7000001151,1000001151,20240304,585,2,2,CARD,PAID,14520.00,2024-03-04 19:01:06
7000001158,1000001158,20240304,432,2,4,CASH,PAID,18150.00,2024-03-04 20:39:37
7000001159,1000001159,20240304,921,2,2,TRANSFER,PAID,14520.00,2024-03-04 20:49:42
7000001168,1000001168,20240305,510,2,3,TRANSFER,PAID,26136.00,2024-03-05 13:43:27
7000001169,1000001169,20240305,769,2,3,CARD,PAID,14520.00,2024-03-05 13:58:13
7000001172,1000001172,20240305,924,2,1,CASH,PAID,29040.00,2024-03-05 15:24:52
7000001174,1000001174,20240305,393,2,1,CASH,PAID,32670.00,2024-03-05 15:36:26
7000001176,1000001176,20240305,302,2,3,CARD,PAID,43560.00,2024-03-05 17:43:33
7000001177,1000001177,20240305,732,2,1,CARD,PAID,29040.00,2024-03-05 19:55:49
7000001178,1000001178,20240305,385,2,3,CASH,PAID,13068.00,2024-03-05 20:05:41
7000001180,1000001180,20240306,371,2,2,CARD,REFUNDED,16020.00,2024-03-06 10:20:04
7000001182,1000001182,20240306,503,2,3,CASH,PAID,29040.00,2024-03-06 11:09:51
7000001183,1000001183,20240306,562,2,1,CARD,PAID,18150.00,2024-03-06 12:16:27
7000001184,1000001184,20240306,286,2,3,CARD,PAID,14520.00,2024-03-06 12:18:08
7000001185,1000001185,20240306,640,2,1,CASH,PAID,29040.00,2024-03-06 12:22:44
7000001186,1000001186,20240306,474,2,4,CASH,PAID,29040.00,2024-03-06 14:05:02
7000001187,1000001187,20240306,101,2,2,CASH,PAID,18150.00,2024-03-06 14:56:40
7000001188,1000001188,20240306,590,2,1,CARD,PAID,18150.00,2024-03-06 14:56:45
7000001189,1000001189,20240306,751,2,3,CARD,PAID,43560.00,2024-03-06 16:03:56
7000001190,1000001190,20240306,487,2,2,CARD,PAID,18150.00,2024-03-06 16:07:04
7000001192,1000001192,20240306,925,2,2,CARD,PAID,14520.00,2024-03-06 18:09:36
7000001193,1000001193,20240306,422,2,3,CARD,PAID,32670.00,2024-03-06 18:50:58
7000001195,1000001195,20240306,143,2,2,CARD,PAID,13068.00,2024-03-06 19:35:59
7000001196,1000001196,20240306,446,2,4,CARD,PAID,83490.00,2024-03-06 20:17:10
7000001197,1000001197,20240306,741,2,2,TRANSFER,PAID,14520.00,2024-03-06 20:45:45
7000001199,1000001199,20240307,205,2,3,CASH,PAID,14520.00,2024-03-07 10:59:30
7000001200,1000001200,20240307,927,2,3,CARD,PAID,29040.00,2024-03-07 11:12:43
7000001203,1000001203,20240307,203,2,2,CASH,PAID,14520.00,2024-03-07 16:08:13
7000001204,1000001204,20240307,451,2,4,CASH,PAID,18150.00,2024-03-07 16:30:30
7000001205,1000001205,20240307,556,2,4,CARD,PAID,32670.00,2024-03-07 17:38:41
7000001206,1000001206,20240307,850,2,3,CARD,PAID,50820.00,2024-03-07 18:04:56
7000001207,1000001207,20240307,753,2,2,TRANSFER,PAID,47190.00,2024-03-07 18:19:42
7000001208,1000001208,20240307,928,2,1,CARD,PAID,18150.00,2024-03-07 19:01:25
7000001211,1000001211,20240307,327,2,4,CARD,PAID,38100.00,2024-03-07 20:29:20
7000001212,1000001212,20240307,929,2,3,CARD,PAID,72600.00,2024-03-07 20:56:11
7000001213,1000001213,20240308,379,2,1,CARD,PAID,61710.00,2024-03-08 10:13:27
7000001214,1000001214,20240308,135,2,1,CARD,PAID,36300.00,2024-03-08 10:18:26
7000001216,1000001216,20240308,75,2,1,CARD,PAID,32670.00,2024-03-08 11:00:09
7000001217,1000001217,20240308,931,2,4,CASH,PAID,18150.00,2024-03-08 12:27:56
7000001218,1000001218,20240308,163,2,2,TRANSFER,PAID,14520.00,2024-03-08 13:14:02
7000001220,1000001220,20240308,332,2,3,CARD,PAID,14520.00,2024-03-08 16:25:12
7000001221,1000001221,20240308,262,2,2,CASH,PAID,58080.00,2024-03-08 16:39:21
7000001224,1000001224,20240308,174,2,2,CASH,PAID,36300.00,2024-03-08 19:23:20
7000001225,1000001225,20240308,535,2,4,CARD,PAID,32670.00,2024-03-08 20:03:53
7000001232,1000001232,20240309,247,2,1,CARD,PAID,47190.00,2024-03-09 10:26:26
7000001233,1000001233,20240309,188,2,3,CARD,PAID,135762.00,2024-03-09 10:37:02
7000001237,1000001237,20240309,663,2,1,CASH,PAID,29040.00,2024-03-09 13:31:12
7000001238,1000001238,20240309,545,2,3,CARD,PAID,36300.00,2024-03-09 14:05:34
7000001239,1000001239,20240309,936,2,4,CARD,PAID,43560.00,2024-03-09 14:44:17
7000001240,1000001240,20240309,883,2,2,CARD,PAID,14520.00,2024-03-09 16:35:45
7000001241,1000001241,20240309,561,2,3,CARD,PAID,18150.00,2024-03-09 16:41:20
7000001242,1000001242,20240309,525,2,2,CARD,PAID,14520.00,2024-03-09 16:52:34
7000001243,1000001243,20240309,529,2,1,CARD,PAID,58080.00,2024-03-09 17:10:55
7000001244,1000001244,20240309,937,2,1,TRANSFER,PAID,29040.00,2024-03-09 17:41:39
7000001246,1000001246,20240309,439,2,1,CARD,PAID,14520.00,2024-03-09 18:16:40
7000001247,1000001247,20240309,825,2,1,CARD,PAID,92565.00,2024-03-09 18:20:07
7000001249,1000001249,20240309,402,2,3,CARD,PAID,14520.00,2024-03-09 20:17:52
7000001260,1000001260,20240311,501,2,2,CASH,PAID,14520.00,2024-03-11 10:00:34
7000001261,1000001261,20240311,387,2,2,TRANSFER,PAID,32670.00,2024-03-11 10:31:02
7000001264,1000001264,20240311,945,2,2,CARD,PAID,48690.00,2024-03-11 14:34:13
7000001267,1000001267,20240311,287,2,1,CARD,PAID,18150.00,2024-03-11 16:35:44
7000001269,1000001269,20240311,511,2,4,CASH,PAID,32670.00,2024-03-11 19:17:45
7000001273,1000001273,20240312,842,2,3,CASH,PAID,18150.00,2024-03-12 10:42:38
7000001274,1000001274,20240312,949,2,3,TRANSFER,PAID,14520.00,2024-03-12 11:05:07
7000001276,1000001276,20240312,867,2,3,CARD,PAID,14520.00,2024-03-12 11:49:25
7000001278,1000001278,20240312,727,2,1,CARD,PAID,43560.00,2024-03-12 13:23:16
7000001281,1000001281,20240312,160,2,1,CASH,PAID,29040.00,2024-03-12 15:03:25
7000001286,1000001286,20240312,890,2,4,CARD,PAID,29040.00,2024-03-12 18:17:00
7000001287,1000001287,20240312,512,2,2,CASH,PAID,54450.00,2024-03-12 18:48:58
7000001292,1000001292,20240313,301,2,1,CASH,PAID,14520.00,2024-03-13 11:10:28
7000001297,1000001297,20240313,953,2,2,CARD,PAID,14520.00,2024-03-13 17:15:41
7000001298,1000001298,20240313,448,2,4,CARD,PAID,14520.00,2024-03-13 17:56:12
7000001301,1000001301,20240313,114,2,2,CASH,PAID,14520.00,2024-03-13 18:42:25
7000001302,1000001302,20240313,235,2,1,CARD,FAILED,36300.00,
7000001304,1000001304,20240313,954,2,2,CARD,PAID,65340.00,2024-03-13 20:17:06
7000001311,1000001311,20240314,127,2,2,CARD,PAID,72600.00,2024-03-14 11:16:36
7000001314,1000001314,20240314,907,2,3,CARD,PAID,14520.00,2024-03-14 12:31:20
7000001315,1000001315,20240314,291,2,2,CASH,PAID,36300.00,2024-03-14 13:32:21
7000001316,1000001316,20240314,835,2,2,CASH,PAID,14520.00,2024-03-14 13:42:43
7000001317,1000001317,20240314,389,2,1,CARD,PAID,79860.00,2024-03-14 17:30:56
7000001318,1000001318,20240314,627,2,3,CASH,PAID,36300.00,2024-03-14 17:46:16
7000001319,1000001319,20240314,957,2,2,TRANSFER,PAID,47190.00,2024-03-14 18:26:13
7000001320,1000001320,20240314,434,2,4,CARD,PAID,14520.00,2024-03-14 18:36:39
7000001321,1000001321,20240314,91,2,2,CASH,PAID,18150.00,2024-03-14 19:48:59
7000001322,1000001322,20240314,239,2,3,CASH,REFUNDED,32670.00,2024-03-14 20:33:16
7000001323,1000001323,20240315,194,2,1,CARD,PAID,14520.00,2024-03-15 11:57:46
7000001324,1000001324,20240315,584,2,3,CASH,PAID,36300.00,2024-03-15 13:38:37
7000001325,1000001325,20240315,722,2,3,TRANSFER,PAID,14520.00,2024-03-15 13:40:25
7000001326,1000001326,20240315,750,2,1,CARD,PAID,36300.00,2024-03-15 14:13:41
7000001327,1000001327,20240315,860,2,3,CASH,PAID,14520.00,2024-03-15 14:17:45
7000001328,1000001328,20240315,840,2,2,CASH,PAID,54450.00,2024-03-15 14:18:38
7000001330,1000001330,20240315,961,2,1,CARD,PAID,14520.00,2024-03-15 15:23:39
7000001332,1000001332,20240315,415,2,3,CASH,PAID,76230.00,2024-03-15 17:12:08
7000001333,1000001333,20240315,276,2,2,CARD,PAID,29040.00,2024-03-15 17:16:01
7000001335,1000001335,20240315,136,2,1,CASH,PAID,98010.00,2024-03-15 18:35:38
7000001338,1000001338,20240316,962,2,1,CARD,PAID,72600.00,2024-03-16 10:51:30
7000001340,1000001340,20240316,374,2,1,CARD,PAID,29040.00,2024-03-16 11:22:44
7000001343,1000001343,20240316,245,2,2,CARD,PAID,14520.00,2024-03-16 15:52:19
7000001344,1000001344,20240316,504,2,4,TRANSFER,PAID,83490.00,2024-03-16 16:42:00
7000001345,1000001345,20240316,250,2,3,CARD,PAID,36300.00,2024-03-16 18:47:38
7000001346,1000001346,20240316,600,2,2,CARD,REFUNDED,65340.00,2024-03-16 18:58:35
7000001347,1000001347,20240316,609,2,2,CARD,PAID,29040.00,2024-03-16 19:18:48
7000001348,1000001348,20240316,628,2,3,TRANSFER,PAID,54450.00,2024-03-16 20:09:05
7000001349,1000001349,20240316,571,2,4,CARD,PAID,29040.00,2024-03-16 20:09:03
7000001359,1000001359,20240318,426,2,1,CASH,PAID,16335.00,2024-03-18 10:44:13
7000001360,1000001360,20240318,8,2,1,CARD,PAID,47190.00,2024-03-18 11:22:33
7000001361,1000001361,20240318,966,2,2,CARD,PAID,47190.00,2024-03-18 11:45:44
7000001362,1000001362,20240318,346,2,4,CARD,PAID,30840.00,2024-03-18 12:20:25
7000001363,1000001363,20240318,548,2,3,CARD,PAID,14520.00,2024-03-18 12:36:15
7000001364,1000001364,20240318,783,2,1,CARD,PAID,15720.00,2024-03-18 12:57:24
7000001365,1000001365,20240318,769,2,3,CASH,PAID,43560.00,2024-03-18 13:41:18
7000001366,1000001366,20240318,455,2,2,CASH,PAID,18150.00,2024-03-18 15:12:54
7000001367,1000001367,20240318,665,2,3,CARD,PAID,29040.00,2024-03-18 15:19:50
7000001371,1000001371,20240318,208,2,3,CARD,PAID,48690.00,2024-03-18 19:17:13
7000001372,1000001372,20240318,968,2,3,CARD,PAID,32670.00,2024-03-18 19:41:43
7000001374,1000001374,20240318,198,2,1,CASH,PAID,29040.00,2024-03-18 20:10:55
7000001379,1000001379,20240319,971,2,1,CARD,PAID,18150.00,2024-03-19 11:18:32
7000001380,1000001380,20240319,458,2,1,CASH,PAID,32670.00,2024-03-19 11:33:04
7000001381,1000001381,20240319,921,2,2,CARD,PAID,18150.00,2024-03-19 11:37:09
7000001382,1000001382,20240319,972,2,1,CARD,PAID,14520.00,2024-03-19 11:36:12
7000001383,1000001383,20240319,686,2,3,CARD,PAID,18150.00,2024-03-19 12:33:39
7000001385,1000001385,20240319,380,2,3,TRANSFER,PAID,36300.00,2024-03-19 15:52:36
7000001387,1000001387,20240319,453,2,3,CARD,PAID,36300.00,2024-03-19 17:08:56
7000001390,1000001390,20240319,848,2,4,CASH,PAID,14520.00,2024-03-19 18:35:12
7000001391,1000001391,20240319,574,2,4,CASH,PAID,14520.00,2024-03-19 18:47:40
7000001392,1000001392,20240319,111,2,2,CARD,PAID,47190.00,2024-03-19 18:51:48
7000001393,1000001393,20240319,975,2,1,CASH,PAID,54450.00,2024-03-19 19:12:04
7000001400,1000001400,20240320,347,2,2,CARD,PAID,29040.00,2024-03-20 11:00:57
7000001402,1000001402,20240320,528,2,4,CASH,PAID,18150.00,2024-03-20 11:50:01
7000001403,1000001403,20240320,718,2,1,CARD,PAID,87120.00,2024-03-20 12:24:01
7000001405,1000001405,20240320,516,2,3,CASH,PAID,79860.00,2024-03-20 14:18:34
7000001407,1000001407,20240320,365,2,3,CASH,PAID,83490.00,2024-03-20 15:46:51
7000001408,1000001408,20240320,560,2,2,CARD,PAID,43560.00,2024-03-20 15:55:36
7000001409,1000001409,20240320,385,2,3,CARD,PAID,29040.00,2024-03-20 15:59:11
7000001410,1000001410,20240320,264,2,2,TRANSFER,PAID,14520.00,2024-03-20 16:46:52
7000001411,1000001411,20240320,793,2,2,CARD,PAID,18150.00,2024-03-20 16:55:56
7000001412,1000001412,20240320,308,2,2,CARD,PAID,79860.00,2024-03-20 18:08:21
7000001413,1000001413,20240320,466,2,1,CASH,PAID,18150.00,2024-03-20 18:23:37
7000001420,1000001420,20240321,555,2,2,CASH,PAID,72600.00,2024-03-21 11:39:28
7000001421,1000001421,20240321,753,2,2,CARD,PAID,83490.00,2024-03-21 12:05:45
7000001424,1000001424,20240321,979,2,2,CARD,PAID,14520.00,2024-03-21 16:46:25
7000001426,1000001426,20240321,163,2,2,CASH,PAID,18150.00,2024-03-21 17:13:32
7000001427,1000001427,20240321,981,2,2,CARD,PAID,83490.00,2024-03-21 18:29:19
7000001428,1000001428,20240321,605,2,3,CARD,PAID,18150.00,2024-03-21 19:24:55
7000001429,1000001429,20240321,917,2,1,CARD,FAILED,14520.00,
7000001436,1000001436,20240322,834,2,3,CARD,PAID,29040.00,2024-03-22 12:42:38
7000001437,1000001437,20240322,766,2,1,CASH,PAID,58080.00,2024-03-22 14:03:13
7000001440,1000001440,20240322,707,2,2,TRANSFER,PAID,14520.00,2024-03-22 15:22:12
7000001442,1000001442,20240322,689,2,1,TRANSFER,REFUNDED,36300.00,2024-03-22 18:19:13
7000001447,1000001447,20240323,929,2,3,CARD,PAID,18150.00,2024-03-23 10:20:21
7000001449,1000001449,20240323,376,2,4,CASH,PAID,13068.00,2024-03-23 11:46:19
7000001450,1000001450,20240323,515,2,3,CARD,FAILED,29040.00,
7000001452,1000001452,20240323,60,2,1,CASH,PAID,43560.00,2024-03-23 13:24:07
7000001453,1000001453,20240323,235,2,1,CARD,PAID,13068.00,2024-03-23 13:30:25
7000001454,1000001454,20240323,114,2,2,CARD,PAID,18150.00,2024-03-23 14:33:41
7000001455,1000001455,20240323,131,2,1,CASH,PAID,29040.00,2024-03-23 14:49:53
7000001459,1000001459,20240323,987,2,2,TRANSFER,PAID,52272.00,2024-03-23 17:41:52
7000001460,1000001460,20240323,988,2,3,CASH,PAID,14520.00,2024-03-23 17:44:48
7000001462,1000001462,20240323,304,2,3,CARD,PAID,79860.00,2024-03-23 19:47:53
7000001463,1000001463,20240323,508,2,2,CASH,PAID,18150.00,2024-03-23 20:38:13
7000001478,1000001478,20240325,395,2,1,CASH,PAID,47190.00,2024-03-25 13:00:45
7000001482,1000001482,20240325,137,2,1,CARD,PAID,14520.00,2024-03-25 17:41:41
7000001483,1000001483,20240325,565,2,3,CARD,PAID,47190.00,2024-03-25 18:26:43
7000001484,1000001484,20240325,541,2,3,CARD,PAID,18150.00,2024-03-25 18:54:17
7000001487,1000001487,20240326,993,2,3,CASH,PAID,36300.00,2024-03-26 11:18:47
7000001489,1000001489,20240326,994,2,1,CASH,PAID,15720.00,2024-03-26 13:25:01
7000001490,1000001490,20240326,319,2,3,CASH,PAID,14520.00,2024-03-26 14:06:33
7000001491,1000001491,20240326,877,2,2,CASH,PAID,18150.00,2024-03-26 14:09:55
7000001496,1000001496,20240326,698,2,2,CASH,PAID,29040.00,2024-03-26 16:42:44
7000001504,1000001504,20240326,937,2,1,CASH,PAID,32670.00,2024-03-26 20:09:19
7000001511,1000001511,20240327,897,2,2,CARD,PAID,47190.00,2024-03-27 12:20:21
7000001513,1000001513,20240327,617,2,4,CARD,PAID,18150.00,2024-03-27 13:12:16
7000001514,1000001514,20240327,221,2,1,CARD,PAID,18150.00,2024-03-27 13:14:19
7000001516,1000001516,20240327,210,2,1,CARD,PAID,29040.00,2024-03-27 14:46:49
7000001518,1000001518,20240327,1000,2,1,TRANSFER,PAID,18150.00,2024-03-27 15:32:40
7000001522,1000001522,20240327,643,2,3,TRANSFER,PAID,36300.00,2024-03-27 18:16:49
7000001529,1000001529,20240328,600,2,2,CARD,PAID,36300.00,2024-03-28 10:02:22
7000001530,1000001530,20240328,1004,2,4,CARD,PAID,36300.00,2024-03-28 11:20:28
7000001531,1000001531,20240328,1005,2,1,CARD,PAID,68970.00,2024-03-28 12:44:45
7000001534,1000001534,20240328,160,2,1,CARD,PAID,18150.00,2024-03-28 17:39:29
7000001537,1000001537,20240328,701,2,4,CASH,PAID,18150.00,2024-03-28 20:48:19
7000001542,1000001542,20240329,727,2,1,CASH,PAID,29040.00,2024-03-29 12:01:58
7000001543,1000001543,20240329,688,2,2,CARD,PAID,32670.00,2024-03-29 12:41:22
7000001544,1000001544,20240329,723,2,4,TRANSFER,PAID,16320.00,2024-03-29 12:42:56
7000001545,1000001545,20240329,779,2,1,CASH,PAID,58080.00,2024-03-29 13:04:51
7000001546,1000001546,20240329,830,2,4,CARD,PAID,18150.00,2024-03-29 13:20:03
7000001548,1000001548,20240329,485,2,3,CASH,PAID,14520.00,2024-03-29 16:59:20
7000001549,1000001549,20240329,224,2,3,CASH,PAID,58080.00,2024-03-29 18:06:19
7000001550,1000001550,20240329,1010,2,3,TRANSFER,PAID,18150.00,2024-03-29 19:02:23
7000001551,1000001551,20240329,1011,2,2,CARD,PAID,29040.00,2024-03-29 19:38:15
7000001552,1000001552,20240329,510,2,3,CARD,PAID,36300.00,2024-03-29 19:39:58
7000001554,1000001554,20240329,891,2,2,CARD,PAID,18150.00,2024-03-29 21:01:50
7000001559,1000001559,20240330,598,2,4,CARD,PAID,14520.00,2024-03-30 11:10:51
7000001560,1000001560,20240330,619,2,1,TRANSFER,PAID,18150.00,2024-03-30 11:53:45
7000001561,1000001561,20240330,265,2,1,CASH,PAID,29040.00,2024-03-30 13:45:13
7000001562,1000001562,20240330,1014,2,2,CARD,FAILED,36300.00,
7000001565,1000001565,20240330,1015,2,3,CASH,PAID,36300.00,2024-03-30 15:04:32
7000001566,1000001566,20240330,618,2,4,CASH,PAID,29040.00,2024-03-30 15:16:19
7000001568,1000001568,20240330,329,2,4,CASH,PAID,36300.00,2024-03-30 16:55:54
7000001571,1000001571,20240330,795,2,2,CARD,PAID,29040.00,2024-03-30 20:18:53
7000001592,1000001592,20240401,285,2,2,TRANSFER,PAID,14520.00,2024-04-01 10:37:39
7000001597,1000001597,20240401,346,2,4,CASH,PAID,14520.00,2024-04-01 12:45:59
7000001598,1000001598,20240401,829,2,3,CARD,PAID,18150.00,2024-04-01 13:01:50
7000001601,1000001601,20240401,1024,2,4,CASH,PAID,68970.00,2024-04-01 14:53:44
7000001604,1000001604,20240401,341,2,4,CARD,PAID,65340.00,2024-04-01 16:01:19
7000001605,1000001605,20240401,729,2,3,TRANSFER,PAID,29040.00,2024-04-01 16:32:55
7000001607,1000001607,20240401,1025,2,3,CARD,PAID,14520.00,2024-04-01 16:42:44
7000001608,1000001608,20240401,458,2,1,CASH,PAID,47190.00,2024-04-01 16:48:42
7000001610,1000001610,20240401,662,2,3,CASH,PAID,61710.00,2024-04-01 17:57:10
7000001613,1000001613,20240401,352,2,3,CARD,PAID,43560.00,2024-04-01 20:53:26
7000001616,1000001616,20240402,953,2,2,TRANSFER,PAID,29040.00,2024-04-02 17:51:54
7000001617,1000001617,20240402,660,2,1,TRANSFER,PAID,36300.00,2024-04-02 18:42:15
7000001618,1000001618,20240402,521,2,4,CARD,PAID,79860.00,2024-04-02 19:30:38
7000001619,1000001619,20240402,535,2,4,TRANSFER,PAID,61710.00,2024-04-02 20:02:02
7000001626,1000001626,20240403,693,2,1,CARD,PAID,29040.00,2024-04-03 10:30:36
7000001629,1000001629,20240403,850,2,3,CASH,PAID,14520.00,2024-04-03 14:56:06
7000001630,1000001630,20240403,588,2,2,CASH,PAID,48690.00,2024-04-03 16:06:48
7000001631,1000001631,20240403,121,2,2,CARD,PAID,58080.00,2024-04-03 18:33:10
7000001632,1000001632,20240403,989,2,3,CARD,PAID,29040.00,2024-04-03 18:58:13
7000001639,1000001639,20240404,640,2,1,CARD,PAID,50820.00,2024-04-04 11:11:36
7000001642,1000001642,20240404,1031,2,3,CASH,PAID,36300.00,2024-04-04 13:26:59
7000001643,1000001643,20240404,326,2,4,CASH,PAID,14520.00,2024-04-04 15:00:02
7000001644,1000001644,20240404,961,2,1,CARD,PAID,14520.00,2024-04-04 15:08:56
7000001646,1000001646,20240404,196,2,1,CARD,PAID,14520.00,2024-04-04 16:19:57
7000001647,1000001647,20240404,626,2,1,CASH,PAID,18150.00,2024-04-04 18:14:07
7000001650,1000001650,20240404,738,2,2,CASH,PAID,45738.00,2024-04-04 20:30:31
7000001656,1000001656,20240405,302,2,3,CARD,PAID,61710.00,2024-04-05 11:29:31
7000001657,1000001657,20240405,132,2,2,CARD,PAID,29040.00,2024-04-05 12:39:35
7000001660,1000001660,20240405,236,2,2,CARD,PAID,72600.00,2024-04-05 14:41:24
7000001661,1000001661,20240405,345,2,4,CARD,PAID,47190.00,2024-04-05 14:52:53
7000001662,1000001662,20240405,1032,2,1,TRANSFER,PAID,43560.00,2024-04-05 18:40:55
7000001663,1000001663,20240405,1033,2,2,TRANSFER,PAID,72600.00,2024-04-05 18:50:17
7000001664,1000001664,20240405,370,2,4,CARD,PAID,18150.00,2024-04-05 19:43:34
7000001665,1000001665,20240405,605,2,3,CARD,PAID,58080.00,2024-04-05 20:10:28
7000001673,1000001673,20240406,320,2,3,CARD,PAID,76230.00,2024-04-06 10:45:53
7000001676,1000001676,20240406,1034,2,2,CASH,PAID,47190.00,2024-04-06 12:17:13
7000001677,1000001677,20240406,925,2,2,TRANSFER,PAID,58080.00,2024-04-06 12:18:07
7000001678,1000001678,20240406,1035,2,2,CARD,PAID,43560.00,2024-04-06 12:17:48
7000001679,1000001679,20240406,617,2,4,CARD,PAID,29040.00,2024-04-06 12:30:31
7000001680,1000001680,20240406,336,2,4,TRANSFER,PAID,14520.00,2024-04-06 12:44:17
7000001681,1000001681,20240406,472,2,2,CARD,PAID,14520.00,2024-04-06 13:52:52
7000001682,1000001682,20240406,929,2,3,CASH,PAID,47190.00,2024-04-06 15:31:45
7000001683,1000001683,20240406,560,2,2,CASH,PAID,18150.00,2024-04-06 15:42:42
7000001684,1000001684,20240406,536,2,3,CARD,PAID,14520.00,2024-04-06 15:53:31
7000001687,1000001687,20240406,357,2,1,TRANSFER,PAID,18150.00,2024-04-06 16:32:26
7000001688,1000001688,20240406,973,2,2,CASH,PAID,29040.00,2024-04-06 17:05:38
7000001689,1000001689,20240406,422,2,3,CARD,PAID,185130.00,2024-04-06 18:12:51
7000001690,1000001690,20240406,865,2,1,CASH,PAID,13068.00,2024-04-06 18:46:47
7000001691,1000001691,20240406,1036,2,3,CASH,PAID,32670.00,2024-04-06 19:07:28
7000001692,1000001692,20240406,291,2,2,CASH,PAID,32670.00,2024-04-06 19:22:47
7000001695,1000001695,20240406,301,2,1,CASH,PAID,36300.00,2024-04-06 20:04:20
7000001711,1000001711,20240408,186,2,1,CASH,PAID,43560.00,2024-04-08 12:36:40
7000001712,1000001712,20240408,388,2,4,CASH,PAID,36300.00,2024-04-08 12:40:23
7000001713,1000001713,20240408,1040,2,2,CASH,PAID,36300.00,2024-04-08 13:10:55
7000001714,1000001714,20240408,41,2,1,TRANSFER,PAID,18150.00,2024-04-08 13:28:00
7000001715,1000001715,20240408,1041,2,3,CARD,PAID,29040.00,2024-04-08 13:43:01
7000001716,1000001716,20240408,743,2,2,CASH,PAID,18150.00,2024-04-08 14:08:38
7000001717,1000001717,20240408,1042,2,1,CASH,PAID,43560.00,2024-04-08 15:49:02
7000001718,1000001718,20240408,307,2,4,CASH,PAID,72600.00,2024-04-08 15:52:08
7000001720,1000001720,20240408,1044,2,3,CARD,PAID,68607.00,2024-04-08 19:05:23
7000001732,1000001732,20240409,177,2,3,TRANSFER,PAID,14520.00,2024-04-09 11:44:13
7000001733,1000001733,20240409,426,2,1,CARD,PAID,14520.00,2024-04-09 11:53:21
7000001734,1000001734,20240409,199,2,3,TRANSFER,PAID,14520.00,2024-04-09 13:23:04
7000001740,1000001740,20240409,112,2,1,CARD,PAID,15720.00,2024-04-09 16:44:15
7000001746,1000001746,20240409,295,2,3,CASH,PAID,72600.00,2024-04-09 19:22:34
7000001747,1000001747,20240409,987,2,2,CARD,PAID,14520.00,2024-04-09 20:00:12
7000001753,1000001753,20240410,778,2,1,CASH,PAID,14520.00,2024-04-10 11:52:31
7000001754,1000001754,20240410,1050,2,4,CASH,PAID,65340.00,2024-04-10 12:28:22
7000001759,1000001759,20240410,584,2,3,CARD,PAID,43560.00,2024-04-10 15:46:42
7000001760,1000001760,20240410,686,2,3,CARD,PAID,14520.00,2024-04-10 18:49:31
7000001761,1000001761,20240410,1052,2,3,CARD,PAID,79860.00,2024-04-10 19:40:44
7000001762,1000001762,20240410,512,2,2,CARD,PAID,29040.00,2024-04-10 20:44:35
7000001774,1000001774,20240411,616,2,3,CASH,PAID,83490.00,2024-04-11 12:22:40
7000001775,1000001775,20240411,890,2,4,CARD,PAID,29040.00,2024-04-11 12:36:42
7000001776,1000001776,20240411,1056,2,4,CASH,PAID,54450.00,2024-04-11 15:04:56
7000001777,1000001777,20240411,224,2,3,CARD,PAID,47190.00,2024-04-11 18:58:09
7000001781,1000001781,20240411,682,2,4,CARD,PAID,14520.00,2024-04-11 21:01:17
7000001785,1000001785,20240412,198,2,1,CARD,PAID,14520.00,2024-04-12 14:30:44
7000001786,1000001786,20240412,1059,2,3,CARD,PAID,61710.00,2024-04-12 15:06:46
7000001788,1000001788,20240412,444,2,1,CARD,PAID,29040.00,2024-04-12 17:46:29
7000001789,1000001789,20240412,994,2,1,CARD,PAID,18150.00,2024-04-12 18:33:07
7000001790,1000001790,20240412,509,2,3,CARD,PAID,14520.00,2024-04-12 19:21:28
7000001791,1000001791,20240412,1061,2,1,TRANSFER,PAID,65340.00,2024-04-12 19:51:48
7000001792,1000001792,20240412,493,2,4,TRANSFER,PAID,36300.00,2024-04-12 19:54:11
7000001793,1000001793,20240412,975,2,1,CARD,PAID,47190.00,2024-04-12 20:07:56
7000001795,1000001795,20240412,1062,2,4,CASH,PAID,29040.00,2024-04-12 20:37:00
7000001799,1000001799,20240413,1063,2,3,CARD,PAID,29040.00,2024-04-13 11:53:08
7000001800,1000001800,20240413,710,2,3,CASH,PAID,43560.00,2024-04-13 12:03:59
7000001802,1000001802,20240413,707,2,2,CASH,PAID,29040.00,2024-04-13 15:32:05
7000001803,1000001803,20240413,101,2,2,CARD,PAID,29403.00,2024-04-13 17:01:06
7000001804,1000001804,20240413,102,2,1,CARD,PAID,14520.00,2024-04-13 17:23:44
7000001805,1000001805,20240413,280,2,2,CARD,PAID,14520.00,2024-04-13 18:39:16
7000001806,1000001806,20240413,1064,2,2,CASH,PAID,36300.00,2024-04-13 19:13:55
7000001824,1000001824,20240415,38,2,1,CASH,PAID,36300.00,2024-04-15 15:27:45
7000001825,1000001825,20240415,441,2,2,CASH,PAID,58080.00,2024-04-15 16:31:55
7000001826,1000001826,20240415,212,2,1,TRANSFER,PAID,14520.00,2024-04-15 17:17:36
7000001827,1000001827,20240415,862,2,4,CASH,REFUNDED,32670.00,2024-04-15 19:39:03
7000001828,1000001828,20240415,777,2,4,CARD,PAID,18150.00,2024-04-15 19:55:43
7000001834,1000001834,20240416,487,2,2,CASH,PAID,18150.00,2024-04-16 11:31:02
7000001835,1000001835,20240416,654,2,2,CASH,PAID,32670.00,2024-04-16 11:51:43
7000001836,1000001836,20240416,415,2,3,CARD,PAID,43560.00,2024-04-16 12:38:36
7000001838,1000001838,20240416,429,2,4,CARD,PAID,14520.00,2024-04-16 14:46:13
7000001840,1000001840,20240416,498,2,4,CASH,PAID,47190.00,2024-04-16 17:24:14
7000001842,1000001842,20240416,1010,2,3,CASH,PAID,72600.00,2024-04-16 19:20:15
7000001843,1000001843,20240416,541,2,3,CASH,PAID,47190.00,2024-04-16 19:41:46
7000001844,1000001844,20240416,245,2,2,CARD,REFUNDED,14520.00,2024-04-16 20:13:43
7000001847,1000001847,20240417,205,2,3,CASH,PAID,14520.00,2024-04-17 10:32:23
7000001848,1000001848,20240417,924,2,1,CARD,PAID,32670.00,2024-04-17 10:47:06
7000001849,1000001849,20240417,350,2,4,CARD,PAID,29040.00,2024-04-17 12:09:24
7000001850,1000001850,20240417,194,2,1,CARD,PAID,14520.00,2024-04-17 13:25:03
7000001851,1000001851,20240417,1074,2,2,CARD,PAID,50820.00,2024-04-17 13:26:20
7000001854,1000001854,20240417,1021,2,1,CASH,PAID,14520.00,2024-04-17 16:13:58
7000001855,1000001855,20240417,407,2,4,CARD,PAID,14520.00,2024-04-17 17:24:20
7000001856,1000001856,20240417,957,2,2,CASH,PAID,29040.00,2024-04-17 17:27:57
7000001857,1000001857,20240417,875,2,3,CASH,PAID,47190.00,2024-04-17 17:42:43
7000001859,1000001859,20240417,1076,2,1,TRANSFER,PAID,32670.00,2024-04-17 18:43:57
7000001860,1000001860,20240417,803,2,1,CARD,PAID,18150.00,2024-04-17 19:28:22
7000001866,1000001866,20240418,477,2,3,CASH,PAID,36300.00,2024-04-18 13:48:38
7000001869,1000001869,20240418,158,2,3,CARD,PAID,14520.00,2024-04-18 18:10:38
7000001870,1000001870,20240418,866,2,3,CARD,PAID,13068.00,2024-04-18 18:44:51
7000001875,1000001875,20240419,1042,2,1,CASH,PAID,36300.00,2024-04-19 10:55:29
7000001876,1000001876,20240419,871,2,4,TRANSFER,PAID,18150.00,2024-04-19 12:28:51
7000001877,1000001877,20240419,758,2,2,CARD,PAID,29040.00,2024-04-19 12:36:44
7000001879,1000001879,20240419,1081,2,4,CARD,PAID,36300.00,2024-04-19 15:15:28
7000001881,1000001881,20240419,22,2,1,CARD,PAID,19350.00,2024-04-19 16:22:12
7000001882,1000001882,20240419,1082,2,1,CASH,PAID,18150.00,2024-04-19 17:35:59
7000001883,1000001883,20240419,562,2,1,CARD,PAID,43560.00,2024-04-19 17:37:15
7000001885,1000001885,20240419,516,2,3,CARD,PAID,54450.00,2024-04-19 18:23:05
7000001886,1000001886,20240419,465,2,4,CASH,PAID,58080.00,2024-04-19 19:02:49
7000001887,1000001887,20240419,501,2,2,CARD,PAID,54450.00,2024-04-19 19:05:09
7000001888,1000001888,20240419,1083,2,2,TRANSFER,PAID,61710.00,2024-04-19 19:15:55
7000001889,1000001889,20240419,162,2,3,CARD,PAID,32670.00,2024-04-19 19:51:46
7000001890,1000001890,20240419,887,2,4,CARD,PAID,14520.00,2024-04-19 20:53:26
7000001892,1000001892,20240420,1085,2,3,CARD,PAID,29040.00,2024-04-20 10:32:57
7000001894,1000001894,20240420,580,2,3,CARD,PAID,18150.00,2024-04-20 12:12:15
7000001895,1000001895,20240420,714,2,4,CARD,PAID,32670.00,2024-04-20 12:14:07
7000001896,1000001896,20240420,693,2,1,CARD,PAID,14520.00,2024-04-20 12:38:25
7000001897,1000001897,20240420,662,2,3,CASH,PAID,29040.00,2024-04-20 14:01:03
7000001898,1000001898,20240420,641,2,3,CASH,PAID,18150.00,2024-04-20 14:04:10
7000001899,1000001899,20240420,504,2,4,CASH,PAID,32670.00,2024-04-20 14:27:01
7000001900,1000001900,20240420,761,2,1,CARD,PAID,14520.00,2024-04-20 15:35:03
7000001901,1000001901,20240420,860,2,3,CASH,PAID,50820.00,2024-04-20 17:40:23
7000001902,1000001902,20240420,895,2,3,TRANSFER,PAID,14520.00,2024-04-20 17:40:09
7000001903,1000001903,20240420,1086,2,4,CARD,PAID,16335.00,2024-04-20 18:08:20
7000001917,1000001917,20240422,771,2,2,CARD,PAID,43560.00,2024-04-22 10:07:40
7000001918,1000001918,20240422,1089,2,1,CARD,PAID,76230.00,2024-04-22 12:18:46
7000001919,1000001919,20240422,273,2,3,CARD,PAID,29040.00,2024-04-22 12:31:38
7000001920,1000001920,20240422,454,2,2,CARD,PAID,18150.00,2024-04-22 12:52:28
7000001923,1000001923,20240422,261,2,2,CASH,PAID,36300.00,2024-04-22 17:01:29
7000001925,1000001925,20240422,1092,2,1,CARD,PAID,54450.00,2024-04-22 19:35:54
7000001936,1000001936,20240423,968,2,3,CARD,PAID,14520.00,2024-04-23 12:59:23
7000001937,1000001937,20240423,386,2,4,CARD,PAID,18150.00,2024-04-23 13:04:49
7000001939,1000001939,20240423,518,2,2,CARD,PAID,14520.00,2024-04-23 14:08:18
7000001940,1000001940,20240423,219,2,3,TRANSFER,PAID,14520.00,2024-04-23 14:43:02
7000001942,1000001942,20240423,651,2,1,CARD,PAID,18150.00,2024-04-23 15:12:22
7000001943,1000001943,20240423,613,2,4,CASH,PAID,18150.00,2024-04-23 15:36:21
7000001947,1000001947,20240423,326,2,4,CARD,PAID,18150.00,2024-04-23 20:21:29
7000001954,1000001954,20240424,1032,2,1,CASH,PAID,68970.00,2024-04-24 11:59:26
7000001955,1000001955,20240424,908,2,4,CASH,PAID,83490.00,2024-04-24 13:23:54
7000001956,1000001956,20240424,385,2,3,CARD,PAID,50820.00,2024-04-24 13:37:04
7000001958,1000001958,20240424,1098,2,4,CASH,PAID,18150.00,2024-04-24 15:14:11
7000001959,1000001959,20240424,1101,2,3,CARD,PAID,18150.00,2024-04-24 16:25:13
7000001962,1000001962,20240424,19,2,1,TRANSFER,PAID,14520.00,2024-04-24 19:40:12
7000001970,1000001970,20240425,1103,2,2,CASH,PAID,26136.00,2024-04-25 10:54:07
7000001971,1000001971,20240425,382,2,4,CARD,PAID,14520.00,2024-04-25 12:05:07
7000001973,1000001973,20240425,471,2,2,CARD,PAID,36300.00,2024-04-25 13:06:38
7000001974,1000001974,20240425,306,2,1,CASH,PAID,43560.00,2024-04-25 13:17:20
7000001975,1000001975,20240425,199,2,3,CARD,PAID,14520.00,2024-04-25 13:26:38
7000001976,1000001976,20240425,1104,2,1,CARD,PAID,65340.00,2024-04-25 13:29:37
7000001979,1000001979,20240425,1106,2,3,TRANSFER,PAID,18150.00,2024-04-25 17:58:09
7000001980,1000001980,20240425,1107,2,2,CASH,PAID,43560.00,2024-04-25 18:55:53
7000001987,1000001987,20240426,431,2,1,CASH,PAID,13068.00,2024-04-26 12:28:49
7000001988,1000001988,20240426,1014,2,2,CARD,PAID,87120.00,2024-04-26 13:47:54
7000001989,1000001989,20240426,927,2,3,CARD,PAID,36300.00,2024-04-26 14:37:00
7000001993,1000001993,20240426,1112,2,1,TRANSFER,PAID,14520.00,2024-04-26 14:57:02
7000001994,1000001994,20240426,495,2,4,CASH,PAID,18150.00,2024-04-26 15:57:30
7000001995,1000001995,20240426,1113,2,1,CARD,PAID,116160.00,2024-04-26 16:05:43
7000001999,1000001999,20240426,295,2,3,CASH,PAID,32670.00,2024-04-26 18:22:13
7000002000,1000002000,20240426,1015,2,3,CARD,PAID,29040.00,2024-04-26 19:15:11
7000002007,1000002007,20240427,729,2,3,CASH,PAID,14520.00,2024-04-27 10:10:39
7000002009,1000002009,20240427,1076,2,1,CARD,PAID,30240.00,2024-04-27 11:10:39
7000002010,1000002010,20240427,388,2,4,CARD,PAID,18150.00,2024-04-27 13:10:16
7000002011,1000002011,20240427,515,2,3,CARD,PAID,18150.00,2024-04-27 13:46:10
7000002012,1000002012,20240427,1044,2,3,CASH,PAID,18150.00,2024-04-27 14:01:04
7000002013,1000002013,20240427,430,2,4,CASH,PAID,14520.00,2024-04-27 19:21:17
7000002027,1000002027,20240429,250,2,3,CASH,PAID,18150.00,2024-04-29 11:48:42
7000002032,1000002032,20240429,1052,2,3,CARD,PAID,29040.00,2024-04-29 16:47:37
7000002034,1000002034,20240429,474,2,4,CARD,PAID,18150.00,2024-04-29 17:26:55
7000002036,1000002036,20240429,227,2,3,TRANSFER,PAID,29040.00,2024-04-29 17:39:20
7000002037,1000002037,20240429,1119,2,3,CARD,PAID,43560.00,2024-04-29 17:44:31
7000002044,1000002044,20240430,327,2,4,CARD,PAID,65340.00,2024-04-30 12:17:21
7000000000,1000000000,20240101,425,1,,CARD,PAID,16020.00,2024-01-01 01:01:12
7000000001,1000000001,20240101,651,1,,CARD,PAID,44760.00,2024-01-01 01:22:43
7000000002,1000000002,20240101,572,1,,CARD,PAID,37800.00,2024-01-01 01:59:11
7000000003,1000000003,20240101,335,1,,GATEWAY,PAID,30840.00,2024-01-01 06:16:42
7000000004,1000000004,20240101,49,1,,CARD,PAID,19650.00,2024-01-01 11:44:51
7000000005,1000000005,20240101,543,1,,GATEWAY,PAID,34170.00,2024-01-02 11:34:30
7000000006,1000000006,20240101,206,1,,CARD,PAID,48390.00,2024-01-01 13:59:26
7000000007,1000000007,20240101,154,1,,CARD,PAID,16020.00,2024-01-01 14:58:15
7000000008,1000000008,20240101,202,1,,GATEWAY,PAID,30240.00,2024-01-01 19:11:46
7000000009,1000000009,20240101,110,1,,CARD,REFUNDED,19950.00,2024-01-01 19:40:24
7000000010,1000000010,20240101,122,1,,CARD,PAID,19650.00,2024-01-01 20:13:12
7000000011,1000000011,20240101,652,1,,CARD,FAILED,19350.00,
7000000012,1000000012,20240101,44,1,,GATEWAY,PAID,87120.00,2024-01-04 20:53:11
7000000013,1000000013,20240101,615,1,,CARD,PAID,45060.00,2024-01-01 22:24:17
7000000014,1000000014,20240101,542,1,,CARD,PAID,34170.00,2024-01-01 22:55:15
7000000015,1000000015,20240101,32,1,,CARD,PAID,19650.00,2024-01-01 23:45:22
7000000016,1000000016,20240102,398,1,,GATEWAY,PAID,30240.00,2024-01-02 01:22:58
7000000017,1000000017,20240102,653,1,,GATEWAY,PAID,30540.00,2024-01-02 08:50:36
7000000018,1000000018,20240102,322,1,,CARD,PAID,19650.00,2024-01-02 08:52:22
7000000019,1000000019,20240102,152,1,,GATEWAY,PAID,19650.00,2024-01-02 10:04:18
7000000022,1000000022,20240102,164,1,,GATEWAY,REFUNDED,30240.00,2024-01-02 15:26:43
7000000026,1000000026,20240102,578,1,,GATEWAY,PAID,18442.50,2024-01-02 20:09:25
7000000027,1000000027,20240102,260,1,,CARD,PAID,34470.00,2024-01-02 22:49:51
7000000028,1000000028,20240102,434,1,,GATEWAY,FAILED,38100.00,
7000000029,1000000029,20240103,380,1,,CARD,PAID,19650.00,2024-01-03 09:10:51
7000000030,1000000030,20240103,130,1,,CARD,PAID,15294.00,2024-01-03 11:49:04
7000000032,1000000032,20240103,521,1,,CARD,PAID,65340.00,2024-01-03 13:12:43
7000000036,1000000036,20240103,482,1,,GATEWAY,PAID,19650.00,2024-01-03 17:22:37
7000000037,1000000037,20240103,176,1,,GATEWAY,PAID,19350.00,2024-01-03 17:56:51
7000000040,1000000040,20240103,263,1,,GATEWAY,PAID,48690.00,2024-01-03 19:34:54
7000000042,1000000042,20240103,657,1,,GATEWAY,PAID,19350.00,2024-01-03 20:43:14
7000000044,1000000044,20240103,468,1,,GATEWAY,PAID,15720.00,2024-01-03 21:33:51
7000000045,1000000045,20240103,659,1,,CARD,PAID,37800.00,2024-01-03 22:03:52
7000000046,1000000046,20240103,439,1,,CARD,PAID,19350.00,2024-01-03 22:59:16
7000000047,1000000047,20240104,68,1,,CARD,PAID,30240.00,2024-01-04 10:34:09
7000000050,1000000050,20240104,567,1,,CARD,PAID,52927.50,2024-01-04 15:07:55
7000000056,1000000056,20240104,242,1,,CARD,PAID,32536.50,2024-01-04 17:44:51
7000000057,1000000057,20240104,663,1,,GATEWAY,FAILED,15720.00,
7000000059,1000000059,20240104,166,1,,GATEWAY,FAILED,19650.00,
7000000060,1000000060,20240105,502,1,,CARD,PAID,65340.00,2024-01-05 01:40:51
7000000061,1000000061,20240105,81,1,,GATEWAY,FAILED,19650.00,
7000000062,1000000062,20240105,623,1,,CARD,PAID,19650.00,2024-01-05 09:47:39
7000000064,1000000064,20240105,26,1,,CARD,PAID,65340.00,2024-01-05 11:14:28
7000000065,1000000065,20240105,381,1,,CARD,PAID,68970.00,2024-01-05 11:36:01
7000000066,1000000066,20240105,625,1,,CARD,REFUNDED,19650.00,2024-01-05 13:59:51
7000000067,1000000067,20240105,235,1,,GATEWAY,PAID,61710.00,2024-01-05 14:50:44
7000000068,1000000068,20240105,275,1,,GATEWAY,PAID,30540.00,2024-01-05 14:52:51
7000000069,1000000069,20240105,664,1,,CARD,PAID,61710.00,2024-01-05 15:12:53
7000000071,1000000071,20240105,666,1,,CARD,PAID,79860.00,2024-01-05 17:37:04
7000000072,1000000072,20240105,667,1,,GATEWAY,PAID,48690.00,2024-01-05 17:54:32
7000000075,1000000075,20240105,668,1,,GATEWAY,PAID,52320.00,2024-01-05 20:11:29
7000000076,1000000076,20240105,669,1,,CARD,PAID,30540.00,2024-01-05 20:25:04
7000000078,1000000078,20240105,11,1,,GATEWAY,PAID,52620.00,2024-01-05 21:38:42
7000000079,1000000079,20240105,670,1,,GATEWAY,FAILED,54450.00,
7000000080,1000000080,20240105,411,1,,GATEWAY,PAID,15720.00,2024-01-05 22:38:39
7000000081,1000000081,20240106,384,1,,CARD,PAID,34170.00,2024-01-06 08:05:07
7000000082,1000000082,20240106,112,1,,CARD,PAID,19350.00,2024-01-06 09:12:55
7000000084,1000000084,20240106,14,1,,GATEWAY,PAID,44760.00,2024-01-06 13:19:21
7000000085,1000000085,20240106,306,1,,CARD,PAID,19350.00,2024-01-06 14:03:45
7000000089,1000000089,20240106,671,1,,GATEWAY,PAID,15720.00,2024-01-06 18:53:08
7000000091,1000000091,20240106,488,1,,GATEWAY,PAID,65340.00,2024-01-07 05:50:24
7000000097,1000000097,20240106,294,1,,CARD,PAID,37800.00,2024-01-06 23:05:18
7000000098,1000000098,20240107,672,1,,GATEWAY,PAID,15720.00,2024-01-07 00:23:05
7000000099,1000000099,20240107,293,1,,GATEWAY,PAID,30840.00,2024-01-07 01:04:27
7000000100,1000000100,20240107,225,1,,GATEWAY,FAILED,33870.00,
7000000101,1000000101,20240107,673,1,,GATEWAY,REFUNDED,19350.00,2024-01-07 08:40:17
7000000102,1000000102,20240107,577,1,,CARD,PAID,19650.00,2024-01-07 16:42:29
7000000103,1000000103,20240107,630,1,,CARD,PAID,19950.00,2024-01-07 17:30:59
7000000104,1000000104,20240107,603,1,,CARD,REFUNDED,19650.00,2024-01-07 17:57:26
7000000105,1000000105,20240107,457,1,,CARD,PAID,169702.50,2024-01-07 18:24:21
7000000106,1000000106,20240107,149,1,,CARD,PAID,37800.00,2024-01-07 19:14:01
7000000107,1000000107,20240107,674,1,,CARD,PAID,30840.00,2024-01-07 19:22:37
7000000108,1000000108,20240107,28,1,,CARD,PAID,16020.00,2024-01-07 21:48:27
7000000109,1000000109,20240108,570,1,,CARD,PAID,15294.00,2024-01-08 11:17:56
7000000112,1000000112,20240108,328,1,,GATEWAY,FAILED,37800.00,
7000000113,1000000113,20240108,359,1,,GATEWAY,PAID,52320.00,2024-01-08 16:18:38
7000000114,1000000114,20240108,46,1,,CARD,PAID,30540.00,2024-01-08 16:15:29
7000000122,1000000122,20240109,173,1,,GATEWAY,PAID,17535.00,2024-01-09 00:27:57
7000000123,1000000123,20240109,438,1,,CARD,PAID,15720.00,2024-01-09 07:30:41
7000000124,1000000124,20240109,675,1,,CARD,PAID,15720.00,2024-01-09 09:53:44
7000000125,1000000125,20240109,676,1,,GATEWAY,PAID,74052.00,2024-01-09 16:32:24
7000000126,1000000126,20240109,526,1,,CARD,FAILED,76230.00,
7000000128,1000000128,20240109,61,1,,GATEWAY,PAID,15720.00,2024-01-09 11:09:44
7000000129,1000000129,20240109,325,1,,CARD,PAID,16020.00,2024-01-09 12:06:11
7000000131,1000000131,20240109,159,1,,CARD,PAID,17835.00,2024-01-09 13:00:05
7000000135,1000000135,20240109,75,1,,GATEWAY,PAID,68970.00,2024-01-09 15:23:08
7000000136,1000000136,20240109,678,1,,CARD,PAID,61710.00,2024-01-09 16:03:17
7000000138,1000000138,20240109,534,1,,CARD,PAID,16020.00,2024-01-09 20:10:21
7000000140,1000000140,20240109,253,1,,GATEWAY,PAID,48990.00,2024-01-09 21:08:52
7000000141,1000000141,20240109,447,1,,GATEWAY,PAID,30240.00,2024-01-10 05:03:11
7000000142,1000000142,20240109,680,1,,CARD,PAID,58080.00,2024-01-09 23:10:35
7000000143,1000000143,20240110,629,1,,GATEWAY,PAID,72600.00,2024-01-10 00:16:59
7000000144,1000000144,20240110,13,1,,CARD,PAID,19350.00,2024-01-10 02:04:19
7000000145,1000000145,20240110,315,1,,GATEWAY,FAILED,34170.00,
7000000146,1000000146,20240110,414,1,,GATEWAY,FAILED,19350.00,
7000000149,1000000149,20240110,681,1,,CARD,PAID,19350.00,2024-01-10 16:10:19
7000000154,1000000154,20240110,624,1,,GATEWAY,PAID,33870.00,2024-01-10 19:52:39
7000000155,1000000155,20240110,427,1,,CARD,PAID,16020.00,2024-01-10 21:28:36
7000000156,1000000156,20240110,612,1,,GATEWAY,PAID,16020.00,2024-01-10 22:35:44
7000000157,1000000157,20240110,249,1,,GATEWAY,PAID,19650.00,2024-01-10 23:17:03
7000000158,1000000158,20240111,184,1,,CARD,PAID,19350.00,2024-01-11 01:20:05
7000000159,1000000159,20240111,684,1,,GATEWAY,PAID,33870.00,2024-01-11 03:25:33
7000000160,1000000160,20240111,266,1,,CARD,PAID,54450.00,2024-01-11 11:04:24
7000000166,1000000166,20240111,480,1,,GATEWAY,PAID,34170.00,2024-01-11 13:04:23
7000000170,1000000170,20240111,687,1,,CARD,PAID,19650.00,2024-01-11 16:36:13
7000000171,1000000171,20240111,514,1,,CARD,PAID,16320.00,2024-01-11 16:37:07
7000000172,1000000172,20240111,3,1,,GATEWAY,PAID,54450.00,2024-01-11 16:49:03
7000000175,1000000175,20240111,688,1,,CARD,PAID,72600.00,2024-01-11 18:10:08
7000000177,1000000177,20240111,350,1,,CARD,PAID,19950.00,2024-01-11 18:31:23
7000000178,1000000178,20240111,289,1,,CARD,PAID,19650.00,2024-01-11 19:13:22
7000000179,1000000179,20240111,690,1,,CARD,FAILED,32236.50,
7000000180,1000000180,20240111,127,1,,CARD,PAID,19650.00,2024-01-11 20:54:35
7000000181,1000000181,20240111,644,1,,CARD,PAID,79860.00,2024-01-11 22:49:33
7000000182,1000000182,20240111,433,1,,CARD,PAID,61710.00,2024-01-11 23:44:03
7000000183,1000000183,20240112,692,1,,CARD,PAID,16020.00,2024-01-12 09:17:01
7000000184,1000000184,20240112,403,1,,CARD,REFUNDED,15720.00,2024-01-12 10:22:18
7000000186,1000000186,20240112,569,1,,GATEWAY,PAID,38100.00,2024-01-12 13:41:09
7000000188,1000000188,20240112,169,1,,CARD,FAILED,61710.00,
7000000195,1000000195,20240112,696,1,,GATEWAY,REFUNDED,154275.00,2024-01-13 07:52:39
7000000196,1000000196,20240113,128,1,,CARD,PAID,52320.00,2024-01-13 08:32:35
7000000197,1000000197,20240113,366,1,,GATEWAY,PAID,37500.00,2024-01-13 08:52:17
7000000201,1000000201,20240113,697,1,,GATEWAY,PAID,58080.00,2024-01-13 14:33:27
7000000205,1000000205,20240113,700,1,,GATEWAY,FAILED,52320.00,
7000000206,1000000206,20240113,36,1,,GATEWAY,REFUNDED,37800.00,2024-01-13 16:01:18
7000000212,1000000212,20240113,515,1,,GATEWAY,PAID,58624.50,2024-01-14 09:40:20
7000000215,1000000215,20240113,611,1,,CARD,PAID,19350.00,2024-01-13 21:06:47
7000000216,1000000216,20240113,702,1,,GATEWAY,FAILED,19650.00,
7000000217,1000000217,20240113,510,1,,GATEWAY,PAID,19650.00,2024-01-13 22:27:50
7000000218,1000000218,20240114,70,1,,GATEWAY,FAILED,15720.00,
7000000219,1000000219,20240114,552,1,,GATEWAY,REFUNDED,37800.00,2024-01-14 12:09:41
7000000220,1000000220,20240114,703,1,,CARD,PAID,16020.00,2024-01-14 16:37:43
7000000221,1000000221,20240114,596,1,,GATEWAY,PAID,15720.00,2024-01-14 16:43:03
7000000222,1000000222,20240114,704,1,,GATEWAY,PAID,37500.00,2024-01-14 17:09:49
7000000223,1000000223,20240114,348,1,,CARD,PAID,16020.00,2024-01-14 18:04:16
7000000224,1000000224,20240114,59,1,,GATEWAY,PAID,19350.00,2024-01-14 18:44:14
7000000225,1000000225,20240114,29,1,,GATEWAY,PAID,30840.00,2024-01-14 20:40:25
7000000226,1000000226,20240114,541,1,,GATEWAY,PAID,34170.00,2024-01-14 23:45:27
7000000227,1000000227,20240114,476,1,,CARD,PAID,15720.00,2024-01-14 21:59:21
7000000228,1000000228,20240114,705,1,,CARD,PAID,37800.00,2024-01-14 22:53:10
7000000229,1000000229,20240114,706,1,,GATEWAY,PAID,19350.00,2024-01-14 23:54:08
7000000230,1000000230,20240115,505,1,,GATEWAY,PAID,65340.00,2024-01-15 02:01:16
7000000233,1000000233,20240115,708,1,,GATEWAY,PAID,15720.00,2024-01-15 11:00:57
7000000234,1000000234,20240115,9,1,,CARD,PAID,19950.00,2024-01-15 11:13:51
7000000238,1000000238,20240115,576,1,,CARD,PAID,83490.00,2024-01-15 13:33:51
7000000240,1000000240,20240115,467,1,,GATEWAY,PAID,34170.00,2024-01-15 14:00:15
7000000241,1000000241,20240115,62,1,,GATEWAY,FAILED,52320.00,
7000000242,1000000242,20240115,108,1,,CARD,PAID,19650.00,2024-01-15 17:12:46
7000000246,1000000246,20240115,33,1,,GATEWAY,PAID,83490.00,2024-01-15 19:22:23
7000000247,1000000247,20240115,496,1,,GATEWAY,PAID,15720.00,2024-01-15 19:45:25
7000000249,1000000249,20240115,642,1,,CARD,PAID,34170.00,2024-01-15 20:11:03
7000000250,1000000250,20240115,711,1,,CARD,PAID,30540.00,2024-01-15 21:10:34
7000000251,1000000251,20240116,170,1,,GATEWAY,PAID,19350.00,2024-01-16 08:47:16
7000000252,1000000252,20240116,712,1,,GATEWAY,PAID,37500.00,2024-01-16 13:44:30
7000000254,1000000254,20240116,593,1,,CARD,PAID,19042.50,2024-01-16 12:36:28
7000000255,1000000255,20240116,713,1,,CARD,PAID,37500.00,2024-01-16 12:48:18
7000000256,1000000256,20240116,243,1,,GATEWAY,REFUNDED,19650.00,2024-01-16 13:47:05
7000000262,1000000262,20240116,604,1,,CARD,PAID,30540.00,2024-01-16 16:13:14
7000000263,1000000263,20240116,715,1,,GATEWAY,FAILED,48690.00,
7000000264,1000000264,20240116,179,1,,CARD,PAID,19650.00,2024-01-16 16:51:23
7000000268,1000000268,20240116,717,1,,CARD,PAID,61710.00,2024-01-16 22:47:39
7000000269,1000000269,20240116,716,1,,GATEWAY,PAID,33870.00,2024-01-16 23:00:45
7000000271,1000000271,20240117,423,1,,CARD,PAID,52320.00,2024-01-17 10:49:22
7000000274,1000000274,20240117,78,1,,CARD,PAID,19950.00,2024-01-17 13:40:11
7000000275,1000000275,20240117,478,1,,CARD,PAID,34170.00,2024-01-17 16:00:00
7000000278,1000000278,20240117,719,1,,CARD,PAID,37500.00,2024-01-17 17:54:42
7000000281,1000000281,20240117,112,1,,CARD,FAILED,37500.00,
7000000282,1000000282,20240117,88,1,,GATEWAY,PAID,19350.00,2024-01-17 21:01:49
7000000283,1000000283,20240117,649,1,,CARD,REFUNDED,44760.00,2024-01-17 21:57:46
7000000284,1000000284,20240117,638,1,,GATEWAY,PAID,16020.00,2024-01-18 12:58:18
7000000285,1000000285,20240117,244,1,,GATEWAY,PAID,34170.00,2024-01-17 22:54:31
7000000286,1000000286,20240118,582,1,,CARD,PAID,37800.00,2024-01-18 00:08:51
7000000287,1000000287,20240118,342,1,,GATEWAY,PAID,34170.00,2024-01-18 11:18:23
7000000288,1000000288,20240118,296,1,,GATEWAY,PAID,87120.00,2024-01-18 21:04:12
7000000290,1000000290,20240118,720,1,,CARD,PAID,32236.50,2024-01-18 12:42:22
7000000293,1000000293,20240118,595,1,,CARD,PAID,16020.00,2024-01-18 15:03:40
7000000294,1000000294,20240118,721,1,,GATEWAY,PAID,48690.00,2024-01-18 15:15:25
7000000299,1000000299,20240118,725,1,,CARD,PAID,37800.00,2024-01-18 19:48:28
7000000301,1000000301,20240118,726,1,,CARD,PAID,19650.00,2024-01-18 20:53:17
7000000302,1000000302,20240118,90,1,,CARD,PAID,54450.00,2024-01-18 21:35:08
7000000303,1000000303,20240118,259,1,,CARD,PAID,61710.00,2024-01-18 22:38:38
7000000304,1000000304,20240119,299,1,,CARD,FAILED,19650.00,
7000000305,1000000305,20240119,42,1,,CARD,PAID,15720.00,2024-01-19 04:06:25
7000000309,1000000309,20240119,16,1,,GATEWAY,PAID,61710.00,2024-01-19 14:32:51
7000000310,1000000310,20240119,335,1,,GATEWAY,PAID,34470.00,2024-01-19 15:22:42
7000000311,1000000311,20240119,727,1,,GATEWAY,REFUNDED,72600.00,2024-01-19 15:30:40
7000000312,1000000312,20240119,383,1,,GATEWAY,PAID,58080.00,2024-01-20 06:01:25
7000000313,1000000313,20240119,648,1,,GATEWAY,PAID,30240.00,2024-01-19 17:53:30
7000000315,1000000315,20240119,283,1,,CARD,PAID,19650.00,2024-01-19 18:32:55
7000000316,1000000316,20240119,728,1,,CARD,FAILED,54450.00,
7000000318,1000000318,20240119,251,1,,CARD,PAID,19350.00,2024-01-19 19:25:15
7000000320,1000000320,20240119,58,1,,CARD,PAID,19350.00,2024-01-19 20:15:30
7000000321,1000000321,20240119,2,1,,CARD,PAID,48690.00,2024-01-19 22:39:06
7000000322,1000000322,20240120,27,1,,CARD,PAID,16020.00,2024-01-20 00:33:36
7000000329,1000000329,20240120,731,1,,GATEWAY,PAID,53227.50,2024-01-22 11:20:02
7000000334,1000000334,20240120,733,1,,GATEWAY,PAID,48390.00,2024-01-20 20:26:41
7000000335,1000000335,20240120,126,1,,CARD,PAID,19350.00,2024-01-20 19:14:31
7000000336,1000000336,20240120,734,1,,GATEWAY,PAID,45060.00,2024-01-20 20:53:09
7000000337,1000000337,20240121,486,1,,GATEWAY,PAID,16020.00,2024-01-21 01:52:32
7000000338,1000000338,20240121,408,1,,GATEWAY,FAILED,19350.00,
7000000339,1000000339,20240121,735,1,,GATEWAY,PAID,19350.00,2024-01-21 11:04:11
7000000340,1000000340,20240121,281,1,,GATEWAY,PAID,19350.00,2024-01-21 12:03:58
7000000341,1000000341,20240121,652,1,,CARD,PAID,92565.00,2024-01-21 17:18:52
7000000342,1000000342,20240121,494,1,,CARD,PAID,19350.00,2024-01-21 18:25:42
7000000343,1000000343,20240121,497,1,,CARD,PAID,44760.00,2024-01-21 19:28:13
7000000344,1000000344,20240121,135,1,,GATEWAY,PAID,19350.00,2024-01-21 20:28:18
7000000345,1000000345,20240121,514,1,,CARD,PAID,38100.00,2024-01-21 21:11:05
7000000346,1000000346,20240121,214,1,,GATEWAY,PAID,33870.00,2024-01-21 23:27:09
7000000349,1000000349,20240122,469,1,,GATEWAY,PAID,16020.00,2024-01-22 12:08:23
7000000353,1000000353,20240122,233,1,,GATEWAY,PAID,19650.00,2024-01-22 17:15:01
7000000356,1000000356,20240122,739,1,,CARD,PAID,45060.00,2024-01-22 19:52:40
7000000357,1000000357,20240122,107,1,,CARD,PAID,30540.00,2024-01-22 20:07:44
7000000358,1000000358,20240122,740,1,,CARD,PAID,34170.00,2024-01-22 23:05:38
7000000359,1000000359,20240122,741,1,,GATEWAY,PAID,19650.00,2024-01-23 04:38:41
7000000360,1000000360,20240122,7,1,,CARD,PAID,68970.00,2024-01-23 00:01:31
7000000361,1000000361,20240123,200,1,,CARD,PAID,27336.00,2024-01-23 07:35:50
7000000362,1000000362,20240123,742,1,,CARD,FAILED,15720.00,
7000000364,1000000364,20240123,642,1,,GATEWAY,PAID,17835.00,2024-01-23 11:57:48
7000000367,1000000367,20240123,622,1,,CARD,PAID,19650.00,2024-01-23 13:07:58
7000000368,1000000368,20240123,269,1,,GATEWAY,PAID,30240.00,2024-01-23 13:28:20
7000000370,1000000370,20240123,452,1,,CARD,PAID,17835.00,2024-01-23 15:03:28
7000000372,1000000372,20240123,125,1,,GATEWAY,PAID,58806.00,2024-01-23 17:53:26
7000000374,1000000374,20240123,171,1,,CARD,PAID,14568.00,2024-01-23 18:22:55
7000000376,1000000376,20240123,313,1,,CARD,PAID,17835.00,2024-01-23 21:58:12
7000000377,1000000377,20240123,89,1,,GATEWAY,REFUNDED,52320.00,2024-01-23 22:10:07
7000000378,1000000378,20240124,113,1,,CARD,PAID,15720.00,2024-01-24 00:19:58
7000000382,1000000382,20240124,746,1,,GATEWAY,PAID,30540.00,2024-01-24 11:29:17
7000000384,1000000384,20240124,49,1,,CARD,PAID,54450.00,2024-01-24 11:40:54
7000000385,1000000385,20240124,482,1,,CARD,PAID,52320.00,2024-01-24 14:37:30
7000000386,1000000386,20240124,747,1,,CARD,PAID,15720.00,2024-01-24 14:39:36
7000000389,1000000389,20240124,268,1,,GATEWAY,PAID,54450.00,2024-01-24 17:20:32
7000000391,1000000391,20240124,279,1,,CARD,PAID,48690.00,2024-01-24 17:37:09
7000000394,1000000394,20240124,65,1,,GATEWAY,PAID,19350.00,2024-01-24 22:04:00
7000000397,1000000397,20240125,751,1,,CARD,PAID,58080.00,2024-01-25 13:53:24
7000000402,1000000402,20240125,513,1,,CARD,PAID,94380.00,2024-01-25 18:36:21
7000000403,1000000403,20240125,505,1,,CARD,REFUNDED,30240.00,2024-01-25 21:26:32
7000000404,1000000404,20240125,229,1,,CARD,PAID,19650.00,2024-01-25 21:43:49
7000000405,1000000405,20240125,115,1,,GATEWAY,PAID,54450.00,2024-01-25 22:10:56
7000000406,1000000406,20240125,305,1,,CARD,PAID,37500.00,2024-01-25 22:38:53
7000000407,1000000407,20240126,302,1,,CARD,PAID,16020.00,2024-01-26 06:41:37
7000000408,1000000408,20240126,310,1,,GATEWAY,PAID,19350.00,2024-01-26 12:26:21
7000000411,1000000411,20240126,46,1,,CARD,PAID,19650.00,2024-01-26 14:27:14
7000000412,1000000412,20240126,280,1,,GATEWAY,PAID,19650.00,2024-01-27 04:08:12
7000000415,1000000415,20240126,32,1,,GATEWAY,FAILED,32536.50,
7000000420,1000000420,20240126,161,1,,GATEWAY,PAID,37800.00,2024-01-26 21:02:41
7000000421,1000000421,20240126,405,1,,CARD,PAID,38100.00,2024-01-26 23:33:30
7000000422,1000000422,20240127,755,1,,CARD,PAID,98010.00,2024-01-27 02:23:11
7000000423,1000000423,20240127,144,1,,GATEWAY,PAID,34170.00,2024-01-27 07:37:52
7000000429,1000000429,20240127,425,1,,CARD,PAID,19650.00,2024-01-27 12:13:06
7000000432,1000000432,20240127,20,1,,CARD,PAID,15720.00,2024-01-27 14:44:43
7000000438,1000000438,20240127,756,1,,CARD,PAID,16020.00,2024-01-27 18:12:46
7000000441,1000000441,20240127,430,1,,CARD,PAID,45360.00,2024-01-27 19:45:42
7000000443,1000000443,20240127,509,1,,CARD,PAID,79860.00,2024-01-27 20:51:15
7000000444,1000000444,20240127,69,1,,GATEWAY,PAID,19950.00,2024-01-27 21:41:34
7000000445,1000000445,20240127,263,1,,CARD,PAID,16020.00,2024-01-27 22:58:05
7000000446,1000000446,20240127,118,1,,CARD,PAID,94380.00,2024-01-27 23:44:04
7000000447,1000000447,20240127,404,1,,CARD,PAID,58080.00,2024-01-27 23:48:41
7000000448,1000000448,20240128,363,1,,CARD,FAILED,16020.00,
7000000449,1000000449,20240128,217,1,,GATEWAY,PAID,19950.00,2024-01-28 12:23:33
7000000450,1000000450,20240128,52,1,,GATEWAY,PAID,19650.00,2024-01-28 12:39:26
7000000451,1000000451,20240128,308,1,,CARD,REFUNDED,15294.00,2024-01-28 13:04:42
7000000452,1000000452,20240128,676,1,,GATEWAY,PAID,30540.00,2024-01-29 01:12:45
7000000453,1000000453,20240128,432,1,,CARD,PAID,16320.00,2024-01-28 16:42:22
7000000454,1000000454,20240128,759,1,,CARD,PAID,30240.00,2024-01-28 20:55:05
7000000455,1000000455,20240128,122,1,,GATEWAY,PAID,15294.00,2024-01-28 21:43:14
7000000456,1000000456,20240128,340,1,,GATEWAY,PAID,19350.00,2024-01-28 21:46:34
7000000457,1000000457,20240128,192,1,,GATEWAY,PAID,34170.00,2024-01-28 23:34:35
7000000461,1000000461,20240129,149,1,,CARD,PAID,16020.00,2024-01-29 13:13:44
7000000462,1000000462,20240129,378,1,,GATEWAY,PAID,38100.00,2024-01-29 16:54:06
7000000464,1000000464,20240129,410,1,,GATEWAY,PAID,58080.00,2024-01-29 18:12:19
7000000470,1000000470,20240129,564,1,,GATEWAY,PAID,54450.00,2024-01-30 20:43:33
7000000471,1000000471,20240129,354,1,,CARD,PAID,37800.00,2024-01-29 22:40:32
7000000472,1000000472,20240130,586,1,,CARD,PAID,30240.00,2024-01-30 00:26:47
7000000473,1000000473,20240130,77,1,,GATEWAY,PAID,15720.00,2024-01-30 08:10:56
7000000474,1000000474,20240130,278,1,,CARD,PAID,38100.00,2024-01-30 13:02:57
7000000478,1000000478,20240130,764,1,,CARD,PAID,15720.00,2024-01-30 16:33:53
7000000481,1000000481,20240130,765,1,,GATEWAY,PAID,19350.00,2024-01-30 17:45:14
7000000482,1000000482,20240130,766,1,,CARD,PAID,18442.50,2024-01-30 18:27:19
7000000483,1000000483,20240130,116,1,,CARD,PAID,37500.00,2024-01-30 19:00:53
7000000485,1000000485,20240130,767,1,,CARD,PAID,30540.00,2024-01-30 21:14:26
7000000486,1000000486,20240130,67,1,,CARD,PAID,34470.00,2024-01-30 21:40:50
7000000487,1000000487,20240130,768,1,,CARD,PAID,15720.00,2024-01-30 21:59:48
7000000488,1000000488,20240130,142,1,,CARD,PAID,48390.00,2024-01-30 23:26:55
7000000489,1000000489,20240130,394,1,,GATEWAY,PAID,38100.00,2024-01-30 23:53:33
7000000491,1000000491,20240131,438,1,,CARD,PAID,65340.00,2024-01-31 12:01:39
7000000492,1000000492,20240131,552,1,,CARD,PAID,19650.00,2024-01-31 12:08:00
7000000494,1000000494,20240131,325,1,,CARD,PAID,19650.00,2024-01-31 15:08:54
7000000502,1000000502,20240131,134,1,,CARD,PAID,19650.00,2024-01-31 19:14:04
7000000503,1000000503,20240131,72,1,,CARD,PAID,16020.00,2024-01-31 20:13:33
7000000505,1000000505,20240131,518,1,,CARD,PAID,72600.00,2024-01-31 21:29:30
7000000506,1000000506,20240131,527,1,,CARD,REFUNDED,16020.00,2024-01-31 22:10:49
7000000507,1000000507,20240131,289,1,,GATEWAY,PAID,37800.00,2024-01-31 22:53:52
7000000508,1000000508,20240131,179,1,,CARD,PAID,19650.00,2024-01-31 23:08:35
7000000509,1000000509,20240201,155,1,,CARD,PAID,16320.00,2024-02-01 01:40:28
7000000510,1000000510,20240201,347,1,,GATEWAY,PAID,16020.00,2024-02-01 06:18:54
7000000515,1000000515,20240201,775,1,,CARD,PAID,68970.00,2024-02-01 12:16:51
7000000517,1000000517,20240201,178,1,,CARD,REFUNDED,16020.00,2024-02-01 12:45:16
7000000522,1000000522,20240201,109,1,,CARD,FAILED,72600.00,
7000000524,1000000524,20240201,53,1,,GATEWAY,PAID,19950.00,2024-02-01 20:07:16
7000000525,1000000525,20240201,387,1,,CARD,PAID,34170.00,2024-02-01 23:35:15
7000000526,1000000526,20240202,48,1,,CARD,PAID,19650.00,2024-02-02 07:23:57
7000000532,1000000532,20240202,607,1,,GATEWAY,PAID,19650.00,2024-02-02 15:02:00
7000000534,1000000534,20240202,499,1,,CARD,PAID,19350.00,2024-02-02 16:58:57
7000000540,1000000540,20240202,147,1,,GATEWAY,PAID,30240.00,2024-02-02 18:11:08
7000000541,1000000541,20240202,779,1,,CARD,PAID,48390.00,2024-02-02 18:50:10
7000000542,1000000542,20240202,543,1,,CARD,PAID,72600.00,2024-02-02 19:08:04
7000000543,1000000543,20240202,82,1,,GATEWAY,REFUNDED,19350.00,2024-02-03 11:17:34
7000000544,1000000544,20240202,399,1,,CARD,PAID,37800.00,2024-02-02 19:32:46
7000000545,1000000545,20240202,220,1,,CARD,PAID,19350.00,2024-02-02 19:44:29
7000000547,1000000547,20240202,167,1,,CARD,PAID,68970.00,2024-02-02 20:19:54
7000000549,1000000549,20240202,780,1,,GATEWAY,PAID,37500.00,2024-02-02 21:44:14
7000000552,1000000552,20240203,781,1,,CARD,PAID,19350.00,2024-02-03 11:48:57
7000000553,1000000553,20240203,633,1,,CARD,PAID,30540.00,2024-02-03 12:26:30
7000000556,1000000556,20240203,782,1,,GATEWAY,PAID,19650.00,2024-02-03 14:11:05
7000000558,1000000558,20240203,23,1,,CARD,PAID,16020.00,2024-02-03 15:10:14
7000000559,1000000559,20240203,783,1,,CARD,PAID,65340.00,2024-02-03 15:17:34
7000000563,1000000563,20240203,402,1,,GATEWAY,FAILED,34170.00,
7000000564,1000000564,20240203,784,1,,GATEWAY,PAID,45360.00,2024-02-03 19:07:57
7000000566,1000000566,20240204,785,1,,CARD,PAID,15720.00,2024-02-04 12:31:54
7000000567,1000000567,20240204,47,1,,GATEWAY,PAID,37500.00,2024-02-05 13:08:47
7000000568,1000000568,20240204,391,1,,CARD,PAID,30540.00,2024-02-04 13:53:34
7000000569,1000000569,20240204,786,1,,GATEWAY,PAID,16020.00,2024-02-04 15:57:06
7000000570,1000000570,20240204,787,1,,CARD,PAID,19350.00,2024-02-04 17:31:30
7000000571,1000000571,20240204,285,1,,CARD,PAID,37800.00,2024-02-04 20:23:57
7000000572,1000000572,20240204,788,1,,CARD,PAID,30840.00,2024-02-04 20:38:19
7000000573,1000000573,20240205,299,1,,CARD,PAID,16020.00,2024-02-05 06:23:13
7000000574,1000000574,20240205,789,1,,CARD,PAID,19650.00,2024-02-05 08:54:30
7000000575,1000000575,20240205,324,1,,GATEWAY,PAID,52320.00,2024-02-05 09:21:16
7000000576,1000000576,20240205,790,1,,GATEWAY,PAID,37500.00,2024-02-05 11:39:25
7000000577,1000000577,20240205,791,1,,CARD,PAID,231412.50,2024-02-05 11:56:54
7000000578,1000000578,20240205,625,1,,GATEWAY,PAID,30540.00,2024-02-05 12:58:33
7000000579,1000000579,20240205,792,1,,CARD,PAID,61710.00,2024-02-05 13:16:11
7000000581,1000000581,20240205,793,1,,GATEWAY,PAID,37800.00,2024-02-05 14:17:51
7000000583,1000000583,20240205,629,1,,CARD,PAID,33870.00,2024-02-05 17:54:45
7000000585,1000000585,20240205,296,1,,CARD,PAID,37800.00,2024-02-05 19:30:58
7000000586,1000000586,20240205,21,1,,CARD,FAILED,19350.00,
7000000587,1000000587,20240205,237,1,,CARD,REFUNDED,37500.00,2024-02-05 20:32:22
7000000588,1000000588,20240205,300,1,,CARD,PAID,58080.00,2024-02-05 20:51:18
7000000589,1000000589,20240205,521,1,,GATEWAY,PAID,16320.00,2024-02-05 21:05:42
7000000590,1000000590,20240205,671,1,,CARD,PAID,54450.00,2024-02-05 20:59:54
7000000591,1000000591,20240205,152,1,,GATEWAY,PAID,19650.00,2024-02-06 18:12:51
7000000592,1000000592,20240206,316,1,,CARD,PAID,19350.00,2024-02-06 02:59:21
7000000593,1000000593,20240206,425,1,,GATEWAY,PAID,54450.00,2024-02-06 07:55:57
7000000594,1000000594,20240206,5,1,,GATEWAY,PAID,68970.00,2024-02-06 08:54:09
7000000595,1000000595,20240206,461,1,,CARD,PAID,61710.00,2024-02-06 08:51:31
7000000596,1000000596,20240206,794,1,,CARD,PAID,19350.00,2024-02-06 10:08:14
7000000597,1000000597,20240206,168,1,,GATEWAY,PAID,83490.00,2024-02-06 11:30:10
7000000601,1000000601,20240206,25,1,,GATEWAY,PAID,58080.00,2024-02-06 14:49:05
7000000602,1000000602,20240206,275,1,,GATEWAY,PAID,18742.50,2024-02-06 14:51:41
7000000606,1000000606,20240206,164,1,,CARD,PAID,33870.00,2024-02-06 16:50:21
7000000607,1000000607,20240206,16,1,,CARD,PAID,34170.00,2024-02-06 17:23:54
7000000609,1000000609,20240206,4,1,,CARD,PAID,45060.00,2024-02-06 22:37:45
7000000610,1000000610,20240206,570,1,,GATEWAY,PAID,37800.00,2024-02-06 23:45:04
7000000611,1000000611,20240207,400,1,,CARD,PAID,15720.00,2024-02-07 12:30:17
7000000613,1000000613,20240207,482,1,,CARD,PAID,45060.00,2024-02-07 13:23:53
7000000615,1000000615,20240207,796,1,,CARD,PAID,37800.00,2024-02-07 14:58:18
7000000618,1000000618,20240207,58,1,,CARD,FAILED,37500.00,
7000000619,1000000619,20240208,630,1,,GATEWAY,PAID,16320.00,2024-02-08 00:39:15
7000000631,1000000631,20240208,702,1,,GATEWAY,PAID,54450.00,2024-02-09 07:25:23
7000000632,1000000632,20240208,603,1,,CARD,PAID,19650.00,2024-02-08 22:51:06
7000000633,1000000633,20240208,797,1,,GATEWAY,PAID,37500.00,2024-02-08 23:25:48
7000000634,1000000634,20240208,182,1,,GATEWAY,PAID,16320.00,2024-02-08 23:56:45
7000000635,1000000635,20240209,232,1,,CARD,PAID,19650.00,2024-02-09 10:03:20
7000000636,1000000636,20240209,112,1,,CARD,PAID,19350.00,2024-02-09 11:16:55
7000000640,1000000640,20240209,83,1,,GATEWAY,PAID,19950.00,2024-02-09 13:46:23
7000000644,1000000644,20240209,45,1,,GATEWAY,PAID,19650.00,2024-02-09 19:22:15
7000000645,1000000645,20240209,640,1,,GATEWAY,PAID,68970.00,2024-02-09 20:04:08
7000000646,1000000646,20240209,34,1,,GATEWAY,PAID,37800.00,2024-02-09 20:48:25
7000000647,1000000647,20240209,799,1,,CARD,PAID,33870.00,2024-02-09 20:57:10
7000000648,1000000648,20240209,226,1,,CARD,PAID,19350.00,2024-02-09 21:02:04
7000000649,1000000649,20240209,354,1,,CARD,PAID,19650.00,2024-02-09 21:35:28
7000000650,1000000650,20240210,363,1,,CARD,PAID,19650.00,2024-02-10 09:17:37
7000000651,1000000651,20240210,800,1,,CARD,FAILED,16020.00,
7000000652,1000000652,20240210,420,1,,GATEWAY,PAID,37500.00,2024-02-13 02:07:12
7000000655,1000000655,20240210,802,1,,CARD,PAID,19950.00,2024-02-10 12:56:13
7000000656,1000000656,20240210,670,1,,GATEWAY,PAID,15720.00,2024-02-10 13:09:00
7000000657,1000000657,20240210,191,1,,CARD,PAID,30840.00,2024-02-10 13:08:27
7000000665,1000000665,20240210,804,1,,CARD,PAID,33870.00,2024-02-10 17:42:56
7000000668,1000000668,20240210,805,1,,GATEWAY,PAID,16320.00,2024-02-10 18:51:19
7000000669,1000000669,20240211,579,1,,CARD,PAID,15720.00,2024-02-11 00:21:52
7000000670,1000000670,20240211,566,1,,CARD,PAID,83490.00,2024-02-11 10:05:11
7000000671,1000000671,20240211,134,1,,CARD,FAILED,19650.00,
7000000672,1000000672,20240211,20,1,,CARD,PAID,30240.00,2024-02-11 11:53:30
7000000673,1000000673,20240211,582,1,,CARD,PAID,19650.00,2024-02-11 13:06:05
7000000674,1000000674,20240211,639,1,,CARD,PAID,19350.00,2024-02-11 13:20:26
7000000675,1000000675,20240211,207,1,,CARD,PAID,15720.00,2024-02-11 15:29:16
7000000676,1000000676,20240211,658,1,,CARD,PAID,72600.00,2024-02-11 15:32:44
7000000677,1000000677,20240211,775,1,,GATEWAY,PAID,37800.00,2024-02-11 17:45:02
7000000678,1000000678,20240211,572,1,,CARD,REFUNDED,54450.00,2024-02-11 18:17:18
7000000679,1000000679,20240211,806,1,,GATEWAY,PAID,49479.00,2024-02-11 19:42:38
7000000680,1000000680,20240211,3,1,,GATEWAY,REFUNDED,45060.00,2024-02-11 19:59:00
7000000681,1000000681,20240211,116,1,,GATEWAY,PAID,19350.00,2024-02-12 13:19:11
7000000682,1000000682,20240211,369,1,,GATEWAY,PAID,30540.00,2024-02-11 23:15:31
7000000683,1000000683,20240212,9,1,,CARD,PAID,30840.00,2024-02-12 07:07:47
7000000684,1000000684,20240212,315,1,,GATEWAY,PAID,54450.00,2024-02-12 10:24:11
7000000685,1000000685,20240212,287,1,,CARD,PAID,37500.00,2024-02-12 11:08:40
7000000686,1000000686,20240212,489,1,,CARD,PAID,37500.00,2024-02-12 12:51:51
7000000687,1000000687,20240212,13,1,,GATEWAY,PAID,37500.00,2024-02-12 13:38:58
7000000688,1000000688,20240212,414,1,,CARD,REFUNDED,15720.00,2024-02-12 16:13:10
7000000693,1000000693,20240212,346,1,,CARD,PAID,185130.00,2024-02-12 21:03:32
7000000694,1000000694,20240212,589,1,,CARD,PAID,19650.00,2024-02-12 23:24:07
7000000695,1000000695,20240213,63,1,,CARD,PAID,17535.00,2024-02-13 01:58:01
7000000696,1000000696,20240213,92,1,,CARD,PAID,14568.00,2024-02-13 06:03:09
7000000697,1000000697,20240213,574,1,,CARD,REFUNDED,16320.00,2024-02-13 07:13:02
7000000701,1000000701,20240213,612,1,,CARD,PAID,19650.00,2024-02-13 12:56:33
7000000703,1000000703,20240213,809,1,,CARD,PAID,54450.00,2024-02-13 13:12:41
7000000706,1000000706,20240213,632,1,,CARD,PAID,19350.00,2024-02-13 16:10:23
7000000707,1000000707,20240213,184,1,,CARD,PAID,37500.00,2024-02-13 16:57:24
7000000708,1000000708,20240213,526,1,,CARD,PAID,16320.00,2024-02-13 17:47:52
7000000710,1000000710,20240213,556,1,,GATEWAY,PAID,76230.00,2024-02-13 18:32:24
7000000713,1000000713,20240213,278,1,,CARD,PAID,62073.00,2024-02-13 20:46:02
7000000714,1000000714,20240213,488,1,,GATEWAY,PAID,58080.00,2024-02-13 20:50:44
7000000715,1000000715,20240213,128,1,,CARD,PAID,30540.00,2024-02-13 23:39:47
7000000716,1000000716,20240214,452,1,,CARD,PAID,19650.00,2024-02-14 00:07:29
7000000717,1000000717,20240214,810,1,,GATEWAY,PAID,16020.00,2024-02-14 01:34:26
7000000719,1000000719,20240214,24,1,,GATEWAY,PAID,19350.00,2024-02-14 13:49:32
7000000722,1000000722,20240214,755,1,,CARD,PAID,30240.00,2024-02-14 17:37:05
7000000724,1000000724,20240214,478,1,,CARD,PAID,30540.00,2024-02-14 19:03:48
7000000725,1000000725,20240214,811,1,,CARD,PAID,33870.00,2024-02-14 20:40:07
7000000726,1000000726,20240214,812,1,,GATEWAY,PAID,16020.00,2024-02-15 05:00:48
7000000727,1000000727,20240215,813,1,,CARD,PAID,16020.00,2024-02-15 00:58:08
7000000728,1000000728,20240215,433,1,,CARD,REFUNDED,15720.00,2024-02-15 06:19:54
7000000729,1000000729,20240215,669,1,,CARD,PAID,52320.00,2024-02-15 07:09:25
7000000730,1000000730,20240215,70,1,,CARD,PAID,19350.00,2024-02-15 09:01:40
7000000731,1000000731,20240215,42,1,,GATEWAY,PAID,19350.00,2024-02-15 16:59:03
7000000734,1000000734,20240215,611,1,,GATEWAY,PAID,44760.00,2024-02-15 13:51:50
7000000735,1000000735,20240215,648,1,,GATEWAY,PAID,15720.00,2024-02-15 14:08:44
7000000740,1000000740,20240215,816,1,,GATEWAY,PAID,15720.00,2024-02-15 18:35:41
7000000742,1000000742,20240215,629,1,,GATEWAY,PAID,52020.00,2024-02-15 19:35:23
7000000743,1000000743,20240215,672,1,,GATEWAY,PAID,35685.00,2024-02-15 20:00:01
7000000744,1000000744,20240215,542,1,,CARD,PAID,16020.00,2024-02-15 21:16:21
7000000745,1000000745,20240215,313,1,,GATEWAY,PAID,19650.00,2024-02-15 21:29:00
7000000746,1000000746,20240215,817,1,,GATEWAY,PAID,19650.00,2024-02-15 22:49:46
7000000747,1000000747,20240216,105,1,,GATEWAY,PAID,19350.00,2024-02-16 00:19:07
7000000748,1000000748,20240216,165,1,,GATEWAY,PAID,34170.00,2024-02-16 08:47:46
7000000750,1000000750,20240216,347,1,,CARD,PAID,19650.00,2024-02-16 11:16:32
7000000757,1000000757,20240216,7,1,,CARD,PAID,54450.00,2024-02-16 13:58:50
7000000762,1000000762,20240216,28,1,,GATEWAY,PAID,30540.00,2024-02-16 17:49:15
7000000764,1000000764,20240216,279,1,,GATEWAY,PAID,16020.00,2024-02-16 18:15:10
7000000768,1000000768,20240216,821,1,,GATEWAY,FAILED,37500.00,
7000000769,1000000769,20240216,490,1,,CARD,PAID,15720.00,2024-02-16 20:33:03
7000000770,1000000770,20240216,822,1,,GATEWAY,PAID,16020.00,2024-02-16 21:15:41
7000000771,1000000771,20240216,692,1,,GATEWAY,PAID,34170.00,2024-02-16 21:40:10
7000000772,1000000772,20240216,260,1,,CARD,PAID,98010.00,2024-02-16 21:55:00
7000000773,1000000773,20240216,823,1,,CARD,PAID,52020.00,2024-02-16 22:03:31
7000000774,1000000774,20240216,17,1,,CARD,PAID,54450.00,2024-02-16 22:19:45
7000000775,1000000775,20240216,423,1,,GATEWAY,PAID,30540.00,2024-02-16 22:51:49
7000000776,1000000776,20240217,462,1,,GATEWAY,REFUNDED,15720.00,2024-02-17 01:45:10
7000000777,1000000777,20240217,201,1,,GATEWAY,PAID,19350.00,2024-02-17 17:27:45
7000000779,1000000779,20240217,703,1,,CARD,PAID,30540.00,2024-02-17 11:10:40
7000000790,1000000790,20240217,826,1,,CARD,PAID,30540.00,2024-02-17 13:53:26
7000000793,1000000793,20240217,827,1,,GATEWAY,PAID,38100.00,2024-02-19 01:24:19
7000000795,1000000795,20240217,524,1,,GATEWAY,PAID,16020.00,2024-02-17 16:44:07
7000000796,1000000796,20240217,828,1,,GATEWAY,PAID,38100.00,2024-02-17 17:56:05
7000000798,1000000798,20240217,72,1,,GATEWAY,PAID,30540.00,2024-02-17 19:56:22
7000000799,1000000799,20240217,663,1,,GATEWAY,PAID,58080.00,2024-02-18 09:51:53
7000000803,1000000803,20240217,268,1,,CARD,FAILED,19950.00,
7000000804,1000000804,20240218,460,1,,GATEWAY,PAID,44760.00,2024-02-18 01:58:04
7000000805,1000000805,20240218,118,1,,GATEWAY,PAID,58080.00,2024-02-18 09:11:29
7000000806,1000000806,20240218,178,1,,GATEWAY,REFUNDED,54450.00,2024-02-18 10:31:25
7000000807,1000000807,20240218,402,1,,CARD,PAID,15294.00,2024-02-18 14:47:18
7000000808,1000000808,20240218,625,1,,CARD,PAID,58080.00,2024-02-18 18:16:38
7000000809,1000000809,20240218,106,1,,CARD,PAID,16320.00,2024-02-18 19:20:25
7000000810,1000000810,20240218,659,1,,CARD,PAID,19650.00,2024-02-18 20:11:04
7000000811,1000000811,20240218,831,1,,CARD,PAID,61710.00,2024-02-18 20:23:03
7000000812,1000000812,20240218,681,1,,CARD,PAID,18442.50,2024-02-18 22:13:32
7000000813,1000000813,20240218,756,1,,GATEWAY,PAID,16020.00,2024-02-18 22:24:53
7000000814,1000000814,20240218,155,1,,CARD,PAID,19950.00,2024-02-18 22:20:16
7000000815,1000000815,20240218,164,1,,GATEWAY,PAID,48390.00,2024-02-18 22:50:05
7000000816,1000000816,20240218,832,1,,GATEWAY,FAILED,135762.00,
7000000817,1000000817,20240219,636,1,,CARD,REFUNDED,34470.00,2024-02-19 03:39:36
7000000818,1000000818,20240219,784,1,,CARD,FAILED,45360.00,
7000000819,1000000819,20240219,557,1,,CARD,PAID,19650.00,2024-02-19 06:50:19
7000000820,1000000820,20240219,833,1,,CARD,PAID,16020.00,2024-02-19 09:32:20
7000000826,1000000826,20240219,835,1,,CARD,PAID,16020.00,2024-02-19 13:01:21
7000000828,1000000828,20240219,836,1,,CARD,PAID,16020.00,2024-02-19 14:41:35
7000000829,1000000829,20240219,64,1,,CARD,PAID,16320.00,2024-02-19 15:23:59
7000000830,1000000830,20240219,71,1,,CARD,PAID,30540.00,2024-02-19 15:25:54
7000000832,1000000832,20240219,62,1,,CARD,PAID,54450.00,2024-02-19 16:12:41
7000000833,1000000833,20240219,104,1,,CARD,PAID,45060.00,2024-02-19 16:11:44
7000000834,1000000834,20240219,837,1,,CARD,PAID,16320.00,2024-02-19 16:53:10
7000000837,1000000837,20240219,100,1,,CARD,REFUNDED,19650.00,2024-02-19 17:48:13
7000000838,1000000838,20240219,597,1,,GATEWAY,PAID,16020.00,2024-02-19 18:43:34
7000000839,1000000839,20240219,59,1,,GATEWAY,PAID,19350.00,2024-02-19 18:36:04
7000000840,1000000840,20240219,243,1,,GATEWAY,PAID,30540.00,2024-02-19 18:47:48
7000000841,1000000841,20240219,254,1,,GATEWAY,PAID,19650.00,2024-02-19 20:18:21
7000000842,1000000842,20240219,2,1,,CARD,FAILED,58080.00,
7000000843,1000000843,20240219,602,1,,GATEWAY,PAID,19042.50,2024-02-19 23:02:40
7000000844,1000000844,20240220,26,1,,CARD,PAID,44760.00,2024-02-20 01:26:50
7000000845,1000000845,20240220,782,1,,CARD,PAID,34170.00,2024-02-20 01:43:37
7000000846,1000000846,20240220,713,1,,CARD,REFUNDED,19350.00,2024-02-20 07:12:11
7000000847,1000000847,20240220,235,1,,GATEWAY,PAID,30240.00,2024-02-20 09:40:14
7000000848,1000000848,20240220,840,1,,CARD,PAID,37800.00,2024-02-20 09:55:58
7000000850,1000000850,20240220,621,1,,GATEWAY,PAID,34170.00,2024-02-20 11:15:12
7000000851,1000000851,20240220,333,1,,GATEWAY,PAID,16020.00,2024-02-20 11:45:10
7000000854,1000000854,20240220,473,1,,CARD,PAID,30240.00,2024-02-20 12:00:22
7000000856,1000000856,20240220,744,1,,GATEWAY,PAID,19650.00,2024-02-20 14:53:34
7000000858,1000000858,20240220,275,1,,GATEWAY,PAID,16020.00,2024-02-20 20:47:40
7000000859,1000000859,20240220,725,1,,GATEWAY,PAID,19650.00,2024-02-20 20:16:24
7000000860,1000000860,20240220,417,1,,CARD,PAID,19950.00,2024-02-20 21:03:33
7000000861,1000000861,20240221,573,1,,CARD,PAID,30240.00,2024-02-21 05:42:56
7000000862,1000000862,20240221,845,1,,GATEWAY,PAID,14994.00,2024-02-21 08:25:41
7000000863,1000000863,20240221,84,1,,GATEWAY,PAID,61710.00,2024-02-21 08:33:01
7000000864,1000000864,20240221,844,1,,GATEWAY,PAID,44760.00,2024-02-21 08:34:21
7000000869,1000000869,20240221,846,1,,CARD,PAID,65340.00,2024-02-21 12:35:57
7000000870,1000000870,20240221,344,1,,GATEWAY,FAILED,30540.00,
7000000871,1000000871,20240221,139,1,,CARD,PAID,30540.00,2024-02-21 12:41:39
7000000873,1000000873,20240221,847,1,,GATEWAY,PAID,19650.00,2024-02-21 12:58:56
7000000874,1000000874,20240221,577,1,,GATEWAY,PAID,16020.00,2024-02-21 13:02:05
7000000875,1000000875,20240221,269,1,,CARD,PAID,19350.00,2024-02-21 13:44:32
7000000877,1000000877,20240221,547,1,,CARD,PAID,87120.00,2024-02-21 14:35:52
7000000881,1000000881,20240221,849,1,,CARD,PAID,16020.00,2024-02-21 17:52:14
7000000883,1000000883,20240221,60,1,,CARD,PAID,30540.00,2024-02-21 18:21:18
7000000885,1000000885,20240221,32,1,,CARD,PAID,16020.00,2024-02-21 19:12:48
7000000889,1000000889,20240221,851,1,,GATEWAY,PAID,87120.00,2024-02-24 00:37:09
7000000890,1000000890,20240222,359,1,,CARD,PAID,19650.00,2024-02-22 09:43:59
7000000892,1000000892,20240222,800,1,,CARD,PAID,19650.00,2024-02-22 10:32:06
7000000897,1000000897,20240222,400,1,,GATEWAY,PAID,54450.00,2024-02-22 15:37:07
7000000898,1000000898,20240222,852,1,,CARD,PAID,45360.00,2024-02-22 15:44:59
7000000902,1000000902,20240222,55,1,,CARD,PAID,68970.00,2024-02-22 16:57:38
7000000903,1000000903,20240222,853,1,,CARD,PAID,55176.00,2024-02-22 18:21:13
7000000905,1000000905,20240222,854,1,,CARD,FAILED,68970.00,
7000000906,1000000906,20240223,855,1,,CARD,PAID,19350.00,2024-02-23 00:22:02
7000000907,1000000907,20240223,443,1,,CARD,PAID,16320.00,2024-02-23 07:40:23
7000000908,1000000908,20240223,54,1,,CARD,PAID,30240.00,2024-02-23 09:40:38
7000000909,1000000909,20240223,189,1,,GATEWAY,PAID,16020.00,2024-02-23 10:03:17
7000000910,1000000910,20240223,350,1,,GATEWAY,PAID,30840.00,2024-02-23 11:09:37
7000000911,1000000911,20240223,677,1,,CARD,PAID,16020.00,2024-02-23 12:54:55
7000000913,1000000913,20240223,124,1,,GATEWAY,PAID,30240.00,2024-02-23 13:14:17
7000000914,1000000914,20240223,183,1,,CARD,PAID,30240.00,2024-02-23 13:11:22
7000000919,1000000919,20240223,509,1,,CARD,PAID,16020.00,2024-02-23 16:38:11
7000000921,1000000921,20240223,729,1,,CARD,PAID,34170.00,2024-02-23 17:24:58
7000000926,1000000926,20240223,161,1,,GATEWAY,PAID,45060.00,2024-02-23 18:52:27
7000000927,1000000927,20240223,861,1,,CARD,REFUNDED,19350.00,2024-02-23 19:15:58
7000000930,1000000930,20240223,284,1,,GATEWAY,PAID,34170.00,2024-02-23 20:21:52
7000000934,1000000934,20240223,567,1,,GATEWAY,PAID,15720.00,2024-02-23 20:52:15
7000000935,1000000935,20240223,195,1,,CARD,PAID,54450.00,2024-02-23 22:28:37
7000000936,1000000936,20240223,486,1,,CARD,FAILED,16020.00,
7000000937,1000000937,20240224,790,1,,CARD,PAID,30240.00,2024-02-24 01:38:53
7000000938,1000000938,20240224,464,1,,GATEWAY,PAID,44760.00,2024-02-24 09:01:08
7000000947,1000000947,20240224,593,1,,GATEWAY,PAID,34170.00,2024-02-24 13:34:27
7000000948,1000000948,20240224,328,1,,CARD,PAID,37800.00,2024-02-24 14:08:10
7000000950,1000000950,20240224,671,1,,CARD,PAID,15720.00,2024-02-24 14:21:20
7000000963,1000000963,20240224,513,1,,CARD,PAID,34170.00,2024-02-24 19:40:09
7000000966,1000000966,20240224,468,1,,GATEWAY,REFUNDED,30240.00,2024-02-24 20:13:51
7000000968,1000000968,20240224,404,1,,CARD,PAID,52020.00,2024-02-24 21:00:59
7000000969,1000000969,20240224,361,1,,CARD,PAID,30240.00,2024-02-24 21:32:44
7000000970,1000000970,20240224,281,1,,GATEWAY,PAID,15720.00,2024-02-24 21:48:36
7000000971,1000000971,20240224,339,1,,GATEWAY,PAID,15294.00,2024-02-24 22:34:28
7000000972,1000000972,20240224,755,1,,CARD,PAID,30240.00,2024-02-24 23:49:52
7000000973,1000000973,20240224,381,1,,GATEWAY,PAID,68970.00,2024-02-25 00:06:50
7000000974,1000000974,20240225,869,1,,CARD,PAID,48390.00,2024-02-25 02:00:56
7000000975,1000000975,20240225,595,1,,CARD,PAID,65340.00,2024-02-25 09:58:51
7000000976,1000000976,20240225,674,1,,GATEWAY,PAID,38100.00,2024-02-25 11:39:32
7000000977,1000000977,20240225,870,1,,GATEWAY,PAID,79860.00,2024-02-25 12:38:32
7000000978,1000000978,20240225,506,1,,CARD,PAID,16020.00,2024-02-25 14:48:43
7000000979,1000000979,20240225,626,1,,GATEWAY,PAID,28788.00,2024-02-25 14:59:44
7000000980,1000000980,20240225,638,1,,GATEWAY,FAILED,19650.00,
7000000981,1000000981,20240225,248,1,,GATEWAY,PAID,30540.00,2024-02-25 17:01:37
7000000982,1000000982,20240225,149,1,,CARD,PAID,16020.00,2024-02-25 18:49:32
7000000983,1000000983,20240225,484,1,,GATEWAY,PAID,58080.00,2024-02-25 19:09:49
7000000984,1000000984,20240225,716,1,,GATEWAY,REFUNDED,18442.50,2024-02-25 19:41:45
7000000985,1000000985,20240225,708,1,,GATEWAY,PAID,30240.00,2024-02-25 19:45:31
7000000986,1000000986,20240225,523,1,,GATEWAY,PAID,16020.00,2024-02-25 21:07:02
7000000987,1000000987,20240225,543,1,,CARD,FAILED,16020.00,
7000000988,1000000988,20240225,29,1,,GATEWAY,PAID,30840.00,2024-02-26 05:29:27
7000000989,1000000989,20240225,411,1,,CARD,PAID,15720.00,2024-02-25 23:43:33
7000000990,1000000990,20240225,479,1,,CARD,PAID,15720.00,2024-02-25 23:42:00
7000000993,1000000993,20240226,82,1,,CARD,PAID,37500.00,2024-02-26 13:01:49
7000000995,1000000995,20240226,317,1,,CARD,PAID,58080.00,2024-02-26 13:25:47
7000000996,1000000996,20240226,871,1,,GATEWAY,PAID,16320.00,2024-02-26 15:35:30
7000000997,1000000997,20240226,380,1,,CARD,PAID,30540.00,2024-02-26 17:02:06
7000000998,1000000998,20240226,872,1,,CARD,PAID,45360.00,2024-02-26 17:35:54
7000001000,1000001000,20240226,83,1,,GATEWAY,PAID,16320.00,2024-02-26 18:46:48
7000001001,1000001001,20240226,639,1,,CARD,PAID,15720.00,2024-02-26 19:59:35
7000001003,1000001003,20240226,874,1,,CARD,PAID,52320.00,2024-02-26 20:04:35
7000001004,1000001004,20240226,876,1,,GATEWAY,PAID,19650.00,2024-02-26 20:34:26
7000001005,1000001005,20240226,505,1,,GATEWAY,PAID,16020.00,2024-02-26 21:01:54
7000001006,1000001006,20240226,877,1,,GATEWAY,PAID,19650.00,2024-02-26 22:07:24
7000001007,1000001007,20240226,878,1,,CARD,PAID,30540.00,2024-02-26 22:54:34
7000001008,1000001008,20240226,615,1,,CARD,PAID,19650.00,2024-02-26 23:10:31
7000001009,1000001009,20240227,39,1,,CARD,PAID,16020.00,2024-02-27 00:46:22
7000001010,1000001010,20240227,366,1,,GATEWAY,PAID,78408.00,2024-02-27 06:18:59
7000001011,1000001011,20240227,470,1,,CARD,PAID,68970.00,2024-02-27 07:39:00
7000001012,1000001012,20240227,296,1,,CARD,PAID,14568.00,2024-02-27 09:32:39
7000001013,1000001013,20240227,880,1,,CARD,PAID,101640.00,2024-02-27 11:09:33
7000001015,1000001015,20240227,881,1,,GATEWAY,PAID,253011.00,2024-02-27 13:19:37
7000001016,1000001016,20240227,764,1,,GATEWAY,PAID,27336.00,2024-02-27 13:37:27
7000001017,1000001017,20240227,416,1,,CARD,PAID,30540.00,2024-02-27 14:00:41
7000001021,1000001021,20240227,883,1,,GATEWAY,PAID,16020.00,2024-02-27 20:59:07
7000001022,1000001022,20240227,884,1,,CARD,PAID,16020.00,2024-02-27 21:27:37
7000001023,1000001023,20240227,88,1,,CARD,PAID,19350.00,2024-02-27 21:45:29
7000001024,1000001024,20240228,885,1,,GATEWAY,PAID,72600.00,2024-02-28 07:10:46
7000001027,1000001027,20240228,475,1,,GATEWAY,PAID,37800.00,2024-02-28 11:08:54
7000001031,1000001031,20240228,886,1,,GATEWAY,PAID,48690.00,2024-02-29 09:26:04
7000001033,1000001033,20240228,44,1,,CARD,PAID,54450.00,2024-02-28 15:53:00
7000001035,1000001035,20240228,289,1,,CARD,PAID,16020.00,2024-02-28 16:01:27
7000001037,1000001037,20240228,378,1,,CARD,FAILED,30840.00,
7000001042,1000001042,20240228,69,1,,CARD,PAID,16320.00,2024-02-28 19:17:01
7000001045,1000001045,20240228,436,1,,CARD,PAID,19950.00,2024-02-28 19:28:44
7000001046,1000001046,20240228,383,1,,GATEWAY,FAILED,19350.00,
7000001048,1000001048,20240228,216,1,,GATEWAY,FAILED,19650.00,
7000001049,1000001049,20240228,889,1,,CARD,PAID,37500.00,2024-02-28 22:19:01
7000001050,1000001050,20240228,888,1,,GATEWAY,PAID,16020.00,2024-02-28 22:31:49
7000001051,1000001051,20240229,542,1,,CARD,REFUNDED,48690.00,2024-02-29 02:46:54
7000001052,1000001052,20240229,356,1,,GATEWAY,PAID,98010.00,2024-02-29 05:21:27
7000001056,1000001056,20240229,648,1,,CARD,PAID,44760.00,2024-02-29 16:42:02
7000001059,1000001059,20240229,779,1,,CARD,PAID,33870.00,2024-02-29 18:24:38
7000001061,1000001061,20240229,893,1,,GATEWAY,PAID,19950.00,2024-02-29 20:25:11
7000001062,1000001062,20240229,742,1,,GATEWAY,PAID,37500.00,2024-02-29 20:39:25
7000001063,1000001063,20240229,894,1,,CARD,PAID,16020.00,2024-02-29 21:24:17
7000001064,1000001064,20240229,644,1,,GATEWAY,PAID,16020.00,2024-02-29 22:29:18
7000001065,1000001065,20240229,895,1,,CARD,PAID,37800.00,2024-02-29 22:59:38
7000001066,1000001066,20240301,168,1,,CARD,PAID,15720.00,2024-03-01 10:34:14
7000001070,1000001070,20240301,65,1,,GATEWAY,PAID,19350.00,2024-03-03 14:48:20
7000001078,1000001078,20240301,898,1,,CARD,PAID,48390.00,2024-03-01 16:09:49
7000001079,1000001079,20240301,271,1,,CARD,PAID,19650.00,2024-03-01 16:22:46
7000001080,1000001080,20240301,353,1,,CARD,PAID,15720.00,2024-03-01 16:28:18
7000001083,1000001083,20240301,899,1,,CARD,FAILED,37800.00,
7000001086,1000001086,20240301,171,1,,CARD,PAID,16020.00,2024-03-01 19:08:37
7000001089,1000001089,20240301,735,1,,CARD,PAID,30240.00,2024-03-01 20:02:13
7000001090,1000001090,20240301,902,1,,CARD,PAID,58080.00,2024-03-01 20:05:35
7000001092,1000001092,20240301,905,1,,CARD,REFUNDED,65340.00,2024-03-01 21:50:44
7000001093,1000001093,20240301,904,1,,CARD,PAID,19350.00,2024-03-01 21:54:09
7000001094,1000001094,20240301,797,1,,GATEWAY,PAID,54450.00,2024-03-01 22:20:47
7000001095,1000001095,20240301,796,1,,GATEWAY,REFUNDED,16020.00,2024-03-03 07:09:01
7000001096,1000001096,20240302,906,1,,CARD,PAID,28788.00,2024-03-02 09:39:01
7000001097,1000001097,20240302,172,1,,GATEWAY,PAID,45060.00,2024-03-02 11:49:02
7000001100,1000001100,20240302,113,1,,GATEWAY,PAID,19350.00,2024-03-02 20:40:32
7000001109,1000001109,20240302,775,1,,GATEWAY,PAID,68970.00,2024-03-02 15:55:19
7000001111,1000001111,20240302,909,1,,CARD,PAID,16020.00,2024-03-02 16:33:15
7000001112,1000001112,20240302,792,1,,CARD,FAILED,15720.00,
7000001118,1000001118,20240302,43,1,,CARD,PAID,15720.00,2024-03-02 19:45:24
7000001121,1000001121,20240302,624,1,,GATEWAY,FAILED,19350.00,
7000001122,1000001122,20240302,178,1,,GATEWAY,FAILED,101640.00,
7000001123,1000001123,20240302,30,1,,GATEWAY,PAID,30240.00,2024-03-02 23:21:52
7000001124,1000001124,20240303,45,1,,GATEWAY,PAID,30540.00,2024-03-03 00:35:06
7000001125,1000001125,20240303,698,1,,GATEWAY,PAID,58080.00,2024-03-03 03:31:08
7000001126,1000001126,20240303,192,1,,CARD,PAID,15294.00,2024-03-03 11:46:29
7000001127,1000001127,20240303,99,1,,CARD,PAID,16020.00,2024-03-03 11:58:00
7000001128,1000001128,20240303,490,1,,CARD,REFUNDED,19350.00,2024-03-03 12:19:33
7000001129,1000001129,20240303,284,1,,GATEWAY,REFUNDED,16020.00,2024-03-04 00:57:32
7000001130,1000001130,20240303,137,1,,GATEWAY,PAID,30240.00,2024-03-04 00:19:50
7000001131,1000001131,20240303,675,1,,CARD,PAID,15720.00,2024-03-03 17:56:18
7000001132,1000001132,20240303,912,1,,GATEWAY,PAID,37500.00,2024-03-03 18:02:46
7000001133,1000001133,20240303,179,1,,CARD,REFUNDED,16020.00,2024-03-03 18:21:58
7000001134,1000001134,20240303,913,1,,GATEWAY,PAID,16020.00,2024-03-03 23:19:50
7000001135,1000001135,20240303,621,1,,CARD,PAID,16020.00,2024-03-03 21:07:39
7000001136,1000001136,20240304,157,1,,GATEWAY,PAID,54450.00,2024-03-04 00:49:24
7000001137,1000001137,20240304,914,1,,GATEWAY,PAID,16020.00,2024-03-04 21:49:54
7000001138,1000001138,20240304,208,1,,CARD,PAID,92565.00,2024-03-04 05:28:45
7000001139,1000001139,20240304,915,1,,CARD,PAID,15720.00,2024-03-04 09:10:27
7000001140,1000001140,20240304,433,1,,GATEWAY,PAID,15720.00,2024-03-04 10:44:22
7000001141,1000001141,20240304,469,1,,CARD,PAID,101640.00,2024-03-04 10:49:30
7000001142,1000001142,20240304,916,1,,GATEWAY,PAID,54450.00,2024-03-04 12:07:54
7000001144,1000001144,20240304,33,1,,CARD,PAID,15720.00,2024-03-04 14:16:36
7000001145,1000001145,20240304,234,1,,CARD,PAID,16020.00,2024-03-04 14:25:13
7000001146,1000001146,20240304,687,1,,GATEWAY,REFUNDED,16020.00,2024-03-04 14:40:06
7000001147,1000001147,20240304,813,1,,CARD,FAILED,45060.00,
7000001148,1000001148,20240304,918,1,,CARD,PAID,15720.00,2024-03-04 18:27:13
7000001152,1000001152,20240304,920,1,,CARD,PAID,16320.00,2024-03-04 19:29:28
7000001153,1000001153,20240304,185,1,,GATEWAY,PAID,19350.00,2024-03-04 19:37:37
7000001154,1000001154,20240304,497,1,,CARD,PAID,54450.00,2024-03-04 19:45:51
7000001155,1000001155,20240304,611,1,,GATEWAY,FAILED,19350.00,
7000001156,1000001156,20240304,553,1,,CARD,PAID,19650.00,2024-03-04 20:12:35
7000001157,1000001157,20240304,5,1,,CARD,FAILED,15720.00,
7000001160,1000001160,20240304,341,1,,CARD,PAID,38100.00,2024-03-04 23:27:44
7000001161,1000001161,20240304,922,1,,GATEWAY,PAID,16020.00,2024-03-04 23:46:36
7000001162,1000001162,20240305,398,1,,GATEWAY,REFUNDED,19350.00,2024-03-05 05:23:43
7000001163,1000001163,20240305,806,1,,CARD,PAID,33870.00,2024-03-05 09:34:20
7000001164,1000001164,20240305,412,1,,GATEWAY,FAILED,16020.00,
7000001165,1000001165,20240305,572,1,,CARD,PAID,52320.00,2024-03-05 11:36:22
7000001166,1000001166,20240305,255,1,,CARD,PAID,52020.00,2024-03-05 12:02:38
7000001167,1000001167,20240305,263,1,,CARD,PAID,16020.00,2024-03-05 12:50:03
7000001170,1000001170,20240305,697,1,,CARD,PAID,18742.50,2024-03-05 14:45:04
7000001171,1000001171,20240305,923,1,,CARD,PAID,37800.00,2024-03-05 15:02:29
7000001173,1000001173,20240305,692,1,,CARD,PAID,16020.00,2024-03-05 15:31:05
7000001175,1000001175,20240305,482,1,,CARD,PAID,19650.00,2024-03-05 16:39:21
7000001179,1000001179,20240305,222,1,,CARD,PAID,37500.00,2024-03-05 22:47:25
7000001181,1000001181,20240306,421,1,,CARD,PAID,79860.00,2024-03-06 10:22:25
7000001191,1000001191,20240306,447,1,,GATEWAY,PAID,30240.00,2024-03-06 17:55:47
7000001194,1000001194,20240306,18,1,,CARD,PAID,19650.00,2024-03-06 18:59:25
7000001198,1000001198,20240306,926,1,,GATEWAY,PAID,35985.00,2024-03-06 21:43:42
7000001201,1000001201,20240307,115,1,,GATEWAY,PAID,30240.00,2024-03-08 17:41:57
7000001202,1000001202,20240307,310,1,,CARD,PAID,30240.00,2024-03-07 13:56:40
7000001209,1000001209,20240307,384,1,,CARD,PAID,16020.00,2024-03-07 19:42:43
7000001210,1000001210,20240307,457,1,,CARD,PAID,34470.00,2024-03-07 20:24:47
7000001215,1000001215,20240308,930,1,,GATEWAY,PAID,30240.00,2024-03-08 11:03:04
7000001219,1000001219,20240308,932,1,,CARD,PAID,19350.00,2024-03-08 13:53:30
7000001222,1000001222,20240308,231,1,,CARD,PAID,16320.00,2024-03-08 17:06:56
7000001223,1000001223,20240308,122,1,,CARD,REFUNDED,30540.00,2024-03-08 18:27:19
7000001226,1000001226,20240308,934,1,,GATEWAY,PAID,48390.00,2024-03-08 20:22:58
7000001227,1000001227,20240308,27,1,,CARD,PAID,58080.00,2024-03-08 20:44:01
7000001228,1000001228,20240308,505,1,,CARD,PAID,30540.00,2024-03-08 21:19:18
7000001229,1000001229,20240308,123,1,,CARD,PAID,65521.50,2024-03-08 21:44:07
7000001230,1000001230,20240308,563,1,,GATEWAY,PAID,30240.00,2024-03-08 22:04:15
7000001231,1000001231,20240309,130,1,,GATEWAY,PAID,30540.00,2024-03-11 03:18:16
7000001234,1000001234,20240309,935,1,,GATEWAY,PAID,30540.00,2024-03-09 11:06:42
7000001235,1000001235,20240309,399,1,,GATEWAY,PAID,46330.50,2024-03-09 11:52:27
7000001236,1000001236,20240309,630,1,,GATEWAY,PAID,45360.00,2024-03-09 13:29:16
7000001245,1000001245,20240309,24,1,,CARD,REFUNDED,37500.00,2024-03-09 18:13:09
7000001248,1000001248,20240309,938,1,,GATEWAY,PAID,48690.00,2024-03-09 19:22:50
7000001250,1000001250,20240309,672,1,,CARD,PAID,44760.00,2024-03-09 23:22:56
7000001251,1000001251,20240310,268,1,,GATEWAY,PAID,16320.00,2024-03-10 13:50:10
7000001252,1000001252,20240310,63,1,,CARD,PAID,15720.00,2024-03-10 17:47:57
7000001253,1000001253,20240310,147,1,,GATEWAY,PAID,37500.00,2024-03-13 06:01:31
7000001254,1000001254,20240310,941,1,,CARD,FAILED,33870.00,
7000001255,1000001255,20240310,942,1,,CARD,PAID,15720.00,2024-03-10 22:46:04
7000001256,1000001256,20240310,943,1,,GATEWAY,PAID,37500.00,2024-03-12 00:35:22
7000001257,1000001257,20240310,176,1,,GATEWAY,PAID,44760.00,2024-03-10 23:05:54
7000001258,1000001258,20240311,9,1,,CARD,PAID,34470.00,2024-03-11 05:54:49
7000001259,1000001259,20240311,854,1,,CARD,PAID,16020.00,2024-03-11 06:24:46
7000001262,1000001262,20240311,604,1,,CARD,PAID,58080.00,2024-03-11 11:49:18
7000001263,1000001263,20240311,944,1,,CARD,PAID,37500.00,2024-03-11 14:20:02
7000001265,1000001265,20240311,946,1,,CARD,FAILED,15720.00,
7000001266,1000001266,20240311,947,1,,CARD,PAID,16020.00,2024-03-11 15:41:10
7000001268,1000001268,20240311,496,1,,CARD,PAID,19350.00,2024-03-11 18:02:14
7000001270,1000001270,20240311,373,1,,GATEWAY,PAID,19950.00,2024-03-11 19:34:41
7000001271,1000001271,20240311,882,1,,CARD,PAID,15720.00,2024-03-11 21:58:30
7000001272,1000001272,20240312,948,1,,GATEWAY,FAILED,16020.00,
7000001275,1000001275,20240312,396,1,,GATEWAY,PAID,15720.00,2024-03-12 11:43:55
7000001277,1000001277,20240312,950,1,,CARD,PAID,68970.00,2024-03-12 12:36:58
7000001279,1000001279,20240312,118,1,,CARD,PAID,16020.00,2024-03-12 14:05:01
7000001280,1000001280,20240312,297,1,,CARD,FAILED,37800.00,
7000001282,1000001282,20240312,581,1,,CARD,PAID,72600.00,2024-03-12 17:15:27
7000001283,1000001283,20240312,951,1,,CARD,PAID,44760.00,2024-03-12 17:14:15
7000001284,1000001284,20240312,139,1,,GATEWAY,PAID,16020.00,2024-03-12 21:42:38
7000001285,1000001285,20240312,655,1,,CARD,PAID,54072.00,2024-03-12 18:04:58
7000001288,1000001288,20240312,952,1,,GATEWAY,PAID,14268.00,2024-03-12 20:26:56
7000001289,1000001289,20240312,116,1,,GATEWAY,PAID,58080.00,2024-03-12 23:35:21
7000001290,1000001290,20240313,15,1,,GATEWAY,PAID,29088.00,2024-03-13 09:08:29
7000001291,1000001291,20240313,671,1,,GATEWAY,PAID,83490.00,2024-03-13 09:43:58
7000001293,1000001293,20240313,88,1,,GATEWAY,PAID,37500.00,2024-03-13 12:29:00
7000001294,1000001294,20240313,534,1,,GATEWAY,PAID,34170.00,2024-03-13 12:46:29
7000001295,1000001295,20240313,106,1,,GATEWAY,PAID,16320.00,2024-03-15 10:12:12
7000001296,1000001296,20240313,233,1,,CARD,PAID,16020.00,2024-03-13 14:49:57
7000001299,1000001299,20240313,669,1,,CARD,PAID,37800.00,2024-03-13 18:10:23
7000001300,1000001300,20240313,367,1,,GATEWAY,PAID,68970.00,2024-03-14 22:49:21
7000001303,1000001303,20240313,884,1,,CARD,PAID,45060.00,2024-03-13 20:08:13
7000001305,1000001305,20240313,880,1,,GATEWAY,PAID,68970.00,2024-03-13 20:25:08
7000001306,1000001306,20240313,350,1,,CARD,PAID,19950.00,2024-03-13 20:42:22
7000001307,1000001307,20240313,955,1,,GATEWAY,PAID,19350.00,2024-03-13 23:50:25
7000001308,1000001308,20240314,92,1,,CARD,PAID,37800.00,2024-03-14 04:32:03
7000001309,1000001309,20240314,956,1,,CARD,PAID,16020.00,2024-03-14 08:14:50
7000001310,1000001310,20240314,46,1,,GATEWAY,PAID,34170.00,2024-03-14 10:30:41
7000001312,1000001312,20240314,260,1,,CARD,PAID,19950.00,2024-03-14 11:46:08
7000001313,1000001313,20240314,706,1,,CARD,PAID,37500.00,2024-03-14 12:24:34
7000001329,1000001329,20240315,440,1,,CARD,PAID,53227.50,2024-03-15 14:23:28
7000001331,1000001331,20240315,960,1,,GATEWAY,PAID,37500.00,2024-03-15 15:45:54
7000001334,1000001334,20240315,74,1,,GATEWAY,FAILED,16320.00,
7000001336,1000001336,20240315,816,1,,GATEWAY,PAID,79860.00,2024-03-15 21:41:26
7000001337,1000001337,20240315,168,1,,CARD,PAID,52020.00,2024-03-15 22:41:38
7000001339,1000001339,20240316,65,1,,GATEWAY,FAILED,15720.00,
7000001341,1000001341,20240316,963,1,,GATEWAY,PAID,34170.00,2024-03-18 04:44:22
7000001342,1000001342,20240316,423,1,,CARD,PAID,16020.00,2024-03-16 12:47:02
7000001350,1000001350,20240316,184,1,,CARD,PAID,37500.00,2024-03-16 21:10:57
7000001351,1000001351,20240317,789,1,,CARD,PAID,30540.00,2024-03-17 12:10:22
7000001352,1000001352,20240317,964,1,,CARD,PAID,185130.00,2024-03-17 12:53:46
7000001353,1000001353,20240317,797,1,,CARD,PAID,33870.00,2024-03-17 13:51:16
7000001354,1000001354,20240317,755,1,,CARD,PAID,37500.00,2024-03-17 16:04:45
7000001355,1000001355,20240317,128,1,,CARD,PAID,33870.00,2024-03-17 17:25:21
7000001356,1000001356,20240317,965,1,,CARD,PAID,30240.00,2024-03-17 21:13:44
7000001357,1000001357,20240318,915,1,,CARD,PAID,33870.00,2024-03-18 04:26:47
7000001358,1000001358,20240318,739,1,,CARD,PAID,52320.00,2024-03-18 09:18:20
7000001368,1000001368,20240318,270,1,,GATEWAY,PAID,52020.00,2024-03-18 15:48:16
7000001369,1000001369,20240318,967,1,,GATEWAY,PAID,30240.00,2024-03-18 17:09:36
7000001370,1000001370,20240318,165,1,,GATEWAY,PAID,45060.00,2024-03-18 19:15:59
7000001373,1000001373,20240318,494,1,,CARD,PAID,58080.00,2024-03-18 19:49:05
7000001375,1000001375,20240318,782,1,,CARD,FAILED,16020.00,
7000001376,1000001376,20240319,969,1,,CARD,PAID,52320.00,2024-03-19 00:13:12
7000001377,1000001377,20240319,970,1,,GATEWAY,PAID,19950.00,2024-03-19 09:46:36
7000001378,1000001378,20240319,438,1,,GATEWAY,PAID,48390.00,2024-03-19 10:25:04
7000001384,1000001384,20240319,191,1,,GATEWAY,PAID,45360.00,2024-03-19 13:45:11
7000001386,1000001386,20240319,973,1,,CARD,PAID,123420.00,2024-03-19 16:10:49
7000001388,1000001388,20240319,29,1,,CARD,PAID,98010.00,2024-03-19 17:14:36
7000001389,1000001389,20240319,316,1,,CARD,PAID,15720.00,2024-03-19 18:26:21
7000001394,1000001394,20240319,974,1,,CARD,PAID,19350.00,2024-03-19 19:25:07
7000001395,1000001395,20240319,794,1,,GATEWAY,PAID,15720.00,2024-03-19 19:27:17
7000001396,1000001396,20240319,846,1,,CARD,PAID,30240.00,2024-03-19 20:18:34
7000001397,1000001397,20240319,569,1,,CARD,PAID,72600.00,2024-03-19 21:46:29
7000001398,1000001398,20240319,134,1,,GATEWAY,PAID,34170.00,2024-03-19 22:36:50
7000001399,1000001399,20240319,140,1,,CARD,PAID,18442.50,2024-03-19 23:01:36
7000001401,1000001401,20240320,39,1,,GATEWAY,PAID,30540.00,2024-03-20 11:43:44
7000001404,1000001404,20240320,976,1,,CARD,PAID,65340.00,2024-03-20 13:52:40
7000001406,1000001406,20240320,53,1,,GATEWAY,PAID,16320.00,2024-03-23 07:07:31
7000001414,1000001414,20240320,578,1,,CARD,PAID,15720.00,2024-03-20 20:26:26
7000001415,1000001415,20240320,384,1,,GATEWAY,PAID,45060.00,2024-03-20 21:25:38
7000001416,1000001416,20240320,299,1,,GATEWAY,PAID,48690.00,2024-03-20 22:26:32
7000001417,1000001417,20240320,977,1,,CARD,PAID,16020.00,2024-03-20 23:44:25
7000001418,1000001418,20240321,978,1,,GATEWAY,PAID,19650.00,2024-03-21 09:03:31
7000001419,1000001419,20240321,852,1,,CARD,PAID,30840.00,2024-03-21 10:57:20
7000001422,1000001422,20240321,469,1,,GATEWAY,PAID,19650.00,2024-03-21 12:54:28
7000001423,1000001423,20240321,649,1,,CARD,PAID,37500.00,2024-03-21 16:28:13
7000001425,1000001425,20240321,980,1,,CARD,PAID,15720.00,2024-03-21 17:09:08
7000001430,1000001430,20240321,799,1,,CARD,PAID,19350.00,2024-03-21 20:30:44
7000001431,1000001431,20240321,78,1,,CARD,PAID,48990.00,2024-03-21 21:44:34
7000001432,1000001432,20240321,982,1,,GATEWAY,PAID,37800.00,2024-03-23 08:17:04
7000001433,1000001433,20240321,983,1,,CARD,PAID,19350.00,2024-03-21 23:17:22
7000001434,1000001434,20240322,883,1,,CARD,PAID,52320.00,2024-03-22 06:05:08
7000001435,1000001435,20240322,984,1,,CARD,PAID,37800.00,2024-03-22 10:27:43
7000001438,1000001438,20240322,985,1,,CARD,FAILED,15720.00,
7000001439,1000001439,20240322,157,1,,CARD,PAID,19350.00,2024-03-22 14:44:20
7000001441,1000001441,20240322,69,1,,CARD,PAID,58080.00,2024-03-22 16:59:24
7000001443,1000001443,20240322,676,1,,GATEWAY,PAID,19650.00,2024-03-22 20:26:06
7000001444,1000001444,20240322,986,1,,CARD,PAID,30840.00,2024-03-22 21:52:02
7000001445,1000001445,20240323,713,1,,CARD,PAID,30240.00,2024-03-23 00:18:56
7000001446,1000001446,20240323,166,1,,CARD,PAID,34170.00,2024-03-23 03:18:17
7000001448,1000001448,20240323,567,1,,CARD,PAID,15720.00,2024-03-23 10:28:39
7000001451,1000001451,20240323,800,1,,CARD,PAID,16020.00,2024-03-23 12:09:55
7000001456,1000001456,20240323,189,1,,GATEWAY,PAID,185130.00,2024-03-23 15:09:22
7000001457,1000001457,20240323,150,1,,GATEWAY,PAID,16020.00,2024-03-23 15:49:03
7000001458,1000001458,20240323,944,1,,CARD,PAID,19350.00,2024-03-23 17:12:29
7000001461,1000001461,20240323,552,1,,CARD,PAID,30540.00,2024-03-23 19:30:12
7000001464,1000001464,20240323,989,1,,GATEWAY,REFUNDED,16020.00,2024-03-23 22:33:33
7000001465,1000001465,20240323,416,1,,CARD,REFUNDED,30540.00,2024-03-23 23:39:35
7000001466,1000001466,20240323,869,1,,GATEWAY,PAID,30240.00,2024-03-24 07:26:47
7000001467,1000001467,20240324,586,1,,CARD,PAID,30240.00,2024-03-24 03:36:51
7000001468,1000001468,20240324,231,1,,CARD,PAID,79860.00,2024-03-24 09:49:38
7000001469,1000001469,20240324,294,1,,CARD,REFUNDED,16020.00,2024-03-24 11:03:11
7000001470,1000001470,20240324,192,1,,GATEWAY,PAID,19650.00,2024-03-24 15:15:25
7000001471,1000001471,20240324,7,1,,CARD,PAID,30840.00,2024-03-24 16:02:08
7000001472,1000001472,20240324,227,1,,GATEWAY,PAID,34170.00,2024-03-24 18:40:15
7000001473,1000001473,20240324,103,1,,CARD,PAID,30240.00,2024-03-24 19:52:25
7000001474,1000001474,20240324,812,1,,CARD,PAID,101640.00,2024-03-24 20:41:46
7000001475,1000001475,20240324,263,1,,CARD,PAID,19650.00,2024-03-24 22:53:43
7000001476,1000001476,20240324,719,1,,GATEWAY,PAID,54450.00,2024-03-24 23:18:53
7000001477,1000001477,20240325,991,1,,CARD,PAID,19350.00,2024-03-25 10:58:20
7000001479,1000001479,20240325,589,1,,CARD,PAID,16020.00,2024-03-25 15:24:41
7000001480,1000001480,20240325,579,1,,GATEWAY,REFUNDED,15720.00,2024-03-25 16:42:14
7000001481,1000001481,20240325,113,1,,GATEWAY,PAID,30240.00,2024-03-25 16:58:14
7000001485,1000001485,20240325,759,1,,GATEWAY,PAID,33870.00,2024-03-25 23:43:12
7000001486,1000001486,20240326,667,1,,CARD,PAID,19650.00,2024-03-26 08:45:26
7000001488,1000001488,20240326,49,1,,GATEWAY,PAID,62073.00,2024-03-26 12:18:51
7000001492,1000001492,20240326,995,1,,GATEWAY,PAID,55539.00,2024-03-26 14:20:48
7000001493,1000001493,20240326,159,1,,CARD,PAID,48690.00,2024-03-26 15:04:39
7000001494,1000001494,20240326,310,1,,GATEWAY,PAID,19350.00,2024-03-26 16:07:21
7000001495,1000001495,20240326,169,1,,CARD,PAID,54450.00,2024-03-26 16:26:09
7000001497,1000001497,20240326,996,1,,CARD,PAID,43971.00,2024-03-26 17:23:36
7000001498,1000001498,20240326,997,1,,GATEWAY,PAID,16020.00,2024-03-26 17:36:58
7000001499,1000001499,20240326,70,1,,CARD,PAID,14268.00,2024-03-26 18:12:07
7000001500,1000001500,20240326,468,1,,GATEWAY,PAID,15720.00,2024-03-28 17:41:58
7000001501,1000001501,20240326,998,1,,GATEWAY,PAID,30240.00,2024-03-26 19:36:47
7000001502,1000001502,20240326,3,1,,CARD,PAID,48690.00,2024-03-26 19:50:04
7000001503,1000001503,20240326,243,1,,GATEWAY,PAID,48690.00,2024-03-26 20:03:39
7000001505,1000001505,20240326,272,1,,CARD,PAID,34170.00,2024-03-26 21:15:15
7000001506,1000001506,20240326,73,1,,GATEWAY,FAILED,27636.00,
7000001507,1000001507,20240326,333,1,,CARD,PAID,43971.00,2024-03-26 23:56:18
7000001508,1000001508,20240327,16,1,,GATEWAY,PAID,34170.00,2024-03-27 00:51:55
7000001509,1000001509,20240327,999,1,,CARD,REFUNDED,45360.00,2024-03-27 07:26:32
7000001510,1000001510,20240327,207,1,,CARD,PAID,33870.00,2024-03-27 09:55:29
7000001512,1000001512,20240327,67,1,,GATEWAY,PAID,54450.00,2024-03-27 12:47:11
7000001515,1000001515,20240327,420,1,,CARD,PAID,15720.00,2024-03-27 13:54:29
7000001517,1000001517,20240327,362,1,,CARD,PAID,185130.00,2024-03-27 15:29:27
7000001519,1000001519,20240327,1001,1,,CARD,PAID,30540.00,2024-03-27 17:48:19
7000001520,1000001520,20240327,810,1,,GATEWAY,FAILED,37800.00,
7000001521,1000001521,20240327,461,1,,GATEWAY,PAID,30540.00,2024-03-27 18:07:55
7000001523,1000001523,20240327,747,1,,CARD,PAID,15720.00,2024-03-27 19:41:14
7000001524,1000001524,20240327,963,1,,CARD,PAID,19650.00,2024-03-27 20:52:49
7000001525,1000001525,20240327,1002,1,,CARD,PAID,101640.00,2024-03-27 21:40:29
7000001526,1000001526,20240327,566,1,,GATEWAY,PAID,54450.00,2024-03-27 22:13:59
7000001527,1000001527,20240328,531,1,,GATEWAY,PAID,45360.00,2024-03-28 00:45:48
7000001528,1000001528,20240328,1003,1,,GATEWAY,PAID,34170.00,2024-03-28 04:50:47
7000001532,1000001532,20240328,1006,1,,CARD,PAID,37800.00,2024-03-28 14:59:52
7000001533,1000001533,20240328,717,1,,CARD,PAID,61710.00,2024-03-28 17:23:04
7000001535,1000001535,20240328,1007,1,,GATEWAY,PAID,19350.00,2024-03-28 18:50:21
7000001536,1000001536,20240328,1008,1,,GATEWAY,PAID,58080.00,2024-03-28 20:08:28
7000001538,1000001538,20240328,1009,1,,CARD,PAID,34470.00,2024-03-28 21:45:24
7000001539,1000001539,20240329,135,1,,CARD,PAID,30240.00,2024-03-29 06:03:51
7000001540,1000001540,20240329,457,1,,GATEWAY,PAID,52620.00,2024-03-29 10:53:59
7000001541,1000001541,20240329,296,1,,CARD,PAID,19650.00,2024-03-29 10:59:49
7000001547,1000001547,20240329,828,1,,CARD,PAID,52620.00,2024-03-29 13:30:48
7000001553,1000001553,20240329,1012,1,,GATEWAY,FAILED,16020.00,
7000001555,1000001555,20240329,1013,1,,GATEWAY,PAID,16020.00,2024-03-29 21:19:19
7000001556,1000001556,20240329,425,1,,GATEWAY,PAID,19650.00,2024-03-30 01:02:14
7000001557,1000001557,20240329,912,1,,GATEWAY,PAID,30240.00,2024-03-29 22:36:38
7000001558,1000001558,20240329,226,1,,CARD,PAID,37500.00,2024-03-29 23:17:02
7000001563,1000001563,20240330,338,1,,GATEWAY,PAID,58080.00,2024-03-31 10:55:47
7000001564,1000001564,20240330,648,1,,CARD,PAID,58080.00,2024-03-30 14:17:33
7000001567,1000001567,20240330,353,1,,CARD,PAID,15720.00,2024-03-30 16:32:18
7000001569,1000001569,20240330,115,1,,CARD,PAID,15720.00,2024-03-30 18:50:59
7000001570,1000001570,20240330,1016,1,,CARD,PAID,15720.00,2024-03-30 19:52:21
7000001572,1000001572,20240330,1017,1,,CARD,PAID,54450.00,2024-03-30 20:21:26
7000001573,1000001573,20240330,923,1,,CARD,PAID,48690.00,2024-03-30 22:11:15
7000001574,1000001574,20240330,797,1,,CARD,PAID,76230.00,2024-03-30 23:16:20
7000001575,1000001575,20240330,716,1,,CARD,PAID,37500.00,2024-03-30 23:27:43
7000001576,1000001576,20240331,488,1,,GATEWAY,PAID,16020.00,2024-03-31 00:53:08
7000001577,1000001577,20240331,1018,1,,GATEWAY,PAID,30540.00,2024-03-31 08:52:54
7000001578,1000001578,20240331,464,1,,CARD,PAID,33870.00,2024-03-31 10:00:22
7000001579,1000001579,20240331,1019,1,,GATEWAY,PAID,19650.00,2024-03-31 10:23:48
7000001580,1000001580,20240331,622,1,,CARD,PAID,16020.00,2024-03-31 11:30:48
7000001581,1000001581,20240331,808,1,,CARD,PAID,16320.00,2024-03-31 11:33:48
7000001582,1000001582,20240331,182,1,,GATEWAY,PAID,19950.00,2024-03-31 15:58:42
7000001583,1000001583,20240331,706,1,,GATEWAY,PAID,15720.00,2024-03-31 16:18:33
7000001584,1000001584,20240331,1020,1,,CARD,PAID,30540.00,2024-03-31 16:34:12
7000001585,1000001585,20240331,281,1,,GATEWAY,PAID,15720.00,2024-03-31 19:57:21
7000001586,1000001586,20240331,1021,1,,CARD,PAID,15720.00,2024-03-31 20:02:19
7000001587,1000001587,20240331,785,1,,GATEWAY,FAILED,48390.00,
7000001588,1000001588,20240331,473,1,,CARD,PAID,112530.00,2024-03-31 20:47:03
7000001589,1000001589,20240331,543,1,,CARD,PAID,37800.00,2024-03-31 22:34:04
7000001590,1000001590,20240331,107,1,,CARD,PAID,16020.00,2024-03-31 23:00:20
7000001591,1000001591,20240401,355,1,,CARD,PAID,52620.00,2024-04-01 01:56:35
7000001593,1000001593,20240401,104,1,,CARD,PAID,37800.00,2024-04-01 10:50:40
7000001594,1000001594,20240401,1022,1,,CARD,PAID,34170.00,2024-04-01 11:17:20
7000001595,1000001595,20240401,574,1,,GATEWAY,PAID,45360.00,2024-04-01 11:39:52
7000001596,1000001596,20240401,886,1,,CARD,PAID,30540.00,2024-04-01 11:59:43
7000001599,1000001599,20240401,827,1,,CARD,PAID,30840.00,2024-04-01 14:10:58
7000001600,1000001600,20240401,1023,1,,GATEWAY,PAID,30240.00,2024-04-01 14:24:37
7000001602,1000001602,20240401,684,1,,GATEWAY,PAID,30240.00,2024-04-01 15:24:39
7000001603,1000001603,20240401,1,1,,GATEWAY,PAID,33870.00,2024-04-01 15:35:36
7000001606,1000001606,20240401,126,1,,CARD,PAID,48390.00,2024-04-01 16:38:00
7000001609,1000001609,20240401,572,1,,GATEWAY,PAID,16020.00,2024-04-01 17:21:54
7000001611,1000001611,20240401,438,1,,CARD,PAID,101640.00,2024-04-01 19:48:21
7000001612,1000001612,20240401,399,1,,CARD,PAID,52320.00,2024-04-01 20:30:10
7000001614,1000001614,20240401,1026,1,,CARD,PAID,19650.00,2024-04-01 22:25:10
7000001615,1000001615,20240402,739,1,,GATEWAY,PAID,16020.00,2024-04-02 16:40:07
7000001620,1000001620,20240402,755,1,,CARD,PAID,19350.00,2024-04-02 21:11:41
7000001621,1000001621,20240402,509,1,,GATEWAY,PAID,30540.00,2024-04-02 21:29:34
7000001622,1000001622,20240402,1027,1,,CARD,PAID,30240.00,2024-04-02 23:06:03
7000001623,1000001623,20240403,845,1,,GATEWAY,PAID,19350.00,2024-04-03 03:08:58
7000001624,1000001624,20240403,14,1,,CARD,PAID,58080.00,2024-04-03 05:03:38
7000001625,1000001625,20240403,402,1,,CARD,PAID,83490.00,2024-04-03 07:37:54
7000001627,1000001627,20240403,1028,1,,GATEWAY,PAID,37500.00,2024-04-06 07:57:12
7000001628,1000001628,20240403,527,1,,GATEWAY,REFUNDED,16020.00,2024-04-03 14:44:09
7000001633,1000001633,20240403,783,1,,CARD,PAID,15720.00,2024-04-03 19:16:09
7000001634,1000001634,20240403,1029,1,,GATEWAY,PAID,58080.00,2024-04-03 22:16:10
7000001635,1000001635,20240404,484,1,,GATEWAY,REFUNDED,37500.00,2024-04-04 05:22:56
7000001636,1000001636,20240404,851,1,,GATEWAY,PAID,58080.00,2024-04-04 17:18:29
7000001637,1000001637,20240404,663,1,,GATEWAY,PAID,44760.00,2024-04-04 10:04:00
7000001638,1000001638,20240404,882,1,,CARD,PAID,15720.00,2024-04-04 10:48:46
7000001640,1000001640,20240404,1030,1,,CARD,PAID,37500.00,2024-04-04 12:47:58
7000001641,1000001641,20240404,909,1,,CARD,PAID,72600.00,2024-04-04 13:12:38
7000001645,1000001645,20240404,711,1,,CARD,PAID,16020.00,2024-04-04 15:52:03
7000001648,1000001648,20240404,84,1,,CARD,REFUNDED,37500.00,2024-04-04 19:12:35
7000001649,1000001649,20240404,339,1,,CARD,PAID,52320.00,2024-04-04 19:45:06
7000001651,1000001651,20240404,764,1,,GATEWAY,PAID,48390.00,2024-04-04 21:08:03
7000001652,1000001652,20240404,871,1,,GATEWAY,PAID,61710.00,2024-04-04 22:57:19
7000001653,1000001653,20240404,784,1,,CARD,PAID,16320.00,2024-04-04 23:59:28
7000001654,1000001654,20240405,279,1,,CARD,PAID,19650.00,2024-04-05 00:59:58
7000001655,1000001655,20240405,888,1,,CARD,PAID,16020.00,2024-04-05 07:58:07
7000001658,1000001658,20240405,92,1,,GATEWAY,PAID,30540.00,2024-04-05 13:00:43
7000001659,1000001659,20240405,800,1,,CARD,PAID,16020.00,2024-04-05 13:24:41
7000001666,1000001666,20240405,969,1,,CARD,PAID,45060.00,2024-04-05 20:40:27
7000001667,1000001667,20240405,249,1,,CARD,PAID,16020.00,2024-04-05 20:55:52
7000001668,1000001668,20240405,802,1,,CARD,PAID,36285.00,2024-04-05 21:58:02
7000001669,1000001669,20240405,411,1,,CARD,PAID,19350.00,2024-04-05 23:15:02
7000001670,1000001670,20240405,980,1,,CARD,PAID,15720.00,2024-04-05 23:52:06
7000001671,1000001671,20240406,761,1,,GATEWAY,PAID,44760.00,2024-04-06 06:36:55
7000001672,1000001672,20240406,668,1,,GATEWAY,FAILED,30540.00,
7000001674,1000001674,20240406,941,1,,GATEWAY,PAID,30240.00,2024-04-06 10:59:21
7000001675,1000001675,20240406,443,1,,GATEWAY,PAID,72600.00,2024-04-06 11:23:05
7000001685,1000001685,20240406,633,1,,GATEWAY,FAILED,15294.00,
7000001686,1000001686,20240406,816,1,,CARD,PAID,15720.00,2024-04-06 16:17:24
7000001693,1000001693,20240406,65,1,,CARD,PAID,72600.00,2024-04-06 19:51:39
7000001694,1000001694,20240406,27,1,,GATEWAY,PAID,16020.00,2024-04-06 19:54:27
7000001696,1000001696,20240406,460,1,,CARD,PAID,68970.00,2024-04-06 23:01:02
7000001697,1000001697,20240407,1037,1,,CARD,PAID,37800.00,2024-04-07 09:18:50
7000001698,1000001698,20240407,254,1,,CARD,PAID,30540.00,2024-04-07 10:19:30
7000001699,1000001699,20240407,878,1,,GATEWAY,PAID,34170.00,2024-04-07 12:32:10
7000001700,1000001700,20240407,505,1,,CARD,PAID,37500.00,2024-04-07 13:22:43
7000001701,1000001701,20240407,577,1,,CARD,PAID,76230.00,2024-04-07 17:39:27
7000001702,1000001702,20240407,1038,1,,CARD,PAID,30540.00,2024-04-07 18:20:49
7000001703,1000001703,20240407,1039,1,,CARD,PAID,52320.00,2024-04-07 19:31:28
7000001704,1000001704,20240407,263,1,,CARD,REFUNDED,16020.00,2024-04-07 19:54:35
7000001705,1000001705,20240407,817,1,,CARD,PAID,19650.00,2024-04-07 20:08:39
7000001706,1000001706,20240407,85,1,,GATEWAY,PAID,58080.00,2024-04-07 20:37:16
7000001707,1000001707,20240407,967,1,,CARD,PAID,33870.00,2024-04-07 20:56:22
7000001708,1000001708,20240407,270,1,,CARD,PAID,44760.00,2024-04-07 21:50:04
7000001709,1000001709,20240408,409,1,,CARD,PAID,16320.00,2024-04-08 09:05:46
7000001710,1000001710,20240408,394,1,,CARD,PAID,58080.00,2024-04-08 10:03:04
7000001719,1000001719,20240408,1043,1,,CARD,PAID,19350.00,2024-04-08 17:26:06
7000001721,1000001721,20240408,10,1,,GATEWAY,PAID,37500.00,2024-04-08 20:17:29
7000001722,1000001722,20240408,12,1,,GATEWAY,PAID,45060.00,2024-04-08 21:02:49
7000001723,1000001723,20240408,123,1,,CARD,FAILED,30240.00,
7000001724,1000001724,20240409,708,1,,CARD,PAID,33870.00,2024-04-09 00:23:32
7000001725,1000001725,20240409,874,1,,CARD,PAID,16020.00,2024-04-09 00:30:55
7000001726,1000001726,20240409,702,1,,GATEWAY,PAID,19650.00,2024-04-09 06:15:55
7000001727,1000001727,20240409,1045,1,,CARD,PAID,17535.00,2024-04-09 06:52:21
7000001728,1000001728,20240409,381,1,,CARD,PAID,15720.00,2024-04-09 07:37:22
7000001729,1000001729,20240409,5,1,,CARD,PAID,48390.00,2024-04-09 08:32:51
7000001730,1000001730,20240409,373,1,,GATEWAY,PAID,19950.00,2024-04-09 08:46:32
7000001731,1000001731,20240409,183,1,,CARD,PAID,15720.00,2024-04-09 11:08:27
7000001735,1000001735,20240409,675,1,,CARD,PAID,46938.00,2024-04-09 13:29:50
7000001736,1000001736,20240409,313,1,,CARD,REFUNDED,27636.00,2024-04-09 13:37:21
7000001737,1000001737,20240409,515,1,,GATEWAY,PAID,65340.00,2024-04-09 14:00:21
7000001738,1000001738,20240409,947,1,,GATEWAY,PAID,27636.00,2024-04-09 13:58:39
7000001739,1000001739,20240409,1046,1,,GATEWAY,PAID,15720.00,2024-04-09 15:02:35
7000001741,1000001741,20240409,823,1,,GATEWAY,PAID,15720.00,2024-04-09 16:57:56
7000001742,1000001742,20240409,1047,1,,GATEWAY,PAID,16020.00,2024-04-11 10:57:12
7000001743,1000001743,20240409,636,1,,CARD,PAID,19950.00,2024-04-09 18:07:38
7000001744,1000001744,20240409,234,1,,GATEWAY,FAILED,37800.00,
7000001745,1000001745,20240409,497,1,,GATEWAY,PAID,44760.00,2024-04-09 18:47:19
7000001748,1000001748,20240409,547,1,,CARD,PAID,15720.00,2024-04-09 22:07:47
7000001749,1000001749,20240409,907,1,,GATEWAY,PAID,34170.00,2024-04-09 22:37:59
7000001750,1000001750,20240409,697,1,,CARD,PAID,48690.00,2024-04-09 22:56:26
7000001751,1000001751,20240409,642,1,,CARD,PAID,75141.00,2024-04-09 22:59:05
7000001752,1000001752,20240410,1048,1,,GATEWAY,PAID,34470.00,2024-04-10 01:38:04
7000001755,1000001755,20240410,375,1,,CARD,REFUNDED,37800.00,2024-04-10 13:52:11
7000001756,1000001756,20240410,77,1,,CARD,PAID,15720.00,2024-04-10 13:52:54
7000001757,1000001757,20240410,1051,1,,CARD,PAID,30540.00,2024-04-10 14:57:19
7000001758,1000001758,20240410,116,1,,CARD,PAID,15720.00,2024-04-10 15:42:07
7000001763,1000001763,20240410,681,1,,GATEWAY,PAID,37500.00,2024-04-10 21:45:56
7000001764,1000001764,20240410,950,1,,GATEWAY,PAID,54450.00,2024-04-11 03:13:31
7000001765,1000001765,20240410,149,1,,CARD,PAID,65340.00,2024-04-10 21:43:46
7000001766,1000001766,20240411,573,1,,GATEWAY,PAID,37500.00,2024-04-11 01:27:14
7000001767,1000001767,20240411,1053,1,,GATEWAY,PAID,30240.00,2024-04-11 03:38:38
7000001768,1000001768,20240411,1054,1,,GATEWAY,PAID,15720.00,2024-04-11 08:26:41
7000001769,1000001769,20240411,189,1,,CARD,PAID,65340.00,2024-04-11 10:02:41
7000001770,1000001770,20240411,1055,1,,GATEWAY,PAID,16020.00,2024-04-11 10:12:57
7000001771,1000001771,20240411,715,1,,CARD,PAID,16020.00,2024-04-11 10:41:04
7000001772,1000001772,20240411,700,1,,CARD,PAID,19650.00,2024-04-11 11:11:19
7000001773,1000001773,20240411,982,1,,CARD,PAID,19650.00,2024-04-11 11:48:15
7000001778,1000001778,20240411,195,1,,CARD,PAID,72600.00,2024-04-11 19:59:11
7000001779,1000001779,20240411,1057,1,,CARD,PAID,16320.00,2024-04-11 20:03:25
7000001780,1000001780,20240411,813,1,,CARD,PAID,16020.00,2024-04-11 21:00:21
7000001782,1000001782,20240412,881,1,,CARD,PAID,37800.00,2024-04-12 01:08:50
7000001783,1000001783,20240412,1058,1,,CARD,PAID,16020.00,2024-04-12 12:37:54
7000001784,1000001784,20240412,155,1,,CARD,PAID,16320.00,2024-04-12 13:48:53
7000001787,1000001787,20240412,861,1,,GATEWAY,PAID,15720.00,2024-04-12 16:55:10
7000001794,1000001794,20240412,1060,1,,GATEWAY,PAID,19650.00,2024-04-13 03:04:44
7000001796,1000001796,20240412,399,1,,GATEWAY,PAID,68970.00,2024-04-12 21:04:15
7000001797,1000001797,20240413,635,1,,CARD,PAID,19350.00,2024-04-13 10:41:24
7000001798,1000001798,20240413,393,1,,CARD,PAID,52020.00,2024-04-13 10:49:32
7000001801,1000001801,20240413,794,1,,GATEWAY,PAID,30240.00,2024-04-13 14:44:13
7000001807,1000001807,20240413,58,1,,CARD,PAID,54450.00,2024-04-13 20:21:16
7000001808,1000001808,20240413,404,1,,CARD,REFUNDED,76230.00,2024-04-13 21:15:40
7000001809,1000001809,20240413,507,1,,CARD,PAID,61710.00,2024-04-13 21:22:10
7000001810,1000001810,20240413,1065,1,,GATEWAY,PAID,15720.00,2024-04-13 22:47:07
7000001811,1000001811,20240414,1066,1,,CARD,PAID,65340.00,2024-04-14 08:30:44
7000001812,1000001812,20240414,1067,1,,GATEWAY,PAID,58080.00,2024-04-14 11:33:31
7000001813,1000001813,20240414,814,1,,CARD,FAILED,15720.00,
7000001814,1000001814,20240414,822,1,,CARD,PAID,34170.00,2024-04-14 16:50:51
7000001815,1000001815,20240414,277,1,,CARD,PAID,33870.00,2024-04-14 17:25:56
7000001816,1000001816,20240414,1068,1,,CARD,PAID,52020.00,2024-04-14 17:57:40
7000001817,1000001817,20240414,304,1,,CARD,PAID,16020.00,2024-04-14 19:11:34
7000001818,1000001818,20240415,1070,1,,CARD,PAID,16020.00,2024-04-15 01:47:16
7000001819,1000001819,20240415,604,1,,GATEWAY,PAID,30540.00,2024-04-15 07:07:53
7000001820,1000001820,20240415,16,1,,CARD,PAID,19650.00,2024-04-15 10:48:39
7000001821,1000001821,20240415,1071,1,,CARD,PAID,58080.00,2024-04-15 10:49:46
7000001822,1000001822,20240415,34,1,,CARD,PAID,19650.00,2024-04-15 12:03:22
7000001823,1000001823,20240415,354,1,,GATEWAY,PAID,19650.00,2024-04-15 15:30:27
7000001829,1000001829,20240415,826,1,,CARD,PAID,18742.50,2024-04-15 20:02:26
7000001830,1000001830,20240415,1072,1,,GATEWAY,PAID,15720.00,2024-04-15 23:52:53
7000001831,1000001831,20240415,789,1,,GATEWAY,PAID,19650.00,2024-04-16 00:08:28
7000001832,1000001832,20240416,11,1,,GATEWAY,PAID,16320.00,2024-04-16 23:58:37
7000001833,1000001833,20240416,703,1,,GATEWAY,FAILED,34170.00,
7000001837,1000001837,20240416,784,1,,GATEWAY,PAID,65340.00,2024-04-16 14:36:58
7000001839,1000001839,20240416,421,1,,CARD,PAID,54450.00,2024-04-16 17:05:47
7000001841,1000001841,20240416,514,1,,GATEWAY,PAID,16320.00,2024-04-17 02:13:52
7000001845,1000001845,20240417,1073,1,,GATEWAY,PAID,72600.00,2024-04-17 01:43:19
7000001846,1000001846,20240417,438,1,,CARD,PAID,15720.00,2024-04-17 08:06:25
7000001852,1000001852,20240417,733,1,,CARD,PAID,30240.00,2024-04-17 14:38:07
7000001853,1000001853,20240417,142,1,,CARD,PAID,15720.00,2024-04-17 15:31:11
7000001858,1000001858,20240417,1075,1,,CARD,PAID,45060.00,2024-04-17 17:45:24
7000001861,1000001861,20240417,1077,1,,CARD,PAID,16020.00,2024-04-17 22:54:14
7000001862,1000001862,20240418,405,1,,CARD,PAID,19950.00,2024-04-18 01:34:51
7000001863,1000001863,20240418,1078,1,,CARD,PAID,15720.00,2024-04-18 09:19:39
7000001864,1000001864,20240418,930,1,,CARD,PAID,37500.00,2024-04-18 09:33:33
7000001865,1000001865,20240418,916,1,,CARD,PAID,15294.00,2024-04-18 10:39:03
7000001867,1000001867,20240418,948,1,,CARD,PAID,61710.00,2024-04-18 17:26:33
7000001868,1000001868,20240418,615,1,,CARD,PAID,37800.00,2024-04-18 18:07:29
7000001871,1000001871,20240418,1079,1,,CARD,FAILED,30540.00,
7000001872,1000001872,20240418,951,1,,CARD,PAID,52020.00,2024-04-18 21:55:46
7000001873,1000001873,20240419,978,1,,GATEWAY,PAID,16020.00,2024-04-19 08:55:00
7000001874,1000001874,20240419,126,1,,GATEWAY,PAID,18442.50,2024-04-19 09:22:03
7000001878,1000001878,20240419,1080,1,,CARD,PAID,19350.00,2024-04-19 13:57:12
7000001880,1000001880,20240419,447,1,,GATEWAY,PAID,19350.00,2024-04-19 19:01:35
7000001884,1000001884,20240419,275,1,,CARD,PAID,19650.00,2024-04-19 17:46:15
7000001891,1000001891,20240420,1084,1,,GATEWAY,PAID,14994.00,2024-04-20 05:16:37
7000001893,1000001893,20240420,546,1,,CARD,PAID,68970.00,2024-04-20 11:06:58
7000001904,1000001904,20240420,1087,1,,CARD,PAID,54450.00,2024-04-20 18:45:48
7000001905,1000001905,20240420,67,1,,CARD,PAID,68970.00,2024-04-20 23:17:29
7000001906,1000001906,20240420,14,1,,GATEWAY,PAID,44760.00,2024-04-21 00:06:34
7000001907,1000001907,20240421,423,1,,CARD,PAID,54450.00,2024-04-21 06:07:52
7000001908,1000001908,20240421,359,1,,CARD,PAID,55176.00,2024-04-21 08:34:26
7000001909,1000001909,20240421,1088,1,,GATEWAY,PAID,48690.00,2024-04-21 08:47:38
7000001910,1000001910,20240421,46,1,,GATEWAY,PAID,19650.00,2024-04-21 18:33:09
7000001911,1000001911,20240421,688,1,,CARD,PAID,16020.00,2024-04-21 18:34:23
7000001912,1000001912,20240421,804,1,,CARD,PAID,79860.00,2024-04-21 18:49:55
7000001913,1000001913,20240421,351,1,,GATEWAY,PAID,15720.00,2024-04-21 19:02:31
7000001914,1000001914,20240421,73,1,,CARD,REFUNDED,19650.00,2024-04-21 18:59:50
7000001915,1000001915,20240421,289,1,,CARD,PAID,58080.00,2024-04-21 20:49:13
7000001916,1000001916,20240422,889,1,,GATEWAY,FAILED,15720.00,
7000001921,1000001921,20240422,1090,1,,CARD,PAID,54450.00,2024-04-22 14:13:25
7000001922,1000001922,20240422,790,1,,CARD,PAID,15720.00,2024-04-22 15:45:57
7000001924,1000001924,20240422,63,1,,GATEWAY,PAID,19350.00,2024-04-22 18:14:59
7000001926,1000001926,20240422,1091,1,,CARD,PAID,15720.00,2024-04-22 19:36:43
7000001927,1000001927,20240422,885,1,,CARD,PAID,79860.00,2024-04-22 20:05:24
7000001928,1000001928,20240422,333,1,,CARD,PAID,54450.00,2024-04-22 20:40:42
7000001929,1000001929,20240422,411,1,,CARD,PAID,19350.00,2024-04-22 22:29:47
7000001930,1000001930,20240422,622,1,,GATEWAY,PAID,16020.00,2024-04-22 22:55:25
7000001931,1000001931,20240422,1093,1,,GATEWAY,PAID,54450.00,2024-04-22 23:07:00
7000001932,1000001932,20240422,867,1,,CARD,PAID,30540.00,2024-04-22 23:32:01
7000001933,1000001933,20240423,632,1,,GATEWAY,PAID,27336.00,2024-04-23 00:18:30
7000001934,1000001934,20240423,1094,1,,CARD,PAID,16320.00,2024-04-23 10:05:22
7000001935,1000001935,20240423,83,1,,CARD,PAID,34470.00,2024-04-23 11:48:38
7000001938,1000001938,20240423,68,1,,GATEWAY,PAID,15720.00,2024-04-23 13:46:47
7000001941,1000001941,20240423,163,1,,GATEWAY,PAID,16020.00,2024-04-24 06:22:28
7000001944,1000001944,20240423,1095,1,,CARD,REFUNDED,15720.00,2024-04-23 17:48:45
7000001945,1000001945,20240423,671,1,,CARD,PAID,17535.00,2024-04-23 19:09:01
7000001946,1000001946,20240423,110,1,,GATEWAY,PAID,19042.50,2024-04-23 20:02:16
7000001948,1000001948,20240423,644,1,,CARD,PAID,16020.00,2024-04-23 21:21:43
7000001949,1000001949,20240423,356,1,,GATEWAY,REFUNDED,19350.00,2024-04-23 23:50:52
7000001950,1000001950,20240424,674,1,,GATEWAY,PAID,16320.00,2024-04-24 01:26:30
7000001951,1000001951,20240424,1096,1,,GATEWAY,PAID,14994.00,2024-04-24 03:41:45
7000001952,1000001952,20240424,6,1,,CARD,PAID,34470.00,2024-04-24 10:18:51
7000001953,1000001953,20240424,1097,1,,GATEWAY,REFUNDED,101640.00,2024-04-26 15:19:56
7000001957,1000001957,20240424,739,1,,CARD,PAID,16020.00,2024-04-24 14:18:34
7000001960,1000001960,20240424,1100,1,,GATEWAY,PAID,19350.00,2024-04-24 16:34:53
7000001961,1000001961,20240424,1099,1,,CARD,PAID,15720.00,2024-04-24 16:38:26
7000001963,1000001963,20240424,1102,1,,CARD,PAID,87120.00,2024-04-24 20:43:34
7000001964,1000001964,20240424,182,1,,GATEWAY,FAILED,19950.00,
7000001965,1000001965,20240424,482,1,,GATEWAY,PAID,16020.00,2024-04-24 22:20:52
7000001966,1000001966,20240424,84,1,,GATEWAY,FAILED,15720.00,
7000001967,1000001967,20240424,410,1,,GATEWAY,PAID,19650.00,2024-04-24 23:49:04
7000001968,1000001968,20240424,944,1,,CARD,PAID,30240.00,2024-04-24 23:55:26
7000001969,1000001969,20240425,756,1,,CARD,PAID,16020.00,2024-04-25 10:37:22
7000001972,1000001972,20240425,996,1,,GATEWAY,PAID,19650.00,2024-04-26 02:25:52
7000001977,1000001977,20240425,692,1,,GATEWAY,PAID,37800.00,2024-04-25 13:54:35
7000001978,1000001978,20240425,1105,1,,CARD,PAID,30540.00,2024-04-25 17:06:03
7000001981,1000001981,20240425,1108,1,,CARD,FAILED,61710.00,
7000001982,1000001982,20240425,1109,1,,CARD,PAID,30840.00,2024-04-25 19:50:06
7000001983,1000001983,20240425,1110,1,,CARD,PAID,15594.00,2024-04-25 21:45:55
7000001984,1000001984,20240425,755,1,,CARD,FAILED,30240.00,
7000001985,1000001985,20240426,1111,1,,CARD,PAID,30540.00,2024-04-26 07:35:36
7000001986,1000001986,20240426,547,1,,GATEWAY,PAID,44760.00,2024-04-26 08:47:46
7000001990,1000001990,20240426,846,1,,GATEWAY,PAID,61710.00,2024-04-26 14:42:00
7000001991,1000001991,20240426,284,1,,CARD,PAID,19650.00,2024-04-26 14:45:13
7000001992,1000001992,20240426,300,1,,CARD,PAID,54450.00,2024-04-26 14:54:01
7000001996,1000001996,20240426,810,1,,GATEWAY,PAID,94380.00,2024-04-26 16:29:43
7000001997,1000001997,20240426,75,1,,GATEWAY,PAID,30240.00,2024-04-26 18:09:15
7000001998,1000001998,20240426,369,1,,CARD,PAID,16020.00,2024-04-26 18:04:40
7000002001,1000002001,20240426,1027,1,,CARD,PAID,30240.00,2024-04-26 19:52:38
7000002002,1000002002,20240426,943,1,,GATEWAY,FAILED,30240.00,
7000002003,1000002003,20240426,1114,1,,CARD,PAID,16320.00,2024-04-26 21:58:49
7000002004,1000002004,20240426,1115,1,,GATEWAY,PAID,48390.00,2024-04-26 22:25:39
7000002005,1000002005,20240427,1116,1,,GATEWAY,PAID,37500.00,2024-04-27 00:49:08
7000002006,1000002006,20240427,702,1,,CARD,PAID,19650.00,2024-04-27 09:12:40
7000002008,1000002008,20240427,852,1,,GATEWAY,FAILED,58080.00,
7000002014,1000002014,20240427,328,1,,GATEWAY,PAID,48690.00,2024-04-28 06:58:16
7000002015,1000002015,20240427,69,1,,CARD,PAID,38100.00,2024-04-27 21:21:17
7000002016,1000002016,20240427,361,1,,CARD,PAID,15720.00,2024-04-27 23:52:38
7000002017,1000002017,20240428,745,1,,GATEWAY,PAID,15720.00,2024-04-28 00:52:43
7000002018,1000002018,20240428,666,1,,GATEWAY,PAID,55176.00,2024-04-28 08:54:12
7000002019,1000002019,20240428,982,1,,CARD,PAID,15294.00,2024-04-28 09:41:30
7000002020,1000002020,20240428,335,1,,GATEWAY,PAID,30840.00,2024-04-28 11:47:31
7000002021,1000002021,20240428,1117,1,,GATEWAY,PAID,15720.00,2024-04-28 16:51:50
7000002022,1000002022,20240428,1020,1,,GATEWAY,PAID,72600.00,2024-04-28 12:33:08
7000002023,1000002023,20240428,1003,1,,GATEWAY,PAID,48690.00,2024-04-28 15:41:20
7000002024,1000002024,20240428,1118,1,,CARD,PAID,15720.00,2024-04-28 19:15:52
7000002025,1000002025,20240428,2,1,,CARD,PAID,19650.00,2024-04-28 21:16:51
7000002026,1000002026,20240429,595,1,,GATEWAY,PAID,16020.00,2024-04-29 20:03:22
7000002028,1000002028,20240429,1062,1,,CARD,REFUNDED,45360.00,2024-04-29 12:24:49
7000002029,1000002029,20240429,648,1,,CARD,PAID,52020.00,2024-04-29 12:36:07
7000002030,1000002030,20240429,279,1,,CARD,PAID,30540.00,2024-04-29 14:52:12
7000002031,1000002031,20240429,241,1,,GATEWAY,PAID,52020.00,2024-04-29 15:45:05
7000002033,1000002033,20240429,397,1,,CARD,PAID,37500.00,2024-04-29 16:55:48
7000002035,1000002035,20240429,998,1,,GATEWAY,PAID,15720.00,2024-04-30 02:26:08
7000002038,1000002038,20240429,65,1,,GATEWAY,FAILED,30240.00,
7000002039,1000002039,20240429,742,1,,CARD,REFUNDED,19350.00,2024-04-29 19:32:04
7000002040,1000002040,20240429,1001,1,,CARD,PAID,19650.00,2024-04-29 20:07:14
7000002041,1000002041,20240429,836,1,,CARD,PAID,19650.00,2024-04-29 20:15:54
7000002042,1000002042,20240429,1120,1,,CARD,PAID,87120.00,2024-04-29 22:29:41
7000002043,1000002043,20240430,496,1,,GATEWAY,PAID,65340.00,2024-05-02 05:09:02
7000002045,1000002045,20240430,164,1,,GATEWAY,PAID,58080.00,2024-04-30 13:54:11
7000002046,1000002046,20240430,384,1,,CARD,PAID,16020.00,2024-04-30 14:38:38
7000002047,1000002047,20240430,1018,1,,GATEWAY,PAID,58080.00,2024-05-01 04:42:27
7000002048,1000002048,20240430,1121,2,2,CARD,PAID,30540.00,2024-04-30 15:03:17
7000002049,1000002049,20240430,883,2,2,CARD,PAID,14520.00,2024-04-30 16:31:41
7000002050,1000002050,20240430,728,2,1,CASH,PAID,87120.00,2024-04-30 17:06:51
7000002052,1000002052,20240430,617,2,4,CASH,PAID,14520.00,2024-04-30 18:06:46
7000002053,1000002053,20240430,1122,2,1,CARD,PAID,29040.00,2024-04-30 18:15:28
7000002070,1000002070,20240502,966,2,2,TRANSFER,REFUNDED,14520.00,2024-05-02 11:26:13
7000002071,1000002071,20240502,143,2,2,CARD,PAID,32670.00,2024-05-02 12:14:54
7000002072,1000002072,20240502,686,2,3,CARD,PAID,68970.00,2024-05-02 13:34:52
7000002075,1000002075,20240502,634,2,4,CARD,PAID,50820.00,2024-05-02 14:30:03
7000002078,1000002078,20240502,928,2,1,CARD,PAID,32670.00,2024-05-02 18:53:19
7000002082,1000002082,20240502,647,2,3,TRANSFER,PAID,18150.00,2024-05-02 19:51:12
7000002083,1000002083,20240502,235,2,1,CARD,PAID,29040.00,2024-05-02 19:53:46
7000002085,1000002085,20240502,1126,2,1,CASH,PAID,32670.00,2024-05-02 20:57:27
7000002089,1000002089,20240503,793,2,2,CASH,PAID,14520.00,2024-05-03 13:00:17
7000002091,1000002091,20240503,131,2,1,CASH,PAID,54450.00,2024-05-03 18:09:48
7000002092,1000002092,20240503,531,2,4,TRANSFER,PAID,36300.00,2024-05-03 18:59:13
7000002093,1000002093,20240503,655,2,4,CARD,PAID,14520.00,2024-05-03 19:08:09
7000002094,1000002094,20240503,459,2,3,CARD,PAID,50820.00,2024-05-03 19:34:03
7000002095,1000002095,20240503,1130,2,1,TRANSFER,PAID,65340.00,2024-05-03 20:24:19
7000002097,1000002097,20240504,1131,2,3,TRANSFER,PAID,14520.00,2024-05-04 12:08:42
7000002098,1000002098,20240504,864,2,3,CARD,PAID,18150.00,2024-05-04 12:31:59
7000002101,1000002101,20240504,304,2,3,CARD,PAID,36300.00,2024-05-04 14:32:09
7000002102,1000002102,20240504,907,2,3,TRANSFER,PAID,36300.00,2024-05-04 15:54:51
7000002103,1000002103,20240504,266,2,1,CARD,PAID,14520.00,2024-05-04 17:51:59
7000002105,1000002105,20240504,574,2,4,CASH,PAID,14520.00,2024-05-04 18:13:59
7000002118,1000002118,20240506,510,2,3,CARD,PAID,14520.00,2024-05-06 11:30:06
7000002119,1000002119,20240506,602,2,4,CARD,PAID,87120.00,2024-05-06 14:36:04
7000002120,1000002120,20240506,199,2,3,CASH,PAID,18150.00,2024-05-06 16:02:12
7000002121,1000002121,20240506,588,2,2,TRANSFER,PAID,36300.00,2024-05-06 16:19:35
7000002134,1000002134,20240507,1138,2,1,CASH,PAID,49005.00,2024-05-07 15:18:05
7000002135,1000002135,20240507,945,2,2,CARD,PAID,65340.00,2024-05-07 15:22:06
7000002136,1000002136,20240507,1139,2,3,TRANSFER,PAID,54450.00,2024-05-07 16:44:28
7000002137,1000002137,20240507,1086,2,4,CARD,PAID,30840.00,2024-05-07 16:45:20
7000002138,1000002138,20240507,198,2,1,CASH,PAID,18150.00,2024-05-07 16:55:33
7000002139,1000002139,20240507,1140,2,2,CARD,PAID,76230.00,2024-05-07 17:44:05
7000002141,1000002141,20240507,516,2,3,CASH,PAID,68970.00,2024-05-07 20:48:07
7000002147,1000002147,20240508,757,2,1,CASH,PAID,15720.00,2024-05-08 11:26:06
7000002149,1000002149,20240508,1144,2,4,CASH,PAID,58080.00,2024-05-08 13:34:03
7000002151,1000002151,20240508,658,2,1,CASH,PAID,65340.00,2024-05-08 16:20:27
7000002153,1000002153,20240508,127,2,2,CASH,PAID,18150.00,2024-05-08 17:55:54
7000002154,1000002154,20240508,158,2,3,TRANSFER,PAID,14520.00,2024-05-08 18:04:59
7000002156,1000002156,20240508,1146,2,4,CARD,PAID,43560.00,2024-05-08 20:22:31
7000002157,1000002157,20240508,738,2,2,CARD,PAID,87120.00,2024-05-08 20:49:02
7000002162,1000002162,20240509,519,2,3,CARD,PAID,18150.00,2024-05-09 17:37:07
7000002163,1000002163,20240509,146,2,1,CASH,PAID,18150.00,2024-05-09 18:58:46
7000002164,1000002164,20240509,331,2,2,CARD,PAID,14520.00,2024-05-09 19:23:14
7000002166,1000002166,20240509,1147,2,2,CASH,PAID,50820.00,2024-05-09 19:47:31
7000002167,1000002167,20240509,1148,2,3,CARD,PAID,54450.00,2024-05-09 19:50:20
7000002172,1000002172,20240510,646,2,4,CARD,PAID,14520.00,2024-05-10 12:05:23
7000002173,1000002173,20240510,877,2,2,CASH,PAID,14520.00,2024-05-10 13:13:10
7000002175,1000002175,20240510,769,2,3,CARD,PAID,32670.00,2024-05-10 14:09:32
7000002176,1000002176,20240510,562,2,1,CARD,PAID,14520.00,2024-05-10 15:06:38
7000002178,1000002178,20240510,1080,2,1,CARD,PAID,36300.00,2024-05-10 17:07:09
7000002179,1000002179,20240510,1151,2,1,CARD,PAID,14520.00,2024-05-10 17:25:54
7000002181,1000002181,20240510,493,2,4,CARD,PAID,47190.00,2024-05-10 20:30:10
7000002183,1000002183,20240510,1059,2,3,CARD,PAID,54450.00,2024-05-10 20:42:26
7000002187,1000002187,20240511,135,2,1,CASH,PAID,76230.00,2024-05-11 10:32:36
7000002188,1000002188,20240511,585,2,2,CASH,PAID,14520.00,2024-05-11 11:45:48
7000002189,1000002189,20240511,1153,2,4,TRANSFER,PAID,13068.00,2024-05-11 12:10:51
7000002190,1000002190,20240511,1015,2,3,CARD,PAID,18150.00,2024-05-11 12:38:01
7000002191,1000002191,20240511,979,2,2,CARD,PAID,18150.00,2024-05-11 13:10:02
7000002192,1000002192,20240511,919,2,1,CASH,PAID,14520.00,2024-05-11 14:15:53
7000002193,1000002193,20240511,1154,2,1,CARD,PAID,43560.00,2024-05-11 16:18:31
7000002194,1000002194,20240511,656,2,1,CASH,PAID,18150.00,2024-05-11 16:27:23
7000002195,1000002195,20240511,130,2,2,CASH,PAID,29403.00,2024-05-11 17:35:56
7000002196,1000002196,20240511,1155,2,2,CASH,PAID,36300.00,2024-05-11 17:37:41
7000002197,1000002197,20240511,1156,2,2,TRANSFER,PAID,14520.00,2024-05-11 17:51:44
7000002198,1000002198,20240511,1157,2,4,CARD,PAID,14520.00,2024-05-11 18:21:15
7000002199,1000002199,20240511,51,2,1,CASH,PAID,29040.00,2024-05-11 20:17:47
7000002218,1000002218,20240513,701,2,4,CASH,PAID,29040.00,2024-05-13 11:03:01
7000002220,1000002220,20240513,536,2,3,CARD,PAID,39204.00,2024-05-13 11:06:26
7000002228,1000002228,20240513,119,2,1,CASH,PAID,18150.00,2024-05-13 14:13:09
7000002232,1000002232,20240513,628,2,3,TRANSFER,PAID,16335.00,2024-05-13 15:35:43
7000002245,1000002245,20240513,1165,2,1,CARD,PAID,32670.00,2024-05-13 20:23:05
7000002247,1000002247,20240513,218,2,1,CASH,PAID,13068.00,2024-05-13 20:36:10
7000002263,1000002263,20240514,583,2,4,CARD,PAID,14520.00,2024-05-14 12:38:20
7000002271,1000002271,20240514,686,2,3,CARD,PAID,26136.00,2024-05-14 16:42:01
7000002272,1000002272,20240514,1041,2,3,CARD,PAID,49005.00,2024-05-14 16:40:53
7000002273,1000002273,20240514,1175,2,1,CARD,PAID,14520.00,2024-05-14 18:04:57
7000002274,1000002274,20240514,1176,2,2,CARD,PAID,32670.00,2024-05-14 18:08:49
7000002279,1000002279,20240514,795,2,2,CASH,PAID,18150.00,2024-05-14 19:52:24
7000002293,1000002293,20240515,453,2,3,CARD,PAID,14520.00,2024-05-15 12:22:15
7000002297,1000002297,20240515,375,2,3,CASH,PAID,14568.00,2024-05-15 14:48:49
7000002298,1000002298,20240515,148,2,2,CASH,PAID,16335.00,2024-05-15 15:19:14
7000002302,1000002302,20240515,1183,2,2,CASH,PAID,14520.00,2024-05-15 15:59:29
7000002308,1000002308,20240515,1005,2,1,CASH,PAID,16335.00,2024-05-15 18:53:01
7000002309,1000002309,20240515,766,2,1,TRANSFER,PAID,16335.00,2024-05-15 19:31:17
7000002312,1000002312,20240515,887,2,4,TRANSFER,PAID,16335.00,2024-05-15 20:01:06
7000002324,1000002324,20240516,208,2,3,CARD,FAILED,43560.00,
7000002325,1000002325,20240516,900,2,4,CASH,PAID,54450.00,2024-05-16 11:29:39
7000002326,1000002326,20240516,1192,2,3,CARD,PAID,26136.00,2024-05-16 12:33:45
7000002327,1000002327,20240516,588,2,2,TRANSFER,PAID,58080.00,2024-05-16 13:22:22
7000002330,1000002330,20240516,141,2,1,CASH,PAID,61710.00,2024-05-16 15:52:32
7000002332,1000002332,20240516,896,2,2,CASH,PAID,26136.00,2024-05-16 18:09:29
7000002333,1000002333,20240516,434,2,4,CARD,PAID,58080.00,2024-05-16 18:53:25
7000002334,1000002334,20240516,600,2,2,CARD,FAILED,18150.00,
7000002337,1000002337,20240517,131,2,1,CARD,PAID,14520.00,2024-05-17 11:37:21
7000002341,1000002341,20240517,1195,2,4,CASH,PAID,18150.00,2024-05-17 13:28:17
7000002342,1000002342,20240517,441,2,2,TRANSFER,PAID,47190.00,2024-05-17 13:49:20
7000002345,1000002345,20240517,799,2,1,CARD,PAID,29040.00,2024-05-17 16:40:55
7000002346,1000002346,20240517,1196,2,1,CASH,PAID,18150.00,2024-05-17 17:04:35
7000002349,1000002349,20240517,1024,2,4,CARD,PAID,18150.00,2024-05-17 19:06:06
7000002351,1000002351,20240517,136,2,1,CARD,PAID,87120.00,2024-05-17 20:38:56
7000002352,1000002352,20240517,542,2,2,CARD,PAID,14520.00,2024-05-17 20:57:15
7000002359,1000002359,20240518,1197,2,4,CASH,PAID,58806.00,2024-05-18 13:21:06
7000002360,1000002360,20240518,188,2,3,CASH,PAID,101640.00,2024-05-18 13:25:14
7000002361,1000002361,20240518,376,2,4,CARD,PAID,32670.00,2024-05-18 14:14:55
7000002362,1000002362,20240518,1198,2,3,CASH,PAID,79860.00,2024-05-18 14:43:44
7000002363,1000002363,20240518,1199,2,1,CARD,PAID,101640.00,2024-05-18 14:55:09
7000002364,1000002364,20240518,232,2,2,CARD,PAID,14520.00,2024-05-18 15:12:57
7000002365,1000002365,20240518,426,2,1,CARD,PAID,14520.00,2024-05-18 15:59:46
7000002369,1000002369,20240518,258,2,1,CASH,PAID,14520.00,2024-05-18 20:10:35
7000002370,1000002370,20240518,925,2,2,CARD,PAID,36300.00,2024-05-18 20:34:56
7000002387,1000002387,20240520,321,2,1,CASH,PAID,14268.00,2024-05-20 11:15:52
7000002389,1000002389,20240520,1083,2,2,CARD,PAID,29040.00,2024-05-20 12:18:52
7000002392,1000002392,20240520,1205,2,3,CASH,PAID,47190.00,2024-05-20 16:21:39
7000002394,1000002394,20240520,907,2,3,CARD,PAID,32670.00,2024-05-20 17:10:31
7000002396,1000002396,20240520,850,2,3,CARD,PAID,50820.00,2024-05-20 18:25:17
7000002397,1000002397,20240520,665,2,3,CARD,PAID,50820.00,2024-05-20 18:44:09
7000002408,1000002408,20240521,1207,2,3,CARD,PAID,14520.00,2024-05-21 14:07:05
7000002409,1000002409,20240521,1208,2,2,CARD,PAID,18150.00,2024-05-21 15:38:00
7000002410,1000002410,20240521,1209,2,1,CARD,PAID,61710.00,2024-05-21 18:14:52
7000002411,1000002411,20240521,617,2,4,CASH,PAID,50820.00,2024-05-21 19:04:59
7000002413,1000002413,20240521,320,2,3,CARD,PAID,32670.00,2024-05-21 19:59:39
7000002415,1000002415,20240522,451,2,4,CASH,PAID,29040.00,2024-05-22 10:31:51
7000002416,1000002416,20240522,1210,2,1,CASH,PAID,32670.00,2024-05-22 11:01:40
7000002417,1000002417,20240522,591,2,4,CARD,PAID,14520.00,2024-05-22 12:02:50
7000002418,1000002418,20240522,491,2,2,CARD,PAID,72600.00,2024-05-22 13:08:43
7000002421,1000002421,20240522,199,2,3,CASH,PAID,72600.00,2024-05-22 14:28:48
7000002422,1000002422,20240522,1033,2,2,CARD,PAID,14520.00,2024-05-22 15:16:44
7000002426,1000002426,20240522,111,2,2,CASH,PAID,58080.00,2024-05-22 17:42:18
7000002428,1000002428,20240522,924,2,1,CASH,PAID,18150.00,2024-05-22 18:48:24
7000002430,1000002430,20240522,679,2,3,CASH,PAID,14520.00,2024-05-22 20:33:29
7000002438,1000002438,20240523,1215,2,1,CARD,PAID,18150.00,2024-05-23 14:05:08
7000002440,1000002440,20240523,395,2,1,CASH,PAID,29040.00,2024-05-23 16:55:16
7000002442,1000002442,20240523,1217,2,4,TRANSFER,PAID,47190.00,2024-05-23 19:00:50
7000002443,1000002443,20240523,743,2,2,CARD,PAID,14520.00,2024-05-23 19:12:59
7000002444,1000002444,20240523,515,2,3,TRANSFER,PAID,18150.00,2024-05-23 19:48:48
7000002447,1000002447,20240523,539,2,1,CASH,PAID,228327.00,2024-05-23 20:31:02
7000002450,1000002450,20240524,250,2,3,TRANSFER,PAID,32670.00,2024-05-24 10:21:32
7000002451,1000002451,20240524,308,2,2,CASH,PAID,14520.00,2024-05-24 12:24:17
7000002452,1000002452,20240524,138,2,1,CARD,PAID,79860.00,2024-05-24 12:42:07
7000002456,1000002456,20240524,1220,2,1,CASH,PAID,14520.00,2024-05-24 16:46:28
7000002457,1000002457,20240524,1221,2,2,CARD,PAID,43560.00,2024-05-24 17:27:14
7000002458,1000002458,20240524,1222,2,3,TRANSFER,PAID,36300.00,2024-05-24 17:51:03
7000002460,1000002460,20240524,292,2,4,CASH,PAID,18150.00,2024-05-24 18:30:03
7000002461,1000002461,20240524,1113,2,1,CARD,PAID,29040.00,2024-05-24 18:32:06
7000002462,1000002462,20240524,267,2,1,CASH,PAID,36300.00,2024-05-24 19:21:17
7000002473,1000002473,20240525,330,2,1,CARD,PAID,72600.00,2024-05-25 11:32:09
7000002477,1000002477,20240525,437,2,4,CASH,PAID,32670.00,2024-05-25 13:06:21
7000002478,1000002478,20240525,407,2,4,CARD,FAILED,16335.00,
7000002479,1000002479,20240525,37,2,1,CASH,PAID,14520.00,2024-05-25 13:43:08
7000002480,1000002480,20240525,1100,2,1,CARD,PAID,14520.00,2024-05-25 13:47:22
7000002481,1000002481,20240525,1226,2,4,TRANSFER,PAID,36300.00,2024-05-25 15:16:20
7000002482,1000002482,20240525,177,2,3,CARD,PAID,29040.00,2024-05-25 16:11:24
7000002484,1000002484,20240525,801,2,4,CASH,PAID,48990.00,2024-05-25 19:29:26
7000002485,1000002485,20240525,601,2,4,CASH,PAID,43560.00,2024-05-25 20:01:26
7000002498,1000002498,20240527,1230,2,2,CASH,PAID,47190.00,2024-05-27 11:13:45
7000002500,1000002500,20240527,859,2,2,CASH,PAID,29040.00,2024-05-27 13:12:16
7000002502,1000002502,20240527,1233,2,2,CARD,PAID,43560.00,2024-05-27 13:18:51
7000002504,1000002504,20240527,273,2,3,CASH,PAID,36300.00,2024-05-27 14:17:27
7000002505,1000002505,20240527,454,2,2,TRANSFER,PAID,14520.00,2024-05-27 14:34:57
7000002506,1000002506,20240527,754,2,4,CARD,PAID,16335.00,2024-05-27 14:46:15
7000002507,1000002507,20240527,1147,2,2,CASH,PAID,14520.00,2024-05-27 14:53:13
7000002508,1000002508,20240527,698,2,2,CARD,PAID,18150.00,2024-05-27 16:15:21
7000002509,1000002509,20240527,1235,2,3,CASH,PAID,14520.00,2024-05-27 16:57:23
7000002510,1000002510,20240527,1236,2,1,CARD,PAID,18150.00,2024-05-27 18:44:33
7000002511,1000002511,20240527,954,2,2,CARD,PAID,231412.50,2024-05-27 18:55:30
7000002512,1000002512,20240527,867,2,3,CARD,PAID,36300.00,2024-05-27 19:36:26
7000002514,1000002514,20240527,560,2,2,CARD,PAID,14520.00,2024-05-27 19:52:18
7000002515,1000002515,20240527,8,2,1,TRANSFER,PAID,15720.00,2024-05-27 19:51:58
7000002523,1000002523,20240528,474,2,4,CARD,PAID,29040.00,2024-05-28 15:39:05
7000002525,1000002525,20240528,571,2,4,TRANSFER,PAID,14520.00,2024-05-28 18:40:17
7000002532,1000002532,20240529,246,2,2,CASH,PAID,32670.00,2024-05-29 10:16:52
7000002533,1000002533,20240529,707,2,2,CASH,PAID,18150.00,2024-05-29 10:44:02
7000002535,1000002535,20240529,1241,2,2,CARD,PAID,61710.00,2024-05-29 11:19:15
7000002536,1000002536,20240529,388,2,4,CASH,PAID,14520.00,2024-05-29 11:21:48
7000002538,1000002538,20240529,345,2,4,CARD,PAID,18150.00,2024-05-29 11:56:34
7000002539,1000002539,20240529,641,2,3,CARD,PAID,16335.00,2024-05-29 12:09:02
7000002541,1000002541,20240529,841,2,2,CASH,PAID,14520.00,2024-05-29 13:17:22
7000002542,1000002542,20240529,1051,2,3,CARD,PAID,50820.00,2024-05-29 15:55:20
7000002543,1000002543,20240529,741,2,2,CARD,PAID,32670.00,2024-05-29 15:56:54
7000002544,1000002544,20240529,1061,2,1,CARD,PAID,72600.00,2024-05-29 17:33:38
7000002545,1000002545,20240529,93,2,2,CARD,PAID,14520.00,2024-05-29 18:10:01
7000002547,1000002547,20240529,508,2,2,CASH,PAID,36300.00,2024-05-29 20:15:13
7000002548,1000002548,20240529,1243,2,2,CASH,PAID,43560.00,2024-05-29 20:51:31
7000002554,1000002554,20240530,1245,2,2,CARD,PAID,43560.00,2024-05-30 10:06:15
7000002555,1000002555,20240530,1246,2,4,TRANSFER,PAID,76230.00,2024-05-30 17:30:32
7000002556,1000002556,20240530,901,2,1,CARD,PAID,18150.00,2024-05-30 18:13:36
7000002557,1000002557,20240530,848,2,4,CARD,PAID,14520.00,2024-05-30 18:25:11
7000002559,1000002559,20240530,838,2,1,CARD,PAID,18150.00,2024-05-30 19:04:22
7000002561,1000002561,20240530,555,2,2,CARD,PAID,18150.00,2024-05-30 20:28:32
7000002567,1000002567,20240531,919,2,1,CARD,PAID,50820.00,2024-05-31 10:58:36
7000002569,1000002569,20240531,877,2,2,CARD,PAID,200557.50,2024-05-31 12:59:28
7000002571,1000002571,20240531,1250,2,1,CASH,PAID,18150.00,2024-05-31 14:40:04
7000002573,1000002573,20240531,1034,2,2,CARD,PAID,29040.00,2024-05-31 18:11:09
7000002575,1000002575,20240531,462,2,1,CARD,PAID,32670.00,2024-05-31 20:39:39
7000002577,1000002577,20240531,127,2,2,CASH,PAID,29040.00,2024-05-31 21:01:03
7000002581,1000002581,20240601,1205,2,3,TRANSFER,PAID,29040.00,2024-06-01 10:15:30
7000002582,1000002582,20240601,236,2,2,CARD,PAID,18150.00,2024-06-01 10:22:42
7000002583,1000002583,20240601,1253,2,3,CASH,PAID,36300.00,2024-06-01 11:23:19
7000002584,1000002584,20240601,882,2,1,CARD,PAID,18150.00,2024-06-01 11:47:23
7000002585,1000002585,20240601,413,2,4,TRANSFER,PAID,68970.00,2024-06-01 11:52:41
7000002586,1000002586,20240601,213,2,3,CASH,PAID,18150.00,2024-06-01 12:07:16
7000002587,1000002587,20240601,753,2,2,CARD,PAID,36300.00,2024-06-01 13:00:12
7000002588,1000002588,20240601,458,2,1,CARD,PAID,18150.00,2024-06-01 13:39:53
7000002589,1000002589,20240601,198,2,1,CARD,PAID,32670.00,2024-06-01 14:38:51
7000002591,1000002591,20240601,385,2,3,CARD,PAID,47190.00,2024-06-01 15:28:53
7000002592,1000002592,20240601,121,2,2,CASH,PAID,14520.00,2024-06-01 16:52:42
7000002593,1000002593,20240601,1255,2,4,CASH,PAID,26136.00,2024-06-01 18:07:44
7000002594,1000002594,20240601,1052,2,3,CARD,PAID,14520.00,2024-06-01 19:31:09
7000002609,1000002609,20240603,358,2,3,CARD,PAID,14520.00,2024-06-03 10:21:20
7000002610,1000002610,20240603,587,2,4,CASH,PAID,94380.00,2024-06-03 10:29:12
7000002611,1000002611,20240603,247,2,1,CASH,PAID,36300.00,2024-06-03 10:58:51
7000002612,1000002612,20240603,1261,2,2,TRANSFER,PAID,42471.00,2024-06-03 11:07:04
7000002615,1000002615,20240603,415,2,3,CARD,PAID,36300.00,2024-06-03 12:15:36
7000002616,1000002616,20240603,1262,2,1,CASH,PAID,43560.00,2024-06-03 13:10:33
7000002618,1000002618,20240603,897,2,2,CARD,PAID,72600.00,2024-06-03 13:38:56
7000002619,1000002619,20240603,1263,2,1,TRANSFER,PAID,18150.00,2024-06-03 15:18:21
7000002620,1000002620,20240603,512,2,2,CARD,PAID,14520.00,2024-06-03 17:37:34
7000002621,1000002621,20240603,259,2,2,TRANSFER,PAID,14520.00,2024-06-03 18:14:09
7000002631,1000002631,20240604,757,2,1,CARD,PAID,65340.00,2024-06-04 10:14:52
7000002633,1000002633,20240604,1040,2,2,CASH,PAID,36300.00,2024-06-04 13:47:31
7000002635,1000002635,20240604,1035,2,2,CASH,PAID,29040.00,2024-06-04 16:53:03
7000002638,1000002638,20240604,1268,2,3,CARD,PAID,50820.00,2024-06-04 18:34:45
7000002640,1000002640,20240604,1269,2,4,CARD,PAID,43560.00,2024-06-04 19:31:43
7000002641,1000002641,20240604,160,2,1,TRANSFER,REFUNDED,18150.00,2024-06-04 20:51:37
7000002646,1000002646,20240605,406,2,2,CARD,PAID,14520.00,2024-06-05 13:03:16
7000002647,1000002647,20240605,444,2,1,CARD,FAILED,14520.00,
7000002648,1000002648,20240605,900,2,4,CASH,PAID,50820.00,2024-06-05 13:25:50
7000002649,1000002649,20240605,1272,2,2,CASH,PAID,18150.00,2024-06-05 16:10:02
7000002651,1000002651,20240605,239,2,3,CARD,PAID,54450.00,2024-06-05 17:25:55
7000002652,1000002652,20240605,510,2,3,CARD,PAID,52320.00,2024-06-05 17:26:20
7000002657,1000002657,20240605,1003,2,3,CASH,PAID,14520.00,2024-06-05 19:20:52
7000002658,1000002658,20240605,651,2,1,CARD,PAID,36300.00,2024-06-05 19:45:50
7000002662,1000002662,20240606,613,2,4,CASH,PAID,47190.00,2024-06-06 10:20:25
7000002663,1000002663,20240606,987,2,2,CARD,PAID,18150.00,2024-06-06 11:29:13
7000002665,1000002665,20240606,251,2,1,CARD,PAID,18150.00,2024-06-06 11:47:59
7000002666,1000002666,20240606,1146,2,4,CARD,PAID,14520.00,2024-06-06 12:06:50
7000002669,1000002669,20240606,871,2,4,CASH,PAID,18150.00,2024-06-06 13:33:16
7000002674,1000002674,20240606,1276,2,1,CARD,PAID,72600.00,2024-06-06 17:19:09
7000002678,1000002678,20240606,1277,2,1,CASH,PAID,18150.00,2024-06-06 19:10:22
7000002680,1000002680,20240606,903,2,2,CARD,PAID,72600.00,2024-06-06 19:41:31
7000002681,1000002681,20240606,349,2,4,CASH,PAID,29040.00,2024-06-06 19:42:32
7000002687,1000002687,20240607,989,2,3,CARD,PAID,18150.00,2024-06-07 10:48:34
7000002688,1000002688,20240607,164,2,1,CARD,PAID,18150.00,2024-06-07 11:09:36
7000002689,1000002689,20240607,426,2,1,CASH,PAID,43560.00,2024-06-07 12:06:55
7000002691,1000002691,20240607,1280,2,4,CASH,PAID,14520.00,2024-06-07 13:39:06
7000002692,1000002692,20240607,1281,2,3,CARD,PAID,32670.00,2024-06-07 14:01:48
7000002694,1000002694,20240607,1282,2,3,CARD,PAID,32670.00,2024-06-07 14:53:21
7000002696,1000002696,20240607,368,2,2,CARD,PAID,18150.00,2024-06-07 16:07:43
7000002697,1000002697,20240607,634,2,4,CARD,PAID,18150.00,2024-06-07 16:43:21
7000002698,1000002698,20240607,35,2,1,CARD,PAID,36300.00,2024-06-07 16:53:59
7000002701,1000002701,20240607,1283,2,1,CASH,PAID,61710.00,2024-06-07 19:05:18
7000002711,1000002711,20240608,1076,2,1,CARD,PAID,14520.00,2024-06-08 10:50:43
7000002712,1000002712,20240608,1288,2,1,CARD,PAID,14520.00,2024-06-08 11:39:59
7000002713,1000002713,20240608,1289,2,4,CARD,PAID,32670.00,2024-06-08 13:02:19
7000002714,1000002714,20240608,925,2,2,CARD,PAID,36300.00,2024-06-08 13:20:23
7000002715,1000002715,20240608,193,2,2,CARD,PAID,32670.00,2024-06-08 13:24:01
7000002716,1000002716,20240608,1290,2,1,CARD,PAID,18150.00,2024-06-08 13:43:18
7000002717,1000002717,20240608,1291,2,2,CASH,PAID,45060.00,2024-06-08 13:44:00
7000002718,1000002718,20240608,1292,2,4,CASH,PAID,29040.00,2024-06-08 13:54:39
7000002719,1000002719,20240608,232,2,2,TRANSFER,PAID,18150.00,2024-06-08 14:04:24
7000002721,1000002721,20240608,1294,2,1,CARD,PAID,50820.00,2024-06-08 14:39:20
7000002723,1000002723,20240608,145,2,2,CASH,PAID,65340.00,2024-06-08 15:06:45
7000002724,1000002724,20240608,188,2,3,CASH,PAID,47190.00,2024-06-08 15:26:14
7000002725,1000002725,20240608,432,2,4,CARD,PAID,47190.00,2024-06-08 15:29:26
7000002726,1000002726,20240608,1157,2,4,CASH,PAID,18150.00,2024-06-08 15:32:50
7000002727,1000002727,20240608,1295,2,1,CASH,PAID,43560.00,2024-06-08 16:14:27
7000002728,1000002728,20240608,1296,2,2,CARD,PAID,32670.00,2024-06-08 17:00:37
7000002729,1000002729,20240608,221,2,1,CASH,PAID,18150.00,2024-06-08 17:24:39
7000002730,1000002730,20240608,573,2,1,CARD,PAID,47190.00,2024-06-08 17:44:27
7000002731,1000002731,20240608,795,2,2,CARD,PAID,36300.00,2024-06-08 18:51:55
7000002732,1000002732,20240608,805,2,4,CASH,PAID,47190.00,2024-06-08 18:53:30
7000002735,1000002735,20240608,203,2,2,CARD,PAID,29040.00,2024-06-08 19:06:47
7000002736,1000002736,20240608,1298,2,1,CASH,PAID,14520.00,2024-06-08 19:26:25
7000002737,1000002737,20240608,1006,2,2,CARD,REFUNDED,36300.00,2024-06-08 20:05:36
7000002757,1000002757,20240610,994,2,1,CARD,PAID,50820.00,2024-06-10 12:16:40
7000002759,1000002759,20240610,76,2,2,CARD,PAID,14520.00,2024-06-10 16:28:01
7000002760,1000002760,20240610,688,2,2,CARD,PAID,18150.00,2024-06-10 17:22:42
7000002761,1000002761,20240610,1151,2,1,CASH,PAID,18150.00,2024-06-10 18:32:11
7000002765,1000002765,20240610,1303,2,4,CASH,PAID,32670.00,2024-06-10 20:43:51
7000002775,1000002775,20240611,1052,2,3,TRANSFER,PAID,16020.00,2024-06-11 10:45:11
7000002778,1000002778,20240611,427,2,3,CARD,PAID,61710.00,2024-06-11 11:54:12
7000002779,1000002779,20240611,529,2,1,CASH,PAID,65340.00,2024-06-11 12:45:22
7000002780,1000002780,20240611,209,2,1,CASH,PAID,29040.00,2024-06-11 12:47:19
7000002781,1000002781,20240611,656,2,1,CARD,PAID,18150.00,2024-06-11 12:54:39
7000002784,1000002784,20240611,1261,2,2,CASH,PAID,18150.00,2024-06-11 15:42:43
7000002785,1000002785,20240611,491,2,2,CASH,PAID,58080.00,2024-06-11 16:57:21
7000002786,1000002786,20240611,430,2,4,CARD,PAID,18150.00,2024-06-11 17:58:40
7000002787,1000002787,20240611,205,2,3,CASH,PAID,17835.00,2024-06-11 18:22:45
7000002788,1000002788,20240611,326,2,4,CASH,PAID,54450.00,2024-06-11 18:25:25
7000002790,1000002790,20240611,1307,2,1,CARD,PAID,36300.00,2024-06-11 19:12:25
7000002791,1000002791,20240611,628,2,3,CASH,PAID,54450.00,2024-06-11 19:18:29
7000002792,1000002792,20240611,961,2,1,CASH,PAID,18150.00,2024-06-11 19:24:22
7000002793,1000002793,20240611,87,2,1,CASH,PAID,61710.00,2024-06-11 19:38:52
7000002794,1000002794,20240611,1195,2,4,CARD,PAID,29040.00,2024-06-11 20:25:16
7000002801,1000002801,20240612,1308,2,3,CARD,PAID,18150.00,2024-06-12 10:42:04
7000002803,1000002803,20240612,586,2,1,TRANSFER,PAID,58080.00,2024-06-12 12:14:42
7000002804,1000002804,20240612,1310,2,1,CARD,PAID,32670.00,2024-06-12 12:32:15
7000002805,1000002805,20240612,80,2,2,CARD,PAID,36300.00,2024-06-12 13:03:25
7000002807,1000002807,20240612,265,2,1,CARD,PAID,50820.00,2024-06-12 15:37:28
7000002808,1000002808,20240612,981,2,2,CARD,PAID,18150.00,2024-06-12 16:05:16
7000002809,1000002809,20240612,338,2,1,CASH,PAID,29040.00,2024-06-12 16:14:36
7000002810,1000002810,20240612,1311,2,3,TRANSFER,PAID,18150.00,2024-06-12 17:08:43
7000002811,1000002811,20240612,395,2,1,CARD,PAID,36300.00,2024-06-12 17:15:08
7000002813,1000002813,20240612,1312,2,4,CARD,PAID,19950.00,2024-06-12 17:35:32
7000002815,1000002815,20240612,626,2,1,CASH,PAID,36300.00,2024-06-12 18:43:22
7000002816,1000002816,20240612,516,2,3,CASH,PAID,18150.00,2024-06-12 18:50:52
7000002818,1000002818,20240612,762,2,2,CARD,PAID,14520.00,2024-06-12 19:16:15
7000002831,1000002831,20240613,600,2,2,CARD,PAID,76230.00,2024-06-13 13:02:53
7000002832,1000002832,20240613,1318,2,2,CASH,PAID,29040.00,2024-06-13 13:15:32
7000002836,1000002836,20240613,1321,2,2,CARD,PAID,18150.00,2024-06-13 16:16:48
7000002837,1000002837,20240613,729,2,3,CARD,PAID,18150.00,2024-06-13 16:33:44
7000002839,1000002839,20240613,442,2,2,CASH,PAID,72600.00,2024-06-13 16:52:00
7000002840,1000002840,20240613,199,2,3,CARD,PAID,43560.00,2024-06-13 18:27:59
7000002842,1000002842,20240613,331,2,2,CARD,PAID,29040.00,2024-06-13 19:09:15
7000002843,1000002843,20240613,763,2,2,CASH,PAID,16335.00,2024-06-13 19:36:41
7000002845,1000002845,20240613,1322,2,4,CARD,PAID,14520.00,2024-06-13 19:38:45
7000002848,1000002848,20240613,1203,2,1,CARD,PAID,33870.00,2024-06-13 20:47:28
7000002849,1000002849,20240613,1230,2,2,CARD,PAID,14520.00,2024-06-13 20:49:03
7000002850,1000002850,20240613,435,2,4,CARD,PAID,107992.50,2024-06-13 20:50:53
7000002857,1000002857,20240614,887,2,4,CARD,PAID,36300.00,2024-06-14 11:17:42
7000002859,1000002859,20240614,194,2,1,CASH,PAID,18150.00,2024-06-14 11:42:56
7000002860,1000002860,20240614,690,2,1,CASH,PAID,14520.00,2024-06-14 12:01:19
7000002861,1000002861,20240614,594,2,4,CARD,PAID,18150.00,2024-06-14 12:46:35
7000002862,1000002862,20240614,185,2,1,CASH,PAID,29040.00,2024-06-14 13:41:03
7000002863,1000002863,20240614,1324,2,1,CASH,PAID,50820.00,2024-06-14 14:15:43
7000002864,1000002864,20240614,754,2,4,TRANSFER,PAID,14520.00,2024-06-14 14:22:26
7000002865,1000002865,20240614,1325,2,1,CASH,PAID,26136.00,2024-06-14 15:45:26
7000002866,1000002866,20240614,1010,2,3,CASH,PAID,36300.00,2024-06-14 16:18:40
7000002867,1000002867,20240614,101,2,2,CARD,PAID,50820.00,2024-06-14 16:45:43
7000002868,1000002868,20240614,580,2,3,TRANSFER,PAID,18150.00,2024-06-14 17:07:46
7000002869,1000002869,20240614,1326,2,1,CASH,PAID,49005.00,2024-06-14 18:28:14
7000002871,1000002871,20240614,1015,2,3,CARD,PAID,18150.00,2024-06-14 19:10:51
7000002872,1000002872,20240614,1327,2,4,CARD,PAID,87120.00,2024-06-14 19:22:55
7000002875,1000002875,20240614,375,2,3,CASH,PAID,14520.00,2024-06-14 20:20:18
7000002884,1000002884,20240615,308,2,2,CARD,PAID,54450.00,2024-06-15 10:35:13
7000002885,1000002885,20240615,250,2,3,CASH,PAID,18150.00,2024-06-15 10:48:37
7000002888,1000002888,20240615,426,2,1,CARD,PAID,18150.00,2024-06-15 11:15:41
7000002889,1000002889,20240615,987,2,2,TRANSFER,PAID,14520.00,2024-06-15 11:32:33
7000002890,1000002890,20240615,230,2,2,CASH,PAID,32670.00,2024-06-15 11:35:46
7000002891,1000002891,20240615,1332,2,3,CASH,PAID,14520.00,2024-06-15 11:40:38
7000002892,1000002892,20240615,588,2,2,CARD,PAID,18150.00,2024-06-15 11:54:01
7000002893,1000002893,20240615,908,2,4,CARD,PAID,36300.00,2024-06-15 11:58:54
7000002894,1000002894,20240615,753,2,2,CARD,PAID,54450.00,2024-06-15 12:10:26
7000002895,1000002895,20240615,660,2,1,CARD,REFUNDED,94380.00,2024-06-15 12:13:19
7000002896,1000002896,20240615,544,2,4,CARD,PAID,14520.00,2024-06-15 12:26:48
7000002897,1000002897,20240615,1333,2,1,CARD,PAID,50820.00,2024-06-15 13:28:57
7000002898,1000002898,20240615,686,2,3,CASH,PAID,29040.00,2024-06-15 14:25:03
7000002900,1000002900,20240615,1335,2,2,CASH,PAID,54450.00,2024-06-15 14:48:32
7000002901,1000002901,20240615,614,2,3,CARD,PAID,18150.00,2024-06-15 14:52:48
7000002902,1000002902,20240615,501,2,2,CARD,PAID,36300.00,2024-06-15 15:28:26
7000002903,1000002903,20240615,880,2,2,CARD,PAID,58080.00,2024-06-15 15:36:50
7000002904,1000002904,20240615,127,2,2,CARD,PAID,29040.00,2024-06-15 15:38:15
7000002905,1000002905,20240615,1078,2,1,CASH,PAID,29040.00,2024-06-15 16:32:07
7000002906,1000002906,20240615,38,2,1,CARD,PAID,18150.00,2024-06-15 16:33:27
7000002907,1000002907,20240615,551,2,3,CARD,PAID,18150.00,2024-06-15 16:47:53
7000002908,1000002908,20240615,415,2,3,CARD,PAID,18150.00,2024-06-15 17:40:49
7000002933,1000002933,20240617,1343,2,1,CASH,PAID,14520.00,2024-06-17 11:36:12
7000002935,1000002935,20240617,693,2,1,CARD,PAID,43560.00,2024-06-17 13:09:24
7000002942,1000002942,20240617,1031,2,3,CASH,PAID,29040.00,2024-06-17 19:43:45
7000002957,1000002957,20240618,329,2,4,CASH,PAID,29040.00,2024-06-18 14:51:24
7000002959,1000002959,20240618,376,2,4,CASH,PAID,13068.00,2024-06-18 18:16:29
7000002962,1000002962,20240618,859,2,2,CASH,PAID,54450.00,2024-06-18 20:02:29
7000002971,1000002971,20240619,288,2,3,TRANSFER,PAID,18150.00,2024-06-19 11:37:15
7000002972,1000002972,20240619,1353,2,1,CASH,PAID,29040.00,2024-06-19 13:40:42
7000002973,1000002973,20240619,390,2,3,CASH,PAID,32670.00,2024-06-19 15:13:39
7000002974,1000002974,20240619,1124,2,1,CARD,PAID,29040.00,2024-06-19 16:33:27
7000002976,1000002976,20240619,163,2,2,CASH,PAID,18150.00,2024-06-19 18:58:02
7000002977,1000002977,20240619,1354,2,3,CASH,PAID,111078.00,2024-06-19 18:57:45
7000002979,1000002979,20240619,1355,2,4,CARD,PAID,43560.00,2024-06-19 19:46:40
7000002987,1000002987,20240620,602,2,4,CASH,PAID,18150.00,2024-06-20 12:06:42
7000002988,1000002988,20240620,132,2,2,TRANSFER,PAID,50820.00,2024-06-20 13:39:55
7000002989,1000002989,20240620,829,2,3,CARD,PAID,13068.00,2024-06-20 16:54:08
7000002990,1000002990,20240620,508,2,2,CARD,PAID,32670.00,2024-06-20 17:17:06
7000002992,1000002992,20240620,1033,2,2,CARD,PAID,18150.00,2024-06-20 17:27:40
7000002993,1000002993,20240620,158,2,3,CARD,PAID,58080.00,2024-06-20 17:36:37
7000002995,1000002995,20240620,722,2,3,CARD,PAID,65340.00,2024-06-20 18:37:16
7000002997,1000002997,20240620,688,2,2,CASH,PAID,18150.00,2024-06-20 20:01:28
7000003001,1000003001,20240621,215,2,1,CARD,PAID,58080.00,2024-06-21 10:28:37
7000003002,1000003002,20240621,208,2,3,TRANSFER,PAID,50820.00,2024-06-21 10:46:34
7000003003,1000003003,20240621,112,2,1,CASH,PAID,130680.00,2024-06-21 12:00:49
7000003004,1000003004,20240621,474,2,4,CASH,PAID,32670.00,2024-06-21 12:28:42
7000003005,1000003005,20240621,1121,2,2,CARD,PAID,43560.00,2024-06-21 12:37:18
7000003006,1000003006,20240621,1362,2,4,CASH,PAID,14520.00,2024-06-21 13:19:24
7000003009,1000003009,20240621,606,2,4,CARD,PAID,36300.00,2024-06-21 17:48:39
7000003010,1000003010,20240621,1363,2,3,TRANSFER,PAID,14520.00,2024-06-21 18:03:26
7000003011,1000003011,20240621,1064,2,2,CARD,PAID,65340.00,2024-06-21 18:30:29
7000003013,1000003013,20240621,945,2,2,CARD,PAID,14520.00,2024-06-21 19:57:12
7000003014,1000003014,20240621,808,2,4,CASH,PAID,14520.00,2024-06-21 20:00:12
7000003023,1000003023,20240622,1364,2,1,CARD,PAID,18150.00,2024-06-22 14:39:08
7000003024,1000003024,20240622,1283,2,1,TRANSFER,PAID,54450.00,2024-06-22 15:46:57
7000003025,1000003025,20240622,1040,2,2,CARD,PAID,18150.00,2024-06-22 15:57:38
7000003027,1000003027,20240622,304,2,3,CASH,PAID,54450.00,2024-06-22 16:49:17
7000003029,1000003029,20240622,1367,2,4,CARD,REFUNDED,14520.00,2024-06-22 17:03:38
7000003030,1000003030,20240622,1217,2,4,CASH,REFUNDED,14520.00,2024-06-22 17:44:06
7000003031,1000003031,20240622,138,2,1,CARD,PAID,14520.00,2024-06-22 19:37:33
7000003051,1000003051,20240624,1296,2,2,CASH,PAID,14520.00,2024-06-24 15:20:01
7000003054,1000003054,20240624,1372,2,1,CARD,PAID,36300.00,2024-06-24 16:11:24
7000003055,1000003055,20240624,1138,2,1,CARD,PAID,58080.00,2024-06-24 16:59:52
7000003057,1000003057,20240624,741,2,2,CARD,PAID,18150.00,2024-06-24 17:47:14
7000003059,1000003059,20240624,984,2,2,CARD,PAID,116160.00,2024-06-24 19:25:49
7000003060,1000003060,20240624,1221,2,2,TRANSFER,PAID,72600.00,2024-06-24 19:36:51
7000003061,1000003061,20240624,258,2,1,CASH,PAID,18150.00,2024-06-24 20:38:01
7000003066,1000003066,20240625,883,2,2,CASH,PAID,72600.00,2024-06-25 10:10:14
7000003067,1000003067,20240625,1208,2,2,CARD,PAID,18150.00,2024-06-25 10:40:58
7000003068,1000003068,20240625,1205,2,3,CARD,PAID,14520.00,2024-06-25 10:40:15
7000003069,1000003069,20240625,554,2,3,TRANSFER,PAID,65340.00,2024-06-25 12:23:30
7000003070,1000003070,20240625,221,2,1,TRANSFER,PAID,54450.00,2024-06-25 12:27:48
7000003071,1000003071,20240625,1199,2,1,CARD,PAID,18150.00,2024-06-25 12:45:57
7000003072,1000003072,20240625,825,2,1,CARD,PAID,54450.00,2024-06-25 15:26:28
7000003074,1000003074,20240625,1376,2,3,TRANSFER,PAID,32670.00,2024-06-25 15:53:29
7000003075,1000003075,20240625,117,2,2,CASH,PAID,14520.00,2024-06-25 16:38:07
7000003078,1000003078,20240625,665,2,3,CARD,PAID,18150.00,2024-06-25 19:54:43
7000003079,1000003079,20240625,143,2,2,CARD,PAID,14520.00,2024-06-25 20:13:02
7000003080,1000003080,20240625,1377,2,4,CASH,PAID,36300.00,2024-06-25 20:40:17
7000003089,1000003089,20240626,966,2,2,TRANSFER,PAID,18150.00,2024-06-26 13:28:59
7000003090,1000003090,20240626,732,2,1,CASH,PAID,76230.00,2024-06-26 14:03:16
7000003091,1000003091,20240626,1381,2,2,CARD,FAILED,43560.00,
7000003092,1000003092,20240626,71,2,2,CASH,PAID,36300.00,2024-06-26 17:07:23
7000003093,1000003093,20240626,1382,2,2,TRANSFER,PAID,36300.00,2024-06-26 17:20:07
7000003095,1000003095,20240626,466,2,1,CARD,PAID,18150.00,2024-06-26 18:04:26
7000003096,1000003096,20240626,1176,2,2,CARD,PAID,36300.00,2024-06-26 18:24:49
7000003097,1000003097,20240626,242,2,3,CARD,PAID,14520.00,2024-06-26 18:27:20
7000003098,1000003098,20240626,745,2,1,CASH,PAID,29040.00,2024-06-26 19:10:31
7000003099,1000003099,20240626,536,2,3,CARD,PAID,50820.00,2024-06-26 19:39:04
7000003102,1000003102,20240626,235,2,1,CARD,PAID,29040.00,2024-06-26 20:27:52
7000003103,1000003103,20240626,59,2,1,CARD,PAID,18150.00,2024-06-26 20:45:30
7000003111,1000003111,20240627,1083,2,2,CARD,PAID,29040.00,2024-06-27 12:34:23
7000003115,1000003115,20240627,432,2,4,CARD,PAID,65340.00,2024-06-27 17:30:42
7000003116,1000003116,20240627,1385,2,2,TRANSFER,PAID,18150.00,2024-06-27 17:50:40
7000003117,1000003117,20240627,519,2,3,CASH,PAID,79860.00,2024-06-27 20:15:39
7000003128,1000003128,20240628,1148,2,3,CARD,PAID,18150.00,2024-06-28 11:03:22
7000003129,1000003129,20240628,76,2,2,CARD,REFUNDED,29040.00,2024-06-28 13:27:25
7000003130,1000003130,20240628,753,2,2,CARD,PAID,14520.00,2024-06-28 13:59:55
7000003131,1000003131,20240628,738,2,2,CARD,PAID,50820.00,2024-06-28 14:41:04
7000003135,1000003135,20240628,1269,2,4,CARD,PAID,14520.00,2024-06-28 16:55:29
7000003136,1000003136,20240628,1233,2,2,CARD,PAID,32670.00,2024-06-28 18:25:26
7000003137,1000003137,20240628,600,2,2,CARD,PAID,18150.00,2024-06-28 19:40:59
7000003140,1000003140,20240628,330,2,1,CASH,PAID,58080.00,2024-06-28 20:08:38
7000003143,1000003143,20240628,1290,2,1,CASH,PAID,32670.00,2024-06-28 20:47:55
7000003146,1000003146,20240629,218,2,1,CASH,PAID,65340.00,2024-06-29 10:37:33
7000003147,1000003147,20240629,141,2,1,CASH,PAID,32670.00,2024-06-29 10:44:18
7000003149,1000003149,20240629,291,2,2,CARD,PAID,50820.00,2024-06-29 11:51:30
7000003152,1000003152,20240629,302,2,3,CARD,PAID,18150.00,2024-06-29 12:45:18
7000003153,1000003153,20240629,424,2,4,CASH,PAID,14520.00,2024-06-29 13:01:30
7000003155,1000003155,20240629,1392,2,4,CARD,PAID,47190.00,2024-06-29 13:27:13
7000003157,1000003157,20240629,1394,2,1,CARD,PAID,43560.00,2024-06-29 15:10:28
7000003158,1000003158,20240629,1395,2,2,CARD,PAID,29040.00,2024-06-29 15:39:18
7000003159,1000003159,20240629,729,2,3,CASH,PAID,54450.00,2024-06-29 16:31:22
7000003160,1000003160,20240629,641,2,3,CARD,PAID,14520.00,2024-06-29 16:47:30
7000003161,1000003161,20240629,131,2,1,CARD,PAID,65340.00,2024-06-29 17:54:34
7000003162,1000003162,20240629,628,2,3,CARD,PAID,32670.00,2024-06-29 18:43:14
7000003164,1000003164,20240629,1080,2,1,CASH,PAID,44760.00,2024-06-29 19:05:22
7000003165,1000003165,20240629,504,2,4,CARD,PAID,72600.00,2024-06-29 19:20:25
7000003166,1000003166,20240629,591,2,4,CARD,FAILED,16335.00,
7000003179,1000003179,20240701,1263,2,1,CARD,PAID,19350.00,2024-07-01 12:00:09
7000003182,1000003182,20240701,1400,2,3,CASH,PAID,18150.00,2024-07-01 14:09:00
7000003183,1000003183,20240701,1401,2,1,CASH,PAID,29040.00,2024-07-01 19:11:15
7000003184,1000003184,20240701,714,2,4,CARD,PAID,14520.00,2024-07-01 19:17:10
7000003192,1000003192,20240702,1222,2,4,CARD,PAID,18150.00,2024-07-02 12:53:46
7000003193,1000003193,20240702,1403,2,4,CASH,PAID,54450.00,2024-07-02 14:21:36
7000003194,1000003194,20240702,1209,2,1,TRANSFER,PAID,18150.00,2024-07-02 16:56:09
7000003195,1000003195,20240702,38,2,1,CASH,PAID,16335.00,2024-07-02 17:47:51
7000003196,1000003196,20240702,60,2,1,CARD,PAID,14520.00,2024-07-02 19:23:31
7000003204,1000003204,20240703,891,2,2,CASH,PAID,50820.00,2024-07-03 10:41:49
7000003205,1000003205,20240703,1042,2,1,CASH,PAID,72600.00,2024-07-03 11:26:11
7000003206,1000003206,20240703,357,2,1,CARD,PAID,54450.00,2024-07-03 11:42:16
7000003208,1000003208,20240703,1059,2,3,CARD,PAID,14520.00,2024-07-03 12:20:37
7000003209,1000003209,20240703,1404,2,4,CARD,PAID,18150.00,2024-07-03 12:24:48
7000003211,1000003211,20240703,1112,2,1,TRANSFER,PAID,104544.00,2024-07-03 16:12:39
7000003213,1000003213,20240703,1085,2,3,CARD,PAID,32670.00,2024-07-03 18:55:33
7000003215,1000003215,20240703,455,2,2,CASH,PAID,14520.00,2024-07-03 19:19:35
7000003216,1000003216,20240703,1355,2,4,CARD,PAID,18150.00,2024-07-03 19:22:24
7000003221,1000003221,20240704,516,2,3,CARD,PAID,29040.00,2024-07-04 12:19:18
7000003222,1000003222,20240704,273,2,3,TRANSFER,PAID,18150.00,2024-07-04 13:04:03
7000003223,1000003223,20240704,1410,2,1,CARD,PAID,14520.00,2024-07-04 14:00:12
7000003224,1000003224,20240704,890,2,4,TRANSFER,PAID,14520.00,2024-07-04 14:07:51
7000003225,1000003225,20240704,247,2,1,TRANSFER,PAID,54450.00,2024-07-04 14:46:13
7000003226,1000003226,20240704,215,2,1,CASH,PAID,50820.00,2024-07-04 15:30:41
7000003227,1000003227,20240704,459,2,3,CASH,PAID,30540.00,2024-07-04 16:01:44
7000003231,1000003231,20240704,1413,2,2,CARD,PAID,148104.00,2024-07-04 19:06:28
7000003237,1000003237,20240705,382,2,4,CARD,PAID,65340.00,2024-07-05 10:35:13
7000003240,1000003240,20240705,332,2,3,CASH,PAID,18150.00,2024-07-05 11:20:14
7000003241,1000003241,20240705,925,2,2,CASH,PAID,65340.00,2024-07-05 11:37:23
7000003242,1000003242,20240705,544,2,4,CASH,PAID,43560.00,2024-07-05 12:03:34
7000003243,1000003243,20240705,331,2,2,CARD,PAID,14520.00,2024-07-05 12:27:55
7000003245,1000003245,20240705,1334,2,4,CASH,PAID,14520.00,2024-07-05 13:43:04
7000003247,1000003247,20240705,111,2,2,CARD,PAID,14520.00,2024-07-05 14:31:43
7000003250,1000003250,20240705,103,2,1,CARD,PAID,18150.00,2024-07-05 16:18:42
7000003251,1000003251,20240705,1063,2,3,TRANSFER,PAID,29040.00,2024-07-05 17:26:45
7000003252,1000003252,20240705,307,2,4,CARD,PAID,32670.00,2024-07-05 17:26:41
7000003255,1000003255,20240705,486,2,2,CARD,PAID,32670.00,2024-07-05 18:03:09
7000003256,1000003256,20240705,487,2,2,CARD,PAID,68970.00,2024-07-05 18:09:07
7000003257,1000003257,20240705,434,2,4,CARD,PAID,61710.00,2024-07-05 19:03:39
7000003258,1000003258,20240705,1419,2,3,CARD,PAID,50820.00,2024-07-05 19:33:16
7000003262,1000003262,20240706,585,2,2,CASH,PAID,32670.00,2024-07-06 12:40:06
7000003263,1000003263,20240706,1106,2,3,CARD,PAID,37800.00,2024-07-06 13:06:46
7000003264,1000003264,20240706,422,2,3,TRANSFER,PAID,18150.00,2024-07-06 13:12:38
7000003265,1000003265,20240706,838,2,1,CASH,PAID,87120.00,2024-07-06 14:47:51
7000003266,1000003266,20240706,1122,2,1,CASH,PAID,14520.00,2024-07-06 15:28:07
7000003267,1000003267,20240706,758,2,2,CARD,PAID,54450.00,2024-07-06 17:13:58
7000003269,1000003269,20240706,1204,2,3,TRANSFER,PAID,68970.00,2024-07-06 19:11:43
7000003270,1000003270,20240706,1421,2,2,CARD,PAID,14520.00,2024-07-06 20:16:22
7000003271,1000003271,20240706,388,2,4,CASH,PAID,29040.00,2024-07-06 20:29:00
7000003272,1000003272,20240706,1044,2,3,CARD,PAID,68970.00,2024-07-06 20:33:16
7000003285,1000003285,20240708,1324,2,1,TRANSFER,PAID,50820.00,2024-07-08 14:11:50
7000003286,1000003286,20240708,1235,2,4,TRANSFER,PAID,14520.00,2024-07-08 17:12:12
7000003288,1000003288,20240708,795,2,2,TRANSFER,PAID,32670.00,2024-07-08 19:00:12
7000003296,1000003296,20240709,1430,2,2,CASH,PAID,58080.00,2024-07-09 10:59:45
7000003298,1000003298,20240709,233,2,3,CARD,PAID,30540.00,2024-07-09 12:15:12
7000003300,1000003300,20240709,427,2,3,CARD,PAID,14520.00,2024-07-09 17:14:53
7000003303,1000003303,20240709,588,2,2,TRANSFER,PAID,14520.00,2024-07-09 20:22:23
7000003307,1000003307,20240710,1435,2,4,CASH,PAID,14520.00,2024-07-10 11:48:59
7000003308,1000003308,20240710,640,2,1,CASH,PAID,13068.00,2024-07-10 13:36:13
7000003312,1000003312,20240710,614,2,3,CARD,PAID,16335.00,2024-07-10 15:12:37
7000003313,1000003313,20240710,1199,2,1,CARD,PAID,18150.00,2024-07-10 15:53:31
7000003320,1000003320,20240711,453,2,3,CASH,PAID,54450.00,2024-07-11 10:05:38
7000003321,1000003321,20240711,962,2,1,CARD,PAID,32670.00,2024-07-11 12:03:34
7000003323,1000003323,20240711,750,2,1,CARD,PAID,32670.00,2024-07-11 14:37:37
7000003324,1000003324,20240711,1041,2,3,CARD,PAID,18150.00,2024-07-11 17:30:39
7000003325,1000003325,20240711,1061,2,1,CARD,PAID,32670.00,2024-07-11 17:45:07
7000003326,1000003326,20240711,1438,2,1,CASH,PAID,36300.00,2024-07-11 18:01:56
7000003327,1000003327,20240711,1439,2,4,CARD,PAID,14520.00,2024-07-11 18:41:32
7000003332,1000003332,20240712,665,2,3,CARD,PAID,18150.00,2024-07-12 13:40:27
7000003335,1000003335,20240712,1104,2,1,CARD,PAID,14520.00,2024-07-12 14:40:49
7000003336,1000003336,20240712,1441,2,3,CASH,PAID,36300.00,2024-07-12 17:23:03
7000003337,1000003337,20240712,136,2,1,CASH,PAID,58080.00,2024-07-12 17:44:58
7000003338,1000003338,20240712,1131,2,3,CARD,PAID,14520.00,2024-07-12 19:13:27
7000003341,1000003341,20240712,365,2,3,CASH,PAID,29040.00,2024-07-12 20:13:59
7000003343,1000003343,20240713,749,2,1,CASH,PAID,18150.00,2024-07-13 11:05:31
7000003344,1000003344,20240713,51,2,1,CASH,PAID,18150.00,2024-07-13 12:06:14
7000003345,1000003345,20240713,699,2,4,CARD,PAID,18150.00,2024-07-13 12:31:58
7000003346,1000003346,20240713,1147,2,2,CARD,PAID,14520.00,2024-07-13 12:40:18
7000003348,1000003348,20240713,1296,2,2,CARD,REFUNDED,14520.00,2024-07-13 13:29:49
7000003349,1000003349,20240713,1303,2,4,CASH,PAID,83490.00,2024-07-13 13:45:45
7000003350,1000003350,20240713,1443,2,1,CASH,PAID,18150.00,2024-07-13 14:38:23
7000003351,1000003351,20240713,535,2,4,CASH,PAID,36300.00,2024-07-13 15:12:40
7000003352,1000003352,20240713,80,2,2,CARD,PAID,36300.00,2024-07-13 15:54:46
7000003353,1000003353,20240713,76,2,2,CASH,PAID,32670.00,2024-07-13 17:13:58
7000003354,1000003354,20240713,386,2,4,CARD,PAID,29040.00,2024-07-13 17:22:57
7000003355,1000003355,20240713,661,2,4,CARD,PAID,29040.00,2024-07-13 17:57:19
7000003357,1000003357,20240713,1139,2,3,CARD,PAID,14520.00,2024-07-13 19:02:14
7000003359,1000003359,20240713,205,2,3,CARD,PAID,50820.00,2024-07-13 20:12:49
7000003375,1000003375,20240715,1032,2,1,CARD,PAID,36300.00,2024-07-15 10:17:40
7000003378,1000003378,20240715,1305,2,2,CARD,PAID,36300.00,2024-07-15 15:01:21
7000003379,1000003379,20240715,1453,2,2,CARD,PAID,14520.00,2024-07-15 17:29:11
7000003380,1000003380,20240715,1333,2,1,CARD,PAID,14520.00,2024-07-15 18:25:48
7000003381,1000003381,20240715,949,2,3,CARD,PAID,43560.00,2024-07-15 18:45:47
7000003388,1000003388,20240716,1010,2,3,CASH,PAID,18150.00,2024-07-16 14:00:35
7000003389,1000003389,20240716,1245,2,2,CASH,PAID,14520.00,2024-07-16 14:23:51
7000003391,1000003391,20240716,75,2,1,CARD,PAID,58080.00,2024-07-16 15:31:38
7000003394,1000003394,20240716,462,2,1,CARD,PAID,37500.00,2024-07-16 18:34:54
7000003400,1000003400,20240717,1456,2,2,CARD,PAID,29040.00,2024-07-17 11:22:38
7000003401,1000003401,20240717,336,2,4,CASH,PAID,29040.00,2024-07-17 11:40:26
7000003402,1000003402,20240717,1215,2,1,CARD,PAID,14520.00,2024-07-17 11:43:32
7000003403,1000003403,20240717,1458,2,3,CASH,PAID,18150.00,2024-07-17 13:37:51
7000003405,1000003405,20240717,698,2,2,CARD,PAID,43560.00,2024-07-17 14:53:05
7000003407,1000003407,20240717,1003,2,3,CASH,PAID,14520.00,2024-07-17 16:08:58
7000003408,1000003408,20240717,1459,2,3,CASH,PAID,14520.00,2024-07-17 16:11:33
7000003415,1000003415,20240718,925,2,2,CARD,PAID,62073.00,2024-07-18 13:22:34
7000003416,1000003416,20240718,1460,2,2,CARD,PAID,18150.00,2024-07-18 13:59:36
7000003417,1000003417,20240718,1122,2,1,CARD,FAILED,14520.00,
7000003420,1000003420,20240718,758,2,2,CASH,PAID,14520.00,2024-07-18 18:41:54
7000003421,1000003421,20240718,1382,2,2,CARD,PAID,29040.00,2024-07-18 19:52:54
7000003422,1000003422,20240718,441,2,2,CARD,PAID,18150.00,2024-07-18 20:00:59
7000003425,1000003425,20240719,651,2,1,CASH,PAID,32670.00,2024-07-19 12:27:21
7000003426,1000003426,20240719,1462,2,4,CASH,PAID,14520.00,2024-07-19 14:48:01
7000003427,1000003427,20240719,291,2,2,CARD,PAID,18150.00,2024-07-19 16:08:18
7000003428,1000003428,20240719,132,2,2,CASH,PAID,36300.00,2024-07-19 16:32:30
7000003430,1000003430,20240719,613,2,4,CARD,PAID,34470.00,2024-07-19 19:29:57
7000003435,1000003435,20240720,1207,2,3,CASH,REFUNDED,14520.00,2024-07-20 10:04:10
7000003436,1000003436,20240720,1466,2,2,CASH,PAID,32670.00,2024-07-20 11:18:56
7000003437,1000003437,20240720,1467,2,2,CARD,PAID,58080.00,2024-07-20 11:32:43
7000003438,1000003438,20240720,1318,2,2,CASH,PAID,65340.00,2024-07-20 12:08:06
7000003439,1000003439,20240720,900,2,4,CASH,PAID,50820.00,2024-07-20 12:41:25
7000003440,1000003440,20240720,1468,2,1,CARD,PAID,32670.00,2024-07-20 12:44:03
7000003441,1000003441,20240720,430,2,4,CARD,PAID,18150.00,2024-07-20 12:44:22
7000003442,1000003442,20240720,1311,2,3,CARD,PAID,18150.00,2024-07-20 12:51:34
7000003443,1000003443,20240720,718,2,1,CARD,PAID,14520.00,2024-07-20 14:00:23
7000003444,1000003444,20240720,492,2,4,CARD,PAID,29040.00,2024-07-20 14:43:03
7000003445,1000003445,20240720,376,2,4,CARD,PAID,94380.00,2024-07-20 16:08:45
7000003446,1000003446,20240720,646,2,4,CASH,PAID,18150.00,2024-07-20 16:26:14
7000003447,1000003447,20240720,1470,2,2,CARD,PAID,14520.00,2024-07-20 17:21:24
7000003450,1000003450,20240720,1135,2,1,CARD,PAID,18150.00,2024-07-20 18:06:14
7000003451,1000003451,20240720,1277,2,1,CARD,PAID,36300.00,2024-07-20 18:40:12
7000003452,1000003452,20240720,1472,2,4,CARD,PAID,14520.00,2024-07-20 18:46:52
7000003464,1000003464,20240722,981,2,2,CASH,PAID,14520.00,2024-07-22 17:48:05
7000003465,1000003465,20240722,1477,2,1,CARD,PAID,68970.00,2024-07-22 18:41:43
7000003466,1000003466,20240722,1478,2,3,CASH,PAID,36300.00,2024-07-22 18:50:06
7000003467,1000003467,20240722,395,2,1,CARD,PAID,14520.00,2024-07-22 19:43:53
7000003472,1000003472,20240723,1481,2,4,TRANSFER,PAID,14520.00,2024-07-23 11:02:53
7000003474,1000003474,20240723,1091,2,1,CASH,PAID,14520.00,2024-07-23 13:59:43
7000003476,1000003476,20240723,555,2,2,CARD,REFUNDED,14520.00,2024-07-23 16:39:21
7000003479,1000003479,20240723,1253,2,3,CARD,PAID,76230.00,2024-07-23 18:26:28
7000003485,1000003485,20240724,235,2,1,CARD,PAID,72600.00,2024-07-24 13:31:32
7000003486,1000003486,20240724,437,2,4,TRANSFER,PAID,16320.00,2024-07-24 17:53:01
7000003487,1000003487,20240724,662,2,3,CASH,PAID,43560.00,2024-07-24 18:33:49
7000003489,1000003489,20240724,896,2,2,CARD,PAID,29040.00,2024-07-24 18:45:13
7000003494,1000003494,20240725,1401,2,1,CARD,PAID,18150.00,2024-07-25 11:56:37
7000003496,1000003496,20240725,344,2,2,CASH,PAID,72600.00,2024-07-25 12:49:49
7000003498,1000003498,20240725,1412,2,1,CARD,PAID,18150.00,2024-07-25 16:05:37
7000003502,1000003502,20240725,1197,2,4,CASH,PAID,71874.00,2024-07-25 19:09:31
7000003503,1000003503,20240725,887,2,4,CARD,PAID,47190.00,2024-07-25 20:22:19
7000003509,1000003509,20240726,1021,2,1,CASH,PAID,13068.00,2024-07-26 11:15:23
7000003510,1000003510,20240726,1121,2,2,CARD,PAID,14520.00,2024-07-26 11:39:53
7000003511,1000003511,20240726,1153,2,4,CARD,PAID,14520.00,2024-07-26 11:59:02
7000003513,1000003513,20240726,233,2,3,CARD,PAID,18150.00,2024-07-26 14:04:17
7000003514,1000003514,20240726,1488,2,3,CASH,PAID,18150.00,2024-07-26 14:08:44
7000003516,1000003516,20240726,1489,2,2,CASH,PAID,29040.00,2024-07-26 14:58:32
7000003518,1000003518,20240726,1241,2,2,CASH,PAID,14520.00,2024-07-26 16:36:52
7000003521,1000003521,20240726,338,2,1,CARD,PAID,18150.00,2024-07-26 17:45:38
7000003522,1000003522,20240726,1491,2,4,TRANSFER,PAID,111078.00,2024-07-26 18:05:42
7000003529,1000003529,20240727,1493,2,1,CASH,PAID,87120.00,2024-07-27 11:02:19
7000003531,1000003531,20240727,1131,2,3,CARD,PAID,18150.00,2024-07-27 12:56:16
7000003532,1000003532,20240727,848,2,4,CASH,PAID,14520.00,2024-07-27 13:02:11
7000003533,1000003533,20240727,326,2,4,CARD,PAID,18150.00,2024-07-27 13:12:15
7000003534,1000003534,20240727,1494,2,1,CASH,PAID,14520.00,2024-07-27 13:19:17
7000003535,1000003535,20240727,1495,2,1,CARD,PAID,18150.00,2024-07-27 13:29:15
7000003537,1000003537,20240727,663,2,1,CASH,PAID,76230.00,2024-07-27 14:31:41
7000003538,1000003538,20240727,193,2,2,CARD,PAID,43560.00,2024-07-27 15:06:22
7000003539,1000003539,20240727,1035,2,2,CASH,PAID,72600.00,2024-07-27 15:42:18
7000003540,1000003540,20240727,686,2,3,CARD,PAID,14520.00,2024-07-27 16:21:40
7000003542,1000003542,20240727,994,2,1,CASH,PAID,47190.00,2024-07-27 16:31:52
7000003543,1000003543,20240727,907,2,3,CASH,PAID,29040.00,2024-07-27 17:38:29
7000003544,1000003544,20240727,1497,2,2,CARD,PAID,32670.00,2024-07-27 20:07:02
7000003556,1000003556,20240729,979,2,2,TRANSFER,PAID,14520.00,2024-07-29 10:15:38
7000003558,1000003558,20240729,119,2,1,CASH,PAID,29040.00,2024-07-29 13:08:43
7000003559,1000003559,20240729,1505,2,1,CASH,PAID,48390.00,2024-07-29 13:29:25
7000003561,1000003561,20240729,1217,2,4,CASH,PAID,14520.00,2024-07-29 15:09:49
7000003562,1000003562,20240729,867,2,3,CARD,PAID,34170.00,2024-07-29 17:22:01
7000003563,1000003563,20240729,891,2,2,CASH,PAID,29040.00,2024-07-29 18:13:42
7000003566,1000003566,20240730,477,2,3,TRANSFER,PAID,14520.00,2024-07-30 10:09:22
7000003570,1000003570,20240730,1243,2,2,CASH,PAID,98736.00,2024-07-30 11:22:01
7000003572,1000003572,20240730,912,2,1,CASH,PAID,83490.00,2024-07-30 16:03:06
7000003574,1000003574,20240730,1255,2,4,CASH,PAID,16320.00,2024-07-30 16:46:54
7000003575,1000003575,20240730,1508,2,3,CARD,PAID,29040.00,2024-07-30 17:36:51
7000003576,1000003576,20240730,1032,2,1,CARD,PAID,14520.00,2024-07-30 18:23:17
7000003581,1000003581,20240730,757,2,1,TRANSFER,PAID,14520.00,2024-07-30 20:47:30
7000003588,1000003588,20240731,601,2,4,CARD,PAID,14520.00,2024-07-31 15:38:23
7000003589,1000003589,20240731,1513,2,2,CASH,PAID,14520.00,2024-07-31 15:50:50
7000003590,1000003590,20240731,475,2,2,CASH,PAID,43560.00,2024-07-31 16:37:59
7000003592,1000003592,20240731,865,2,1,CASH,PAID,54450.00,2024-07-31 19:32:48
7000003593,1000003593,20240731,799,2,1,CARD,PAID,43560.00,2024-07-31 19:31:36
7000003595,1000003595,20240731,230,2,2,CASH,PAID,43560.00,2024-07-31 19:51:02
7000003605,1000003605,20240801,1519,2,3,CASH,PAID,36300.00,2024-08-01 12:22:03
7000003607,1000003607,20240801,1156,2,2,CASH,PAID,36300.00,2024-08-01 14:45:22
7000003608,1000003608,20240801,1326,2,1,CASH,PAID,50820.00,2024-08-01 15:23:56
7000003610,1000003610,20240801,1520,2,4,CARD,PAID,14520.00,2024-08-01 16:45:19
7000003611,1000003611,20240801,1522,2,3,CASH,PAID,14520.00,2024-08-01 17:06:57
7000003614,1000003614,20240801,1432,2,4,CASH,PAID,47190.00,2024-08-01 18:51:15
7000003615,1000003615,20240801,594,2,4,CARD,PAID,65340.00,2024-08-01 18:53:21
7000003617,1000003617,20240801,245,2,2,CARD,PAID,29040.00,2024-08-01 19:57:28
7000003618,1000003618,20240801,1523,2,2,CASH,PAID,14520.00,2024-08-01 20:22:24
7000003628,1000003628,20240802,949,2,3,CASH,PAID,14520.00,2024-08-02 10:37:47
7000003630,1000003630,20240802,754,2,4,CASH,PAID,61710.00,2024-08-02 13:42:09
7000003631,1000003631,20240802,628,2,3,CARD,PAID,43560.00,2024-08-02 13:55:45
7000003632,1000003632,20240802,1148,2,3,CASH,PAID,34170.00,2024-08-02 14:48:13
7000003633,1000003633,20240802,8,2,1,CARD,PAID,50820.00,2024-08-02 16:18:32
7000003634,1000003634,20240802,829,2,3,CARD,PAID,43560.00,2024-08-02 16:47:04
7000003636,1000003636,20240802,498,2,4,TRANSFER,PAID,18150.00,2024-08-02 18:46:43
7000003638,1000003638,20240802,1527,2,1,CARD,PAID,32670.00,2024-08-02 19:28:26
7000003639,1000003639,20240802,1157,2,4,CARD,PAID,65340.00,2024-08-02 20:56:46
7000003644,1000003644,20240803,304,2,3,TRANSFER,PAID,58080.00,2024-08-03 10:57:41
7000003645,1000003645,20240803,1530,2,2,CARD,PAID,19650.00,2024-08-03 11:15:55
7000003646,1000003646,20240803,292,2,4,CASH,PAID,18150.00,2024-08-03 11:42:54
7000003648,1000003648,20240803,1531,2,1,CARD,PAID,29040.00,2024-08-03 12:34:43
7000003650,1000003650,20240803,655,2,4,CARD,PAID,54450.00,2024-08-03 14:13:03
7000003651,1000003651,20240803,617,2,4,CASH,PAID,18150.00,2024-08-03 15:11:51
7000003652,1000003652,20240803,1045,2,1,CASH,PAID,14520.00,2024-08-03 16:08:51
7000003653,1000003653,20240803,1532,2,4,CARD,PAID,36300.00,2024-08-03 16:54:00
7000003654,1000003654,20240803,1310,2,1,CASH,PAID,14520.00,2024-08-03 16:58:57
7000003655,1000003655,20240803,714,2,4,CASH,PAID,18150.00,2024-08-03 17:55:08
7000003656,1000003656,20240803,840,2,2,CARD,PAID,14520.00,2024-08-03 18:26:56
7000003657,1000003657,20240803,1343,2,1,TRANSFER,PAID,14520.00,2024-08-03 18:37:32
7000003660,1000003660,20240803,1354,2,3,CASH,PAID,43560.00,2024-08-03 19:27:28
7000003661,1000003661,20240803,1533,2,3,CASH,PAID,18150.00,2024-08-03 19:55:21
7000003676,1000003676,20240805,441,2,2,TRANSFER,PAID,13068.00,2024-08-05 15:14:48
7000003677,1000003677,20240805,320,2,3,TRANSFER,PAID,58080.00,2024-08-05 15:18:20
7000003681,1000003681,20240805,1540,2,1,CASH,PAID,14520.00,2024-08-05 18:22:17
7000003682,1000003682,20240805,1268,2,3,CARD,PAID,43560.00,2024-08-05 18:30:29
7000003687,1000003687,20240806,458,2,1,CARD,PAID,18150.00,2024-08-06 10:07:33
7000003688,1000003688,20240806,1544,2,3,CARD,PAID,18150.00,2024-08-06 10:19:12
7000003689,1000003689,20240806,1545,2,2,CASH,PAID,36300.00,2024-08-06 10:20:05
7000003690,1000003690,20240806,1546,2,1,CARD,PAID,47190.00,2024-08-06 11:15:23
7000003691,1000003691,20240806,1419,2,3,CASH,PAID,29040.00,2024-08-06 12:00:12
7000003692,1000003692,20240806,1324,2,1,CARD,PAID,50820.00,2024-08-06 16:06:07
7000003693,1000003693,20240806,367,2,1,CASH,PAID,14520.00,2024-08-06 18:04:00
7000003694,1000003694,20240806,1319,2,2,CARD,PAID,18150.00,2024-08-06 18:55:29
7000003696,1000003696,20240806,1548,2,3,CASH,PAID,58080.00,2024-08-06 20:07:58
7000003699,1000003699,20240807,215,2,1,CARD,PAID,76230.00,2024-08-07 11:00:32
7000003700,1000003700,20240807,598,2,4,CARD,PAID,14520.00,2024-08-07 12:28:42
7000003704,1000003704,20240807,365,2,3,TRANSFER,PAID,18150.00,2024-08-07 14:49:00
7000003707,1000003707,20240807,1508,2,3,CASH,PAID,14520.00,2024-08-07 17:24:29
7000003709,1000003709,20240807,1466,2,2,CASH,PAID,14520.00,2024-08-07 18:29:51
7000003710,1000003710,20240807,630,2,4,CARD,PAID,19950.00,2024-08-07 18:34:49
7000003719,1000003719,20240808,136,2,1,CARD,PAID,14520.00,2024-08-08 11:14:42
7000003720,1000003720,20240808,474,2,4,CARD,PAID,54450.00,2024-08-08 11:52:16
7000003722,1000003722,20240808,208,2,3,CARD,PAID,29040.00,2024-08-08 15:51:31
7000003723,1000003723,20240808,515,2,3,CARD,PAID,43560.00,2024-08-08 17:15:50
7000003724,1000003724,20240808,795,2,2,CARD,PAID,14520.00,2024-08-08 18:16:45
7000003725,1000003725,20240808,1320,2,2,CASH,PAID,29040.00,2024-08-08 19:10:20
7000003729,1000003729,20240809,1493,2,1,TRANSFER,PAID,72600.00,2024-08-09 15:15:43
7000003730,1000003730,20240809,463,2,3,CASH,PAID,36300.00,2024-08-09 16:27:27
7000003732,1000003732,20240809,542,2,2,CARD,FAILED,50820.00,
7000003733,1000003733,20240809,925,2,2,CARD,PAID,14520.00,2024-08-09 18:12:50
7000003734,1000003734,20240809,934,2,1,CASH,PAID,18150.00,2024-08-09 18:22:25
7000003735,1000003735,20240809,646,2,4,CARD,PAID,32670.00,2024-08-09 20:37:44
7000003742,1000003742,20240810,620,2,1,CARD,PAID,111078.00,2024-08-10 11:51:06
7000003743,1000003743,20240810,1558,2,3,CASH,PAID,36300.00,2024-08-10 12:19:09
7000003744,1000003744,20240810,897,2,2,CASH,PAID,18150.00,2024-08-10 12:30:40
7000003745,1000003745,20240810,246,2,2,CASH,PAID,32670.00,2024-08-10 13:54:31
7000003746,1000003746,20240810,1005,2,1,CARD,PAID,18150.00,2024-08-10 14:13:03
7000003747,1000003747,20240810,1439,2,4,CARD,PAID,14520.00,2024-08-10 14:35:18
7000003748,1000003748,20240810,321,2,1,CARD,PAID,32670.00,2024-08-10 14:38:51
7000003749,1000003749,20240810,1334,2,4,CARD,PAID,14520.00,2024-08-10 15:12:14
7000003750,1000003750,20240810,466,2,1,CASH,PAID,14520.00,2024-08-10 15:16:23
7000003751,1000003751,20240810,1262,2,1,CARD,PAID,43560.00,2024-08-10 15:44:32
7000003752,1000003752,20240810,769,2,3,CASH,PAID,37800.00,2024-08-10 16:06:35
7000003754,1000003754,20240810,1559,2,2,CARD,PAID,50820.00,2024-08-10 16:50:21
7000003756,1000003756,20240810,1208,2,2,CASH,PAID,36300.00,2024-08-10 17:59:02
7000003757,1000003757,20240810,347,2,2,CASH,PAID,14520.00,2024-08-10 18:30:07
7000003758,1000003758,20240810,1288,2,1,CASH,PAID,43560.00,2024-08-10 19:12:01
7000003760,1000003760,20240810,1130,2,1,CARD,PAID,36300.00,2024-08-10 19:48:02
7000003772,1000003772,20240812,239,2,3,CARD,PAID,18150.00,2024-08-12 12:32:32
7000003773,1000003773,20240812,1291,2,2,TRANSFER,PAID,47190.00,2024-08-12 13:57:35
7000003775,1000003775,20240812,1562,2,4,CARD,PAID,36300.00,2024-08-12 18:10:07
7000003780,1000003780,20240812,1363,2,3,CARD,PAID,26136.00,2024-08-12 19:26:21
7000003783,1000003783,20240812,38,2,1,CASH,PAID,43560.00,2024-08-12 19:50:44
7000003789,1000003789,20240813,1567,2,1,CARD,FAILED,14520.00,
7000003792,1000003792,20240813,227,2,3,TRANSFER,PAID,43560.00,2024-08-13 16:15:02
7000003794,1000003794,20240813,1569,2,1,CARD,PAID,29040.00,2024-08-13 18:23:20
7000003806,1000003806,20240814,853,2,2,CARD,PAID,76230.00,2024-08-14 10:12:25
7000003807,1000003807,20240814,1571,2,2,CARD,PAID,36300.00,2024-08-14 12:00:06
7000003811,1000003811,20240814,1520,2,4,CARD,PAID,16320.00,2024-08-14 17:23:23
7000003813,1000003813,20240814,1572,2,3,CASH,PAID,36300.00,2024-08-14 18:58:31
7000003814,1000003814,20240814,472,2,2,CARD,PAID,43560.00,2024-08-14 19:19:16
7000003815,1000003815,20240814,1098,2,4,CARD,PAID,29040.00,2024-08-14 19:29:16
7000003821,1000003821,20240815,291,2,2,CARD,PAID,29040.00,2024-08-15 12:58:04
7000003823,1000003823,20240815,236,2,2,CASH,PAID,18150.00,2024-08-15 16:00:51
7000003825,1000003825,20240815,1578,2,3,CARD,PAID,50820.00,2024-08-15 17:19:26
7000003827,1000003827,20240815,1134,2,3,CASH,PAID,29040.00,2024-08-15 18:28:52
7000003828,1000003828,20240815,1579,2,4,CASH,PAID,29040.00,2024-08-15 18:30:48
7000003829,1000003829,20240815,895,2,3,CARD,PAID,14520.00,2024-08-15 18:39:17
7000003830,1000003830,20240815,442,2,2,CARD,PAID,14520.00,2024-08-15 20:08:05
7000003839,1000003839,20240816,1583,2,1,CARD,PAID,47190.00,2024-08-16 10:23:13
7000003840,1000003840,20240816,1584,2,1,CARD,PAID,29040.00,2024-08-16 11:31:17
7000003841,1000003841,20240816,585,2,2,CARD,PAID,36300.00,2024-08-16 11:32:06
7000003843,1000003843,20240816,749,2,1,CARD,PAID,14520.00,2024-08-16 12:19:48
7000003845,1000003845,20240816,1100,2,1,CASH,PAID,58080.00,2024-08-16 13:53:29
7000003847,1000003847,20240816,865,2,1,TRANSFER,PAID,18150.00,2024-08-16 14:56:17
7000003848,1000003848,20240816,1585,2,3,CASH,PAID,58080.00,2024-08-16 15:02:24
7000003850,1000003850,20240816,308,2,2,CASH,PAID,29040.00,2024-08-16 15:13:35
7000003852,1000003852,20240816,1586,2,1,CASH,PAID,61710.00,2024-08-16 18:06:53
7000003853,1000003853,20240816,907,2,3,TRANSFER,PAID,43560.00,2024-08-16 18:29:33
7000003855,1000003855,20240816,1305,2,2,CARD,PAID,14520.00,2024-08-16 20:16:48
7000003859,1000003859,20240817,1467,2,2,CASH,PAID,116160.00,2024-08-17 11:03:09
7000003861,1000003861,20240817,745,2,1,CARD,PAID,43560.00,2024-08-17 11:15:19
7000003862,1000003862,20240817,407,2,4,CASH,PAID,29040.00,2024-08-17 11:36:07
7000003863,1000003863,20240817,338,2,1,CASH,PAID,14520.00,2024-08-17 12:09:50
7000003864,1000003864,20240817,326,2,4,CARD,PAID,36300.00,2024-08-17 12:12:03
7000003865,1000003865,20240817,1196,2,1,CARD,PAID,15720.00,2024-08-17 13:15:15
7000003866,1000003866,20240817,1589,2,1,CASH,PAID,18150.00,2024-08-17 13:33:22
7000003868,1000003868,20240817,1113,2,1,CARD,PAID,14520.00,2024-08-17 14:33:04
7000003870,1000003870,20240817,710,2,3,CARD,PAID,29040.00,2024-08-17 16:01:41
7000003872,1000003872,20240817,337,2,3,CARD,PAID,32670.00,2024-08-17 17:06:47
7000003873,1000003873,20240817,1042,2,1,CASH,PAID,13068.00,2024-08-17 17:18:04
7000003874,1000003874,20240817,688,2,2,CARD,PAID,18150.00,2024-08-17 17:34:29
7000003875,1000003875,20240817,1590,2,4,TRANSFER,PAID,29040.00,2024-08-17 18:39:38
7000003876,1000003876,20240817,770,2,1,CARD,PAID,14520.00,2024-08-17 18:41:44
7000003877,1000003877,20240817,1149,2,4,CARD,PAID,29040.00,2024-08-17 20:01:05
7000003878,1000003878,20240817,598,2,4,CARD,PAID,26136.00,2024-08-17 20:23:30
7000003880,1000003880,20240817,1382,2,2,CASH,PAID,14520.00,2024-08-17 20:56:14
7000003895,1000003895,20240819,1594,2,3,CARD,PAID,18150.00,2024-08-19 12:22:10
7000003897,1000003897,20240819,762,2,2,CARD,PAID,18150.00,2024-08-19 16:28:16
7000003900,1000003900,20240819,1596,2,3,CASH,PAID,29040.00,2024-08-19 17:43:34
7000003901,1000003901,20240819,1597,2,4,CASH,PAID,296208.00,2024-08-19 19:17:32
7000003906,1000003906,20240820,1040,2,2,CASH,PAID,72600.00,2024-08-20 10:34:57
7000003908,1000003908,20240820,1235,2,4,CARD,PAID,14520.00,2024-08-20 11:54:07
7000003910,1000003910,20240820,71,2,2,CARD,PAID,58080.00,2024-08-20 13:40:30
7000003911,1000003911,20240820,994,2,1,CARD,PAID,50820.00,2024-08-20 13:51:58
7000003912,1000003912,20240820,1269,2,4,CASH,PAID,14520.00,2024-08-20 15:34:55
7000003913,1000003913,20240820,1281,2,3,CASH,PAID,16020.00,2024-08-20 17:28:29
7000003916,1000003916,20240820,1600,2,4,CASH,PAID,29040.00,2024-08-20 19:02:37
7000003921,1000003921,20240821,508,2,2,TRANSFER,PAID,29040.00,2024-08-21 15:49:21
7000003922,1000003922,20240821,374,2,1,TRANSFER,PAID,54450.00,2024-08-21 16:58:42
7000003925,1000003925,20240821,1602,2,2,CARD,PAID,29040.00,2024-08-21 19:04:48
7000003926,1000003926,20240821,1603,2,4,CASH,PAID,14520.00,2024-08-21 19:44:08
7000003935,1000003935,20240822,1607,2,3,CASH,PAID,29040.00,2024-08-22 10:21:29
7000003937,1000003937,20240822,1609,2,1,CASH,PAID,61710.00,2024-08-22 12:57:47
7000003939,1000003939,20240822,426,2,1,CASH,PAID,58080.00,2024-08-22 15:40:06
7000003942,1000003942,20240822,1169,2,4,CARD,PAID,43560.00,2024-08-22 17:28:54
7000003944,1000003944,20240822,1322,2,4,CARD,PAID,14520.00,2024-08-22 18:04:56
7000003945,1000003945,20240822,1613,2,1,CARD,FAILED,18150.00,
7000003949,1000003949,20240823,1616,2,1,CARD,PAID,47190.00,2024-08-23 10:29:15
7000003951,1000003951,20240823,141,2,1,CARD,PAID,36300.00,2024-08-23 11:49:55
7000003952,1000003952,20240823,1530,2,2,CARD,REFUNDED,54450.00,2024-08-23 12:00:11
7000003953,1000003953,20240823,164,2,1,CARD,PAID,14520.00,2024-08-23 12:40:48
7000003956,1000003956,20240823,1618,2,2,CARD,PAID,61710.00,2024-08-23 15:36:28
7000003957,1000003957,20240823,1619,2,1,CASH,PAID,50820.00,2024-08-23 17:07:52
7000003958,1000003958,20240823,665,2,3,CARD,REFUNDED,14520.00,2024-08-23 17:57:12
7000003961,1000003961,20240823,519,2,3,CASH,PAID,14520.00,2024-08-23 19:02:09
7000003962,1000003962,20240823,801,2,4,CASH,PAID,14520.00,2024-08-23 19:21:43
7000003971,1000003971,20240824,1044,2,3,CARD,PAID,58080.00,2024-08-24 11:06:22
7000003972,1000003972,20240824,538,2,4,CARD,PAID,50820.00,2024-08-24 11:44:31
7000003973,1000003973,20240824,1435,2,4,CARD,PAID,18150.00,2024-08-24 12:42:38
7000003974,1000003974,20240824,891,2,2,CARD,PAID,36300.00,2024-08-24 14:28:44
7000003977,1000003977,20240824,454,2,2,CASH,PAID,32670.00,2024-08-24 15:59:27
7000003994,1000003994,20240826,1627,2,2,CARD,PAID,14520.00,2024-08-26 10:55:06
7000003997,1000003997,20240826,1205,2,3,CARD,PAID,72600.00,2024-08-26 19:32:22
7000004005,1000004005,20240827,196,2,1,CARD,PAID,14520.00,2024-08-27 14:12:43
7000004007,1000004007,20240827,1523,2,2,CASH,PAID,54450.00,2024-08-27 19:13:18
7000004015,1000004015,20240828,1221,2,2,TRANSFER,PAID,14520.00,2024-08-28 11:25:18
7000004016,1000004016,20240828,1458,2,3,CASH,PAID,14520.00,2024-08-28 11:33:02
7000004018,1000004018,20240828,515,2,3,CARD,PAID,14520.00,2024-08-28 12:52:54
7000004019,1000004019,20240828,162,2,3,CARD,PAID,47190.00,2024-08-28 15:28:37
7000004020,1000004020,20240828,1035,2,2,TRANSFER,PAID,13068.00,2024-08-28 17:46:30
7000004022,1000004022,20240828,535,2,4,CASH,PAID,29040.00,2024-08-28 18:40:39
7000004023,1000004023,20240828,1631,2,4,CARD,PAID,58080.00,2024-08-28 20:46:38
7000004032,1000004032,20240829,1146,2,4,CARD,REFUNDED,101640.00,2024-08-29 15:19:00
7000004035,1000004035,20240829,1453,2,2,CARD,PAID,135762.00,2024-08-29 16:50:57
7000004036,1000004036,20240829,1634,2,2,CARD,PAID,13068.00,2024-08-29 16:51:37
7000004039,1000004039,20240829,601,2,4,CARD,PAID,29040.00,2024-08-29 17:33:44
7000004040,1000004040,20240829,1635,2,2,CASH,PAID,14520.00,2024-08-29 18:43:09
7000004041,1000004041,20240829,1636,2,3,CASH,PAID,16020.00,2024-08-29 19:44:34
7000004042,1000004042,20240829,1377,2,4,CARD,PAID,29040.00,2024-08-29 19:47:06
7000004046,1000004046,20240830,1640,2,4,CASH,PAID,47190.00,2024-08-30 10:32:27
7000004048,1000004048,20240830,1642,2,3,CASH,PAID,14520.00,2024-08-30 13:43:18
7000004049,1000004049,20240830,376,2,4,CARD,PAID,50820.00,2024-08-30 14:49:22
7000004050,1000004050,20240830,219,2,3,CARD,PAID,18150.00,2024-08-30 17:03:30
7000004052,1000004052,20240830,1131,2,3,CASH,REFUNDED,65340.00,2024-08-30 18:05:02
7000004053,1000004053,20240830,327,2,4,CASH,PAID,54450.00,2024-08-30 18:19:55
7000004054,1000004054,20240830,267,2,1,CASH,PAID,94380.00,2024-08-30 18:50:04
7000004056,1000004056,20240830,1139,2,3,CARD,PAID,18150.00,2024-08-30 20:57:20
7000004062,1000004062,20240831,1367,2,4,CASH,PAID,47190.00,2024-08-31 10:21:51
7000004064,1000004064,20240831,462,2,1,CASH,PAID,19350.00,2024-08-31 11:54:12
7000004065,1000004065,20240831,127,2,2,CASH,PAID,14520.00,2024-08-31 12:12:45
7000004066,1000004066,20240831,1647,2,1,CARD,PAID,29040.00,2024-08-31 12:30:02
7000004068,1000004068,20240831,641,2,3,CARD,PAID,14520.00,2024-08-31 13:01:42
7000004069,1000004069,20240831,138,2,1,CARD,PAID,29040.00,2024-08-31 14:01:05
7000004070,1000004070,20240831,1648,2,4,TRANSFER,PAID,26136.00,2024-08-31 14:04:48
7000004071,1000004071,20240831,1493,2,1,CARD,PAID,29040.00,2024-08-31 15:19:04
7000004072,1000004072,20240831,583,2,4,CARD,PAID,14520.00,2024-08-31 16:11:37
7000004073,1000004073,20240831,651,2,1,CASH,PAID,79860.00,2024-08-31 16:27:47
7000004074,1000004074,20240831,1059,2,3,CARD,PAID,14520.00,2024-08-31 16:39:39
7000004075,1000004075,20240831,1439,2,4,CARD,PAID,87120.00,2024-08-31 17:10:50
7000004076,1000004076,20240831,763,2,2,CASH,PAID,32670.00,2024-08-31 17:14:12
7000004077,1000004077,20240831,753,2,2,CASH,PAID,30540.00,2024-08-31 17:13:38
7000004078,1000004078,20240831,1540,2,1,TRANSFER,PAID,14520.00,2024-08-31 17:18:48
7000004081,1000004081,20240831,1649,2,4,CARD,PAID,29040.00,2024-08-31 18:33:38
7000004083,1000004083,20240831,1651,2,4,CARD,PAID,29040.00,2024-08-31 19:37:51
7000004095,1000004095,20240902,132,2,2,CARD,PAID,14520.00,2024-09-02 10:46:09
7000002051,1000002051,20240430,906,1,,GATEWAY,PAID,30240.00,2024-04-30 17:43:00
7000002054,1000002054,20240430,553,1,,CARD,PAID,16020.00,2024-04-30 19:23:27
7000002055,1000002055,20240430,629,1,,CARD,PAID,19350.00,2024-04-30 20:22:01
7000002056,1000002056,20240430,706,1,,CARD,PAID,19350.00,2024-04-30 22:06:26
7000002057,1000002057,20240430,1123,1,,CARD,PAID,83490.00,2024-04-30 23:41:37
7000002058,1000002058,20240430,195,1,,GATEWAY,PAID,16020.00,2024-05-01 06:15:58
7000002059,1000002059,20240501,1021,1,,GATEWAY,PAID,30240.00,2024-05-01 07:56:28
7000002060,1000002060,20240501,886,1,,CARD,PAID,52320.00,2024-05-01 09:17:58
7000002061,1000002061,20240501,626,1,,CARD,PAID,37500.00,2024-05-01 17:40:26
7000002062,1000002062,20240501,464,1,,CARD,PAID,33870.00,2024-05-01 19:03:41
7000002063,1000002063,20240501,461,1,,GATEWAY,FAILED,19650.00,
7000002064,1000002064,20240501,552,1,,GATEWAY,FAILED,16020.00,
7000002065,1000002065,20240501,1043,1,,CARD,PAID,15720.00,2024-05-01 21:08:54
7000002066,1000002066,20240502,935,1,,GATEWAY,PAID,61710.00,2024-05-03 03:31:51
7000002067,1000002067,20240502,1124,1,,GATEWAY,PAID,15720.00,2024-05-02 06:46:57
7000002068,1000002068,20240502,184,1,,GATEWAY,PAID,72600.00,2024-05-02 07:17:06
7000002069,1000002069,20240502,88,1,,GATEWAY,FAILED,48390.00,
7000002073,1000002073,20240502,420,1,,CARD,PAID,19350.00,2024-05-02 13:48:15
7000002074,1000002074,20240502,429,1,,CARD,REFUNDED,16320.00,2024-05-02 13:49:55
7000002076,1000002076,20240502,347,1,,CARD,REFUNDED,15294.00,2024-05-02 15:18:59
7000002077,1000002077,20240502,964,1,,CARD,PAID,62073.00,2024-05-02 16:53:50
7000002079,1000002079,20240502,14,1,,CARD,PAID,44760.00,2024-05-02 19:32:31
7000002080,1000002080,20240502,1125,1,,CARD,PAID,16020.00,2024-05-02 19:40:10
7000002081,1000002081,20240502,630,1,,CARD,PAID,16320.00,2024-05-02 19:43:55
7000002084,1000002084,20240502,876,1,,CARD,FAILED,16020.00,
7000002086,1000002086,20240502,237,1,,CARD,REFUNDED,15720.00,2024-05-02 21:40:36
7000002087,1000002087,20240503,1127,1,,GATEWAY,PAID,19350.00,2024-05-03 01:45:42
7000002088,1000002088,20240503,233,1,,CARD,PAID,16020.00,2024-05-03 06:41:57
7000002090,1000002090,20240503,1129,1,,GATEWAY,FAILED,72600.00,
7000002096,1000002096,20240503,822,1,,CARD,FAILED,16020.00,
7000002099,1000002099,20240504,542,1,,GATEWAY,PAID,16020.00,2024-05-04 12:57:52
7000002100,1000002100,20240504,1030,1,,CARD,PAID,19350.00,2024-05-04 14:15:56
7000002104,1000002104,20240504,456,1,,GATEWAY,PAID,45360.00,2024-05-04 18:02:50
7000002106,1000002106,20240504,956,1,,GATEWAY,PAID,16020.00,2024-05-04 19:00:00
7000002107,1000002107,20240505,831,1,,CARD,PAID,38100.00,2024-05-05 08:10:50
7000002108,1000002108,20240505,29,1,,GATEWAY,PAID,19950.00,2024-05-05 11:36:46
7000002109,1000002109,20240505,768,1,,GATEWAY,PAID,15720.00,2024-05-05 12:45:06
7000002110,1000002110,20240505,488,1,,CARD,PAID,16020.00,2024-05-05 14:43:33
7000002111,1000002111,20240505,468,1,,GATEWAY,PAID,37500.00,2024-05-05 17:39:11
7000002112,1000002112,20240505,1134,1,,CARD,PAID,94380.00,2024-05-05 18:12:39
7000002113,1000002113,20240505,593,1,,CARD,PAID,16320.00,2024-05-05 19:11:54
7000002114,1000002114,20240505,1084,1,,GATEWAY,PAID,19350.00,2024-05-05 20:25:27
7000002115,1000002115,20240505,391,1,,GATEWAY,FAILED,37800.00,
7000002116,1000002116,20240506,652,1,,CARD,PAID,19350.00,2024-05-06 08:59:57
7000002117,1000002117,20240506,1135,1,,CARD,PAID,87120.00,2024-05-06 10:31:04
7000002122,1000002122,20240506,783,1,,GATEWAY,PAID,37500.00,2024-05-06 17:06:39
7000002123,1000002123,20240506,207,1,,CARD,PAID,19350.00,2024-05-06 20:37:29
7000002124,1000002124,20240506,94,1,,GATEWAY,PAID,30540.00,2024-05-06 21:01:49
7000002125,1000002125,20240506,11,1,,CARD,PAID,45360.00,2024-05-06 21:46:58
7000002126,1000002126,20240506,1136,1,,CARD,REFUNDED,19350.00,2024-05-06 22:54:27
7000002127,1000002127,20240507,21,1,,CARD,PAID,54450.00,2024-05-07 00:16:09
7000002128,1000002128,20240507,179,1,,CARD,PAID,19650.00,2024-05-07 09:09:03
7000002129,1000002129,20240507,1057,1,,CARD,PAID,16320.00,2024-05-07 09:46:25
7000002130,1000002130,20240507,789,1,,CARD,PAID,37800.00,2024-05-07 10:49:03
7000002131,1000002131,20240507,543,1,,CARD,FAILED,34170.00,
7000002132,1000002132,20240507,999,1,,CARD,PAID,94380.00,2024-05-07 12:55:23
7000002133,1000002133,20240507,480,1,,GATEWAY,PAID,16020.00,2024-05-07 13:41:44
7000002140,1000002140,20240507,185,1,,CARD,PAID,76230.00,2024-05-07 18:11:10
7000002142,1000002142,20240507,747,1,,CARD,PAID,15720.00,2024-05-07 20:49:17
7000002143,1000002143,20240507,916,1,,GATEWAY,PAID,30540.00,2024-05-07 20:57:13
7000002144,1000002144,20240507,1141,1,,GATEWAY,PAID,30540.00,2024-05-07 22:35:28
7000002145,1000002145,20240507,1142,1,,GATEWAY,PAID,98010.00,2024-05-07 23:39:59
7000002146,1000002146,20240508,1143,1,,GATEWAY,PAID,16320.00,2024-05-08 09:19:44
7000002148,1000002148,20240508,342,1,,CARD,PAID,30540.00,2024-05-08 12:52:44
7000002150,1000002150,20240508,1145,1,,GATEWAY,PAID,19350.00,2024-05-08 14:13:08
7000002152,1000002152,20240508,811,1,,CARD,PAID,15720.00,2024-05-08 17:04:30
7000002155,1000002155,20240508,398,1,,CARD,PAID,48390.00,2024-05-08 18:27:48
7000002158,1000002158,20240508,1101,1,,CARD,PAID,52320.00,2024-05-08 22:00:45
7000002159,1000002159,20240509,1068,1,,CARD,PAID,30240.00,2024-05-09 08:44:11
7000002160,1000002160,20240509,399,1,,GATEWAY,PAID,16020.00,2024-05-09 09:44:26
7000002161,1000002161,20240509,1025,1,,GATEWAY,FAILED,34170.00,
7000002165,1000002165,20240509,1006,1,,CARD,PAID,37800.00,2024-05-09 19:40:53
7000002168,1000002168,20240509,1149,1,,CARD,PAID,19950.00,2024-05-09 23:13:56
7000002169,1000002169,20240510,438,1,,GATEWAY,FAILED,37500.00,
7000002170,1000002170,20240510,518,1,,GATEWAY,PAID,87120.00,2024-05-10 01:12:56
7000002171,1000002171,20240510,1021,1,,GATEWAY,PAID,33870.00,2024-05-10 12:03:34
7000002174,1000002174,20240510,984,1,,CARD,PAID,65340.00,2024-05-10 13:47:49
7000002177,1000002177,20240510,1150,1,,GATEWAY,PAID,54450.00,2024-05-10 15:17:41
7000002180,1000002180,20240510,717,1,,CARD,PAID,30540.00,2024-05-10 17:50:31
7000002182,1000002182,20240510,1152,1,,GATEWAY,PAID,30840.00,2024-05-12 08:44:43
7000002184,1000002184,20240510,460,1,,CARD,PAID,30240.00,2024-05-10 21:39:08
7000002185,1000002185,20240510,852,1,,CARD,PAID,16320.00,2024-05-10 22:57:45
7000002186,1000002186,20240511,578,1,,CARD,PAID,52020.00,2024-05-11 09:52:11
7000002200,1000002200,20240511,969,1,,GATEWAY,FAILED,16020.00,
7000002201,1000002201,20240511,1078,1,,GATEWAY,PAID,30240.00,2024-05-11 21:10:15
7000002202,1000002202,20240511,168,1,,GATEWAY,PAID,79860.00,2024-05-11 23:43:08
7000002203,1000002203,20240512,809,1,,CARD,PAID,45060.00,2024-05-12 02:50:06
7000002204,1000002204,20240512,870,1,,CARD,PAID,30240.00,2024-05-12 13:24:05
7000002205,1000002205,20240512,1158,1,,CARD,PAID,15720.00,2024-05-12 16:58:17
7000002206,1000002206,20240512,112,1,,GATEWAY,PAID,15720.00,2024-05-12 19:36:06
7000002207,1000002207,20240512,96,1,,CARD,PAID,30240.00,2024-05-12 22:26:52
7000002208,1000002208,20240513,259,1,,CARD,PAID,14520.00,2024-05-13 04:25:29
7000002209,1000002209,20240513,334,1,,GATEWAY,PAID,11616.00,2024-05-13 07:42:47
7000002210,1000002210,20240513,464,1,,CARD,FAILED,14520.00,
7000002211,1000002211,20240513,272,1,,GATEWAY,PAID,11616.00,2024-05-13 09:33:40
7000002212,1000002212,20240513,943,1,,GATEWAY,PAID,14520.00,2024-05-13 09:47:17
7000002213,1000002213,20240513,797,1,,CARD,REFUNDED,11616.00,2024-05-13 09:54:21
7000002214,1000002214,20240513,589,1,,GATEWAY,PAID,23232.00,2024-05-13 10:05:15
7000002215,1000002215,20240513,1159,1,,CARD,PAID,34848.00,2024-05-13 09:59:25
7000002216,1000002216,20240513,1160,1,,GATEWAY,REFUNDED,55176.00,2024-05-13 10:41:44
7000002217,1000002217,20240513,1079,1,,GATEWAY,PAID,40656.00,2024-05-13 10:44:36
7000002219,1000002219,20240513,140,1,,CARD,PAID,43560.00,2024-05-13 11:06:28
7000002221,1000002221,20240513,1161,1,,GATEWAY,PAID,23232.00,2024-05-13 11:54:12
7000002222,1000002222,20240513,132,1,,GATEWAY,PAID,37752.00,2024-05-13 11:59:28
7000002223,1000002223,20240513,1162,1,,GATEWAY,PAID,23232.00,2024-05-13 12:05:43
7000002224,1000002224,20240513,339,1,,GATEWAY,PAID,29040.00,2024-05-13 12:11:58
7000002225,1000002225,20240513,316,1,,CARD,PAID,34848.00,2024-05-13 13:04:28
7000002226,1000002226,20240513,532,1,,CARD,PAID,23232.00,2024-05-13 13:18:32
7000002227,1000002227,20240513,869,1,,CARD,PAID,11616.00,2024-05-13 13:49:34
7000002229,1000002229,20240513,269,1,,GATEWAY,PAID,14520.00,2024-05-13 14:51:01
7000002230,1000002230,20240513,770,1,,GATEWAY,PAID,11616.00,2024-05-13 15:06:20
7000002231,1000002231,20240513,215,1,,GATEWAY,PAID,29040.00,2024-05-13 15:34:13
7000002233,1000002233,20240513,156,1,,GATEWAY,PAID,14520.00,2024-05-13 16:06:34
7000002234,1000002234,20240513,611,1,,CARD,PAID,11616.00,2024-05-13 16:10:09
7000002235,1000002235,20240513,103,1,,GATEWAY,FAILED,14520.00,
7000002236,1000002236,20240513,703,1,,GATEWAY,PAID,111078.00,2024-05-13 17:35:39
7000002237,1000002237,20240513,941,1,,GATEWAY,FAILED,43560.00,
7000002238,1000002238,20240513,932,1,,CARD,PAID,40656.00,2024-05-13 18:04:48
7000002239,1000002239,20240513,396,1,,GATEWAY,PAID,26136.00,2024-05-13 18:27:43
7000002240,1000002240,20240513,1163,1,,GATEWAY,PAID,14520.00,2024-05-13 18:52:17
7000002241,1000002241,20240513,1164,1,,CARD,PAID,14520.00,2024-05-13 18:44:40
7000002242,1000002242,20240513,125,1,,GATEWAY,PAID,14520.00,2024-05-13 20:04:41
7000002243,1000002243,20240513,355,1,,CARD,PAID,26136.00,2024-05-13 20:08:10
7000002244,1000002244,20240513,72,1,,GATEWAY,PAID,55176.00,2024-05-13 20:22:19
7000002246,1000002246,20240513,154,1,,CARD,REFUNDED,11616.00,2024-05-13 20:30:20
7000002248,1000002248,20240513,915,1,,CARD,PAID,11616.00,2024-05-13 20:37:31
7000002249,1000002249,20240513,840,1,,CARD,PAID,23232.00,2024-05-13 21:03:14
7000002250,1000002250,20240513,106,1,,CARD,PAID,29040.00,2024-05-13 21:14:42
7000002251,1000002251,20240513,1166,1,,CARD,FAILED,23232.00,
7000002252,1000002252,20240513,835,1,,CARD,PAID,11616.00,2024-05-13 22:57:02
7000002253,1000002253,20240514,923,1,,GATEWAY,PAID,29040.00,2024-05-14 06:54:00
7000002254,1000002254,20240514,26,1,,CARD,PAID,11616.00,2024-05-14 02:46:08
7000002255,1000002255,20240514,18,1,,CARD,PAID,23232.00,2024-05-14 08:14:06
7000002256,1000002256,20240514,653,1,,GATEWAY,PAID,23232.00,2024-05-14 09:51:57
7000002257,1000002257,20240514,1093,1,,CARD,PAID,14520.00,2024-05-14 09:47:40
7000002258,1000002258,20240514,1168,1,,CARD,PAID,11616.00,2024-05-14 10:33:58
7000002259,1000002259,20240514,1091,1,,GATEWAY,PAID,26136.00,2024-05-14 20:45:29
7000002260,1000002260,20240514,684,1,,CARD,PAID,14520.00,2024-05-14 11:34:30
7000002261,1000002261,20240514,642,1,,CARD,FAILED,40656.00,
7000002262,1000002262,20240514,240,1,,CARD,PAID,46464.00,2024-05-14 12:16:09
7000002264,1000002264,20240514,1169,1,,CARD,PAID,11616.00,2024-05-14 13:19:44
7000002265,1000002265,20240514,1170,1,,CARD,PAID,14520.00,2024-05-14 13:25:02
7000002266,1000002266,20240514,1171,1,,CARD,PAID,40656.00,2024-05-14 13:48:37
7000002267,1000002267,20240514,443,1,,CARD,REFUNDED,14520.00,2024-05-14 13:58:30
7000002268,1000002268,20240514,1172,1,,CARD,PAID,11616.00,2024-05-14 13:58:45
7000002269,1000002269,20240514,1173,1,,CARD,PAID,23232.00,2024-05-14 15:03:45
7000002270,1000002270,20240514,1174,1,,GATEWAY,PAID,123420.00,2024-05-14 16:32:23
7000002275,1000002275,20240514,763,1,,GATEWAY,PAID,26136.00,2024-05-14 18:26:06
7000002276,1000002276,20240514,65,1,,GATEWAY,PAID,23232.00,2024-05-14 18:34:46
7000002277,1000002277,20240514,806,1,,CARD,PAID,69696.00,2024-05-14 18:26:48
7000002278,1000002278,20240514,526,1,,CARD,PAID,11616.00,2024-05-14 19:12:42
7000002280,1000002280,20240514,47,1,,GATEWAY,PAID,29040.00,2024-05-14 21:26:17
7000002281,1000002281,20240514,813,1,,GATEWAY,PAID,23232.00,2024-05-15 01:06:56
7000002282,1000002282,20240514,1178,1,,GATEWAY,PAID,40656.00,2024-05-14 22:36:31
7000002283,1000002283,20240514,77,1,,GATEWAY,PAID,26136.00,2024-05-15 02:07:40
7000002284,1000002284,20240515,155,1,,GATEWAY,PAID,29040.00,2024-05-15 00:38:35
7000002285,1000002285,20240515,967,1,,CARD,PAID,26136.00,2024-05-15 05:18:20
7000002286,1000002286,20240515,1179,1,,GATEWAY,PAID,14520.00,2024-05-15 06:31:47
7000002287,1000002287,20240515,34,1,,CARD,PAID,14520.00,2024-05-15 08:01:48
7000002288,1000002288,20240515,27,1,,CARD,PAID,11616.00,2024-05-15 09:13:31
7000002289,1000002289,20240515,113,1,,GATEWAY,PAID,26136.00,2024-05-15 09:22:42
7000002290,1000002290,20240515,644,1,,CARD,PAID,14520.00,2024-05-15 10:17:40
7000002291,1000002291,20240515,58,1,,CARD,REFUNDED,37752.00,2024-05-15 11:21:43
7000002292,1000002292,20240515,1180,1,,GATEWAY,PAID,14520.00,2024-05-15 17:26:34
7000002294,1000002294,20240515,76,1,,CARD,PAID,34848.00,2024-05-15 12:49:16
7000002295,1000002295,20240515,48,1,,CARD,PAID,14520.00,2024-05-15 12:54:41
7000002296,1000002296,20240515,1181,1,,GATEWAY,PAID,23232.00,2024-05-15 14:08:07
7000002299,1000002299,20240515,89,1,,CARD,REFUNDED,23232.00,2024-05-15 15:31:55
7000002300,1000002300,20240515,681,1,,CARD,PAID,23232.00,2024-05-15 15:34:54
7000002301,1000002301,20240515,768,1,,CARD,PAID,37752.00,2024-05-15 15:54:15
7000002303,1000002303,20240515,1182,1,,GATEWAY,FAILED,11616.00,
7000002304,1000002304,20240515,926,1,,GATEWAY,PAID,23232.00,2024-05-15 17:06:30
7000002305,1000002305,20240515,249,1,,CARD,PAID,26136.00,2024-05-15 17:35:15
7000002306,1000002306,20240515,425,1,,GATEWAY,PAID,14520.00,2024-05-15 18:02:26
7000002307,1000002307,20240515,1184,1,,CARD,PAID,29040.00,2024-05-15 18:35:54
7000002310,1000002310,20240515,144,1,,CARD,PAID,49368.00,2024-05-15 19:33:18
7000002311,1000002311,20240515,1185,1,,CARD,PAID,29040.00,2024-05-15 19:54:41
7000002313,1000002313,20240515,1186,1,,CARD,PAID,11616.00,2024-05-15 20:11:58
7000002314,1000002314,20240515,1051,1,,CARD,PAID,11616.00,2024-05-15 20:16:34
7000002315,1000002315,20240515,447,1,,CARD,PAID,14520.00,2024-05-15 20:29:43
7000002316,1000002316,20240515,1187,1,,GATEWAY,PAID,11616.00,2024-05-15 20:48:44
7000002317,1000002317,20240515,1188,1,,CARD,PAID,185130.00,2024-05-15 21:04:52
7000002318,1000002318,20240515,538,1,,GATEWAY,PAID,23232.00,2024-05-15 21:14:54
7000002319,1000002319,20240515,509,1,,CARD,PAID,14520.00,2024-05-15 21:22:12
7000002320,1000002320,20240515,1189,1,,CARD,PAID,14520.00,2024-05-15 23:23:17
7000002321,1000002321,20240515,563,1,,GATEWAY,PAID,26136.00,2024-05-15 23:37:31
7000002322,1000002322,20240516,942,1,,GATEWAY,PAID,15720.00,2024-05-16 03:40:47
7000002323,1000002323,20240516,1191,1,,GATEWAY,PAID,34170.00,2024-05-16 08:05:44
7000002328,1000002328,20240516,9,1,,GATEWAY,PAID,19950.00,2024-05-16 13:39:43
7000002329,1000002329,20240516,191,1,,CARD,PAID,72600.00,2024-05-16 15:29:50
7000002331,1000002331,20240516,366,1,,CARD,PAID,15720.00,2024-05-16 17:03:36
7000002335,1000002335,20240517,1048,1,,GATEWAY,PAID,54450.00,2024-05-17 06:11:00
7000002336,1000002336,20240517,837,1,,CARD,PAID,15720.00,2024-05-17 08:22:17
7000002338,1000002338,20240517,333,1,,CARD,REFUNDED,19650.00,2024-05-17 11:57:21
7000002339,1000002339,20240517,1194,1,,CARD,PAID,29088.00,2024-05-17 12:35:20
7000002340,1000002340,20240517,574,1,,CARD,PAID,38100.00,2024-05-17 13:03:11
7000002343,1000002343,20240517,909,1,,CARD,REFUNDED,16020.00,2024-05-17 13:55:07
7000002344,1000002344,20240517,938,1,,CARD,PAID,98010.00,2024-05-17 15:27:45
7000002347,1000002347,20240517,147,1,,CARD,PAID,58080.00,2024-05-17 18:16:11
7000002348,1000002348,20240517,344,1,,CARD,PAID,45060.00,2024-05-17 18:45:55
7000002350,1000002350,20240517,64,1,,GATEWAY,PAID,30840.00,2024-05-17 19:23:41
7000002353,1000002353,20240517,791,1,,GATEWAY,PAID,15720.00,2024-05-17 22:26:57
7000002354,1000002354,20240517,448,1,,CARD,PAID,15594.00,2024-05-17 21:50:22
7000002355,1000002355,20240518,169,1,,CARD,PAID,33870.00,2024-05-18 09:58:53
7000002356,1000002356,20240518,692,1,,GATEWAY,PAID,30540.00,2024-05-18 18:26:21
7000002357,1000002357,20240518,934,1,,GATEWAY,PAID,15720.00,2024-05-18 13:31:34
7000002358,1000002358,20240518,726,1,,GATEWAY,PAID,16020.00,2024-05-18 12:21:15
7000002366,1000002366,20240518,470,1,,GATEWAY,PAID,76230.00,2024-05-18 16:10:29
7000002367,1000002367,20240518,45,1,,GATEWAY,PAID,58080.00,2024-05-18 16:18:58
7000002368,1000002368,20240518,1007,1,,GATEWAY,FAILED,44760.00,
7000002371,1000002371,20240519,1200,1,,GATEWAY,PAID,18742.50,2024-05-19 00:09:30
7000002372,1000002372,20240519,507,1,,CARD,PAID,37800.00,2024-05-19 07:17:35
7000002373,1000002373,20240519,159,1,,GATEWAY,PAID,65340.00,2024-05-19 09:17:42
7000002374,1000002374,20240519,993,1,,GATEWAY,REFUNDED,16020.00,2024-05-19 10:15:16
7000002375,1000002375,20240519,948,1,,GATEWAY,PAID,16020.00,2024-05-20 17:12:50
7000002376,1000002376,20240519,1202,1,,GATEWAY,PAID,34170.00,2024-05-19 17:58:36
7000002377,1000002377,20240519,427,1,,GATEWAY,PAID,30540.00,2024-05-19 18:35:25
7000002378,1000002378,20240519,1124,1,,GATEWAY,PAID,72600.00,2024-05-20 17:15:38
7000002379,1000002379,20240519,787,1,,CARD,PAID,37500.00,2024-05-19 20:06:26
7000002380,1000002380,20240519,971,1,,CARD,PAID,48390.00,2024-05-19 20:13:24
7000002381,1000002381,20240519,1203,1,,GATEWAY,PAID,19350.00,2024-05-19 20:28:43
7000002382,1000002382,20240519,914,1,,CARD,PAID,16020.00,2024-05-19 20:42:08
7000002383,1000002383,20240519,974,1,,GATEWAY,PAID,58080.00,2024-05-19 21:19:36
7000002384,1000002384,20240519,166,1,,CARD,PAID,16020.00,2024-05-19 22:13:36
7000002385,1000002385,20240520,486,1,,CARD,PAID,54450.00,2024-05-20 06:12:53
7000002386,1000002386,20240520,480,1,,CARD,PAID,30540.00,2024-05-20 06:26:02
7000002388,1000002388,20240520,1204,1,,CARD,PAID,16020.00,2024-05-20 11:18:51
7000002390,1000002390,20240520,894,1,,CARD,PAID,65340.00,2024-05-20 12:48:00
7000002391,1000002391,20240520,675,1,,CARD,PAID,30240.00,2024-05-20 13:06:23
7000002393,1000002393,20240520,1019,1,,CARD,PAID,37800.00,2024-05-20 16:24:40
7000002395,1000002395,20240520,457,1,,GATEWAY,PAID,89661.00,2024-05-20 17:17:19
7000002398,1000002398,20240520,1043,1,,GATEWAY,FAILED,54450.00,
7000002399,1000002399,20240520,790,1,,CARD,PAID,34170.00,2024-05-20 20:49:01
7000002400,1000002400,20240520,998,1,,CARD,PAID,15720.00,2024-05-20 21:17:42
7000002401,1000002401,20240520,1129,1,,CARD,PAID,34470.00,2024-05-20 21:20:39
7000002402,1000002402,20240520,1058,1,,GATEWAY,PAID,61710.00,2024-05-20 23:31:34
7000002403,1000002403,20240521,880,1,,CARD,PAID,30540.00,2024-05-21 00:25:50
7000002404,1000002404,20240521,893,1,,CARD,PAID,19950.00,2024-05-21 05:03:18
7000002405,1000002405,20240521,294,1,,GATEWAY,PAID,37800.00,2024-05-21 12:47:20
7000002406,1000002406,20240521,1206,1,,CARD,PAID,19350.00,2024-05-21 13:16:05
7000002407,1000002407,20240521,1047,1,,CARD,PAID,19650.00,2024-05-21 13:15:10
7000002412,1000002412,20240521,436,1,,GATEWAY,PAID,68970.00,2024-05-21 19:19:57
7000002414,1000002414,20240522,1060,1,,CARD,PAID,19650.00,2024-05-22 08:16:13
7000002419,1000002419,20240522,1211,1,,CARD,PAID,16020.00,2024-05-22 13:45:23
7000002420,1000002420,20240522,711,1,,CARD,PAID,61710.00,2024-05-22 14:22:46
7000002423,1000002423,20240522,108,1,,CARD,PAID,37800.00,2024-05-22 15:53:11
7000002424,1000002424,20240522,541,1,,CARD,PAID,30540.00,2024-05-22 16:32:43
7000002425,1000002425,20240522,834,1,,CARD,PAID,83490.00,2024-05-22 17:07:57
7000002427,1000002427,20240522,469,1,,GATEWAY,PAID,16020.00,2024-05-22 18:30:18
7000002429,1000002429,20240522,704,1,,CARD,PAID,54450.00,2024-05-22 18:57:36
7000002431,1000002431,20240522,1105,1,,GATEWAY,PAID,16020.00,2024-05-22 21:07:29
7000002432,1000002432,20240522,793,1,,CARD,PAID,19650.00,2024-05-22 23:52:14
7000002433,1000002433,20240523,1212,1,,GATEWAY,FAILED,68970.00,
7000002434,1000002434,20240523,1213,1,,CARD,REFUNDED,16020.00,2024-05-23 02:50:42
7000002435,1000002435,20240523,1214,1,,GATEWAY,PAID,15720.00,2024-05-23 11:29:38
7000002436,1000002436,20240523,1038,1,,CARD,PAID,58080.00,2024-05-23 11:31:39
7000002437,1000002437,20240523,59,1,,GATEWAY,PAID,30240.00,2024-05-23 13:54:05
7000002439,1000002439,20240523,15,1,,CARD,PAID,19650.00,2024-05-23 15:42:42
7000002441,1000002441,20240523,1216,1,,CARD,PAID,19350.00,2024-05-23 18:41:37
7000002445,1000002445,20240523,718,1,,CARD,PAID,19350.00,2024-05-23 20:06:05
7000002446,1000002446,20240523,794,1,,CARD,PAID,30240.00,2024-05-23 20:18:03
7000002448,1000002448,20240523,1218,1,,GATEWAY,PAID,19650.00,2024-05-23 21:38:03
7000002449,1000002449,20240524,487,1,,CARD,PAID,16020.00,2024-05-24 03:10:22
7000002453,1000002453,20240524,69,1,,CARD,REFUNDED,38100.00,2024-05-24 14:43:46
7000002454,1000002454,20240524,423,1,,GATEWAY,PAID,34170.00,2024-05-24 14:49:31
7000002455,1000002455,20240524,812,1,,GATEWAY,PAID,34170.00,2024-05-24 15:13:40
7000002459,1000002459,20240524,404,1,,CARD,PAID,52020.00,2024-05-24 18:17:22
7000002463,1000002463,20240524,703,1,,GATEWAY,PAID,45060.00,2024-05-24 19:53:53
7000002464,1000002464,20240524,622,1,,GATEWAY,PAID,30540.00,2024-05-24 20:44:19
7000002465,1000002465,20240524,1223,1,,CARD,REFUNDED,30240.00,2024-05-24 21:18:00
7000002466,1000002466,20240524,120,1,,CARD,PAID,30840.00,2024-05-24 22:09:43
7000002467,1000002467,20240524,1224,1,,GATEWAY,PAID,15720.00,2024-05-25 04:33:24
7000002468,1000002468,20240524,854,1,,CARD,PAID,54450.00,2024-05-24 22:44:48
7000002469,1000002469,20240525,595,1,,GATEWAY,PAID,61710.00,2024-05-25 05:59:28
7000002470,1000002470,20240525,490,1,,CARD,PAID,30240.00,2024-05-25 09:47:58
7000002471,1000002471,20240525,789,1,,CARD,PAID,16020.00,2024-05-25 10:04:45
7000002472,1000002472,20240525,226,1,,CARD,PAID,19350.00,2024-05-25 10:03:35
7000002474,1000002474,20240525,612,1,,CARD,REFUNDED,16020.00,2024-05-25 11:41:33
7000002475,1000002475,20240525,1225,1,,GATEWAY,PAID,16320.00,2024-05-25 11:43:22
7000002476,1000002476,20240525,163,1,,GATEWAY,PAID,30540.00,2024-05-25 13:09:07
7000002483,1000002483,20240525,1016,1,,GATEWAY,PAID,18442.50,2024-05-25 17:04:01
7000002486,1000002486,20240526,556,1,,GATEWAY,PAID,38100.00,2024-05-26 02:49:57
7000002487,1000002487,20240526,632,1,,GATEWAY,PAID,30240.00,2024-05-27 05:55:26
7000002488,1000002488,20240526,173,1,,GATEWAY,FAILED,37500.00,
7000002489,1000002489,20240526,878,1,,GATEWAY,PAID,30540.00,2024-05-26 14:12:47
7000002490,1000002490,20240526,1228,1,,GATEWAY,PAID,15720.00,2024-05-26 17:57:06
7000002491,1000002491,20240526,1229,1,,CARD,PAID,19350.00,2024-05-26 18:53:36
7000002492,1000002492,20240526,375,1,,GATEWAY,PAID,37800.00,2024-05-26 19:37:30
7000002493,1000002493,20240526,80,1,,CARD,PAID,16020.00,2024-05-26 20:41:28
7000002494,1000002494,20240526,77,1,,CARD,PAID,48390.00,2024-05-26 20:52:56
7000002495,1000002495,20240526,150,1,,GATEWAY,PAID,101640.00,2024-05-26 21:21:46
7000002496,1000002496,20240526,651,1,,GATEWAY,PAID,94380.00,2024-05-26 22:30:55
7000002497,1000002497,20240527,484,1,,CARD,PAID,15720.00,2024-05-27 01:55:49
7000002499,1000002499,20240527,1232,1,,CARD,PAID,33870.00,2024-05-27 12:46:07
7000002501,1000002501,20240527,823,1,,CARD,PAID,58080.00,2024-05-27 13:16:23
7000002503,1000002503,20240527,1234,1,,CARD,PAID,30540.00,2024-05-27 13:49:05
7000002513,1000002513,20240527,521,1,,GATEWAY,FAILED,19950.00,
7000002516,1000002516,20240527,1237,1,,GATEWAY,FAILED,19350.00,
7000002517,1000002517,20240527,1238,1,,CARD,PAID,15720.00,2024-05-27 21:31:48
7000002518,1000002518,20240527,915,1,,CARD,PAID,19350.00,2024-05-27 22:19:29
7000002519,1000002519,20240527,288,1,,CARD,PAID,19650.00,2024-05-27 22:19:01
7000002520,1000002520,20240528,1020,1,,CARD,PAID,27636.00,2024-05-28 11:20:25
7000002521,1000002521,20240528,155,1,,GATEWAY,PAID,18135.00,2024-05-28 13:59:19
7000002522,1000002522,20240528,1239,1,,GATEWAY,PAID,58080.00,2024-05-28 15:39:55
7000002524,1000002524,20240528,253,1,,CARD,PAID,34470.00,2024-05-28 18:34:03
7000002526,1000002526,20240528,1240,1,,CARD,PAID,52020.00,2024-05-28 19:40:53
7000002527,1000002527,20240528,75,1,,CARD,PAID,27336.00,2024-05-28 21:14:50
7000002528,1000002528,20240528,1039,1,,GATEWAY,REFUNDED,19650.00,2024-05-28 22:58:57
7000002529,1000002529,20240529,752,1,,GATEWAY,PAID,76230.00,2024-05-29 09:42:26
7000002530,1000002530,20240529,579,1,,GATEWAY,FAILED,15720.00,
7000002531,1000002531,20240529,167,1,,GATEWAY,PAID,30240.00,2024-05-29 10:12:03
7000002534,1000002534,20240529,1119,1,,GATEWAY,PAID,16020.00,2024-05-29 17:19:49
7000002537,1000002537,20240529,1165,1,,CARD,PAID,15720.00,2024-05-29 11:43:54
7000002540,1000002540,20240529,952,1,,CARD,PAID,33870.00,2024-05-29 12:50:42
7000002546,1000002546,20240529,1242,1,,CARD,PAID,16020.00,2024-05-29 19:47:00
7000002549,1000002549,20240529,797,1,,GATEWAY,PAID,83490.00,2024-05-29 21:28:43
7000002550,1000002550,20240529,708,1,,GATEWAY,PAID,58080.00,2024-05-29 23:21:36
7000002551,1000002551,20240529,716,1,,CARD,PAID,19350.00,2024-05-29 23:37:44
7000002552,1000002552,20240530,1244,1,,CARD,PAID,37500.00,2024-05-30 04:35:59
7000002553,1000002553,20240530,1026,1,,GATEWAY,PAID,52320.00,2024-05-30 09:31:20
7000002558,1000002558,20240530,1247,1,,CARD,PAID,15720.00,2024-05-30 18:33:19
7000002560,1000002560,20240530,1248,1,,CARD,PAID,19650.00,2024-05-30 19:54:35
7000002562,1000002562,20240530,1249,1,,CARD,PAID,28788.00,2024-05-30 21:13:19
7000002563,1000002563,20240530,355,1,,CARD,PAID,54450.00,2024-05-30 21:20:42
7000002564,1000002564,20240530,670,1,,CARD,PAID,15720.00,2024-05-30 21:54:18
7000002565,1000002565,20240531,995,1,,GATEWAY,PAID,19650.00,2024-05-31 08:37:55
7000002566,1000002566,20240531,1002,1,,CARD,PAID,16020.00,2024-05-31 08:46:46
7000002568,1000002568,20240531,1175,1,,CARD,PAID,15720.00,2024-05-31 11:02:09
7000002570,1000002570,20240531,847,1,,CARD,PAID,30540.00,2024-05-31 14:37:13
7000002572,1000002572,20240531,186,1,,CARD,PAID,44760.00,2024-05-31 15:29:09
7000002574,1000002574,20240531,963,1,,CARD,PAID,83490.00,2024-05-31 20:10:52
7000002576,1000002576,20240531,466,1,,CARD,PAID,44760.00,2024-05-31 20:55:26
7000002578,1000002578,20240531,543,1,,CARD,PAID,18742.50,2024-05-31 23:51:39
7000002579,1000002579,20240601,1252,1,,GATEWAY,PAID,19350.00,2024-06-01 06:11:04
7000002580,1000002580,20240601,443,1,,GATEWAY,FAILED,15594.00,
7000002590,1000002590,20240601,1254,1,,GATEWAY,PAID,61710.00,2024-06-01 14:51:13
7000002595,1000002595,20240601,861,1,,CARD,PAID,37500.00,2024-06-01 23:00:37
7000002596,1000002596,20240602,970,1,,CARD,PAID,38100.00,2024-06-02 03:46:39
7000002597,1000002597,20240602,480,1,,GATEWAY,PAID,65340.00,2024-06-02 09:44:05
7000002598,1000002598,20240602,943,1,,CARD,PAID,37500.00,2024-06-02 10:08:17
7000002599,1000002599,20240602,1256,1,,GATEWAY,PAID,49479.00,2024-06-02 13:35:50
7000002600,1000002600,20240602,1158,1,,GATEWAY,PAID,58080.00,2024-06-02 16:39:03
7000002601,1000002601,20240602,128,1,,CARD,PAID,19650.00,2024-06-02 18:08:38
7000002602,1000002602,20240602,1087,1,,CARD,PAID,16320.00,2024-06-02 18:17:20
7000002603,1000002603,20240602,287,1,,CARD,PAID,19350.00,2024-06-02 19:49:45
7000002604,1000002604,20240602,1257,1,,GATEWAY,PAID,19650.00,2024-06-02 21:20:01
7000002605,1000002605,20240603,531,1,,GATEWAY,PAID,16320.00,2024-06-03 08:16:18
7000002606,1000002606,20240603,883,1,,CARD,PAID,19650.00,2024-06-03 05:01:51
7000002607,1000002607,20240603,1258,1,,CARD,PAID,15720.00,2024-06-03 05:02:12
7000002608,1000002608,20240603,1093,1,,GATEWAY,PAID,19650.00,2024-06-03 10:16:08
7000002613,1000002613,20240603,1260,1,,CARD,PAID,19650.00,2024-06-03 11:10:10
7000002614,1000002614,20240603,1259,1,,CARD,PAID,16020.00,2024-06-03 11:21:30
7000002617,1000002617,20240603,1,1,,CARD,PAID,14994.00,2024-06-03 13:19:35
7000002622,1000002622,20240603,938,1,,GATEWAY,PAID,16020.00,2024-06-03 20:47:26
7000002623,1000002623,20240603,63,1,,GATEWAY,PAID,15720.00,2024-06-04 14:45:29
7000002624,1000002624,20240603,11,1,,CARD,PAID,38100.00,2024-06-03 23:09:10
7000002625,1000002625,20240603,965,1,,CARD,PAID,48390.00,2024-06-03 23:12:38
7000002626,1000002626,20240604,1145,1,,CARD,PAID,15720.00,2024-06-04 00:47:49
7000002627,1000002627,20240604,342,1,,CARD,FAILED,231412.50,
7000002628,1000002628,20240604,669,1,,GATEWAY,PAID,54450.00,2024-06-04 08:02:02
7000002629,1000002629,20240604,1265,1,,CARD,PAID,35685.00,2024-06-04 08:21:19
7000002630,1000002630,20240604,1266,1,,GATEWAY,PAID,19650.00,2024-06-04 08:53:56
7000002632,1000002632,20240604,354,1,,CARD,PAID,19650.00,2024-06-04 11:35:28
7000002634,1000002634,20240604,556,1,,GATEWAY,PAID,16320.00,2024-06-04 16:08:53
7000002636,1000002636,20240604,884,1,,CARD,PAID,16020.00,2024-06-04 17:04:20
7000002637,1000002637,20240604,425,1,,GATEWAY,PAID,54450.00,2024-06-04 17:12:30
7000002639,1000002639,20240604,1267,1,,CARD,PAID,34170.00,2024-06-04 18:54:37
7000002642,1000002642,20240604,787,1,,CARD,PAID,37500.00,2024-06-04 21:16:38
7000002643,1000002643,20240604,1270,1,,CARD,PAID,35985.00,2024-06-04 23:35:13
7000002644,1000002644,20240605,497,1,,CARD,PAID,30240.00,2024-06-05 02:22:45
7000002645,1000002645,20240605,1271,1,,GATEWAY,PAID,19650.00,2024-06-05 08:37:32
7000002650,1000002650,20240605,333,1,,CARD,PAID,45060.00,2024-06-05 17:07:36
7000002653,1000002653,20240605,1273,1,,CARD,PAID,16020.00,2024-06-05 17:49:23
7000002654,1000002654,20240605,636,1,,CARD,PAID,30840.00,2024-06-05 18:04:57
7000002655,1000002655,20240605,768,1,,CARD,FAILED,19350.00,
7000002656,1000002656,20240605,1274,1,,CARD,PAID,18742.50,2024-06-05 19:02:21
7000002659,1000002659,20240605,1194,1,,GATEWAY,PAID,18742.50,2024-06-05 22:26:53
7000002660,1000002660,20240606,313,1,,CARD,REFUNDED,34170.00,2024-06-06 01:18:09
7000002661,1000002661,20240606,1135,1,,GATEWAY,PAID,68970.00,2024-06-06 03:39:20
7000002664,1000002664,20240606,1275,1,,CARD,PAID,38100.00,2024-06-06 11:44:47
7000002667,1000002667,20240606,1187,1,,CARD,PAID,37500.00,2024-06-06 12:32:08
7000002668,1000002668,20240606,783,1,,CARD,PAID,33870.00,2024-06-06 13:02:06
7000002670,1000002670,20240606,567,1,,GATEWAY,PAID,19350.00,2024-06-06 13:46:04
7000002671,1000002671,20240606,509,1,,GATEWAY,PAID,34170.00,2024-06-06 14:21:07
7000002672,1000002672,20240606,956,1,,GATEWAY,PAID,37800.00,2024-06-06 14:57:42
7000002673,1000002673,20240606,809,1,,CARD,PAID,19650.00,2024-06-06 14:58:35
7000002675,1000002675,20240606,1054,1,,GATEWAY,PAID,37500.00,2024-06-06 17:46:37
7000002676,1000002676,20240606,263,1,,CARD,PAID,45060.00,2024-06-06 18:26:55
7000002677,1000002677,20240606,179,1,,CARD,PAID,37800.00,2024-06-06 18:39:54
7000002679,1000002679,20240606,1174,1,,CARD,PAID,72600.00,2024-06-06 19:27:02
7000002682,1000002682,20240606,922,1,,CARD,PAID,83490.00,2024-06-06 20:16:02
7000002683,1000002683,20240606,152,1,,GATEWAY,PAID,16020.00,2024-06-06 21:03:08
7000002684,1000002684,20240606,1278,1,,CARD,PAID,19950.00,2024-06-06 23:32:22
7000002685,1000002685,20240607,32,1,,CARD,PAID,30540.00,2024-06-07 09:23:24
7000002686,1000002686,20240607,417,1,,CARD,PAID,19950.00,2024-06-07 09:58:40
7000002690,1000002690,20240607,1279,1,,GATEWAY,PAID,37800.00,2024-06-07 17:34:15
7000002693,1000002693,20240607,1223,1,,GATEWAY,PAID,19350.00,2024-06-07 14:39:48
7000002695,1000002695,20240607,44,1,,GATEWAY,FAILED,19650.00,
7000002699,1000002699,20240607,1058,1,,GATEWAY,PAID,53227.50,2024-06-07 18:43:50
7000002700,1000002700,20240607,886,1,,GATEWAY,PAID,19650.00,2024-06-08 15:21:56
7000002702,1000002702,20240607,1284,1,,CARD,PAID,58080.00,2024-06-07 21:06:44
7000002703,1000002703,20240607,1144,1,,GATEWAY,PAID,16320.00,2024-06-07 22:12:06
7000002704,1000002704,20240607,49,1,,GATEWAY,PAID,19650.00,2024-06-07 22:21:09
7000002705,1000002705,20240607,1285,1,,CARD,PAID,30540.00,2024-06-07 22:55:02
7000002706,1000002706,20240607,473,1,,GATEWAY,PAID,15720.00,2024-06-07 23:30:43
7000002707,1000002707,20240607,1286,1,,CARD,PAID,54450.00,2024-06-07 23:39:03
7000002708,1000002708,20240607,1287,1,,CARD,PAID,37500.00,2024-06-07 23:43:33
7000002709,1000002709,20240607,1017,1,,GATEWAY,PAID,37800.00,2024-06-07 23:56:00
7000002710,1000002710,20240608,1046,1,,CARD,PAID,30240.00,2024-06-08 10:04:57
7000002720,1000002720,20240608,1293,1,,GATEWAY,PAID,351747.00,2024-06-08 14:27:18
7000002722,1000002722,20240608,176,1,,GATEWAY,PAID,19350.00,2024-06-08 14:50:06
7000002733,1000002733,20240608,1297,1,,GATEWAY,PAID,48690.00,2024-06-08 19:08:03
7000002734,1000002734,20240608,618,1,,CARD,PAID,19950.00,2024-06-08 19:04:33
7000002738,1000002738,20240608,1136,1,,CARD,PAID,19350.00,2024-06-08 21:21:16
7000002739,1000002739,20240608,788,1,,GATEWAY,FAILED,16320.00,
7000002740,1000002740,20240608,1100,1,,GATEWAY,PAID,76230.00,2024-06-08 22:08:42
7000002741,1000002741,20240608,1300,1,,GATEWAY,PAID,34470.00,2024-06-09 09:36:56
7000002742,1000002742,20240609,42,1,,CARD,PAID,15720.00,2024-06-09 07:48:11
7000002743,1000002743,20240609,1172,1,,CARD,FAILED,34470.00,
7000002744,1000002744,20240609,409,1,,GATEWAY,PAID,38100.00,2024-06-10 02:43:27
7000002745,1000002745,20240609,324,1,,CARD,PAID,54450.00,2024-06-09 14:51:43
7000002746,1000002746,20240609,993,1,,CARD,PAID,16020.00,2024-06-09 15:08:55
7000002747,1000002747,20240609,1214,1,,GATEWAY,PAID,72600.00,2024-06-09 19:04:40
7000002748,1000002748,20240609,142,1,,CARD,PAID,19350.00,2024-06-09 19:27:02
7000002749,1000002749,20240609,1301,1,,GATEWAY,PAID,19042.50,2024-06-09 21:07:34
7000002750,1000002750,20240609,995,1,,GATEWAY,PAID,30540.00,2024-06-09 21:53:55
7000002751,1000002751,20240609,639,1,,GATEWAY,PAID,37500.00,2024-06-09 22:55:08
7000002752,1000002752,20240609,507,1,,CARD,REFUNDED,54450.00,2024-06-09 23:17:36
7000002753,1000002753,20240610,593,1,,GATEWAY,PAID,19350.00,2024-06-10 08:48:21
7000002754,1000002754,20240610,969,1,,GATEWAY,PAID,19650.00,2024-06-10 09:33:40
7000002755,1000002755,20240610,827,1,,GATEWAY,PAID,30840.00,2024-06-10 17:32:26
7000002756,1000002756,20240610,948,1,,GATEWAY,FAILED,16020.00,
7000002758,1000002758,20240610,84,1,,CARD,PAID,58080.00,2024-06-10 14:40:46
7000002762,1000002762,20240610,913,1,,CARD,FAILED,15294.00,
7000002763,1000002763,20240610,336,1,,CARD,PAID,54450.00,2024-06-10 20:04:28
7000002764,1000002764,20240610,1302,1,,GATEWAY,PAID,19650.00,2024-06-10 20:32:29
7000002766,1000002766,20240610,399,1,,CARD,FAILED,52320.00,
7000002767,1000002767,20240610,793,1,,CARD,PAID,30540.00,2024-06-10 23:44:54
7000002768,1000002768,20240610,1304,1,,GATEWAY,PAID,72600.00,2024-06-10 23:52:49
7000002769,1000002769,20240611,366,1,,CARD,PAID,86394.00,2024-06-11 00:21:11
7000002770,1000002770,20240611,930,1,,CARD,PAID,65340.00,2024-06-11 01:15:57
7000002771,1000002771,20240611,1305,1,,CARD,PAID,16020.00,2024-06-11 01:33:17
7000002772,1000002772,20240611,950,1,,GATEWAY,PAID,16020.00,2024-06-11 03:19:29
7000002773,1000002773,20240611,106,1,,CARD,PAID,19950.00,2024-06-11 08:19:52
7000002774,1000002774,20240611,1057,1,,CARD,PAID,16320.00,2024-06-11 10:41:47
7000002776,1000002776,20240611,25,1,,GATEWAY,PAID,33870.00,2024-06-11 11:25:51
7000002777,1000002777,20240611,377,1,,CARD,PAID,30840.00,2024-06-11 11:32:26
7000002782,1000002782,20240611,733,1,,GATEWAY,PAID,14268.00,2024-06-11 13:57:12
7000002783,1000002783,20240611,268,1,,GATEWAY,REFUNDED,38100.00,2024-06-12 19:12:24
7000002789,1000002789,20240611,1306,1,,GATEWAY,PAID,14268.00,2024-06-11 18:38:12
7000002795,1000002795,20240611,1001,1,,CARD,PAID,47238.00,2024-06-11 22:15:21
7000002796,1000002796,20240611,697,1,,GATEWAY,PAID,58080.00,2024-06-11 22:59:22
7000002797,1000002797,20240612,11,1,,CARD,PAID,19950.00,2024-06-12 03:20:18
7000002798,1000002798,20240612,997,1,,CARD,PAID,30540.00,2024-06-12 07:53:42
7000002799,1000002799,20240612,1225,1,,GATEWAY,FAILED,30840.00,
7000002800,1000002800,20240612,1120,1,,CARD,PAID,19350.00,2024-06-12 10:29:42
7000002802,1000002802,20240612,1309,1,,CARD,PAID,52020.00,2024-06-12 12:11:44
7000002806,1000002806,20240612,1018,1,,CARD,PAID,16020.00,2024-06-12 13:12:25
7000002812,1000002812,20240612,1112,1,,CARD,PAID,37500.00,2024-06-12 17:32:38
7000002814,1000002814,20240612,1060,1,,GATEWAY,PAID,45060.00,2024-06-12 18:48:01
7000002817,1000002817,20240612,242,1,,GATEWAY,PAID,45060.00,2024-06-12 19:10:31
7000002819,1000002819,20240612,1313,1,,CARD,PAID,30540.00,2024-06-12 19:37:59
7000002820,1000002820,20240612,1104,1,,CARD,PAID,30240.00,2024-06-12 20:52:18
7000002821,1000002821,20240612,832,1,,GATEWAY,PAID,65340.00,2024-06-12 21:38:39
7000002822,1000002822,20240612,1314,1,,CARD,PAID,52320.00,2024-06-12 21:04:02
7000002823,1000002823,20240612,68,1,,CARD,PAID,19350.00,2024-06-12 21:51:27
7000002824,1000002824,20240612,47,1,,GATEWAY,FAILED,19350.00,
7000002825,1000002825,20240612,468,1,,CARD,PAID,15720.00,2024-06-12 22:40:58
7000002826,1000002826,20240612,192,1,,CARD,PAID,19650.00,2024-06-12 23:00:04
7000002827,1000002827,20240612,1315,1,,CARD,PAID,19650.00,2024-06-12 23:57:50
7000002828,1000002828,20240613,681,1,,GATEWAY,PAID,19350.00,2024-06-13 05:11:53
7000002829,1000002829,20240613,1317,1,,CARD,PAID,19350.00,2024-06-13 09:24:12
7000002830,1000002830,20240613,339,1,,CARD,PAID,54450.00,2024-06-13 13:01:11
7000002833,1000002833,20240613,1319,1,,GATEWAY,FAILED,61710.00,
7000002834,1000002834,20240613,254,1,,CARD,PAID,19650.00,2024-06-13 15:17:19
7000002835,1000002835,20240613,1320,1,,CARD,PAID,30540.00,2024-06-13 15:40:48
7000002838,1000002838,20240613,46,1,,GATEWAY,PAID,48690.00,2024-06-13 19:05:08
7000002841,1000002841,20240613,1194,1,,GATEWAY,PAID,61710.00,2024-06-14 00:46:35
7000002844,1000002844,20240613,270,1,,CARD,PAID,37500.00,2024-06-13 19:36:56
7000002846,1000002846,20240613,789,1,,GATEWAY,PAID,34170.00,2024-06-14 01:02:27
7000002847,1000002847,20240613,476,1,,GATEWAY,PAID,87120.00,2024-06-14 12:01:02
7000002851,1000002851,20240613,61,1,,GATEWAY,PAID,15720.00,2024-06-13 21:38:28
7000002852,1000002852,20240613,110,1,,CARD,PAID,16320.00,2024-06-13 22:47:07
7000002853,1000002853,20240613,652,1,,CARD,PAID,33870.00,2024-06-13 22:49:24
7000002854,1000002854,20240613,1323,1,,GATEWAY,PAID,19350.00,2024-06-13 23:37:21
7000002855,1000002855,20240614,479,1,,CARD,PAID,37500.00,2024-06-14 09:34:57
7000002856,1000002856,20240614,1166,1,,CARD,PAID,35985.00,2024-06-14 09:47:04
7000002858,1000002858,20240614,420,1,,GATEWAY,PAID,54450.00,2024-06-14 11:40:19
7000002870,1000002870,20240614,429,1,,GATEWAY,PAID,54450.00,2024-06-15 22:58:45
7000002873,1000002873,20240614,104,1,,GATEWAY,PAID,30540.00,2024-06-15 00:11:28
7000002874,1000002874,20240614,563,1,,CARD,PAID,19350.00,2024-06-14 19:53:42
7000002876,1000002876,20240614,1328,1,,CARD,PAID,34170.00,2024-06-14 20:56:08
7000002877,1000002877,20240614,642,1,,GATEWAY,PAID,19650.00,2024-06-14 22:43:10
7000002878,1000002878,20240614,299,1,,CARD,PAID,16020.00,2024-06-14 23:31:58
7000002879,1000002879,20240614,1329,1,,GATEWAY,PAID,19350.00,2024-06-15 11:41:22
7000002880,1000002880,20240615,851,1,,CARD,PAID,54450.00,2024-06-15 07:07:16
7000002881,1000002881,20240615,1330,1,,CARD,PAID,37800.00,2024-06-15 07:48:10
7000002882,1000002882,20240615,1331,1,,GATEWAY,PAID,30540.00,2024-06-15 08:00:25
7000002883,1000002883,20240615,756,1,,CARD,PAID,58080.00,2024-06-15 08:03:45
7000002886,1000002886,20240615,344,1,,GATEWAY,PAID,48690.00,2024-06-15 11:08:05
7000002887,1000002887,20240615,630,1,,GATEWAY,PAID,19950.00,2024-06-15 11:05:59
7000002899,1000002899,20240615,1334,1,,CARD,FAILED,16320.00,
7000002909,1000002909,20240615,45,1,,CARD,PAID,19650.00,2024-06-15 18:41:40
7000002910,1000002910,20240615,542,1,,GATEWAY,PAID,34170.00,2024-06-15 23:04:54
7000002911,1000002911,20240615,1336,1,,GATEWAY,PAID,45060.00,2024-06-16 00:09:11
7000002912,1000002912,20240616,122,1,,CARD,PAID,19650.00,2024-06-16 02:22:30
7000002913,1000002913,20240616,1337,1,,GATEWAY,PAID,19350.00,2024-06-16 07:46:07
7000002914,1000002914,20240616,65,1,,CARD,REFUNDED,37500.00,2024-06-16 10:46:08
7000002915,1000002915,20240616,1339,1,,GATEWAY,PAID,54450.00,2024-06-16 12:37:02
7000002916,1000002916,20240616,1338,1,,GATEWAY,PAID,19650.00,2024-06-16 12:39:31
7000002917,1000002917,20240616,1143,1,,CARD,PAID,16320.00,2024-06-16 13:22:52
7000002918,1000002918,20240616,505,1,,CARD,PAID,19350.00,2024-06-16 13:38:20
7000002919,1000002919,20240616,790,1,,GATEWAY,PAID,54450.00,2024-06-16 14:35:42
7000002920,1000002920,20240616,1340,1,,CARD,PAID,72600.00,2024-06-16 15:16:13
7000002921,1000002921,20240616,889,1,,CARD,PAID,19350.00,2024-06-16 17:11:51
7000002922,1000002922,20240616,152,1,,CARD,PAID,58080.00,2024-06-16 18:08:15
7000002923,1000002923,20240616,869,1,,CARD,PAID,30240.00,2024-06-16 21:48:07
7000002924,1000002924,20240616,70,1,,GATEWAY,PAID,37500.00,2024-06-16 22:50:30
7000002925,1000002925,20240617,143,1,,CARD,PAID,16020.00,2024-06-17 02:01:02
7000002926,1000002926,20240617,978,1,,GATEWAY,PAID,16020.00,2024-06-18 22:01:06
7000002927,1000002927,20240617,1141,1,,CARD,PAID,37800.00,2024-06-17 04:32:42
7000002928,1000002928,20240617,1342,1,,CARD,PAID,52020.00,2024-06-17 07:12:20
7000002929,1000002929,20240617,942,1,,CARD,PAID,37500.00,2024-06-17 08:30:08
7000002930,1000002930,20240617,1108,1,,GATEWAY,PAID,37800.00,2024-06-17 09:22:06
7000002931,1000002931,20240617,214,1,,CARD,PAID,15720.00,2024-06-17 09:48:27
7000002932,1000002932,20240617,1275,1,,CARD,PAID,16320.00,2024-06-17 11:01:44
7000002934,1000002934,20240617,69,1,,GATEWAY,PAID,52620.00,2024-06-17 12:53:31
7000002936,1000002936,20240617,1345,1,,GATEWAY,PAID,15720.00,2024-06-17 21:11:39
7000002937,1000002937,20240617,644,1,,CARD,PAID,34170.00,2024-06-17 16:02:17
7000002938,1000002938,20240617,157,1,,GATEWAY,PAID,54450.00,2024-06-17 17:07:43
7000002939,1000002939,20240617,663,1,,CARD,PAID,19350.00,2024-06-17 17:52:18
7000002940,1000002940,20240617,1346,1,,CARD,PAID,65340.00,2024-06-17 18:04:11
7000002941,1000002941,20240617,1096,1,,CARD,PAID,44760.00,2024-06-17 18:21:18
7000002943,1000002943,20240617,1053,1,,CARD,PAID,44760.00,2024-06-17 20:20:56
7000002944,1000002944,20240617,982,1,,GATEWAY,PAID,58080.00,2024-06-17 22:13:31
7000002945,1000002945,20240617,934,1,,CARD,PAID,33870.00,2024-06-17 23:28:50
7000002946,1000002946,20240617,1118,1,,CARD,PAID,19350.00,2024-06-17 23:28:58
7000002947,1000002947,20240618,416,1,,CARD,PAID,34170.00,2024-06-18 00:44:49
7000002948,1000002948,20240618,826,1,,GATEWAY,PAID,48690.00,2024-06-18 01:01:58
7000002949,1000002949,20240618,284,1,,CARD,PAID,19650.00,2024-06-18 01:06:24
7000002950,1000002950,20240618,1347,1,,CARD,PAID,30540.00,2024-06-18 08:49:54
7000002951,1000002951,20240618,405,1,,CARD,PAID,38100.00,2024-06-18 09:16:14
7000002952,1000002952,20240618,44,1,,CARD,PAID,19650.00,2024-06-18 09:33:40
7000002953,1000002953,20240618,1348,1,,GATEWAY,PAID,16320.00,2024-06-18 11:13:22
7000002954,1000002954,20240618,1349,1,,GATEWAY,PAID,54450.00,2024-06-18 13:08:16
7000002955,1000002955,20240618,1350,1,,GATEWAY,PAID,87120.00,2024-06-18 13:54:48
7000002956,1000002956,20240618,226,1,,GATEWAY,REFUNDED,87120.00,2024-06-18 14:26:29
7000002958,1000002958,20240618,775,1,,CARD,PAID,19650.00,2024-06-18 15:04:53
7000002960,1000002960,20240618,1351,1,,CARD,PAID,45060.00,2024-06-18 18:38:41
7000002961,1000002961,20240618,909,1,,GATEWAY,FAILED,19650.00,
7000002963,1000002963,20240618,1352,1,,CARD,PAID,54450.00,2024-06-18 20:34:22
7000002964,1000002964,20240618,666,1,,GATEWAY,PAID,87120.00,2024-06-19 07:54:44
7000002965,1000002965,20240618,1163,1,,CARD,PAID,83490.00,2024-06-18 21:20:38
7000002966,1000002966,20240619,871,1,,GATEWAY,PAID,19950.00,2024-06-19 02:06:12
7000002967,1000002967,20240619,715,1,,CARD,PAID,30540.00,2024-06-19 09:21:04
7000002968,1000002968,20240619,39,1,,GATEWAY,PAID,130680.00,2024-06-19 09:29:04
7000002969,1000002969,20240619,647,1,,GATEWAY,PAID,52320.00,2024-06-19 10:43:31
7000002970,1000002970,20240619,578,1,,CARD,PAID,15720.00,2024-06-19 11:21:11
7000002975,1000002975,20240619,861,1,,CARD,PAID,19350.00,2024-06-19 17:15:23
7000002978,1000002978,20240619,480,1,,CARD,PAID,34170.00,2024-06-19 19:40:08
7000002980,1000002980,20240619,159,1,,GATEWAY,FAILED,54450.00,
7000002981,1000002981,20240619,447,1,,CARD,PAID,18442.50,2024-06-19 22:33:45
7000002982,1000002982,20240620,1223,1,,CARD,PAID,33870.00,2024-06-20 00:33:59
7000002983,1000002983,20240620,496,1,,CARD,PAID,37500.00,2024-06-20 00:53:59
7000002984,1000002984,20240620,300,1,,CARD,PAID,16020.00,2024-06-20 00:58:01
7000002985,1000002985,20240620,1358,1,,GATEWAY,PAID,33870.00,2024-06-20 09:18:00
7000002986,1000002986,20240620,165,1,,CARD,PAID,30540.00,2024-06-20 10:17:21
7000002991,1000002991,20240620,1359,1,,CARD,PAID,16320.00,2024-06-20 17:24:24
7000002994,1000002994,20240620,1145,1,,GATEWAY,PAID,72600.00,2024-06-21 10:05:51
7000002996,1000002996,20240620,1360,1,,CARD,PAID,54450.00,2024-06-20 19:54:40
7000002998,1000002998,20240620,1187,1,,GATEWAY,PAID,30240.00,2024-06-21 19:17:11
7000002999,1000002999,20240620,120,1,,GATEWAY,PAID,19950.00,2024-06-21 03:20:59
7000003000,1000003000,20240621,1361,1,,CARD,PAID,37500.00,2024-06-21 07:04:51
7000003007,1000003007,20240621,280,1,,CARD,PAID,16020.00,2024-06-21 14:30:53
7000003008,1000003008,20240621,1026,1,,GATEWAY,REFUNDED,58080.00,2024-06-21 16:55:45
7000003012,1000003012,20240621,1162,1,,CARD,PAID,15720.00,2024-06-21 18:54:50
7000003015,1000003015,20240621,658,1,,CARD,FAILED,15720.00,
7000003016,1000003016,20240621,1211,1,,GATEWAY,PAID,61710.00,2024-06-21 20:45:48
7000003017,1000003017,20240621,1000,1,,CARD,PAID,30240.00,2024-06-21 21:29:45
7000003018,1000003018,20240621,761,1,,GATEWAY,FAILED,44760.00,
7000003019,1000003019,20240621,30,1,,GATEWAY,PAID,61710.00,2024-06-21 22:40:56
7000003020,1000003020,20240621,1102,1,,GATEWAY,PAID,19350.00,2024-06-21 23:41:09
7000003021,1000003021,20240622,632,1,,GATEWAY,PAID,19350.00,2024-06-22 03:32:25
7000003022,1000003022,20240622,64,1,,CARD,PAID,19950.00,2024-06-22 13:01:07
7000003026,1000003026,20240622,706,1,,CARD,PAID,19350.00,2024-06-22 16:05:49
7000003028,1000003028,20240622,1365,1,,GATEWAY,PAID,16020.00,2024-06-23 07:43:28
7000003032,1000003032,20240622,968,1,,GATEWAY,PAID,16020.00,2024-06-22 19:40:43
7000003033,1000003033,20240622,1029,1,,GATEWAY,PAID,44760.00,2024-06-22 21:26:48
7000003034,1000003034,20240622,513,1,,CARD,PAID,16020.00,2024-06-22 22:16:42
7000003035,1000003035,20240623,154,1,,CARD,PAID,19650.00,2024-06-23 10:07:11
7000003036,1000003036,20240623,923,1,,GATEWAY,PAID,54450.00,2024-06-23 10:15:21
7000003037,1000003037,20240623,1368,1,,CARD,PAID,37500.00,2024-06-23 11:20:16
7000003038,1000003038,20240623,719,1,,CARD,PAID,65340.00,2024-06-23 11:46:57
7000003039,1000003039,20240623,964,1,,GATEWAY,PAID,52320.00,2024-06-23 18:13:02
7000003040,1000003040,20240623,269,1,,GATEWAY,PAID,19350.00,2024-06-23 16:18:08
7000003041,1000003041,20240623,1369,1,,GATEWAY,PAID,34170.00,2024-06-23 16:53:32
7000003042,1000003042,20240623,1370,1,,CARD,PAID,45060.00,2024-06-23 16:52:37
7000003043,1000003043,20240623,980,1,,CARD,PAID,68970.00,2024-06-23 19:07:31
7000003044,1000003044,20240623,651,1,,CARD,PAID,19350.00,2024-06-23 22:08:49
7000003045,1000003045,20240623,784,1,,CARD,PAID,16320.00,2024-06-23 23:29:06
7000003046,1000003046,20240624,216,1,,CARD,PAID,19650.00,2024-06-24 03:00:54
7000003047,1000003047,20240624,185,1,,GATEWAY,PAID,54450.00,2024-06-24 13:04:28
7000003048,1000003048,20240624,1002,1,,GATEWAY,PAID,52320.00,2024-06-24 14:12:37
7000003049,1000003049,20240624,1371,1,,GATEWAY,PAID,48690.00,2024-06-25 00:51:10
7000003050,1000003050,20240624,834,1,,CARD,PAID,52320.00,2024-06-24 14:34:29
7000003052,1000003052,20240624,68,1,,CARD,PAID,19350.00,2024-06-24 15:43:50
7000003053,1000003053,20240624,828,1,,CARD,FAILED,19950.00,
7000003056,1000003056,20240624,960,1,,GATEWAY,PAID,15720.00,2024-06-24 17:29:36
7000003058,1000003058,20240624,1373,1,,GATEWAY,PAID,19350.00,2024-06-24 18:52:08
7000003062,1000003062,20240624,1043,1,,CARD,PAID,15720.00,2024-06-24 21:04:14
7000003063,1000003063,20240624,168,1,,GATEWAY,PAID,79860.00,2024-06-24 23:50:51
7000003064,1000003064,20240625,1375,1,,CARD,PAID,50205.00,2024-06-25 09:12:24
7000003065,1000003065,20240625,1180,1,,CARD,PAID,52020.00,2024-06-25 09:30:19
7000003073,1000003073,20240625,633,1,,GATEWAY,PAID,45060.00,2024-06-26 04:23:52
7000003076,1000003076,20240625,621,1,,CARD,PAID,16020.00,2024-06-25 17:36:45
7000003077,1000003077,20240625,344,1,,CARD,PAID,30903.00,2024-06-25 19:14:18
7000003081,1000003081,20240625,1319,1,,CARD,PAID,46330.50,2024-06-25 20:43:32
7000003082,1000003082,20240625,766,1,,CARD,PAID,68607.00,2024-06-25 21:33:09
7000003083,1000003083,20240625,1174,1,,GATEWAY,PAID,37800.00,2024-06-25 22:14:33
7000003084,1000003084,20240625,1378,1,,CARD,REFUNDED,47238.00,2024-06-25 22:42:35
7000003085,1000003085,20240625,562,1,,CARD,PAID,15720.00,2024-06-25 22:47:48
7000003086,1000003086,20240625,1379,1,,CARD,PAID,16020.00,2024-06-25 23:49:42
7000003087,1000003087,20240626,1380,1,,GATEWAY,PAID,33870.00,2024-06-26 10:36:57
7000003088,1000003088,20240626,83,1,,GATEWAY,PAID,19950.00,2024-06-26 12:53:26
7000003094,1000003094,20240626,139,1,,CARD,PAID,16020.00,2024-06-26 17:57:45
7000003100,1000003100,20240626,438,1,,CARD,PAID,58080.00,2024-06-26 19:47:30
7000003101,1000003101,20240626,182,1,,GATEWAY,PAID,16020.00,2024-06-26 20:20:07
7000003104,1000003104,20240626,149,1,,CARD,FAILED,16020.00,
7000003105,1000003105,20240626,53,1,,GATEWAY,PAID,30840.00,2024-06-26 22:22:50
7000003106,1000003106,20240626,1383,1,,GATEWAY,PAID,112530.00,2024-06-26 23:42:10
7000003107,1000003107,20240626,1240,1,,CARD,PAID,58080.00,2024-06-26 23:52:24
7000003108,1000003108,20240627,553,1,,CARD,PAID,30540.00,2024-06-27 10:40:41
7000003109,1000003109,20240627,618,1,,CARD,PAID,19950.00,2024-06-27 11:55:43
7000003110,1000003110,20240627,1384,1,,GATEWAY,PAID,15720.00,2024-06-28 02:39:29
7000003112,1000003112,20240627,9,1,,CARD,PAID,34470.00,2024-06-27 13:15:30
7000003113,1000003113,20240627,313,1,,CARD,PAID,16020.00,2024-06-27 13:47:29
7000003114,1000003114,20240627,1334,1,,GATEWAY,PAID,45360.00,2024-06-27 15:54:17
7000003118,1000003118,20240627,1386,1,,CARD,PAID,34170.00,2024-06-27 20:44:15
7000003119,1000003119,20240627,813,1,,GATEWAY,PAID,52320.00,2024-06-27 20:55:07
7000003120,1000003120,20240627,577,1,,CARD,PAID,35985.00,2024-06-27 21:05:02
7000003121,1000003121,20240627,739,1,,GATEWAY,FAILED,72600.00,
7000003122,1000003122,20240627,1387,1,,GATEWAY,REFUNDED,45060.00,2024-06-27 21:44:02
7000003123,1000003123,20240627,1236,1,,CARD,PAID,37500.00,2024-06-27 21:38:59
7000003124,1000003124,20240627,844,1,,GATEWAY,FAILED,19350.00,
7000003125,1000003125,20240628,582,1,,GATEWAY,PAID,16020.00,2024-06-28 00:54:46
7000003126,1000003126,20240628,6,1,,CARD,PAID,54450.00,2024-06-28 02:28:36
7000003127,1000003127,20240628,1388,1,,GATEWAY,PAID,15720.00,2024-06-28 06:28:17
7000003132,1000003132,20240628,1068,1,,CARD,PAID,54450.00,2024-06-28 15:47:43
7000003133,1000003133,20240628,946,1,,GATEWAY,FAILED,30240.00,
7000003134,1000003134,20240628,1070,1,,CARD,PAID,19650.00,2024-06-28 16:47:14
7000003138,1000003138,20240628,1390,1,,CARD,PAID,19042.50,2024-06-28 19:55:27
7000003139,1000003139,20240628,1389,1,,GATEWAY,PAID,68970.00,2024-06-28 20:14:46
7000003141,1000003141,20240628,411,1,,GATEWAY,PAID,33870.00,2024-06-28 20:39:25
7000003142,1000003142,20240628,1045,1,,GATEWAY,PAID,19350.00,2024-06-28 20:49:50
7000003144,1000003144,20240628,16,1,,CARD,REFUNDED,58080.00,2024-06-28 20:51:11
7000003145,1000003145,20240628,789,1,,CARD,FAILED,30540.00,
7000003148,1000003148,20240629,1391,1,,GATEWAY,PAID,68970.00,2024-06-29 11:42:24
7000003150,1000003150,20240629,899,1,,CARD,PAID,16020.00,2024-06-29 12:03:27
7000003151,1000003151,20240629,1175,1,,GATEWAY,PAID,30240.00,2024-06-29 12:15:08
7000003154,1000003154,20240629,1302,1,,CARD,PAID,16020.00,2024-06-29 13:05:41
7000003156,1000003156,20240629,1393,1,,GATEWAY,PAID,19950.00,2024-06-29 14:11:20
7000003163,1000003163,20240629,1396,1,,CARD,PAID,16320.00,2024-06-29 18:53:27
7000003167,1000003167,20240629,733,1,,CARD,PAID,30240.00,2024-06-29 21:28:48
7000003168,1000003168,20240629,831,1,,CARD,PAID,54450.00,2024-06-29 23:39:04
7000003169,1000003169,20240630,20,1,,CARD,PAID,83490.00,2024-06-30 10:27:02
7000003170,1000003170,20240630,1027,1,,CARD,PAID,15720.00,2024-06-30 12:08:50
7000003171,1000003171,20240630,1397,1,,CARD,PAID,45060.00,2024-06-30 15:20:26
7000003172,1000003172,20240630,1398,1,,GATEWAY,PAID,19950.00,2024-06-30 17:33:37
7000003173,1000003173,20240630,425,1,,GATEWAY,PAID,16020.00,2024-06-30 21:28:34
7000003174,1000003174,20240630,586,1,,GATEWAY,PAID,52020.00,2024-06-30 22:04:41
7000003175,1000003175,20240701,1273,1,,GATEWAY,PAID,19650.00,2024-07-01 00:06:41
7000003176,1000003176,20240701,1399,1,,CARD,PAID,18442.50,2024-07-01 01:03:48
7000003177,1000003177,20240701,810,1,,CARD,FAILED,48690.00,
7000003178,1000003178,20240701,1078,1,,CARD,PAID,15720.00,2024-07-01 11:05:34
7000003180,1000003180,20240701,381,1,,CARD,PAID,15720.00,2024-07-01 12:32:15
7000003181,1000003181,20240701,484,1,,CARD,PAID,15720.00,2024-07-01 13:49:31
7000003185,1000003185,20240701,1244,1,,CARD,PAID,33870.00,2024-07-01 19:19:28
7000003186,1000003186,20240701,846,1,,CARD,PAID,49479.00,2024-07-01 19:57:05
7000003187,1000003187,20240701,854,1,,CARD,PAID,16020.00,2024-07-01 20:17:11
7000003188,1000003188,20240701,996,1,,CARD,REFUNDED,16020.00,2024-07-01 20:38:05
7000003189,1000003189,20240702,1402,1,,CARD,PAID,15720.00,2024-07-02 10:25:49
7000003190,1000003190,20240702,356,1,,CARD,PAID,54450.00,2024-07-02 10:33:23
7000003191,1000003191,20240702,118,1,,GATEWAY,FAILED,30540.00,
7000003197,1000003197,20240702,567,1,,GATEWAY,PAID,30240.00,2024-07-04 17:24:44
7000003198,1000003198,20240702,11,1,,GATEWAY,PAID,38100.00,2024-07-02 21:18:47
7000003199,1000003199,20240702,1113,1,,CARD,REFUNDED,19350.00,2024-07-02 21:57:47
7000003200,1000003200,20240702,1170,1,,CARD,PAID,16020.00,2024-07-02 22:59:32
7000003201,1000003201,20240702,1300,1,,CARD,PAID,16320.00,2024-07-02 23:25:47
7000003202,1000003202,20240703,333,1,,CARD,PAID,45060.00,2024-07-03 01:31:25
7000003203,1000003203,20240703,851,1,,CARD,PAID,19650.00,2024-07-03 10:36:18
7000003207,1000003207,20240703,1143,1,,CARD,PAID,76230.00,2024-07-03 12:13:41
7000003210,1000003210,20240703,394,1,,CARD,PAID,87120.00,2024-07-03 14:40:44
7000003212,1000003212,20240703,46,1,,GATEWAY,REFUNDED,16020.00,2024-07-03 17:53:50
7000003214,1000003214,20240703,1407,1,,GATEWAY,PAID,34170.00,2024-07-04 02:34:44
7000003217,1000003217,20240703,1408,1,,GATEWAY,PAID,135762.00,2024-07-03 19:40:08
7000003218,1000003218,20240703,1258,1,,GATEWAY,PAID,52020.00,2024-07-03 20:16:17
7000003219,1000003219,20240703,255,1,,GATEWAY,REFUNDED,33870.00,2024-07-04 23:00:54
7000003220,1000003220,20240704,1409,1,,GATEWAY,PAID,30540.00,2024-07-04 09:07:06
7000003228,1000003228,20240704,1411,1,,CARD,PAID,19950.00,2024-07-04 17:46:04
7000003229,1000003229,20240704,943,1,,CARD,PAID,44760.00,2024-07-04 18:20:01
7000003230,1000003230,20240704,1271,1,,CARD,PAID,19650.00,2024-07-04 18:58:04
7000003232,1000003232,20240704,1412,1,,CARD,PAID,30240.00,2024-07-04 19:22:54
7000003233,1000003233,20240704,1414,1,,CARD,PAID,30240.00,2024-07-04 20:00:07
7000003234,1000003234,20240704,1415,1,,CARD,PAID,54450.00,2024-07-04 21:29:04
7000003235,1000003235,20240704,1416,1,,CARD,PAID,30540.00,2024-07-04 22:32:44
7000003236,1000003236,20240704,548,1,,GATEWAY,PAID,61710.00,2024-07-04 23:01:55
7000003238,1000003238,20240705,190,1,,CARD,PAID,72600.00,2024-07-05 10:42:21
7000003239,1000003239,20240705,259,1,,GATEWAY,PAID,16020.00,2024-07-05 11:21:29
7000003244,1000003244,20240705,1187,1,,CARD,PAID,48390.00,2024-07-05 13:31:16
7000003246,1000003246,20240705,1417,1,,CARD,PAID,19650.00,2024-07-05 13:59:02
7000003248,1000003248,20240705,348,1,,GATEWAY,FAILED,19650.00,
7000003249,1000003249,20240705,159,1,,CARD,PAID,18742.50,2024-07-05 16:10:57
7000003253,1000003253,20240705,355,1,,GATEWAY,PAID,19950.00,2024-07-05 17:48:30
7000003254,1000003254,20240705,1418,1,,CARD,PAID,44760.00,2024-07-05 17:43:34
7000003259,1000003259,20240705,1359,1,,CARD,PAID,16320.00,2024-07-05 21:00:10
7000003260,1000003260,20240705,763,1,,GATEWAY,REFUNDED,16020.00,2024-07-05 23:48:02
7000003261,1000003261,20240706,938,1,,GATEWAY,PAID,34170.00,2024-07-06 12:37:59
7000003268,1000003268,20240706,1420,1,,CARD,PAID,15720.00,2024-07-06 18:56:49
7000003273,1000003273,20240706,502,1,,CARD,PAID,37800.00,2024-07-06 20:53:31
7000003274,1000003274,20240706,666,1,,CARD,PAID,83490.00,2024-07-06 22:47:55
7000003275,1000003275,20240706,1422,1,,CARD,PAID,15720.00,2024-07-06 22:57:55
7000003276,1000003276,20240707,1096,1,,CARD,PAID,15720.00,2024-07-07 09:19:56
7000003277,1000003277,20240707,1423,1,,CARD,PAID,33870.00,2024-07-07 10:32:55
7000003278,1000003278,20240707,552,1,,GATEWAY,PAID,16020.00,2024-07-07 13:11:54
7000003279,1000003279,20240707,1424,1,,CARD,PAID,98010.00,2024-07-07 21:59:57
7000003280,1000003280,20240707,1003,1,,GATEWAY,PAID,58080.00,2024-07-07 22:38:09
7000003281,1000003281,20240707,1239,1,,CARD,PAID,19350.00,2024-07-07 23:47:43
7000003282,1000003282,20240708,1425,1,,GATEWAY,PAID,87120.00,2024-07-08 00:41:06
7000003283,1000003283,20240708,967,1,,GATEWAY,PAID,54450.00,2024-07-08 09:02:53
7000003284,1000003284,20240708,1426,1,,CARD,PAID,72600.00,2024-07-08 12:55:01
7000003287,1000003287,20240708,1428,1,,CARD,PAID,30540.00,2024-07-08 17:14:36
7000003289,1000003289,20240708,1371,1,,GATEWAY,PAID,16020.00,2024-07-08 19:46:40
7000003290,1000003290,20240708,140,1,,CARD,PAID,15720.00,2024-07-08 20:12:02
7000003291,1000003291,20240708,1429,1,,GATEWAY,REFUNDED,16020.00,2024-07-08 21:41:04
7000003292,1000003292,20240709,221,1,,CARD,PAID,30240.00,2024-07-09 05:38:52
7000003293,1000003293,20240709,888,1,,CARD,REFUNDED,16020.00,2024-07-09 09:21:03
7000003294,1000003294,20240709,1018,1,,GATEWAY,FAILED,30903.00,
7000003295,1000003295,20240709,602,1,,GATEWAY,PAID,30840.00,2024-07-09 10:10:02
7000003297,1000003297,20240709,189,1,,GATEWAY,PAID,14568.00,2024-07-09 11:12:03
7000003299,1000003299,20240709,1431,1,,GATEWAY,PAID,52320.00,2024-07-09 12:33:31
7000003301,1000003301,20240709,1432,1,,CARD,PAID,58080.00,2024-07-09 17:32:22
7000003302,1000003302,20240709,878,1,,GATEWAY,PAID,19650.00,2024-07-09 20:10:44
7000003304,1000003304,20240709,1433,1,,GATEWAY,PAID,34170.00,2024-07-11 02:51:37
7000003305,1000003305,20240709,792,1,,GATEWAY,FAILED,16020.00,
7000003306,1000003306,20240709,1434,1,,CARD,PAID,15720.00,2024-07-09 21:47:38
7000003309,1000003309,20240710,49,1,,CARD,PAID,19650.00,2024-07-10 14:33:39
7000003310,1000003310,20240710,227,1,,CARD,REFUNDED,15294.00,2024-07-10 14:55:29
7000003311,1000003311,20240710,624,1,,CARD,PAID,33870.00,2024-07-10 14:56:18
7000003314,1000003314,20240710,1118,1,,CARD,PAID,30240.00,2024-07-10 16:48:52
7000003315,1000003315,20240710,1436,1,,GATEWAY,PAID,54450.00,2024-07-10 18:16:09
7000003316,1000003316,20240710,176,1,,GATEWAY,PAID,37500.00,2024-07-10 22:43:28
7000003317,1000003317,20240710,1348,1,,CARD,PAID,30840.00,2024-07-10 23:00:32
7000003318,1000003318,20240710,1437,1,,CARD,REFUNDED,16020.00,2024-07-10 23:55:55
7000003319,1000003319,20240711,1064,1,,CARD,PAID,16020.00,2024-07-11 03:32:41
7000003322,1000003322,20240711,572,1,,GATEWAY,PAID,30540.00,2024-07-14 12:43:50
7000003328,1000003328,20240711,595,1,,CARD,PAID,37800.00,2024-07-11 20:46:12
7000003329,1000003329,20240712,1440,1,,CARD,PAID,30540.00,2024-07-12 03:26:24
7000003330,1000003330,20240712,951,1,,GATEWAY,PAID,15720.00,2024-07-12 05:46:01
7000003331,1000003331,20240712,768,1,,CARD,PAID,58080.00,2024-07-12 12:41:06
7000003333,1000003333,20240712,1267,1,,GATEWAY,PAID,16020.00,2024-07-12 14:08:26
7000003334,1000003334,20240712,1020,1,,CARD,PAID,45060.00,2024-07-12 14:10:18
7000003339,1000003339,20240712,1247,1,,CARD,PAID,44760.00,2024-07-12 19:44:50
7000003340,1000003340,20240712,1163,1,,GATEWAY,FAILED,16020.00,
7000003342,1000003342,20240712,167,1,,GATEWAY,REFUNDED,15720.00,2024-07-12 20:35:57
7000003347,1000003347,20240713,377,1,,CARD,PAID,16320.00,2024-07-13 13:28:54
7000003356,1000003356,20240713,717,1,,CARD,PAID,16020.00,2024-07-13 18:31:26
7000003358,1000003358,20240713,629,1,,CARD,PAID,87120.00,2024-07-13 19:48:01
7000003360,1000003360,20240713,100,1,,CARD,REFUNDED,29088.00,2024-07-13 20:17:35
7000003361,1000003361,20240713,174,1,,GATEWAY,PAID,30540.00,2024-07-13 21:12:09
7000003362,1000003362,20240714,846,1,,CARD,FAILED,30240.00,
7000003363,1000003363,20240714,1444,1,,CARD,PAID,231412.50,2024-07-14 00:26:12
7000003364,1000003364,20240714,1446,1,,CARD,PAID,15720.00,2024-07-14 11:43:20
7000003365,1000003365,20240714,284,1,,GATEWAY,PAID,16020.00,2024-07-14 12:41:49
7000003366,1000003366,20240714,1448,1,,CARD,PAID,48690.00,2024-07-14 17:35:31
7000003367,1000003367,20240714,55,1,,GATEWAY,PAID,30240.00,2024-07-14 19:13:37
7000003368,1000003368,20240714,1449,1,,CARD,PAID,54450.00,2024-07-14 21:30:52
7000003369,1000003369,20240714,941,1,,GATEWAY,PAID,54450.00,2024-07-14 21:35:34
7000003370,1000003370,20240714,790,1,,CARD,PAID,54450.00,2024-07-14 22:15:29
7000003371,1000003371,20240714,1071,1,,CARD,PAID,72600.00,2024-07-14 23:16:13
7000003372,1000003372,20240714,1450,1,,CARD,PAID,48690.00,2024-07-14 23:19:31
7000003373,1000003373,20240714,1320,1,,CARD,PAID,30540.00,2024-07-14 23:46:41
7000003374,1000003374,20240715,1451,1,,GATEWAY,PAID,19950.00,2024-07-15 10:00:07
7000003376,1000003376,20240715,1452,1,,GATEWAY,PAID,33870.00,2024-07-15 13:04:59
7000003377,1000003377,20240715,484,1,,CARD,PAID,30240.00,2024-07-15 14:35:09
7000003382,1000003382,20240715,1454,1,,CARD,PAID,15720.00,2024-07-15 20:26:19
7000003383,1000003383,20240715,1455,1,,GATEWAY,PAID,101640.00,2024-07-15 22:26:12
7000003384,1000003384,20240716,147,1,,CARD,PAID,15720.00,2024-07-16 08:26:22
7000003385,1000003385,20240716,1016,1,,GATEWAY,PAID,19350.00,2024-07-16 11:16:25
7000003386,1000003386,20240716,1039,1,,GATEWAY,PAID,30540.00,2024-07-17 19:10:58
7000003387,1000003387,20240716,586,1,,GATEWAY,PAID,44760.00,2024-07-16 17:55:31
7000003390,1000003390,20240716,764,1,,GATEWAY,PAID,15720.00,2024-07-16 14:55:26
7000003392,1000003392,20240716,44,1,,GATEWAY,FAILED,34170.00,
7000003393,1000003393,20240716,783,1,,GATEWAY,PAID,33870.00,2024-07-16 18:19:20
7000003395,1000003395,20240716,547,1,,GATEWAY,PAID,19350.00,2024-07-16 20:34:42
7000003396,1000003396,20240716,622,1,,CARD,FAILED,16020.00,
7000003397,1000003397,20240717,1134,1,,GATEWAY,PAID,42882.00,2024-07-17 09:11:36
7000003398,1000003398,20240717,630,1,,GATEWAY,FAILED,16320.00,
7000003399,1000003399,20240717,880,1,,GATEWAY,PAID,16020.00,2024-07-17 11:08:08
7000003404,1000003404,20240717,835,1,,CARD,PAID,16020.00,2024-07-17 14:27:28
7000003406,1000003406,20240717,115,1,,GATEWAY,PAID,19350.00,2024-07-17 16:11:35
7000003409,1000003409,20240717,918,1,,CARD,PAID,19350.00,2024-07-17 18:15:04
7000003410,1000003410,20240717,995,1,,CARD,REFUNDED,87120.00,2024-07-17 18:20:34
7000003411,1000003411,20240717,1225,1,,CARD,PAID,65340.00,2024-07-17 20:31:12
7000003412,1000003412,20240717,894,1,,CARD,PAID,33870.00,2024-07-17 23:47:49
7000003413,1000003413,20240718,1149,1,,CARD,PAID,16320.00,2024-07-18 07:16:26
7000003414,1000003414,20240718,1309,1,,CARD,PAID,14994.00,2024-07-18 10:12:43
7000003418,1000003418,20240718,733,1,,GATEWAY,PAID,48390.00,2024-07-18 15:30:52
7000003419,1000003419,20240718,124,1,,GATEWAY,PAID,33870.00,2024-07-18 18:23:56
7000003423,1000003423,20240718,1360,1,,GATEWAY,PAID,15720.00,2024-07-19 18:01:07
7000003424,1000003424,20240718,1223,1,,CARD,PAID,30240.00,2024-07-18 22:54:45
7000003429,1000003429,20240719,1463,1,,GATEWAY,PAID,30240.00,2024-07-19 18:28:05
7000003431,1000003431,20240719,1464,1,,CARD,PAID,19950.00,2024-07-19 20:24:55
7000003432,1000003432,20240719,1465,1,,CARD,PAID,19650.00,2024-07-19 21:07:47
7000003433,1000003433,20240719,531,1,,CARD,PAID,38100.00,2024-07-19 21:24:57
7000003434,1000003434,20240719,1006,1,,GATEWAY,PAID,30540.00,2024-07-19 23:33:41
7000003448,1000003448,20240720,1469,1,,CARD,PAID,16020.00,2024-07-20 17:33:05
7000003449,1000003449,20240720,1471,1,,CARD,PAID,34170.00,2024-07-20 17:50:50
7000003453,1000003453,20240721,192,1,,GATEWAY,PAID,16020.00,2024-07-21 01:19:51
7000003454,1000003454,20240721,1158,1,,CARD,PAID,30240.00,2024-07-21 11:38:59
7000003455,1000003455,20240721,812,1,,CARD,PAID,16020.00,2024-07-21 13:41:06
7000003456,1000003456,20240721,615,1,,GATEWAY,PAID,15294.00,2024-07-21 14:01:22
7000003457,1000003457,20240721,1473,1,,CARD,PAID,30240.00,2024-07-21 17:20:48
7000003458,1000003458,20240721,1474,1,,CARD,PAID,19350.00,2024-07-21 18:05:29
7000003459,1000003459,20240721,543,1,,GATEWAY,FAILED,16020.00,
7000003460,1000003460,20240721,635,1,,GATEWAY,PAID,15720.00,2024-07-22 17:23:39
7000003461,1000003461,20240722,1475,1,,GATEWAY,FAILED,16020.00,
7000003462,1000003462,20240722,589,1,,GATEWAY,PAID,61710.00,2024-07-22 12:11:14
7000003463,1000003463,20240722,1476,1,,CARD,PAID,259182.00,2024-07-22 14:47:46
7000003468,1000003468,20240722,77,1,,CARD,PAID,15720.00,2024-07-22 20:58:31
7000003469,1000003469,20240722,83,1,,GATEWAY,PAID,30840.00,2024-07-22 21:32:43
7000003470,1000003470,20240723,221,1,,GATEWAY,PAID,54450.00,2024-07-23 18:05:33
7000003471,1000003471,20240723,1479,1,,GATEWAY,PAID,19350.00,2024-07-23 08:40:22
7000003473,1000003473,20240723,565,1,,CARD,PAID,19650.00,2024-07-23 12:49:48
7000003475,1000003475,20240723,1482,1,,CARD,PAID,16020.00,2024-07-23 15:03:08
7000003477,1000003477,20240723,1483,1,,CARD,PAID,30540.00,2024-07-23 17:27:58
7000003478,1000003478,20240723,375,1,,CARD,PAID,15294.00,2024-07-23 18:22:08
7000003480,1000003480,20240723,1334,1,,CARD,REFUNDED,14868.00,2024-07-23 19:48:57
7000003481,1000003481,20240723,802,1,,GATEWAY,FAILED,54450.00,
7000003482,1000003482,20240724,116,1,,CARD,PAID,15720.00,2024-07-24 01:18:07
7000003483,1000003483,20240724,816,1,,CARD,PAID,33870.00,2024-07-24 10:26:37
7000003484,1000003484,20240724,335,1,,CARD,PAID,101640.00,2024-07-24 12:44:25
7000003488,1000003488,20240724,982,1,,CARD,PAID,154275.00,2024-07-24 18:40:03
7000003490,1000003490,20240724,139,1,,GATEWAY,FAILED,16020.00,
7000003491,1000003491,20240724,1012,1,,GATEWAY,PAID,16020.00,2024-07-24 20:49:05
7000003492,1000003492,20240725,1074,1,,CARD,PAID,16020.00,2024-07-25 07:17:39
7000003493,1000003493,20240725,2,1,,GATEWAY,PAID,16020.00,2024-07-25 11:00:43
7000003495,1000003495,20240725,1484,1,,CARD,PAID,15720.00,2024-07-25 12:45:36
7000003497,1000003497,20240725,885,1,,GATEWAY,PAID,16020.00,2024-07-25 14:29:29
7000003499,1000003499,20240725,1485,1,,CARD,PAID,58080.00,2024-07-25 17:11:29
7000003500,1000003500,20240725,593,1,,CARD,REFUNDED,16320.00,2024-07-25 18:16:18
7000003501,1000003501,20240725,652,1,,GATEWAY,PAID,44760.00,2024-07-25 18:44:21
7000003504,1000003504,20240725,1105,1,,CARD,FAILED,19650.00,
7000003505,1000003505,20240726,1330,1,,CARD,PAID,30540.00,2024-07-26 00:14:41
7000003506,1000003506,20240726,5,1,,CARD,PAID,15720.00,2024-07-26 05:31:25
7000003507,1000003507,20240726,787,1,,CARD,PAID,15720.00,2024-07-26 10:06:08
7000003508,1000003508,20240726,237,1,,CARD,PAID,48390.00,2024-07-26 10:45:39
7000003512,1000003512,20240726,1486,1,,CARD,PAID,38100.00,2024-07-26 12:42:57
7000003515,1000003515,20240726,1487,1,,GATEWAY,PAID,15720.00,2024-07-26 14:16:45
7000003517,1000003517,20240726,287,1,,CARD,PAID,19350.00,2024-07-26 15:38:06
7000003519,1000003519,20240726,464,1,,CARD,PAID,19350.00,2024-07-26 17:12:31
7000003520,1000003520,20240726,1490,1,,GATEWAY,PAID,33870.00,2024-07-27 23:54:22
7000003523,1000003523,20240726,125,1,,CARD,PAID,16020.00,2024-07-26 19:42:00
7000003524,1000003524,20240726,163,1,,GATEWAY,PAID,45060.00,2024-07-26 20:06:46
7000003525,1000003525,20240726,706,1,,CARD,PAID,48390.00,2024-07-26 20:24:46
7000003526,1000003526,20240726,1492,1,,GATEWAY,PAID,44760.00,2024-07-29 03:31:03
7000003527,1000003527,20240727,461,1,,CARD,PAID,34170.00,2024-07-27 08:09:20
7000003528,1000003528,20240727,785,1,,GATEWAY,PAID,19350.00,2024-07-27 10:34:49
7000003530,1000003530,20240727,333,1,,CARD,PAID,19650.00,2024-07-27 12:12:32
7000003536,1000003536,20240727,1496,1,,CARD,PAID,58080.00,2024-07-27 14:24:01
7000003541,1000003541,20240727,951,1,,CARD,REFUNDED,30240.00,2024-07-27 16:25:48
7000003545,1000003545,20240728,582,1,,CARD,PAID,48690.00,2024-07-28 03:04:19
7000003546,1000003546,20240728,1120,1,,CARD,PAID,15720.00,2024-07-28 07:11:55
7000003547,1000003547,20240728,973,1,,CARD,PAID,16020.00,2024-07-28 08:56:25
7000003548,1000003548,20240728,1499,1,,GATEWAY,PAID,45060.00,2024-07-28 12:00:48
7000003549,1000003549,20240728,108,1,,CARD,FAILED,34170.00,
7000003550,1000003550,20240728,852,1,,GATEWAY,PAID,30840.00,2024-07-28 19:58:39
7000003551,1000003551,20240728,9,1,,GATEWAY,PAID,16320.00,2024-07-29 00:55:46
7000003552,1000003552,20240728,1500,1,,GATEWAY,PAID,68970.00,2024-07-28 21:13:41
7000003553,1000003553,20240728,84,1,,CARD,PAID,19350.00,2024-07-28 23:47:37
7000003554,1000003554,20240729,1501,1,,CARD,PAID,34170.00,2024-07-29 00:24:53
7000003555,1000003555,20240729,1502,1,,GATEWAY,PAID,30240.00,2024-07-29 10:19:41
7000003557,1000003557,20240729,1504,1,,CARD,FAILED,72600.00,
7000003560,1000003560,20240729,1506,1,,GATEWAY,PAID,16020.00,2024-07-29 15:06:42
7000003564,1000003564,20240729,159,1,,GATEWAY,PAID,65340.00,2024-07-29 20:33:55
7000003565,1000003565,20240729,462,1,,GATEWAY,PAID,44760.00,2024-07-29 21:51:43
7000003567,1000003567,20240730,1317,1,,GATEWAY,FAILED,243754.50,
7000003568,1000003568,20240730,1507,1,,GATEWAY,PAID,16020.00,2024-07-30 11:13:17
7000003569,1000003569,20240730,793,1,,GATEWAY,PAID,58080.00,2024-07-30 11:26:31
7000003571,1000003571,20240730,394,1,,GATEWAY,REFUNDED,19950.00,2024-07-30 14:49:09
7000003573,1000003573,20240730,621,1,,CARD,PAID,19650.00,2024-07-30 16:20:06
7000003577,1000003577,20240730,1509,1,,GATEWAY,PAID,42882.00,2024-07-30 18:49:22
7000003578,1000003578,20240730,1510,1,,CARD,PAID,30540.00,2024-07-30 20:14:22
7000003579,1000003579,20240730,825,1,,GATEWAY,PAID,65340.00,2024-07-31 01:50:01
7000003580,1000003580,20240730,1511,1,,GATEWAY,PAID,16020.00,2024-07-30 20:52:35
7000003582,1000003582,20240730,172,1,,CARD,PAID,30540.00,2024-07-30 21:16:55
7000003583,1000003583,20240730,55,1,,GATEWAY,PAID,15720.00,2024-07-30 23:21:10
7000003584,1000003584,20240730,728,1,,CARD,PAID,44760.00,2024-07-30 23:26:50
7000003585,1000003585,20240731,1512,1,,CARD,PAID,68970.00,2024-07-31 11:10:44
7000003586,1000003586,20240731,173,1,,CARD,PAID,101640.00,2024-07-31 12:20:12
7000003587,1000003587,20240731,15,1,,CARD,PAID,30540.00,2024-07-31 13:29:10
7000003591,1000003591,20240731,44,1,,GATEWAY,PAID,16020.00,2024-08-01 01:53:45
7000003594,1000003594,20240731,1514,1,,CARD,PAID,16020.00,2024-07-31 19:48:38
7000003596,1000003596,20240731,851,1,,GATEWAY,PAID,34170.00,2024-07-31 21:58:44
7000003597,1000003597,20240731,1515,1,,CARD,PAID,30240.00,2024-07-31 21:58:34
7000003598,1000003598,20240731,1213,1,,CARD,PAID,16020.00,2024-07-31 23:18:08
7000003599,1000003599,20240731,1516,1,,GATEWAY,PAID,16020.00,2024-07-31 23:31:36
7000003600,1000003600,20240801,468,1,,GATEWAY,PAID,15720.00,2024-08-01 00:05:14
7000003601,1000003601,20240801,1517,1,,GATEWAY,PAID,34170.00,2024-08-01 03:14:34
7000003602,1000003602,20240801,58,1,,GATEWAY,PAID,19350.00,2024-08-01 10:32:40
7000003603,1000003603,20240801,1518,1,,CARD,PAID,15720.00,2024-08-01 11:12:31
7000003604,1000003604,20240801,1002,1,,GATEWAY,REFUNDED,34170.00,2024-08-01 14:55:51
7000003606,1000003606,20240801,112,1,,CARD,FAILED,15720.00,
7000003609,1000003609,20240801,88,1,,GATEWAY,PAID,52020.00,2024-08-01 16:42:39
7000003612,1000003612,20240801,1521,1,,CARD,PAID,44760.00,2024-08-01 17:19:38
7000003613,1000003613,20240801,974,1,,CARD,PAID,48390.00,2024-08-01 17:48:45
7000003616,1000003616,20240801,1187,1,,GATEWAY,PAID,37500.00,2024-08-04 02:09:51
7000003619,1000003619,20240801,1126,1,,CARD,PAID,30240.00,2024-08-01 20:33:14
7000003620,1000003620,20240801,531,1,,CARD,PAID,16320.00,2024-08-01 21:01:46
7000003621,1000003621,20240801,977,1,,GATEWAY,PAID,37800.00,2024-08-01 21:19:34
7000003622,1000003622,20240801,189,1,,CARD,PAID,54450.00,2024-08-01 21:42:28
7000003623,1000003623,20240801,1524,1,,GATEWAY,PAID,48690.00,2024-08-01 22:59:21
7000003624,1000003624,20240802,1239,1,,CARD,REFUNDED,15720.00,2024-08-02 00:17:00
7000003625,1000003625,20240802,791,1,,CARD,PAID,19350.00,2024-08-02 01:32:49
7000003626,1000003626,20240802,1525,1,,CARD,PAID,15720.00,2024-08-02 05:26:20
7000003627,1000003627,20240802,577,1,,CARD,PAID,16020.00,2024-08-02 06:49:25
7000003629,1000003629,20240802,1526,1,,CARD,PAID,30240.00,2024-08-02 13:04:35
7000003635,1000003635,20240802,671,1,,GATEWAY,FAILED,15720.00,
7000003637,1000003637,20240802,423,1,,CARD,PAID,19650.00,2024-08-02 19:04:22
7000003640,1000003640,20240802,1528,1,,GATEWAY,PAID,19650.00,2024-08-02 21:15:16
7000003641,1000003641,20240802,703,1,,CARD,PAID,34170.00,2024-08-02 21:11:18
7000003642,1000003642,20240802,1051,1,,GATEWAY,REFUNDED,45060.00,2024-08-02 23:58:49
7000003643,1000003643,20240803,263,1,,GATEWAY,REFUNDED,15294.00,2024-08-03 10:33:12
7000003647,1000003647,20240803,1075,1,,GATEWAY,PAID,34170.00,2024-08-03 12:06:47
7000003649,1000003649,20240803,1387,1,,GATEWAY,FAILED,16020.00,
7000003658,1000003658,20240803,803,1,,CARD,PAID,30240.00,2024-08-03 19:00:10
7000003659,1000003659,20240803,1118,1,,CARD,PAID,15720.00,2024-08-03 19:10:00
7000003662,1000003662,20240803,1534,1,,CARD,PAID,34170.00,2024-08-03 22:17:55
7000003663,1000003663,20240803,241,1,,CARD,PAID,28788.00,2024-08-03 22:34:11
7000003664,1000003664,20240804,966,1,,GATEWAY,PAID,34170.00,2024-08-04 08:54:28
7000003665,1000003665,20240804,344,1,,GATEWAY,PAID,16020.00,2024-08-04 10:17:58
7000003666,1000003666,20240804,1229,1,,GATEWAY,PAID,30240.00,2024-08-04 12:53:44
7000003667,1000003667,20240804,1535,1,,CARD,PAID,15720.00,2024-08-04 15:09:39
7000003668,1000003668,20240804,713,1,,GATEWAY,PAID,33870.00,2024-08-05 07:41:14
7000003669,1000003669,20240804,396,1,,CARD,PAID,52020.00,2024-08-04 16:05:04
7000003670,1000003670,20240804,1537,1,,CARD,PAID,19650.00,2024-08-04 19:58:21
7000003671,1000003671,20240804,125,1,,CARD,PAID,58080.00,2024-08-04 20:10:36
7000003672,1000003672,20240804,995,1,,CARD,PAID,30540.00,2024-08-04 21:16:15
7000003673,1000003673,20240805,348,1,,CARD,REFUNDED,16020.00,2024-08-05 07:52:38
7000003674,1000003674,20240805,1538,1,,GATEWAY,PAID,16020.00,2024-08-05 09:50:50
7000003675,1000003675,20240805,849,1,,CARD,PAID,19650.00,2024-08-05 13:29:10
7000003678,1000003678,20240805,1487,1,,GATEWAY,PAID,30240.00,2024-08-05 15:24:15
7000003679,1000003679,20240805,1539,1,,GATEWAY,REFUNDED,33870.00,2024-08-05 22:08:41
7000003680,1000003680,20240805,1100,1,,CARD,PAID,72600.00,2024-08-05 18:21:46
7000003683,1000003683,20240805,1541,1,,CARD,PAID,19650.00,2024-08-05 18:48:30
7000003684,1000003684,20240805,1542,1,,CARD,PAID,30540.00,2024-08-05 22:52:53
7000003685,1000003685,20240806,395,1,,GATEWAY,PAID,15720.00,2024-08-06 02:38:52
7000003686,1000003686,20240806,1543,1,,GATEWAY,PAID,15720.00,2024-08-06 09:29:55
7000003695,1000003695,20240806,1547,1,,CARD,PAID,30540.00,2024-08-06 18:58:29
7000003697,1000003697,20240806,1549,1,,CARD,PAID,30240.00,2024-08-06 21:41:31
7000003698,1000003698,20240807,11,1,,GATEWAY,PAID,45060.00,2024-08-07 05:54:09
7000003701,1000003701,20240807,1388,1,,CARD,PAID,19350.00,2024-08-07 14:09:03
7000003702,1000003702,20240807,1550,1,,CARD,PAID,79860.00,2024-08-07 14:31:42
7000003703,1000003703,20240807,663,1,,CARD,PAID,33870.00,2024-08-07 14:46:26
7000003705,1000003705,20240807,1380,1,,GATEWAY,PAID,33870.00,2024-08-07 16:15:13
7000003706,1000003706,20240807,1551,1,,GATEWAY,PAID,19650.00,2024-08-07 17:16:41
7000003708,1000003708,20240807,179,1,,GATEWAY,PAID,48690.00,2024-08-07 18:07:05
7000003711,1000003711,20240807,142,1,,GATEWAY,PAID,15720.00,2024-08-07 20:04:33
7000003712,1000003712,20240807,1552,1,,GATEWAY,PAID,15720.00,2024-08-07 20:51:46
7000003713,1000003713,20240808,998,1,,CARD,PAID,15720.00,2024-08-08 08:30:55
7000003714,1000003714,20240808,1553,1,,CARD,PAID,15720.00,2024-08-08 08:37:15
7000003715,1000003715,20240808,1273,1,,CARD,PAID,16020.00,2024-08-08 08:39:18
7000003716,1000003716,20240808,1554,1,,CARD,PAID,19350.00,2024-08-08 09:11:05
7000003717,1000003717,20240808,169,1,,CARD,PAID,48390.00,2024-08-08 09:56:46
7000003718,1000003718,20240808,1555,1,,CARD,PAID,37800.00,2024-08-08 10:47:54
7000003721,1000003721,20240808,999,1,,CARD,PAID,30840.00,2024-08-08 12:45:23
7000003726,1000003726,20240808,68,1,,CARD,PAID,68970.00,2024-08-08 20:28:17
7000003727,1000003727,20240808,328,1,,CARD,PAID,16020.00,2024-08-08 21:36:24
7000003728,1000003728,20240808,1313,1,,CARD,PAID,34170.00,2024-08-08 23:51:30
7000003731,1000003731,20240809,1346,1,,GATEWAY,PAID,16320.00,2024-08-09 16:34:48
7000003736,1000003736,20240809,470,1,,GATEWAY,PAID,30540.00,2024-08-09 21:14:27
7000003737,1000003737,20240810,878,1,,CARD,PAID,16020.00,2024-08-10 08:11:15
7000003738,1000003738,20240810,26,1,,GATEWAY,PAID,15720.00,2024-08-10 09:29:27
7000003739,1000003739,20240810,1383,1,,CARD,PAID,87120.00,2024-08-10 09:37:13
7000003740,1000003740,20240810,1557,1,,CARD,PAID,16020.00,2024-08-10 09:36:15
7000003741,1000003741,20240810,1431,1,,CARD,PAID,15294.00,2024-08-10 10:54:11
7000003753,1000003753,20240810,1223,1,,CARD,REFUNDED,58080.00,2024-08-10 16:31:51
7000003755,1000003755,20240810,1437,1,,GATEWAY,FAILED,19650.00,
7000003759,1000003759,20240810,1560,1,,GATEWAY,PAID,30540.00,2024-08-10 19:48:43
7000003761,1000003761,20240810,1276,1,,GATEWAY,PAID,15720.00,2024-08-10 20:47:19
7000003762,1000003762,20240811,420,1,,GATEWAY,PAID,30240.00,2024-08-11 11:11:59
7000003763,1000003763,20240811,1450,1,,GATEWAY,REFUNDED,16020.00,2024-08-11 11:30:32
7000003764,1000003764,20240811,1459,1,,CARD,PAID,16020.00,2024-08-11 18:01:45
7000003765,1000003765,20240811,1350,1,,CARD,PAID,45060.00,2024-08-11 20:22:13
7000003766,1000003766,20240811,906,1,,CARD,PAID,15720.00,2024-08-11 23:22:28
7000003767,1000003767,20240812,1142,1,,CARD,FAILED,16320.00,
7000003768,1000003768,20240812,1561,1,,CARD,PAID,37500.00,2024-08-12 10:26:29
7000003769,1000003769,20240812,1002,1,,CARD,PAID,30540.00,2024-08-12 10:29:42
7000003770,1000003770,20240812,613,1,,GATEWAY,PAID,34470.00,2024-08-12 11:42:07
7000003771,1000003771,20240812,1083,1,,GATEWAY,FAILED,16020.00,
7000003774,1000003774,20240812,1415,1,,CARD,PAID,37500.00,2024-08-12 14:09:27
7000003776,1000003776,20240812,201,1,,GATEWAY,PAID,15720.00,2024-08-12 20:32:59
7000003777,1000003777,20240812,876,1,,CARD,PAID,16020.00,2024-08-12 18:41:07
7000003778,1000003778,20240812,831,1,,GATEWAY,PAID,19950.00,2024-08-12 19:02:34
7000003779,1000003779,20240812,1563,1,,CARD,PAID,19350.00,2024-08-12 19:09:48
7000003781,1000003781,20240812,602,1,,CARD,PAID,16320.00,2024-08-12 19:34:05
7000003782,1000003782,20240812,1414,1,,GATEWAY,PAID,15720.00,2024-08-12 22:47:27
7000003784,1000003784,20240812,1109,1,,CARD,PAID,30840.00,2024-08-12 20:07:04
7000003785,1000003785,20240813,1564,1,,CARD,PAID,27636.00,2024-08-13 06:29:26
7000003786,1000003786,20240813,300,1,,CARD,REFUNDED,30540.00,2024-08-13 09:24:01
7000003787,1000003787,20240813,1565,1,,GATEWAY,PAID,32836.50,2024-08-13 09:28:30
7000003788,1000003788,20240813,1566,1,,CARD,PAID,14568.00,2024-08-13 11:43:21
7000003790,1000003790,20240813,626,1,,CARD,PAID,15720.00,2024-08-13 12:38:57
7000003791,1000003791,20240813,1568,1,,CARD,PAID,19650.00,2024-08-13 14:09:53
7000003793,1000003793,20240813,398,1,,GATEWAY,PAID,58806.00,2024-08-14 00:47:33
7000003795,1000003795,20240813,715,1,,GATEWAY,PAID,27636.00,2024-08-13 18:42:05
7000003796,1000003796,20240813,1570,1,,CARD,PAID,30240.00,2024-08-13 19:24:47
7000003797,1000003797,20240813,132,1,,CARD,PAID,30540.00,2024-08-13 20:09:44
7000003798,1000003798,20240813,404,1,,CARD,PAID,14268.00,2024-08-13 20:38:19
7000003799,1000003799,20240813,1057,1,,GATEWAY,PAID,16020.00,2024-08-13 20:50:35
7000003800,1000003800,20240813,978,1,,CARD,PAID,91476.00,2024-08-13 21:17:15
7000003801,1000003801,20240813,1306,1,,CARD,PAID,19350.00,2024-08-13 21:27:49
7000003802,1000003802,20240813,789,1,,CARD,PAID,19650.00,2024-08-13 22:03:41
7000003803,1000003803,20240814,1077,1,,GATEWAY,PAID,16020.00,2024-08-14 04:08:20
7000003804,1000003804,20240814,1046,1,,CARD,PAID,44760.00,2024-08-14 07:06:56
7000003805,1000003805,20240814,490,1,,CARD,PAID,15720.00,2024-08-14 09:36:46
7000003808,1000003808,20240814,896,1,,CARD,PAID,16020.00,2024-08-14 12:57:08
7000003809,1000003809,20240814,1072,1,,CARD,PAID,52020.00,2024-08-14 14:48:42
7000003810,1000003810,20240814,553,1,,GATEWAY,PAID,16020.00,2024-08-14 17:07:53
7000003812,1000003812,20240814,1390,1,,GATEWAY,PAID,16320.00,2024-08-14 18:21:32
7000003816,1000003816,20240814,1573,1,,GATEWAY,PAID,52320.00,2024-08-14 21:39:18
7000003817,1000003817,20240815,1576,1,,CARD,PAID,79860.00,2024-08-15 07:49:12
7000003818,1000003818,20240815,1577,1,,GATEWAY,PAID,79860.00,2024-08-15 09:28:49
7000003819,1000003819,20240815,1404,1,,CARD,PAID,30840.00,2024-08-15 10:57:15
7000003820,1000003820,20240815,279,1,,CARD,PAID,16020.00,2024-08-15 12:20:34
7000003822,1000003822,20240815,1180,1,,GATEWAY,PAID,48390.00,2024-08-15 13:13:39
7000003824,1000003824,20240815,652,1,,CARD,PAID,19350.00,2024-08-15 16:35:24
7000003826,1000003826,20240815,116,1,,GATEWAY,PAID,37500.00,2024-08-16 21:37:44
7000003831,1000003831,20240815,1275,1,,GATEWAY,PAID,54450.00,2024-08-15 20:30:29
7000003832,1000003832,20240815,438,1,,CARD,PAID,30240.00,2024-08-15 20:50:17
7000003833,1000003833,20240815,1580,1,,CARD,PAID,58080.00,2024-08-15 21:01:45
7000003834,1000003834,20240815,1581,1,,CARD,PAID,52020.00,2024-08-15 21:28:07
7000003835,1000003835,20240815,1110,1,,GATEWAY,PAID,30840.00,2024-08-15 21:46:51
7000003836,1000003836,20240816,512,1,,CARD,FAILED,19650.00,
7000003837,1000003837,20240816,1582,1,,CARD,REFUNDED,30540.00,2024-08-16 10:17:50
7000003838,1000003838,20240816,20,1,,CARD,PAID,19350.00,2024-08-16 10:20:02
7000003842,1000003842,20240816,124,1,,CARD,PAID,44760.00,2024-08-16 12:01:36
7000003844,1000003844,20240816,1285,1,,GATEWAY,PAID,45060.00,2024-08-16 13:09:29
7000003846,1000003846,20240816,296,1,,GATEWAY,PAID,34170.00,2024-08-16 14:13:32
7000003849,1000003849,20240816,1043,1,,GATEWAY,PAID,30240.00,2024-08-16 15:08:30
7000003851,1000003851,20240816,1347,1,,CARD,PAID,65340.00,2024-08-16 17:25:48
7000003854,1000003854,20240816,1482,1,,GATEWAY,PAID,16020.00,2024-08-16 19:25:22
7000003856,1000003856,20240816,1360,1,,GATEWAY,PAID,48390.00,2024-08-17 06:41:08
7000003857,1000003857,20240816,1587,1,,CARD,PAID,19650.00,2024-08-16 21:59:32
7000003858,1000003858,20240816,969,1,,CARD,FAILED,30540.00,
7000003860,1000003860,20240817,1588,1,,CARD,PAID,30240.00,2024-08-17 11:11:03
7000003867,1000003867,20240817,867,1,,GATEWAY,PAID,16020.00,2024-08-17 13:52:52
7000003869,1000003869,20240817,679,1,,CARD,PAID,16020.00,2024-08-17 14:49:11
7000003871,1000003871,20240817,885,1,,GATEWAY,PAID,16020.00,2024-08-17 17:04:44
7000003879,1000003879,20240817,88,1,,CARD,PAID,15720.00,2024-08-17 20:37:18
7000003881,1000003881,20240817,1091,1,,CARD,PAID,15720.00,2024-08-17 21:26:14
7000003882,1000003882,20240817,1591,1,,GATEWAY,PAID,65340.00,2024-08-20 03:02:51
7000003883,1000003883,20240817,169,1,,CARD,PAID,37500.00,2024-08-17 21:47:42
7000003884,1000003884,20240818,837,1,,GATEWAY,PAID,112530.00,2024-08-18 12:21:57
7000003885,1000003885,20240818,690,1,,CARD,PAID,15720.00,2024-08-18 10:22:04
7000003886,1000003886,20240818,1592,1,,GATEWAY,PAID,48690.00,2024-08-18 13:06:04
7000003887,1000003887,20240818,233,1,,GATEWAY,PAID,19650.00,2024-08-18 15:58:36
7000003888,1000003888,20240818,1055,1,,CARD,REFUNDED,45060.00,2024-08-18 16:51:31
7000003889,1000003889,20240818,3,1,,GATEWAY,REFUNDED,30540.00,2024-08-18 17:05:49
7000003890,1000003890,20240818,268,1,,GATEWAY,PAID,61710.00,2024-08-18 17:14:22
7000003891,1000003891,20240818,1524,1,,CARD,PAID,15294.00,2024-08-18 17:20:52
7000003892,1000003892,20240818,1007,1,,CARD,FAILED,15720.00,
7000003893,1000003893,20240818,299,1,,GATEWAY,FAILED,83490.00,
7000003894,1000003894,20240819,1593,1,,GATEWAY,PAID,45060.00,2024-08-19 06:36:05
7000003896,1000003896,20240819,1479,1,,GATEWAY,PAID,30240.00,2024-08-19 12:30:42
7000003898,1000003898,20240819,1595,1,,GATEWAY,PAID,19650.00,2024-08-19 18:34:23
7000003899,1000003899,20240819,1538,1,,CARD,PAID,61710.00,2024-08-19 17:17:53
7000003902,1000003902,20240819,77,1,,CARD,PAID,33870.00,2024-08-19 19:26:14
7000003903,1000003903,20240819,703,1,,GATEWAY,PAID,37800.00,2024-08-19 20:59:46
7000003904,1000003904,20240819,1598,1,,CARD,PAID,34470.00,2024-08-19 22:33:52
7000003905,1000003905,20240820,1599,1,,CARD,REFUNDED,30240.00,2024-08-20 02:25:49
7000003907,1000003907,20240820,566,1,,GATEWAY,PAID,16020.00,2024-08-20 10:44:50
7000003909,1000003909,20240820,44,1,,CARD,PAID,16020.00,2024-08-20 13:25:12
7000003914,1000003914,20240820,1232,1,,GATEWAY,PAID,33870.00,2024-08-21 07:46:17
7000003915,1000003915,20240820,739,1,,GATEWAY,PAID,55176.00,2024-08-20 19:08:42
7000003917,1000003917,20240820,1601,1,,CARD,PAID,19650.00,2024-08-20 20:50:47
7000003918,1000003918,20240820,380,1,,CARD,PAID,37800.00,2024-08-20 21:21:27
7000003919,1000003919,20240821,222,1,,GATEWAY,PAID,30240.00,2024-08-21 11:35:23
7000003920,1000003920,20240821,270,1,,CARD,PAID,19350.00,2024-08-21 14:14:40
7000003923,1000003923,20240821,946,1,,CARD,REFUNDED,65340.00,2024-08-21 18:16:27
7000003924,1000003924,20240821,1359,1,,CARD,PAID,15720.00,2024-08-21 18:25:18
7000003927,1000003927,20240821,930,1,,GATEWAY,PAID,30240.00,2024-08-21 19:55:34
7000003928,1000003928,20240821,567,1,,GATEWAY,PAID,44760.00,2024-08-21 20:38:21
7000003929,1000003929,20240821,903,1,,CARD,PAID,34170.00,2024-08-21 20:36:05
7000003930,1000003930,20240821,1604,1,,CARD,REFUNDED,45060.00,2024-08-21 21:50:26
7000003931,1000003931,20240821,1194,1,,CARD,PAID,19650.00,2024-08-21 22:41:25
7000003932,1000003932,20240822,140,1,,GATEWAY,PAID,61710.00,2024-08-22 08:36:35
7000003933,1000003933,20240822,1605,1,,GATEWAY,PAID,30840.00,2024-08-22 08:57:09
7000003934,1000003934,20240822,1606,1,,CARD,REFUNDED,68970.00,2024-08-22 09:09:20
7000003936,1000003936,20240822,1608,1,,CARD,PAID,44760.00,2024-08-22 12:46:52
7000003938,1000003938,20240822,1610,1,,CARD,PAID,30240.00,2024-08-22 15:37:25
7000003940,1000003940,20240822,644,1,,GATEWAY,PAID,16020.00,2024-08-22 16:04:14
7000003941,1000003941,20240822,1611,1,,CARD,PAID,19650.00,2024-08-22 16:02:40
7000003943,1000003943,20240822,1612,1,,CARD,PAID,37800.00,2024-08-22 17:37:57
7000003946,1000003946,20240822,788,1,,CARD,PAID,16320.00,2024-08-22 22:20:12
7000003947,1000003947,20240822,1528,1,,CARD,PAID,87120.00,2024-08-22 23:43:21
7000003948,1000003948,20240823,618,1,,CARD,FAILED,54450.00,
7000003950,1000003950,20240823,1375,1,,CARD,PAID,30240.00,2024-08-23 11:44:55
7000003954,1000003954,20240823,1388,1,,GATEWAY,PAID,33870.00,2024-08-23 14:22:00
7000003955,1000003955,20240823,1329,1,,CARD,PAID,19350.00,2024-08-23 15:00:56
7000003959,1000003959,20240823,1492,1,,GATEWAY,PAID,76230.00,2024-08-23 18:37:41
7000003960,1000003960,20240823,1483,1,,GATEWAY,PAID,19650.00,2024-08-23 19:05:33
7000003963,1000003963,20240823,1620,1,,CARD,PAID,32236.50,2024-08-23 21:18:39
7000003964,1000003964,20240823,1621,1,,CARD,PAID,19350.00,2024-08-23 21:50:05
7000003965,1000003965,20240823,365,1,,CARD,PAID,19650.00,2024-08-23 22:01:06
7000003966,1000003966,20240823,1012,1,,CARD,PAID,52320.00,2024-08-23 22:40:29
7000003967,1000003967,20240823,670,1,,CARD,PAID,19350.00,2024-08-23 23:14:14
7000003968,1000003968,20240824,1622,1,,CARD,PAID,37500.00,2024-08-24 00:06:36
7000003969,1000003969,20240824,755,1,,GATEWAY,PAID,44760.00,2024-08-24 09:31:18
7000003970,1000003970,20240824,1450,1,,GATEWAY,PAID,16020.00,2024-08-24 11:09:24
7000003975,1000003975,20240824,1328,1,,GATEWAY,PAID,112530.00,2024-08-24 15:54:08
7000003976,1000003976,20240824,1623,1,,GATEWAY,PAID,68970.00,2024-08-24 15:50:47
7000003978,1000003978,20240824,1624,1,,CARD,PAID,72418.50,2024-08-24 18:14:58
7000003979,1000003979,20240824,1541,1,,GATEWAY,PAID,16020.00,2024-08-24 19:29:21
7000003980,1000003980,20240824,1412,1,,CARD,PAID,48390.00,2024-08-24 19:30:53
7000003981,1000003981,20240824,1120,1,,CARD,PAID,15720.00,2024-08-24 21:36:10
7000003982,1000003982,20240824,1521,1,,GATEWAY,PAID,54450.00,2024-08-24 22:19:14
7000003983,1000003983,20240825,457,1,,CARD,PAID,38100.00,2024-08-25 07:58:50
7000003984,1000003984,20240825,956,1,,CARD,PAID,30540.00,2024-08-25 11:13:52
7000003985,1000003985,20240825,1506,1,,GATEWAY,PAID,30540.00,2024-08-25 14:14:08
7000003986,1000003986,20240825,1249,1,,GATEWAY,PAID,37500.00,2024-08-25 15:23:28
7000003987,1000003987,20240825,1384,1,,CARD,PAID,15720.00,2024-08-25 19:17:03
7000003988,1000003988,20240825,1336,1,,CARD,REFUNDED,16020.00,2024-08-25 21:42:43
7000003989,1000003989,20240825,1625,1,,CARD,REFUNDED,15720.00,2024-08-25 22:35:51
7000003990,1000003990,20240826,333,1,,CARD,PAID,19650.00,2024-08-26 00:24:57
7000003991,1000003991,20240826,1626,1,,CARD,PAID,45060.00,2024-08-26 01:42:22
7000003992,1000003992,20240826,1422,1,,CARD,REFUNDED,44760.00,2024-08-26 10:37:44
7000003993,1000003993,20240826,1409,1,,GATEWAY,PAID,16020.00,2024-08-26 10:51:10
7000003995,1000003995,20240826,1297,1,,CARD,PAID,54450.00,2024-08-26 11:06:24
7000003996,1000003996,20240826,883,1,,CARD,PAID,16020.00,2024-08-26 13:14:59
7000003998,1000003998,20240826,632,1,,CARD,PAID,33870.00,2024-08-26 20:48:54
7000003999,1000003999,20240826,1006,1,,CARD,PAID,34170.00,2024-08-26 20:51:04
7000004000,1000004000,20240826,405,1,,GATEWAY,PAID,72600.00,2024-08-26 21:34:22
7000004001,1000004001,20240827,575,1,,CARD,PAID,37800.00,2024-08-27 00:05:24
7000004002,1000004002,20240827,126,1,,CARD,PAID,30240.00,2024-08-27 00:40:09
7000004003,1000004003,20240827,1373,1,,GATEWAY,PAID,117612.00,2024-08-28 06:16:12
7000004004,1000004004,20240827,1628,1,,CARD,PAID,19350.00,2024-08-27 13:13:11
7000004006,1000004006,20240827,1629,1,,CARD,PAID,16020.00,2024-08-27 18:47:41
7000004008,1000004008,20240827,142,1,,CARD,PAID,19350.00,2024-08-27 19:36:35
7000004009,1000004009,20240827,614,1,,CARD,PAID,16020.00,2024-08-27 20:12:02
7000004010,1000004010,20240827,635,1,,GATEWAY,PAID,48390.00,2024-08-27 21:11:52
7000004011,1000004011,20240827,461,1,,GATEWAY,PAID,16020.00,2024-08-27 23:19:21
7000004012,1000004012,20240828,427,1,,GATEWAY,PAID,19650.00,2024-08-28 01:44:37
7000004013,1000004013,20240828,1159,1,,GATEWAY,PAID,48390.00,2024-08-28 07:44:01
7000004014,1000004014,20240828,1051,1,,GATEWAY,PAID,16020.00,2024-08-28 10:38:24
7000004017,1000004017,20240828,505,1,,GATEWAY,PAID,33870.00,2024-08-28 12:19:38
7000004021,1000004021,20240828,254,1,,GATEWAY,PAID,34170.00,2024-08-28 18:10:58
7000004024,1000004024,20240828,1632,1,,GATEWAY,PAID,33870.00,2024-08-29 23:13:20
7000004025,1000004025,20240829,1134,1,,GATEWAY,PAID,19650.00,2024-08-29 07:12:59
7000004026,1000004026,20240829,447,1,,GATEWAY,PAID,52020.00,2024-08-30 16:07:38
7000004027,1000004027,20240829,784,1,,GATEWAY,REFUNDED,48990.00,2024-08-29 08:35:36
7000004028,1000004028,20240829,1633,1,,CARD,REFUNDED,30840.00,2024-08-29 10:36:38
7000004029,1000004029,20240829,1117,1,,GATEWAY,PAID,15720.00,2024-08-29 11:36:10
7000004030,1000004030,20240829,621,1,,CARD,PAID,16020.00,2024-08-29 11:37:38
7000004031,1000004031,20240829,1258,1,,CARD,PAID,44760.00,2024-08-29 15:05:42
7000004033,1000004033,20240829,1551,1,,CARD,PAID,48690.00,2024-08-29 15:48:23
7000004034,1000004034,20240829,404,1,,GATEWAY,PAID,19350.00,2024-08-29 16:34:01
7000004037,1000004037,20240829,886,1,,CARD,PAID,16020.00,2024-08-29 16:53:58
7000004038,1000004038,20240829,42,1,,GATEWAY,PAID,48390.00,2024-08-29 17:19:38
7000004043,1000004043,20240829,1637,1,,GATEWAY,PAID,37500.00,2024-08-29 20:46:35
7000004044,1000004044,20240829,1638,1,,GATEWAY,PAID,38100.00,2024-08-29 21:38:55
7000004045,1000004045,20240830,1639,1,,CARD,PAID,15720.00,2024-08-30 01:33:22
7000004047,1000004047,20240830,1641,1,,CARD,PAID,58080.00,2024-08-30 13:34:35
7000004051,1000004051,20240830,716,1,,GATEWAY,PAID,33870.00,2024-08-30 17:24:10
7000004055,1000004055,20240830,1463,1,,CARD,FAILED,76230.00,
7000004057,1000004057,20240830,1643,1,,CARD,PAID,30240.00,2024-08-30 21:46:25
7000004058,1000004058,20240830,516,1,,CARD,PAID,19650.00,2024-08-30 22:13:30
7000004059,1000004059,20240830,1535,1,,GATEWAY,PAID,19350.00,2024-08-31 10:13:20
7000004060,1000004060,20240831,791,1,,GATEWAY,PAID,15720.00,2024-08-31 01:04:55
7000004061,1000004061,20240831,1645,1,,GATEWAY,PAID,16020.00,2024-08-31 05:45:49
7000004063,1000004063,20240831,1598,1,,GATEWAY,PAID,38100.00,2024-08-31 11:28:52
7000004067,1000004067,20240831,1646,1,,CARD,PAID,16020.00,2024-08-31 12:32:32
7000004079,1000004079,20240831,1253,1,,CARD,REFUNDED,19650.00,2024-08-31 17:22:42
7000004080,1000004080,20240831,872,1,,CARD,PAID,48990.00,2024-08-31 18:25:11
7000004082,1000004082,20240831,1650,1,,GATEWAY,PAID,72600.00,2024-08-31 19:41:54
7000004084,1000004084,20240831,874,1,,GATEWAY,PAID,48690.00,2024-08-31 22:04:40
7000004085,1000004085,20240901,65,1,,GATEWAY,PAID,19350.00,2024-09-01 10:29:47
7000004086,1000004086,20240901,1652,1,,CARD,PAID,16020.00,2024-09-01 13:13:43
7000004087,1000004087,20240901,84,1,,CARD,PAID,44760.00,2024-09-01 17:46:49
7000004088,1000004088,20240901,1653,1,,GATEWAY,PAID,37500.00,2024-09-02 02:42:36
7000004089,1000004089,20240901,1203,1,,GATEWAY,REFUNDED,15720.00,2024-09-01 19:50:31
7000004090,1000004090,20240901,1654,1,,GATEWAY,PAID,79860.00,2024-09-01 20:00:07
7000004091,1000004091,20240901,633,1,,CARD,PAID,45060.00,2024-09-01 20:22:24
7000004092,1000004092,20240901,1436,1,,GATEWAY,PAID,34470.00,2024-09-01 23:05:33
7000004093,1000004093,20240902,666,1,,CARD,PAID,44760.00,2024-09-02 10:20:39
7000004094,1000004094,20240902,1387,1,,CARD,PAID,16020.00,2024-09-02 10:42:51
7000004096,1000004096,20240902,1148,2,3,CASH,PAID,14520.00,2024-09-02 11:36:31
7000004097,1000004097,20240902,882,2,1,CASH,PAID,83490.00,2024-09-02 12:33:21
7000004100,1000004100,20240902,1655,2,3,CARD,PAID,14520.00,2024-09-02 18:07:32
7000004102,1000004102,20240902,1443,2,1,CARD,PAID,32670.00,2024-09-02 18:49:09
7000004103,1000004103,20240902,1656,2,1,CASH,PAID,18150.00,2024-09-02 18:56:37
7000004112,1000004112,20240903,1558,2,3,TRANSFER,PAID,32670.00,2024-09-03 12:11:30
7000004113,1000004113,20240903,265,2,1,CARD,PAID,32670.00,2024-09-03 12:18:39
7000004114,1000004114,20240903,1657,2,4,CARD,PAID,47190.00,2024-09-03 12:38:33
7000004115,1000004115,20240903,1288,2,1,CARD,REFUNDED,14520.00,2024-09-03 13:09:32
7000004117,1000004117,20240903,1395,2,2,CARD,PAID,14520.00,2024-09-03 15:42:29
7000004119,1000004119,20240903,1343,2,1,CASH,PAID,29040.00,2024-09-03 18:25:31
7000004126,1000004126,20240904,1041,2,3,CARD,PAID,49005.00,2024-09-04 11:04:02
7000004129,1000004129,20240904,76,2,2,CARD,PAID,29040.00,2024-09-04 16:00:01
7000004132,1000004132,20240904,215,2,1,CARD,REFUNDED,29040.00,2024-09-04 18:43:17
7000004133,1000004133,20240904,1662,2,1,CARD,PAID,58080.00,2024-09-04 19:31:01
7000004134,1000004134,20240904,174,2,2,CASH,PAID,14520.00,2024-09-04 19:51:19
7000004137,1000004137,20240904,1430,2,2,CARD,PAID,58080.00,2024-09-04 20:05:50
7000004143,1000004143,20240905,487,2,2,CARD,PAID,14520.00,2024-09-05 10:43:43
7000004144,1000004144,20240905,330,2,1,TRANSFER,PAID,14520.00,2024-09-05 11:04:11
7000004145,1000004145,20240905,795,2,2,CARD,PAID,148104.00,2024-09-05 11:09:37
7000004146,1000004146,20240905,1664,2,1,CARD,PAID,18150.00,2024-09-05 11:19:03
7000004147,1000004147,20240905,602,2,4,CASH,PAID,32670.00,2024-09-05 11:36:47
7000004148,1000004148,20240905,901,2,1,CASH,PAID,32670.00,2024-09-05 11:54:10
7000004150,1000004150,20240905,235,2,1,CASH,PAID,19350.00,2024-09-05 12:19:17
7000004151,1000004151,20240905,456,2,4,CASH,PAID,14520.00,2024-09-05 12:24:34
7000004152,1000004152,20240905,1666,2,1,CASH,PAID,29040.00,2024-09-05 12:36:32
7000004153,1000004153,20240905,745,2,1,CARD,PAID,14520.00,2024-09-05 12:44:31
7000004154,1000004154,20240905,432,2,4,CARD,PAID,43560.00,2024-09-05 18:21:07
7000004156,1000004156,20240905,1424,2,1,CASH,PAID,39204.00,2024-09-05 20:01:36
7000004164,1000004164,20240906,1403,2,4,CARD,PAID,50820.00,2024-09-06 12:02:09
7000004165,1000004165,20240906,258,2,1,CASH,PAID,18150.00,2024-09-06 12:02:53
7000004166,1000004166,20240906,1151,2,1,CASH,PAID,18150.00,2024-09-06 13:37:34
7000004167,1000004167,20240906,1155,2,2,TRANSFER,PAID,47190.00,2024-09-06 13:57:29
7000004168,1000004168,20240906,1489,2,2,CARD,PAID,14520.00,2024-09-06 14:09:19
7000004170,1000004170,20240906,1121,2,2,CARD,PAID,43560.00,2024-09-06 14:55:11
7000004171,1000004171,20240906,722,2,3,CARD,PAID,29040.00,2024-09-06 15:28:50
7000004172,1000004172,20240906,964,2,3,CARD,PAID,47190.00,2024-09-06 16:30:34
7000004173,1000004173,20240906,1669,2,3,CARD,PAID,29040.00,2024-09-06 17:56:24
7000004176,1000004176,20240906,75,2,1,CARD,PAID,18150.00,2024-09-06 19:05:47
7000004177,1000004177,20240906,1021,2,1,TRANSFER,PAID,50820.00,2024-09-06 19:55:35
7000004182,1000004182,20240907,1497,2,2,CASH,PAID,19650.00,2024-09-07 10:13:40
7000004183,1000004183,20240907,80,2,2,CARD,PAID,14520.00,2024-09-07 10:48:21
7000004184,1000004184,20240907,1192,2,3,CARD,PAID,54450.00,2024-09-07 12:45:47
7000004186,1000004186,20240907,968,2,3,CASH,PAID,32670.00,2024-09-07 15:33:55
7000004187,1000004187,20240907,1671,2,2,CARD,PAID,29040.00,2024-09-07 17:40:05
7000004188,1000004188,20240907,679,2,3,CARD,PAID,47190.00,2024-09-07 18:18:49
7000004190,1000004190,20240907,143,2,2,CARD,PAID,29040.00,2024-09-07 18:24:31
7000004192,1000004192,20240907,754,2,4,CARD,PAID,29040.00,2024-09-07 18:34:30
7000004194,1000004194,20240907,1209,2,1,CASH,PAID,116160.00,2024-09-07 20:45:29
7000004195,1000004195,20240907,1156,2,2,CARD,PAID,54450.00,2024-09-07 20:48:47
7000004208,1000004208,20240909,1584,2,1,CARD,PAID,65340.00,2024-09-09 12:12:50
7000004209,1000004209,20240909,927,2,3,CARD,PAID,29040.00,2024-09-09 12:31:45
7000004210,1000004210,20240909,803,2,1,CASH,PAID,14520.00,2024-09-09 12:52:58
7000004211,1000004211,20240909,989,2,3,CARD,PAID,58080.00,2024-09-09 13:36:05
7000004212,1000004212,20240909,1675,2,1,CARD,PAID,13068.00,2024-09-09 13:52:54
7000004213,1000004213,20240909,1512,2,2,CASH,PAID,47190.00,2024-09-09 15:21:48
7000004215,1000004215,20240909,1676,2,4,CARD,PAID,36300.00,2024-09-09 17:32:22
7000004216,1000004216,20240909,793,2,2,TRANSFER,PAID,14520.00,2024-09-09 18:46:53
7000004217,1000004217,20240909,1389,2,1,CASH,PAID,32670.00,2024-09-09 19:42:54
7000004218,1000004218,20240909,1583,2,1,CASH,PAID,18150.00,2024-09-09 19:45:56
7000004230,1000004230,20240910,962,2,1,CASH,PAID,50820.00,2024-09-10 14:16:41
7000004231,1000004231,20240910,41,2,1,CASH,PAID,43560.00,2024-09-10 14:22:52
7000004235,1000004235,20240910,1683,2,1,CARD,PAID,54450.00,2024-09-10 16:37:02
7000004236,1000004236,20240910,521,2,4,CARD,PAID,18150.00,2024-09-10 16:43:12
7000004237,1000004237,20240910,646,2,4,CASH,PAID,14520.00,2024-09-10 17:07:30
7000004238,1000004238,20240910,1452,2,1,CARD,PAID,14520.00,2024-09-10 18:39:41
7000004240,1000004240,20240910,799,2,1,CASH,PAID,43560.00,2024-09-10 19:26:51
7000004246,1000004246,20240911,494,2,1,CASH,PAID,50820.00,2024-09-11 11:41:05
7000004247,1000004247,20240911,1688,2,1,CARD,PAID,18150.00,2024-09-11 11:48:47
7000004248,1000004248,20240911,1689,2,1,CASH,PAID,50820.00,2024-09-11 12:22:29
7000004250,1000004250,20240911,1103,2,4,CASH,PAID,27936.00,2024-09-11 14:00:09
7000004251,1000004251,20240911,1690,2,2,CARD,PAID,32670.00,2024-09-11 16:06:47
7000004255,1000004255,20240911,1015,2,3,CARD,PAID,36300.00,2024-09-11 18:36:56
7000004258,1000004258,20240911,1354,2,3,CASH,PAID,29040.00,2024-09-11 19:19:46
7000004263,1000004263,20240912,1695,2,2,CARD,PAID,61710.00,2024-09-12 10:31:20
7000004266,1000004266,20240912,1291,2,2,CASH,PAID,14520.00,2024-09-12 11:44:38
7000004267,1000004267,20240912,232,2,2,CARD,PAID,18150.00,2024-09-12 11:52:27
7000004269,1000004269,20240912,1157,2,4,CASH,PAID,14520.00,2024-09-12 12:17:59
7000004271,1000004271,20240912,1104,2,1,CARD,PAID,14520.00,2024-09-12 14:57:08
7000004272,1000004272,20240912,1091,2,1,CARD,PAID,15720.00,2024-09-12 15:54:26
7000004274,1000004274,20240912,987,2,2,CARD,PAID,29040.00,2024-09-12 19:09:40
7000004275,1000004275,20240912,560,2,2,CASH,PAID,58080.00,2024-09-12 19:36:48
7000004281,1000004281,20240913,1472,2,4,CASH,PAID,50820.00,2024-09-13 10:14:03
7000004283,1000004283,20240913,598,2,4,TRANSFER,PAID,14520.00,2024-09-13 11:00:33
7000004286,1000004286,20240913,1697,2,4,CASH,PAID,26136.00,2024-09-13 11:37:33
7000004287,1000004287,20240913,1698,2,3,CARD,PAID,18150.00,2024-09-13 12:11:56
7000004289,1000004289,20240913,900,2,4,CASH,PAID,14520.00,2024-09-13 13:14:01
7000004290,1000004290,20240913,630,2,4,CASH,PAID,30840.00,2024-09-13 13:15:25
7000004292,1000004292,20240913,1052,2,3,CARD,PAID,29040.00,2024-09-13 14:24:00
7000004294,1000004294,20240913,1144,2,4,CARD,PAID,18150.00,2024-09-13 18:37:57
7000004296,1000004296,20240913,1025,2,3,CARD,PAID,18150.00,2024-09-13 19:35:12
7000004299,1000004299,20240914,1328,2,2,CASH,PAID,18150.00,2024-09-14 10:08:36
7000004300,1000004300,20240914,1701,2,4,CASH,PAID,32670.00,2024-09-14 11:33:08
7000004301,1000004301,20240914,1217,2,4,CARD,PAID,14520.00,2024-09-14 13:07:45
7000004302,1000004302,20240914,1282,2,3,CASH,PAID,54450.00,2024-09-14 13:29:53
7000004304,1000004304,20240914,585,2,2,CARD,PAID,18150.00,2024-09-14 15:29:08
7000004305,1000004305,20240914,1613,2,1,CARD,PAID,36300.00,2024-09-14 15:42:20
7000004308,1000004308,20240914,588,2,2,CARD,PAID,14520.00,2024-09-14 18:15:31
7000004310,1000004310,20240914,1563,2,1,CASH,PAID,48390.00,2024-09-14 18:38:31
7000004311,1000004311,20240914,1704,2,3,CASH,PAID,29040.00,2024-09-14 18:40:15
7000004312,1000004312,20240914,292,2,4,CARD,PAID,14520.00,2024-09-14 20:28:29
7000004326,1000004326,20240916,961,2,1,CARD,PAID,47190.00,2024-09-16 11:41:39
7000004330,1000004330,20240916,1082,2,1,CASH,PAID,18150.00,2024-09-16 17:25:56
7000004331,1000004331,20240916,1241,2,2,TRANSFER,PAID,14520.00,2024-09-16 17:55:57
7000004335,1000004335,20240916,1711,2,3,CASH,PAID,18150.00,2024-09-16 19:42:24
7000004336,1000004336,20240916,1003,2,3,TRANSFER,PAID,32670.00,2024-09-16 20:10:39
7000004338,1000004338,20240916,732,2,1,CARD,REFUNDED,14520.00,2024-09-16 20:33:08
7000004340,1000004340,20240917,1714,2,2,CARD,PAID,18150.00,2024-09-17 12:57:48
7000004341,1000004341,20240917,435,2,4,CARD,PAID,52620.00,2024-09-17 12:57:57
7000004342,1000004342,20240917,1484,2,1,CASH,PAID,14520.00,2024-09-17 13:33:05
7000004346,1000004346,20240917,487,2,2,CARD,PAID,18150.00,2024-09-17 16:36:30
7000004348,1000004348,20240917,1571,2,2,CASH,PAID,18150.00,2024-09-17 18:16:37
7000004350,1000004350,20240917,8,2,1,TRANSFER,PAID,44760.00,2024-09-17 19:19:48
7000004361,1000004361,20240918,1119,2,3,CARD,PAID,43560.00,2024-09-18 12:38:43
7000004367,1000004367,20240918,981,2,2,CASH,PAID,72600.00,2024-09-18 16:18:49
7000004369,1000004369,20240918,1006,2,2,CASH,PAID,76230.00,2024-09-18 17:58:01
7000004371,1000004371,20240918,1499,2,3,CASH,PAID,18150.00,2024-09-18 20:54:37
7000004377,1000004377,20240919,586,2,1,CASH,PAID,72600.00,2024-09-19 10:46:05
7000004379,1000004379,20240919,402,2,3,CARD,PAID,42471.00,2024-09-19 11:36:33
7000004381,1000004381,20240919,617,2,4,CARD,PAID,14520.00,2024-09-19 13:35:48
7000004382,1000004382,20240919,388,2,4,TRANSFER,PAID,18150.00,2024-09-19 15:21:45
7000004384,1000004384,20240919,1205,2,3,TRANSFER,PAID,13068.00,2024-09-19 16:06:40
7000004388,1000004388,20240919,1726,2,1,CARD,PAID,130680.00,2024-09-19 19:11:09
7000004389,1000004389,20240919,1296,2,2,CASH,PAID,18150.00,2024-09-19 19:40:06
7000004390,1000004390,20240919,1727,2,4,CARD,PAID,43560.00,2024-09-19 19:54:34
7000004395,1000004395,20240920,413,2,4,CASH,PAID,14520.00,2024-09-20 10:06:57
7000004396,1000004396,20240920,587,2,4,CARD,PAID,36300.00,2024-09-20 10:30:04
7000004399,1000004399,20240920,718,2,1,CASH,PAID,18150.00,2024-09-20 15:05:44
7000004400,1000004400,20240920,517,2,4,TRANSFER,PAID,14520.00,2024-09-20 16:47:12
7000004401,1000004401,20240920,651,2,1,CARD,PAID,18150.00,2024-09-20 16:57:49
7000004402,1000004402,20240920,1731,2,1,CARD,PAID,32670.00,2024-09-20 17:38:42
7000004403,1000004403,20240920,777,2,4,CASH,PAID,14520.00,2024-09-20 18:28:09
7000004414,1000004414,20240921,273,2,3,CASH,PAID,14520.00,2024-09-21 11:01:45
7000004415,1000004415,20240921,96,2,1,CASH,PAID,18150.00,2024-09-21 11:10:12
7000004416,1000004416,20240921,1413,2,2,CARD,PAID,36300.00,2024-09-21 11:26:38
7000004417,1000004417,20240921,504,2,4,TRANSFER,PAID,14520.00,2024-09-21 12:07:52
7000004418,1000004418,20240921,1735,2,4,CARD,PAID,61710.00,2024-09-21 12:23:34
7000004420,1000004420,20240921,842,2,3,TRANSFER,PAID,43560.00,2024-09-21 13:16:47
7000004421,1000004421,20240921,1737,2,4,CARD,PAID,29040.00,2024-09-21 13:36:48
7000004422,1000004422,20240921,895,2,3,CARD,PAID,18150.00,2024-09-21 14:48:48
7000004425,1000004425,20240921,1739,2,4,CASH,PAID,29040.00,2024-09-21 17:37:31
7000004426,1000004426,20240921,682,2,4,CARD,PAID,29040.00,2024-09-21 18:39:10
7000004427,1000004427,20240921,1740,2,1,CARD,PAID,14520.00,2024-09-21 20:19:25
7000004440,1000004440,20240923,840,2,2,TRANSFER,PAID,52272.00,2024-09-23 11:20:06
7000004441,1000004441,20240923,829,2,3,TRANSFER,PAID,36300.00,2024-09-23 14:58:46
7000004444,1000004444,20240923,1268,2,3,CASH,PAID,16335.00,2024-09-23 15:33:10
7000004445,1000004445,20240923,1519,2,3,CASH,PAID,54450.00,2024-09-23 17:26:42
7000004446,1000004446,20240923,1745,2,3,CARD,PAID,39204.00,2024-09-23 18:30:52
7000004447,1000004447,20240923,1746,2,1,CARD,PAID,29040.00,2024-09-23 18:52:01
7000004449,1000004449,20240923,1747,2,2,CASH,PAID,14520.00,2024-09-23 20:21:20
7000004451,1000004451,20240924,1749,2,2,CARD,PAID,18150.00,2024-09-24 12:39:49
7000004452,1000004452,20240924,177,2,3,CASH,PAID,72600.00,2024-09-24 13:14:22
7000004454,1000004454,20240924,1467,2,2,CARD,PAID,43560.00,2024-09-24 14:45:02
7000004457,1000004457,20240924,1175,2,1,CASH,PAID,14520.00,2024-09-24 15:46:24
7000004463,1000004463,20240924,1491,2,4,CASH,PAID,54450.00,2024-09-24 19:02:00
7000004469,1000004469,20240925,542,2,2,CARD,PAID,29040.00,2024-09-25 12:18:34
7000004470,1000004470,20240925,584,2,3,TRANSFER,PAID,36300.00,2024-09-25 12:52:41
7000004472,1000004472,20240925,686,2,3,TRANSFER,PAID,29040.00,2024-09-25 13:01:02
7000004473,1000004473,20240925,546,2,4,CASH,PAID,14520.00,2024-09-25 14:02:52
7000004475,1000004475,20240925,871,2,4,CASH,PAID,18150.00,2024-09-25 14:36:09
7000004476,1000004476,20240925,441,2,2,CARD,PAID,29040.00,2024-09-25 14:57:43
7000004477,1000004477,20240925,326,2,4,CARD,PAID,30840.00,2024-09-25 15:58:22
7000004478,1000004478,20240925,684,2,1,CASH,PAID,29040.00,2024-09-25 17:28:29
7000004480,1000004480,20240925,600,2,2,CASH,PAID,14520.00,2024-09-25 18:11:45
7000004481,1000004481,20240925,1147,2,2,CASH,PAID,26136.00,2024-09-25 19:10:06
7000004483,1000004483,20240925,440,2,4,CARD,PAID,14520.00,2024-09-25 20:20:57
7000004485,1000004485,20240925,751,2,3,CARD,PAID,18150.00,2024-09-25 20:44:06
7000004489,1000004489,20240926,1255,2,4,CASH,PAID,18150.00,2024-09-26 11:23:23
7000004491,1000004491,20240926,1757,2,2,CARD,PAID,14520.00,2024-09-26 11:24:55
7000004493,1000004493,20240926,1064,2,2,CARD,PAID,14520.00,2024-09-26 14:06:59
7000004494,1000004494,20240926,1758,2,2,CASH,PAID,14520.00,2024-09-26 14:13:01
7000004497,1000004497,20240926,1209,2,1,CARD,PAID,14520.00,2024-09-26 15:42:23
7000004498,1000004498,20240926,536,2,3,CASH,PAID,36300.00,2024-09-26 16:09:19
7000004500,1000004500,20240926,1759,2,4,CARD,PAID,14520.00,2024-09-26 17:18:04
7000004501,1000004501,20240926,1583,2,1,CARD,PAID,14520.00,2024-09-26 17:43:05
7000004502,1000004502,20240926,1760,2,4,TRANSFER,PAID,83490.00,2024-09-26 18:02:09
7000004505,1000004505,20240927,430,2,4,CARD,PAID,39204.00,2024-09-27 14:58:44
7000004506,1000004506,20240927,762,2,2,CASH,PAID,18150.00,2024-09-27 15:47:57
7000004508,1000004508,20240927,76,2,2,CARD,PAID,19650.00,2024-09-27 17:38:31
7000004511,1000004511,20240927,491,2,2,CARD,FAILED,36300.00,
7000004512,1000004512,20240927,853,2,2,CASH,PAID,18150.00,2024-09-27 19:01:03
7000004513,1000004513,20240927,749,2,1,CASH,PAID,18150.00,2024-09-27 19:21:15
7000004514,1000004514,20240927,1437,2,3,TRANSFER,PAID,130680.00,2024-09-27 19:24:34
7000004519,1000004519,20240928,37,2,1,CARD,PAID,29040.00,2024-09-28 11:23:07
7000004520,1000004520,20240928,1320,2,2,CASH,PAID,68970.00,2024-09-28 12:02:55
7000004521,1000004521,20240928,761,2,1,CARD,PAID,58080.00,2024-09-28 12:14:39
7000004522,1000004522,20240928,1664,2,1,CARD,PAID,32670.00,2024-09-28 12:32:36
7000004523,1000004523,20240928,1493,2,1,CASH,PAID,14520.00,2024-09-28 13:02:35
7000004524,1000004524,20240928,1409,2,3,CARD,PAID,18150.00,2024-09-28 13:09:07
7000004526,1000004526,20240928,413,2,4,CARD,PAID,16335.00,2024-09-28 13:45:47
7000004527,1000004527,20240928,1763,2,3,CARD,PAID,29040.00,2024-09-28 13:52:38
7000004529,1000004529,20240928,304,2,3,CARD,PAID,14520.00,2024-09-28 14:54:35
7000004530,1000004530,20240928,1044,2,3,CARD,PAID,54450.00,2024-09-28 16:30:45
7000004531,1000004531,20240928,1495,2,1,CASH,PAID,58080.00,2024-09-28 17:28:08
7000004546,1000004546,20240930,1655,2,3,CARD,PAID,18150.00,2024-09-30 12:48:47
7000004547,1000004547,20240930,1327,2,4,CASH,PAID,14520.00,2024-09-30 14:23:13
7000004550,1000004550,20240930,101,2,2,CASH,PAID,36300.00,2024-09-30 16:22:39
7000004551,1000004551,20240930,386,2,4,CASH,PAID,29040.00,2024-09-30 18:48:02
7000004561,1000004561,20241001,1226,2,4,CARD,PAID,14520.00,2024-10-01 12:27:18
7000004564,1000004564,20241001,1045,2,1,TRANSFER,PAID,14520.00,2024-10-01 17:38:26
7000004565,1000004565,20241001,1113,2,1,CASH,PAID,36300.00,2024-10-01 17:50:30
7000004567,1000004567,20241001,1527,2,1,CARD,PAID,36300.00,2024-10-01 17:54:17
7000004569,1000004569,20241001,474,2,4,TRANSFER,PAID,36300.00,2024-10-01 18:45:29
7000004573,1000004573,20241001,630,2,4,CASH,PAID,14520.00,2024-10-01 19:53:48
7000004577,1000004577,20241002,1775,2,1,CASH,PAID,83490.00,2024-10-02 11:34:41
7000004580,1000004580,20241002,1459,2,3,CARD,PAID,18150.00,2024-10-02 14:33:22
7000004583,1000004583,20241002,1332,2,3,CASH,PAID,32670.00,2024-10-02 19:10:24
7000004584,1000004584,20241002,1041,2,3,CASH,PAID,18150.00,2024-10-02 19:37:10
7000004586,1000004586,20241002,1148,2,3,CARD,PAID,36300.00,2024-10-02 20:22:24
7000004589,1000004589,20241003,462,2,1,CARD,PAID,29040.00,2024-10-03 12:48:28
7000004591,1000004591,20241003,728,2,1,CARD,PAID,58080.00,2024-10-03 15:39:46
7000004593,1000004593,20241003,395,2,1,CASH,PAID,29040.00,2024-10-03 16:11:56
7000004594,1000004594,20241003,1085,2,3,CASH,PAID,29403.00,2024-10-03 16:47:04
7000004596,1000004596,20241003,1640,2,4,CASH,PAID,32670.00,2024-10-03 18:42:12
7000004599,1000004599,20241003,616,2,3,CARD,PAID,14520.00,2024-10-03 19:30:43
7000004606,1000004606,20241004,795,2,2,CASH,PAID,50820.00,2024-10-04 10:44:21
7000004607,1000004607,20241004,1130,2,1,CASH,REFUNDED,39204.00,2024-10-04 11:06:02
7000004608,1000004608,20241004,973,2,2,CASH,PAID,29040.00,2024-10-04 11:16:57
7000004609,1000004609,20241004,754,2,4,CARD,PAID,32670.00,2024-10-04 11:38:10
7000004610,1000004610,20241004,1692,2,1,CARD,FAILED,14520.00,
7000004611,1000004611,20241004,1156,2,2,CARD,FAILED,14520.00,
7000004613,1000004613,20241004,1618,2,2,CARD,FAILED,29040.00,
7000004614,1000004614,20241004,1304,2,2,CARD,PAID,16020.00,2024-10-04 16:48:51
7000004615,1000004615,20241004,1585,2,3,CASH,PAID,14520.00,2024-10-04 17:10:45
7000004616,1000004616,20241004,331,2,2,CARD,PAID,29040.00,2024-10-04 18:00:06
7000004617,1000004617,20241004,972,2,1,CASH,PAID,14520.00,2024-10-04 18:33:49
7000004619,1000004619,20241004,1318,2,2,CARD,PAID,18150.00,2024-10-04 19:12:47
7000004620,1000004620,20241004,1782,2,4,CARD,PAID,18150.00,2024-10-04 19:55:50
7000004627,1000004627,20241005,1676,2,4,CASH,PAID,14520.00,2024-10-05 11:54:56
7000004628,1000004628,20241005,1785,2,3,TRANSFER,PAID,16020.00,2024-10-05 14:06:39
7000004630,1000004630,20241005,1787,2,2,CARD,PAID,18150.00,2024-10-05 15:14:40
7000004631,1000004631,20241005,1788,2,1,CASH,PAID,18150.00,2024-10-05 15:24:44
7000004636,1000004636,20241005,1236,2,1,CARD,PAID,14520.00,2024-10-05 20:33:42
7000004653,1000004653,20241007,1333,2,1,CASH,PAID,43560.00,2024-10-07 10:05:21
7000004654,1000004654,20241007,1792,2,2,CARD,PAID,29040.00,2024-10-07 10:36:48
7000004655,1000004655,20241007,1122,2,1,CARD,PAID,47190.00,2024-10-07 10:36:39
7000004658,1000004658,20241007,1272,2,2,CASH,PAID,47190.00,2024-10-07 12:59:00
7000004663,1000004663,20241007,407,2,4,CARD,PAID,36300.00,2024-10-07 19:09:24
7000004676,1000004676,20241008,1138,2,1,CARD,PAID,98736.00,2024-10-08 12:20:36
7000004679,1000004679,20241008,966,2,2,CASH,PAID,14520.00,2024-10-08 13:13:54
7000004681,1000004681,20241008,1441,2,3,CARD,PAID,54450.00,2024-10-08 17:12:54
7000004684,1000004684,20241008,1245,2,2,CARD,PAID,29040.00,2024-10-08 18:27:38
7000004685,1000004685,20241008,1642,2,3,CARD,PAID,18150.00,2024-10-08 19:34:18
7000004687,1000004687,20241008,162,2,3,TRANSFER,PAID,48690.00,2024-10-08 19:40:28
7000004688,1000004688,20241008,763,2,2,CASH,PAID,50820.00,2024-10-08 20:10:14
7000004689,1000004689,20241008,376,2,4,CARD,PAID,54450.00,2024-10-08 20:25:09
7000004699,1000004699,20241009,1269,2,4,TRANSFER,PAID,14520.00,2024-10-09 12:14:04
7000004701,1000004701,20241009,1221,2,2,TRANSFER,PAID,29040.00,2024-10-09 13:10:03
7000004702,1000004702,20241009,1042,2,1,CARD,PAID,36300.00,2024-10-09 14:17:31
7000004705,1000004705,20241009,1513,2,2,CASH,PAID,18150.00,2024-10-09 16:45:55
7000004709,1000004709,20241009,1800,2,4,CARD,PAID,18150.00,2024-10-09 18:41:21
7000004710,1000004710,20241009,203,2,2,CARD,PAID,14520.00,2024-10-09 18:53:47
7000004712,1000004712,20241009,519,2,3,CASH,PAID,32670.00,2024-10-09 19:06:36
7000004713,1000004713,20241009,138,2,1,CARD,PAID,29040.00,2024-10-09 19:46:25
7000004719,1000004719,20241010,1263,2,1,CASH,PAID,48390.00,2024-10-10 11:08:40
7000004723,1000004723,20241010,185,2,1,CARD,PAID,18150.00,2024-10-10 13:05:47
7000004725,1000004725,20241010,502,2,2,CARD,PAID,72600.00,2024-10-10 13:30:33
7000004727,1000004727,20241010,1261,2,2,CARD,PAID,18150.00,2024-10-10 13:40:03
7000004731,1000004731,20241010,1803,2,1,CARD,PAID,29040.00,2024-10-10 17:41:20
7000004733,1000004733,20241010,1804,2,4,CASH,PAID,18150.00,2024-10-10 19:10:19
7000004734,1000004734,20241010,614,2,3,CARD,PAID,36300.00,2024-10-10 19:17:01
7000004748,1000004748,20241011,1807,2,1,CARD,PAID,18150.00,2024-10-11 11:07:29
7000004752,1000004752,20241011,1809,2,2,CASH,PAID,50820.00,2024-10-11 15:10:08
7000004753,1000004753,20241011,477,2,3,CARD,PAID,18150.00,2024-10-11 15:15:21
7000004754,1000004754,20241011,1400,2,3,CARD,PAID,45060.00,2024-10-11 15:17:05
7000004755,1000004755,20241011,463,2,3,CASH,PAID,18150.00,2024-10-11 16:20:20
7000004756,1000004756,20241011,949,2,3,TRANSFER,PAID,47190.00,2024-10-11 16:34:54
7000004759,1000004759,20241011,1432,2,4,CASH,PAID,29040.00,2024-10-11 16:56:23
7000004762,1000004762,20241011,618,2,4,CARD,FAILED,83490.00,
7000004763,1000004763,20241011,613,2,4,CARD,PAID,43560.00,2024-10-11 19:19:52
7000004765,1000004765,20241011,1031,2,3,CARD,PAID,43560.00,2024-10-11 19:27:09
7000004766,1000004766,20241011,1155,2,2,CARD,PAID,36300.00,2024-10-11 19:30:48
7000004767,1000004767,20241011,1281,2,3,CASH,PAID,47190.00,2024-10-11 19:46:52
7000004775,1000004775,20241012,1814,2,4,CASH,PAID,32670.00,2024-10-12 11:18:18
7000004776,1000004776,20241012,1671,2,2,CASH,PAID,18150.00,2024-10-12 11:49:08
7000004778,1000004778,20241012,1816,2,1,CASH,PAID,29040.00,2024-10-12 13:25:13
7000004779,1000004779,20241012,1817,2,4,CASH,PAID,18150.00,2024-10-12 13:57:56
7000004780,1000004780,20241012,1818,2,3,CASH,PAID,32670.00,2024-10-12 15:07:05
7000004782,1000004782,20241012,1819,2,4,CASH,PAID,68970.00,2024-10-12 15:50:28
7000004783,1000004783,20241012,1820,2,1,CARD,PAID,18150.00,2024-10-12 16:25:28
7000004784,1000004784,20241012,907,2,3,TRANSFER,PAID,18150.00,2024-10-12 16:57:12
7000004785,1000004785,20241012,1546,2,1,TRANSFER,PAID,29040.00,2024-10-12 17:20:19
7000004787,1000004787,20241012,1468,2,1,TRANSFER,PAID,15720.00,2024-10-12 17:52:05
7000004788,1000004788,20241012,245,2,2,CARD,PAID,76230.00,2024-10-12 18:26:38
7000004789,1000004789,20241012,338,2,1,CASH,PAID,32670.00,2024-10-12 18:37:44
7000004790,1000004790,20241012,662,2,3,CASH,PAID,18150.00,2024-10-12 18:38:46
7000004791,1000004791,20241012,1822,2,1,CARD,PAID,32670.00,2024-10-12 18:38:54
7000004792,1000004792,20241012,1277,2,1,CASH,PAID,14520.00,2024-10-12 18:44:26
7000004794,1000004794,20241012,1376,2,3,TRANSFER,PAID,29040.00,2024-10-12 19:45:32
7000004795,1000004795,20241012,1040,2,2,CARD,PAID,14520.00,2024-10-12 20:15:15
7000004817,1000004817,20241014,571,2,4,CARD,PAID,14520.00,2024-10-14 10:16:25
7000004819,1000004819,20241014,1829,2,4,CARD,PAID,18150.00,2024-10-14 12:14:29
7000004823,1000004823,20241014,38,2,1,CARD,PAID,47190.00,2024-10-14 13:51:51
7000004825,1000004825,20241014,235,2,1,CASH,PAID,172788.00,2024-10-14 16:48:35
7000004829,1000004829,20241014,1831,2,3,CARD,PAID,72600.00,2024-10-14 18:55:39
7000004837,1000004837,20241015,434,2,4,CARD,PAID,32670.00,2024-10-15 12:07:28
7000004838,1000004838,20241015,1363,2,3,CARD,PAID,43560.00,2024-10-15 12:18:40
7000004841,1000004841,20241015,1836,2,2,CASH,PAID,29040.00,2024-10-15 13:29:53
7000004842,1000004842,20241015,588,2,2,CASH,PAID,47190.00,2024-10-15 13:35:57
7000004847,1000004847,20241015,1488,2,3,CARD,PAID,29040.00,2024-10-15 16:46:24
7000004849,1000004849,20241015,1355,2,4,CARD,PAID,43560.00,2024-10-15 18:05:52
7000004851,1000004851,20241015,1153,2,4,CARD,PAID,14520.00,2024-10-15 18:56:13
7000004852,1000004852,20241015,71,2,2,CARD,PAID,30540.00,2024-10-15 19:38:37
7000004853,1000004853,20241015,1146,2,4,CASH,PAID,72600.00,2024-10-15 19:58:09
7000004854,1000004854,20241015,729,2,3,CARD,PAID,14520.00,2024-10-15 20:25:49
7000004857,1000004857,20241016,1192,2,3,CARD,PAID,29040.00,2024-10-16 10:17:22
7000004858,1000004858,20241016,1838,2,3,TRANSFER,PAID,43560.00,2024-10-16 10:30:08
7000004861,1000004861,20241016,215,2,1,CARD,PAID,29040.00,2024-10-16 12:04:49
7000004865,1000004865,20241016,679,2,3,CARD,PAID,78408.00,2024-10-16 14:35:39
7000004867,1000004867,20241016,1354,2,3,CARD,PAID,14520.00,2024-10-16 15:15:20
7000004868,1000004868,20241016,1839,2,4,CARD,PAID,14520.00,2024-10-16 15:33:07
7000004869,1000004869,20241016,903,2,2,CASH,PAID,18150.00,2024-10-16 16:12:32
7000004871,1000004871,20241016,1635,2,2,CARD,PAID,65340.00,2024-10-16 18:08:23
7000004872,1000004872,20241016,954,2,2,TRANSFER,PAID,29040.00,2024-10-16 18:38:00
7000004874,1000004874,20241016,803,2,1,CASH,PAID,54450.00,2024-10-16 19:21:11
7000004875,1000004875,20241016,583,2,4,CASH,PAID,29040.00,2024-10-16 19:27:59
7000004876,1000004876,20241016,1840,2,3,CASH,PAID,14520.00,2024-10-16 19:38:17
7000004883,1000004883,20241017,1456,2,2,CASH,PAID,36300.00,2024-10-17 11:11:31
7000004884,1000004884,20241017,1678,2,1,TRANSFER,PAID,39204.00,2024-10-17 11:36:41
7000004886,1000004886,20241017,1843,2,3,CARD,PAID,26136.00,2024-10-17 12:29:50
7000004887,1000004887,20241017,1603,2,4,CARD,PAID,32670.00,2024-10-17 15:13:36
7000004888,1000004888,20241017,492,2,4,CASH,PAID,29040.00,2024-10-17 17:33:12
7000004889,1000004889,20241017,1844,2,4,CARD,PAID,43560.00,2024-10-17 17:40:18
7000004890,1000004890,20241017,475,2,2,CASH,PAID,29040.00,2024-10-17 18:08:57
7000004891,1000004891,20241017,143,2,2,CARD,PAID,36300.00,2024-10-17 18:26:38
7000004893,1000004893,20241017,871,2,4,CASH,PAID,79860.00,2024-10-17 19:08:58
7000004894,1000004894,20241017,1846,2,1,TRANSFER,PAID,18150.00,2024-10-17 19:09:39
7000004895,1000004895,20241017,426,2,1,TRANSFER,PAID,54450.00,2024-10-17 19:41:40
7000004897,1000004897,20241017,936,2,4,CARD,PAID,18150.00,2024-10-17 19:45:16
7000004899,1000004899,20241017,1489,2,2,CARD,PAID,14520.00,2024-10-17 20:03:42
7000004900,1000004900,20241017,1010,2,3,CASH,PAID,29040.00,2024-10-17 20:22:19
7000004901,1000004901,20241017,93,2,2,CASH,PAID,14520.00,2024-10-17 20:56:32
7000004906,1000004906,20241018,1382,2,2,CARD,PAID,29040.00,2024-10-18 10:18:02
7000004909,1000004909,20241018,1689,2,1,CARD,PAID,18150.00,2024-10-18 11:01:18
7000004910,1000004910,20241018,1494,2,1,CARD,PAID,18150.00,2024-10-18 11:28:37
7000004912,1000004912,20241018,1662,2,1,CARD,PAID,87120.00,2024-10-18 12:53:57
7000004914,1000004914,20241018,51,2,1,CASH,PAID,14520.00,2024-10-18 14:36:44
7000004917,1000004917,20241018,1848,2,2,CASH,REFUNDED,14520.00,2024-10-18 15:52:44
7000004918,1000004918,20241018,1759,2,4,CARD,PAID,36300.00,2024-10-18 16:35:02
7000004921,1000004921,20241018,1589,2,1,CASH,PAID,47190.00,2024-10-18 18:54:00
7000004927,1000004927,20241019,1296,2,2,CARD,FAILED,98010.00,
7000004929,1000004929,20241019,896,2,2,CASH,PAID,14520.00,2024-10-19 10:40:08
7000004931,1000004931,20241019,1419,2,3,CASH,PAID,32670.00,2024-10-19 12:07:02
7000004932,1000004932,20241019,1157,2,4,CASH,PAID,54450.00,2024-10-19 12:31:22
7000004933,1000004933,20241019,258,2,1,CASH,PAID,18150.00,2024-10-19 13:36:38
7000004935,1000004935,20241019,1586,2,1,CASH,PAID,84942.00,2024-10-19 14:35:54
7000004936,1000004936,20241019,1572,2,3,CASH,PAID,58080.00,2024-10-19 14:39:03
7000004938,1000004938,20241019,545,2,3,CASH,PAID,14520.00,2024-10-19 15:05:21
7000004939,1000004939,20241019,1208,2,2,CASH,PAID,14520.00,2024-10-19 15:20:43
7000004940,1000004940,20241019,1594,2,3,CARD,PAID,43560.00,2024-10-19 15:26:16
7000004941,1000004941,20241019,1235,2,4,CARD,PAID,16335.00,2024-10-19 16:38:17
7000004942,1000004942,20241019,1308,2,3,CARD,PAID,14520.00,2024-10-19 17:18:51
7000004943,1000004943,20241019,213,2,3,CARD,PAID,14520.00,2024-10-19 17:26:34
7000004945,1000004945,20241019,1520,2,4,CARD,PAID,18150.00,2024-10-19 17:49:28
7000004947,1000004947,20241019,1262,2,1,CARD,PAID,36300.00,2024-10-19 20:10:37
7000004948,1000004948,20241019,1367,2,4,CARD,PAID,18150.00,2024-10-19 21:02:13
7000004966,1000004966,20241021,880,2,2,CASH,PAID,29040.00,2024-10-21 17:32:12
7000004970,1000004970,20241021,1450,2,3,CARD,PAID,16020.00,2024-10-21 20:57:24
7000004977,1000004977,20241022,1856,2,1,TRANSFER,PAID,29040.00,2024-10-22 11:30:36
7000004982,1000004982,20241022,199,2,3,CASH,PAID,43560.00,2024-10-22 14:41:14
7000004983,1000004983,20241022,897,2,2,CASH,PAID,18150.00,2024-10-22 14:58:34
7000004984,1000004984,20241022,1858,2,4,CARD,PAID,45360.00,2024-10-22 18:27:54
7000004987,1000004987,20241022,1860,2,2,CASH,PAID,18150.00,2024-10-22 19:43:35
7000004992,1000004992,20241023,1731,2,1,CASH,PAID,18150.00,2024-10-23 11:42:41
7000004993,1000004993,20241023,1861,2,1,CARD,PAID,14520.00,2024-10-23 13:45:38
7000004996,1000004996,20241023,209,2,1,CARD,PAID,18150.00,2024-10-23 15:17:42
7000004997,1000004997,20241023,1863,2,3,CARD,PAID,32670.00,2024-10-23 15:47:00
7000004998,1000004998,20241023,1569,2,1,CARD,PAID,14520.00,2024-10-23 15:57:04
7000004999,1000004999,20241023,1334,2,4,CASH,PAID,38100.00,2024-10-23 16:03:35
7000005001,1000005001,20241023,146,2,1,CASH,PAID,18150.00,2024-10-23 19:00:21
7000005006,1000005006,20241024,571,2,4,CARD,PAID,47190.00,2024-10-24 10:58:22
7000005008,1000005008,20241024,40,2,1,CASH,PAID,19350.00,2024-10-24 12:04:18
7000005010,1000005010,20241024,1389,2,1,CARD,PAID,29040.00,2024-10-24 15:34:01
7000005022,1000005022,20241025,862,2,4,CARD,PAID,68970.00,2024-10-25 11:10:09
7000005024,1000005024,20241025,1493,2,1,CASH,PAID,14520.00,2024-10-25 11:54:57
7000005026,1000005026,20241025,1033,2,2,CARD,PAID,36300.00,2024-10-25 14:04:37
7000005027,1000005027,20241025,380,2,3,CARD,PAID,14520.00,2024-10-25 17:14:59
7000005029,1000005029,20241025,515,2,3,CARD,PAID,29403.00,2024-10-25 19:05:59
7000005032,1000005032,20241025,1873,2,3,CARD,PAID,14520.00,2024-10-25 20:29:45
7000005034,1000005034,20241026,795,2,2,CARD,PAID,14520.00,2024-10-26 11:13:26
7000005035,1000005035,20241026,1875,2,3,CASH,PAID,13068.00,2024-10-26 11:27:12
7000005036,1000005036,20241026,75,2,1,CARD,PAID,18150.00,2024-10-26 12:02:54
7000005037,1000005037,20241026,374,2,1,CASH,PAID,36300.00,2024-10-26 12:16:15
7000005039,1000005039,20241026,866,2,3,CARD,PAID,14520.00,2024-10-26 13:48:28
7000005041,1000005041,20241026,1246,2,4,CARD,PAID,72600.00,2024-10-26 15:33:50
7000005042,1000005042,20241026,987,2,2,CASH,PAID,14520.00,2024-10-26 15:43:48
7000005043,1000005043,20241026,665,2,3,CARD,PAID,16020.00,2024-10-26 16:01:18
7000005044,1000005044,20241026,1261,2,2,CASH,PAID,36300.00,2024-10-26 17:23:01
7000005045,1000005045,20241026,1758,2,2,TRANSFER,PAID,29040.00,2024-10-26 17:59:56
7000005046,1000005046,20241026,1877,2,2,CARD,PAID,18150.00,2024-10-26 18:55:34
7000005047,1000005047,20241026,1482,2,2,TRANSFER,PAID,36300.00,2024-10-26 18:58:51
7000005068,1000005068,20241028,1883,2,4,CARD,PAID,14520.00,2024-10-28 11:09:09
7000005069,1000005069,20241028,158,2,3,CASH,PAID,29040.00,2024-10-28 11:46:42
7000005070,1000005070,20241028,1884,2,1,CARD,PAID,18150.00,2024-10-28 12:12:11
7000005071,1000005071,20241028,1886,2,1,CASH,PAID,72600.00,2024-10-28 12:28:31
7000005075,1000005075,20241028,1326,2,1,CARD,PAID,54450.00,2024-10-28 15:13:53
7000005077,1000005077,20241028,1354,2,3,CASH,PAID,14520.00,2024-10-28 16:33:13
7000005078,1000005078,20241028,1197,2,4,CASH,PAID,14520.00,2024-10-28 16:42:30
7000005079,1000005079,20241028,1602,2,2,CASH,PAID,13068.00,2024-10-28 16:47:39
7000005080,1000005080,20241028,208,2,3,CARD,PAID,29040.00,2024-10-28 17:43:59
7000005082,1000005082,20241028,1888,2,1,CARD,PAID,14520.00,2024-10-28 19:51:50
7000005084,1000005084,20241028,752,2,1,CARD,PAID,32670.00,2024-10-28 21:01:02
7000005089,1000005089,20241029,1497,2,2,CARD,PAID,14520.00,2024-10-29 12:36:00
7000005090,1000005090,20241029,1138,2,1,CASH,PAID,36300.00,2024-10-29 12:51:06
7000005094,1000005094,20241029,1890,2,3,CASH,PAID,18150.00,2024-10-29 17:36:35
7000005097,1000005097,20241029,273,2,3,CASH,PAID,50820.00,2024-10-29 18:43:45
7000005098,1000005098,20241029,205,2,3,CASH,PAID,58080.00,2024-10-29 18:44:20
7000005100,1000005100,20241029,138,2,1,TRANSFER,PAID,43560.00,2024-10-29 20:34:49
7000005112,1000005112,20241030,1697,2,4,CARD,PAID,36300.00,2024-10-30 10:20:16
7000005114,1000005114,20241030,1571,2,2,CARD,PAID,36300.00,2024-10-30 15:17:34
7000005115,1000005115,20241030,1584,2,1,CARD,PAID,36300.00,2024-10-30 15:30:31
7000005116,1000005116,20241030,1792,2,2,CARD,PAID,29040.00,2024-10-30 16:29:24
7000005117,1000005117,20241030,1895,2,2,CARD,REFUNDED,42471.00,2024-10-30 16:56:14
7000005118,1000005118,20241030,1896,2,2,CARD,PAID,200557.50,2024-10-30 17:32:50
7000005120,1000005120,20241030,37,2,1,CARD,PAID,18150.00,2024-10-30 19:11:42
7000005121,1000005121,20241030,1377,2,4,TRANSFER,PAID,14520.00,2024-10-30 19:27:43
7000005131,1000005131,20241031,302,2,3,CASH,PAID,14520.00,2024-10-31 11:45:10
7000005132,1000005132,20241031,1112,2,1,CARD,PAID,29040.00,2024-10-31 12:11:34
7000005134,1000005134,20241031,1441,2,3,CARD,PAID,14520.00,2024-10-31 12:39:51
7000005135,1000005135,20241031,754,2,4,CASH,PAID,130680.00,2024-10-31 12:43:22
7000005137,1000005137,20241031,966,2,2,CARD,PAID,29040.00,2024-10-31 13:55:50
7000005138,1000005138,20241031,1430,2,2,CASH,PAID,72600.00,2024-10-31 14:12:04
7000005139,1000005139,20241031,825,2,1,CARD,PAID,50820.00,2024-10-31 14:26:00
7000005141,1000005141,20241031,474,2,4,TRANSFER,PAID,112530.00,2024-10-31 16:24:09
7000005142,1000005142,20241031,1573,2,2,CASH,PAID,14520.00,2024-10-31 17:45:01
7000005143,1000005143,20241031,1899,2,1,CARD,PAID,50820.00,2024-10-31 18:59:31
7000005145,1000005145,20241031,651,2,1,CARD,PAID,18150.00,2024-10-31 20:17:37
7000005149,1000005149,20241101,602,2,4,CARD,PAID,47190.00,2024-11-01 10:08:14
7000005150,1000005150,20241101,580,2,3,CARD,PAID,14520.00,2024-11-01 10:18:36
7000005151,1000005151,20241101,936,2,4,CASH,PAID,29040.00,2024-11-01 11:54:15
7000005152,1000005152,20241101,1900,2,2,CARD,PAID,87120.00,2024-11-01 13:31:32
7000005153,1000005153,20241101,458,2,1,CASH,PAID,18150.00,2024-11-01 13:32:15
7000005154,1000005154,20241101,1478,2,3,CASH,PAID,58080.00,2024-11-01 13:46:04
7000005156,1000005156,20241101,972,2,1,CASH,PAID,14520.00,2024-11-01 14:05:38
7000005157,1000005157,20241101,896,2,2,TRANSFER,PAID,54450.00,2024-11-01 14:10:04
7000005160,1000005160,20241101,1003,2,3,CARD,PAID,18150.00,2024-11-01 17:22:04
7000005161,1000005161,20241101,1522,2,3,CARD,PAID,16335.00,2024-11-01 17:27:49
7000005162,1000005162,20241101,1196,2,1,CARD,PAID,18150.00,2024-11-01 17:47:27
7000005163,1000005163,20241101,867,2,3,CASH,PAID,65340.00,2024-11-01 18:14:59
7000005164,1000005164,20241101,80,2,2,CARD,PAID,50820.00,2024-11-01 19:20:42
7000005170,1000005170,20241102,770,2,1,CARD,PAID,58080.00,2024-11-02 12:23:06
7000005171,1000005171,20241102,1363,2,3,CASH,PAID,47190.00,2024-11-02 12:26:16
7000005172,1000005172,20241102,1904,2,2,CASH,PAID,18150.00,2024-11-02 13:14:19
7000005173,1000005173,20241102,306,2,1,CASH,PAID,54450.00,2024-11-02 13:18:01
7000005174,1000005174,20241102,1319,2,2,CARD,PAID,14520.00,2024-11-02 16:21:36
7000005175,1000005175,20241102,1905,2,4,TRANSFER,PAID,54450.00,2024-11-02 16:46:57
7000005176,1000005176,20241102,641,2,3,CARD,PAID,14520.00,2024-11-02 17:25:22
7000005177,1000005177,20241102,698,2,2,CASH,PAID,36300.00,2024-11-02 17:43:03
7000005178,1000005178,20241102,895,2,3,CARD,PAID,16335.00,2024-11-02 17:51:49
7000005179,1000005179,20241102,1466,2,2,CARD,PAID,18150.00,2024-11-02 18:53:56
7000005180,1000005180,20241102,749,2,1,TRANSFER,PAID,18150.00,2024-11-02 19:07:36
7000005182,1000005182,20241102,1906,2,1,CASH,PAID,14268.00,2024-11-02 19:35:06
7000005183,1000005183,20241102,320,2,3,CARD,PAID,14520.00,2024-11-02 19:59:45
7000005184,1000005184,20241102,617,2,4,CASH,PAID,101640.00,2024-11-02 20:54:23
7000005201,1000005201,20241104,1640,2,4,CARD,PAID,32670.00,2024-11-04 11:00:11
7000005203,1000005203,20241104,1912,2,4,CASH,PAID,50820.00,2024-11-04 11:31:31
7000005214,1000005214,20241104,1086,2,4,CARD,PAID,13068.00,2024-11-04 16:05:49
7000005215,1000005215,20241104,1472,2,4,CARD,PAID,84942.00,2024-11-04 16:30:08
7000005219,1000005219,20241104,330,2,1,TRANSFER,PAID,13068.00,2024-11-04 19:33:07
7000005221,1000005221,20241104,536,2,3,CASH,PAID,26136.00,2024-11-04 20:11:36
7000005240,1000005240,20241105,1918,2,2,CASH,PAID,13068.00,2024-11-05 11:28:46
7000005242,1000005242,20241105,1443,2,1,CARD,PAID,29040.00,2024-11-05 12:17:53
7000005251,1000005251,20241105,477,2,3,CARD,PAID,47238.00,2024-11-05 17:18:03
7000005254,1000005254,20241105,127,2,2,CASH,PAID,18150.00,2024-11-05 18:39:26
7000005257,1000005257,20241105,710,2,3,CASH,PAID,14568.00,2024-11-05 19:01:36
7000005258,1000005258,20241105,1154,2,1,TRANSFER,PAID,29040.00,2024-11-05 19:27:39
7000005278,1000005278,20241106,1926,2,2,TRANSFER,PAID,75141.00,2024-11-06 12:15:02
7000005280,1000005280,20241106,979,2,2,CASH,REFUNDED,18150.00,2024-11-06 12:42:27
7000005282,1000005282,20241106,1563,2,1,CARD,PAID,14520.00,2024-11-06 13:37:58
7000005283,1000005283,20241106,1376,2,3,CASH,PAID,54450.00,2024-11-06 14:11:52
7000005284,1000005284,20241106,1245,2,2,CARD,PAID,42471.00,2024-11-06 14:15:21
7000005291,1000005291,20241106,718,2,1,CARD,PAID,29040.00,2024-11-06 17:17:02
7000005292,1000005292,20241106,1149,2,4,CASH,PAID,50820.00,2024-11-06 17:16:58
7000005294,1000005294,20241106,193,2,2,TRANSFER,PAID,200557.50,2024-11-06 17:49:38
7000005297,1000005297,20241106,1517,2,2,CASH,REFUNDED,14520.00,2024-11-06 18:34:57
7000005298,1000005298,20241106,1930,2,1,CARD,PAID,45738.00,2024-11-06 18:45:25
7000005313,1000005313,20241107,1041,2,3,CASH,PAID,50820.00,2024-11-07 10:22:38
7000005316,1000005316,20241107,1372,2,1,CARD,PAID,36300.00,2024-11-07 11:48:15
7000005318,1000005318,20241107,1025,2,3,TRANSFER,PAID,14520.00,2024-11-07 12:13:09
7000005319,1000005319,20241107,1934,2,1,CARD,PAID,29040.00,2024-11-07 13:08:55
7000005320,1000005320,20241107,1139,2,3,CASH,PAID,54450.00,2024-11-07 14:06:29
7000005321,1000005321,20241107,1935,2,2,CARD,PAID,32670.00,2024-11-07 14:31:37
7000005325,1000005325,20241107,1840,2,3,CARD,PAID,14520.00,2024-11-07 15:46:43
7000005327,1000005327,20241107,431,2,1,TRANSFER,PAID,18150.00,2024-11-07 18:52:04
7000005334,1000005334,20241108,442,2,2,CASH,PAID,30540.00,2024-11-08 10:02:12
7000005338,1000005338,20241108,508,2,2,TRANSFER,PAID,14520.00,2024-11-08 14:00:05
7000005339,1000005339,20241108,686,2,3,TRANSFER,PAID,32670.00,2024-11-08 16:15:05
7000005340,1000005340,20241108,1776,2,3,CARD,PAID,14520.00,2024-11-08 16:41:40
7000005343,1000005343,20241108,961,2,1,CARD,PAID,68607.00,2024-11-08 18:11:53
7000005344,1000005344,20241108,722,2,3,CASH,PAID,14520.00,2024-11-08 18:30:44
7000005345,1000005345,20241108,1937,2,1,CASH,PAID,14520.00,2024-11-08 19:33:32
7000005346,1000005346,20241108,556,2,4,CASH,PAID,14520.00,2024-11-08 19:57:27
7000005358,1000005358,20241109,750,2,1,CARD,PAID,14520.00,2024-11-09 10:44:19
7000005359,1000005359,20241109,250,2,3,CARD,PAID,18150.00,2024-11-09 11:05:10
7000005360,1000005360,20241109,194,2,1,CARD,PAID,32670.00,2024-11-09 12:14:04
7000005361,1000005361,20241109,1204,2,3,CASH,PAID,18150.00,2024-11-09 12:22:37
7000005362,1000005362,20241109,1942,2,3,CASH,PAID,68970.00,2024-11-09 12:46:14
7000005371,1000005371,20241109,934,2,1,TRANSFER,PAID,36300.00,2024-11-09 17:07:51
7000005372,1000005372,20241109,1944,2,1,CASH,PAID,18150.00,2024-11-09 17:09:04
7000005373,1000005373,20241109,1609,2,1,CASH,PAID,18150.00,2024-11-09 19:05:09
7000005374,1000005374,20241109,1263,2,1,CASH,PAID,83490.00,2024-11-09 19:16:23
7000005393,1000005393,20241111,1745,2,3,CARD,PAID,14520.00,2024-11-11 11:54:35
7000005394,1000005394,20241111,331,2,2,TRANSFER,PAID,215985.00,2024-11-11 14:06:19
7000005395,1000005395,20241111,1045,2,1,CASH,PAID,14520.00,2024-11-11 14:27:11
7000005397,1000005397,20241111,925,2,2,CASH,PAID,54450.00,2024-11-11 16:22:32
7000005398,1000005398,20241111,1948,2,2,CASH,PAID,32670.00,2024-11-11 17:47:48
7000005399,1000005399,20241111,291,2,2,CASH,PAID,36300.00,2024-11-11 18:39:41
7000005401,1000005401,20241111,437,2,4,CASH,PAID,14520.00,2024-11-11 19:46:11
7000005402,1000005402,20241111,1205,2,3,CASH,PAID,14520.00,2024-11-11 20:57:24
7000005412,1000005412,20241112,1367,2,4,CARD,PAID,29040.00,2024-11-12 11:25:11
7000005414,1000005414,20241112,1952,2,1,CASH,PAID,18150.00,2024-11-12 12:17:41
7000005418,1000005418,20241112,227,2,3,CASH,PAID,14520.00,2024-11-12 17:42:03
7000005420,1000005420,20241112,1083,2,2,TRANSFER,PAID,18150.00,2024-11-12 18:19:39
7000005421,1000005421,20241112,1704,2,3,CASH,PAID,18150.00,2024-11-12 18:41:50
7000005423,1000005423,20241112,1269,2,4,TRANSFER,PAID,18150.00,2024-11-12 19:37:19
7000005431,1000005431,20241113,266,2,1,CARD,PAID,29040.00,2024-11-13 10:23:50
7000005434,1000005434,20241113,1958,2,1,CASH,PAID,32670.00,2024-11-13 12:29:00
7000005437,1000005437,20241113,859,2,2,CARD,PAID,18150.00,2024-11-13 15:56:42
7000005438,1000005438,20241113,1960,2,2,CARD,PAID,18150.00,2024-11-13 16:25:08
7000005441,1000005441,20241113,276,2,2,CASH,PAID,18150.00,2024-11-13 17:11:45
7000005442,1000005442,20241113,1669,2,3,CASH,PAID,116160.00,2024-11-13 17:52:46
7000005444,1000005444,20241113,199,2,3,CARD,PAID,18150.00,2024-11-13 18:06:20
7000005445,1000005445,20241113,1414,2,1,CARD,PAID,79860.00,2024-11-13 18:53:07
7000005448,1000005448,20241113,1962,2,3,CASH,PAID,14520.00,2024-11-13 20:40:32
7000005459,1000005459,20241114,1760,2,4,CASH,PAID,47190.00,2024-11-14 10:03:52
7000005463,1000005463,20241114,19,2,1,CASH,PAID,36300.00,2024-11-14 11:05:29
7000005465,1000005465,20241114,1968,2,3,CASH,PAID,14520.00,2024-11-14 12:57:08
7000005466,1000005466,20241114,1122,2,1,CASH,PAID,32670.00,2024-11-14 12:59:12
7000005469,1000005469,20241114,1192,2,3,CARD,PAID,14520.00,2024-11-14 14:40:52
7000005473,1000005473,20241114,1970,2,3,CASH,PAID,32670.00,2024-11-14 17:37:47
7000005476,1000005476,20241114,1324,2,1,CASH,PAID,43560.00,2024-11-14 19:45:51
7000005481,1000005481,20241115,1226,2,4,CASH,PAID,18150.00,2024-11-15 12:03:54
7000005482,1000005482,20241115,1972,2,4,CASH,REFUNDED,19950.00,2024-11-15 13:08:40
7000005484,1000005484,20241115,1021,2,1,CARD,PAID,36300.00,2024-11-15 14:34:49
7000005485,1000005485,20241115,1666,2,1,CARD,PAID,29040.00,2024-11-15 15:02:06
7000005486,1000005486,20241115,1215,2,1,CARD,PAID,16335.00,2024-11-15 17:17:30
7000005487,1000005487,20241115,1727,2,4,CASH,PAID,83490.00,2024-11-15 17:40:27
7000005488,1000005488,20241115,1843,2,3,CASH,PAID,61710.00,2024-11-15 17:46:37
7000005490,1000005490,20241115,1974,2,1,TRANSFER,PAID,29040.00,2024-11-15 20:07:05
7000005495,1000005495,20241116,989,2,3,CASH,PAID,58080.00,2024-11-16 11:29:56
7000005496,1000005496,20241116,1334,2,4,CASH,PAID,50820.00,2024-11-16 11:32:40
7000005498,1000005498,20241116,1175,2,1,CASH,PAID,14520.00,2024-11-16 12:40:57
7000005499,1000005499,20241116,1976,2,2,TRANSFER,PAID,14520.00,2024-11-16 13:35:30
7000005501,1000005501,20241116,1664,2,1,CARD,PAID,18150.00,2024-11-16 14:41:37
7000005502,1000005502,20241116,177,2,3,CARD,PAID,14520.00,2024-11-16 14:43:38
7000005504,1000005504,20241116,1584,2,1,CARD,PAID,36300.00,2024-11-16 15:18:20
7000005505,1000005505,20241116,230,2,2,CASH,PAID,14520.00,2024-11-16 15:30:00
7000005507,1000005507,20241116,544,2,4,CARD,PAID,36300.00,2024-11-16 17:48:58
7000005508,1000005508,20241116,477,2,3,CARD,PAID,54450.00,2024-11-16 19:10:00
7000005520,1000005520,20241118,993,2,3,CASH,PAID,50820.00,2024-11-18 11:19:41
7000005521,1000005521,20241118,1982,2,1,CASH,PAID,18150.00,2024-11-18 11:21:09
7000005523,1000005523,20241118,1113,2,1,CASH,PAID,13068.00,2024-11-18 12:04:08
7000005524,1000005524,20241118,1385,2,2,CARD,PAID,43560.00,2024-11-18 12:42:08
7000005526,1000005526,20241118,1983,2,2,TRANSFER,PAID,87120.00,2024-11-18 14:31:04
7000005529,1000005529,20241118,1635,2,2,CASH,PAID,18150.00,2024-11-18 16:46:06
7000005531,1000005531,20241118,1647,2,1,CARD,PAID,36300.00,2024-11-18 18:30:14
7000005537,1000005537,20241119,1985,2,3,TRANSFER,PAID,36300.00,2024-11-19 10:09:58
7000005539,1000005539,20241119,1165,2,1,CASH,PAID,14520.00,2024-11-19 11:49:49
7000005542,1000005542,20241119,1986,2,1,TRANSFER,PAID,16335.00,2024-11-19 14:20:14
7000005543,1000005543,20241119,1988,2,4,CASH,PAID,18150.00,2024-11-19 14:54:59
7000005549,1000005549,20241119,1990,2,2,CASH,PAID,14520.00,2024-11-19 18:41:59
7000005558,1000005558,20241120,51,2,1,CASH,PAID,14520.00,2024-11-20 11:32:33
7000005559,1000005559,20241120,1763,2,3,CASH,PAID,42471.00,2024-11-20 12:13:44
7000005561,1000005561,20241120,1808,2,2,CASH,PAID,26136.00,2024-11-20 12:55:39
7000005563,1000005563,20241120,1098,2,4,CASH,PAID,16320.00,2024-11-20 14:21:58
7000005566,1000005566,20241120,1884,2,1,CASH,PAID,87120.00,2024-11-20 15:57:07
7000005567,1000005567,20241120,835,2,2,CARD,PAID,14520.00,2024-11-20 16:36:44
7000005569,1000005569,20241120,1472,2,4,CARD,PAID,72600.00,2024-11-20 18:37:42
7000005570,1000005570,20241120,660,2,1,CASH,PAID,18150.00,2024-11-20 19:39:48
7000005572,1000005572,20241121,555,2,2,CASH,PAID,72600.00,2024-11-21 11:24:31
7000005574,1000005574,20241121,1478,2,3,CARD,PAID,50820.00,2024-11-21 15:26:53
7000005575,1000005575,20241121,1151,2,1,CASH,PAID,14520.00,2024-11-21 16:34:40
7000005581,1000005581,20241122,37,2,1,CARD,PAID,36300.00,2024-11-22 12:20:46
7000005582,1000005582,20241122,1777,2,1,CASH,PAID,45738.00,2024-11-22 13:24:52
7000005584,1000005584,20241122,2000,2,4,CASH,PAID,19950.00,2024-11-22 14:15:32
7000005586,1000005586,20241122,2001,2,1,CASH,PAID,14520.00,2024-11-22 14:47:56
7000005587,1000005587,20241122,2002,2,1,CASH,PAID,33870.00,2024-11-22 16:07:10
7000005590,1000005590,20241122,1690,2,2,CARD,FAILED,32670.00,
7000005591,1000005591,20241122,462,2,1,CASH,PAID,18150.00,2024-11-22 18:23:19
7000005592,1000005592,20241122,1497,2,2,CARD,PAID,61710.00,2024-11-22 18:43:22
7000005593,1000005593,20241122,793,2,2,CASH,REFUNDED,50820.00,2024-11-22 18:53:41
7000005594,1000005594,20241122,1255,2,4,TRANSFER,PAID,29040.00,2024-11-22 19:54:58
7000005603,1000005603,20241123,535,2,4,CARD,PAID,14520.00,2024-11-23 11:06:24
7000005606,1000005606,20241123,1704,2,3,CASH,PAID,29040.00,2024-11-23 13:30:02
7000005609,1000005609,20241123,1740,2,1,CASH,PAID,14520.00,2024-11-23 14:17:19
7000005611,1000005611,20241123,1899,2,4,TRANSFER,PAID,43560.00,2024-11-23 15:15:00
7000005612,1000005612,20241123,127,2,2,CASH,PAID,14520.00,2024-11-23 15:41:05
7000005614,1000005614,20241123,628,2,3,CARD,PAID,54450.00,2024-11-23 16:46:20
7000005616,1000005616,20241123,745,2,1,CASH,PAID,36300.00,2024-11-23 17:10:50
7000005617,1000005617,20241123,2008,2,3,CARD,REFUNDED,36300.00,2024-11-23 17:50:31
7000005618,1000005618,20241123,1508,2,3,CASH,PAID,14520.00,2024-11-23 18:44:21
7000005619,1000005619,20241123,1532,2,4,CARD,PAID,36300.00,2024-11-23 19:02:12
7000005635,1000005635,20241125,1651,2,4,CARD,PAID,54450.00,2024-11-25 12:54:14
7000005638,1000005638,20241125,2015,2,3,TRANSFER,PAID,18150.00,2024-11-25 14:45:31
7000005651,1000005651,20241126,1324,2,1,CARD,PAID,18150.00,2024-11-26 10:27:54
7000005653,1000005653,20241126,1441,2,3,CASH,PAID,36300.00,2024-11-26 12:41:23
7000005658,1000005658,20241126,2017,2,1,CASH,PAID,14520.00,2024-11-26 14:32:09
7000005661,1000005661,20241126,1540,2,1,CASH,PAID,14520.00,2024-11-26 17:21:52
7000005667,1000005667,20241127,1076,2,1,CASH,PAID,18150.00,2024-11-27 10:04:44
7000005668,1000005668,20241127,350,2,4,CARD,PAID,14520.00,2024-11-27 10:44:33
7000005669,1000005669,20241127,472,2,2,CASH,PAID,32670.00,2024-11-27 11:07:43
7000005670,1000005670,20241127,1044,2,3,TRANSFER,PAID,14520.00,2024-11-27 11:36:13
7000005673,1000005673,20241127,1844,2,4,CARD,PAID,72600.00,2024-11-27 13:10:08
7000005677,1000005677,20241127,1787,2,2,CASH,PAID,47190.00,2024-11-27 16:04:33
7000005681,1000005681,20241127,1860,2,2,CASH,PAID,29040.00,2024-11-27 18:13:51
7000005683,1000005683,20241127,1662,2,1,TRANSFER,PAID,14520.00,2024-11-27 18:45:13
7000005684,1000005684,20241127,1459,2,3,CASH,PAID,18150.00,2024-11-27 18:53:45
7000005685,1000005685,20241127,162,2,3,CARD,FAILED,18150.00,
7000005686,1000005686,20241127,1712,2,1,CARD,PAID,14520.00,2024-11-27 19:10:25
7000005689,1000005689,20241127,329,2,4,TRANSFER,PAID,65340.00,2024-11-27 19:55:20
7000005691,1000005691,20241127,758,2,2,TRANSFER,PAID,18150.00,2024-11-27 20:43:06
7000005697,1000005697,20241128,2025,2,1,CARD,PAID,18150.00,2024-11-28 12:18:56
7000005701,1000005701,20241128,897,2,2,CASH,PAID,18150.00,2024-11-28 13:13:21
7000005703,1000005703,20241128,2026,2,3,CASH,PAID,18150.00,2024-11-28 13:25:40
7000005705,1000005705,20241128,1635,2,2,TRANSFER,PAID,14520.00,2024-11-28 14:32:41
7000005706,1000005706,20241128,1589,2,1,CARD,PAID,49005.00,2024-11-28 15:32:27
7000005707,1000005707,20241128,258,2,1,TRANSFER,PAID,43560.00,2024-11-28 16:20:20
7000005710,1000005710,20241128,515,2,3,CASH,PAID,14520.00,2024-11-28 20:27:12
7000005717,1000005717,20241129,301,2,1,TRANSFER,PAID,14520.00,2024-11-29 10:43:56
7000005722,1000005722,20241129,60,2,1,CASH,PAID,14520.00,2024-11-29 15:07:22
7000005723,1000005723,20241129,1015,2,3,CASH,PAID,16335.00,2024-11-29 16:17:54
7000005727,1000005727,20241129,770,2,1,CARD,REFUNDED,14520.00,2024-11-29 18:21:02
7000005730,1000005730,20241129,1583,2,1,CARD,FAILED,30603.00,
7000005731,1000005731,20241129,805,2,4,CARD,PAID,18150.00,2024-11-29 19:49:52
7000005732,1000005732,20241129,2034,2,1,TRANSFER,PAID,16335.00,2024-11-29 20:12:13
7000005733,1000005733,20241129,1855,2,1,CARD,PAID,65340.00,2024-11-29 20:35:15
7000005746,1000005746,20241130,1318,2,2,CASH,PAID,14520.00,2024-11-30 11:08:32
7000005747,1000005747,20241130,1656,2,1,CARD,PAID,18150.00,2024-11-30 11:12:51
7000005752,1000005752,20241130,665,2,3,CASH,PAID,43560.00,2024-11-30 13:44:13
7000005753,1000005753,20241130,2039,2,2,CARD,PAID,45738.00,2024-11-30 14:19:32
7000005755,1000005755,20241130,2040,2,1,CARD,PAID,13068.00,2024-11-30 15:18:27
7000005756,1000005756,20241130,1517,2,2,TRANSFER,PAID,16335.00,2024-11-30 15:51:34
7000005758,1000005758,20241130,2041,2,2,CASH,PAID,14520.00,2024-11-30 16:29:50
7000005759,1000005759,20241130,1292,2,4,CASH,PAID,14520.00,2024-11-30 16:37:22
7000005760,1000005760,20241130,1839,2,4,CARD,PAID,26136.00,2024-11-30 16:44:11
7000005761,1000005761,20241130,1432,2,4,CASH,PAID,50820.00,2024-11-30 17:03:08
7000005762,1000005762,20241130,618,2,4,CARD,PAID,13068.00,2024-11-30 17:11:36
7000005763,1000005763,20241130,1585,2,3,CARD,PAID,18150.00,2024-11-30 18:12:51
7000005765,1000005765,20241130,1846,2,1,CARD,PAID,13068.00,2024-11-30 18:59:43
7000005766,1000005766,20241130,2042,2,3,TRANSFER,PAID,65340.00,2024-11-30 19:16:43
7000005767,1000005767,20241130,641,2,3,CASH,PAID,18150.00,2024-11-30 19:16:11
7000005803,1000005803,20241202,1489,2,2,CARD,PAID,36300.00,2024-12-02 10:44:14
7000005804,1000005804,20241202,1569,2,1,CASH,PAID,36300.00,2024-12-02 11:10:16
7000005807,1000005807,20241202,866,2,3,TRANSFER,PAID,50820.00,2024-12-02 13:12:41
7000005808,1000005808,20241202,2055,2,1,CARD,PAID,14520.00,2024-12-02 13:18:03
7000005813,1000005813,20241202,2056,2,2,CASH,PAID,18150.00,2024-12-02 16:37:20
7000005817,1000005817,20241202,1005,2,1,CARD,PAID,47190.00,2024-12-02 17:23:45
7000005818,1000005818,20241202,743,2,2,TRANSFER,PAID,18150.00,2024-12-02 17:47:25
7000005821,1000005821,20241202,1655,2,3,CARD,PAID,14520.00,2024-12-02 19:18:32
7000005832,1000005832,20241203,1571,2,2,CARD,PAID,18150.00,2024-12-03 12:47:51
7000005833,1000005833,20241203,1291,2,2,CARD,PAID,16020.00,2024-12-03 13:19:32
7000005837,1000005837,20241203,455,2,2,CASH,PAID,29040.00,2024-12-03 16:27:14
7000005838,1000005838,20241203,1327,2,4,TRANSFER,PAID,68970.00,2024-12-03 16:49:00
7000005841,1000005841,20241203,1698,2,3,CASH,PAID,18150.00,2024-12-03 17:45:01
7000005842,1000005842,20241203,1676,2,4,CARD,PAID,14520.00,2024-12-03 18:39:25
7000005845,1000005845,20241203,2064,2,2,CARD,PAID,18150.00,2024-12-03 20:54:53
7000005853,1000005853,20241204,2067,2,4,CARD,PAID,61710.00,2024-12-04 12:01:09
7000005858,1000005858,20241204,1086,2,4,CASH,PAID,18150.00,2024-12-04 13:46:18
7000005862,1000005862,20241204,1493,2,1,TRANSFER,PAID,54450.00,2024-12-04 16:12:09
7000005864,1000005864,20241204,617,2,4,CARD,PAID,18150.00,2024-12-04 16:52:50
7000005865,1000005865,20241204,1695,2,2,CARD,PAID,18150.00,2024-12-04 17:46:35
7000005875,1000005875,20241205,1456,2,2,CASH,PAID,18150.00,2024-12-05 11:32:06
7000005876,1000005876,20241205,1104,2,1,CASH,PAID,18150.00,2024-12-05 12:16:30
7000005877,1000005877,20241205,1618,2,2,TRANSFER,PAID,18150.00,2024-12-05 12:24:21
7000005879,1000005879,20241205,1003,2,3,CARD,PAID,18150.00,2024-12-05 16:58:39
7000005880,1000005880,20241205,1377,2,4,CASH,PAID,14520.00,2024-12-05 17:15:48
7000005881,1000005881,20241205,1939,2,1,CASH,PAID,68970.00,2024-12-05 17:16:31
7000005883,1000005883,20241205,1649,2,4,CASH,PAID,54450.00,2024-12-05 19:18:10
7000005884,1000005884,20241205,2070,2,1,CASH,PAID,87120.00,2024-12-05 19:34:22
7000005886,1000005886,20241205,1692,2,1,CASH,PAID,14520.00,2024-12-05 20:26:45
7000005889,1000005889,20241206,1523,2,2,CASH,PAID,18150.00,2024-12-06 10:25:50
7000005890,1000005890,20241206,1208,2,2,CARD,PAID,14520.00,2024-12-06 10:36:26
7000005893,1000005893,20241206,2071,2,1,CASH,PAID,18150.00,2024-12-06 12:00:38
7000005896,1000005896,20241206,1627,2,2,CARD,PAID,29040.00,2024-12-06 14:11:28
7000005898,1000005898,20241206,1776,2,3,CARD,PAID,14520.00,2024-12-06 15:18:41
7000005899,1000005899,20241206,903,2,2,CARD,PAID,43560.00,2024-12-06 15:23:44
7000005904,1000005904,20241206,1325,2,1,CARD,FAILED,29040.00,
7000005905,1000005905,20241206,1851,2,4,CASH,PAID,29040.00,2024-12-06 19:28:52
7000005906,1000005906,20241206,338,2,1,CARD,PAID,54450.00,2024-12-06 20:37:15
7000005910,1000005910,20241207,380,2,3,CARD,PAID,50820.00,2024-12-07 10:25:54
7000005912,1000005912,20241207,1546,2,1,CARD,PAID,72600.00,2024-12-07 11:09:44
7000005913,1000005913,20241207,2073,2,3,TRANSFER,PAID,18150.00,2024-12-07 12:12:13
7000005914,1000005914,20241207,890,2,4,CASH,PAID,61710.00,2024-12-07 12:39:45
7000005915,1000005915,20241207,1960,2,2,CARD,PAID,54450.00,2024-12-07 13:18:05
7000005916,1000005916,20241207,1169,2,4,TRANSFER,PAID,14520.00,2024-12-07 13:27:05
7000005918,1000005918,20241207,588,2,2,TRANSFER,PAID,14520.00,2024-12-07 14:39:33
7000005919,1000005919,20241207,1820,2,2,CASH,PAID,14520.00,2024-12-07 15:01:05
7000005920,1000005920,20241207,1209,2,1,CASH,PAID,14520.00,2024-12-07 15:22:42
7000005921,1000005921,20241207,750,2,1,CASH,PAID,18150.00,2024-12-07 15:27:27
7000005922,1000005922,20241207,212,2,1,CASH,PAID,14520.00,2024-12-07 17:12:38
7000005923,1000005923,20241207,1382,2,2,CASH,PAID,94380.00,2024-12-07 19:02:27
7000005924,1000005924,20241207,882,2,1,CARD,PAID,26136.00,2024-12-07 19:02:32
7000005954,1000005954,20241209,1435,2,4,CARD,PAID,32670.00,2024-12-09 13:19:37
7000005956,1000005956,20241209,1477,2,1,CARD,PAID,14520.00,2024-12-09 14:44:50
7000005957,1000005957,20241209,2084,2,3,CASH,PAID,43560.00,2024-12-09 15:07:24
7000005958,1000005958,20241209,1146,2,4,CARD,PAID,18150.00,2024-12-09 17:00:23
7000005959,1000005959,20241209,1585,2,3,CASH,PAID,32670.00,2024-12-09 17:52:42
7000005961,1000005961,20241209,1688,2,1,CARD,PAID,18150.00,2024-12-09 17:56:25
7000005963,1000005963,20241209,1586,2,1,CASH,PAID,14520.00,2024-12-09 19:22:05
7000005965,1000005965,20241209,583,2,4,CASH,PAID,29040.00,2024-12-09 19:31:44
7000005977,1000005977,20241210,580,2,3,CARD,PAID,29040.00,2024-12-10 11:14:13
7000005978,1000005978,20241210,87,2,1,CARD,PAID,98736.00,2024-12-10 11:30:42
7000005979,1000005979,20241210,1942,2,3,CASH,PAID,50820.00,2024-12-10 11:33:35
7000005982,1000005982,20241210,896,2,2,CARD,PAID,29040.00,2024-12-10 12:23:33
7000005986,1000005986,20241210,1495,2,1,CASH,PAID,18150.00,2024-12-10 13:27:40
7000005988,1000005988,20241210,2088,2,2,CARD,PAID,18150.00,2024-12-10 14:05:18
7000005998,1000005998,20241210,2090,2,4,CARD,PAID,13068.00,2024-12-10 17:21:34
7000005999,1000005999,20241210,2091,2,2,CARD,PAID,29040.00,2024-12-10 17:36:39
7000006004,1000006004,20241210,1920,2,1,CASH,PAID,29040.00,2024-12-10 19:06:24
7000006007,1000006007,20241210,117,2,2,CARD,PAID,18150.00,2024-12-10 19:44:36
7000006008,1000006008,20241210,722,2,3,CARD,PAID,50820.00,2024-12-10 20:02:14
7000006009,1000006009,20241210,660,2,1,TRANSFER,PAID,26136.00,2024-12-10 20:10:16
7000006010,1000006010,20241210,2092,2,2,CASH,PAID,58080.00,2024-12-10 20:22:20
7000006024,1000006024,20241211,1230,2,2,CARD,PAID,18150.00,2024-12-11 11:54:14
7000006025,1000006025,20241211,1246,2,4,CASH,PAID,36300.00,2024-12-11 12:13:34
7000006026,1000006026,20241211,1873,2,3,CARD,PAID,54450.00,2024-12-11 14:51:12
7000006029,1000006029,20241211,2096,2,4,CASH,PAID,26136.00,2024-12-11 16:17:29
7000006034,1000006034,20241211,2097,2,3,CARD,PAID,54450.00,2024-12-11 17:56:27
7000006035,1000006035,20241211,1363,2,3,CARD,FAILED,50820.00,
7000006036,1000006036,20241211,1931,2,2,CARD,FAILED,14520.00,
7000006038,1000006038,20241211,308,2,2,CASH,PAID,47190.00,2024-12-11 19:20:53
7000006039,1000006039,20241211,2099,2,1,TRANSFER,PAID,32670.00,2024-12-11 19:28:01
7000006040,1000006040,20241211,1904,2,2,CARD,PAID,32670.00,2024-12-11 19:34:13
7000006041,1000006041,20241211,1122,2,1,TRANSFER,PAID,32670.00,2024-12-11 19:40:44
7000006042,1000006042,20241211,2100,2,4,CASH,PAID,72600.00,2024-12-11 19:52:18
7000006043,1000006043,20241211,1634,2,2,CARD,PAID,47190.00,2024-12-11 20:00:11
7000006044,1000006044,20241211,1157,2,4,CARD,PAID,18150.00,2024-12-11 20:40:06
7000006051,1000006051,20241212,1901,2,3,CARD,PAID,215985.00,2024-12-12 10:10:02
7000006052,1000006052,20241212,1443,2,1,CARD,PAID,87120.00,2024-12-12 11:20:29
7000006053,1000006053,20241212,647,2,3,CASH,PAID,36300.00,2024-12-12 11:54:42
7000006054,1000006054,20241212,1602,2,2,CARD,PAID,54450.00,2024-12-12 12:46:40
7000006056,1000006056,20241212,1430,2,2,CARD,PAID,14520.00,2024-12-12 14:23:43
7000006058,1000006058,20241212,646,2,4,TRANSFER,PAID,36300.00,2024-12-12 14:40:58
7000006063,1000006063,20241212,2104,2,2,TRANSFER,PAID,29040.00,2024-12-12 16:24:12
7000006066,1000006066,20241212,2106,2,4,CASH,PAID,72600.00,2024-12-12 17:14:23
7000006068,1000006068,20241212,143,2,2,CARD,PAID,19650.00,2024-12-12 17:41:32
7000006069,1000006069,20241212,2107,2,2,CARD,PAID,18150.00,2024-12-12 17:47:27
7000006071,1000006071,20241212,1295,2,1,TRANSFER,PAID,18150.00,2024-12-12 18:21:40
7000006073,1000006073,20241212,1197,2,4,CARD,PAID,14520.00,2024-12-12 19:06:36
7000006075,1000006075,20241212,1207,2,3,CASH,PAID,14520.00,2024-12-12 19:31:46
7000006077,1000006077,20241212,1131,2,3,TRANSFER,PAID,14520.00,2024-12-12 20:04:47
7000006079,1000006079,20241212,1963,2,1,TRANSFER,PAID,14520.00,2024-12-12 20:07:46
7000006080,1000006080,20241212,1884,2,1,CARD,PAID,32670.00,2024-12-12 20:08:44
7000006082,1000006082,20241212,41,2,1,CARD,PAID,15720.00,2024-12-12 20:28:06
7000006095,1000006095,20241213,1112,2,1,CARD,PAID,29040.00,2024-12-13 11:04:15
7000006097,1000006097,20241213,1192,2,3,CASH,PAID,47190.00,2024-12-13 12:00:18
7000006098,1000006098,20241213,801,2,4,TRANSFER,PAID,54450.00,2024-12-13 12:02:38
7000006099,1000006099,20241213,2118,2,2,CASH,PAID,18150.00,2024-12-13 12:15:19
7000006101,1000006101,20241213,1758,2,2,CASH,PAID,18150.00,2024-12-13 12:40:15
7000006103,1000006103,20241213,1863,2,3,CARD,PAID,32670.00,2024-12-13 13:18:24
7000006104,1000006104,20241213,1861,2,1,CASH,PAID,54450.00,2024-12-13 13:46:02
7000006106,1000006106,20241213,2120,2,3,CARD,PAID,18150.00,2024-12-13 14:03:55
7000006107,1000006107,20241213,1045,2,1,CARD,PAID,14520.00,2024-12-13 14:11:34
7000006108,1000006108,20241213,1089,2,1,CARD,PAID,36300.00,2024-12-13 14:28:13
7000006109,1000006109,20241213,386,2,4,CARD,PAID,14520.00,2024-12-13 14:44:14
7000006110,1000006110,20241213,542,2,2,CARD,PAID,14520.00,2024-12-13 15:12:54
7000006111,1000006111,20241213,160,2,1,CASH,PAID,54450.00,2024-12-13 17:09:56
7000006112,1000006112,20241213,803,2,1,CARD,PAID,32670.00,2024-12-13 17:16:57
7000006113,1000006113,20241213,1401,2,1,CASH,PAID,36300.00,2024-12-13 17:49:39
7000006114,1000006114,20241213,1176,2,2,CASH,PAID,54450.00,2024-12-13 18:02:04
7000006115,1000006115,20241213,1603,2,4,CASH,PAID,36300.00,2024-12-13 18:20:55
7000006116,1000006116,20241213,2122,2,4,CASH,PAID,18150.00,2024-12-13 18:26:16
7000006117,1000006117,20241213,1531,2,1,CARD,PAID,29040.00,2024-12-13 18:30:05
7000006118,1000006118,20241213,1064,2,2,CARD,PAID,18150.00,2024-12-13 18:29:47
7000006119,1000006119,20241213,925,2,2,CASH,PAID,14520.00,2024-12-13 18:40:42
7000006120,1000006120,20241213,2123,2,2,CARD,PAID,29040.00,2024-12-13 18:40:43
7000006121,1000006121,20241213,859,2,2,TRANSFER,PAID,43560.00,2024-12-13 18:51:34
7000006123,1000006123,20241213,508,2,2,CARD,REFUNDED,36300.00,2024-12-13 19:15:22
7000006124,1000006124,20241213,2124,2,1,CASH,PAID,78408.00,2024-12-13 19:43:20
7000006125,1000006125,20241213,1394,2,1,CASH,PAID,36300.00,2024-12-13 19:42:57
7000006127,1000006127,20241213,1662,2,1,CASH,PAID,14520.00,2024-12-13 20:05:50
7000006130,1000006130,20241213,2125,2,1,CASH,PAID,19350.00,2024-12-13 20:57:05
7000006139,1000006139,20241214,1559,2,2,CARD,PAID,36300.00,2024-12-14 11:25:59
7000006140,1000006140,20241214,1381,2,2,CARD,FAILED,14520.00,
7000006141,1000006141,20241214,1579,2,4,CASH,PAID,32670.00,2024-12-14 12:24:46
7000004098,1000004098,20240902,944,1,,GATEWAY,PAID,15720.00,2024-09-03 06:05:31
7000004099,1000004099,20240902,488,1,,GATEWAY,PAID,16020.00,2024-09-02 17:29:02
7000004101,1000004101,20240902,973,1,,CARD,PAID,16020.00,2024-09-02 18:22:27
7000004104,1000004104,20240902,356,1,,GATEWAY,REFUNDED,83490.00,2024-09-02 20:02:11
7000004105,1000004105,20240902,615,1,,GATEWAY,FAILED,52320.00,
7000004106,1000004106,20240902,1504,1,,CARD,PAID,19650.00,2024-09-02 21:18:19
7000004107,1000004107,20240902,894,1,,GATEWAY,PAID,79860.00,2024-09-02 22:10:32
7000004108,1000004108,20240903,1330,1,,CARD,PAID,16020.00,2024-09-03 00:14:52
7000004109,1000004109,20240903,1502,1,,GATEWAY,PAID,19350.00,2024-09-03 09:32:59
7000004110,1000004110,20240903,176,1,,GATEWAY,PAID,19350.00,2024-09-03 10:35:37
7000004111,1000004111,20240903,502,1,,GATEWAY,PAID,58080.00,2024-09-03 11:12:39
7000004116,1000004116,20240903,1487,1,,GATEWAY,FAILED,44760.00,
7000004118,1000004118,20240903,1399,1,,CARD,FAILED,15720.00,
7000004120,1000004120,20240903,681,1,,CARD,PAID,15720.00,2024-09-03 18:36:02
7000004121,1000004121,20240903,652,1,,CARD,PAID,19350.00,2024-09-03 20:07:53
7000004122,1000004122,20240903,1659,1,,CARD,PAID,52020.00,2024-09-03 20:56:41
7000004123,1000004123,20240904,73,1,,GATEWAY,PAID,65340.00,2024-09-04 01:54:30
7000004124,1000004124,20240904,1660,1,,GATEWAY,PAID,16020.00,2024-09-04 08:00:12
7000004125,1000004125,20240904,1378,1,,CARD,PAID,48690.00,2024-09-04 10:56:06
7000004127,1000004127,20240904,578,1,,GATEWAY,PAID,15720.00,2024-09-04 14:18:53
7000004128,1000004128,20240904,1661,1,,CARD,FAILED,15720.00,
7000004130,1000004130,20240904,233,1,,CARD,PAID,52320.00,2024-09-04 17:56:59
7000004131,1000004131,20240904,1582,1,,CARD,PAID,37800.00,2024-09-04 18:10:29
7000004135,1000004135,20240904,1663,1,,GATEWAY,PAID,72600.00,2024-09-04 19:53:33
7000004136,1000004136,20240904,182,1,,CARD,PAID,34470.00,2024-09-04 20:03:53
7000004138,1000004138,20240904,1479,1,,GATEWAY,PAID,15720.00,2024-09-04 21:08:22
7000004139,1000004139,20240904,876,1,,GATEWAY,PAID,29088.00,2024-09-05 04:55:06
7000004140,1000004140,20240904,878,1,,CARD,PAID,37800.00,2024-09-04 22:01:07
7000004141,1000004141,20240904,165,1,,GATEWAY,PAID,34170.00,2024-09-04 23:22:04
7000004142,1000004142,20240905,257,1,,GATEWAY,PAID,30540.00,2024-09-05 00:06:59
7000004149,1000004149,20240905,1665,1,,GATEWAY,PAID,37800.00,2024-09-05 12:02:25
7000004155,1000004155,20240905,1162,1,,CARD,PAID,30240.00,2024-09-05 19:24:40
7000004157,1000004157,20240905,581,1,,GATEWAY,PAID,16320.00,2024-09-05 21:12:18
7000004158,1000004158,20240905,948,1,,CARD,PAID,16020.00,2024-09-05 22:00:14
7000004159,1000004159,20240905,1667,1,,GATEWAY,PAID,58080.00,2024-09-06 05:08:05
7000004160,1000004160,20240906,1668,1,,CARD,PAID,30540.00,2024-09-06 00:44:03
7000004161,1000004161,20240906,922,1,,GATEWAY,PAID,68970.00,2024-09-06 13:28:08
7000004162,1000004162,20240906,1003,1,,GATEWAY,PAID,19650.00,2024-09-06 10:49:32
7000004163,1000004163,20240906,648,1,,CARD,FAILED,19350.00,
7000004169,1000004169,20240906,1528,1,,GATEWAY,PAID,52320.00,2024-09-06 14:41:25
7000004174,1000004174,20240906,316,1,,CARD,FAILED,76230.00,
7000004175,1000004175,20240906,61,1,,GATEWAY,PAID,19350.00,2024-09-07 01:37:24
7000004178,1000004178,20240906,1271,1,,GATEWAY,PAID,16020.00,2024-09-07 06:38:12
7000004179,1000004179,20240906,742,1,,CARD,PAID,34170.00,2024-09-06 22:10:42
7000004180,1000004180,20240906,1313,1,,CARD,PAID,58080.00,2024-09-06 22:28:30
7000004181,1000004181,20240907,1093,1,,CARD,REFUNDED,16020.00,2024-09-07 07:06:50
7000004185,1000004185,20240907,1670,1,,GATEWAY,PAID,37500.00,2024-09-07 12:54:32
7000004189,1000004189,20240907,1016,1,,CARD,FAILED,15720.00,
7000004191,1000004191,20240907,1672,1,,GATEWAY,PAID,15720.00,2024-09-07 18:32:50
7000004193,1000004193,20240907,1673,1,,CARD,PAID,45060.00,2024-09-07 19:34:31
7000004196,1000004196,20240907,741,1,,GATEWAY,PAID,37800.00,2024-09-07 21:47:07
7000004197,1000004197,20240907,1423,1,,GATEWAY,PAID,19350.00,2024-09-07 21:49:26
7000004198,1000004198,20240907,1371,1,,CARD,PAID,54450.00,2024-09-07 22:22:11
7000004199,1000004199,20240908,420,1,,CARD,PAID,58080.00,2024-09-08 04:43:43
7000004200,1000004200,20240908,2,1,,CARD,PAID,34170.00,2024-09-08 09:05:32
7000004201,1000004201,20240908,1114,1,,CARD,PAID,16320.00,2024-09-08 12:43:55
7000004202,1000004202,20240908,1510,1,,GATEWAY,PAID,16020.00,2024-09-08 12:49:59
7000004203,1000004203,20240908,1163,1,,CARD,PAID,19650.00,2024-09-08 19:28:43
7000004204,1000004204,20240908,27,1,,GATEWAY,PAID,30540.00,2024-09-08 21:27:28
7000004205,1000004205,20240908,1213,1,,CARD,PAID,58080.00,2024-09-08 21:54:46
7000004206,1000004206,20240908,1674,1,,CARD,PAID,116160.00,2024-09-08 23:59:37
7000004207,1000004207,20240909,543,1,,GATEWAY,PAID,19650.00,2024-09-09 07:34:43
7000004214,1000004214,20240909,1030,1,,CARD,PAID,33870.00,2024-09-09 16:27:27
7000004219,1000004219,20240909,1677,1,,CARD,PAID,44760.00,2024-09-09 20:00:27
7000004220,1000004220,20240909,136,1,,GATEWAY,PAID,37500.00,2024-09-09 20:26:09
7000004221,1000004221,20240909,480,1,,CARD,PAID,19650.00,2024-09-09 20:42:56
7000004222,1000004222,20240910,1678,1,,CARD,PAID,14268.00,2024-09-10 06:09:57
7000004223,1000004223,20240910,48,1,,CARD,PAID,19650.00,2024-09-10 06:29:43
7000004224,1000004224,20240910,1679,1,,CARD,PAID,17835.00,2024-09-10 07:02:22
7000004225,1000004225,20240910,125,1,,CARD,PAID,16020.00,2024-09-10 10:22:39
7000004226,1000004226,20240910,1680,1,,CARD,PAID,19350.00,2024-09-10 10:36:32
7000004227,1000004227,20240910,1681,1,,CARD,PAID,27636.00,2024-09-10 10:50:03
7000004228,1000004228,20240910,1682,1,,GATEWAY,PAID,19650.00,2024-09-10 12:42:21
7000004229,1000004229,20240910,58,1,,CARD,PAID,19350.00,2024-09-10 13:39:41
7000004232,1000004232,20240910,1340,1,,GATEWAY,PAID,33870.00,2024-09-10 15:14:06
7000004233,1000004233,20240910,1646,1,,GATEWAY,PAID,72600.00,2024-09-10 16:09:54
7000004234,1000004234,20240910,1420,1,,CARD,PAID,68970.00,2024-09-10 16:25:22
7000004239,1000004239,20240910,905,1,,GATEWAY,PAID,19950.00,2024-09-10 18:56:13
7000004241,1000004241,20240910,1684,1,,GATEWAY,PAID,83490.00,2024-09-10 23:02:16
7000004242,1000004242,20240910,1685,1,,CARD,PAID,87120.00,2024-09-10 23:16:56
7000004243,1000004243,20240911,1604,1,,CARD,PAID,37800.00,2024-09-11 00:12:35
7000004244,1000004244,20240911,45,1,,CARD,PAID,48690.00,2024-09-11 08:28:51
7000004245,1000004245,20240911,1687,1,,CARD,PAID,46030.50,2024-09-11 11:22:50
7000004249,1000004249,20240911,1429,1,,CARD,PAID,19650.00,2024-09-11 13:57:31
7000004252,1000004252,20240911,1352,1,,CARD,PAID,19650.00,2024-09-11 18:18:06
7000004253,1000004253,20240911,1620,1,,GATEWAY,PAID,33870.00,2024-09-12 00:28:47
7000004254,1000004254,20240911,1692,1,,GATEWAY,PAID,15720.00,2024-09-11 18:43:07
7000004256,1000004256,20240911,930,1,,CARD,PAID,44760.00,2024-09-11 18:58:31
7000004257,1000004257,20240911,1020,1,,GATEWAY,REFUNDED,16020.00,2024-09-11 19:01:19
7000004259,1000004259,20240911,1693,1,,CARD,PAID,16020.00,2024-09-11 20:42:24
7000004260,1000004260,20240911,1179,1,,GATEWAY,FAILED,52020.00,
7000004261,1000004261,20240911,63,1,,CARD,PAID,19350.00,2024-09-11 23:29:20
7000004262,1000004262,20240911,1694,1,,CARD,PAID,19650.00,2024-09-11 23:35:57
7000004264,1000004264,20240912,226,1,,CARD,PAID,33870.00,2024-09-12 10:50:41
7000004265,1000004265,20240912,542,1,,CARD,PAID,30540.00,2024-09-12 11:37:59
7000004268,1000004268,20240912,489,1,,CARD,PAID,30240.00,2024-09-12 11:56:11
7000004270,1000004270,20240912,496,1,,GATEWAY,PAID,37500.00,2024-09-12 15:52:34
7000004273,1000004273,20240912,828,1,,GATEWAY,REFUNDED,19042.50,2024-09-12 17:50:24
7000004276,1000004276,20240912,425,1,,CARD,PAID,34170.00,2024-09-12 22:47:42
7000004277,1000004277,20240912,764,1,,CARD,PAID,30240.00,2024-09-12 23:18:59
7000004278,1000004278,20240913,1038,1,,CARD,PAID,30540.00,2024-09-13 00:23:53
7000004279,1000004279,20240913,1078,1,,GATEWAY,PAID,30240.00,2024-09-13 01:59:24
7000004280,1000004280,20240913,69,1,,GATEWAY,PAID,45360.00,2024-09-13 07:21:29
7000004282,1000004282,20240913,89,1,,CARD,PAID,19650.00,2024-09-13 10:20:38
7000004284,1000004284,20240913,1479,1,,CARD,PAID,87120.00,2024-09-13 11:12:21
7000004285,1000004285,20240913,913,1,,GATEWAY,PAID,30540.00,2024-09-13 11:42:46
7000004288,1000004288,20240913,1138,1,,GATEWAY,PAID,52020.00,2024-09-13 12:35:22
7000004291,1000004291,20240913,1185,1,,GATEWAY,PAID,38100.00,2024-09-13 13:43:04
7000004293,1000004293,20240913,1699,1,,CARD,PAID,30840.00,2024-09-13 17:46:13
7000004295,1000004295,20240913,1436,1,,CARD,PAID,16320.00,2024-09-13 19:08:34
7000004297,1000004297,20240914,789,1,,CARD,PAID,19650.00,2024-09-14 01:44:46
7000004298,1000004298,20240914,281,1,,GATEWAY,PAID,52020.00,2024-09-14 02:13:27
7000004303,1000004303,20240914,1702,1,,GATEWAY,PAID,16020.00,2024-09-14 15:29:40
7000004306,1000004306,20240914,354,1,,GATEWAY,PAID,30540.00,2024-09-14 16:31:22
7000004307,1000004307,20240914,1703,1,,CARD,PAID,16020.00,2024-09-14 18:03:08
7000004309,1000004309,20240914,15,1,,CARD,PAID,15720.00,2024-09-14 18:26:16
7000004313,1000004313,20240914,1244,1,,CARD,PAID,19350.00,2024-09-14 20:55:28
7000004314,1000004314,20240914,1705,1,,CARD,PAID,72600.00,2024-09-14 21:45:40
7000004315,1000004315,20240914,1706,1,,CARD,REFUNDED,58080.00,2024-09-14 22:03:35
7000004316,1000004316,20240915,1345,1,,GATEWAY,PAID,19350.00,2024-09-15 00:09:30
7000004317,1000004317,20240915,1707,1,,CARD,PAID,16320.00,2024-09-15 05:56:44
7000004318,1000004318,20240915,1708,1,,CARD,PAID,37500.00,2024-09-15 08:47:28
7000004319,1000004319,20240915,667,1,,GATEWAY,PAID,19650.00,2024-09-15 10:40:15
7000004320,1000004320,20240915,1637,1,,GATEWAY,PAID,65340.00,2024-09-15 22:36:38
7000004321,1000004321,20240915,1047,1,,CARD,PAID,48690.00,2024-09-15 15:08:20
7000004322,1000004322,20240915,1407,1,,CARD,PAID,58080.00,2024-09-15 18:27:04
7000004323,1000004323,20240915,1709,1,,GATEWAY,PAID,44760.00,2024-09-15 21:46:02
7000004324,1000004324,20240916,1710,1,,GATEWAY,PAID,16020.00,2024-09-16 10:12:03
7000004325,1000004325,20240916,399,1,,GATEWAY,PAID,37800.00,2024-09-16 10:15:53
7000004327,1000004327,20240916,507,1,,CARD,PAID,48690.00,2024-09-16 12:28:13
7000004328,1000004328,20240916,1285,1,,CARD,PAID,58080.00,2024-09-16 14:29:25
7000004329,1000004329,20240916,897,1,,GATEWAY,PAID,37800.00,2024-09-16 16:25:33
7000004332,1000004332,20240916,1239,1,,CARD,PAID,15720.00,2024-09-16 18:28:05
7000004333,1000004333,20240916,1129,1,,CARD,PAID,19042.50,2024-09-16 18:41:26
7000004334,1000004334,20240916,1165,1,,CARD,PAID,15720.00,2024-09-16 19:24:58
7000004337,1000004337,20240916,1712,1,,CARD,PAID,19350.00,2024-09-16 20:31:19
7000004339,1000004339,20240917,1713,1,,GATEWAY,PAID,30240.00,2024-09-17 12:18:07
7000004343,1000004343,20240917,32,1,,CARD,PAID,19650.00,2024-09-17 14:02:46
7000004344,1000004344,20240917,1715,1,,CARD,PAID,32536.50,2024-09-17 14:46:19
7000004345,1000004345,20240917,1716,1,,GATEWAY,FAILED,65340.00,
7000004347,1000004347,20240917,851,1,,CARD,PAID,19650.00,2024-09-17 17:07:52
7000004349,1000004349,20240917,1174,1,,CARD,PAID,45060.00,2024-09-17 18:19:42
7000004351,1000004351,20240917,1279,1,,GATEWAY,PAID,19650.00,2024-09-17 21:44:19
7000004352,1000004352,20240917,1717,1,,GATEWAY,PAID,30240.00,2024-09-17 22:03:57
7000004353,1000004353,20240917,1541,1,,GATEWAY,PAID,16020.00,2024-09-17 22:07:58
7000004354,1000004354,20240917,1588,1,,CARD,PAID,15720.00,2024-09-17 22:27:53
7000004355,1000004355,20240917,361,1,,GATEWAY,PAID,42582.00,2024-09-17 22:38:02
7000004356,1000004356,20240917,547,1,,CARD,PAID,30240.00,2024-09-17 23:53:46
7000004357,1000004357,20240918,328,1,,CARD,PAID,19650.00,2024-09-18 10:00:17
7000004358,1000004358,20240918,1399,1,,CARD,PAID,33870.00,2024-09-18 11:05:09
7000004359,1000004359,20240918,971,1,,GATEWAY,PAID,15720.00,2024-09-18 11:14:46
7000004360,1000004360,20240918,997,1,,GATEWAY,PAID,16020.00,2024-09-18 11:15:51
7000004362,1000004362,20240918,935,1,,GATEWAY,PAID,16020.00,2024-09-18 13:06:06
7000004363,1000004363,20240918,1718,1,,GATEWAY,PAID,54450.00,2024-09-18 13:37:54
7000004364,1000004364,20240918,1719,1,,GATEWAY,PAID,34170.00,2024-09-18 15:37:08
7000004365,1000004365,20240918,670,1,,GATEWAY,PAID,48390.00,2024-09-18 15:49:13
7000004366,1000004366,20240918,1720,1,,GATEWAY,PAID,58080.00,2024-09-18 15:51:35
7000004368,1000004368,20240918,1721,1,,GATEWAY,PAID,45060.00,2024-09-18 17:13:14
7000004370,1000004370,20240918,497,1,,CARD,PAID,15720.00,2024-09-18 20:04:55
7000004372,1000004372,20240918,1722,1,,CARD,PAID,45060.00,2024-09-18 21:37:19
7000004373,1000004373,20240918,1723,1,,CARD,REFUNDED,45060.00,2024-09-18 21:55:36
7000004374,1000004374,20240919,1042,1,,CARD,PAID,30240.00,2024-09-19 08:58:32
7000004375,1000004375,20240919,1238,1,,CARD,PAID,58080.00,2024-09-19 09:16:36
7000004376,1000004376,20240919,849,1,,CARD,PAID,72600.00,2024-09-19 10:12:25
7000004378,1000004378,20240919,886,1,,GATEWAY,PAID,34170.00,2024-09-19 10:58:21
7000004380,1000004380,20240919,1449,1,,GATEWAY,PAID,42582.00,2024-09-19 11:39:42
7000004383,1000004383,20240919,1724,1,,CARD,PAID,30240.00,2024-09-19 15:55:48
7000004385,1000004385,20240919,31,1,,GATEWAY,PAID,54450.00,2024-09-19 16:46:38
7000004386,1000004386,20240919,1725,1,,CARD,PAID,37500.00,2024-09-19 16:46:22
7000004387,1000004387,20240919,986,1,,CARD,REFUNDED,54450.00,2024-09-19 17:04:21
7000004391,1000004391,20240919,1302,1,,GATEWAY,PAID,16020.00,2024-09-19 19:57:52
7000004392,1000004392,20240919,991,1,,GATEWAY,PAID,19350.00,2024-09-19 20:24:14
7000004393,1000004393,20240919,725,1,,CARD,PAID,19650.00,2024-09-19 21:08:52
7000004394,1000004394,20240919,1728,1,,CARD,PAID,19350.00,2024-09-19 22:33:04
7000004397,1000004397,20240920,1729,1,,CARD,PAID,16320.00,2024-09-20 12:02:26
7000004398,1000004398,20240920,1730,1,,CARD,PAID,76230.00,2024-09-20 12:26:13
7000004404,1000004404,20240920,1350,1,,GATEWAY,PAID,76230.00,2024-09-20 19:10:40
7000004405,1000004405,20240920,1380,1,,GATEWAY,PAID,54450.00,2024-09-20 19:18:08
7000004406,1000004406,20240920,375,1,,CARD,PAID,30540.00,2024-09-20 19:50:46
7000004407,1000004407,20240920,1732,1,,CARD,PAID,16320.00,2024-09-20 21:16:39
7000004408,1000004408,20240920,1733,1,,CARD,PAID,76230.00,2024-09-20 22:03:58
7000004409,1000004409,20240920,157,1,,CARD,PAID,19350.00,2024-09-20 22:59:35
7000004410,1000004410,20240921,733,1,,GATEWAY,FAILED,72600.00,
7000004411,1000004411,20240921,1057,1,,CARD,PAID,43182.00,2024-09-21 01:16:37
7000004412,1000004412,20240921,878,1,,CARD,PAID,30540.00,2024-09-21 06:06:07
7000004413,1000004413,20240921,1734,1,,CARD,PAID,16020.00,2024-09-21 07:36:53
7000004419,1000004419,20240921,1736,1,,CARD,PAID,33870.00,2024-09-21 13:10:24
7000004423,1000004423,20240921,118,1,,GATEWAY,PAID,19650.00,2024-09-21 15:05:47
7000004424,1000004424,20240921,1738,1,,CARD,PAID,19350.00,2024-09-21 15:17:31
7000004428,1000004428,20240921,438,1,,CARD,PAID,30240.00,2024-09-21 22:45:01
7000004429,1000004429,20240921,1102,1,,GATEWAY,REFUNDED,30240.00,2024-09-22 04:35:28
7000004430,1000004430,20240922,1632,1,,CARD,PAID,30240.00,2024-09-22 01:14:54
7000004431,1000004431,20240922,1741,1,,CARD,PAID,58080.00,2024-09-22 02:08:34
7000004432,1000004432,20240922,1075,1,,CARD,PAID,30540.00,2024-09-22 11:31:25
7000004433,1000004433,20240922,1408,1,,CARD,PAID,34170.00,2024-09-22 12:09:33
7000004434,1000004434,20240922,1572,1,,GATEWAY,PAID,68970.00,2024-09-22 13:25:30
7000004435,1000004435,20240922,1742,1,,CARD,PAID,16020.00,2024-09-22 17:55:11
7000004436,1000004436,20240922,1743,1,,CARD,PAID,19650.00,2024-09-22 20:11:36
7000004437,1000004437,20240922,510,1,,CARD,PAID,37800.00,2024-09-22 21:38:48
7000004438,1000004438,20240923,308,1,,CARD,PAID,19650.00,2024-09-23 09:27:56
7000004439,1000004439,20240923,1744,1,,CARD,PAID,19650.00,2024-09-23 10:00:05
7000004442,1000004442,20240923,785,1,,GATEWAY,REFUNDED,37500.00,2024-09-23 15:05:45
7000004443,1000004443,20240923,1339,1,,GATEWAY,PAID,15294.00,2024-09-23 15:24:12
7000004448,1000004448,20240923,247,1,,CARD,PAID,30240.00,2024-09-23 18:59:21
7000004450,1000004450,20240924,1748,1,,GATEWAY,FAILED,16020.00,
7000004453,1000004453,20240924,1750,1,,CARD,PAID,45060.00,2024-09-24 14:31:35
7000004455,1000004455,20240924,1223,1,,GATEWAY,PAID,44760.00,2024-09-24 14:49:12
7000004456,1000004456,20240924,1540,1,,CARD,PAID,19350.00,2024-09-24 15:27:42
7000004458,1000004458,20240924,1751,1,,GATEWAY,PAID,58080.00,2024-09-24 16:39:40
7000004459,1000004459,20240924,669,1,,GATEWAY,PAID,37800.00,2024-09-24 17:28:05
7000004460,1000004460,20240924,1752,1,,CARD,PAID,38100.00,2024-09-24 18:04:40
7000004461,1000004461,20240924,26,1,,GATEWAY,PAID,19350.00,2024-09-24 18:28:21
7000004462,1000004462,20240924,1322,1,,CARD,PAID,16320.00,2024-09-24 18:41:06
7000004464,1000004464,20240924,1753,1,,CARD,PAID,101640.00,2024-09-24 20:00:07
7000004465,1000004465,20240924,1393,1,,CARD,PAID,31203.00,2024-09-24 20:13:54
7000004466,1000004466,20240924,1005,1,,CARD,PAID,27336.00,2024-09-24 21:29:19
7000004467,1000004467,20240925,1360,1,,GATEWAY,PAID,15720.00,2024-09-25 04:48:25
7000004468,1000004468,20240925,1149,1,,CARD,REFUNDED,101640.00,2024-09-25 10:48:56
7000004471,1000004471,20240925,1754,1,,GATEWAY,PAID,44760.00,2024-09-25 13:05:56
7000004474,1000004474,20240925,626,1,,CARD,PAID,14994.00,2024-09-25 14:14:33
7000004479,1000004479,20240925,1755,1,,CARD,PAID,19350.00,2024-09-25 17:52:30
7000004482,1000004482,20240925,1194,1,,GATEWAY,PAID,72600.00,2024-09-25 23:33:02
7000004484,1000004484,20240925,1054,1,,CARD,PAID,15720.00,2024-09-25 20:36:18
7000004486,1000004486,20240925,970,1,,GATEWAY,PAID,19950.00,2024-09-25 22:02:35
7000004487,1000004487,20240925,719,1,,GATEWAY,PAID,15720.00,2024-09-25 23:09:53
7000004488,1000004488,20240926,1756,1,,CARD,PAID,15720.00,2024-09-26 10:33:34
7000004490,1000004490,20240926,1145,1,,CARD,PAID,30240.00,2024-09-26 11:25:08
7000004492,1000004492,20240926,909,1,,GATEWAY,PAID,83490.00,2024-09-26 13:58:00
7000004495,1000004495,20240926,1478,1,,GATEWAY,PAID,19650.00,2024-09-26 15:17:41
7000004496,1000004496,20240926,938,1,,GATEWAY,PAID,30540.00,2024-09-26 15:10:44
7000004499,1000004499,20240926,1378,1,,CARD,PAID,48690.00,2024-09-26 17:16:20
7000004503,1000004503,20240927,567,1,,CARD,PAID,52020.00,2024-09-27 12:23:02
7000004504,1000004504,20240927,742,1,,GATEWAY,PAID,61710.00,2024-09-27 13:58:45
7000004507,1000004507,20240927,1564,1,,CARD,PAID,19650.00,2024-09-27 16:47:07
7000004509,1000004509,20240927,1663,1,,GATEWAY,PAID,58080.00,2024-09-27 18:29:37
7000004510,1000004510,20240927,1297,1,,CARD,PAID,48690.00,2024-09-27 18:33:27
7000004515,1000004515,20240927,53,1,,GATEWAY,REFUNDED,16320.00,2024-09-27 20:04:48
7000004516,1000004516,20240927,152,1,,GATEWAY,PAID,52320.00,2024-09-27 22:22:20
7000004517,1000004517,20240928,1278,1,,CARD,PAID,38100.00,2024-09-28 02:25:20
7000004518,1000004518,20240928,1762,1,,GATEWAY,PAID,58080.00,2024-09-28 04:22:22
7000004525,1000004525,20240928,185,1,,GATEWAY,PAID,15720.00,2024-09-28 13:39:05
7000004528,1000004528,20240928,1475,1,,GATEWAY,FAILED,34170.00,
7000004532,1000004532,20240928,1764,1,,CARD,PAID,68970.00,2024-09-28 17:39:52
7000004533,1000004533,20240928,1765,1,,CARD,PAID,19350.00,2024-09-28 22:36:45
7000004534,1000004534,20240928,639,1,,GATEWAY,PAID,30240.00,2024-09-29 01:29:54
7000004535,1000004535,20240929,705,1,,CARD,FAILED,37800.00,
7000004536,1000004536,20240929,836,1,,CARD,PAID,30540.00,2024-09-29 09:51:52
7000004537,1000004537,20240929,1267,1,,CARD,PAID,34170.00,2024-09-29 11:11:11
7000004538,1000004538,20240929,1076,1,,CARD,PAID,30240.00,2024-09-29 19:32:35
7000004539,1000004539,20240929,299,1,,CARD,PAID,19650.00,2024-09-29 19:59:58
7000004540,1000004540,20240929,852,1,,GATEWAY,PAID,30840.00,2024-09-29 20:08:44
7000004541,1000004541,20240929,1451,1,,GATEWAY,PAID,19350.00,2024-09-29 21:21:59
7000004542,1000004542,20240929,1766,1,,CARD,PAID,16020.00,2024-09-29 21:54:24
7000004543,1000004543,20240929,1767,1,,CARD,PAID,33870.00,2024-09-29 22:21:19
7000004544,1000004544,20240929,94,1,,GATEWAY,PAID,16020.00,2024-09-29 22:27:31
7000004545,1000004545,20240929,1768,1,,GATEWAY,FAILED,54450.00,
7000004548,1000004548,20240930,359,1,,GATEWAY,PAID,45060.00,2024-10-01 10:23:03
7000004549,1000004549,20240930,1370,1,,GATEWAY,PAID,16020.00,2024-09-30 15:40:45
7000004552,1000004552,20240930,284,1,,CARD,PAID,19650.00,2024-09-30 18:58:57
7000004553,1000004553,20240930,526,1,,CARD,PAID,65340.00,2024-09-30 19:28:45
7000004554,1000004554,20240930,12,1,,CARD,PAID,30540.00,2024-09-30 20:03:02
7000004555,1000004555,20240930,1769,1,,GATEWAY,PAID,52020.00,2024-09-30 21:11:09
7000004556,1000004556,20240930,1770,1,,CARD,PAID,58080.00,2024-09-30 22:41:10
7000004557,1000004557,20240930,543,1,,CARD,PAID,19650.00,2024-09-30 23:15:36
7000004558,1000004558,20241001,1771,1,,CARD,PAID,14994.00,2024-10-01 05:38:02
7000004559,1000004559,20241001,1772,1,,GATEWAY,PAID,68970.00,2024-10-01 09:05:54
7000004560,1000004560,20241001,11,1,,CARD,PAID,30840.00,2024-10-01 12:06:36
7000004562,1000004562,20241001,124,1,,CARD,PAID,19350.00,2024-10-01 13:37:16
7000004563,1000004563,20241001,108,1,,GATEWAY,PAID,30540.00,2024-10-01 17:11:40
7000004566,1000004566,20241001,125,1,,CARD,PAID,16020.00,2024-10-01 17:52:13
7000004568,1000004568,20241001,1773,1,,CARD,PAID,15720.00,2024-10-01 17:59:09
7000004570,1000004570,20241001,1486,1,,CARD,PAID,83490.00,2024-10-01 18:47:37
7000004571,1000004571,20241001,20,1,,CARD,PAID,44760.00,2024-10-01 18:51:33
7000004572,1000004572,20241001,1253,1,,CARD,PAID,19650.00,2024-10-01 19:41:56
7000004574,1000004574,20241001,1365,1,,CARD,REFUNDED,16020.00,2024-10-01 22:39:58
7000004575,1000004575,20241002,1774,1,,GATEWAY,PAID,15720.00,2024-10-02 04:31:46
7000004576,1000004576,20241002,835,1,,GATEWAY,PAID,52320.00,2024-10-02 11:16:27
7000004578,1000004578,20241002,1625,1,,CARD,PAID,33870.00,2024-10-02 14:01:59
7000004579,1000004579,20241002,556,1,,CARD,PAID,19950.00,2024-10-02 14:25:13
7000004581,1000004581,20241002,405,1,,GATEWAY,PAID,16320.00,2024-10-02 16:16:56
7000004582,1000004582,20241002,65,1,,GATEWAY,PAID,15720.00,2024-10-02 17:10:37
7000004585,1000004585,20241002,1347,1,,CARD,PAID,16020.00,2024-10-02 20:04:22
7000004587,1000004587,20241002,1622,1,,GATEWAY,FAILED,33870.00,
7000004588,1000004588,20241003,893,1,,GATEWAY,PAID,54450.00,2024-10-03 07:39:09
7000004590,1000004590,20241003,1776,1,,GATEWAY,PAID,68970.00,2024-10-03 15:22:11
7000004592,1000004592,20241003,1380,1,,CARD,PAID,19350.00,2024-10-03 16:05:16
7000004595,1000004595,20241003,1777,1,,CARD,PAID,19350.00,2024-10-03 18:13:47
7000004597,1000004597,20241003,83,1,,CARD,PAID,72600.00,2024-10-03 18:46:55
7000004598,1000004598,20241003,1507,1,,CARD,PAID,19650.00,2024-10-03 18:47:44
7000004600,1000004600,20241003,1511,1,,GATEWAY,PAID,19650.00,2024-10-03 20:37:35
7000004601,1000004601,20241003,1778,1,,GATEWAY,REFUNDED,44760.00,2024-10-03 20:41:54
7000004602,1000004602,20241003,1033,1,,GATEWAY,PAID,54450.00,2024-10-03 20:57:15
7000004603,1000004603,20241003,1779,1,,CARD,PAID,19350.00,2024-10-03 22:10:43
7000004604,1000004604,20241003,1780,1,,CARD,PAID,15720.00,2024-10-03 23:30:01
7000004605,1000004605,20241003,72,1,,GATEWAY,PAID,34170.00,2024-10-03 23:38:33
7000004612,1000004612,20241004,1538,1,,CARD,PAID,30540.00,2024-10-04 15:50:08
7000004618,1000004618,20241004,425,1,,CARD,PAID,19650.00,2024-10-04 18:39:39
7000004621,1000004621,20241004,1685,1,,GATEWAY,FAILED,19650.00,
7000004622,1000004622,20241004,1783,1,,GATEWAY,REFUNDED,16020.00,2024-10-04 20:28:25
7000004623,1000004623,20241004,1314,1,,CARD,PAID,19650.00,2024-10-04 23:55:30
7000004624,1000004624,20241005,1784,1,,GATEWAY,PAID,45060.00,2024-10-05 00:23:04
7000004625,1000004625,20241005,1390,1,,GATEWAY,PAID,54450.00,2024-10-05 14:28:55
7000004626,1000004626,20241005,1665,1,,CARD,REFUNDED,30540.00,2024-10-05 07:27:18
7000004629,1000004629,20241005,1786,1,,GATEWAY,PAID,68970.00,2024-10-08 09:06:52
7000004632,1000004632,20241005,644,1,,CARD,PAID,16020.00,2024-10-05 16:55:09
7000004633,1000004633,20241005,1789,1,,GATEWAY,FAILED,16020.00,
7000004634,1000004634,20241005,1017,1,,GATEWAY,PAID,52320.00,2024-10-05 17:53:06
7000004635,1000004635,20241005,1110,1,,CARD,PAID,65340.00,2024-10-05 18:49:54
7000004637,1000004637,20241005,1790,1,,GATEWAY,PAID,19350.00,2024-10-05 22:02:57
7000004638,1000004638,20241006,572,1,,GATEWAY,PAID,34170.00,2024-10-06 00:41:05
7000004639,1000004639,20241006,1279,1,,CARD,PAID,79860.00,2024-10-06 08:07:31
7000004640,1000004640,20241006,1415,1,,CARD,PAID,76230.00,2024-10-06 08:24:31
7000004641,1000004641,20241006,1670,1,,GATEWAY,FAILED,48390.00,
7000004642,1000004642,20241006,394,1,,GATEWAY,PAID,38100.00,2024-10-06 12:33:08
7000004643,1000004643,20241006,351,1,,GATEWAY,PAID,19350.00,2024-10-06 12:43:57
7000004644,1000004644,20241006,1360,1,,GATEWAY,PAID,76230.00,2024-10-06 13:53:40
7000004645,1000004645,20241006,233,1,,GATEWAY,PAID,37800.00,2024-10-06 16:50:41
7000004646,1000004646,20241006,1554,1,,GATEWAY,PAID,30240.00,2024-10-06 18:53:37
7000004647,1000004647,20241006,1791,1,,CARD,PAID,19650.00,2024-10-06 19:15:20
7000004648,1000004648,20241006,667,1,,GATEWAY,PAID,19650.00,2024-10-06 20:39:20
7000004649,1000004649,20241007,1388,1,,CARD,PAID,15720.00,2024-10-07 04:38:19
7000004650,1000004650,20241007,263,1,,GATEWAY,PAID,30540.00,2024-10-07 08:05:01
7000004651,1000004651,20241007,1379,1,,CARD,PAID,52320.00,2024-10-07 08:05:08
7000004652,1000004652,20241007,1397,1,,CARD,PAID,87120.00,2024-10-07 08:13:13
7000004656,1000004656,20241007,47,1,,GATEWAY,FAILED,30840.00,
7000004657,1000004657,20241007,120,1,,CARD,PAID,30840.00,2024-10-07 12:39:53
7000004659,1000004659,20241007,1313,1,,GATEWAY,PAID,37800.00,2024-10-07 13:06:47
7000004660,1000004660,20241007,621,1,,GATEWAY,PAID,16020.00,2024-10-07 13:33:17
7000004661,1000004661,20241007,1189,1,,CARD,PAID,16320.00,2024-10-07 15:05:49
7000004662,1000004662,20241007,1595,1,,CARD,PAID,30540.00,2024-10-07 17:28:56
7000004664,1000004664,20241007,1057,1,,GATEWAY,FAILED,19950.00,
7000004665,1000004665,20241007,791,1,,GATEWAY,PAID,19350.00,2024-10-07 22:44:20
7000004666,1000004666,20241007,1793,1,,CARD,PAID,15720.00,2024-10-07 22:51:10
7000004667,1000004667,20241007,894,1,,GATEWAY,PAID,19350.00,2024-10-07 23:57:35
7000004668,1000004668,20241007,1086,1,,CARD,PAID,30840.00,2024-10-07 23:58:38
7000004669,1000004669,20241008,1001,1,,CARD,PAID,34170.00,2024-10-08 01:22:41
7000004670,1000004670,20241008,1551,1,,GATEWAY,REFUNDED,52320.00,2024-10-08 14:06:51
7000004671,1000004671,20241008,790,1,,CARD,PAID,74052.00,2024-10-08 10:12:31
7000004672,1000004672,20241008,332,1,,CARD,REFUNDED,19650.00,2024-10-08 10:48:09
7000004673,1000004673,20241008,789,1,,CARD,PAID,94380.00,2024-10-08 11:28:28
7000004674,1000004674,20241008,344,1,,CARD,FAILED,16020.00,
7000004675,1000004675,20241008,1517,1,,GATEWAY,PAID,68607.00,2024-10-08 11:55:21
7000004677,1000004677,20241008,191,1,,CARD,FAILED,18135.00,
7000004678,1000004678,20241008,1667,1,,CARD,PAID,30540.00,2024-10-08 13:03:00
7000004680,1000004680,20241008,512,1,,GATEWAY,PAID,19650.00,2024-10-08 15:52:35
7000004682,1000004682,20241008,697,1,,GATEWAY,PAID,30540.00,2024-10-08 17:58:47
7000004683,1000004683,20241008,1358,1,,GATEWAY,PAID,14268.00,2024-10-08 18:04:57
7000004686,1000004686,20241008,1794,1,,CARD,PAID,30540.00,2024-10-08 19:38:56
7000004690,1000004690,20241008,1795,1,,CARD,PAID,30540.00,2024-10-08 20:28:23
7000004691,1000004691,20241008,1109,1,,CARD,PAID,72600.00,2024-10-08 20:31:58
7000004692,1000004692,20241008,1384,1,,CARD,PAID,33870.00,2024-10-08 21:23:13
7000004693,1000004693,20241008,1428,1,,GATEWAY,PAID,14568.00,2024-10-08 22:09:12
7000004694,1000004694,20241008,1225,1,,CARD,FAILED,48990.00,
7000004695,1000004695,20241009,1796,1,,CARD,REFUNDED,37500.00,2024-10-09 07:59:38
7000004696,1000004696,20241009,1797,1,,GATEWAY,PAID,30240.00,2024-10-09 11:03:06
7000004697,1000004697,20241009,869,1,,CARD,FAILED,52020.00,
7000004698,1000004698,20241009,1798,1,,GATEWAY,PAID,68970.00,2024-10-09 11:59:06
7000004700,1000004700,20241009,1632,1,,GATEWAY,PAID,37500.00,2024-10-09 12:22:34
7000004703,1000004703,20241009,1449,1,,CARD,PAID,54450.00,2024-10-09 15:00:56
7000004704,1000004704,20241009,706,1,,GATEWAY,PAID,61710.00,2024-10-09 16:13:28
7000004706,1000004706,20241009,1633,1,,CARD,REFUNDED,54450.00,2024-10-09 16:57:53
7000004707,1000004707,20241009,1593,1,,GATEWAY,PAID,52320.00,2024-10-09 17:02:18
7000004708,1000004708,20241009,1799,1,,CARD,PAID,37800.00,2024-10-09 18:00:57
7000004711,1000004711,20241009,1738,1,,CARD,PAID,33870.00,2024-10-09 18:59:20
7000004714,1000004714,20241009,770,1,,GATEWAY,PAID,37500.00,2024-10-09 20:53:30
7000004715,1000004715,20241009,1504,1,,GATEWAY,PAID,37800.00,2024-10-09 21:25:13
7000004716,1000004716,20241010,768,1,,CARD,PAID,18742.50,2024-10-10 00:16:14
7000004717,1000004717,20241010,885,1,,GATEWAY,PAID,72600.00,2024-10-10 08:56:49
7000004718,1000004718,20241010,1284,1,,GATEWAY,FAILED,15720.00,
7000004720,1000004720,20241010,1541,1,,CARD,PAID,37800.00,2024-10-10 11:23:56
7000004721,1000004721,20241010,1060,1,,CARD,PAID,16020.00,2024-10-10 11:29:24
7000004722,1000004722,20241010,1643,1,,CARD,FAILED,52020.00,
7000004724,1000004724,20241010,982,1,,GATEWAY,PAID,30540.00,2024-10-10 22:33:54
7000004726,1000004726,20241010,1311,1,,GATEWAY,PAID,30540.00,2024-10-10 13:40:07
7000004728,1000004728,20241010,1801,1,,GATEWAY,PAID,37800.00,2024-10-10 14:01:41
7000004729,1000004729,20241010,999,1,,GATEWAY,PAID,112530.00,2024-10-10 14:09:12
7000004730,1000004730,20241010,1802,1,,GATEWAY,PAID,61710.00,2024-10-10 14:48:36
7000004732,1000004732,20241010,1604,1,,GATEWAY,PAID,37800.00,2024-10-10 18:04:06
7000004735,1000004735,20241010,1465,1,,GATEWAY,PAID,37800.00,2024-10-10 20:25:43
7000004736,1000004736,20241010,1345,1,,GATEWAY,PAID,19350.00,2024-10-10 20:41:58
7000004737,1000004737,20241010,270,1,,GATEWAY,PAID,15720.00,2024-10-10 21:07:31
7000004738,1000004738,20241010,1512,1,,CARD,PAID,34170.00,2024-10-10 21:44:42
7000004739,1000004739,20241010,946,1,,GATEWAY,PAID,48390.00,2024-10-10 21:57:13
7000004740,1000004740,20241010,1143,1,,CARD,PAID,38100.00,2024-10-10 22:30:39
7000004741,1000004741,20241011,589,1,,GATEWAY,PAID,54450.00,2024-10-11 13:06:39
7000004742,1000004742,20241011,458,1,,GATEWAY,PAID,30240.00,2024-10-11 03:32:22
7000004743,1000004743,20241011,788,1,,GATEWAY,PAID,34470.00,2024-10-11 05:18:14
7000004744,1000004744,20241011,1524,1,,GATEWAY,PAID,16020.00,2024-10-11 07:33:47
7000004745,1000004745,20241011,1806,1,,GATEWAY,PAID,30240.00,2024-10-11 10:19:18
7000004746,1000004746,20241011,1093,1,,GATEWAY,PAID,42882.00,2024-10-12 17:46:19
7000004747,1000004747,20241011,216,1,,CARD,PAID,30540.00,2024-10-11 10:48:02
7000004749,1000004749,20241011,1808,1,,GATEWAY,PAID,30540.00,2024-10-11 13:58:44
7000004750,1000004750,20241011,1163,1,,CARD,PAID,16020.00,2024-10-11 12:26:50
7000004751,1000004751,20241011,1521,1,,CARD,PAID,15720.00,2024-10-11 14:16:14
7000004757,1000004757,20241011,1810,1,,GATEWAY,PAID,30540.00,2024-10-11 16:44:42
7000004758,1000004758,20241011,812,1,,GATEWAY,PAID,30540.00,2024-10-11 16:50:35
7000004760,1000004760,20241011,1118,1,,CARD,REFUNDED,52020.00,2024-10-11 17:37:56
7000004761,1000004761,20241011,1811,1,,CARD,PAID,15720.00,2024-10-11 18:12:14
7000004764,1000004764,20241011,913,1,,CARD,PAID,16020.00,2024-10-11 19:21:01
7000004768,1000004768,20241011,15,1,,GATEWAY,PAID,30240.00,2024-10-11 21:03:48
7000004769,1000004769,20241011,1552,1,,GATEWAY,PAID,19350.00,2024-10-12 01:04:39
7000004770,1000004770,20241011,1812,1,,CARD,PAID,30840.00,2024-10-11 21:24:00
7000004771,1000004771,20241011,700,1,,CARD,PAID,54450.00,2024-10-11 21:34:19
7000004772,1000004772,20241011,1043,1,,GATEWAY,PAID,15720.00,2024-10-11 23:54:02
7000004773,1000004773,20241012,1813,1,,CARD,PAID,30240.00,2024-10-12 01:20:04
7000004774,1000004774,20241012,369,1,,GATEWAY,PAID,87120.00,2024-10-12 01:52:15
7000004777,1000004777,20241012,1815,1,,GATEWAY,PAID,34170.00,2024-10-12 12:41:46
7000004781,1000004781,20241012,179,1,,CARD,PAID,16020.00,2024-10-12 15:51:00
7000004786,1000004786,20241012,1821,1,,CARD,PAID,34170.00,2024-10-12 17:30:07
7000004793,1000004793,20241012,214,1,,GATEWAY,PAID,14994.00,2024-10-12 19:13:50
7000004796,1000004796,20241012,593,1,,CARD,PAID,79860.00,2024-10-12 20:37:11
7000004797,1000004797,20241012,1091,1,,GATEWAY,PAID,30240.00,2024-10-12 23:16:13
7000004798,1000004798,20241012,1823,1,,GATEWAY,PAID,45360.00,2024-10-12 23:35:11
7000004799,1000004799,20241012,1824,1,,GATEWAY,PAID,19042.50,2024-10-12 23:53:06
7000004800,1000004800,20241013,505,1,,CARD,PAID,33870.00,2024-10-13 05:42:46
7000004801,1000004801,20241013,46,1,,GATEWAY,PAID,19650.00,2024-10-13 09:19:26
7000004802,1000004802,20241013,1825,1,,CARD,PAID,37500.00,2024-10-13 11:49:01
7000004803,1000004803,20241013,712,1,,CARD,PAID,37500.00,2024-10-13 11:51:22
7000004804,1000004804,20241013,1186,1,,GATEWAY,PAID,72600.00,2024-10-13 12:32:24
7000004805,1000004805,20241013,16,1,,GATEWAY,PAID,37800.00,2024-10-13 13:05:23
7000004806,1000004806,20241013,280,1,,CARD,PAID,16020.00,2024-10-13 15:46:22
7000004807,1000004807,20241013,1492,1,,CARD,PAID,65340.00,2024-10-13 17:35:51
7000004808,1000004808,20241013,427,1,,GATEWAY,PAID,16020.00,2024-10-13 19:03:29
7000004809,1000004809,20241013,77,1,,GATEWAY,PAID,15720.00,2024-10-13 19:43:52
7000004810,1000004810,20241013,152,1,,CARD,FAILED,61710.00,
7000004811,1000004811,20241013,1826,1,,CARD,PAID,61710.00,2024-10-13 20:14:38
7000004812,1000004812,20241013,1257,1,,CARD,PAID,18742.50,2024-10-13 20:48:14
7000004813,1000004813,20241013,1827,1,,CARD,PAID,16020.00,2024-10-13 21:02:42
7000004814,1000004814,20241013,399,1,,CARD,PAID,16020.00,2024-10-13 22:47:23
7000004815,1000004815,20241014,1828,1,,CARD,PAID,30840.00,2024-10-14 02:18:01
7000004816,1000004816,20241014,1215,1,,CARD,PAID,37500.00,2024-10-14 04:09:43
7000004818,1000004818,20241014,1168,1,,CARD,PAID,16020.00,2024-10-14 11:07:26
7000004820,1000004820,20241014,971,1,,GATEWAY,PAID,54450.00,2024-10-14 12:14:41
7000004821,1000004821,20241014,1743,1,,CARD,PAID,19650.00,2024-10-14 13:26:32
7000004822,1000004822,20241014,1830,1,,CARD,PAID,48390.00,2024-10-14 13:47:38
7000004824,1000004824,20241014,671,1,,GATEWAY,PAID,30240.00,2024-10-14 15:22:10
7000004826,1000004826,20241014,1771,1,,CARD,PAID,14994.00,2024-10-14 16:49:40
7000004827,1000004827,20241014,460,1,,GATEWAY,FAILED,15720.00,
7000004828,1000004828,20241014,1149,1,,GATEWAY,PAID,30840.00,2024-10-14 18:51:58
7000004830,1000004830,20241014,713,1,,GATEWAY,PAID,112530.00,2024-10-14 20:27:36
7000004831,1000004831,20241014,526,1,,GATEWAY,PAID,30840.00,2024-10-15 03:40:30
7000004832,1000004832,20241014,1233,1,,GATEWAY,REFUNDED,30540.00,2024-10-14 21:06:07
7000004833,1000004833,20241014,1638,1,,CARD,REFUNDED,16320.00,2024-10-14 21:46:23
7000004834,1000004834,20241014,1716,1,,CARD,PAID,19650.00,2024-10-14 22:59:01
7000004835,1000004835,20241015,703,1,,CARD,PAID,72600.00,2024-10-15 08:32:00
7000004836,1000004836,20241015,1833,1,,CARD,PAID,68970.00,2024-10-15 11:34:41
7000004839,1000004839,20241015,1834,1,,GATEWAY,PAID,54450.00,2024-10-15 12:32:58
7000004840,1000004840,20241015,1835,1,,CARD,PAID,16020.00,2024-10-15 12:47:13
7000004843,1000004843,20241015,985,1,,CARD,PAID,18442.50,2024-10-15 15:13:33
7000004844,1000004844,20241015,1346,1,,GATEWAY,PAID,19950.00,2024-10-15 15:24:44
7000004845,1000004845,20241015,335,1,,CARD,PAID,48990.00,2024-10-15 15:34:31
7000004846,1000004846,20241015,1592,1,,GATEWAY,PAID,37800.00,2024-10-15 15:53:45
7000004848,1000004848,20241015,1555,1,,GATEWAY,PAID,30540.00,2024-10-15 17:05:02
7000004850,1000004850,20241015,1837,1,,CARD,FAILED,44760.00,
7000004855,1000004855,20241016,632,1,,CARD,PAID,72600.00,2024-10-16 05:07:05
7000004856,1000004856,20241016,1754,1,,CARD,PAID,37500.00,2024-10-16 07:20:50
7000004859,1000004859,20241016,1684,1,,CARD,PAID,15720.00,2024-10-16 10:57:23
7000004860,1000004860,20241016,1436,1,,CARD,PAID,34470.00,2024-10-16 11:13:13
7000004862,1000004862,20241016,1079,1,,GATEWAY,FAILED,37800.00,
7000004863,1000004863,20241016,783,1,,GATEWAY,PAID,52927.50,2024-10-16 12:35:44
7000004864,1000004864,20241016,876,1,,GATEWAY,PAID,48690.00,2024-10-16 12:39:29
7000004866,1000004866,20241016,1369,1,,GATEWAY,PAID,16020.00,2024-10-16 14:49:13
7000004870,1000004870,20241016,831,1,,CARD,PAID,34470.00,2024-10-16 17:27:38
7000004873,1000004873,20241016,1431,1,,CARD,PAID,34170.00,2024-10-16 19:10:23
7000004877,1000004877,20241016,1187,1,,GATEWAY,REFUNDED,33870.00,2024-10-16 21:13:48
7000004878,1000004878,20241016,1412,1,,CARD,PAID,33870.00,2024-10-16 22:40:37
7000004879,1000004879,20241016,1547,1,,CARD,PAID,16020.00,2024-10-17 00:01:24
7000004880,1000004880,20241017,1841,1,,GATEWAY,PAID,15720.00,2024-10-17 00:54:23
7000004881,1000004881,20241017,1047,1,,GATEWAY,PAID,19650.00,2024-10-17 01:07:55
7000004882,1000004882,20241017,69,1,,GATEWAY,PAID,30840.00,2024-10-17 11:00:47
7000004885,1000004885,20241017,1842,1,,GATEWAY,PAID,19650.00,2024-10-17 12:11:49
7000004892,1000004892,20241017,1845,1,,CARD,PAID,83490.00,2024-10-17 18:46:06
7000004896,1000004896,20241017,1258,1,,CARD,PAID,62073.00,2024-10-17 19:45:23
7000004898,1000004898,20241017,1484,1,,CARD,PAID,19350.00,2024-10-17 20:00:43
7000004902,1000004902,20241017,63,1,,GATEWAY,PAID,15720.00,2024-10-18 03:38:11
7000004903,1000004903,20241017,308,1,,CARD,PAID,34170.00,2024-10-17 22:56:57
7000004904,1000004904,20241018,1847,1,,GATEWAY,PAID,15720.00,2024-10-18 10:55:19
7000004905,1000004905,20241018,1274,1,,GATEWAY,PAID,16020.00,2024-10-18 08:09:12
7000004907,1000004907,20241018,1110,1,,CARD,PAID,30840.00,2024-10-18 10:22:38
7000004908,1000004908,20241018,464,1,,GATEWAY,PAID,52020.00,2024-10-18 20:31:15
7000004911,1000004911,20241018,1608,1,,CARD,PAID,15720.00,2024-10-18 12:41:52
7000004913,1000004913,20241018,1070,1,,CARD,PAID,19650.00,2024-10-18 14:10:41
7000004915,1000004915,20241018,1422,1,,CARD,PAID,30240.00,2024-10-18 15:00:56
7000004916,1000004916,20241018,891,1,,CARD,PAID,15294.00,2024-10-18 15:30:44
7000004919,1000004919,20241018,1629,1,,CARD,PAID,16020.00,2024-10-18 18:03:39
7000004920,1000004920,20241018,1849,1,,CARD,PAID,15720.00,2024-10-18 18:38:35
7000004922,1000004922,20241018,967,1,,GATEWAY,FAILED,19350.00,
7000004923,1000004923,20241018,1095,1,,GATEWAY,PAID,37500.00,2024-10-18 22:08:14
7000004924,1000004924,20241018,398,1,,GATEWAY,PAID,52020.00,2024-10-18 22:19:08
7000004925,1000004925,20241018,648,1,,GATEWAY,PAID,37500.00,2024-10-19 22:25:12
7000004926,1000004926,20241019,416,1,,GATEWAY,PAID,16020.00,2024-10-19 10:31:33
7000004928,1000004928,20241019,1317,1,,GATEWAY,PAID,30240.00,2024-10-19 10:43:58
7000004930,1000004930,20241019,1464,1,,CARD,PAID,16320.00,2024-10-19 11:25:33
7000004934,1000004934,20241019,1719,1,,CARD,PAID,19650.00,2024-10-19 13:58:49
7000004937,1000004937,20241019,411,1,,CARD,PAID,15720.00,2024-10-19 14:42:24
7000004944,1000004944,20241019,1850,1,,CARD,PAID,54450.00,2024-10-19 17:40:05
7000004946,1000004946,20241019,189,1,,CARD,PAID,29088.00,2024-10-19 19:35:55
7000004949,1000004949,20241019,1591,1,,GATEWAY,PAID,15720.00,2024-10-20 08:50:39
7000004950,1000004950,20241020,578,1,,GATEWAY,PAID,19350.00,2024-10-20 19:26:45
7000004951,1000004951,20241020,1654,1,,CARD,PAID,19042.50,2024-10-20 07:05:42
7000004952,1000004952,20241020,301,1,,CARD,PAID,65340.00,2024-10-20 07:38:32
7000004953,1000004953,20241020,1851,1,,CARD,PAID,16320.00,2024-10-20 10:03:25
7000004954,1000004954,20241020,1852,1,,CARD,PAID,19650.00,2024-10-20 11:26:38
7000004955,1000004955,20241020,1474,1,,CARD,PAID,19350.00,2024-10-20 12:33:35
7000004956,1000004956,20241020,259,1,,GATEWAY,PAID,37800.00,2024-10-20 15:10:56
7000004957,1000004957,20241020,663,1,,GATEWAY,PAID,15720.00,2024-10-21 02:53:25
7000004958,1000004958,20241020,1297,1,,CARD,PAID,30540.00,2024-10-20 20:17:10
7000004959,1000004959,20241020,1087,1,,CARD,PAID,58080.00,2024-10-20 21:35:34
7000004960,1000004960,20241020,964,1,,GATEWAY,PAID,16020.00,2024-10-21 05:46:39
7000004961,1000004961,20241021,1135,1,,GATEWAY,PAID,52020.00,2024-10-21 09:59:09
7000004962,1000004962,20241021,1026,1,,GATEWAY,REFUNDED,19650.00,2024-10-21 13:00:19
7000004963,1000004963,20241021,1853,1,,GATEWAY,PAID,30240.00,2024-10-21 13:22:04
7000004964,1000004964,20241021,1053,1,,CARD,PAID,68970.00,2024-10-21 13:29:57
7000004965,1000004965,20241021,1721,1,,CARD,FAILED,19650.00,
7000004967,1000004967,20241021,739,1,,GATEWAY,PAID,37800.00,2024-10-21 18:04:32
7000004968,1000004968,20241021,1404,1,,GATEWAY,PAID,16320.00,2024-10-22 00:32:59
7000004969,1000004969,20241021,1466,1,,GATEWAY,PAID,58080.00,2024-10-21 19:37:04
7000004971,1000004971,20241021,1189,1,,CARD,PAID,48990.00,2024-10-21 21:15:37
7000004972,1000004972,20241021,156,1,,CARD,FAILED,72600.00,
7000004973,1000004973,20241022,1854,1,,GATEWAY,PAID,30240.00,2024-10-22 03:42:01
7000004974,1000004974,20241022,1855,1,,CARD,PAID,19350.00,2024-10-22 07:17:13
7000004975,1000004975,20241022,357,1,,GATEWAY,PAID,15720.00,2024-10-22 09:22:20
7000004976,1000004976,20241022,1387,1,,CARD,PAID,34170.00,2024-10-22 11:05:07
7000004978,1000004978,20241022,1175,1,,CARD,PAID,62073.00,2024-10-22 12:35:30
7000004979,1000004979,20241022,1857,1,,GATEWAY,PAID,54072.00,2024-10-22 13:20:37
7000004980,1000004980,20241022,1256,1,,CARD,PAID,15720.00,2024-10-22 13:22:27
7000004981,1000004981,20241022,1169,1,,CARD,PAID,68607.00,2024-10-22 14:02:38
7000004985,1000004985,20241022,1483,1,,CARD,PAID,16020.00,2024-10-22 19:28:27
7000004986,1000004986,20241022,1859,1,,CARD,PAID,16020.00,2024-10-22 19:43:16
7000004988,1000004988,20241022,1650,1,,GATEWAY,PAID,33870.00,2024-10-22 20:58:03
7000004989,1000004989,20241022,1083,1,,GATEWAY,PAID,19650.00,2024-10-22 22:36:25
7000004990,1000004990,20241023,1600,1,,GATEWAY,FAILED,16320.00,
7000004991,1000004991,20241023,113,1,,GATEWAY,PAID,19350.00,2024-10-23 08:34:04
7000004994,1000004994,20241023,1862,1,,GATEWAY,PAID,38100.00,2024-10-23 14:48:28
7000004995,1000004995,20241023,1485,1,,CARD,REFUNDED,19350.00,2024-10-23 15:09:29
7000005000,1000005000,20241023,1702,1,,CARD,PAID,45060.00,2024-10-23 18:26:12
7000005002,1000005002,20241023,1509,1,,CARD,PAID,16020.00,2024-10-23 22:42:43
7000005003,1000005003,20241023,1864,1,,CARD,PAID,76230.00,2024-10-23 23:24:14
7000005004,1000005004,20241024,29,1,,GATEWAY,PAID,38100.00,2024-10-24 01:49:13
7000005005,1000005005,20241024,960,1,,CARD,PAID,19350.00,2024-10-24 08:05:11
7000005007,1000005007,20241024,1534,1,,GATEWAY,PAID,16020.00,2024-10-24 11:15:56
7000005009,1000005009,20241024,1275,1,,GATEWAY,PAID,19042.50,2024-10-24 17:13:58
7000005011,1000005011,20241024,1865,1,,GATEWAY,PAID,19650.00,2024-10-24 15:43:11
7000005012,1000005012,20241024,1500,1,,CARD,PAID,16020.00,2024-10-24 17:12:43
7000005013,1000005013,20241024,284,1,,GATEWAY,PAID,16020.00,2024-10-24 17:19:46
7000005014,1000005014,20241024,104,1,,CARD,PAID,34170.00,2024-10-24 17:29:31
7000005015,1000005015,20241024,1496,1,,GATEWAY,PAID,19950.00,2024-10-25 14:34:10
7000005016,1000005016,20241024,1002,1,,CARD,PAID,19650.00,2024-10-24 19:42:43
7000005017,1000005017,20241024,1866,1,,GATEWAY,PAID,101640.00,2024-10-25 09:34:32
7000005018,1000005018,20241024,299,1,,GATEWAY,REFUNDED,19650.00,2024-10-24 22:27:15
7000005019,1000005019,20241025,1867,1,,GATEWAY,PAID,37500.00,2024-10-26 13:35:39
7000005020,1000005020,20241025,1868,1,,GATEWAY,REFUNDED,45060.00,2024-10-25 08:02:42
7000005021,1000005021,20241025,1001,1,,CARD,PAID,19650.00,2024-10-25 08:59:29
7000005023,1000005023,20241025,888,1,,CARD,PAID,16020.00,2024-10-25 11:35:38
7000005025,1000005025,20241025,1870,1,,GATEWAY,PAID,45060.00,2024-10-25 13:26:01
7000005028,1000005028,20241025,1871,1,,CARD,PAID,16320.00,2024-10-25 18:15:08
7000005030,1000005030,20241025,1469,1,,CARD,PAID,30540.00,2024-10-25 20:15:14
7000005031,1000005031,20241025,1872,1,,CARD,PAID,16020.00,2024-10-25 20:25:50
7000005033,1000005033,20241026,1874,1,,GATEWAY,PAID,16020.00,2024-10-26 10:57:51
7000005038,1000005038,20241026,1876,1,,GATEWAY,REFUNDED,30240.00,2024-10-26 12:31:32
7000005040,1000005040,20241026,42,1,,CARD,PAID,44760.00,2024-10-26 14:36:58
7000005048,1000005048,20241026,1878,1,,CARD,PAID,16020.00,2024-10-26 19:33:06
7000005049,1000005049,20241026,1842,1,,CARD,PAID,52320.00,2024-10-26 19:52:20
7000005050,1000005050,20241026,789,1,,CARD,PAID,54450.00,2024-10-26 21:40:41
7000005051,1000005051,20241026,1551,1,,GATEWAY,PAID,34170.00,2024-10-26 22:19:55
7000005052,1000005052,20241027,566,1,,CARD,PAID,19650.00,2024-10-27 12:02:32
7000005053,1000005053,20241027,978,1,,GATEWAY,FAILED,19650.00,
7000005054,1000005054,20241027,232,1,,GATEWAY,FAILED,83490.00,
7000005055,1000005055,20241027,1879,1,,CARD,PAID,45060.00,2024-10-27 16:23:40
7000005056,1000005056,20241027,787,1,,GATEWAY,PAID,33870.00,2024-10-27 16:38:57
7000005057,1000005057,20241027,1880,1,,GATEWAY,PAID,16020.00,2024-10-27 18:50:26
7000005058,1000005058,20241027,1579,1,,GATEWAY,FAILED,38100.00,
7000005059,1000005059,20241027,1626,1,,CARD,PAID,16020.00,2024-10-27 20:17:48
7000005060,1000005060,20241027,1273,1,,CARD,PAID,52320.00,2024-10-27 21:01:15
7000005061,1000005061,20241027,1359,1,,CARD,PAID,19950.00,2024-10-27 22:18:01
7000005062,1000005062,20241027,1336,1,,GATEWAY,PAID,16020.00,2024-10-27 22:35:27
7000005063,1000005063,20241027,1160,1,,GATEWAY,PAID,16020.00,2024-10-30 13:09:06
7000005064,1000005064,20241027,1881,1,,GATEWAY,PAID,58080.00,2024-10-27 23:51:34
7000005065,1000005065,20241028,179,1,,CARD,PAID,16020.00,2024-10-28 08:15:17
7000005066,1000005066,20241028,1882,1,,CARD,PAID,15720.00,2024-10-28 09:24:35
7000005067,1000005067,20241028,764,1,,GATEWAY,FAILED,58080.00,
7000005072,1000005072,20241028,1885,1,,CARD,PAID,16320.00,2024-10-28 12:36:34
7000005073,1000005073,20241028,1168,1,,CARD,PAID,16020.00,2024-10-28 14:27:08
7000005074,1000005074,20241028,5,1,,CARD,PAID,15720.00,2024-10-28 15:05:04
7000005076,1000005076,20241028,1887,1,,GATEWAY,PAID,45060.00,2024-10-28 16:31:08
7000005081,1000005081,20241028,1343,1,,GATEWAY,PAID,68970.00,2024-10-29 06:05:19
7000005083,1000005083,20241028,1313,1,,CARD,PAID,37800.00,2024-10-28 20:23:34
7000005085,1000005085,20241028,487,1,,CARD,PAID,16020.00,2024-10-28 21:41:26
7000005086,1000005086,20241029,214,1,,CARD,PAID,19350.00,2024-10-29 01:22:20
7000005087,1000005087,20241029,1420,1,,GATEWAY,PAID,83490.00,2024-10-29 02:10:19
7000005088,1000005088,20241029,1329,1,,CARD,PAID,19350.00,2024-10-29 08:14:50
7000005091,1000005091,20241029,869,1,,CARD,PAID,15720.00,2024-10-29 13:51:53
7000005092,1000005092,20241029,1889,1,,GATEWAY,PAID,19650.00,2024-10-29 16:17:55
7000005093,1000005093,20241029,1750,1,,GATEWAY,PAID,34170.00,2024-10-29 16:27:03
7000005095,1000005095,20241029,946,1,,CARD,PAID,54450.00,2024-10-29 17:46:03
7000005096,1000005096,20241029,1653,1,,GATEWAY,PAID,15720.00,2024-10-29 18:09:50
7000005099,1000005099,20241029,630,1,,CARD,PAID,48990.00,2024-10-29 19:49:18
7000005101,1000005101,20241029,742,1,,CARD,PAID,15720.00,2024-10-29 20:39:50
7000005102,1000005102,20241029,1187,1,,GATEWAY,PAID,19350.00,2024-10-29 20:46:20
7000005103,1000005103,20241029,652,1,,CARD,PAID,19350.00,2024-10-29 20:42:46
7000005104,1000005104,20241029,723,1,,GATEWAY,PAID,19950.00,2024-11-01 07:03:17
7000005105,1000005105,20241029,279,1,,GATEWAY,PAID,19650.00,2024-10-29 22:41:42
7000005106,1000005106,20241029,812,1,,CARD,PAID,45060.00,2024-10-29 22:49:43
7000005107,1000005107,20241030,938,1,,GATEWAY,PAID,16020.00,2024-10-30 02:11:36
7000005108,1000005108,20241030,1891,1,,CARD,PAID,35985.00,2024-10-30 02:08:02
7000005109,1000005109,20241030,1892,1,,CARD,PAID,19650.00,2024-10-30 07:26:35
7000005110,1000005110,20241030,1539,1,,CARD,PAID,44760.00,2024-10-30 10:02:06
7000005111,1000005111,20241030,1893,1,,GATEWAY,PAID,116160.00,2024-10-30 10:03:11
7000005113,1000005113,20241030,1894,1,,GATEWAY,PAID,58080.00,2024-10-30 10:43:26
7000005119,1000005119,20241030,1102,1,,CARD,PAID,15720.00,2024-10-30 18:21:18
7000005122,1000005122,20241030,996,1,,CARD,PAID,37800.00,2024-10-30 19:33:12
7000005123,1000005123,20241030,457,1,,CARD,PAID,16320.00,2024-10-30 20:52:35
7000005124,1000005124,20241030,45,1,,CARD,PAID,30540.00,2024-10-30 20:54:06
7000005125,1000005125,20241030,257,1,,CARD,PAID,16020.00,2024-10-30 21:03:25
7000005126,1000005126,20241030,1795,1,,CARD,PAID,48690.00,2024-10-30 22:30:23
7000005127,1000005127,20241030,1511,1,,CARD,PAID,37800.00,2024-10-30 22:45:13
7000005128,1000005128,20241031,849,1,,CARD,PAID,58080.00,2024-10-31 00:24:07
7000005129,1000005129,20241031,626,1,,CARD,PAID,15720.00,2024-10-31 08:30:21
7000005130,1000005130,20241031,1046,1,,CARD,PAID,15720.00,2024-10-31 11:26:35
7000005133,1000005133,20241031,1568,1,,CARD,PAID,19650.00,2024-10-31 12:20:22
7000005136,1000005136,20241031,733,1,,CARD,PAID,19350.00,2024-10-31 12:52:27
7000005140,1000005140,20241031,1897,1,,GATEWAY,FAILED,37500.00,
7000005144,1000005144,20241031,1229,1,,GATEWAY,PAID,37500.00,2024-11-01 04:11:11
7000005146,1000005146,20241031,1016,1,,CARD,PAID,15720.00,2024-10-31 21:19:12
7000005147,1000005147,20241031,1768,1,,CARD,FAILED,16020.00,
7000005148,1000005148,20241101,653,1,,CARD,FAILED,19650.00,
7000005155,1000005155,20241101,1901,1,,CARD,PAID,30540.00,2024-11-01 13:57:23
7000005158,1000005158,20241101,494,1,,CARD,PAID,15720.00,2024-11-01 14:30:34
7000005159,1000005159,20241101,1902,1,,CARD,FAILED,83490.00,
7000005165,1000005165,20241101,1903,1,,CARD,PAID,16020.00,2024-11-01 19:45:39
7000005166,1000005166,20241101,1318,1,,CARD,PAID,45060.00,2024-11-01 20:50:43
7000005167,1000005167,20241102,1057,1,,CARD,PAID,45360.00,2024-11-02 10:26:06
7000005168,1000005168,20241102,1388,1,,GATEWAY,PAID,19350.00,2024-11-02 10:50:29
7000005169,1000005169,20241102,629,1,,CARD,PAID,28788.00,2024-11-02 11:52:06
7000005181,1000005181,20241102,160,1,,GATEWAY,PAID,15720.00,2024-11-02 19:31:18
7000005185,1000005185,20241103,1907,1,,GATEWAY,PAID,16320.00,2024-11-03 11:21:01
7000005186,1000005186,20241103,1908,1,,GATEWAY,PAID,19650.00,2024-11-03 14:16:42
7000005187,1000005187,20241103,1501,1,,CARD,PAID,30540.00,2024-11-03 14:56:00
7000005188,1000005188,20241103,1088,1,,CARD,PAID,16020.00,2024-11-03 18:15:15
7000005189,1000005189,20241103,1841,1,,CARD,PAID,37500.00,2024-11-03 19:36:24
7000005190,1000005190,20241103,1909,1,,CARD,PAID,33870.00,2024-11-03 20:13:51
7000005191,1000005191,20241103,11,1,,GATEWAY,PAID,16320.00,2024-11-03 21:38:14
7000005192,1000005192,20241103,1252,1,,GATEWAY,FAILED,30240.00,
7000005193,1000005193,20241103,173,1,,GATEWAY,FAILED,30240.00,
7000005194,1000005194,20241103,1910,1,,CARD,PAID,34170.00,2024-11-03 22:38:51
7000005195,1000005195,20241104,1423,1,,CARD,PAID,15427.50,2024-11-04 00:06:49
7000005196,1000005196,20241104,1814,1,,GATEWAY,PAID,37026.00,2024-11-04 02:05:10
7000005197,1000005197,20241104,26,1,,GATEWAY,PAID,24684.00,2024-11-04 02:07:10
7000005198,1000005198,20241104,1911,1,,GATEWAY,PAID,61710.00,2024-11-04 03:02:34
7000005199,1000005199,20241104,1047,1,,CARD,PAID,12342.00,2024-11-04 03:40:23
7000005200,1000005200,20241104,1525,1,,GATEWAY,PAID,12342.00,2024-11-04 09:18:09
7000005202,1000005202,20241104,1542,1,,GATEWAY,PAID,15427.50,2024-11-04 11:10:22
7000005204,1000005204,20241104,1632,1,,CARD,PAID,12342.00,2024-11-04 12:34:00
7000005205,1000005205,20241104,1783,1,,CARD,PAID,12342.00,2024-11-04 12:52:13
7000005206,1000005206,20241104,1913,1,,GATEWAY,PAID,12342.00,2024-11-04 13:01:01
7000005207,1000005207,20241104,373,1,,CARD,PAID,24684.00,2024-11-04 13:38:34
7000005208,1000005208,20241104,47,1,,CARD,PAID,30855.00,2024-11-04 14:17:50
7000005209,1000005209,20241104,1650,1,,GATEWAY,PAID,24684.00,2024-11-04 14:42:30
7000005210,1000005210,20241104,1914,1,,GATEWAY,FAILED,15427.50,
7000005211,1000005211,20241104,473,1,,GATEWAY,PAID,12342.00,2024-11-04 16:05:32
7000005212,1000005212,20241104,1638,1,,GATEWAY,FAILED,24684.00,
7000005213,1000005213,20241104,538,1,,CARD,PAID,58624.50,2024-11-04 16:01:58
7000005216,1000005216,20241104,263,1,,CARD,PAID,30855.00,2024-11-04 18:30:12
7000005217,1000005217,20241104,1582,1,,CARD,PAID,37026.00,2024-11-04 19:11:08
7000005218,1000005218,20241104,1375,1,,GATEWAY,PAID,12342.00,2024-11-04 19:27:14
7000005220,1000005220,20241104,1549,1,,GATEWAY,PAID,52453.50,2024-11-04 20:03:37
7000005222,1000005222,20241104,268,1,,CARD,PAID,12342.00,2024-11-04 20:34:49
7000005223,1000005223,20241104,918,1,,GATEWAY,PAID,15427.50,2024-11-05 04:57:00
7000005224,1000005224,20241104,1915,1,,GATEWAY,PAID,12342.00,2024-11-04 20:49:13
7000005225,1000005225,20241104,1358,1,,CARD,PAID,24684.00,2024-11-04 20:54:28
7000005226,1000005226,20241104,870,1,,GATEWAY,PAID,64795.50,2024-11-04 21:39:39
7000005227,1000005227,20241104,1475,1,,GATEWAY,PAID,37026.00,2024-11-04 21:45:05
7000005228,1000005228,20241104,681,1,,GATEWAY,PAID,43197.00,2024-11-04 21:52:39
7000005229,1000005229,20241104,1916,1,,CARD,PAID,15427.50,2024-11-04 23:21:02
7000005230,1000005230,20241104,1297,1,,GATEWAY,PAID,12342.00,2024-11-04 23:23:36
7000005231,1000005231,20241105,1639,1,,GATEWAY,PAID,27769.50,2024-11-05 00:54:10
7000005232,1000005232,20241105,505,1,,GATEWAY,REFUNDED,43197.00,2024-11-05 05:20:40
7000005233,1000005233,20241105,1256,1,,GATEWAY,PAID,12342.00,2024-11-05 08:06:38
7000005234,1000005234,20241105,1917,1,,CARD,PAID,43197.00,2024-11-05 08:31:59
7000005235,1000005235,20241105,1754,1,,CARD,PAID,15427.50,2024-11-05 08:53:05
7000005236,1000005236,20241105,581,1,,CARD,PAID,46282.50,2024-11-05 10:00:10
7000005237,1000005237,20241105,1278,1,,CARD,PAID,12342.00,2024-11-05 10:23:25
7000005238,1000005238,20241105,1547,1,,GATEWAY,PAID,15427.50,2024-11-05 10:34:24
7000005239,1000005239,20241105,421,1,,CARD,PAID,27769.50,2024-11-05 10:59:02
7000005241,1000005241,20241105,1021,1,,CARD,PAID,12342.00,2024-11-05 11:39:59
7000005243,1000005243,20241105,1779,1,,GATEWAY,PAID,24684.00,2024-11-05 13:22:14
7000005244,1000005244,20241105,909,1,,CARD,PAID,64795.50,2024-11-05 13:41:36
7000005245,1000005245,20241105,1728,1,,CARD,PAID,30855.00,2024-11-05 13:47:35
7000005246,1000005246,20241105,1748,1,,CARD,PAID,12342.00,2024-11-05 14:30:26
7000005247,1000005247,20241105,1919,1,,CARD,PAID,24684.00,2024-11-05 14:50:22
7000005248,1000005248,20241105,1024,1,,CARD,PAID,12342.00,2024-11-05 15:48:17
7000005249,1000005249,20241105,461,1,,CARD,PAID,24684.00,2024-11-05 17:00:06
7000005250,1000005250,20241105,342,1,,CARD,PAID,46282.50,2024-11-05 17:15:02
7000005252,1000005252,20241105,1707,1,,GATEWAY,PAID,43197.00,2024-11-05 18:14:58
7000005253,1000005253,20241105,1920,1,,CARD,PAID,27769.50,2024-11-05 18:21:55
7000005255,1000005255,20241105,1610,1,,GATEWAY,PAID,12342.00,2024-11-05 18:48:28
7000005256,1000005256,20241105,405,1,,CARD,PAID,12342.00,2024-11-05 18:55:27
7000005259,1000005259,20241105,791,1,,GATEWAY,PAID,58624.50,2024-11-05 20:25:49
7000005260,1000005260,20241105,1646,1,,CARD,PAID,12342.00,2024-11-05 20:23:08
7000005261,1000005261,20241105,1921,1,,GATEWAY,PAID,30855.00,2024-11-05 21:04:08
7000005262,1000005262,20241105,1426,1,,CARD,REFUNDED,24684.00,2024-11-05 21:26:10
7000005263,1000005263,20241105,1570,1,,CARD,PAID,74052.00,2024-11-05 21:52:39
7000005264,1000005264,20241105,399,1,,CARD,PAID,12342.00,2024-11-05 22:00:33
7000005265,1000005265,20241105,1922,1,,GATEWAY,FAILED,12342.00,
7000005266,1000005266,20241105,984,1,,GATEWAY,PAID,30855.00,2024-11-05 23:13:08
7000005267,1000005267,20241106,1923,1,,CARD,PAID,15427.50,2024-11-06 00:04:13
7000005268,1000005268,20241106,1588,1,,CARD,PAID,37026.00,2024-11-06 01:30:01
7000005269,1000005269,20241106,1182,1,,GATEWAY,PAID,15427.50,2024-11-08 09:56:50
7000005270,1000005270,20241106,70,1,,CARD,PAID,46282.50,2024-11-06 05:15:26
7000005271,1000005271,20241106,1924,1,,CARD,PAID,15427.50,2024-11-06 05:43:08
7000005272,1000005272,20241106,1370,1,,GATEWAY,PAID,37026.00,2024-11-06 16:39:19
7000005273,1000005273,20241106,670,1,,CARD,PAID,24684.00,2024-11-06 07:11:39
7000005274,1000005274,20241106,1925,1,,GATEWAY,PAID,27769.50,2024-11-06 08:34:36
7000005275,1000005275,20241106,1351,1,,CARD,PAID,37026.00,2024-11-06 09:52:19
7000005276,1000005276,20241106,1078,1,,CARD,PAID,64795.50,2024-11-06 10:28:31
7000005277,1000005277,20241106,785,1,,CARD,PAID,49368.00,2024-11-06 11:35:30
7000005279,1000005279,20241106,1068,1,,CARD,PAID,12342.00,2024-11-06 12:20:09
7000005281,1000005281,20241106,784,1,,CARD,PAID,58624.50,2024-11-06 12:52:49
7000005285,1000005285,20241106,14,1,,CARD,PAID,30855.00,2024-11-06 14:49:25
7000005286,1000005286,20241106,1331,1,,CARD,PAID,52453.50,2024-11-06 15:00:05
7000005287,1000005287,20241106,1927,1,,CARD,PAID,30855.00,2024-11-06 15:44:51
7000005288,1000005288,20241106,396,1,,CARD,PAID,24684.00,2024-11-06 16:20:42
7000005289,1000005289,20241106,1120,1,,CARD,PAID,30855.00,2024-11-06 17:00:45
7000005290,1000005290,20241106,1077,1,,GATEWAY,PAID,12342.00,2024-11-06 17:08:00
7000005293,1000005293,20241106,1180,1,,GATEWAY,PAID,12342.00,2024-11-06 18:45:04
7000005295,1000005295,20241106,1928,1,,CARD,PAID,27769.50,2024-11-06 17:53:14
7000005296,1000005296,20241106,1051,1,,GATEWAY,FAILED,24684.00,
7000005299,1000005299,20241106,1929,1,,GATEWAY,PAID,30855.00,2024-11-06 19:07:48
7000005300,1000005300,20241106,1931,1,,GATEWAY,PAID,46282.50,2024-11-06 19:09:40
7000005301,1000005301,20241106,222,1,,CARD,PAID,24684.00,2024-11-06 19:30:32
7000005302,1000005302,20241106,622,1,,CARD,PAID,37026.00,2024-11-06 19:41:40
7000005303,1000005303,20241106,1428,1,,CARD,REFUNDED,15427.50,2024-11-06 19:53:53
7000005304,1000005304,20241106,294,1,,GATEWAY,PAID,12342.00,2024-11-06 20:20:55
7000005305,1000005305,20241106,913,1,,GATEWAY,PAID,12342.00,2024-11-06 20:34:13
7000005306,1000005306,20241106,53,1,,GATEWAY,PAID,40111.50,2024-11-06 20:45:13
7000005307,1000005307,20241106,1849,1,,CARD,FAILED,12342.00,
7000005308,1000005308,20241106,1591,1,,GATEWAY,PAID,15427.50,2024-11-06 21:44:19
7000005309,1000005309,20241106,871,1,,GATEWAY,PAID,24684.00,2024-11-06 21:53:45
7000005310,1000005310,20241106,1932,1,,CARD,PAID,58624.50,2024-11-06 21:55:37
7000005311,1000005311,20241106,1121,1,,CARD,PAID,15427.50,2024-11-06 21:55:47
7000005312,1000005312,20241107,1706,1,,CARD,PAID,15720.00,2024-11-07 09:16:53
7000005314,1000005314,20241107,1006,1,,GATEWAY,PAID,16020.00,2024-11-07 10:59:25
7000005315,1000005315,20241107,118,1,,GATEWAY,PAID,30540.00,2024-11-07 11:44:33
7000005317,1000005317,20241107,27,1,,GATEWAY,PAID,37800.00,2024-11-07 12:05:16
7000005322,1000005322,20241107,1087,1,,CARD,PAID,30840.00,2024-11-07 14:40:02
7000005323,1000005323,20241107,404,1,,CARD,PAID,15720.00,2024-11-07 14:49:20
7000005324,1000005324,20241107,542,1,,GATEWAY,PAID,37800.00,2024-11-07 15:46:22
7000005326,1000005326,20241107,1450,1,,CARD,PAID,76230.00,2024-11-07 17:49:35
7000005328,1000005328,20241107,420,1,,GATEWAY,PAID,49479.00,2024-11-07 19:21:52
7000005329,1000005329,20241107,201,1,,CARD,PAID,30240.00,2024-11-07 20:57:41
7000005330,1000005330,20241107,1592,1,,CARD,PAID,16020.00,2024-11-07 21:20:31
7000005331,1000005331,20241107,1286,1,,GATEWAY,PAID,30240.00,2024-11-07 21:53:03
7000005332,1000005332,20241107,169,1,,CARD,PAID,44760.00,2024-11-07 23:14:32
7000005333,1000005333,20241108,335,1,,GATEWAY,PAID,19950.00,2024-11-08 03:52:29
7000005335,1000005335,20241108,241,1,,CARD,PAID,30240.00,2024-11-08 11:29:24
7000005336,1000005336,20241108,1328,1,,CARD,PAID,52320.00,2024-11-08 13:03:50
7000005337,1000005337,20241108,725,1,,CARD,REFUNDED,16020.00,2024-11-08 13:41:53
7000005341,1000005341,20241108,1936,1,,CARD,PAID,16020.00,2024-11-08 16:59:21
7000005342,1000005342,20241108,287,1,,CARD,REFUNDED,19350.00,2024-11-08 17:48:52
7000005347,1000005347,20241108,65,1,,CARD,PAID,15720.00,2024-11-08 20:01:31
7000005348,1000005348,20241108,161,1,,CARD,PAID,16020.00,2024-11-08 20:06:51
7000005349,1000005349,20241108,1823,1,,GATEWAY,PAID,19950.00,2024-11-09 01:59:42
7000005350,1000005350,20241108,339,1,,CARD,PAID,37800.00,2024-11-08 20:25:10
7000005351,1000005351,20241108,1598,1,,GATEWAY,PAID,52620.00,2024-11-08 21:57:14
7000005352,1000005352,20241108,1939,1,,CARD,PAID,30240.00,2024-11-08 21:53:58
7000005353,1000005353,20241108,1577,1,,CARD,PAID,72600.00,2024-11-08 22:21:20
7000005354,1000005354,20241109,1940,1,,CARD,PAID,37800.00,2024-11-09 03:45:49
7000005355,1000005355,20241109,1770,1,,GATEWAY,PAID,54450.00,2024-11-09 19:16:10
7000005356,1000005356,20241109,1941,1,,GATEWAY,PAID,19650.00,2024-11-09 10:52:01
7000005357,1000005357,20241109,696,1,,GATEWAY,PAID,34170.00,2024-11-09 10:45:17
7000005363,1000005363,20241109,1275,1,,GATEWAY,PAID,38100.00,2024-11-11 15:46:48
7000005364,1000005364,20241109,684,1,,CARD,PAID,33870.00,2024-11-09 13:41:05
7000005365,1000005365,20241109,299,1,,GATEWAY,PAID,16020.00,2024-11-09 14:08:39
7000005366,1000005366,20241109,1244,1,,GATEWAY,PAID,33870.00,2024-11-09 14:16:14
7000005367,1000005367,20241109,1580,1,,GATEWAY,PAID,19350.00,2024-11-11 10:55:22
7000005368,1000005368,20241109,1313,1,,CARD,PAID,19650.00,2024-11-09 14:46:47
7000005369,1000005369,20241109,1943,1,,GATEWAY,PAID,19650.00,2024-11-09 15:18:11
7000005370,1000005370,20241109,1432,1,,GATEWAY,PAID,72600.00,2024-11-09 15:31:14
7000005375,1000005375,20241109,1945,1,,CARD,PAID,34470.00,2024-11-09 19:42:20
7000005376,1000005376,20241109,143,1,,CARD,PAID,37800.00,2024-11-09 21:22:38
7000005377,1000005377,20241109,207,1,,CARD,FAILED,58080.00,
7000005378,1000005378,20241109,1946,1,,CARD,PAID,83490.00,2024-11-09 23:11:27
7000005379,1000005379,20241109,1947,1,,CARD,PAID,34170.00,2024-11-09 23:14:04
7000005380,1000005380,20241109,172,1,,GATEWAY,PAID,34170.00,2024-11-09 23:56:49
7000005381,1000005381,20241110,759,1,,CARD,PAID,37500.00,2024-11-10 08:06:41
7000005382,1000005382,20241110,333,1,,GATEWAY,REFUNDED,19650.00,2024-11-10 10:16:24
7000005383,1000005383,20241110,447,1,,GATEWAY,FAILED,72600.00,
7000005384,1000005384,20241110,1254,1,,CARD,PAID,37800.00,2024-11-10 15:21:15
7000005385,1000005385,20241110,122,1,,GATEWAY,FAILED,34170.00,
7000005386,1000005386,20241110,1504,1,,GATEWAY,PAID,16020.00,2024-11-10 20:24:38
7000005387,1000005387,20241110,1439,1,,GATEWAY,PAID,16320.00,2024-11-11 21:36:36
7000005388,1000005388,20241110,1554,1,,CARD,PAID,19350.00,2024-11-10 22:59:14
7000005389,1000005389,20241110,115,1,,CARD,PAID,19350.00,2024-11-10 23:27:29
7000005390,1000005390,20241111,1724,1,,CARD,PAID,37500.00,2024-11-11 01:00:38
7000005391,1000005391,20241111,1345,1,,GATEWAY,PAID,68970.00,2024-11-14 04:54:52
7000005392,1000005392,20241111,977,1,,CARD,PAID,48690.00,2024-11-11 07:26:55
7000005396,1000005396,20241111,176,1,,GATEWAY,PAID,19350.00,2024-11-11 15:38:54
7000005400,1000005400,20241111,1265,1,,CARD,FAILED,15720.00,
7000005403,1000005403,20241111,1949,1,,CARD,PAID,15720.00,2024-11-11 21:51:28
7000005404,1000005404,20241111,1725,1,,GATEWAY,PAID,33870.00,2024-11-11 22:14:15
7000005405,1000005405,20241111,1516,1,,GATEWAY,PAID,52320.00,2024-11-11 22:08:00
7000005406,1000005406,20241111,1867,1,,GATEWAY,PAID,19350.00,2024-11-12 03:19:36
7000005407,1000005407,20241111,425,1,,CARD,PAID,75867.00,2024-11-11 22:35:23
7000005408,1000005408,20241112,152,1,,GATEWAY,PAID,16020.00,2024-11-12 11:21:16
7000005409,1000005409,20241112,1600,1,,CARD,PAID,14868.00,2024-11-12 02:21:10
7000005410,1000005410,20241112,1795,1,,CARD,PAID,37800.00,2024-11-12 07:37:00
7000005411,1000005411,20241112,1950,1,,CARD,PAID,15720.00,2024-11-12 09:08:00
7000005413,1000005413,20241112,1951,1,,CARD,PAID,65340.00,2024-11-12 11:38:16
7000005415,1000005415,20241112,1953,1,,CARD,PAID,16320.00,2024-11-12 12:31:47
7000005416,1000005416,20241112,1954,1,,CARD,PAID,44760.00,2024-11-12 13:20:57
7000005417,1000005417,20241112,715,1,,CARD,PAID,19650.00,2024-11-12 16:21:15
7000005419,1000005419,20241112,1572,1,,GATEWAY,PAID,16020.00,2024-11-12 18:22:37
7000005422,1000005422,20241112,595,1,,CARD,PAID,79860.00,2024-11-12 19:29:31
7000005424,1000005424,20241112,1713,1,,CARD,PAID,27336.00,2024-11-12 20:10:14
7000005425,1000005425,20241112,1203,1,,CARD,PAID,37500.00,2024-11-12 20:43:20
7000005426,1000005426,20241112,1955,1,,CARD,PAID,15720.00,2024-11-12 21:47:27
7000005427,1000005427,20241112,1813,1,,GATEWAY,PAID,27336.00,2024-11-12 22:01:29
7000005428,1000005428,20241113,1768,1,,CARD,PAID,16020.00,2024-11-13 03:57:20
7000005429,1000005429,20241113,1337,1,,CARD,FAILED,61710.00,
7000005430,1000005430,20241113,1956,1,,CARD,PAID,54450.00,2024-11-13 05:41:00
7000005432,1000005432,20241113,1762,1,,CARD,PAID,16020.00,2024-11-13 10:37:30
7000005433,1000005433,20241113,1957,1,,GATEWAY,PAID,16020.00,2024-11-13 10:41:10
7000005435,1000005435,20241113,1257,1,,GATEWAY,PAID,37800.00,2024-11-13 13:51:26
7000005436,1000005436,20241113,1959,1,,CARD,PAID,37800.00,2024-11-13 14:10:04
7000005439,1000005439,20241113,1961,1,,GATEWAY,PAID,30240.00,2024-11-13 16:48:29
7000005440,1000005440,20241113,1883,1,,CARD,PAID,16320.00,2024-11-13 17:01:13
7000005443,1000005443,20241113,998,1,,GATEWAY,PAID,87120.00,2024-11-13 17:59:31
7000005446,1000005446,20241113,1476,1,,GATEWAY,FAILED,19950.00,
7000005447,1000005447,20241113,1352,1,,CARD,REFUNDED,98010.00,2024-11-13 19:47:40
7000005449,1000005449,20241113,351,1,,CARD,PAID,30240.00,2024-11-13 22:41:11
7000005450,1000005450,20241113,1963,1,,GATEWAY,PAID,30240.00,2024-11-15 23:44:07
7000005451,1000005451,20241113,1830,1,,CARD,PAID,19350.00,2024-11-13 22:49:33
7000005452,1000005452,20241113,456,1,,GATEWAY,PAID,34470.00,2024-11-13 23:25:35
7000005453,1000005453,20241114,1017,1,,CARD,PAID,30540.00,2024-11-14 00:02:37
7000005454,1000005454,20241114,1515,1,,GATEWAY,PAID,48390.00,2024-11-14 01:33:22
7000005455,1000005455,20241114,629,1,,GATEWAY,PAID,15720.00,2024-11-14 04:02:54
7000005456,1000005456,20241114,1964,1,,GATEWAY,PAID,48990.00,2024-11-14 04:25:45
7000005457,1000005457,20241114,74,1,,CARD,PAID,38100.00,2024-11-14 08:47:18
7000005458,1000005458,20241114,1965,1,,CARD,PAID,37500.00,2024-11-14 08:52:22
7000005460,1000005460,20241114,1966,1,,CARD,PAID,15720.00,2024-11-14 10:23:13
7000005461,1000005461,20241114,1967,1,,CARD,PAID,30240.00,2024-11-14 10:27:05
7000005462,1000005462,20241114,1393,1,,GATEWAY,PAID,34470.00,2024-11-14 11:00:06
7000005464,1000005464,20241114,1080,1,,CARD,PAID,19350.00,2024-11-14 12:48:16
7000005467,1000005467,20241114,1969,1,,CARD,REFUNDED,19350.00,2024-11-14 13:48:04
7000005468,1000005468,20241114,26,1,,CARD,PAID,19350.00,2024-11-14 14:23:00
7000005470,1000005470,20241114,1125,1,,CARD,PAID,34170.00,2024-11-14 14:43:11
7000005471,1000005471,20241114,1626,1,,GATEWAY,PAID,19650.00,2024-11-14 17:01:50
7000005472,1000005472,20241114,1274,1,,CARD,PAID,37800.00,2024-11-14 17:23:34
7000005474,1000005474,20241114,1624,1,,GATEWAY,FAILED,16020.00,
7000005475,1000005475,20241114,113,1,,GATEWAY,PAID,19350.00,2024-11-15 20:27:36
7000005477,1000005477,20241114,470,1,,CARD,PAID,58080.00,2024-11-14 20:47:21
7000005478,1000005478,20241114,1971,1,,CARD,PAID,37500.00,2024-11-14 21:34:08
7000005479,1000005479,20241114,705,1,,CARD,PAID,19650.00,2024-11-14 21:57:50
7000005480,1000005480,20241114,494,1,,CARD,PAID,52020.00,2024-11-14 22:48:45
7000005483,1000005483,20241115,1043,1,,GATEWAY,PAID,54450.00,2024-11-15 15:24:22
7000005489,1000005489,20241115,1973,1,,GATEWAY,PAID,16020.00,2024-11-15 19:32:37
7000005491,1000005491,20241115,997,1,,CARD,PAID,37800.00,2024-11-15 20:23:45
7000005492,1000005492,20241115,1411,1,,GATEWAY,PAID,16320.00,2024-11-17 07:51:20
7000005493,1000005493,20241116,1975,1,,CARD,PAID,58080.00,2024-11-16 01:55:36
7000005494,1000005494,20241116,1739,1,,CARD,PAID,68970.00,2024-11-16 06:27:07
7000005497,1000005497,20241116,1885,1,,GATEWAY,PAID,76230.00,2024-11-16 12:42:09
7000005500,1000005500,20241116,1977,1,,GATEWAY,PAID,30540.00,2024-11-16 14:16:43
7000005503,1000005503,20241116,1978,1,,CARD,PAID,15720.00,2024-11-16 15:13:07
7000005506,1000005506,20241116,1913,1,,CARD,REFUNDED,30540.00,2024-11-16 16:39:33
7000005509,1000005509,20241116,1979,1,,GATEWAY,PAID,30840.00,2024-11-16 20:18:50
7000005510,1000005510,20241116,1980,1,,CARD,PAID,30540.00,2024-11-16 20:42:37
7000005511,1000005511,20241116,847,1,,CARD,PAID,30540.00,2024-11-16 21:03:09
7000005512,1000005512,20241116,639,1,,GATEWAY,PAID,44760.00,2024-11-16 22:10:16
7000005513,1000005513,20241117,713,1,,CARD,PAID,52020.00,2024-11-17 10:56:31
7000005514,1000005514,20241117,1981,1,,CARD,PAID,34170.00,2024-11-17 13:07:31
7000005515,1000005515,20241117,1239,1,,CARD,PAID,33870.00,2024-11-17 23:30:11
7000005516,1000005516,20241118,1143,1,,GATEWAY,PAID,19950.00,2024-11-18 00:08:37
7000005517,1000005517,20241118,1878,1,,CARD,PAID,48690.00,2024-11-18 03:31:41
7000005518,1000005518,20241118,1486,1,,GATEWAY,PAID,19950.00,2024-11-18 07:08:25
7000005519,1000005519,20241118,579,1,,CARD,PAID,54450.00,2024-11-18 10:54:55
7000005522,1000005522,20241118,1484,1,,CARD,PAID,54450.00,2024-11-18 11:40:53
7000005525,1000005525,20241118,1249,1,,CARD,PAID,15720.00,2024-11-18 13:59:17
7000005527,1000005527,20241118,671,1,,CARD,PAID,72600.00,2024-11-18 16:06:29
7000005528,1000005528,20241118,1855,1,,GATEWAY,PAID,37500.00,2024-11-18 16:14:05
7000005530,1000005530,20241118,104,1,,GATEWAY,PAID,48690.00,2024-11-18 17:21:41
7000005532,1000005532,20241118,1784,1,,CARD,PAID,49779.00,2024-11-18 19:40:17
7000005533,1000005533,20241118,967,1,,GATEWAY,PAID,15720.00,2024-11-18 20:20:59
7000005534,1000005534,20241118,1984,1,,GATEWAY,PAID,30240.00,2024-11-18 20:47:17
7000005535,1000005535,20241118,1135,1,,CARD,FAILED,44760.00,
7000005536,1000005536,20241119,270,1,,CARD,PAID,33870.00,2024-11-19 07:20:59
7000005538,1000005538,20241119,490,1,,GATEWAY,PAID,15720.00,2024-11-19 10:43:30
7000005540,1000005540,20241119,460,1,,CARD,PAID,72600.00,2024-11-19 13:27:17
7000005541,1000005541,20241119,1610,1,,CARD,PAID,37500.00,2024-11-19 13:44:54
7000005544,1000005544,20241119,1989,1,,CARD,PAID,30240.00,2024-11-19 15:42:40
7000005545,1000005545,20241119,1687,1,,GATEWAY,PAID,52020.00,2024-11-19 17:44:47
7000005546,1000005546,20241119,1672,1,,CARD,PAID,19350.00,2024-11-19 17:45:17
7000005547,1000005547,20241119,1204,1,,GATEWAY,PAID,123420.00,2024-11-19 18:06:36
7000005548,1000005548,20241119,263,1,,GATEWAY,PAID,52320.00,2024-11-19 18:19:33
7000005550,1000005550,20241119,1070,1,,GATEWAY,PAID,19650.00,2024-11-19 19:27:27
7000005551,1000005551,20241119,644,1,,CARD,PAID,34170.00,2024-11-19 19:38:27
7000005552,1000005552,20241119,1991,1,,GATEWAY,PAID,37800.00,2024-11-19 20:04:39
7000005553,1000005553,20241119,1906,1,,CARD,PAID,19350.00,2024-11-19 21:16:04
7000005554,1000005554,20241119,423,1,,CARD,PAID,54450.00,2024-11-19 21:15:36
7000005555,1000005555,20241119,869,1,,GATEWAY,PAID,30240.00,2024-11-19 23:56:12
7000005556,1000005556,20241120,1361,1,,CARD,PAID,72600.00,2024-11-20 02:44:12
7000005557,1000005557,20241120,1992,1,,GATEWAY,FAILED,15720.00,
7000005560,1000005560,20241120,488,1,,CARD,PAID,54450.00,2024-11-20 12:34:54
7000005562,1000005562,20241120,1993,1,,GATEWAY,FAILED,19650.00,
7000005564,1000005564,20241120,1994,1,,CARD,PAID,61710.00,2024-11-20 14:40:06
7000005565,1000005565,20241120,195,1,,GATEWAY,PAID,37800.00,2024-11-20 15:15:12
7000005568,1000005568,20241120,991,1,,GATEWAY,PAID,19350.00,2024-11-20 18:07:55
7000005571,1000005571,20241120,1995,1,,GATEWAY,PAID,30540.00,2024-11-20 20:53:48
7000005573,1000005573,20241121,432,1,,GATEWAY,PAID,19950.00,2024-11-21 13:23:37
7000005576,1000005576,20241121,577,1,,GATEWAY,PAID,52320.00,2024-11-21 19:59:52
7000005577,1000005577,20241121,526,1,,CARD,PAID,38100.00,2024-11-21 21:13:59
7000005578,1000005578,20241121,1722,1,,GATEWAY,PAID,19650.00,2024-11-21 21:33:35
7000005579,1000005579,20241122,1997,1,,GATEWAY,PAID,15720.00,2024-11-22 00:36:29
7000005580,1000005580,20241122,1998,1,,CARD,PAID,19650.00,2024-11-22 08:49:45
7000005583,1000005583,20241122,1778,1,,CARD,PAID,44760.00,2024-11-22 14:08:36
7000005585,1000005585,20241122,1999,1,,GATEWAY,PAID,48390.00,2024-11-22 14:28:08
7000005588,1000005588,20241122,2003,1,,GATEWAY,PAID,15720.00,2024-11-22 17:21:02
7000005589,1000005589,20241122,1465,1,,GATEWAY,PAID,19650.00,2024-11-22 17:57:42
7000005595,1000005595,20241122,2004,1,,CARD,PAID,30540.00,2024-11-22 20:07:47
7000005596,1000005596,20241122,2005,1,,CARD,PAID,18742.50,2024-11-22 20:24:07
7000005597,1000005597,20241122,1512,1,,CARD,PAID,30540.00,2024-11-22 20:30:49
7000005598,1000005598,20241122,2006,1,,CARD,PAID,19650.00,2024-11-22 20:45:04
7000005599,1000005599,20241122,1515,1,,GATEWAY,FAILED,37500.00,
7000005600,1000005600,20241123,1764,1,,GATEWAY,FAILED,30240.00,
7000005601,1000005601,20241123,1129,1,,CARD,PAID,19950.00,2024-11-23 07:13:35
7000005602,1000005602,20241123,1369,1,,GATEWAY,FAILED,37800.00,
7000005604,1000005604,20241123,394,1,,CARD,PAID,29388.00,2024-11-23 12:02:51
7000005605,1000005605,20241123,1019,1,,GATEWAY,PAID,19650.00,2024-11-23 12:31:02
7000005607,1000005607,20241123,1756,1,,CARD,FAILED,61710.00,
7000005608,1000005608,20241123,791,1,,GATEWAY,PAID,16020.00,2024-11-23 14:10:55
7000005610,1000005610,20241123,969,1,,GATEWAY,PAID,16020.00,2024-11-23 14:34:35
7000005613,1000005613,20241123,1096,1,,GATEWAY,PAID,15720.00,2024-11-23 16:38:55
7000005615,1000005615,20241123,1501,1,,GATEWAY,PAID,37800.00,2024-11-23 16:52:05
7000005620,1000005620,20241123,2009,1,,CARD,PAID,37500.00,2024-11-23 23:46:27
7000005621,1000005621,20241124,2010,1,,CARD,PAID,30540.00,2024-11-24 03:33:57
7000005622,1000005622,20241124,2011,1,,CARD,PAID,16020.00,2024-11-24 03:47:27
7000005623,1000005623,20241124,2012,1,,CARD,PAID,30240.00,2024-11-24 10:13:41
7000005624,1000005624,20241124,1637,1,,GATEWAY,PAID,19350.00,2024-11-25 01:32:43
7000005625,1000005625,20241124,1729,1,,CARD,PAID,45060.00,2024-11-24 11:48:11
7000005626,1000005626,20241124,531,1,,GATEWAY,PAID,38100.00,2024-11-24 11:58:25
7000005627,1000005627,20241124,1141,1,,CARD,REFUNDED,16020.00,2024-11-24 12:08:41
7000005628,1000005628,20241124,296,1,,GATEWAY,FAILED,45060.00,
7000005629,1000005629,20241124,729,1,,CARD,PAID,16020.00,2024-11-24 20:04:13
7000005630,1000005630,20241124,630,1,,GATEWAY,FAILED,38100.00,
7000005631,1000005631,20241124,249,1,,CARD,PAID,30540.00,2024-11-24 22:08:10
7000005632,1000005632,20241125,1267,1,,CARD,PAID,58080.00,2024-11-25 08:54:26
7000005633,1000005633,20241125,2014,1,,CARD,PAID,61710.00,2024-11-25 12:30:21
7000005634,1000005634,20241125,1769,1,,GATEWAY,PAID,15720.00,2024-11-25 12:50:26
7000005636,1000005636,20241125,1408,1,,CARD,PAID,30540.00,2024-11-25 13:03:49
7000005637,1000005637,20241125,1814,1,,GATEWAY,FAILED,30840.00,
7000005639,1000005639,20241125,632,1,,GATEWAY,PAID,18442.50,2024-11-25 17:14:18
7000005640,1000005640,20241125,357,1,,CARD,PAID,33870.00,2024-11-25 17:34:33
7000005641,1000005641,20241125,2,1,,CARD,PAID,45060.00,2024-11-25 18:27:11
7000005642,1000005642,20241125,344,1,,GATEWAY,PAID,45060.00,2024-11-25 19:31:56
7000005643,1000005643,20241125,1187,1,,CARD,PAID,19350.00,2024-11-25 19:36:34
7000005644,1000005644,20241125,2016,1,,CARD,PAID,87120.00,2024-11-25 19:59:55
7000005645,1000005645,20241125,328,1,,CARD,PAID,45060.00,2024-11-25 22:29:58
7000005646,1000005646,20241126,543,1,,CARD,PAID,79860.00,2024-11-26 01:50:43
7000005647,1000005647,20241126,120,1,,CARD,PAID,16320.00,2024-11-26 07:26:46
7000005648,1000005648,20241126,1412,1,,CARD,PAID,15720.00,2024-11-26 09:26:14
7000005649,1000005649,20241126,1504,1,,CARD,PAID,45060.00,2024-11-26 09:24:45
7000005650,1000005650,20241126,885,1,,CARD,PAID,14568.00,2024-11-26 10:05:56
7000005652,1000005652,20241126,1557,1,,GATEWAY,PAID,14568.00,2024-11-26 11:40:55
7000005654,1000005654,20241126,1422,1,,GATEWAY,FAILED,19350.00,
7000005655,1000005655,20241126,566,1,,GATEWAY,PAID,17835.00,2024-11-26 12:55:22
7000005656,1000005656,20241126,1365,1,,CARD,REFUNDED,17835.00,2024-11-26 14:07:23
7000005657,1000005657,20241126,84,1,,GATEWAY,PAID,14268.00,2024-11-26 14:30:31
7000005659,1000005659,20241126,589,1,,CARD,PAID,34170.00,2024-11-26 14:58:47
7000005660,1000005660,20241126,1628,1,,GATEWAY,PAID,33870.00,2024-11-26 16:42:06
7000005662,1000005662,20241126,44,1,,GATEWAY,PAID,37800.00,2024-11-26 17:51:51
7000005663,1000005663,20241126,789,1,,CARD,PAID,14568.00,2024-11-26 21:06:13
7000005664,1000005664,20241126,58,1,,CARD,PAID,72600.00,2024-11-26 21:55:23
7000005665,1000005665,20241126,2018,1,,CARD,PAID,19650.00,2024-11-26 22:12:34
7000005666,1000005666,20241127,1538,1,,GATEWAY,PAID,16020.00,2024-11-28 02:06:51
7000005671,1000005671,20241127,1287,1,,GATEWAY,PAID,15720.00,2024-11-27 12:52:42
7000005672,1000005672,20241127,1865,1,,CARD,PAID,16020.00,2024-11-27 13:02:18
7000005674,1000005674,20241127,2019,1,,GATEWAY,PAID,19350.00,2024-11-29 12:19:41
7000005675,1000005675,20241127,11,1,,GATEWAY,PAID,19950.00,2024-11-27 14:43:16
7000005676,1000005676,20241127,1606,1,,GATEWAY,PAID,19650.00,2024-11-27 15:46:32
7000005678,1000005678,20241127,1295,1,,CARD,PAID,15720.00,2024-11-27 16:46:02
7000005679,1000005679,20241127,2020,1,,CARD,PAID,19350.00,2024-11-27 16:46:15
7000005680,1000005680,20241127,878,1,,GATEWAY,PAID,30540.00,2024-11-27 17:52:09
7000005682,1000005682,20241127,1426,1,,CARD,PAID,19350.00,2024-11-27 18:43:13
7000005687,1000005687,20241127,2021,1,,CARD,PAID,45360.00,2024-11-27 19:29:46
7000005688,1000005688,20241127,740,1,,GATEWAY,PAID,19650.00,2024-11-27 19:34:20
7000005690,1000005690,20241127,2022,1,,GATEWAY,PAID,29088.00,2024-11-27 20:08:31
7000005692,1000005692,20241127,415,1,,CARD,FAILED,19650.00,
7000005693,1000005693,20241127,728,1,,CARD,PAID,15720.00,2024-11-27 22:31:54
7000005694,1000005694,20241128,1587,1,,GATEWAY,PAID,16020.00,2024-11-29 08:01:40
7000005695,1000005695,20241128,2023,1,,GATEWAY,PAID,45060.00,2024-11-28 07:09:48
7000005696,1000005696,20241128,1159,1,,CARD,PAID,19350.00,2024-11-28 09:14:55
7000005698,1000005698,20241128,294,1,,CARD,PAID,18742.50,2024-11-28 12:35:15
7000005699,1000005699,20241128,1834,1,,CARD,PAID,30540.00,2024-11-28 12:43:53
7000005700,1000005700,20241128,1905,1,,CARD,PAID,68970.00,2024-11-28 12:45:54
7000005702,1000005702,20241128,1619,1,,CARD,PAID,15720.00,2024-11-28 13:24:56
7000005704,1000005704,20241128,2027,1,,CARD,PAID,54450.00,2024-11-28 14:26:39
7000005708,1000005708,20241128,2028,1,,CARD,REFUNDED,68970.00,2024-11-28 17:21:48
7000005709,1000005709,20241128,2029,1,,GATEWAY,PAID,19650.00,2024-11-28 19:57:33
7000005711,1000005711,20241128,1328,1,,CARD,PAID,37800.00,2024-11-28 20:31:52
7000005712,1000005712,20241128,1871,1,,GATEWAY,PAID,19950.00,2024-11-28 21:53:30
7000005713,1000005713,20241129,1570,1,,CARD,PAID,64795.50,2024-11-29 01:56:34
7000005714,1000005714,20241129,739,1,,CARD,PAID,53953.50,2024-11-29 06:06:58
7000005715,1000005715,20241129,239,1,,CARD,PAID,67881.00,2024-11-29 06:17:46
7000005716,1000005716,20241129,1174,1,,CARD,PAID,32355.00,2024-11-29 09:47:32
7000005718,1000005718,20241129,2030,1,,GATEWAY,PAID,38226.00,2024-11-29 11:25:44
7000005719,1000005719,20241129,255,1,,GATEWAY,PAID,13542.00,2024-11-29 12:12:04
7000005720,1000005720,20241129,68,1,,GATEWAY,PAID,25884.00,2024-11-29 14:09:20
7000005721,1000005721,20241129,215,1,,CARD,FAILED,16627.50,
7000005724,1000005724,20241129,2031,1,,CARD,PAID,13842.00,2024-11-29 16:29:52
7000005725,1000005725,20241129,1878,1,,CARD,PAID,16927.50,2024-11-29 17:09:05
7000005726,1000005726,20241129,2032,1,,GATEWAY,PAID,41311.50,2024-11-29 17:19:05
7000005728,1000005728,20241129,2033,1,,GATEWAY,FAILED,50568.00,
7000005729,1000005729,20241129,1931,1,,CARD,PAID,26184.00,2024-11-29 19:16:09
7000005734,1000005734,20241129,2035,1,,CARD,PAID,61710.00,2024-11-29 20:59:06
7000005735,1000005735,20241129,1534,1,,GATEWAY,PAID,44697.00,2024-11-29 21:03:21
7000005736,1000005736,20241129,444,1,,CARD,PAID,58624.50,2024-11-29 21:15:19
7000005737,1000005737,20241129,1400,1,,CARD,PAID,13842.00,2024-11-29 22:56:43
7000005738,1000005738,20241129,2036,1,,CARD,PAID,50868.00,2024-11-29 23:55:30
7000005739,1000005739,20241130,1674,1,,CARD,PAID,53653.50,2024-11-30 02:44:04
7000005740,1000005740,20241130,1047,1,,GATEWAY,PAID,26184.00,2024-11-30 06:09:08
7000005741,1000005741,20241130,2037,1,,GATEWAY,PAID,16627.50,2024-11-30 07:44:47
7000005742,1000005742,20241130,1941,1,,CARD,PAID,38526.00,2024-11-30 08:35:35
7000005743,1000005743,20241130,1833,1,,GATEWAY,PAID,32355.00,2024-11-30 09:35:50
7000005744,1000005744,20241130,359,1,,GATEWAY,PAID,29269.50,2024-11-30 13:50:09
7000005745,1000005745,20241130,125,1,,GATEWAY,PAID,26184.00,2024-11-30 10:14:57
7000005748,1000005748,20241130,1039,1,,CARD,PAID,16927.50,2024-11-30 11:27:20
7000005749,1000005749,20241130,2038,1,,GATEWAY,PAID,32655.00,2024-12-01 02:50:01
7000005750,1000005750,20241130,1073,1,,GATEWAY,PAID,98736.00,2024-11-30 12:14:21
7000005751,1000005751,20241130,1916,1,,GATEWAY,PAID,38226.00,2024-12-01 17:10:31
7000005754,1000005754,20241130,182,1,,CARD,PAID,54253.50,2024-11-30 14:21:54
7000005757,1000005757,20241130,300,1,,GATEWAY,PAID,26184.00,2024-11-30 16:23:45
7000005764,1000005764,20241130,1088,1,,GATEWAY,PAID,32355.00,2024-12-02 00:17:17
7000005768,1000005768,20241130,1306,1,,CARD,PAID,13542.00,2024-11-30 19:41:23
7000005769,1000005769,20241130,1797,1,,CARD,PAID,55539.00,2024-11-30 20:34:54
7000005770,1000005770,20241130,1810,1,,GATEWAY,REFUNDED,26184.00,2024-11-30 23:15:56
7000005771,1000005771,20241130,1599,1,,CARD,PAID,32055.00,2024-11-30 23:27:53
7000005772,1000005772,20241130,1240,1,,CARD,REFUNDED,32055.00,2024-11-30 23:56:21
7000005773,1000005773,20241201,545,1,,GATEWAY,PAID,53953.50,2024-12-01 00:12:27
7000005774,1000005774,20241201,1638,1,,CARD,PAID,74052.00,2024-12-01 02:24:38
7000005775,1000005775,20241201,703,1,,CARD,PAID,41611.50,2024-12-01 03:15:36
7000005776,1000005776,20241201,1703,1,,GATEWAY,PAID,41611.50,2024-12-01 23:29:33
7000005777,1000005777,20241201,1191,1,,GATEWAY,PAID,32355.00,2024-12-01 10:10:23
7000005778,1000005778,20241201,502,1,,GATEWAY,PAID,32355.00,2024-12-01 11:52:00
7000005779,1000005779,20241201,2044,1,,CARD,REFUNDED,16627.50,2024-12-01 12:05:47
7000005780,1000005780,20241201,2045,1,,CARD,PAID,58624.50,2024-12-01 12:17:29
7000005781,1000005781,20241201,1815,1,,CARD,PAID,13842.00,2024-12-01 12:53:47
7000005782,1000005782,20241201,1864,1,,GATEWAY,PAID,17227.50,2024-12-01 13:55:14
7000005783,1000005783,20241201,2046,1,,GATEWAY,PAID,16927.50,2024-12-01 14:04:01
7000005784,1000005784,20241201,1947,1,,CARD,PAID,16927.50,2024-12-01 15:05:21
7000005785,1000005785,20241201,1668,1,,CARD,PAID,16927.50,2024-12-01 15:05:57
7000005786,1000005786,20241201,2047,1,,CARD,FAILED,74052.00,
7000005787,1000005787,20241201,1527,1,,GATEWAY,PAID,25884.00,2024-12-01 18:17:02
7000005788,1000005788,20241201,505,1,,GATEWAY,PAID,47482.50,2024-12-01 18:21:13
7000005789,1000005789,20241201,2048,1,,GATEWAY,FAILED,29269.50,
7000005790,1000005790,20241201,316,1,,GATEWAY,PAID,32055.00,2024-12-01 19:57:50
7000005791,1000005791,20241201,1946,1,,CARD,PAID,29269.50,2024-12-01 20:12:36
7000005792,1000005792,20241201,1521,1,,GATEWAY,PAID,13542.00,2024-12-02 02:08:32
7000005793,1000005793,20241201,1989,1,,CARD,PAID,47482.50,2024-12-01 20:54:31
7000005794,1000005794,20241201,1006,1,,CARD,PAID,41611.50,2024-12-01 21:03:45
7000005795,1000005795,20241201,1109,1,,GATEWAY,REFUNDED,17227.50,2024-12-02 21:36:39
7000005796,1000005796,20241201,828,1,,CARD,PAID,17227.50,2024-12-01 21:55:45
7000005797,1000005797,20241201,2049,1,,GATEWAY,PAID,48082.50,2024-12-01 22:04:12
7000005798,1000005798,20241201,1078,1,,CARD,PAID,16627.50,2024-12-01 22:58:20
7000005799,1000005799,20241201,840,1,,CARD,PAID,16927.50,2024-12-01 23:32:20
7000005800,1000005800,20241202,2050,1,,CARD,PAID,58080.00,2024-12-02 01:41:02
7000005801,1000005801,20241202,2051,1,,GATEWAY,FAILED,37500.00,
7000005802,1000005802,20241202,20,1,,CARD,PAID,15720.00,2024-12-02 10:12:59
7000005805,1000005805,20241202,1872,1,,GATEWAY,PAID,54450.00,2024-12-02 11:37:37
7000005806,1000005806,20241202,2052,1,,GATEWAY,PAID,37500.00,2024-12-02 12:29:19
7000005809,1000005809,20241202,2053,1,,GATEWAY,PAID,54450.00,2024-12-02 13:21:51
7000005810,1000005810,20241202,1095,1,,CARD,PAID,33870.00,2024-12-02 13:23:41
7000005811,1000005811,20241202,2054,1,,GATEWAY,FAILED,19650.00,
7000005812,1000005812,20241202,64,1,,CARD,PAID,16320.00,2024-12-02 13:48:58
7000005814,1000005814,20241202,1436,1,,CARD,PAID,34470.00,2024-12-02 16:42:33
7000005815,1000005815,20241202,222,1,,CARD,PAID,30240.00,2024-12-02 16:54:26
7000005816,1000005816,20241202,679,1,,CARD,PAID,30540.00,2024-12-02 17:04:43
7000005819,1000005819,20241202,1371,1,,CARD,PAID,19650.00,2024-12-02 17:52:17
7000005820,1000005820,20241202,1594,1,,CARD,PAID,19650.00,2024-12-02 18:13:29
7000005822,1000005822,20241202,579,1,,GATEWAY,PAID,72600.00,2024-12-02 20:05:47
7000005823,1000005823,20241202,2057,1,,CARD,PAID,16020.00,2024-12-02 20:41:40
7000005824,1000005824,20241202,1773,1,,CARD,PAID,68970.00,2024-12-02 20:50:57
7000005825,1000005825,20241202,8,1,,GATEWAY,PAID,185130.00,2024-12-02 21:27:06
7000005826,1000005826,20241203,1060,1,,CARD,PAID,16020.00,2024-12-03 01:25:11
7000005827,1000005827,20241203,2058,1,,GATEWAY,PAID,45060.00,2024-12-03 02:18:33
7000005828,1000005828,20241203,2059,1,,GATEWAY,PAID,19650.00,2024-12-06 07:45:29
7000005829,1000005829,20241203,602,1,,CARD,PAID,58080.00,2024-12-03 09:49:58
7000005830,1000005830,20241203,891,1,,CARD,PAID,37800.00,2024-12-03 10:03:21
7000005831,1000005831,20241203,1114,1,,CARD,PAID,61710.00,2024-12-03 10:51:58
7000005834,1000005834,20241203,1118,1,,CARD,PAID,65340.00,2024-12-03 15:29:48
7000005835,1000005835,20241203,1541,1,,CARD,PAID,68970.00,2024-12-03 16:00:16
7000005836,1000005836,20241203,2060,1,,GATEWAY,PAID,44760.00,2024-12-03 16:20:54
7000005839,1000005839,20241203,1828,1,,CARD,PAID,16320.00,2024-12-03 16:59:49
7000005840,1000005840,20241203,1679,1,,CARD,PAID,19650.00,2024-12-03 17:36:04
7000005843,1000005843,20241203,2062,1,,CARD,PAID,34470.00,2024-12-03 19:10:13
7000005844,1000005844,20241203,1305,1,,CARD,PAID,19650.00,2024-12-03 20:08:18
7000005846,1000005846,20241203,2063,1,,CARD,PAID,72600.00,2024-12-03 21:02:45
7000005847,1000005847,20241203,2065,1,,CARD,PAID,15720.00,2024-12-03 21:13:02
7000005848,1000005848,20241203,382,1,,CARD,PAID,19950.00,2024-12-03 22:56:57
7000005849,1000005849,20241204,1185,1,,CARD,FAILED,45360.00,
7000005850,1000005850,20241204,811,1,,CARD,PAID,72600.00,2024-12-04 10:13:14
7000005851,1000005851,20241204,930,1,,CARD,PAID,52020.00,2024-12-04 11:43:43
7000005852,1000005852,20241204,747,1,,CARD,PAID,37500.00,2024-12-04 11:57:33
7000005854,1000005854,20241204,1981,1,,CARD,PAID,37800.00,2024-12-04 12:27:55
7000005855,1000005855,20241204,342,1,,CARD,PAID,72600.00,2024-12-04 13:01:12
7000005856,1000005856,20241204,1919,1,,CARD,PAID,37500.00,2024-12-04 13:12:26
7000005857,1000005857,20241204,512,1,,GATEWAY,PAID,16020.00,2024-12-06 09:33:54
7000005859,1000005859,20241204,2068,1,,CARD,PAID,15720.00,2024-12-04 15:00:42
7000005860,1000005860,20241204,977,1,,CARD,PAID,72600.00,2024-12-04 15:09:01
7000005861,1000005861,20241204,1301,1,,CARD,FAILED,30840.00,
7000005863,1000005863,20241204,1780,1,,CARD,PAID,54450.00,2024-12-04 16:31:42
7000005866,1000005866,20241204,490,1,,CARD,PAID,19350.00,2024-12-04 18:33:30
7000005867,1000005867,20241204,510,1,,CARD,PAID,37800.00,2024-12-04 18:51:16
7000005868,1000005868,20241204,1852,1,,GATEWAY,PAID,48690.00,2024-12-04 20:55:48
7000005869,1000005869,20241204,2069,1,,CARD,PAID,34170.00,2024-12-04 20:47:19
7000005870,1000005870,20241204,1665,1,,GATEWAY,REFUNDED,37800.00,2024-12-04 23:38:13
7000005871,1000005871,20241205,514,1,,GATEWAY,PAID,30840.00,2024-12-05 00:57:00
7000005872,1000005872,20241205,1725,1,,CARD,PAID,33870.00,2024-12-05 06:56:16
7000005873,1000005873,20241205,1934,1,,GATEWAY,PAID,19350.00,2024-12-05 09:26:03
7000005874,1000005874,20241205,1894,1,,CARD,PAID,19350.00,2024-12-05 09:56:54
7000005878,1000005878,20241205,423,1,,CARD,PAID,323977.50,2024-12-05 13:28:07
7000005882,1000005882,20241205,1484,1,,CARD,PAID,37500.00,2024-12-05 18:46:48
7000005885,1000005885,20241205,1719,1,,CARD,PAID,54450.00,2024-12-05 19:54:58
7000005887,1000005887,20241205,1956,1,,CARD,PAID,52927.50,2024-12-05 21:57:37
7000005888,1000005888,20241205,613,1,,CARD,PAID,54450.00,2024-12-05 22:14:48
7000005891,1000005891,20241206,1429,1,,CARD,PAID,61710.00,2024-12-06 11:01:10
7000005892,1000005892,20241206,1835,1,,GATEWAY,FAILED,61710.00,
7000005894,1000005894,20241206,2072,1,,CARD,PAID,72600.00,2024-12-06 13:14:32
7000005895,1000005895,20241206,1625,1,,GATEWAY,PAID,19350.00,2024-12-06 13:57:50
7000005897,1000005897,20241206,1186,1,,CARD,FAILED,52320.00,
7000005900,1000005900,20241206,1423,1,,CARD,PAID,19350.00,2024-12-06 15:56:04
7000005901,1000005901,20241206,1189,1,,CARD,PAID,19950.00,2024-12-06 16:13:04
7000005902,1000005902,20241206,1799,1,,CARD,FAILED,30540.00,
7000005903,1000005903,20241206,494,1,,CARD,PAID,75867.00,2024-12-06 18:25:00
7000005907,1000005907,20241206,1393,1,,CARD,REFUNDED,19950.00,2024-12-06 21:13:06
7000005908,1000005908,20241206,1787,1,,GATEWAY,PAID,16020.00,2024-12-08 14:12:20
7000005909,1000005909,20241207,1388,1,,GATEWAY,PAID,65340.00,2024-12-07 08:42:11
7000005911,1000005911,20241207,648,1,,CARD,PAID,48390.00,2024-12-07 11:03:53
7000005917,1000005917,20241207,1506,1,,GATEWAY,PAID,16020.00,2024-12-07 14:23:49
7000005925,1000005925,20241207,194,1,,CARD,PAID,19350.00,2024-12-07 19:10:04
7000005926,1000005926,20241207,2074,1,,CARD,PAID,52620.00,2024-12-07 22:10:36
7000005927,1000005927,20241207,2075,1,,GATEWAY,PAID,87120.00,2024-12-09 00:08:03
7000005928,1000005928,20241208,1538,1,,CARD,PAID,16020.00,2024-12-08 00:14:45
7000005929,1000005929,20241208,872,1,,GATEWAY,FAILED,19950.00,
7000005930,1000005930,20241208,2076,1,,GATEWAY,REFUNDED,19350.00,2024-12-08 01:01:53
7000005931,1000005931,20241208,543,1,,CARD,PAID,34170.00,2024-12-08 11:00:31
7000005932,1000005932,20241208,377,1,,CARD,PAID,48990.00,2024-12-08 11:22:15
7000005933,1000005933,20241208,2077,1,,GATEWAY,PAID,16320.00,2024-12-09 08:35:30
7000005934,1000005934,20241208,189,1,,CARD,PAID,30540.00,2024-12-08 15:04:31
7000005935,1000005935,20241208,2078,1,,CARD,PAID,16320.00,2024-12-08 17:55:11
7000005936,1000005936,20241208,2080,1,,CARD,PAID,54450.00,2024-12-08 18:11:29
7000005937,1000005937,20241208,567,1,,GATEWAY,FAILED,15720.00,
7000005938,1000005938,20241208,2079,1,,CARD,FAILED,37500.00,
7000005939,1000005939,20241208,1633,1,,CARD,PAID,72600.00,2024-12-08 21:14:27
7000005940,1000005940,20241208,1570,1,,CARD,PAID,15720.00,2024-12-08 21:45:43
7000005941,1000005941,20241208,356,1,,CARD,PAID,18442.50,2024-12-08 21:58:59
7000005942,1000005942,20241208,112,1,,GATEWAY,PAID,19350.00,2024-12-11 12:13:49
7000005943,1000005943,20241208,2081,1,,GATEWAY,REFUNDED,16020.00,2024-12-08 22:23:43
7000005944,1000005944,20241208,486,1,,CARD,PAID,58624.50,2024-12-08 22:35:06
7000005945,1000005945,20241208,2082,1,,CARD,PAID,34170.00,2024-12-08 22:44:51
7000005946,1000005946,20241208,1922,1,,CARD,PAID,16320.00,2024-12-08 23:05:21
7000005947,1000005947,20241209,849,1,,CARD,PAID,37800.00,2024-12-09 02:00:20
7000005948,1000005948,20241209,231,1,,GATEWAY,PAID,30840.00,2024-12-09 02:40:19
7000005949,1000005949,20241209,651,1,,GATEWAY,PAID,19350.00,2024-12-09 07:00:15
7000005950,1000005950,20241209,2083,1,,CARD,PAID,19650.00,2024-12-09 09:07:19
7000005951,1000005951,20241209,404,1,,CARD,FAILED,33870.00,
7000005952,1000005952,20241209,688,1,,GATEWAY,PAID,54450.00,2024-12-09 11:11:10
7000005953,1000005953,20241209,279,1,,GATEWAY,PAID,54450.00,2024-12-09 12:16:47
7000005955,1000005955,20241209,1469,1,,CARD,PAID,34170.00,2024-12-09 14:01:21
7000005960,1000005960,20241209,2085,1,,GATEWAY,PAID,65340.00,2024-12-09 18:04:57
7000005962,1000005962,20241209,1075,1,,CARD,PAID,30540.00,2024-12-09 18:15:53
7000005964,1000005964,20241209,1448,1,,GATEWAY,PAID,15294.00,2024-12-09 19:34:06
7000005966,1000005966,20241209,788,1,,GATEWAY,PAID,30840.00,2024-12-09 20:13:13
7000005967,1000005967,20241209,409,1,,GATEWAY,PAID,38100.00,2024-12-09 21:32:56
7000005968,1000005968,20241209,1361,1,,GATEWAY,PAID,68970.00,2024-12-09 22:21:55
7000005969,1000005969,20241209,1007,1,,CARD,PAID,37500.00,2024-12-09 22:37:27
7000005970,1000005970,20241209,1339,1,,CARD,PAID,72600.00,2024-12-09 23:40:12
7000005971,1000005971,20241210,1117,1,,GATEWAY,PAID,65340.00,2024-12-10 04:07:41
7000005972,1000005972,20241210,870,1,,CARD,PAID,68970.00,2024-12-10 01:00:23
7000005973,1000005973,20241210,1812,1,,GATEWAY,PAID,65340.00,2024-12-10 01:18:38
7000005974,1000005974,20241210,1622,1,,CARD,PAID,48390.00,2024-12-10 09:54:43
7000005975,1000005975,20241210,1850,1,,GATEWAY,FAILED,15720.00,
7000005976,1000005976,20241210,300,1,,GATEWAY,PAID,18742.50,2024-12-10 10:59:32
7000005980,1000005980,20241210,2086,1,,CARD,PAID,43971.00,2024-12-10 11:43:01
7000005981,1000005981,20241210,421,1,,CARD,FAILED,14268.00,
7000005983,1000005983,20241210,633,1,,CARD,PAID,37800.00,2024-12-10 12:27:43
7000005984,1000005984,20241210,705,1,,CARD,PAID,72600.00,2024-12-10 12:31:17
7000005985,1000005985,20241210,2087,1,,CARD,PAID,33870.00,2024-12-10 13:14:44
7000005987,1000005987,20241210,1391,1,,GATEWAY,PAID,19350.00,2024-12-10 13:53:26
7000005989,1000005989,20241210,1203,1,,CARD,PAID,37500.00,2024-12-10 14:41:49
7000005990,1000005990,20241210,1225,1,,GATEWAY,PAID,34470.00,2024-12-10 15:33:25
7000005991,1000005991,20241210,432,1,,CARD,REFUNDED,34470.00,2024-12-10 15:39:07
7000005992,1000005992,20241210,1079,1,,CARD,PAID,30540.00,2024-12-10 15:42:45
7000005993,1000005993,20241210,1767,1,,CARD,PAID,33870.00,2024-12-10 15:58:35
7000005994,1000005994,20241210,1716,1,,GATEWAY,PAID,18742.50,2024-12-10 16:39:37
7000005995,1000005995,20241210,108,1,,CARD,PAID,48690.00,2024-12-10 16:37:50
7000005996,1000005996,20241210,2089,1,,CARD,REFUNDED,14568.00,2024-12-10 16:46:45
7000005997,1000005997,20241210,1334,1,,GATEWAY,PAID,38100.00,2024-12-10 22:39:14
7000006000,1000006000,20241210,480,1,,GATEWAY,PAID,16020.00,2024-12-10 17:55:14
7000006001,1000006001,20241210,1431,1,,CARD,PAID,83490.00,2024-12-10 18:05:21
7000006002,1000006002,20241210,1543,1,,GATEWAY,PAID,15720.00,2024-12-10 18:06:47
7000006003,1000006003,20241210,1016,1,,CARD,PAID,54450.00,2024-12-10 18:59:43
7000006005,1000006005,20241210,425,1,,CARD,PAID,48690.00,2024-12-10 19:34:56
7000006006,1000006006,20241210,489,1,,CARD,PAID,15720.00,2024-12-10 19:41:37
7000006011,1000006011,20241210,1026,1,,GATEWAY,PAID,65340.00,2024-12-10 20:32:00
7000006012,1000006012,20241210,1160,1,,GATEWAY,PAID,34170.00,2024-12-10 20:54:35
7000006013,1000006013,20241210,142,1,,GATEWAY,PAID,49479.00,2024-12-10 21:18:40
7000006014,1000006014,20241210,2093,1,,GATEWAY,REFUNDED,30603.00,2024-12-10 21:52:55
7000006015,1000006015,20241210,284,1,,GATEWAY,PAID,45060.00,2024-12-10 22:39:12
7000006016,1000006016,20241210,1951,1,,CARD,PAID,17535.00,2024-12-10 22:52:54
7000006017,1000006017,20241210,2094,1,,CARD,PAID,34170.00,2024-12-10 22:54:05
7000006018,1000006018,20241210,822,1,,GATEWAY,PAID,48690.00,2024-12-10 23:57:13
7000006019,1000006019,20241210,44,1,,CARD,PAID,30540.00,2024-12-10 23:56:07
7000006020,1000006020,20241211,1604,1,,GATEWAY,PAID,19650.00,2024-12-11 04:28:55
7000006021,1000006021,20241211,469,1,,CARD,PAID,32536.50,2024-12-11 05:05:58
7000006022,1000006022,20241211,1398,1,,CARD,PAID,19950.00,2024-12-11 08:35:25
7000006023,1000006023,20241211,934,1,,GATEWAY,PAID,15720.00,2024-12-11 11:04:22
7000006027,1000006027,20241211,118,1,,GATEWAY,PAID,45060.00,2024-12-11 16:02:42
7000006028,1000006028,20241211,2095,1,,CARD,PAID,54450.00,2024-12-11 16:12:49
7000006030,1000006030,20241211,996,1,,CARD,PAID,15294.00,2024-12-11 16:21:45
7000006031,1000006031,20241211,894,1,,CARD,PAID,33870.00,2024-12-11 16:51:41
7000006032,1000006032,20241211,157,1,,GATEWAY,PAID,33870.00,2024-12-14 15:42:28
7000006033,1000006033,20241211,1509,1,,CARD,PAID,30540.00,2024-12-11 17:56:34
7000006037,1000006037,20241211,2098,1,,CARD,PAID,58080.00,2024-12-11 19:01:06
7000006045,1000006045,20241211,1253,1,,CARD,PAID,37800.00,2024-12-11 21:45:07
7000006046,1000006046,20241211,2101,1,,CARD,PAID,34170.00,2024-12-11 21:54:10
7000006047,1000006047,20241211,935,1,,CARD,PAID,45060.00,2024-12-11 21:58:55
7000006048,1000006048,20241212,666,1,,CARD,PAID,19350.00,2024-12-12 00:34:23
7000006049,1000006049,20241212,810,1,,CARD,FAILED,16020.00,
7000006050,1000006050,20241212,2028,1,,CARD,PAID,52320.00,2024-12-12 07:09:11
7000006055,1000006055,20241212,770,1,,CARD,PAID,37500.00,2024-12-12 12:51:08
7000006057,1000006057,20241212,932,1,,CARD,PAID,15720.00,2024-12-12 14:27:22
7000006059,1000006059,20241212,1534,1,,CARD,PAID,76230.00,2024-12-12 14:50:02
7000006060,1000006060,20241212,2102,1,,GATEWAY,PAID,54450.00,2024-12-13 08:38:12
7000006061,1000006061,20241212,457,1,,GATEWAY,PAID,19950.00,2024-12-12 15:56:15
7000006062,1000006062,20241212,2103,1,,GATEWAY,PAID,19950.00,2024-12-12 16:09:34
7000006064,1000006064,20241212,1762,1,,CARD,PAID,37800.00,2024-12-12 16:30:03
7000006065,1000006065,20241212,2105,1,,CARD,PAID,54450.00,2024-12-12 16:47:37
7000006067,1000006067,20241212,1768,1,,CARD,PAID,19650.00,2024-12-12 17:23:03
7000006070,1000006070,20241212,324,1,,CARD,PAID,16020.00,2024-12-12 18:11:11
7000006072,1000006072,20241212,430,1,,GATEWAY,PAID,19950.00,2024-12-12 19:02:15
7000006074,1000006074,20241212,1046,1,,CARD,PAID,19350.00,2024-12-12 19:24:00
7000006076,1000006076,20241212,2108,1,,GATEWAY,PAID,83490.00,2024-12-12 21:30:29
7000006078,1000006078,20241212,2109,1,,GATEWAY,PAID,65340.00,2024-12-12 20:15:56
7000006081,1000006081,20241212,2110,1,,GATEWAY,PAID,16020.00,2024-12-12 20:25:15
7000006083,1000006083,20241212,1732,1,,CARD,PAID,30840.00,2024-12-12 20:38:20
7000006084,1000006084,20241212,1358,1,,GATEWAY,PAID,37500.00,2024-12-12 21:15:05
7000006085,1000006085,20241212,2111,1,,CARD,PAID,30240.00,2024-12-12 21:33:06
7000006086,1000006086,20241212,2112,1,,GATEWAY,PAID,33870.00,2024-12-12 21:50:25
7000006087,1000006087,20241212,420,1,,CARD,PAID,19350.00,2024-12-12 22:01:28
7000006088,1000006088,20241212,2113,1,,CARD,PAID,79860.00,2024-12-12 22:20:33
7000006089,1000006089,20241212,1592,1,,CARD,FAILED,19650.00,
7000006090,1000006090,20241212,2114,1,,CARD,PAID,15720.00,2024-12-12 23:16:58
7000006091,1000006091,20241213,946,1,,GATEWAY,PAID,37500.00,2024-12-13 06:27:31
7000006092,1000006092,20241213,70,1,,GATEWAY,PAID,37500.00,2024-12-13 07:00:38
7000006093,1000006093,20241213,2115,1,,GATEWAY,PAID,15720.00,2024-12-13 06:59:13
7000006094,1000006094,20241213,247,1,,CARD,REFUNDED,37500.00,2024-12-13 09:15:57
7000006096,1000006096,20241213,2116,1,,CARD,PAID,33870.00,2024-12-13 11:27:34
7000006100,1000006100,20241213,2117,1,,CARD,PAID,19650.00,2024-12-13 12:18:31
7000006102,1000006102,20241213,2005,1,,GATEWAY,FAILED,19650.00,
7000006105,1000006105,20241213,2119,1,,CARD,PAID,61710.00,2024-12-13 13:49:08
7000006122,1000006122,20241213,785,1,,CARD,PAID,58080.00,2024-12-13 19:11:21
7000006126,1000006126,20241213,1734,1,,GATEWAY,PAID,37800.00,2024-12-13 19:54:26
7000006128,1000006128,20241213,602,1,,CARD,PAID,16320.00,2024-12-13 20:26:06
7000006129,1000006129,20241213,1598,1,,CARD,PAID,19950.00,2024-12-13 20:38:19
7000006131,1000006131,20241213,1053,1,,CARD,PAID,19350.00,2024-12-13 21:47:19
7000006132,1000006132,20241213,533,1,,CARD,PAID,16020.00,2024-12-13 21:56:49
7000006133,1000006133,20241213,1452,1,,GATEWAY,REFUNDED,37500.00,2024-12-13 22:10:46
7000006134,1000006134,20241213,1415,1,,CARD,PAID,30240.00,2024-12-13 22:16:34
7000006135,1000006135,20241214,1019,1,,CARD,PAID,16020.00,2024-12-14 00:08:11
7000006136,1000006136,20241214,184,1,,GATEWAY,PAID,65340.00,2024-12-14 00:49:18
7000006137,1000006137,20241214,1542,1,,GATEWAY,REFUNDED,101640.00,2024-12-14 09:57:14
7000006138,1000006138,20241214,1723,1,,CARD,PAID,37800.00,2024-12-14 10:13:02
7000006142,1000006142,20241214,1057,1,,GATEWAY,PAID,53527.50,2024-12-14 12:38:39
7000006143,1000006143,20241214,2127,1,,CARD,PAID,30540.00,2024-12-14 13:43:29
7000006145,1000006145,20241214,330,2,1,CASH,PAID,50820.00,2024-12-14 13:44:14
7000006146,1000006146,20241214,1613,2,1,CARD,PAID,18150.00,2024-12-14 14:16:15
7000006148,1000006148,20241214,422,2,3,CARD,PAID,43560.00,2024-12-14 14:43:45
7000006149,1000006149,20241214,135,2,1,CARD,PAID,14520.00,2024-12-14 14:45:24
7000006152,1000006152,20241214,2129,2,1,CARD,PAID,14520.00,2024-12-14 15:47:25
7000006153,1000006153,20241214,388,2,4,CASH,PAID,32670.00,2024-12-14 15:58:12
7000006154,1000006154,20241214,761,2,1,CARD,PAID,14520.00,2024-12-14 17:16:31
7000006156,1000006156,20241214,251,2,1,CARD,PAID,16335.00,2024-12-14 17:27:14
7000006157,1000006157,20241214,174,2,2,TRANSFER,PAID,13068.00,2024-12-14 17:38:50
7000006158,1000006158,20241214,1196,2,1,CASH,PAID,32670.00,2024-12-14 17:49:14
7000006161,1000006161,20241214,880,2,2,CASH,PAID,32670.00,2024-12-14 18:29:13
7000006162,1000006162,20241214,1376,2,3,CARD,PAID,36300.00,2024-12-14 19:14:21
7000006165,1000006165,20241214,640,2,1,TRANSFER,PAID,32670.00,2024-12-14 19:58:58
7000006166,1000006166,20241214,1839,2,4,CASH,PAID,61710.00,2024-12-14 20:20:33
7000006167,1000006167,20241214,1609,2,1,CARD,PAID,58080.00,2024-12-14 20:53:48
7000006200,1000006200,20241216,1976,2,2,CARD,PAID,14520.00,2024-12-16 10:33:45
7000006201,1000006201,20241216,1319,2,2,CASH,PAID,18150.00,2024-12-16 12:00:23
7000006203,1000006203,20241216,2139,2,1,CASH,PAID,29040.00,2024-12-16 12:21:21
7000006204,1000006204,20241216,848,2,4,CARD,PAID,36300.00,2024-12-16 12:58:44
7000006207,1000006207,20241216,1484,2,1,CASH,REFUNDED,14520.00,2024-12-16 13:43:37
7000006208,1000006208,20241216,1281,2,3,CARD,PAID,58080.00,2024-12-16 15:07:53
7000006209,1000006209,20241216,2140,2,3,CASH,PAID,47190.00,2024-12-16 15:13:56
7000006218,1000006218,20241216,1671,2,2,CARD,PAID,47190.00,2024-12-16 17:19:47
7000006219,1000006219,20241216,758,2,2,CASH,PAID,14520.00,2024-12-16 17:27:47
7000006220,1000006220,20241216,1782,2,4,CASH,PAID,54450.00,2024-12-16 17:54:41
7000006221,1000006221,20241216,1930,2,1,CARD,PAID,36300.00,2024-12-16 18:04:27
7000006222,1000006222,20241216,273,2,3,CARD,PAID,58806.00,2024-12-16 18:24:59
7000006224,1000006224,20241216,2143,2,4,CASH,PAID,39204.00,2024-12-16 18:44:21
7000006226,1000006226,20241216,2144,2,2,CASH,PAID,47190.00,2024-12-16 18:53:49
7000006227,1000006227,20241216,2015,2,3,CARD,PAID,47190.00,2024-12-16 19:00:26
7000006228,1000006228,20241216,665,2,3,CASH,PAID,43560.00,2024-12-16 19:16:18
7000006230,1000006230,20241216,267,2,1,CARD,PAID,43560.00,2024-12-16 20:50:47
7000006240,1000006240,20241217,1324,2,1,CARD,PAID,58806.00,2024-12-17 10:10:23
7000006242,1000006242,20241217,614,2,3,CASH,PAID,18150.00,2024-12-17 10:31:32
7000006243,1000006243,20241217,1041,2,3,CASH,PAID,54450.00,2024-12-17 11:00:50
7000006246,1000006246,20241217,1569,2,1,CASH,PAID,72600.00,2024-12-17 12:27:17
7000006249,1000006249,20241217,374,2,1,CARD,PAID,50820.00,2024-12-17 13:46:33
7000006251,1000006251,20241217,1343,2,1,CASH,PAID,14520.00,2024-12-17 14:10:18
7000006253,1000006253,20241217,138,2,1,CARD,PAID,14520.00,2024-12-17 15:19:49
7000006255,1000006255,20241217,1745,2,3,CARD,PAID,36300.00,2024-12-17 16:20:13
7000006256,1000006256,20241217,1714,2,2,CARD,PAID,18150.00,2024-12-17 16:35:26
7000006257,1000006257,20241217,515,2,3,CARD,PAID,54450.00,2024-12-17 16:43:13
7000006258,1000006258,20241217,841,2,2,CARD,PAID,29040.00,2024-12-17 16:42:48
7000006259,1000006259,20241217,1906,2,1,CASH,PAID,54450.00,2024-12-17 16:47:41
7000006261,1000006261,20241217,1712,2,1,CARD,PAID,14520.00,2024-12-17 17:59:53
7000006262,1000006262,20241217,895,2,3,CASH,PAID,47190.00,2024-12-17 18:01:44
7000006263,1000006263,20241217,805,2,4,TRANSFER,PAID,72600.00,2024-12-17 18:43:25
7000006283,1000006283,20241218,723,2,4,CARD,PAID,36300.00,2024-12-18 10:59:14
7000006285,1000006285,20241218,1683,2,1,CARD,PAID,98010.00,2024-12-18 11:04:37
7000006288,1000006288,20241218,1983,2,2,CARD,PAID,14520.00,2024-12-18 12:53:31
7000006290,1000006290,20241218,455,2,2,CASH,PAID,14520.00,2024-12-18 13:19:49
7000006291,1000006291,20241218,865,2,1,CASH,PAID,18150.00,2024-12-18 13:27:56
7000006292,1000006292,20241218,434,2,4,CASH,PAID,36300.00,2024-12-18 13:43:13
7000006296,1000006296,20241218,462,2,1,CARD,PAID,18150.00,2024-12-18 15:35:45
7000006300,1000006300,20241218,1844,2,4,TRANSFER,PAID,36300.00,2024-12-18 16:37:41
7000006301,1000006301,20241218,199,2,3,CASH,PAID,36300.00,2024-12-18 16:56:47
7000006302,1000006302,20241218,236,2,2,CARD,PAID,72600.00,2024-12-18 16:56:06
7000006303,1000006303,20241218,587,2,4,CASH,PAID,36300.00,2024-12-18 16:58:04
7000006304,1000006304,20241218,441,2,2,CARD,PAID,29040.00,2024-12-18 17:25:38
7000006306,1000006306,20241218,2152,2,4,CASH,PAID,14520.00,2024-12-18 17:48:32
7000006307,1000006307,20241218,1421,2,2,TRANSFER,PAID,36300.00,2024-12-18 17:51:35
7000006308,1000006308,20241218,1320,2,2,TRANSFER,PAID,14520.00,2024-12-18 18:18:40
7000006311,1000006311,20241218,448,2,4,TRANSFER,PAID,32670.00,2024-12-18 18:54:44
7000006313,1000006313,20241218,1895,2,2,CASH,PAID,32670.00,2024-12-18 20:34:21
7000006325,1000006325,20241219,871,2,4,CASH,PAID,76230.00,2024-12-19 13:16:58
7000006326,1000006326,20241219,213,2,3,CASH,PAID,13068.00,2024-12-19 13:45:14
7000006327,1000006327,20241219,1155,2,2,CARD,PAID,32670.00,2024-12-19 14:36:44
7000006330,1000006330,20241219,2156,2,2,CARD,PAID,47190.00,2024-12-19 16:28:34
7000006332,1000006332,20241219,2157,2,2,TRANSFER,PAID,78408.00,2024-12-19 16:57:19
7000006333,1000006333,20241219,1042,2,1,CASH,PAID,18150.00,2024-12-19 17:07:04
7000006335,1000006335,20241219,1146,2,4,CARD,PAID,16320.00,2024-12-19 17:21:08
7000006336,1000006336,20241219,2070,2,1,TRANSFER,PAID,50820.00,2024-12-19 18:02:49
7000006337,1000006337,20241219,2158,2,1,CARD,PAID,14520.00,2024-12-19 18:10:48
7000006338,1000006338,20241219,2159,2,4,CARD,PAID,14520.00,2024-12-19 18:56:27
7000006339,1000006339,20241219,1931,2,2,CASH,PAID,18150.00,2024-12-19 19:31:41
7000006340,1000006340,20241219,1221,2,2,CARD,PAID,50820.00,2024-12-19 19:33:24
7000006341,1000006341,20241219,494,2,1,CASH,PAID,32670.00,2024-12-19 19:44:22
7000006355,1000006355,20241220,1261,2,2,CARD,PAID,61710.00,2024-12-20 11:26:30
7000006356,1000006356,20241220,426,2,1,CASH,PAID,14520.00,2024-12-20 12:22:56
7000006359,1000006359,20241220,1326,2,1,CASH,PAID,36300.00,2024-12-20 13:05:27
7000006360,1000006360,20241220,2166,2,1,TRANSFER,PAID,18150.00,2024-12-20 13:20:41
7000006361,1000006361,20241220,1640,2,4,CASH,PAID,18150.00,2024-12-20 13:42:15
7000006363,1000006363,20241220,163,2,2,CARD,PAID,13068.00,2024-12-20 13:57:46
7000006365,1000006365,20241220,2167,2,4,CARD,PAID,18150.00,2024-12-20 14:42:59
7000006366,1000006366,20241220,750,2,1,CASH,PAID,18150.00,2024-12-20 14:57:39
7000006370,1000006370,20241220,2168,2,1,CASH,PAID,18150.00,2024-12-20 16:20:31
7000006371,1000006371,20241220,641,2,3,CARD,PAID,29040.00,2024-12-20 16:24:39
7000006372,1000006372,20241220,686,2,3,CARD,PAID,19650.00,2024-12-20 16:28:16
7000006373,1000006373,20241220,2170,2,1,CARD,PAID,72600.00,2024-12-20 16:30:34
7000006374,1000006374,20241220,407,2,4,TRANSFER,PAID,47190.00,2024-12-20 16:39:29
7000006375,1000006375,20241220,1403,2,4,CASH,PAID,61710.00,2024-12-20 16:48:32
7000006377,1000006377,20241220,1545,2,2,CARD,PAID,29403.00,2024-12-20 17:20:19
7000006379,1000006379,20241220,1450,2,3,CASH,PAID,68970.00,2024-12-20 18:23:17
7000006381,1000006381,20241220,2172,2,1,CASH,PAID,18150.00,2024-12-20 18:39:43
7000006382,1000006382,20241220,2173,2,2,TRANSFER,PAID,54450.00,2024-12-20 19:16:39
7000006383,1000006383,20241220,1737,2,4,CARD,PAID,18150.00,2024-12-20 19:30:11
7000006384,1000006384,20241220,1272,2,2,CARD,PAID,18150.00,2024-12-20 19:53:47
7000006385,1000006385,20241220,2174,2,2,CASH,PAID,14520.00,2024-12-20 19:59:48
7000006386,1000006386,20241220,1138,2,1,CASH,PAID,18150.00,2024-12-20 20:55:13
7000006399,1000006399,20241221,1838,2,3,CASH,PAID,18150.00,2024-12-21 12:07:11
7000006400,1000006400,20241221,2176,2,1,CARD,PAID,43560.00,2024-12-21 12:12:31
7000006401,1000006401,20241221,1860,2,2,CASH,PAID,37800.00,2024-12-21 13:06:07
7000006402,1000006402,20241221,276,2,2,CARD,PAID,29040.00,2024-12-21 13:22:52
7000006405,1000006405,20241221,1597,2,4,CASH,PAID,54450.00,2024-12-21 14:15:16
7000006408,1000006408,20241221,1747,2,2,CARD,PAID,18150.00,2024-12-21 14:47:14
7000006409,1000006409,20241221,2177,2,4,CARD,FAILED,14520.00,
7000006410,1000006410,20241221,1377,2,4,CASH,PAID,29403.00,2024-12-21 14:52:22
7000006411,1000006411,20241221,628,2,3,CASH,PAID,18150.00,2024-12-21 15:07:20
7000006412,1000006412,20241221,1739,2,4,CASH,PAID,50820.00,2024-12-21 16:11:55
7000006413,1000006413,20241221,475,2,2,CASH,PAID,32670.00,2024-12-21 16:15:26
7000006414,1000006414,20241221,2123,2,2,CASH,PAID,18150.00,2024-12-21 16:18:11
7000006415,1000006415,20241221,1489,2,2,CARD,PAID,18150.00,2024-12-21 16:30:10
7000006416,1000006416,20241221,2178,2,3,CASH,PAID,54450.00,2024-12-21 17:25:06
7000006417,1000006417,20241221,1472,2,4,CASH,PAID,16320.00,2024-12-21 17:28:00
7000006418,1000006418,20241221,1204,2,3,TRANSFER,PAID,18150.00,2024-12-21 17:32:07
7000006419,1000006419,20241221,1530,2,2,CARD,PAID,29040.00,2024-12-21 17:47:25
7000006420,1000006420,20241221,682,2,4,CASH,PAID,29040.00,2024-12-21 18:14:05
7000006421,1000006421,20241221,825,2,1,CASH,REFUNDED,18150.00,2024-12-21 19:26:41
7000006451,1000006451,20241223,1236,2,1,CARD,PAID,14520.00,2024-12-23 11:55:53
7000006453,1000006453,20241223,508,2,2,TRANSFER,PAID,14520.00,2024-12-23 12:03:49
7000006455,1000006455,20241223,835,2,2,CASH,REFUNDED,43560.00,2024-12-23 15:40:52
7000006456,1000006456,20241223,2000,2,4,CARD,PAID,47190.00,2024-12-23 15:45:13
7000006457,1000006457,20241223,1148,2,3,CARD,PAID,26136.00,2024-12-23 15:59:35
7000006461,1000006461,20241223,326,2,4,CARD,PAID,54450.00,2024-12-23 16:54:22
7000006463,1000006463,20241223,1033,2,2,CARD,PAID,18150.00,2024-12-23 17:53:17
7000006467,1000006467,20241223,1477,2,1,CARD,PAID,14520.00,2024-12-23 18:51:33
7000006468,1000006468,20241223,1045,2,1,CARD,PAID,43560.00,2024-12-23 19:16:01
7000006471,1000006471,20241223,1139,2,3,CARD,PAID,58080.00,2024-12-23 19:50:51
7000006473,1000006473,20241223,1395,2,2,CARD,PAID,14520.00,2024-12-23 20:30:30
7000006475,1000006475,20241223,656,2,1,CARD,PAID,36300.00,2024-12-23 20:45:52
7000006486,1000006486,20241224,2191,2,4,CASH,PAID,14520.00,2024-12-24 11:28:01
7000006488,1000006488,20241224,2192,2,1,CARD,PAID,32670.00,2024-12-24 11:59:27
7000006491,1000006491,20241224,2014,2,1,CARD,PAID,32670.00,2024-12-24 13:03:04
7000006493,1000006493,20241224,1333,2,1,CARD,PAID,32670.00,2024-12-24 13:38:17
7000006495,1000006495,20241224,2195,2,4,CASH,PAID,18150.00,2024-12-24 14:46:50
7000006496,1000006496,20241224,2196,2,3,CASH,PAID,18150.00,2024-12-24 15:13:41
7000006497,1000006497,20241224,600,2,2,CARD,PAID,18150.00,2024-12-24 16:10:19
7000006498,1000006498,20241224,1353,2,1,CASH,PAID,32670.00,2024-12-24 16:09:38
7000006499,1000006499,20241224,529,2,1,CARD,PAID,33870.00,2024-12-24 16:25:44
7000006501,1000006501,20241224,458,2,1,CASH,PAID,14520.00,2024-12-24 17:40:09
7000006502,1000006502,20241224,1176,2,2,CASH,REFUNDED,14520.00,2024-12-24 17:55:05
7000006503,1000006503,20241224,2198,2,1,CARD,PAID,36300.00,2024-12-24 17:54:44
7000006505,1000006505,20241224,2199,2,3,CARD,FAILED,32670.00,
7000006506,1000006506,20241224,427,2,3,CARD,PAID,18150.00,2024-12-24 18:37:26
7000006508,1000006508,20241224,2200,2,2,CARD,PAID,68970.00,2024-12-24 18:50:00
7000006509,1000006509,20241224,245,2,2,CARD,PAID,18150.00,2024-12-24 18:50:45
7000006534,1000006534,20241226,749,2,1,CASH,PAID,32670.00,2024-12-26 11:58:43
7000006538,1000006538,20241226,1877,2,2,CARD,PAID,68970.00,2024-12-26 18:24:02
7000006539,1000006539,20241226,194,2,1,TRANSFER,PAID,72600.00,2024-12-26 18:31:41
7000006540,1000006540,20241226,1262,2,1,CASH,PAID,29040.00,2024-12-26 18:47:20
7000006542,1000006542,20241226,1119,2,3,TRANSFER,PAID,36300.00,2024-12-26 19:38:19
7000006548,1000006548,20241227,1151,2,1,CASH,PAID,14520.00,2024-12-27 10:43:00
7000006549,1000006549,20241227,2211,2,2,CASH,PAID,58080.00,2024-12-27 10:56:59
7000006550,1000006550,20241227,2212,2,1,CARD,PAID,14520.00,2024-12-27 12:28:36
7000006552,1000006552,20241227,2214,2,4,CARD,PAID,50820.00,2024-12-27 13:30:53
7000006553,1000006553,20241227,2215,2,2,CASH,PAID,54450.00,2024-12-27 13:54:14
7000006554,1000006554,20241227,571,2,4,CARD,PAID,29040.00,2024-12-27 13:59:02
7000006557,1000006557,20241227,1430,2,2,CARD,PAID,54450.00,2024-12-27 16:14:00
7000006561,1000006561,20241227,907,2,3,CARD,PAID,36300.00,2024-12-27 19:02:10
7000006562,1000006562,20241227,2219,2,1,CARD,PAID,14520.00,2024-12-27 19:18:05
7000006570,1000006570,20241228,1855,2,1,CASH,PAID,29040.00,2024-12-28 10:26:40
7000006571,1000006571,20241228,1376,2,3,CASH,PAID,18150.00,2024-12-28 10:38:11
7000006572,1000006572,20241228,291,2,2,CASH,PAID,18150.00,2024-12-28 11:55:56
7000006574,1000006574,20241228,2223,2,4,CARD,PAID,14520.00,2024-12-28 13:20:08
7000006575,1000006575,20241228,395,2,1,CASH,PAID,65340.00,2024-12-28 15:05:28
7000006576,1000006576,20241228,2224,2,4,CASH,PAID,18150.00,2024-12-28 15:09:20
7000006577,1000006577,20241228,1820,2,2,CASH,PAID,34170.00,2024-12-28 15:35:41
7000006578,1000006578,20241228,1994,2,1,CASH,PAID,14520.00,2024-12-28 16:11:20
7000006579,1000006579,20241228,2225,2,1,CASH,PAID,32670.00,2024-12-28 16:58:24
7000006581,1000006581,20241228,1121,2,2,TRANSFER,PAID,32670.00,2024-12-28 17:35:29
7000006582,1000006582,20241228,1335,2,2,TRANSFER,PAID,18150.00,2024-12-28 17:48:12
7000006584,1000006584,20241228,1775,2,1,TRANSFER,PAID,87120.00,2024-12-28 18:43:35
7000006585,1000006585,20241228,1083,2,2,CARD,PAID,14520.00,2024-12-28 18:43:44
7000006586,1000006586,20241228,1962,2,3,CARD,PAID,14520.00,2024-12-28 18:56:43
7000006587,1000006587,20241228,808,2,4,CARD,PAID,47190.00,2024-12-28 19:24:45
7000006590,1000006590,20241228,304,2,3,CASH,PAID,29040.00,2024-12-28 20:19:59
7000006591,1000006591,20241228,2228,2,3,TRANSFER,PAID,14520.00,2024-12-28 20:43:57
7000006607,1000006607,20241230,1399,2,1,CARD,PAID,13068.00,2024-12-30 10:32:30
7000006608,1000006608,20241230,2088,2,2,CARD,PAID,54450.00,2024-12-30 11:02:49
7000006612,1000006612,20241230,2239,2,1,CARD,PAID,29040.00,2024-12-30 13:39:48
7000006616,1000006616,20241230,1935,2,2,CARD,PAID,18150.00,2024-12-30 17:53:57
7000006617,1000006617,20241230,80,2,2,CASH,PAID,29040.00,2024-12-30 18:48:24
7000006623,1000006623,20241231,1927,2,1,CASH,PAID,29040.00,2024-12-31 10:05:06
7000006626,1000006626,20241231,2152,2,4,CARD,PAID,61710.00,2024-12-31 12:28:43
7000006627,1000006627,20241231,891,2,2,CASH,PAID,79860.00,2024-12-31 12:34:42
7000006628,1000006628,20241231,1692,2,1,CARD,PAID,72600.00,2024-12-31 13:12:28
7000006629,1000006629,20241231,1803,2,1,CARD,FAILED,32670.00,
7000006630,1000006630,20241231,215,2,1,CASH,PAID,83490.00,2024-12-31 14:27:29
7000006632,1000006632,20241231,2240,2,3,CARD,PAID,36300.00,2024-12-31 18:56:40
7000006633,1000006633,20241231,2166,2,1,CARD,PAID,54450.00,2024-12-31 20:33:29
7000006655,1000006655,20250102,2247,2,1,CARD,PAID,47190.00,2025-01-02 11:21:13
7000006657,1000006657,20250102,2249,2,3,CARD,PAID,18150.00,2025-01-02 12:04:43
7000006662,1000006662,20250102,2250,2,2,CARD,PAID,29040.00,2025-01-02 13:53:35
7000006663,1000006663,20250102,2251,2,3,CASH,PAID,14520.00,2025-01-02 15:06:33
7000006666,1000006666,20250102,1701,2,4,CASH,PAID,29040.00,2025-01-02 16:13:05
7000006667,1000006667,20250102,1883,2,4,CARD,PAID,18150.00,2025-01-02 16:35:13
7000006668,1000006668,20250102,1006,2,2,CASH,PAID,101640.00,2025-01-02 17:01:45
7000006670,1000006670,20250102,2252,2,3,CARD,PAID,14520.00,2025-01-02 18:46:39
7000006672,1000006672,20250102,2253,2,1,CASH,REFUNDED,18150.00,2025-01-02 19:42:38
7000006675,1000006675,20250103,1372,2,1,TRANSFER,PAID,50820.00,2025-01-03 10:40:54
7000006677,1000006677,20250103,2255,2,3,CARD,PAID,14520.00,2025-01-03 11:35:35
7000006679,1000006679,20250103,2256,2,1,CARD,PAID,32670.00,2025-01-03 12:18:57
7000006680,1000006680,20250103,233,2,3,CARD,PAID,47190.00,2025-01-03 13:39:03
7000006681,1000006681,20250103,388,2,4,CARD,PAID,16335.00,2025-01-03 14:10:52
7000006682,1000006682,20250103,699,2,4,CASH,PAID,36300.00,2025-01-03 16:19:24
7000006683,1000006683,20250103,1863,2,3,CARD,PAID,18150.00,2025-01-03 17:09:06
7000006684,1000006684,20250103,1112,2,1,TRANSFER,PAID,42471.00,2025-01-03 18:25:14
7000006685,1000006685,20250103,1414,2,1,CARD,PAID,18150.00,2025-01-03 18:28:36
7000006686,1000006686,20250103,1983,2,2,CASH,PAID,16335.00,2025-01-03 18:32:33
7000006688,1000006688,20250103,1443,2,1,CASH,REFUNDED,14520.00,2025-01-03 19:07:01
7000006690,1000006690,20250103,1312,2,4,TRANSFER,PAID,18150.00,2025-01-03 20:45:12
7000006696,1000006696,20250104,1662,2,1,CASH,PAID,29040.00,2025-01-04 10:25:47
7000006698,1000006698,20250104,1499,2,3,TRANSFER,PAID,18150.00,2025-01-04 11:19:22
7000006699,1000006699,20250104,1655,2,3,CARD,PAID,36300.00,2025-01-04 11:41:07
7000006700,1000006700,20250104,617,2,4,CARD,PAID,29040.00,2025-01-04 12:33:46
7000006701,1000006701,20250104,2261,2,1,CASH,PAID,79860.00,2025-01-04 13:07:27
7000006703,1000006703,20250104,194,2,1,CARD,PAID,14520.00,2025-01-04 13:59:42
7000006705,1000006705,20250104,2263,2,3,TRANSFER,PAID,29040.00,2025-01-04 14:42:50
7000006706,1000006706,20250104,1085,2,3,TRANSFER,PAID,18150.00,2025-01-04 14:42:50
7000006707,1000006707,20250104,1988,2,4,CARD,PAID,14520.00,2025-01-04 16:32:57
7000006708,1000006708,20250104,2264,2,3,TRANSFER,PAID,45738.00,2025-01-04 16:56:35
7000006709,1000006709,20250104,1512,2,2,CASH,PAID,16335.00,2025-01-04 16:54:45
7000006710,1000006710,20250104,1165,2,1,CASH,PAID,72600.00,2025-01-04 16:58:23
7000006711,1000006711,20250104,2067,2,4,CARD,PAID,18150.00,2025-01-04 17:59:34
7000006713,1000006713,20250104,1746,2,1,CARD,PAID,54450.00,2025-01-04 18:12:04
7000006714,1000006714,20250104,2266,2,4,CARD,PAID,72600.00,2025-01-04 18:35:55
7000006716,1000006716,20250104,402,2,3,CARD,PAID,47190.00,2025-01-04 19:14:24
7000006746,1000006746,20250106,2271,2,2,CASH,PAID,14520.00,2025-01-06 12:46:27
7000006747,1000006747,20250106,1838,2,3,CARD,PAID,61710.00,2025-01-06 13:15:33
7000006749,1000006749,20250106,2272,2,2,TRANSFER,PAID,29040.00,2025-01-06 14:54:01
7000006752,1000006752,20250106,1318,2,2,CASH,PAID,58080.00,2025-01-06 15:50:09
7000006754,1000006754,20250106,1569,2,1,CARD,PAID,40404.00,2025-01-06 16:54:26
7000006755,1000006755,20250106,332,2,3,CARD,PAID,98010.00,2025-01-06 17:53:59
7000006756,1000006756,20250106,1861,2,1,CASH,PAID,14520.00,2025-01-06 18:11:30
7000006757,1000006757,20250106,2275,2,1,CARD,PAID,32670.00,2025-01-06 18:44:52
7000006758,1000006758,20250106,2046,2,3,CARD,FAILED,54450.00,
7000006769,1000006769,20250107,1497,2,2,CASH,PAID,18150.00,2025-01-07 11:22:02
7000006772,1000006772,20250107,1394,2,1,CASH,PAID,29040.00,2025-01-07 16:04:59
7000006774,1000006774,20250107,1740,2,1,TRANSFER,PAID,29040.00,2025-01-07 17:56:59
7000006775,1000006775,20250107,1458,2,3,TRANSFER,PAID,36300.00,2025-01-07 19:20:34
7000006777,1000006777,20250107,1277,2,1,CARD,PAID,29040.00,2025-01-07 20:09:00
7000006786,1000006786,20250108,2120,2,3,CARD,PAID,18150.00,2025-01-08 11:31:12
7000006787,1000006787,20250108,2096,2,4,CASH,PAID,18150.00,2025-01-08 11:33:53
7000006788,1000006788,20250108,1385,2,2,TRANSFER,PAID,14520.00,2025-01-08 12:07:58
7000006793,1000006793,20250108,426,2,1,CARD,PAID,43560.00,2025-01-08 13:36:15
7000006794,1000006794,20250108,1203,2,1,CARD,PAID,32670.00,2025-01-08 13:43:57
7000006795,1000006795,20250108,2286,2,3,TRANSFER,PAID,19650.00,2025-01-08 14:48:45
7000006797,1000006797,20250108,865,2,1,CASH,PAID,72600.00,2025-01-08 18:05:54
7000006799,1000006799,20250108,1327,2,4,CARD,PAID,18150.00,2025-01-08 18:15:22
7000006800,1000006800,20250108,1044,2,3,CASH,PAID,18150.00,2025-01-08 18:44:02
7000006801,1000006801,20250108,2287,2,3,CASH,PAID,29040.00,2025-01-08 19:14:09
7000006807,1000006807,20250109,2168,2,1,TRANSFER,PAID,18150.00,2025-01-09 12:03:27
7000006808,1000006808,20250109,1888,2,1,CASH,PAID,54450.00,2025-01-09 13:39:37
7000006810,1000006810,20250109,867,2,3,CASH,PAID,16020.00,2025-01-09 14:54:54
7000006815,1000006815,20250109,258,2,1,CASH,PAID,14520.00,2025-01-09 20:49:10
7000006817,1000006817,20250109,750,2,1,CASH,PAID,29040.00,2025-01-09 21:01:20
7000006823,1000006823,20250110,273,2,3,CASH,PAID,43560.00,2025-01-10 13:26:33
7000006824,1000006824,20250110,2100,2,4,CASH,PAID,30840.00,2025-01-10 13:43:23
7000006826,1000006826,20250110,1138,2,1,TRANSFER,PAID,54450.00,2025-01-10 14:30:15
7000006827,1000006827,20250110,2290,2,3,CASH,PAID,18150.00,2025-01-10 15:47:24
7000006828,1000006828,20250110,743,2,2,TRANSFER,PAID,18150.00,2025-01-10 16:56:41
7000006829,1000006829,20250110,2291,2,4,CARD,PAID,18150.00,2025-01-10 17:16:37
7000006830,1000006830,20250110,395,2,1,CARD,FAILED,14520.00,
7000006831,1000006831,20250110,2170,2,1,TRANSFER,PAID,18150.00,2025-01-10 18:46:08
7000006833,1000006833,20250110,665,2,3,CASH,PAID,32670.00,2025-01-10 18:54:05
7000006834,1000006834,20250110,486,2,2,CARD,PAID,16335.00,2025-01-10 19:42:30
7000006835,1000006835,20250110,544,2,4,CARD,PAID,18150.00,2025-01-10 19:51:46
7000006836,1000006836,20250110,640,2,1,CARD,PAID,14520.00,2025-01-10 20:31:30
7000006844,1000006844,20250111,634,2,4,CASH,PAID,50820.00,2025-01-11 10:57:17
7000006845,1000006845,20250111,2055,2,1,CARD,PAID,14520.00,2025-01-11 11:51:33
7000006846,1000006846,20250111,317,2,2,CARD,PAID,14520.00,2025-01-11 11:53:20
7000006847,1000006847,20250111,1607,2,3,TRANSFER,PAID,36300.00,2025-01-11 12:06:42
7000006848,1000006848,20250111,2215,2,1,CASH,PAID,50820.00,2025-01-11 12:22:32
7000006849,1000006849,20250111,1586,2,1,CASH,PAID,54450.00,2025-01-11 13:00:09
7000006850,1000006850,20250111,1836,2,2,TRANSFER,PAID,36300.00,2025-01-11 15:26:09
7000006851,1000006851,20250111,2298,2,4,CASH,PAID,65340.00,2025-01-11 15:28:40
7000006852,1000006852,20250111,1291,2,2,CARD,PAID,36300.00,2025-01-11 15:49:00
7000006853,1000006853,20250111,1245,2,2,CARD,PAID,14520.00,2025-01-11 15:57:03
7000006854,1000006854,20250111,536,2,3,CASH,PAID,47190.00,2025-01-11 16:19:28
7000006855,1000006855,20250111,1567,2,1,CARD,PAID,50820.00,2025-01-11 17:14:53
7000006856,1000006856,20250111,2299,2,2,CARD,PAID,29040.00,2025-01-11 17:58:21
7000006859,1000006859,20250111,437,2,4,CASH,PAID,58080.00,2025-01-11 20:56:06
7000006880,1000006880,20250113,441,2,2,CARD,PAID,18150.00,2025-01-13 11:02:46
7000006881,1000006881,20250113,829,2,3,TRANSFER,PAID,36300.00,2025-01-13 11:50:17
7000006882,1000006882,20250113,1942,2,3,CARD,PAID,29040.00,2025-01-13 12:27:02
7000006884,1000006884,20250113,2112,2,1,CARD,PAID,29040.00,2025-01-13 14:56:53
7000006885,1000006885,20250113,805,2,4,CARD,PAID,36300.00,2025-01-13 15:01:54
7000006886,1000006886,20250113,2140,2,3,CARD,PAID,27636.00,2025-01-13 15:02:25
7000006887,1000006887,20250113,474,2,4,CASH,PAID,54450.00,2025-01-13 17:09:35
7000006888,1000006888,20250113,1105,2,2,CARD,PAID,14520.00,2025-01-13 18:22:50
7000006889,1000006889,20250113,2015,2,3,CARD,PAID,18150.00,2025-01-13 18:41:44
7000006890,1000006890,20250113,749,2,1,CASH,PAID,50820.00,2025-01-13 19:07:55
7000006892,1000006892,20250113,925,2,2,CASH,PAID,83490.00,2025-01-13 19:27:14
7000006893,1000006893,20250113,729,2,3,CASH,PAID,14520.00,2025-01-13 19:30:05
7000006909,1000006909,20250114,177,2,3,CARD,PAID,14520.00,2025-01-14 13:57:35
7000006911,1000006911,20250114,1324,2,1,CARD,PAID,32670.00,2025-01-14 17:09:28
7000006912,1000006912,20250114,368,2,2,CASH,PAID,54450.00,2025-01-14 17:12:42
7000006914,1000006914,20250114,2311,2,1,CARD,PAID,18150.00,2025-01-14 17:27:44
7000006915,1000006915,20250114,1912,2,3,CARD,PAID,14520.00,2025-01-14 17:28:54
7000006916,1000006916,20250114,2312,2,4,CARD,PAID,76230.00,2025-01-14 17:51:12
7000006917,1000006917,20250114,1104,2,1,CASH,PAID,54450.00,2025-01-14 18:17:41
7000006918,1000006918,20250114,2313,2,1,CASH,PAID,14520.00,2025-01-14 19:03:40
7000006920,1000006920,20250114,1669,2,3,CARD,PAID,16335.00,2025-01-14 20:18:27
7000006921,1000006921,20250114,616,2,3,CARD,PAID,18150.00,2025-01-14 20:30:28
7000006926,1000006926,20250115,1459,2,3,CARD,REFUNDED,18150.00,2025-01-15 13:23:42
7000006927,1000006927,20250115,1246,2,4,CASH,PAID,58080.00,2025-01-15 13:46:02
7000006929,1000006929,20250115,2315,2,3,TRANSFER,PAID,54450.00,2025-01-15 15:13:05
7000006933,1000006933,20250115,2317,2,3,CARD,PAID,43560.00,2025-01-15 17:42:29
7000006934,1000006934,20250115,456,2,4,CARD,PAID,29040.00,2025-01-15 18:17:29
7000006935,1000006935,20250115,777,2,4,CASH,PAID,36300.00,2025-01-15 18:30:12
7000006936,1000006936,20250115,1450,2,3,CARD,PAID,14520.00,2025-01-15 18:54:39
7000006937,1000006937,20250115,968,2,3,CASH,PAID,32670.00,2025-01-15 19:05:19
7000006939,1000006939,20250115,2318,2,3,TRANSFER,PAID,32670.00,2025-01-15 19:24:07
7000006940,1000006940,20250115,2319,2,1,CARD,PAID,29040.00,2025-01-15 19:33:07
7000006941,1000006941,20250115,235,2,1,CARD,PAID,14520.00,2025-01-15 20:16:17
7000006945,1000006945,20250116,1902,2,3,CASH,PAID,36300.00,2025-01-16 10:40:17
7000006946,1000006946,20250116,1326,2,1,TRANSFER,PAID,14520.00,2025-01-16 12:23:53
7000006947,1000006947,20250116,897,2,2,CASH,PAID,14520.00,2025-01-16 14:13:45
7000006951,1000006951,20250116,769,2,3,CASH,PAID,18150.00,2025-01-16 16:02:35
7000006953,1000006953,20250116,477,2,3,CARD,PAID,50820.00,2025-01-16 16:29:42
7000006954,1000006954,20250116,1295,2,1,CARD,PAID,18150.00,2025-01-16 17:05:53
7000006956,1000006956,20250116,247,2,1,CARD,PAID,14520.00,2025-01-16 17:42:58
7000006960,1000006960,20250116,1690,2,2,CARD,PAID,47190.00,2025-01-16 18:30:25
7000006965,1000006965,20250116,1818,2,3,CARD,PAID,65340.00,2025-01-16 20:45:28
7000006971,1000006971,20250117,1149,2,4,CARD,PAID,18150.00,2025-01-17 10:49:20
7000006974,1000006974,20250117,2099,2,1,CASH,PAID,54450.00,2025-01-17 11:48:20
7000006975,1000006975,20250117,2157,2,2,CASH,PAID,36300.00,2025-01-17 12:53:31
7000006978,1000006978,20250117,1121,2,2,CASH,PAID,14520.00,2025-01-17 16:13:07
7000006979,1000006979,20250117,2327,2,2,CARD,PAID,65340.00,2025-01-17 17:32:16
7000006980,1000006980,20250117,1760,2,4,CASH,PAID,72600.00,2025-01-17 17:33:26
7000006983,1000006983,20250117,2243,2,4,CARD,PAID,61710.00,2025-01-17 18:55:28
7000006984,1000006984,20250117,1532,2,4,CASH,PAID,36300.00,2025-01-17 19:31:17
7000006985,1000006985,20250117,246,2,2,CASH,PAID,14520.00,2025-01-17 19:42:52
7000006986,1000006986,20250117,143,2,2,CARD,PAID,36300.00,2025-01-17 20:04:34
7000006991,1000006991,20250118,1003,2,3,CARD,PAID,18150.00,2025-01-18 10:40:54
7000006993,1000006993,20250118,2166,2,1,CASH,PAID,79860.00,2025-01-18 10:59:55
7000006994,1000006994,20250118,1788,2,1,CASH,PAID,72600.00,2025-01-18 11:01:29
7000006995,1000006995,20250118,867,2,3,CARD,FAILED,49005.00,
7000006996,1000006996,20250118,338,2,1,CARD,PAID,18150.00,2025-01-18 12:53:37
7000006998,1000006998,20250118,2332,2,1,CASH,PAID,18150.00,2025-01-18 13:30:49
7000007000,1000007000,20250118,2333,2,2,CARD,PAID,72600.00,2025-01-18 13:49:15
7000007001,1000007001,20250118,2334,2,1,CARD,PAID,29040.00,2025-01-18 13:50:42
7000007003,1000007003,20250118,1731,2,1,CASH,PAID,14520.00,2025-01-18 14:04:33
7000007004,1000007004,20250118,40,2,1,CARD,PAID,36300.00,2025-01-18 14:30:06
7000007005,1000007005,20250118,571,2,4,CASH,PAID,72600.00,2025-01-18 15:17:09
7000007006,1000007006,20250118,2026,2,3,TRANSFER,PAID,18150.00,2025-01-18 18:05:33
7000007007,1000007007,20250118,1282,2,3,CARD,PAID,65340.00,2025-01-18 18:34:30
7000007009,1000007009,20250118,1540,2,1,TRANSFER,PAID,36300.00,2025-01-18 19:31:12
7000007010,1000007010,20250118,1082,2,1,CARD,PAID,36300.00,2025-01-18 20:48:12
7000007011,1000007011,20250118,1005,2,1,CASH,PAID,47190.00,2025-01-18 20:54:12
7000007034,1000007034,20250120,1153,2,4,CASH,PAID,14520.00,2025-01-20 17:49:34
7000007037,1000007037,20250120,1156,2,2,TRANSFER,PAID,58080.00,2025-01-20 18:24:18
7000007040,1000007040,20250120,2092,2,2,CASH,PAID,18150.00,2025-01-20 18:46:36
7000007042,1000007042,20250120,1435,2,4,CARD,PAID,18150.00,2025-01-20 19:30:35
7000007048,1000007048,20250121,529,2,1,CARD,PAID,47190.00,2025-01-21 10:25:26
7000007049,1000007049,20250121,1676,2,4,CASH,PAID,47190.00,2025-01-21 11:36:17
7000007050,1000007050,20250121,1531,2,1,CARD,PAID,36300.00,2025-01-21 11:56:46
7000007051,1000007051,20250121,2265,2,3,CARD,PAID,14520.00,2025-01-21 12:09:46
7000007052,1000007052,20250121,2091,2,2,CARD,PAID,14520.00,2025-01-21 13:02:32
7000007053,1000007053,20250121,1840,2,3,CARD,PAID,36300.00,2025-01-21 14:46:31
7000007055,1000007055,20250121,2347,2,4,CASH,PAID,36300.00,2025-01-21 16:41:54
7000007058,1000007058,20250121,1635,2,2,CARD,PAID,54450.00,2025-01-21 18:25:20
7000007060,1000007060,20250121,1974,2,1,CARD,PAID,18150.00,2025-01-21 20:44:23
7000007065,1000007065,20250122,1354,2,3,CARD,PAID,18150.00,2025-01-22 11:31:15
7000007066,1000007066,20250122,2351,2,1,TRANSFER,PAID,18150.00,2025-01-22 11:40:50
7000007067,1000007067,20250122,1333,2,1,CARD,PAID,15720.00,2025-01-22 11:43:32
7000007068,1000007068,20250122,1245,2,2,CASH,PAID,65340.00,2025-01-22 12:55:46
7000007071,1000007071,20250122,261,2,2,CASH,PAID,72600.00,2025-01-22 14:21:52
7000007073,1000007073,20250122,1155,2,2,TRANSFER,PAID,50820.00,2025-01-22 15:27:10
7000007074,1000007074,20250122,1151,2,1,CARD,PAID,14520.00,2025-01-22 15:52:16
7000007076,1000007076,20250122,2354,2,3,CARD,PAID,50820.00,2025-01-22 17:27:01
7000007077,1000007077,20250122,1493,2,1,CARD,PAID,54450.00,2025-01-22 18:03:00
7000007078,1000007078,20250122,2355,2,4,CARD,PAID,52620.00,2025-01-22 18:19:41
7000007079,1000007079,20250122,163,2,2,CARD,PAID,18150.00,2025-01-22 18:52:30
7000007081,1000007081,20250122,1863,2,3,TRANSFER,PAID,16020.00,2025-01-22 19:50:37
7000007082,1000007082,20250122,2356,2,4,CASH,PAID,32670.00,2025-01-22 19:53:21
7000007093,1000007093,20250123,2156,2,2,CARD,PAID,14520.00,2025-01-23 12:41:42
7000007094,1000007094,20250123,994,2,1,CARD,PAID,14520.00,2025-01-23 13:12:43
7000007095,1000007095,20250123,803,2,1,CARD,PAID,94380.00,2025-01-23 16:37:10
7000007097,1000007097,20250123,2358,2,3,CASH,PAID,98010.00,2025-01-23 17:53:50
7000007098,1000007098,20250123,1015,2,3,CASH,PAID,29403.00,2025-01-23 18:26:53
7000007101,1000007101,20250123,684,2,1,TRANSFER,PAID,72600.00,2025-01-23 20:26:46
7000007113,1000007113,20250124,2360,2,1,CARD,PAID,72600.00,2025-01-24 13:51:29
7000007115,1000007115,20250124,2361,2,2,CASH,PAID,50505.00,2025-01-24 16:03:40
7000007116,1000007116,20250124,1671,2,2,CARD,PAID,18150.00,2025-01-24 16:16:38
7000007117,1000007117,20250124,321,2,1,CARD,PAID,14520.00,2025-01-24 18:04:07
7000007118,1000007118,20250124,1613,2,1,CARD,PAID,14520.00,2025-01-24 18:07:46
7000007119,1000007119,20250124,2362,2,1,CASH,PAID,32670.00,2025-01-24 18:17:16
7000007120,1000007120,20250124,1584,2,1,CASH,PAID,18150.00,2025-01-24 18:28:57
7000007121,1000007121,20250124,2363,2,2,CASH,PAID,18150.00,2025-01-24 20:08:08
7000007125,1000007125,20250125,1896,2,2,CASH,PAID,72600.00,2025-01-25 10:22:49
7000007126,1000007126,20250125,1609,2,1,CASH,PAID,29040.00,2025-01-25 10:25:41
7000007127,1000007127,20250125,1024,2,4,CARD,PAID,14520.00,2025-01-25 11:08:20
7000007129,1000007129,20250125,2367,2,4,TRANSFER,PAID,14520.00,2025-01-25 12:06:10
7000007130,1000007130,20250125,375,2,3,CASH,PAID,76230.00,2025-01-25 12:16:27
7000007132,1000007132,20250125,2368,2,2,CARD,PAID,58080.00,2025-01-25 12:54:21
7000007135,1000007135,20250125,1631,2,2,CARD,PAID,18150.00,2025-01-25 15:17:29
7000007136,1000007136,20250125,2249,2,3,CARD,REFUNDED,47190.00,2025-01-25 15:29:23
7000007137,1000007137,20250125,1787,2,2,CARD,PAID,30540.00,2025-01-25 16:54:36
7000007138,1000007138,20250125,1241,2,2,CARD,PAID,72600.00,2025-01-25 17:22:17
7000007139,1000007139,20250125,462,2,1,CASH,PAID,43560.00,2025-01-25 17:40:06
7000007140,1000007140,20250125,2100,2,4,CARD,PAID,83490.00,2025-01-25 17:59:35
7000007143,1000007143,20250125,1860,2,2,CASH,PAID,36300.00,2025-01-25 19:23:50
7000007147,1000007147,20250125,542,2,2,CARD,PAID,65340.00,2025-01-25 20:28:52
7000007170,1000007170,20250127,203,2,2,CARD,PAID,29040.00,2025-01-27 10:16:13
7000007174,1000007174,20250127,475,2,2,TRANSFER,PAID,32670.00,2025-01-27 12:55:59
7000007175,1000007175,20250127,1906,2,1,CARD,PAID,16335.00,2025-01-27 13:00:28
7000007178,1000007178,20250127,729,2,3,CARD,PAID,47190.00,2025-01-27 15:29:53
7000007180,1000007180,20250127,338,2,1,CARD,PAID,18150.00,2025-01-27 16:10:31
7000007186,1000007186,20250127,2142,2,1,CARD,PAID,54450.00,2025-01-27 19:03:57
7000007187,1000007187,20250127,2373,2,3,CARD,PAID,29040.00,2025-01-27 19:07:11
7000007188,1000007188,20250127,1737,2,4,CASH,PAID,101640.00,2025-01-27 19:57:02
7000007193,1000007193,20250128,2377,2,4,CARD,PAID,54450.00,2025-01-28 11:27:45
7000007197,1000007197,20250128,2056,2,2,CASH,PAID,18150.00,2025-01-28 12:51:11
7000007199,1000007199,20250128,966,2,2,CASH,PAID,43560.00,2025-01-28 14:47:30
7000007202,1000007202,20250128,1205,2,3,CARD,PAID,54450.00,2025-01-28 18:26:03
7000007203,1000007203,20250128,1076,2,1,CASH,PAID,36300.00,2025-01-28 18:30:40
7000007205,1000007205,20250128,1005,2,1,CARD,PAID,47190.00,2025-01-28 20:41:41
7000007213,1000007213,20250129,895,2,3,CARD,PAID,18150.00,2025-01-29 11:26:20
7000007216,1000007216,20250129,2381,2,3,CARD,PAID,14520.00,2025-01-29 12:20:26
7000007217,1000007217,20250129,538,2,4,CASH,REFUNDED,79860.00,2025-01-29 12:39:35
7000007218,1000007218,20250129,2167,2,4,CASH,PAID,14520.00,2025-01-29 12:42:26
7000007221,1000007221,20250129,1745,2,3,TRANSFER,PAID,18150.00,2025-01-29 14:23:10
7000007223,1000007223,20250129,2318,2,3,TRANSFER,PAID,83490.00,2025-01-29 14:39:58
7000007224,1000007224,20250129,1421,2,2,CARD,REFUNDED,36300.00,2025-01-29 15:38:36
7000007226,1000007226,20250129,2382,2,2,CARD,PAID,54450.00,2025-01-29 16:12:56
7000007228,1000007228,20250129,508,2,2,CASH,PAID,36300.00,2025-01-29 16:50:22
7000007229,1000007229,20250129,2317,2,3,TRANSFER,PAID,14520.00,2025-01-29 18:11:01
7000007234,1000007234,20250130,2384,2,3,CARD,PAID,18150.00,2025-01-30 10:17:37
7000007235,1000007235,20250130,1196,2,1,CASH,PAID,14520.00,2025-01-30 12:45:04
7000007236,1000007236,20250130,1816,2,1,CASH,PAID,36300.00,2025-01-30 14:42:35
7000007237,1000007237,20250130,1262,2,1,CASH,PAID,14520.00,2025-01-30 14:58:32
7000007239,1000007239,20250130,750,2,1,CARD,PAID,36300.00,2025-01-30 17:45:27
7000007240,1000007240,20250130,1497,2,2,CARD,PAID,14520.00,2025-01-30 17:47:01
7000007241,1000007241,20250130,2176,2,1,CARD,PAID,18150.00,2025-01-30 18:31:10
7000007243,1000007243,20250130,1488,2,3,TRANSFER,PAID,18150.00,2025-01-30 18:39:57
7000007244,1000007244,20250130,1235,2,4,CARD,PAID,18150.00,2025-01-30 18:48:48
7000007246,1000007246,20250130,2212,2,1,CARD,PAID,72600.00,2025-01-30 19:17:15
7000007252,1000007252,20250130,232,2,2,CASH,PAID,36300.00,2025-01-30 20:43:24
7000007253,1000007253,20250130,662,2,3,CASH,PAID,50820.00,2025-01-30 20:52:50
7000007254,1000007254,20250130,961,2,1,CARD,PAID,50820.00,2025-01-30 20:59:14
7000007259,1000007259,20250131,2389,2,3,TRANSFER,PAID,36300.00,2025-01-31 11:04:09
7000007260,1000007260,20250131,388,2,4,CARD,PAID,14520.00,2025-01-31 11:52:15
7000007263,1000007263,20250131,1904,2,2,CASH,PAID,43560.00,2025-01-31 12:39:51
7000007264,1000007264,20250131,512,2,2,CASH,PAID,54450.00,2025-01-31 13:01:03
7000007265,1000007265,20250131,841,2,2,CASH,PAID,87120.00,2025-01-31 13:40:17
7000007266,1000007266,20250131,1846,2,1,TRANSFER,PAID,14520.00,2025-01-31 15:28:23
7000007267,1000007267,20250131,927,2,3,CASH,PAID,18150.00,2025-01-31 15:58:48
7000007268,1000007268,20250131,1430,2,2,CASH,PAID,14520.00,2025-01-31 16:40:29
7000007269,1000007269,20250131,1683,2,1,CASH,PAID,18150.00,2025-01-31 17:35:17
7000007272,1000007272,20250131,2216,2,2,TRANSFER,PAID,29040.00,2025-01-31 18:23:06
7000007274,1000007274,20250131,1836,2,2,CARD,PAID,47190.00,2025-01-31 18:48:57
7000007275,1000007275,20250131,987,2,2,CARD,PAID,18150.00,2025-01-31 19:12:20
7000007276,1000007276,20250131,2391,2,2,CASH,PAID,16020.00,2025-01-31 20:10:22
7000007277,1000007277,20250131,1499,2,3,CARD,PAID,72600.00,2025-01-31 20:32:08
7000007278,1000007278,20250131,2271,2,2,CARD,PAID,29040.00,2025-01-31 20:49:39
7000007280,1000007280,20250201,1858,2,4,CARD,PAID,18150.00,2025-02-01 11:33:03
7000007281,1000007281,20250201,1530,2,2,CARD,PAID,72600.00,2025-02-01 11:43:51
7000007282,1000007282,20250201,722,2,3,CARD,PAID,50820.00,2025-02-01 12:18:23
7000007283,1000007283,20250201,1078,2,1,CARD,PAID,29040.00,2025-02-01 12:35:42
7000007285,1000007285,20250201,1740,2,1,CASH,PAID,18150.00,2025-02-01 12:51:06
7000007287,1000007287,20250201,1122,2,1,CARD,PAID,36300.00,2025-02-01 14:22:05
7000007288,1000007288,20250201,1294,2,1,CARD,PAID,65340.00,2025-02-01 14:32:55
7000007290,1000007290,20250201,2395,2,3,CARD,PAID,50820.00,2025-02-01 14:55:50
7000007291,1000007291,20250201,2120,2,3,CARD,PAID,26136.00,2025-02-01 15:02:24
7000007292,1000007292,20250201,2034,2,1,CASH,PAID,29040.00,2025-02-01 15:59:05
7000007294,1000007294,20250201,1972,2,4,CARD,PAID,14520.00,2025-02-01 16:23:33
7000007295,1000007295,20250201,329,2,4,CARD,PAID,18150.00,2025-02-01 17:00:58
7000007299,1000007299,20250201,2042,2,3,CARD,PAID,72600.00,2025-02-01 17:48:41
7000007300,1000007300,20250201,2396,2,1,CARD,PAID,19350.00,2025-02-01 18:38:14
7000007301,1000007301,20250201,1334,2,4,CARD,PAID,36300.00,2025-02-01 19:21:29
7000007302,1000007302,20250201,2025,2,1,CARD,PAID,65340.00,2025-02-01 19:25:53
7000007303,1000007303,20250201,2397,2,4,CARD,PAID,14520.00,2025-02-01 19:51:37
7000007304,1000007304,20250201,1439,2,4,CARD,PAID,14520.00,2025-02-01 20:10:29
7000007305,1000007305,20250201,344,2,2,CARD,PAID,58080.00,2025-02-01 20:22:32
7000007322,1000007322,20250203,848,2,4,CASH,PAID,50820.00,2025-02-03 10:22:26
7000007323,1000007323,20250203,1007,2,1,TRANSFER,PAID,18150.00,2025-02-03 10:41:19
7000007326,1000007326,20250203,2155,2,2,CARD,PAID,18150.00,2025-02-03 13:25:43
7000007329,1000007329,20250203,989,2,3,CASH,PAID,14520.00,2025-02-03 16:20:36
7000007330,1000007330,20250203,1080,2,1,CARD,PAID,50820.00,2025-02-03 17:54:54
7000007331,1000007331,20250203,2026,2,3,CARD,PAID,18150.00,2025-02-03 17:55:52
7000007332,1000007332,20250203,2402,2,3,CARD,PAID,36300.00,2025-02-03 18:25:07
7000007333,1000007333,20250203,2403,2,1,CARD,PAID,47190.00,2025-02-03 20:00:17
7000007341,1000007341,20250204,215,2,1,CARD,PAID,36300.00,2025-02-04 10:57:32
7000007343,1000007343,20250204,474,2,4,CASH,PAID,18150.00,2025-02-04 12:51:39
7000007345,1000007345,20250204,472,2,2,CASH,PAID,29403.00,2025-02-04 14:31:51
7000007348,1000007348,20250204,2191,2,4,CARD,PAID,18150.00,2025-02-04 16:52:02
7000007350,1000007350,20250204,2406,2,1,CARD,PAID,43560.00,2025-02-04 17:45:39
7000007351,1000007351,20250204,2407,2,3,CASH,PAID,68970.00,2025-02-04 18:37:08
7000007352,1000007352,20250204,2408,2,1,CARD,PAID,29040.00,2025-02-04 18:46:22
7000007353,1000007353,20250204,793,2,2,CARD,PAID,18150.00,2025-02-04 18:56:52
7000007355,1000007355,20250204,1968,2,3,CASH,PAID,18150.00,2025-02-04 20:52:30
7000007356,1000007356,20250204,1863,2,3,CARD,PAID,36300.00,2025-02-04 21:01:36
7000007362,1000007362,20250205,367,2,1,CARD,PAID,54450.00,2025-02-05 11:25:45
7000007363,1000007363,20250205,1958,2,1,CARD,PAID,87120.00,2025-02-05 12:06:18
7000007365,1000007365,20250205,2410,2,3,TRANSFER,PAID,61710.00,2025-02-05 12:44:29
7000007366,1000007366,20250205,1571,2,2,CARD,PAID,18150.00,2025-02-05 13:56:04
7000007369,1000007369,20250205,1888,2,1,TRANSFER,PAID,18150.00,2025-02-05 17:32:36
7000007371,1000007371,20250205,308,2,2,CASH,PAID,14520.00,2025-02-05 19:21:10
7000007372,1000007372,20250205,1669,2,3,CASH,PAID,43560.00,2025-02-05 19:39:02
7000007377,1000007377,20250206,1204,2,3,CARD,PAID,54450.00,2025-02-06 10:50:36
7000007378,1000007378,20250206,291,2,2,CARD,PAID,32670.00,2025-02-06 10:57:10
7000007379,1000007379,20250206,600,2,2,CASH,PAID,18150.00,2025-02-06 11:16:06
7000007380,1000007380,20250206,1775,2,1,TRANSFER,PAID,18150.00,2025-02-06 12:13:06
7000007381,1000007381,20250206,586,2,1,CARD,PAID,32670.00,2025-02-06 13:56:55
7000007382,1000007382,20250206,2100,2,4,CARD,PAID,14520.00,2025-02-06 14:00:26
7000007383,1000007383,20250206,2412,2,4,TRANSFER,PAID,14520.00,2025-02-06 14:05:58
7000007386,1000007386,20250206,2173,2,2,CARD,PAID,94380.00,2025-02-06 15:31:17
7000007390,1000007390,20250206,1714,2,2,CASH,PAID,36300.00,2025-02-06 17:55:27
7000007391,1000007391,20250206,487,2,2,CARD,PAID,32670.00,2025-02-06 18:03:31
7000007394,1000007394,20250206,2290,2,3,CARD,PAID,32670.00,2025-02-06 19:02:00
7000007395,1000007395,20250206,1165,2,1,CARD,PAID,76230.00,2025-02-06 19:37:10
7000007396,1000007396,20250206,2414,2,1,CARD,PAID,76230.00,2025-02-06 19:49:00
7000007397,1000007397,20250206,1399,2,1,CARD,PAID,18150.00,2025-02-06 20:08:19
7000007399,1000007399,20250206,1777,2,1,TRANSFER,PAID,26136.00,2025-02-06 20:33:55
7000007400,1000007400,20250206,887,2,4,CARD,PAID,87120.00,2025-02-06 20:40:26
7000007409,1000007409,20250207,2415,2,4,TRANSFER,PAID,13068.00,2025-02-07 11:49:51
7000007410,1000007410,20250207,1272,2,2,CASH,PAID,50820.00,2025-02-07 11:53:13
7000007411,1000007411,20250207,2181,2,1,CARD,PAID,18150.00,2025-02-07 11:55:29
7000007414,1000007414,20250207,2152,2,4,CARD,PAID,32670.00,2025-02-07 12:46:35
7000007417,1000007417,20250207,1354,2,3,CARD,PAID,32670.00,2025-02-07 16:17:58
7000007418,1000007418,20250207,2418,2,3,CARD,PAID,29040.00,2025-02-07 16:26:18
7000007420,1000007420,20250207,1112,2,1,CARD,PAID,14520.00,2025-02-07 16:40:51
7000007421,1000007421,20250207,301,2,1,CARD,PAID,14520.00,2025-02-07 16:44:50
7000007422,1000007422,20250207,2419,2,4,CASH,PAID,32670.00,2025-02-07 18:26:16
7000007424,1000007424,20250207,2112,2,1,CASH,PAID,43560.00,2025-02-07 19:15:16
7000007425,1000007425,20250207,751,2,3,CASH,PAID,54450.00,2025-02-07 19:35:16
7000007431,1000007431,20250208,1930,2,1,CARD,PAID,29040.00,2025-02-08 10:35:30
7000007432,1000007432,20250208,1856,2,1,CARD,PAID,36300.00,2025-02-08 10:51:23
7000007434,1000007434,20250208,1940,2,2,CARD,PAID,58080.00,2025-02-08 11:20:42
7000007435,1000007435,20250208,2423,2,2,CASH,PAID,47190.00,2025-02-08 11:40:48
7000007438,1000007438,20250208,907,2,3,CASH,PAID,32670.00,2025-02-08 12:30:47
7000007440,1000007440,20250208,1976,2,2,CASH,PAID,18150.00,2025-02-08 13:12:30
7000007441,1000007441,20250208,2426,2,1,CASH,PAID,54450.00,2025-02-08 14:44:11
7000007442,1000007442,20250208,2427,2,2,CASH,PAID,18150.00,2025-02-08 15:24:36
7000007443,1000007443,20250208,1156,2,2,CASH,PAID,18150.00,2025-02-08 17:04:13
7000007444,1000007444,20250208,2428,2,4,CARD,PAID,54450.00,2025-02-08 17:54:54
7000007445,1000007445,20250208,8,2,1,CASH,PAID,32670.00,2025-02-08 18:33:35
7000007446,1000007446,20250208,2429,2,3,CASH,PAID,32670.00,2025-02-08 18:34:48
7000007447,1000007447,20250208,2360,2,1,CASH,PAID,36300.00,2025-02-08 19:17:09
7000007467,1000007467,20250210,585,2,2,CASH,PAID,19650.00,2025-02-10 10:21:26
7000007468,1000007468,20250210,434,2,4,CARD,REFUNDED,47190.00,2025-02-10 12:11:29
7000007469,1000007469,20250210,1305,2,2,CARD,PAID,14520.00,2025-02-10 13:13:16
7000007470,1000007470,20250210,2435,2,3,CASH,PAID,58806.00,2025-02-10 13:22:28
7000007471,1000007471,20250210,665,2,3,CARD,PAID,54450.00,2025-02-10 13:35:44
7000007472,1000007472,20250210,2197,2,2,CARD,PAID,32670.00,2025-02-10 13:40:54
7000007474,1000007474,20250210,2436,2,3,CARD,PAID,50820.00,2025-02-10 15:48:54
7000007478,1000007478,20250210,1855,2,1,CARD,PAID,18150.00,2025-02-10 17:06:49
7000007479,1000007479,20250210,984,2,2,CARD,PAID,18150.00,2025-02-10 17:22:02
7000007481,1000007481,20250210,1403,2,4,CASH,PAID,47190.00,2025-02-10 18:44:10
7000007487,1000007487,20250211,1499,2,3,CASH,PAID,18150.00,2025-02-11 10:35:46
7000007490,1000007490,20250211,925,2,2,CARD,PAID,18150.00,2025-02-11 11:45:43
7000007497,1000007497,20250211,2073,2,2,CARD,PAID,18150.00,2025-02-11 15:22:16
7000007498,1000007498,20250211,1089,2,1,CASH,PAID,14520.00,2025-02-11 15:28:23
7000007499,1000007499,20250211,1382,2,2,TRANSFER,PAID,14520.00,2025-02-11 17:06:33
7000007500,1000007500,20250211,1712,2,1,CARD,PAID,14520.00,2025-02-11 17:40:14
7000007501,1000007501,20250211,516,2,3,CASH,PAID,18150.00,2025-02-11 17:51:27
7000007502,1000007502,20250211,1899,2,4,CASH,PAID,58080.00,2025-02-11 18:20:53
7000007505,1000007505,20250211,972,2,1,CASH,PAID,14520.00,2025-02-11 19:30:22
7000007507,1000007507,20250211,761,2,1,CASH,PAID,43560.00,2025-02-11 20:36:09
7000007516,1000007516,20250212,1325,2,1,TRANSFER,PAID,32670.00,2025-02-12 10:47:49
7000007517,1000007517,20250212,1269,2,4,CASH,PAID,32670.00,2025-02-12 12:20:35
7000007518,1000007518,20250212,1176,2,2,TRANSFER,REFUNDED,50820.00,2025-02-12 14:25:51
7000007520,1000007520,20250212,1697,2,4,CASH,PAID,18150.00,2025-02-12 15:20:42
7000007521,1000007521,20250212,1607,2,3,CARD,PAID,32670.00,2025-02-12 15:49:26
7000007522,1000007522,20250212,101,2,2,CARD,PAID,47190.00,2025-02-12 16:21:40
7000007523,1000007523,20250212,2445,2,4,CARD,PAID,43560.00,2025-02-12 17:16:57
7000007524,1000007524,20250212,729,2,3,CARD,PAID,14520.00,2025-02-12 17:33:11
7000007526,1000007526,20250212,2447,2,1,CASH,PAID,19350.00,2025-02-12 18:32:49
7000007528,1000007528,20250212,1432,2,4,CARD,PAID,18150.00,2025-02-12 18:52:20
7000007529,1000007529,20250212,2177,2,4,CASH,PAID,14520.00,2025-02-12 20:32:14
7000007537,1000007537,20250213,2451,2,3,CASH,PAID,13068.00,2025-02-13 10:47:57
7000007539,1000007539,20250213,1875,2,3,TRANSFER,PAID,19650.00,2025-02-13 11:35:12
7000007540,1000007540,20250213,2209,2,4,CARD,PAID,29040.00,2025-02-13 12:23:38
7000007541,1000007541,20250213,1104,2,1,CASH,PAID,32670.00,2025-02-13 12:51:08
7000007543,1000007543,20250213,2452,2,3,TRANSFER,PAID,36300.00,2025-02-13 13:21:42
7000007545,1000007545,20250213,2453,2,3,CARD,PAID,32670.00,2025-02-13 14:20:06
7000007547,1000007547,20250213,2055,2,1,CARD,PAID,32670.00,2025-02-13 17:37:36
7000007550,1000007550,20250213,1651,2,4,CASH,PAID,18150.00,2025-02-13 19:59:47
7000007561,1000007561,20250214,1456,2,2,CARD,PAID,18150.00,2025-02-14 11:59:32
7000007562,1000007562,20250214,1655,2,3,CASH,PAID,18150.00,2025-02-14 14:32:47
7000007566,1000007566,20250214,587,2,4,CARD,PAID,36300.00,2025-02-14 15:17:29
7000007568,1000007568,20250214,2460,2,4,CARD,PAID,18150.00,2025-02-14 15:27:33
7000007569,1000007569,20250214,250,2,3,CASH,PAID,18150.00,2025-02-14 15:34:59
7000007570,1000007570,20250214,1467,2,2,CASH,PAID,14520.00,2025-02-14 17:08:05
7000007573,1000007573,20250214,1918,2,2,CASH,PAID,16020.00,2025-02-14 17:40:22
7000007575,1000007575,20250214,2298,2,4,CASH,PAID,16320.00,2025-02-14 18:40:29
7000007576,1000007576,20250214,2039,2,2,TRANSFER,PAID,36300.00,2025-02-14 19:10:02
7000007577,1000007577,20250214,435,2,4,CASH,PAID,72600.00,2025-02-14 19:11:13
7000007581,1000007581,20250214,1934,2,1,CASH,PAID,18150.00,2025-02-14 20:59:42
7000007586,1000007586,20250215,1695,2,2,CASH,PAID,36300.00,2025-02-15 10:44:48
7000007587,1000007587,20250215,427,2,3,TRANSFER,PAID,32670.00,2025-02-15 11:14:17
7000007588,1000007588,20250215,2084,2,3,CARD,PAID,36300.00,2025-02-15 11:30:12
7000007589,1000007589,20250215,2465,2,4,CASH,PAID,68970.00,2025-02-15 11:34:28
7000007590,1000007590,20250215,2318,2,3,TRANSFER,PAID,14520.00,2025-02-15 13:12:21
7000007592,1000007592,20250215,2096,2,4,CASH,PAID,65340.00,2025-02-15 13:43:00
7000007593,1000007593,20250215,267,2,1,CASH,PAID,14520.00,2025-02-15 14:07:09
7000007594,1000007594,20250215,1545,2,2,CARD,PAID,50820.00,2025-02-15 14:13:07
7000007596,1000007596,20250215,2377,2,4,CASH,PAID,36300.00,2025-02-15 14:35:47
7000007597,1000007597,20250215,1491,2,4,CASH,PAID,18150.00,2025-02-15 15:15:25
7000007598,1000007598,20250215,2139,2,1,CARD,PAID,29040.00,2025-02-15 15:18:35
7000007599,1000007599,20250215,2174,2,2,CARD,PAID,50820.00,2025-02-15 15:31:48
7000007600,1000007600,20250215,1758,2,2,CARD,PAID,32670.00,2025-02-15 15:35:39
7000007602,1000007602,20250215,1404,2,4,CASH,PAID,61710.00,2025-02-15 15:48:03
7000007603,1000007603,20250215,1860,2,2,CARD,PAID,72600.00,2025-02-15 16:07:03
7000007604,1000007604,20250215,1025,2,3,CASH,PAID,76230.00,2025-02-15 16:09:28
7000007605,1000007605,20250215,1635,2,2,CARD,PAID,13068.00,2025-02-15 16:15:32
7000007607,1000007607,20250215,2014,2,1,CARD,PAID,83490.00,2025-02-15 16:59:43
7000007608,1000007608,20250215,2017,2,1,CARD,PAID,18150.00,2025-02-15 18:01:58
7000007609,1000007609,20250215,2467,2,1,CARD,PAID,14520.00,2025-02-15 18:45:00
7000007611,1000007611,20250215,265,2,1,CARD,PAID,43560.00,2025-02-15 20:30:01
7000007612,1000007612,20250215,2468,2,3,CASH,PAID,58080.00,2025-02-15 20:45:07
7000007645,1000007645,20250217,628,2,3,TRANSFER,PAID,14520.00,2025-02-17 10:27:01
7000007647,1000007647,20250217,402,2,3,CARD,PAID,18150.00,2025-02-17 12:40:46
7000007650,1000007650,20250217,2479,2,1,CASH,PAID,18150.00,2025-02-17 16:15:03
7000007653,1000007653,20250217,1831,2,3,CARD,PAID,58080.00,2025-02-17 17:24:32
7000007659,1000007659,20250217,2481,2,1,CASH,PAID,30240.00,2025-02-17 19:02:54
7000007660,1000007660,20250217,1627,2,2,CASH,PAID,29040.00,2025-02-17 19:04:13
7000007662,1000007662,20250217,2483,2,3,CASH,PAID,14520.00,2025-02-17 20:04:22
7000007669,1000007669,20250218,749,2,1,CASH,PAID,18150.00,2025-02-18 10:12:39
7000007672,1000007672,20250218,1033,2,2,CARD,PAID,14520.00,2025-02-18 12:17:51
7000007675,1000007675,20250218,2484,2,3,CARD,PAID,14520.00,2025-02-18 13:01:57
7000007681,1000007681,20250218,981,2,2,CASH,PAID,29040.00,2025-02-18 16:10:42
7000007682,1000007682,20250218,2142,2,1,CASH,PAID,18150.00,2025-02-18 16:35:38
7000007683,1000007683,20250218,440,2,4,CASH,PAID,43560.00,2025-02-18 16:35:57
7000007685,1000007685,20250218,651,2,1,CASH,PAID,29040.00,2025-02-18 17:28:39
7000007688,1000007688,20250218,2384,2,3,TRANSFER,PAID,14520.00,2025-02-18 17:43:45
7000007689,1000007689,20250218,2486,2,4,CASH,PAID,29040.00,2025-02-18 17:54:44
7000007690,1000007690,20250218,936,2,4,CARD,PAID,14520.00,2025-02-18 18:22:12
7000007693,1000007693,20250218,1787,2,2,CARD,PAID,32670.00,2025-02-18 18:45:14
7000007695,1000007695,20250218,2262,2,2,CASH,PAID,29040.00,2025-02-18 20:12:00
7000007702,1000007702,20250219,707,2,2,CARD,PAID,32670.00,2025-02-19 10:16:45
7000007704,1000007704,20250219,2129,2,1,TRANSFER,PAID,43560.00,2025-02-19 12:59:46
7000007705,1000007705,20250219,1749,2,2,CASH,PAID,72600.00,2025-02-19 13:45:44
7000007706,1000007706,20250219,994,2,1,CARD,PAID,14520.00,2025-02-19 15:45:31
7000007710,1000007710,20250219,2489,2,1,CARD,PAID,47190.00,2025-02-19 17:31:19
7000007711,1000007711,20250219,609,2,2,CARD,PAID,14520.00,2025-02-19 17:57:50
7000007712,1000007712,20250219,1157,2,4,CARD,PAID,18150.00,2025-02-19 18:34:43
7000007715,1000007715,20250219,1962,2,3,CASH,PAID,47190.00,2025-02-19 20:17:57
7000007722,1000007722,20250220,743,2,2,CARD,PAID,65340.00,2025-02-20 13:56:59
7000007723,1000007723,20250220,617,2,4,CASH,PAID,47190.00,2025-02-20 14:15:35
7000007724,1000007724,20250220,2070,2,1,CASH,PAID,36300.00,2025-02-20 15:27:32
7000007725,1000007725,20250220,210,2,1,CARD,PAID,14520.00,2025-02-20 16:39:07
7000007729,1000007729,20250220,2160,2,1,CARD,PAID,32670.00,2025-02-20 19:36:40
7000007731,1000007731,20250220,1311,2,3,CARD,PAID,18150.00,2025-02-20 20:15:08
7000007734,1000007734,20250221,444,2,1,CASH,PAID,50820.00,2025-02-21 11:10:09
7000007738,1000007738,20250221,117,2,2,CASH,PAID,50820.00,2025-02-21 13:33:18
7000007739,1000007739,20250221,2496,2,3,CARD,PAID,18150.00,2025-02-21 13:59:36
7000007740,1000007740,20250221,2196,2,3,CASH,PAID,36300.00,2025-02-21 14:57:47
7000007741,1000007741,20250221,1026,2,3,CARD,PAID,18150.00,2025-02-21 15:04:56
7000007743,1000007743,20250221,135,2,1,TRANSFER,PAID,72600.00,2025-02-21 17:23:10
7000007745,1000007745,20250221,2363,2,2,CARD,PAID,18150.00,2025-02-21 17:39:04
7000007746,1000007746,20250221,2168,2,1,TRANSFER,PAID,94380.00,2025-02-21 18:03:49
7000007747,1000007747,20250221,491,2,2,CARD,PAID,13068.00,2025-02-21 18:18:45
7000007749,1000007749,20250221,2499,2,2,CASH,PAID,42471.00,2025-02-21 18:38:39
7000007751,1000007751,20250221,273,2,3,CARD,PAID,32670.00,2025-02-21 19:05:22
7000007752,1000007752,20250221,777,2,4,CARD,PAID,58080.00,2025-02-21 19:12:01
7000007754,1000007754,20250221,291,2,2,CASH,PAID,50820.00,2025-02-21 20:45:40
7000007760,1000007760,20250222,679,2,3,CASH,PAID,14520.00,2025-02-22 10:38:33
7000007761,1000007761,20250222,194,2,1,CARD,PAID,29040.00,2025-02-22 10:56:04
7000007765,1000007765,20250222,1976,2,2,CASH,PAID,34170.00,2025-02-22 12:24:04
7000007766,1000007766,20250222,1221,2,2,CARD,PAID,18150.00,2025-02-22 12:42:36
7000007767,1000007767,20250222,2290,2,3,CARD,PAID,101640.00,2025-02-22 12:55:24
7000007770,1000007770,20250222,1920,2,1,TRANSFER,PAID,14520.00,2025-02-22 15:30:06
7000007771,1000007771,20250222,236,2,2,CARD,PAID,54450.00,2025-02-22 15:30:15
7000007772,1000007772,20250222,185,2,1,CASH,PAID,14520.00,2025-02-22 16:01:01
7000007775,1000007775,20250222,2505,2,4,CASH,PAID,14520.00,2025-02-22 16:21:17
7000007776,1000007776,20250222,1146,2,4,CARD,PAID,34470.00,2025-02-22 16:39:59
7000007777,1000007777,20250222,1443,2,1,CARD,PAID,14520.00,2025-02-22 17:34:56
7000007779,1000007779,20250222,1381,2,2,CARD,PAID,18150.00,2025-02-22 17:45:24
7000007780,1000007780,20250222,2506,2,2,CARD,PAID,43560.00,2025-02-22 17:49:12
7000007781,1000007781,20250222,215,2,1,CASH,PAID,65340.00,2025-02-22 18:16:07
7000007784,1000007784,20250222,494,2,1,CARD,PAID,14520.00,2025-02-22 19:00:16
7000007785,1000007785,20250222,2507,2,3,CARD,PAID,29040.00,2025-02-22 19:01:33
7000007786,1000007786,20250222,1930,2,1,CARD,PAID,36300.00,2025-02-22 19:08:27
7000007787,1000007787,20250222,2224,2,4,CARD,PAID,43560.00,2025-02-22 20:29:42
7000007811,1000007811,20250224,1796,2,1,CASH,PAID,76230.00,2025-02-24 10:59:56
7000007812,1000007812,20250224,1493,2,1,CARD,PAID,14520.00,2025-02-24 12:17:01
7000007813,1000007813,20250224,2513,2,4,CASH,PAID,36300.00,2025-02-24 12:24:10
7000007814,1000007814,20250224,2514,2,2,CASH,PAID,169702.50,2025-02-24 14:09:36
7000007815,1000007815,20250224,2219,2,1,TRANSFER,PAID,18150.00,2025-02-24 14:11:02
7000007818,1000007818,20250224,2025,2,1,CASH,PAID,32670.00,2025-02-24 15:28:25
7000007821,1000007821,20250224,1640,2,4,CASH,PAID,42471.00,2025-02-24 18:06:47
7000007822,1000007822,20250224,2368,2,2,CASH,PAID,43560.00,2025-02-24 18:17:25
7000007834,1000007834,20250225,1631,2,2,CARD,PAID,18150.00,2025-02-25 10:44:26
7000007835,1000007835,20250225,1272,2,2,TRANSFER,PAID,29040.00,2025-02-25 11:30:00
7000007836,1000007836,20250225,321,2,1,TRANSFER,PAID,32670.00,2025-02-25 11:53:52
7000007840,1000007840,20250225,2351,2,1,CARD,PAID,72600.00,2025-02-25 14:36:40
7000007842,1000007842,20250225,2361,2,2,CARD,PAID,14520.00,2025-02-25 15:26:26
7000007843,1000007843,20250225,1207,2,3,CARD,PAID,14520.00,2025-02-25 16:31:12
7000007844,1000007844,20250225,2107,2,2,CASH,PAID,36300.00,2025-02-25 17:01:54
7000007846,1000007846,20250225,2426,2,1,CASH,PAID,18150.00,2025-02-25 17:57:36
7000007849,1000007849,20250225,1245,2,2,CARD,PAID,29040.00,2025-02-25 19:27:46
7000007850,1000007850,20250225,949,2,3,CARD,PAID,39204.00,2025-02-25 19:42:18
7000007852,1000007852,20250225,1989,2,1,CARD,PAID,50820.00,2025-02-25 20:31:02
7000007853,1000007853,20250225,591,2,4,CARD,PAID,101640.00,2025-02-25 20:36:45
7000007868,1000007868,20250226,2249,2,3,CARD,PAID,87120.00,2025-02-26 13:18:15
7000007869,1000007869,20250226,2523,2,3,CARD,PAID,14520.00,2025-02-26 13:55:36
7000007870,1000007870,20250226,1747,2,2,CARD,PAID,50820.00,2025-02-26 14:04:06
7000007873,1000007873,20250226,344,2,2,TRANSFER,PAID,18150.00,2025-02-26 16:49:23
7000007877,1000007877,20250226,1430,2,2,TRANSFER,PAID,18150.00,2025-02-26 20:47:58
7000007883,1000007883,20250227,718,2,1,CARD,PAID,36300.00,2025-02-27 10:11:13
7000007884,1000007884,20250227,2311,2,1,CARD,PAID,18150.00,2025-02-27 11:44:02
7000007885,1000007885,20250227,880,2,2,CARD,PAID,18150.00,2025-02-27 12:25:59
7000007889,1000007889,20250227,1613,2,1,CASH,PAID,43560.00,2025-02-27 16:40:28
7000007890,1000007890,20250227,2360,2,1,CASH,PAID,13068.00,2025-02-27 16:44:04
7000007891,1000007891,20250227,848,2,4,CARD,PAID,14520.00,2025-02-27 17:53:52
7000007893,1000007893,20250227,441,2,2,CARD,PAID,13068.00,2025-02-27 19:00:16
7000007894,1000007894,20250227,2529,2,4,CARD,PAID,18150.00,2025-02-27 19:06:45
7000007896,1000007896,20250227,2391,2,2,CASH,PAID,47190.00,2025-02-27 19:18:48
7000007902,1000007902,20250228,2170,2,1,TRANSFER,PAID,36300.00,2025-02-28 10:13:50
7000007903,1000007903,20250228,2531,2,3,CASH,PAID,19650.00,2025-02-28 10:40:36
7000007905,1000007905,20250228,1740,2,1,CARD,PAID,68607.00,2025-02-28 11:11:48
7000007907,1000007907,20250228,2532,2,1,CARD,PAID,16335.00,2025-02-28 12:45:47
7000007911,1000007911,20250228,292,2,4,CARD,PAID,32670.00,2025-02-28 14:46:18
7000007912,1000007912,20250228,2380,2,1,CARD,PAID,58080.00,2025-02-28 14:51:02
7000007915,1000007915,20250228,912,2,1,CASH,PAID,58080.00,2025-02-28 16:01:24
7000007916,1000007916,20250228,2534,2,2,CASH,PAID,29040.00,2025-02-28 16:33:11
7000007917,1000007917,20250228,2215,2,1,CARD,PAID,29040.00,2025-02-28 16:58:09
7000007919,1000007919,20250228,829,2,3,CARD,PAID,18150.00,2025-02-28 17:43:23
7000007921,1000007921,20250228,2536,2,1,CASH,PAID,14520.00,2025-02-28 18:40:55
7000007925,1000007925,20250228,2538,2,4,CARD,PAID,13068.00,2025-02-28 19:48:02
7000007927,1000007927,20250228,463,2,3,CARD,PAID,32670.00,2025-02-28 20:16:01
7000007937,1000007937,20250301,1782,2,4,TRANSFER,PAID,14520.00,2025-03-01 10:16:47
7000007939,1000007939,20250301,2192,2,1,CASH,PAID,14520.00,2025-03-01 11:17:28
7000007940,1000007940,20250301,40,2,1,CASH,PAID,14520.00,2025-03-01 11:20:12
7000007941,1000007941,20250301,2406,2,1,CASH,PAID,14520.00,2025-03-01 11:46:01
7000007942,1000007942,20250301,160,2,1,CASH,PAID,36300.00,2025-03-01 12:06:06
7000007943,1000007943,20250301,2541,2,4,CARD,PAID,29040.00,2025-03-01 12:09:35
7000007944,1000007944,20250301,2396,2,1,CARD,PAID,14520.00,2025-03-01 13:34:27
7000007945,1000007945,20250301,2542,2,1,CASH,PAID,18150.00,2025-03-01 13:44:47
7000007946,1000007946,20250301,2543,2,2,CARD,PAID,14520.00,2025-03-01 13:44:37
7000007948,1000007948,20250301,2174,2,2,CARD,PAID,65340.00,2025-03-01 14:18:11
7000007949,1000007949,20250301,2544,2,2,CARD,PAID,18150.00,2025-03-01 14:46:47
7000007950,1000007950,20250301,2212,2,1,TRANSFER,PAID,50820.00,2025-03-01 15:19:27
7000007951,1000007951,20250301,212,2,1,CARD,PAID,36300.00,2025-03-01 15:28:11
7000007953,1000007953,20250301,656,2,1,TRANSFER,PAID,32670.00,2025-03-01 16:22:27
7000007955,1000007955,20250301,1988,2,4,CARD,PAID,45738.00,2025-03-01 16:27:28
7000007957,1000007957,20250301,2106,2,4,CASH,PAID,29040.00,2025-03-01 17:41:47
7000007958,1000007958,20250301,162,2,3,CASH,PAID,14520.00,2025-03-01 17:40:19
7000007959,1000007959,20250301,1044,2,3,CARD,PAID,14520.00,2025-03-01 17:52:23
7000007960,1000007960,20250301,2546,2,3,CARD,PAID,37800.00,2025-03-01 18:01:53
7000007961,1000007961,20250301,927,2,3,TRANSFER,PAID,14520.00,2025-03-01 18:01:31
7000007963,1000007963,20250301,306,2,1,CARD,PAID,29040.00,2025-03-01 19:18:48
7000007964,1000007964,20250301,1905,2,4,CASH,PAID,43560.00,2025-03-01 19:29:07
7000007965,1000007965,20250301,350,2,4,CARD,PAID,14520.00,2025-03-01 19:57:02
7000007966,1000007966,20250301,1153,2,4,CASH,PAID,16335.00,2025-03-01 20:01:04
7000007968,1000007968,20250301,1563,2,1,CASH,PAID,76230.00,2025-03-01 20:45:15
7000007992,1000007992,20250303,1863,2,3,CARD,PAID,32670.00,2025-03-03 10:18:55
7000007993,1000007993,20250303,1327,2,4,CARD,PAID,14520.00,2025-03-03 10:40:17
7000007996,1000007996,20250303,698,2,2,CASH,PAID,43560.00,2025-03-03 11:20:03
7000007997,1000007997,20250303,2209,2,4,CARD,PAID,32670.00,2025-03-03 11:22:44
7000007998,1000007998,20250303,1045,2,1,CASH,PAID,18150.00,2025-03-03 12:02:35
7000007999,1000007999,20250303,2556,2,1,TRANSFER,PAID,29040.00,2025-03-03 12:20:58
7000008000,1000008000,20250303,646,2,4,CASH,REFUNDED,18150.00,2025-03-03 12:36:10
7000008001,1000008001,20250303,542,2,2,CASH,PAID,32670.00,2025-03-03 12:40:46
7000008003,1000008003,20250303,2291,2,4,TRANSFER,PAID,26136.00,2025-03-03 13:32:58
7000008006,1000008006,20250303,2558,2,3,CARD,PAID,36300.00,2025-03-03 14:50:18
7000008014,1000008014,20250304,1888,2,1,CARD,PAID,98010.00,2025-03-04 11:47:13
7000008016,1000008016,20250304,2313,2,1,CARD,FAILED,50820.00,
7000008017,1000008017,20250304,2562,2,3,CARD,PAID,18150.00,2025-03-04 14:13:16
7000008018,1000008018,20250304,919,2,1,CASH,PAID,78408.00,2025-03-04 15:42:59
7000008023,1000008023,20250304,2564,2,2,TRANSFER,PAID,58080.00,2025-03-04 18:19:45
7000008035,1000008035,20250305,1385,2,2,TRANSFER,PAID,43560.00,2025-03-05 12:38:13
7000008038,1000008038,20250305,2566,2,1,CARD,PAID,29040.00,2025-03-05 15:55:57
7000008039,1000008039,20250305,2567,2,2,CARD,PAID,32670.00,2025-03-05 16:15:09
7000008043,1000008043,20250305,895,2,3,CARD,PAID,18150.00,2025-03-05 18:24:33
7000008044,1000008044,20250305,1929,2,1,CARD,PAID,14520.00,2025-03-05 19:03:32
7000008045,1000008045,20250305,2569,2,2,CARD,PAID,18150.00,2025-03-05 19:02:21
7000008046,1000008046,20250305,1974,2,1,CASH,PAID,32670.00,2025-03-05 19:42:01
7000008047,1000008047,20250305,1246,2,4,CASH,PAID,54450.00,2025-03-05 19:58:35
7000008048,1000008048,20250305,2570,2,2,CASH,PAID,16335.00,2025-03-05 20:17:09
7000008056,1000008056,20250306,1377,2,4,CARD,PAID,61710.00,2025-03-06 10:08:29
7000008057,1000008057,20250306,1634,2,2,CASH,PAID,14520.00,2025-03-06 10:37:48
7000008058,1000008058,20250306,2159,2,4,CASH,PAID,76230.00,2025-03-06 11:05:39
7000008060,1000008060,20250306,1745,2,3,TRANSFER,PAID,29040.00,2025-03-06 12:01:57
7000008061,1000008061,20250306,1520,2,4,TRANSFER,PAID,16320.00,2025-03-06 12:31:08
7000008062,1000008062,20250306,1940,2,2,CASH,PAID,29040.00,2025-03-06 12:30:30
7000008065,1000008065,20250306,2262,2,2,CARD,PAID,54450.00,2025-03-06 14:42:30
7000008066,1000008066,20250306,2422,2,4,TRANSFER,PAID,54450.00,2025-03-06 15:22:29
7000008069,1000008069,20250306,1208,2,2,CARD,PAID,36300.00,2025-03-06 18:33:28
7000008070,1000008070,20250306,1890,2,3,CASH,PAID,18150.00,2025-03-06 19:01:49
7000008071,1000008071,20250306,2575,2,4,CASH,PAID,76230.00,2025-03-06 19:03:09
7000008085,1000008085,20250307,2582,2,1,CARD,PAID,29040.00,2025-03-07 10:55:30
7000008086,1000008086,20250307,2581,2,4,CASH,PAID,58080.00,2025-03-07 10:54:52
7000008089,1000008089,20250307,1900,2,2,CASH,PAID,29040.00,2025-03-07 13:47:06
7000008091,1000008091,20250307,427,2,3,CARD,PAID,36300.00,2025-03-07 14:48:53
7000008092,1000008092,20250307,430,2,4,CASH,PAID,14520.00,2025-03-07 15:00:01
7000008093,1000008093,20250307,1292,2,4,CARD,PAID,32670.00,2025-03-07 16:37:07
7000008094,1000008094,20250307,492,2,4,CARD,REFUNDED,14520.00,2025-03-07 16:50:44
7000008096,1000008096,20250307,2584,2,2,CARD,PAID,14520.00,2025-03-07 17:21:17
7000008097,1000008097,20250307,1372,2,1,TRANSFER,REFUNDED,14520.00,2025-03-07 17:35:50
7000008098,1000008098,20250307,2585,2,3,CARD,PAID,14520.00,2025-03-07 17:47:38
7000008099,1000008099,20250307,2290,2,3,CASH,PAID,54450.00,2025-03-07 18:51:02
7000008100,1000008100,20250307,2071,2,1,CARD,PAID,47190.00,2025-03-07 18:52:58
7000008101,1000008101,20250307,2000,2,4,CARD,PAID,18150.00,2025-03-07 19:13:36
7000008110,1000008110,20250308,1994,2,1,CARD,PAID,14520.00,2025-03-08 10:03:22
7000008112,1000008112,20250308,2590,2,4,CASH,PAID,14520.00,2025-03-08 11:39:46
7000008113,1000008113,20250308,2355,2,4,CARD,PAID,18150.00,2025-03-08 12:17:19
7000008114,1000008114,20250308,2592,2,1,CARD,PAID,65340.00,2025-03-08 12:36:41
7000008115,1000008115,20250308,2591,2,1,CASH,PAID,14520.00,2025-03-08 12:37:18
7000008116,1000008116,20250308,1861,2,1,CASH,PAID,65340.00,2025-03-08 13:15:17
7000008118,1000008118,20250308,925,2,2,CARD,PAID,45060.00,2025-03-08 14:08:24
7000008119,1000008119,20250308,2253,2,1,CARD,PAID,14520.00,2025-03-08 14:21:41
7000008120,1000008120,20250308,1856,2,1,CARD,PAID,36300.00,2025-03-08 14:30:27
7000008121,1000008121,20250308,1051,2,3,CASH,PAID,18150.00,2025-03-08 14:30:45
7000008122,1000008122,20250308,1468,2,1,CASH,PAID,72600.00,2025-03-08 14:44:11
7000008123,1000008123,20250308,866,2,3,CASH,PAID,18150.00,2025-03-08 15:18:20
7000008124,1000008124,20250308,2286,2,3,CASH,PAID,32670.00,2025-03-08 15:29:51
7000008125,1000008125,20250308,326,2,4,CARD,PAID,16335.00,2025-03-08 15:49:24
7000008127,1000008127,20250308,93,2,2,CASH,PAID,18150.00,2025-03-08 17:09:16
7000008128,1000008128,20250308,1144,2,4,CASH,PAID,32670.00,2025-03-08 17:35:37
7000008129,1000008129,20250308,402,2,3,CARD,PAID,32670.00,2025-03-08 18:04:45
7000008131,1000008131,20250308,1015,2,3,CARD,PAID,135762.00,2025-03-08 18:31:35
7000008133,1000008133,20250308,1836,2,2,CARD,PAID,14520.00,2025-03-08 19:31:59
7000008151,1000008151,20250310,415,2,3,CARD,PAID,18150.00,2025-03-10 10:14:38
7000008153,1000008153,20250310,2599,2,4,TRANSFER,PAID,14520.00,2025-03-10 13:58:07
7000008156,1000008156,20250310,2601,2,1,CARD,PAID,18150.00,2025-03-10 15:07:59
7000008157,1000008157,20250310,1326,2,1,CARD,PAID,68970.00,2025-03-10 16:24:14
7000008158,1000008158,20250310,1982,2,1,TRANSFER,PAID,32670.00,2025-03-10 16:28:49
7000008160,1000008160,20250310,1695,2,2,CASH,PAID,58080.00,2025-03-10 17:31:46
7000008161,1000008161,20250310,1523,2,2,CASH,PAID,83490.00,2025-03-10 17:40:04
7000008162,1000008162,20250310,1934,2,1,CARD,PAID,50820.00,2025-03-10 19:14:05
7000008176,1000008176,20250311,634,2,4,CARD,PAID,14520.00,2025-03-11 13:36:18
7000008178,1000008178,20250311,2041,2,2,CARD,PAID,18150.00,2025-03-11 15:12:23
7000008180,1000008180,20250311,2104,2,2,TRANSFER,PAID,14520.00,2025-03-11 15:59:18
7000008182,1000008182,20250311,1636,2,3,CASH,PAID,18150.00,2025-03-11 16:48:15
7000008188,1000008188,20250311,2347,2,4,CASH,PAID,18150.00,2025-03-11 19:46:59
7000008190,1000008190,20250311,614,2,3,CARD,PAID,29040.00,2025-03-11 20:45:29
7000006144,1000006144,20241214,1842,1,,CARD,REFUNDED,72600.00,2024-12-14 13:45:15
7000006147,1000006147,20241214,2128,1,,GATEWAY,PAID,48690.00,2024-12-14 14:40:44
7000006150,1000006150,20241214,1432,1,,CARD,PAID,16320.00,2024-12-14 15:04:34
7000006151,1000006151,20241214,998,1,,GATEWAY,PAID,15720.00,2024-12-14 15:37:43
7000006155,1000006155,20241214,1350,1,,GATEWAY,PAID,16020.00,2024-12-14 17:27:45
7000006159,1000006159,20241214,1753,1,,GATEWAY,PAID,34170.00,2024-12-15 23:19:01
7000006160,1000006160,20241214,116,1,,CARD,PAID,15720.00,2024-12-14 18:25:47
7000006163,1000006163,20241214,2130,1,,GATEWAY,PAID,15720.00,2024-12-14 19:35:10
7000006164,1000006164,20241214,1813,1,,GATEWAY,PAID,30240.00,2024-12-14 19:45:22
7000006168,1000006168,20241214,1780,1,,CARD,PAID,33870.00,2024-12-14 21:50:22
7000006169,1000006169,20241215,268,1,,CARD,PAID,30840.00,2024-12-15 02:09:55
7000006170,1000006170,20241215,942,1,,GATEWAY,PAID,58080.00,2024-12-15 06:46:06
7000006171,1000006171,20241215,1422,1,,GATEWAY,PAID,44760.00,2024-12-15 08:49:47
7000006172,1000006172,20241215,1730,1,,GATEWAY,PAID,15720.00,2024-12-15 10:31:29
7000006173,1000006173,20241215,5,1,,CARD,PAID,30240.00,2024-12-15 10:52:25
7000006174,1000006174,20241215,2131,1,,CARD,PAID,37500.00,2024-12-15 11:42:10
7000006175,1000006175,20241215,1865,1,,CARD,PAID,130680.00,2024-12-15 11:50:37
7000006176,1000006176,20241215,1907,1,,CARD,PAID,61710.00,2024-12-15 12:27:55
7000006177,1000006177,20241215,1982,1,,CARD,FAILED,15720.00,
7000006178,1000006178,20241215,265,1,,GATEWAY,PAID,34170.00,2024-12-16 22:47:57
7000006179,1000006179,20241215,581,1,,CARD,PAID,19950.00,2024-12-15 14:45:19
7000006180,1000006180,20241215,1679,1,,GATEWAY,PAID,19650.00,2024-12-15 15:32:34
7000006181,1000006181,20241215,1233,1,,CARD,PAID,19650.00,2024-12-15 16:42:00
7000006182,1000006182,20241215,639,1,,CARD,PAID,15720.00,2024-12-15 17:04:14
7000006183,1000006183,20241215,1925,1,,CARD,PAID,58080.00,2024-12-15 17:40:55
7000006184,1000006184,20241215,1855,1,,GATEWAY,PAID,15720.00,2024-12-15 18:00:25
7000006185,1000006185,20241215,2133,1,,CARD,PAID,37800.00,2024-12-15 18:24:58
7000006186,1000006186,20241215,201,1,,GATEWAY,PAID,15720.00,2024-12-15 19:23:39
7000006187,1000006187,20241215,125,1,,GATEWAY,PAID,52320.00,2024-12-15 19:45:54
7000006188,1000006188,20241215,61,1,,CARD,PAID,52020.00,2024-12-15 19:51:35
7000006189,1000006189,20241215,2134,1,,GATEWAY,FAILED,16020.00,
7000006190,1000006190,20241215,1368,1,,CARD,PAID,61710.00,2024-12-15 19:55:42
7000006191,1000006191,20241215,2037,1,,GATEWAY,PAID,15720.00,2024-12-15 20:06:40
7000006192,1000006192,20241215,2135,1,,CARD,PAID,61710.00,2024-12-15 21:03:06
7000006193,1000006193,20241215,1953,1,,GATEWAY,PAID,48990.00,2024-12-16 00:37:36
7000006194,1000006194,20241215,952,1,,CARD,FAILED,30240.00,
7000006195,1000006195,20241215,2136,1,,GATEWAY,PAID,15720.00,2024-12-17 01:18:13
7000006196,1000006196,20241215,964,1,,CARD,PAID,16020.00,2024-12-15 23:52:05
7000006197,1000006197,20241216,1154,1,,CARD,REFUNDED,37500.00,2024-12-16 00:22:31
7000006198,1000006198,20241216,1926,1,,CARD,PAID,19650.00,2024-12-16 01:46:15
7000006199,1000006199,20241216,2137,1,,CARD,PAID,37800.00,2024-12-16 07:57:53
7000006202,1000006202,20241216,2138,1,,CARD,PAID,33870.00,2024-12-16 12:13:21
7000006205,1000006205,20241216,624,1,,GATEWAY,PAID,37500.00,2024-12-16 20:39:22
7000006206,1000006206,20241216,733,1,,GATEWAY,PAID,33870.00,2024-12-16 13:31:29
7000006210,1000006210,20241216,354,1,,CARD,PAID,16020.00,2024-12-16 15:32:23
7000006211,1000006211,20241216,1621,1,,CARD,PAID,15720.00,2024-12-16 16:20:05
7000006212,1000006212,20241216,2141,1,,CARD,PAID,19650.00,2024-12-16 16:19:02
7000006213,1000006213,20241216,2142,1,,GATEWAY,FAILED,19350.00,
7000006214,1000006214,20241216,331,1,,CARD,PAID,61710.00,2024-12-16 16:54:42
7000006215,1000006215,20241216,1424,1,,GATEWAY,PAID,44760.00,2024-12-16 17:08:25
7000006216,1000006216,20241216,1970,1,,CARD,PAID,30540.00,2024-12-16 17:04:06
7000006217,1000006217,20241216,72,1,,GATEWAY,PAID,37800.00,2024-12-16 17:13:18
7000006223,1000006223,20241216,2060,1,,GATEWAY,PAID,33870.00,2024-12-16 18:47:29
7000006225,1000006225,20241216,1370,1,,GATEWAY,PAID,34170.00,2024-12-17 09:44:19
7000006229,1000006229,20241216,629,1,,GATEWAY,PAID,19350.00,2024-12-16 19:25:13
7000006231,1000006231,20241216,1371,1,,CARD,PAID,54450.00,2024-12-16 21:53:50
7000006232,1000006232,20241216,1258,1,,CARD,PAID,15720.00,2024-12-16 23:00:47
7000006233,1000006233,20241217,2145,1,,GATEWAY,PAID,19650.00,2024-12-17 20:47:40
7000006234,1000006234,20241217,652,1,,GATEWAY,PAID,54450.00,2024-12-17 01:04:26
7000006235,1000006235,20241217,2012,1,,CARD,PAID,351747.00,2024-12-17 01:56:27
7000006236,1000006236,20241217,241,1,,GATEWAY,PAID,15720.00,2024-12-17 05:23:10
7000006237,1000006237,20241217,632,1,,GATEWAY,PAID,15720.00,2024-12-17 09:36:00
7000006238,1000006238,20241217,1275,1,,GATEWAY,PAID,87120.00,2024-12-17 09:30:17
7000006239,1000006239,20241217,1528,1,,GATEWAY,PAID,37800.00,2024-12-17 09:51:08
7000006241,1000006241,20241217,1847,1,,CARD,FAILED,33870.00,
7000006244,1000006244,20241217,2146,1,,CARD,PAID,15720.00,2024-12-17 11:15:17
7000006245,1000006245,20241217,1667,1,,CARD,PAID,37500.00,2024-12-17 12:25:56
7000006247,1000006247,20241217,172,1,,CARD,PAID,37800.00,2024-12-17 12:58:53
7000006248,1000006248,20241217,375,1,,CARD,PAID,45060.00,2024-12-17 12:59:48
7000006250,1000006250,20241217,2147,1,,CARD,PAID,14994.00,2024-12-17 14:10:45
7000006252,1000006252,20241217,1619,1,,CARD,PAID,30240.00,2024-12-17 15:11:42
7000006254,1000006254,20241217,1718,1,,GATEWAY,PAID,30240.00,2024-12-17 16:00:31
7000006260,1000006260,20241217,1306,1,,GATEWAY,PAID,19350.00,2024-12-17 17:31:59
7000006264,1000006264,20241217,831,1,,CARD,PAID,19950.00,2024-12-17 19:04:23
7000006265,1000006265,20241217,1060,1,,GATEWAY,PAID,18742.50,2024-12-17 19:18:33
7000006266,1000006266,20241217,563,1,,GATEWAY,PAID,15720.00,2024-12-17 19:52:49
7000006267,1000006267,20241217,543,1,,CARD,PAID,19650.00,2024-12-17 19:54:57
7000006268,1000006268,20241217,1506,1,,GATEWAY,FAILED,30540.00,
7000006269,1000006269,20241217,2149,1,,GATEWAY,FAILED,16020.00,
7000006270,1000006270,20241217,2148,1,,CARD,PAID,30240.00,2024-12-17 20:35:20
7000006271,1000006271,20241217,1479,1,,CARD,PAID,19350.00,2024-12-17 21:21:19
7000006272,1000006272,20241217,402,1,,CARD,PAID,34170.00,2024-12-17 21:52:43
7000006273,1000006273,20241217,1003,1,,GATEWAY,PAID,16020.00,2024-12-17 22:10:40
7000006274,1000006274,20241217,1093,1,,CARD,PAID,35985.00,2024-12-17 22:28:33
7000006275,1000006275,20241217,1841,1,,CARD,PAID,68970.00,2024-12-17 22:51:24
7000006276,1000006276,20241217,1302,1,,CARD,PAID,19650.00,2024-12-17 23:32:03
7000006277,1000006277,20241217,1510,1,,GATEWAY,PAID,45060.00,2024-12-18 04:41:39
7000006278,1000006278,20241218,852,1,,CARD,PAID,34470.00,2024-12-18 00:02:21
7000006279,1000006279,20241218,1555,1,,CARD,FAILED,16020.00,
7000006280,1000006280,20241218,1750,1,,GATEWAY,PAID,37800.00,2024-12-18 03:39:03
7000006281,1000006281,20241218,226,1,,GATEWAY,PAID,87120.00,2024-12-18 09:08:43
7000006282,1000006282,20241218,2150,1,,CARD,PAID,38100.00,2024-12-18 10:10:44
7000006284,1000006284,20241218,1500,1,,CARD,PAID,30540.00,2024-12-18 11:04:16
7000006286,1000006286,20241218,1740,1,,CARD,PAID,37500.00,2024-12-18 11:17:07
7000006287,1000006287,20241218,104,1,,CARD,PAID,19650.00,2024-12-18 11:39:32
7000006289,1000006289,20241218,1684,1,,CARD,PAID,30240.00,2024-12-18 12:57:27
7000006293,1000006293,20241218,1872,1,,GATEWAY,PAID,19650.00,2024-12-18 14:34:19
7000006294,1000006294,20241218,1984,1,,CARD,PAID,58080.00,2024-12-18 14:52:26
7000006295,1000006295,20241218,716,1,,CARD,PAID,37500.00,2024-12-18 15:23:49
7000006297,1000006297,20241218,1475,1,,CARD,PAID,19650.00,2024-12-18 15:50:43
7000006298,1000006298,20241218,1577,1,,CARD,PAID,62073.00,2024-12-18 15:52:27
7000006299,1000006299,20241218,1992,1,,GATEWAY,PAID,14994.00,2024-12-18 16:42:10
7000006305,1000006305,20241218,1492,1,,CARD,PAID,15720.00,2024-12-18 17:37:31
7000006309,1000006309,20241218,2153,1,,CARD,PAID,58080.00,2024-12-18 18:32:26
7000006310,1000006310,20241218,2154,1,,CARD,PAID,37500.00,2024-12-18 18:43:50
7000006312,1000006312,20241218,1923,1,,CARD,PAID,16320.00,2024-12-18 20:02:20
7000006314,1000006314,20241218,333,1,,CARD,PAID,19650.00,2024-12-18 20:41:48
7000006315,1000006315,20241218,1882,1,,GATEWAY,PAID,15720.00,2024-12-18 22:13:44
7000006316,1000006316,20241218,1012,1,,CARD,PAID,19650.00,2024-12-18 22:14:46
7000006317,1000006317,20241218,1259,1,,CARD,PAID,34170.00,2024-12-18 22:26:22
7000006318,1000006318,20241218,1748,1,,CARD,PAID,34170.00,2024-12-18 22:39:28
7000006319,1000006319,20241219,1077,1,,CARD,PAID,76230.00,2024-12-19 06:33:44
7000006320,1000006320,20241219,2155,1,,CARD,PAID,16020.00,2024-12-19 09:05:44
7000006321,1000006321,20241219,214,1,,CARD,PAID,19350.00,2024-12-19 10:18:16
7000006322,1000006322,20241219,1072,1,,GATEWAY,PAID,58080.00,2024-12-19 11:56:00
7000006323,1000006323,20241219,84,1,,CARD,PAID,19350.00,2024-12-19 11:54:43
7000006324,1000006324,20241219,1554,1,,GATEWAY,PAID,37500.00,2024-12-19 12:23:08
7000006328,1000006328,20241219,521,1,,CARD,PAID,72600.00,2024-12-19 15:11:43
7000006329,1000006329,20241219,1796,1,,GATEWAY,FAILED,15720.00,
7000006331,1000006331,20241219,1639,1,,CARD,FAILED,65340.00,
7000006334,1000006334,20241219,1379,1,,CARD,PAID,45060.00,2024-12-19 17:21:36
7000006342,1000006342,20241219,1862,1,,GATEWAY,PAID,19950.00,2024-12-19 20:11:21
7000006343,1000006343,20241219,2160,1,,GATEWAY,PAID,54450.00,2024-12-19 20:51:53
7000006344,1000006344,20241219,1223,1,,GATEWAY,PAID,65340.00,2024-12-20 00:00:26
7000006345,1000006345,20241219,1776,1,,GATEWAY,FAILED,30540.00,
7000006346,1000006346,20241219,2161,1,,CARD,PAID,19650.00,2024-12-19 22:21:23
7000006347,1000006347,20241219,2163,1,,CARD,PAID,33870.00,2024-12-19 22:43:35
7000006348,1000006348,20241219,2164,1,,CARD,PAID,135762.00,2024-12-19 23:29:00
7000006349,1000006349,20241220,884,1,,GATEWAY,PAID,30540.00,2024-12-20 00:16:44
7000006350,1000006350,20241220,1485,1,,GATEWAY,PAID,54450.00,2024-12-20 01:29:07
7000006351,1000006351,20241220,1454,1,,GATEWAY,PAID,48390.00,2024-12-20 12:01:44
7000006352,1000006352,20241220,1051,1,,GATEWAY,REFUNDED,30540.00,2024-12-20 07:01:23
7000006353,1000006353,20241220,497,1,,CARD,PAID,33870.00,2024-12-20 08:25:21
7000006354,1000006354,20241220,1681,1,,GATEWAY,PAID,37800.00,2024-12-20 09:49:28
7000006357,1000006357,20241220,1189,1,,CARD,PAID,19950.00,2024-12-20 12:40:12
7000006358,1000006358,20241220,2165,1,,CARD,PAID,19650.00,2024-12-20 13:01:23
7000006362,1000006362,20241220,1279,1,,CARD,PAID,30540.00,2024-12-20 13:53:29
7000006364,1000006364,20241220,635,1,,CARD,PAID,15720.00,2024-12-20 14:27:44
7000006367,1000006367,20241220,281,1,,CARD,PAID,37500.00,2024-12-20 14:58:38
7000006368,1000006368,20241220,715,1,,CARD,PAID,16020.00,2024-12-20 15:21:36
7000006369,1000006369,20241220,944,1,,CARD,PAID,19350.00,2024-12-20 15:55:07
7000006376,1000006376,20241220,2169,1,,CARD,PAID,15720.00,2024-12-20 16:47:39
7000006378,1000006378,20241220,2171,1,,GATEWAY,PAID,72600.00,2024-12-20 18:28:51
7000006380,1000006380,20241220,2021,1,,GATEWAY,PAID,30840.00,2024-12-20 18:24:44
7000006387,1000006387,20241220,1966,1,,CARD,REFUNDED,44760.00,2024-12-20 20:56:35
7000006388,1000006388,20241220,909,1,,GATEWAY,PAID,54450.00,2024-12-20 21:26:12
7000006389,1000006389,20241220,789,1,,GATEWAY,REFUNDED,76230.00,2024-12-20 22:47:07
7000006390,1000006390,20241220,1008,1,,GATEWAY,FAILED,76230.00,
7000006391,1000006391,20241221,20,1,,CARD,PAID,52020.00,2024-12-21 00:08:03
7000006392,1000006392,20241221,1110,1,,GATEWAY,PAID,68970.00,2024-12-21 01:33:25
7000006393,1000006393,20241221,1733,1,,GATEWAY,PAID,65340.00,2024-12-21 03:41:16
7000006394,1000006394,20241221,2175,1,,CARD,PAID,33870.00,2024-12-21 05:53:16
7000006395,1000006395,20241221,2020,1,,GATEWAY,PAID,37500.00,2024-12-21 07:40:23
7000006396,1000006396,20241221,811,1,,CARD,PAID,15720.00,2024-12-21 09:26:21
7000006397,1000006397,20241221,1521,1,,CARD,FAILED,19350.00,
7000006398,1000006398,20241221,684,1,,CARD,PAID,19350.00,2024-12-21 11:22:29
7000006403,1000006403,20241221,1017,1,,CARD,REFUNDED,16020.00,2024-12-21 13:27:03
7000006404,1000006404,20241221,1834,1,,CARD,PAID,30540.00,2024-12-21 13:36:15
7000006406,1000006406,20241221,1607,1,,GATEWAY,PAID,19650.00,2024-12-21 14:27:05
7000006407,1000006407,20241221,3,1,,GATEWAY,PAID,19650.00,2024-12-21 14:55:57
7000006422,1000006422,20241221,2179,1,,GATEWAY,FAILED,30540.00,
7000006423,1000006423,20241221,1924,1,,CARD,PAID,58080.00,2024-12-21 20:09:35
7000006424,1000006424,20241221,2049,1,,GATEWAY,REFUNDED,19950.00,2024-12-23 20:55:33
7000006425,1000006425,20241221,2180,1,,CARD,PAID,30240.00,2024-12-21 20:27:34
7000006426,1000006426,20241221,1412,1,,GATEWAY,PAID,15720.00,2024-12-21 21:41:56
7000006427,1000006427,20241222,115,1,,CARD,PAID,15720.00,2024-12-22 09:28:44
7000006428,1000006428,20241222,89,1,,GATEWAY,PAID,42882.00,2024-12-22 10:05:56
7000006429,1000006429,20241222,357,1,,CARD,PAID,48390.00,2024-12-22 10:24:19
7000006430,1000006430,20241222,844,1,,CARD,PAID,30240.00,2024-12-22 11:15:48
7000006431,1000006431,20241222,460,1,,GATEWAY,PAID,19350.00,2024-12-22 11:23:30
7000006432,1000006432,20241222,1149,1,,CARD,PAID,38100.00,2024-12-22 12:38:58
7000006433,1000006433,20241222,2181,1,,CARD,PAID,15720.00,2024-12-22 12:50:55
7000006434,1000006434,20241222,2182,1,,CARD,PAID,15720.00,2024-12-22 16:08:21
7000006435,1000006435,20241222,872,1,,CARD,PAID,52620.00,2024-12-22 17:59:17
7000006436,1000006436,20241222,2183,1,,GATEWAY,PAID,15720.00,2024-12-22 19:13:16
7000006437,1000006437,20241222,1914,1,,CARD,PAID,30540.00,2024-12-22 19:54:27
7000006438,1000006438,20241222,2184,1,,GATEWAY,PAID,30240.00,2024-12-22 20:04:50
7000006439,1000006439,20241222,45,1,,CARD,PAID,34170.00,2024-12-22 22:26:07
7000006440,1000006440,20241223,653,1,,GATEWAY,PAID,18742.50,2024-12-23 00:17:01
7000006441,1000006441,20241223,591,1,,CARD,PAID,30840.00,2024-12-23 07:39:59
7000006442,1000006442,20241223,977,1,,CARD,PAID,30540.00,2024-12-23 08:49:03
7000006443,1000006443,20241223,799,1,,GATEWAY,PAID,19350.00,2024-12-23 09:52:30
7000006444,1000006444,20241223,133,1,,GATEWAY,PAID,15720.00,2024-12-23 10:19:22
7000006445,1000006445,20241223,1408,1,,CARD,PAID,19650.00,2024-12-23 10:23:31
7000006446,1000006446,20241223,1239,1,,CARD,PAID,33870.00,2024-12-23 10:53:51
7000006447,1000006447,20241223,513,1,,CARD,PAID,98010.00,2024-12-23 10:57:55
7000006448,1000006448,20241223,1969,1,,GATEWAY,PAID,19350.00,2024-12-23 11:09:35
7000006449,1000006449,20241223,249,1,,CARD,PAID,19650.00,2024-12-23 11:27:56
7000006450,1000006450,20241223,2185,1,,GATEWAY,PAID,33870.00,2024-12-23 11:36:03
7000006452,1000006452,20241223,120,1,,GATEWAY,FAILED,16320.00,
7000006454,1000006454,20241223,1795,1,,CARD,REFUNDED,62073.00,2024-12-23 14:12:49
7000006458,1000006458,20241223,2069,1,,CARD,FAILED,16020.00,
7000006459,1000006459,20241223,768,1,,GATEWAY,PAID,30540.00,2024-12-25 07:27:47
7000006460,1000006460,20241223,399,1,,GATEWAY,PAID,34170.00,2024-12-23 16:24:42
7000006462,1000006462,20241223,1476,1,,GATEWAY,FAILED,48990.00,
7000006464,1000006464,20241223,1330,1,,GATEWAY,REFUNDED,45060.00,2024-12-23 18:18:46
7000006465,1000006465,20241223,300,1,,CARD,PAID,19650.00,2024-12-23 18:31:12
7000006466,1000006466,20241223,1361,1,,CARD,PAID,19350.00,2024-12-23 18:44:36
7000006469,1000006469,20241223,2186,1,,CARD,PAID,37800.00,2024-12-23 19:20:36
7000006470,1000006470,20241223,152,1,,CARD,PAID,83490.00,2024-12-23 19:40:49
7000006472,1000006472,20241223,1129,1,,CARD,PAID,38100.00,2024-12-23 20:20:40
7000006474,1000006474,20241223,1851,1,,CARD,REFUNDED,38100.00,2024-12-23 20:33:59
7000006476,1000006476,20241223,2188,1,,GATEWAY,PAID,19650.00,2024-12-26 08:23:37
7000006477,1000006477,20241223,2187,1,,CARD,PAID,54450.00,2024-12-23 21:32:23
7000006478,1000006478,20241223,330,1,,CARD,PAID,37500.00,2024-12-23 22:38:29
7000006479,1000006479,20241224,2189,1,,CARD,PAID,27936.00,2024-12-24 00:06:55
7000006480,1000006480,20241224,1172,1,,CARD,PAID,18135.00,2024-12-24 00:23:28
7000006481,1000006481,20241224,2047,1,,CARD,PAID,50505.00,2024-12-24 02:02:30
7000006482,1000006482,20241224,2190,1,,GATEWAY,PAID,19350.00,2024-12-24 07:41:46
7000006483,1000006483,20241224,1794,1,,GATEWAY,PAID,65340.00,2024-12-24 08:24:51
7000006484,1000006484,20241224,1650,1,,GATEWAY,PAID,15720.00,2024-12-24 13:37:06
7000006485,1000006485,20241224,122,1,,GATEWAY,PAID,72600.00,2024-12-24 11:08:04
7000006487,1000006487,20241224,696,1,,GATEWAY,PAID,19650.00,2024-12-25 15:55:41
7000006489,1000006489,20241224,1237,1,,CARD,REFUNDED,19350.00,2024-12-24 12:18:01
7000006490,1000006490,20241224,165,1,,GATEWAY,PAID,19650.00,2024-12-24 12:56:31
7000006492,1000006492,20241224,2193,1,,CARD,PAID,30240.00,2024-12-24 13:24:39
7000006494,1000006494,20241224,2194,1,,CARD,PAID,30240.00,2024-12-24 13:40:35
7000006500,1000006500,20241224,2071,1,,CARD,PAID,30603.00,2024-12-24 16:44:30
7000006504,1000006504,20241224,2197,1,,CARD,PAID,37800.00,2024-12-24 17:57:58
7000006507,1000006507,20241224,1329,1,,CARD,PAID,54450.00,2024-12-24 18:42:33
7000006510,1000006510,20241224,1091,1,,CARD,FAILED,17535.00,
7000006511,1000006511,20241224,2201,1,,CARD,PAID,15720.00,2024-12-24 21:01:10
7000006512,1000006512,20241224,2117,1,,CARD,REFUNDED,32536.50,2024-12-24 21:22:54
7000006513,1000006513,20241224,2202,1,,CARD,PAID,34470.00,2024-12-24 22:11:28
7000006514,1000006514,20241224,1509,1,,GATEWAY,FAILED,98736.00,
7000006515,1000006515,20241224,1515,1,,GATEWAY,PAID,17535.00,2024-12-24 22:39:23
7000006516,1000006516,20241224,1068,1,,GATEWAY,REFUNDED,52020.00,2024-12-25 01:30:29
7000006517,1000006517,20241224,2203,1,,CARD,REFUNDED,16020.00,2024-12-24 22:56:08
7000006518,1000006518,20241224,1870,1,,CARD,PAID,34170.00,2024-12-24 22:57:55
7000006519,1000006519,20241224,1991,1,,GATEWAY,PAID,19650.00,2024-12-24 23:54:05
7000006520,1000006520,20241225,1921,1,,GATEWAY,PAID,16320.00,2024-12-25 00:09:26
7000006521,1000006521,20241225,2204,1,,GATEWAY,PAID,19650.00,2024-12-25 06:14:07
7000006522,1000006522,20241225,1685,1,,GATEWAY,PAID,37800.00,2024-12-25 08:56:49
7000006523,1000006523,20241225,11,1,,CARD,PAID,19650.00,2024-12-25 12:40:13
7000006524,1000006524,20241225,1724,1,,CARD,PAID,19350.00,2024-12-25 15:23:51
7000006525,1000006525,20241225,2205,1,,GATEWAY,PAID,33870.00,2024-12-25 15:29:26
7000006526,1000006526,20241225,1876,1,,CARD,PAID,15720.00,2024-12-25 17:54:05
7000006527,1000006527,20241225,1389,1,,CARD,PAID,19350.00,2024-12-25 20:14:18
7000006528,1000006528,20241225,764,1,,CARD,PAID,33870.00,2024-12-25 21:07:16
7000006529,1000006529,20241225,2114,1,,CARD,PAID,44760.00,2024-12-25 23:24:39
7000006530,1000006530,20241225,1313,1,,CARD,PAID,19650.00,2024-12-25 23:54:34
7000006531,1000006531,20241226,1835,1,,GATEWAY,PAID,48690.00,2024-12-26 00:38:14
7000006532,1000006532,20241226,496,1,,GATEWAY,PAID,14994.00,2024-12-26 09:22:55
7000006533,1000006533,20241226,2206,1,,CARD,PAID,18442.50,2024-12-26 10:58:29
7000006535,1000006535,20241226,1624,1,,CARD,PAID,19650.00,2024-12-26 16:43:07
7000006536,1000006536,20241226,1944,1,,GATEWAY,PAID,30240.00,2024-12-26 17:12:47
7000006537,1000006537,20241226,1972,1,,GATEWAY,FAILED,72600.00,
7000006541,1000006541,20241226,2208,1,,CARD,PAID,33870.00,2024-12-26 19:20:43
7000006543,1000006543,20241226,457,1,,CARD,PAID,38100.00,2024-12-26 19:36:09
7000006544,1000006544,20241226,2209,1,,GATEWAY,PAID,19950.00,2024-12-26 20:10:04
7000006545,1000006545,20241226,759,1,,GATEWAY,PAID,30240.00,2024-12-26 23:14:02
7000006546,1000006546,20241227,2210,1,,CARD,PAID,15720.00,2024-12-27 00:10:25
7000006547,1000006547,20241227,633,1,,GATEWAY,PAID,37800.00,2024-12-27 01:13:10
7000006551,1000006551,20241227,2213,1,,CARD,PAID,58080.00,2024-12-27 13:20:52
7000006555,1000006555,20241227,1294,1,,GATEWAY,PAID,61710.00,2024-12-27 19:22:53
7000006556,1000006556,20241227,2216,1,,CARD,PAID,16020.00,2024-12-27 15:15:12
7000006558,1000006558,20241227,2217,1,,CARD,REFUNDED,34170.00,2024-12-27 17:01:53
7000006559,1000006559,20241227,1654,1,,CARD,PAID,19950.00,2024-12-27 18:12:26
7000006560,1000006560,20241227,2218,1,,GATEWAY,PAID,19350.00,2024-12-27 18:38:33
7000006563,1000006563,20241227,547,1,,CARD,PAID,18442.50,2024-12-27 21:13:57
7000006564,1000006564,20241227,1169,1,,GATEWAY,PAID,52620.00,2024-12-27 21:23:58
7000006565,1000006565,20241227,1038,1,,CARD,PAID,302379.00,2024-12-27 21:36:27
7000006566,1000006566,20241227,1637,1,,GATEWAY,PAID,15720.00,2024-12-27 21:55:25
7000006567,1000006567,20241227,756,1,,CARD,PAID,16020.00,2024-12-27 22:06:07
7000006568,1000006568,20241227,2221,1,,CARD,PAID,48690.00,2024-12-27 23:11:47
7000006569,1000006569,20241228,2222,1,,CARD,PAID,48690.00,2024-12-28 08:43:00
7000006573,1000006573,20241228,952,1,,CARD,PAID,19350.00,2024-12-28 12:50:41
7000006580,1000006580,20241228,1538,1,,CARD,PAID,37800.00,2024-12-28 16:58:19
7000006583,1000006583,20241228,2226,1,,CARD,PAID,19350.00,2024-12-28 18:14:39
7000006588,1000006588,20241228,869,1,,GATEWAY,PAID,30240.00,2024-12-28 19:56:18
7000006589,1000006589,20241228,373,1,,CARD,REFUNDED,48990.00,2024-12-28 20:08:06
7000006592,1000006592,20241228,2227,1,,CARD,PAID,52020.00,2024-12-28 20:44:32
7000006593,1000006593,20241228,1117,1,,CARD,PAID,15720.00,2024-12-28 20:52:05
7000006594,1000006594,20241228,2229,1,,GATEWAY,PAID,48390.00,2024-12-29 02:53:00
7000006595,1000006595,20241228,2230,1,,GATEWAY,PAID,48390.00,2024-12-28 21:46:24
7000006596,1000006596,20241228,1570,1,,CARD,PAID,68970.00,2024-12-28 23:41:26
7000006597,1000006597,20241229,1916,1,,GATEWAY,PAID,30240.00,2024-12-29 04:20:22
7000006598,1000006598,20241229,2087,1,,GATEWAY,PAID,65340.00,2024-12-29 13:30:48
7000006599,1000006599,20241229,2232,1,,CARD,PAID,19650.00,2024-12-29 14:19:53
7000006600,1000006600,20241229,420,1,,CARD,PAID,15720.00,2024-12-29 16:28:05
7000006601,1000006601,20241229,1636,1,,GATEWAY,PAID,19650.00,2024-12-29 17:56:51
7000006602,1000006602,20241229,125,1,,GATEWAY,PAID,19650.00,2024-12-29 18:34:04
7000006603,1000006603,20241229,2234,1,,CARD,PAID,37500.00,2024-12-29 19:45:16
7000006604,1000006604,20241229,2235,1,,CARD,PAID,16020.00,2024-12-29 21:56:33
7000006605,1000006605,20241230,741,1,,GATEWAY,FAILED,18742.50,
7000006606,1000006606,20241230,1057,1,,GATEWAY,PAID,16020.00,2024-12-30 09:56:27
7000006609,1000006609,20241230,2236,1,,CARD,FAILED,37500.00,
7000006610,1000006610,20241230,2237,1,,CARD,PAID,42582.00,2024-12-30 11:12:09
7000006611,1000006611,20241230,2238,1,,CARD,PAID,112530.00,2024-12-30 12:36:05
7000006613,1000006613,20241230,359,1,,GATEWAY,PAID,30540.00,2024-12-31 16:55:51
7000006614,1000006614,20241230,65,1,,CARD,PAID,52020.00,2024-12-30 17:38:50
7000006615,1000006615,20241230,1663,1,,GATEWAY,PAID,19950.00,2024-12-30 17:51:49
7000006618,1000006618,20241230,1448,1,,CARD,PAID,45060.00,2024-12-30 20:21:35
7000006619,1000006619,20241230,1125,1,,GATEWAY,PAID,19650.00,2024-12-30 21:49:28
7000006620,1000006620,20241230,636,1,,CARD,PAID,34470.00,2024-12-30 23:25:22
7000006621,1000006621,20241230,1827,1,,CARD,PAID,16020.00,2024-12-30 23:57:02
7000006622,1000006622,20241231,1054,1,,CARD,PAID,65340.00,2024-12-31 05:08:54
7000006624,1000006624,20241231,1885,1,,CARD,PAID,19950.00,2024-12-31 10:36:47
7000006625,1000006625,20241231,1905,1,,GATEWAY,PAID,19950.00,2025-01-02 05:36:26
7000006631,1000006631,20241231,708,1,,CARD,PAID,15720.00,2024-12-31 14:58:00
7000006634,1000006634,20241231,1955,1,,GATEWAY,PAID,19350.00,2025-01-02 07:34:47
7000006635,1000006635,20241231,1142,1,,GATEWAY,PAID,58080.00,2024-12-31 21:12:43
7000006636,1000006636,20241231,1286,1,,GATEWAY,PAID,15720.00,2024-12-31 22:05:08
7000006637,1000006637,20241231,2242,1,,GATEWAY,PAID,19350.00,2024-12-31 23:06:52
7000006638,1000006638,20250101,335,1,,GATEWAY,PAID,38100.00,2025-01-01 07:00:59
7000006639,1000006639,20250101,1449,1,,GATEWAY,PAID,37500.00,2025-01-03 13:16:07
7000006640,1000006640,20250101,622,1,,CARD,PAID,15294.00,2025-01-01 11:13:19
7000006641,1000006641,20250101,1135,1,,GATEWAY,PAID,19350.00,2025-01-01 18:37:57
7000006642,1000006642,20250101,2102,1,,CARD,PAID,16020.00,2025-01-01 12:43:30
7000006643,1000006643,20250101,179,1,,CARD,PAID,19650.00,2025-01-01 13:45:43
7000006644,1000006644,20250101,1526,1,,GATEWAY,FAILED,15720.00,
7000006645,1000006645,20250101,2243,1,,CARD,PAID,130680.00,2025-01-01 16:24:23
7000006646,1000006646,20250101,2244,1,,CARD,PAID,16320.00,2025-01-01 16:36:05
7000006647,1000006647,20250101,1118,1,,CARD,PAID,15720.00,2025-01-01 19:22:34
7000006648,1000006648,20250101,1360,1,,CARD,PAID,15720.00,2025-01-01 19:58:32
7000006649,1000006649,20250101,2245,1,,CARD,PAID,16020.00,2025-01-01 21:16:12
7000006650,1000006650,20250101,1285,1,,CARD,PAID,16020.00,2025-01-01 21:52:24
7000006651,1000006651,20250101,998,1,,GATEWAY,PAID,30240.00,2025-01-01 22:53:48
7000006652,1000006652,20250101,2246,1,,CARD,PAID,72600.00,2025-01-01 22:53:18
7000006653,1000006653,20250102,1400,1,,GATEWAY,PAID,19650.00,2025-01-02 02:48:46
7000006654,1000006654,20250102,210,1,,GATEWAY,PAID,55176.00,2025-01-02 11:16:04
7000006656,1000006656,20250102,1256,1,,CARD,PAID,48390.00,2025-01-02 11:51:23
7000006658,1000006658,20250102,2248,1,,GATEWAY,PAID,65340.00,2025-01-02 12:10:08
7000006659,1000006659,20250102,374,1,,GATEWAY,PAID,19350.00,2025-01-03 00:35:01
7000006660,1000006660,20250102,1404,1,,CARD,PAID,38100.00,2025-01-02 12:56:46
7000006661,1000006661,20250102,351,1,,GATEWAY,PAID,19350.00,2025-01-02 13:11:21
7000006664,1000006664,20250102,644,1,,GATEWAY,PAID,16020.00,2025-01-02 15:50:43
7000006665,1000006665,20250102,1867,1,,CARD,FAILED,28788.00,
7000006669,1000006669,20250102,513,1,,CARD,PAID,54450.00,2025-01-02 18:06:29
7000006671,1000006671,20250102,1253,1,,CARD,PAID,34170.00,2025-01-02 19:31:28
7000006673,1000006673,20250102,1595,1,,GATEWAY,PAID,16020.00,2025-01-02 22:00:20
7000006674,1000006674,20250103,1247,1,,GATEWAY,PAID,19350.00,2025-01-03 10:04:10
7000006676,1000006676,20250103,279,1,,GATEWAY,FAILED,16020.00,
7000006678,1000006678,20250103,2254,1,,GATEWAY,PAID,19350.00,2025-01-03 11:53:14
7000006687,1000006687,20250103,1980,1,,CARD,PAID,19650.00,2025-01-03 18:42:53
7000006689,1000006689,20250103,543,1,,GATEWAY,PAID,52320.00,2025-01-03 19:36:00
7000006691,1000006691,20250103,2187,1,,GATEWAY,PAID,30540.00,2025-01-03 20:55:12
7000006692,1000006692,20250103,1257,1,,GATEWAY,PAID,45060.00,2025-01-03 23:29:23
7000006693,1000006693,20250104,108,1,,CARD,PAID,72600.00,2025-01-04 00:36:31
7000006694,1000006694,20250104,2258,1,,GATEWAY,PAID,19350.00,2025-01-04 07:08:57
7000006695,1000006695,20250104,1802,1,,GATEWAY,PAID,61710.00,2025-01-04 09:43:10
7000006697,1000006697,20250104,2260,1,,GATEWAY,PAID,54450.00,2025-01-04 12:48:38
7000006702,1000006702,20250104,2262,1,,CARD,PAID,72600.00,2025-01-04 13:37:00
7000006704,1000006704,20250104,1466,1,,GATEWAY,PAID,19650.00,2025-01-04 14:34:15
7000006712,1000006712,20250104,2265,1,,GATEWAY,PAID,65340.00,2025-01-04 18:13:14
7000006715,1000006715,20250104,2267,1,,GATEWAY,PAID,15720.00,2025-01-04 19:20:27
7000006717,1000006717,20250104,1365,1,,GATEWAY,PAID,19650.00,2025-01-04 19:46:13
7000006718,1000006718,20250104,16,1,,GATEWAY,PAID,16020.00,2025-01-04 20:36:30
7000006719,1000006719,20250104,1359,1,,GATEWAY,PAID,54450.00,2025-01-05 09:51:33
7000006720,1000006720,20250104,58,1,,GATEWAY,PAID,37500.00,2025-01-04 22:48:25
7000006721,1000006721,20250104,785,1,,GATEWAY,PAID,44760.00,2025-01-04 23:03:26
7000006722,1000006722,20250104,1189,1,,GATEWAY,FAILED,54450.00,
7000006723,1000006723,20250105,1437,1,,GATEWAY,PAID,37800.00,2025-01-05 02:34:40
7000006724,1000006724,20250105,1248,1,,CARD,REFUNDED,19650.00,2025-01-05 04:42:33
7000006725,1000006725,20250105,1967,1,,GATEWAY,PAID,19350.00,2025-01-05 09:03:52
7000006726,1000006726,20250105,301,1,,CARD,FAILED,15720.00,
7000006727,1000006727,20250105,1175,1,,CARD,PAID,54450.00,2025-01-05 14:08:46
7000006728,1000006728,20250105,1580,1,,CARD,PAID,30240.00,2025-01-05 14:19:32
7000006729,1000006729,20250105,751,1,,CARD,PAID,16020.00,2025-01-05 14:49:07
7000006730,1000006730,20250105,1510,1,,CARD,PAID,45060.00,2025-01-05 15:21:39
7000006731,1000006731,20250105,1949,1,,CARD,PAID,15720.00,2025-01-05 16:12:49
7000006732,1000006732,20250105,2269,1,,CARD,PAID,37500.00,2025-01-05 16:30:52
7000006733,1000006733,20250105,1145,1,,CARD,PAID,37500.00,2025-01-05 18:12:28
7000006734,1000006734,20250105,1465,1,,CARD,PAID,16020.00,2025-01-05 18:49:40
7000006735,1000006735,20250105,567,1,,CARD,PAID,30240.00,2025-01-05 19:37:50
7000006736,1000006736,20250105,1244,1,,CARD,PAID,33870.00,2025-01-05 19:47:21
7000006737,1000006737,20250105,2097,1,,CARD,PAID,33870.00,2025-01-05 19:56:59
7000006738,1000006738,20250105,1903,1,,GATEWAY,PAID,16020.00,2025-01-05 20:44:49
7000006739,1000006739,20250105,671,1,,CARD,PAID,35685.00,2025-01-05 22:36:47
7000006740,1000006740,20250105,1736,1,,CARD,FAILED,19350.00,
7000006741,1000006741,20250106,2270,1,,CARD,PAID,33870.00,2025-01-06 00:41:21
7000006742,1000006742,20250106,1865,1,,GATEWAY,PAID,19650.00,2025-01-06 04:01:57
7000006743,1000006743,20250106,1660,1,,CARD,PAID,94380.00,2025-01-06 07:04:26
7000006744,1000006744,20250106,1584,1,,GATEWAY,PAID,19350.00,2025-01-06 12:18:43
7000006745,1000006745,20250106,2060,1,,CARD,PAID,30240.00,2025-01-06 12:33:08
7000006748,1000006748,20250106,184,1,,CARD,FAILED,33870.00,
7000006750,1000006750,20250106,2,1,,GATEWAY,PAID,16020.00,2025-01-06 15:07:30
7000006751,1000006751,20250106,2273,1,,GATEWAY,PAID,19350.00,2025-01-06 15:49:52
7000006753,1000006753,20250106,2274,1,,GATEWAY,PAID,37800.00,2025-01-06 16:16:19
7000006759,1000006759,20250106,284,1,,GATEWAY,PAID,65340.00,2025-01-07 19:02:22
7000006760,1000006760,20250106,586,1,,CARD,PAID,33870.00,2025-01-06 19:34:12
7000006761,1000006761,20250106,1304,1,,CARD,PAID,34170.00,2025-01-06 19:44:06
7000006762,1000006762,20250106,1143,1,,CARD,PAID,19950.00,2025-01-06 22:12:35
7000006763,1000006763,20250107,2278,1,,GATEWAY,PAID,54450.00,2025-01-07 08:09:40
7000006764,1000006764,20250107,2277,1,,GATEWAY,PAID,19350.00,2025-01-07 08:12:41
7000006765,1000006765,20250107,344,1,,CARD,PAID,48690.00,2025-01-07 09:48:02
7000006766,1000006766,20250107,2279,1,,GATEWAY,PAID,48990.00,2025-01-07 10:25:16
7000006767,1000006767,20250107,639,1,,CARD,PAID,15720.00,2025-01-07 10:24:00
7000006768,1000006768,20250107,1606,1,,CARD,REFUNDED,61710.00,2025-01-07 11:08:31
7000006770,1000006770,20250107,1605,1,,CARD,PAID,48990.00,2025-01-07 12:59:59
7000006771,1000006771,20250107,2280,1,,CARD,PAID,16020.00,2025-01-07 13:11:50
7000006773,1000006773,20250107,1505,1,,GATEWAY,PAID,19350.00,2025-01-07 17:31:57
7000006776,1000006776,20250107,2281,1,,GATEWAY,PAID,19650.00,2025-01-07 20:04:26
7000006778,1000006778,20250107,2282,1,,CARD,PAID,15720.00,2025-01-07 20:25:11
7000006779,1000006779,20250107,2283,1,,CARD,PAID,19350.00,2025-01-07 21:12:31
7000006780,1000006780,20250107,2076,1,,CARD,PAID,15720.00,2025-01-07 21:18:49
7000006781,1000006781,20250107,2182,1,,CARD,PAID,54450.00,2025-01-07 21:16:32
7000006782,1000006782,20250107,1728,1,,CARD,PAID,30240.00,2025-01-07 21:21:22
7000006783,1000006783,20250107,840,1,,GATEWAY,PAID,37800.00,2025-01-07 21:50:03
7000006784,1000006784,20250108,249,1,,GATEWAY,PAID,19650.00,2025-01-08 06:34:00
7000006785,1000006785,20250108,1537,1,,CARD,PAID,16020.00,2025-01-08 08:17:42
7000006789,1000006789,20250108,2284,1,,GATEWAY,PAID,76230.00,2025-01-08 12:08:11
7000006790,1000006790,20250108,930,1,,CARD,PAID,19350.00,2025-01-08 12:31:30
7000006791,1000006791,20250108,2285,1,,CARD,PAID,38100.00,2025-01-08 13:09:05
7000006792,1000006792,20250108,788,1,,CARD,PAID,30840.00,2025-01-08 13:11:42
7000006796,1000006796,20250108,42,1,,GATEWAY,PAID,15720.00,2025-01-08 15:56:11
7000006798,1000006798,20250108,618,1,,CARD,PAID,34470.00,2025-01-08 18:11:57
7000006802,1000006802,20250108,1823,1,,CARD,PAID,19950.00,2025-01-08 22:00:19
7000006803,1000006803,20250108,398,1,,CARD,PAID,19350.00,2025-01-08 23:31:41
7000006804,1000006804,20250109,577,1,,GATEWAY,PAID,61710.00,2025-01-09 01:54:35
7000006805,1000006805,20250109,2288,1,,CARD,PAID,19950.00,2025-01-09 09:44:35
7000006806,1000006806,20250109,1266,1,,GATEWAY,PAID,19650.00,2025-01-09 11:48:52
7000006809,1000006809,20250109,1238,1,,CARD,PAID,30240.00,2025-01-09 13:44:53
7000006811,1000006811,20250109,1102,1,,CARD,PAID,19350.00,2025-01-09 16:02:28
7000006812,1000006812,20250109,254,1,,CARD,PAID,35985.00,2025-01-09 16:39:42
7000006813,1000006813,20250109,517,1,,GATEWAY,PAID,87120.00,2025-01-09 17:47:21
7000006814,1000006814,20250109,2186,1,,CARD,PAID,54450.00,2025-01-09 17:39:40
7000006816,1000006816,20250109,2005,1,,CARD,PAID,30540.00,2025-01-09 20:57:27
7000006818,1000006818,20250109,1955,1,,CARD,PAID,37500.00,2025-01-09 22:47:38
7000006819,1000006819,20250109,44,1,,CARD,FAILED,76230.00,
7000006820,1000006820,20250109,853,1,,CARD,PAID,19650.00,2025-01-09 22:57:09
7000006821,1000006821,20250110,2103,1,,CARD,PAID,30840.00,2025-01-10 12:29:11
7000006822,1000006822,20250110,1913,1,,GATEWAY,FAILED,16020.00,
7000006825,1000006825,20250110,2289,1,,CARD,PAID,34170.00,2025-01-10 13:58:54
7000006832,1000006832,20250110,2292,1,,CARD,FAILED,215985.00,
7000006837,1000006837,20250110,27,1,,CARD,PAID,19650.00,2025-01-10 21:02:00
7000006838,1000006838,20250110,2293,1,,CARD,PAID,52020.00,2025-01-10 22:20:21
7000006839,1000006839,20250110,1971,1,,GATEWAY,PAID,15720.00,2025-01-10 22:44:37
7000006840,1000006840,20250110,2294,1,,CARD,PAID,34170.00,2025-01-10 23:41:46
7000006841,1000006841,20250111,2295,1,,GATEWAY,PAID,98736.00,2025-01-11 04:06:22
7000006842,1000006842,20250111,2296,1,,GATEWAY,PAID,16020.00,2025-01-11 01:50:21
7000006843,1000006843,20250111,1851,1,,GATEWAY,PAID,38100.00,2025-01-11 07:46:00
7000006857,1000006857,20250111,1859,1,,CARD,PAID,19650.00,2025-01-11 19:18:09
7000006858,1000006858,20250111,15,1,,GATEWAY,PAID,19350.00,2025-01-11 20:10:59
7000006860,1000006860,20250111,2300,1,,GATEWAY,PAID,37500.00,2025-01-12 01:40:04
7000006861,1000006861,20250112,2301,1,,GATEWAY,PAID,68970.00,2025-01-12 11:50:42
7000006862,1000006862,20250112,2079,1,,CARD,PAID,30240.00,2025-01-12 13:19:04
7000006863,1000006863,20250112,2302,1,,CARD,PAID,37800.00,2025-01-12 13:25:11
7000006864,1000006864,20250112,308,1,,GATEWAY,PAID,37800.00,2025-01-14 18:06:53
7000006865,1000006865,20250112,480,1,,GATEWAY,PAID,16020.00,2025-01-12 15:28:44
7000006866,1000006866,20250112,1350,1,,CARD,PAID,34170.00,2025-01-12 16:09:03
7000006867,1000006867,20250112,2303,1,,CARD,PAID,15720.00,2025-01-12 16:40:31
7000006868,1000006868,20250112,1776,1,,CARD,PAID,54450.00,2025-01-12 17:58:38
7000006869,1000006869,20250112,969,1,,CARD,PAID,54450.00,2025-01-12 21:04:51
7000006870,1000006870,20250112,1600,1,,GATEWAY,PAID,72600.00,2025-01-12 22:24:23
7000006871,1000006871,20250112,161,1,,GATEWAY,PAID,16020.00,2025-01-13 20:48:11
7000006872,1000006872,20250112,2305,1,,CARD,PAID,83490.00,2025-01-12 22:31:30
7000006873,1000006873,20250112,1375,1,,CARD,PAID,35685.00,2025-01-12 22:33:30
7000006874,1000006874,20250112,545,1,,CARD,PAID,19650.00,2025-01-12 22:39:53
7000006875,1000006875,20250112,630,1,,GATEWAY,PAID,19042.50,2025-01-13 02:54:08
7000006876,1000006876,20250113,2019,1,,GATEWAY,PAID,72600.00,2025-01-13 01:15:13
7000006877,1000006877,20250113,65,1,,CARD,FAILED,32236.50,
7000006878,1000006878,20250113,1992,1,,GATEWAY,PAID,37500.00,2025-01-13 10:09:54
7000006879,1000006879,20250113,2306,1,,CARD,PAID,19350.00,2025-01-13 11:00:31
7000006883,1000006883,20250113,1526,1,,CARD,PAID,15720.00,2025-01-13 14:17:59
7000006891,1000006891,20250113,2307,1,,CARD,PAID,19350.00,2025-01-13 19:13:00
7000006894,1000006894,20250113,705,1,,GATEWAY,PAID,37800.00,2025-01-13 20:00:41
7000006895,1000006895,20250113,696,1,,GATEWAY,PAID,19650.00,2025-01-13 20:29:42
7000006896,1000006896,20250113,2059,1,,CARD,PAID,52320.00,2025-01-13 20:54:09
7000006897,1000006897,20250113,2308,1,,CARD,PAID,37500.00,2025-01-13 21:40:00
7000006898,1000006898,20250113,1876,1,,GATEWAY,PAID,19350.00,2025-01-13 21:57:13
7000006899,1000006899,20250114,1915,1,,GATEWAY,PAID,18135.00,2025-01-14 01:18:37
7000006900,1000006900,20250114,2139,1,,CARD,PAID,15720.00,2025-01-14 04:13:41
7000006901,1000006901,20250114,438,1,,CARD,PAID,15720.00,2025-01-14 10:19:29
7000006902,1000006902,20250114,1273,1,,CARD,PAID,50505.00,2025-01-14 10:41:13
7000006903,1000006903,20250114,889,1,,GATEWAY,PAID,19350.00,2025-01-14 11:35:38
7000006904,1000006904,20250114,1204,1,,GATEWAY,FAILED,61710.00,
7000006905,1000006905,20250114,1654,1,,CARD,FAILED,68970.00,
7000006906,1000006906,20250114,593,1,,CARD,PAID,38100.00,2025-01-14 13:13:07
7000006907,1000006907,20250114,463,1,,CARD,PAID,34170.00,2025-01-14 13:20:03
7000006908,1000006908,20250114,2310,1,,CARD,PAID,15720.00,2025-01-14 13:49:57
7000006910,1000006910,20250114,1393,1,,CARD,PAID,58806.00,2025-01-14 16:44:33
7000006913,1000006913,20250114,1135,1,,CARD,PAID,27336.00,2025-01-14 17:23:08
7000006919,1000006919,20250114,1845,1,,CARD,PAID,72600.00,2025-01-14 19:16:02
7000006922,1000006922,20250114,997,1,,GATEWAY,FAILED,45060.00,
7000006923,1000006923,20250115,2314,1,,GATEWAY,PAID,19650.00,2025-01-15 09:17:18
7000006924,1000006924,20250115,1847,1,,GATEWAY,PAID,19350.00,2025-01-15 09:37:55
7000006925,1000006925,20250115,1885,1,,CARD,PAID,30840.00,2025-01-15 12:29:39
7000006928,1000006928,20250115,2105,1,,CARD,PAID,19350.00,2025-01-15 14:26:42
7000006930,1000006930,20250115,1109,1,,CARD,REFUNDED,19950.00,2025-01-15 16:01:12
7000006931,1000006931,20250115,2316,1,,GATEWAY,PAID,19950.00,2025-01-15 16:11:30
7000006932,1000006932,20250115,1252,1,,GATEWAY,FAILED,54450.00,
7000006938,1000006938,20250115,991,1,,CARD,PAID,15720.00,2025-01-15 19:20:53
7000006942,1000006942,20250115,1824,1,,CARD,PAID,38100.00,2025-01-15 22:09:37
7000006943,1000006943,20250116,505,1,,GATEWAY,REFUNDED,30240.00,2025-01-16 05:37:37
7000006944,1000006944,20250116,995,1,,CARD,PAID,34170.00,2025-01-16 05:43:47
7000006948,1000006948,20250116,1604,1,,CARD,PAID,19650.00,2025-01-16 14:30:05
7000006949,1000006949,20250116,2320,1,,GATEWAY,PAID,54450.00,2025-01-16 14:57:47
7000006950,1000006950,20250116,1523,1,,CARD,PAID,19650.00,2025-01-16 15:11:11
7000006952,1000006952,20250116,2321,1,,GATEWAY,FAILED,52020.00,
7000006955,1000006955,20250116,2322,1,,GATEWAY,PAID,15720.00,2025-01-16 17:26:03
7000006957,1000006957,20250116,1884,1,,GATEWAY,PAID,48390.00,2025-01-16 17:53:17
7000006958,1000006958,20250116,299,1,,CARD,PAID,16020.00,2025-01-16 18:12:12
7000006959,1000006959,20250116,60,1,,CARD,PAID,48390.00,2025-01-16 18:18:55
7000006961,1000006961,20250116,348,1,,CARD,PAID,65340.00,2025-01-16 20:01:16
7000006962,1000006962,20250116,787,1,,CARD,PAID,15720.00,2025-01-16 20:06:00
7000006963,1000006963,20250116,251,1,,GATEWAY,PAID,48390.00,2025-01-17 00:03:30
7000006964,1000006964,20250116,1964,1,,CARD,PAID,52620.00,2025-01-16 20:33:14
7000006966,1000006966,20250116,1449,1,,CARD,REFUNDED,15720.00,2025-01-16 21:29:11
7000006967,1000006967,20250116,2323,1,,CARD,PAID,19350.00,2025-01-16 21:44:48
7000006968,1000006968,20250116,2226,1,,CARD,PAID,19350.00,2025-01-16 22:36:56
7000006969,1000006969,20250116,2324,1,,GATEWAY,REFUNDED,54450.00,2025-01-16 22:37:35
7000006970,1000006970,20250116,708,1,,GATEWAY,PAID,52020.00,2025-01-16 23:48:22
7000006972,1000006972,20250117,1970,1,,CARD,PAID,19650.00,2025-01-17 11:21:48
7000006973,1000006973,20250117,1785,1,,CARD,PAID,37800.00,2025-01-17 11:26:00
7000006976,1000006976,20250117,394,1,,GATEWAY,PAID,79315.50,2025-01-17 13:07:15
7000006977,1000006977,20250117,2325,1,,GATEWAY,PAID,19650.00,2025-01-17 13:23:33
7000006981,1000006981,20250117,2328,1,,CARD,REFUNDED,15720.00,2025-01-17 18:05:29
7000006982,1000006982,20250117,2329,1,,GATEWAY,PAID,16020.00,2025-01-17 18:22:47
7000006987,1000006987,20250117,1907,1,,GATEWAY,FAILED,30840.00,
7000006988,1000006988,20250117,113,1,,GATEWAY,PAID,19350.00,2025-01-17 22:31:18
7000006989,1000006989,20250117,2038,1,,CARD,PAID,19950.00,2025-01-17 22:44:55
7000006990,1000006990,20250117,2330,1,,CARD,PAID,44760.00,2025-01-17 22:55:05
7000006992,1000006992,20250118,2331,1,,CARD,PAID,72600.00,2025-01-18 10:43:13
7000006997,1000006997,20250118,306,1,,CARD,PAID,37500.00,2025-01-18 13:10:28
7000006999,1000006999,20250118,1674,1,,CARD,PAID,33870.00,2025-01-18 13:42:28
7000007002,1000007002,20250118,2210,1,,CARD,PAID,19350.00,2025-01-18 13:53:39
7000007008,1000007008,20250118,2093,1,,GATEWAY,PAID,30240.00,2025-01-18 19:22:45
7000007012,1000007012,20250118,1570,1,,GATEWAY,PAID,15720.00,2025-01-18 21:33:54
7000007013,1000007013,20250119,1555,1,,GATEWAY,PAID,37800.00,2025-01-19 00:23:04
7000007014,1000007014,20250119,74,1,,CARD,PAID,45360.00,2025-01-19 01:19:37
7000007015,1000007015,20250119,1819,1,,GATEWAY,PAID,48990.00,2025-01-19 08:01:29
7000007016,1000007016,20250119,1988,1,,GATEWAY,PAID,54450.00,2025-01-19 08:30:17
7000007017,1000007017,20250119,2335,1,,CARD,FAILED,34470.00,
7000007018,1000007018,20250119,2336,1,,GATEWAY,PAID,19950.00,2025-01-19 18:30:51
7000007019,1000007019,20250119,1866,1,,CARD,PAID,19650.00,2025-01-19 19:23:37
7000007020,1000007020,20250119,2337,1,,CARD,PAID,54450.00,2025-01-19 20:39:58
7000007021,1000007021,20250120,2338,1,,CARD,FAILED,19650.00,
7000007022,1000007022,20250120,1637,1,,CARD,PAID,19350.00,2025-01-20 03:51:31
7000007023,1000007023,20250120,2339,1,,CARD,PAID,37800.00,2025-01-20 05:31:50
7000007024,1000007024,20250120,1414,1,,GATEWAY,PAID,44760.00,2025-01-20 08:01:42
7000007025,1000007025,20250120,1361,1,,GATEWAY,PAID,15720.00,2025-01-20 09:08:07
7000007026,1000007026,20250120,2340,1,,CARD,PAID,19650.00,2025-01-20 10:09:19
7000007027,1000007027,20250120,2020,1,,CARD,PAID,19350.00,2025-01-20 10:39:39
7000007028,1000007028,20250120,567,1,,CARD,PAID,19350.00,2025-01-20 13:29:12
7000007029,1000007029,20250120,586,1,,CARD,PAID,30240.00,2025-01-20 13:33:26
7000007030,1000007030,20250120,1799,1,,GATEWAY,PAID,16020.00,2025-01-20 17:15:54
7000007031,1000007031,20250120,1351,1,,CARD,PAID,16020.00,2025-01-20 16:06:10
7000007032,1000007032,20250120,2050,1,,GATEWAY,FAILED,79860.00,
7000007033,1000007033,20250120,1272,1,,GATEWAY,FAILED,30540.00,
7000007035,1000007035,20250120,1150,1,,GATEWAY,PAID,37500.00,2025-01-20 18:04:10
7000007036,1000007036,20250120,2008,1,,CARD,PAID,98010.00,2025-01-20 18:18:48
7000007038,1000007038,20250120,2341,1,,CARD,PAID,72600.00,2025-01-20 18:31:55
7000007039,1000007039,20250120,768,1,,GATEWAY,PAID,18442.50,2025-01-20 18:46:27
7000007041,1000007041,20250120,2342,1,,CARD,PAID,19650.00,2025-01-20 18:55:26
7000007043,1000007043,20250120,1834,1,,CARD,PAID,16020.00,2025-01-20 21:04:10
7000007044,1000007044,20250120,2343,1,,GATEWAY,PAID,33870.00,2025-01-20 23:14:01
7000007045,1000007045,20250120,1512,1,,CARD,PAID,34170.00,2025-01-20 23:28:40
7000007046,1000007046,20250121,2344,1,,GATEWAY,PAID,15720.00,2025-01-24 06:23:12
7000007047,1000007047,20250121,2345,1,,CARD,PAID,30840.00,2025-01-21 08:29:18
7000007054,1000007054,20250121,2101,1,,GATEWAY,PAID,58080.00,2025-01-24 14:44:08
7000007056,1000007056,20250121,2346,1,,CARD,PAID,65340.00,2025-01-21 16:45:04
7000007057,1000007057,20250121,812,1,,GATEWAY,PAID,19650.00,2025-01-21 17:26:12
7000007059,1000007059,20250121,703,1,,CARD,PAID,37800.00,2025-01-21 19:21:08
7000007061,1000007061,20250121,2035,1,,CARD,PAID,19950.00,2025-01-21 22:54:50
7000007062,1000007062,20250121,652,1,,CARD,PAID,15720.00,2025-01-21 22:56:28
7000007063,1000007063,20250122,2348,1,,CARD,PAID,16020.00,2025-01-22 00:56:12
7000007064,1000007064,20250122,2350,1,,CARD,PAID,37500.00,2025-01-22 08:37:57
7000007069,1000007069,20250122,1182,1,,GATEWAY,PAID,54450.00,2025-01-23 11:34:26
7000007070,1000007070,20250122,1839,1,,CARD,PAID,19950.00,2025-01-22 13:56:51
7000007072,1000007072,20250122,2352,1,,CARD,PAID,19950.00,2025-01-22 15:27:14
7000007075,1000007075,20250122,2353,1,,CARD,PAID,54450.00,2025-01-22 16:14:38
7000007080,1000007080,20250122,1668,1,,CARD,PAID,19650.00,2025-01-22 19:25:41
7000007083,1000007083,20250122,1358,1,,GATEWAY,PAID,30240.00,2025-01-22 20:57:44
7000007084,1000007084,20250122,2357,1,,GATEWAY,PAID,19650.00,2025-01-22 22:03:15
7000007085,1000007085,20250122,161,1,,CARD,PAID,19650.00,2025-01-23 00:00:38
7000007086,1000007086,20250123,1750,1,,CARD,PAID,30540.00,2025-01-23 06:54:45
7000007087,1000007087,20250123,1815,1,,GATEWAY,FAILED,19650.00,
7000007088,1000007088,20250123,494,1,,CARD,PAID,19350.00,2025-01-23 10:22:26
7000007089,1000007089,20250123,1476,1,,CARD,REFUNDED,19042.50,2025-01-23 11:04:27
7000007090,1000007090,20250123,207,1,,GATEWAY,PAID,37500.00,2025-01-23 11:17:13
7000007091,1000007091,20250123,2057,1,,GATEWAY,PAID,54450.00,2025-01-23 11:53:32
7000007092,1000007092,20250123,1095,1,,CARD,PAID,18442.50,2025-01-23 11:56:02
7000007096,1000007096,20250123,793,1,,CARD,PAID,61710.00,2025-01-23 17:12:21
7000007099,1000007099,20250123,1007,1,,GATEWAY,PAID,52020.00,2025-01-23 19:33:47
7000007100,1000007100,20250123,2359,1,,GATEWAY,PAID,54450.00,2025-01-23 20:08:51
7000007102,1000007102,20250123,1320,1,,GATEWAY,PAID,45060.00,2025-01-23 21:20:23
7000007103,1000007103,20250123,1993,1,,GATEWAY,PAID,65340.00,2025-01-23 21:42:06
7000007104,1000007104,20250123,2054,1,,GATEWAY,PAID,19650.00,2025-01-23 23:03:28
7000007105,1000007105,20250124,1663,1,,CARD,PAID,30840.00,2025-01-24 01:45:49
7000007106,1000007106,20250124,633,1,,CARD,PAID,45060.00,2025-01-24 08:05:52
7000007107,1000007107,20250124,2006,1,,CARD,PAID,37800.00,2025-01-24 09:59:52
7000007108,1000007108,20250124,1978,1,,GATEWAY,PAID,37500.00,2025-01-25 00:42:08
7000007109,1000007109,20250124,1371,1,,GATEWAY,PAID,19650.00,2025-01-24 10:36:16
7000007110,1000007110,20250124,993,1,,CARD,PAID,54450.00,2025-01-24 11:14:23
7000007111,1000007111,20250124,706,1,,GATEWAY,PAID,48390.00,2025-01-24 11:37:51
7000007112,1000007112,20250124,1369,1,,GATEWAY,FAILED,19650.00,
7000007114,1000007114,20250124,1594,1,,GATEWAY,PAID,19650.00,2025-01-24 15:13:08
7000007122,1000007122,20250124,2364,1,,CARD,PAID,19650.00,2025-01-24 20:57:03
7000007123,1000007123,20250124,2154,1,,CARD,PAID,37500.00,2025-01-24 21:04:00
7000007124,1000007124,20250125,2365,1,,GATEWAY,FAILED,15594.00,
7000007128,1000007128,20250125,2058,1,,CARD,PAID,16020.00,2025-01-25 11:15:49
7000007131,1000007131,20250125,300,1,,GATEWAY,PAID,16020.00,2025-01-25 19:59:25
7000007133,1000007133,20250125,617,1,,GATEWAY,PAID,30840.00,2025-01-25 13:36:14
7000007134,1000007134,20250125,2280,1,,CARD,PAID,19650.00,2025-01-25 14:21:19
7000007141,1000007141,20250125,840,1,,CARD,REFUNDED,30540.00,2025-01-25 18:01:54
7000007142,1000007142,20250125,579,1,,GATEWAY,PAID,15720.00,2025-01-26 22:19:11
7000007144,1000007144,20250125,1923,1,,CARD,PAID,87120.00,2025-01-25 19:29:18
7000007145,1000007145,20250125,1629,1,,CARD,PAID,18742.50,2025-01-25 19:59:21
7000007146,1000007146,20250125,1485,1,,CARD,PAID,30240.00,2025-01-25 20:04:10
7000007148,1000007148,20250125,1748,1,,CARD,PAID,19650.00,2025-01-25 21:02:19
7000007149,1000007149,20250125,1363,1,,GATEWAY,PAID,19650.00,2025-01-25 21:28:23
7000007150,1000007150,20250125,1583,1,,CARD,REFUNDED,54450.00,2025-01-25 21:40:10
7000007151,1000007151,20250125,1408,1,,CARD,REFUNDED,30540.00,2025-01-25 22:22:51
7000007152,1000007152,20250125,1110,1,,CARD,PAID,19950.00,2025-01-25 22:34:28
7000007153,1000007153,20250126,432,1,,CARD,PAID,16320.00,2025-01-26 02:41:44
7000007154,1000007154,20250126,1451,1,,CARD,PAID,33870.00,2025-01-26 03:25:02
7000007155,1000007155,20250126,2080,1,,GATEWAY,PAID,19350.00,2025-01-26 11:33:29
7000007156,1000007156,20250126,979,1,,CARD,REFUNDED,16020.00,2025-01-26 10:18:47
7000007157,1000007157,20250126,2369,1,,CARD,PAID,54450.00,2025-01-26 10:26:52
7000007158,1000007158,20250126,618,1,,GATEWAY,PAID,16320.00,2025-01-27 10:19:08
7000007159,1000007159,20250126,1969,1,,GATEWAY,PAID,54450.00,2025-01-26 12:07:27
7000007160,1000007160,20250126,1475,1,,CARD,PAID,19650.00,2025-01-26 12:12:17
7000007161,1000007161,20250126,2370,1,,CARD,PAID,37500.00,2025-01-26 12:39:50
7000007162,1000007162,20250126,784,1,,GATEWAY,FAILED,16320.00,
7000007163,1000007163,20250126,1753,1,,CARD,PAID,112530.00,2025-01-26 14:02:47
7000007164,1000007164,20250126,982,1,,CARD,PAID,19650.00,2025-01-26 16:11:58
7000007165,1000007165,20250126,1823,1,,GATEWAY,PAID,30840.00,2025-01-27 08:14:01
7000007166,1000007166,20250126,2248,1,,GATEWAY,PAID,18442.50,2025-01-26 21:42:25
7000007167,1000007167,20250127,2134,1,,GATEWAY,PAID,52320.00,2025-01-27 07:19:25
7000007168,1000007168,20250127,2148,1,,CARD,PAID,19350.00,2025-01-27 07:36:37
7000007169,1000007169,20250127,572,1,,CARD,PAID,19650.00,2025-01-27 09:45:35
7000007171,1000007171,20250127,648,1,,CARD,PAID,54450.00,2025-01-27 10:30:48
7000007172,1000007172,20250127,1053,1,,GATEWAY,PAID,30240.00,2025-01-28 15:22:19
7000007173,1000007173,20250127,1547,1,,CARD,PAID,19650.00,2025-01-27 11:19:22
7000007176,1000007176,20250127,1754,1,,GATEWAY,PAID,19350.00,2025-01-27 13:37:22
7000007177,1000007177,20250127,1813,1,,GATEWAY,PAID,54450.00,2025-01-27 15:11:06
7000007179,1000007179,20250127,2371,1,,GATEWAY,PAID,15720.00,2025-01-27 15:42:30
7000007181,1000007181,20250127,1020,1,,GATEWAY,PAID,34170.00,2025-01-27 16:20:30
7000007182,1000007182,20250127,1376,1,,CARD,PAID,37800.00,2025-01-27 17:04:09
7000007183,1000007183,20250127,2372,1,,GATEWAY,PAID,61710.00,2025-01-27 17:19:53
7000007184,1000007184,20250127,1168,1,,GATEWAY,FAILED,16020.00,
7000007185,1000007185,20250127,1916,1,,GATEWAY,PAID,54450.00,2025-01-27 18:15:08
7000007189,1000007189,20250127,1379,1,,GATEWAY,FAILED,45060.00,
7000007190,1000007190,20250127,1019,1,,GATEWAY,PAID,16020.00,2025-01-27 21:51:39
7000007191,1000007191,20250128,2374,1,,GATEWAY,PAID,19350.00,2025-01-28 02:05:26
7000007192,1000007192,20250128,1941,1,,GATEWAY,PAID,30540.00,2025-01-28 09:54:33
7000007194,1000007194,20250128,2376,1,,GATEWAY,PAID,18135.00,2025-01-28 11:36:24
7000007195,1000007195,20250128,2081,1,,GATEWAY,PAID,14568.00,2025-01-28 11:42:26
7000007196,1000007196,20250128,1436,1,,CARD,PAID,65340.00,2025-01-28 12:08:19
7000007198,1000007198,20250128,2113,1,,GATEWAY,PAID,101277.00,2025-01-28 13:22:59
7000007200,1000007200,20250128,72,1,,CARD,PAID,27636.00,2025-01-28 16:21:28
7000007201,1000007201,20250128,2060,1,,GATEWAY,PAID,15720.00,2025-01-28 18:30:32
7000007204,1000007204,20250128,1328,1,,GATEWAY,PAID,16020.00,2025-01-28 20:19:39
7000007206,1000007206,20250128,350,1,,CARD,PAID,38100.00,2025-01-28 21:25:48
7000007207,1000007207,20250128,1576,1,,GATEWAY,PAID,14568.00,2025-01-28 22:11:16
7000007208,1000007208,20250128,2378,1,,CARD,PAID,17835.00,2025-01-28 22:38:15
7000007209,1000007209,20250129,1897,1,,GATEWAY,PAID,30240.00,2025-01-29 00:16:03
7000007210,1000007210,20250129,629,1,,GATEWAY,PAID,28788.00,2025-01-29 06:57:47
7000007211,1000007211,20250129,2379,1,,CARD,PAID,19350.00,2025-01-29 08:26:20
7000007212,1000007212,20250129,2380,1,,CARD,PAID,83490.00,2025-01-29 08:44:17
7000007214,1000007214,20250129,543,1,,CARD,PAID,45060.00,2025-01-29 12:12:24
7000007215,1000007215,20250129,1980,1,,CARD,PAID,37800.00,2025-01-29 12:17:41
7000007219,1000007219,20250129,1504,1,,GATEWAY,PAID,37800.00,2025-01-29 20:42:43
7000007220,1000007220,20250129,2213,1,,CARD,PAID,83490.00,2025-01-29 14:13:40
7000007222,1000007222,20250129,270,1,,GATEWAY,PAID,30240.00,2025-01-29 14:34:13
7000007225,1000007225,20250129,2062,1,,GATEWAY,PAID,38100.00,2025-01-29 15:39:32
7000007227,1000007227,20250129,2301,1,,CARD,PAID,19650.00,2025-01-29 16:17:43
7000007230,1000007230,20250129,42,1,,CARD,PAID,15720.00,2025-01-29 19:44:02
7000007231,1000007231,20250130,1604,1,,CARD,PAID,37800.00,2025-01-30 01:27:15
7000007232,1000007232,20250130,1811,1,,CARD,PAID,54450.00,2025-01-30 01:40:32
7000007233,1000007233,20250130,2383,1,,CARD,PAID,30540.00,2025-01-30 10:14:01
7000007238,1000007238,20250130,1557,1,,CARD,PAID,16020.00,2025-01-30 17:08:58
7000007242,1000007242,20250130,2385,1,,GATEWAY,PAID,65340.00,2025-01-30 18:39:46
7000007245,1000007245,20250130,2386,1,,CARD,PAID,15720.00,2025-01-30 18:56:24
7000007247,1000007247,20250130,1768,1,,GATEWAY,PAID,19650.00,2025-01-30 19:55:42
7000007248,1000007248,20250130,799,1,,GATEWAY,PAID,72600.00,2025-01-31 03:46:00
7000007249,1000007249,20250130,2387,1,,CARD,PAID,37500.00,2025-01-30 20:17:22
7000007250,1000007250,20250130,2254,1,,CARD,PAID,48390.00,2025-01-30 20:30:15
7000007251,1000007251,20250130,457,1,,CARD,PAID,38100.00,2025-01-30 20:32:37
7000007255,1000007255,20250130,1849,1,,CARD,PAID,15720.00,2025-01-30 21:40:43
7000007256,1000007256,20250130,790,1,,CARD,PAID,37800.00,2025-01-30 21:52:17
7000007257,1000007257,20250130,185,1,,GATEWAY,PAID,15720.00,2025-02-02 17:37:38
7000007258,1000007258,20250131,1407,1,,GATEWAY,FAILED,19650.00,
7000007261,1000007261,20250131,1380,1,,CARD,PAID,19350.00,2025-01-31 11:56:35
7000007262,1000007262,20250131,2234,1,,CARD,PAID,33870.00,2025-01-31 12:35:31
7000007270,1000007270,20250131,1874,1,,GATEWAY,FAILED,16020.00,
7000007271,1000007271,20250131,425,1,,CARD,PAID,54450.00,2025-01-31 18:11:47
7000007273,1000007273,20250131,2390,1,,GATEWAY,PAID,33870.00,2025-01-31 18:40:20
7000007279,1000007279,20250131,2163,1,,GATEWAY,FAILED,44760.00,
7000007284,1000007284,20250201,2392,1,,GATEWAY,PAID,19650.00,2025-02-01 12:57:50
7000007286,1000007286,20250201,2393,1,,CARD,PAID,34170.00,2025-02-01 13:42:44
7000007289,1000007289,20250201,2394,1,,CARD,PAID,19350.00,2025-02-01 14:56:28
7000007293,1000007293,20250201,1798,1,,GATEWAY,PAID,68970.00,2025-02-01 16:17:49
7000007296,1000007296,20250201,1711,1,,GATEWAY,PAID,16020.00,2025-02-01 17:26:13
7000007297,1000007297,20250201,2221,1,,GATEWAY,PAID,37800.00,2025-02-01 17:45:23
7000007298,1000007298,20250201,1194,1,,CARD,PAID,37800.00,2025-02-01 17:44:27
7000007306,1000007306,20250201,1352,1,,GATEWAY,PAID,68970.00,2025-02-01 21:06:45
7000007307,1000007307,20250201,112,1,,CARD,PAID,19350.00,2025-02-01 23:04:59
7000007308,1000007308,20250201,2161,1,,CARD,REFUNDED,79860.00,2025-02-01 23:26:32
7000007309,1000007309,20250201,2299,1,,CARD,PAID,54450.00,2025-02-01 23:45:12
7000007310,1000007310,20250202,2075,1,,CARD,PAID,34470.00,2025-02-02 09:48:44
7000007311,1000007311,20250202,2004,1,,CARD,PAID,34170.00,2025-02-02 10:29:46
7000007312,1000007312,20250202,2310,1,,CARD,PAID,19350.00,2025-02-02 14:21:52
7000007313,1000007313,20250202,1345,1,,GATEWAY,PAID,15720.00,2025-02-02 15:38:54
7000007314,1000007314,20250202,1437,1,,GATEWAY,PAID,16020.00,2025-02-02 19:14:25
7000007315,1000007315,20250202,2183,1,,GATEWAY,PAID,19350.00,2025-02-02 20:56:29
7000007316,1000007316,20250202,2321,1,,GATEWAY,PAID,52020.00,2025-02-02 21:10:07
7000007317,1000007317,20250202,2399,1,,CARD,PAID,19650.00,2025-02-02 21:20:04
7000007318,1000007318,20250202,1016,1,,CARD,PAID,30240.00,2025-02-02 21:58:03
7000007319,1000007319,20250203,2400,1,,CARD,PAID,62073.00,2025-02-03 03:07:27
7000007320,1000007320,20250203,26,1,,GATEWAY,PAID,54450.00,2025-02-03 09:45:05
7000007321,1000007321,20250203,2029,1,,CARD,PAID,34170.00,2025-02-03 09:48:00
7000007324,1000007324,20250203,2023,1,,GATEWAY,PAID,16020.00,2025-02-03 11:49:19
7000007325,1000007325,20250203,402,1,,GATEWAY,PAID,16020.00,2025-02-03 13:12:51
7000007327,1000007327,20250203,2401,1,,CARD,PAID,15720.00,2025-02-03 14:54:51
7000007328,1000007328,20250203,1812,1,,CARD,PAID,16320.00,2025-02-03 16:09:35
7000007334,1000007334,20250203,791,1,,CARD,PAID,19350.00,2025-02-03 20:59:07
7000007335,1000007335,20250203,29,1,,GATEWAY,PAID,45360.00,2025-02-03 21:51:52
7000007336,1000007336,20250203,869,1,,CARD,FAILED,61710.00,
7000007337,1000007337,20250203,1512,1,,GATEWAY,PAID,16020.00,2025-02-03 23:44:53
7000007338,1000007338,20250203,1502,1,,CARD,PAID,37500.00,2025-02-03 23:48:25
7000007339,1000007339,20250204,2119,1,,CARD,PAID,79860.00,2025-02-04 10:22:07
7000007340,1000007340,20250204,2065,1,,CARD,FAILED,52020.00,
7000007342,1000007342,20250204,2404,1,,GATEWAY,PAID,19350.00,2025-02-04 12:19:26
7000007344,1000007344,20250204,2405,1,,CARD,PAID,16320.00,2025-02-04 13:20:03
7000007346,1000007346,20250204,2103,1,,CARD,PAID,19950.00,2025-02-04 15:07:13
7000007347,1000007347,20250204,787,1,,GATEWAY,PAID,37500.00,2025-02-04 15:35:21
7000007349,1000007349,20250204,2068,1,,CARD,PAID,19350.00,2025-02-04 16:54:49
7000007354,1000007354,20250204,2409,1,,GATEWAY,PAID,19350.00,2025-02-04 19:47:27
7000007357,1000007357,20250204,1258,1,,CARD,PAID,72600.00,2025-02-04 21:37:07
7000007358,1000007358,20250204,1887,1,,GATEWAY,PAID,37800.00,2025-02-04 22:58:40
7000007359,1000007359,20250205,1500,1,,GATEWAY,PAID,16020.00,2025-02-05 22:00:05
7000007360,1000007360,20250205,1647,1,,CARD,FAILED,19350.00,
7000007361,1000007361,20250205,395,1,,GATEWAY,PAID,19350.00,2025-02-05 10:10:10
7000007364,1000007364,20250205,553,1,,CARD,PAID,79860.00,2025-02-05 12:25:00
7000007367,1000007367,20250205,2005,1,,CARD,REFUNDED,72600.00,2025-02-05 14:32:04
7000007368,1000007368,20250205,342,1,,CARD,PAID,169702.50,2025-02-05 16:09:27
7000007370,1000007370,20250205,2038,1,,CARD,PAID,36285.00,2025-02-05 18:20:04
7000007373,1000007373,20250205,812,1,,CARD,PAID,19650.00,2025-02-05 21:33:37
7000007374,1000007374,20250205,671,1,,GATEWAY,FAILED,15720.00,
7000007375,1000007375,20250206,2411,1,,CARD,PAID,19650.00,2025-02-06 00:51:38
7000007376,1000007376,20250206,1412,1,,GATEWAY,PAID,19350.00,2025-02-07 12:29:03
7000007384,1000007384,20250206,1707,1,,CARD,PAID,19950.00,2025-02-06 14:32:44
7000007385,1000007385,20250206,2153,1,,GATEWAY,PAID,19650.00,2025-02-06 15:27:17
7000007387,1000007387,20250206,1638,1,,GATEWAY,PAID,19950.00,2025-02-06 16:06:32
7000007388,1000007388,20250206,1285,1,,CARD,FAILED,16020.00,
7000007389,1000007389,20250206,2413,1,,CARD,PAID,15720.00,2025-02-06 17:44:11
7000007392,1000007392,20250206,2179,1,,GATEWAY,PAID,19650.00,2025-02-06 18:32:28
7000007393,1000007393,20250206,716,1,,GATEWAY,PAID,19350.00,2025-02-07 14:33:38
7000007398,1000007398,20250206,1643,1,,CARD,PAID,19350.00,2025-02-06 20:14:32
7000007401,1000007401,20250206,2344,1,,CARD,PAID,19350.00,2025-02-06 21:04:34
7000007402,1000007402,20250206,249,1,,GATEWAY,PAID,34170.00,2025-02-06 21:32:51
7000007403,1000007403,20250206,1967,1,,GATEWAY,PAID,15720.00,2025-02-07 06:47:46
7000007404,1000007404,20250206,5,1,,CARD,PAID,37500.00,2025-02-06 23:03:56
7000007405,1000007405,20250207,769,1,,GATEWAY,PAID,45060.00,2025-02-07 04:05:16
7000007406,1000007406,20250207,74,1,,GATEWAY,PAID,38100.00,2025-02-07 07:33:13
7000007407,1000007407,20250207,1473,1,,CARD,PAID,30240.00,2025-02-07 08:07:17
7000007408,1000007408,20250207,788,1,,GATEWAY,FAILED,16320.00,
7000007412,1000007412,20250207,1158,1,,GATEWAY,PAID,54450.00,2025-02-07 12:30:38
7000007413,1000007413,20250207,1017,1,,CARD,PAID,16020.00,2025-02-07 12:48:30
7000007415,1000007415,20250207,1970,1,,GATEWAY,PAID,72600.00,2025-02-07 13:02:30
7000007416,1000007416,20250207,2416,1,,GATEWAY,PAID,58080.00,2025-02-07 15:24:51
7000007419,1000007419,20250207,2417,1,,CARD,PAID,37500.00,2025-02-07 16:31:45
7000007423,1000007423,20250207,1506,1,,GATEWAY,PAID,37800.00,2025-02-07 18:40:30
7000007426,1000007426,20250207,756,1,,GATEWAY,PAID,19650.00,2025-02-08 03:29:24
7000007427,1000007427,20250207,644,1,,CARD,PAID,76230.00,2025-02-07 22:07:52
7000007428,1000007428,20250207,2420,1,,GATEWAY,PAID,54450.00,2025-02-09 07:15:46
7000007429,1000007429,20250208,2422,1,,GATEWAY,PAID,19950.00,2025-02-08 07:05:45
7000007430,1000007430,20250208,2421,1,,CARD,PAID,52620.00,2025-02-08 07:01:14
7000007433,1000007433,20250208,2324,1,,CARD,FAILED,76230.00,
7000007436,1000007436,20250208,700,1,,GATEWAY,PAID,30240.00,2025-02-08 11:50:56
7000007437,1000007437,20250208,2424,1,,CARD,PAID,44760.00,2025-02-08 12:16:07
7000007439,1000007439,20250208,2425,1,,GATEWAY,REFUNDED,30840.00,2025-02-08 13:14:25
7000007448,1000007448,20250208,459,1,,CARD,PAID,19650.00,2025-02-08 20:05:03
7000007449,1000007449,20250208,281,1,,CARD,PAID,33870.00,2025-02-08 21:38:32
7000007450,1000007450,20250208,417,1,,GATEWAY,PAID,16320.00,2025-02-08 22:48:43
7000007451,1000007451,20250208,2430,1,,GATEWAY,PAID,16020.00,2025-02-08 23:18:02
7000007452,1000007452,20250208,2431,1,,CARD,PAID,38100.00,2025-02-08 23:24:32
7000007453,1000007453,20250209,2150,1,,CARD,PAID,58080.00,2025-02-09 07:06:49
7000007454,1000007454,20250209,1451,1,,CARD,PAID,15720.00,2025-02-09 09:51:43
7000007455,1000007455,20250209,2376,1,,CARD,PAID,38100.00,2025-02-09 13:57:12
7000007456,1000007456,20250209,624,1,,GATEWAY,PAID,19350.00,2025-02-09 14:03:46
7000007457,1000007457,20250209,938,1,,GATEWAY,PAID,111078.00,2025-02-10 15:41:13
7000007458,1000007458,20250209,1174,1,,GATEWAY,PAID,37800.00,2025-02-09 23:36:42
7000007459,1000007459,20250209,2432,1,,CARD,PAID,19650.00,2025-02-09 18:58:22
7000007460,1000007460,20250209,1783,1,,CARD,PAID,72600.00,2025-02-09 19:57:27
7000007461,1000007461,20250209,995,1,,GATEWAY,PAID,94380.00,2025-02-09 20:52:49
7000007462,1000007462,20250209,2131,1,,GATEWAY,PAID,37500.00,2025-02-10 20:05:36
7000007463,1000007463,20250209,1808,1,,CARD,PAID,30540.00,2025-02-09 23:18:13
7000007464,1000007464,20250209,1398,1,,CARD,PAID,34470.00,2025-02-09 23:41:53
7000007465,1000007465,20250210,1240,1,,CARD,PAID,48390.00,2025-02-10 06:44:02
7000007466,1000007466,20250210,2434,1,,CARD,PAID,33870.00,2025-02-10 08:12:06
7000007473,1000007473,20250210,27,1,,GATEWAY,PAID,58080.00,2025-02-10 14:01:24
7000007475,1000007475,20250210,461,1,,GATEWAY,PAID,16020.00,2025-02-10 16:10:31
7000007476,1000007476,20250210,946,1,,CARD,PAID,15720.00,2025-02-10 16:29:51
7000007477,1000007477,20250210,1042,1,,CARD,PAID,37500.00,2025-02-10 17:00:24
7000007480,1000007480,20250210,2437,1,,CARD,PAID,37800.00,2025-02-10 17:22:53
7000007482,1000007482,20250210,1517,1,,CARD,PAID,19650.00,2025-02-10 21:44:43
7000007483,1000007483,20250210,2063,1,,CARD,PAID,15720.00,2025-02-10 23:52:26
7000007484,1000007484,20250211,1541,1,,GATEWAY,REFUNDED,19650.00,2025-02-11 07:09:16
7000007485,1000007485,20250211,2438,1,,GATEWAY,PAID,15720.00,2025-02-11 10:17:06
7000007486,1000007486,20250211,1351,1,,CARD,PAID,58080.00,2025-02-11 10:22:09
7000007488,1000007488,20250211,2141,1,,CARD,PAID,34170.00,2025-02-11 11:25:17
7000007489,1000007489,20250211,1957,1,,GATEWAY,FAILED,14568.00,
7000007491,1000007491,20250211,1953,1,,GATEWAY,PAID,30540.00,2025-02-11 12:47:08
7000007492,1000007492,20250211,2439,1,,GATEWAY,PAID,17835.00,2025-02-11 14:08:28
7000007493,1000007493,20250211,2440,1,,GATEWAY,PAID,27636.00,2025-02-13 03:48:27
7000007494,1000007494,20250211,1301,1,,GATEWAY,FAILED,19950.00,
7000007495,1000007495,20250211,1732,1,,GATEWAY,PAID,16320.00,2025-02-11 15:02:29
7000007496,1000007496,20250211,1057,1,,GATEWAY,FAILED,19950.00,
7000007503,1000007503,20250211,2210,1,,GATEWAY,PAID,54450.00,2025-02-11 19:21:15
7000007504,1000007504,20250211,2329,1,,CARD,PAID,16020.00,2025-02-11 19:17:20
7000007506,1000007506,20250211,2441,1,,CARD,PAID,58080.00,2025-02-11 20:27:11
7000007508,1000007508,20250211,2442,1,,GATEWAY,PAID,34170.00,2025-02-11 20:46:56
7000007509,1000007509,20250211,1426,1,,GATEWAY,PAID,53472.00,2025-02-11 22:21:32
7000007510,1000007510,20250211,2443,1,,GATEWAY,FAILED,58806.00,
7000007511,1000007511,20250211,1187,1,,CARD,PAID,54450.00,2025-02-11 22:33:18
7000007512,1000007512,20250211,1767,1,,CARD,PAID,37500.00,2025-02-11 22:44:53
7000007513,1000007513,20250212,173,1,,GATEWAY,PAID,30240.00,2025-02-12 00:08:49
7000007514,1000007514,20250212,2444,1,,CARD,PAID,16320.00,2025-02-12 00:47:33
7000007515,1000007515,20250212,2305,1,,CARD,PAID,30540.00,2025-02-12 10:31:39
7000007519,1000007519,20250212,2203,1,,GATEWAY,FAILED,101640.00,
7000007525,1000007525,20250212,2446,1,,CARD,PAID,72600.00,2025-02-12 17:46:11
7000007527,1000007527,20250212,521,1,,CARD,PAID,98010.00,2025-02-12 18:37:25
7000007530,1000007530,20250212,496,1,,CARD,PAID,58080.00,2025-02-12 21:18:46
7000007531,1000007531,20250212,1600,1,,CARD,PAID,52620.00,2025-02-12 21:16:59
7000007532,1000007532,20250212,728,1,,GATEWAY,PAID,48390.00,2025-02-12 21:32:05
7000007533,1000007533,20250212,2448,1,,CARD,PAID,19650.00,2025-02-12 21:52:23
7000007534,1000007534,20250212,1588,1,,CARD,PAID,48390.00,2025-02-12 22:46:50
7000007535,1000007535,20250212,1423,1,,GATEWAY,PAID,15720.00,2025-02-12 23:09:02
7000007536,1000007536,20250213,2449,1,,CARD,PAID,52020.00,2025-02-13 10:26:19
7000007538,1000007538,20250213,2450,1,,GATEWAY,PAID,15720.00,2025-02-13 11:16:02
7000007542,1000007542,20250213,1839,1,,CARD,PAID,19950.00,2025-02-13 13:04:26
7000007544,1000007544,20250213,810,1,,GATEWAY,PAID,45060.00,2025-02-13 13:54:45
7000007546,1000007546,20250213,1391,1,,CARD,PAID,19350.00,2025-02-13 14:34:26
7000007548,1000007548,20250213,951,1,,CARD,PAID,15720.00,2025-02-13 19:31:15
7000007549,1000007549,20250213,2269,1,,GATEWAY,REFUNDED,19350.00,2025-02-13 19:47:28
7000007551,1000007551,20250213,2454,1,,CARD,PAID,37500.00,2025-02-13 20:33:18
7000007552,1000007552,20250213,1628,1,,CARD,PAID,30240.00,2025-02-13 20:56:10
7000007553,1000007553,20250213,377,1,,CARD,PAID,68970.00,2025-02-13 22:39:09
7000007554,1000007554,20250213,1117,1,,CARD,PAID,19350.00,2025-02-13 23:17:24
7000007555,1000007555,20250213,1224,1,,GATEWAY,PAID,15720.00,2025-02-14 03:20:43
7000007556,1000007556,20250214,2455,1,,GATEWAY,PAID,19350.00,2025-02-14 06:37:22
7000007557,1000007557,20250214,1919,1,,CARD,PAID,48390.00,2025-02-14 09:38:13
7000007558,1000007558,20250214,1479,1,,GATEWAY,PAID,15720.00,2025-02-14 10:17:13
7000007559,1000007559,20250214,2374,1,,CARD,PAID,19350.00,2025-02-14 11:35:55
7000007560,1000007560,20250214,1135,1,,GATEWAY,FAILED,44760.00,
7000007563,1000007563,20250214,2458,1,,CARD,PAID,19650.00,2025-02-14 15:07:02
7000007564,1000007564,20250214,2457,1,,GATEWAY,PAID,61710.00,2025-02-14 15:17:29
7000007565,1000007565,20250214,2459,1,,GATEWAY,PAID,45060.00,2025-02-14 15:20:34
7000007567,1000007567,20250214,2281,1,,GATEWAY,PAID,19650.00,2025-02-14 15:20:50
7000007571,1000007571,20250214,1239,1,,CARD,PAID,94380.00,2025-02-14 17:22:39
7000007572,1000007572,20250214,1501,1,,CARD,PAID,16020.00,2025-02-14 17:26:47
7000007574,1000007574,20250214,2461,1,,CARD,PAID,16320.00,2025-02-14 18:00:59
7000007578,1000007578,20250214,494,1,,CARD,FAILED,19350.00,
7000007579,1000007579,20250214,2462,1,,GATEWAY,PAID,30540.00,2025-02-14 20:10:27
7000007580,1000007580,20250214,2189,1,,CARD,PAID,231412.50,2025-02-14 20:19:11
7000007582,1000007582,20250214,2463,1,,CARD,PAID,44760.00,2025-02-14 22:06:23
7000007583,1000007583,20250214,2293,1,,CARD,PAID,37500.00,2025-02-14 23:55:07
7000007584,1000007584,20250215,2464,1,,GATEWAY,PAID,19650.00,2025-02-15 01:00:31
7000007585,1000007585,20250215,321,1,,GATEWAY,FAILED,30240.00,
7000007591,1000007591,20250215,1754,1,,GATEWAY,PAID,15720.00,2025-02-16 04:30:57
7000007595,1000007595,20250215,681,1,,CARD,PAID,37500.00,2025-02-15 14:25:45
7000007601,1000007601,20250215,1474,1,,GATEWAY,FAILED,54450.00,
7000007606,1000007606,20250215,2466,1,,GATEWAY,PAID,30240.00,2025-02-15 16:23:44
7000007610,1000007610,20250215,1637,1,,CARD,PAID,52020.00,2025-02-15 20:09:35
7000007613,1000007613,20250215,622,1,,CARD,PAID,19650.00,2025-02-15 21:00:10
7000007614,1000007614,20250215,967,1,,CARD,PAID,76230.00,2025-02-15 21:21:17
7000007615,1000007615,20250215,1415,1,,GATEWAY,PAID,79860.00,2025-02-15 21:35:05
7000007616,1000007616,20250215,952,1,,CARD,PAID,19350.00,2025-02-15 21:32:30
7000007617,1000007617,20250215,2469,1,,GATEWAY,PAID,15720.00,2025-02-15 22:36:15
7000007618,1000007618,20250215,1449,1,,GATEWAY,PAID,37500.00,2025-02-15 23:17:05
7000007619,1000007619,20250215,1225,1,,CARD,PAID,58080.00,2025-02-15 23:31:49
7000007620,1000007620,20250216,118,1,,CARD,PAID,68970.00,2025-02-16 01:47:14
7000007621,1000007621,20250216,1871,1,,GATEWAY,PAID,16320.00,2025-02-16 01:50:27
7000007622,1000007622,20250216,1728,1,,CARD,PAID,30240.00,2025-02-16 02:20:09
7000007623,1000007623,20250216,2246,1,,CARD,PAID,65340.00,2025-02-16 09:01:54
7000007624,1000007624,20250216,2202,1,,GATEWAY,PAID,16320.00,2025-02-16 09:11:15
7000007625,1000007625,20250216,2049,1,,CARD,PAID,19950.00,2025-02-16 11:09:08
7000007626,1000007626,20250216,742,1,,CARD,FAILED,44760.00,
7000007627,1000007627,20250216,613,1,,CARD,FAILED,30840.00,
7000007628,1000007628,20250216,2470,1,,CARD,PAID,87120.00,2025-02-16 12:45:16
7000007629,1000007629,20250216,2471,1,,CARD,PAID,15720.00,2025-02-16 15:52:43
7000007630,1000007630,20250216,1652,1,,CARD,PAID,30540.00,2025-02-16 18:50:38
7000007631,1000007631,20250216,2472,1,,GATEWAY,PAID,16020.00,2025-02-16 19:35:46
7000007632,1000007632,20250216,1769,1,,CARD,PAID,19350.00,2025-02-16 19:42:43
7000007633,1000007633,20250216,2473,1,,CARD,PAID,30540.00,2025-02-16 20:59:36
7000007634,1000007634,20250216,2474,1,,CARD,PAID,61710.00,2025-02-16 21:02:40
7000007635,1000007635,20250216,420,1,,CARD,REFUNDED,37500.00,2025-02-16 21:07:22
7000007636,1000007636,20250216,2308,1,,CARD,PAID,15720.00,2025-02-16 21:38:25
7000007637,1000007637,20250216,2475,1,,GATEWAY,PAID,30240.00,2025-02-16 21:46:18
7000007638,1000007638,20250216,1946,1,,GATEWAY,FAILED,52320.00,
7000007639,1000007639,20250216,1794,1,,CARD,FAILED,15294.00,
7000007640,1000007640,20250216,1619,1,,GATEWAY,PAID,19350.00,2025-02-16 22:58:04
7000007641,1000007641,20250217,2476,1,,GATEWAY,PAID,48690.00,2025-02-17 00:23:26
7000007642,1000007642,20250217,1399,1,,CARD,PAID,72600.00,2025-02-17 06:39:52
7000007643,1000007643,20250217,1370,1,,CARD,PAID,19650.00,2025-02-17 07:53:19
7000007644,1000007644,20250217,2285,1,,CARD,PAID,16320.00,2025-02-17 10:21:30
7000007646,1000007646,20250217,2477,1,,CARD,PAID,16320.00,2025-02-17 12:07:23
7000007648,1000007648,20250217,1045,1,,CARD,PAID,30240.00,2025-02-17 12:49:06
7000007649,1000007649,20250217,2478,1,,CARD,PAID,19650.00,2025-02-17 15:48:46
7000007651,1000007651,20250217,2194,1,,GATEWAY,PAID,28788.00,2025-02-17 16:31:44
7000007652,1000007652,20250217,831,1,,CARD,FAILED,48990.00,
7000007654,1000007654,20250217,1054,1,,GATEWAY,PAID,54450.00,2025-02-18 15:43:41
7000007655,1000007655,20250217,2480,1,,GATEWAY,PAID,30240.00,2025-02-18 17:38:56
7000007656,1000007656,20250217,1118,1,,CARD,PAID,33870.00,2025-02-17 18:32:17
7000007657,1000007657,20250217,299,1,,GATEWAY,PAID,34170.00,2025-02-17 18:38:31
7000007658,1000007658,20250217,2232,1,,CARD,PAID,19650.00,2025-02-17 18:47:54
7000007661,1000007661,20250217,2482,1,,CARD,PAID,45060.00,2025-02-17 19:39:55
7000007663,1000007663,20250217,1043,1,,CARD,PAID,19350.00,2025-02-17 23:29:39
7000007664,1000007664,20250218,1830,1,,GATEWAY,PAID,15720.00,2025-02-18 00:11:04
7000007665,1000007665,20250218,1872,1,,CARD,PAID,19650.00,2025-02-18 01:16:55
7000007666,1000007666,20250218,1188,1,,CARD,PAID,65340.00,2025-02-18 01:22:42
7000007667,1000007667,20250218,2213,1,,CARD,PAID,16320.00,2025-02-18 08:38:50
7000007668,1000007668,20250218,1777,1,,CARD,PAID,30240.00,2025-02-18 08:58:30
7000007670,1000007670,20250218,2322,1,,GATEWAY,FAILED,15720.00,
7000007671,1000007671,20250218,998,1,,CARD,PAID,19350.00,2025-02-18 12:08:45
7000007673,1000007673,20250218,2235,1,,CARD,REFUNDED,34170.00,2025-02-18 12:16:47
7000007674,1000007674,20250218,1554,1,,GATEWAY,PAID,15720.00,2025-02-18 12:30:06
7000007676,1000007676,20250218,2346,1,,CARD,PAID,28788.00,2025-02-18 13:23:30
7000007677,1000007677,20250218,1762,1,,GATEWAY,PAID,45060.00,2025-02-19 07:39:04
7000007678,1000007678,20250218,20,1,,CARD,PAID,19350.00,2025-02-18 13:44:25
7000007679,1000007679,20250218,2092,1,,CARD,PAID,29088.00,2025-02-18 15:59:30
7000007680,1000007680,20250218,2394,1,,GATEWAY,PAID,33870.00,2025-02-18 16:10:15
7000007684,1000007684,20250218,1149,1,,GATEWAY,PAID,58080.00,2025-02-18 17:15:09
7000007686,1000007686,20250218,2146,1,,CARD,PAID,15720.00,2025-02-18 17:31:03
7000007687,1000007687,20250218,2485,1,,CARD,PAID,19650.00,2025-02-18 17:32:28
7000007691,1000007691,20250218,1067,1,,CARD,PAID,19950.00,2025-02-18 18:25:20
7000007692,1000007692,20250218,58,1,,GATEWAY,PAID,72600.00,2025-02-18 18:42:16
7000007694,1000007694,20250218,1837,1,,GATEWAY,PAID,15720.00,2025-02-18 19:55:47
7000007696,1000007696,20250218,1008,1,,CARD,PAID,19350.00,2025-02-18 21:07:37
7000007697,1000007697,20250218,1593,1,,CARD,PAID,19650.00,2025-02-18 22:08:52
7000007698,1000007698,20250218,630,1,,GATEWAY,PAID,30840.00,2025-02-18 22:21:33
7000007699,1000007699,20250218,1538,1,,GATEWAY,PAID,15294.00,2025-02-18 23:40:54
7000007700,1000007700,20250219,2128,1,,CARD,PAID,34170.00,2025-02-19 07:50:08
7000007701,1000007701,20250219,2487,1,,CARD,PAID,49479.00,2025-02-19 08:03:10
7000007703,1000007703,20250219,2093,1,,CARD,PAID,30240.00,2025-02-19 12:18:58
7000007707,1000007707,20250219,2488,1,,CARD,PAID,16320.00,2025-02-19 16:25:02
7000007708,1000007708,20250219,1625,1,,GATEWAY,PAID,58080.00,2025-02-19 16:54:45
7000007709,1000007709,20250219,1451,1,,CARD,PAID,19350.00,2025-02-19 17:14:09
7000007713,1000007713,20250219,425,1,,GATEWAY,PAID,16020.00,2025-02-19 19:03:59
7000007714,1000007714,20250219,991,1,,GATEWAY,PAID,15720.00,2025-02-19 19:12:43
7000007716,1000007716,20250219,1638,1,,GATEWAY,PAID,30840.00,2025-02-19 22:06:57
7000007717,1000007717,20250219,1970,1,,CARD,PAID,58080.00,2025-02-19 23:50:37
7000007718,1000007718,20250220,1599,1,,GATEWAY,PAID,37500.00,2025-02-20 00:46:56
7000007719,1000007719,20250220,2490,1,,GATEWAY,PAID,19350.00,2025-02-20 09:34:05
7000007720,1000007720,20250220,909,1,,GATEWAY,PAID,48690.00,2025-02-20 10:16:56
7000007721,1000007721,20250220,2019,1,,CARD,PAID,79860.00,2025-02-20 12:26:11
7000007726,1000007726,20250220,1999,1,,GATEWAY,FAILED,19350.00,
7000007727,1000007727,20250220,2031,1,,CARD,PAID,19650.00,2025-02-20 18:27:11
7000007728,1000007728,20250220,1339,1,,GATEWAY,PAID,45060.00,2025-02-21 12:23:03
7000007730,1000007730,20250220,2491,1,,CARD,PAID,14994.00,2025-02-20 19:52:06
7000007732,1000007732,20250220,1727,1,,GATEWAY,PAID,48990.00,2025-02-20 23:30:19
7000007733,1000007733,20250221,2492,1,,GATEWAY,PAID,19350.00,2025-02-21 06:40:27
7000007735,1000007735,20250221,2493,1,,CARD,PAID,30540.00,2025-02-21 11:43:54
7000007736,1000007736,20250221,2494,1,,CARD,FAILED,45360.00,
7000007737,1000007737,20250221,2495,1,,GATEWAY,PAID,44760.00,2025-02-21 12:17:31
7000007742,1000007742,20250221,116,1,,CARD,PAID,30240.00,2025-02-21 17:20:44
7000007744,1000007744,20250221,1320,1,,GATEWAY,PAID,30540.00,2025-02-21 17:23:30
7000007748,1000007748,20250221,2497,1,,CARD,PAID,16020.00,2025-02-21 18:38:52
7000007750,1000007750,20250221,2498,1,,GATEWAY,PAID,30240.00,2025-02-21 18:45:57
7000007753,1000007753,20250221,2244,1,,CARD,PAID,19950.00,2025-02-21 19:41:07
7000007755,1000007755,20250221,1384,1,,CARD,PAID,30240.00,2025-02-21 20:50:55
7000007756,1000007756,20250221,572,1,,CARD,PAID,16020.00,2025-02-21 21:51:44
7000007757,1000007757,20250221,2500,1,,GATEWAY,PAID,19350.00,2025-02-21 22:46:25
7000007758,1000007758,20250221,2501,1,,GATEWAY,PAID,58080.00,2025-02-21 23:24:36
7000007759,1000007759,20250221,2502,1,,GATEWAY,PAID,79860.00,2025-02-21 23:55:51
7000007762,1000007762,20250222,2504,1,,GATEWAY,PAID,15720.00,2025-02-22 11:15:34
7000007763,1000007763,20250222,2503,1,,CARD,PAID,58080.00,2025-02-22 11:09:54
7000007764,1000007764,20250222,404,1,,CARD,PAID,48390.00,2025-02-22 11:49:57
7000007768,1000007768,20250222,1847,1,,GATEWAY,PAID,15720.00,2025-02-22 14:08:18
7000007769,1000007769,20250222,442,1,,CARD,PAID,37800.00,2025-02-22 14:58:19
7000007773,1000007773,20250222,268,1,,CARD,REFUNDED,16320.00,2025-02-22 16:06:59
7000007774,1000007774,20250222,73,1,,CARD,PAID,16020.00,2025-02-22 16:09:08
7000007778,1000007778,20250222,1002,1,,CARD,PAID,19650.00,2025-02-22 17:41:11
7000007782,1000007782,20250222,1586,1,,GATEWAY,PAID,19350.00,2025-02-22 18:39:46
7000007783,1000007783,20250222,52,1,,CARD,PAID,45060.00,2025-02-22 18:46:16
7000007788,1000007788,20250222,1753,1,,CARD,PAID,72600.00,2025-02-22 20:56:52
7000007789,1000007789,20250222,508,1,,CARD,PAID,16020.00,2025-02-22 22:42:49
7000007790,1000007790,20250222,1576,1,,CARD,PAID,19650.00,2025-02-22 23:53:52
7000007791,1000007791,20250223,354,1,,GATEWAY,PAID,29088.00,2025-02-23 06:54:59
7000007792,1000007792,20250223,1716,1,,GATEWAY,PAID,65340.00,2025-02-23 02:24:57
7000007793,1000007793,20250223,1827,1,,CARD,PAID,19650.00,2025-02-23 03:38:51
7000007794,1000007794,20250223,1254,1,,CARD,PAID,61710.00,2025-02-23 08:59:40
7000007795,1000007795,20250223,1802,1,,CARD,PAID,16320.00,2025-02-23 10:37:25
7000007796,1000007796,20250223,2301,1,,CARD,PAID,19650.00,2025-02-23 11:01:16
7000007797,1000007797,20250223,1179,1,,GATEWAY,PAID,15720.00,2025-02-23 12:03:18
7000007798,1000007798,20250223,2508,1,,GATEWAY,FAILED,38100.00,
7000007799,1000007799,20250223,1887,1,,GATEWAY,PAID,19650.00,2025-02-23 17:33:50
7000007800,1000007800,20250223,1742,1,,CARD,PAID,37800.00,2025-02-23 13:39:06
7000007801,1000007801,20250223,2165,1,,CARD,PAID,61710.00,2025-02-23 13:44:47
7000007802,1000007802,20250223,1600,1,,CARD,PAID,34470.00,2025-02-23 13:56:22
7000007803,1000007803,20250223,2411,1,,CARD,PAID,123420.00,2025-02-23 16:53:52
7000007804,1000007804,20250223,2509,1,,CARD,PAID,52020.00,2025-02-23 17:03:47
7000007805,1000007805,20250223,1375,1,,GATEWAY,PAID,30240.00,2025-02-23 17:24:03
7000007806,1000007806,20250223,1667,1,,GATEWAY,PAID,19650.00,2025-02-23 18:30:55
7000007807,1000007807,20250223,2510,1,,CARD,PAID,30840.00,2025-02-23 19:10:19
7000007808,1000007808,20250223,969,1,,CARD,PAID,16020.00,2025-02-23 22:04:23
7000007809,1000007809,20250223,2511,1,,GATEWAY,PAID,16020.00,2025-02-23 22:29:06
7000007810,1000007810,20250223,1301,1,,GATEWAY,FAILED,54450.00,
7000007816,1000007816,20250224,2515,1,,GATEWAY,PAID,34170.00,2025-02-24 14:42:30
7000007817,1000007817,20250224,335,1,,CARD,PAID,19950.00,2025-02-24 15:15:51
7000007819,1000007819,20250224,1949,1,,GATEWAY,PAID,15720.00,2025-02-24 15:57:02
7000007820,1000007820,20250224,18,1,,GATEWAY,PAID,19650.00,2025-02-24 17:38:47
7000007823,1000007823,20250224,2516,1,,GATEWAY,PAID,45060.00,2025-02-25 06:05:34
7000007824,1000007824,20250224,2059,1,,CARD,FAILED,16020.00,
7000007825,1000007825,20250224,2018,1,,GATEWAY,PAID,19650.00,2025-02-24 19:08:46
7000007826,1000007826,20250224,2517,1,,CARD,PAID,45060.00,2025-02-24 19:29:23
7000007827,1000007827,20250224,2431,1,,CARD,PAID,16320.00,2025-02-24 21:31:57
7000007828,1000007828,20250224,2300,1,,CARD,PAID,15720.00,2025-02-24 21:52:32
7000007829,1000007829,20250224,2519,1,,CARD,PAID,15720.00,2025-02-24 22:26:36
7000007830,1000007830,20250225,905,1,,GATEWAY,PAID,14868.00,2025-02-25 23:07:52
7000007831,1000007831,20250225,1852,1,,CARD,FAILED,14568.00,
7000007832,1000007832,20250225,184,1,,GATEWAY,PAID,72600.00,2025-02-25 09:31:14
7000007833,1000007833,20250225,213,1,,CARD,PAID,34170.00,2025-02-25 10:04:16
7000007837,1000007837,20250225,2135,1,,CARD,PAID,76230.00,2025-02-25 13:04:27
7000007838,1000007838,20250225,1561,1,,CARD,PAID,54450.00,2025-02-25 13:25:23
7000007839,1000007839,20250225,2520,1,,GATEWAY,PAID,33870.00,2025-02-25 14:33:38
7000007841,1000007841,20250225,2218,1,,CARD,PAID,58080.00,2025-02-25 14:58:30
7000007845,1000007845,20250225,2072,1,,GATEWAY,PAID,35685.00,2025-02-25 17:47:11
7000007847,1000007847,20250225,1513,1,,GATEWAY,PAID,37800.00,2025-02-25 19:06:29
7000007848,1000007848,20250225,1039,1,,GATEWAY,PAID,52320.00,2025-02-25 19:04:50
7000007851,1000007851,20250225,1164,1,,CARD,PAID,37800.00,2025-02-25 20:23:15
7000007854,1000007854,20250225,2337,1,,CARD,PAID,16020.00,2025-02-25 21:02:15
7000007855,1000007855,20250225,1492,1,,GATEWAY,PAID,15720.00,2025-02-25 21:15:56
7000007856,1000007856,20250225,2060,1,,CARD,PAID,33870.00,2025-02-25 22:12:52
7000007857,1000007857,20250225,2102,1,,GATEWAY,PAID,19650.00,2025-02-25 22:15:20
7000007858,1000007858,20250225,577,1,,CARD,PAID,302379.00,2025-02-25 22:21:59
7000007859,1000007859,20250225,1926,1,,CARD,PAID,37800.00,2025-02-25 22:55:35
7000007860,1000007860,20250226,1001,1,,GATEWAY,FAILED,30540.00,
7000007861,1000007861,20250226,1984,1,,GATEWAY,REFUNDED,101640.00,2025-02-26 00:57:17
7000007862,1000007862,20250226,2521,1,,CARD,PAID,83490.00,2025-02-26 03:49:51
7000007863,1000007863,20250226,2453,1,,GATEWAY,PAID,45060.00,2025-02-26 05:19:35
7000007864,1000007864,20250226,489,1,,GATEWAY,PAID,30240.00,2025-02-26 07:51:18
7000007865,1000007865,20250226,2229,1,,GATEWAY,PAID,19350.00,2025-02-27 02:01:49
7000007866,1000007866,20250226,2522,1,,GATEWAY,PAID,45060.00,2025-02-26 10:20:34
7000007867,1000007867,20250226,1813,1,,GATEWAY,PAID,15720.00,2025-02-26 13:07:00
7000007871,1000007871,20250226,1484,1,,CARD,REFUNDED,33870.00,2025-02-26 14:08:02
7000007872,1000007872,20250226,1223,1,,CARD,PAID,19350.00,2025-02-26 14:23:07
7000007874,1000007874,20250226,1257,1,,GATEWAY,FAILED,37800.00,
7000007875,1000007875,20250226,2524,1,,GATEWAY,PAID,72600.00,2025-02-26 18:27:27
7000007876,1000007876,20250226,2525,1,,CARD,PAID,38100.00,2025-02-26 18:56:57
7000007878,1000007878,20250226,284,1,,CARD,REFUNDED,45060.00,2025-02-26 22:35:19
7000007879,1000007879,20250226,2526,1,,CARD,PAID,30240.00,2025-02-26 23:06:32
7000007880,1000007880,20250227,1390,1,,CARD,PAID,38100.00,2025-02-27 00:23:36
7000007881,1000007881,20250227,2527,1,,CARD,PAID,19650.00,2025-02-27 09:35:20
7000007882,1000007882,20250227,2528,1,,CARD,PAID,19650.00,2025-02-27 09:48:14
7000007886,1000007886,20250227,836,1,,CARD,PAID,30540.00,2025-02-27 13:20:41
7000007887,1000007887,20250227,1672,1,,GATEWAY,PAID,54450.00,2025-02-27 14:02:28
7000007888,1000007888,20250227,799,1,,CARD,PAID,58080.00,2025-02-27 16:03:35
7000007892,1000007892,20250227,1105,1,,CARD,PAID,45060.00,2025-02-27 18:48:54
7000007895,1000007895,20250227,163,1,,CARD,PAID,58080.00,2025-02-27 19:10:32
7000007897,1000007897,20250227,1624,1,,CARD,PAID,30540.00,2025-02-27 19:28:22
7000007898,1000007898,20250227,938,1,,CARD,PAID,19650.00,2025-02-27 19:48:10
7000007899,1000007899,20250227,77,1,,CARD,PAID,37500.00,2025-02-27 22:04:41
7000007900,1000007900,20250227,1808,1,,CARD,PAID,61710.00,2025-02-27 22:48:17
7000007901,1000007901,20250228,1361,1,,GATEWAY,PAID,44760.00,2025-02-28 01:55:40
7000007904,1000007904,20250228,2530,1,,CARD,FAILED,16020.00,
7000007906,1000007906,20250228,567,1,,GATEWAY,FAILED,15720.00,
7000007908,1000007908,20250228,2533,1,,CARD,PAID,72600.00,2025-02-28 13:09:20
7000007909,1000007909,20250228,1738,1,,GATEWAY,PAID,30240.00,2025-02-28 13:19:50
7000007910,1000007910,20250228,2164,1,,CARD,PAID,30540.00,2025-02-28 13:23:04
7000007913,1000007913,20250228,497,1,,CARD,PAID,44760.00,2025-02-28 15:39:16
7000007914,1000007914,20250228,1568,1,,GATEWAY,PAID,16020.00,2025-02-28 15:56:42
7000007918,1000007918,20250228,2535,1,,CARD,PAID,44760.00,2025-02-28 17:38:42
7000007920,1000007920,20250228,2035,1,,CARD,PAID,30840.00,2025-02-28 18:01:41
7000007922,1000007922,20250228,1313,1,,CARD,PAID,30540.00,2025-02-28 19:19:22
7000007923,1000007923,20250228,2537,1,,CARD,PAID,33870.00,2025-02-28 19:21:49
7000007924,1000007924,20250228,1756,1,,GATEWAY,PAID,15720.00,2025-02-28 19:44:12
7000007926,1000007926,20250228,1729,1,,GATEWAY,PAID,16020.00,2025-02-28 20:09:56
7000007928,1000007928,20250228,948,1,,CARD,PAID,45060.00,2025-02-28 20:17:32
7000007929,1000007929,20250228,1919,1,,CARD,PAID,44760.00,2025-02-28 20:30:40
7000007930,1000007930,20250228,2147,1,,GATEWAY,FAILED,19350.00,
7000007931,1000007931,20250228,2539,1,,GATEWAY,PAID,65340.00,2025-02-28 21:48:54
7000007932,1000007932,20250228,1892,1,,CARD,PAID,16020.00,2025-02-28 22:22:53
7000007933,1000007933,20250228,1306,1,,GATEWAY,PAID,19350.00,2025-02-28 23:22:05
7000007934,1000007934,20250301,1954,1,,GATEWAY,FAILED,101640.00,
7000007935,1000007935,20250301,2350,1,,CARD,PAID,30240.00,2025-03-01 09:08:45
7000007936,1000007936,20250301,2540,1,,GATEWAY,PAID,19350.00,2025-03-01 09:48:18
7000007938,1000007938,20250301,70,1,,CARD,PAID,15720.00,2025-03-01 11:13:56
7000007947,1000007947,20250301,1380,1,,GATEWAY,FAILED,15720.00,
7000007952,1000007952,20250301,1165,1,,GATEWAY,PAID,52927.50,2025-03-01 16:23:54
7000007954,1000007954,20250301,2545,1,,CARD,PAID,33870.00,2025-03-01 16:26:05
7000007956,1000007956,20250301,2480,1,,GATEWAY,PAID,74052.00,2025-03-01 17:28:42
7000007962,1000007962,20250301,2547,1,,GATEWAY,PAID,16320.00,2025-03-01 18:27:38
7000007967,1000007967,20250301,2548,1,,CARD,PAID,16320.00,2025-03-01 20:09:46
7000007969,1000007969,20250301,652,1,,GATEWAY,PAID,15720.00,2025-03-01 20:54:54
7000007970,1000007970,20250301,1168,1,,GATEWAY,PAID,16020.00,2025-03-01 21:10:59
7000007971,1000007971,20250301,1516,1,,CARD,PAID,19650.00,2025-03-01 22:38:24
7000007972,1000007972,20250301,1610,1,,CARD,PAID,15720.00,2025-03-01 23:40:18
7000007973,1000007973,20250302,2549,1,,CARD,PAID,33870.00,2025-03-02 04:12:08
7000007974,1000007974,20250302,2437,1,,GATEWAY,PAID,87120.00,2025-03-02 05:24:32
7000007975,1000007975,20250302,2550,1,,CARD,PAID,61710.00,2025-03-02 08:36:14
7000007976,1000007976,20250302,125,1,,CARD,PAID,72600.00,2025-03-02 11:54:31
7000007977,1000007977,20250302,1518,1,,GATEWAY,PAID,15720.00,2025-03-04 06:11:31
7000007978,1000007978,20250302,2551,1,,CARD,PAID,19950.00,2025-03-02 13:18:16
7000007979,1000007979,20250302,1538,1,,CARD,PAID,37800.00,2025-03-02 13:19:09
7000007980,1000007980,20250302,1824,1,,CARD,PAID,16320.00,2025-03-02 13:45:29
7000007981,1000007981,20250302,1187,1,,CARD,PAID,61710.00,2025-03-02 14:48:50
7000007982,1000007982,20250302,2552,1,,GATEWAY,PAID,30240.00,2025-03-02 18:18:31
7000007983,1000007983,20250302,2048,1,,GATEWAY,PAID,19650.00,2025-03-02 18:32:08
7000007984,1000007984,20250302,279,1,,GATEWAY,FAILED,16020.00,
7000007985,1000007985,20250302,2415,1,,CARD,PAID,16320.00,2025-03-02 20:23:28
7000007986,1000007986,20250302,2553,1,,CARD,PAID,19650.00,2025-03-02 21:24:34
7000007987,1000007987,20250302,2554,1,,GATEWAY,PAID,58080.00,2025-03-02 22:11:55
7000007988,1000007988,20250302,2051,1,,GATEWAY,REFUNDED,30240.00,2025-03-02 22:35:01
7000007989,1000007989,20250302,2555,1,,GATEWAY,PAID,45360.00,2025-03-02 23:07:02
7000007990,1000007990,20250303,2187,1,,GATEWAY,PAID,19650.00,2025-03-03 01:07:57
7000007991,1000007991,20250303,2182,1,,CARD,PAID,33870.00,2025-03-03 00:41:35
7000007994,1000007994,20250303,1660,1,,GATEWAY,PAID,19650.00,2025-03-03 11:11:35
7000007995,1000007995,20250303,1408,1,,GATEWAY,PAID,15294.00,2025-03-03 11:25:31
7000008002,1000008002,20250303,1323,1,,CARD,PAID,58080.00,2025-03-03 13:28:14
7000008004,1000008004,20250303,2557,1,,CARD,PAID,42882.00,2025-03-03 14:07:08
7000008005,1000008005,20250303,1878,1,,CARD,PAID,16020.00,2025-03-03 14:10:41
7000008007,1000008007,20250303,1795,1,,CARD,PAID,16020.00,2025-03-03 17:15:06
7000008008,1000008008,20250303,526,1,,CARD,PAID,30840.00,2025-03-03 17:20:42
7000008009,1000008009,20250303,1486,1,,CARD,PAID,16320.00,2025-03-03 19:35:32
7000008010,1000008010,20250303,2279,1,,CARD,PAID,79860.00,2025-03-03 20:28:09
7000008011,1000008011,20250303,785,1,,CARD,PAID,87120.00,2025-03-03 22:31:05
7000008012,1000008012,20250304,2560,1,,GATEWAY,PAID,15720.00,2025-03-04 00:41:20
7000008013,1000008013,20250304,2561,1,,GATEWAY,PAID,15720.00,2025-03-04 08:51:42
7000008015,1000008015,20250304,995,1,,CARD,REFUNDED,58080.00,2025-03-04 12:50:35
7000008019,1000008019,20250304,1030,1,,CARD,REFUNDED,15720.00,2025-03-04 16:46:31
7000008020,1000008020,20250304,1622,1,,GATEWAY,PAID,37500.00,2025-03-04 17:12:45
7000008021,1000008021,20250304,2563,1,,GATEWAY,PAID,38100.00,2025-03-04 17:13:44
7000008022,1000008022,20250304,2378,1,,GATEWAY,PAID,34170.00,2025-03-04 18:11:49
7000008024,1000008024,20250304,713,1,,GATEWAY,PAID,87120.00,2025-03-04 19:13:16
7000008025,1000008025,20250304,2330,1,,CARD,PAID,30240.00,2025-03-04 20:22:50
7000008026,1000008026,20250304,2217,1,,CARD,PAID,16020.00,2025-03-04 20:59:14
7000008027,1000008027,20250304,1708,1,,GATEWAY,PAID,15720.00,2025-03-06 03:26:20
7000008028,1000008028,20250305,1972,1,,CARD,PAID,16320.00,2025-03-05 00:18:13
7000008029,1000008029,20250305,2565,1,,CARD,PAID,16020.00,2025-03-05 03:08:08
7000008030,1000008030,20250305,2390,1,,GATEWAY,FAILED,19350.00,
7000008031,1000008031,20250305,964,1,,GATEWAY,PAID,16020.00,2025-03-05 10:19:43
7000008032,1000008032,20250305,2105,1,,CARD,PAID,30240.00,2025-03-05 10:39:10
7000008033,1000008033,20250305,2302,1,,CARD,REFUNDED,48690.00,2025-03-05 11:05:22
7000008034,1000008034,20250305,1352,1,,CARD,REFUNDED,52320.00,2025-03-05 11:33:19
7000008036,1000008036,20250305,1096,1,,GATEWAY,PAID,19350.00,2025-03-05 13:21:02
7000008037,1000008037,20250305,1365,1,,CARD,FAILED,30540.00,
7000008040,1000008040,20250305,1778,1,,CARD,PAID,30240.00,2025-03-05 17:24:15
7000008041,1000008041,20250305,2568,1,,GATEWAY,PAID,37500.00,2025-03-05 18:04:53
7000008042,1000008042,20250305,1012,1,,CARD,PAID,34170.00,2025-03-05 18:20:49
7000008049,1000008049,20250305,2038,1,,CARD,PAID,30840.00,2025-03-05 20:36:25
7000008050,1000008050,20250305,913,1,,CARD,PAID,34170.00,2025-03-05 21:21:57
7000008051,1000008051,20250305,1072,1,,CARD,PAID,172788.00,2025-03-05 21:46:52
7000008052,1000008052,20250305,2047,1,,GATEWAY,PAID,45060.00,2025-03-05 22:11:50
7000008053,1000008053,20250306,2571,1,,GATEWAY,PAID,16020.00,2025-03-06 01:57:31
7000008054,1000008054,20250306,1637,1,,CARD,PAID,58080.00,2025-03-06 09:27:55
7000008055,1000008055,20250306,1810,1,,CARD,PAID,34170.00,2025-03-06 09:30:08
7000008059,1000008059,20250306,629,1,,CARD,PAID,15720.00,2025-03-06 11:24:37
7000008063,1000008063,20250306,2573,1,,CARD,PAID,15720.00,2025-03-06 13:17:44
7000008064,1000008064,20250306,2572,1,,CARD,PAID,19650.00,2025-03-06 13:18:11
7000008067,1000008067,20250306,359,1,,GATEWAY,PAID,34170.00,2025-03-06 17:14:56
7000008068,1000008068,20250306,2069,1,,GATEWAY,PAID,19650.00,2025-03-09 10:56:32
7000008072,1000008072,20250306,1977,1,,GATEWAY,PAID,19650.00,2025-03-06 19:21:25
7000008073,1000008073,20250306,2576,1,,GATEWAY,PAID,68970.00,2025-03-06 20:23:34
7000008074,1000008074,20250306,1973,1,,GATEWAY,PAID,16020.00,2025-03-06 20:29:03
7000008075,1000008075,20250306,1799,1,,CARD,PAID,30540.00,2025-03-06 20:51:08
7000008076,1000008076,20250306,2577,1,,CARD,PAID,19350.00,2025-03-06 21:03:27
7000008077,1000008077,20250306,142,1,,CARD,PAID,37500.00,2025-03-06 21:07:37
7000008078,1000008078,20250306,1422,1,,GATEWAY,PAID,65340.00,2025-03-06 21:45:43
7000008079,1000008079,20250306,287,1,,GATEWAY,PAID,15720.00,2025-03-06 22:42:33
7000008080,1000008080,20250306,1555,1,,CARD,PAID,30540.00,2025-03-06 22:52:13
7000008081,1000008081,20250307,2578,1,,GATEWAY,PAID,58080.00,2025-03-07 00:12:59
7000008082,1000008082,20250307,2579,1,,CARD,PAID,15720.00,2025-03-07 05:50:01
7000008083,1000008083,20250307,1142,1,,CARD,FAILED,16320.00,
7000008084,1000008084,20250307,2580,1,,GATEWAY,PAID,37500.00,2025-03-07 08:59:05
7000008087,1000008087,20250307,2583,1,,CARD,PAID,33870.00,2025-03-07 12:28:13
7000008088,1000008088,20250307,630,1,,GATEWAY,PAID,30840.00,2025-03-07 12:45:30
7000008090,1000008090,20250307,2285,1,,CARD,PAID,16320.00,2025-03-07 14:35:30
7000008095,1000008095,20250307,1684,1,,CARD,PAID,48390.00,2025-03-07 17:04:16
7000008102,1000008102,20250307,688,1,,CARD,PAID,19650.00,2025-03-07 19:21:58
7000008103,1000008103,20250307,543,1,,CARD,PAID,16020.00,2025-03-07 19:44:42
7000008104,1000008104,20250307,460,1,,CARD,PAID,15720.00,2025-03-07 21:06:46
7000008105,1000008105,20250307,2587,1,,CARD,PAID,16020.00,2025-03-07 21:23:19
7000008106,1000008106,20250307,2588,1,,CARD,PAID,48390.00,2025-03-07 21:45:50
7000008107,1000008107,20250307,2589,1,,GATEWAY,PAID,16020.00,2025-03-07 22:41:07
7000008108,1000008108,20250307,1526,1,,GATEWAY,PAID,37500.00,2025-03-07 23:30:51
7000008109,1000008109,20250308,1465,1,,GATEWAY,PAID,16020.00,2025-03-08 07:17:45
7000008111,1000008111,20250308,742,1,,CARD,PAID,14994.00,2025-03-08 11:30:13
7000008117,1000008117,20250308,1454,1,,CARD,PAID,15720.00,2025-03-08 13:57:02
7000008126,1000008126,20250308,2490,1,,CARD,PAID,48390.00,2025-03-08 16:56:59
7000008130,1000008130,20250308,1717,1,,GATEWAY,PAID,15720.00,2025-03-08 18:19:50
7000008132,1000008132,20250308,684,1,,CARD,PAID,15720.00,2025-03-08 18:42:21
7000008134,1000008134,20250308,1903,1,,CARD,PAID,45060.00,2025-03-08 21:01:09
7000008135,1000008135,20250308,2593,1,,CARD,PAID,15720.00,2025-03-08 23:10:22
7000008136,1000008136,20250308,2029,1,,GATEWAY,PAID,61710.00,2025-03-08 23:44:22
7000008137,1000008137,20250309,1960,1,,CARD,PAID,48690.00,2025-03-09 07:34:14
7000008138,1000008138,20250309,2594,1,,CARD,PAID,45360.00,2025-03-09 07:45:42
7000008139,1000008139,20250309,2595,1,,CARD,PAID,15720.00,2025-03-09 11:13:46
7000008140,1000008140,20250309,344,1,,CARD,PAID,16020.00,2025-03-09 13:26:07
7000008141,1000008141,20250309,1859,1,,CARD,PAID,19650.00,2025-03-09 15:16:48
7000008142,1000008142,20250309,1253,1,,CARD,PAID,19650.00,2025-03-09 15:39:25
7000008143,1000008143,20250309,123,1,,CARD,PAID,15720.00,2025-03-09 16:11:00
7000008144,1000008144,20250309,179,1,,CARD,PAID,30540.00,2025-03-09 19:49:33
7000008145,1000008145,20250309,1633,1,,CARD,PAID,48990.00,2025-03-09 20:41:42
7000008146,1000008146,20250309,2596,1,,CARD,PAID,19950.00,2025-03-09 20:51:37
7000008147,1000008147,20250309,2597,1,,GATEWAY,PAID,19950.00,2025-03-09 21:49:44
7000008148,1000008148,20250309,651,1,,CARD,FAILED,15720.00,
7000008149,1000008149,20250310,2489,1,,GATEWAY,PAID,37500.00,2025-03-10 09:36:33
7000008150,1000008150,20250310,15,1,,CARD,PAID,30540.00,2025-03-10 10:03:29
7000008152,1000008152,20250310,2598,1,,GATEWAY,PAID,87120.00,2025-03-10 12:29:34
7000008154,1000008154,20250310,2600,1,,CARD,PAID,68970.00,2025-03-10 14:25:44
7000008155,1000008155,20250310,1980,1,,CARD,PAID,54450.00,2025-03-10 14:56:04
7000008159,1000008159,20250310,2216,1,,CARD,PAID,19650.00,2025-03-10 16:59:51
7000008163,1000008163,20250310,2602,1,,GATEWAY,FAILED,44760.00,
7000008164,1000008164,20250310,2603,1,,GATEWAY,PAID,30840.00,2025-03-11 19:19:29
7000008165,1000008165,20250310,1924,1,,CARD,PAID,65340.00,2025-03-10 19:25:24
7000008166,1000008166,20250310,1554,1,,CARD,PAID,15720.00,2025-03-10 20:52:54
7000008167,1000008167,20250310,703,1,,CARD,PAID,16020.00,2025-03-10 21:54:10
7000008168,1000008168,20250310,52,1,,CARD,PAID,72600.00,2025-03-10 22:03:02
7000008169,1000008169,20250310,2036,1,,CARD,PAID,16020.00,2025-03-10 22:29:22
7000008170,1000008170,20250310,2550,1,,CARD,PAID,30540.00,2025-03-10 22:49:31
7000008171,1000008171,20250310,333,1,,GATEWAY,PAID,72600.00,2025-03-11 04:47:55
7000008172,1000008172,20250311,1016,1,,GATEWAY,PAID,15720.00,2025-03-11 02:49:19
7000008173,1000008173,20250311,1437,1,,GATEWAY,PAID,19650.00,2025-03-11 09:50:55
7000008174,1000008174,20250311,1885,1,,GATEWAY,PAID,34470.00,2025-03-11 11:49:53
7000008175,1000008175,20250311,1823,1,,GATEWAY,PAID,38100.00,2025-03-11 13:23:50
7000008177,1000008177,20250311,531,1,,CARD,PAID,27936.00,2025-03-11 14:30:04
7000008179,1000008179,20250311,2204,1,,CARD,PAID,30540.00,2025-03-11 15:27:21
7000008181,1000008181,20250311,1194,1,,GATEWAY,PAID,48690.00,2025-03-11 16:46:37
7000008183,1000008183,20250311,496,1,,CARD,PAID,35685.00,2025-03-11 17:27:39
7000008184,1000008184,20250311,2605,1,,CARD,PAID,19650.00,2025-03-11 18:19:11
7000008185,1000008185,20250311,632,1,,GATEWAY,PAID,30240.00,2025-03-11 18:30:22
7000008186,1000008186,20250311,1862,1,,CARD,REFUNDED,18135.00,2025-03-11 19:38:10
7000008187,1000008187,20250311,2526,1,,CARD,PAID,15720.00,2025-03-11 19:42:04
7000008189,1000008189,20250311,2306,1,,GATEWAY,PAID,30603.00,2025-03-11 21:20:47
7000008191,1000008191,20250311,2383,1,,CARD,PAID,17835.00,2025-03-11 22:13:31
7000008199,1000008199,20250312,560,2,2,TRANSFER,PAID,29040.00,2025-03-12 10:05:13
7000008200,1000008200,20250312,1602,2,2,CARD,PAID,16020.00,2025-03-12 13:47:37
7000008202,1000008202,20250312,1844,2,4,CARD,PAID,32670.00,2025-03-12 14:37:26
7000008204,1000008204,20250312,232,2,2,CARD,PAID,29040.00,2025-03-12 16:24:25
7000008205,1000008205,20250312,2608,2,1,CARD,PAID,29040.00,2025-03-12 17:10:43
7000008209,1000008209,20250312,2382,2,2,CASH,PAID,14520.00,2025-03-12 18:59:56
7000008211,1000008211,20250312,1888,2,1,CASH,PAID,36300.00,2025-03-12 19:22:45
7000008213,1000008213,20250312,1619,2,1,CASH,PAID,14520.00,2025-03-12 19:41:22
7000008221,1000008221,20250313,462,2,1,CARD,PAID,29040.00,2025-03-13 13:19:04
7000008224,1000008224,20250313,616,2,3,CARD,PAID,29040.00,2025-03-13 16:15:39
7000008225,1000008225,20250313,2531,2,3,CASH,PAID,14520.00,2025-03-13 17:09:29
7000008227,1000008227,20250313,2123,2,2,CASH,PAID,88209.00,2025-03-13 18:23:20
7000008229,1000008229,20250313,799,2,1,CARD,PAID,43560.00,2025-03-13 18:45:05
7000008239,1000008239,20250314,236,2,2,TRANSFER,PAID,29040.00,2025-03-14 10:44:49
7000008241,1000008241,20250314,1858,2,4,CARD,PAID,36300.00,2025-03-14 12:31:04
7000008242,1000008242,20250314,389,2,1,CASH,PAID,14520.00,2025-03-14 12:44:54
7000008245,1000008245,20250314,2616,2,1,CASH,PAID,72600.00,2025-03-14 15:19:44
7000008246,1000008246,20250314,1527,2,1,CARD,PAID,14520.00,2025-03-14 16:00:44
7000008247,1000008247,20250314,2264,2,3,CARD,PAID,29040.00,2025-03-14 16:11:49
7000008248,1000008248,20250314,865,2,1,CARD,PAID,36300.00,2025-03-14 16:58:11
7000008249,1000008249,20250314,2617,2,3,CARD,PAID,54450.00,2025-03-14 17:50:39
7000008250,1000008250,20250314,2536,2,1,CARD,PAID,72600.00,2025-03-14 18:39:35
7000008254,1000008254,20250315,2619,2,2,CASH,PAID,18150.00,2025-03-15 11:42:38
7000008255,1000008255,20250315,1041,2,3,CARD,PAID,18150.00,2025-03-15 12:03:08
7000008256,1000008256,20250315,2620,2,3,CARD,PAID,14520.00,2025-03-15 12:44:44
7000008257,1000008257,20250315,2621,2,2,CASH,PAID,29040.00,2025-03-15 13:04:41
7000008258,1000008258,20250315,2266,2,4,TRANSFER,PAID,68970.00,2025-03-15 13:28:05
7000008259,1000008259,20250315,1944,2,1,TRANSFER,PAID,26136.00,2025-03-15 13:42:17
7000008260,1000008260,20250315,840,2,2,CARD,PAID,18150.00,2025-03-15 14:20:27
7000008265,1000008265,20250315,160,2,1,TRANSFER,PAID,54450.00,2025-03-15 16:27:22
7000008266,1000008266,20250315,600,2,2,CARD,PAID,43560.00,2025-03-15 16:32:12
7000008267,1000008267,20250315,2623,2,1,CARD,PAID,72600.00,2025-03-15 17:57:56
7000008268,1000008268,20250315,2272,2,2,CARD,PAID,68970.00,2025-03-15 18:13:04
7000008269,1000008269,20250315,2527,2,3,CARD,PAID,87120.00,2025-03-15 18:17:51
7000008270,1000008270,20250315,2624,2,2,TRANSFER,PAID,54450.00,2025-03-15 18:30:54
7000008272,1000008272,20250315,1664,2,1,CARD,PAID,29040.00,2025-03-15 19:23:50
7000008273,1000008273,20250315,2625,2,2,CARD,PAID,87120.00,2025-03-15 19:59:11
7000008292,1000008292,20250317,1157,2,4,CARD,PAID,18150.00,2025-03-17 13:11:27
7000008298,1000008298,20250317,475,2,2,CARD,PAID,14520.00,2025-03-17 19:55:27
7000008308,1000008308,20250318,1846,2,1,CARD,PAID,72600.00,2025-03-18 10:14:25
7000008310,1000008310,20250318,1148,2,3,CASH,PAID,14520.00,2025-03-18 13:26:57
7000008313,1000008313,20250318,321,2,1,CASH,PAID,29040.00,2025-03-18 17:07:42
7000008314,1000008314,20250318,1569,2,1,CARD,PAID,30240.00,2025-03-18 17:39:34
7000008316,1000008316,20250318,2493,2,2,CASH,PAID,65340.00,2025-03-18 18:06:27
7000008327,1000008327,20250319,2642,2,3,CARD,PAID,18150.00,2025-03-19 12:06:58
7000008328,1000008328,20250319,1459,2,3,CARD,PAID,14520.00,2025-03-19 12:20:10
7000008330,1000008330,20250319,2644,2,3,CASH,PAID,14520.00,2025-03-19 12:40:19
7000008331,1000008331,20250319,1151,2,1,CASH,PAID,29040.00,2025-03-19 16:24:27
7000008333,1000008333,20250319,1472,2,4,CASH,PAID,36300.00,2025-03-19 16:56:58
7000008334,1000008334,20250319,492,2,4,CASH,REFUNDED,16320.00,2025-03-19 17:44:45
7000008335,1000008335,20250319,1112,2,1,CARD,PAID,47190.00,2025-03-19 19:37:06
7000008336,1000008336,20250319,2645,2,1,CARD,PAID,47190.00,2025-03-19 19:51:14
7000008337,1000008337,20250319,2112,2,1,CARD,PAID,45738.00,2025-03-19 20:29:44
7000008343,1000008343,20250320,76,2,2,CASH,PAID,68970.00,2025-03-20 10:04:47
7000008344,1000008344,20250320,2647,2,1,CASH,PAID,36300.00,2025-03-20 11:14:38
7000008345,1000008345,20250320,2042,2,3,CARD,PAID,13068.00,2025-03-20 12:04:30
7000008346,1000008346,20250320,230,2,2,CARD,PAID,43560.00,2025-03-20 13:26:00
7000008348,1000008348,20250320,981,2,2,TRANSFER,PAID,18150.00,2025-03-20 15:10:14
7000008350,1000008350,20250320,2648,2,4,CASH,PAID,14520.00,2025-03-20 16:37:55
7000008351,1000008351,20250320,628,2,3,CARD,PAID,61710.00,2025-03-20 17:06:30
7000008352,1000008352,20250320,2649,2,3,CARD,PAID,36300.00,2025-03-20 17:40:57
7000008354,1000008354,20250320,1291,2,2,CARD,PAID,18150.00,2025-03-20 18:01:56
7000008357,1000008357,20250320,395,2,1,CASH,PAID,37500.00,2025-03-20 19:57:36
7000008364,1000008364,20250321,808,2,4,CARD,PAID,32670.00,2025-03-21 13:40:33
7000008366,1000008366,20250321,2655,2,4,CASH,PAID,47190.00,2025-03-21 14:44:14
7000008367,1000008367,20250321,1272,2,2,CASH,PAID,18150.00,2025-03-21 15:25:32
7000008370,1000008370,20250321,2656,2,1,CARD,PAID,13068.00,2025-03-21 17:13:42
7000008371,1000008371,20250321,2239,2,1,CARD,PAID,36300.00,2025-03-21 17:43:05
7000008372,1000008372,20250321,1671,2,2,CARD,PAID,14520.00,2025-03-21 17:59:42
7000008373,1000008373,20250321,424,2,4,CARD,PAID,58080.00,2025-03-21 18:00:12
7000008374,1000008374,20250321,1757,2,2,CASH,PAID,13068.00,2025-03-21 18:56:57
7000008376,1000008376,20250321,1697,2,4,CASH,REFUNDED,36300.00,2025-03-21 20:44:36
7000008381,1000008381,20250322,2149,2,3,CARD,PAID,13068.00,2025-03-22 10:20:54
7000008386,1000008386,20250322,2143,2,4,CARD,PAID,47190.00,2025-03-22 12:16:34
7000008387,1000008387,20250322,1584,2,1,CASH,PAID,15720.00,2025-03-22 12:36:48
7000008388,1000008388,20250322,2265,2,3,CARD,PAID,54450.00,2025-03-22 12:59:51
7000008389,1000008389,20250322,1517,2,2,CASH,PAID,72600.00,2025-03-22 13:04:37
7000008391,1000008391,20250322,2661,2,1,TRANSFER,PAID,14520.00,2025-03-22 13:18:00
7000008392,1000008392,20250322,163,2,2,CARD,PAID,29040.00,2025-03-22 13:42:05
7000008393,1000008393,20250322,660,2,1,CARD,PAID,36300.00,2025-03-22 13:59:47
7000008394,1000008394,20250322,1146,2,4,CASH,PAID,14520.00,2025-03-22 14:02:06
7000008396,1000008396,20250322,1103,2,4,CARD,PAID,54450.00,2025-03-22 14:45:39
7000008397,1000008397,20250322,2418,2,1,CARD,PAID,18150.00,2025-03-22 15:32:27
7000008398,1000008398,20250322,2662,2,3,CASH,PAID,58080.00,2025-03-22 15:46:19
7000008400,1000008400,20250322,330,2,1,TRANSFER,PAID,14520.00,2025-03-22 16:13:28
7000008401,1000008401,20250322,1484,2,1,CARD,PAID,18150.00,2025-03-22 16:50:20
7000008403,1000008403,20250322,2663,2,1,CARD,PAID,13068.00,2025-03-22 17:11:12
7000008404,1000008404,20250322,2163,2,1,CARD,PAID,29040.00,2025-03-22 17:44:03
7000008405,1000008405,20250322,2262,2,2,CARD,PAID,50820.00,2025-03-22 18:15:51
7000008407,1000008407,20250322,1843,2,3,TRANSFER,PAID,14520.00,2025-03-22 19:37:23
7000008408,1000008408,20250322,1895,2,2,CASH,PAID,32670.00,2025-03-22 19:41:33
7000008424,1000008424,20250324,2120,2,3,CARD,PAID,36300.00,2025-03-24 10:17:09
7000008425,1000008425,20250324,1662,2,1,CARD,PAID,18150.00,2025-03-24 12:29:31
7000008428,1000008428,20250324,2671,2,2,CARD,PAID,18150.00,2025-03-24 12:56:07
7000008430,1000008430,20250324,699,2,4,CASH,PAID,32670.00,2025-03-24 13:56:51
7000008434,1000008434,20250324,1334,2,4,CARD,PAID,18150.00,2025-03-24 18:25:56
7000008435,1000008435,20250324,357,2,1,CARD,PAID,54450.00,2025-03-24 18:40:54
7000008438,1000008438,20250324,891,2,2,CARD,PAID,36300.00,2025-03-24 19:03:42
7000008442,1000008442,20250325,2675,2,2,CASH,PAID,43560.00,2025-03-25 11:00:29
7000008444,1000008444,20250325,587,2,4,CARD,PAID,29040.00,2025-03-25 12:06:07
7000008445,1000008445,20250325,1196,2,1,CASH,PAID,29040.00,2025-03-25 12:17:12
7000008446,1000008446,20250325,1635,2,2,CASH,PAID,68970.00,2025-03-25 12:34:44
7000008448,1000008448,20250325,1035,2,2,CARD,PAID,16335.00,2025-03-25 14:18:16
7000008454,1000008454,20250325,1493,2,1,CARD,PAID,36300.00,2025-03-25 19:38:23
7000008455,1000008455,20250325,2677,2,2,CASH,PAID,16335.00,2025-03-25 19:58:59
7000008456,1000008456,20250325,1460,2,2,CARD,PAID,14520.00,2025-03-25 20:09:29
7000008464,1000008464,20250326,1863,2,3,CASH,PAID,14520.00,2025-03-26 12:38:54
7000008467,1000008467,20250326,2017,2,1,TRANSFER,PAID,29040.00,2025-03-26 13:15:34
7000008470,1000008470,20250326,273,2,3,CASH,PAID,16335.00,2025-03-26 16:49:42
7000008471,1000008471,20250326,2166,2,1,CARD,REFUNDED,14520.00,2025-03-26 17:14:03
7000008472,1000008472,20250326,2092,2,2,CARD,PAID,18150.00,2025-03-26 17:39:28
7000008480,1000008480,20250327,1683,2,1,CASH,PAID,29040.00,2025-03-27 11:02:53
7000008482,1000008482,20250327,2015,2,3,CARD,PAID,58080.00,2025-03-27 11:47:10
7000008483,1000008483,20250327,600,2,2,CARD,PAID,29040.00,2025-03-27 11:54:13
7000008485,1000008485,20250327,1927,2,1,CARD,PAID,14520.00,2025-03-27 12:11:47
7000008487,1000008487,20250327,1817,2,4,CARD,PAID,76230.00,2025-03-27 14:24:03
7000008490,1000008490,20250327,2223,2,4,CARD,PAID,50820.00,2025-03-27 17:00:34
7000008492,1000008492,20250327,613,2,4,CASH,PAID,29040.00,2025-03-27 20:47:28
7000008495,1000008495,20250328,1586,2,1,CARD,PAID,18150.00,2025-03-28 10:08:50
7000008497,1000008497,20250328,1776,2,3,TRANSFER,PAID,14520.00,2025-03-28 11:01:49
7000008499,1000008499,20250328,280,2,2,CASH,PAID,14520.00,2025-03-28 11:38:44
7000008500,1000008500,20250328,2312,2,4,CARD,PAID,29040.00,2025-03-28 12:04:39
7000008501,1000008501,20250328,1354,2,3,CARD,PAID,29040.00,2025-03-28 12:44:38
7000008504,1000008504,20250328,866,2,3,CASH,PAID,14520.00,2025-03-28 14:35:07
7000008506,1000008506,20250328,1104,2,1,CASH,PAID,43560.00,2025-03-28 15:20:27
7000008508,1000008508,20250328,1902,2,3,CARD,PAID,18150.00,2025-03-28 16:40:40
7000008509,1000008509,20250328,2489,2,1,CARD,PAID,43560.00,2025-03-28 17:12:29
7000008510,1000008510,20250328,1086,2,4,CARD,PAID,29040.00,2025-03-28 17:43:55
7000008513,1000008513,20250328,2071,2,1,CARD,PAID,14520.00,2025-03-28 20:03:58
7000008514,1000008514,20250328,2685,2,3,TRANSFER,PAID,75141.00,2025-03-28 20:09:29
7000008517,1000008517,20250329,2542,2,1,TRANSFER,PAID,43560.00,2025-03-29 10:47:01
7000008518,1000008518,20250329,1512,2,2,CARD,PAID,54450.00,2025-03-29 11:35:59
7000008519,1000008519,20250329,2271,2,2,CARD,PAID,14520.00,2025-03-29 11:43:50
7000008521,1000008521,20250329,2107,2,2,CARD,PAID,18150.00,2025-03-29 12:56:48
7000008524,1000008524,20250329,1488,2,3,CARD,PAID,47190.00,2025-03-29 15:32:28
7000008526,1000008526,20250329,2283,2,1,CARD,PAID,29403.00,2025-03-29 17:51:45
7000008528,1000008528,20250329,349,2,4,CASH,PAID,18150.00,2025-03-29 18:34:53
7000008529,1000008529,20250329,2688,2,4,CARD,PAID,50820.00,2025-03-29 19:04:21
7000008550,1000008550,20250331,2206,2,1,TRANSFER,PAID,15720.00,2025-03-31 11:52:31
7000008553,1000008553,20250331,2699,2,3,CARD,PAID,32670.00,2025-03-31 14:14:54
7000008554,1000008554,20250331,2700,2,2,CARD,PAID,58080.00,2025-03-31 14:31:31
7000008555,1000008555,20250331,2701,2,1,CARD,PAID,14520.00,2025-03-31 14:57:57
7000008556,1000008556,20250331,1546,2,1,CASH,PAID,61710.00,2025-03-31 17:07:27
7000008557,1000008557,20250331,2347,2,4,CARD,PAID,29040.00,2025-03-31 17:38:53
7000008559,1000008559,20250331,1015,2,3,TRANSFER,PAID,14520.00,2025-03-31 18:09:41
7000008563,1000008563,20250401,2703,2,1,CARD,PAID,18150.00,2025-04-01 10:18:25
7000008572,1000008572,20250401,2707,2,2,CARD,PAID,18150.00,2025-04-01 18:09:53
7000008573,1000008573,20250401,614,2,3,CARD,PAID,14520.00,2025-04-01 18:24:21
7000008574,1000008574,20250401,2407,2,3,CASH,PAID,58080.00,2025-04-01 18:48:07
7000008575,1000008575,20250401,2708,2,4,CASH,PAID,76230.00,2025-04-01 20:03:08
7000008584,1000008584,20250402,1645,2,2,CARD,PAID,43560.00,2025-04-02 11:09:12
7000008585,1000008585,20250402,2711,2,2,CARD,PAID,18150.00,2025-04-02 11:23:35
7000008588,1000008588,20250402,1468,2,1,CASH,PAID,54450.00,2025-04-02 13:12:26
7000008589,1000008589,20250402,2712,2,2,CARD,PAID,18150.00,2025-04-02 13:59:09
7000008592,1000008592,20250402,2124,2,1,CARD,PAID,29040.00,2025-04-02 17:39:43
7000008594,1000008594,20250402,1930,2,1,CASH,PAID,29040.00,2025-04-02 18:49:41
7000008597,1000008597,20250402,640,2,1,CARD,PAID,47190.00,2025-04-02 19:43:28
7000008604,1000008604,20250403,2608,2,1,CARD,PAID,37500.00,2025-04-03 12:44:50
7000008605,1000008605,20250403,536,2,3,CASH,PAID,54450.00,2025-04-03 12:47:00
7000008606,1000008606,20250403,374,2,1,CASH,PAID,32670.00,2025-04-03 14:49:39
7000008608,1000008608,20250403,1819,2,4,CARD,PAID,76230.00,2025-04-03 15:35:54
7000008609,1000008609,20250403,1846,2,1,CASH,PAID,98010.00,2025-04-03 16:31:18
7000008610,1000008610,20250403,232,2,2,CARD,PAID,14520.00,2025-04-03 16:33:53
7000008611,1000008611,20250403,1505,2,1,CARD,PAID,68970.00,2025-04-03 17:14:16
7000008612,1000008612,20250403,897,2,2,CASH,PAID,50820.00,2025-04-03 17:19:47
7000008613,1000008613,20250403,258,2,1,CARD,PAID,36300.00,2025-04-03 17:48:45
7000008616,1000008616,20250403,2129,2,1,CASH,PAID,14520.00,2025-04-03 19:47:50
7000008617,1000008617,20250403,1655,2,3,CARD,PAID,14568.00,2025-04-03 20:14:04
7000008621,1000008621,20250404,1618,2,2,CARD,PAID,54450.00,2025-04-04 10:45:08
7000008622,1000008622,20250404,2026,2,3,CASH,PAID,29040.00,2025-04-04 11:15:42
7000008625,1000008625,20250404,761,2,1,CASH,PAID,14520.00,2025-04-04 13:24:57
7000008627,1000008627,20250404,1676,2,4,CASH,PAID,75141.00,2025-04-04 15:21:54
7000008628,1000008628,20250404,1912,2,3,TRANSFER,PAID,14520.00,2025-04-04 17:03:23
7000008629,1000008629,20250404,1559,2,2,TRANSFER,PAID,14520.00,2025-04-04 17:08:52
7000008632,1000008632,20250404,936,2,4,CARD,FAILED,29403.00,
7000008633,1000008633,20250404,1326,2,1,CASH,PAID,43560.00,2025-04-04 19:44:14
7000008634,1000008634,20250404,2396,2,1,CASH,PAID,18150.00,2025-04-04 20:01:22
7000008635,1000008635,20250404,1585,2,3,CARD,PAID,29040.00,2025-04-04 20:03:08
7000008641,1000008641,20250405,2721,2,3,CASH,PAID,36300.00,2025-04-05 12:20:25
7000008642,1000008642,20250405,2256,2,1,CASH,PAID,37500.00,2025-04-05 13:00:56
7000008643,1000008643,20250405,2722,2,2,CASH,PAID,19650.00,2025-04-05 14:45:44
7000008646,1000008646,20250405,751,2,3,CASH,PAID,43560.00,2025-04-05 17:03:29
7000008648,1000008648,20250405,1413,2,2,CARD,REFUNDED,185130.00,2025-04-05 17:46:03
7000008651,1000008651,20250405,750,2,1,CARD,PAID,68970.00,2025-04-05 19:22:36
7000008675,1000008675,20250407,2731,2,3,CASH,PAID,32670.00,2025-04-07 11:40:18
7000008676,1000008676,20250407,2732,2,2,CARD,PAID,36300.00,2025-04-07 13:29:52
7000008677,1000008677,20250407,1627,2,2,CASH,PAID,29040.00,2025-04-07 14:47:35
7000008678,1000008678,20250407,2367,2,4,CARD,REFUNDED,16335.00,2025-04-07 16:51:06
7000008692,1000008692,20250408,1513,2,2,CARD,PAID,18150.00,2025-04-08 11:18:06
7000008694,1000008694,20250408,2414,2,1,CARD,PAID,29040.00,2025-04-08 11:26:43
7000008695,1000008695,20250408,1960,2,2,CASH,PAID,47190.00,2025-04-08 12:05:27
7000008696,1000008696,20250408,2736,2,2,CARD,PAID,14520.00,2025-04-08 12:14:24
7000008700,1000008700,20250408,1085,2,3,CASH,PAID,29040.00,2025-04-08 13:09:38
7000008702,1000008702,20250408,1401,2,1,CARD,PAID,68970.00,2025-04-08 13:54:55
7000008703,1000008703,20250408,2740,2,1,TRANSFER,PAID,36300.00,2025-04-08 14:43:10
7000008708,1000008708,20250408,2741,2,2,CARD,PAID,36300.00,2025-04-08 17:02:53
7000008711,1000008711,20250408,1489,2,2,CARD,PAID,29040.00,2025-04-08 18:37:14
7000008713,1000008713,20250408,1497,2,2,CARD,PAID,36300.00,2025-04-08 19:05:45
7000008727,1000008727,20250409,2152,2,4,CARD,PAID,18150.00,2025-04-09 13:20:46
7000008732,1000008732,20250409,430,2,4,CARD,PAID,16335.00,2025-04-09 19:27:03
7000008737,1000008737,20250409,2584,2,2,CASH,PAID,29040.00,2025-04-09 20:38:04
7000008744,1000008744,20250410,2748,2,1,CARD,PAID,14520.00,2025-04-10 10:14:46
7000008746,1000008746,20250410,2749,2,1,CARD,PAID,14520.00,2025-04-10 11:07:06
7000008747,1000008747,20250410,646,2,4,CASH,PAID,14520.00,2025-04-10 11:15:11
7000008749,1000008749,20250410,2091,2,2,CARD,PAID,18150.00,2025-04-10 11:47:47
7000008751,1000008751,20250410,2025,2,1,TRANSFER,PAID,32670.00,2025-04-10 11:50:12
7000008767,1000008767,20250411,1731,2,1,CARD,PAID,58080.00,2025-04-11 10:13:17
7000008771,1000008771,20250411,2513,2,4,TRANSFER,PAID,29040.00,2025-04-11 11:11:52
7000008772,1000008772,20250411,308,2,2,CARD,PAID,29040.00,2025-04-11 11:32:35
7000008773,1000008773,20250411,2363,2,2,CASH,PAID,29040.00,2025-04-11 11:54:41
7000008774,1000008774,20250411,1399,2,1,CASH,PAID,54450.00,2025-04-11 12:34:54
7000008775,1000008775,20250411,2758,2,3,CASH,PAID,43560.00,2025-04-11 12:46:03
7000008778,1000008778,20250411,515,2,3,CARD,PAID,50820.00,2025-04-11 17:19:16
7000008792,1000008792,20250412,1589,2,1,CARD,PAID,37500.00,2025-04-12 15:05:18
7000008795,1000008795,20250412,2763,2,1,CASH,PAID,29040.00,2025-04-12 16:31:19
7000008796,1000008796,20250412,2355,2,4,CARD,PAID,36300.00,2025-04-12 16:41:29
7000008798,1000008798,20250412,2764,2,4,CARD,PAID,14520.00,2025-04-12 17:25:10
7000008799,1000008799,20250412,2765,2,3,TRANSFER,PAID,14520.00,2025-04-12 18:17:26
7000008800,1000008800,20250412,1484,2,1,TRANSFER,PAID,32670.00,2025-04-12 18:49:37
7000008822,1000008822,20250414,1940,2,2,CARD,PAID,14520.00,2025-04-14 11:43:47
7000008823,1000008823,20250414,2192,2,1,CARD,PAID,116160.00,2025-04-14 12:36:07
7000008825,1000008825,20250414,1942,2,3,CASH,PAID,14520.00,2025-04-14 13:13:10
7000008829,1000008829,20250414,2453,2,3,CARD,PAID,14520.00,2025-04-14 15:05:48
7000008831,1000008831,20250414,441,2,2,CARD,PAID,18150.00,2025-04-14 16:00:53
7000008834,1000008834,20250414,1175,2,1,CARD,PAID,42471.00,2025-04-14 17:45:19
7000008835,1000008835,20250414,2774,2,1,CASH,PAID,29040.00,2025-04-14 18:54:37
7000008836,1000008836,20250414,907,2,3,CASH,PAID,18150.00,2025-04-14 18:59:10
7000008838,1000008838,20250414,2462,2,2,CARD,PAID,49005.00,2025-04-14 19:12:28
7000008839,1000008839,20250414,2775,2,1,CARD,PAID,14520.00,2025-04-14 19:45:06
7000008840,1000008840,20250414,1327,2,4,CARD,PAID,14520.00,2025-04-14 20:22:26
7000008841,1000008841,20250414,1389,2,1,CASH,PAID,14520.00,2025-04-14 20:58:55
7000008849,1000008849,20250415,455,2,2,CARD,PAID,54450.00,2025-04-15 11:37:37
7000008850,1000008850,20250415,2181,2,1,TRANSFER,PAID,14520.00,2025-04-15 12:14:05
7000008851,1000008851,20250415,600,2,2,CASH,PAID,54450.00,2025-04-15 12:46:05
7000008852,1000008852,20250415,2467,2,1,CASH,PAID,14520.00,2025-04-15 13:09:01
7000008856,1000008856,20250415,2778,2,1,CASH,PAID,50820.00,2025-04-15 17:24:52
7000008858,1000008858,20250415,273,2,3,CARD,PAID,32670.00,2025-04-15 18:20:10
7000008859,1000008859,20250415,177,2,3,CASH,PAID,36300.00,2025-04-15 18:20:34
7000008869,1000008869,20250416,2225,2,1,TRANSFER,PAID,14520.00,2025-04-16 10:37:21
7000008870,1000008870,20250416,2160,2,1,CARD,PAID,32670.00,2025-04-16 10:56:53
7000008871,1000008871,20250416,2783,2,1,CARD,PAID,18150.00,2025-04-16 11:17:16
7000008873,1000008873,20250416,1272,2,2,CASH,PAID,50820.00,2025-04-16 13:04:55
7000008877,1000008877,20250416,301,2,1,CASH,PAID,14520.00,2025-04-16 18:17:59
7000008878,1000008878,20250416,1631,2,2,CARD,PAID,32670.00,2025-04-16 18:32:59
7000008879,1000008879,20250416,2700,2,2,CARD,PAID,18150.00,2025-04-16 18:59:27
7000008882,1000008882,20250416,212,2,1,CARD,PAID,36300.00,2025-04-16 19:43:32
7000008891,1000008891,20250417,1584,2,1,CARD,PAID,58080.00,2025-04-17 13:35:32
7000008896,1000008896,20250417,1135,2,1,CARD,PAID,18150.00,2025-04-17 16:44:44
7000008905,1000008905,20250418,93,2,2,CARD,PAID,72600.00,2025-04-18 16:13:40
7000008906,1000008906,20250418,1155,2,2,CASH,PAID,29040.00,2025-04-18 18:29:24
7000008907,1000008907,20250418,1221,2,2,CASH,PAID,32670.00,2025-04-18 19:05:12
7000008908,1000008908,20250418,487,2,2,CARD,PAID,32670.00,2025-04-18 20:21:53
7000008915,1000008915,20250419,1569,2,1,CASH,PAID,36300.00,2025-04-19 12:36:39
7000008916,1000008916,20250419,1467,2,2,CARD,PAID,14520.00,2025-04-19 12:39:46
7000008917,1000008917,20250419,2199,2,3,CASH,PAID,29040.00,2025-04-19 13:25:31
7000008920,1000008920,20250419,2689,2,1,CASH,PAID,54450.00,2025-04-19 13:41:54
7000008921,1000008921,20250419,2472,2,2,CARD,PAID,14520.00,2025-04-19 14:10:41
7000008923,1000008923,20250419,2787,2,3,CARD,PAID,14520.00,2025-04-19 14:25:31
7000008925,1000008925,20250419,474,2,4,CARD,PAID,14520.00,2025-04-19 15:07:14
7000008927,1000008927,20250419,1843,2,3,CARD,PAID,16335.00,2025-04-19 15:07:53
7000008928,1000008928,20250419,2617,2,3,CARD,PAID,16020.00,2025-04-19 15:33:59
7000008929,1000008929,20250419,679,2,3,CASH,PAID,47190.00,2025-04-19 16:22:04
7000008930,1000008930,20250419,750,2,1,CARD,PAID,13068.00,2025-04-19 16:28:27
7000008931,1000008931,20250419,1884,2,1,CARD,PAID,14520.00,2025-04-19 16:54:24
7000008932,1000008932,20250419,2788,2,4,CARD,PAID,14520.00,2025-04-19 18:01:40
7000008934,1000008934,20250419,1888,2,1,CARD,PAID,36300.00,2025-04-19 18:54:46
7000008935,1000008935,20250419,2624,2,2,CASH,PAID,50820.00,2025-04-19 20:24:00
7000008950,1000008950,20250421,2166,2,1,CASH,PAID,29040.00,2025-04-21 11:52:38
7000008951,1000008951,20250421,1758,2,2,CASH,PAID,18150.00,2025-04-21 13:51:04
7000008952,1000008952,20250421,718,2,1,CASH,PAID,54450.00,2025-04-21 14:10:58
7000008953,1000008953,20250421,2298,2,4,CARD,PAID,36300.00,2025-04-21 15:16:58
7000008954,1000008954,20250421,2315,2,3,CASH,PAID,43560.00,2025-04-21 15:33:25
7000008955,1000008955,20250421,2796,2,2,CARD,REFUNDED,58080.00,2025-04-21 16:01:06
7000008956,1000008956,20250421,1154,2,1,CARD,PAID,50820.00,2025-04-21 16:23:29
7000008959,1000008959,20250421,2152,2,4,CASH,PAID,14520.00,2025-04-21 17:43:33
7000008963,1000008963,20250421,542,2,2,TRANSFER,PAID,14520.00,2025-04-21 19:20:41
7000008965,1000008965,20250421,227,2,3,CASH,PAID,18150.00,2025-04-21 20:23:54
7000008967,1000008967,20250421,617,2,4,CASH,PAID,14520.00,2025-04-21 20:48:56
7000008974,1000008974,20250422,1468,2,1,CARD,PAID,18150.00,2025-04-22 11:51:18
7000008976,1000008976,20250422,1839,2,4,CASH,PAID,18150.00,2025-04-22 13:23:30
7000008983,1000008983,20250422,2551,2,4,CARD,FAILED,29040.00,
7000008993,1000008993,20250423,1701,2,4,CASH,PAID,32670.00,2025-04-23 10:13:04
7000008994,1000008994,20250423,1603,2,4,CARD,PAID,30840.00,2025-04-23 10:19:47
7000008995,1000008995,20250423,291,2,2,CASH,PAID,18150.00,2025-04-23 10:57:32
7000008998,1000008998,20250423,2805,2,2,CASH,PAID,14520.00,2025-04-23 15:25:11
7000008999,1000008999,20250423,2654,2,1,CARD,PAID,61710.00,2025-04-23 16:08:02
7000009000,1000009000,20250423,1739,2,4,CARD,PAID,18150.00,2025-04-23 16:24:43
7000009002,1000009002,20250423,2807,2,3,CARD,PAID,18150.00,2025-04-23 18:52:52
7000009004,1000009004,20250423,395,2,1,CASH,PAID,58080.00,2025-04-23 20:15:36
7000009009,1000009009,20250424,1493,2,1,CASH,PAID,50820.00,2025-04-24 12:56:32
7000009012,1000009012,20250424,2196,2,3,CARD,PAID,14520.00,2025-04-24 17:18:20
7000009013,1000009013,20250424,707,2,2,CASH,PAID,65340.00,2025-04-24 17:42:22
7000009015,1000009015,20250424,714,2,4,CARD,REFUNDED,14520.00,2025-04-24 18:39:58
7000009023,1000009023,20250425,1255,2,4,CASH,PAID,14520.00,2025-04-25 12:47:38
7000009029,1000009029,20250425,2811,2,4,CARD,PAID,14520.00,2025-04-25 17:56:49
7000009030,1000009030,20250425,426,2,1,CARD,PAID,54450.00,2025-04-25 18:07:59
7000009034,1000009034,20250425,2812,2,2,TRANSFER,PAID,14520.00,2025-04-25 20:54:18
7000009038,1000009038,20250426,1596,2,3,CARD,PAID,36300.00,2025-04-26 11:44:09
7000009040,1000009040,20250426,1676,2,4,CASH,PAID,36300.00,2025-04-26 12:28:54
7000009041,1000009041,20250426,1430,2,2,CARD,PAID,36300.00,2025-04-26 12:35:01
7000009042,1000009042,20250426,2816,2,2,CASH,PAID,14520.00,2025-04-26 12:47:37
7000009043,1000009043,20250426,751,2,3,CARD,PAID,29040.00,2025-04-26 13:09:38
7000009045,1000009045,20250426,1585,2,3,CASH,PAID,43560.00,2025-04-26 14:30:23
7000009046,1000009046,20250426,2817,2,2,CARD,PAID,18150.00,2025-04-26 15:31:21
7000009047,1000009047,20250426,2397,2,4,CARD,PAID,43560.00,2025-04-26 16:23:02
7000009048,1000009048,20250426,1540,2,1,CARD,PAID,14520.00,2025-04-26 16:51:35
7000009049,1000009049,20250426,2818,2,1,CASH,PAID,32670.00,2025-04-26 17:01:23
7000009052,1000009052,20250426,2347,2,4,CASH,PAID,79860.00,2025-04-26 17:51:54
7000009053,1000009053,20250426,1130,2,1,TRANSFER,PAID,18150.00,2025-04-26 18:39:24
7000009054,1000009054,20250426,2071,2,1,CASH,PAID,101640.00,2025-04-26 19:03:58
7000009055,1000009055,20250426,2275,2,1,TRANSFER,PAID,14520.00,2025-04-26 19:28:59
7000009074,1000009074,20250428,1156,2,2,CASH,PAID,14520.00,2025-04-28 10:03:26
7000009077,1000009077,20250428,620,2,1,CASH,PAID,50820.00,2025-04-28 19:50:22
7000009078,1000009078,20250428,2638,2,4,TRANSFER,PAID,47190.00,2025-04-28 20:29:25
7000009086,1000009086,20250429,1354,2,3,TRANSFER,PAID,29040.00,2025-04-29 10:38:34
7000009087,1000009087,20250429,2700,2,2,CARD,PAID,18150.00,2025-04-29 12:41:02
7000009088,1000009088,20250429,2142,2,1,CARD,PAID,36300.00,2025-04-29 13:21:26
7000009091,1000009091,20250429,1292,2,4,CASH,PAID,50820.00,2025-04-29 15:20:41
7000009092,1000009092,20250429,2174,2,2,CARD,PAID,54450.00,2025-04-29 16:38:59
7000009094,1000009094,20250429,273,2,3,TRANSFER,PAID,14520.00,2025-04-29 18:03:37
7000009098,1000009098,20250429,614,2,3,CASH,PAID,18150.00,2025-04-29 18:58:03
7000009099,1000009099,20250429,1634,2,2,CARD,PAID,18150.00,2025-04-29 18:58:42
7000009100,1000009100,20250429,2377,2,4,CARD,PAID,14520.00,2025-04-29 18:58:56
7000009101,1000009101,20250429,1901,2,3,CARD,PAID,18150.00,2025-04-29 19:01:52
7000009102,1000009102,20250429,60,2,1,CASH,PAID,36300.00,2025-04-29 19:42:43
7000009103,1000009103,20250429,1253,2,3,CARD,PAID,43560.00,2025-04-29 20:18:14
7000009108,1000009108,20250430,1148,2,3,CARD,PAID,43560.00,2025-04-30 12:46:16
7000009109,1000009109,20250430,2014,2,1,CASH,PAID,29040.00,2025-04-30 13:13:01
7000009110,1000009110,20250430,2828,2,1,CASH,PAID,32670.00,2025-04-30 13:19:35
7000009111,1000009111,20250430,215,2,1,TRANSFER,PAID,29040.00,2025-04-30 16:17:16
7000009112,1000009112,20250430,1970,2,3,CARD,PAID,45738.00,2025-04-30 16:21:18
7000009113,1000009113,20250430,2361,2,2,CASH,PAID,32670.00,2025-04-30 17:29:01
7000009114,1000009114,20250430,1902,2,3,TRANSFER,PAID,43560.00,2025-04-30 17:54:22
7000009115,1000009115,20250430,2465,2,4,CARD,PAID,32670.00,2025-04-30 18:25:09
7000009116,1000009116,20250430,1636,2,3,TRANSFER,PAID,36300.00,2025-04-30 18:51:32
7000009118,1000009118,20250430,2829,2,1,CARD,PAID,14520.00,2025-04-30 20:18:05
7000009143,1000009143,20250502,1104,2,1,CASH,PAID,14520.00,2025-05-02 12:09:24
7000009147,1000009147,20250502,2416,2,4,TRANSFER,PAID,61710.00,2025-05-02 14:59:48
7000009148,1000009148,20250502,2402,2,3,CARD,PAID,43560.00,2025-05-02 15:16:16
7000009150,1000009150,20250502,1532,2,4,CARD,PAID,14520.00,2025-05-02 16:23:04
7000009151,1000009151,20250502,1363,2,3,CARD,PAID,14520.00,2025-05-02 17:26:40
7000009153,1000009153,20250502,1763,2,3,CARD,PAID,18150.00,2025-05-02 18:37:25
7000009154,1000009154,20250502,2529,2,4,CARD,PAID,72600.00,2025-05-02 19:48:12
7000009156,1000009156,20250502,850,2,3,CARD,PAID,72600.00,2025-05-02 20:41:33
7000009158,1000009158,20250503,640,2,1,CARD,PAID,98010.00,2025-05-03 12:07:03
7000009160,1000009160,20250503,1619,2,1,CASH,PAID,32670.00,2025-05-03 13:12:55
7000009161,1000009161,20250503,2834,2,1,CASH,PAID,14520.00,2025-05-03 13:36:55
7000009162,1000009162,20250503,2262,2,2,CARD,PAID,29040.00,2025-05-03 13:39:57
7000009164,1000009164,20250503,2835,2,2,CARD,PAID,32670.00,2025-05-03 14:25:08
7000009165,1000009165,20250503,1484,2,1,CASH,PAID,43560.00,2025-05-03 14:47:25
7000009166,1000009166,20250503,1749,2,2,CARD,FAILED,47190.00,
7000009167,1000009167,20250503,964,2,3,TRANSFER,PAID,36300.00,2025-05-03 15:21:01
7000009168,1000009168,20250503,1861,2,1,CASH,REFUNDED,16335.00,2025-05-03 15:53:18
7000009169,1000009169,20250503,2836,2,2,CARD,PAID,36300.00,2025-05-03 17:24:28
7000009192,1000009192,20250505,2567,2,2,CARD,PAID,29040.00,2025-05-05 13:22:02
7000009194,1000009194,20250505,1508,2,3,CARD,PAID,14520.00,2025-05-05 14:09:12
7000009195,1000009195,20250505,2505,2,4,CARD,PAID,29040.00,2025-05-05 14:13:33
7000009197,1000009197,20250505,586,2,1,CARD,PAID,36300.00,2025-05-05 15:51:36
7000009200,1000009200,20250505,2149,2,3,CASH,PAID,58080.00,2025-05-05 16:43:06
7000009201,1000009201,20250505,2318,2,3,CARD,PAID,14520.00,2025-05-05 18:10:52
7000009211,1000009211,20250506,1520,2,4,CASH,PAID,29040.00,2025-05-06 10:59:31
7000009213,1000009213,20250506,1944,2,1,CARD,PAID,18150.00,2025-05-06 13:08:59
7000009215,1000009215,20250506,2601,2,1,CASH,PAID,18150.00,2025-05-06 13:57:25
7000009216,1000009216,20250506,2689,2,1,CASH,PAID,72600.00,2025-05-06 14:03:37
7000009219,1000009219,20250506,2489,2,1,CASH,PAID,68970.00,2025-05-06 15:14:59
7000009220,1000009220,20250506,2015,2,3,CARD,PAID,36300.00,2025-05-06 15:19:15
7000009221,1000009221,20250506,2071,2,1,CARD,PAID,43560.00,2025-05-06 15:28:16
7000009224,1000009224,20250506,440,2,4,CARD,PAID,54450.00,2025-05-06 16:49:49
7000009227,1000009227,20250506,1245,2,2,CARD,PAID,79860.00,2025-05-06 17:18:41
7000009228,1000009228,20250506,2265,2,3,CARD,PAID,29040.00,2025-05-06 17:20:24
7000009230,1000009230,20250506,177,2,3,CARD,PAID,29040.00,2025-05-06 18:29:11
7000009240,1000009240,20250507,2333,2,2,CASH,PAID,72600.00,2025-05-07 11:23:02
7000009241,1000009241,20250507,1904,2,2,CARD,PAID,14520.00,2025-05-07 12:46:54
7000009244,1000009244,20250507,2166,2,1,CASH,PAID,43560.00,2025-05-07 16:23:05
7000009252,1000009252,20250508,2384,2,3,CASH,PAID,83490.00,2025-05-08 10:07:40
7000009253,1000009253,20250508,2599,2,4,CARD,PAID,14520.00,2025-05-08 10:24:52
7000009254,1000009254,20250508,1382,2,2,TRANSFER,PAID,14520.00,2025-05-08 10:57:19
7000009257,1000009257,20250508,246,2,2,CARD,PAID,18150.00,2025-05-08 14:29:32
7000009260,1000009260,20250508,865,2,1,CASH,PAID,14520.00,2025-05-08 17:13:33
7000009262,1000009262,20250508,2721,2,3,CASH,PAID,47190.00,2025-05-08 17:20:58
7000009263,1000009263,20250508,1929,2,1,CASH,PAID,58080.00,2025-05-08 17:23:26
7000009270,1000009270,20250509,2852,2,2,TRANSFER,PAID,14520.00,2025-05-09 10:24:11
7000009271,1000009271,20250509,1787,2,2,TRANSFER,PAID,61710.00,2025-05-09 11:06:41
7000009272,1000009272,20250509,2362,2,1,CASH,PAID,14520.00,2025-05-09 12:22:35
7000009273,1000009273,20250509,1376,2,3,CARD,PAID,29040.00,2025-05-09 13:32:56
7000009275,1000009275,20250509,2854,2,1,CASH,PAID,14520.00,2025-05-09 16:30:54
7000009276,1000009276,20250509,2436,2,3,TRANSFER,PAID,61710.00,2025-05-09 16:58:29
7000009279,1000009279,20250509,330,2,1,CASH,PAID,14520.00,2025-05-09 17:50:10
7000009282,1000009282,20250509,402,2,3,CARD,PAID,32670.00,2025-05-09 19:14:58
7000009283,1000009283,20250509,2332,2,1,CARD,PAID,43560.00,2025-05-09 19:41:13
7000009286,1000009286,20250509,2857,2,1,CARD,PAID,32670.00,2025-05-09 19:54:43
7000009287,1000009287,20250509,2656,2,1,CARD,PAID,18150.00,2025-05-09 20:29:02
7000009292,1000009292,20250510,2859,2,1,TRANSFER,PAID,87120.00,2025-05-10 11:02:47
7000009293,1000009293,20250510,613,2,4,CARD,PAID,13068.00,2025-05-10 11:13:44
7000009294,1000009294,20250510,1151,2,1,CARD,PAID,29040.00,2025-05-10 11:29:50
7000009295,1000009295,20250510,2038,2,4,CASH,PAID,36300.00,2025-05-10 11:57:25
7000009296,1000009296,20250510,2861,2,3,CASH,REFUNDED,76230.00,2025-05-10 11:56:09
7000009298,1000009298,20250510,1655,2,3,CASH,PAID,18150.00,2025-05-10 12:56:10
7000009299,1000009299,20250510,1976,2,2,CARD,PAID,58080.00,2025-05-10 12:56:46
7000009301,1000009301,20250510,1831,2,3,CASH,PAID,43560.00,2025-05-10 14:10:02
7000009305,1000009305,20250510,475,2,2,CARD,PAID,14520.00,2025-05-10 16:14:38
7000009306,1000009306,20250510,2701,2,1,CARD,PAID,16335.00,2025-05-10 16:38:19
7000009307,1000009307,20250510,591,2,4,CASH,PAID,29040.00,2025-05-10 16:52:07
7000009308,1000009308,20250510,1456,2,2,CASH,PAID,14520.00,2025-05-10 17:22:05
7000009309,1000009309,20250510,2863,2,3,CASH,REFUNDED,18150.00,2025-05-10 17:28:24
7000009310,1000009310,20250510,2039,2,2,CARD,PAID,14520.00,2025-05-10 17:35:34
7000009311,1000009311,20250510,2091,2,2,CASH,REFUNDED,43560.00,2025-05-10 18:57:23
7000009312,1000009312,20250510,628,2,3,CASH,PAID,29040.00,2025-05-10 19:46:39
7000009337,1000009337,20250512,2872,2,1,CASH,PAID,16335.00,2025-05-12 10:06:14
7000009340,1000009340,20250512,722,2,3,CARD,PAID,36300.00,2025-05-12 11:41:07
7000009343,1000009343,20250512,2874,2,4,CASH,PAID,19950.00,2025-05-12 12:47:20
7000009346,1000009346,20250512,535,2,4,CASH,PAID,32670.00,2025-05-12 13:47:43
7000009359,1000009359,20250512,2878,2,1,CARD,FAILED,49005.00,
7000009361,1000009361,20250512,2178,2,3,CARD,PAID,47190.00,2025-05-12 18:53:59
7000009362,1000009362,20250512,1230,2,2,CARD,PAID,16335.00,2025-05-12 19:14:54
7000009393,1000009393,20250513,2546,2,3,CASH,PAID,26136.00,2025-05-13 14:13:07
7000009396,1000009396,20250513,1489,2,2,CARD,PAID,14520.00,2025-05-13 14:34:52
7000009398,1000009398,20250513,2889,2,2,CARD,FAILED,16335.00,
7000009399,1000009399,20250513,2890,2,1,TRANSFER,PAID,16335.00,2025-05-13 15:25:46
7000009401,1000009401,20250513,1044,2,3,CASH,PAID,47190.00,2025-05-13 15:56:48
7000009440,1000009440,20250514,2703,2,1,TRANSFER,PAID,72600.00,2025-05-14 11:23:59
7000009442,1000009442,20250514,2903,2,1,CASH,PAID,14520.00,2025-05-14 12:11:54
7000009448,1000009448,20250514,2905,2,1,CARD,PAID,13068.00,2025-05-14 13:11:23
7000009449,1000009449,20250514,477,2,3,CARD,PAID,29040.00,2025-05-14 13:15:42
7000009451,1000009451,20250514,2412,2,4,CARD,PAID,32670.00,2025-05-14 13:56:26
7000009463,1000009463,20250514,2406,2,1,CARD,PAID,43671.00,2025-05-14 17:37:05
7000009468,1000009468,20250514,2507,2,3,CARD,PAID,101640.00,2025-05-14 18:52:42
7000009478,1000009478,20250514,2447,2,1,CARD,PAID,14520.00,2025-05-14 20:59:07
7000009489,1000009489,20250515,1818,2,3,CASH,PAID,29040.00,2025-05-15 11:13:07
7000009491,1000009491,20250515,1311,2,3,TRANSFER,PAID,18150.00,2025-05-15 12:01:11
7000009492,1000009492,20250515,2592,2,1,TRANSFER,PAID,18150.00,2025-05-15 12:48:38
7000009493,1000009493,20250515,2732,2,2,CASH,PAID,58080.00,2025-05-15 13:16:50
7000009494,1000009494,20250515,2663,2,1,CASH,PAID,36300.00,2025-05-15 13:24:43
7000009497,1000009497,20250515,2817,2,2,CARD,FAILED,14520.00,
7000009498,1000009498,20250515,1157,2,4,CASH,PAID,47190.00,2025-05-15 17:35:43
7000009501,1000009501,20250515,2506,2,2,CARD,PAID,18150.00,2025-05-15 19:47:50
7000009502,1000009502,20250515,2913,2,3,CARD,PAID,13068.00,2025-05-15 20:21:39
7000009509,1000009509,20250516,2914,2,3,CARD,PAID,18150.00,2025-05-16 10:10:01
7000009511,1000009511,20250516,2915,2,2,CARD,PAID,18150.00,2025-05-16 11:53:20
7000009512,1000009512,20250516,2916,2,4,CASH,PAID,72600.00,2025-05-16 13:06:46
7000009513,1000009513,20250516,1091,2,1,TRANSFER,PAID,14520.00,2025-05-16 14:58:33
7000009514,1000009514,20250516,2917,2,3,CARD,PAID,43560.00,2025-05-16 16:07:40
7000009515,1000009515,20250516,2918,2,4,CARD,PAID,29040.00,2025-05-16 16:31:48
7000009516,1000009516,20250516,2000,2,4,CARD,PAID,83490.00,2025-05-16 17:39:29
7000009517,1000009517,20250516,2919,2,3,CARD,PAID,14520.00,2025-05-16 18:38:08
7000009518,1000009518,20250516,1838,2,3,CASH,PAID,29040.00,2025-05-16 19:44:53
7000009519,1000009519,20250516,2243,2,4,CASH,PAID,14520.00,2025-05-16 19:46:20
7000009522,1000009522,20250516,1326,2,1,CASH,PAID,14520.00,2025-05-16 20:40:07
7000009531,1000009531,20250517,1261,2,2,CARD,PAID,72600.00,2025-05-17 10:13:27
7000009532,1000009532,20250517,2214,2,4,CASH,PAID,32670.00,2025-05-17 11:22:34
7000009533,1000009533,20250517,1884,2,1,CARD,PAID,18150.00,2025-05-17 12:35:48
7000009535,1000009535,20250517,2921,2,2,CARD,PAID,43560.00,2025-05-17 13:57:26
7000009536,1000009536,20250517,1268,2,3,CARD,PAID,54450.00,2025-05-17 15:18:46
7000009537,1000009537,20250517,1583,2,1,CARD,PAID,32670.00,2025-05-17 15:50:29
7000009538,1000009538,20250517,1318,2,2,CASH,PAID,18150.00,2025-05-17 16:05:35
7000009539,1000009539,20250517,2144,2,2,CARD,PAID,54450.00,2025-05-17 16:11:18
7000009540,1000009540,20250517,1307,2,1,CARD,PAID,14520.00,2025-05-17 16:31:28
7000009541,1000009541,20250517,2453,2,3,TRANSFER,PAID,42471.00,2025-05-17 16:31:32
7000009542,1000009542,20250517,1863,2,3,CARD,PAID,18150.00,2025-05-17 17:11:57
7000009543,1000009543,20250517,1586,2,1,CASH,PAID,15720.00,2025-05-17 17:56:37
7000009546,1000009546,20250517,2163,2,1,CARD,PAID,29040.00,2025-05-17 19:22:21
7000009547,1000009547,20250517,1458,2,3,CASH,PAID,83490.00,2025-05-17 19:24:26
7000009549,1000009549,20250517,1432,2,4,CARD,PAID,43560.00,2025-05-17 20:36:18
7000009568,1000009568,20250519,2266,2,4,TRANSFER,PAID,16320.00,2025-05-19 18:00:24
7000009570,1000009570,20250519,2311,2,1,CARD,PAID,36300.00,2025-05-19 19:03:10
7000009572,1000009572,20250519,987,2,2,TRANSFER,PAID,72600.00,2025-05-19 20:09:37
7000009577,1000009577,20250520,1089,2,1,CARD,PAID,15720.00,2025-05-20 13:01:23
7000009580,1000009580,20250520,1585,2,3,CARD,PAID,32670.00,2025-05-20 16:31:53
7000009583,1000009583,20250520,1563,2,1,CARD,PAID,32670.00,2025-05-20 18:26:04
7000009584,1000009584,20250520,1711,2,3,CARD,PAID,13068.00,2025-05-20 18:34:53
7000009586,1000009586,20250520,1958,2,1,CARD,PAID,26136.00,2025-05-20 18:47:28
7000009590,1000009590,20250520,2750,2,3,CASH,PAID,36300.00,2025-05-20 20:51:00
7000009594,1000009594,20250521,1078,2,1,CASH,PAID,32670.00,2025-05-21 10:38:25
7000009596,1000009596,20250521,2448,2,2,CARD,PAID,36300.00,2025-05-21 11:28:45
7000009597,1000009597,20250521,2382,2,2,CARD,PAID,13068.00,2025-05-21 11:42:36
7000009598,1000009598,20250521,2168,2,1,CARD,PAID,18150.00,2025-05-21 12:20:27
7000009599,1000009599,20250521,2934,2,2,CASH,PAID,29040.00,2025-05-21 16:10:15
7000009603,1000009603,20250521,2590,2,4,CASH,PAID,87120.00,2025-05-21 19:05:32
7000009605,1000009605,20250521,1607,2,3,CASH,PAID,43560.00,2025-05-21 19:25:11
7000009613,1000009613,20250522,2940,2,4,TRANSFER,PAID,29040.00,2025-05-22 10:52:25
7000009614,1000009614,20250522,2496,2,3,CARD,PAID,68970.00,2025-05-22 11:04:30
7000009615,1000009615,20250522,1176,2,2,CARD,PAID,14520.00,2025-05-22 11:11:53
7000009616,1000009616,20250522,2941,2,4,CASH,PAID,18150.00,2025-05-22 14:00:43
7000009621,1000009621,20250522,2363,2,2,CASH,PAID,54450.00,2025-05-22 16:54:59
7000009623,1000009623,20250522,925,2,2,TRANSFER,PAID,19650.00,2025-05-22 17:17:30
7000009624,1000009624,20250522,588,2,2,CARD,PAID,54450.00,2025-05-22 17:41:31
7000009625,1000009625,20250522,1505,2,1,CARD,PAID,18150.00,2025-05-22 18:42:30
7000009626,1000009626,20250522,949,2,3,CARD,PAID,43560.00,2025-05-22 19:49:57
7000009632,1000009632,20250523,2174,2,2,CARD,PAID,54450.00,2025-05-23 11:53:12
7000009634,1000009634,20250523,2945,2,1,CASH,PAID,32670.00,2025-05-23 12:36:32
7000009635,1000009635,20250523,1930,2,1,TRANSFER,PAID,36300.00,2025-05-23 13:38:04
7000009639,1000009639,20250523,2946,2,2,CASH,PAID,34170.00,2025-05-23 17:33:33
7000009644,1000009644,20250524,555,2,2,CARD,PAID,18150.00,2025-05-24 11:56:36
7000009645,1000009645,20250524,2410,2,3,CASH,PAID,16335.00,2025-05-24 12:00:42
7000009646,1000009646,20250524,2947,2,4,TRANSFER,PAID,14520.00,2025-05-24 12:18:25
7000009648,1000009648,20250524,2835,2,2,CASH,PAID,87120.00,2025-05-24 12:27:30
7000009649,1000009649,20250524,2948,2,2,CARD,PAID,18150.00,2025-05-24 12:59:10
7000009650,1000009650,20250524,308,2,2,CARD,PAID,42471.00,2025-05-24 14:08:44
7000009651,1000009651,20250524,1151,2,1,CARD,PAID,14520.00,2025-05-24 14:50:04
7000009652,1000009652,20250524,927,2,3,TRANSFER,PAID,160446.00,2025-05-24 15:04:01
7000009654,1000009654,20250524,2951,2,2,CARD,PAID,36300.00,2025-05-24 16:14:24
7000009655,1000009655,20250524,2952,2,3,CASH,PAID,65340.00,2025-05-24 17:15:57
7000009656,1000009656,20250524,1843,2,3,CARD,PAID,58080.00,2025-05-24 18:25:50
7000009657,1000009657,20250524,2541,2,4,TRANSFER,PAID,79860.00,2025-05-24 18:46:05
7000009674,1000009674,20250526,2956,2,2,CASH,PAID,14520.00,2025-05-26 11:03:01
7000009675,1000009675,20250526,560,2,2,CARD,PAID,36300.00,2025-05-26 11:25:02
7000009678,1000009678,20250526,2957,2,2,CASH,PAID,29040.00,2025-05-26 16:38:31
7000009679,1000009679,20250526,2958,2,3,CASH,PAID,16335.00,2025-05-26 17:51:05
7000009680,1000009680,20250526,2711,2,2,CARD,PAID,18150.00,2025-05-26 19:10:36
7000009682,1000009682,20250526,2959,2,3,CARD,PAID,18150.00,2025-05-26 19:53:24
7000009691,1000009691,20250527,1851,2,4,CARD,PAID,14520.00,2025-05-27 12:51:53
7000009692,1000009692,20250527,2899,2,2,CASH,PAID,29040.00,2025-05-27 13:09:51
7000009694,1000009694,20250527,2961,2,3,CASH,PAID,14520.00,2025-05-27 14:27:37
7000009695,1000009695,20250527,1671,2,2,CASH,PAID,29040.00,2025-05-27 14:27:47
7000009697,1000009697,20250527,2962,2,4,CASH,PAID,29040.00,2025-05-27 18:09:41
7000009698,1000009698,20250527,1493,2,1,CARD,PAID,19350.00,2025-05-27 18:34:02
7000009705,1000009705,20250528,2253,2,1,CARD,PAID,29040.00,2025-05-28 11:41:32
7000009707,1000009707,20250528,1569,2,1,CARD,PAID,36300.00,2025-05-28 14:43:33
7000009708,1000009708,20250528,2732,2,2,CASH,PAID,14520.00,2025-05-28 16:13:14
7000009710,1000009710,20250528,2391,2,2,CASH,PAID,14520.00,2025-05-28 16:21:40
7000009712,1000009712,20250528,317,2,2,CARD,PAID,18150.00,2025-05-28 17:08:35
7000009715,1000009715,20250528,665,2,3,CASH,PAID,32670.00,2025-05-28 19:00:26
7000009718,1000009718,20250529,1207,2,3,TRANSFER,PAID,32670.00,2025-05-29 10:24:29
7000009719,1000009719,20250529,1157,2,4,CARD,PAID,42471.00,2025-05-29 12:18:29
7000009721,1000009721,20250529,961,2,1,TRANSFER,PAID,50820.00,2025-05-29 13:06:25
7000009722,1000009722,20250529,2967,2,1,CASH,PAID,36300.00,2025-05-29 13:31:48
7000009728,1000009728,20250529,1988,2,4,CASH,PAID,32670.00,2025-05-29 16:37:12
7000009730,1000009730,20250529,1327,2,4,CARD,PAID,54450.00,2025-05-29 18:25:09
7000009732,1000009732,20250529,2816,2,2,CARD,PAID,14520.00,2025-05-29 19:50:57
7000009734,1000009734,20250529,2120,2,3,CARD,PAID,14520.00,2025-05-29 20:49:12
7000009742,1000009742,20250530,2484,2,3,CARD,PAID,36300.00,2025-05-30 15:32:16
7000009744,1000009744,20250530,2969,2,1,CASH,PAID,14520.00,2025-05-30 17:56:24
7000009745,1000009745,20250530,215,2,1,CARD,PAID,36300.00,2025-05-30 18:09:27
7000009746,1000009746,20250530,185,2,1,CARD,PAID,101640.00,2025-05-30 18:34:58
7000009750,1000009750,20250531,1175,2,1,TRANSFER,PAID,14520.00,2025-05-31 11:29:02
7000009753,1000009753,20250531,516,2,3,CARD,FAILED,45060.00,
7000009755,1000009755,20250531,2163,2,1,CASH,PAID,18150.00,2025-05-31 18:53:40
7000009756,1000009756,20250531,1272,2,2,CASH,PAID,30540.00,2025-05-31 19:19:36
7000009757,1000009757,20250531,1121,2,2,CARD,PAID,18150.00,2025-05-31 20:47:18
7000009758,1000009758,20250531,2914,2,3,CASH,PAID,50820.00,2025-05-31 20:54:43
7000009778,1000009778,20250602,2978,2,2,CARD,PAID,18150.00,2025-06-02 12:12:35
7000009780,1000009780,20250602,2318,2,3,CARD,PAID,36300.00,2025-06-02 12:57:38
7000009781,1000009781,20250602,2821,2,4,CASH,PAID,14520.00,2025-06-02 13:04:11
7000009783,1000009783,20250602,2979,2,4,CASH,PAID,45738.00,2025-06-02 14:53:11
7000009787,1000009787,20250602,2699,2,3,CASH,PAID,47190.00,2025-06-02 17:11:18
7000009788,1000009788,20250602,2172,2,1,CASH,PAID,36300.00,2025-06-02 17:57:46
7000009799,1000009799,20250603,2507,2,3,CARD,PAID,43560.00,2025-06-03 11:40:06
7000009801,1000009801,20250603,1631,2,2,CARD,PAID,29040.00,2025-06-03 13:22:13
7000009802,1000009802,20250603,291,2,2,CASH,PAID,101277.00,2025-06-03 13:44:40
7000009803,1000009803,20250603,2566,2,1,CASH,PAID,29040.00,2025-06-03 14:39:23
7000009804,1000009804,20250603,2982,2,1,CARD,PAID,18150.00,2025-06-03 15:01:35
7000009805,1000009805,20250603,1484,2,1,CARD,PAID,50820.00,2025-06-03 15:16:51
7000009807,1000009807,20250603,1155,2,2,CASH,PAID,26136.00,2025-06-03 16:12:57
7000009809,1000009809,20250603,2406,2,1,CARD,PAID,29040.00,2025-06-03 16:59:50
7000009812,1000009812,20250603,1138,2,1,TRANSFER,PAID,58080.00,2025-06-03 18:56:54
7000009814,1000009814,20250603,2644,2,3,CARD,PAID,18150.00,2025-06-03 20:28:23
7000009815,1000009815,20250603,1664,2,1,CARD,PAID,32670.00,2025-06-03 20:43:16
7000009821,1000009821,20250604,492,2,4,TRANSFER,PAID,29040.00,2025-06-04 11:08:22
7000009826,1000009826,20250604,441,2,2,CASH,PAID,14520.00,2025-06-04 17:16:25
7000009830,1000009830,20250605,143,2,2,CARD,PAID,58080.00,2025-06-05 10:36:23
7000009833,1000009833,20250605,1512,2,2,CARD,PAID,18150.00,2025-06-05 11:17:57
7000009835,1000009835,20250605,2991,2,3,CASH,PAID,16335.00,2025-06-05 12:18:31
7000009836,1000009836,20250605,2992,2,3,CASH,PAID,58080.00,2025-06-05 12:50:11
7000009837,1000009837,20250605,2321,2,1,CASH,PAID,26136.00,2025-06-05 13:16:32
7000009842,1000009842,20250605,326,2,4,CASH,PAID,16335.00,2025-06-05 17:13:01
7000009844,1000009844,20250605,1954,2,1,CARD,FAILED,61710.00,
7000009845,1000009845,20250605,1757,2,2,TRANSFER,PAID,50820.00,2025-06-05 17:34:19
7000009846,1000009846,20250605,2995,2,3,CASH,PAID,50820.00,2025-06-05 19:25:18
7000009854,1000009854,20250606,1435,2,4,CARD,PAID,18150.00,2025-06-06 11:39:19
7000009855,1000009855,20250606,219,2,3,CARD,PAID,29040.00,2025-06-06 11:49:55
7000009856,1000009856,20250606,2418,2,1,CASH,PAID,43560.00,2025-06-06 12:05:12
7000009858,1000009858,20250606,2740,2,1,CASH,PAID,18150.00,2025-06-06 12:25:21
7000009859,1000009859,20250606,2055,2,1,CASH,PAID,18150.00,2025-06-06 12:35:54
7000009860,1000009860,20250606,2998,2,1,TRANSFER,PAID,36300.00,2025-06-06 12:44:28
7000009861,1000009861,20250606,2486,2,2,CARD,FAILED,54450.00,
7000009862,1000009862,20250606,2999,2,3,CARD,PAID,14520.00,2025-06-06 13:25:10
7000009863,1000009863,20250606,2655,2,4,CARD,PAID,18150.00,2025-06-06 13:29:36
7000009864,1000009864,20250606,1940,2,2,CARD,PAID,43560.00,2025-06-06 13:35:54
7000009866,1000009866,20250606,1989,2,1,CASH,PAID,47190.00,2025-06-06 14:56:47
7000009868,1000009868,20250606,651,2,1,CARD,PAID,72600.00,2025-06-06 16:03:27
7000009870,1000009870,20250606,1385,2,2,CARD,PAID,18150.00,2025-06-06 16:41:23
7000009871,1000009871,20250606,3002,2,3,CASH,PAID,29040.00,2025-06-06 17:05:02
7000009873,1000009873,20250606,2950,2,3,TRANSFER,PAID,32670.00,2025-06-06 18:39:35
7000009874,1000009874,20250606,1377,2,4,TRANSFER,PAID,14520.00,2025-06-06 20:04:27
7000009876,1000009876,20250606,40,2,1,CASH,PAID,32670.00,2025-06-06 20:54:00
7000009880,1000009880,20250607,1334,2,4,CASH,PAID,13068.00,2025-06-07 10:08:46
7000009881,1000009881,20250607,2367,2,4,CASH,PAID,36300.00,2025-06-07 10:13:31
7000009883,1000009883,20250607,1803,2,1,CARD,PAID,58080.00,2025-06-07 10:48:28
7000009884,1000009884,20250607,2689,2,1,CASH,PAID,18150.00,2025-06-07 11:37:20
7000009885,1000009885,20250607,2465,2,4,TRANSFER,PAID,87120.00,2025-06-07 11:59:21
7000009886,1000009886,20250607,2728,2,3,CARD,PAID,14520.00,2025-06-07 12:35:19
7000009887,1000009887,20250607,1900,2,2,CARD,PAID,29040.00,2025-06-07 12:59:39
7000009888,1000009888,20250607,1655,2,3,CARD,PAID,18150.00,2025-06-07 13:21:26
7000009889,1000009889,20250607,897,2,2,CARD,PAID,54450.00,2025-06-07 13:23:29
7000009890,1000009890,20250607,2039,2,2,TRANSFER,PAID,18150.00,2025-06-07 13:51:43
7000009891,1000009891,20250607,769,2,3,CARD,PAID,36300.00,2025-06-07 13:58:14
7000009893,1000009893,20250607,2192,2,1,TRANSFER,PAID,18150.00,2025-06-07 14:34:55
7000009894,1000009894,20250607,2140,2,3,CARD,PAID,83490.00,2025-06-07 14:49:30
7000009895,1000009895,20250607,3005,2,3,CASH,PAID,36300.00,2025-06-07 15:04:26
7000009896,1000009896,20250607,3004,2,4,CASH,PAID,18150.00,2025-06-07 15:06:03
7000009897,1000009897,20250607,3006,2,3,CARD,PAID,49005.00,2025-06-07 15:12:45
7000009899,1000009899,20250607,1808,2,2,CASH,PAID,16335.00,2025-06-07 15:44:34
7000009901,1000009901,20250607,1041,2,3,CASH,PAID,19650.00,2025-06-07 16:54:26
7000009903,1000009903,20250607,1870,2,3,CASH,PAID,18150.00,2025-06-07 17:33:32
7000009904,1000009904,20250607,2157,2,2,CARD,PAID,19650.00,2025-06-07 17:36:37
7000009905,1000009905,20250607,3007,2,3,CARD,PAID,32670.00,2025-06-07 17:50:27
7000009906,1000009906,20250607,3008,2,3,CARD,PAID,14520.00,2025-06-07 18:26:31
7000009908,1000009908,20250607,388,2,4,CARD,PAID,72600.00,2025-06-07 19:16:15
7000009909,1000009909,20250607,2156,2,2,CASH,PAID,14520.00,2025-06-07 19:25:45
7000009911,1000009911,20250607,510,2,3,CARD,PAID,18150.00,2025-06-07 19:54:42
7000009913,1000009913,20250607,2176,2,1,CASH,PAID,14520.00,2025-06-07 19:57:39
7000009914,1000009914,20250607,2684,2,2,TRANSFER,PAID,54450.00,2025-06-07 20:01:13
7000009915,1000009915,20250607,1051,2,3,CASH,PAID,14520.00,2025-06-07 20:16:19
7000009916,1000009916,20250607,2493,2,2,CASH,PAID,29040.00,2025-06-07 20:31:20
7000009943,1000009943,20250609,3017,2,2,CARD,PAID,29040.00,2025-06-09 11:09:12
7000009949,1000009949,20250609,3019,2,4,TRANSFER,PAID,14520.00,2025-06-09 14:27:52
7000009950,1000009950,20250609,2527,2,3,CARD,PAID,19650.00,2025-06-09 15:02:41
7000009953,1000009953,20250609,1747,2,2,CASH,PAID,18150.00,2025-06-09 17:00:29
7000009959,1000009959,20250609,504,2,4,CARD,PAID,18150.00,2025-06-09 20:41:00
7000009971,1000009971,20250610,2215,2,1,CASH,PAID,29040.00,2025-06-10 14:30:51
7000009972,1000009972,20250610,338,2,1,CARD,PAID,61710.00,2025-06-10 14:40:38
7000009974,1000009974,20250610,1112,2,1,CARD,PAID,72600.00,2025-06-10 15:02:54
7000009981,1000009981,20250610,3025,2,4,CARD,PAID,76230.00,2025-06-10 16:51:57
7000009982,1000009982,20250610,2426,2,1,CASH,PAID,54450.00,2025-06-10 17:30:51
7000009983,1000009983,20250610,3027,2,2,CARD,PAID,36300.00,2025-06-10 17:54:37
7000009986,1000009986,20250610,1269,2,4,CARD,PAID,13068.00,2025-06-10 19:35:02
7000009987,1000009987,20250610,1586,2,1,CARD,PAID,32670.00,2025-06-10 19:39:09
7000009990,1000009990,20250610,2787,2,3,CARD,PAID,58080.00,2025-06-10 20:30:41
7000009996,1000009996,20250611,1776,2,3,CARD,PAID,18150.00,2025-06-11 10:27:58
7000009998,1000009998,20250611,2481,2,1,CASH,PAID,54450.00,2025-06-11 11:22:46
7000010000,1000010000,20250611,3033,2,4,CARD,PAID,83490.00,2025-06-11 12:52:30
7000010003,1000010003,20250611,1489,2,2,CARD,PAID,18150.00,2025-06-11 14:15:00
7000010004,1000010004,20250611,3034,2,2,CASH,PAID,18150.00,2025-06-11 14:49:31
7000010005,1000010005,20250611,2905,2,1,CASH,PAID,98010.00,2025-06-11 15:03:53
7000010008,1000010008,20250611,1613,2,1,CARD,PAID,18150.00,2025-06-11 18:00:53
7000010009,1000010009,20250611,2482,2,2,CARD,PAID,18150.00,2025-06-11 18:00:13
7000010013,1000010013,20250611,2775,2,1,CARD,PAID,43560.00,2025-06-11 19:25:52
7000010015,1000010015,20250611,2250,2,2,CARD,PAID,14520.00,2025-06-11 19:45:38
7000010016,1000010016,20250611,2152,2,4,CASH,PAID,36300.00,2025-06-11 20:00:55
7000010017,1000010017,20250611,1594,2,3,CASH,PAID,14520.00,2025-06-11 20:08:22
7000010018,1000010018,20250611,2899,2,2,CARD,PAID,29040.00,2025-06-11 20:44:02
7000010027,1000010027,20250612,630,2,4,TRANSFER,PAID,29040.00,2025-06-12 13:10:16
7000010028,1000010028,20250612,463,2,3,CARD,PAID,36300.00,2025-06-12 13:13:58
7000010030,1000010030,20250612,617,2,4,CARD,PAID,54450.00,2025-06-12 14:54:29
7000010031,1000010031,20250612,2167,2,4,CARD,PAID,18150.00,2025-06-12 15:00:17
7000010033,1000010033,20250612,1697,2,4,CARD,PAID,36300.00,2025-06-12 16:23:00
7000010036,1000010036,20250612,3040,2,4,CASH,PAID,29040.00,2025-06-12 17:38:05
7000010038,1000010038,20250612,1156,2,2,CARD,PAID,18150.00,2025-06-12 18:20:17
7000010039,1000010039,20250612,1488,2,3,CASH,PAID,50820.00,2025-06-12 19:31:02
7000010041,1000010041,20250612,600,2,2,CARD,PAID,54450.00,2025-06-12 20:26:56
7000010052,1000010052,20250613,1904,2,2,CARD,PAID,29040.00,2025-06-13 11:03:42
7000010054,1000010054,20250613,3044,2,2,TRANSFER,PAID,36300.00,2025-06-13 11:28:05
7000010055,1000010055,20250613,728,2,1,CARD,PAID,54450.00,2025-06-13 12:13:04
7000010057,1000010057,20250613,2638,2,4,CASH,PAID,29040.00,2025-06-13 12:26:25
7000010060,1000010060,20250613,1589,2,1,CARD,PAID,18150.00,2025-06-13 16:28:46
7000010064,1000010064,20250613,2315,2,3,CARD,PAID,50820.00,2025-06-13 19:44:15
7000010067,1000010067,20250614,1814,2,4,CARD,PAID,36300.00,2025-06-14 11:10:56
7000010068,1000010068,20250614,1466,2,2,TRANSFER,PAID,72600.00,2025-06-14 11:24:12
7000010069,1000010069,20250614,1839,2,4,TRANSFER,PAID,32670.00,2025-06-14 11:56:55
7000010071,1000010071,20250614,2556,2,1,CARD,PAID,54450.00,2025-06-14 13:00:57
7000010072,1000010072,20250614,1146,2,4,CARD,PAID,18150.00,2025-06-14 14:51:52
7000010073,1000010073,20250614,236,2,2,CASH,PAID,18150.00,2025-06-14 15:18:44
7000010074,1000010074,20250614,3046,2,1,CASH,PAID,18150.00,2025-06-14 15:19:48
7000010075,1000010075,20250614,3047,2,1,CARD,PAID,47190.00,2025-06-14 15:35:47
7000010076,1000010076,20250614,2460,2,4,CARD,PAID,18150.00,2025-06-14 16:18:55
7000010077,1000010077,20250614,158,2,3,CARD,PAID,43560.00,2025-06-14 16:32:27
7000010078,1000010078,20250614,3048,2,2,TRANSFER,PAID,19650.00,2025-06-14 17:14:46
7000010079,1000010079,20250614,1328,2,2,CARD,PAID,18150.00,2025-06-14 17:47:12
7000010080,1000010080,20250614,907,2,3,CASH,PAID,36300.00,2025-06-14 18:35:38
7000010083,1000010083,20250614,2129,2,1,CARD,PAID,29040.00,2025-06-14 19:20:20
7000010084,1000010084,20250614,2889,2,2,CARD,PAID,43560.00,2025-06-14 19:20:46
7000010110,1000010110,20250616,684,2,1,CASH,REFUNDED,18150.00,2025-06-16 12:11:07
7000010114,1000010114,20250616,3059,2,1,CASH,PAID,32670.00,2025-06-16 16:12:03
7000010117,1000010117,20250616,3060,2,4,CASH,PAID,50820.00,2025-06-16 17:51:41
7000010125,1000010125,20250617,2271,2,2,CARD,PAID,32670.00,2025-06-17 11:25:49
7000010127,1000010127,20250617,1571,2,2,CASH,PAID,36300.00,2025-06-17 13:21:25
7000010128,1000010128,20250617,707,2,2,CASH,PAID,101640.00,2025-06-17 15:10:37
7000010129,1000010129,20250617,2948,2,2,CARD,PAID,14520.00,2025-06-17 15:59:47
7000010138,1000010138,20250618,3017,2,2,CASH,PAID,14520.00,2025-06-18 11:29:00
7000010139,1000010139,20250618,1157,2,4,CASH,PAID,18150.00,2025-06-18 12:14:14
7000010140,1000010140,20250618,2828,2,1,CASH,PAID,19350.00,2025-06-18 12:45:34
7000010142,1000010142,20250618,2773,2,2,CARD,PAID,14520.00,2025-06-18 18:29:57
7000010143,1000010143,20250618,3063,2,1,CARD,PAID,18150.00,2025-06-18 19:43:41
7000010152,1000010152,20250619,749,2,1,CASH,PAID,14520.00,2025-06-19 13:19:36
7000010153,1000010153,20250619,250,2,3,CARD,PAID,29040.00,2025-06-19 15:36:47
7000010154,1000010154,20250619,1376,2,3,CASH,PAID,36300.00,2025-06-19 16:08:22
7000010158,1000010158,20250619,2531,2,3,CARD,PAID,18150.00,2025-06-19 19:27:43
7000010166,1000010166,20250620,1817,2,4,CARD,PAID,29040.00,2025-06-20 11:57:53
7000010168,1000010168,20250620,3067,2,2,CASH,PAID,32670.00,2025-06-20 13:08:57
7000010169,1000010169,20250620,743,2,2,CASH,PAID,14520.00,2025-06-20 13:20:43
7000010170,1000010170,20250620,1489,2,2,TRANSFER,PAID,32670.00,2025-06-20 13:49:40
7000010171,1000010171,20250620,850,2,3,CASH,PAID,18150.00,2025-06-20 13:59:57
7000010172,1000010172,20250620,1363,2,3,CASH,PAID,19650.00,2025-06-20 14:29:24
7000010173,1000010173,20250620,276,2,2,CARD,PAID,14520.00,2025-06-20 14:41:23
7000010174,1000010174,20250620,2468,2,3,CARD,PAID,50820.00,2025-06-20 15:11:29
7000010177,1000010177,20250620,3068,2,2,CASH,PAID,29040.00,2025-06-20 16:35:45
7000010178,1000010178,20250620,1512,2,2,CASH,PAID,18150.00,2025-06-20 18:13:07
7000010180,1000010180,20250620,1153,2,4,CASH,PAID,14520.00,2025-06-20 19:20:09
7000010182,1000010182,20250620,2863,2,3,CARD,PAID,14520.00,2025-06-20 19:26:56
7000010183,1000010183,20250620,1263,2,1,CARD,PAID,14520.00,2025-06-20 20:20:44
7000010187,1000010187,20250621,245,2,2,CARD,PAID,29040.00,2025-06-21 10:15:52
7000010188,1000010188,20250621,338,2,1,CASH,PAID,274609.50,2025-06-21 11:15:21
7000010189,1000010189,20250621,474,2,4,TRANSFER,PAID,14520.00,2025-06-21 11:49:31
7000010190,1000010190,20250621,2675,2,2,CARD,PAID,65340.00,2025-06-21 11:57:34
7000010192,1000010192,20250621,1618,2,2,CARD,PAID,32670.00,2025-06-21 12:26:03
7000010193,1000010193,20250621,1863,2,3,CASH,PAID,14520.00,2025-06-21 13:10:49
7000010194,1000010194,20250621,2499,2,1,CARD,PAID,43560.00,2025-06-21 13:16:57
7000010196,1000010196,20250621,1631,2,2,CARD,PAID,36300.00,2025-06-21 14:05:45
7000010197,1000010197,20250621,3071,2,1,CARD,FAILED,58080.00,
7000010198,1000010198,20250621,783,2,1,CASH,PAID,29040.00,2025-06-21 16:03:32
7000010199,1000010199,20250621,1343,2,1,CASH,PAID,14520.00,2025-06-21 16:26:05
7000010200,1000010200,20250621,1609,2,1,CASH,PAID,68970.00,2025-06-21 17:32:32
7000010201,1000010201,20250621,1192,2,3,CARD,PAID,29040.00,2025-06-21 17:49:15
7000010202,1000010202,20250621,1931,2,2,CARD,PAID,18150.00,2025-06-21 18:40:34
7000010205,1000010205,20250621,1843,2,3,CARD,PAID,47190.00,2025-06-21 19:47:49
7000010206,1000010206,20250621,2391,2,2,CASH,PAID,14520.00,2025-06-21 20:32:04
7000010221,1000010221,20250623,2570,2,2,CASH,PAID,71874.00,2025-06-23 11:20:04
7000010224,1000010224,20250623,326,2,4,CARD,PAID,29040.00,2025-06-23 12:32:38
7000010225,1000010225,20250623,3077,2,4,TRANSFER,PAID,36300.00,2025-06-23 14:14:59
7000010227,1000010227,20250623,209,2,1,CASH,PAID,36300.00,2025-06-23 16:09:43
7000010229,1000010229,20250623,267,2,1,CARD,PAID,49005.00,2025-06-23 18:17:41
7000010230,1000010230,20250623,3078,2,3,CARD,PAID,14520.00,2025-06-23 19:55:44
7000010236,1000010236,20250624,2122,2,4,CASH,PAID,72600.00,2025-06-24 11:28:08
7000010237,1000010237,20250624,1935,2,2,CARD,PAID,34170.00,2025-06-24 12:48:35
7000010238,1000010238,20250624,177,2,3,CASH,PAID,14520.00,2025-06-24 13:53:38
7000010239,1000010239,20250624,2015,2,3,CASH,PAID,65340.00,2025-06-24 13:56:38
7000008192,1000008192,20250311,969,1,,GATEWAY,PAID,354832.50,2025-03-12 11:45:39
7000008193,1000008193,20250312,2606,1,,CARD,PAID,19650.00,2025-03-12 02:25:38
7000008194,1000008194,20250312,241,1,,GATEWAY,PAID,33870.00,2025-03-12 08:27:57
7000008195,1000008195,20250312,2607,1,,CARD,PAID,15720.00,2025-03-12 08:24:17
7000008196,1000008196,20250312,470,1,,GATEWAY,FAILED,37800.00,
7000008197,1000008197,20250312,1997,1,,CARD,PAID,37500.00,2025-03-12 08:58:09
7000008198,1000008198,20250312,1855,1,,GATEWAY,PAID,15720.00,2025-03-12 09:33:44
7000008201,1000008201,20250312,438,1,,CARD,PAID,79860.00,2025-03-12 14:36:16
7000008203,1000008203,20250312,1752,1,,GATEWAY,PAID,16320.00,2025-03-13 13:56:59
7000008206,1000008206,20250312,1864,1,,CARD,PAID,101640.00,2025-03-12 17:14:09
7000008207,1000008207,20250312,1950,1,,GATEWAY,PAID,15720.00,2025-03-12 18:38:46
7000008208,1000008208,20250312,2609,1,,CARD,PAID,34170.00,2025-03-12 18:52:47
7000008210,1000008210,20250312,1945,1,,CARD,PAID,54450.00,2025-03-12 19:13:03
7000008212,1000008212,20250312,2165,1,,CARD,PAID,76230.00,2025-03-12 19:27:08
7000008214,1000008214,20250312,2156,1,,GATEWAY,PAID,37800.00,2025-03-12 20:50:09
7000008215,1000008215,20250312,1735,1,,CARD,PAID,16320.00,2025-03-12 21:46:27
7000008216,1000008216,20250312,2610,1,,CARD,PAID,65340.00,2025-03-12 22:00:15
7000008217,1000008217,20250312,2611,1,,CARD,PAID,45360.00,2025-03-12 23:16:43
7000008218,1000008218,20250312,1765,1,,CARD,PAID,86394.00,2025-03-12 23:17:21
7000008219,1000008219,20250312,997,1,,GATEWAY,PAID,37800.00,2025-03-12 23:57:43
7000008220,1000008220,20250313,644,1,,GATEWAY,PAID,30540.00,2025-03-13 09:45:52
7000008222,1000008222,20250313,1110,1,,GATEWAY,PAID,16320.00,2025-03-13 13:32:18
7000008223,1000008223,20250313,1915,1,,CARD,PAID,16320.00,2025-03-13 16:04:48
7000008226,1000008226,20250313,2055,1,,GATEWAY,REFUNDED,19350.00,2025-03-14 07:50:02
7000008228,1000008228,20250313,2336,1,,GATEWAY,PAID,48990.00,2025-03-13 18:42:28
7000008230,1000008230,20250313,1484,1,,GATEWAY,FAILED,54450.00,
7000008231,1000008231,20250313,2612,1,,CARD,PAID,37800.00,2025-03-13 20:18:29
7000008232,1000008232,20250313,2613,1,,CARD,PAID,34170.00,2025-03-13 20:37:12
7000008233,1000008233,20250313,2352,1,,GATEWAY,FAILED,32836.50,
7000008234,1000008234,20250313,1768,1,,CARD,PAID,16020.00,2025-03-13 21:36:58
7000008235,1000008235,20250313,2614,1,,GATEWAY,PAID,16020.00,2025-03-14 00:00:40
7000008236,1000008236,20250314,1812,1,,CARD,PAID,38100.00,2025-03-14 00:20:36
7000008237,1000008237,20250314,2615,1,,CARD,PAID,15720.00,2025-03-14 09:48:45
7000008238,1000008238,20250314,457,1,,GATEWAY,PAID,19950.00,2025-03-14 10:28:53
7000008240,1000008240,20250314,2109,1,,CARD,PAID,19350.00,2025-03-14 12:06:00
7000008243,1000008243,20250314,2,1,,CARD,FAILED,16020.00,
7000008244,1000008244,20250314,1815,1,,CARD,PAID,54450.00,2025-03-14 14:29:02
7000008251,1000008251,20250314,2618,1,,CARD,PAID,16320.00,2025-03-14 19:41:08
7000008252,1000008252,20250315,2194,1,,GATEWAY,PAID,15720.00,2025-03-15 15:04:06
7000008253,1000008253,20250315,2203,1,,GATEWAY,PAID,19650.00,2025-03-15 04:27:14
7000008261,1000008261,20250315,944,1,,GATEWAY,PAID,15720.00,2025-03-15 14:48:24
7000008262,1000008262,20250315,2089,1,,CARD,PAID,54450.00,2025-03-15 14:55:25
7000008263,1000008263,20250315,1724,1,,GATEWAY,PAID,19350.00,2025-03-15 15:12:57
7000008264,1000008264,20250315,2622,1,,CARD,PAID,52320.00,2025-03-15 15:27:36
7000008271,1000008271,20250315,2421,1,,CARD,PAID,34470.00,2025-03-15 19:17:23
7000008274,1000008274,20250315,120,1,,GATEWAY,PAID,16320.00,2025-03-15 21:51:49
7000008275,1000008275,20250315,2626,1,,GATEWAY,PAID,45060.00,2025-03-16 00:01:03
7000008276,1000008276,20250316,2392,1,,CARD,PAID,30540.00,2025-03-16 00:12:54
7000008277,1000008277,20250316,2475,1,,CARD,REFUNDED,61710.00,2025-03-16 06:03:11
7000008278,1000008278,20250316,2627,1,,CARD,PAID,48690.00,2025-03-16 06:43:12
7000008279,1000008279,20250316,2628,1,,GATEWAY,FAILED,72600.00,
7000008280,1000008280,20250316,2629,1,,GATEWAY,PAID,44760.00,2025-03-16 17:36:58
7000008281,1000008281,20250316,831,1,,CARD,PAID,19950.00,2025-03-16 20:52:38
7000008282,1000008282,20250316,1965,1,,GATEWAY,PAID,15720.00,2025-03-19 15:35:38
7000008283,1000008283,20250316,2376,1,,GATEWAY,PAID,16320.00,2025-03-16 21:28:12
7000008284,1000008284,20250316,2630,1,,CARD,PAID,16020.00,2025-03-16 22:28:43
7000008285,1000008285,20250317,1592,1,,GATEWAY,PAID,45060.00,2025-03-17 05:01:16
7000008286,1000008286,20250317,1753,1,,CARD,PAID,54450.00,2025-03-17 05:21:23
7000008287,1000008287,20250317,1223,1,,CARD,PAID,15720.00,2025-03-17 06:02:17
7000008288,1000008288,20250317,1436,1,,GATEWAY,PAID,19950.00,2025-03-17 07:15:30
7000008289,1000008289,20250317,2631,1,,GATEWAY,PAID,37800.00,2025-03-17 08:12:55
7000008290,1000008290,20250317,513,1,,CARD,PAID,19650.00,2025-03-17 11:13:01
7000008291,1000008291,20250317,2632,1,,GATEWAY,REFUNDED,19350.00,2025-03-17 11:57:36
7000008293,1000008293,20250317,1371,1,,CARD,PAID,30540.00,2025-03-17 13:39:16
7000008294,1000008294,20250317,2633,1,,CARD,PAID,61710.00,2025-03-17 14:27:32
7000008295,1000008295,20250317,2293,1,,CARD,PAID,15720.00,2025-03-17 14:57:08
7000008296,1000008296,20250317,2114,1,,CARD,PAID,19350.00,2025-03-17 17:07:40
7000008297,1000008297,20250317,2321,1,,CARD,PAID,61710.00,2025-03-17 17:48:21
7000008299,1000008299,20250317,2243,1,,CARD,PAID,16320.00,2025-03-17 20:05:24
7000008300,1000008300,20250317,2634,1,,GATEWAY,PAID,34470.00,2025-03-17 20:21:37
7000008301,1000008301,20250317,2310,1,,CARD,FAILED,68970.00,
7000008302,1000008302,20250317,2635,1,,CARD,PAID,54450.00,2025-03-17 23:05:03
7000008303,1000008303,20250317,2119,1,,CARD,PAID,19950.00,2025-03-17 23:45:13
7000008304,1000008304,20250318,1159,1,,GATEWAY,PAID,37500.00,2025-03-18 01:00:32
7000008305,1000008305,20250318,2188,1,,CARD,PAID,16020.00,2025-03-18 05:28:13
7000008306,1000008306,20250318,1992,1,,GATEWAY,PAID,54450.00,2025-03-18 08:05:55
7000008307,1000008307,20250318,2636,1,,GATEWAY,PAID,19350.00,2025-03-18 09:16:15
7000008309,1000008309,20250318,2637,1,,CARD,PAID,19650.00,2025-03-18 11:41:06
7000008311,1000008311,20250318,2638,1,,CARD,PAID,19950.00,2025-03-18 13:51:28
7000008312,1000008312,20250318,2246,1,,CARD,PAID,19650.00,2025-03-18 16:08:18
7000008315,1000008315,20250318,1916,1,,GATEWAY,PAID,37500.00,2025-03-18 18:03:34
7000008317,1000008317,20250318,2639,1,,CARD,PAID,19350.00,2025-03-18 18:17:07
7000008318,1000008318,20250318,1736,1,,CARD,PAID,33870.00,2025-03-18 21:48:31
7000008319,1000008319,20250318,1185,1,,GATEWAY,PAID,45360.00,2025-03-18 22:06:36
7000008320,1000008320,20250318,2288,1,,GATEWAY,PAID,16320.00,2025-03-18 22:22:56
7000008321,1000008321,20250319,2640,1,,CARD,PAID,19650.00,2025-03-19 01:18:19
7000008322,1000008322,20250319,2131,1,,GATEWAY,PAID,14994.00,2025-03-19 05:57:53
7000008323,1000008323,20250319,789,1,,CARD,PAID,34170.00,2025-03-19 09:48:43
7000008324,1000008324,20250319,941,1,,CARD,PAID,19350.00,2025-03-19 10:15:40
7000008325,1000008325,20250319,112,1,,CARD,PAID,15720.00,2025-03-19 10:45:50
7000008326,1000008326,20250319,1020,1,,GATEWAY,PAID,16020.00,2025-03-19 12:07:07
7000008329,1000008329,20250319,2643,1,,CARD,PAID,79860.00,2025-03-19 12:37:03
7000008332,1000008332,20250319,986,1,,GATEWAY,PAID,16320.00,2025-03-19 16:33:23
7000008338,1000008338,20250319,1233,1,,GATEWAY,REFUNDED,16020.00,2025-03-19 20:37:38
7000008339,1000008339,20250319,1025,1,,GATEWAY,PAID,16020.00,2025-03-20 09:39:39
7000008340,1000008340,20250319,1047,1,,GATEWAY,PAID,19650.00,2025-03-19 22:37:17
7000008341,1000008341,20250319,2415,1,,GATEWAY,PAID,36285.00,2025-03-19 23:29:32
7000008342,1000008342,20250319,1850,1,,GATEWAY,PAID,48390.00,2025-03-20 23:12:29
7000008347,1000008347,20250320,1842,1,,CARD,PAID,30540.00,2025-03-20 14:14:37
7000008349,1000008349,20250320,2359,1,,CARD,PAID,58080.00,2025-03-20 16:00:11
7000008353,1000008353,20250320,791,1,,CARD,PAID,30240.00,2025-03-20 17:59:52
7000008355,1000008355,20250320,1485,1,,GATEWAY,PAID,19350.00,2025-03-20 18:13:32
7000008356,1000008356,20250320,1539,1,,CARD,PAID,30240.00,2025-03-20 19:05:16
7000008358,1000008358,20250320,764,1,,GATEWAY,PAID,30240.00,2025-03-20 20:09:53
7000008359,1000008359,20250320,2650,1,,GATEWAY,PAID,68970.00,2025-03-20 21:18:54
7000008360,1000008360,20250320,2044,1,,GATEWAY,PAID,44760.00,2025-03-20 23:36:02
7000008361,1000008361,20250321,2479,1,,CARD,PAID,19350.00,2025-03-21 01:23:26
7000008362,1000008362,20250321,2286,1,,GATEWAY,PAID,19650.00,2025-03-21 10:52:40
7000008363,1000008363,20250321,1149,1,,GATEWAY,PAID,45360.00,2025-03-21 13:03:59
7000008365,1000008365,20250321,2654,1,,CARD,PAID,15720.00,2025-03-21 14:18:33
7000008368,1000008368,20250321,2085,1,,GATEWAY,PAID,98010.00,2025-03-24 14:28:18
7000008369,1000008369,20250321,2142,1,,CARD,PAID,19350.00,2025-03-21 16:15:50
7000008375,1000008375,20250321,2657,1,,GATEWAY,PAID,30540.00,2025-03-21 20:21:18
7000008377,1000008377,20250321,1120,1,,CARD,PAID,72600.00,2025-03-21 23:51:49
7000008378,1000008378,20250322,2127,1,,CARD,PAID,16020.00,2025-03-22 00:17:37
7000008379,1000008379,20250322,2658,1,,GATEWAY,PAID,34170.00,2025-03-22 09:14:46
7000008380,1000008380,20250322,2659,1,,CARD,REFUNDED,15720.00,2025-03-22 09:19:18
7000008382,1000008382,20250322,2660,1,,CARD,PAID,15720.00,2025-03-22 10:40:47
7000008383,1000008383,20250322,3,1,,GATEWAY,PAID,45060.00,2025-03-22 11:55:56
7000008384,1000008384,20250322,2254,1,,CARD,PAID,19350.00,2025-03-22 12:05:17
7000008385,1000008385,20250322,2065,1,,CARD,PAID,19350.00,2025-03-22 12:07:20
7000008390,1000008390,20250322,2324,1,,CARD,PAID,15720.00,2025-03-22 13:10:42
7000008395,1000008395,20250322,1851,1,,CARD,PAID,19950.00,2025-03-22 14:23:28
7000008399,1000008399,20250322,1909,1,,CARD,PAID,19350.00,2025-03-22 15:48:03
7000008402,1000008402,20250322,1643,1,,CARD,PAID,19350.00,2025-03-22 17:08:48
7000008406,1000008406,20250322,2664,1,,GATEWAY,PAID,19350.00,2025-03-23 18:01:05
7000008409,1000008409,20250322,1330,1,,CARD,PAID,52320.00,2025-03-22 23:03:17
7000008410,1000008410,20250322,1849,1,,CARD,REFUNDED,15720.00,2025-03-22 23:15:50
7000008411,1000008411,20250322,361,1,,GATEWAY,PAID,30240.00,2025-03-22 23:53:00
7000008412,1000008412,20250323,1705,1,,CARD,PAID,37500.00,2025-03-23 00:07:47
7000008413,1000008413,20250323,1714,1,,CARD,PAID,16020.00,2025-03-23 08:30:23
7000008414,1000008414,20250323,844,1,,GATEWAY,FAILED,19350.00,
7000008415,1000008415,20250323,2667,1,,GATEWAY,PAID,19650.00,2025-03-23 12:30:05
7000008416,1000008416,20250323,2669,1,,GATEWAY,PAID,33870.00,2025-03-23 15:52:26
7000008417,1000008417,20250323,2510,1,,GATEWAY,PAID,48990.00,2025-03-24 07:44:38
7000008418,1000008418,20250323,622,1,,CARD,PAID,58080.00,2025-03-23 19:23:46
7000008419,1000008419,20250323,161,1,,CARD,PAID,19650.00,2025-03-23 20:07:57
7000008420,1000008420,20250324,1093,1,,CARD,FAILED,34170.00,
7000008421,1000008421,20250324,1969,1,,CARD,PAID,15720.00,2025-03-24 07:11:18
7000008422,1000008422,20250324,348,1,,CARD,PAID,16020.00,2025-03-24 07:37:44
7000008423,1000008423,20250324,2670,1,,CARD,REFUNDED,54450.00,2025-03-24 07:44:38
7000008426,1000008426,20250324,579,1,,GATEWAY,PAID,15720.00,2025-03-24 12:31:28
7000008427,1000008427,20250324,708,1,,GATEWAY,PAID,19350.00,2025-03-24 12:49:53
7000008429,1000008429,20250324,1638,1,,CARD,PAID,76230.00,2025-03-24 13:45:52
7000008431,1000008431,20250324,2672,1,,GATEWAY,PAID,16020.00,2025-03-24 16:04:00
7000008432,1000008432,20250324,783,1,,CARD,PAID,15720.00,2025-03-24 17:40:33
7000008433,1000008433,20250324,2673,1,,GATEWAY,REFUNDED,52320.00,2025-03-24 18:17:48
7000008436,1000008436,20250324,1409,1,,CARD,PAID,52320.00,2025-03-24 18:56:35
7000008437,1000008437,20250324,1207,1,,CARD,PAID,65340.00,2025-03-24 19:03:41
7000008439,1000008439,20250324,1075,1,,CARD,PAID,30540.00,2025-03-24 19:56:03
7000008440,1000008440,20250324,1105,1,,GATEWAY,PAID,16020.00,2025-03-24 21:29:06
7000008441,1000008441,20250324,2674,1,,GATEWAY,PAID,15720.00,2025-03-24 22:25:38
7000008443,1000008443,20250325,68,1,,CARD,PAID,17535.00,2025-03-25 11:15:32
7000008447,1000008447,20250325,1420,1,,GATEWAY,PAID,72600.00,2025-03-25 13:37:50
7000008449,1000008449,20250325,2357,1,,GATEWAY,PAID,27636.00,2025-03-25 15:13:00
7000008450,1000008450,20250325,1501,1,,GATEWAY,PAID,19650.00,2025-03-25 17:15:29
7000008451,1000008451,20250325,2676,1,,CARD,PAID,19350.00,2025-03-25 17:28:44
7000008452,1000008452,20250325,2515,1,,CARD,REFUNDED,72600.00,2025-03-25 18:13:13
7000008453,1000008453,20250325,222,1,,CARD,PAID,15720.00,2025-03-25 18:24:14
7000008457,1000008457,20250325,335,1,,GATEWAY,REFUNDED,16320.00,2025-03-25 21:52:30
7000008458,1000008458,20250325,1973,1,,CARD,PAID,58080.00,2025-03-25 21:52:44
7000008459,1000008459,20250325,2678,1,,CARD,PAID,16020.00,2025-03-25 22:12:56
7000008460,1000008460,20250325,404,1,,GATEWAY,PAID,19350.00,2025-03-26 13:58:50
7000008461,1000008461,20250325,2378,1,,CARD,PAID,55176.00,2025-03-25 23:39:48
7000008462,1000008462,20250326,2455,1,,CARD,REFUNDED,15720.00,2025-03-26 11:11:34
7000008463,1000008463,20250326,2443,1,,CARD,PAID,38100.00,2025-03-26 11:18:43
7000008465,1000008465,20250326,497,1,,GATEWAY,PAID,94380.00,2025-03-26 12:48:12
7000008466,1000008466,20250326,2679,1,,CARD,PAID,68970.00,2025-03-26 12:49:00
7000008468,1000008468,20250326,1285,1,,GATEWAY,PAID,16020.00,2025-03-26 14:57:35
7000008469,1000008469,20250326,213,1,,GATEWAY,FAILED,19350.00,
7000008473,1000008473,20250326,1814,1,,CARD,PAID,34470.00,2025-03-26 19:21:23
7000008474,1000008474,20250326,2680,1,,CARD,PAID,30540.00,2025-03-26 20:42:56
7000008475,1000008475,20250326,1780,1,,GATEWAY,PAID,15720.00,2025-03-26 20:55:37
7000008476,1000008476,20250327,2681,1,,CARD,PAID,112530.00,2025-03-27 00:27:29
7000008477,1000008477,20250327,2352,1,,CARD,PAID,16320.00,2025-03-27 02:17:00
7000008478,1000008478,20250327,1225,1,,CARD,PAID,48990.00,2025-03-27 08:46:59
7000008479,1000008479,20250327,1118,1,,GATEWAY,FAILED,58080.00,
7000008481,1000008481,20250327,296,1,,GATEWAY,PAID,68970.00,2025-03-27 11:28:39
7000008484,1000008484,20250327,2336,1,,GATEWAY,FAILED,19950.00,
7000008486,1000008486,20250327,2437,1,,CARD,PAID,16020.00,2025-03-27 12:32:31
7000008488,1000008488,20250327,1890,1,,CARD,PAID,37800.00,2025-03-27 15:22:42
7000008489,1000008489,20250327,1279,1,,GATEWAY,PAID,19650.00,2025-03-27 16:12:51
7000008491,1000008491,20250327,1187,1,,GATEWAY,PAID,19350.00,2025-03-27 19:47:36
7000008493,1000008493,20250327,1367,1,,CARD,FAILED,34470.00,
7000008494,1000008494,20250327,852,1,,CARD,PAID,16320.00,2025-03-27 22:35:27
7000008496,1000008496,20250328,2682,1,,GATEWAY,PAID,15720.00,2025-03-28 10:31:16
7000008498,1000008498,20250328,2683,1,,CARD,PAID,72600.00,2025-03-28 11:12:32
7000008502,1000008502,20250328,2189,1,,CARD,PAID,52620.00,2025-03-28 13:36:41
7000008503,1000008503,20250328,340,1,,GATEWAY,PAID,19350.00,2025-03-28 14:18:01
7000008505,1000008505,20250328,2289,1,,CARD,PAID,19650.00,2025-03-28 15:03:18
7000008507,1000008507,20250328,1304,1,,CARD,PAID,30540.00,2025-03-28 16:32:11
7000008511,1000008511,20250328,11,1,,GATEWAY,PAID,45360.00,2025-03-28 19:01:57
7000008512,1000008512,20250328,2684,1,,GATEWAY,PAID,52320.00,2025-03-28 19:35:03
7000008515,1000008515,20250328,2184,1,,CARD,PAID,54450.00,2025-03-28 21:51:56
7000008516,1000008516,20250329,2636,1,,GATEWAY,PAID,33870.00,2025-03-29 09:53:16
7000008520,1000008520,20250329,2051,1,,CARD,PAID,54450.00,2025-03-29 12:09:38
7000008522,1000008522,20250329,2686,1,,CARD,PAID,30540.00,2025-03-29 13:38:25
7000008523,1000008523,20250329,2218,1,,CARD,PAID,15720.00,2025-03-29 13:42:56
7000008525,1000008525,20250329,2687,1,,CARD,PAID,72600.00,2025-03-29 16:29:35
7000008527,1000008527,20250329,728,1,,GATEWAY,PAID,37500.00,2025-03-29 18:24:42
7000008530,1000008530,20250329,1978,1,,GATEWAY,PAID,33870.00,2025-03-29 21:19:46
7000008531,1000008531,20250329,2093,1,,CARD,PAID,19350.00,2025-03-29 21:38:31
7000008532,1000008532,20250330,2258,1,,CARD,PAID,30240.00,2025-03-30 09:59:49
7000008533,1000008533,20250330,666,1,,CARD,PAID,15720.00,2025-03-30 13:51:27
7000008534,1000008534,20250330,2080,1,,GATEWAY,REFUNDED,15720.00,2025-03-30 14:05:57
7000008535,1000008535,20250330,2689,1,,CARD,PAID,58080.00,2025-03-30 14:36:05
7000008536,1000008536,20250330,1734,1,,CARD,PAID,45060.00,2025-03-30 15:54:04
7000008537,1000008537,20250330,2690,1,,CARD,PAID,44760.00,2025-03-30 17:09:20
7000008538,1000008538,20250330,1897,1,,CARD,PAID,15720.00,2025-03-30 17:20:13
7000008539,1000008539,20250330,1239,1,,GATEWAY,PAID,37500.00,2025-03-30 17:33:54
7000008540,1000008540,20250330,2038,1,,GATEWAY,PAID,19950.00,2025-04-01 00:44:23
7000008541,1000008541,20250330,1194,1,,GATEWAY,PAID,16020.00,2025-03-30 19:01:05
7000008542,1000008542,20250330,2691,1,,CARD,PAID,34170.00,2025-03-30 19:48:56
7000008543,1000008543,20250330,2693,1,,GATEWAY,PAID,29088.00,2025-03-30 22:03:46
7000008544,1000008544,20250330,2694,1,,GATEWAY,PAID,19350.00,2025-03-30 23:17:24
7000008545,1000008545,20250330,2695,1,,GATEWAY,PAID,93109.50,2025-03-30 23:48:27
7000008546,1000008546,20250331,2696,1,,CARD,PAID,45360.00,2025-03-31 00:42:58
7000008547,1000008547,20250331,2697,1,,CARD,PAID,30840.00,2025-03-31 08:36:37
7000008548,1000008548,20250331,706,1,,GATEWAY,FAILED,61710.00,
7000008549,1000008549,20250331,2260,1,,CARD,PAID,16320.00,2025-03-31 10:36:20
7000008551,1000008551,20250331,2698,1,,GATEWAY,FAILED,15720.00,
7000008552,1000008552,20250331,1802,1,,CARD,FAILED,45360.00,
7000008558,1000008558,20250331,2434,1,,CARD,PAID,87120.00,2025-03-31 17:59:26
7000008560,1000008560,20250331,913,1,,GATEWAY,PAID,72600.00,2025-03-31 19:56:32
7000008561,1000008561,20250331,703,1,,GATEWAY,PAID,45060.00,2025-04-01 12:03:51
7000008562,1000008562,20250331,73,1,,GATEWAY,PAID,30540.00,2025-03-31 21:42:32
7000008564,1000008564,20250401,2209,1,,CARD,PAID,30840.00,2025-04-01 12:48:36
7000008565,1000008565,20250401,2704,1,,CARD,PAID,19650.00,2025-04-01 12:53:35
7000008566,1000008566,20250401,2134,1,,GATEWAY,FAILED,18742.50,
7000008567,1000008567,20250401,2705,1,,CARD,PAID,19350.00,2025-04-01 15:23:48
7000008568,1000008568,20250401,1345,1,,CARD,PAID,15720.00,2025-04-01 16:39:07
7000008569,1000008569,20250401,2706,1,,GATEWAY,PAID,48990.00,2025-04-01 17:18:49
7000008570,1000008570,20250401,2035,1,,CARD,PAID,30840.00,2025-04-01 17:20:44
7000008571,1000008571,20250401,2130,1,,CARD,PAID,28788.00,2025-04-01 18:08:49
7000008576,1000008576,20250401,1849,1,,CARD,PAID,19350.00,2025-04-01 21:56:58
7000008577,1000008577,20250401,1500,1,,CARD,PAID,16020.00,2025-04-01 22:18:47
7000008578,1000008578,20250401,1360,1,,CARD,PAID,19350.00,2025-04-01 23:23:23
7000008579,1000008579,20250401,2012,1,,CARD,PAID,19350.00,2025-04-01 23:33:17
7000008580,1000008580,20250402,2710,1,,CARD,PAID,68970.00,2025-04-02 00:52:54
7000008581,1000008581,20250402,2441,1,,CARD,PAID,76230.00,2025-04-02 07:06:14
7000008582,1000008582,20250402,2020,1,,CARD,PAID,15720.00,2025-04-02 10:17:32
7000008583,1000008583,20250402,2105,1,,GATEWAY,PAID,54450.00,2025-04-02 11:01:08
7000008586,1000008586,20250402,1576,1,,CARD,PAID,34170.00,2025-04-02 11:55:41
7000008587,1000008587,20250402,836,1,,GATEWAY,PAID,37800.00,2025-04-02 12:53:43
7000008590,1000008590,20250402,1077,1,,CARD,PAID,16020.00,2025-04-02 14:29:52
7000008591,1000008591,20250402,2713,1,,GATEWAY,PAID,68970.00,2025-04-02 16:32:41
7000008593,1000008593,20250402,2714,1,,GATEWAY,PAID,19350.00,2025-04-02 18:36:06
7000008595,1000008595,20250402,1794,1,,GATEWAY,PAID,19650.00,2025-04-02 18:55:54
7000008596,1000008596,20250402,2036,1,,CARD,PAID,37800.00,2025-04-02 19:14:04
7000008598,1000008598,20250402,1847,1,,GATEWAY,REFUNDED,15720.00,2025-04-02 21:07:38
7000008599,1000008599,20250402,2715,1,,GATEWAY,PAID,33870.00,2025-04-02 22:37:50
7000008600,1000008600,20250402,447,1,,CARD,PAID,98736.00,2025-04-02 22:33:03
7000008601,1000008601,20250403,2638,1,,GATEWAY,PAID,29388.00,2025-04-03 00:31:49
7000008602,1000008602,20250403,2716,1,,GATEWAY,PAID,15720.00,2025-04-03 03:18:12
7000008603,1000008603,20250403,41,1,,CARD,REFUNDED,58080.00,2025-04-03 11:23:16
7000008607,1000008607,20250403,644,1,,GATEWAY,PAID,16020.00,2025-04-03 15:20:53
7000008614,1000008614,20250403,1947,1,,GATEWAY,PAID,37800.00,2025-04-03 18:29:05
7000008615,1000008615,20250403,1339,1,,CARD,PAID,16020.00,2025-04-03 19:47:45
7000008618,1000008618,20250403,2717,1,,CARD,PAID,33870.00,2025-04-03 22:06:10
7000008619,1000008619,20250404,1432,1,,GATEWAY,PAID,76230.00,2025-04-04 08:03:09
7000008620,1000008620,20250404,402,1,,GATEWAY,PAID,30540.00,2025-04-04 09:15:28
7000008623,1000008623,20250404,2718,1,,GATEWAY,PAID,16020.00,2025-04-04 11:23:51
7000008624,1000008624,20250404,2270,1,,CARD,PAID,37500.00,2025-04-04 12:12:13
7000008626,1000008626,20250404,2371,1,,CARD,PAID,19350.00,2025-04-04 13:51:30
7000008630,1000008630,20250404,2669,1,,CARD,PAID,54450.00,2025-04-04 18:54:42
7000008631,1000008631,20250404,1834,1,,CARD,PAID,72600.00,2025-04-04 19:13:37
7000008636,1000008636,20250404,2274,1,,CARD,PAID,16020.00,2025-04-04 20:33:51
7000008637,1000008637,20250404,2063,1,,CARD,PAID,54450.00,2025-04-04 21:10:51
7000008638,1000008638,20250405,2719,1,,GATEWAY,PAID,30240.00,2025-04-05 01:38:11
7000008639,1000008639,20250405,2514,1,,CARD,PAID,30540.00,2025-04-05 07:19:43
7000008640,1000008640,20250405,2720,1,,GATEWAY,REFUNDED,15720.00,2025-04-05 10:04:28
7000008644,1000008644,20250405,578,1,,GATEWAY,PAID,48390.00,2025-04-05 14:54:42
7000008645,1000008645,20250405,2221,1,,CARD,PAID,54450.00,2025-04-05 15:00:17
7000008647,1000008647,20250405,715,1,,CARD,PAID,19650.00,2025-04-05 17:25:14
7000008649,1000008649,20250405,2723,1,,GATEWAY,PAID,30240.00,2025-04-05 18:13:26
7000008650,1000008650,20250405,1407,1,,CARD,PAID,16020.00,2025-04-05 18:13:55
7000008652,1000008652,20250405,469,1,,CARD,PAID,30540.00,2025-04-05 19:47:39
7000008653,1000008653,20250405,2005,1,,CARD,FAILED,34170.00,
7000008654,1000008654,20250405,1337,1,,GATEWAY,PAID,30240.00,2025-04-05 21:21:38
7000008655,1000008655,20250406,2462,1,,GATEWAY,PAID,19650.00,2025-04-07 03:15:06
7000008656,1000008656,20250406,2724,1,,CARD,REFUNDED,30540.00,2025-04-06 06:19:49
7000008657,1000008657,20250406,369,1,,GATEWAY,PAID,45060.00,2025-04-06 06:37:22
7000008658,1000008658,20250406,965,1,,CARD,PAID,15720.00,2025-04-06 09:03:20
7000008659,1000008659,20250406,2726,1,,CARD,PAID,15720.00,2025-04-06 10:47:53
7000008660,1000008660,20250406,2728,1,,CARD,PAID,37800.00,2025-04-06 13:25:03
7000008661,1000008661,20250406,1665,1,,CARD,PAID,16020.00,2025-04-06 13:48:03
7000008662,1000008662,20250406,2095,1,,GATEWAY,PAID,15720.00,2025-04-06 13:47:51
7000008663,1000008663,20250406,1370,1,,CARD,PAID,30540.00,2025-04-06 14:17:22
7000008664,1000008664,20250406,122,1,,CARD,FAILED,54450.00,
7000008665,1000008665,20250406,2729,1,,CARD,PAID,37800.00,2025-04-06 16:31:15
7000008666,1000008666,20250406,2182,1,,GATEWAY,PAID,15720.00,2025-04-07 01:31:24
7000008667,1000008667,20250406,1479,1,,GATEWAY,PAID,58080.00,2025-04-08 20:21:36
7000008668,1000008668,20250406,1866,1,,CARD,PAID,16020.00,2025-04-06 20:20:20
7000008669,1000008669,20250406,1808,1,,CARD,REFUNDED,52320.00,2025-04-06 21:50:42
7000008670,1000008670,20250406,2730,1,,GATEWAY,PAID,38100.00,2025-04-06 22:11:03
7000008671,1000008671,20250406,2092,1,,CARD,PAID,16020.00,2025-04-06 23:04:35
7000008672,1000008672,20250406,2190,1,,GATEWAY,PAID,30240.00,2025-04-06 23:25:41
7000008673,1000008673,20250406,1456,1,,CARD,PAID,16020.00,2025-04-06 23:27:19
7000008674,1000008674,20250406,1306,1,,CARD,PAID,15720.00,2025-04-06 23:36:47
7000008679,1000008679,20250407,2733,1,,CARD,PAID,74052.00,2025-04-07 18:39:00
7000008680,1000008680,20250407,1660,1,,GATEWAY,PAID,34170.00,2025-04-07 19:00:41
7000008681,1000008681,20250407,1541,1,,CARD,PAID,45060.00,2025-04-07 19:11:02
7000008682,1000008682,20250407,1796,1,,CARD,PAID,30240.00,2025-04-07 21:55:33
7000008683,1000008683,20250407,46,1,,GATEWAY,REFUNDED,19650.00,2025-04-07 22:31:07
7000008684,1000008684,20250407,629,1,,CARD,PAID,33870.00,2025-04-07 23:02:15
7000008685,1000008685,20250407,1637,1,,CARD,PAID,15720.00,2025-04-08 00:01:30
7000008686,1000008686,20250408,871,1,,GATEWAY,FAILED,14868.00,
7000008687,1000008687,20250408,572,1,,GATEWAY,FAILED,16020.00,
7000008688,1000008688,20250408,2111,1,,GATEWAY,PAID,14268.00,2025-04-08 11:05:54
7000008689,1000008689,20250408,770,1,,GATEWAY,PAID,40404.00,2025-04-08 08:08:38
7000008690,1000008690,20250408,1002,1,,CARD,PAID,16020.00,2025-04-08 10:22:57
7000008691,1000008691,20250408,2735,1,,CARD,PAID,87120.00,2025-04-08 10:48:06
7000008693,1000008693,20250408,89,1,,CARD,PAID,30540.00,2025-04-08 11:19:55
7000008697,1000008697,20250408,1892,1,,GATEWAY,PAID,19650.00,2025-04-08 14:12:08
7000008698,1000008698,20250408,2738,1,,CARD,REFUNDED,48390.00,2025-04-08 12:38:36
7000008699,1000008699,20250408,2737,1,,GATEWAY,PAID,30903.00,2025-04-08 12:56:04
7000008701,1000008701,20250408,2739,1,,CARD,PAID,45060.00,2025-04-08 13:14:29
7000008704,1000008704,20250408,1773,1,,GATEWAY,FAILED,33870.00,
7000008705,1000008705,20250408,1273,1,,CARD,PAID,65340.00,2025-04-08 15:56:09
7000008706,1000008706,20250408,1882,1,,CARD,PAID,33870.00,2025-04-08 16:08:36
7000008707,1000008707,20250408,156,1,,CARD,FAILED,19350.00,
7000008709,1000008709,20250408,514,1,,GATEWAY,PAID,14868.00,2025-04-08 17:49:43
7000008710,1000008710,20250408,2114,1,,CARD,PAID,46938.00,2025-04-08 17:47:49
7000008712,1000008712,20250408,1756,1,,CARD,PAID,52020.00,2025-04-08 18:51:26
7000008714,1000008714,20250408,1607,1,,GATEWAY,PAID,61710.00,2025-04-08 19:25:54
7000008715,1000008715,20250408,1864,1,,CARD,PAID,34470.00,2025-04-08 19:24:50
7000008716,1000008716,20250408,2565,1,,CARD,PAID,19650.00,2025-04-08 19:41:12
7000008717,1000008717,20250408,1606,1,,GATEWAY,PAID,30540.00,2025-04-08 20:31:10
7000008718,1000008718,20250408,2454,1,,CARD,PAID,30540.00,2025-04-08 21:27:39
7000008719,1000008719,20250408,653,1,,CARD,PAID,16020.00,2025-04-08 22:20:22
7000008720,1000008720,20250408,2742,1,,CARD,FAILED,44760.00,
7000008721,1000008721,20250409,425,1,,GATEWAY,FAILED,34170.00,
7000008722,1000008722,20250409,2411,1,,CARD,PAID,45060.00,2025-04-09 08:51:09
7000008723,1000008723,20250409,411,1,,CARD,PAID,19350.00,2025-04-09 09:40:09
7000008724,1000008724,20250409,1001,1,,CARD,PAID,19650.00,2025-04-09 10:50:31
7000008725,1000008725,20250409,2681,1,,GATEWAY,PAID,44760.00,2025-04-10 07:04:25
7000008726,1000008726,20250409,2743,1,,GATEWAY,REFUNDED,37500.00,2025-04-09 12:05:39
7000008728,1000008728,20250409,2362,1,,GATEWAY,PAID,19350.00,2025-04-09 14:26:24
7000008729,1000008729,20250409,812,1,,CARD,PAID,16020.00,2025-04-09 17:59:31
7000008730,1000008730,20250409,1499,1,,CARD,PAID,76230.00,2025-04-09 19:06:30
7000008731,1000008731,20250409,1350,1,,CARD,PAID,130680.00,2025-04-09 19:27:12
7000008733,1000008733,20250409,2744,1,,GATEWAY,PAID,15720.00,2025-04-09 19:47:28
7000008734,1000008734,20250409,2478,1,,GATEWAY,PAID,30540.00,2025-04-09 20:23:35
7000008735,1000008735,20250409,696,1,,CARD,PAID,19650.00,2025-04-09 20:25:42
7000008736,1000008736,20250409,1604,1,,GATEWAY,FAILED,16020.00,
7000008738,1000008738,20250409,1687,1,,CARD,REFUNDED,15720.00,2025-04-09 21:10:16
7000008739,1000008739,20250409,2294,1,,GATEWAY,PAID,34170.00,2025-04-09 21:59:59
7000008740,1000008740,20250409,1110,1,,CARD,REFUNDED,34470.00,2025-04-09 22:58:21
7000008741,1000008741,20250409,2745,1,,GATEWAY,PAID,30540.00,2025-04-09 23:17:57
7000008742,1000008742,20250410,2746,1,,CARD,PAID,15720.00,2025-04-10 00:26:42
7000008743,1000008743,20250410,26,1,,CARD,PAID,15720.00,2025-04-10 07:49:30
7000008745,1000008745,20250410,2747,1,,CARD,PAID,19350.00,2025-04-10 10:16:36
7000008748,1000008748,20250410,930,1,,CARD,PAID,44760.00,2025-04-10 11:44:19
7000008750,1000008750,20250410,2750,1,,GATEWAY,PAID,72600.00,2025-04-11 09:37:19
7000008752,1000008752,20250410,2139,1,,GATEWAY,PAID,33870.00,2025-04-10 18:56:43
7000008753,1000008753,20250410,2752,1,,GATEWAY,PAID,52020.00,2025-04-10 19:36:47
7000008754,1000008754,20250410,2751,1,,GATEWAY,PAID,19650.00,2025-04-10 19:57:37
7000008755,1000008755,20250410,1449,1,,GATEWAY,FAILED,30240.00,
7000008756,1000008756,20250410,1015,1,,CARD,PAID,16020.00,2025-04-10 20:33:24
7000008757,1000008757,20250410,2753,1,,GATEWAY,FAILED,19350.00,
7000008758,1000008758,20250410,671,1,,GATEWAY,PAID,15720.00,2025-04-10 21:19:13
7000008759,1000008759,20250410,2006,1,,CARD,PAID,45060.00,2025-04-10 21:21:26
7000008760,1000008760,20250410,2141,1,,GATEWAY,PAID,30540.00,2025-04-11 03:44:10
7000008761,1000008761,20250410,2755,1,,CARD,PAID,44760.00,2025-04-10 23:36:58
7000008762,1000008762,20250411,2519,1,,GATEWAY,PAID,15720.00,2025-04-11 22:26:56
7000008763,1000008763,20250411,2756,1,,GATEWAY,FAILED,30540.00,
7000008764,1000008764,20250411,2757,1,,CARD,PAID,16020.00,2025-04-11 09:09:56
7000008765,1000008765,20250411,2083,1,,GATEWAY,FAILED,16020.00,
7000008766,1000008766,20250411,1423,1,,CARD,PAID,15720.00,2025-04-11 09:51:29
7000008768,1000008768,20250411,667,1,,CARD,PAID,16020.00,2025-04-11 10:28:36
7000008769,1000008769,20250411,1973,1,,CARD,REFUNDED,52320.00,2025-04-11 10:51:59
7000008770,1000008770,20250411,2172,1,,CARD,PAID,37500.00,2025-04-11 10:58:19
7000008776,1000008776,20250411,2759,1,,CARD,PAID,68970.00,2025-04-11 16:06:37
7000008777,1000008777,20250411,2379,1,,CARD,PAID,30240.00,2025-04-11 17:02:38
7000008779,1000008779,20250411,1159,1,,CARD,PAID,33870.00,2025-04-11 17:58:59
7000008780,1000008780,20250411,2663,1,,GATEWAY,FAILED,15720.00,
7000008781,1000008781,20250411,1926,1,,GATEWAY,PAID,19650.00,2025-04-11 20:49:22
7000008782,1000008782,20250411,2343,1,,CARD,REFUNDED,19350.00,2025-04-11 21:17:56
7000008783,1000008783,20250411,2760,1,,GATEWAY,PAID,44760.00,2025-04-11 21:35:38
7000008784,1000008784,20250411,1516,1,,GATEWAY,PAID,30540.00,2025-04-12 10:37:31
7000008785,1000008785,20250411,1772,1,,CARD,PAID,48690.00,2025-04-11 22:28:26
7000008786,1000008786,20250411,2639,1,,CARD,REFUNDED,72600.00,2025-04-11 23:55:26
7000008787,1000008787,20250412,2761,1,,CARD,PAID,37800.00,2025-04-12 09:34:48
7000008788,1000008788,20250412,1823,1,,GATEWAY,FAILED,58080.00,
7000008789,1000008789,20250412,1437,1,,GATEWAY,PAID,16020.00,2025-04-12 10:53:56
7000008790,1000008790,20250412,1954,1,,CARD,PAID,33870.00,2025-04-12 10:51:55
7000008791,1000008791,20250412,2762,1,,CARD,PAID,68970.00,2025-04-12 11:05:45
7000008793,1000008793,20250412,1871,1,,CARD,PAID,19042.50,2025-04-12 15:27:40
7000008794,1000008794,20250412,1313,1,,CARD,PAID,34170.00,2025-04-12 15:50:51
7000008797,1000008797,20250412,1835,1,,CARD,PAID,19650.00,2025-04-12 17:09:42
7000008801,1000008801,20250412,2766,1,,CARD,PAID,48990.00,2025-04-12 18:55:42
7000008802,1000008802,20250412,2767,1,,GATEWAY,PAID,58080.00,2025-04-12 19:31:55
7000008803,1000008803,20250412,1797,1,,CARD,PAID,19350.00,2025-04-12 19:34:35
7000008804,1000008804,20250412,280,1,,GATEWAY,PAID,65340.00,2025-04-12 19:36:25
7000008805,1000008805,20250412,1788,1,,GATEWAY,FAILED,33870.00,
7000008806,1000008806,20250413,636,1,,CARD,PAID,30840.00,2025-04-13 00:51:57
7000008807,1000008807,20250413,2768,1,,GATEWAY,PAID,45060.00,2025-04-13 11:10:26
7000008808,1000008808,20250413,2769,1,,GATEWAY,PAID,16320.00,2025-04-13 12:33:35
7000008809,1000008809,20250413,716,1,,GATEWAY,FAILED,54450.00,
7000008810,1000008810,20250413,2480,1,,GATEWAY,PAID,15720.00,2025-04-13 13:00:38
7000008811,1000008811,20250413,477,1,,GATEWAY,PAID,16020.00,2025-04-13 14:35:07
7000008812,1000008812,20250413,2770,1,,CARD,PAID,30240.00,2025-04-13 15:38:25
7000008813,1000008813,20250413,2261,1,,GATEWAY,PAID,19350.00,2025-04-13 17:13:17
7000008814,1000008814,20250413,1605,1,,CARD,PAID,16320.00,2025-04-13 19:18:33
7000008815,1000008815,20250413,2772,1,,GATEWAY,PAID,37500.00,2025-04-13 19:42:01
7000008816,1000008816,20250413,2771,1,,CARD,FAILED,15720.00,
7000008817,1000008817,20250413,1143,1,,GATEWAY,PAID,34470.00,2025-04-13 20:40:21
7000008818,1000008818,20250413,2773,1,,CARD,PAID,19650.00,2025-04-13 20:42:22
7000008819,1000008819,20250413,1729,1,,CARD,PAID,101640.00,2025-04-13 21:30:14
7000008820,1000008820,20250413,633,1,,GATEWAY,PAID,76230.00,2025-04-13 22:14:32
7000008821,1000008821,20250414,2273,1,,CARD,PAID,19350.00,2025-04-14 11:41:39
7000008824,1000008824,20250414,2404,1,,CARD,PAID,68970.00,2025-04-14 12:53:54
7000008826,1000008826,20250414,1993,1,,CARD,PAID,19650.00,2025-04-14 13:19:34
7000008827,1000008827,20250414,1057,1,,GATEWAY,PAID,48990.00,2025-04-15 05:57:19
7000008828,1000008828,20250414,1329,1,,GATEWAY,PAID,44760.00,2025-04-14 14:58:32
7000008830,1000008830,20250414,1046,1,,GATEWAY,PAID,15720.00,2025-04-14 15:17:03
7000008832,1000008832,20250414,332,1,,GATEWAY,PAID,19650.00,2025-04-14 16:27:11
7000008833,1000008833,20250414,1977,1,,CARD,PAID,54450.00,2025-04-14 17:17:27
7000008837,1000008837,20250414,2571,1,,GATEWAY,PAID,54450.00,2025-04-14 19:07:50
7000008842,1000008842,20250414,1538,1,,CARD,PAID,30540.00,2025-04-14 21:33:54
7000008843,1000008843,20250414,2193,1,,CARD,PAID,15720.00,2025-04-14 21:36:02
7000008844,1000008844,20250414,2690,1,,CARD,PAID,33870.00,2025-04-14 22:53:09
7000008845,1000008845,20250414,2714,1,,CARD,PAID,65340.00,2025-04-14 23:35:16
7000008846,1000008846,20250415,705,1,,GATEWAY,PAID,37800.00,2025-04-15 01:03:40
7000008847,1000008847,20250415,2776,1,,GATEWAY,PAID,61710.00,2025-04-15 07:52:21
7000008848,1000008848,20250415,2580,1,,CARD,PAID,33870.00,2025-04-15 10:12:46
7000008853,1000008853,20250415,2777,1,,GATEWAY,PAID,30240.00,2025-04-15 15:20:39
7000008854,1000008854,20250415,373,1,,GATEWAY,PAID,38100.00,2025-04-15 17:10:41
7000008855,1000008855,20250415,512,1,,GATEWAY,PAID,16020.00,2025-04-15 17:01:27
7000008857,1000008857,20250415,176,1,,CARD,PAID,15720.00,2025-04-15 17:25:11
7000008860,1000008860,20250415,2779,1,,CARD,PAID,68970.00,2025-04-15 18:28:45
7000008861,1000008861,20250415,1268,1,,GATEWAY,PAID,30540.00,2025-04-15 19:15:25
7000008862,1000008862,20250415,2204,1,,CARD,REFUNDED,83490.00,2025-04-15 21:00:53
7000008863,1000008863,20250415,2780,1,,CARD,PAID,49479.00,2025-04-15 21:32:55
7000008864,1000008864,20250415,2148,1,,CARD,PAID,15720.00,2025-04-15 21:56:33
7000008865,1000008865,20250415,2781,1,,GATEWAY,PAID,98010.00,2025-04-15 22:03:43
7000008866,1000008866,20250415,1070,1,,GATEWAY,PAID,16020.00,2025-04-16 15:56:50
7000008867,1000008867,20250415,2782,1,,CARD,PAID,33870.00,2025-04-15 23:02:33
7000008868,1000008868,20250416,1766,1,,GATEWAY,REFUNDED,30540.00,2025-04-16 08:45:27
7000008872,1000008872,20250416,1989,1,,CARD,REFUNDED,37500.00,2025-04-16 12:35:51
7000008874,1000008874,20250416,1949,1,,CARD,PAID,44760.00,2025-04-16 14:01:25
7000008875,1000008875,20250416,84,1,,CARD,FAILED,28788.00,
7000008876,1000008876,20250416,1543,1,,CARD,PAID,52020.00,2025-04-16 17:31:31
7000008880,1000008880,20250416,1555,1,,GATEWAY,PAID,19650.00,2025-04-16 19:09:56
7000008881,1000008881,20250416,2682,1,,GATEWAY,PAID,52927.50,2025-04-16 19:35:50
7000008883,1000008883,20250416,2560,1,,CARD,PAID,30240.00,2025-04-16 22:02:51
7000008884,1000008884,20250416,2082,1,,CARD,PAID,19650.00,2025-04-16 23:18:21
7000008885,1000008885,20250416,2429,1,,CARD,PAID,46330.50,2025-04-16 23:33:30
7000008886,1000008886,20250417,2244,1,,CARD,PAID,19650.00,2025-04-17 01:00:48
7000008887,1000008887,20250417,1387,1,,GATEWAY,PAID,16020.00,2025-04-17 09:57:25
7000008888,1000008888,20250417,1828,1,,CARD,PAID,61710.00,2025-04-17 11:38:44
7000008889,1000008889,20250417,2369,1,,CARD,PAID,16020.00,2025-04-17 11:53:02
7000008890,1000008890,20250417,2403,1,,GATEWAY,PAID,58080.00,2025-04-17 13:36:02
7000008892,1000008892,20250417,2500,1,,CARD,PAID,33870.00,2025-04-17 14:45:41
7000008893,1000008893,20250417,913,1,,GATEWAY,PAID,19650.00,2025-04-17 15:16:35
7000008894,1000008894,20250417,1422,1,,CARD,FAILED,37500.00,
7000008895,1000008895,20250417,2640,1,,GATEWAY,PAID,19650.00,2025-04-17 16:53:00
7000008897,1000008897,20250417,2396,1,,CARD,PAID,15720.00,2025-04-17 17:18:50
7000008898,1000008898,20250417,2528,1,,CARD,PAID,58080.00,2025-04-17 19:37:32
7000008899,1000008899,20250417,2521,1,,CARD,PAID,215985.00,2025-04-17 22:43:26
7000008900,1000008900,20250418,2372,1,,CARD,PAID,15294.00,2025-04-18 03:32:37
7000008901,1000008901,20250418,1003,1,,GATEWAY,PAID,30540.00,2025-04-18 06:05:18
7000008902,1000008902,20250418,1420,1,,GATEWAY,PAID,30240.00,2025-04-18 09:45:30
7000008903,1000008903,20250418,2103,1,,CARD,PAID,16320.00,2025-04-18 11:00:35
7000008904,1000008904,20250418,2785,1,,CARD,PAID,19350.00,2025-04-18 14:00:00
7000008909,1000008909,20250418,2786,1,,GATEWAY,PAID,30240.00,2025-04-18 20:49:31
7000008910,1000008910,20250418,2280,1,,CARD,PAID,32536.50,2025-04-18 22:03:24
7000008911,1000008911,20250418,2457,1,,CARD,PAID,19350.00,2025-04-18 22:51:11
7000008912,1000008912,20250419,2260,1,,CARD,PAID,52620.00,2025-04-19 00:46:32
7000008913,1000008913,20250419,284,1,,CARD,PAID,54450.00,2025-04-19 09:12:46
7000008914,1000008914,20250419,2597,1,,CARD,PAID,16320.00,2025-04-19 10:15:53
7000008918,1000008918,20250419,2163,1,,CARD,PAID,37500.00,2025-04-19 13:31:10
7000008919,1000008919,20250419,1509,1,,CARD,PAID,37800.00,2025-04-19 13:36:08
7000008922,1000008922,20250419,11,1,,CARD,PAID,19950.00,2025-04-19 14:23:26
7000008924,1000008924,20250419,1598,1,,CARD,FAILED,45360.00,
7000008926,1000008926,20250419,983,1,,CARD,PAID,48390.00,2025-04-19 15:08:15
7000008933,1000008933,20250419,1363,1,,CARD,PAID,52320.00,2025-04-19 18:45:16
7000008936,1000008936,20250420,2004,1,,GATEWAY,PAID,34170.00,2025-04-20 06:15:31
7000008937,1000008937,20250420,2790,1,,GATEWAY,PAID,34170.00,2025-04-20 10:29:16
7000008938,1000008938,20250420,2791,1,,CARD,PAID,52320.00,2025-04-20 10:38:22
7000008939,1000008939,20250420,2792,1,,CARD,PAID,19950.00,2025-04-20 11:57:41
7000008940,1000008940,20250420,235,1,,GATEWAY,PAID,15720.00,2025-04-20 13:18:34
7000008941,1000008941,20250420,2793,1,,GATEWAY,PAID,54450.00,2025-04-20 15:55:37
7000008942,1000008942,20250420,1600,1,,GATEWAY,FAILED,54450.00,
7000008943,1000008943,20250420,1754,1,,CARD,PAID,48390.00,2025-04-20 18:40:15
7000008944,1000008944,20250420,2693,1,,CARD,PAID,30540.00,2025-04-20 20:07:38
7000008945,1000008945,20250420,2794,1,,CARD,PAID,19650.00,2025-04-20 21:33:28
7000008946,1000008946,20250420,1174,1,,CARD,PAID,34170.00,2025-04-20 22:58:14
7000008947,1000008947,20250421,1633,1,,CARD,PAID,16320.00,2025-04-21 00:34:01
7000008948,1000008948,20250421,2795,1,,CARD,PAID,16020.00,2025-04-21 01:48:55
7000008949,1000008949,20250421,2670,1,,CARD,PAID,45060.00,2025-04-21 09:03:10
7000008957,1000008957,20250421,2420,1,,CARD,PAID,30540.00,2025-04-21 16:27:45
7000008958,1000008958,20250421,2059,1,,CARD,PAID,48690.00,2025-04-21 16:44:41
7000008960,1000008960,20250421,1799,1,,GATEWAY,REFUNDED,19650.00,2025-04-23 12:38:19
7000008961,1000008961,20250421,946,1,,GATEWAY,FAILED,54450.00,
7000008962,1000008962,20250421,1946,1,,CARD,PAID,54450.00,2025-04-21 18:44:48
7000008964,1000008964,20250421,2797,1,,CARD,PAID,30240.00,2025-04-21 19:48:23
7000008966,1000008966,20250421,2798,1,,CARD,PAID,16020.00,2025-04-21 20:26:38
7000008968,1000008968,20250421,2799,1,,GATEWAY,PAID,52320.00,2025-04-21 21:00:00
7000008969,1000008969,20250421,681,1,,CARD,PAID,48390.00,2025-04-21 23:51:56
7000008970,1000008970,20250422,1638,1,,CARD,PAID,45360.00,2025-04-22 07:34:42
7000008971,1000008971,20250422,2630,1,,GATEWAY,FAILED,16020.00,
7000008972,1000008972,20250422,703,1,,CARD,PAID,78408.00,2025-04-22 10:52:33
7000008973,1000008973,20250422,2476,1,,CARD,PAID,48690.00,2025-04-22 11:25:43
7000008975,1000008975,20250422,1684,1,,GATEWAY,PAID,15720.00,2025-04-22 12:20:22
7000008977,1000008977,20250422,2046,1,,CARD,PAID,34170.00,2025-04-22 14:25:37
7000008978,1000008978,20250422,1841,1,,GATEWAY,PAID,46938.00,2025-04-22 14:30:52
7000008979,1000008979,20250422,116,1,,CARD,PAID,14268.00,2025-04-22 15:39:54
7000008980,1000008980,20250422,2289,1,,GATEWAY,PAID,27636.00,2025-04-22 16:10:45
7000008981,1000008981,20250422,2801,1,,CARD,PAID,34170.00,2025-04-22 16:36:13
7000008982,1000008982,20250422,2060,1,,GATEWAY,PAID,15720.00,2025-04-24 00:14:05
7000008984,1000008984,20250422,651,1,,GATEWAY,FAILED,19350.00,
7000008985,1000008985,20250422,2634,1,,CARD,PAID,30840.00,2025-04-22 21:12:04
7000008986,1000008986,20250422,2614,1,,GATEWAY,PAID,30540.00,2025-04-23 08:23:26
7000008987,1000008987,20250422,2802,1,,GATEWAY,PAID,72600.00,2025-04-22 23:55:56
7000008988,1000008988,20250422,494,1,,GATEWAY,PAID,19350.00,2025-04-24 14:08:07
7000008989,1000008989,20250422,2554,1,,CARD,PAID,16020.00,2025-04-22 22:58:21
7000008990,1000008990,20250422,1360,1,,GATEWAY,PAID,17535.00,2025-04-23 21:14:13
7000008991,1000008991,20250423,2359,1,,GATEWAY,PAID,48390.00,2025-04-23 01:51:25
7000008992,1000008992,20250423,2803,1,,CARD,PAID,16020.00,2025-04-23 09:12:05
7000008996,1000008996,20250423,2804,1,,CARD,PAID,19350.00,2025-04-23 13:24:09
7000008997,1000008997,20250423,1580,1,,CARD,PAID,19350.00,2025-04-23 14:11:07
7000009001,1000009001,20250423,2806,1,,CARD,PAID,30240.00,2025-04-23 18:43:03
7000009003,1000009003,20250423,2357,1,,CARD,PAID,79860.00,2025-04-23 19:38:04
7000009005,1000009005,20250423,316,1,,CARD,PAID,33870.00,2025-04-23 20:16:53
7000009006,1000009006,20250423,1016,1,,GATEWAY,PAID,30240.00,2025-04-23 20:39:20
7000009007,1000009007,20250423,1109,1,,GATEWAY,PAID,16320.00,2025-04-23 23:59:29
7000009008,1000009008,20250424,2711,1,,CARD,FAILED,30540.00,
7000009010,1000009010,20250424,2808,1,,GATEWAY,PAID,30240.00,2025-04-24 16:53:24
7000009011,1000009011,20250424,668,1,,CARD,PAID,45060.00,2025-04-24 17:00:33
7000009014,1000009014,20250424,1213,1,,CARD,REFUNDED,30540.00,2025-04-24 18:17:50
7000009016,1000009016,20250424,1012,1,,GATEWAY,PAID,16020.00,2025-04-24 20:07:03
7000009017,1000009017,20250424,1983,1,,GATEWAY,PAID,30540.00,2025-04-24 20:29:01
7000009018,1000009018,20250424,2184,1,,CARD,PAID,15720.00,2025-04-24 21:52:59
7000009019,1000009019,20250424,595,1,,CARD,FAILED,37800.00,
7000009020,1000009020,20250424,2602,1,,GATEWAY,PAID,37500.00,2025-04-24 22:14:25
7000009021,1000009021,20250425,2627,1,,CARD,REFUNDED,34170.00,2025-04-25 09:44:15
7000009022,1000009022,20250425,2303,1,,CARD,PAID,33870.00,2025-04-25 12:40:40
7000009024,1000009024,20250425,1429,1,,CARD,PAID,68970.00,2025-04-25 13:47:49
7000009025,1000009025,20250425,1302,1,,CARD,PAID,18742.50,2025-04-25 13:45:54
7000009026,1000009026,20250425,2809,1,,CARD,PAID,48390.00,2025-04-25 16:05:31
7000009027,1000009027,20250425,2810,1,,CARD,PAID,30540.00,2025-04-25 16:08:46
7000009028,1000009028,20250425,1521,1,,CARD,PAID,54450.00,2025-04-25 17:43:18
7000009031,1000009031,20250425,2550,1,,CARD,PAID,58624.50,2025-04-25 18:55:08
7000009032,1000009032,20250425,2443,1,,GATEWAY,PAID,19950.00,2025-04-25 20:17:32
7000009033,1000009033,20250425,2628,1,,CARD,PAID,16020.00,2025-04-25 20:49:45
7000009035,1000009035,20250425,2516,1,,GATEWAY,PAID,112530.00,2025-04-25 22:40:10
7000009036,1000009036,20250426,2813,1,,CARD,PAID,16320.00,2025-04-26 07:25:22
7000009037,1000009037,20250426,2814,1,,CARD,PAID,48690.00,2025-04-26 07:34:57
7000009039,1000009039,20250426,2815,1,,GATEWAY,PAID,54450.00,2025-04-26 12:00:19
7000009044,1000009044,20250426,1553,1,,CARD,PAID,30240.00,2025-04-26 14:24:52
7000009050,1000009050,20250426,2069,1,,CARD,PAID,37800.00,2025-04-26 17:26:55
7000009051,1000009051,20250426,1980,1,,CARD,REFUNDED,19650.00,2025-04-26 17:33:30
7000009056,1000009056,20250426,497,1,,CARD,PAID,30240.00,2025-04-26 19:32:00
7000009057,1000009057,20250426,2819,1,,GATEWAY,REFUNDED,19350.00,2025-04-26 19:50:28
7000009058,1000009058,20250426,70,1,,GATEWAY,FAILED,15720.00,
7000009059,1000009059,20250426,667,1,,CARD,PAID,16020.00,2025-04-26 20:30:22
7000009060,1000009060,20250426,296,1,,CARD,PAID,19650.00,2025-04-26 21:28:00
7000009061,1000009061,20250427,2587,1,,GATEWAY,FAILED,19650.00,
7000009062,1000009062,20250427,2820,1,,GATEWAY,FAILED,79860.00,
7000009063,1000009063,20250427,1707,1,,GATEWAY,PAID,19950.00,2025-04-28 15:06:41
7000009064,1000009064,20250427,1275,1,,GATEWAY,PAID,38100.00,2025-04-27 16:19:15
7000009065,1000009065,20250427,2469,1,,CARD,PAID,72600.00,2025-04-27 17:31:31
7000009066,1000009066,20250427,420,1,,GATEWAY,PAID,44760.00,2025-04-27 19:25:12
7000009067,1000009067,20250427,2821,1,,CARD,PAID,34470.00,2025-04-27 19:20:57
7000009068,1000009068,20250427,2337,1,,GATEWAY,PAID,30540.00,2025-04-27 21:56:10
7000009069,1000009069,20250427,2823,1,,CARD,PAID,15720.00,2025-04-27 22:14:49
7000009070,1000009070,20250428,2410,1,,GATEWAY,PAID,34170.00,2025-04-28 01:38:37
7000009071,1000009071,20250428,2824,1,,GATEWAY,PAID,19650.00,2025-04-28 01:53:12
7000009072,1000009072,20250428,2023,1,,CARD,PAID,15294.00,2025-04-28 09:22:12
7000009073,1000009073,20250428,2072,1,,GATEWAY,PAID,15720.00,2025-04-28 09:38:55
7000009075,1000009075,20250428,2778,1,,GATEWAY,FAILED,15720.00,
7000009076,1000009076,20250428,375,1,,CARD,FAILED,87120.00,
7000009079,1000009079,20250428,2229,1,,CARD,PAID,68970.00,2025-04-28 21:26:06
7000009080,1000009080,20250428,2825,1,,CARD,PAID,30240.00,2025-04-28 21:31:48
7000009081,1000009081,20250428,2190,1,,CARD,PAID,44760.00,2025-04-28 21:54:59
7000009082,1000009082,20250428,1534,1,,GATEWAY,FAILED,45060.00,
7000009083,1000009083,20250428,1872,1,,CARD,PAID,19650.00,2025-04-28 22:40:06
7000009084,1000009084,20250428,1359,1,,CARD,PAID,34470.00,2025-04-28 23:17:36
7000009085,1000009085,20250429,2826,1,,CARD,PAID,72600.00,2025-04-29 00:43:05
7000009089,1000009089,20250429,1249,1,,CARD,PAID,65340.00,2025-04-29 14:06:53
7000009090,1000009090,20250429,2169,1,,CARD,PAID,33870.00,2025-04-29 14:34:58
7000009093,1000009093,20250429,2827,1,,CARD,PAID,15720.00,2025-04-29 17:48:48
7000009095,1000009095,20250429,2033,1,,GATEWAY,PAID,30240.00,2025-04-30 01:42:30
7000009096,1000009096,20250429,69,1,,CARD,PAID,30840.00,2025-04-29 18:12:02
7000009097,1000009097,20250429,1380,1,,GATEWAY,FAILED,15720.00,
7000009104,1000009104,20250429,1561,1,,CARD,PAID,37500.00,2025-04-29 21:18:35
7000009105,1000009105,20250429,633,1,,GATEWAY,PAID,62073.00,2025-04-29 22:35:04
7000009106,1000009106,20250430,354,1,,GATEWAY,PAID,16020.00,2025-04-30 10:45:37
7000009107,1000009107,20250430,1437,1,,CARD,PAID,19650.00,2025-04-30 12:36:55
7000009117,1000009117,20250430,2691,1,,GATEWAY,REFUNDED,30540.00,2025-04-30 20:07:53
7000009119,1000009119,20250430,1887,1,,GATEWAY,PAID,37800.00,2025-05-02 01:07:39
7000009120,1000009120,20250430,1233,1,,GATEWAY,PAID,18742.50,2025-04-30 23:12:17
7000009121,1000009121,20250501,300,1,,GATEWAY,PAID,16020.00,2025-05-01 00:34:18
7000009122,1000009122,20250501,68,1,,GATEWAY,FAILED,72600.00,
7000009123,1000009123,20250501,1922,1,,GATEWAY,PAID,16320.00,2025-05-01 06:59:05
7000009124,1000009124,20250501,2660,1,,GATEWAY,PAID,19350.00,2025-05-01 10:20:21
7000009125,1000009125,20250501,172,1,,CARD,PAID,30540.00,2025-05-01 11:57:56
7000009126,1000009126,20250501,2830,1,,GATEWAY,REFUNDED,18442.50,2025-05-01 13:26:29
7000009127,1000009127,20250501,852,1,,GATEWAY,FAILED,19950.00,
7000009128,1000009128,20250501,2085,1,,GATEWAY,PAID,58080.00,2025-05-01 14:14:41
7000009129,1000009129,20250501,173,1,,CARD,PAID,44760.00,2025-05-01 15:41:22
7000009130,1000009130,20250501,2795,1,,GATEWAY,PAID,61710.00,2025-05-01 22:24:45
7000009131,1000009131,20250501,2020,1,,CARD,PAID,55176.00,2025-05-01 17:31:42
7000009132,1000009132,20250501,2150,1,,CARD,PAID,58080.00,2025-05-01 18:23:41
7000009133,1000009133,20250501,339,1,,GATEWAY,PAID,30540.00,2025-05-01 18:31:00
7000009134,1000009134,20250501,644,1,,GATEWAY,PAID,61710.00,2025-05-04 00:43:33
7000009135,1000009135,20250501,2194,1,,GATEWAY,PAID,15720.00,2025-05-01 21:36:00
7000009136,1000009136,20250501,2606,1,,CARD,PAID,16020.00,2025-05-01 22:43:33
7000009137,1000009137,20250501,2831,1,,GATEWAY,REFUNDED,61710.00,2025-05-01 23:53:55
7000009138,1000009138,20250502,2716,1,,CARD,PAID,19350.00,2025-05-02 01:15:43
7000009139,1000009139,20250502,2797,1,,GATEWAY,FAILED,15720.00,
7000009140,1000009140,20250502,572,1,,GATEWAY,PAID,30540.00,2025-05-02 09:41:54
7000009141,1000009141,20250502,1571,1,,CARD,PAID,45060.00,2025-05-02 09:38:42
7000009142,1000009142,20250502,112,1,,GATEWAY,FAILED,44760.00,
7000009144,1000009144,20250502,1659,1,,GATEWAY,PAID,30240.00,2025-05-04 08:35:46
7000009145,1000009145,20250502,2493,1,,GATEWAY,PAID,98010.00,2025-05-02 14:31:16
7000009146,1000009146,20250502,2832,1,,CARD,PAID,30540.00,2025-05-02 14:58:55
7000009149,1000009149,20250502,996,1,,GATEWAY,PAID,72600.00,2025-05-02 18:20:23
7000009152,1000009152,20250502,2833,1,,GATEWAY,PAID,19350.00,2025-05-02 18:20:57
7000009155,1000009155,20250502,2351,1,,GATEWAY,PAID,15720.00,2025-05-02 19:57:54
7000009157,1000009157,20250503,1992,1,,CARD,FAILED,52020.00,
7000009159,1000009159,20250503,1849,1,,CARD,PAID,83490.00,2025-05-03 12:22:40
7000009163,1000009163,20250503,1252,1,,CARD,PAID,15720.00,2025-05-03 14:00:44
7000009170,1000009170,20250503,2837,1,,CARD,PAID,19650.00,2025-05-03 22:12:09
7000009171,1000009171,20250503,1633,1,,GATEWAY,PAID,19950.00,2025-05-03 22:23:14
7000009172,1000009172,20250503,2838,1,,CARD,PAID,34170.00,2025-05-03 22:40:21
7000009173,1000009173,20250503,342,1,,CARD,PAID,30540.00,2025-05-03 22:47:12
7000009174,1000009174,20250504,1885,1,,CARD,PAID,19950.00,2025-05-04 01:31:02
7000009175,1000009175,20250504,2491,1,,GATEWAY,PAID,19350.00,2025-05-04 02:12:27
7000009176,1000009176,20250504,895,1,,CARD,PAID,15294.00,2025-05-04 13:02:24
7000009177,1000009177,20250504,1547,1,,GATEWAY,PAID,45060.00,2025-05-04 13:39:33
7000009178,1000009178,20250504,2839,1,,GATEWAY,PAID,30240.00,2025-05-04 15:32:11
7000009179,1000009179,20250504,1834,1,,CARD,PAID,16020.00,2025-05-04 18:15:26
7000009180,1000009180,20250504,48,1,,GATEWAY,PAID,16020.00,2025-05-04 18:15:10
7000009181,1000009181,20250504,405,1,,GATEWAY,PAID,16320.00,2025-05-05 18:09:16
7000009182,1000009182,20250504,1194,1,,GATEWAY,PAID,37800.00,2025-05-04 20:23:05
7000009183,1000009183,20250504,2760,1,,CARD,PAID,15720.00,2025-05-04 21:06:46
7000009184,1000009184,20250504,2439,1,,CARD,PAID,30540.00,2025-05-04 21:05:06
7000009185,1000009185,20250504,2371,1,,CARD,PAID,65340.00,2025-05-04 21:27:16
7000009186,1000009186,20250504,1088,1,,CARD,PAID,16020.00,2025-05-04 22:58:14
7000009187,1000009187,20250504,1096,1,,GATEWAY,PAID,68970.00,2025-05-04 23:27:38
7000009188,1000009188,20250505,1971,1,,GATEWAY,PAID,33870.00,2025-05-05 02:07:23
7000009189,1000009189,20250505,2487,1,,GATEWAY,PAID,15720.00,2025-05-05 08:38:57
7000009190,1000009190,20250505,2840,1,,CARD,PAID,19650.00,2025-05-05 11:03:50
7000009191,1000009191,20250505,2405,1,,GATEWAY,PAID,45360.00,2025-05-05 12:48:40
7000009193,1000009193,20250505,2841,1,,CARD,PAID,34470.00,2025-05-05 13:37:01
7000009196,1000009196,20250505,2595,1,,CARD,PAID,15720.00,2025-05-05 15:01:38
7000009198,1000009198,20250505,783,1,,CARD,PAID,48390.00,2025-05-05 16:01:55
7000009199,1000009199,20250505,2842,1,,CARD,PAID,54450.00,2025-05-05 16:15:03
7000009202,1000009202,20250505,739,1,,CARD,PAID,19650.00,2025-05-05 18:48:57
7000009203,1000009203,20250505,2843,1,,CARD,FAILED,19350.00,
7000009204,1000009204,20250505,1244,1,,GATEWAY,PAID,15720.00,2025-05-05 20:45:50
7000009205,1000009205,20250505,1555,1,,GATEWAY,PAID,19650.00,2025-05-05 21:22:07
7000009206,1000009206,20250505,1814,1,,GATEWAY,PAID,19042.50,2025-05-06 00:04:47
7000009207,1000009207,20250506,1783,1,,GATEWAY,PAID,65340.00,2025-05-06 00:17:44
7000009208,1000009208,20250506,2844,1,,CARD,PAID,37800.00,2025-05-06 01:54:46
7000009209,1000009209,20250506,1239,1,,CARD,PAID,19350.00,2025-05-06 07:44:18
7000009210,1000009210,20250506,380,1,,GATEWAY,PAID,87120.00,2025-05-06 08:53:34
7000009212,1000009212,20250506,20,1,,CARD,PAID,37500.00,2025-05-06 11:31:00
7000009214,1000009214,20250506,2845,1,,GATEWAY,PAID,16020.00,2025-05-06 13:42:33
7000009217,1000009217,20250506,2440,1,,CARD,PAID,48690.00,2025-05-06 14:19:37
7000009218,1000009218,20250506,334,1,,GATEWAY,PAID,19350.00,2025-05-06 14:56:30
7000009222,1000009222,20250506,1360,1,,GATEWAY,REFUNDED,30240.00,2025-05-09 02:06:10
7000009223,1000009223,20250506,994,1,,GATEWAY,PAID,52020.00,2025-05-06 18:01:46
7000009225,1000009225,20250506,2739,1,,CARD,PAID,19650.00,2025-05-06 16:50:02
7000009226,1000009226,20250506,2501,1,,CARD,PAID,34170.00,2025-05-06 16:51:27
7000009229,1000009229,20250506,2087,1,,CARD,PAID,48390.00,2025-05-06 18:14:13
7000009231,1000009231,20250506,1114,1,,CARD,PAID,38100.00,2025-05-06 18:33:24
7000009232,1000009232,20250506,1972,1,,GATEWAY,PAID,16320.00,2025-05-06 18:46:56
7000009233,1000009233,20250506,579,1,,CARD,PAID,33870.00,2025-05-06 19:42:24
7000009234,1000009234,20250506,1650,1,,GATEWAY,PAID,44760.00,2025-05-06 19:55:29
7000009235,1000009235,20250506,2846,1,,CARD,PAID,37500.00,2025-05-06 20:12:25
7000009236,1000009236,20250506,2274,1,,GATEWAY,PAID,16020.00,2025-05-06 22:27:09
7000009237,1000009237,20250507,1637,1,,CARD,PAID,33870.00,2025-05-07 01:16:55
7000009238,1000009238,20250507,2267,1,,CARD,PAID,44760.00,2025-05-07 09:12:35
7000009239,1000009239,20250507,2717,1,,GATEWAY,PAID,52020.00,2025-05-07 09:51:54
7000009242,1000009242,20250507,2141,1,,CARD,PAID,49779.00,2025-05-07 13:03:44
7000009243,1000009243,20250507,411,1,,CARD,PAID,44760.00,2025-05-07 16:12:36
7000009245,1000009245,20250507,1806,1,,GATEWAY,PAID,37500.00,2025-05-07 16:45:46
7000009246,1000009246,20250507,2683,1,,CARD,PAID,33870.00,2025-05-07 18:46:11
7000009247,1000009247,20250507,2352,1,,CARD,PAID,16320.00,2025-05-07 19:20:02
7000009248,1000009248,20250507,422,1,,CARD,PAID,48690.00,2025-05-07 20:28:07
7000009249,1000009249,20250507,2206,1,,CARD,PAID,54450.00,2025-05-07 22:28:01
7000009250,1000009250,20250508,125,1,,CARD,PAID,130680.00,2025-05-08 09:32:36
7000009251,1000009251,20250508,2848,1,,CARD,PAID,19350.00,2025-05-08 09:54:40
7000009255,1000009255,20250508,1043,1,,CARD,PAID,19350.00,2025-05-08 12:26:03
7000009256,1000009256,20250508,1892,1,,GATEWAY,PAID,16020.00,2025-05-08 13:49:55
7000009258,1000009258,20250508,1331,1,,CARD,PAID,37800.00,2025-05-08 14:46:56
7000009259,1000009259,20250508,2849,1,,CARD,PAID,34170.00,2025-05-08 14:57:16
7000009261,1000009261,20250508,630,1,,CARD,PAID,19950.00,2025-05-08 17:16:41
7000009264,1000009264,20250508,2482,1,,CARD,FAILED,19650.00,
7000009265,1000009265,20250508,1906,1,,GATEWAY,PAID,15720.00,2025-05-08 20:29:05
7000009266,1000009266,20250508,2850,1,,GATEWAY,PAID,52320.00,2025-05-08 21:31:37
7000009267,1000009267,20250508,1570,1,,CARD,PAID,15720.00,2025-05-08 21:55:03
7000009268,1000009268,20250509,2674,1,,GATEWAY,PAID,30240.00,2025-05-09 06:18:33
7000009269,1000009269,20250509,486,1,,CARD,PAID,16020.00,2025-05-09 06:13:08
7000009274,1000009274,20250509,2853,1,,CARD,PAID,19650.00,2025-05-09 14:37:03
7000009277,1000009277,20250509,438,1,,GATEWAY,FAILED,52020.00,
7000009278,1000009278,20250509,2855,1,,GATEWAY,PAID,116160.00,2025-05-09 17:19:09
7000009280,1000009280,20250509,2856,1,,CARD,PAID,48690.00,2025-05-09 18:04:07
7000009281,1000009281,20250509,2759,1,,CARD,PAID,15720.00,2025-05-09 18:30:15
7000009284,1000009284,20250509,764,1,,CARD,PAID,19350.00,2025-05-09 19:42:53
7000009285,1000009285,20250509,233,1,,CARD,PAID,16020.00,2025-05-09 19:44:47
7000009288,1000009288,20250509,2858,1,,GATEWAY,PAID,37500.00,2025-05-09 20:41:14
7000009289,1000009289,20250509,496,1,,GATEWAY,PAID,52020.00,2025-05-09 23:24:45
7000009290,1000009290,20250510,784,1,,GATEWAY,PAID,45360.00,2025-05-11 00:04:04
7000009291,1000009291,20250510,2062,1,,CARD,PAID,34470.00,2025-05-10 10:22:45
7000009297,1000009297,20250510,2860,1,,GATEWAY,PAID,30240.00,2025-05-10 12:13:13
7000009300,1000009300,20250510,2862,1,,CARD,FAILED,30240.00,
7000009302,1000009302,20250510,1592,1,,CARD,PAID,16020.00,2025-05-10 15:09:41
7000009303,1000009303,20250510,2480,1,,GATEWAY,PAID,19350.00,2025-05-10 15:31:39
7000009304,1000009304,20250510,1334,1,,GATEWAY,PAID,19950.00,2025-05-10 16:08:53
7000009313,1000009313,20250510,2044,1,,CARD,FAILED,33870.00,
7000009314,1000009314,20250510,1916,1,,GATEWAY,PAID,18442.50,2025-05-10 23:37:57
7000009315,1000009315,20250511,2500,1,,CARD,PAID,19350.00,2025-05-11 01:35:27
7000009316,1000009316,20250511,2864,1,,GATEWAY,PAID,19650.00,2025-05-11 09:54:08
7000009317,1000009317,20250511,1706,1,,CARD,PAID,33870.00,2025-05-11 10:14:57
7000009318,1000009318,20250511,2657,1,,CARD,PAID,19650.00,2025-05-11 10:41:11
7000009319,1000009319,20250511,2865,1,,CARD,PAID,30240.00,2025-05-11 12:12:45
7000009320,1000009320,20250511,1748,1,,CARD,PAID,94380.00,2025-05-11 13:39:26
7000009321,1000009321,20250511,2866,1,,CARD,PAID,37800.00,2025-05-11 17:31:22
7000009322,1000009322,20250511,909,1,,CARD,PAID,87120.00,2025-05-11 17:46:43
7000009323,1000009323,20250511,2128,1,,CARD,PAID,19650.00,2025-05-11 18:36:49
7000009324,1000009324,20250511,2180,1,,CARD,PAID,19350.00,2025-05-11 20:35:29
7000009325,1000009325,20250511,670,1,,GATEWAY,PAID,15720.00,2025-05-11 21:24:15
7000009326,1000009326,20250511,2867,1,,GATEWAY,FAILED,16320.00,
7000009327,1000009327,20250511,2191,1,,GATEWAY,PAID,30840.00,2025-05-11 22:20:38
7000009328,1000009328,20250512,983,1,,CARD,PAID,11616.00,2025-05-12 00:10:25
7000009329,1000009329,20250512,2868,1,,CARD,PAID,11616.00,2025-05-12 00:30:50
7000009330,1000009330,20250512,2678,1,,GATEWAY,FAILED,11616.00,
7000009331,1000009331,20250512,2869,1,,CARD,PAID,55176.00,2025-05-12 00:57:53
7000009332,1000009332,20250512,2870,1,,CARD,REFUNDED,14520.00,2025-05-12 02:56:53
7000009333,1000009333,20250512,1238,1,,CARD,REFUNDED,14520.00,2025-05-12 05:59:16
7000009334,1000009334,20250512,2768,1,,GATEWAY,PAID,34848.00,2025-05-12 08:54:25
7000009335,1000009335,20250512,2871,1,,CARD,FAILED,23232.00,
7000009336,1000009336,20250512,1624,1,,CARD,PAID,34848.00,2025-05-12 09:42:25
7000009338,1000009338,20250512,1223,1,,GATEWAY,PAID,11616.00,2025-05-12 10:19:40
7000009339,1000009339,20250512,1305,1,,GATEWAY,PAID,11616.00,2025-05-12 10:43:03
7000009341,1000009341,20250512,2520,1,,CARD,PAID,11616.00,2025-05-12 11:53:51
7000009342,1000009342,20250512,2873,1,,CARD,PAID,46464.00,2025-05-12 12:45:46
7000009344,1000009344,20250512,679,1,,GATEWAY,PAID,23232.00,2025-05-12 21:18:37
7000009345,1000009345,20250512,1039,1,,CARD,PAID,26136.00,2025-05-12 13:34:23
7000009347,1000009347,20250512,139,1,,GATEWAY,PAID,34848.00,2025-05-12 14:32:16
7000009348,1000009348,20250512,2875,1,,CARD,PAID,11616.00,2025-05-12 15:01:36
7000009349,1000009349,20250512,836,1,,CARD,PAID,34848.00,2025-05-12 15:12:17
7000009350,1000009350,20250512,871,1,,CARD,PAID,29040.00,2025-05-12 15:24:00
7000009351,1000009351,20250512,542,1,,CARD,PAID,26136.00,2025-05-12 15:54:42
7000009352,1000009352,20250512,2876,1,,GATEWAY,FAILED,11616.00,
7000009353,1000009353,20250512,2032,1,,GATEWAY,PAID,26136.00,2025-05-15 14:39:13
7000009354,1000009354,20250512,2421,1,,GATEWAY,PAID,55176.00,2025-05-12 16:34:40
7000009355,1000009355,20250512,2877,1,,CARD,PAID,46464.00,2025-05-12 16:45:16
7000009356,1000009356,20250512,1767,1,,GATEWAY,PAID,11616.00,2025-05-12 16:53:56
7000009357,1000009357,20250512,1679,1,,CARD,PAID,14520.00,2025-05-12 16:52:20
7000009358,1000009358,20250512,42,1,,CARD,PAID,11616.00,2025-05-12 17:37:25
7000009360,1000009360,20250512,2650,1,,CARD,PAID,43560.00,2025-05-12 18:19:00
7000009363,1000009363,20250512,2607,1,,CARD,PAID,26136.00,2025-05-12 19:30:37
7000009364,1000009364,20250512,73,1,,CARD,PAID,23232.00,2025-05-12 20:03:04
7000009365,1000009365,20250512,2879,1,,CARD,PAID,14520.00,2025-05-12 20:06:16
7000009366,1000009366,20250512,2131,1,,GATEWAY,PAID,23232.00,2025-05-12 20:25:13
7000009367,1000009367,20250512,2450,1,,CARD,PAID,14520.00,2025-05-12 20:23:29
7000009368,1000009368,20250512,1537,1,,CARD,PAID,14520.00,2025-05-12 20:23:52
7000009369,1000009369,20250512,2346,1,,CARD,PAID,26136.00,2025-05-12 20:27:12
7000009370,1000009370,20250512,2503,1,,CARD,FAILED,11616.00,
7000009371,1000009371,20250512,2880,1,,CARD,FAILED,29040.00,
7000009372,1000009372,20250512,2881,1,,CARD,PAID,40656.00,2025-05-12 21:53:12
7000009373,1000009373,20250512,1365,1,,GATEWAY,FAILED,49368.00,
7000009374,1000009374,20250512,2781,1,,GATEWAY,PAID,14520.00,2025-05-12 22:39:56
7000009375,1000009375,20250513,2105,1,,CARD,PAID,40656.00,2025-05-13 00:32:27
7000009376,1000009376,20250513,2882,1,,GATEWAY,REFUNDED,11616.00,2025-05-13 11:38:45
7000009377,1000009377,20250513,398,1,,GATEWAY,PAID,11616.00,2025-05-13 03:07:17
7000009378,1000009378,20250513,2883,1,,CARD,PAID,14520.00,2025-05-13 01:33:16
7000009379,1000009379,20250513,2884,1,,GATEWAY,PAID,23232.00,2025-05-13 06:31:39
7000009380,1000009380,20250513,1109,1,,CARD,PAID,11616.00,2025-05-13 06:52:25
7000009381,1000009381,20250513,2407,1,,CARD,PAID,11616.00,2025-05-13 06:55:20
7000009382,1000009382,20250513,2634,1,,CARD,FAILED,29040.00,
7000009383,1000009383,20250513,2885,1,,CARD,PAID,14520.00,2025-05-13 08:11:38
7000009384,1000009384,20250513,2886,1,,CARD,PAID,14520.00,2025-05-13 09:20:02
7000009385,1000009385,20250513,1532,1,,GATEWAY,PAID,43560.00,2025-05-13 12:49:07
7000009386,1000009386,20250513,2887,1,,CARD,PAID,26136.00,2025-05-13 11:20:57
7000009387,1000009387,20250513,2183,1,,CARD,PAID,11616.00,2025-05-13 12:07:20
7000009388,1000009388,20250513,2888,1,,GATEWAY,PAID,14520.00,2025-05-13 12:44:18
7000009389,1000009389,20250513,2504,1,,CARD,PAID,60984.00,2025-05-13 12:48:40
7000009390,1000009390,20250513,1253,1,,CARD,PAID,34848.00,2025-05-13 12:48:55
7000009391,1000009391,20250513,1842,1,,CARD,PAID,40656.00,2025-05-13 13:28:54
7000009392,1000009392,20250513,344,1,,CARD,PAID,23232.00,2025-05-13 13:37:23
7000009394,1000009394,20250513,1994,1,,GATEWAY,PAID,14520.00,2025-05-13 14:23:25
7000009395,1000009395,20250513,1469,1,,CARD,PAID,23232.00,2025-05-13 14:32:30
7000009397,1000009397,20250513,651,1,,CARD,PAID,11616.00,2025-05-13 15:04:27
7000009400,1000009400,20250513,2093,1,,CARD,FAILED,26136.00,
7000009402,1000009402,20250513,1045,1,,GATEWAY,REFUNDED,34848.00,2025-05-14 14:16:06
7000009403,1000009403,20250513,2891,1,,GATEWAY,PAID,60984.00,2025-05-13 16:02:03
7000009404,1000009404,20250513,2892,1,,CARD,PAID,29040.00,2025-05-13 16:08:03
7000009405,1000009405,20250513,2893,1,,CARD,PAID,11616.00,2025-05-13 16:42:47
7000009406,1000009406,20250513,185,1,,CARD,PAID,11616.00,2025-05-13 16:50:24
7000009407,1000009407,20250513,2364,1,,CARD,PAID,52272.00,2025-05-13 16:59:28
7000009408,1000009408,20250513,2894,1,,GATEWAY,PAID,23232.00,2025-05-14 06:35:58
7000009409,1000009409,20250513,2249,1,,GATEWAY,PAID,11616.00,2025-05-13 17:42:06
7000009410,1000009410,20250513,2114,1,,CARD,PAID,11616.00,2025-05-13 17:43:58
7000009411,1000009411,20250513,2895,1,,CARD,PAID,11616.00,2025-05-13 18:34:27
7000009412,1000009412,20250513,2705,1,,GATEWAY,PAID,14520.00,2025-05-13 18:59:51
7000009413,1000009413,20250513,2751,1,,CARD,PAID,11616.00,2025-05-13 18:57:13
7000009414,1000009414,20250513,2490,1,,GATEWAY,PAID,14520.00,2025-05-13 18:56:34
7000009415,1000009415,20250513,2316,1,,CARD,REFUNDED,40656.00,2025-05-13 19:05:25
7000009416,1000009416,20250513,1950,1,,CARD,PAID,26136.00,2025-05-13 19:36:28
7000009417,1000009417,20250513,2896,1,,CARD,PAID,34848.00,2025-05-13 20:06:15
7000009418,1000009418,20250513,2254,1,,CARD,PAID,34848.00,2025-05-13 20:07:06
7000009419,1000009419,20250513,2636,1,,GATEWAY,PAID,14520.00,2025-05-13 20:21:47
7000009420,1000009420,20250513,1485,1,,CARD,PAID,23232.00,2025-05-13 20:22:40
7000009421,1000009421,20250513,1352,1,,GATEWAY,PAID,40656.00,2025-05-13 20:41:15
7000009422,1000009422,20250513,1258,1,,GATEWAY,PAID,154275.00,2025-05-13 21:03:21
7000009423,1000009423,20250513,184,1,,CARD,PAID,34848.00,2025-05-13 21:17:48
7000009424,1000009424,20250513,351,1,,GATEWAY,PAID,14520.00,2025-05-13 21:38:21
7000009425,1000009425,20250513,2614,1,,GATEWAY,PAID,11616.00,2025-05-14 21:29:36
7000009426,1000009426,20250513,1926,1,,GATEWAY,PAID,14520.00,2025-05-13 22:24:03
7000009427,1000009427,20250513,2103,1,,GATEWAY,PAID,34848.00,2025-05-13 22:23:44
7000009428,1000009428,20250513,2018,1,,CARD,PAID,63888.00,2025-05-13 22:33:12
7000009429,1000009429,20250513,2898,1,,CARD,PAID,14520.00,2025-05-13 23:02:34
7000009430,1000009430,20250513,2897,1,,CARD,PAID,23232.00,2025-05-13 23:03:48
7000009431,1000009431,20250513,2605,1,,GATEWAY,PAID,11616.00,2025-05-13 23:12:05
7000009432,1000009432,20250513,1526,1,,CARD,PAID,11616.00,2025-05-13 23:24:40
7000009433,1000009433,20250513,2571,1,,GATEWAY,PAID,23232.00,2025-05-13 23:45:20
7000009434,1000009434,20250513,2899,1,,GATEWAY,PAID,29040.00,2025-05-14 00:05:22
7000009435,1000009435,20250514,1328,1,,CARD,PAID,14520.00,2025-05-14 07:19:13
7000009436,1000009436,20250514,2900,1,,CARD,PAID,29040.00,2025-05-14 08:05:25
7000009437,1000009437,20250514,2901,1,,CARD,PAID,29040.00,2025-05-14 08:31:39
7000009438,1000009438,20250514,2348,1,,GATEWAY,PAID,29040.00,2025-05-14 10:51:27
7000009439,1000009439,20250514,705,1,,CARD,PAID,11616.00,2025-05-14 11:15:19
7000009441,1000009441,20250514,118,1,,GATEWAY,PAID,52272.00,2025-05-14 11:56:18
7000009443,1000009443,20250514,2902,1,,GATEWAY,PAID,29040.00,2025-05-14 12:20:08
7000009444,1000009444,20250514,2165,1,,CARD,PAID,29040.00,2025-05-14 12:35:57
7000009445,1000009445,20250514,2904,1,,CARD,PAID,46464.00,2025-05-14 12:45:21
7000009446,1000009446,20250514,2059,1,,GATEWAY,PAID,14520.00,2025-05-14 13:05:07
7000009447,1000009447,20250514,1515,1,,GATEWAY,PAID,11616.00,2025-05-14 13:06:49
7000009450,1000009450,20250514,2139,1,,CARD,PAID,14520.00,2025-05-14 13:29:58
7000009452,1000009452,20250514,2046,1,,CARD,PAID,58080.00,2025-05-14 14:03:38
7000009453,1000009453,20250514,399,1,,GATEWAY,PAID,23232.00,2025-05-16 05:23:05
7000009454,1000009454,20250514,1946,1,,GATEWAY,PAID,23232.00,2025-05-15 12:37:09
7000009455,1000009455,20250514,2314,1,,GATEWAY,PAID,29040.00,2025-05-14 15:30:48
7000009456,1000009456,20250514,2906,1,,GATEWAY,PAID,23232.00,2025-05-14 15:41:01
7000009457,1000009457,20250514,2907,1,,CARD,PAID,23232.00,2025-05-14 15:53:53
7000009458,1000009458,20250514,2549,1,,GATEWAY,PAID,58080.00,2025-05-14 16:04:24
7000009459,1000009459,20250514,207,1,,GATEWAY,FAILED,14520.00,
7000009460,1000009460,20250514,2035,1,,CARD,PAID,46464.00,2025-05-14 17:02:01
7000009461,1000009461,20250514,2138,1,,GATEWAY,PAID,11616.00,2025-05-15 06:36:36
7000009462,1000009462,20250514,2171,1,,CARD,PAID,34848.00,2025-05-14 17:27:53
7000009464,1000009464,20250514,473,1,,CARD,PAID,11616.00,2025-05-14 18:02:46
7000009465,1000009465,20250514,470,1,,GATEWAY,REFUNDED,26136.00,2025-05-14 18:41:36
7000009466,1000009466,20250514,460,1,,GATEWAY,PAID,11616.00,2025-05-14 18:51:45
7000009467,1000009467,20250514,1454,1,,GATEWAY,PAID,11616.00,2025-05-14 18:55:11
7000009469,1000009469,20250514,2770,1,,GATEWAY,FAILED,11616.00,
7000009470,1000009470,20250514,719,1,,GATEWAY,PAID,34848.00,2025-05-14 18:57:50
7000009471,1000009471,20250514,2390,1,,GATEWAY,PAID,23232.00,2025-05-14 19:22:47
7000009472,1000009472,20250514,2415,1,,CARD,PAID,14520.00,2025-05-14 19:44:18
7000009473,1000009473,20250514,1016,1,,GATEWAY,PAID,11616.00,2025-05-14 19:50:55
7000009474,1000009474,20250514,2568,1,,GATEWAY,PAID,11616.00,2025-05-14 20:04:09
7000009475,1000009475,20250514,1662,1,,GATEWAY,PAID,11616.00,2025-05-14 20:25:15
7000009476,1000009476,20250514,2908,1,,CARD,PAID,14520.00,2025-05-14 20:26:30
7000009477,1000009477,20250514,648,1,,CARD,REFUNDED,23232.00,2025-05-14 20:49:38
7000009479,1000009479,20250514,2909,1,,CARD,PAID,34848.00,2025-05-14 21:04:42
7000009480,1000009480,20250514,2910,1,,GATEWAY,REFUNDED,23232.00,2025-05-14 21:39:21
7000009481,1000009481,20250514,1120,1,,CARD,PAID,14520.00,2025-05-14 21:46:02
7000009482,1000009482,20250514,700,1,,CARD,PAID,75504.00,2025-05-14 22:06:16
7000009483,1000009483,20250514,165,1,,CARD,PAID,11616.00,2025-05-14 22:30:09
7000009484,1000009484,20250514,2911,1,,GATEWAY,PAID,14520.00,2025-05-14 22:33:41
7000009485,1000009485,20250514,2470,1,,GATEWAY,FAILED,11616.00,
7000009486,1000009486,20250514,1129,1,,GATEWAY,PAID,11616.00,2025-05-14 23:26:40
7000009487,1000009487,20250514,1047,1,,GATEWAY,PAID,23232.00,2025-05-14 23:42:21
7000009488,1000009488,20250515,2577,1,,CARD,PAID,19350.00,2025-05-15 09:11:01
7000009490,1000009490,20250515,2912,1,,CARD,PAID,19650.00,2025-05-15 11:57:55
7000009495,1000009495,20250515,1622,1,,GATEWAY,PAID,19350.00,2025-05-15 16:21:32
7000009496,1000009496,20250515,2553,1,,GATEWAY,REFUNDED,16020.00,2025-05-15 16:47:04
7000009499,1000009499,20250515,2342,1,,CARD,PAID,16020.00,2025-05-15 17:48:27
7000009500,1000009500,20250515,2575,1,,GATEWAY,PAID,16320.00,2025-05-15 18:42:19
7000009503,1000009503,20250515,1828,1,,CARD,PAID,34470.00,2025-05-15 20:25:30
7000009504,1000009504,20250515,328,1,,CARD,FAILED,19650.00,
7000009505,1000009505,20250515,2413,1,,GATEWAY,PAID,15720.00,2025-05-15 20:58:03
7000009506,1000009506,20250515,1768,1,,CARD,FAILED,30540.00,
7000009507,1000009507,20250515,2393,1,,CARD,PAID,37800.00,2025-05-15 23:02:29
7000009508,1000009508,20250515,2230,1,,CARD,PAID,19350.00,2025-05-15 23:30:32
7000009510,1000009510,20250516,2834,1,,GATEWAY,PAID,15720.00,2025-05-16 10:41:06
7000009520,1000009520,20250516,1389,1,,GATEWAY,PAID,54450.00,2025-05-16 20:00:01
7000009521,1000009521,20250516,389,1,,CARD,PAID,68970.00,2025-05-16 20:07:12
7000009523,1000009523,20250516,2658,1,,GATEWAY,PAID,30540.00,2025-05-16 20:50:39
7000009524,1000009524,20250516,622,1,,GATEWAY,PAID,30540.00,2025-05-16 21:23:55
7000009525,1000009525,20250516,2292,1,,GATEWAY,PAID,15720.00,2025-05-16 22:06:42
7000009526,1000009526,20250516,2074,1,,CARD,PAID,16320.00,2025-05-16 22:35:21
7000009527,1000009527,20250516,2920,1,,GATEWAY,PAID,15720.00,2025-05-16 23:02:46
7000009528,1000009528,20250516,2776,1,,GATEWAY,FAILED,54450.00,
7000009529,1000009529,20250517,2494,1,,GATEWAY,PAID,19950.00,2025-05-17 06:11:21
7000009530,1000009530,20250517,2008,1,,GATEWAY,PAID,54450.00,2025-05-17 09:25:15
7000009534,1000009534,20250517,2400,1,,CARD,PAID,54450.00,2025-05-17 12:42:08
7000009544,1000009544,20250517,2282,1,,CARD,PAID,19350.00,2025-05-17 18:02:42
7000009545,1000009545,20250517,2471,1,,GATEWAY,PAID,15720.00,2025-05-17 19:23:19
7000009548,1000009548,20250517,1314,1,,CARD,PAID,45060.00,2025-05-17 19:50:47
7000009550,1000009550,20250517,1436,1,,CARD,PAID,52620.00,2025-05-17 23:05:07
7000009551,1000009551,20250518,1001,1,,GATEWAY,PAID,16020.00,2025-05-18 00:49:25
7000009552,1000009552,20250518,2514,1,,GATEWAY,PAID,16020.00,2025-05-18 10:52:03
7000009553,1000009553,20250518,2922,1,,GATEWAY,PAID,34170.00,2025-05-18 14:39:56
7000009554,1000009554,20250518,1924,1,,GATEWAY,PAID,37500.00,2025-05-18 14:56:40
7000009555,1000009555,20250518,58,1,,GATEWAY,PAID,30240.00,2025-05-18 16:04:08
7000009556,1000009556,20250518,1521,1,,GATEWAY,PAID,19350.00,2025-05-18 20:17:38
7000009557,1000009557,20250518,2246,1,,GATEWAY,PAID,19650.00,2025-05-19 04:55:22
7000009558,1000009558,20250518,1876,1,,GATEWAY,PAID,15720.00,2025-05-19 07:07:26
7000009559,1000009559,20250518,2923,1,,CARD,PAID,37500.00,2025-05-18 22:46:50
7000009560,1000009560,20250519,2925,1,,GATEWAY,PAID,54450.00,2025-05-19 09:24:43
7000009561,1000009561,20250519,2926,1,,GATEWAY,PAID,16020.00,2025-05-19 09:33:05
7000009562,1000009562,20250519,2927,1,,GATEWAY,PAID,61710.00,2025-05-19 10:04:04
7000009563,1000009563,20250519,2632,1,,CARD,PAID,83490.00,2025-05-19 15:04:33
7000009564,1000009564,20250519,2301,1,,GATEWAY,PAID,54450.00,2025-05-19 15:09:41
7000009565,1000009565,20250519,2928,1,,GATEWAY,PAID,30240.00,2025-05-21 18:04:27
7000009566,1000009566,20250519,2248,1,,CARD,PAID,52020.00,2025-05-19 16:03:46
7000009567,1000009567,20250519,1095,1,,GATEWAY,PAID,19350.00,2025-05-19 17:15:46
7000009569,1000009569,20250519,1732,1,,CARD,PAID,34470.00,2025-05-19 18:37:09
7000009571,1000009571,20250519,1754,1,,CARD,PAID,30240.00,2025-05-19 19:55:21
7000009573,1000009573,20250519,1422,1,,CARD,PAID,30240.00,2025-05-19 21:07:09
7000009574,1000009574,20250520,2486,1,,GATEWAY,PAID,48690.00,2025-05-20 00:45:44
7000009575,1000009575,20250520,1907,1,,GATEWAY,PAID,19950.00,2025-05-20 11:15:29
7000009576,1000009576,20250520,2245,1,,CARD,PAID,30540.00,2025-05-20 12:50:32
7000009578,1000009578,20250520,2841,1,,CARD,PAID,19950.00,2025-05-20 14:10:55
7000009579,1000009579,20250520,215,1,,CARD,PAID,15720.00,2025-05-20 15:29:14
7000009581,1000009581,20250520,763,1,,CARD,PAID,79860.00,2025-05-20 17:22:17
7000009582,1000009582,20250520,2929,1,,CARD,PAID,37500.00,2025-05-20 18:00:06
7000009585,1000009585,20250520,1029,1,,GATEWAY,PAID,54450.00,2025-05-20 18:46:41
7000009587,1000009587,20250520,2690,1,,GATEWAY,PAID,30240.00,2025-05-20 19:51:05
7000009588,1000009588,20250520,2930,1,,GATEWAY,PAID,16020.00,2025-05-20 19:52:21
7000009589,1000009589,20250520,2931,1,,CARD,PAID,16020.00,2025-05-20 20:37:58
7000009591,1000009591,20250520,2932,1,,CARD,PAID,101640.00,2025-05-20 21:41:50
7000009592,1000009592,20250521,2933,1,,CARD,PAID,14994.00,2025-05-21 01:07:40
7000009593,1000009593,20250521,1359,1,,CARD,PAID,19950.00,2025-05-21 07:45:21
7000009595,1000009595,20250521,1870,1,,GATEWAY,PAID,16020.00,2025-05-21 11:36:04
7000009600,1000009600,20250521,2119,1,,CARD,PAID,16320.00,2025-05-21 17:13:35
7000009601,1000009601,20250521,2488,1,,GATEWAY,PAID,16320.00,2025-05-21 17:21:55
7000009602,1000009602,20250521,2935,1,,CARD,PAID,19350.00,2025-05-21 18:36:34
7000009604,1000009604,20250521,2936,1,,CARD,PAID,68970.00,2025-05-21 19:26:21
7000009606,1000009606,20250521,2937,1,,CARD,PAID,52320.00,2025-05-21 21:03:57
7000009607,1000009607,20250521,2555,1,,CARD,PAID,19950.00,2025-05-21 21:56:24
7000009608,1000009608,20250521,2476,1,,CARD,PAID,16020.00,2025-05-21 22:56:13
7000009609,1000009609,20250521,2938,1,,CARD,PAID,19350.00,2025-05-21 23:53:09
7000009610,1000009610,20250522,2154,1,,CARD,PAID,30240.00,2025-05-22 00:05:41
7000009611,1000009611,20250522,1852,1,,GATEWAY,PAID,19650.00,2025-05-25 01:22:07
7000009612,1000009612,20250522,1824,1,,CARD,PAID,16320.00,2025-05-22 09:34:28
7000009617,1000009617,20250522,1479,1,,CARD,PAID,54450.00,2025-05-22 14:44:30
7000009618,1000009618,20250522,1409,1,,CARD,PAID,45060.00,2025-05-22 15:06:09
7000009619,1000009619,20250522,1334,1,,CARD,PAID,19950.00,2025-05-22 15:59:31
7000009620,1000009620,20250522,1674,1,,CARD,PAID,19350.00,2025-05-22 16:16:08
7000009622,1000009622,20250522,1969,1,,GATEWAY,PAID,15720.00,2025-05-22 16:59:48
7000009627,1000009627,20250522,2943,1,,GATEWAY,PAID,19950.00,2025-05-22 21:01:15
7000009628,1000009628,20250522,2942,1,,CARD,PAID,16020.00,2025-05-22 21:00:43
7000009629,1000009629,20250522,2944,1,,CARD,PAID,16020.00,2025-05-22 22:28:11
7000009630,1000009630,20250522,942,1,,CARD,PAID,30240.00,2025-05-22 23:16:47
7000009631,1000009631,20250523,2209,1,,CARD,PAID,38100.00,2025-05-23 04:43:31
7000009633,1000009633,20250523,1557,1,,CARD,PAID,19650.00,2025-05-23 12:00:11
7000009636,1000009636,20250523,1350,1,,GATEWAY,PAID,19650.00,2025-05-23 15:52:04
7000009637,1000009637,20250523,2189,1,,CARD,PAID,61710.00,2025-05-23 17:04:17
7000009638,1000009638,20250523,1734,1,,GATEWAY,PAID,123420.00,2025-05-23 17:20:43
7000009640,1000009640,20250523,1687,1,,CARD,PAID,72600.00,2025-05-23 18:26:34
7000009641,1000009641,20250523,2625,1,,CARD,PAID,34170.00,2025-05-23 20:59:21
7000009642,1000009642,20250523,2262,1,,CARD,REFUNDED,19650.00,2025-05-23 23:36:20
7000009643,1000009643,20250524,895,1,,GATEWAY,PAID,19650.00,2025-05-24 10:55:31
7000009647,1000009647,20250524,2672,1,,GATEWAY,PAID,68970.00,2025-05-24 12:20:08
7000009653,1000009653,20250524,2950,1,,CARD,PAID,16020.00,2025-05-24 15:40:27
7000009658,1000009658,20250524,2019,1,,GATEWAY,PAID,44760.00,2025-05-26 04:04:12
7000009659,1000009659,20250524,2795,1,,GATEWAY,PAID,185130.00,2025-05-24 20:38:11
7000009660,1000009660,20250524,2682,1,,GATEWAY,PAID,15720.00,2025-05-25 00:03:42
7000009661,1000009661,20250525,2198,1,,GATEWAY,PAID,19350.00,2025-05-25 04:49:10
7000009662,1000009662,20250525,996,1,,CARD,PAID,37800.00,2025-05-25 09:50:53
7000009663,1000009663,20250525,983,1,,CARD,PAID,58080.00,2025-05-25 12:23:47
7000009664,1000009664,20250525,2953,1,,GATEWAY,PAID,33870.00,2025-05-25 15:05:55
7000009665,1000009665,20250525,2443,1,,CARD,PAID,38100.00,2025-05-25 18:43:57
7000009666,1000009666,20250525,2186,1,,GATEWAY,PAID,16020.00,2025-05-27 18:31:56
7000009667,1000009667,20250525,703,1,,CARD,PAID,45060.00,2025-05-25 19:48:05
7000009668,1000009668,20250525,1816,1,,GATEWAY,PAID,19350.00,2025-05-25 20:13:48
7000009669,1000009669,20250525,2762,1,,CARD,FAILED,16020.00,
7000009670,1000009670,20250525,1871,1,,CARD,PAID,45360.00,2025-05-25 21:59:20
7000009671,1000009671,20250526,2370,1,,CARD,PAID,15720.00,2025-05-26 04:51:12
7000009672,1000009672,20250526,1361,1,,CARD,PAID,15720.00,2025-05-26 10:09:58
7000009673,1000009673,20250526,2955,1,,GATEWAY,PAID,16020.00,2025-05-26 10:20:17
7000009676,1000009676,20250526,1323,1,,GATEWAY,PAID,48390.00,2025-05-26 15:09:46
7000009677,1000009677,20250526,2439,1,,CARD,PAID,45060.00,2025-05-26 16:36:16
7000009681,1000009681,20250526,1847,1,,CARD,PAID,52020.00,2025-05-26 19:16:45
7000009683,1000009683,20250526,2594,1,,CARD,PAID,54450.00,2025-05-26 21:28:08
7000009684,1000009684,20250526,2124,1,,CARD,FAILED,30240.00,
7000009685,1000009685,20250526,420,1,,CARD,PAID,37500.00,2025-05-26 21:57:11
7000009686,1000009686,20250527,2960,1,,GATEWAY,PAID,52020.00,2025-05-27 00:27:17
7000009687,1000009687,20250527,553,1,,CARD,REFUNDED,19650.00,2025-05-27 07:36:40
7000009688,1000009688,20250527,2458,1,,GATEWAY,PAID,45060.00,2025-05-27 09:23:42
7000009689,1000009689,20250527,1949,1,,GATEWAY,PAID,33870.00,2025-05-27 10:42:37
7000009690,1000009690,20250527,20,1,,GATEWAY,PAID,37500.00,2025-05-27 11:06:54
7000009693,1000009693,20250527,2353,1,,CARD,PAID,19350.00,2025-05-27 14:07:44
7000009696,1000009696,20250527,2550,1,,CARD,PAID,55539.00,2025-05-27 14:57:48
7000009699,1000009699,20250527,2963,1,,CARD,PAID,16020.00,2025-05-27 19:34:57
7000009700,1000009700,20250527,2693,1,,GATEWAY,PAID,45060.00,2025-05-28 04:36:36
7000009701,1000009701,20250527,2643,1,,CARD,PAID,43671.00,2025-05-27 22:33:39
7000009702,1000009702,20250527,2656,1,,CARD,PAID,37500.00,2025-05-27 22:45:10
7000009703,1000009703,20250528,2964,1,,CARD,PAID,16020.00,2025-05-28 01:04:53
7000009704,1000009704,20250528,2965,1,,CARD,PAID,15720.00,2025-05-28 07:10:53
7000009706,1000009706,20250528,2966,1,,CARD,REFUNDED,68970.00,2025-05-28 13:21:32
7000009709,1000009709,20250528,831,1,,GATEWAY,PAID,16320.00,2025-05-28 19:57:17
7000009711,1000009711,20250528,338,1,,GATEWAY,PAID,30240.00,2025-05-28 16:25:59
7000009713,1000009713,20250528,2050,1,,GATEWAY,PAID,54450.00,2025-05-28 17:37:24
7000009714,1000009714,20250528,1182,1,,GATEWAY,PAID,34170.00,2025-05-28 20:05:37
7000009716,1000009716,20250529,2111,1,,GATEWAY,PAID,54450.00,2025-05-29 09:04:58
7000009717,1000009717,20250529,1165,1,,CARD,PAID,19350.00,2025-05-29 10:21:22
7000009720,1000009720,20250529,2694,1,,CARD,PAID,48390.00,2025-05-29 12:46:02
7000009723,1000009723,20250529,2346,1,,CARD,PAID,30240.00,2025-05-29 14:25:46
7000009724,1000009724,20250529,783,1,,GATEWAY,PAID,52020.00,2025-05-29 17:41:53
7000009725,1000009725,20250529,1313,1,,GATEWAY,PAID,37800.00,2025-05-29 15:07:17
7000009726,1000009726,20250529,2022,1,,GATEWAY,PAID,16020.00,2025-05-29 15:11:25
7000009727,1000009727,20250529,1931,1,,CARD,PAID,37800.00,2025-05-29 15:12:04
7000009729,1000009729,20250529,2279,1,,GATEWAY,PAID,52620.00,2025-05-29 18:08:55
7000009731,1000009731,20250529,2814,1,,GATEWAY,PAID,19650.00,2025-05-29 19:48:35
7000009733,1000009733,20250529,2300,1,,GATEWAY,PAID,54450.00,2025-05-29 20:09:10
7000009735,1000009735,20250529,2260,1,,CARD,PAID,50079.00,2025-05-29 21:01:57
7000009736,1000009736,20250529,1912,1,,CARD,PAID,37800.00,2025-05-29 23:37:22
7000009737,1000009737,20250530,2968,1,,CARD,PAID,33870.00,2025-05-30 04:10:22
7000009738,1000009738,20250530,112,1,,CARD,PAID,33870.00,2025-05-30 09:56:56
7000009739,1000009739,20250530,2497,1,,GATEWAY,PAID,19650.00,2025-05-30 11:32:44
7000009740,1000009740,20250530,2372,1,,CARD,PAID,52320.00,2025-05-30 11:50:11
7000009741,1000009741,20250530,1135,1,,CARD,PAID,48390.00,2025-05-30 12:56:56
7000009743,1000009743,20250530,2782,1,,GATEWAY,PAID,15720.00,2025-05-30 16:48:17
7000009747,1000009747,20250530,1001,1,,CARD,PAID,200557.50,2025-05-30 19:16:22
7000009748,1000009748,20250530,2823,1,,CARD,PAID,15720.00,2025-05-30 22:26:21
7000009749,1000009749,20250531,2971,1,,GATEWAY,PAID,19650.00,2025-05-31 08:14:34
7000009751,1000009751,20250531,2841,1,,GATEWAY,PAID,16320.00,2025-05-31 13:02:44
7000009752,1000009752,20250531,938,1,,GATEWAY,PAID,58080.00,2025-05-31 13:13:09
7000009754,1000009754,20250531,1002,1,,CARD,PAID,16020.00,2025-05-31 15:53:10
7000009759,1000009759,20250531,1258,1,,GATEWAY,PAID,19350.00,2025-05-31 22:22:41
7000009760,1000009760,20250601,2972,1,,CARD,PAID,52020.00,2025-06-01 00:11:18
7000009761,1000009761,20250601,2635,1,,CARD,PAID,37500.00,2025-06-01 06:58:47
7000009762,1000009762,20250601,2180,1,,GATEWAY,PAID,15720.00,2025-06-01 08:44:09
7000009763,1000009763,20250601,2973,1,,CARD,PAID,30540.00,2025-06-01 17:55:11
7000009764,1000009764,20250601,2830,1,,GATEWAY,PAID,19350.00,2025-06-01 18:08:22
7000009765,1000009765,20250601,2265,1,,GATEWAY,PAID,16020.00,2025-06-01 19:20:19
7000009766,1000009766,20250601,1650,1,,GATEWAY,PAID,72600.00,2025-06-01 19:29:32
7000009767,1000009767,20250601,2974,1,,GATEWAY,PAID,58080.00,2025-06-01 20:48:50
7000009768,1000009768,20250601,2975,1,,GATEWAY,PAID,72600.00,2025-06-01 20:56:04
7000009769,1000009769,20250601,708,1,,CARD,PAID,58080.00,2025-06-01 22:17:22
7000009770,1000009770,20250601,2520,1,,CARD,PAID,15720.00,2025-06-01 22:43:20
7000009771,1000009771,20250601,2194,1,,GATEWAY,FAILED,68970.00,
7000009772,1000009772,20250601,2976,1,,GATEWAY,PAID,15720.00,2025-06-01 22:56:47
7000009773,1000009773,20250602,2437,1,,CARD,PAID,34170.00,2025-06-02 00:17:50
7000009774,1000009774,20250602,1862,1,,GATEWAY,PAID,19950.00,2025-06-02 01:09:00
7000009775,1000009775,20250602,2977,1,,CARD,PAID,19650.00,2025-06-02 01:21:42
7000009776,1000009776,20250602,2510,1,,CARD,PAID,15594.00,2025-06-02 09:17:31
7000009777,1000009777,20250602,2785,1,,CARD,PAID,86394.00,2025-06-02 10:58:19
7000009779,1000009779,20250602,152,1,,CARD,PAID,16020.00,2025-06-02 12:42:30
7000009782,1000009782,20250602,2390,1,,CARD,FAILED,37500.00,
7000009784,1000009784,20250602,2242,1,,CARD,PAID,19350.00,2025-06-02 15:01:01
7000009785,1000009785,20250602,2783,1,,GATEWAY,PAID,19350.00,2025-06-02 16:53:59
7000009786,1000009786,20250602,2896,1,,GATEWAY,PAID,19650.00,2025-06-02 17:14:23
7000009789,1000009789,20250602,1783,1,,GATEWAY,PAID,72600.00,2025-06-02 18:09:39
7000009790,1000009790,20250602,2020,1,,CARD,PAID,72600.00,2025-06-02 19:51:55
7000009791,1000009791,20250602,2069,1,,GATEWAY,PAID,37800.00,2025-06-02 21:23:47
7000009792,1000009792,20250602,1399,1,,CARD,PAID,19350.00,2025-06-02 21:18:17
7000009793,1000009793,20250602,2836,1,,CARD,PAID,34170.00,2025-06-02 23:18:29
7000009794,1000009794,20250602,670,1,,CARD,PAID,68970.00,2025-06-02 23:43:43
7000009795,1000009795,20250603,788,1,,GATEWAY,PAID,16320.00,2025-06-03 07:36:55
7000009796,1000009796,20250603,1337,1,,CARD,PAID,15720.00,2025-06-03 10:56:20
7000009797,1000009797,20250603,405,1,,GATEWAY,FAILED,38100.00,
7000009798,1000009798,20250603,2981,1,,CARD,PAID,37800.00,2025-06-03 11:36:16
7000009800,1000009800,20250603,2804,1,,GATEWAY,PAID,19350.00,2025-06-03 12:18:59
7000009806,1000009806,20250603,1963,1,,CARD,PAID,65340.00,2025-06-03 15:53:07
7000009808,1000009808,20250603,1826,1,,GATEWAY,FAILED,72600.00,
7000009810,1000009810,20250603,2983,1,,CARD,PAID,72600.00,2025-06-03 18:27:59
7000009811,1000009811,20250603,2695,1,,CARD,PAID,19950.00,2025-06-03 18:29:16
7000009813,1000009813,20250603,2984,1,,GATEWAY,PAID,19950.00,2025-06-03 19:05:50
7000009816,1000009816,20250603,2291,1,,GATEWAY,PAID,16320.00,2025-06-03 21:06:06
7000009817,1000009817,20250603,2071,1,,CARD,PAID,35685.00,2025-06-03 23:55:28
7000009818,1000009818,20250604,2475,1,,GATEWAY,PAID,37800.00,2025-06-05 13:50:35
7000009819,1000009819,20250604,2865,1,,CARD,PAID,33870.00,2025-06-04 08:24:01
7000009820,1000009820,20250604,2378,1,,GATEWAY,PAID,58080.00,2025-06-04 10:39:57
7000009822,1000009822,20250604,1239,1,,GATEWAY,PAID,44760.00,2025-06-04 11:50:07
7000009823,1000009823,20250604,2986,1,,CARD,PAID,14994.00,2025-06-04 12:22:17
7000009824,1000009824,20250604,2985,1,,CARD,PAID,37800.00,2025-06-04 12:37:32
7000009825,1000009825,20250604,2987,1,,CARD,PAID,34170.00,2025-06-04 15:06:58
7000009827,1000009827,20250604,586,1,,CARD,PAID,19350.00,2025-06-04 20:52:45
7000009828,1000009828,20250605,1555,1,,GATEWAY,REFUNDED,19650.00,2025-06-05 05:39:06
7000009829,1000009829,20250605,2471,1,,GATEWAY,PAID,15720.00,2025-06-05 17:32:26
7000009831,1000009831,20250605,2989,1,,CARD,PAID,19950.00,2025-06-05 11:00:11
7000009832,1000009832,20250605,2990,1,,CARD,PAID,34170.00,2025-06-05 11:16:09
7000009834,1000009834,20250605,1172,1,,CARD,PAID,16320.00,2025-06-05 12:06:12
7000009838,1000009838,20250605,2795,1,,CARD,PAID,34170.00,2025-06-05 13:44:39
7000009839,1000009839,20250605,2993,1,,CARD,FAILED,54450.00,
7000009840,1000009840,20250605,952,1,,GATEWAY,PAID,58624.50,2025-06-05 17:05:47
7000009841,1000009841,20250605,1588,1,,CARD,PAID,19350.00,2025-06-05 17:05:05
7000009843,1000009843,20250605,2994,1,,CARD,PAID,58080.00,2025-06-05 17:19:26
7000009847,1000009847,20250605,1978,1,,GATEWAY,PAID,15720.00,2025-06-05 20:56:57
7000009848,1000009848,20250605,2310,1,,GATEWAY,PAID,58080.00,2025-06-05 21:06:02
7000009849,1000009849,20250606,2996,1,,GATEWAY,PAID,58080.00,2025-06-06 02:37:23
7000009850,1000009850,20250606,1223,1,,CARD,PAID,68970.00,2025-06-06 08:13:25
7000009851,1000009851,20250606,652,1,,CARD,PAID,19350.00,2025-06-06 09:26:55
7000009852,1000009852,20250606,2095,1,,GATEWAY,PAID,19350.00,2025-06-06 10:14:04
7000009853,1000009853,20250606,1859,1,,CARD,PAID,34170.00,2025-06-06 10:25:09
7000009857,1000009857,20250606,747,1,,CARD,PAID,15720.00,2025-06-06 12:17:24
7000009865,1000009865,20250606,2797,1,,CARD,PAID,19350.00,2025-06-06 14:14:07
7000009867,1000009867,20250606,2820,1,,CARD,REFUNDED,37800.00,2025-06-06 15:32:20
7000009869,1000009869,20250606,3000,1,,GATEWAY,PAID,37500.00,2025-06-06 16:30:17
7000009872,1000009872,20250606,2491,1,,GATEWAY,PAID,54450.00,2025-06-07 11:59:31
7000009875,1000009875,20250606,2161,1,,CARD,PAID,54450.00,2025-06-06 20:09:57
7000009877,1000009877,20250606,2270,1,,GATEWAY,PAID,44760.00,2025-06-06 21:03:34
7000009878,1000009878,20250606,1088,1,,CARD,PAID,16020.00,2025-06-06 21:57:18
7000009879,1000009879,20250607,944,1,,CARD,PAID,37500.00,2025-06-07 08:02:44
7000009882,1000009882,20250607,2337,1,,CARD,PAID,52320.00,2025-06-07 10:13:04
7000009892,1000009892,20250607,2352,1,,CARD,PAID,38100.00,2025-06-07 14:02:44
7000009898,1000009898,20250607,1765,1,,GATEWAY,PAID,148104.00,2025-06-07 16:32:04
7000009900,1000009900,20250607,2781,1,,CARD,PAID,54450.00,2025-06-07 16:02:28
7000009902,1000009902,20250607,1114,1,,GATEWAY,PAID,34470.00,2025-06-07 17:20:06
7000009907,1000009907,20250607,3009,1,,CARD,PAID,19650.00,2025-06-07 19:03:56
7000009910,1000009910,20250607,2691,1,,CARD,PAID,16020.00,2025-06-07 19:54:18
7000009912,1000009912,20250607,300,1,,CARD,PAID,16020.00,2025-06-07 19:54:56
7000009917,1000009917,20250607,888,1,,GATEWAY,PAID,83490.00,2025-06-07 20:53:41
7000009918,1000009918,20250608,1799,1,,CARD,PAID,45060.00,2025-06-08 00:07:32
7000009919,1000009919,20250608,3010,1,,GATEWAY,PAID,53227.50,2025-06-08 00:27:40
7000009920,1000009920,20250608,3011,1,,GATEWAY,PAID,76230.00,2025-06-08 01:32:19
7000009921,1000009921,20250608,2866,1,,CARD,PAID,16020.00,2025-06-08 03:55:53
7000009922,1000009922,20250608,2404,1,,GATEWAY,PAID,191301.00,2025-06-08 07:13:21
7000009923,1000009923,20250608,1851,1,,GATEWAY,FAILED,45360.00,
7000009924,1000009924,20250608,1674,1,,CARD,PAID,37500.00,2025-06-08 09:30:16
7000009925,1000009925,20250608,1821,1,,CARD,REFUNDED,54450.00,2025-06-08 13:52:01
7000009926,1000009926,20250608,3013,1,,GATEWAY,PAID,30840.00,2025-06-08 14:13:58
7000009927,1000009927,20250608,2716,1,,CARD,PAID,15720.00,2025-06-08 15:07:42
7000009928,1000009928,20250608,2102,1,,GATEWAY,PAID,54450.00,2025-06-08 15:18:42
7000009929,1000009929,20250608,2314,1,,CARD,PAID,34170.00,2025-06-08 16:26:10
7000009930,1000009930,20250608,1842,1,,CARD,PAID,19650.00,2025-06-08 16:44:24
7000009931,1000009931,20250608,3014,1,,CARD,PAID,30540.00,2025-06-08 16:48:29
7000009932,1000009932,20250608,2340,1,,CARD,PAID,52320.00,2025-06-08 17:29:51
7000009933,1000009933,20250608,622,1,,CARD,PAID,37800.00,2025-06-08 18:11:03
7000009934,1000009934,20250608,2793,1,,GATEWAY,PAID,37800.00,2025-06-08 19:15:18
7000009935,1000009935,20250608,1598,1,,GATEWAY,PAID,16320.00,2025-06-08 20:39:15
7000009936,1000009936,20250608,3015,1,,GATEWAY,PAID,30240.00,2025-06-08 21:04:29
7000009937,1000009937,20250608,3016,1,,CARD,PAID,87120.00,2025-06-08 22:37:15
7000009938,1000009938,20250608,2103,1,,GATEWAY,PAID,68970.00,2025-06-08 22:45:02
7000009939,1000009939,20250608,719,1,,GATEWAY,FAILED,48390.00,
7000009940,1000009940,20250608,1501,1,,CARD,PAID,16020.00,2025-06-08 23:15:52
7000009941,1000009941,20250608,2747,1,,CARD,PAID,37500.00,2025-06-09 00:01:13
7000009942,1000009942,20250609,1506,1,,GATEWAY,PAID,37800.00,2025-06-09 10:48:34
7000009944,1000009944,20250609,2885,1,,CARD,PAID,19350.00,2025-06-09 11:37:15
7000009945,1000009945,20250609,404,1,,CARD,PAID,30240.00,2025-06-09 12:24:04
7000009946,1000009946,20250609,1736,1,,CARD,PAID,33870.00,2025-06-09 12:33:18
7000009947,1000009947,20250609,3018,1,,GATEWAY,PAID,76230.00,2025-06-09 12:59:25
7000009948,1000009948,20250609,2421,1,,CARD,PAID,75867.00,2025-06-09 14:01:10
7000009951,1000009951,20250609,2729,1,,CARD,PAID,16020.00,2025-06-09 15:56:41
7000009952,1000009952,20250609,2849,1,,GATEWAY,PAID,30540.00,2025-06-09 16:49:19
7000009954,1000009954,20250609,2300,1,,CARD,PAID,15720.00,2025-06-09 17:40:06
7000009955,1000009955,20250609,2955,1,,CARD,PAID,19650.00,2025-06-09 19:07:01
7000009956,1000009956,20250609,1253,1,,GATEWAY,PAID,19650.00,2025-06-09 19:23:12
7000009957,1000009957,20250609,3020,1,,GATEWAY,PAID,34170.00,2025-06-09 19:59:15
7000009958,1000009958,20250609,2526,1,,CARD,PAID,48390.00,2025-06-09 20:04:33
7000009960,1000009960,20250609,2232,1,,CARD,FAILED,19650.00,
7000009961,1000009961,20250609,3021,1,,CARD,PAID,54450.00,2025-06-09 21:38:10
7000009962,1000009962,20250609,2593,1,,GATEWAY,PAID,19350.00,2025-06-09 23:08:28
7000009963,1000009963,20250609,922,1,,CARD,PAID,30540.00,2025-06-09 23:47:36
7000009964,1000009964,20250610,3022,1,,CARD,PAID,19950.00,2025-06-10 04:32:46
7000009965,1000009965,20250610,681,1,,GATEWAY,PAID,17535.00,2025-06-10 05:10:06
7000009966,1000009966,20250610,163,1,,GATEWAY,PAID,30903.00,2025-06-10 11:42:33
7000009967,1000009967,20250610,2415,1,,CARD,PAID,30840.00,2025-06-10 10:59:12
7000009968,1000009968,20250610,889,1,,GATEWAY,PAID,14268.00,2025-06-10 11:42:59
7000009969,1000009969,20250610,306,1,,CARD,PAID,30240.00,2025-06-10 13:58:13
7000009970,1000009970,20250610,2012,1,,GATEWAY,PAID,19350.00,2025-06-11 04:16:42
7000009973,1000009973,20250610,1398,1,,CARD,PAID,19950.00,2025-06-10 14:42:44
7000009975,1000009975,20250610,2654,1,,CARD,PAID,53472.00,2025-06-10 15:15:32
7000009976,1000009976,20250610,3023,1,,CARD,PAID,19350.00,2025-06-10 15:16:25
7000009977,1000009977,20250610,3024,1,,CARD,PAID,19950.00,2025-06-10 15:44:11
7000009978,1000009978,20250610,1610,1,,GATEWAY,PAID,30603.00,2025-06-10 16:00:19
7000009979,1000009979,20250610,1439,1,,GATEWAY,PAID,34470.00,2025-06-11 01:19:31
7000009980,1000009980,20250610,1972,1,,CARD,PAID,19950.00,2025-06-10 16:32:53
7000009984,1000009984,20250610,3026,1,,GATEWAY,PAID,30903.00,2025-06-10 18:09:58
7000009985,1000009985,20250610,3028,1,,CARD,PAID,14268.00,2025-06-10 19:32:49
7000009988,1000009988,20250610,3029,1,,CARD,PAID,19950.00,2025-06-10 19:44:11
7000009989,1000009989,20250610,2005,1,,CARD,FAILED,37800.00,
7000009991,1000009991,20250610,87,1,,GATEWAY,PAID,17535.00,2025-06-10 21:42:26
7000009992,1000009992,20250610,2269,1,,GATEWAY,PAID,30240.00,2025-06-11 04:28:30
7000009993,1000009993,20250610,1225,1,,GATEWAY,PAID,65340.00,2025-06-11 04:01:03
7000009994,1000009994,20250611,3030,1,,CARD,PAID,19350.00,2025-06-11 03:07:36
7000009995,1000009995,20250611,3031,1,,CARD,PAID,52320.00,2025-06-11 09:37:21
7000009997,1000009997,20250611,2598,1,,GATEWAY,PAID,37800.00,2025-06-11 11:13:36
7000009999,1000009999,20250611,1087,1,,GATEWAY,FAILED,38100.00,
7000010001,1000010001,20250611,3032,1,,CARD,PAID,45060.00,2025-06-11 12:58:37
7000010002,1000010002,20250611,577,1,,GATEWAY,FAILED,19650.00,
7000010006,1000010006,20250611,2680,1,,CARD,PAID,16020.00,2025-06-11 15:30:20
7000010007,1000010007,20250611,356,1,,GATEWAY,PAID,30240.00,2025-06-13 03:16:13
7000010010,1000010010,20250611,3035,1,,GATEWAY,PAID,18442.50,2025-06-11 18:58:10
7000010011,1000010011,20250611,2577,1,,GATEWAY,PAID,19350.00,2025-06-11 19:10:08
7000010012,1000010012,20250611,1313,1,,CARD,PAID,37800.00,2025-06-11 19:17:19
7000010014,1000010014,20250611,521,1,,CARD,PAID,72600.00,2025-06-11 19:34:29
7000010019,1000010019,20250612,3036,1,,CARD,PAID,68970.00,2025-06-12 00:20:54
7000010020,1000010020,20250612,3037,1,,GATEWAY,PAID,45360.00,2025-06-12 05:38:11
7000010021,1000010021,20250612,2840,1,,CARD,PAID,54450.00,2025-06-12 06:08:06
7000010022,1000010022,20250612,3,1,,GATEWAY,PAID,34170.00,2025-06-12 08:03:02
7000010023,1000010023,20250612,1879,1,,GATEWAY,PAID,34170.00,2025-06-12 09:56:30
7000010024,1000010024,20250612,1509,1,,CARD,REFUNDED,16020.00,2025-06-12 09:57:37
7000010025,1000010025,20250612,679,1,,GATEWAY,PAID,19650.00,2025-06-12 10:38:06
7000010026,1000010026,20250612,3038,1,,CARD,PAID,30240.00,2025-06-12 12:28:44
7000010029,1000010029,20250612,2937,1,,GATEWAY,PAID,19650.00,2025-06-12 14:10:10
7000010032,1000010032,20250612,3039,1,,GATEWAY,PAID,45060.00,2025-06-12 15:49:05
7000010034,1000010034,20250612,1045,1,,CARD,REFUNDED,28788.00,2025-06-12 16:42:39
7000010035,1000010035,20250612,1304,1,,GATEWAY,FAILED,65340.00,
7000010037,1000010037,20250612,2141,1,,CARD,PAID,45060.00,2025-06-12 17:50:55
7000010040,1000010040,20250612,2640,1,,CARD,PAID,98010.00,2025-06-12 20:21:44
7000010042,1000010042,20250612,3041,1,,CARD,PAID,45060.00,2025-06-12 21:20:38
7000010043,1000010043,20250612,2584,1,,CARD,PAID,19650.00,2025-06-12 21:25:17
7000010044,1000010044,20250612,2742,1,,CARD,PAID,37500.00,2025-06-12 22:35:41
7000010045,1000010045,20250612,1677,1,,CARD,PAID,52020.00,2025-06-12 23:38:05
7000010046,1000010046,20250612,3042,1,,GATEWAY,PAID,68970.00,2025-06-12 23:57:38
7000010047,1000010047,20250613,1725,1,,GATEWAY,PAID,44760.00,2025-06-13 00:16:58
7000010048,1000010048,20250613,2771,1,,CARD,PAID,37500.00,2025-06-13 09:05:06
7000010049,1000010049,20250613,1866,1,,CARD,PAID,19650.00,2025-06-13 09:33:38
7000010050,1000010050,20250613,2714,1,,GATEWAY,PAID,37500.00,2025-06-13 10:16:22
7000010051,1000010051,20250613,3043,1,,CARD,PAID,72600.00,2025-06-13 10:19:40
7000010053,1000010053,20250613,69,1,,CARD,PAID,19950.00,2025-06-13 11:26:53
7000010056,1000010056,20250613,3045,1,,GATEWAY,PAID,76230.00,2025-06-13 12:22:05
7000010058,1000010058,20250613,1939,1,,CARD,PAID,54450.00,2025-06-13 14:57:45
7000010059,1000010059,20250613,2047,1,,CARD,PAID,19350.00,2025-06-13 15:38:19
7000010061,1000010061,20250613,1375,1,,CARD,PAID,19350.00,2025-06-13 17:13:16
7000010062,1000010062,20250613,430,1,,CARD,PAID,16320.00,2025-06-13 18:46:04
7000010063,1000010063,20250613,2348,1,,GATEWAY,PAID,37800.00,2025-06-14 03:50:34
7000010065,1000010065,20250613,2310,1,,GATEWAY,PAID,83490.00,2025-06-13 20:26:40
7000010066,1000010066,20250613,1286,1,,GATEWAY,PAID,15720.00,2025-06-13 21:04:33
7000010070,1000010070,20250614,2092,1,,CARD,PAID,72600.00,2025-06-14 12:03:11
7000010081,1000010081,20250614,1965,1,,CARD,PAID,37500.00,2025-06-14 18:43:25
7000010082,1000010082,20250614,2439,1,,GATEWAY,FAILED,19650.00,
7000010085,1000010085,20250614,2014,1,,CARD,PAID,19350.00,2025-06-14 19:49:20
7000010086,1000010086,20250614,2444,1,,GATEWAY,REFUNDED,16320.00,2025-06-14 20:15:51
7000010087,1000010087,20250614,2443,1,,CARD,PAID,38100.00,2025-06-14 20:22:17
7000010088,1000010088,20250614,3049,1,,CARD,PAID,37500.00,2025-06-14 20:35:54
7000010089,1000010089,20250614,3050,1,,CARD,FAILED,37800.00,
7000010090,1000010090,20250614,1810,1,,GATEWAY,PAID,72600.00,2025-06-14 21:38:35
7000010091,1000010091,20250614,3051,1,,CARD,PAID,16320.00,2025-06-14 21:52:27
7000010092,1000010092,20250615,581,1,,CARD,PAID,16320.00,2025-06-15 03:08:25
7000010093,1000010093,20250615,2757,1,,GATEWAY,PAID,37800.00,2025-06-15 06:10:19
7000010094,1000010094,20250615,440,1,,CARD,PAID,53527.50,2025-06-15 06:39:04
7000010095,1000010095,20250615,1067,1,,GATEWAY,PAID,19950.00,2025-06-15 11:36:02
7000010096,1000010096,20250615,2336,1,,GATEWAY,PAID,38100.00,2025-06-15 13:31:59
7000010097,1000010097,20250615,3052,1,,CARD,REFUNDED,33870.00,2025-06-15 16:14:20
7000010098,1000010098,20250615,3053,1,,CARD,PAID,37800.00,2025-06-15 16:32:20
7000010099,1000010099,20250615,1893,1,,CARD,PAID,19650.00,2025-06-15 17:49:13
7000010100,1000010100,20250615,3054,1,,GATEWAY,PAID,76230.00,2025-06-15 18:43:00
7000010101,1000010101,20250615,1772,1,,CARD,PAID,54450.00,2025-06-15 18:48:41
7000010102,1000010102,20250615,644,1,,CARD,PAID,37800.00,2025-06-15 20:08:49
7000010103,1000010103,20250615,756,1,,GATEWAY,PAID,37800.00,2025-06-15 21:53:58
7000010104,1000010104,20250615,3055,1,,GATEWAY,PAID,215985.00,2025-06-15 21:58:44
7000010105,1000010105,20250615,2182,1,,GATEWAY,PAID,19350.00,2025-06-17 06:58:14
7000010106,1000010106,20250615,421,1,,GATEWAY,PAID,48390.00,2025-06-15 22:59:42
7000010107,1000010107,20250615,2202,1,,GATEWAY,FAILED,34470.00,
7000010108,1000010108,20250616,2429,1,,CARD,PAID,19650.00,2025-06-16 01:11:48
7000010109,1000010109,20250616,1802,1,,GATEWAY,PAID,19950.00,2025-06-16 11:37:05
7000010111,1000010111,20250616,3056,1,,CARD,PAID,52020.00,2025-06-16 13:25:13
7000010112,1000010112,20250616,3057,1,,CARD,PAID,16320.00,2025-06-16 14:15:29
7000010113,1000010113,20250616,3058,1,,CARD,PAID,234498.00,2025-06-16 16:01:24
7000010115,1000010115,20250616,1634,1,,GATEWAY,PAID,16020.00,2025-06-16 16:47:56
7000010116,1000010116,20250616,2826,1,,GATEWAY,PAID,18742.50,2025-06-16 17:01:12
7000010118,1000010118,20250616,1706,1,,CARD,PAID,15720.00,2025-06-16 21:13:25
7000010119,1000010119,20250616,2894,1,,GATEWAY,PAID,48690.00,2025-06-17 07:15:44
7000010120,1000010120,20250616,2891,1,,GATEWAY,PAID,30540.00,2025-06-17 07:39:26
7000010121,1000010121,20250616,2031,1,,GATEWAY,PAID,30540.00,2025-06-16 22:05:14
7000010122,1000010122,20250616,1909,1,,GATEWAY,PAID,15720.00,2025-06-17 04:53:37
7000010123,1000010123,20250617,2696,1,,GATEWAY,PAID,130680.00,2025-06-17 00:47:01
7000010124,1000010124,20250617,1964,1,,CARD,PAID,52620.00,2025-06-17 10:54:16
7000010126,1000010126,20250617,11,1,,GATEWAY,PAID,87120.00,2025-06-17 12:30:56
7000010130,1000010130,20250617,1257,1,,CARD,PAID,18742.50,2025-06-17 16:21:43
7000010131,1000010131,20250617,2390,1,,CARD,PAID,15720.00,2025-06-17 17:53:29
7000010132,1000010132,20250617,1753,1,,CARD,PAID,45060.00,2025-06-17 18:09:37
7000010133,1000010133,20250617,2576,1,,CARD,PAID,83490.00,2025-06-17 18:56:43
7000010134,1000010134,20250618,2606,1,,GATEWAY,PAID,68970.00,2025-06-18 20:12:21
7000010135,1000010135,20250618,3061,1,,CARD,PAID,68970.00,2025-06-18 06:47:47
7000010136,1000010136,20250618,3062,1,,CARD,PAID,52620.00,2025-06-18 10:49:48
7000010137,1000010137,20250618,2146,1,,GATEWAY,PAID,15720.00,2025-06-18 11:17:33
7000010141,1000010141,20250618,2687,1,,GATEWAY,PAID,16020.00,2025-06-18 14:50:00
7000010144,1000010144,20250618,1484,1,,CARD,PAID,52020.00,2025-06-18 20:00:30
7000010145,1000010145,20250618,118,1,,GATEWAY,PAID,37800.00,2025-06-18 21:16:41
7000010146,1000010146,20250618,1285,1,,GATEWAY,PAID,30540.00,2025-06-18 22:48:13
7000010147,1000010147,20250618,2501,1,,GATEWAY,PAID,30540.00,2025-06-18 23:19:13
7000010148,1000010148,20250619,2728,1,,CARD,PAID,45060.00,2025-06-19 08:08:58
7000010149,1000010149,20250619,1318,1,,CARD,FAILED,19650.00,
7000010150,1000010150,20250619,426,1,,CARD,PAID,15720.00,2025-06-19 11:35:15
7000010151,1000010151,20250619,2540,1,,CARD,PAID,19350.00,2025-06-19 11:43:06
7000010155,1000010155,20250619,3064,1,,CARD,PAID,19350.00,2025-06-19 16:46:31
7000010156,1000010156,20250619,184,1,,GATEWAY,PAID,15720.00,2025-06-19 17:01:57
7000010157,1000010157,20250619,1077,1,,GATEWAY,PAID,19650.00,2025-06-19 17:29:41
7000010159,1000010159,20250619,3066,1,,GATEWAY,PAID,48690.00,2025-06-19 20:04:17
7000010160,1000010160,20250619,3065,1,,CARD,PAID,16020.00,2025-06-19 19:55:48
7000010161,1000010161,20250619,572,1,,CARD,PAID,16020.00,2025-06-19 21:57:57
7000010162,1000010162,20250619,2282,1,,CARD,PAID,15720.00,2025-06-19 22:17:07
7000010163,1000010163,20250619,2372,1,,GATEWAY,PAID,34170.00,2025-06-19 23:25:16
7000010164,1000010164,20250620,185,1,,CARD,PAID,45060.00,2025-06-20 08:07:09
7000010165,1000010165,20250620,161,1,,CARD,PAID,19650.00,2025-06-20 10:43:23
7000010167,1000010167,20250620,354,1,,GATEWAY,PAID,30540.00,2025-06-20 12:04:48
7000010175,1000010175,20250620,2602,1,,CARD,PAID,15720.00,2025-06-20 15:16:34
7000010176,1000010176,20250620,852,1,,CARD,PAID,19950.00,2025-06-20 15:41:06
7000010179,1000010179,20250620,1518,1,,CARD,PAID,19350.00,2025-06-20 18:41:54
7000010181,1000010181,20250620,3069,1,,CARD,PAID,19650.00,2025-06-20 19:25:07
7000010184,1000010184,20250620,2770,1,,GATEWAY,PAID,58080.00,2025-06-20 22:28:11
7000010185,1000010185,20250621,2515,1,,GATEWAY,PAID,16020.00,2025-06-21 09:58:20
7000010186,1000010186,20250621,2417,1,,CARD,PAID,15720.00,2025-06-21 10:11:14
7000010191,1000010191,20250621,2463,1,,GATEWAY,PAID,15720.00,2025-06-21 12:11:37
7000010195,1000010195,20250621,2,1,,CARD,PAID,48690.00,2025-06-21 13:54:58
7000010203,1000010203,20250621,1071,1,,CARD,REFUNDED,19350.00,2025-06-21 19:23:45
7000010204,1000010204,20250621,1973,1,,CARD,PAID,19350.00,2025-06-21 19:37:58
7000010207,1000010207,20250622,172,1,,CARD,PAID,19650.00,2025-06-22 03:18:19
7000010208,1000010208,20250622,3073,1,,GATEWAY,PAID,19350.00,2025-06-22 15:43:00
7000010209,1000010209,20250622,2476,1,,CARD,PAID,19650.00,2025-06-22 12:50:30
7000010210,1000010210,20250622,989,1,,CARD,PAID,19650.00,2025-06-22 16:31:20
7000010211,1000010211,20250622,2179,1,,GATEWAY,PAID,19650.00,2025-06-22 16:53:38
7000010212,1000010212,20250622,1404,1,,GATEWAY,PAID,16320.00,2025-06-22 17:00:29
7000010213,1000010213,20250622,3074,1,,GATEWAY,FAILED,16020.00,
7000010214,1000010214,20250622,1748,1,,CARD,PAID,37800.00,2025-06-22 18:17:18
7000010215,1000010215,20250622,2254,1,,GATEWAY,FAILED,30240.00,
7000010216,1000010216,20250622,1429,1,,CARD,PAID,37800.00,2025-06-22 22:17:53
7000010217,1000010217,20250622,1668,1,,CARD,PAID,19650.00,2025-06-22 23:19:51
7000010218,1000010218,20250622,3075,1,,GATEWAY,PAID,30240.00,2025-06-22 23:47:54
7000010219,1000010219,20250623,1465,1,,CARD,PAID,54450.00,2025-06-23 08:09:59
7000010220,1000010220,20250623,3076,1,,CARD,REFUNDED,19950.00,2025-06-23 10:33:34
7000010222,1000010222,20250623,1485,1,,GATEWAY,PAID,15720.00,2025-06-23 12:18:09
7000010223,1000010223,20250623,1710,1,,CARD,PAID,37800.00,2025-06-23 12:27:44
7000010226,1000010226,20250623,1956,1,,CARD,PAID,15720.00,2025-06-23 14:27:25
7000010228,1000010228,20250623,2193,1,,CARD,PAID,37500.00,2025-06-23 18:05:05
7000010231,1000010231,20250623,995,1,,GATEWAY,PAID,30540.00,2025-06-23 21:44:23
7000010232,1000010232,20250623,2421,1,,CARD,PAID,19950.00,2025-06-23 22:44:38
7000010233,1000010233,20250624,1159,1,,GATEWAY,PAID,14994.00,2025-06-24 00:16:19
7000010234,1000010234,20250624,2310,1,,CARD,PAID,19350.00,2025-06-24 07:19:28
7000010235,1000010235,20250624,2553,1,,CARD,PAID,30540.00,2025-06-24 10:45:05
7000010240,1000010240,20250624,1334,2,4,CASH,REFUNDED,68970.00,2025-06-24 14:04:04
7000010241,1000010241,20250624,2106,2,4,CASH,PAID,18150.00,2025-06-24 14:27:08
7000010244,1000010244,20250624,1816,2,1,CASH,PAID,29040.00,2025-06-24 15:39:10
7000010245,1000010245,20250624,2616,2,1,CARD,PAID,18150.00,2025-06-24 15:58:47
7000010246,1000010246,20250624,2625,2,2,CASH,PAID,29040.00,2025-06-24 16:31:50
7000010249,1000010249,20250624,1607,2,3,TRANSFER,PAID,32670.00,2025-06-24 18:54:04
7000010251,1000010251,20250624,3081,2,1,CASH,PAID,18150.00,2025-06-24 20:13:05
7000010259,1000010259,20250625,2070,2,1,CARD,PAID,14520.00,2025-06-25 11:13:13
7000010262,1000010262,20250625,2688,2,4,CASH,PAID,32670.00,2025-06-25 12:42:18
7000010265,1000010265,20250625,2435,2,3,CASH,PAID,36300.00,2025-06-25 13:23:09
7000010268,1000010268,20250625,1787,2,2,CARD,PAID,18150.00,2025-06-25 14:18:13
7000010269,1000010269,20250625,1268,2,3,CASH,PAID,36300.00,2025-06-25 14:57:18
7000010271,1000010271,20250625,1746,2,1,CASH,PAID,18150.00,2025-06-25 16:26:52
7000010272,1000010272,20250625,1831,2,3,CASH,PAID,18150.00,2025-06-25 16:34:17
7000010273,1000010273,20250625,722,2,3,CASH,PAID,50820.00,2025-06-25 18:41:39
7000010276,1000010276,20250625,1327,2,4,CASH,PAID,29040.00,2025-06-25 20:16:23
7000010281,1000010281,20250626,808,2,4,CARD,PAID,36300.00,2025-06-26 12:05:57
7000010283,1000010283,20250626,1245,2,2,CARD,PAID,29040.00,2025-06-26 13:38:33
7000010289,1000010289,20250626,1527,2,1,CASH,PAID,18150.00,2025-06-26 17:41:57
7000010290,1000010290,20250626,1437,2,3,TRANSFER,PAID,36300.00,2025-06-26 17:46:25
7000010291,1000010291,20250626,2249,2,3,CARD,PAID,14520.00,2025-06-26 18:08:07
7000010292,1000010292,20250626,2197,2,2,CASH,PAID,16335.00,2025-06-26 18:12:01
7000010298,1000010298,20250627,3090,2,2,CARD,PAID,32670.00,2025-06-27 12:20:13
7000010300,1000010300,20250627,1988,2,4,TRANSFER,PAID,32670.00,2025-06-27 13:55:46
7000010301,1000010301,20250627,2139,2,1,CARD,PAID,18150.00,2025-06-27 14:37:52
7000010303,1000010303,20250627,1583,2,1,CARD,PAID,19350.00,2025-06-27 15:29:11
7000010304,1000010304,20250627,3092,2,1,TRANSFER,PAID,29040.00,2025-06-27 15:53:52
7000010305,1000010305,20250627,1666,2,1,CARD,PAID,98010.00,2025-06-27 17:03:47
7000010306,1000010306,20250627,1942,2,3,CASH,PAID,72600.00,2025-06-27 17:39:28
7000010308,1000010308,20250627,2124,2,1,CARD,PAID,169702.50,2025-06-27 19:10:16
7000010309,1000010309,20250627,2543,2,2,CASH,PAID,18150.00,2025-06-27 19:49:32
7000010313,1000010313,20250628,3023,2,1,CASH,PAID,36300.00,2025-06-28 10:28:23
7000010314,1000010314,20250628,1976,2,2,CASH,PAID,37800.00,2025-06-28 10:42:42
7000010315,1000010315,20250628,1003,2,3,CARD,PAID,14520.00,2025-06-28 10:50:56
7000010316,1000010316,20250628,1934,2,1,CARD,PAID,54450.00,2025-06-28 11:16:32
7000010319,1000010319,20250628,3095,2,3,CARD,PAID,14520.00,2025-06-28 17:02:45
7000010320,1000010320,20250628,1148,2,3,CASH,PAID,49005.00,2025-06-28 17:12:23
7000010321,1000010321,20250628,227,2,3,CARD,PAID,19650.00,2025-06-28 17:14:48
7000010322,1000010322,20250628,2621,2,2,CASH,PAID,18150.00,2025-06-28 17:39:26
7000010325,1000010325,20250628,3096,2,1,TRANSFER,PAID,72600.00,2025-06-28 20:48:48
7000010339,1000010339,20250630,3101,2,1,TRANSFER,PAID,14520.00,2025-06-30 13:09:12
7000010340,1000010340,20250630,2333,2,2,CARD,PAID,29040.00,2025-06-30 13:23:03
7000010341,1000010341,20250630,2046,2,3,CASH,PAID,14520.00,2025-06-30 15:16:01
7000010343,1000010343,20250630,3102,2,2,CARD,PAID,18150.00,2025-06-30 15:38:47
7000010345,1000010345,20250630,2619,2,2,CARD,PAID,36300.00,2025-06-30 17:53:35
7000010346,1000010346,20250630,1307,2,1,CARD,PAID,76230.00,2025-06-30 18:02:06
7000010347,1000010347,20250630,2740,2,1,CASH,PAID,54450.00,2025-06-30 18:14:19
7000010349,1000010349,20250630,430,2,4,TRANSFER,PAID,18150.00,2025-06-30 18:53:57
7000010351,1000010351,20250630,801,2,4,CASH,PAID,36300.00,2025-06-30 19:48:40
7000010352,1000010352,20250630,146,2,1,CASH,PAID,47190.00,2025-06-30 19:56:46
7000010353,1000010353,20250630,3103,2,3,CARD,PAID,36300.00,2025-06-30 20:12:12
7000010354,1000010354,20250630,2056,2,2,CARD,PAID,16335.00,2025-06-30 20:57:39
7000010361,1000010361,20250701,3105,2,2,CARD,PAID,13068.00,2025-07-01 12:09:08
7000010362,1000010362,20250701,1467,2,2,TRANSFER,PAID,43560.00,2025-07-01 12:40:53
7000010365,1000010365,20250701,2025,2,1,CARD,PAID,18150.00,2025-07-01 14:49:04
7000010367,1000010367,20250701,3034,2,2,CARD,PAID,32670.00,2025-07-01 17:04:56
7000010368,1000010368,20250701,2099,2,1,CARD,PAID,14520.00,2025-07-01 17:33:36
7000010382,1000010382,20250703,2529,2,4,CARD,PAID,29040.00,2025-07-03 11:05:50
7000010384,1000010384,20250703,2712,2,2,CARD,PAID,13068.00,2025-07-03 13:07:07
7000010385,1000010385,20250703,927,2,3,CARD,PAID,58080.00,2025-07-03 13:40:43
7000010388,1000010388,20250703,2890,2,1,TRANSFER,PAID,29040.00,2025-07-03 14:31:02
7000010389,1000010389,20250703,2775,2,1,CASH,PAID,32670.00,2025-07-03 16:11:56
7000010391,1000010391,20250703,1740,2,1,CASH,PAID,18150.00,2025-07-03 18:51:27
7000010393,1000010393,20250703,588,2,2,CASH,PAID,29403.00,2025-07-03 19:26:11
7000010394,1000010394,20250703,3113,2,2,CASH,PAID,14520.00,2025-07-03 19:57:19
7000010395,1000010395,20250703,1399,2,1,CASH,PAID,18150.00,2025-07-03 20:19:09
7000010401,1000010401,20250704,2038,2,4,CARD,PAID,18150.00,2025-07-04 10:29:24
7000010402,1000010402,20250704,273,2,3,CARD,PAID,14520.00,2025-07-04 11:54:35
7000010403,1000010403,20250704,3116,2,3,CASH,PAID,36300.00,2025-07-04 12:25:08
7000010404,1000010404,20250704,3117,2,2,CASH,PAID,14520.00,2025-07-04 12:37:09
7000010405,1000010405,20250704,2741,2,2,CARD,PAID,47190.00,2025-07-04 12:50:18
7000010418,1000010418,20250705,1235,2,4,CARD,PAID,50820.00,2025-07-05 10:36:50
7000010420,1000010420,20250705,1176,2,2,CARD,PAID,76230.00,2025-07-05 12:25:01
7000010421,1000010421,20250705,1419,2,3,CASH,PAID,29040.00,2025-07-05 12:36:05
7000010423,1000010423,20250705,2774,2,1,CASH,PAID,26136.00,2025-07-05 12:59:10
7000010424,1000010424,20250705,426,2,1,CASH,PAID,36300.00,2025-07-05 13:22:43
7000010425,1000010425,20250705,2677,2,2,CARD,PAID,14520.00,2025-07-05 13:30:18
7000010426,1000010426,20250705,1147,2,2,CARD,PAID,18150.00,2025-07-05 13:40:16
7000010427,1000010427,20250705,2272,2,2,CASH,PAID,14520.00,2025-07-05 14:11:04
7000010429,1000010429,20250705,2700,2,2,CARD,PAID,29040.00,2025-07-05 15:14:10
7000010430,1000010430,20250705,402,2,3,CASH,PAID,47190.00,2025-07-05 16:23:56
7000010431,1000010431,20250705,1382,2,2,CASH,PAID,61710.00,2025-07-05 16:30:37
7000010432,1000010432,20250705,2422,2,4,CARD,PAID,32670.00,2025-07-05 16:33:39
7000010434,1000010434,20250705,2362,2,1,TRANSFER,PAID,14520.00,2025-07-05 17:43:36
7000010435,1000010435,20250705,3122,2,1,CASH,PAID,14520.00,2025-07-05 21:00:41
7000010452,1000010452,20250707,1432,2,4,CARD,PAID,29040.00,2025-07-07 13:44:50
7000010455,1000010455,20250707,2091,2,2,TRANSFER,PAID,14520.00,2025-07-07 14:51:39
7000010459,1000010459,20250707,3126,2,4,CASH,PAID,43560.00,2025-07-07 18:05:37
7000010460,1000010460,20250707,434,2,4,CASH,PAID,18150.00,2025-07-07 18:42:42
7000010465,1000010465,20250707,395,2,1,CARD,PAID,14520.00,2025-07-07 19:34:12
7000010473,1000010473,20250708,2428,2,4,CASH,PAID,14520.00,2025-07-08 13:29:39
7000010474,1000010474,20250708,3131,2,3,CASH,PAID,58080.00,2025-07-08 17:10:41
7000010475,1000010475,20250708,3132,2,1,TRANSFER,PAID,18150.00,2025-07-08 17:41:43
7000010477,1000010477,20250708,2496,2,3,CASH,PAID,14520.00,2025-07-08 18:01:08
7000010484,1000010484,20250709,3136,2,2,CASH,PAID,14520.00,2025-07-09 10:35:12
7000010486,1000010486,20250709,1594,2,3,CASH,PAID,29040.00,2025-07-09 15:45:55
7000010489,1000010489,20250709,2959,2,3,CARD,PAID,54450.00,2025-07-09 19:54:44
7000010492,1000010492,20250709,544,2,4,CASH,PAID,29040.00,2025-07-09 20:47:11
7000010498,1000010498,20250710,2266,2,4,CARD,PAID,50820.00,2025-07-10 13:48:47
7000010501,1000010501,20250710,1635,2,2,CARD,PAID,29040.00,2025-07-10 15:15:35
7000010504,1000010504,20250710,455,2,2,CASH,PAID,16020.00,2025-07-10 15:34:57
7000010505,1000010505,20250710,1156,2,2,CARD,PAID,18150.00,2025-07-10 16:23:57
7000010506,1000010506,20250710,1838,2,3,CARD,PAID,14520.00,2025-07-10 17:53:45
7000010507,1000010507,20250710,994,2,1,CASH,PAID,14520.00,2025-07-10 18:25:42
7000010508,1000010508,20250710,2239,2,1,CARD,PAID,14520.00,2025-07-10 18:33:16
7000010513,1000010513,20250711,646,2,4,CARD,PAID,36300.00,2025-07-11 10:09:29
7000010515,1000010515,20250711,2916,2,4,CARD,PAID,36300.00,2025-07-11 10:39:19
7000010517,1000010517,20250711,1435,2,4,CASH,PAID,29040.00,2025-07-11 15:25:37
7000010520,1000010520,20250711,1381,2,2,CARD,PAID,54450.00,2025-07-11 17:31:30
7000010521,1000010521,20250711,1583,2,1,TRANSFER,PAID,54450.00,2025-07-11 17:50:31
7000010522,1000010522,20250711,2585,2,3,CARD,PAID,29040.00,2025-07-11 17:55:12
7000010527,1000010527,20250711,2985,2,3,CARD,PAID,18150.00,2025-07-11 19:46:48
7000010533,1000010533,20250712,2868,2,2,CASH,PAID,50820.00,2025-07-12 12:08:10
7000010534,1000010534,20250712,304,2,3,CASH,REFUNDED,14520.00,2025-07-12 12:49:26
7000010535,1000010535,20250712,3147,2,3,CARD,PAID,36300.00,2025-07-12 13:02:07
7000010536,1000010536,20250712,2484,2,3,CARD,PAID,32670.00,2025-07-12 13:44:25
7000010537,1000010537,20250712,2711,2,2,CASH,PAID,14520.00,2025-07-12 14:22:15
7000010538,1000010538,20250712,2575,2,4,CARD,PAID,14520.00,2025-07-12 14:38:30
7000010540,1000010540,20250712,477,2,3,CASH,PAID,18150.00,2025-07-12 16:20:07
7000010543,1000010543,20250712,2579,2,1,CASH,PAID,43560.00,2025-07-12 20:13:14
7000010544,1000010544,20250712,2170,2,1,CASH,PAID,75141.00,2025-07-12 20:59:15
7000010558,1000010558,20250714,487,2,2,CARD,PAID,29040.00,2025-07-14 10:20:48
7000010559,1000010559,20250714,555,2,2,CARD,PAID,14520.00,2025-07-14 11:03:30
7000010561,1000010561,20250714,93,2,2,CASH,PAID,14520.00,2025-07-14 12:29:04
7000010562,1000010562,20250714,1714,2,2,CARD,PAID,14520.00,2025-07-14 12:54:24
7000010563,1000010563,20250714,529,2,1,CASH,REFUNDED,29040.00,2025-07-14 14:20:36
7000010564,1000010564,20250714,1404,2,4,CASH,PAID,32670.00,2025-07-14 14:27:52
7000010566,1000010566,20250714,3156,2,2,CARD,PAID,47190.00,2025-07-14 17:04:57
7000010567,1000010567,20250714,723,2,4,CASH,PAID,29040.00,2025-07-14 17:50:15
7000010569,1000010569,20250714,3060,2,4,CASH,PAID,48990.00,2025-07-14 19:22:32
7000010570,1000010570,20250714,3157,2,2,CARD,PAID,29040.00,2025-07-14 20:12:46
7000010579,1000010579,20250715,2403,2,1,TRANSFER,PAID,14520.00,2025-07-15 10:37:42
7000010580,1000010580,20250715,2915,2,2,CARD,PAID,14520.00,2025-07-15 11:37:28
7000010581,1000010581,20250715,3159,2,2,TRANSFER,PAID,65340.00,2025-07-15 11:50:59
7000010583,1000010583,20250715,2332,2,1,CASH,PAID,32670.00,2025-07-15 12:56:09
7000010585,1000010585,20250715,1747,2,2,TRANSFER,PAID,14520.00,2025-07-15 15:15:41
7000010586,1000010586,20250715,2120,2,3,CARD,PAID,14520.00,2025-07-15 15:32:27
7000010596,1000010596,20250716,3162,2,3,CASH,PAID,65340.00,2025-07-16 13:07:35
7000010597,1000010597,20250716,3019,2,4,CARD,PAID,29040.00,2025-07-16 16:30:09
7000010602,1000010602,20250716,1517,2,2,CASH,PAID,39204.00,2025-07-16 20:36:21
7000010605,1000010605,20250717,891,2,2,CASH,PAID,185130.00,2025-07-17 10:01:53
7000010608,1000010608,20250717,3164,2,1,CASH,PAID,32670.00,2025-07-17 11:06:48
7000010609,1000010609,20250717,1931,2,2,CARD,PAID,29040.00,2025-07-17 12:34:15
7000010610,1000010610,20250717,3037,2,4,CASH,PAID,32670.00,2025-07-17 12:40:49
7000010612,1000010612,20250717,227,2,3,CASH,PAID,47190.00,2025-07-17 12:58:19
7000010619,1000010619,20250717,209,2,1,TRANSFER,PAID,16335.00,2025-07-17 16:53:08
7000010620,1000010620,20250717,1138,2,1,CASH,PAID,29040.00,2025-07-17 18:01:16
7000010622,1000010622,20250717,3165,2,4,CASH,PAID,14868.00,2025-07-17 19:40:52
7000010629,1000010629,20250718,3169,2,1,CASH,PAID,29040.00,2025-07-18 12:36:18
7000010630,1000010630,20250718,1863,2,3,CARD,PAID,29040.00,2025-07-18 13:38:55
7000010632,1000010632,20250718,3170,2,1,CASH,PAID,43560.00,2025-07-18 14:45:20
7000010633,1000010633,20250718,2979,2,4,CASH,REFUNDED,16320.00,2025-07-18 16:57:14
7000010634,1000010634,20250718,407,2,4,CARD,PAID,87120.00,2025-07-18 17:44:39
7000010635,1000010635,20250718,441,2,2,CASH,PAID,14520.00,2025-07-18 20:03:49
7000010640,1000010640,20250719,1817,2,4,CASH,PAID,18150.00,2025-07-19 10:55:58
7000010642,1000010642,20250719,1263,2,1,CARD,PAID,36300.00,2025-07-19 11:54:57
7000010644,1000010644,20250719,395,2,1,CASH,PAID,14520.00,2025-07-19 12:13:18
7000010645,1000010645,20250719,2002,2,1,TRANSFER,PAID,32670.00,2025-07-19 13:03:42
7000010646,1000010646,20250719,2311,2,1,CARD,PAID,43560.00,2025-07-19 14:13:41
7000010647,1000010647,20250719,1401,2,1,CASH,PAID,36300.00,2025-07-19 15:02:48
7000010648,1000010648,20250719,829,2,3,CASH,PAID,14520.00,2025-07-19 16:21:45
7000010649,1000010649,20250719,945,2,2,CARD,PAID,26136.00,2025-07-19 17:29:40
7000010650,1000010650,20250719,3173,2,1,CARD,PAID,29040.00,2025-07-19 18:55:36
7000010651,1000010651,20250719,707,2,2,CARD,PAID,32670.00,2025-07-19 19:32:16
7000010668,1000010668,20250721,2744,2,1,CARD,PAID,36300.00,2025-07-21 12:32:15
7000010669,1000010669,20250721,2416,2,4,TRANSFER,PAID,26136.00,2025-07-21 13:11:26
7000010686,1000010686,20250722,3125,2,1,TRANSFER,REFUNDED,14520.00,2025-07-22 11:00:27
7000010688,1000010688,20250722,2921,2,2,CARD,PAID,45060.00,2025-07-22 13:44:09
7000010689,1000010689,20250722,3182,2,4,CASH,PAID,32670.00,2025-07-22 16:49:43
7000010690,1000010690,20250722,3047,2,1,CARD,REFUNDED,43560.00,2025-07-22 17:40:00
7000010691,1000010691,20250722,375,2,3,CASH,REFUNDED,75141.00,2025-07-22 18:24:49
7000010693,1000010693,20250722,2546,2,3,CASH,PAID,42471.00,2025-07-22 20:22:29
7000010704,1000010704,20250723,2848,2,1,CASH,PAID,47190.00,2025-07-23 14:03:06
7000010707,1000010707,20250723,613,2,4,CARD,PAID,14520.00,2025-07-23 15:14:54
7000010708,1000010708,20250723,388,2,4,CASH,PAID,18150.00,2025-07-23 17:48:11
7000010709,1000010709,20250723,3187,2,4,CARD,PAID,29040.00,2025-07-23 18:04:21
7000010710,1000010710,20250723,2714,2,1,CARD,PAID,33870.00,2025-07-23 18:05:38
7000010712,1000010712,20250723,422,2,3,CARD,PAID,14520.00,2025-07-23 18:49:54
7000010715,1000010715,20250723,2656,2,1,CASH,PAID,29040.00,2025-07-23 19:55:11
7000010716,1000010716,20250723,1404,2,4,CARD,PAID,32670.00,2025-07-23 20:26:22
7000010720,1000010720,20250724,2460,2,4,CARD,PAID,50820.00,2025-07-24 14:49:27
7000010723,1000010723,20250724,301,2,1,TRANSFER,PAID,14520.00,2025-07-24 16:23:49
7000010724,1000010724,20250724,2348,2,2,CASH,PAID,34170.00,2025-07-24 17:13:40
7000010725,1000010725,20250724,3192,2,1,TRANSFER,PAID,58080.00,2025-07-24 17:57:38
7000010732,1000010732,20250725,1645,2,2,CARD,PAID,18150.00,2025-07-25 10:50:25
7000010733,1000010733,20250725,2513,2,4,CASH,PAID,14520.00,2025-07-25 12:13:54
7000010734,1000010734,20250725,1288,2,1,CASH,PAID,58080.00,2025-07-25 13:36:49
7000010735,1000010735,20250725,1221,2,2,CARD,PAID,32670.00,2025-07-25 13:51:24
7000010736,1000010736,20250725,1121,2,2,CARD,PAID,14520.00,2025-07-25 14:04:06
7000010737,1000010737,20250725,2391,2,2,CASH,PAID,14520.00,2025-07-25 15:12:44
7000010738,1000010738,20250725,1942,2,3,CARD,PAID,14520.00,2025-07-25 15:26:02
7000010741,1000010741,20250725,1870,2,3,CARD,PAID,65340.00,2025-07-25 17:31:57
7000010743,1000010743,20250725,1618,2,2,CASH,PAID,14520.00,2025-07-25 19:02:14
7000010748,1000010748,20250726,2748,2,1,CARD,PAID,29040.00,2025-07-26 13:10:25
7000010749,1000010749,20250726,3197,2,3,CASH,PAID,32670.00,2025-07-26 13:58:01
7000010750,1000010750,20250726,2662,2,3,CARD,PAID,36300.00,2025-07-26 14:04:38
7000010752,1000010752,20250726,2917,2,3,CASH,PAID,87120.00,2025-07-26 14:37:08
7000010753,1000010753,20250726,3025,2,4,CARD,PAID,29040.00,2025-07-26 14:35:55
7000010754,1000010754,20250726,2199,2,3,CASH,PAID,14520.00,2025-07-26 16:01:08
7000010755,1000010755,20250726,2453,2,3,CARD,PAID,34170.00,2025-07-26 16:06:50
7000010757,1000010757,20250726,1335,2,2,CASH,PAID,18150.00,2025-07-26 16:53:44
7000010759,1000010759,20250726,2914,2,3,CASH,PAID,29403.00,2025-07-26 20:01:24
7000010780,1000010780,20250728,3201,2,3,CARD,PAID,36300.00,2025-07-28 11:09:30
7000010782,1000010782,20250728,2429,2,3,CASH,PAID,32670.00,2025-07-28 15:24:13
7000010783,1000010783,20250728,3203,2,3,CARD,PAID,14520.00,2025-07-28 16:08:47
7000010786,1000010786,20250728,3147,2,3,CASH,PAID,14520.00,2025-07-28 16:51:17
7000010788,1000010788,20250728,2506,2,2,CASH,PAID,36300.00,2025-07-28 17:35:57
7000010789,1000010789,20250728,3204,2,4,CARD,PAID,14520.00,2025-07-28 18:05:58
7000010790,1000010790,20250728,3205,2,3,CARD,PAID,58080.00,2025-07-28 18:08:40
7000010791,1000010791,20250728,2816,2,2,TRANSFER,PAID,32670.00,2025-07-28 18:11:56
7000010792,1000010792,20250728,2700,2,2,CASH,PAID,18150.00,2025-07-28 18:28:55
7000010795,1000010795,20250728,1585,2,3,CARD,PAID,13068.00,2025-07-28 19:29:51
7000010796,1000010796,20250728,2312,2,4,CASH,PAID,32670.00,2025-07-28 19:35:40
7000010797,1000010797,20250728,714,2,4,TRANSFER,PAID,68970.00,2025-07-28 19:42:56
7000010798,1000010798,20250728,3208,2,3,TRANSFER,PAID,58080.00,2025-07-28 19:47:40
7000010808,1000010808,20250729,2262,2,2,TRANSFER,REFUNDED,76230.00,2025-07-29 12:44:14
7000010809,1000010809,20250729,3209,2,4,CASH,PAID,14520.00,2025-07-29 12:58:58
7000010811,1000010811,20250729,2174,2,2,CARD,PAID,18150.00,2025-07-29 14:06:51
7000010812,1000010812,20250729,1104,2,1,CARD,PAID,36300.00,2025-07-29 17:03:43
7000010817,1000010817,20250730,3211,2,2,CASH,PAID,36300.00,2025-07-30 13:17:36
7000010820,1000010820,20250730,2038,2,4,CASH,PAID,14520.00,2025-07-30 17:06:49
7000010821,1000010821,20250730,1085,2,3,TRANSFER,PAID,32670.00,2025-07-30 17:48:25
7000010822,1000010822,20250730,3063,2,1,CARD,PAID,54450.00,2025-07-30 18:19:55
7000010823,1000010823,20250730,1376,2,3,CARD,PAID,32670.00,2025-07-30 20:13:04
7000010825,1000010825,20250731,1153,2,4,CASH,PAID,72600.00,2025-07-31 12:16:17
7000010826,1000010826,20250731,326,2,4,CASH,PAID,18150.00,2025-07-31 12:34:42
7000010828,1000010828,20250731,1272,2,2,CASH,PAID,14520.00,2025-07-31 14:00:06
7000010829,1000010829,20250731,3215,2,4,CARD,PAID,14520.00,2025-07-31 14:34:33
7000010830,1000010830,20250731,1600,2,4,TRANSFER,PAID,43560.00,2025-07-31 15:39:47
7000010836,1000010836,20250801,2435,2,3,CASH,PAID,14520.00,2025-08-01 10:17:05
7000010837,1000010837,20250801,3116,2,3,CARD,PAID,16020.00,2025-08-01 10:33:01
7000010842,1000010842,20250801,3217,2,3,CARD,PAID,43560.00,2025-08-01 16:29:41
7000010844,1000010844,20250801,2291,2,4,CARD,PAID,54450.00,2025-08-01 17:07:37
7000010845,1000010845,20250801,2159,2,4,CASH,PAID,14520.00,2025-08-01 17:12:25
7000010846,1000010846,20250801,2396,2,1,CARD,PAID,87120.00,2025-08-01 18:18:17
7000010848,1000010848,20250801,628,2,3,CARD,PAID,36300.00,2025-08-01 18:31:46
7000010849,1000010849,20250801,2152,2,4,CARD,PAID,29040.00,2025-08-01 19:08:47
7000010854,1000010854,20250802,2581,2,4,CARD,PAID,14520.00,2025-08-02 14:32:49
7000010855,1000010855,20250802,273,2,3,CARD,PAID,58080.00,2025-08-02 15:04:51
7000010856,1000010856,20250802,3219,2,1,CARD,PAID,32670.00,2025-08-02 15:33:21
7000010857,1000010857,20250802,1343,2,1,CASH,PAID,36300.00,2025-08-02 16:05:01
7000010858,1000010858,20250802,2916,2,4,CARD,PAID,18150.00,2025-08-02 16:16:21
7000010859,1000010859,20250802,2995,2,3,CASH,PAID,14520.00,2025-08-02 17:39:05
7000010861,1000010861,20250802,3220,2,1,CARD,PAID,61710.00,2025-08-02 18:04:50
7000010863,1000010863,20250802,1664,2,1,CARD,PAID,27336.00,2025-08-02 18:38:42
7000010864,1000010864,20250802,848,2,4,CARD,PAID,62073.00,2025-08-02 19:18:47
7000010865,1000010865,20250802,1737,2,4,CARD,PAID,18150.00,2025-08-02 19:44:34
7000010885,1000010885,20250804,2155,2,2,CARD,PAID,29040.00,2025-08-04 10:42:14
7000010887,1000010887,20250804,321,2,1,CARD,PAID,18150.00,2025-08-04 11:35:31
7000010892,1000010892,20250804,1972,2,4,CASH,PAID,29040.00,2025-08-04 14:18:31
7000010893,1000010893,20250804,1988,2,4,CASH,PAID,32670.00,2025-08-04 14:47:56
7000010894,1000010894,20250804,494,2,1,CASH,PAID,14520.00,2025-08-04 15:18:13
7000010895,1000010895,20250804,1838,2,3,TRANSFER,PAID,61710.00,2025-08-04 15:44:06
7000010896,1000010896,20250804,866,2,3,CASH,PAID,14520.00,2025-08-04 15:49:05
7000010897,1000010897,20250804,3226,2,1,CARD,PAID,50820.00,2025-08-04 18:33:51
7000010898,1000010898,20250804,3228,2,1,CASH,PAID,14520.00,2025-08-04 18:42:33
7000010900,1000010900,20250804,1318,2,2,TRANSFER,PAID,54450.00,2025-08-04 19:38:14
7000010909,1000010909,20250805,2168,2,1,CARD,PAID,65340.00,2025-08-05 10:38:25
7000010911,1000010911,20250805,617,2,4,CARD,PAID,94380.00,2025-08-05 11:29:41
7000010912,1000010912,20250805,1929,2,1,CASH,PAID,14520.00,2025-08-05 12:13:24
7000010913,1000010913,20250805,3103,2,3,CASH,PAID,29040.00,2025-08-05 12:18:28
7000010914,1000010914,20250805,3233,2,3,TRANSFER,PAID,18150.00,2025-08-05 12:51:29
7000010919,1000010919,20250805,2107,2,2,CARD,PAID,36300.00,2025-08-05 14:52:24
7000010921,1000010921,20250805,2166,2,1,CARD,PAID,36300.00,2025-08-05 17:51:08
7000010925,1000010925,20250806,1466,2,2,CARD,REFUNDED,18150.00,2025-08-06 10:57:27
7000010926,1000010926,20250806,907,2,3,CASH,PAID,29040.00,2025-08-06 11:01:09
7000010934,1000010934,20250806,2774,2,1,CARD,PAID,14520.00,2025-08-06 18:35:11
7000010936,1000010936,20250806,2478,2,2,CASH,PAID,14520.00,2025-08-06 19:46:17
7000010938,1000010938,20250806,3240,2,3,TRANSFER,PAID,32670.00,2025-08-06 20:42:13
7000010947,1000010947,20250807,1831,2,3,CASH,PAID,14520.00,2025-08-07 11:13:22
7000010948,1000010948,20250807,2558,2,3,CARD,PAID,14520.00,2025-08-07 11:44:06
7000010950,1000010950,20250807,3243,2,4,CASH,PAID,14520.00,2025-08-07 12:24:50
7000010951,1000010951,20250807,2088,2,2,CARD,PAID,29040.00,2025-08-07 12:46:10
7000010952,1000010952,20250807,964,2,3,CARD,PAID,29040.00,2025-08-07 14:29:53
7000010955,1000010955,20250807,3244,2,2,CASH,PAID,36300.00,2025-08-07 16:23:14
7000010959,1000010959,20250807,3245,2,4,CARD,PAID,47190.00,2025-08-07 18:03:44
7000010963,1000010963,20250807,3247,2,1,CARD,PAID,16335.00,2025-08-07 20:22:48
7000010967,1000010967,20250808,246,2,2,CARD,PAID,14520.00,2025-08-08 10:01:07
7000010968,1000010968,20250808,380,2,3,CARD,PAID,14520.00,2025-08-08 11:26:54
7000010972,1000010972,20250808,2389,2,3,TRANSFER,PAID,54450.00,2025-08-08 13:09:59
7000010974,1000010974,20250808,349,2,4,CARD,PAID,43560.00,2025-08-08 15:19:28
7000010975,1000010975,20250808,1817,2,4,CARD,PAID,14520.00,2025-08-08 15:29:39
7000010978,1000010978,20250808,3164,2,1,CARD,PAID,14520.00,2025-08-08 18:30:28
7000010980,1000010980,20250808,1843,2,3,CARD,PAID,14520.00,2025-08-08 18:56:54
7000010981,1000010981,20250808,210,2,1,TRANSFER,PAID,36300.00,2025-08-08 19:04:42
7000010986,1000010986,20250809,1903,2,2,CARD,PAID,54450.00,2025-08-09 10:10:32
7000010988,1000010988,20250809,1844,2,4,CARD,FAILED,14520.00,
7000010989,1000010989,20250809,2272,2,2,CARD,PAID,14520.00,2025-08-09 11:53:11
7000010990,1000010990,20250809,2039,2,2,CASH,PAID,50820.00,2025-08-09 11:57:13
7000010991,1000010991,20250809,2599,2,4,TRANSFER,PAID,14520.00,2025-08-09 12:15:12
7000010992,1000010992,20250809,1530,2,2,TRANSFER,REFUNDED,14520.00,2025-08-09 12:21:06
7000010993,1000010993,20250809,3251,2,2,CARD,PAID,52272.00,2025-08-09 13:07:29
7000010994,1000010994,20250809,801,2,4,CASH,PAID,203643.00,2025-08-09 15:13:47
7000010995,1000010995,20250809,684,2,1,CARD,PAID,50820.00,2025-08-09 15:16:09
7000010997,1000010997,20250809,463,2,3,CASH,PAID,36300.00,2025-08-09 17:35:47
7000010999,1000010999,20250809,1024,2,4,CASH,PAID,18150.00,2025-08-09 18:31:40
7000011025,1000011025,20250811,2271,2,2,CASH,PAID,54450.00,2025-08-11 10:10:53
7000011027,1000011027,20250811,1976,2,2,CASH,PAID,94380.00,2025-08-11 11:21:57
7000011028,1000011028,20250811,1208,2,2,CARD,PAID,14520.00,2025-08-11 11:37:07
7000011035,1000011035,20250811,1015,2,3,CARD,PAID,14520.00,2025-08-11 19:38:12
7000011046,1000011046,20250812,3265,2,2,CASH,PAID,47190.00,2025-08-12 10:27:45
7000011051,1000011051,20250812,158,2,3,CARD,FAILED,29040.00,
7000011056,1000011056,20250812,1740,2,1,CASH,PAID,32670.00,2025-08-12 15:07:01
7000011058,1000011058,20250812,1662,2,1,CASH,PAID,36300.00,2025-08-12 16:57:31
7000011059,1000011059,20250812,1858,2,4,CARD,PAID,54450.00,2025-08-12 17:56:21
7000011060,1000011060,20250812,2985,2,3,CARD,PAID,72600.00,2025-08-12 18:02:37
7000011061,1000011061,20250812,2655,2,4,CARD,PAID,29040.00,2025-08-12 18:26:49
7000011062,1000011062,20250812,389,2,1,CASH,PAID,14520.00,2025-08-12 18:30:01
7000011063,1000011063,20250812,1697,2,4,TRANSFER,PAID,29040.00,2025-08-12 19:49:02
7000011067,1000011067,20250812,2041,2,2,CARD,PAID,18150.00,2025-08-12 20:56:40
7000011075,1000011075,20250813,1649,2,4,CARD,PAID,14520.00,2025-08-13 12:25:16
7000011076,1000011076,20250813,3170,2,1,CARD,PAID,112530.00,2025-08-13 12:33:20
7000011080,1000011080,20250813,979,2,2,CARD,REFUNDED,72600.00,2025-08-13 15:23:50
7000011083,1000011083,20250813,3271,2,1,CARD,PAID,14520.00,2025-08-13 17:30:42
7000011084,1000011084,20250813,3272,2,2,CASH,PAID,14520.00,2025-08-13 18:25:35
7000011085,1000011085,20250813,1636,2,3,CASH,PAID,36300.00,2025-08-13 18:31:21
7000011086,1000011086,20250813,2373,2,3,CARD,PAID,83490.00,2025-08-13 18:43:19
7000011089,1000011089,20250813,1497,2,2,TRANSFER,PAID,29040.00,2025-08-13 19:27:11
7000011101,1000011101,20250814,1942,2,3,CASH,PAID,14520.00,2025-08-14 11:59:22
7000011104,1000011104,20250814,212,2,1,CARD,PAID,26136.00,2025-08-14 13:26:16
7000011105,1000011105,20250814,2544,2,2,CARD,REFUNDED,29040.00,2025-08-14 13:29:18
7000011106,1000011106,20250814,2890,2,1,CASH,PAID,58080.00,2025-08-14 13:40:02
7000011109,1000011109,20250814,2805,2,2,CARD,PAID,14520.00,2025-08-14 17:06:23
7000011113,1000011113,20250814,2619,2,2,CARD,PAID,14520.00,2025-08-14 18:31:10
7000011114,1000011114,20250814,1459,2,3,CARD,PAID,65340.00,2025-08-14 20:40:13
7000011115,1000011115,20250814,665,2,3,CASH,PAID,14520.00,2025-08-14 20:57:33
7000011122,1000011122,20250815,3069,2,3,CARD,FAILED,65340.00,
7000011123,1000011123,20250815,3279,2,1,CARD,PAID,14520.00,2025-08-15 11:32:38
7000011124,1000011124,20250815,194,2,1,CASH,PAID,18150.00,2025-08-15 12:22:33
7000011125,1000011125,20250815,925,2,2,CASH,PAID,36300.00,2025-08-15 12:39:01
7000011126,1000011126,20250815,2167,2,4,CARD,PAID,50820.00,2025-08-15 13:27:20
7000011127,1000011127,20250815,907,2,3,CARD,PAID,29040.00,2025-08-15 13:46:59
7000011133,1000011133,20250815,3281,2,4,CARD,PAID,18150.00,2025-08-15 15:59:29
7000011137,1000011137,20250815,2215,2,1,CASH,PAID,14520.00,2025-08-15 16:47:10
7000011138,1000011138,20250815,2038,2,4,TRANSFER,PAID,14520.00,2025-08-15 18:41:06
7000011142,1000011142,20250816,2551,2,4,CARD,PAID,16320.00,2025-08-16 11:33:36
7000011144,1000011144,20250816,1268,2,3,CARD,PAID,50820.00,2025-08-16 13:15:47
7000011145,1000011145,20250816,2959,2,3,CASH,PAID,54450.00,2025-08-16 13:25:45
7000011146,1000011146,20250816,3283,2,1,CASH,PAID,14520.00,2025-08-16 13:46:15
7000011147,1000011147,20250816,3284,2,3,CARD,PAID,32670.00,2025-08-16 14:28:15
7000011148,1000011148,20250816,87,2,1,CARD,PAID,54450.00,2025-08-16 15:00:43
7000011149,1000011149,20250816,1635,2,2,CASH,PAID,14520.00,2025-08-16 15:02:45
7000011150,1000011150,20250816,3285,2,4,CARD,PAID,50820.00,2025-08-16 16:01:31
7000011151,1000011151,20250816,492,2,4,TRANSFER,PAID,68970.00,2025-08-16 16:10:54
7000011152,1000011152,20250816,2513,2,4,CARD,PAID,14520.00,2025-08-16 17:40:33
7000011153,1000011153,20250816,2152,2,4,CARD,PAID,18150.00,2025-08-16 17:45:02
7000011154,1000011154,20250816,3286,2,1,CARD,PAID,29040.00,2025-08-16 17:47:26
7000011156,1000011156,20250816,258,2,1,CASH,PAID,54450.00,2025-08-16 18:53:03
7000011157,1000011157,20250816,508,2,2,CARD,PAID,45738.00,2025-08-16 19:12:35
7000011159,1000011159,20250816,2396,2,1,CARD,PAID,14520.00,2025-08-16 19:26:24
7000011160,1000011160,20250816,3126,2,4,CASH,PAID,18150.00,2025-08-16 19:40:19
7000011162,1000011162,20250816,3288,2,3,CASH,PAID,79860.00,2025-08-16 20:04:07
7000011164,1000011164,20250816,2160,2,1,CASH,PAID,29040.00,2025-08-16 20:56:59
7000011186,1000011186,20250818,2962,2,4,CARD,PAID,52620.00,2025-08-18 14:02:54
7000011187,1000011187,20250818,1508,2,3,CASH,PAID,50820.00,2025-08-18 14:29:53
7000011203,1000011203,20250819,1401,2,1,CARD,PAID,15720.00,2025-08-19 12:13:23
7000011206,1000011206,20250819,3301,2,3,TRANSFER,PAID,36300.00,2025-08-19 15:59:28
7000011208,1000011208,20250819,1982,2,1,CARD,PAID,14520.00,2025-08-19 17:18:10
7000011209,1000011209,20250819,1655,2,3,CASH,PAID,14520.00,2025-08-19 17:44:47
7000011212,1000011212,20250819,2447,2,1,CARD,PAID,76230.00,2025-08-19 19:29:27
7000011213,1000011213,20250819,1627,2,2,CASH,PAID,14520.00,2025-08-19 19:49:57
7000011214,1000011214,20250819,2493,2,2,TRANSFER,PAID,36300.00,2025-08-19 20:07:35
7000011217,1000011217,20250819,728,2,1,CARD,PAID,33870.00,2025-08-19 20:37:06
7000011224,1000011224,20250820,1873,2,3,CARD,PAID,14520.00,2025-08-20 13:29:18
7000011225,1000011225,20250820,3305,2,2,CASH,PAID,36300.00,2025-08-20 13:46:58
7000011229,1000011229,20250820,1940,2,2,TRANSFER,PAID,36300.00,2025-08-20 15:22:59
7000011230,1000011230,20250820,3125,2,1,CASH,PAID,47190.00,2025-08-20 15:30:17
7000011237,1000011237,20250820,2265,2,3,CARD,PAID,36300.00,2025-08-20 19:32:16
7000011238,1000011238,20250820,2363,2,2,TRANSFER,PAID,14520.00,2025-08-20 19:50:46
7000011239,1000011239,20250820,2418,2,1,CARD,PAID,32670.00,2025-08-20 20:46:18
7000011245,1000011245,20250821,1895,2,2,CASH,PAID,29040.00,2025-08-21 10:17:34
7000011248,1000011248,20250821,2298,2,4,TRANSFER,PAID,36300.00,2025-08-21 11:05:06
7000011251,1000011251,20250821,510,2,3,CARD,PAID,14520.00,2025-08-21 12:26:24
7000011252,1000011252,20250821,2722,2,2,CASH,PAID,29040.00,2025-08-21 12:27:20
7000011253,1000011253,20250821,2721,2,3,CASH,PAID,16020.00,2025-08-21 12:54:41
7000011257,1000011257,20250821,3310,2,3,CASH,PAID,14520.00,2025-08-21 14:52:18
7000011260,1000011260,20250821,338,2,1,CASH,PAID,14520.00,2025-08-21 17:37:07
7000011261,1000011261,20250821,3311,2,1,CASH,PAID,18150.00,2025-08-21 18:28:37
7000011268,1000011268,20250822,699,2,4,CASH,PAID,29040.00,2025-08-22 11:33:11
7000011269,1000011269,20250822,2918,2,4,CASH,PAID,61710.00,2025-08-22 12:14:30
7000011270,1000011270,20250822,3312,2,3,CASH,PAID,58080.00,2025-08-22 12:50:04
7000011271,1000011271,20250822,2712,2,2,CARD,PAID,36300.00,2025-08-22 12:49:38
7000011272,1000011272,20250822,538,2,4,TRANSFER,PAID,36300.00,2025-08-22 13:22:18
7000011273,1000011273,20250822,1197,2,4,CARD,PAID,14520.00,2025-08-22 15:41:52
7000011274,1000011274,20250822,2415,2,4,CARD,PAID,54450.00,2025-08-22 15:52:40
7000011275,1000011275,20250822,336,2,4,CARD,PAID,47190.00,2025-08-22 16:37:40
7000011276,1000011276,20250822,2099,2,1,CARD,PAID,18150.00,2025-08-22 17:10:04
7000011278,1000011278,20250822,112,2,1,CASH,PAID,36300.00,2025-08-22 17:28:07
7000011279,1000011279,20250822,1085,2,3,TRANSFER,PAID,50820.00,2025-08-22 17:45:19
7000011281,1000011281,20250822,3314,2,3,CASH,PAID,32670.00,2025-08-22 18:11:46
7000011282,1000011282,20250822,2026,2,3,CASH,PAID,50820.00,2025-08-22 20:00:45
7000011288,1000011288,20250823,3316,2,3,CARD,PAID,36300.00,2025-08-23 11:27:43
7000011289,1000011289,20250823,302,2,3,CARD,PAID,36300.00,2025-08-23 11:39:20
7000011291,1000011291,20250823,2774,2,1,CASH,PAID,98010.00,2025-08-23 12:42:48
7000011293,1000011293,20250823,291,2,2,CASH,PAID,18150.00,2025-08-23 13:35:20
7000011294,1000011294,20250823,1631,2,2,CARD,PAID,32670.00,2025-08-23 14:14:15
7000011295,1000011295,20250823,751,2,3,CARD,PAID,14520.00,2025-08-23 16:07:13
7000011298,1000011298,20250823,2056,2,2,CARD,PAID,32670.00,2025-08-23 20:45:41
7000011317,1000011317,20250825,749,2,1,TRANSFER,PAID,18150.00,2025-08-25 10:07:47
7000011321,1000011321,20250825,2711,2,2,CARD,PAID,14520.00,2025-08-25 13:15:27
7000011326,1000011326,20250825,1836,2,2,CASH,PAID,54450.00,2025-08-25 15:50:13
7000011329,1000011329,20250825,2700,2,2,CARD,PAID,18150.00,2025-08-25 17:26:17
7000011330,1000011330,20250825,2673,2,2,CARD,PAID,29040.00,2025-08-25 17:28:55
7000011338,1000011338,20250826,3331,2,2,CARD,PAID,29040.00,2025-08-26 10:45:31
7000011340,1000011340,20250826,2872,2,1,CARD,PAID,18150.00,2025-08-26 10:51:38
7000011341,1000011341,20250826,388,2,4,CARD,PAID,18150.00,2025-08-26 12:38:47
7000011345,1000011345,20250826,2271,2,2,CARD,PAID,18150.00,2025-08-26 16:47:20
7000011346,1000011346,20250826,1701,2,4,CARD,PAID,14520.00,2025-08-26 16:58:19
7000011357,1000011357,20250827,2868,2,2,CASH,PAID,58080.00,2025-08-27 10:46:32
7000011358,1000011358,20250827,1399,2,1,TRANSFER,PAID,14520.00,2025-08-27 11:27:19
7000011359,1000011359,20250827,2216,2,2,CASH,PAID,14520.00,2025-08-27 11:35:37
7000011362,1000011362,20250827,656,2,1,CASH,PAID,32670.00,2025-08-27 15:57:58
7000011365,1000011365,20250827,3339,2,2,CASH,PAID,14520.00,2025-08-27 17:40:31
7000011367,1000011367,20250827,829,2,3,CARD,PAID,14520.00,2025-08-27 18:03:54
7000011369,1000011369,20250827,2905,2,1,CARD,PAID,116160.00,2025-08-27 19:04:25
7000011370,1000011370,20250827,3341,2,1,CARD,PAID,29040.00,2025-08-27 19:21:32
7000011371,1000011371,20250827,2419,2,4,CASH,PAID,14520.00,2025-08-27 20:01:30
7000011372,1000011372,20250827,330,2,1,CARD,PAID,29040.00,2025-08-27 20:07:58
7000011373,1000011373,20250827,3342,2,1,CASH,PAID,58080.00,2025-08-27 20:08:37
7000011379,1000011379,20250828,2796,2,2,CARD,PAID,61710.00,2025-08-28 10:10:48
7000011380,1000011380,20250828,1484,2,1,CARD,PAID,14520.00,2025-08-28 11:32:47
7000011382,1000011382,20250828,2399,2,2,CARD,PAID,14520.00,2025-08-28 12:47:50
7000011383,1000011383,20250828,1051,2,3,CASH,PAID,14520.00,2025-08-28 15:27:53
7000011384,1000011384,20250828,3164,2,1,CARD,PAID,14520.00,2025-08-28 16:50:15
7000011386,1000011386,20250828,3345,2,2,TRANSFER,PAID,14520.00,2025-08-28 19:45:32
7000011392,1000011392,20250829,2481,2,1,TRANSFER,PAID,29040.00,2025-08-29 11:51:15
7000011396,1000011396,20250829,2852,2,1,CASH,PAID,14520.00,2025-08-29 14:02:45
7000011397,1000011397,20250829,2000,2,4,CARD,PAID,36300.00,2025-08-29 14:38:08
7000011400,1000011400,20250829,2836,2,2,TRANSFER,PAID,29040.00,2025-08-29 16:50:01
7000011401,1000011401,20250829,3224,2,3,CARD,PAID,43560.00,2025-08-29 17:10:55
7000011402,1000011402,20250829,2917,2,3,CARD,PAID,14520.00,2025-08-29 18:28:55
7000011404,1000011404,20250829,1985,2,3,CARD,PAID,47190.00,2025-08-29 19:32:19
7000011406,1000011406,20250829,1003,2,3,CARD,PAID,14520.00,2025-08-29 19:46:12
7000011411,1000011411,20250830,3351,2,4,TRANSFER,PAID,50820.00,2025-08-30 11:17:01
7000011412,1000011412,20250830,2482,2,2,CARD,FAILED,29040.00,
7000011413,1000011413,20250830,317,2,2,CARD,PAID,32670.00,2025-08-30 11:41:52
7000011414,1000011414,20250830,1291,2,2,TRANSFER,PAID,43560.00,2025-08-30 11:46:53
7000011415,1000011415,20250830,1493,2,1,CASH,PAID,14520.00,2025-08-30 11:47:10
7000011416,1000011416,20250830,3352,2,2,CASH,PAID,29040.00,2025-08-30 11:53:05
7000011417,1000011417,20250830,2412,2,4,TRANSFER,PAID,29040.00,2025-08-30 12:48:28
7000011418,1000011418,20250830,1432,2,4,CARD,PAID,68970.00,2025-08-30 13:00:29
7000011419,1000011419,20250830,2558,2,3,TRANSFER,PAID,43560.00,2025-08-30 13:41:13
7000011420,1000011420,20250830,2903,2,1,CASH,PAID,43560.00,2025-08-30 15:30:25
7000011422,1000011422,20250830,1532,2,4,TRANSFER,PAID,18150.00,2025-08-30 16:59:09
7000011424,1000011424,20250830,3353,2,3,CARD,REFUNDED,29040.00,2025-08-30 17:50:23
7000011425,1000011425,20250830,1545,2,2,TRANSFER,PAID,14520.00,2025-08-30 18:15:00
7000011428,1000011428,20250830,1634,2,2,CARD,FAILED,14520.00,
7000011429,1000011429,20250830,2817,2,2,CARD,PAID,14520.00,2025-08-30 20:09:39
7000011430,1000011430,20250830,3355,2,3,CASH,PAID,14520.00,2025-08-30 20:18:07
7000011431,1000011431,20250830,984,2,2,CARD,PAID,18150.00,2025-08-30 20:50:19
7000011447,1000011447,20250901,434,2,4,CASH,PAID,18150.00,2025-09-01 14:35:17
7000011448,1000011448,20250901,1235,2,4,CARD,PAID,43560.00,2025-09-01 14:42:48
7000011450,1000011450,20250901,2495,2,1,CASH,PAID,36300.00,2025-09-01 16:41:46
7000011451,1000011451,20250901,1025,2,3,CARD,PAID,14520.00,2025-09-01 17:25:53
7000011460,1000011460,20250902,2143,2,4,CARD,PAID,43560.00,2025-09-02 10:12:03
7000011461,1000011461,20250902,2167,2,4,CARD,PAID,43560.00,2025-09-02 11:04:59
7000011468,1000011468,20250902,1089,2,1,CARD,PAID,14520.00,2025-09-02 17:24:14
7000011469,1000011469,20250902,1155,2,2,CASH,PAID,14520.00,2025-09-02 18:56:04
7000011473,1000011473,20250902,660,2,1,CARD,PAID,36300.00,2025-09-02 20:27:04
7000011474,1000011474,20250902,1531,2,1,CASH,PAID,14520.00,2025-09-02 20:48:04
7000011481,1000011481,20250903,3006,2,3,CASH,PAID,62073.00,2025-09-03 11:45:31
7000011484,1000011484,20250903,3157,2,2,CARD,PAID,29040.00,2025-09-03 16:56:06
7000011486,1000011486,20250903,2621,2,2,CARD,PAID,29040.00,2025-09-03 17:45:46
7000011487,1000011487,20250903,2014,2,1,CARD,PAID,29040.00,2025-09-03 18:42:51
7000011489,1000011489,20250903,1146,2,4,CASH,PAID,32670.00,2025-09-03 20:42:43
7000011499,1000011499,20250904,646,2,4,CARD,PAID,58080.00,2025-09-04 12:12:18
7000011502,1000011502,20250904,3373,2,4,CARD,PAID,43560.00,2025-09-04 14:46:09
7000011505,1000011505,20250904,3248,2,3,CARD,PAID,43560.00,2025-09-04 16:19:46
7000011507,1000011507,20250904,1839,2,4,CASH,PAID,72600.00,2025-09-04 16:49:48
7000011508,1000011508,20250904,3239,2,1,CARD,PAID,32670.00,2025-09-04 16:57:57
7000011510,1000011510,20250904,3374,2,3,CASH,PAID,45738.00,2025-09-04 19:36:05
7000011511,1000011511,20250904,3375,2,1,CASH,PAID,36300.00,2025-09-04 20:11:46
7000011519,1000011519,20250905,2355,2,4,CARD,PAID,14520.00,2025-09-05 13:29:26
7000011520,1000011520,20250905,3377,2,3,CARD,PAID,47190.00,2025-09-05 13:41:38
7000011521,1000011521,20250905,2177,2,4,CASH,PAID,14520.00,2025-09-05 14:01:14
7000011522,1000011522,20250905,1489,2,2,CARD,PAID,14520.00,2025-09-05 14:16:11
7000011524,1000011524,20250905,219,2,3,CARD,PAID,18150.00,2025-09-05 15:01:33
7000011525,1000011525,20250905,3378,2,4,TRANSFER,PAID,18150.00,2025-09-05 17:15:58
7000011527,1000011527,20250905,1207,2,3,CARD,PAID,32670.00,2025-09-05 18:08:56
7000011535,1000011535,20250906,3381,2,2,CARD,PAID,14520.00,2025-09-06 10:14:21
7000011537,1000011537,20250906,194,2,1,CASH,PAID,32670.00,2025-09-06 11:54:23
7000011539,1000011539,20250906,1546,2,1,CARD,PAID,14520.00,2025-09-06 13:37:06
7000011540,1000011540,20250906,3382,2,2,CASH,PAID,72600.00,2025-09-06 13:50:19
7000011543,1000011543,20250906,193,2,2,CASH,PAID,83490.00,2025-09-06 14:37:11
7000011544,1000011544,20250906,3383,2,4,CARD,REFUNDED,18150.00,2025-09-06 14:46:53
7000011546,1000011546,20250906,2750,2,3,TRANSFER,PAID,14520.00,2025-09-06 15:20:49
7000011547,1000011547,20250906,1499,2,3,CASH,PAID,29040.00,2025-09-06 15:24:30
7000011548,1000011548,20250906,3272,2,2,CASH,PAID,18150.00,2025-09-06 17:24:48
7000011549,1000011549,20250906,1585,2,3,CARD,PAID,19650.00,2025-09-06 17:36:14
7000011551,1000011551,20250906,2250,2,2,CARD,PAID,18150.00,2025-09-06 17:50:45
7000011552,1000011552,20250906,3387,2,1,CASH,PAID,18150.00,2025-09-06 17:56:33
7000011553,1000011553,20250906,3388,2,1,TRANSFER,PAID,54450.00,2025-09-06 17:57:05
7000011555,1000011555,20250906,2486,2,2,CARD,PAID,36300.00,2025-09-06 18:26:28
7000011556,1000011556,20250906,1563,2,1,CASH,PAID,54450.00,2025-09-06 18:51:42
7000011571,1000011571,20250908,1669,2,3,CASH,PAID,14520.00,2025-09-08 12:12:59
7000011572,1000011572,20250908,3068,2,2,CASH,PAID,16020.00,2025-09-08 12:37:54
7000011575,1000011575,20250908,227,2,3,TRANSFER,PAID,14520.00,2025-09-08 15:23:27
7000011576,1000011576,20250908,2741,2,2,CARD,REFUNDED,18150.00,2025-09-08 16:23:53
7000011579,1000011579,20250908,2178,2,3,CASH,PAID,16020.00,2025-09-08 17:12:38
7000011581,1000011581,20250908,897,2,2,CARD,PAID,14520.00,2025-09-08 17:26:40
7000011586,1000011586,20250908,1192,2,3,CASH,PAID,18150.00,2025-09-08 18:06:34
7000011588,1000011588,20250908,1583,2,1,CARD,PAID,32670.00,2025-09-08 18:45:41
7000011593,1000011593,20250908,2599,2,4,CARD,PAID,18150.00,2025-09-08 20:09:18
7000011595,1000011595,20250908,2671,2,2,CASH,PAID,16335.00,2025-09-08 20:37:34
7000011596,1000011596,20250908,2744,2,1,TRANSFER,PAID,72600.00,2025-09-08 20:49:18
7000011609,1000011609,20250909,3397,2,1,CASH,PAID,36300.00,2025-09-09 12:07:17
7000011613,1000011613,20250909,3101,2,1,CARD,PAID,54450.00,2025-09-09 17:03:52
7000011614,1000011614,20250909,3306,2,4,CASH,PAID,14520.00,2025-09-09 17:14:46
7000011615,1000011615,20250909,3399,2,3,TRANSFER,PAID,47190.00,2025-09-09 20:25:50
7000011627,1000011627,20250910,3403,2,2,CASH,PAID,18150.00,2025-09-10 13:38:54
7000011628,1000011628,20250910,1731,2,1,TRANSFER,PAID,32670.00,2025-09-10 13:56:48
7000011630,1000011630,20250910,2422,2,4,CASH,PAID,54450.00,2025-09-10 14:36:14
7000011631,1000011631,20250910,2191,2,4,CARD,PAID,18150.00,2025-09-10 14:47:39
7000011633,1000011633,20250910,2399,2,2,CARD,PAID,61710.00,2025-09-10 18:12:49
7000011635,1000011635,20250910,1530,2,2,TRANSFER,PAID,14520.00,2025-09-10 18:41:47
7000011643,1000011643,20250911,1196,2,1,TRANSFER,PAID,101640.00,2025-09-11 13:48:39
7000011646,1000011646,20250911,2056,2,2,CARD,PAID,18150.00,2025-09-11 15:56:02
7000011650,1000011650,20250911,628,2,3,CARD,PAID,54450.00,2025-09-11 16:59:24
7000011654,1000011654,20250911,427,2,3,CASH,PAID,43560.00,2025-09-11 20:59:10
7000011659,1000011659,20250912,536,2,3,CARD,PAID,29040.00,2025-09-12 10:45:48
7000011660,1000011660,20250912,2592,2,1,CARD,PAID,18150.00,2025-09-12 12:55:37
7000011663,1000011663,20250912,1970,2,3,CARD,PAID,13068.00,2025-09-12 17:05:21
7000011668,1000011668,20250912,302,2,3,CASH,PAID,18150.00,2025-09-12 20:15:06
7000011669,1000011669,20250912,2979,2,4,CASH,PAID,32670.00,2025-09-12 20:31:45
7000011673,1000011673,20250913,3033,2,4,CASH,PAID,65340.00,2025-09-13 10:45:33
7000011674,1000011674,20250913,1376,2,3,CASH,PAID,54450.00,2025-09-13 10:52:30
7000011676,1000011676,20250913,3412,2,2,TRANSFER,PAID,36300.00,2025-09-13 12:52:15
7000011677,1000011677,20250913,2625,2,2,CARD,PAID,36300.00,2025-09-13 13:09:38
7000011678,1000011678,20250913,2712,2,2,CARD,PAID,68970.00,2025-09-13 13:23:46
7000011679,1000011679,20250913,2538,2,4,CASH,PAID,18150.00,2025-09-13 13:42:35
7000011681,1000011681,20250913,1318,2,2,CARD,PAID,29040.00,2025-09-13 15:23:56
7000011682,1000011682,20250913,714,2,4,CASH,PAID,36300.00,2025-09-13 15:56:56
7000011684,1000011684,20250913,3173,2,1,TRANSFER,PAID,47190.00,2025-09-13 17:55:17
7000011685,1000011685,20250913,1151,2,1,CARD,PAID,14520.00,2025-09-13 18:31:45
7000011686,1000011686,20250913,1939,2,1,CASH,PAID,54450.00,2025-09-13 19:12:11
7000011687,1000011687,20250913,1982,2,1,CARD,PAID,18150.00,2025-09-13 19:31:12
7000011708,1000011708,20250915,3204,2,4,CARD,PAID,18150.00,2025-09-15 16:21:00
7000011710,1000011710,20250915,1272,2,2,CARD,REFUNDED,36300.00,2025-09-15 19:14:40
7000011715,1000011715,20250916,1877,2,2,CASH,PAID,29040.00,2025-09-16 12:45:01
7000011718,1000011718,20250916,3418,2,2,CASH,PAID,13068.00,2025-09-16 13:13:10
7000011719,1000011719,20250916,1044,2,3,CARD,PAID,13068.00,2025-09-16 14:11:41
7000011720,1000011720,20250916,1645,2,2,CARD,PAID,54450.00,2025-09-16 15:06:51
7000011722,1000011722,20250916,2513,2,4,CARD,PAID,29040.00,2025-09-16 17:18:01
7000011724,1000011724,20250916,3194,2,3,CARD,PAID,54450.00,2025-09-16 17:56:57
7000011725,1000011725,20250916,1627,2,2,TRANSFER,PAID,50820.00,2025-09-16 18:42:40
7000011726,1000011726,20250916,2152,2,4,CASH,PAID,14520.00,2025-09-16 19:01:50
7000011733,1000011733,20250917,2807,2,3,CARD,PAID,36300.00,2025-09-17 12:40:37
7000011735,1000011735,20250917,1003,2,3,CARD,PAID,32670.00,2025-09-17 13:11:00
7000011737,1000011737,20250917,1466,2,2,CASH,PAID,123420.00,2025-09-17 17:49:51
7000011740,1000011740,20250917,1085,2,3,CASH,PAID,14520.00,2025-09-17 20:57:36
7000011744,1000011744,20250918,1041,2,3,CARD,PAID,47190.00,2025-09-18 13:53:13
7000011750,1000011750,20250918,1530,2,2,CASH,PAID,13068.00,2025-09-18 17:27:18
7000011751,1000011751,20250918,3191,2,1,CARD,PAID,14520.00,2025-09-18 18:51:00
7000011764,1000011764,20250919,3427,2,4,CARD,PAID,36300.00,2025-09-19 20:18:30
7000011770,1000011770,20250920,2489,2,1,TRANSFER,PAID,18150.00,2025-09-20 11:17:54
7000011771,1000011771,20250920,2811,2,4,CARD,PAID,18150.00,2025-09-20 13:26:03
7000011772,1000011772,20250920,1808,2,2,CARD,PAID,32670.00,2025-09-20 14:06:46
7000011773,1000011773,20250920,3216,2,1,CASH,PAID,14520.00,2025-09-20 14:59:05
7000011774,1000011774,20250920,2655,2,4,CARD,PAID,29040.00,2025-09-20 15:35:18
7000011775,1000011775,20250920,1112,2,1,CASH,PAID,18150.00,2025-09-20 15:48:02
7000011777,1000011777,20250920,2854,2,1,CASH,PAID,54450.00,2025-09-20 16:28:12
7000011778,1000011778,20250920,3017,2,2,CARD,PAID,61710.00,2025-09-20 17:27:48
7000011783,1000011783,20250920,2038,2,4,CASH,PAID,36300.00,2025-09-20 19:22:03
7000011786,1000011786,20250920,1382,2,2,TRANSFER,PAID,14520.00,2025-09-20 20:59:16
7000011803,1000011803,20250922,2914,2,3,CARD,PAID,32670.00,2025-09-22 10:24:44
7000011810,1000011810,20250922,1747,2,2,CARD,PAID,36300.00,2025-09-22 13:54:55
7000011814,1000011814,20250922,3436,2,1,CASH,PAID,36300.00,2025-09-22 16:15:59
7000011817,1000011817,20250922,2064,2,2,CARD,PAID,50820.00,2025-09-22 19:20:02
7000011818,1000011818,20250922,2253,2,1,CARD,PAID,29040.00,2025-09-22 19:37:35
7000011825,1000011825,20250923,2816,2,2,CASH,PAID,32670.00,2025-09-23 12:55:25
7000011826,1000011826,20250923,402,2,3,CARD,PAID,14520.00,2025-09-23 14:35:04
7000011847,1000011847,20250924,3445,2,4,CASH,PAID,26136.00,2025-09-24 16:38:41
7000011848,1000011848,20250924,3281,2,4,TRANSFER,PAID,47190.00,2025-09-24 17:51:36
7000011851,1000011851,20250924,3116,2,3,TRANSFER,PAID,14520.00,2025-09-24 19:58:03
7000011854,1000011854,20250924,2140,2,3,CASH,PAID,14520.00,2025-09-24 20:48:56
7000011857,1000011857,20250925,441,2,2,CARD,PAID,29040.00,2025-09-25 14:01:36
7000011860,1000011860,20250925,3291,2,1,CARD,PAID,14520.00,2025-09-25 16:26:40
7000011863,1000011863,20250925,1197,2,4,CARD,PAID,18150.00,2025-09-25 17:42:44
7000011867,1000011867,20250925,741,2,2,CARD,PAID,36300.00,2025-09-25 20:35:20
7000011869,1000011869,20250925,2770,2,1,CARD,PAID,32670.00,2025-09-25 20:53:42
7000011874,1000011874,20250926,1763,2,3,CASH,PAID,14520.00,2025-09-26 10:53:41
7000011875,1000011875,20250926,3122,2,1,CARD,PAID,49005.00,2025-09-26 12:07:50
7000011877,1000011877,20250926,2099,2,1,CASH,PAID,87120.00,2025-09-26 12:30:02
7000011878,1000011878,20250926,2581,2,4,CARD,PAID,58080.00,2025-09-26 14:18:51
7000011879,1000011879,20250926,3449,2,2,CASH,PAID,32670.00,2025-09-26 14:45:31
7000011880,1000011880,20250926,2272,2,2,TRANSFER,PAID,78408.00,2025-09-26 15:23:31
7000011882,1000011882,20250926,3451,2,4,CASH,PAID,29040.00,2025-09-26 16:55:04
7000011883,1000011883,20250926,2541,2,4,CARD,PAID,18150.00,2025-09-26 18:18:22
7000011884,1000011884,20250926,185,2,1,CASH,PAID,29040.00,2025-09-26 18:29:00
7000011886,1000011886,20250926,246,2,2,CASH,PAID,29040.00,2025-09-26 20:46:25
7000011897,1000011897,20250927,160,2,1,CASH,PAID,13068.00,2025-09-27 11:00:00
7000011898,1000011898,20250927,2852,2,1,CARD,PAID,16335.00,2025-09-27 11:26:25
7000011899,1000011899,20250927,1609,2,1,CARD,PAID,14520.00,2025-09-27 11:38:45
7000011901,1000011901,20250927,1819,2,4,CARD,PAID,29040.00,2025-09-27 13:20:17
7000011903,1000011903,20250927,3034,2,2,CASH,PAID,36300.00,2025-09-27 13:52:04
7000011905,1000011905,20250927,2373,2,3,CASH,PAID,47190.00,2025-09-27 15:30:12
7000011907,1000011907,20250927,2499,2,1,TRANSFER,PAID,29040.00,2025-09-27 16:53:10
7000011908,1000011908,20250927,2556,2,1,CASH,PAID,36300.00,2025-09-27 17:06:27
7000011909,1000011909,20250927,3458,2,2,CASH,PAID,18150.00,2025-09-27 17:09:29
7000011910,1000011910,20250927,1651,2,4,CASH,PAID,13068.00,2025-09-27 17:47:06
7000011911,1000011911,20250927,2744,2,1,CASH,PAID,13068.00,2025-09-27 18:11:15
7000011912,1000011912,20250927,3459,2,2,CARD,PAID,29040.00,2025-09-27 18:12:10
7000011914,1000011914,20250927,1156,2,2,CARD,PAID,18150.00,2025-09-27 20:23:05
7000011932,1000011932,20250929,3463,2,3,CARD,PAID,18150.00,2025-09-29 10:09:41
7000011935,1000011935,20250929,2088,2,2,CARD,PAID,50820.00,2025-09-29 13:06:24
7000011936,1000011936,20250929,3068,2,2,CASH,PAID,36300.00,2025-09-29 13:40:13
7000011938,1000011938,20250929,3464,2,4,CASH,PAID,36300.00,2025-09-29 14:05:00
7000011940,1000011940,20250929,3132,2,1,CASH,PAID,36300.00,2025-09-29 14:16:53
7000011943,1000011943,20250929,1472,2,4,CARD,FAILED,65340.00,
7000011946,1000011946,20250929,2243,2,4,CARD,PAID,43560.00,2025-09-29 19:52:00
7000011953,1000011953,20250930,2142,2,1,CARD,PAID,18150.00,2025-09-30 14:17:41
7000011954,1000011954,20250930,2543,2,2,CASH,PAID,18150.00,2025-09-30 14:18:48
7000011955,1000011955,20250930,1130,2,1,CARD,PAID,15720.00,2025-09-30 14:28:55
7000011956,1000011956,20250930,2181,2,1,CARD,PAID,58080.00,2025-09-30 16:48:13
7000011957,1000011957,20250930,1328,2,2,CARD,PAID,14520.00,2025-09-30 17:19:16
7000011962,1000011962,20250930,1927,2,1,TRANSFER,PAID,14520.00,2025-09-30 19:00:49
7000011964,1000011964,20250930,2478,2,2,TRANSFER,PAID,18150.00,2025-09-30 20:00:40
7000010242,1000010242,20250624,349,1,,CARD,PAID,55539.00,2025-06-24 14:38:03
7000010243,1000010243,20250624,1351,1,,CARD,PAID,16020.00,2025-06-24 14:59:26
7000010247,1000010247,20250624,1118,1,,CARD,PAID,54450.00,2025-06-24 16:52:47
7000010248,1000010248,20250624,1017,1,,CARD,PAID,19650.00,2025-06-24 17:52:45
7000010250,1000010250,20250624,3080,1,,GATEWAY,PAID,72600.00,2025-06-24 19:12:37
7000010252,1000010252,20250624,1360,1,,CARD,PAID,265353.00,2025-06-24 21:20:59
7000010253,1000010253,20250624,526,1,,CARD,PAID,54072.00,2025-06-24 21:24:51
7000010254,1000010254,20250624,2827,1,,GATEWAY,REFUNDED,33870.00,2025-06-26 21:27:34
7000010255,1000010255,20250625,2087,1,,GATEWAY,PAID,19350.00,2025-06-25 00:43:44
7000010256,1000010256,20250625,2280,1,,GATEWAY,PAID,38100.00,2025-06-25 09:18:56
7000010257,1000010257,20250625,3015,1,,GATEWAY,PAID,52020.00,2025-06-25 17:56:26
7000010258,1000010258,20250625,2415,1,,GATEWAY,PAID,34470.00,2025-06-25 10:43:03
7000010260,1000010260,20250625,2977,1,,GATEWAY,PAID,34170.00,2025-06-25 12:04:11
7000010261,1000010261,20250625,2425,1,,CARD,PAID,72600.00,2025-06-25 12:03:20
7000010263,1000010263,20250625,2922,1,,CARD,PAID,48690.00,2025-06-25 12:48:30
7000010264,1000010264,20250625,3084,1,,GATEWAY,PAID,94380.00,2025-06-25 12:53:04
7000010266,1000010266,20250625,1451,1,,GATEWAY,FAILED,48390.00,
7000010267,1000010267,20250625,2660,1,,GATEWAY,PAID,15720.00,2025-06-26 10:36:46
7000010270,1000010270,20250625,1646,1,,CARD,PAID,19650.00,2025-06-25 15:32:46
7000010274,1000010274,20250625,3085,1,,CARD,PAID,15720.00,2025-06-25 20:13:12
7000010275,1000010275,20250625,2885,1,,CARD,PAID,61710.00,2025-06-25 20:16:37
7000010277,1000010277,20250625,1767,1,,GATEWAY,PAID,19350.00,2025-06-28 18:54:06
7000010278,1000010278,20250625,2631,1,,CARD,PAID,19650.00,2025-06-25 20:46:55
7000010279,1000010279,20250625,3086,1,,CARD,PAID,54450.00,2025-06-25 22:12:36
7000010280,1000010280,20250626,2611,1,,GATEWAY,FAILED,45360.00,
7000010282,1000010282,20250626,3087,1,,CARD,PAID,37500.00,2025-06-26 12:31:28
7000010284,1000010284,20250626,2563,1,,CARD,PAID,30840.00,2025-06-26 14:25:38
7000010285,1000010285,20250626,3088,1,,GATEWAY,PAID,19350.00,2025-06-26 15:14:13
7000010286,1000010286,20250626,2214,1,,GATEWAY,PAID,52620.00,2025-06-26 15:34:22
7000010287,1000010287,20250626,3089,1,,GATEWAY,PAID,30540.00,2025-06-26 15:53:40
7000010288,1000010288,20250626,2825,1,,CARD,FAILED,37500.00,
7000010293,1000010293,20250626,2710,1,,CARD,PAID,19350.00,2025-06-26 19:02:15
7000010294,1000010294,20250626,2996,1,,CARD,PAID,38100.00,2025-06-26 20:01:09
7000010295,1000010295,20250626,2236,1,,CARD,PAID,54450.00,2025-06-26 20:06:28
7000010296,1000010296,20250626,2628,1,,CARD,PAID,37800.00,2025-06-26 20:29:05
7000010297,1000010297,20250627,871,1,,CARD,PAID,38100.00,2025-06-27 10:51:45
7000010299,1000010299,20250627,2289,1,,GATEWAY,PAID,16020.00,2025-06-27 12:56:16
7000010302,1000010302,20250627,3091,1,,GATEWAY,PAID,30540.00,2025-06-27 15:17:32
7000010307,1000010307,20250627,2510,1,,CARD,PAID,87120.00,2025-06-27 18:05:52
7000010310,1000010310,20250627,1833,1,,CARD,PAID,76230.00,2025-06-27 21:26:31
7000010311,1000010311,20250627,1765,1,,GATEWAY,PAID,19350.00,2025-06-27 21:49:37
7000010312,1000010312,20250627,3093,1,,CARD,PAID,116160.00,2025-06-27 22:32:43
7000010317,1000010317,20250628,2833,1,,GATEWAY,PAID,391858.50,2025-06-28 13:07:52
7000010318,1000010318,20250628,3094,1,,GATEWAY,PAID,19650.00,2025-06-29 06:55:46
7000010323,1000010323,20250628,1885,1,,CARD,PAID,19950.00,2025-06-28 19:29:07
7000010324,1000010324,20250628,1102,1,,CARD,PAID,48390.00,2025-06-28 20:27:22
7000010326,1000010326,20250628,1970,1,,CARD,PAID,52320.00,2025-06-28 22:43:22
7000010327,1000010327,20250628,1369,1,,GATEWAY,FAILED,94380.00,
7000010328,1000010328,20250629,1516,1,,GATEWAY,PAID,37800.00,2025-06-29 01:40:02
7000010329,1000010329,20250629,3097,1,,GATEWAY,PAID,54450.00,2025-06-29 08:47:25
7000010330,1000010330,20250629,3098,1,,GATEWAY,PAID,19650.00,2025-06-29 11:30:58
7000010331,1000010331,20250629,427,1,,CARD,PAID,16020.00,2025-06-29 13:40:03
7000010332,1000010332,20250629,2345,1,,CARD,PAID,16320.00,2025-06-29 17:58:15
7000010333,1000010333,20250630,2678,1,,CARD,PAID,55176.00,2025-06-30 01:58:11
7000010334,1000010334,20250630,2910,1,,CARD,PAID,19950.00,2025-06-30 09:03:59
7000010335,1000010335,20250630,165,1,,CARD,PAID,30540.00,2025-06-30 09:28:31
7000010336,1000010336,20250630,3099,1,,CARD,PAID,38100.00,2025-06-30 10:06:53
7000010337,1000010337,20250630,3100,1,,GATEWAY,PAID,68970.00,2025-06-30 10:40:04
7000010338,1000010338,20250630,2808,1,,CARD,PAID,30240.00,2025-06-30 12:12:46
7000010342,1000010342,20250630,2958,1,,CARD,PAID,37800.00,2025-06-30 15:22:41
7000010344,1000010344,20250630,1984,1,,CARD,PAID,15720.00,2025-06-30 17:29:13
7000010348,1000010348,20250630,2842,1,,GATEWAY,PAID,19650.00,2025-06-30 18:19:43
7000010350,1000010350,20250630,26,1,,CARD,PAID,37500.00,2025-06-30 18:59:13
7000010355,1000010355,20250630,2142,1,,CARD,PAID,33870.00,2025-06-30 21:13:37
7000010356,1000010356,20250630,1002,1,,CARD,PAID,30540.00,2025-06-30 21:54:07
7000010357,1000010357,20250630,2880,1,,CARD,PAID,68970.00,2025-06-30 22:07:21
7000010358,1000010358,20250630,3104,1,,CARD,PAID,45060.00,2025-06-30 22:45:23
7000010359,1000010359,20250701,543,1,,CARD,PAID,29088.00,2025-07-01 02:52:58
7000010360,1000010360,20250701,46,1,,CARD,PAID,16020.00,2025-07-01 03:46:00
7000010363,1000010363,20250701,2365,1,,CARD,PAID,19950.00,2025-07-01 12:45:08
7000010364,1000010364,20250701,3106,1,,GATEWAY,PAID,16020.00,2025-07-01 13:49:45
7000010366,1000010366,20250701,2420,1,,CARD,PAID,48690.00,2025-07-01 16:52:45
7000010369,1000010369,20250701,3108,1,,GATEWAY,PAID,16020.00,2025-07-01 19:37:26
7000010370,1000010370,20250701,3109,1,,CARD,PAID,19350.00,2025-07-01 20:40:27
7000010371,1000010371,20250702,2571,1,,GATEWAY,PAID,58080.00,2025-07-02 07:34:31
7000010372,1000010372,20250702,3110,1,,CARD,PAID,19350.00,2025-07-02 11:30:01
7000010373,1000010373,20250702,279,1,,GATEWAY,REFUNDED,101640.00,2025-07-02 13:09:44
7000010374,1000010374,20250702,2371,1,,GATEWAY,PAID,15720.00,2025-07-02 14:11:25
7000010375,1000010375,20250702,3111,1,,GATEWAY,PAID,34170.00,2025-07-02 15:06:45
7000010376,1000010376,20250702,3112,1,,GATEWAY,PAID,16020.00,2025-07-02 18:44:52
7000010377,1000010377,20250702,1847,1,,GATEWAY,PAID,15720.00,2025-07-02 21:44:24
7000010378,1000010378,20250702,1057,1,,GATEWAY,PAID,16320.00,2025-07-03 19:30:34
7000010379,1000010379,20250702,740,1,,GATEWAY,PAID,54450.00,2025-07-02 22:13:26
7000010380,1000010380,20250703,1120,1,,CARD,PAID,15720.00,2025-07-03 02:30:30
7000010381,1000010381,20250703,2221,1,,CARD,PAID,19650.00,2025-07-03 07:18:22
7000010383,1000010383,20250703,2161,1,,GATEWAY,PAID,48690.00,2025-07-03 13:05:40
7000010386,1000010386,20250703,1849,1,,GATEWAY,PAID,19350.00,2025-07-04 07:57:36
7000010387,1000010387,20250703,1259,1,,CARD,PAID,34170.00,2025-07-03 14:24:18
7000010390,1000010390,20250703,2943,1,,CARD,PAID,45360.00,2025-07-03 16:51:37
7000010392,1000010392,20250703,2592,1,,GATEWAY,PAID,15720.00,2025-07-03 19:27:52
7000010396,1000010396,20250703,728,1,,GATEWAY,PAID,61710.00,2025-07-03 22:50:08
7000010397,1000010397,20250703,2814,1,,GATEWAY,PAID,61710.00,2025-07-03 23:10:01
7000010398,1000010398,20250703,3114,1,,GATEWAY,PAID,33870.00,2025-07-03 23:48:21
7000010399,1000010399,20250704,3115,1,,CARD,PAID,58080.00,2025-07-04 05:09:10
7000010400,1000010400,20250704,785,1,,GATEWAY,PAID,48390.00,2025-07-04 07:30:53
7000010406,1000010406,20250704,3118,1,,GATEWAY,PAID,16320.00,2025-07-04 16:11:28
7000010407,1000010407,20250704,2866,1,,CARD,PAID,16020.00,2025-07-04 17:19:08
7000010408,1000010408,20250704,2350,1,,CARD,PAID,58080.00,2025-07-04 17:53:55
7000010409,1000010409,20250704,1238,1,,GATEWAY,PAID,54450.00,2025-07-04 20:11:20
7000010410,1000010410,20250704,1707,1,,GATEWAY,PAID,68970.00,2025-07-04 20:19:54
7000010411,1000010411,20250704,1345,1,,CARD,PAID,61710.00,2025-07-04 20:24:17
7000010412,1000010412,20250704,2415,1,,GATEWAY,PAID,30840.00,2025-07-04 20:26:28
7000010413,1000010413,20250704,1534,1,,GATEWAY,PAID,30540.00,2025-07-04 21:07:46
7000010414,1000010414,20250704,2301,1,,GATEWAY,PAID,15294.00,2025-07-04 21:39:22
7000010415,1000010415,20250704,2089,1,,GATEWAY,PAID,200557.50,2025-07-04 22:02:36
7000010416,1000010416,20250704,1814,1,,CARD,PAID,16320.00,2025-07-04 22:08:29
7000010417,1000010417,20250705,1394,1,,GATEWAY,PAID,37500.00,2025-07-05 19:11:01
7000010419,1000010419,20250705,3120,1,,CARD,PAID,19650.00,2025-07-05 11:06:03
7000010422,1000010422,20250705,361,1,,GATEWAY,PAID,30240.00,2025-07-05 12:59:45
7000010428,1000010428,20250705,3121,1,,GATEWAY,PAID,30240.00,2025-07-05 14:56:32
7000010433,1000010433,20250705,2012,1,,CARD,PAID,44760.00,2025-07-05 17:10:06
7000010436,1000010436,20250705,2792,1,,CARD,PAID,45360.00,2025-07-05 21:50:13
7000010437,1000010437,20250706,1768,1,,CARD,PAID,16020.00,2025-07-06 10:05:11
7000010438,1000010438,20250706,1871,1,,CARD,PAID,58080.00,2025-07-06 13:22:00
7000010439,1000010439,20250706,2872,1,,CARD,PAID,30240.00,2025-07-06 13:26:19
7000010440,1000010440,20250706,3123,1,,CARD,PAID,44760.00,2025-07-06 18:51:45
7000010441,1000010441,20250706,2421,1,,GATEWAY,REFUNDED,19950.00,2025-07-07 00:37:08
7000010442,1000010442,20250706,2399,1,,GATEWAY,FAILED,45060.00,
7000010443,1000010443,20250706,1043,1,,CARD,PAID,30240.00,2025-07-06 20:23:10
7000010444,1000010444,20250706,308,1,,CARD,PAID,16020.00,2025-07-06 20:44:21
7000010445,1000010445,20250706,2060,1,,CARD,PAID,19350.00,2025-07-06 22:29:15
7000010446,1000010446,20250707,2720,1,,GATEWAY,PAID,15720.00,2025-07-07 05:33:01
7000010447,1000010447,20250707,3124,1,,GATEWAY,PAID,16320.00,2025-07-07 08:17:25
7000010448,1000010448,20250707,2014,1,,GATEWAY,PAID,15720.00,2025-07-07 08:47:31
7000010449,1000010449,20250707,1993,1,,GATEWAY,PAID,48690.00,2025-07-07 09:22:09
7000010450,1000010450,20250707,2935,1,,GATEWAY,PAID,15720.00,2025-07-07 11:17:15
7000010451,1000010451,20250707,3125,1,,CARD,PAID,30240.00,2025-07-07 11:45:36
7000010453,1000010453,20250707,20,1,,GATEWAY,PAID,15720.00,2025-07-07 13:56:09
7000010454,1000010454,20250707,1580,1,,GATEWAY,PAID,15720.00,2025-07-07 14:51:01
7000010456,1000010456,20250707,2098,1,,CARD,PAID,16020.00,2025-07-07 16:08:53
7000010457,1000010457,20250707,3055,1,,GATEWAY,FAILED,30540.00,
7000010458,1000010458,20250707,1350,1,,GATEWAY,PAID,16020.00,2025-07-07 17:09:43
7000010461,1000010461,20250707,1012,1,,GATEWAY,PAID,19650.00,2025-07-07 19:05:02
7000010462,1000010462,20250707,898,1,,CARD,PAID,19350.00,2025-07-07 19:03:32
7000010463,1000010463,20250707,3127,1,,CARD,PAID,19650.00,2025-07-07 19:19:41
7000010464,1000010464,20250707,1275,1,,CARD,PAID,34470.00,2025-07-07 19:29:27
7000010466,1000010466,20250707,2023,1,,GATEWAY,PAID,19650.00,2025-07-07 20:51:15
7000010467,1000010467,20250707,3129,1,,GATEWAY,PAID,30840.00,2025-07-07 21:53:24
7000010468,1000010468,20250707,2018,1,,GATEWAY,PAID,16020.00,2025-07-07 22:23:46
7000010469,1000010469,20250707,2638,1,,CARD,PAID,76230.00,2025-07-07 22:50:25
7000010470,1000010470,20250708,2314,1,,GATEWAY,PAID,19650.00,2025-07-08 06:15:31
7000010471,1000010471,20250708,2127,1,,GATEWAY,PAID,16020.00,2025-07-09 03:08:17
7000010472,1000010472,20250708,3130,1,,CARD,PAID,19650.00,2025-07-08 06:31:26
7000010476,1000010476,20250708,1916,1,,CARD,PAID,15720.00,2025-07-08 18:01:24
7000010478,1000010478,20250708,3133,1,,CARD,PAID,76230.00,2025-07-08 18:48:29
7000010479,1000010479,20250708,3134,1,,GATEWAY,PAID,30240.00,2025-07-08 19:55:46
7000010480,1000010480,20250708,335,1,,GATEWAY,PAID,16320.00,2025-07-08 20:49:42
7000010481,1000010481,20250708,1071,1,,CARD,PAID,58080.00,2025-07-08 21:53:54
7000010482,1000010482,20250708,404,1,,CARD,PAID,19350.00,2025-07-08 22:02:11
7000010483,1000010483,20250709,2059,1,,CARD,PAID,30540.00,2025-07-09 08:23:33
7000010485,1000010485,20250709,3137,1,,CARD,PAID,72600.00,2025-07-09 13:40:26
7000010487,1000010487,20250709,1837,1,,CARD,PAID,68970.00,2025-07-09 15:53:48
7000010488,1000010488,20250709,969,1,,GATEWAY,PAID,30540.00,2025-07-09 17:13:37
7000010490,1000010490,20250709,3138,1,,GATEWAY,PAID,19350.00,2025-07-09 20:05:37
7000010491,1000010491,20250709,2516,1,,CARD,PAID,54450.00,2025-07-09 20:46:44
7000010493,1000010493,20250709,2116,1,,GATEWAY,PAID,15720.00,2025-07-09 21:13:15
7000010494,1000010494,20250710,2183,1,,GATEWAY,FAILED,61710.00,
7000010495,1000010495,20250710,3139,1,,CARD,PAID,15720.00,2025-07-10 10:14:02
7000010496,1000010496,20250710,3140,1,,GATEWAY,PAID,30540.00,2025-07-10 11:17:19
7000010497,1000010497,20250710,3142,1,,GATEWAY,PAID,15720.00,2025-07-10 13:44:54
7000010499,1000010499,20250710,2786,1,,CARD,PAID,30240.00,2025-07-10 15:07:35
7000010500,1000010500,20250710,2396,1,,GATEWAY,PAID,15720.00,2025-07-10 15:12:26
7000010502,1000010502,20250710,306,1,,CARD,PAID,61710.00,2025-07-10 15:15:11
7000010503,1000010503,20250710,1411,1,,CARD,PAID,83490.00,2025-07-10 15:34:03
7000010509,1000010509,20250710,1907,1,,CARD,PAID,34470.00,2025-07-10 21:46:58
7000010510,1000010510,20250710,421,1,,CARD,PAID,19350.00,2025-07-10 22:56:00
7000010511,1000010511,20250710,2636,1,,GATEWAY,PAID,19350.00,2025-07-10 23:22:08
7000010512,1000010512,20250710,3035,1,,CARD,PAID,33870.00,2025-07-10 23:24:35
7000010514,1000010514,20250711,3143,1,,CARD,PAID,15720.00,2025-07-11 10:16:44
7000010516,1000010516,20250711,2862,1,,CARD,PAID,33870.00,2025-07-11 13:54:52
7000010518,1000010518,20250711,3144,1,,GATEWAY,PAID,58080.00,2025-07-13 03:14:32
7000010519,1000010519,20250711,2670,1,,CARD,PAID,19650.00,2025-07-11 16:50:36
7000010523,1000010523,20250711,3145,1,,CARD,PAID,30540.00,2025-07-11 18:16:49
7000010524,1000010524,20250711,3146,1,,CARD,PAID,30240.00,2025-07-11 18:51:02
7000010525,1000010525,20250711,2752,1,,CARD,PAID,30240.00,2025-07-11 18:56:43
7000010526,1000010526,20250711,1370,1,,GATEWAY,PAID,30540.00,2025-07-11 19:18:59
7000010528,1000010528,20250711,1876,1,,CARD,PAID,46030.50,2025-07-11 20:38:57
7000010529,1000010529,20250712,1360,1,,GATEWAY,PAID,15720.00,2025-07-12 00:51:52
7000010530,1000010530,20250712,2489,1,,CARD,PAID,30240.00,2025-07-12 06:25:30
7000010531,1000010531,20250712,2583,1,,CARD,PAID,30240.00,2025-07-12 07:49:43
7000010532,1000010532,20250712,2300,1,,CARD,PAID,33870.00,2025-07-12 11:24:40
7000010539,1000010539,20250712,1135,1,,GATEWAY,PAID,19350.00,2025-07-12 17:58:07
7000010541,1000010541,20250712,905,1,,GATEWAY,PAID,54450.00,2025-07-12 19:26:59
7000010542,1000010542,20250712,344,1,,CARD,PAID,30540.00,2025-07-12 18:52:19
7000010545,1000010545,20250712,3148,1,,CARD,PAID,16020.00,2025-07-12 21:47:06
7000010546,1000010546,20250712,3149,1,,GATEWAY,PAID,68970.00,2025-07-12 22:33:54
7000010547,1000010547,20250713,3150,1,,GATEWAY,FAILED,29088.00,
7000010548,1000010548,20250713,3151,1,,CARD,PAID,61710.00,2025-07-13 10:14:50
7000010549,1000010549,20250713,3152,1,,GATEWAY,PAID,45060.00,2025-07-13 12:06:25
7000010550,1000010550,20250713,3153,1,,CARD,PAID,61710.00,2025-07-13 13:11:27
7000010551,1000010551,20250713,1570,1,,CARD,FAILED,68970.00,
7000010552,1000010552,20250713,2352,1,,CARD,PAID,16320.00,2025-07-13 14:50:02
7000010553,1000010553,20250713,3154,1,,GATEWAY,PAID,34170.00,2025-07-13 15:07:20
7000010554,1000010554,20250713,1972,1,,GATEWAY,PAID,52620.00,2025-07-13 17:00:22
7000010555,1000010555,20250713,2747,1,,GATEWAY,PAID,185130.00,2025-07-13 18:47:18
7000010556,1000010556,20250713,2051,1,,GATEWAY,PAID,37500.00,2025-07-13 21:47:21
7000010557,1000010557,20250714,3155,1,,GATEWAY,PAID,16020.00,2025-07-14 07:57:37
7000010560,1000010560,20250714,268,1,,GATEWAY,PAID,16320.00,2025-07-14 12:21:38
7000010565,1000010565,20250714,2160,1,,CARD,PAID,58080.00,2025-07-14 15:47:31
7000010568,1000010568,20250714,2686,1,,CARD,PAID,83490.00,2025-07-14 18:57:50
7000010571,1000010571,20250714,1474,1,,GATEWAY,PAID,15720.00,2025-07-15 10:04:53
7000010572,1000010572,20250714,1748,1,,GATEWAY,PAID,16020.00,2025-07-14 22:03:47
7000010573,1000010573,20250714,1314,1,,CARD,PAID,30540.00,2025-07-14 23:03:13
7000010574,1000010574,20250714,2550,1,,CARD,PAID,16020.00,2025-07-15 00:00:11
7000010575,1000010575,20250715,213,1,,GATEWAY,PAID,18442.50,2025-07-15 00:54:05
7000010576,1000010576,20250715,2111,1,,GATEWAY,REFUNDED,30240.00,2025-07-15 07:22:18
7000010577,1000010577,20250715,2380,1,,CARD,PAID,15720.00,2025-07-15 08:25:02
7000010578,1000010578,20250715,3158,1,,CARD,PAID,19950.00,2025-07-15 10:22:42
7000010582,1000010582,20250715,2437,1,,CARD,PAID,16020.00,2025-07-15 12:07:05
7000010584,1000010584,20250715,1716,1,,GATEWAY,PAID,15294.00,2025-07-15 13:46:31
7000010587,1000010587,20250715,3160,1,,GATEWAY,FAILED,52320.00,
7000010588,1000010588,20250715,2690,1,,CARD,PAID,45060.00,2025-07-15 18:17:02
7000010589,1000010589,20250715,1683,1,,CARD,PAID,14994.00,2025-07-15 18:49:41
7000010590,1000010590,20250715,2928,1,,CARD,PAID,15720.00,2025-07-15 19:18:51
7000010591,1000010591,20250715,2193,1,,CARD,PAID,48390.00,2025-07-15 20:29:46
7000010592,1000010592,20250715,1016,1,,CARD,PAID,19650.00,2025-07-15 21:18:18
7000010593,1000010593,20250715,1118,1,,GATEWAY,PAID,19350.00,2025-07-15 21:23:41
7000010594,1000010594,20250716,2156,1,,GATEWAY,PAID,30540.00,2025-07-16 00:54:02
7000010595,1000010595,20250716,2086,1,,CARD,PAID,19650.00,2025-07-16 07:06:05
7000010598,1000010598,20250716,296,1,,CARD,PAID,16020.00,2025-07-16 18:10:13
7000010599,1000010599,20250716,2751,1,,GATEWAY,FAILED,37800.00,
7000010600,1000010600,20250716,2549,1,,CARD,PAID,33870.00,2025-07-16 18:37:34
7000010601,1000010601,20250716,2930,1,,GATEWAY,PAID,16020.00,2025-07-16 22:11:10
7000010603,1000010603,20250716,2492,1,,CARD,PAID,30240.00,2025-07-16 21:45:29
7000010604,1000010604,20250717,1780,1,,GATEWAY,PAID,15720.00,2025-07-17 08:48:18
7000010606,1000010606,20250717,1598,1,,CARD,PAID,19950.00,2025-07-17 10:52:42
7000010607,1000010607,20250717,2316,1,,CARD,PAID,16320.00,2025-07-17 10:59:44
7000010611,1000010611,20250717,1371,1,,CARD,PAID,30540.00,2025-07-17 12:56:54
7000010613,1000010613,20250717,1538,1,,GATEWAY,PAID,34170.00,2025-07-17 13:05:08
7000010614,1000010614,20250717,2900,1,,GATEWAY,REFUNDED,37800.00,2025-07-17 13:30:57
7000010615,1000010615,20250717,74,1,,CARD,FAILED,16320.00,
7000010616,1000010616,20250717,2328,1,,CARD,PAID,15720.00,2025-07-17 15:20:20
7000010617,1000010617,20250717,2138,1,,CARD,PAID,58080.00,2025-07-17 15:40:14
7000010618,1000010618,20250717,152,1,,CARD,PAID,19650.00,2025-07-17 15:41:47
7000010621,1000010621,20250717,1588,1,,GATEWAY,PAID,44760.00,2025-07-17 23:37:09
7000010623,1000010623,20250717,1919,1,,GATEWAY,PAID,52020.00,2025-07-17 21:15:20
7000010624,1000010624,20250717,3166,1,,CARD,PAID,30840.00,2025-07-17 23:02:16
7000010625,1000010625,20250717,1254,1,,CARD,PAID,16020.00,2025-07-17 23:40:04
7000010626,1000010626,20250718,2675,1,,CARD,PAID,19650.00,2025-07-18 01:55:39
7000010627,1000010627,20250718,2909,1,,GATEWAY,PAID,15720.00,2025-07-18 02:34:17
7000010628,1000010628,20250718,3167,1,,GATEWAY,PAID,48690.00,2025-07-18 11:50:06
7000010631,1000010631,20250718,2761,1,,CARD,FAILED,265353.00,
7000010636,1000010636,20250718,3171,1,,CARD,PAID,54450.00,2025-07-18 20:47:39
7000010637,1000010637,20250718,952,1,,GATEWAY,PAID,37500.00,2025-07-18 21:29:56
7000010638,1000010638,20250718,2691,1,,CARD,FAILED,48690.00,
7000010639,1000010639,20250719,2580,1,,GATEWAY,PAID,15720.00,2025-07-19 08:18:24
7000010641,1000010641,20250719,2172,1,,CARD,PAID,15720.00,2025-07-19 11:07:25
7000010643,1000010643,20250719,2728,1,,GATEWAY,FAILED,16020.00,
7000010652,1000010652,20250719,2005,1,,CARD,PAID,30540.00,2025-07-19 20:13:58
7000010653,1000010653,20250719,3174,1,,GATEWAY,PAID,15720.00,2025-07-19 21:55:39
7000010654,1000010654,20250719,3175,1,,CARD,PAID,19350.00,2025-07-19 23:25:53
7000010655,1000010655,20250720,3176,1,,CARD,PAID,44760.00,2025-07-20 08:23:36
7000010656,1000010656,20250720,630,1,,GATEWAY,PAID,65340.00,2025-07-20 10:03:48
7000010657,1000010657,20250720,1941,1,,CARD,PAID,58080.00,2025-07-20 16:16:23
7000010658,1000010658,20250720,2209,1,,GATEWAY,PAID,38100.00,2025-07-21 21:56:05
7000010659,1000010659,20250720,2476,1,,GATEWAY,PAID,19650.00,2025-07-20 18:46:59
7000010660,1000010660,20250720,420,1,,GATEWAY,PAID,14994.00,2025-07-20 19:20:10
7000010661,1000010661,20250720,3177,1,,CARD,PAID,16320.00,2025-07-20 20:12:01
7000010662,1000010662,20250720,3178,1,,CARD,PAID,19350.00,2025-07-20 20:18:59
7000010663,1000010663,20250720,30,1,,CARD,PAID,52020.00,2025-07-20 22:40:15
7000010664,1000010664,20250721,1001,1,,GATEWAY,PAID,37800.00,2025-07-21 08:34:32
7000010665,1000010665,20250721,1893,1,,CARD,PAID,30540.00,2025-07-21 08:44:16
7000010666,1000010666,20250721,3086,1,,GATEWAY,PAID,15720.00,2025-07-21 09:17:42
7000010667,1000010667,20250721,1604,1,,CARD,PAID,16020.00,2025-07-21 10:23:57
7000010670,1000010670,20250721,1646,1,,CARD,PAID,30540.00,2025-07-21 13:20:06
7000010671,1000010671,20250721,1989,1,,GATEWAY,PAID,19350.00,2025-07-21 22:59:24
7000010672,1000010672,20250721,1380,1,,GATEWAY,PAID,61710.00,2025-07-21 14:00:03
7000010673,1000010673,20250721,3179,1,,CARD,PAID,16320.00,2025-07-21 15:09:06
7000010674,1000010674,20250721,3061,1,,CARD,PAID,30540.00,2025-07-21 15:42:28
7000010675,1000010675,20250721,1436,1,,CARD,PAID,30840.00,2025-07-21 17:51:57
7000010676,1000010676,20250721,108,1,,GATEWAY,FAILED,37800.00,
7000010677,1000010677,20250721,1813,1,,CARD,PAID,15720.00,2025-07-21 18:32:21
7000010678,1000010678,20250721,3180,1,,GATEWAY,FAILED,16020.00,
7000010679,1000010679,20250721,2336,1,,GATEWAY,PAID,19950.00,2025-07-22 08:19:19
7000010680,1000010680,20250721,644,1,,GATEWAY,PAID,30540.00,2025-07-23 12:16:58
7000010681,1000010681,20250721,2502,1,,CARD,PAID,30540.00,2025-07-21 19:43:05
7000010682,1000010682,20250721,2703,1,,GATEWAY,PAID,15720.00,2025-07-21 21:07:25
7000010683,1000010683,20250721,3181,1,,GATEWAY,PAID,15720.00,2025-07-21 21:38:00
7000010684,1000010684,20250721,2552,1,,GATEWAY,PAID,111078.00,2025-07-21 23:02:25
7000010685,1000010685,20250722,1225,1,,GATEWAY,PAID,48990.00,2025-07-22 00:49:13
7000010687,1000010687,20250722,2993,1,,CARD,PAID,37500.00,2025-07-22 11:26:45
7000010692,1000010692,20250722,3183,1,,GATEWAY,PAID,48690.00,2025-07-22 19:12:03
7000010694,1000010694,20250722,1753,1,,CARD,PAID,37800.00,2025-07-22 20:32:20
7000010695,1000010695,20250722,3184,1,,CARD,PAID,30240.00,2025-07-22 21:20:13
7000010696,1000010696,20250722,1179,1,,CARD,PAID,33870.00,2025-07-22 21:41:23
7000010697,1000010697,20250722,2134,1,,CARD,PAID,46330.50,2025-07-22 22:34:30
7000010698,1000010698,20250723,2605,1,,CARD,PAID,19650.00,2025-07-23 00:29:55
7000010699,1000010699,20250723,3185,1,,CARD,PAID,37800.00,2025-07-23 01:00:55
7000010700,1000010700,20250723,2976,1,,CARD,PAID,15720.00,2025-07-23 08:58:57
7000010701,1000010701,20250723,1194,1,,CARD,REFUNDED,72600.00,2025-07-23 11:19:20
7000010702,1000010702,20250723,543,1,,GATEWAY,PAID,16020.00,2025-07-23 13:42:38
7000010703,1000010703,20250723,1946,1,,CARD,PAID,19650.00,2025-07-23 13:43:12
7000010705,1000010705,20250723,1872,1,,CARD,PAID,76230.00,2025-07-23 14:31:35
7000010706,1000010706,20250723,3186,1,,GATEWAY,PAID,52320.00,2025-07-25 11:30:43
7000010711,1000010711,20250723,3188,1,,GATEWAY,PAID,38100.00,2025-07-23 18:45:06
7000010713,1000010713,20250723,3189,1,,GATEWAY,PAID,54450.00,2025-07-24 13:48:18
7000010714,1000010714,20250723,2812,1,,CARD,PAID,30540.00,2025-07-23 19:51:18
7000010717,1000010717,20250724,3190,1,,CARD,PAID,68970.00,2025-07-24 00:10:46
7000010718,1000010718,20250724,2875,1,,CARD,PAID,15720.00,2025-07-24 00:30:46
7000010719,1000010719,20250724,3158,1,,CARD,PAID,19950.00,2025-07-24 11:49:38
7000010721,1000010721,20250724,3191,1,,GATEWAY,PAID,15720.00,2025-07-24 15:24:17
7000010722,1000010722,20250724,3098,1,,CARD,PAID,30240.00,2025-07-24 16:24:52
7000010726,1000010726,20250724,1949,1,,CARD,PAID,19350.00,2025-07-24 18:04:04
7000010727,1000010727,20250724,531,1,,CARD,PAID,16320.00,2025-07-24 20:16:42
7000010728,1000010728,20250725,1448,1,,CARD,PAID,15294.00,2025-07-25 07:40:58
7000010729,1000010729,20250725,1776,1,,GATEWAY,PAID,87120.00,2025-07-25 13:48:19
7000010730,1000010730,20250725,1577,1,,CARD,PAID,33870.00,2025-07-25 09:49:05
7000010731,1000010731,20250725,1071,1,,CARD,PAID,58080.00,2025-07-25 10:15:56
7000010739,1000010739,20250725,3194,1,,CARD,PAID,16020.00,2025-07-25 16:55:54
7000010740,1000010740,20250725,3195,1,,CARD,PAID,19650.00,2025-07-25 17:13:42
7000010742,1000010742,20250725,1003,1,,CARD,PAID,16020.00,2025-07-25 18:15:06
7000010744,1000010744,20250725,3196,1,,GATEWAY,PAID,19350.00,2025-07-25 20:48:53
7000010745,1000010745,20250725,2772,1,,CARD,PAID,15720.00,2025-07-25 22:48:36
7000010746,1000010746,20250726,2594,1,,CARD,FAILED,16320.00,
7000010747,1000010747,20250726,944,1,,CARD,PAID,15720.00,2025-07-26 10:48:37
7000010751,1000010751,20250726,2111,1,,CARD,FAILED,15720.00,
7000010756,1000010756,20250726,2823,1,,CARD,PAID,19350.00,2025-07-26 16:45:01
7000010758,1000010758,20250726,3062,1,,CARD,FAILED,30840.00,
7000010760,1000010760,20250726,3198,1,,CARD,PAID,37800.00,2025-07-26 20:38:50
7000010761,1000010761,20250726,1808,1,,CARD,PAID,68970.00,2025-07-26 21:45:37
7000010762,1000010762,20250726,3199,1,,CARD,PAID,16020.00,2025-07-26 22:29:19
7000010763,1000010763,20250727,2286,1,,CARD,PAID,52320.00,2025-07-27 02:50:20
7000010764,1000010764,20250727,1957,1,,CARD,PAID,19650.00,2025-07-27 07:22:40
7000010765,1000010765,20250727,636,1,,CARD,PAID,38100.00,2025-07-27 07:36:16
7000010766,1000010766,20250727,2904,1,,GATEWAY,PAID,42882.00,2025-07-27 11:43:07
7000010767,1000010767,20250727,2771,1,,GATEWAY,PAID,58624.50,2025-07-27 12:12:02
7000010768,1000010768,20250727,1955,1,,CARD,PAID,15720.00,2025-07-27 14:39:31
7000010769,1000010769,20250727,1302,1,,CARD,PAID,37800.00,2025-07-27 15:18:00
7000010770,1000010770,20250727,997,1,,CARD,PAID,16020.00,2025-07-27 15:38:21
7000010771,1000010771,20250727,2364,1,,CARD,PAID,16020.00,2025-07-27 16:57:25
7000010772,1000010772,20250727,1437,1,,CARD,PAID,317806.50,2025-07-27 17:31:19
7000010773,1000010773,20250727,2836,1,,CARD,FAILED,37800.00,
7000010774,1000010774,20250727,1842,1,,CARD,REFUNDED,19650.00,2025-07-27 21:32:11
7000010775,1000010775,20250727,2901,1,,GATEWAY,PAID,19650.00,2025-07-27 22:02:28
7000010776,1000010776,20250727,496,1,,CARD,REFUNDED,15720.00,2025-07-27 22:58:06
7000010777,1000010777,20250728,2882,1,,GATEWAY,FAILED,16020.00,
7000010778,1000010778,20250728,2554,1,,GATEWAY,PAID,30540.00,2025-07-28 11:12:17
7000010779,1000010779,20250728,2888,1,,CARD,PAID,16020.00,2025-07-28 11:04:21
7000010781,1000010781,20250728,1257,1,,GATEWAY,PAID,37800.00,2025-07-28 14:57:37
7000010784,1000010784,20250728,2194,1,,GATEWAY,PAID,58080.00,2025-07-28 16:12:12
7000010785,1000010785,20250728,3202,1,,CARD,PAID,37500.00,2025-07-28 16:12:36
7000010787,1000010787,20250728,125,1,,CARD,PAID,16020.00,2025-07-28 17:00:06
7000010793,1000010793,20250728,3206,1,,GATEWAY,PAID,16020.00,2025-07-28 19:23:14
7000010794,1000010794,20250728,3207,1,,CARD,PAID,15294.00,2025-07-28 18:56:09
7000010799,1000010799,20250728,480,1,,GATEWAY,PAID,48690.00,2025-07-28 20:06:01
7000010800,1000010800,20250728,1707,1,,CARD,PAID,38100.00,2025-07-28 20:57:06
7000010801,1000010801,20250728,2230,1,,CARD,PAID,30240.00,2025-07-28 22:28:54
7000010802,1000010802,20250728,1285,1,,GATEWAY,PAID,79860.00,2025-07-28 22:48:49
7000010803,1000010803,20250728,3056,1,,GATEWAY,PAID,30240.00,2025-07-28 23:47:48
7000010804,1000010804,20250729,2983,1,,CARD,PAID,38100.00,2025-07-29 00:20:23
7000010805,1000010805,20250729,1207,1,,GATEWAY,PAID,16020.00,2025-07-29 04:48:39
7000010806,1000010806,20250729,1637,1,,GATEWAY,PAID,14994.00,2025-07-29 06:16:14
7000010807,1000010807,20250729,1824,1,,CARD,PAID,65340.00,2025-07-29 06:31:02
7000010810,1000010810,20250729,563,1,,GATEWAY,PAID,15720.00,2025-07-29 13:52:58
7000010813,1000010813,20250729,3210,1,,CARD,PAID,37800.00,2025-07-29 17:29:35
7000010814,1000010814,20250729,1815,1,,GATEWAY,PAID,52320.00,2025-07-29 21:33:08
7000010815,1000010815,20250729,2974,1,,CARD,PAID,16320.00,2025-07-29 23:37:23
7000010816,1000010816,20250730,2526,1,,GATEWAY,PAID,15720.00,2025-08-01 19:28:03
7000010818,1000010818,20250730,3212,1,,CARD,PAID,30240.00,2025-07-30 14:46:10
7000010819,1000010819,20250730,514,1,,CARD,PAID,15594.00,2025-07-30 16:48:16
7000010824,1000010824,20250731,3214,1,,CARD,PAID,30240.00,2025-07-31 07:41:10
7000010827,1000010827,20250731,1847,1,,CARD,PAID,65340.00,2025-07-31 13:31:22
7000010831,1000010831,20250731,2135,1,,GATEWAY,PAID,68970.00,2025-07-31 16:19:01
7000010832,1000010832,20250731,3216,1,,GATEWAY,PAID,15720.00,2025-07-31 18:59:46
7000010833,1000010833,20250731,369,1,,CARD,FAILED,35985.00,
7000010834,1000010834,20250731,703,1,,CARD,PAID,19650.00,2025-07-31 20:32:18
7000010835,1000010835,20250801,1429,1,,CARD,PAID,58080.00,2025-08-01 00:54:43
7000010838,1000010838,20250801,2841,1,,CARD,PAID,30840.00,2025-08-01 12:50:37
7000010839,1000010839,20250801,3121,1,,GATEWAY,FAILED,37500.00,
7000010840,1000010840,20250801,1465,1,,CARD,PAID,19650.00,2025-08-01 14:54:16
7000010841,1000010841,20250801,697,1,,CARD,PAID,16020.00,2025-08-01 16:04:05
7000010843,1000010843,20250801,2968,1,,GATEWAY,REFUNDED,19350.00,2025-08-02 23:55:04
7000010847,1000010847,20250801,3064,1,,GATEWAY,FAILED,37500.00,
7000010850,1000010850,20250801,69,1,,CARD,PAID,34470.00,2025-08-01 19:27:05
7000010851,1000010851,20250801,3110,1,,GATEWAY,PAID,54450.00,2025-08-01 20:01:37
7000010852,1000010852,20250801,3218,1,,CARD,REFUNDED,30540.00,2025-08-01 20:10:12
7000010853,1000010853,20250801,2338,1,,CARD,PAID,30540.00,2025-08-01 21:53:39
7000010860,1000010860,20250802,3054,1,,CARD,PAID,48390.00,2025-08-02 17:57:04
7000010862,1000010862,20250802,2015,1,,GATEWAY,PAID,16020.00,2025-08-02 18:09:29
7000010866,1000010866,20250802,1819,1,,GATEWAY,PAID,16320.00,2025-08-02 20:11:50
7000010867,1000010867,20250802,553,1,,CARD,PAID,16020.00,2025-08-02 20:13:13
7000010868,1000010868,20250802,2819,1,,CARD,PAID,58080.00,2025-08-02 23:35:42
7000010869,1000010869,20250803,473,1,,CARD,PAID,19350.00,2025-08-03 03:23:01
7000010870,1000010870,20250803,3221,1,,CARD,PAID,65340.00,2025-08-03 05:04:28
7000010871,1000010871,20250803,2491,1,,CARD,PAID,54450.00,2025-08-03 05:40:24
7000010872,1000010872,20250803,1594,1,,CARD,PAID,54450.00,2025-08-03 06:23:02
7000010873,1000010873,20250803,2457,1,,CARD,PAID,52020.00,2025-08-03 07:05:31
7000010874,1000010874,20250803,3222,1,,CARD,PAID,58080.00,2025-08-03 12:26:41
7000010875,1000010875,20250803,3223,1,,CARD,PAID,45060.00,2025-08-03 13:57:31
7000010876,1000010876,20250803,2361,1,,CARD,PAID,58080.00,2025-08-03 14:24:39
7000010877,1000010877,20250803,2575,1,,CARD,PAID,83490.00,2025-08-03 19:51:52
7000010878,1000010878,20250803,368,1,,CARD,PAID,19650.00,2025-08-03 20:03:09
7000010879,1000010879,20250803,3224,1,,GATEWAY,FAILED,16020.00,
7000010880,1000010880,20250803,3115,1,,CARD,PAID,19350.00,2025-08-03 23:01:18
7000010881,1000010881,20250804,2502,1,,CARD,PAID,16020.00,2025-08-04 00:56:18
7000010882,1000010882,20250804,3114,1,,CARD,PAID,30240.00,2025-08-04 01:25:23
7000010883,1000010883,20250804,2105,1,,GATEWAY,PAID,30240.00,2025-08-05 14:13:41
7000010884,1000010884,20250804,2930,1,,GATEWAY,PAID,52320.00,2025-08-04 09:59:11
7000010886,1000010886,20250804,3225,1,,CARD,PAID,19350.00,2025-08-04 10:43:00
7000010888,1000010888,20250804,1705,1,,CARD,PAID,44760.00,2025-08-04 11:49:49
7000010889,1000010889,20250804,783,1,,CARD,PAID,15720.00,2025-08-04 12:00:00
7000010890,1000010890,20250804,1926,1,,GATEWAY,PAID,16020.00,2025-08-04 13:04:38
7000010891,1000010891,20250804,338,1,,CARD,PAID,30240.00,2025-08-04 14:03:55
7000010899,1000010899,20250804,3227,1,,GATEWAY,PAID,16020.00,2025-08-04 18:55:17
7000010901,1000010901,20250804,3229,1,,GATEWAY,PAID,34170.00,2025-08-04 19:43:08
7000010902,1000010902,20250804,2352,1,,GATEWAY,PAID,45360.00,2025-08-04 19:59:43
7000010903,1000010903,20250804,2992,1,,CARD,FAILED,16020.00,
7000010904,1000010904,20250804,3230,1,,CARD,PAID,83490.00,2025-08-04 20:51:46
7000010905,1000010905,20250804,2634,1,,GATEWAY,PAID,16320.00,2025-08-04 22:10:20
7000010906,1000010906,20250804,3231,1,,CARD,PAID,15720.00,2025-08-04 22:59:55
7000010907,1000010907,20250804,1253,1,,CARD,FAILED,49779.00,
7000010908,1000010908,20250805,2449,1,,CARD,PAID,19350.00,2025-08-05 09:47:31
7000010910,1000010910,20250805,3232,1,,CARD,REFUNDED,34170.00,2025-08-05 11:20:15
7000010915,1000010915,20250805,2342,1,,GATEWAY,PAID,16020.00,2025-08-05 13:12:48
7000010916,1000010916,20250805,215,1,,CARD,PAID,19350.00,2025-08-05 13:50:03
7000010917,1000010917,20250805,2293,1,,CARD,PAID,15720.00,2025-08-05 14:28:06
7000010918,1000010918,20250805,3234,1,,GATEWAY,PAID,61710.00,2025-08-05 14:56:59
7000010920,1000010920,20250805,870,1,,GATEWAY,PAID,18442.50,2025-08-05 16:57:57
7000010922,1000010922,20250805,3235,1,,GATEWAY,PAID,19350.00,2025-08-05 18:04:32
7000010923,1000010923,20250806,3236,1,,CARD,PAID,16020.00,2025-08-06 00:56:41
7000010924,1000010924,20250806,3238,1,,GATEWAY,PAID,19350.00,2025-08-08 12:31:53
7000010927,1000010927,20250806,3239,1,,CARD,PAID,54450.00,2025-08-06 11:03:39
7000010928,1000010928,20250806,2761,1,,CARD,PAID,83490.00,2025-08-06 13:08:35
7000010929,1000010929,20250806,2260,1,,CARD,PAID,391858.50,2025-08-06 13:20:17
7000010930,1000010930,20250806,1409,1,,CARD,PAID,19650.00,2025-08-06 13:41:07
7000010931,1000010931,20250806,2179,1,,CARD,PAID,19650.00,2025-08-06 14:28:40
7000010932,1000010932,20250806,1905,1,,CARD,PAID,16320.00,2025-08-06 15:27:20
7000010933,1000010933,20250806,222,1,,GATEWAY,PAID,48390.00,2025-08-06 16:38:03
7000010935,1000010935,20250806,2576,1,,CARD,PAID,19350.00,2025-08-06 18:38:28
7000010937,1000010937,20250806,517,1,,CARD,PAID,19950.00,2025-08-06 20:05:17
7000010939,1000010939,20250806,3241,1,,CARD,PAID,37500.00,2025-08-06 21:16:35
7000010940,1000010940,20250806,1549,1,,GATEWAY,PAID,37500.00,2025-08-07 07:16:35
7000010941,1000010941,20250806,579,1,,GATEWAY,PAID,44760.00,2025-08-06 23:01:37
7000010942,1000010942,20250806,2900,1,,CARD,PAID,35985.00,2025-08-06 23:09:40
7000010943,1000010943,20250806,3242,1,,GATEWAY,PAID,30240.00,2025-08-06 23:46:32
7000010944,1000010944,20250806,1592,1,,CARD,PAID,54450.00,2025-08-07 00:03:06
7000010945,1000010945,20250807,2308,1,,CARD,PAID,15720.00,2025-08-07 02:57:43
7000010946,1000010946,20250807,2080,1,,GATEWAY,PAID,65340.00,2025-08-07 08:07:51
7000010949,1000010949,20250807,2330,1,,CARD,PAID,19350.00,2025-08-07 12:00:26
7000010953,1000010953,20250807,1810,1,,CARD,PAID,48690.00,2025-08-07 14:54:56
7000010954,1000010954,20250807,332,1,,GATEWAY,FAILED,37800.00,
7000010956,1000010956,20250807,1892,1,,GATEWAY,PAID,19650.00,2025-08-07 17:27:12
7000010957,1000010957,20250807,70,1,,GATEWAY,PAID,33870.00,2025-08-10 04:49:03
7000010958,1000010958,20250807,2960,1,,CARD,PAID,52020.00,2025-08-07 17:58:58
7000010960,1000010960,20250807,2372,1,,CARD,PAID,16020.00,2025-08-07 18:30:57
7000010961,1000010961,20250807,740,1,,GATEWAY,PAID,48690.00,2025-08-07 18:44:25
7000010962,1000010962,20250807,3246,1,,CARD,PAID,19350.00,2025-08-07 19:41:47
7000010964,1000010964,20250807,836,1,,CARD,PAID,101640.00,2025-08-07 20:22:58
7000010965,1000010965,20250807,2840,1,,GATEWAY,PAID,19650.00,2025-08-07 21:22:11
7000010966,1000010966,20250807,3248,1,,CARD,PAID,52320.00,2025-08-07 23:56:21
7000010969,1000010969,20250808,2776,1,,GATEWAY,PAID,37500.00,2025-08-08 16:22:29
7000010970,1000010970,20250808,3037,1,,GATEWAY,FAILED,19950.00,
7000010971,1000010971,20250808,112,1,,CARD,PAID,112530.00,2025-08-08 12:39:22
7000010973,1000010973,20250808,1486,1,,CARD,PAID,16320.00,2025-08-08 14:19:38
7000010976,1000010976,20250808,2691,1,,CARD,PAID,68970.00,2025-08-08 16:49:31
7000010977,1000010977,20250808,1328,1,,CARD,FAILED,16020.00,
7000010979,1000010979,20250808,2747,1,,GATEWAY,PAID,15720.00,2025-08-08 18:39:41
7000010982,1000010982,20250808,3046,1,,GATEWAY,PAID,37500.00,2025-08-08 20:59:00
7000010983,1000010983,20250808,3249,1,,CARD,PAID,45060.00,2025-08-08 21:48:05
7000010984,1000010984,20250808,3177,1,,GATEWAY,PAID,30840.00,2025-08-08 22:36:41
7000010985,1000010985,20250809,3250,1,,CARD,PAID,16020.00,2025-08-09 06:15:31
7000010987,1000010987,20250809,1350,1,,CARD,PAID,16020.00,2025-08-09 10:35:26
7000010996,1000010996,20250809,2682,1,,GATEWAY,PAID,19350.00,2025-08-09 15:23:47
7000010998,1000010998,20250809,1772,1,,GATEWAY,PAID,16020.00,2025-08-10 10:18:02
7000011000,1000011000,20250809,2795,1,,CARD,PAID,34170.00,2025-08-09 20:50:49
7000011001,1000011001,20250809,2019,1,,CARD,PAID,15720.00,2025-08-09 21:04:02
7000011002,1000011002,20250809,1012,1,,CARD,PAID,52320.00,2025-08-09 23:47:05
7000011003,1000011003,20250810,328,1,,GATEWAY,PAID,37800.00,2025-08-10 04:17:19
7000011004,1000011004,20250810,831,1,,CARD,PAID,19950.00,2025-08-10 07:25:17
7000011005,1000011005,20250810,3023,1,,CARD,PAID,44760.00,2025-08-10 07:57:19
7000011006,1000011006,20250810,2360,1,,GATEWAY,PAID,19350.00,2025-08-10 13:29:17
7000011007,1000011007,20250810,2109,1,,CARD,PAID,87120.00,2025-08-10 11:17:45
7000011008,1000011008,20250810,3253,1,,CARD,PAID,15720.00,2025-08-10 11:21:32
7000011009,1000011009,20250810,3252,1,,CARD,FAILED,54450.00,
7000011010,1000011010,20250810,1387,1,,CARD,PAID,34170.00,2025-08-10 12:41:48
7000011011,1000011011,20250810,3254,1,,CARD,PAID,19350.00,2025-08-10 12:49:02
7000011012,1000011012,20250810,1182,1,,GATEWAY,PAID,55176.00,2025-08-10 13:43:26
7000011013,1000011013,20250810,1607,1,,CARD,FAILED,45060.00,
7000011014,1000011014,20250810,3255,1,,GATEWAY,PAID,45060.00,2025-08-10 17:28:59
7000011015,1000011015,20250810,3257,1,,CARD,PAID,15720.00,2025-08-10 19:20:15
7000011016,1000011016,20250810,3256,1,,GATEWAY,PAID,16020.00,2025-08-10 20:58:31
7000011017,1000011017,20250810,3258,1,,GATEWAY,PAID,19350.00,2025-08-10 19:41:45
7000011018,1000011018,20250810,2087,1,,CARD,FAILED,19350.00,
7000011019,1000011019,20250810,1493,1,,CARD,FAILED,15720.00,
7000011020,1000011020,20250810,3259,1,,CARD,PAID,44760.00,2025-08-10 22:01:57
7000011021,1000011021,20250810,300,1,,CARD,PAID,37800.00,2025-08-10 22:25:01
7000011022,1000011022,20250811,3260,1,,CARD,PAID,48690.00,2025-08-11 00:29:21
7000011023,1000011023,20250811,2778,1,,CARD,PAID,15720.00,2025-08-11 08:29:42
7000011024,1000011024,20250811,1734,1,,CARD,PAID,34170.00,2025-08-11 09:57:17
7000011026,1000011026,20250811,1909,1,,GATEWAY,PAID,18442.50,2025-08-11 10:40:59
7000011029,1000011029,20250811,3005,1,,GATEWAY,FAILED,30540.00,
7000011030,1000011030,20250811,3261,1,,GATEWAY,PAID,37500.00,2025-08-11 17:56:38
7000011031,1000011031,20250811,2955,1,,CARD,PAID,30540.00,2025-08-11 18:03:10
7000011032,1000011032,20250811,1957,1,,GATEWAY,PAID,58080.00,2025-08-11 18:43:50
7000011033,1000011033,20250811,2270,1,,CARD,PAID,15720.00,2025-08-11 18:42:38
7000011034,1000011034,20250811,1941,1,,CARD,PAID,16020.00,2025-08-11 19:27:16
7000011036,1000011036,20250811,3262,1,,CARD,PAID,16320.00,2025-08-11 20:04:00
7000011037,1000011037,20250811,1077,1,,CARD,PAID,19650.00,2025-08-11 20:35:18
7000011038,1000011038,20250811,2226,1,,GATEWAY,PAID,30240.00,2025-08-11 22:32:09
7000011039,1000011039,20250811,632,1,,CARD,PAID,30240.00,2025-08-11 23:05:13
7000011040,1000011040,20250811,3263,1,,GATEWAY,PAID,45360.00,2025-08-11 23:31:07
7000011041,1000011041,20250811,1385,1,,CARD,PAID,30540.00,2025-08-11 23:33:46
7000011042,1000011042,20250812,1966,1,,GATEWAY,PAID,15720.00,2025-08-12 05:16:35
7000011043,1000011043,20250812,1927,1,,CARD,PAID,130680.00,2025-08-12 06:09:04
7000011044,1000011044,20250812,3264,1,,GATEWAY,FAILED,52020.00,
7000011045,1000011045,20250812,2521,1,,CARD,PAID,50505.00,2025-08-12 09:11:37
7000011047,1000011047,20250812,2235,1,,CARD,PAID,16020.00,2025-08-12 11:26:53
7000011048,1000011048,20250812,2341,1,,CARD,PAID,15720.00,2025-08-12 11:33:04
7000011049,1000011049,20250812,3266,1,,GATEWAY,PAID,61710.00,2025-08-12 11:41:41
7000011050,1000011050,20250812,1864,1,,CARD,PAID,27936.00,2025-08-12 11:46:36
7000011052,1000011052,20250812,967,1,,CARD,REFUNDED,79860.00,2025-08-12 12:28:50
7000011053,1000011053,20250812,3267,1,,CARD,PAID,15720.00,2025-08-12 12:56:48
7000011054,1000011054,20250812,73,1,,GATEWAY,PAID,19650.00,2025-08-12 16:15:32
7000011055,1000011055,20250812,3011,1,,CARD,PAID,30603.00,2025-08-12 14:17:55
7000011057,1000011057,20250812,1415,1,,GATEWAY,PAID,52020.00,2025-08-12 16:00:46
7000011064,1000011064,20250812,3268,1,,GATEWAY,FAILED,54450.00,
7000011065,1000011065,20250812,1821,1,,CARD,PAID,34170.00,2025-08-12 19:59:41
7000011066,1000011066,20250812,2964,1,,CARD,PAID,16020.00,2025-08-12 20:02:02
7000011068,1000011068,20250812,420,1,,CARD,PAID,52020.00,2025-08-12 21:37:12
7000011069,1000011069,20250812,2932,1,,GATEWAY,FAILED,14568.00,
7000011070,1000011070,20250812,3269,1,,GATEWAY,PAID,30603.00,2025-08-12 22:41:45
7000011071,1000011071,20250812,2332,1,,CARD,PAID,27336.00,2025-08-12 23:12:15
7000011072,1000011072,20250812,2468,1,,CARD,PAID,30540.00,2025-08-12 23:29:35
7000011073,1000011073,20250813,1847,1,,CARD,PAID,15720.00,2025-08-13 07:45:59
7000011074,1000011074,20250813,2848,1,,CARD,PAID,30240.00,2025-08-13 12:13:34
7000011077,1000011077,20250813,2760,1,,GATEWAY,PAID,15720.00,2025-08-13 13:02:51
7000011078,1000011078,20250813,3042,1,,GATEWAY,PAID,45060.00,2025-08-13 14:10:55
7000011079,1000011079,20250813,3270,1,,GATEWAY,PAID,44760.00,2025-08-13 14:53:05
7000011081,1000011081,20250813,2243,1,,CARD,PAID,123420.00,2025-08-13 15:47:02
7000011082,1000011082,20250813,2525,1,,CARD,PAID,48990.00,2025-08-13 17:16:10
7000011087,1000011087,20250813,2658,1,,CARD,PAID,65340.00,2025-08-13 18:59:09
7000011088,1000011088,20250813,3016,1,,GATEWAY,PAID,34470.00,2025-08-14 06:59:55
7000011090,1000011090,20250813,2402,1,,CARD,PAID,79860.00,2025-08-13 20:33:51
7000011091,1000011091,20250813,3273,1,,GATEWAY,PAID,15720.00,2025-08-13 20:58:49
7000011092,1000011092,20250813,185,1,,CARD,PAID,101640.00,2025-08-13 21:56:43
7000011093,1000011093,20250813,1534,1,,CARD,PAID,16020.00,2025-08-13 22:08:07
7000011094,1000011094,20250813,2814,1,,GATEWAY,PAID,16020.00,2025-08-15 03:13:43
7000011095,1000011095,20250813,2554,1,,GATEWAY,PAID,30540.00,2025-08-14 01:35:07
7000011096,1000011096,20250814,1269,1,,GATEWAY,PAID,58080.00,2025-08-14 01:07:33
7000011097,1000011097,20250814,1043,1,,GATEWAY,PAID,15720.00,2025-08-14 02:42:22
7000011098,1000011098,20250814,3274,1,,GATEWAY,PAID,19650.00,2025-08-14 08:20:11
7000011099,1000011099,20250814,3275,1,,CARD,PAID,58080.00,2025-08-14 09:01:33
7000011100,1000011100,20250814,3276,1,,CARD,PAID,65340.00,2025-08-14 10:35:44
7000011102,1000011102,20250814,1509,1,,CARD,PAID,34170.00,2025-08-14 12:01:58
7000011103,1000011103,20250814,895,1,,GATEWAY,PAID,16020.00,2025-08-14 12:35:10
7000011107,1000011107,20250814,3277,1,,CARD,PAID,76230.00,2025-08-14 15:05:59
7000011108,1000011108,20250814,2163,1,,GATEWAY,PAID,48390.00,2025-08-14 16:50:07
7000011110,1000011110,20250814,3278,1,,CARD,PAID,15720.00,2025-08-14 17:19:31
7000011111,1000011111,20250814,1622,1,,GATEWAY,PAID,33870.00,2025-08-14 17:50:03
7000011112,1000011112,20250814,2113,1,,CARD,PAID,37800.00,2025-08-14 17:59:26
7000011116,1000011116,20250814,3026,1,,GATEWAY,PAID,19650.00,2025-08-14 22:57:18
7000011117,1000011117,20250814,1305,1,,GATEWAY,REFUNDED,58080.00,2025-08-16 11:51:47
7000011118,1000011118,20250815,1654,1,,CARD,PAID,16320.00,2025-08-15 00:29:08
7000011119,1000011119,20250815,715,1,,GATEWAY,PAID,16020.00,2025-08-15 09:08:48
7000011120,1000011120,20250815,3050,1,,CARD,PAID,16020.00,2025-08-15 09:34:09
7000011121,1000011121,20250815,1993,1,,CARD,REFUNDED,16020.00,2025-08-15 09:36:10
7000011128,1000011128,20250815,852,1,,CARD,PAID,16320.00,2025-08-15 14:10:15
7000011129,1000011129,20250815,2528,1,,CARD,PAID,58080.00,2025-08-15 15:29:31
7000011130,1000011130,20250815,2059,1,,GATEWAY,PAID,52320.00,2025-08-15 15:47:55
7000011131,1000011131,20250815,572,1,,GATEWAY,PAID,30540.00,2025-08-15 15:53:01
7000011132,1000011132,20250815,3280,1,,GATEWAY,PAID,19650.00,2025-08-15 15:56:48
7000011134,1000011134,20250815,2713,1,,CARD,PAID,44760.00,2025-08-15 16:19:41
7000011135,1000011135,20250815,1555,1,,CARD,PAID,34170.00,2025-08-15 16:33:11
7000011136,1000011136,20250815,1633,1,,CARD,PAID,30840.00,2025-08-15 16:47:00
7000011139,1000011139,20250815,2950,1,,CARD,PAID,16020.00,2025-08-15 19:10:16
7000011140,1000011140,20250815,2306,1,,CARD,PAID,15720.00,2025-08-15 22:17:58
7000011141,1000011141,20250815,3282,1,,CARD,REFUNDED,19350.00,2025-08-15 23:07:35
7000011143,1000011143,20250816,2516,1,,GATEWAY,PAID,79860.00,2025-08-16 12:46:39
7000011155,1000011155,20250816,2519,1,,CARD,PAID,33870.00,2025-08-16 18:20:22
7000011158,1000011158,20250816,3287,1,,GATEWAY,PAID,14994.00,2025-08-17 15:05:55
7000011161,1000011161,20250816,1732,1,,CARD,PAID,16320.00,2025-08-16 19:53:52
7000011163,1000011163,20250816,2322,1,,GATEWAY,PAID,68970.00,2025-08-16 20:06:46
7000011165,1000011165,20250816,2194,1,,GATEWAY,PAID,15720.00,2025-08-16 21:17:14
7000011166,1000011166,20250816,3289,1,,CARD,FAILED,72600.00,
7000011167,1000011167,20250816,1188,1,,CARD,PAID,33870.00,2025-08-16 22:11:27
7000011168,1000011168,20250817,1360,1,,GATEWAY,PAID,15720.00,2025-08-17 01:14:58
7000011169,1000011169,20250817,89,1,,CARD,PAID,19650.00,2025-08-17 11:38:09
7000011170,1000011170,20250817,3290,1,,CARD,PAID,52620.00,2025-08-17 13:45:57
7000011171,1000011171,20250817,1095,1,,CARD,PAID,48390.00,2025-08-17 15:55:37
7000011172,1000011172,20250817,922,1,,CARD,PAID,16020.00,2025-08-17 17:43:33
7000011173,1000011173,20250817,3291,1,,GATEWAY,PAID,30240.00,2025-08-17 18:50:47
7000011174,1000011174,20250817,3292,1,,CARD,PAID,37500.00,2025-08-17 20:05:44
7000011175,1000011175,20250817,3150,1,,GATEWAY,PAID,19650.00,2025-08-17 20:35:55
7000011176,1000011176,20250817,1557,1,,CARD,PAID,16020.00,2025-08-17 21:21:38
7000011177,1000011177,20250817,2899,1,,GATEWAY,PAID,16020.00,2025-08-17 21:52:54
7000011178,1000011178,20250817,1802,1,,GATEWAY,PAID,19950.00,2025-08-17 22:09:16
7000011179,1000011179,20250817,2594,1,,GATEWAY,PAID,46630.50,2025-08-17 23:01:30
7000011180,1000011180,20250817,2667,1,,CARD,PAID,30540.00,2025-08-17 23:06:00
7000011181,1000011181,20250818,1371,1,,GATEWAY,REFUNDED,16020.00,2025-08-18 16:12:49
7000011182,1000011182,20250818,1370,1,,CARD,PAID,19650.00,2025-08-18 08:20:47
7000011183,1000011183,20250818,2879,1,,GATEWAY,PAID,30540.00,2025-08-18 09:14:43
7000011184,1000011184,20250818,2583,1,,CARD,FAILED,15720.00,
7000011185,1000011185,20250818,58,1,,GATEWAY,PAID,44760.00,2025-08-18 09:28:15
7000011188,1000011188,20250818,2050,1,,CARD,FAILED,72600.00,
7000011189,1000011189,20250818,2933,1,,GATEWAY,PAID,19350.00,2025-08-18 15:14:03
7000011190,1000011190,20250818,2906,1,,GATEWAY,PAID,15720.00,2025-08-18 18:02:41
7000011191,1000011191,20250818,2887,1,,GATEWAY,PAID,30540.00,2025-08-18 18:45:25
7000011192,1000011192,20250818,3294,1,,CARD,PAID,15720.00,2025-08-18 20:25:38
7000011193,1000011193,20250818,3293,1,,CARD,PAID,34170.00,2025-08-18 20:31:05
7000011194,1000011194,20250818,1314,1,,GATEWAY,PAID,34170.00,2025-08-18 21:08:20
7000011195,1000011195,20250818,3297,1,,CARD,PAID,30840.00,2025-08-18 21:31:28
7000011196,1000011196,20250818,3296,1,,CARD,PAID,30540.00,2025-08-18 21:54:37
7000011197,1000011197,20250818,3298,1,,CARD,FAILED,18442.50,
7000011198,1000011198,20250818,3299,1,,CARD,PAID,34470.00,2025-08-18 22:27:24
7000011199,1000011199,20250819,2638,1,,CARD,PAID,16320.00,2025-08-19 00:11:28
7000011200,1000011200,20250819,411,1,,GATEWAY,PAID,19350.00,2025-08-20 13:32:15
7000011201,1000011201,20250819,2755,1,,GATEWAY,FAILED,15720.00,
7000011202,1000011202,20250819,1855,1,,CARD,PAID,65340.00,2025-08-19 10:14:52
7000011204,1000011204,20250819,2053,1,,CARD,PAID,16020.00,2025-08-19 14:14:13
7000011205,1000011205,20250819,3300,1,,CARD,PAID,30540.00,2025-08-19 15:35:45
7000011207,1000011207,20250819,1538,1,,GATEWAY,PAID,54450.00,2025-08-19 17:12:52
7000011210,1000011210,20250819,2613,1,,CARD,REFUNDED,58080.00,2025-08-19 19:20:25
7000011211,1000011211,20250819,1667,1,,CARD,PAID,79315.50,2025-08-19 19:22:01
7000011215,1000011215,20250819,3302,1,,GATEWAY,PAID,16020.00,2025-08-19 20:41:44
7000011216,1000011216,20250819,2864,1,,CARD,PAID,87120.00,2025-08-19 20:36:12
7000011218,1000011218,20250819,1735,1,,GATEWAY,PAID,34470.00,2025-08-19 20:54:29
7000011219,1000011219,20250819,1539,1,,GATEWAY,PAID,32236.50,2025-08-19 22:30:57
7000011220,1000011220,20250819,2553,1,,GATEWAY,PAID,16020.00,2025-08-19 22:42:09
7000011221,1000011221,20250820,543,1,,CARD,PAID,37800.00,2025-08-20 03:09:51
7000011222,1000011222,20250820,3303,1,,CARD,PAID,16020.00,2025-08-20 11:45:24
7000011223,1000011223,20250820,3304,1,,CARD,PAID,58080.00,2025-08-20 12:26:40
7000011226,1000011226,20250820,1313,1,,CARD,PAID,34170.00,2025-08-20 13:50:05
7000011227,1000011227,20250820,1255,1,,CARD,PAID,52620.00,2025-08-20 14:36:12
7000011228,1000011228,20250820,1512,1,,CARD,PAID,16020.00,2025-08-20 15:17:37
7000011231,1000011231,20250820,308,1,,CARD,PAID,16020.00,2025-08-20 16:21:54
7000011232,1000011232,20250820,2908,1,,CARD,PAID,16020.00,2025-08-20 16:55:05
7000011233,1000011233,20250820,18,1,,CARD,PAID,45060.00,2025-08-20 16:53:20
7000011234,1000011234,20250820,2404,1,,CARD,PAID,15720.00,2025-08-20 18:31:01
7000011235,1000011235,20250820,3136,1,,CARD,PAID,48690.00,2025-08-20 18:39:55
7000011236,1000011236,20250820,1756,1,,CARD,PAID,15720.00,2025-08-20 19:29:39
7000011240,1000011240,20250820,2494,1,,GATEWAY,PAID,16320.00,2025-08-20 22:51:01
7000011241,1000011241,20250821,3306,1,,GATEWAY,PAID,48990.00,2025-08-21 08:06:04
7000011242,1000011242,20250821,1468,1,,GATEWAY,PAID,15720.00,2025-08-21 08:25:24
7000011243,1000011243,20250821,2803,1,,CARD,PAID,45060.00,2025-08-21 08:50:01
7000011244,1000011244,20250821,3307,1,,GATEWAY,PAID,16020.00,2025-08-21 16:30:21
7000011246,1000011246,20250821,3308,1,,CARD,FAILED,30240.00,
7000011247,1000011247,20250821,2510,1,,CARD,PAID,54450.00,2025-08-21 10:57:32
7000011249,1000011249,20250821,3309,1,,CARD,PAID,16020.00,2025-08-21 11:21:25
7000011250,1000011250,20250821,2337,1,,GATEWAY,PAID,54450.00,2025-08-21 11:45:58
7000011254,1000011254,20250821,3227,1,,GATEWAY,PAID,16020.00,2025-08-21 14:07:12
7000011255,1000011255,20250821,3148,1,,CARD,PAID,19650.00,2025-08-21 14:15:17
7000011256,1000011256,20250821,2815,1,,GATEWAY,FAILED,16020.00,
7000011258,1000011258,20250821,2023,1,,CARD,FAILED,16020.00,
7000011259,1000011259,20250821,1815,1,,CARD,PAID,19650.00,2025-08-21 17:34:37
7000011262,1000011262,20250821,1679,1,,CARD,PAID,16020.00,2025-08-21 21:11:13
7000011263,1000011263,20250822,1780,1,,GATEWAY,PAID,15720.00,2025-08-22 06:52:49
7000011264,1000011264,20250822,2480,1,,GATEWAY,PAID,19350.00,2025-08-22 09:35:17
7000011265,1000011265,20250822,2584,1,,GATEWAY,PAID,65340.00,2025-08-22 09:39:17
7000011266,1000011266,20250822,1652,1,,GATEWAY,PAID,52320.00,2025-08-22 10:27:44
7000011267,1000011267,20250822,3028,1,,CARD,PAID,37500.00,2025-08-22 10:21:30
7000011277,1000011277,20250822,1517,1,,CARD,PAID,18742.50,2025-08-22 17:10:31
7000011280,1000011280,20250822,3313,1,,GATEWAY,PAID,44760.00,2025-08-23 06:07:31
7000011283,1000011283,20250822,2716,1,,GATEWAY,PAID,33870.00,2025-08-22 21:07:24
7000011284,1000011284,20250822,3315,1,,GATEWAY,PAID,19650.00,2025-08-23 12:03:57
7000011285,1000011285,20250823,2075,1,,GATEWAY,PAID,19950.00,2025-08-23 00:26:02
7000011286,1000011286,20250823,2172,1,,CARD,PAID,19350.00,2025-08-23 08:03:25
7000011287,1000011287,20250823,2639,1,,CARD,PAID,15720.00,2025-08-23 11:15:36
7000011290,1000011290,20250823,3317,1,,GATEWAY,PAID,30840.00,2025-08-23 11:41:49
7000011292,1000011292,20250823,2663,1,,GATEWAY,PAID,54450.00,2025-08-23 13:11:40
7000011296,1000011296,20250823,1485,1,,CARD,PAID,92565.00,2025-08-23 16:44:12
7000011297,1000011297,20250823,1375,1,,CARD,PAID,98736.00,2025-08-23 18:26:53
7000011299,1000011299,20250823,3319,1,,GATEWAY,PAID,30840.00,2025-08-23 21:51:52
7000011300,1000011300,20250823,2141,1,,CARD,PAID,29088.00,2025-08-23 21:54:01
7000011301,1000011301,20250823,3152,1,,CARD,PAID,34170.00,2025-08-23 22:39:13
7000011302,1000011302,20250823,1736,1,,CARD,PAID,30240.00,2025-08-23 23:02:45
7000011303,1000011303,20250824,3320,1,,CARD,PAID,16020.00,2025-08-24 04:10:31
7000011304,1000011304,20250824,2273,1,,GATEWAY,PAID,30240.00,2025-08-24 08:13:02
7000011305,1000011305,20250824,496,1,,CARD,PAID,15720.00,2025-08-24 08:13:24
7000011306,1000011306,20250824,3321,1,,GATEWAY,PAID,19650.00,2025-08-24 11:27:36
7000011307,1000011307,20250824,2735,1,,CARD,PAID,16020.00,2025-08-24 13:17:54
7000011308,1000011308,20250824,1057,1,,GATEWAY,PAID,19950.00,2025-08-24 14:01:57
7000011309,1000011309,20250824,3322,1,,CARD,PAID,15720.00,2025-08-24 15:08:22
7000011310,1000011310,20250824,3323,1,,GATEWAY,PAID,48390.00,2025-08-24 20:52:51
7000011311,1000011311,20250824,2180,1,,CARD,PAID,76230.00,2025-08-24 21:31:52
7000011312,1000011312,20250824,3324,1,,GATEWAY,PAID,16320.00,2025-08-24 22:04:25
7000011313,1000011313,20250824,2444,1,,GATEWAY,PAID,16320.00,2025-08-25 15:20:17
7000011314,1000011314,20250824,2206,1,,GATEWAY,PAID,72600.00,2025-08-24 23:51:21
7000011315,1000011315,20250825,2060,1,,CARD,PAID,19350.00,2025-08-25 07:09:02
7000011316,1000011316,20250825,1852,1,,CARD,PAID,16020.00,2025-08-25 08:55:18
7000011318,1000011318,20250825,2292,1,,GATEWAY,FAILED,30240.00,
7000011319,1000011319,20250825,2027,1,,CARD,PAID,19350.00,2025-08-25 11:12:54
7000011320,1000011320,20250825,578,1,,CARD,REFUNDED,44760.00,2025-08-25 13:04:45
7000011322,1000011322,20250825,3325,1,,CARD,PAID,19650.00,2025-08-25 13:19:07
7000011323,1000011323,20250825,3326,1,,CARD,PAID,37800.00,2025-08-25 13:38:32
7000011324,1000011324,20250825,3327,1,,CARD,PAID,19350.00,2025-08-25 13:50:45
7000011325,1000011325,20250825,1223,1,,GATEWAY,FAILED,72600.00,
7000011327,1000011327,20250825,1224,1,,CARD,REFUNDED,30240.00,2025-08-25 16:35:11
7000011328,1000011328,20250825,3328,1,,GATEWAY,PAID,61710.00,2025-08-25 17:29:02
7000011331,1000011331,20250825,2044,1,,GATEWAY,PAID,52020.00,2025-08-25 17:45:14
7000011332,1000011332,20250825,3089,1,,GATEWAY,PAID,16020.00,2025-08-25 18:08:11
7000011333,1000011333,20250825,2912,1,,GATEWAY,PAID,16020.00,2025-08-25 18:10:53
7000011334,1000011334,20250825,3195,1,,CARD,PAID,16020.00,2025-08-25 21:12:25
7000011335,1000011335,20250825,3329,1,,GATEWAY,PAID,58080.00,2025-08-25 21:57:37
7000011336,1000011336,20250826,1901,1,,GATEWAY,FAILED,37800.00,
7000011337,1000011337,20250826,2476,1,,CARD,PAID,14568.00,2025-08-26 10:23:17
7000011339,1000011339,20250826,3330,1,,CARD,PAID,58806.00,2025-08-26 10:49:55
7000011342,1000011342,20250826,3030,1,,CARD,PAID,19350.00,2025-08-26 13:21:33
7000011343,1000011343,20250826,486,1,,CARD,PAID,34170.00,2025-08-26 16:27:42
7000011344,1000011344,20250826,1703,1,,CARD,PAID,37800.00,2025-08-26 16:44:01
7000011347,1000011347,20250826,3333,1,,GATEWAY,REFUNDED,19650.00,2025-08-26 19:00:16
7000011348,1000011348,20250826,1972,1,,GATEWAY,PAID,18135.00,2025-08-26 19:29:49
7000011349,1000011349,20250826,3334,1,,CARD,PAID,45060.00,2025-08-26 21:40:51
7000011350,1000011350,20250826,1660,1,,GATEWAY,PAID,19650.00,2025-08-26 21:55:42
7000011351,1000011351,20250826,2862,1,,CARD,PAID,44760.00,2025-08-26 22:02:50
7000011352,1000011352,20250826,3335,1,,CARD,PAID,54450.00,2025-08-26 22:28:10
7000011353,1000011353,20250826,791,1,,GATEWAY,PAID,30240.00,2025-08-26 22:55:41
7000011354,1000011354,20250826,3336,1,,CARD,PAID,14568.00,2025-08-26 23:57:06
7000011355,1000011355,20250827,2521,1,,CARD,REFUNDED,16020.00,2025-08-27 00:47:34
7000011356,1000011356,20250827,2190,1,,CARD,PAID,15720.00,2025-08-27 07:32:01
7000011360,1000011360,20250827,2742,1,,GATEWAY,PAID,72600.00,2025-08-27 12:53:55
7000011361,1000011361,20250827,3337,1,,CARD,PAID,37800.00,2025-08-27 15:42:19
7000011363,1000011363,20250827,2891,1,,GATEWAY,PAID,52320.00,2025-08-27 16:17:36
7000011364,1000011364,20250827,3338,1,,CARD,PAID,37800.00,2025-08-27 16:46:27
7000011366,1000011366,20250827,2545,1,,CARD,PAID,15720.00,2025-08-27 18:03:27
7000011368,1000011368,20250827,3340,1,,GATEWAY,PAID,19350.00,2025-08-28 13:52:11
7000011374,1000011374,20250827,526,1,,CARD,REFUNDED,87120.00,2025-08-27 21:26:37
7000011375,1000011375,20250827,3226,1,,GATEWAY,PAID,61710.00,2025-08-27 23:00:42
7000011376,1000011376,20250828,1046,1,,CARD,PAID,58080.00,2025-08-28 00:11:19
7000011377,1000011377,20250828,1194,1,,CARD,PAID,15294.00,2025-08-28 01:45:20
7000011378,1000011378,20250828,3343,1,,GATEWAY,PAID,30240.00,2025-08-28 05:14:07
7000011381,1000011381,20250828,3344,1,,GATEWAY,PAID,45060.00,2025-08-28 12:34:51
7000011385,1000011385,20250828,1929,1,,GATEWAY,PAID,15720.00,2025-08-28 20:06:07
7000011387,1000011387,20250828,3346,1,,GATEWAY,FAILED,37500.00,
7000011388,1000011388,20250828,3347,1,,GATEWAY,PAID,15720.00,2025-08-28 23:01:51
7000011389,1000011389,20250829,1905,1,,CARD,PAID,16320.00,2025-08-29 07:19:58
7000011390,1000011390,20250829,2895,1,,CARD,PAID,37800.00,2025-08-29 09:38:52
7000011391,1000011391,20250829,3348,1,,CARD,REFUNDED,65340.00,2025-08-29 11:29:06
7000011393,1000011393,20250829,2371,1,,CARD,PAID,30240.00,2025-08-29 12:15:36
7000011394,1000011394,20250829,2234,1,,CARD,FAILED,30240.00,
7000011395,1000011395,20250829,3349,1,,CARD,FAILED,16020.00,
7000011398,1000011398,20250829,2894,1,,GATEWAY,PAID,34170.00,2025-08-29 14:54:36
7000011399,1000011399,20250829,1992,1,,CARD,PAID,15720.00,2025-08-29 15:03:15
7000011403,1000011403,20250829,2434,1,,CARD,FAILED,44760.00,
7000011405,1000011405,20250829,3350,1,,CARD,PAID,83490.00,2025-08-29 19:36:26
7000011407,1000011407,20250829,2571,1,,GATEWAY,PAID,19650.00,2025-08-29 21:04:28
7000011408,1000011408,20250829,70,1,,GATEWAY,PAID,61710.00,2025-08-29 21:26:30
7000011409,1000011409,20250829,2378,1,,CARD,PAID,37800.00,2025-08-29 23:38:22
7000011410,1000011410,20250830,2636,1,,GATEWAY,PAID,30240.00,2025-08-30 12:28:50
7000011421,1000011421,20250830,2357,1,,GATEWAY,PAID,48690.00,2025-08-30 16:34:45
7000011423,1000011423,20250830,3031,1,,GATEWAY,PAID,30540.00,2025-08-30 17:42:23
7000011426,1000011426,20250830,3354,1,,GATEWAY,FAILED,15720.00,
7000011427,1000011427,20250830,1521,1,,GATEWAY,PAID,15720.00,2025-08-30 19:31:28
7000011432,1000011432,20250830,2005,1,,GATEWAY,PAID,72600.00,2025-08-30 21:20:12
7000011433,1000011433,20250830,249,1,,CARD,PAID,48690.00,2025-08-30 22:05:56
7000011434,1000011434,20250831,3356,1,,GATEWAY,PAID,55176.00,2025-09-03 01:40:08
7000011435,1000011435,20250831,11,1,,GATEWAY,PAID,61710.00,2025-08-31 08:43:32
7000011436,1000011436,20250831,3357,1,,GATEWAY,PAID,19650.00,2025-08-31 08:53:58
7000011437,1000011437,20250831,1020,1,,GATEWAY,PAID,37800.00,2025-08-31 10:26:59
7000011438,1000011438,20250831,3358,1,,CARD,PAID,44760.00,2025-08-31 14:50:25
7000011439,1000011439,20250831,3359,1,,CARD,PAID,65340.00,2025-08-31 17:32:55
7000011440,1000011440,20250831,3360,1,,GATEWAY,PAID,30240.00,2025-08-31 18:49:06
7000011441,1000011441,20250831,2826,1,,GATEWAY,PAID,19650.00,2025-08-31 20:06:51
7000011442,1000011442,20250831,1547,1,,CARD,PAID,16020.00,2025-08-31 23:36:51
7000011443,1000011443,20250901,2715,1,,GATEWAY,PAID,33870.00,2025-09-01 09:14:29
7000011444,1000011444,20250901,2672,1,,CARD,PAID,30540.00,2025-09-01 13:06:36
7000011445,1000011445,20250901,671,1,,CARD,PAID,30240.00,2025-09-01 13:13:36
7000011446,1000011446,20250901,513,1,,CARD,PAID,19650.00,2025-09-01 13:49:44
7000011449,1000011449,20250901,3075,1,,CARD,PAID,37500.00,2025-09-01 15:40:32
7000011452,1000011452,20250901,756,1,,GATEWAY,PAID,87120.00,2025-09-01 18:12:51
7000011453,1000011453,20250901,2994,1,,CARD,PAID,37800.00,2025-09-01 18:56:41
7000011454,1000011454,20250901,2137,1,,CARD,PAID,58080.00,2025-09-01 19:02:06
7000011455,1000011455,20250901,3362,1,,CARD,PAID,52020.00,2025-09-01 19:37:40
7000011456,1000011456,20250901,2967,1,,GATEWAY,PAID,19350.00,2025-09-01 20:02:48
7000011457,1000011457,20250902,3363,1,,GATEWAY,PAID,16320.00,2025-09-02 00:22:37
7000011458,1000011458,20250902,3364,1,,CARD,PAID,19950.00,2025-09-02 01:13:33
7000011459,1000011459,20250902,2134,1,,GATEWAY,PAID,79860.00,2025-09-02 08:09:25
7000011462,1000011462,20250902,1467,1,,GATEWAY,PAID,19650.00,2025-09-02 11:31:07
7000011463,1000011463,20250902,163,1,,CARD,PAID,34170.00,2025-09-02 12:10:59
7000011464,1000011464,20250902,3365,1,,CARD,PAID,15720.00,2025-09-02 12:45:00
7000011465,1000011465,20250902,1129,1,,CARD,PAID,16320.00,2025-09-02 14:18:06
7000011466,1000011466,20250902,909,1,,GATEWAY,PAID,30540.00,2025-09-02 23:13:39
7000011467,1000011467,20250902,595,1,,CARD,PAID,30540.00,2025-09-02 15:19:58
7000011470,1000011470,20250902,380,1,,CARD,PAID,16020.00,2025-09-02 19:16:19
7000011471,1000011471,20250902,3109,1,,CARD,PAID,37500.00,2025-09-02 19:30:59
7000011472,1000011472,20250902,3074,1,,CARD,PAID,16020.00,2025-09-02 19:47:09
7000011475,1000011475,20250902,3273,1,,CARD,PAID,37500.00,2025-09-02 21:22:12
7000011476,1000011476,20250902,3263,1,,GATEWAY,PAID,30840.00,2025-09-02 22:20:42
7000011477,1000011477,20250902,1878,1,,CARD,PAID,16020.00,2025-09-02 22:53:43
7000011478,1000011478,20250902,3366,1,,CARD,PAID,16020.00,2025-09-02 23:26:23
7000011479,1000011479,20250903,279,1,,CARD,PAID,19650.00,2025-09-03 00:30:51
7000011480,1000011480,20250903,3367,1,,GATEWAY,PAID,79860.00,2025-09-03 00:46:16
7000011482,1000011482,20250903,1038,1,,CARD,PAID,44760.00,2025-09-03 13:03:56
7000011483,1000011483,20250903,3368,1,,GATEWAY,PAID,58080.00,2025-09-05 02:19:58
7000011485,1000011485,20250903,1814,1,,CARD,REFUNDED,16320.00,2025-09-03 17:00:58
7000011488,1000011488,20250903,2825,1,,GATEWAY,PAID,19350.00,2025-09-03 20:07:42
7000011490,1000011490,20250903,3369,1,,CARD,PAID,16020.00,2025-09-03 20:44:31
7000011491,1000011491,20250903,2320,1,,CARD,PAID,65340.00,2025-09-03 21:42:05
7000011492,1000011492,20250903,3370,1,,GATEWAY,PAID,16020.00,2025-09-03 22:19:08
7000011493,1000011493,20250903,3371,1,,GATEWAY,PAID,19350.00,2025-09-03 22:33:26
7000011494,1000011494,20250903,3013,1,,CARD,PAID,16320.00,2025-09-03 22:44:26
7000011495,1000011495,20250903,792,1,,GATEWAY,PAID,44760.00,2025-09-03 23:28:00
7000011496,1000011496,20250904,457,1,,CARD,PAID,87120.00,2025-09-04 09:12:28
7000011497,1000011497,20250904,3372,1,,GATEWAY,PAID,38100.00,2025-09-04 10:43:59
7000011498,1000011498,20250904,1002,1,,CARD,PAID,45060.00,2025-09-04 11:39:48
7000011500,1000011500,20250904,2913,1,,CARD,PAID,19650.00,2025-09-04 13:50:16
7000011501,1000011501,20250904,1554,1,,GATEWAY,PAID,65340.00,2025-09-04 14:16:38
7000011503,1000011503,20250904,3181,1,,CARD,PAID,37500.00,2025-09-04 15:08:03
7000011504,1000011504,20250904,2986,1,,CARD,PAID,33870.00,2025-09-04 15:33:17
7000011506,1000011506,20250904,1945,1,,GATEWAY,PAID,30840.00,2025-09-04 16:42:58
7000011509,1000011509,20250904,2570,1,,CARD,PAID,83490.00,2025-09-04 19:29:27
7000011512,1000011512,20250904,1351,1,,GATEWAY,PAID,52320.00,2025-09-04 22:21:08
7000011513,1000011513,20250904,2563,1,,CARD,PAID,34470.00,2025-09-04 22:01:01
7000011514,1000011514,20250904,2018,1,,GATEWAY,PAID,72600.00,2025-09-04 22:24:22
7000011515,1000011515,20250905,490,1,,CARD,PAID,19350.00,2025-09-05 05:53:58
7000011516,1000011516,20250905,2873,1,,CARD,PAID,19350.00,2025-09-05 12:01:23
7000011517,1000011517,20250905,3376,1,,CARD,PAID,68970.00,2025-09-05 12:55:30
7000011518,1000011518,20250905,2883,1,,GATEWAY,FAILED,33870.00,
7000011523,1000011523,20250905,1599,1,,GATEWAY,FAILED,30240.00,
7000011526,1000011526,20250905,3130,1,,CARD,PAID,16020.00,2025-09-05 17:34:43
7000011528,1000011528,20250905,2890,1,,GATEWAY,REFUNDED,30240.00,2025-09-05 18:24:45
7000011529,1000011529,20250905,473,1,,CARD,PAID,44760.00,2025-09-05 19:11:40
7000011530,1000011530,20250905,2322,1,,GATEWAY,PAID,33870.00,2025-09-05 20:39:15
7000011531,1000011531,20250905,3379,1,,CARD,PAID,37500.00,2025-09-05 20:52:09
7000011532,1000011532,20250905,1369,1,,CARD,PAID,45060.00,2025-09-05 21:20:52
7000011533,1000011533,20250905,2221,1,,GATEWAY,PAID,19650.00,2025-09-05 23:48:58
7000011534,1000011534,20250906,3380,1,,CARD,PAID,30540.00,2025-09-06 05:42:23
7000011536,1000011536,20250906,1492,1,,GATEWAY,PAID,15720.00,2025-09-06 10:27:33
7000011538,1000011538,20250906,2598,1,,GATEWAY,PAID,19650.00,2025-09-07 17:59:44
7000011541,1000011541,20250906,172,1,,CARD,PAID,72600.00,2025-09-06 13:56:51
7000011542,1000011542,20250906,1750,1,,GATEWAY,FAILED,34170.00,
7000011545,1000011545,20250906,3384,1,,GATEWAY,PAID,33870.00,2025-09-06 14:58:17
7000011550,1000011550,20250906,3385,1,,GATEWAY,PAID,19650.00,2025-09-07 10:16:07
7000011554,1000011554,20250906,3386,1,,CARD,PAID,30840.00,2025-09-06 18:02:50
7000011557,1000011557,20250906,1165,1,,CARD,PAID,18442.50,2025-09-06 19:34:47
7000011558,1000011558,20250907,2103,1,,CARD,REFUNDED,19950.00,2025-09-07 00:53:35
7000011559,1000011559,20250907,3389,1,,CARD,PAID,16020.00,2025-09-07 02:29:30
7000011560,1000011560,20250907,1931,1,,CARD,PAID,16020.00,2025-09-07 08:21:56
7000011561,1000011561,20250907,2052,1,,CARD,PAID,37500.00,2025-09-07 11:36:41
7000011562,1000011562,20250907,2183,1,,CARD,PAID,19350.00,2025-09-07 12:23:55
7000011563,1000011563,20250907,2622,1,,GATEWAY,PAID,45060.00,2025-09-08 08:21:27
7000011564,1000011564,20250907,2993,1,,CARD,PAID,44760.00,2025-09-07 14:56:40
7000011565,1000011565,20250907,3099,1,,CARD,PAID,34470.00,2025-09-07 16:20:56
7000011566,1000011566,20250907,497,1,,GATEWAY,PAID,33870.00,2025-09-07 19:43:06
7000011567,1000011567,20250907,3390,1,,CARD,PAID,19350.00,2025-09-07 20:36:13
7000011568,1000011568,20250907,2660,1,,GATEWAY,PAID,15720.00,2025-09-07 21:56:16
7000011569,1000011569,20250908,2380,1,,CARD,PAID,30240.00,2025-09-08 05:58:02
7000011570,1000011570,20250908,3391,1,,GATEWAY,PAID,18742.50,2025-09-08 10:28:28
7000011573,1000011573,20250908,1007,1,,CARD,PAID,54450.00,2025-09-08 13:15:23
7000011574,1000011574,20250908,2012,1,,GATEWAY,PAID,37500.00,2025-09-08 15:17:25
7000011577,1000011577,20250908,488,1,,CARD,PAID,30540.00,2025-09-08 16:53:13
7000011578,1000011578,20250908,125,1,,CARD,PAID,37800.00,2025-09-08 16:58:13
7000011580,1000011580,20250908,1526,1,,GATEWAY,PAID,68970.00,2025-09-08 19:28:51
7000011582,1000011582,20250908,2848,1,,GATEWAY,PAID,30240.00,2025-09-08 17:39:40
7000011583,1000011583,20250908,3133,1,,GATEWAY,PAID,48390.00,2025-09-08 17:48:17
7000011584,1000011584,20250908,1783,1,,GATEWAY,PAID,16020.00,2025-09-08 23:24:38
7000011585,1000011585,20250908,1851,1,,CARD,REFUNDED,52620.00,2025-09-08 18:03:15
7000011587,1000011587,20250908,3392,1,,CARD,PAID,37800.00,2025-09-08 18:34:43
7000011589,1000011589,20250908,3393,1,,GATEWAY,PAID,30240.00,2025-09-08 18:50:16
7000011590,1000011590,20250908,700,1,,CARD,FAILED,29088.00,
7000011591,1000011591,20250908,2301,1,,GATEWAY,PAID,16020.00,2025-09-08 19:52:50
7000011592,1000011592,20250908,1973,1,,CARD,PAID,34170.00,2025-09-08 19:50:33
7000011594,1000011594,20250908,3014,1,,GATEWAY,PAID,16020.00,2025-09-08 20:36:15
7000011597,1000011597,20250908,3394,1,,CARD,PAID,65340.00,2025-09-08 21:20:32
7000011598,1000011598,20250908,2405,1,,GATEWAY,PAID,19950.00,2025-09-08 21:44:35
7000011599,1000011599,20250908,1866,1,,GATEWAY,PAID,19650.00,2025-09-08 22:04:49
7000011600,1000011600,20250908,1016,1,,CARD,PAID,33870.00,2025-09-08 22:04:17
7000011601,1000011601,20250908,3395,1,,CARD,FAILED,15720.00,
7000011602,1000011602,20250908,3396,1,,GATEWAY,REFUNDED,45360.00,2025-09-08 23:37:34
7000011603,1000011603,20250909,2791,1,,CARD,PAID,30540.00,2025-09-09 01:54:50
7000011604,1000011604,20250909,3190,1,,CARD,PAID,19350.00,2025-09-09 03:11:10
7000011605,1000011605,20250909,2950,1,,CARD,PAID,19650.00,2025-09-09 08:37:35
7000011606,1000011606,20250909,1997,1,,GATEWAY,PAID,40404.00,2025-09-09 09:23:37
7000011607,1000011607,20250909,2280,1,,GATEWAY,PAID,30540.00,2025-09-09 12:47:41
7000011608,1000011608,20250909,2169,1,,GATEWAY,PAID,15720.00,2025-09-09 11:44:19
7000011610,1000011610,20250909,2830,1,,CARD,PAID,15720.00,2025-09-09 12:51:42
7000011611,1000011611,20250909,3398,1,,CARD,PAID,58080.00,2025-09-09 14:11:04
7000011612,1000011612,20250909,2936,1,,CARD,PAID,30240.00,2025-09-09 14:44:09
7000011616,1000011616,20250909,3400,1,,CARD,PAID,17835.00,2025-09-09 20:46:44
7000011617,1000011617,20250909,1607,1,,GATEWAY,PAID,16020.00,2025-09-09 21:14:41
7000011618,1000011618,20250909,3188,1,,CARD,PAID,55539.00,2025-09-09 22:29:41
7000011619,1000011619,20250910,475,1,,CARD,PAID,16020.00,2025-09-10 01:14:31
7000011620,1000011620,20250910,2192,1,,GATEWAY,PAID,72600.00,2025-09-10 02:46:17
7000011621,1000011621,20250910,1855,1,,GATEWAY,PAID,19350.00,2025-09-10 05:35:20
7000011622,1000011622,20250910,2416,1,,GATEWAY,PAID,19950.00,2025-09-10 07:18:36
7000011623,1000011623,20250910,3401,1,,GATEWAY,PAID,30540.00,2025-09-10 07:47:20
7000011624,1000011624,20250910,2634,1,,CARD,PAID,16320.00,2025-09-10 09:40:08
7000011625,1000011625,20250910,1527,1,,CARD,PAID,61710.00,2025-09-10 10:36:17
7000011626,1000011626,20250910,3402,1,,CARD,PAID,72600.00,2025-09-10 11:29:16
7000011629,1000011629,20250910,2346,1,,CARD,PAID,15720.00,2025-09-10 14:06:03
7000011632,1000011632,20250910,1920,1,,GATEWAY,PAID,44760.00,2025-09-10 15:11:50
7000011634,1000011634,20250910,3232,1,,CARD,PAID,16020.00,2025-09-10 18:36:55
7000011636,1000011636,20250910,2494,1,,GATEWAY,PAID,30840.00,2025-09-10 19:35:22
7000011637,1000011637,20250910,2676,1,,CARD,PAID,68970.00,2025-09-10 20:22:51
7000011638,1000011638,20250910,1930,1,,CARD,PAID,15720.00,2025-09-10 22:06:00
7000011639,1000011639,20250911,3404,1,,CARD,PAID,54450.00,2025-09-11 02:03:05
7000011640,1000011640,20250911,1505,1,,CARD,PAID,19350.00,2025-09-11 08:41:30
7000011641,1000011641,20250911,2771,1,,GATEWAY,PAID,44760.00,2025-09-11 10:19:53
7000011642,1000011642,20250911,1110,1,,GATEWAY,FAILED,16320.00,
7000011644,1000011644,20250911,3405,1,,GATEWAY,PAID,15720.00,2025-09-11 13:55:57
7000011645,1000011645,20250911,2723,1,,CARD,PAID,19350.00,2025-09-11 15:10:46
7000011647,1000011647,20250911,1819,1,,CARD,PAID,38100.00,2025-09-11 16:22:46
7000011648,1000011648,20250911,2611,1,,CARD,PAID,72600.00,2025-09-11 16:29:11
7000011649,1000011649,20250911,2153,1,,GATEWAY,PAID,19650.00,2025-09-11 20:29:05
7000011651,1000011651,20250911,30,1,,CARD,PAID,15720.00,2025-09-11 18:59:35
7000011652,1000011652,20250911,2402,1,,GATEWAY,PAID,19650.00,2025-09-11 19:43:44
7000011653,1000011653,20250911,2772,1,,GATEWAY,PAID,33870.00,2025-09-11 20:01:28
7000011655,1000011655,20250912,2868,1,,CARD,PAID,54450.00,2025-09-12 00:28:07
7000011656,1000011656,20250912,3066,1,,CARD,PAID,268438.50,2025-09-12 02:34:34
7000011657,1000011657,20250912,3407,1,,CARD,PAID,19650.00,2025-09-12 06:25:33
7000011658,1000011658,20250912,1780,1,,CARD,PAID,37500.00,2025-09-12 08:02:14
7000011661,1000011661,20250912,3198,1,,GATEWAY,FAILED,48690.00,
7000011662,1000011662,20250912,3408,1,,GATEWAY,FAILED,16320.00,
7000011664,1000011664,20250912,3409,1,,GATEWAY,PAID,15720.00,2025-09-12 18:50:48
7000011665,1000011665,20250912,3137,1,,CARD,PAID,19650.00,2025-09-12 19:44:28
7000011666,1000011666,20250912,2114,1,,CARD,PAID,19350.00,2025-09-12 20:09:21
7000011667,1000011667,20250912,3410,1,,CARD,PAID,16320.00,2025-09-12 20:14:43
7000011670,1000011670,20250912,373,1,,CARD,PAID,19950.00,2025-09-12 20:53:09
7000011671,1000011671,20250912,644,1,,CARD,PAID,19650.00,2025-09-12 22:30:01
7000011672,1000011672,20250912,3411,1,,GATEWAY,PAID,15720.00,2025-09-12 23:29:50
7000011675,1000011675,20250913,3277,1,,CARD,PAID,37800.00,2025-09-13 12:14:46
7000011680,1000011680,20250913,3413,1,,CARD,PAID,15720.00,2025-09-13 15:02:17
7000011683,1000011683,20250913,2270,1,,CARD,PAID,44760.00,2025-09-13 17:04:52
7000011688,1000011688,20250913,1500,1,,GATEWAY,PAID,34170.00,2025-09-13 19:40:40
7000011689,1000011689,20250913,3065,1,,CARD,PAID,45060.00,2025-09-13 20:29:02
7000011690,1000011690,20250913,1422,1,,CARD,REFUNDED,48390.00,2025-09-13 21:48:46
7000011691,1000011691,20250914,3414,1,,CARD,PAID,16320.00,2025-09-14 10:34:33
7000011692,1000011692,20250914,3415,1,,GATEWAY,PAID,16020.00,2025-09-14 12:51:47
7000011693,1000011693,20250914,3085,1,,CARD,REFUNDED,52020.00,2025-09-14 13:29:56
7000011694,1000011694,20250914,3262,1,,GATEWAY,PAID,52620.00,2025-09-14 16:41:25
7000011695,1000011695,20250914,1001,1,,CARD,PAID,19650.00,2025-09-14 16:40:02
7000011696,1000011696,20250914,2016,1,,GATEWAY,PAID,15720.00,2025-09-15 14:51:07
7000011697,1000011697,20250914,1677,1,,CARD,PAID,33870.00,2025-09-14 21:12:56
7000011698,1000011698,20250914,1302,1,,CARD,PAID,45060.00,2025-09-14 21:14:43
7000011699,1000011699,20250914,913,1,,GATEWAY,PAID,16020.00,2025-09-15 06:40:42
7000011700,1000011700,20250914,1360,1,,GATEWAY,PAID,33870.00,2025-09-15 09:44:54
7000011701,1000011701,20250915,3416,1,,CARD,PAID,58080.00,2025-09-15 03:00:33
7000011702,1000011702,20250915,1118,1,,CARD,PAID,44760.00,2025-09-15 09:42:56
7000011703,1000011703,20250915,1311,1,,CARD,PAID,16020.00,2025-09-15 09:53:56
7000011704,1000011704,20250915,3417,1,,CARD,PAID,15720.00,2025-09-15 10:30:34
7000011705,1000011705,20250915,2891,1,,CARD,PAID,34170.00,2025-09-15 11:30:55
7000011706,1000011706,20250915,983,1,,GATEWAY,PAID,15720.00,2025-09-15 14:03:48
7000011707,1000011707,20250915,2644,1,,CARD,PAID,58080.00,2025-09-15 15:14:41
7000011709,1000011709,20250915,2766,1,,CARD,PAID,16320.00,2025-09-15 18:31:08
7000011711,1000011711,20250915,2113,1,,CARD,PAID,68970.00,2025-09-15 23:11:26
7000011712,1000011712,20250916,3300,1,,GATEWAY,PAID,16020.00,2025-09-16 05:39:57
7000011713,1000011713,20250916,2973,1,,GATEWAY,FAILED,16020.00,
7000011714,1000011714,20250916,2443,1,,CARD,PAID,16320.00,2025-09-16 12:06:23
7000011716,1000011716,20250916,3280,1,,GATEWAY,PAID,19650.00,2025-09-16 12:54:48
7000011717,1000011717,20250916,3253,1,,CARD,PAID,19350.00,2025-09-16 13:07:40
7000011721,1000011721,20250916,3419,1,,GATEWAY,PAID,16020.00,2025-09-19 15:17:30
7000011723,1000011723,20250916,11,1,,CARD,PAID,45360.00,2025-09-16 17:50:05
7000011727,1000011727,20250916,165,1,,CARD,PAID,16020.00,2025-09-16 23:10:17
7000011728,1000011728,20250917,2679,1,,CARD,PAID,160446.00,2025-09-17 01:08:22
7000011729,1000011729,20250917,1852,1,,CARD,FAILED,19650.00,
7000011730,1000011730,20250917,2526,1,,CARD,PAID,33870.00,2025-09-17 08:00:58
7000011731,1000011731,20250917,1253,1,,GATEWAY,PAID,19650.00,2025-09-17 09:07:40
7000011732,1000011732,20250917,1423,1,,CARD,FAILED,15720.00,
7000011734,1000011734,20250917,2853,1,,CARD,PAID,54450.00,2025-09-17 13:04:22
7000011736,1000011736,20250917,3037,1,,GATEWAY,PAID,16320.00,2025-09-17 21:15:24
7000011738,1000011738,20250917,2752,1,,GATEWAY,PAID,15720.00,2025-09-17 18:11:58
7000011739,1000011739,20250917,941,1,,CARD,PAID,68970.00,2025-09-17 20:31:44
7000011741,1000011741,20250917,3421,1,,GATEWAY,PAID,48690.00,2025-09-17 21:26:12
7000011742,1000011742,20250917,951,1,,CARD,PAID,44760.00,2025-09-17 21:45:52
7000011743,1000011743,20250918,420,1,,GATEWAY,PAID,33870.00,2025-09-18 12:03:50
7000011745,1000011745,20250918,3422,1,,CARD,PAID,37500.00,2025-09-18 14:15:05
7000011746,1000011746,20250918,3423,1,,GATEWAY,PAID,16320.00,2025-09-18 15:09:24
7000011747,1000011747,20250918,2819,1,,CARD,PAID,19350.00,2025-09-18 15:26:16
7000011748,1000011748,20250918,2163,1,,CARD,PAID,65340.00,2025-09-18 16:51:27
7000011749,1000011749,20250918,2904,1,,CARD,FAILED,34170.00,
7000011752,1000011752,20250918,2441,1,,CARD,PAID,33870.00,2025-09-18 19:03:16
7000011753,1000011753,20250918,3424,1,,GATEWAY,PAID,65340.00,2025-09-18 20:03:58
7000011754,1000011754,20250918,3221,1,,CARD,PAID,58080.00,2025-09-18 22:56:51
7000011755,1000011755,20250918,2310,1,,GATEWAY,PAID,30240.00,2025-09-18 23:04:55
7000011756,1000011756,20250919,2704,1,,CARD,PAID,48690.00,2025-09-19 10:33:07
7000011757,1000011757,20250919,1815,1,,CARD,PAID,54450.00,2025-09-19 12:49:34
7000011758,1000011758,20250919,2516,1,,CARD,PAID,45060.00,2025-09-19 15:58:39
7000011759,1000011759,20250919,3425,1,,CARD,PAID,19350.00,2025-09-19 17:36:29
7000011760,1000011760,20250919,2687,1,,CARD,PAID,16020.00,2025-09-19 17:40:53
7000011761,1000011761,20250919,421,1,,CARD,REFUNDED,19350.00,2025-09-19 19:01:31
7000011762,1000011762,20250919,1847,1,,GATEWAY,PAID,54450.00,2025-09-20 08:01:08
7000011763,1000011763,20250919,1517,1,,GATEWAY,PAID,19650.00,2025-09-20 05:39:31
7000011765,1000011765,20250919,1301,1,,CARD,PAID,16320.00,2025-09-19 20:52:25
7000011766,1000011766,20250919,2453,1,,GATEWAY,PAID,45060.00,2025-09-19 22:46:06
7000011767,1000011767,20250919,2230,1,,CARD,PAID,58080.00,2025-09-19 23:55:34
7000011768,1000011768,20250920,764,1,,GATEWAY,FAILED,52020.00,
7000011769,1000011769,20250920,1051,1,,CARD,PAID,18742.50,2025-09-20 07:26:43
7000011776,1000011776,20250920,3322,1,,CARD,PAID,15720.00,2025-09-20 16:02:10
7000011779,1000011779,20250920,1012,1,,CARD,FAILED,34170.00,
7000011780,1000011780,20250920,354,1,,CARD,PAID,19650.00,2025-09-20 17:53:22
7000011781,1000011781,20250920,3084,1,,CARD,PAID,19650.00,2025-09-20 19:08:55
7000011782,1000011782,20250920,3428,1,,CARD,PAID,15720.00,2025-09-20 19:14:48
7000011784,1000011784,20250920,909,1,,CARD,PAID,16020.00,2025-09-20 20:07:21
7000011785,1000011785,20250920,2895,1,,CARD,PAID,16020.00,2025-09-20 20:51:56
7000011787,1000011787,20250920,2597,1,,CARD,PAID,38100.00,2025-09-20 22:08:54
7000011788,1000011788,20250920,2898,1,,CARD,PAID,15720.00,2025-09-20 22:29:33
7000011789,1000011789,20250920,3429,1,,CARD,PAID,87120.00,2025-09-20 22:44:04
7000011790,1000011790,20250920,3013,1,,CARD,PAID,277695.00,2025-09-20 23:29:17
7000011791,1000011791,20250921,3111,1,,CARD,PAID,19650.00,2025-09-21 09:21:01
7000011792,1000011792,20250921,3250,1,,GATEWAY,PAID,16020.00,2025-09-21 09:33:35
7000011793,1000011793,20250921,3430,1,,CARD,PAID,68970.00,2025-09-21 10:58:25
7000011794,1000011794,20250921,703,1,,GATEWAY,PAID,37800.00,2025-09-21 13:43:34
7000011795,1000011795,20250921,705,1,,GATEWAY,PAID,16020.00,2025-09-21 13:48:21
7000011796,1000011796,20250921,2019,1,,CARD,PAID,15720.00,2025-09-21 14:01:02
7000011797,1000011797,20250921,1855,1,,CARD,PAID,15720.00,2025-09-21 14:41:58
7000011798,1000011798,20250921,405,1,,CARD,PAID,19950.00,2025-09-21 17:12:46
7000011799,1000011799,20250921,2560,1,,GATEWAY,PAID,30240.00,2025-09-22 01:54:43
7000011800,1000011800,20250921,3431,1,,CARD,PAID,30540.00,2025-09-21 23:58:21
7000011801,1000011801,20250922,3080,1,,GATEWAY,PAID,15720.00,2025-09-22 00:07:37
7000011802,1000011802,20250922,3432,1,,CARD,PAID,48690.00,2025-09-22 09:13:39
7000011804,1000011804,20250922,1598,1,,CARD,PAID,30840.00,2025-09-22 11:25:36
7000011805,1000011805,20250922,3304,1,,CARD,PAID,19950.00,2025-09-22 13:05:06
7000011806,1000011806,20250922,3433,1,,CARD,PAID,16020.00,2025-09-22 13:19:10
7000011807,1000011807,20250922,1187,1,,CARD,REFUNDED,19350.00,2025-09-22 13:40:06
7000011808,1000011808,20250922,3298,1,,CARD,PAID,52020.00,2025-09-22 13:39:58
7000011809,1000011809,20250922,3434,1,,GATEWAY,PAID,54450.00,2025-09-22 13:47:25
7000011811,1000011811,20250922,3435,1,,GATEWAY,PAID,58080.00,2025-09-22 14:22:39
7000011812,1000011812,20250922,3143,1,,GATEWAY,REFUNDED,15720.00,2025-09-22 14:28:23
7000011813,1000011813,20250922,1683,1,,GATEWAY,PAID,19350.00,2025-09-22 14:56:44
7000011815,1000011815,20250922,2092,1,,CARD,PAID,19650.00,2025-09-22 16:47:39
7000011816,1000011816,20250922,3437,1,,CARD,PAID,19350.00,2025-09-22 18:41:58
7000011819,1000011819,20250922,2386,1,,CARD,PAID,33870.00,2025-09-22 21:17:33
7000011820,1000011820,20250922,1980,1,,GATEWAY,PAID,48690.00,2025-09-22 21:30:37
7000011821,1000011821,20250922,3395,1,,CARD,PAID,33870.00,2025-09-22 22:24:43
7000011822,1000011822,20250922,2083,1,,CARD,FAILED,45060.00,
7000011823,1000011823,20250923,2515,1,,CARD,PAID,45060.00,2025-09-23 08:15:45
7000011824,1000011824,20250923,1047,1,,CARD,PAID,45060.00,2025-09-23 10:53:07
7000011827,1000011827,20250923,3438,1,,GATEWAY,PAID,72600.00,2025-09-25 12:26:39
7000011828,1000011828,20250923,3439,1,,CARD,PAID,48390.00,2025-09-23 16:03:38
7000011829,1000011829,20250923,3368,1,,GATEWAY,FAILED,65340.00,
7000011830,1000011830,20250923,1946,1,,GATEWAY,PAID,14568.00,2025-09-23 19:42:27
7000011831,1000011831,20250923,2437,1,,CARD,PAID,19650.00,2025-09-23 17:32:43
7000011832,1000011832,20250923,3440,1,,CARD,PAID,19350.00,2025-09-23 17:41:36
7000011833,1000011833,20250923,2490,1,,GATEWAY,FAILED,19350.00,
7000011834,1000011834,20250923,2739,1,,CARD,PAID,30540.00,2025-09-23 18:56:26
7000011835,1000011835,20250923,3441,1,,CARD,PAID,48690.00,2025-09-23 19:59:26
7000011836,1000011836,20250923,3442,1,,CARD,FAILED,19650.00,
7000011837,1000011837,20250923,68,1,,CARD,PAID,15720.00,2025-09-23 21:26:45
7000011838,1000011838,20250924,3443,1,,GATEWAY,PAID,30240.00,2025-09-24 01:16:07
7000011839,1000011839,20250924,2119,1,,CARD,PAID,45360.00,2025-09-24 01:40:02
7000011840,1000011840,20250924,2737,1,,CARD,PAID,34170.00,2025-09-24 02:25:11
7000011841,1000011841,20250924,1646,1,,CARD,PAID,16020.00,2025-09-24 07:07:05
7000011842,1000011842,20250924,2457,1,,CARD,PAID,30240.00,2025-09-24 11:33:52
7000011843,1000011843,20250924,2900,1,,CARD,PAID,15294.00,2025-09-24 11:40:18
7000011844,1000011844,20250924,3319,1,,GATEWAY,PAID,16320.00,2025-09-24 13:52:53
7000011845,1000011845,20250924,2293,1,,CARD,PAID,112530.00,2025-09-24 14:14:45
7000011846,1000011846,20250924,2254,1,,GATEWAY,FAILED,30240.00,
7000011849,1000011849,20250924,997,1,,GATEWAY,PAID,45060.00,2025-09-24 18:08:15
7000011850,1000011850,20250924,1716,1,,GATEWAY,PAID,34170.00,2025-09-24 18:36:18
7000011852,1000011852,20250924,2840,1,,CARD,PAID,30540.00,2025-09-24 20:05:55
7000011853,1000011853,20250924,3000,1,,GATEWAY,PAID,18442.50,2025-09-25 14:03:33
7000011855,1000011855,20250925,1547,1,,GATEWAY,PAID,116160.00,2025-09-25 01:50:56
7000011856,1000011856,20250925,2005,1,,CARD,PAID,16020.00,2025-09-25 12:39:04
7000011858,1000011858,20250925,3446,1,,CARD,FAILED,15720.00,
7000011859,1000011859,20250925,2404,1,,CARD,PAID,37500.00,2025-09-25 15:07:24
7000011861,1000011861,20250925,1398,1,,GATEWAY,PAID,16320.00,2025-09-27 16:04:36
7000011862,1000011862,20250925,3447,1,,CARD,PAID,16320.00,2025-09-25 17:16:38
7000011864,1000011864,20250925,2107,1,,CARD,PAID,19650.00,2025-09-25 18:08:40
7000011865,1000011865,20250925,3293,1,,GATEWAY,PAID,19650.00,2025-09-25 18:28:46
7000011866,1000011866,20250925,1257,1,,CARD,PAID,19650.00,2025-09-25 19:21:31
7000011868,1000011868,20250925,1305,1,,CARD,PAID,16020.00,2025-09-25 20:46:52
7000011870,1000011870,20250925,651,1,,CARD,PAID,30240.00,2025-09-25 22:40:10
7000011871,1000011871,20250925,3089,1,,GATEWAY,PAID,16020.00,2025-09-25 23:41:14
7000011872,1000011872,20250925,2501,1,,CARD,PAID,48690.00,2025-09-25 23:50:33
7000011873,1000011873,20250926,2820,1,,GATEWAY,PAID,30540.00,2025-09-28 01:31:26
7000011876,1000011876,20250926,3005,1,,GATEWAY,PAID,37800.00,2025-09-26 12:26:27
7000011881,1000011881,20250926,3450,1,,GATEWAY,PAID,48390.00,2025-09-26 16:55:19
7000011885,1000011885,20250926,296,1,,CARD,PAID,16020.00,2025-09-26 19:26:52
7000011887,1000011887,20250926,3179,1,,CARD,PAID,30840.00,2025-09-26 21:19:22
7000011888,1000011888,20250926,1599,1,,GATEWAY,PAID,14994.00,2025-09-26 21:35:39
7000011889,1000011889,20250926,3452,1,,CARD,PAID,15720.00,2025-09-26 21:34:41
7000011890,1000011890,20250926,1949,1,,CARD,PAID,79860.00,2025-09-26 21:46:42
7000011891,1000011891,20250926,2150,1,,GATEWAY,PAID,19042.50,2025-09-26 22:06:00
7000011892,1000011892,20250926,3454,1,,CARD,PAID,19350.00,2025-09-26 23:29:02
7000011893,1000011893,20250926,1350,1,,GATEWAY,FAILED,16020.00,
7000011894,1000011894,20250926,3453,1,,CARD,PAID,16020.00,2025-09-26 23:35:43
7000011895,1000011895,20250927,2667,1,,CARD,PAID,16020.00,2025-09-27 04:57:41
7000011896,1000011896,20250927,3455,1,,CARD,PAID,45060.00,2025-09-27 09:37:39
7000011900,1000011900,20250927,2035,1,,CARD,PAID,15720.00,2025-09-27 12:35:30
7000011902,1000011902,20250927,3456,1,,GATEWAY,PAID,30540.00,2025-09-27 13:29:26
7000011904,1000011904,20250927,3457,1,,GATEWAY,PAID,33870.00,2025-09-27 14:41:37
7000011906,1000011906,20250927,3136,1,,CARD,PAID,19650.00,2025-09-27 16:15:19
7000011913,1000011913,20250927,3460,1,,CARD,PAID,19950.00,2025-09-27 18:50:34
7000011915,1000011915,20250927,3268,1,,GATEWAY,PAID,52020.00,2025-09-27 20:32:55
7000011916,1000011916,20250927,3259,1,,GATEWAY,PAID,15720.00,2025-09-27 21:55:53
7000011917,1000011917,20250927,1380,1,,CARD,PAID,30240.00,2025-09-27 21:59:28
7000011918,1000011918,20250927,1767,1,,GATEWAY,FAILED,30240.00,
7000011919,1000011919,20250927,3158,1,,CARD,PAID,19950.00,2025-09-27 23:26:19
7000011920,1000011920,20250928,2403,1,,CARD,PAID,15720.00,2025-09-28 03:50:16
7000011921,1000011921,20250928,213,1,,CARD,FAILED,34170.00,
7000011922,1000011922,20250928,1473,1,,CARD,PAID,15720.00,2025-09-28 13:30:32
7000011923,1000011923,20250928,2345,1,,CARD,PAID,79860.00,2025-09-28 14:21:56
7000011924,1000011924,20250928,3461,1,,CARD,PAID,18742.50,2025-09-28 14:33:44
7000011925,1000011925,20250928,356,1,,GATEWAY,PAID,19350.00,2025-09-29 19:13:53
7000011926,1000011926,20250928,3344,1,,CARD,PAID,61710.00,2025-09-28 18:10:02
7000011927,1000011927,20250928,3261,1,,GATEWAY,PENDING,15720.00,
7000011928,1000011928,20250928,2782,1,,CARD,PAID,19350.00,2025-09-28 20:13:14
7000011929,1000011929,20250928,3462,1,,CARD,PAID,48390.00,2025-09-28 20:43:01
7000011930,1000011930,20250928,2571,1,,CARD,PAID,19650.00,2025-09-28 21:20:09
7000011931,1000011931,20250929,2953,1,,CARD,PAID,58080.00,2025-09-29 00:58:29
7000011933,1000011933,20250929,2179,1,,GATEWAY,PAID,34170.00,2025-09-29 10:57:31
7000011934,1000011934,20250929,2235,1,,GATEWAY,PAID,30540.00,2025-09-29 12:01:39
7000011937,1000011937,20250929,254,1,,CARD,PAID,34170.00,2025-09-29 14:01:31
7000011939,1000011939,20250929,2497,1,,GATEWAY,PAID,15294.00,2025-09-29 22:16:48
7000011941,1000011941,20250929,3465,1,,GATEWAY,PAID,130680.00,2025-09-29 15:36:20
7000011942,1000011942,20250929,996,1,,GATEWAY,PAID,52320.00,2025-09-30 04:51:56
7000011944,1000011944,20250929,1516,1,,CARD,PAID,16020.00,2025-09-29 18:12:02
7000011945,1000011945,20250929,1576,1,,GATEWAY,PAID,30540.00,2025-09-29 19:53:47
7000011947,1000011947,20250929,2411,1,,GATEWAY,PAID,52320.00,2025-09-29 20:12:58
7000011948,1000011948,20250929,1592,1,,GATEWAY,PAID,19650.00,2025-09-29 22:30:31
7000011949,1000011949,20250929,3010,1,,GATEWAY,PAID,48690.00,2025-09-29 23:49:41
7000011950,1000011950,20250930,2292,1,,GATEWAY,PAID,61710.00,2025-09-30 01:46:45
7000011951,1000011951,20250930,3467,1,,CARD,PAID,16020.00,2025-09-30 09:45:37
7000011952,1000011952,20250930,3468,1,,CARD,PAID,19350.00,2025-09-30 10:23:23
7000011958,1000011958,20250930,2972,1,,CARD,PAID,14994.00,2025-09-30 18:04:10
7000011959,1000011959,20250930,3166,1,,CARD,PAID,34470.00,2025-09-30 18:21:18
7000011960,1000011960,20250930,3470,1,,GATEWAY,PAID,19350.00,2025-09-30 18:31:28
7000011961,1000011961,20250930,3063,1,,CARD,PAID,19350.00,2025-09-30 18:42:52
7000011963,1000011963,20250930,3471,1,,CARD,PAID,54450.00,2025-09-30 19:46:57
7000011965,1000011965,20250930,526,1,,GATEWAY,PAID,52620.00,2025-09-30 21:05:18
7000011966,1000011966,20250930,563,1,,CARD,PAID,19350.00,2025-09-30 21:49:45
7000011967,1000011967,20250930,1345,1,,GATEWAY,FAILED,37500.00,
7000011968,1000011968,20250930,3412,1,,GATEWAY,PAID,16020.00,2025-09-30 23:38:11
