shipment_id,order_id,date_key,customer_key,channel_key,store_key,province_key,carrier,status,shipped_at,delivered_at,delivery_days
9000000045,1000000073,20240105,454,2,2,2,Correo Argentino,DELIVERED,2024-01-08 18:15:31,2024-01-10 14:54:47,5
9000000054,1000000088,20240106,537,2,3,3,Correo Argentino,DELIVERED,2024-01-08 17:25:21,2024-01-10 16:03:22,4
9000000071,1000000120,20240108,610,2,4,4,Correo Argentino,DELIVERED,2024-01-09 17:04:40,2024-01-10 15:19:45,2
9000000088,1000000153,20240110,376,2,4,4,Correo Argentino,DELIVERED,2024-01-11 16:41:13,2024-01-12 15:08:55,2
9000000109,1000000189,20240112,694,2,4,4,Correo Argentino,DELIVERED,2024-01-15 17:13:30,2024-01-17 16:52:49,5
9000000177,1000000328,20240120,186,2,1,1,Correo Argentino,DELIVERED,2024-01-22 17:01:02,2024-01-24 15:42:30,4
9000000193,1000000354,20240122,738,2,2,2,Correo Argentino,DELIVERED,2024-01-23 16:54:23,2024-01-25 10:33:31,3
9000000217,1000000398,20240125,267,2,1,1,Correo Argentino,DELIVERED,2024-01-26 17:06:43,2024-01-29 13:04:03,4
9000000249,1000000459,20240129,619,2,1,1,Correo Argentino,DELIVERED,2024-01-29 17:03:17,2024-01-31 09:15:27,2
9000000252,1000000463,20240129,617,2,4,4,Correo Argentino,DELIVERED,2024-01-30 16:37:59,2024-02-01 14:23:48,3
9000000271,1000000499,20240131,466,2,1,1,Correo Argentino,DELIVERED,2024-02-01 16:56:44,2024-02-05 17:13:04,5
9000000295,1000000550,20240203,374,2,1,1,Correo Argentino,DELIVERED,2024-02-05 17:00:33,2024-02-06 18:01:11,3
9000000301,1000000560,20240203,511,2,4,4,Correo Argentino,DELIVERED,2024-02-05 16:39:23,2024-02-06 09:34:30,3
9000000339,1000000614,20240207,395,2,1,1,Correo Argentino,DELIVERED,2024-02-08 16:13:28,2024-02-12 10:40:43,5
9000000348,1000000637,20240209,798,2,3,3,Correo Argentino,DELIVERED,2024-02-09 16:53:43,2024-02-13 19:39:06,4
9000000358,1000000653,20240210,754,2,4,4,Correo Argentino,DELIVERED,2024-02-12 17:01:50,2024-02-13 19:57:57,3
9000000476,1000000857,20240220,766,2,1,1,Correo Argentino,DELIVERED,2024-02-21 18:00:53,2024-02-22 09:33:30,2
9000000498,1000000900,20240222,598,2,4,4,Correo Argentino,DELIVERED,2024-02-23 17:22:44,2024-02-27 10:20:33,5
9000000499,1000000901,20240222,519,2,3,3,Correo Argentino,DELIVERED,2024-02-23 16:19:57,2024-02-27 11:17:51,5
9000000510,1000000916,20240223,752,2,1,1,Correo Argentino,DELIVERED,2024-02-26 18:25:21,2024-02-28 12:41:53,5
9000000511,1000000918,20240223,431,2,1,1,Correo Argentino,DELIVERED,2024-02-26 16:24:02,2024-02-27 10:21:21,4
9000000514,1000000923,20240223,665,2,3,3,Correo Argentino,DELIVERED,2024-02-26 18:02:12,2024-02-27 17:48:25,4
9000000555,1000001002,20240226,875,2,3,3,Correo Argentino,DELIVERED,2024-02-27 16:24:18,2024-02-29 17:04:15,3
9000000574,1000001026,20240228,337,2,3,3,Correo Argentino,DELIVERED,2024-02-28 18:44:32,2024-03-01 15:43:43,2
9000000576,1000001029,20240228,686,2,3,3,Correo Argentino,DELIVERED,2024-02-29 16:34:55,2024-03-04 12:34:41,5
9000000586,1000001055,20240229,891,2,2,2,Correo Argentino,DELIVERED,2024-03-01 17:24:55,2024-03-04 19:28:55,4
9000000589,1000001060,20240229,102,2,1,1,Correo Argentino,DELIVERED,2024-03-01 17:16:52,2024-03-05 15:54:22,5
9000000597,1000001076,20240301,544,2,4,4,Correo Argentino,DELIVERED,2024-03-04 17:52:34,2024-03-06 17:50:29,5
9000000601,1000001082,20240301,900,2,4,4,Correo Argentino,DELIVERED,2024-03-04 16:03:28,2024-03-06 17:42:13,5
9000000611,1000001099,20240302,210,2,1,1,Correo Argentino,DELIVERED,2024-03-04 17:33:28,2024-03-05 19:30:38,3
9000000656,1000001180,20240306,371,2,2,2,Correo Argentino,DELIVERED,2024-03-06 16:24:22,2024-03-08 19:39:38,2
9000000665,1000001211,20240307,327,2,4,4,Correo Argentino,DELIVERED,2024-03-08 17:24:06,2024-03-12 18:28:45,5
9000000692,1000001264,20240311,945,2,2,2,Correo Argentino,DELIVERED,2024-03-12 18:49:23,2024-03-13 13:33:01,2
9000000738,1000001362,20240318,346,2,4,4,Correo Argentino,DELIVERED,2024-03-18 17:11:37,2024-03-20 13:55:51,2
9000000739,1000001364,20240318,783,2,1,1,Correo Argentino,DELIVERED,2024-03-18 16:08:56,2024-03-19 17:54:36,1
9000000743,1000001371,20240318,208,2,3,3,Correo Argentino,DELIVERED,2024-03-19 16:08:11,2024-03-21 15:30:41,3
9000000788,1000001462,20240323,304,2,3,3,Correo Argentino,DELIVERED,2024-03-25 18:00:33,2024-03-26 18:35:30,3
9000000809,1000001489,20240326,994,2,1,1,Correo Argentino,DELIVERED,2024-03-27 18:54:23,2024-03-29 11:32:07,3
9000000845,1000001544,20240329,723,2,4,4,Correo Argentino,DELIVERED,2024-03-29 16:06:14,2024-04-01 15:13:02,3
9000000897,1000001630,20240403,588,2,2,2,Correo Argentino,DELIVERED,2024-04-04 18:36:04,2024-04-05 14:31:17,2
9000000898,1000001631,20240403,121,2,2,2,Correo Argentino,DELIVERED,2024-04-04 16:25:48,2024-04-08 14:24:59,5
9000000959,1000001740,20240409,112,2,1,1,Correo Argentino,DELIVERED,2024-04-10 16:04:22,2024-04-11 15:03:31,2
9000000964,1000001746,20240409,295,2,3,3,Correo Argentino,DELIVERED,2024-04-10 18:39:28,2024-04-11 11:03:47,2
9000001037,1000001881,20240419,22,2,1,1,Correo Argentino,DELIVERED,2024-04-22 17:20:19,2024-04-23 18:48:59,4
9000001103,1000002009,20240427,1076,2,1,1,Correo Argentino,DELIVERED,2024-04-29 16:05:03,2024-04-30 18:34:34,3
9000001131,1000002048,20240430,1121,2,2,2,Correo Argentino,DELIVERED,2024-05-02 17:13:06,2024-05-06 12:23:52,6
9000001156,1000002091,20240503,131,2,1,1,Correo Argentino,DELIVERED,2024-05-06 17:39:07,2024-05-08 09:14:06,5
9000001182,1000002137,20240507,1086,2,4,4,Correo Argentino,DELIVERED,2024-05-08 18:43:21,2024-05-09 10:42:06,2
9000001189,1000002147,20240508,757,2,1,1,Correo Argentino,DELIVERED,2024-05-08 17:15:03,2024-05-10 11:28:33,2
9000001286,1000002297,20240515,375,2,3,3,Correo Argentino,DELIVERED,2024-05-16 16:00:09,2024-05-20 11:28:48,5
9000001320,1000002351,20240517,136,2,1,1,Correo Argentino,DELIVERED,2024-05-20 16:50:15,2024-05-22 11:32:15,5
9000001345,1000002387,20240520,321,2,1,1,Correo Argentino,DELIVERED,2024-05-20 18:58:12,2024-05-22 18:24:20,2
9000001395,1000002473,20240525,330,2,1,1,Correo Argentino,DELIVERED,2024-05-27 17:26:27,2024-05-29 13:34:56,4
9000001400,1000002484,20240525,801,2,4,4,Correo Argentino,DELIVERED,2024-05-27 18:08:09,2024-05-28 12:09:14,3
9000001415,1000002515,20240527,8,2,1,1,Correo Argentino,DELIVERED,2024-05-28 18:00:39,2024-05-29 11:00:10,2
9000001487,1000002652,20240605,510,2,3,3,Correo Argentino,DELIVERED,2024-06-06 18:16:16,2024-06-07 17:23:43,2
9000001523,1000002717,20240608,1291,2,2,2,Correo Argentino,DELIVERED,2024-06-10 17:35:48,2024-06-11 17:03:02,3
9000001555,1000002775,20240611,1052,2,3,3,Correo Argentino,DELIVERED,2024-06-11 17:16:01,2024-06-12 15:54:00,1
9000001560,1000002787,20240611,205,2,3,3,Correo Argentino,DELIVERED,2024-06-12 18:10:45,2024-06-13 09:40:26,2
9000001570,1000002813,20240612,1312,2,4,4,Correo Argentino,DELIVERED,2024-06-13 16:34:40,2024-06-17 12:29:23,5
9000001591,1000002848,20240613,1203,2,1,1,Correo Argentino,DELIVERED,2024-06-14 18:54:44,2024-06-18 17:37:24,5
9000001659,1000002962,20240618,859,2,2,2,Correo Argentino,DELIVERED,2024-06-19 18:08:29,2024-06-21 19:27:45,3
9000001757,1000003146,20240629,218,2,1,1,Correo Argentino,DELIVERED,2024-07-01 18:53:22,2024-07-09 16:56:16,10
9000001764,1000003164,20240629,1080,2,1,1,Correo Argentino,DELIVERED,2024-07-01 17:47:07,2024-07-09 09:16:48,10
9000001776,1000003179,20240701,1263,2,1,1,Correo Argentino,DELIVERED,2024-07-01 17:06:00,2024-07-09 13:42:49,8
9000001785,1000003193,20240702,1403,2,4,4,Correo Argentino,DELIVERED,2024-07-03 16:21:26,2024-07-09 18:36:12,7
9000001801,1000003227,20240704,459,2,3,3,Correo Argentino,DELIVERED,2024-07-05 16:07:05,2024-07-15 15:31:20,11
9000001820,1000003263,20240706,1106,2,3,3,Correo Argentino,DELIVERED,2024-07-08 18:18:20,2024-07-12 19:48:48,6
9000001842,1000003298,20240709,233,2,3,3,Correo Argentino,DELIVERED,2024-07-09 18:29:12,2024-07-17 18:43:40,8
9000001893,1000003394,20240716,462,2,1,1,Correo Argentino,DELIVERED,2024-07-17 18:23:28,2024-07-26 14:49:26,10
9000001910,1000003430,20240719,613,2,4,4,Correo Argentino,DELIVERED,2024-07-22 16:27:10,2024-07-30 12:15:06,11
9000001938,1000003486,20240724,437,2,4,4,Correo Argentino,DELIVERED,2024-07-25 18:34:31,2024-08-02 10:38:43,9
9000001965,1000003539,20240727,1035,2,2,2,Correo Argentino,DELIVERED,2024-07-29 18:47:41,2024-08-06 15:37:50,10
9000001977,1000003559,20240729,1505,2,1,1,Correo Argentino,DELIVERED,2024-07-30 17:24:16,2024-08-02 12:05:26,4
9000001979,1000003562,20240729,867,2,3,3,Correo Argentino,DELIVERED,2024-07-30 18:24:00,2024-08-05 16:10:41,7
9000001986,1000003574,20240730,1255,2,4,4,Correo Argentino,DELIVERED,2024-07-31 16:35:28,2024-08-07 10:10:40,8
9000002022,1000003632,20240802,1148,2,3,3,Correo Argentino,DELIVERED,2024-08-05 16:50:43,2024-08-09 18:47:25,7
9000002028,1000003645,20240803,1530,2,2,2,Correo Argentino,DELIVERED,2024-08-05 18:01:57,2024-08-14 19:12:31,11
9000000000,1000000000,20240101,425,1,,3,Correo Argentino,DELIVERED,2024-01-02 16:34:13,2024-01-05 18:44:35,4
9000000001,1000000001,20240101,651,1,,1,Correo Argentino,DELIVERED,2024-01-02 16:43:30,2024-01-05 19:03:50,4
9000000002,1000000002,20240101,572,1,,3,Correo Argentino,DELIVERED,2024-01-02 18:40:44,2024-01-08 15:21:02,7
9000000003,1000000003,20240101,335,1,,4,Correo Argentino,DELIVERED,2024-01-02 17:51:54,2024-01-05 10:09:15,4
9000000004,1000000004,20240101,49,1,,3,Correo Argentino,DELIVERED,2024-01-02 16:27:27,2024-01-08 17:19:41,7
9000000005,1000000005,20240101,543,1,,2,Correo Argentino,DELIVERED,2024-01-02 16:56:58,2024-01-08 18:33:46,7
9000000006,1000000006,20240101,206,1,,1,Correo Argentino,DELIVERED,2024-01-02 16:19:37,2024-01-03 14:05:33,2
9000000007,1000000007,20240101,154,1,,3,Correo Argentino,DELIVERED,2024-01-02 18:42:10,2024-01-08 18:44:14,7
9000000008,1000000008,20240101,202,1,,1,Correo Argentino,DELIVERED,2024-01-02 16:00:19,2024-01-05 16:57:46,4
9000000009,1000000009,20240101,110,1,,4,Correo Argentino,DELIVERED,2024-01-02 18:31:24,2024-01-04 11:32:56,3
9000000010,1000000010,20240101,122,1,,2,Correo Argentino,DELIVERED,2024-01-02 16:19:41,2024-01-08 16:18:03,7
9000000011,1000000012,20240101,44,1,,2,Correo Argentino,DELIVERED,2024-01-05 18:04:25,2024-01-10 16:44:24,9
9000000012,1000000013,20240101,615,1,,2,Correo Argentino,DELIVERED,2024-01-02 16:23:20,2024-01-05 11:12:20,4
9000000013,1000000014,20240101,542,1,,2,Correo Argentino,DELIVERED,2024-01-02 18:48:32,2024-01-04 17:39:02,3
9000000014,1000000015,20240101,32,1,,3,Correo Argentino,DELIVERED,2024-01-02 17:34:03,2024-01-04 14:21:47,3
9000000015,1000000016,20240102,398,1,,1,Correo Argentino,DELIVERED,2024-01-02 17:41:37,2024-01-04 17:29:33,2
9000000016,1000000017,20240102,653,1,,3,Correo Argentino,DELIVERED,2024-01-02 17:02:25,2024-01-08 16:27:43,6
9000000017,1000000018,20240102,322,1,,3,Correo Argentino,DELIVERED,2024-01-02 16:53:18,2024-01-05 12:20:52,3
9000000018,1000000019,20240102,152,1,,3,Correo Argentino,DELIVERED,2024-01-02 18:06:03,2024-01-08 10:13:13,6
9000000019,1000000022,20240102,164,1,,1,Correo Argentino,CANCELLED,,,
9000000020,1000000026,20240102,578,1,,1,Correo Argentino,DELIVERED,2024-01-03 17:17:21,2024-01-08 16:35:45,6
9000000021,1000000027,20240102,260,1,,4,Correo Argentino,DELIVERED,2024-01-03 17:59:52,2024-01-09 15:46:26,7
9000000022,1000000029,20240103,380,1,,3,Correo Argentino,DELIVERED,2024-01-03 18:41:39,2024-01-09 09:26:57,6
9000000023,1000000030,20240103,130,1,,2,Correo Argentino,DELIVERED,2024-01-03 16:12:47,2024-01-09 19:45:37,6
9000000024,1000000032,20240103,521,1,,4,Correo Argentino,DELIVERED,2024-01-04 17:47:13,2024-01-09 10:27:55,6
9000000025,1000000036,20240103,482,1,,2,Correo Argentino,DELIVERED,2024-01-04 17:16:36,2024-01-10 16:09:29,7
9000000026,1000000037,20240103,176,1,,1,Correo Argentino,DELIVERED,2024-01-04 16:52:20,2024-01-08 16:37:48,5
9000000027,1000000040,20240103,263,1,,3,Correo Argentino,DELIVERED,2024-01-04 18:48:54,2024-01-09 11:27:43,6
9000000028,1000000042,20240103,657,1,,1,Correo Argentino,DELIVERED,2024-01-04 16:09:48,2024-01-05 18:51:03,2
9000000029,1000000044,20240103,468,1,,1,Correo Argentino,DELIVERED,2024-01-04 17:49:27,2024-01-05 09:30:10,2
9000000030,1000000045,20240103,659,1,,3,Correo Argentino,DELIVERED,2024-01-04 16:40:12,2024-01-09 19:23:04,6
9000000031,1000000046,20240103,439,1,,1,Correo Argentino,DELIVERED,2024-01-04 18:10:43,2024-01-05 10:51:20,2
9000000032,1000000047,20240104,68,1,,1,Correo Argentino,DELIVERED,2024-01-04 18:23:04,2024-01-09 09:04:47,5
9000000033,1000000050,20240104,567,1,,1,Correo Argentino,DELIVERED,2024-01-05 18:54:06,2024-01-08 13:29:03,4
9000000034,1000000056,20240104,242,1,,3,Correo Argentino,DELIVERED,2024-01-05 18:41:34,2024-01-10 16:54:43,6
9000000035,1000000060,20240105,502,1,,2,Correo Argentino,DELIVERED,2024-01-05 18:43:46,2024-01-09 18:39:34,4
9000000036,1000000062,20240105,623,1,,2,Correo Argentino,DELIVERED,2024-01-05 18:35:49,2024-01-11 15:08:02,6
9000000037,1000000064,20240105,26,1,,1,Correo Argentino,DELIVERED,2024-01-05 16:43:29,2024-01-08 14:24:03,3
9000000038,1000000065,20240105,381,1,,1,Correo Argentino,DELIVERED,2024-01-05 17:47:46,2024-01-09 18:16:32,4
9000000039,1000000066,20240105,625,1,,3,Correo Argentino,DELIVERED,2024-01-08 17:57:40,2024-01-10 14:51:02,5
9000000040,1000000067,20240105,235,1,,1,Correo Argentino,DELIVERED,2024-01-08 17:32:11,2024-01-09 10:02:54,4
9000000041,1000000068,20240105,275,1,,3,Correo Argentino,DELIVERED,2024-01-08 17:06:59,2024-01-12 15:32:40,7
9000000042,1000000069,20240105,664,1,,1,Correo Argentino,DELIVERED,2024-01-08 18:28:21,2024-01-10 17:01:42,5
9000000043,1000000071,20240105,666,1,,1,Correo Argentino,DELIVERED,2024-01-08 18:50:24,2024-01-09 16:46:15,4
9000000044,1000000072,20240105,667,1,,2,Correo Argentino,DELIVERED,2024-01-08 16:44:22,2024-01-11 13:28:26,6
9000000046,1000000075,20240105,668,1,,2,Correo Argentino,DELIVERED,2024-01-08 17:43:43,2024-01-11 13:38:19,6
9000000047,1000000076,20240105,669,1,,2,Correo Argentino,DELIVERED,2024-01-08 16:34:10,2024-01-12 16:40:39,7
9000000048,1000000078,20240105,11,1,,4,Correo Argentino,DELIVERED,2024-01-08 16:48:49,2024-01-11 12:21:39,6
9000000049,1000000080,20240105,411,1,,1,Correo Argentino,DELIVERED,2024-01-08 16:16:52,2024-01-10 13:38:53,5
9000000050,1000000081,20240106,384,1,,3,Correo Argentino,DELIVERED,2024-01-08 16:24:42,2024-01-12 11:39:07,6
9000000051,1000000082,20240106,112,1,,1,Correo Argentino,DELIVERED,2024-01-08 18:25:18,2024-01-10 16:09:49,4
9000000052,1000000084,20240106,14,1,,1,Correo Argentino,DELIVERED,2024-01-08 17:54:30,2024-01-09 11:14:02,3
9000000053,1000000085,20240106,306,1,,1,Correo Argentino,DELIVERED,2024-01-08 18:49:29,2024-01-09 18:08:43,3
9000000055,1000000089,20240106,671,1,,1,Correo Argentino,DELIVERED,2024-01-08 17:54:12,2024-01-10 18:40:43,4
9000000056,1000000091,20240106,488,1,,2,Correo Argentino,DELIVERED,2024-01-08 18:14:27,2024-01-10 10:19:30,4
9000000057,1000000097,20240106,294,1,,3,Correo Argentino,DELIVERED,2024-01-08 16:36:18,2024-01-11 18:45:46,5
9000000058,1000000098,20240107,672,1,,1,Correo Argentino,DELIVERED,2024-01-08 16:52:12,2024-01-09 10:31:30,2
9000000059,1000000099,20240107,293,1,,4,Correo Argentino,DELIVERED,2024-01-08 17:18:41,2024-01-12 14:48:41,5
9000000060,1000000101,20240107,673,1,,1,Correo Argentino,DELIVERED,2024-01-08 18:55:48,2024-01-11 14:42:10,4
9000000061,1000000102,20240107,577,1,,2,Correo Argentino,DELIVERED,2024-01-08 17:55:20,2024-01-12 11:13:26,5
9000000062,1000000103,20240107,630,1,,4,Correo Argentino,DELIVERED,2024-01-08 18:41:05,2024-01-10 09:25:12,3
9000000063,1000000104,20240107,603,1,,2,Correo Argentino,CANCELLED,,,
9000000064,1000000105,20240107,457,1,,4,Correo Argentino,DELIVERED,2024-01-08 18:44:51,2024-01-10 11:51:30,3
9000000065,1000000106,20240107,149,1,,2,Correo Argentino,DELIVERED,2024-01-08 18:15:35,2024-01-10 09:12:30,3
9000000066,1000000107,20240107,674,1,,4,Correo Argentino,DELIVERED,2024-01-08 18:45:48,2024-01-10 19:39:09,3
9000000067,1000000108,20240107,28,1,,3,Correo Argentino,DELIVERED,2024-01-08 18:46:45,2024-01-12 19:14:57,5
9000000068,1000000109,20240108,570,1,,3,Correo Argentino,DELIVERED,2024-01-08 18:06:26,2024-01-15 18:32:32,7
9000000069,1000000113,20240108,359,1,,2,Correo Argentino,DELIVERED,2024-01-09 16:16:42,2024-01-15 14:26:13,7
9000000070,1000000114,20240108,46,1,,3,Correo Argentino,DELIVERED,2024-01-09 18:02:05,2024-01-12 16:54:10,4
9000000072,1000000122,20240109,173,1,,1,Correo Argentino,DELIVERED,2024-01-09 17:33:05,2024-01-11 09:11:14,2
9000000073,1000000123,20240109,438,1,,1,Correo Argentino,DELIVERED,2024-01-09 18:11:43,2024-01-11 09:02:07,2
9000000074,1000000124,20240109,675,1,,1,Correo Argentino,DELIVERED,2024-01-09 18:57:26,2024-01-10 09:05:46,1
9000000075,1000000125,20240109,676,1,,2,Correo Argentino,DELIVERED,2024-01-10 17:27:53,2024-01-15 12:01:55,6
9000000076,1000000128,20240109,61,1,,1,Correo Argentino,DELIVERED,2024-01-09 16:11:15,2024-01-10 18:43:42,1
9000000077,1000000129,20240109,325,1,,2,Correo Argentino,DELIVERED,2024-01-09 16:56:18,2024-01-11 13:25:23,2
9000000078,1000000131,20240109,159,1,,3,Correo Argentino,DELIVERED,2024-01-10 18:00:18,2024-01-12 11:26:04,3
9000000079,1000000135,20240109,75,1,,1,Correo Argentino,DELIVERED,2024-01-10 18:53:39,2024-01-12 19:50:55,3
9000000080,1000000136,20240109,678,1,,1,Correo Argentino,DELIVERED,2024-01-10 18:42:10,2024-01-11 10:39:57,2
9000000081,1000000138,20240109,534,1,,2,Correo Argentino,DELIVERED,2024-01-10 17:40:13,2024-01-15 13:13:19,6
9000000082,1000000140,20240109,253,1,,4,Correo Argentino,DELIVERED,2024-01-10 17:50:25,2024-01-15 14:29:24,6
9000000083,1000000141,20240109,447,1,,1,Correo Argentino,DELIVERED,2024-01-10 17:39:13,2024-01-12 11:35:49,3
9000000084,1000000142,20240109,680,1,,2,Correo Argentino,DELIVERED,2024-01-10 17:35:44,2024-01-17 18:20:33,8
9000000085,1000000143,20240110,629,1,,1,Correo Argentino,DELIVERED,2024-01-10 17:34:29,2024-01-11 16:22:29,1
9000000086,1000000144,20240110,13,1,,1,Correo Argentino,DELIVERED,2024-01-10 16:05:01,2024-01-12 12:47:46,2
9000000087,1000000149,20240110,681,1,,1,Correo Argentino,DELIVERED,2024-01-11 17:50:53,2024-01-15 14:57:53,5
9000000089,1000000154,20240110,624,1,,1,Correo Argentino,DELIVERED,2024-01-11 17:24:11,2024-01-15 15:29:08,5
9000000090,1000000155,20240110,427,1,,3,Correo Argentino,DELIVERED,2024-01-11 16:34:08,2024-01-15 16:36:08,5
9000000091,1000000156,20240110,612,1,,2,Correo Argentino,DELIVERED,2024-01-11 18:20:03,2024-01-17 11:12:23,7
9000000092,1000000157,20240110,249,1,,3,Correo Argentino,DELIVERED,2024-01-11 16:59:01,2024-01-15 19:52:10,5
9000000093,1000000158,20240111,184,1,,1,Correo Argentino,DELIVERED,2024-01-11 18:48:59,2024-01-12 09:08:36,1
9000000094,1000000159,20240111,684,1,,1,Correo Argentino,DELIVERED,2024-01-11 18:45:20,2024-01-12 13:10:21,1
9000000095,1000000160,20240111,266,1,,1,Correo Argentino,DELIVERED,2024-01-11 18:12:54,2024-01-12 15:26:31,1
9000000096,1000000166,20240111,480,1,,3,Correo Argentino,DELIVERED,2024-01-12 17:04:34,2024-01-18 13:20:26,7
9000000097,1000000170,20240111,687,1,,3,Correo Argentino,DELIVERED,2024-01-12 18:46:08,2024-01-19 09:19:09,8
9000000098,1000000171,20240111,514,1,,4,Correo Argentino,DELIVERED,2024-01-12 16:03:48,2024-01-18 11:12:45,7
9000000099,1000000172,20240111,3,1,,3,Correo Argentino,DELIVERED,2024-01-12 18:18:47,2024-01-17 17:33:49,6
9000000100,1000000175,20240111,688,1,,2,Correo Argentino,DELIVERED,2024-01-12 16:37:22,2024-01-18 09:59:15,7
9000000101,1000000177,20240111,350,1,,4,Correo Argentino,DELIVERED,2024-01-12 17:09:04,2024-01-18 17:57:59,7
9000000102,1000000178,20240111,289,1,,2,Correo Argentino,DELIVERED,2024-01-12 17:37:19,2024-01-17 09:45:03,6
9000000103,1000000180,20240111,127,1,,2,Correo Argentino,DELIVERED,2024-01-12 17:31:38,2024-01-18 18:24:06,7
9000000104,1000000181,20240111,644,1,,2,Correo Argentino,DELIVERED,2024-01-12 16:59:36,2024-01-17 11:20:12,6
9000000105,1000000182,20240111,433,1,,1,Correo Argentino,DELIVERED,2024-01-12 17:17:35,2024-01-16 15:41:59,5
9000000106,1000000183,20240112,692,1,,3,Correo Argentino,DELIVERED,2024-01-12 16:40:44,2024-01-16 16:25:01,4
9000000107,1000000184,20240112,403,1,,1,Correo Argentino,DELIVERED,2024-01-12 17:29:39,2024-01-15 19:43:17,3
9000000108,1000000186,20240112,569,1,,4,Correo Argentino,DELIVERED,2024-01-15 18:13:41,2024-01-19 15:12:10,7
9000000110,1000000195,20240112,696,1,,3,Correo Argentino,DELIVERED,2024-01-15 17:18:20,2024-01-17 13:44:24,5
9000000111,1000000196,20240113,128,1,,3,Correo Argentino,DELIVERED,2024-01-15 16:56:08,2024-01-18 16:23:58,5
9000000112,1000000197,20240113,366,1,,1,Correo Argentino,DELIVERED,2024-01-15 17:17:09,2024-01-17 16:27:29,4
9000000113,1000000201,20240113,697,1,,3,Correo Argentino,DELIVERED,2024-01-15 16:37:10,2024-01-17 09:40:07,4
9000000114,1000000206,20240113,36,1,,3,Correo Argentino,DELIVERED,2024-01-15 17:04:28,2024-01-18 17:30:13,5
9000000115,1000000212,20240113,515,1,,3,Correo Argentino,DELIVERED,2024-01-15 17:33:12,2024-01-18 13:42:30,5
9000000116,1000000215,20240113,611,1,,1,Correo Argentino,DELIVERED,2024-01-15 16:59:07,2024-01-17 09:03:06,4
9000000117,1000000217,20240113,510,1,,3,Correo Argentino,DELIVERED,2024-01-15 18:21:09,2024-01-18 11:23:51,5
9000000118,1000000219,20240114,552,1,,3,Correo Argentino,DELIVERED,2024-01-15 17:06:25,2024-01-17 10:47:42,3
9000000119,1000000220,20240114,703,1,,3,Correo Argentino,DELIVERED,2024-01-15 17:32:51,2024-01-18 14:49:48,4
9000000120,1000000221,20240114,596,1,,1,Correo Argentino,DELIVERED,2024-01-15 18:43:40,2024-01-18 09:28:35,4
9000000121,1000000222,20240114,704,1,,1,Correo Argentino,DELIVERED,2024-01-15 18:26:01,2024-01-17 10:59:24,3
9000000122,1000000223,20240114,348,1,,3,Correo Argentino,DELIVERED,2024-01-15 16:56:41,2024-01-17 09:43:31,3
9000000123,1000000224,20240114,59,1,,1,Correo Argentino,DELIVERED,2024-01-15 17:13:38,2024-01-17 13:47:26,3
9000000124,1000000225,20240114,29,1,,4,Correo Argentino,DELIVERED,2024-01-15 18:40:18,2024-01-18 12:56:49,4
9000000125,1000000226,20240114,541,1,,3,Correo Argentino,DELIVERED,2024-01-15 18:07:28,2024-01-17 13:57:21,3
9000000126,1000000227,20240114,476,1,,1,Correo Argentino,DELIVERED,2024-01-15 18:02:29,2024-01-17 16:06:00,3
9000000127,1000000228,20240114,705,1,,3,Correo Argentino,DELIVERED,2024-01-15 17:13:32,2024-01-19 09:13:40,5
9000000128,1000000229,20240114,706,1,,1,Correo Argentino,DELIVERED,2024-01-15 17:03:47,2024-01-17 13:33:23,3
9000000129,1000000230,20240115,505,1,,1,Correo Argentino,DELIVERED,2024-01-15 16:46:48,2024-01-18 16:19:16,3
9000000130,1000000233,20240115,708,1,,1,Correo Argentino,DELIVERED,2024-01-15 18:25:28,2024-01-16 17:53:06,1
9000000131,1000000234,20240115,9,1,,4,Correo Argentino,DELIVERED,2024-01-15 18:00:34,2024-01-19 13:51:07,4
9000000132,1000000238,20240115,576,1,,2,Correo Argentino,DELIVERED,2024-01-16 18:39:48,2024-01-22 14:02:56,7
9000000133,1000000240,20240115,467,1,,3,Correo Argentino,DELIVERED,2024-01-16 17:47:22,2024-01-22 13:28:38,7
9000000134,1000000242,20240115,108,1,,3,Correo Argentino,DELIVERED,2024-01-16 17:19:46,2024-01-19 17:33:11,4
9000000135,1000000246,20240115,33,1,,1,Correo Argentino,DELIVERED,2024-01-16 17:36:17,2024-01-18 15:41:15,3
9000000136,1000000247,20240115,496,1,,1,Correo Argentino,DELIVERED,2024-01-16 18:40:53,2024-01-18 11:10:42,3
9000000137,1000000249,20240115,642,1,,3,Correo Argentino,DELIVERED,2024-01-16 17:13:00,2024-01-22 11:12:48,7
9000000138,1000000250,20240115,711,1,,3,Correo Argentino,DELIVERED,2024-01-16 18:56:31,2024-01-19 12:30:28,4
9000000139,1000000251,20240116,170,1,,1,Correo Argentino,DELIVERED,2024-01-16 16:51:45,2024-01-18 14:17:40,2
9000000140,1000000252,20240116,712,1,,1,Correo Argentino,DELIVERED,2024-01-17 16:05:09,2024-01-22 17:29:08,6
9000000141,1000000254,20240116,593,1,,4,Correo Argentino,DELIVERED,2024-01-16 16:35:09,2024-01-19 11:02:31,3
9000000142,1000000255,20240116,713,1,,1,Correo Argentino,DELIVERED,2024-01-16 17:00:32,2024-01-18 19:50:11,2
9000000143,1000000256,20240116,243,1,,3,Correo Argentino,DELIVERED,2024-01-17 18:38:02,2024-01-22 17:07:17,6
9000000144,1000000262,20240116,604,1,,3,Correo Argentino,DELIVERED,2024-01-17 16:38:37,2024-01-19 11:14:48,3
9000000145,1000000264,20240116,179,1,,3,Correo Argentino,DELIVERED,2024-01-17 17:47:57,2024-01-22 12:25:07,6
9000000146,1000000268,20240116,717,1,,2,Correo Argentino,DELIVERED,2024-01-17 18:00:31,2024-01-22 19:46:13,6
9000000147,1000000269,20240116,716,1,,1,Correo Argentino,DELIVERED,2024-01-17 16:23:15,2024-01-18 13:01:55,2
9000000148,1000000271,20240117,423,1,,2,Correo Argentino,DELIVERED,2024-01-17 17:50:07,2024-01-23 09:14:49,6
9000000149,1000000274,20240117,78,1,,4,Correo Argentino,DELIVERED,2024-01-18 16:03:41,2024-01-23 10:48:00,6
9000000150,1000000275,20240117,478,1,,2,Correo Argentino,DELIVERED,2024-01-18 17:21:44,2024-01-25 10:24:02,8
9000000151,1000000278,20240117,719,1,,1,Correo Argentino,DELIVERED,2024-01-18 17:01:52,2024-01-19 13:10:01,2
9000000152,1000000282,20240117,88,1,,1,Correo Argentino,DELIVERED,2024-01-18 16:47:40,2024-01-22 10:52:13,5
9000000153,1000000283,20240117,649,1,,1,Correo Argentino,CANCELLED,,,
9000000154,1000000284,20240117,638,1,,2,Correo Argentino,DELIVERED,2024-01-18 18:24:51,2024-01-22 18:57:30,5
9000000155,1000000285,20240117,244,1,,2,Correo Argentino,DELIVERED,2024-01-18 16:29:07,2024-01-25 14:41:14,8
9000000156,1000000286,20240118,582,1,,2,Correo Argentino,DELIVERED,2024-01-18 17:42:34,2024-01-23 13:27:56,5
9000000157,1000000287,20240118,342,1,,3,Correo Argentino,DELIVERED,2024-01-18 18:02:34,2024-01-23 11:01:42,5
9000000158,1000000288,20240118,296,1,,2,Correo Argentino,DELIVERED,2024-01-19 18:08:40,2024-01-24 10:16:36,6
9000000159,1000000290,20240118,720,1,,1,Correo Argentino,DELIVERED,2024-01-18 16:51:30,2024-01-22 13:44:13,4
9000000160,1000000293,20240118,595,1,,3,Correo Argentino,DELIVERED,2024-01-19 16:38:43,2024-01-24 19:06:42,6
9000000161,1000000294,20240118,721,1,,2,Correo Argentino,DELIVERED,2024-01-19 16:04:54,2024-01-24 12:53:57,6
9000000162,1000000299,20240118,725,1,,3,Correo Argentino,DELIVERED,2024-01-19 17:17:50,2024-01-24 16:25:17,6
9000000163,1000000301,20240118,726,1,,2,Correo Argentino,DELIVERED,2024-01-19 18:35:02,2024-01-26 15:24:16,8
9000000164,1000000302,20240118,90,1,,1,Correo Argentino,DELIVERED,2024-01-19 17:54:38,2024-01-23 17:41:13,5
9000000165,1000000303,20240118,259,1,,2,Correo Argentino,DELIVERED,2024-01-19 18:04:45,2024-01-25 18:12:02,7
9000000166,1000000305,20240119,42,1,,1,Correo Argentino,DELIVERED,2024-01-19 17:28:30,2024-01-23 16:57:04,4
9000000167,1000000309,20240119,16,1,,3,Correo Argentino,DELIVERED,2024-01-22 17:13:18,2024-01-25 09:47:25,6
9000000168,1000000310,20240119,335,1,,4,Correo Argentino,DELIVERED,2024-01-22 16:02:02,2024-01-24 17:07:41,5
9000000169,1000000311,20240119,727,1,,1,Correo Argentino,DELIVERED,2024-01-22 18:26:30,2024-01-23 16:42:22,4
9000000170,1000000312,20240119,383,1,,1,Correo Argentino,DELIVERED,2024-01-22 17:47:52,2024-01-24 15:14:26,5
9000000171,1000000313,20240119,648,1,,1,Correo Argentino,DELIVERED,2024-01-22 17:33:36,2024-01-25 15:32:48,6
9000000172,1000000315,20240119,283,1,,2,Correo Argentino,DELIVERED,2024-01-22 17:16:29,2024-01-26 16:41:55,7
9000000173,1000000318,20240119,251,1,,1,Correo Argentino,DELIVERED,2024-01-22 16:15:27,2024-01-24 17:05:12,5
9000000174,1000000320,20240119,58,1,,1,Correo Argentino,DELIVERED,2024-01-22 16:08:53,2024-01-24 18:06:21,5
9000000175,1000000321,20240119,2,1,,3,Correo Argentino,DELIVERED,2024-01-22 18:08:49,2024-01-25 12:20:31,6
9000000176,1000000322,20240120,27,1,,2,Correo Argentino,DELIVERED,2024-01-22 18:23:24,2024-01-25 15:13:24,5
9000000178,1000000329,20240120,731,1,,2,Correo Argentino,DELIVERED,2024-01-22 16:22:43,2024-01-26 13:29:33,6
9000000179,1000000334,20240120,733,1,,1,Correo Argentino,DELIVERED,2024-01-22 16:02:49,2024-01-23 09:05:35,3
9000000180,1000000335,20240120,126,1,,1,Correo Argentino,DELIVERED,2024-01-22 17:48:08,2024-01-24 11:58:35,4
9000000181,1000000336,20240120,734,1,,3,Correo Argentino,DELIVERED,2024-01-22 18:17:25,2024-01-24 16:33:31,4
9000000182,1000000337,20240121,486,1,,2,Correo Argentino,DELIVERED,2024-01-22 17:12:32,2024-01-26 15:42:09,5
9000000183,1000000339,20240121,735,1,,1,Correo Argentino,DELIVERED,2024-01-22 18:36:47,2024-01-24 19:37:13,3
9000000184,1000000340,20240121,281,1,,1,Correo Argentino,DELIVERED,2024-01-22 17:54:49,2024-01-24 18:06:22,3
9000000185,1000000341,20240121,652,1,,1,Correo Argentino,DELIVERED,2024-01-22 18:11:33,2024-01-24 13:51:01,3
9000000186,1000000342,20240121,494,1,,1,Correo Argentino,DELIVERED,2024-01-22 18:00:02,2024-01-24 16:28:14,3
9000000187,1000000343,20240121,497,1,,1,Correo Argentino,DELIVERED,2024-01-22 18:05:24,2024-01-23 11:50:52,2
9000000188,1000000344,20240121,135,1,,1,Correo Argentino,DELIVERED,2024-01-22 18:28:06,2024-01-24 16:43:41,3
9000000189,1000000345,20240121,514,1,,4,Correo Argentino,DELIVERED,2024-01-22 17:25:07,2024-01-29 11:44:29,8
9000000190,1000000346,20240121,214,1,,1,Correo Argentino,DELIVERED,2024-01-22 18:06:37,2024-01-24 11:24:58,3
9000000191,1000000349,20240122,469,1,,3,Correo Argentino,DELIVERED,2024-01-22 18:13:52,2024-01-24 16:23:06,2
9000000192,1000000353,20240122,233,1,,3,Correo Argentino,DELIVERED,2024-01-23 17:25:29,2024-01-26 13:52:57,4
9000000194,1000000356,20240122,739,1,,2,Correo Argentino,DELIVERED,2024-01-23 18:22:42,2024-01-30 17:18:48,8
9000000195,1000000357,20240122,107,1,,3,Correo Argentino,DELIVERED,2024-01-23 17:09:05,2024-01-25 09:21:03,3
9000000196,1000000358,20240122,740,1,,2,Correo Argentino,DELIVERED,2024-01-23 18:10:35,2024-01-25 19:56:56,3
9000000197,1000000359,20240122,741,1,,2,Correo Argentino,DELIVERED,2024-01-23 16:52:21,2024-01-29 18:09:41,7
9000000198,1000000360,20240122,7,1,,4,Correo Argentino,DELIVERED,2024-01-23 16:36:13,2024-01-26 11:14:16,4
9000000199,1000000361,20240123,200,1,,1,Correo Argentino,DELIVERED,2024-01-23 16:52:50,2024-01-26 11:11:57,3
9000000200,1000000364,20240123,642,1,,3,Correo Argentino,DELIVERED,2024-01-23 18:05:01,2024-01-25 16:54:09,2
9000000201,1000000367,20240123,622,1,,2,Correo Argentino,DELIVERED,2024-01-24 16:50:17,2024-01-30 17:50:40,7
9000000202,1000000368,20240123,269,1,,1,Correo Argentino,DELIVERED,2024-01-24 17:57:36,2024-01-26 15:44:43,3
9000000203,1000000370,20240123,452,1,,3,Correo Argentino,DELIVERED,2024-01-24 17:31:35,2024-01-30 15:47:38,7
9000000204,1000000372,20240123,125,1,,3,Correo Argentino,DELIVERED,2024-01-24 17:09:09,2024-01-30 12:44:36,7
9000000205,1000000374,20240123,171,1,,2,Correo Argentino,DELIVERED,2024-01-24 16:59:28,2024-01-26 15:10:52,3
9000000206,1000000376,20240123,313,1,,2,Correo Argentino,DELIVERED,2024-01-24 17:52:38,2024-01-30 15:10:54,7
9000000207,1000000377,20240123,89,1,,3,Correo Argentino,DELIVERED,2024-01-24 18:22:52,2024-01-29 11:04:12,6
9000000208,1000000378,20240124,113,1,,1,Correo Argentino,DELIVERED,2024-01-24 18:10:18,2024-01-26 12:37:17,2
9000000209,1000000382,20240124,746,1,,3,Correo Argentino,DELIVERED,2024-01-24 16:22:12,2024-01-29 15:02:29,5
9000000210,1000000384,20240124,49,1,,3,Correo Argentino,DELIVERED,2024-01-24 16:25:12,2024-01-26 16:11:17,2
9000000211,1000000385,20240124,482,1,,2,Correo Argentino,DELIVERED,2024-01-25 17:41:19,2024-02-01 10:56:19,8
9000000212,1000000386,20240124,747,1,,1,Correo Argentino,DELIVERED,2024-01-25 17:24:59,2024-01-26 14:58:16,2
9000000213,1000000389,20240124,268,1,,4,Correo Argentino,DELIVERED,2024-01-25 17:56:05,2024-01-31 18:35:31,7
9000000214,1000000391,20240124,279,1,,2,Correo Argentino,DELIVERED,2024-01-25 18:09:10,2024-02-01 09:23:58,8
9000000215,1000000394,20240124,65,1,,1,Correo Argentino,DELIVERED,2024-01-25 16:29:55,2024-01-26 18:03:24,2
9000000216,1000000397,20240125,751,1,,3,Correo Argentino,DELIVERED,2024-01-26 17:53:13,2024-02-01 10:26:06,7
9000000218,1000000402,20240125,513,1,,2,Correo Argentino,DELIVERED,2024-01-26 16:58:46,2024-02-01 19:20:47,7
9000000219,1000000403,20240125,505,1,,1,Correo Argentino,CANCELLED,,,
9000000220,1000000404,20240125,229,1,,2,Correo Argentino,DELIVERED,2024-01-26 17:25:13,2024-02-01 12:35:00,7
9000000221,1000000405,20240125,115,1,,1,Correo Argentino,DELIVERED,2024-01-26 17:32:04,2024-01-30 19:42:11,5
9000000222,1000000406,20240125,305,1,,1,Correo Argentino,DELIVERED,2024-01-26 18:16:31,2024-01-30 18:36:22,5
9000000223,1000000407,20240126,302,1,,3,Correo Argentino,DELIVERED,2024-01-26 17:40:06,2024-01-30 15:58:25,4
9000000224,1000000408,20240126,310,1,,1,Correo Argentino,DELIVERED,2024-01-26 17:21:17,2024-01-30 16:31:38,4
9000000225,1000000411,20240126,46,1,,3,Correo Argentino,DELIVERED,2024-01-29 16:23:48,2024-02-01 13:29:59,6
9000000226,1000000412,20240126,280,1,,2,Correo Argentino,DELIVERED,2024-01-29 18:19:52,2024-02-02 09:13:48,7
9000000227,1000000420,20240126,161,1,,2,Correo Argentino,DELIVERED,2024-01-29 16:13:47,2024-02-02 14:01:48,7
9000000228,1000000421,20240126,405,1,,4,Correo Argentino,DELIVERED,2024-01-29 17:10:59,2024-02-02 13:01:34,7
9000000229,1000000422,20240127,755,1,,1,Correo Argentino,DELIVERED,2024-01-29 17:44:42,2024-01-31 15:13:21,4
9000000230,1000000423,20240127,144,1,,2,Correo Argentino,DELIVERED,2024-01-29 18:54:16,2024-02-02 09:16:08,6
9000000231,1000000429,20240127,425,1,,3,Correo Argentino,DELIVERED,2024-01-29 17:54:44,2024-02-02 10:04:18,6
9000000232,1000000432,20240127,20,1,,1,Correo Argentino,DELIVERED,2024-01-29 17:48:21,2024-01-30 09:08:36,3
9000000233,1000000438,20240127,756,1,,2,Correo Argentino,DELIVERED,2024-01-29 17:04:20,2024-02-01 15:39:57,5
9000000234,1000000441,20240127,430,1,,4,Correo Argentino,DELIVERED,2024-01-29 16:23:58,2024-02-01 17:41:40,5
9000000235,1000000443,20240127,509,1,,3,Correo Argentino,DELIVERED,2024-01-29 16:39:33,2024-02-01 17:42:42,5
9000000236,1000000444,20240127,69,1,,4,Correo Argentino,DELIVERED,2024-01-29 18:08:43,2024-02-02 17:06:41,6
9000000237,1000000445,20240127,263,1,,3,Correo Argentino,DELIVERED,2024-01-29 17:26:00,2024-02-01 18:08:23,5
9000000238,1000000446,20240127,118,1,,2,Correo Argentino,DELIVERED,2024-01-29 17:01:05,2024-02-02 09:52:37,6
9000000239,1000000447,20240127,404,1,,1,Correo Argentino,DELIVERED,2024-01-29 17:46:17,2024-01-31 13:42:06,4
9000000240,1000000449,20240128,217,1,,4,Correo Argentino,DELIVERED,2024-01-29 17:32:07,2024-02-02 13:37:29,5
9000000241,1000000450,20240128,52,1,,3,Correo Argentino,DELIVERED,2024-01-29 16:38:12,2024-02-01 10:48:24,4
9000000242,1000000451,20240128,308,1,,2,Correo Argentino,CANCELLED,,,
9000000243,1000000452,20240128,676,1,,2,Correo Argentino,DELIVERED,2024-01-29 16:55:33,2024-01-31 17:52:35,3
9000000244,1000000453,20240128,432,1,,4,Correo Argentino,DELIVERED,2024-01-29 16:27:22,2024-01-31 11:20:41,3
9000000245,1000000454,20240128,759,1,,1,Correo Argentino,DELIVERED,2024-01-29 16:25:28,2024-01-31 14:18:01,3
9000000246,1000000455,20240128,122,1,,2,Correo Argentino,DELIVERED,2024-01-29 17:02:23,2024-02-01 14:40:41,4
9000000247,1000000456,20240128,340,1,,1,Correo Argentino,DELIVERED,2024-01-29 17:38:51,2024-01-31 17:05:23,3
9000000248,1000000457,20240128,192,1,,3,Correo Argentino,DELIVERED,2024-01-29 18:55:21,2024-02-01 11:44:55,4
9000000250,1000000461,20240129,149,1,,2,Correo Argentino,DELIVERED,2024-01-30 16:00:59,2024-02-05 16:23:46,7
9000000251,1000000462,20240129,378,1,,4,Correo Argentino,DELIVERED,2024-01-30 17:16:17,2024-02-02 14:30:19,4
9000000253,1000000464,20240129,410,1,,2,Correo Argentino,DELIVERED,2024-01-30 17:23:51,2024-02-01 17:32:11,3
9000000254,1000000470,20240129,564,1,,1,Correo Argentino,DELIVERED,2024-01-31 18:17:09,2024-02-02 12:13:18,4
9000000255,1000000471,20240129,354,1,,3,Correo Argentino,DELIVERED,2024-01-30 16:02:48,2024-02-02 16:41:29,4
9000000256,1000000472,20240130,586,1,,1,Correo Argentino,DELIVERED,2024-01-30 16:02:18,2024-02-02 17:23:17,3
9000000257,1000000473,20240130,77,1,,1,Correo Argentino,DELIVERED,2024-01-30 16:45:20,2024-02-01 13:13:47,2
9000000258,1000000474,20240130,278,1,,4,Correo Argentino,DELIVERED,2024-01-31 18:18:40,2024-02-02 17:12:50,3
9000000259,1000000478,20240130,764,1,,1,Correo Argentino,DELIVERED,2024-01-31 18:16:58,2024-02-02 09:05:09,3
9000000260,1000000481,20240130,765,1,,1,Correo Argentino,DELIVERED,2024-01-31 17:25:58,2024-02-02 17:54:58,3
9000000261,1000000482,20240130,766,1,,1,Correo Argentino,DELIVERED,2024-01-31 17:15:24,2024-02-02 15:29:16,3
9000000262,1000000483,20240130,116,1,,1,Correo Argentino,DELIVERED,2024-01-31 17:16:23,2024-02-05 13:06:55,6
9000000263,1000000485,20240130,767,1,,2,Correo Argentino,DELIVERED,2024-01-31 17:45:11,2024-02-05 10:24:07,6
9000000264,1000000486,20240130,67,1,,4,Correo Argentino,DELIVERED,2024-01-31 18:55:17,2024-02-02 14:31:44,3
9000000265,1000000487,20240130,768,1,,1,Correo Argentino,DELIVERED,2024-01-31 16:37:07,2024-02-02 09:05:55,3
9000000266,1000000488,20240130,142,1,,1,Correo Argentino,DELIVERED,2024-01-31 18:02:16,2024-02-02 19:54:53,3
9000000267,1000000489,20240130,394,1,,4,Correo Argentino,DELIVERED,2024-01-31 16:13:29,2024-02-06 09:44:38,7
9000000268,1000000491,20240131,438,1,,1,Correo Argentino,DELIVERED,2024-01-31 16:50:32,2024-02-05 09:01:39,5
9000000269,1000000492,20240131,552,1,,3,Correo Argentino,DELIVERED,2024-01-31 18:05:49,2024-02-02 13:53:37,2
9000000270,1000000494,20240131,325,1,,2,Correo Argentino,DELIVERED,2024-02-01 16:02:17,2024-02-07 15:03:58,7
9000000272,1000000502,20240131,134,1,,2,Correo Argentino,DELIVERED,2024-02-01 16:59:41,2024-02-05 19:26:25,5
9000000273,1000000503,20240131,72,1,,3,Correo Argentino,DELIVERED,2024-02-01 16:14:27,2024-02-05 09:16:12,5
9000000274,1000000505,20240131,518,1,,2,Correo Argentino,DELIVERED,2024-02-01 16:07:31,2024-02-07 14:15:10,7
9000000275,1000000506,20240131,527,1,,3,Correo Argentino,DELIVERED,2024-02-01 18:00:35,2024-02-07 17:35:06,7
9000000276,1000000507,20240131,289,1,,2,Correo Argentino,DELIVERED,2024-02-01 17:44:16,2024-02-05 12:41:29,5
9000000277,1000000508,20240131,179,1,,3,Correo Argentino,DELIVERED,2024-02-01 18:15:39,2024-02-05 15:03:24,5
9000000278,1000000509,20240201,155,1,,4,Correo Argentino,DELIVERED,2024-02-01 16:38:26,2024-02-06 10:24:27,5
9000000279,1000000510,20240201,347,1,,2,Correo Argentino,DELIVERED,2024-02-01 16:41:10,2024-02-06 15:44:35,5
9000000280,1000000515,20240201,775,1,,2,Correo Argentino,DELIVERED,2024-02-01 16:48:16,2024-02-07 09:47:34,6
9000000281,1000000517,20240201,178,1,,3,Correo Argentino,CANCELLED,,,
9000000282,1000000524,20240201,53,1,,4,Correo Argentino,DELIVERED,2024-02-02 18:20:08,2024-02-08 09:20:21,7
9000000283,1000000525,20240201,387,1,,2,Correo Argentino,DELIVERED,2024-02-02 17:08:12,2024-02-06 15:59:30,5
9000000284,1000000526,20240202,48,1,,2,Correo Argentino,DELIVERED,2024-02-02 17:33:22,2024-02-07 19:07:52,5
9000000285,1000000532,20240202,607,1,,3,Correo Argentino,DELIVERED,2024-02-05 17:12:47,2024-02-09 16:48:36,7
9000000286,1000000534,20240202,499,1,,1,Correo Argentino,DELIVERED,2024-02-05 17:35:17,2024-02-06 19:10:19,4
9000000287,1000000540,20240202,147,1,,1,Correo Argentino,DELIVERED,2024-02-05 17:53:39,2024-02-07 13:58:05,5
9000000288,1000000541,20240202,779,1,,1,Correo Argentino,DELIVERED,2024-02-05 18:13:22,2024-02-06 13:21:41,4
9000000289,1000000542,20240202,543,1,,2,Correo Argentino,DELIVERED,2024-02-05 18:31:21,2024-02-08 18:32:17,6
9000000290,1000000543,20240202,82,1,,1,Correo Argentino,CANCELLED,,,
9000000291,1000000544,20240202,399,1,,3,Correo Argentino,DELIVERED,2024-02-05 18:22:56,2024-02-07 13:03:57,5
9000000292,1000000545,20240202,220,1,,1,Correo Argentino,DELIVERED,2024-02-05 16:03:12,2024-02-07 09:34:44,5
9000000293,1000000547,20240202,167,1,,1,Correo Argentino,DELIVERED,2024-02-05 17:58:34,2024-02-07 14:55:28,5
9000000294,1000000549,20240202,780,1,,1,Correo Argentino,DELIVERED,2024-02-05 17:35:10,2024-02-08 10:42:53,6
9000000296,1000000552,20240203,781,1,,1,Correo Argentino,DELIVERED,2024-02-05 18:37:44,2024-02-06 16:44:24,3
9000000297,1000000553,20240203,633,1,,3,Correo Argentino,DELIVERED,2024-02-05 16:45:41,2024-02-08 16:36:28,5
9000000298,1000000556,20240203,782,1,,2,Correo Argentino,DELIVERED,2024-02-05 18:52:48,2024-02-09 17:41:53,6
9000000299,1000000558,20240203,23,1,,3,Correo Argentino,DELIVERED,2024-02-05 18:47:13,2024-02-09 18:20:48,6
9000000300,1000000559,20240203,783,1,,1,Correo Argentino,DELIVERED,2024-02-05 18:50:55,2024-02-07 18:59:40,4
9000000302,1000000564,20240203,784,1,,4,Correo Argentino,DELIVERED,2024-02-05 18:24:59,2024-02-09 13:10:35,6
9000000303,1000000566,20240204,785,1,,1,Correo Argentino,DELIVERED,2024-02-05 16:24:29,2024-02-07 09:51:03,3
9000000304,1000000567,20240204,47,1,,1,Correo Argentino,DELIVERED,2024-02-06 17:00:13,2024-02-08 14:03:12,4
9000000305,1000000568,20240204,391,1,,2,Correo Argentino,DELIVERED,2024-02-05 17:16:02,2024-02-12 17:59:25,8
9000000306,1000000569,20240204,786,1,,3,Correo Argentino,DELIVERED,2024-02-05 16:10:21,2024-02-08 17:14:15,4
9000000307,1000000570,20240204,787,1,,1,Correo Argentino,DELIVERED,2024-02-05 16:10:35,2024-02-07 14:04:48,3
9000000308,1000000571,20240204,285,1,,2,Correo Argentino,DELIVERED,2024-02-05 18:35:10,2024-02-08 15:31:58,4
9000000309,1000000572,20240204,788,1,,4,Correo Argentino,DELIVERED,2024-02-05 17:42:49,2024-02-08 19:59:25,4
9000000310,1000000573,20240205,299,1,,3,Correo Argentino,DELIVERED,2024-02-05 16:40:07,2024-02-09 14:42:58,4
9000000311,1000000574,20240205,789,1,,3,Correo Argentino,DELIVERED,2024-02-05 18:28:34,2024-02-08 16:19:26,3
9000000312,1000000575,20240205,324,1,,3,Correo Argentino,DELIVERED,2024-02-05 17:55:11,2024-02-09 12:05:22,4
9000000313,1000000576,20240205,790,1,,1,Correo Argentino,DELIVERED,2024-02-05 16:39:21,2024-02-06 10:54:32,1
9000000314,1000000577,20240205,791,1,,1,Correo Argentino,DELIVERED,2024-02-05 17:27:37,2024-02-07 09:55:20,2
9000000315,1000000578,20240205,625,1,,3,Correo Argentino,DELIVERED,2024-02-05 16:30:13,2024-02-07 11:33:53,2
9000000316,1000000579,20240205,792,1,,2,Correo Argentino,DELIVERED,2024-02-06 18:16:24,2024-02-08 12:08:48,3
9000000317,1000000581,20240205,793,1,,2,Correo Argentino,DELIVERED,2024-02-06 16:57:12,2024-02-08 17:14:29,3
9000000318,1000000583,20240205,629,1,,1,Correo Argentino,DELIVERED,2024-02-06 17:52:36,2024-02-07 12:17:00,2
9000000319,1000000585,20240205,296,1,,2,Correo Argentino,DELIVERED,2024-02-06 16:16:58,2024-02-09 18:31:00,4
9000000320,1000000587,20240205,237,1,,1,Correo Argentino,DELIVERED,2024-02-06 18:36:28,2024-02-07 15:49:52,2
9000000321,1000000588,20240205,300,1,,3,Correo Argentino,DELIVERED,2024-02-06 18:37:54,2024-02-13 13:03:09,8
9000000322,1000000589,20240205,521,1,,4,Correo Argentino,DELIVERED,2024-02-06 17:02:49,2024-02-08 10:30:43,3
9000000323,1000000590,20240205,671,1,,1,Correo Argentino,DELIVERED,2024-02-06 17:27:51,2024-02-08 12:13:24,3
9000000324,1000000591,20240205,152,1,,3,Correo Argentino,DELIVERED,2024-02-07 18:40:11,2024-02-12 17:50:16,7
9000000325,1000000592,20240206,316,1,,1,Correo Argentino,DELIVERED,2024-02-06 17:18:43,2024-02-08 17:53:22,2
9000000326,1000000593,20240206,425,1,,3,Correo Argentino,DELIVERED,2024-02-06 16:44:59,2024-02-12 14:05:19,6
9000000327,1000000594,20240206,5,1,,1,Correo Argentino,DELIVERED,2024-02-06 18:15:28,2024-02-09 11:09:03,3
9000000328,1000000595,20240206,461,1,,3,Correo Argentino,DELIVERED,2024-02-06 16:56:58,2024-02-08 12:31:55,2
9000000329,1000000596,20240206,794,1,,1,Correo Argentino,DELIVERED,2024-02-06 16:31:01,2024-02-08 12:25:20,2
9000000330,1000000597,20240206,168,1,,1,Correo Argentino,DELIVERED,2024-02-06 16:07:56,2024-02-08 11:53:30,2
9000000331,1000000601,20240206,25,1,,1,Correo Argentino,DELIVERED,2024-02-07 17:30:45,2024-02-08 17:53:34,2
9000000332,1000000602,20240206,275,1,,3,Correo Argentino,DELIVERED,2024-02-07 18:20:47,2024-02-12 10:51:33,6
9000000333,1000000606,20240206,164,1,,1,Correo Argentino,DELIVERED,2024-02-07 16:19:41,2024-02-09 10:54:49,3
9000000334,1000000607,20240206,16,1,,3,Correo Argentino,DELIVERED,2024-02-07 18:31:37,2024-02-14 17:15:48,8
9000000335,1000000609,20240206,4,1,,2,Correo Argentino,DELIVERED,2024-02-07 17:15:55,2024-02-13 18:18:59,7
9000000336,1000000610,20240206,570,1,,2,Correo Argentino,DELIVERED,2024-02-07 16:37:06,2024-02-09 14:26:19,3
9000000337,1000000611,20240207,400,1,,1,Correo Argentino,DELIVERED,2024-02-07 18:05:59,2024-02-09 14:27:51,2
9000000338,1000000613,20240207,482,1,,2,Correo Argentino,DELIVERED,2024-02-08 16:20:13,2024-02-15 14:21:54,8
9000000340,1000000615,20240207,796,1,,3,Correo Argentino,DELIVERED,2024-02-08 18:32:49,2024-02-13 11:24:13,6
9000000341,1000000619,20240208,630,1,,4,Correo Argentino,DELIVERED,2024-02-08 18:28:59,2024-02-13 12:13:57,5
9000000342,1000000631,20240208,702,1,,2,Correo Argentino,DELIVERED,2024-02-09 18:16:51,2024-02-16 17:43:55,8
9000000343,1000000632,20240208,603,1,,2,Correo Argentino,DELIVERED,2024-02-09 16:20:26,2024-02-13 18:59:40,5
9000000344,1000000633,20240208,797,1,,1,Correo Argentino,DELIVERED,2024-02-09 18:35:00,2024-02-12 14:53:40,4
9000000345,1000000634,20240208,182,1,,4,Correo Argentino,DELIVERED,2024-02-09 16:29:41,2024-02-14 10:20:36,6
9000000346,1000000635,20240209,232,1,,2,Correo Argentino,DELIVERED,2024-02-09 18:48:51,2024-02-15 17:10:57,6
9000000347,1000000636,20240209,112,1,,1,Correo Argentino,DELIVERED,2024-02-09 17:57:47,2024-02-13 13:44:00,4
9000000349,1000000640,20240209,83,1,,4,Correo Argentino,DELIVERED,2024-02-12 16:30:30,2024-02-14 09:45:50,5
9000000350,1000000644,20240209,45,1,,2,Correo Argentino,DELIVERED,2024-02-12 17:25:15,2024-02-16 11:14:06,7
9000000351,1000000645,20240209,640,1,,1,Correo Argentino,DELIVERED,2024-02-12 17:36:00,2024-02-14 17:18:08,5
9000000352,1000000646,20240209,34,1,,2,Correo Argentino,DELIVERED,2024-02-12 16:26:17,2024-02-14 14:00:00,5
9000000353,1000000647,20240209,799,1,,1,Correo Argentino,DELIVERED,2024-02-12 17:00:59,2024-02-14 19:55:39,5
9000000354,1000000648,20240209,226,1,,1,Correo Argentino,DELIVERED,2024-02-12 16:58:00,2024-02-14 09:59:09,5
9000000355,1000000649,20240209,354,1,,3,Correo Argentino,DELIVERED,2024-02-12 16:08:33,2024-02-16 13:03:49,7
9000000356,1000000650,20240210,363,1,,2,Correo Argentino,DELIVERED,2024-02-12 18:57:20,2024-02-14 15:07:49,4
9000000357,1000000652,20240210,420,1,,1,Correo Argentino,DELIVERED,2024-02-13 17:26:27,2024-02-14 11:37:27,4
9000000359,1000000655,20240210,802,1,,4,Correo Argentino,DELIVERED,2024-02-12 18:37:07,2024-02-15 11:41:48,5
9000000360,1000000656,20240210,670,1,,1,Correo Argentino,DELIVERED,2024-02-12 18:22:13,2024-02-14 17:27:45,4
9000000361,1000000657,20240210,191,1,,4,Correo Argentino,DELIVERED,2024-02-12 18:33:33,2024-02-19 11:15:37,9
9000000362,1000000665,20240210,804,1,,1,Correo Argentino,DELIVERED,2024-02-12 17:51:21,2024-02-13 15:43:09,3
9000000363,1000000668,20240210,805,1,,4,Correo Argentino,DELIVERED,2024-02-12 18:05:30,2024-02-15 10:49:39,5
9000000364,1000000669,20240211,579,1,,1,Correo Argentino,DELIVERED,2024-02-12 18:13:09,2024-02-15 13:22:52,4
9000000365,1000000670,20240211,566,1,,3,Correo Argentino,DELIVERED,2024-02-12 16:05:02,2024-02-15 09:18:40,4
9000000366,1000000672,20240211,20,1,,1,Correo Argentino,DELIVERED,2024-02-12 18:48:41,2024-02-13 19:27:39,2
9000000367,1000000673,20240211,582,1,,2,Correo Argentino,DELIVERED,2024-02-12 17:02:50,2024-02-15 13:03:00,4
9000000368,1000000674,20240211,639,1,,1,Correo Argentino,DELIVERED,2024-02-12 16:33:58,2024-02-14 19:37:46,3
9000000369,1000000675,20240211,207,1,,1,Correo Argentino,DELIVERED,2024-02-12 16:25:03,2024-02-14 09:59:34,3
9000000370,1000000676,20240211,658,1,,1,Correo Argentino,DELIVERED,2024-02-12 16:45:08,2024-02-13 10:27:42,2
9000000371,1000000677,20240211,775,1,,2,Correo Argentino,DELIVERED,2024-02-12 18:33:29,2024-02-19 15:17:23,8
9000000372,1000000678,20240211,572,1,,3,Correo Argentino,DELIVERED,2024-02-12 18:47:08,2024-02-16 10:29:25,5
9000000373,1000000679,20240211,806,1,,1,Correo Argentino,DELIVERED,2024-02-12 16:10:29,2024-02-13 12:49:09,2
9000000374,1000000680,20240211,3,1,,3,Correo Argentino,CANCELLED,,,
9000000375,1000000681,20240211,116,1,,1,Correo Argentino,DELIVERED,2024-02-13 16:38:16,2024-02-15 17:52:15,4
9000000376,1000000682,20240211,369,1,,3,Correo Argentino,DELIVERED,2024-02-12 18:18:56,2024-02-14 17:24:10,3
9000000377,1000000683,20240212,9,1,,4,Correo Argentino,DELIVERED,2024-02-12 17:44:01,2024-02-16 16:50:57,4
9000000378,1000000684,20240212,315,1,,3,Correo Argentino,DELIVERED,2024-02-12 18:45:26,2024-02-15 15:33:15,3
9000000379,1000000685,20240212,287,1,,1,Correo Argentino,DELIVERED,2024-02-12 17:59:23,2024-02-14 10:03:13,2
9000000380,1000000686,20240212,489,1,,1,Correo Argentino,DELIVERED,2024-02-12 18:48:21,2024-02-14 11:52:34,2
9000000381,1000000687,20240212,13,1,,1,Correo Argentino,DELIVERED,2024-02-13 17:27:51,2024-02-15 18:21:25,3
9000000382,1000000688,20240212,414,1,,1,Correo Argentino,CANCELLED,,,
9000000383,1000000693,20240212,346,1,,4,Correo Argentino,DELIVERED,2024-02-13 16:15:45,2024-02-19 10:18:18,7
9000000384,1000000694,20240212,589,1,,3,Correo Argentino,DELIVERED,2024-02-13 16:06:05,2024-02-16 09:42:17,4
9000000385,1000000695,20240213,63,1,,1,Correo Argentino,DELIVERED,2024-02-13 16:55:24,2024-02-15 15:20:34,2
9000000386,1000000696,20240213,92,1,,2,Correo Argentino,DELIVERED,2024-02-13 18:07:09,2024-02-19 18:23:59,6
9000000387,1000000697,20240213,574,1,,4,Correo Argentino,DELIVERED,2024-02-13 17:33:55,2024-02-19 12:03:49,6
9000000388,1000000701,20240213,612,1,,2,Correo Argentino,DELIVERED,2024-02-13 18:40:43,2024-02-16 19:46:03,3
9000000389,1000000703,20240213,809,1,,2,Correo Argentino,DELIVERED,2024-02-14 18:37:34,2024-02-21 17:34:49,8
9000000390,1000000706,20240213,632,1,,1,Correo Argentino,DELIVERED,2024-02-14 17:10:55,2024-02-16 11:59:50,3
9000000391,1000000707,20240213,184,1,,1,Correo Argentino,DELIVERED,2024-02-14 18:31:41,2024-02-16 15:19:56,3
9000000392,1000000708,20240213,526,1,,4,Correo Argentino,DELIVERED,2024-02-14 18:51:38,2024-02-20 18:10:32,7
9000000393,1000000710,20240213,556,1,,4,Correo Argentino,DELIVERED,2024-02-14 17:58:14,2024-02-20 09:23:34,7
9000000394,1000000713,20240213,278,1,,4,Correo Argentino,DELIVERED,2024-02-14 16:30:45,2024-02-16 15:36:34,3
9000000395,1000000714,20240213,488,1,,2,Correo Argentino,DELIVERED,2024-02-14 16:21:35,2024-02-19 18:19:50,6
9000000396,1000000715,20240213,128,1,,3,Correo Argentino,DELIVERED,2024-02-14 17:59:56,2024-02-19 19:47:33,6
9000000397,1000000716,20240214,452,1,,3,Correo Argentino,DELIVERED,2024-02-14 17:45:40,2024-02-19 15:54:32,5
9000000398,1000000717,20240214,810,1,,3,Correo Argentino,DELIVERED,2024-02-14 18:00:13,2024-02-19 13:41:53,5
9000000399,1000000719,20240214,24,1,,1,Correo Argentino,DELIVERED,2024-02-15 18:37:23,2024-02-19 09:05:32,5
9000000400,1000000722,20240214,755,1,,1,Correo Argentino,DELIVERED,2024-02-15 16:10:12,2024-02-19 09:59:35,5
9000000401,1000000724,20240214,478,1,,2,Correo Argentino,DELIVERED,2024-02-15 18:28:10,2024-02-21 18:53:31,7
9000000402,1000000725,20240214,811,1,,1,Correo Argentino,DELIVERED,2024-02-15 18:12:49,2024-02-19 16:59:59,5
9000000403,1000000726,20240214,812,1,,2,Correo Argentino,DELIVERED,2024-02-15 16:36:25,2024-02-21 12:06:58,7
9000000404,1000000727,20240215,813,1,,3,Correo Argentino,DELIVERED,2024-02-15 17:31:03,2024-02-20 12:07:59,5
9000000405,1000000728,20240215,433,1,,1,Correo Argentino,DELIVERED,2024-02-15 16:25:12,2024-02-20 09:12:12,5
9000000406,1000000729,20240215,669,1,,2,Correo Argentino,DELIVERED,2024-02-15 17:51:02,2024-02-19 16:46:30,4
9000000407,1000000730,20240215,70,1,,1,Correo Argentino,DELIVERED,2024-02-15 18:21:02,2024-02-19 15:33:51,4
9000000408,1000000731,20240215,42,1,,1,Correo Argentino,DELIVERED,2024-02-16 16:38:04,2024-02-20 17:08:36,5
9000000409,1000000734,20240215,611,1,,1,Correo Argentino,DELIVERED,2024-02-16 16:55:33,2024-02-19 13:14:02,4
9000000410,1000000735,20240215,648,1,,1,Correo Argentino,DELIVERED,2024-02-16 17:15:34,2024-02-21 10:56:24,6
9000000411,1000000740,20240215,816,1,,1,Correo Argentino,DELIVERED,2024-02-16 16:25:14,2024-02-19 09:40:28,4
9000000412,1000000742,20240215,629,1,,1,Correo Argentino,DELIVERED,2024-02-16 17:54:07,2024-02-19 10:02:25,4
9000000413,1000000743,20240215,672,1,,1,Correo Argentino,DELIVERED,2024-02-16 18:28:01,2024-02-19 19:09:50,4
9000000414,1000000744,20240215,542,1,,2,Correo Argentino,DELIVERED,2024-02-16 17:52:30,2024-02-22 12:41:55,7
9000000415,1000000745,20240215,313,1,,2,Correo Argentino,DELIVERED,2024-02-16 18:06:21,2024-02-21 17:49:50,6
9000000416,1000000746,20240215,817,1,,2,Correo Argentino,DELIVERED,2024-02-16 18:26:49,2024-02-23 19:10:36,8
9000000417,1000000747,20240216,105,1,,1,Correo Argentino,DELIVERED,2024-02-16 18:48:05,2024-02-20 12:54:50,4
9000000418,1000000748,20240216,165,1,,2,Correo Argentino,DELIVERED,2024-02-16 16:32:52,2024-02-20 19:53:44,4
9000000419,1000000750,20240216,347,1,,2,Correo Argentino,DELIVERED,2024-02-16 18:16:30,2024-02-21 09:12:27,5
9000000420,1000000757,20240216,7,1,,4,Correo Argentino,DELIVERED,2024-02-19 17:02:58,2024-02-22 10:33:15,6
9000000421,1000000762,20240216,28,1,,3,Correo Argentino,DELIVERED,2024-02-19 18:34:11,2024-02-26 16:43:08,10
9000000422,1000000764,20240216,279,1,,2,Correo Argentino,DELIVERED,2024-02-19 18:47:35,2024-02-26 18:06:28,10
9000000423,1000000769,20240216,490,1,,1,Correo Argentino,DELIVERED,2024-02-19 17:40:05,2024-02-21 19:34:50,5
9000000424,1000000770,20240216,822,1,,3,Correo Argentino,DELIVERED,2024-02-19 18:39:32,2024-02-26 16:43:18,10
9000000425,1000000771,20240216,692,1,,2,Correo Argentino,DELIVERED,2024-02-19 17:26:06,2024-02-21 18:42:26,5
9000000426,1000000772,20240216,260,1,,4,Correo Argentino,DELIVERED,2024-02-19 18:54:29,2024-02-21 15:12:19,5
9000000427,1000000773,20240216,823,1,,1,Correo Argentino,DELIVERED,2024-02-19 18:42:43,2024-02-22 18:21:41,6
9000000428,1000000774,20240216,17,1,,3,Correo Argentino,DELIVERED,2024-02-19 17:51:17,2024-02-23 19:56:49,7
9000000429,1000000775,20240216,423,1,,2,Correo Argentino,DELIVERED,2024-02-19 18:57:17,2024-02-22 15:19:26,6
9000000430,1000000776,20240217,462,1,,1,Correo Argentino,CANCELLED,,,
9000000431,1000000777,20240217,201,1,,1,Correo Argentino,DELIVERED,2024-02-19 16:58:50,2024-02-20 09:03:26,3
9000000432,1000000779,20240217,703,1,,3,Correo Argentino,DELIVERED,2024-02-19 16:02:11,2024-02-22 16:50:08,5
9000000433,1000000790,20240217,826,1,,3,Correo Argentino,DELIVERED,2024-02-19 16:31:53,2024-02-21 12:35:13,4
9000000434,1000000793,20240217,827,1,,4,Correo Argentino,DELIVERED,2024-02-19 17:24:23,2024-02-23 13:07:20,6
9000000435,1000000795,20240217,524,1,,3,Correo Argentino,DELIVERED,2024-02-19 17:27:38,2024-02-22 18:46:58,5
9000000436,1000000796,20240217,828,1,,4,Correo Argentino,DELIVERED,2024-02-19 18:31:38,2024-02-23 17:36:24,6
9000000437,1000000798,20240217,72,1,,3,Correo Argentino,DELIVERED,2024-02-19 18:23:43,2024-02-23 12:14:56,6
9000000438,1000000799,20240217,663,1,,1,Correo Argentino,DELIVERED,2024-02-19 18:58:56,2024-02-21 11:49:12,4
9000000439,1000000804,20240218,460,1,,1,Correo Argentino,DELIVERED,2024-02-19 18:07:23,2024-02-20 17:36:34,2
9000000440,1000000805,20240218,118,1,,2,Correo Argentino,DELIVERED,2024-02-19 18:17:26,2024-02-21 15:13:52,3
9000000441,1000000806,20240218,178,1,,3,Correo Argentino,DELIVERED,2024-02-19 16:48:24,2024-02-26 19:16:07,8
9000000442,1000000807,20240218,402,1,,3,Correo Argentino,DELIVERED,2024-02-19 18:09:10,2024-02-23 10:20:36,5
9000000443,1000000808,20240218,625,1,,3,Correo Argentino,DELIVERED,2024-02-19 17:11:23,2024-02-22 11:46:29,4
9000000444,1000000809,20240218,106,1,,4,Correo Argentino,DELIVERED,2024-02-19 16:41:03,2024-02-22 13:36:10,4
9000000445,1000000810,20240218,659,1,,3,Correo Argentino,DELIVERED,2024-02-19 18:18:37,2024-02-23 14:48:19,5
9000000446,1000000811,20240218,831,1,,4,Correo Argentino,DELIVERED,2024-02-19 16:05:50,2024-02-26 16:12:11,8
9000000447,1000000812,20240218,681,1,,1,Correo Argentino,DELIVERED,2024-02-19 16:37:21,2024-02-21 18:32:41,3
9000000448,1000000813,20240218,756,1,,2,Correo Argentino,DELIVERED,2024-02-19 18:03:36,2024-02-22 09:43:14,4
9000000449,1000000814,20240218,155,1,,4,Correo Argentino,DELIVERED,2024-02-19 16:15:22,2024-02-22 11:32:21,4
9000000450,1000000815,20240218,164,1,,1,Correo Argentino,DELIVERED,2024-02-19 18:20:33,2024-02-22 13:59:33,4
9000000451,1000000817,20240219,636,1,,4,Correo Argentino,DELIVERED,2024-02-19 16:49:30,2024-02-23 09:52:38,4
9000000452,1000000819,20240219,557,1,,2,Correo Argentino,DELIVERED,2024-02-19 18:21:50,2024-02-21 13:16:46,2
9000000453,1000000820,20240219,833,1,,2,Correo Argentino,DELIVERED,2024-02-19 16:28:42,2024-02-23 09:25:50,4
9000000454,1000000826,20240219,835,1,,2,Correo Argentino,DELIVERED,2024-02-20 17:21:17,2024-02-23 15:20:14,4
9000000455,1000000828,20240219,836,1,,2,Correo Argentino,DELIVERED,2024-02-20 16:10:45,2024-02-27 16:55:43,8
9000000456,1000000829,20240219,64,1,,4,Correo Argentino,DELIVERED,2024-02-20 18:19:11,2024-02-26 15:12:36,7
9000000457,1000000830,20240219,71,1,,2,Correo Argentino,DELIVERED,2024-02-20 18:08:23,2024-02-27 13:38:59,8
9000000458,1000000832,20240219,62,1,,3,Correo Argentino,DELIVERED,2024-02-20 17:05:36,2024-02-26 13:25:49,7
9000000459,1000000833,20240219,104,1,,2,Correo Argentino,DELIVERED,2024-02-20 18:34:34,2024-02-26 17:05:56,7
9000000460,1000000834,20240219,837,1,,4,Correo Argentino,DELIVERED,2024-02-20 17:40:33,2024-02-26 12:11:15,7
9000000461,1000000837,20240219,100,1,,3,Correo Argentino,CANCELLED,,,
9000000462,1000000838,20240219,597,1,,2,Correo Argentino,DELIVERED,2024-02-20 18:42:23,2024-02-26 13:30:41,7
9000000463,1000000839,20240219,59,1,,1,Correo Argentino,DELIVERED,2024-02-20 16:23:54,2024-02-22 12:18:20,3
9000000464,1000000840,20240219,243,1,,3,Correo Argentino,DELIVERED,2024-02-20 16:00:42,2024-02-26 18:32:58,7
9000000465,1000000841,20240219,254,1,,2,Correo Argentino,DELIVERED,2024-02-20 16:55:19,2024-02-23 15:45:28,4
9000000466,1000000843,20240219,602,1,,4,Correo Argentino,DELIVERED,2024-02-20 18:38:41,2024-02-27 14:00:46,8
9000000467,1000000844,20240220,26,1,,1,Correo Argentino,DELIVERED,2024-02-20 18:21:52,2024-02-22 12:02:46,2
9000000468,1000000845,20240220,782,1,,2,Correo Argentino,DELIVERED,2024-02-20 17:07:47,2024-02-26 19:00:10,6
9000000469,1000000846,20240220,713,1,,1,Correo Argentino,DELIVERED,2024-02-20 18:54:01,2024-02-21 15:14:33,1
9000000470,1000000847,20240220,235,1,,1,Correo Argentino,DELIVERED,2024-02-20 17:40:49,2024-02-21 16:30:33,1
9000000471,1000000848,20240220,840,1,,2,Correo Argentino,DELIVERED,2024-02-20 16:38:52,2024-02-23 18:50:55,3
9000000472,1000000850,20240220,621,1,,3,Correo Argentino,DELIVERED,2024-02-20 17:31:59,2024-02-23 09:16:28,3
9000000473,1000000851,20240220,333,1,,3,Correo Argentino,DELIVERED,2024-02-20 17:30:51,2024-02-22 19:29:04,2
9000000474,1000000854,20240220,473,1,,1,Correo Argentino,DELIVERED,2024-02-20 16:50:48,2024-02-22 18:02:26,2
9000000475,1000000856,20240220,744,1,,2,Correo Argentino,DELIVERED,2024-02-21 16:02:49,2024-02-27 19:33:16,7
9000000477,1000000858,20240220,275,1,,3,Correo Argentino,DELIVERED,2024-02-21 16:48:23,2024-02-27 18:06:50,7
9000000478,1000000859,20240220,725,1,,3,Correo Argentino,DELIVERED,2024-02-21 16:49:07,2024-02-27 13:02:58,7
9000000479,1000000860,20240220,417,1,,4,Correo Argentino,DELIVERED,2024-02-21 16:09:09,2024-02-26 11:28:49,6
9000000480,1000000861,20240221,573,1,,1,Correo Argentino,DELIVERED,2024-02-21 17:37:46,2024-02-23 11:08:47,2
9000000481,1000000862,20240221,845,1,,1,Correo Argentino,DELIVERED,2024-02-21 18:24:52,2024-02-23 12:53:27,2
9000000482,1000000863,20240221,84,1,,1,Correo Argentino,DELIVERED,2024-02-21 18:16:46,2024-02-26 09:16:29,5
9000000483,1000000864,20240221,844,1,,1,Correo Argentino,DELIVERED,2024-02-21 18:12:32,2024-02-22 13:42:58,1
9000000484,1000000869,20240221,846,1,,1,Correo Argentino,DELIVERED,2024-02-21 18:18:14,2024-02-23 15:16:27,2
9000000485,1000000871,20240221,139,1,,2,Correo Argentino,DELIVERED,2024-02-21 17:05:29,2024-02-23 13:29:42,2
9000000486,1000000873,20240221,847,1,,2,Correo Argentino,DELIVERED,2024-02-21 16:56:27,2024-02-26 15:25:43,5
9000000487,1000000874,20240221,577,1,,2,Correo Argentino,DELIVERED,2024-02-22 18:26:36,2024-02-29 18:55:41,8
9000000488,1000000875,20240221,269,1,,1,Correo Argentino,DELIVERED,2024-02-22 18:30:42,2024-02-23 12:36:36,2
9000000489,1000000877,20240221,547,1,,1,Correo Argentino,DELIVERED,2024-02-22 18:49:24,2024-02-27 14:14:18,6
9000000490,1000000881,20240221,849,1,,3,Correo Argentino,DELIVERED,2024-02-22 16:41:27,2024-02-28 10:28:22,7
9000000491,1000000883,20240221,60,1,,3,Correo Argentino,DELIVERED,2024-02-22 18:56:15,2024-02-27 16:56:59,6
9000000492,1000000885,20240221,32,1,,3,Correo Argentino,DELIVERED,2024-02-22 16:32:48,2024-02-27 18:28:23,6
9000000493,1000000889,20240221,851,1,,2,Correo Argentino,DELIVERED,2024-02-26 17:03:55,2024-02-28 19:13:06,7
9000000494,1000000890,20240222,359,1,,2,Correo Argentino,DELIVERED,2024-02-22 16:05:23,2024-02-26 09:51:50,4
9000000495,1000000892,20240222,800,1,,3,Correo Argentino,DELIVERED,2024-02-22 17:35:01,2024-02-27 18:09:10,5
9000000496,1000000897,20240222,400,1,,1,Correo Argentino,DELIVERED,2024-02-23 17:32:30,2024-02-27 13:46:47,5
9000000497,1000000898,20240222,852,1,,4,Correo Argentino,DELIVERED,2024-02-23 17:43:29,2024-02-27 17:57:26,5
9000000500,1000000902,20240222,55,1,,1,Correo Argentino,DELIVERED,2024-02-23 18:31:28,2024-02-28 09:34:09,6
9000000501,1000000903,20240222,853,1,,2,Correo Argentino,DELIVERED,2024-02-23 16:12:19,2024-02-28 09:09:18,6
9000000502,1000000906,20240223,855,1,,1,Correo Argentino,DELIVERED,2024-02-23 18:58:49,2024-02-27 15:44:24,4
9000000503,1000000907,20240223,443,1,,4,Correo Argentino,DELIVERED,2024-02-23 16:38:51,2024-02-28 12:38:06,5
9000000504,1000000908,20240223,54,1,,1,Correo Argentino,DELIVERED,2024-02-23 16:16:22,2024-02-27 14:25:17,4
9000000505,1000000909,20240223,189,1,,3,Correo Argentino,DELIVERED,2024-02-23 18:00:51,2024-02-27 10:40:54,4
9000000506,1000000910,20240223,350,1,,4,Correo Argentino,DELIVERED,2024-02-23 17:09:29,2024-02-27 13:55:31,4
9000000507,1000000911,20240223,677,1,,3,Correo Argentino,DELIVERED,2024-02-23 18:30:49,2024-02-28 18:53:45,5
9000000508,1000000913,20240223,124,1,,1,Correo Argentino,DELIVERED,2024-02-26 17:59:48,2024-02-27 18:34:41,4
9000000509,1000000914,20240223,183,1,,1,Correo Argentino,DELIVERED,2024-02-26 16:24:13,2024-02-28 19:38:55,5
9000000512,1000000919,20240223,509,1,,3,Correo Argentino,DELIVERED,2024-02-26 18:07:37,2024-02-28 18:08:46,5
9000000513,1000000921,20240223,729,1,,3,Correo Argentino,DELIVERED,2024-02-26 17:02:07,2024-02-29 15:47:12,6
9000000515,1000000926,20240223,161,1,,2,Correo Argentino,DELIVERED,2024-02-26 17:41:51,2024-02-29 18:22:27,6
9000000516,1000000927,20240223,861,1,,1,Correo Argentino,DELIVERED,2024-02-26 18:59:45,2024-02-29 12:27:20,6
9000000517,1000000930,20240223,284,1,,3,Correo Argentino,DELIVERED,2024-02-26 17:25:03,2024-02-28 12:19:40,5
9000000518,1000000934,20240223,567,1,,1,Correo Argentino,DELIVERED,2024-02-26 16:24:56,2024-02-28 18:31:21,5
9000000519,1000000935,20240223,195,1,,3,Correo Argentino,DELIVERED,2024-02-26 17:01:48,2024-03-01 17:33:46,7
9000000520,1000000937,20240224,790,1,,1,Correo Argentino,DELIVERED,2024-02-26 18:41:52,2024-02-28 09:38:38,4
9000000521,1000000938,20240224,464,1,,1,Correo Argentino,DELIVERED,2024-02-26 16:22:18,2024-02-29 15:26:57,5
9000000522,1000000947,20240224,593,1,,2,Correo Argentino,DELIVERED,2024-02-26 16:10:33,2024-03-01 16:05:21,6
9000000523,1000000948,20240224,328,1,,2,Correo Argentino,DELIVERED,2024-02-26 18:43:16,2024-02-28 19:50:38,4
9000000524,1000000950,20240224,671,1,,1,Correo Argentino,DELIVERED,2024-02-26 18:10:46,2024-02-28 19:27:01,4
9000000525,1000000963,20240224,513,1,,2,Correo Argentino,DELIVERED,2024-02-26 18:53:51,2024-02-28 13:00:17,4
9000000526,1000000966,20240224,468,1,,1,Correo Argentino,DELIVERED,2024-02-26 16:12:14,2024-02-27 18:36:46,3
9000000527,1000000968,20240224,404,1,,1,Correo Argentino,DELIVERED,2024-02-26 18:08:59,2024-02-29 17:40:49,5
9000000528,1000000969,20240224,361,1,,1,Correo Argentino,DELIVERED,2024-02-26 18:38:38,2024-02-29 14:58:55,5
9000000529,1000000970,20240224,281,1,,1,Correo Argentino,DELIVERED,2024-02-26 18:13:11,2024-02-27 09:56:41,3
9000000530,1000000971,20240224,339,1,,2,Correo Argentino,DELIVERED,2024-02-26 17:10:00,2024-03-04 19:39:32,9
9000000531,1000000972,20240224,755,1,,1,Correo Argentino,DELIVERED,2024-02-26 18:07:56,2024-02-28 17:05:39,4
9000000532,1000000973,20240224,381,1,,1,Correo Argentino,DELIVERED,2024-02-26 18:42:31,2024-02-28 10:54:05,4
9000000533,1000000974,20240225,869,1,,1,Correo Argentino,DELIVERED,2024-02-26 17:03:00,2024-02-28 14:28:21,3
9000000534,1000000975,20240225,595,1,,3,Correo Argentino,DELIVERED,2024-02-26 17:16:34,2024-02-28 09:32:20,3
9000000535,1000000976,20240225,674,1,,4,Correo Argentino,DELIVERED,2024-02-26 17:43:57,2024-02-28 11:20:14,3
9000000536,1000000977,20240225,870,1,,1,Correo Argentino,DELIVERED,2024-02-26 18:41:31,2024-02-28 16:59:01,3
9000000537,1000000978,20240225,506,1,,3,Correo Argentino,DELIVERED,2024-02-26 16:43:20,2024-02-28 18:40:00,3
9000000538,1000000979,20240225,626,1,,1,Correo Argentino,DELIVERED,2024-02-26 17:49:15,2024-02-28 14:22:19,3
9000000539,1000000981,20240225,248,1,,3,Correo Argentino,DELIVERED,2024-02-26 16:33:55,2024-03-01 16:05:09,5
9000000540,1000000982,20240225,149,1,,2,Correo Argentino,DELIVERED,2024-02-26 17:02:07,2024-03-01 14:17:39,5
9000000541,1000000983,20240225,484,1,,1,Correo Argentino,DELIVERED,2024-02-26 16:50:48,2024-02-28 18:15:03,3
9000000542,1000000984,20240225,716,1,,1,Correo Argentino,DELIVERED,2024-02-26 17:56:16,2024-02-28 13:47:31,3
9000000543,1000000985,20240225,708,1,,1,Correo Argentino,DELIVERED,2024-02-26 17:33:18,2024-02-27 10:44:53,2
9000000544,1000000986,20240225,523,1,,2,Correo Argentino,DELIVERED,2024-02-26 16:10:10,2024-02-29 13:48:59,4
9000000545,1000000988,20240225,29,1,,4,Correo Argentino,DELIVERED,2024-02-26 17:55:00,2024-03-04 10:27:25,8
9000000546,1000000989,20240225,411,1,,1,Correo Argentino,DELIVERED,2024-02-26 16:31:56,2024-02-27 09:32:58,2
9000000547,1000000990,20240225,479,1,,1,Correo Argentino,DELIVERED,2024-02-26 18:37:32,2024-02-29 12:20:55,4
9000000548,1000000993,20240226,82,1,,1,Correo Argentino,DELIVERED,2024-02-27 17:25:22,2024-02-28 12:45:15,2
9000000549,1000000995,20240226,317,1,,2,Correo Argentino,DELIVERED,2024-02-27 17:24:17,2024-03-04 11:30:50,7
9000000550,1000000996,20240226,871,1,,4,Correo Argentino,DELIVERED,2024-02-27 18:26:29,2024-03-01 17:32:24,4
9000000551,1000000997,20240226,380,1,,3,Correo Argentino,DELIVERED,2024-02-27 17:39:51,2024-03-04 18:57:47,7
9000000552,1000000998,20240226,872,1,,4,Correo Argentino,DELIVERED,2024-02-27 18:11:11,2024-03-04 13:52:04,7
9000000553,1000001000,20240226,83,1,,4,Correo Argentino,DELIVERED,2024-02-27 17:01:37,2024-03-01 17:25:12,4
9000000554,1000001001,20240226,639,1,,1,Correo Argentino,DELIVERED,2024-02-27 18:39:26,2024-02-29 14:55:59,3
9000000556,1000001003,20240226,874,1,,2,Correo Argentino,DELIVERED,2024-02-27 17:40:41,2024-03-01 16:38:40,4
9000000557,1000001004,20240226,876,1,,2,Correo Argentino,DELIVERED,2024-02-27 18:15:19,2024-03-05 10:48:09,8
9000000558,1000001005,20240226,505,1,,2,Correo Argentino,DELIVERED,2024-02-27 18:02:55,2024-02-29 13:05:31,3
9000000559,1000001006,20240226,877,1,,2,Correo Argentino,DELIVERED,2024-02-27 17:58:02,2024-02-29 17:38:59,3
9000000560,1000001007,20240226,878,1,,3,Correo Argentino,DELIVERED,2024-02-27 16:31:59,2024-02-29 19:54:13,3
9000000561,1000001008,20240226,615,1,,2,Correo Argentino,DELIVERED,2024-02-27 17:57:38,2024-02-29 10:01:39,3
9000000562,1000001009,20240227,39,1,,2,Correo Argentino,DELIVERED,2024-02-27 17:52:06,2024-03-01 16:17:30,3
9000000563,1000001010,20240227,366,1,,1,Correo Argentino,DELIVERED,2024-02-27 17:35:26,2024-03-01 09:35:13,3
9000000564,1000001011,20240227,470,1,,3,Correo Argentino,DELIVERED,2024-02-27 17:22:10,2024-03-04 15:04:21,6
9000000565,1000001012,20240227,296,1,,2,Correo Argentino,DELIVERED,2024-02-27 17:22:29,2024-03-01 15:06:12,3
9000000566,1000001013,20240227,880,1,,2,Correo Argentino,DELIVERED,2024-02-27 17:25:12,2024-03-05 16:09:07,7
9000000567,1000001015,20240227,881,1,,3,Correo Argentino,DELIVERED,2024-02-28 18:23:12,2024-03-01 14:23:53,3
9000000568,1000001016,20240227,764,1,,1,Correo Argentino,DELIVERED,2024-02-28 16:33:50,2024-03-01 11:38:54,3
9000000569,1000001017,20240227,416,1,,2,Correo Argentino,DELIVERED,2024-02-28 18:01:12,2024-03-06 10:05:25,8
9000000570,1000001021,20240227,883,1,,2,Correo Argentino,DELIVERED,2024-02-28 18:49:48,2024-03-04 13:03:07,6
9000000571,1000001022,20240227,884,1,,3,Correo Argentino,DELIVERED,2024-02-28 17:51:30,2024-03-04 14:07:54,6
9000000572,1000001023,20240227,88,1,,1,Correo Argentino,DELIVERED,2024-02-28 17:41:41,2024-03-01 19:32:21,3
9000000573,1000001024,20240228,885,1,,2,Correo Argentino,DELIVERED,2024-02-28 17:13:55,2024-03-05 18:23:50,6
9000000575,1000001027,20240228,475,1,,2,Correo Argentino,DELIVERED,2024-02-28 18:57:01,2024-03-04 15:25:21,5
9000000577,1000001031,20240228,886,1,,2,Correo Argentino,DELIVERED,2024-02-29 16:24:00,2024-03-05 15:55:50,6
9000000578,1000001033,20240228,44,1,,2,Correo Argentino,DELIVERED,2024-02-29 18:31:52,2024-03-06 17:07:29,7
9000000579,1000001035,20240228,289,1,,2,Correo Argentino,DELIVERED,2024-02-29 18:11:42,2024-03-06 13:02:10,7
9000000580,1000001042,20240228,69,1,,4,Correo Argentino,DELIVERED,2024-02-29 17:46:50,2024-03-06 12:47:31,7
9000000581,1000001045,20240228,436,1,,4,Correo Argentino,DELIVERED,2024-02-29 16:21:27,2024-03-04 10:57:56,5
9000000582,1000001049,20240228,889,1,,1,Correo Argentino,DELIVERED,2024-02-29 17:49:07,2024-03-01 14:39:01,2
9000000583,1000001050,20240228,888,1,,3,Correo Argentino,DELIVERED,2024-02-29 16:32:28,2024-03-06 19:44:21,7
9000000584,1000001051,20240229,542,1,,2,Correo Argentino,DELIVERED,2024-02-29 18:06:46,2024-03-06 19:54:42,6
9000000585,1000001052,20240229,356,1,,1,Correo Argentino,DELIVERED,2024-02-29 18:13:50,2024-03-04 13:26:58,4
9000000587,1000001056,20240229,648,1,,1,Correo Argentino,DELIVERED,2024-03-01 18:56:11,2024-03-05 13:30:46,5
9000000588,1000001059,20240229,779,1,,1,Correo Argentino,DELIVERED,2024-03-01 16:26:53,2024-03-04 19:26:32,4
9000000590,1000001061,20240229,893,1,,4,Correo Argentino,DELIVERED,2024-03-01 16:08:39,2024-03-07 18:30:42,7
9000000591,1000001062,20240229,742,1,,1,Correo Argentino,DELIVERED,2024-03-01 17:20:44,2024-03-04 15:12:13,4
9000000592,1000001063,20240229,894,1,,2,Correo Argentino,DELIVERED,2024-03-01 16:07:30,2024-03-07 18:07:17,7
9000000593,1000001064,20240229,644,1,,2,Correo Argentino,DELIVERED,2024-03-01 17:14:44,2024-03-05 11:55:42,5
9000000594,1000001065,20240229,895,1,,3,Correo Argentino,DELIVERED,2024-03-01 18:21:26,2024-03-06 12:54:27,6
9000000595,1000001066,20240301,168,1,,1,Correo Argentino,DELIVERED,2024-03-01 17:38:07,2024-03-05 19:30:12,4
9000000596,1000001070,20240301,65,1,,1,Correo Argentino,DELIVERED,2024-03-04 17:59:01,2024-03-05 11:24:03,4
9000000598,1000001078,20240301,898,1,,1,Correo Argentino,DELIVERED,2024-03-04 17:56:15,2024-03-06 19:52:26,5
9000000599,1000001079,20240301,271,1,,2,Correo Argentino,DELIVERED,2024-03-04 16:09:32,2024-03-07 19:18:47,6
9000000600,1000001080,20240301,353,1,,1,Correo Argentino,DELIVERED,2024-03-04 18:09:54,2024-03-06 13:26:45,5
9000000602,1000001086,20240301,171,1,,2,Correo Argentino,DELIVERED,2024-03-04 18:56:51,2024-03-07 11:44:26,6
9000000603,1000001089,20240301,735,1,,1,Correo Argentino,DELIVERED,2024-03-04 16:21:08,2024-03-06 17:16:24,5
9000000604,1000001090,20240301,902,1,,2,Correo Argentino,DELIVERED,2024-03-04 17:26:28,2024-03-08 11:27:27,7
9000000605,1000001092,20240301,905,1,,4,Correo Argentino,DELIVERED,2024-03-04 18:02:44,2024-03-11 10:34:11,10
9000000606,1000001093,20240301,904,1,,1,Correo Argentino,DELIVERED,2024-03-04 17:40:12,2024-03-05 17:40:44,4
9000000607,1000001094,20240301,797,1,,1,Correo Argentino,DELIVERED,2024-03-04 17:47:02,2024-03-05 16:46:41,4
9000000608,1000001095,20240301,796,1,,3,Correo Argentino,DELIVERED,2024-03-04 17:30:12,2024-03-07 09:19:18,6
9000000609,1000001096,20240302,906,1,,1,Correo Argentino,DELIVERED,2024-03-04 18:15:38,2024-03-05 12:13:13,3
9000000610,1000001097,20240302,172,1,,2,Correo Argentino,DELIVERED,2024-03-04 16:16:50,2024-03-07 13:17:56,5
9000000612,1000001100,20240302,113,1,,1,Correo Argentino,DELIVERED,2024-03-04 18:13:13,2024-03-06 18:55:00,4
9000000613,1000001109,20240302,775,1,,2,Correo Argentino,DELIVERED,2024-03-04 18:52:22,2024-03-08 11:53:42,6
9000000614,1000001111,20240302,909,1,,2,Correo Argentino,DELIVERED,2024-03-04 18:14:49,2024-03-11 12:23:49,9
9000000615,1000001118,20240302,43,1,,1,Correo Argentino,DELIVERED,2024-03-04 16:17:31,2024-03-06 19:26:05,4
9000000616,1000001123,20240302,30,1,,1,Correo Argentino,DELIVERED,2024-03-04 16:40:03,2024-03-05 16:45:49,3
9000000617,1000001124,20240303,45,1,,2,Correo Argentino,DELIVERED,2024-03-04 16:19:16,2024-03-06 15:37:07,3
9000000618,1000001125,20240303,698,1,,2,Correo Argentino,DELIVERED,2024-03-04 17:00:21,2024-03-07 11:42:40,4
9000000619,1000001126,20240303,192,1,,3,Correo Argentino,DELIVERED,2024-03-04 16:14:04,2024-03-08 18:59:20,5
9000000620,1000001127,20240303,99,1,,2,Correo Argentino,DELIVERED,2024-03-04 18:51:32,2024-03-07 18:14:58,4
9000000621,1000001128,20240303,490,1,,1,Correo Argentino,DELIVERED,2024-03-04 17:17:29,2024-03-06 11:19:13,3
9000000622,1000001129,20240303,284,1,,3,Correo Argentino,CANCELLED,,,
9000000623,1000001130,20240303,137,1,,1,Correo Argentino,DELIVERED,2024-03-04 18:28:40,2024-03-05 14:51:49,2
9000000624,1000001131,20240303,675,1,,1,Correo Argentino,DELIVERED,2024-03-04 18:51:20,2024-03-05 11:06:59,2
9000000625,1000001132,20240303,912,1,,1,Correo Argentino,DELIVERED,2024-03-04 18:55:59,2024-03-05 09:57:34,2
9000000626,1000001133,20240303,179,1,,3,Correo Argentino,DELIVERED,2024-03-04 16:35:31,2024-03-08 17:36:51,5
9000000627,1000001134,20240303,913,1,,3,Correo Argentino,DELIVERED,2024-03-04 18:54:09,2024-03-08 17:17:23,5
9000000628,1000001135,20240303,621,1,,3,Correo Argentino,DELIVERED,2024-03-04 17:28:14,2024-03-08 12:26:00,5
9000000629,1000001136,20240304,157,1,,1,Correo Argentino,DELIVERED,2024-03-04 16:44:03,2024-03-05 11:48:21,1
9000000630,1000001137,20240304,914,1,,3,Correo Argentino,DELIVERED,2024-03-05 17:00:58,2024-03-11 17:09:50,7
9000000631,1000001138,20240304,208,1,,3,Correo Argentino,DELIVERED,2024-03-04 17:53:40,2024-03-07 17:46:28,3
9000000632,1000001139,20240304,915,1,,1,Correo Argentino,DELIVERED,2024-03-04 18:19:52,2024-03-05 14:51:16,1
9000000633,1000001140,20240304,433,1,,1,Correo Argentino,DELIVERED,2024-03-04 16:25:48,2024-03-05 09:27:44,1
9000000634,1000001141,20240304,469,1,,3,Correo Argentino,DELIVERED,2024-03-04 16:19:56,2024-03-06 11:02:47,2
9000000635,1000001142,20240304,916,1,,2,Correo Argentino,DELIVERED,2024-03-04 18:01:03,2024-03-08 09:08:56,4
9000000636,1000001144,20240304,33,1,,1,Correo Argentino,DELIVERED,2024-03-05 18:33:02,2024-03-06 17:39:08,2
9000000637,1000001145,20240304,234,1,,3,Correo Argentino,DELIVERED,2024-03-05 18:39:22,2024-03-08 10:13:41,4
9000000638,1000001146,20240304,687,1,,3,Correo Argentino,CANCELLED,,,
9000000639,1000001148,20240304,918,1,,1,Correo Argentino,DELIVERED,2024-03-05 17:42:45,2024-03-07 17:08:37,3
9000000640,1000001152,20240304,920,1,,4,Correo Argentino,DELIVERED,2024-03-05 16:58:09,2024-03-11 09:12:34,7
9000000641,1000001153,20240304,185,1,,1,Correo Argentino,DELIVERED,2024-03-05 17:55:08,2024-03-08 19:09:56,4
9000000642,1000001154,20240304,497,1,,1,Correo Argentino,DELIVERED,2024-03-05 16:48:31,2024-03-07 11:24:54,3
9000000643,1000001156,20240304,553,1,,3,Correo Argentino,DELIVERED,2024-03-05 16:00:09,2024-03-08 11:30:31,4
9000000644,1000001160,20240304,341,1,,4,Correo Argentino,DELIVERED,2024-03-05 17:48:56,2024-03-07 12:48:27,3
9000000645,1000001161,20240304,922,1,,2,Correo Argentino,DELIVERED,2024-03-05 17:59:03,2024-03-07 11:58:47,3
9000000646,1000001162,20240305,398,1,,1,Correo Argentino,DELIVERED,2024-03-05 16:17:20,2024-03-07 11:36:06,2
9000000647,1000001163,20240305,806,1,,1,Correo Argentino,DELIVERED,2024-03-05 17:26:07,2024-03-07 15:16:26,2
9000000648,1000001165,20240305,572,1,,3,Correo Argentino,DELIVERED,2024-03-05 18:39:24,2024-03-07 10:38:40,2
9000000649,1000001166,20240305,255,1,,1,Correo Argentino,DELIVERED,2024-03-05 18:13:45,2024-03-07 16:59:54,2
9000000650,1000001167,20240305,263,1,,3,Correo Argentino,DELIVERED,2024-03-05 18:11:40,2024-03-08 13:16:33,3
9000000651,1000001170,20240305,697,1,,3,Correo Argentino,DELIVERED,2024-03-06 17:02:25,2024-03-12 17:38:49,7
9000000652,1000001171,20240305,923,1,,3,Correo Argentino,DELIVERED,2024-03-06 16:08:36,2024-03-13 10:30:58,8
9000000653,1000001173,20240305,692,1,,3,Correo Argentino,DELIVERED,2024-03-06 16:27:57,2024-03-11 09:58:35,6
9000000654,1000001175,20240305,482,1,,2,Correo Argentino,DELIVERED,2024-03-06 17:06:43,2024-03-13 16:59:26,8
9000000655,1000001179,20240305,222,1,,1,Correo Argentino,DELIVERED,2024-03-06 17:42:17,2024-03-07 13:53:58,2
9000000657,1000001181,20240306,421,1,,1,Correo Argentino,DELIVERED,2024-03-06 17:15:32,2024-03-08 19:34:12,2
9000000658,1000001191,20240306,447,1,,1,Correo Argentino,DELIVERED,2024-03-07 17:21:37,2024-03-08 14:49:13,2
9000000659,1000001194,20240306,18,1,,2,Correo Argentino,DELIVERED,2024-03-07 18:08:51,2024-03-13 12:35:49,7
9000000660,1000001198,20240306,926,1,,3,Correo Argentino,DELIVERED,2024-03-07 16:11:46,2024-03-12 09:06:23,6
9000000661,1000001201,20240307,115,1,,1,Correo Argentino,DELIVERED,2024-03-11 16:29:58,2024-03-13 09:38:19,6
9000000662,1000001202,20240307,310,1,,1,Correo Argentino,DELIVERED,2024-03-08 18:50:37,2024-03-11 19:41:11,4
9000000663,1000001209,20240307,384,1,,3,Correo Argentino,DELIVERED,2024-03-08 16:56:40,2024-03-12 16:03:07,5
9000000664,1000001210,20240307,457,1,,4,Correo Argentino,DELIVERED,2024-03-08 16:12:35,2024-03-14 17:10:01,7
9000000666,1000001215,20240308,930,1,,1,Correo Argentino,DELIVERED,2024-03-08 16:38:41,2024-03-12 10:26:49,4
9000000667,1000001219,20240308,932,1,,1,Correo Argentino,DELIVERED,2024-03-11 18:43:10,2024-03-14 16:26:58,6
9000000668,1000001222,20240308,231,1,,4,Correo Argentino,DELIVERED,2024-03-11 16:16:59,2024-03-18 13:40:21,10
9000000669,1000001223,20240308,122,1,,2,Correo Argentino,DELIVERED,2024-03-11 17:55:54,2024-03-18 15:36:50,10
9000000670,1000001226,20240308,934,1,,1,Correo Argentino,DELIVERED,2024-03-11 18:20:45,2024-03-13 13:00:48,5
9000000671,1000001227,20240308,27,1,,2,Correo Argentino,DELIVERED,2024-03-11 17:47:20,2024-03-15 10:58:03,7
9000000672,1000001228,20240308,505,1,,2,Correo Argentino,DELIVERED,2024-03-11 16:31:04,2024-03-15 11:37:48,7
9000000673,1000001229,20240308,123,1,,1,Correo Argentino,DELIVERED,2024-03-11 17:44:36,2024-03-13 17:50:11,5
9000000674,1000001230,20240308,563,1,,1,Correo Argentino,DELIVERED,2024-03-11 18:27:52,2024-03-13 14:51:42,5
9000000675,1000001231,20240309,130,1,,2,Correo Argentino,DELIVERED,2024-03-11 16:24:41,2024-03-18 12:42:37,9
9000000676,1000001234,20240309,935,1,,2,Correo Argentino,DELIVERED,2024-03-11 16:40:59,2024-03-13 17:55:06,4
9000000677,1000001235,20240309,399,1,,3,Correo Argentino,DELIVERED,2024-03-11 17:24:23,2024-03-13 11:28:08,4
9000000678,1000001236,20240309,630,1,,4,Correo Argentino,DELIVERED,2024-03-11 16:07:33,2024-03-15 15:08:47,6
9000000679,1000001245,20240309,24,1,,1,Correo Argentino,DELIVERED,2024-03-11 16:50:26,2024-03-12 15:24:36,3
9000000680,1000001248,20240309,938,1,,3,Correo Argentino,DELIVERED,2024-03-11 16:36:17,2024-03-15 12:57:09,6
9000000681,1000001250,20240309,672,1,,1,Correo Argentino,DELIVERED,2024-03-11 17:03:34,2024-03-13 09:30:33,4
9000000682,1000001251,20240310,268,1,,4,Correo Argentino,DELIVERED,2024-03-11 16:00:09,2024-03-15 14:53:48,5
9000000683,1000001252,20240310,63,1,,1,Correo Argentino,DELIVERED,2024-03-11 18:05:23,2024-03-13 15:11:30,3
9000000684,1000001253,20240310,147,1,,1,Correo Argentino,DELIVERED,2024-03-13 17:17:49,2024-03-15 13:54:21,5
9000000685,1000001255,20240310,942,1,,1,Correo Argentino,DELIVERED,2024-03-11 18:25:02,2024-03-13 11:25:36,3
9000000686,1000001256,20240310,943,1,,1,Correo Argentino,DELIVERED,2024-03-12 16:12:21,2024-03-14 12:34:08,4
9000000687,1000001257,20240310,176,1,,1,Correo Argentino,DELIVERED,2024-03-11 18:25:36,2024-03-13 19:30:46,3
9000000688,1000001258,20240311,9,1,,4,Correo Argentino,DELIVERED,2024-03-11 17:04:40,2024-03-15 18:41:03,4
9000000689,1000001259,20240311,854,1,,3,Correo Argentino,DELIVERED,2024-03-11 18:49:57,2024-03-15 17:52:56,4
9000000690,1000001262,20240311,604,1,,3,Correo Argentino,DELIVERED,2024-03-11 17:38:43,2024-03-15 10:11:39,4
9000000691,1000001263,20240311,944,1,,1,Correo Argentino,DELIVERED,2024-03-12 16:28:44,2024-03-15 18:33:02,4
9000000693,1000001266,20240311,947,1,,2,Correo Argentino,DELIVERED,2024-03-12 18:20:41,2024-03-15 15:23:24,4
9000000694,1000001268,20240311,496,1,,1,Correo Argentino,DELIVERED,2024-03-12 18:14:58,2024-03-15 13:55:49,4
9000000695,1000001270,20240311,373,1,,4,Correo Argentino,DELIVERED,2024-03-12 18:50:25,2024-03-15 09:49:12,4
9000000696,1000001271,20240311,882,1,,1,Correo Argentino,DELIVERED,2024-03-12 18:39:18,2024-03-14 14:09:58,3
9000000697,1000001275,20240312,396,1,,1,Correo Argentino,DELIVERED,2024-03-12 16:09:35,2024-03-14 14:57:30,2
9000000698,1000001277,20240312,950,1,,3,Correo Argentino,DELIVERED,2024-03-12 17:19:57,2024-03-18 13:04:59,6
9000000699,1000001279,20240312,118,1,,2,Correo Argentino,DELIVERED,2024-03-13 18:06:47,2024-03-19 14:44:50,7
9000000700,1000001282,20240312,581,1,,4,Correo Argentino,DELIVERED,2024-03-13 16:14:50,2024-03-15 14:49:37,3
9000000701,1000001283,20240312,951,1,,1,Correo Argentino,DELIVERED,2024-03-13 18:01:48,2024-03-15 14:52:49,3
9000000702,1000001284,20240312,139,1,,2,Correo Argentino,DELIVERED,2024-03-13 18:59:17,2024-03-19 13:44:01,7
9000000703,1000001285,20240312,655,1,,4,Correo Argentino,DELIVERED,2024-03-13 17:46:03,2024-03-15 10:35:15,3
9000000704,1000001288,20240312,952,1,,1,Correo Argentino,DELIVERED,2024-03-13 18:10:35,2024-03-15 09:24:46,3
9000000705,1000001289,20240312,116,1,,1,Correo Argentino,DELIVERED,2024-03-13 18:35:54,2024-03-15 13:44:55,3
9000000706,1000001290,20240313,15,1,,2,Correo Argentino,DELIVERED,2024-03-13 17:16:20,2024-03-15 18:43:21,2
9000000707,1000001291,20240313,671,1,,1,Correo Argentino,DELIVERED,2024-03-13 16:57:36,2024-03-15 12:15:52,2
9000000708,1000001293,20240313,88,1,,1,Correo Argentino,DELIVERED,2024-03-13 18:52:38,2024-03-15 19:57:16,2
9000000709,1000001294,20240313,534,1,,2,Correo Argentino,DELIVERED,2024-03-13 18:17:33,2024-03-15 17:42:32,2
9000000710,1000001295,20240313,106,1,,4,Correo Argentino,DELIVERED,2024-03-15 17:24:54,2024-03-21 17:21:18,8
9000000711,1000001296,20240313,233,1,,3,Correo Argentino,DELIVERED,2024-03-14 17:42:23,2024-03-19 16:37:47,6
9000000712,1000001299,20240313,669,1,,2,Correo Argentino,DELIVERED,2024-03-14 17:55:09,2024-03-20 14:15:39,7
9000000713,1000001300,20240313,367,1,,1,Correo Argentino,DELIVERED,2024-03-15 16:28:08,2024-03-20 11:10:42,7
9000000714,1000001303,20240313,884,1,,3,Correo Argentino,DELIVERED,2024-03-14 16:44:31,2024-03-18 09:29:09,5
9000000715,1000001305,20240313,880,1,,2,Correo Argentino,DELIVERED,2024-03-14 17:40:27,2024-03-18 11:40:36,5
9000000716,1000001306,20240313,350,1,,4,Correo Argentino,DELIVERED,2024-03-14 18:07:56,2024-03-18 09:06:03,5
9000000717,1000001307,20240313,955,1,,1,Correo Argentino,DELIVERED,2024-03-14 17:12:50,2024-03-18 15:50:24,5
9000000718,1000001308,20240314,92,1,,2,Correo Argentino,DELIVERED,2024-03-14 16:11:33,2024-03-19 19:30:29,5
9000000719,1000001309,20240314,956,1,,3,Correo Argentino,DELIVERED,2024-03-14 18:29:48,2024-03-19 19:03:21,5
9000000720,1000001310,20240314,46,1,,3,Correo Argentino,DELIVERED,2024-03-14 16:30:03,2024-03-18 12:04:11,4
9000000721,1000001312,20240314,260,1,,4,Correo Argentino,DELIVERED,2024-03-14 17:33:24,2024-03-19 13:29:56,5
9000000722,1000001313,20240314,706,1,,1,Correo Argentino,DELIVERED,2024-03-14 16:09:01,2024-03-19 13:29:33,5
9000000723,1000001329,20240315,440,1,,2,Correo Argentino,DELIVERED,2024-03-18 17:18:48,2024-03-21 12:09:57,6
9000000724,1000001331,20240315,960,1,,1,Correo Argentino,DELIVERED,2024-03-18 17:07:19,2024-03-20 17:18:55,5
9000000725,1000001336,20240315,816,1,,1,Correo Argentino,DELIVERED,2024-03-18 18:08:11,2024-03-20 12:11:17,5
9000000726,1000001337,20240315,168,1,,1,Correo Argentino,DELIVERED,2024-03-18 17:41:05,2024-03-20 17:26:37,5
9000000727,1000001341,20240316,963,1,,2,Correo Argentino,DELIVERED,2024-03-18 18:37:23,2024-03-21 18:41:27,5
9000000728,1000001342,20240316,423,1,,2,Correo Argentino,DELIVERED,2024-03-18 16:17:01,2024-03-21 19:45:03,5
9000000729,1000001350,20240316,184,1,,1,Correo Argentino,DELIVERED,2024-03-18 17:36:09,2024-03-19 16:57:54,3
9000000730,1000001351,20240317,789,1,,3,Correo Argentino,DELIVERED,2024-03-18 16:31:39,2024-03-22 13:24:03,5
9000000731,1000001352,20240317,964,1,,3,Correo Argentino,DELIVERED,2024-03-18 18:01:59,2024-03-21 17:05:53,4
9000000732,1000001353,20240317,797,1,,1,Correo Argentino,DELIVERED,2024-03-18 18:54:44,2024-03-19 11:29:18,2
9000000733,1000001354,20240317,755,1,,1,Correo Argentino,DELIVERED,2024-03-18 17:17:53,2024-03-20 14:51:41,3
9000000734,1000001355,20240317,128,1,,1,Correo Argentino,DELIVERED,2024-03-18 16:51:02,2024-03-20 16:28:37,3
9000000735,1000001356,20240317,965,1,,1,Correo Argentino,DELIVERED,2024-03-18 16:04:58,2024-03-19 18:12:56,2
9000000736,1000001357,20240318,915,1,,1,Correo Argentino,DELIVERED,2024-03-18 18:43:20,2024-03-19 17:57:22,1
9000000737,1000001358,20240318,739,1,,2,Correo Argentino,DELIVERED,2024-03-18 16:26:47,2024-03-21 18:50:29,3
9000000740,1000001368,20240318,270,1,,1,Correo Argentino,DELIVERED,2024-03-19 17:40:41,2024-03-20 16:10:47,2
9000000741,1000001369,20240318,967,1,,1,Correo Argentino,DELIVERED,2024-03-19 17:28:30,2024-03-20 09:00:26,2
9000000742,1000001370,20240318,165,1,,2,Correo Argentino,DELIVERED,2024-03-19 18:19:51,2024-03-22 12:19:23,4
9000000744,1000001373,20240318,494,1,,1,Correo Argentino,DELIVERED,2024-03-19 16:55:09,2024-03-22 13:19:13,4
9000000745,1000001376,20240319,969,1,,2,Correo Argentino,DELIVERED,2024-03-19 18:40:45,2024-03-22 13:09:03,3
9000000746,1000001377,20240319,970,1,,4,Correo Argentino,DELIVERED,2024-03-19 16:36:27,2024-03-25 11:02:16,6
9000000747,1000001378,20240319,438,1,,1,Correo Argentino,DELIVERED,2024-03-19 18:27:00,2024-03-21 11:04:08,2
9000000748,1000001384,20240319,191,1,,4,Correo Argentino,DELIVERED,2024-03-20 17:45:26,2024-03-27 19:34:58,8
9000000749,1000001386,20240319,973,1,,2,Correo Argentino,DELIVERED,2024-03-20 16:18:43,2024-03-27 10:02:32,8
9000000750,1000001388,20240319,29,1,,4,Correo Argentino,DELIVERED,2024-03-20 18:14:32,2024-03-25 15:19:11,6
9000000751,1000001389,20240319,316,1,,1,Correo Argentino,DELIVERED,2024-03-20 16:59:59,2024-03-22 16:31:17,3
9000000752,1000001394,20240319,974,1,,1,Correo Argentino,DELIVERED,2024-03-20 17:26:44,2024-03-25 11:12:43,6
9000000753,1000001395,20240319,794,1,,1,Correo Argentino,DELIVERED,2024-03-20 17:07:02,2024-03-21 19:33:41,2
9000000754,1000001396,20240319,846,1,,1,Correo Argentino,DELIVERED,2024-03-20 16:49:53,2024-03-21 17:58:08,2
9000000755,1000001397,20240319,569,1,,4,Correo Argentino,DELIVERED,2024-03-20 18:57:52,2024-03-25 12:35:39,6
9000000756,1000001398,20240319,134,1,,2,Correo Argentino,DELIVERED,2024-03-20 16:00:36,2024-03-25 14:28:51,6
9000000757,1000001399,20240319,140,1,,1,Correo Argentino,DELIVERED,2024-03-20 16:54:32,2024-03-21 17:37:17,2
9000000758,1000001401,20240320,39,1,,2,Correo Argentino,DELIVERED,2024-03-20 18:57:11,2024-03-27 12:49:23,7
9000000759,1000001404,20240320,976,1,,3,Correo Argentino,DELIVERED,2024-03-21 17:53:58,2024-03-26 11:29:50,6
9000000760,1000001406,20240320,53,1,,4,Correo Argentino,DELIVERED,2024-03-25 16:33:10,2024-03-28 18:15:32,8
9000000761,1000001414,20240320,578,1,,1,Correo Argentino,DELIVERED,2024-03-21 17:10:31,2024-03-25 18:42:43,5
9000000762,1000001415,20240320,384,1,,3,Correo Argentino,DELIVERED,2024-03-21 16:04:32,2024-03-27 16:57:31,7
9000000763,1000001416,20240320,299,1,,3,Correo Argentino,DELIVERED,2024-03-21 18:33:42,2024-03-26 09:43:48,6
9000000764,1000001417,20240320,977,1,,3,Correo Argentino,DELIVERED,2024-03-21 17:38:29,2024-03-26 18:18:41,6
9000000765,1000001418,20240321,978,1,,2,Correo Argentino,DELIVERED,2024-03-21 16:06:25,2024-03-28 13:19:36,7
9000000766,1000001419,20240321,852,1,,4,Correo Argentino,DELIVERED,2024-03-21 16:57:03,2024-03-27 09:44:19,6
9000000767,1000001422,20240321,469,1,,3,Correo Argentino,DELIVERED,2024-03-21 16:21:59,2024-03-27 10:32:00,6
9000000768,1000001423,20240321,649,1,,1,Correo Argentino,DELIVERED,2024-03-22 18:44:09,2024-03-25 18:48:58,4
9000000769,1000001425,20240321,980,1,,1,Correo Argentino,DELIVERED,2024-03-22 17:17:01,2024-03-25 14:05:13,4
9000000770,1000001430,20240321,799,1,,1,Correo Argentino,DELIVERED,2024-03-22 18:30:46,2024-03-26 14:33:25,5
9000000771,1000001431,20240321,78,1,,4,Correo Argentino,DELIVERED,2024-03-22 17:49:56,2024-03-26 14:19:48,5
9000000772,1000001432,20240321,982,1,,3,Correo Argentino,DELIVERED,2024-03-25 18:56:34,2024-03-29 09:21:00,8
9000000773,1000001433,20240321,983,1,,1,Correo Argentino,DELIVERED,2024-03-22 17:27:54,2024-03-26 09:50:27,5
9000000774,1000001434,20240322,883,1,,2,Correo Argentino,DELIVERED,2024-03-22 16:07:46,2024-03-28 14:40:01,6
9000000775,1000001435,20240322,984,1,,2,Correo Argentino,DELIVERED,2024-03-22 16:39:21,2024-03-28 10:45:14,6
9000000776,1000001439,20240322,157,1,,1,Correo Argentino,DELIVERED,2024-03-25 16:13:18,2024-03-26 09:56:21,4
9000000777,1000001441,20240322,69,1,,4,Correo Argentino,DELIVERED,2024-03-25 18:34:24,2024-03-27 09:36:10,5
9000000778,1000001443,20240322,676,1,,2,Correo Argentino,DELIVERED,2024-03-25 18:56:04,2024-03-27 10:50:44,5
9000000779,1000001444,20240322,986,1,,4,Correo Argentino,DELIVERED,2024-03-25 16:37:43,2024-03-29 15:19:36,7
9000000780,1000001445,20240323,713,1,,1,Correo Argentino,DELIVERED,2024-03-25 16:20:16,2024-03-27 11:37:35,4
9000000781,1000001446,20240323,166,1,,3,Correo Argentino,DELIVERED,2024-03-25 18:29:03,2024-03-28 09:52:36,5
9000000782,1000001448,20240323,567,1,,1,Correo Argentino,DELIVERED,2024-03-25 17:10:10,2024-03-27 17:46:32,4
9000000783,1000001451,20240323,800,1,,3,Correo Argentino,DELIVERED,2024-03-25 18:27:31,2024-03-28 19:32:45,5
9000000784,1000001456,20240323,189,1,,3,Correo Argentino,DELIVERED,2024-03-25 16:34:22,2024-03-28 12:03:18,5
9000000785,1000001457,20240323,150,1,,3,Correo Argentino,DELIVERED,2024-03-25 17:02:40,2024-03-29 15:24:52,6
9000000786,1000001458,20240323,944,1,,1,Correo Argentino,DELIVERED,2024-03-25 18:52:30,2024-03-28 13:29:23,5
9000000787,1000001461,20240323,552,1,,3,Correo Argentino,DELIVERED,2024-03-25 18:20:47,2024-03-28 13:19:03,5
9000000789,1000001464,20240323,989,1,,3,Correo Argentino,CANCELLED,,,
9000000790,1000001465,20240323,416,1,,2,Correo Argentino,DELIVERED,2024-03-25 17:36:42,2024-03-28 12:33:38,5
9000000791,1000001466,20240323,869,1,,1,Correo Argentino,DELIVERED,2024-03-25 16:50:15,2024-03-27 09:43:31,4
9000000792,1000001467,20240324,586,1,,1,Correo Argentino,DELIVERED,2024-03-25 17:00:02,2024-03-28 14:32:48,4
9000000793,1000001468,20240324,231,1,,2,Correo Argentino,DELIVERED,2024-03-25 17:17:46,2024-03-28 18:00:53,4
9000000794,1000001469,20240324,294,1,,3,Correo Argentino,CANCELLED,,,
9000000795,1000001470,20240324,192,1,,3,Correo Argentino,DELIVERED,2024-03-25 16:06:39,2024-03-29 09:21:26,5
9000000796,1000001471,20240324,7,1,,4,Correo Argentino,DELIVERED,2024-03-25 16:24:40,2024-03-28 12:41:48,4
9000000797,1000001472,20240324,227,1,,3,Correo Argentino,DELIVERED,2024-03-25 16:57:09,2024-03-29 15:13:13,5
9000000798,1000001473,20240324,103,1,,1,Correo Argentino,DELIVERED,2024-03-25 17:38:59,2024-03-27 10:23:13,3
9000000799,1000001474,20240324,812,1,,2,Correo Argentino,DELIVERED,2024-03-25 17:37:50,2024-03-29 19:04:53,5
9000000800,1000001475,20240324,263,1,,3,Correo Argentino,DELIVERED,2024-03-25 18:46:53,2024-03-28 17:42:21,4
9000000801,1000001476,20240324,719,1,,1,Correo Argentino,DELIVERED,2024-03-25 18:45:05,2024-03-27 14:28:29,3
9000000802,1000001477,20240325,991,1,,1,Correo Argentino,DELIVERED,2024-03-25 16:21:47,2024-03-26 18:25:24,1
9000000803,1000001479,20240325,589,1,,3,Correo Argentino,DELIVERED,2024-03-26 16:08:16,2024-03-29 10:12:49,4
9000000804,1000001480,20240325,579,1,,1,Correo Argentino,DELIVERED,2024-03-26 17:34:53,2024-03-28 16:50:57,3
9000000805,1000001481,20240325,113,1,,1,Correo Argentino,DELIVERED,2024-03-26 18:28:17,2024-03-28 18:17:15,3
9000000806,1000001485,20240325,759,1,,1,Correo Argentino,DELIVERED,2024-03-26 18:31:24,2024-03-27 09:45:40,2
9000000807,1000001486,20240326,667,1,,3,Correo Argentino,DELIVERED,2024-03-26 16:26:50,2024-03-29 14:41:09,3
9000000808,1000001488,20240326,49,1,,3,Correo Argentino,DELIVERED,2024-03-26 16:12:23,2024-04-01 11:59:39,6
9000000810,1000001492,20240326,995,1,,3,Correo Argentino,DELIVERED,2024-03-27 18:53:57,2024-03-29 09:20:50,3
9000000811,1000001493,20240326,159,1,,3,Correo Argentino,DELIVERED,2024-03-27 16:27:39,2024-04-01 09:20:26,6
9000000812,1000001494,20240326,310,1,,1,Correo Argentino,DELIVERED,2024-03-27 16:15:54,2024-03-28 18:31:25,2
9000000813,1000001495,20240326,169,1,,1,Correo Argentino,DELIVERED,2024-03-27 16:55:39,2024-03-28 16:10:03,2
9000000814,1000001497,20240326,996,1,,2,Correo Argentino,DELIVERED,2024-03-27 18:49:15,2024-04-03 10:23:34,8
9000000815,1000001498,20240326,997,1,,3,Correo Argentino,DELIVERED,2024-03-27 16:46:27,2024-04-02 15:12:47,7
9000000816,1000001499,20240326,70,1,,1,Correo Argentino,DELIVERED,2024-03-27 17:07:19,2024-03-29 11:58:40,3
9000000817,1000001500,20240326,468,1,,1,Correo Argentino,DELIVERED,2024-03-29 18:46:40,2024-04-02 11:13:27,7
9000000818,1000001501,20240326,998,1,,1,Correo Argentino,DELIVERED,2024-03-27 17:47:46,2024-03-29 11:37:05,3
9000000819,1000001502,20240326,3,1,,3,Correo Argentino,DELIVERED,2024-03-27 18:44:34,2024-04-01 15:31:33,6
9000000820,1000001503,20240326,243,1,,3,Correo Argentino,DELIVERED,2024-03-27 18:58:58,2024-04-01 11:50:43,6
9000000821,1000001505,20240326,272,1,,3,Correo Argentino,DELIVERED,2024-03-27 16:52:16,2024-04-02 12:00:59,7
9000000822,1000001507,20240326,333,1,,3,Correo Argentino,DELIVERED,2024-03-27 17:49:43,2024-03-29 19:21:42,3
9000000823,1000001508,20240327,16,1,,3,Correo Argentino,DELIVERED,2024-03-27 16:51:50,2024-04-03 16:02:00,7
9000000824,1000001509,20240327,999,1,,4,Correo Argentino,CANCELLED,,,
9000000825,1000001510,20240327,207,1,,1,Correo Argentino,DELIVERED,2024-03-27 16:20:15,2024-03-28 15:56:42,1
9000000826,1000001512,20240327,67,1,,4,Correo Argentino,DELIVERED,2024-03-27 18:01:53,2024-04-02 09:00:28,6
9000000827,1000001515,20240327,420,1,,1,Correo Argentino,DELIVERED,2024-03-28 17:59:08,2024-03-29 16:20:24,2
9000000828,1000001517,20240327,362,1,,1,Correo Argentino,DELIVERED,2024-03-28 18:38:50,2024-04-01 17:40:03,5
9000000829,1000001519,20240327,1001,1,,3,Correo Argentino,DELIVERED,2024-03-28 18:12:27,2024-04-02 11:25:01,6
9000000830,1000001521,20240327,461,1,,3,Correo Argentino,DELIVERED,2024-03-28 16:14:25,2024-04-02 12:24:59,6
9000000831,1000001523,20240327,747,1,,1,Correo Argentino,DELIVERED,2024-03-28 16:05:36,2024-04-01 16:26:24,5
9000000832,1000001524,20240327,963,1,,2,Correo Argentino,DELIVERED,2024-03-28 17:05:28,2024-04-03 18:01:28,7
9000000833,1000001525,20240327,1002,1,,3,Correo Argentino,DELIVERED,2024-03-28 17:35:52,2024-04-03 18:02:16,7
9000000834,1000001526,20240327,566,1,,2,Correo Argentino,DELIVERED,2024-03-28 18:57:55,2024-04-01 15:18:52,5
9000000835,1000001527,20240328,531,1,,4,Correo Argentino,DELIVERED,2024-03-28 17:17:55,2024-04-02 14:13:24,5
9000000836,1000001528,20240328,1003,1,,3,Correo Argentino,DELIVERED,2024-03-28 16:47:27,2024-04-01 09:52:16,4
9000000837,1000001532,20240328,1006,1,,2,Correo Argentino,DELIVERED,2024-03-29 18:40:14,2024-04-03 11:03:31,6
9000000838,1000001533,20240328,717,1,,2,Correo Argentino,DELIVERED,2024-03-29 16:37:19,2024-04-05 12:42:15,8
9000000839,1000001535,20240328,1007,1,,1,Correo Argentino,DELIVERED,2024-03-29 17:55:18,2024-04-02 13:45:13,5
9000000840,1000001536,20240328,1008,1,,1,Correo Argentino,DELIVERED,2024-03-29 17:27:34,2024-04-02 09:45:04,5
9000000841,1000001538,20240328,1009,1,,4,Correo Argentino,DELIVERED,2024-03-29 16:53:05,2024-04-03 17:04:18,6
9000000842,1000001539,20240329,135,1,,1,Correo Argentino,DELIVERED,2024-03-29 17:14:17,2024-04-01 16:41:10,3
9000000843,1000001540,20240329,457,1,,4,Correo Argentino,DELIVERED,2024-03-29 16:33:35,2024-04-04 15:31:46,6
9000000844,1000001541,20240329,296,1,,2,Correo Argentino,DELIVERED,2024-03-29 17:08:02,2024-04-02 19:14:55,4
9000000846,1000001547,20240329,828,1,,4,Correo Argentino,DELIVERED,2024-04-01 16:55:09,2024-04-05 11:08:13,7
9000000847,1000001555,20240329,1013,1,,2,Correo Argentino,DELIVERED,2024-04-01 18:44:29,2024-04-03 19:23:03,5
9000000848,1000001556,20240329,425,1,,3,Correo Argentino,DELIVERED,2024-04-01 17:33:03,2024-04-04 09:53:27,6
9000000849,1000001557,20240329,912,1,,1,Correo Argentino,DELIVERED,2024-04-01 17:56:14,2024-04-02 18:26:22,4
9000000850,1000001558,20240329,226,1,,1,Correo Argentino,DELIVERED,2024-04-01 18:03:49,2024-04-03 11:56:15,5
9000000851,1000001563,20240330,338,1,,1,Correo Argentino,DELIVERED,2024-04-01 16:28:43,2024-04-02 15:56:11,3
9000000852,1000001564,20240330,648,1,,1,Correo Argentino,DELIVERED,2024-04-01 18:22:06,2024-04-04 15:17:57,5
9000000853,1000001567,20240330,353,1,,1,Correo Argentino,DELIVERED,2024-04-01 18:03:26,2024-04-02 12:17:56,3
9000000854,1000001569,20240330,115,1,,1,Correo Argentino,DELIVERED,2024-04-01 16:17:58,2024-04-03 10:18:22,4
9000000855,1000001570,20240330,1016,1,,1,Correo Argentino,DELIVERED,2024-04-01 18:01:23,2024-04-03 13:10:54,4
9000000856,1000001572,20240330,1017,1,,3,Correo Argentino,DELIVERED,2024-04-01 18:51:00,2024-04-04 18:53:18,5
9000000857,1000001573,20240330,923,1,,3,Correo Argentino,DELIVERED,2024-04-01 18:46:02,2024-04-08 09:59:36,9
9000000858,1000001574,20240330,797,1,,1,Correo Argentino,DELIVERED,2024-04-01 17:16:10,2024-04-03 12:04:20,4
9000000859,1000001575,20240330,716,1,,1,Correo Argentino,DELIVERED,2024-04-01 16:22:08,2024-04-03 12:05:02,4
9000000860,1000001576,20240331,488,1,,2,Correo Argentino,DELIVERED,2024-04-01 17:34:12,2024-04-03 14:51:37,3
9000000861,1000001577,20240331,1018,1,,2,Correo Argentino,DELIVERED,2024-04-01 18:22:01,2024-04-03 13:29:43,3
9000000862,1000001578,20240331,464,1,,1,Correo Argentino,DELIVERED,2024-04-01 18:34:26,2024-04-04 17:33:57,4
9000000863,1000001579,20240331,1019,1,,2,Correo Argentino,DELIVERED,2024-04-01 18:46:06,2024-04-05 11:59:42,5
9000000864,1000001580,20240331,622,1,,2,Correo Argentino,DELIVERED,2024-04-01 17:34:02,2024-04-05 15:16:14,5
9000000865,1000001581,20240331,808,1,,4,Correo Argentino,DELIVERED,2024-04-01 18:43:09,2024-04-04 16:40:50,4
9000000866,1000001582,20240331,182,1,,4,Correo Argentino,DELIVERED,2024-04-01 18:22:52,2024-04-04 12:58:21,4
9000000867,1000001583,20240331,706,1,,1,Correo Argentino,DELIVERED,2024-04-01 18:17:14,2024-04-03 10:21:53,3
9000000868,1000001584,20240331,1020,1,,3,Correo Argentino,DELIVERED,2024-04-01 16:30:02,2024-04-03 14:48:07,3
9000000869,1000001585,20240331,281,1,,1,Correo Argentino,DELIVERED,2024-04-01 17:35:17,2024-04-02 11:36:35,2
9000000870,1000001586,20240331,1021,1,,1,Correo Argentino,DELIVERED,2024-04-01 16:22:49,2024-04-03 14:28:25,3
9000000871,1000001588,20240331,473,1,,1,Correo Argentino,DELIVERED,2024-04-01 17:11:13,2024-04-02 18:47:47,2
9000000872,1000001589,20240331,543,1,,2,Correo Argentino,DELIVERED,2024-04-01 17:56:17,2024-04-03 11:02:56,3
9000000873,1000001590,20240331,107,1,,3,Correo Argentino,DELIVERED,2024-04-01 16:23:31,2024-04-05 15:38:14,5
9000000874,1000001591,20240401,355,1,,4,Correo Argentino,DELIVERED,2024-04-01 16:21:53,2024-04-04 14:39:42,3
9000000875,1000001593,20240401,104,1,,2,Correo Argentino,DELIVERED,2024-04-01 18:12:47,2024-04-03 19:51:07,2
9000000876,1000001594,20240401,1022,1,,2,Correo Argentino,DELIVERED,2024-04-01 17:51:27,2024-04-04 18:21:36,3
9000000877,1000001595,20240401,574,1,,4,Correo Argentino,DELIVERED,2024-04-01 17:40:37,2024-04-03 10:51:34,2
9000000878,1000001596,20240401,886,1,,2,Correo Argentino,DELIVERED,2024-04-01 18:49:34,2024-04-04 13:40:30,3
9000000879,1000001599,20240401,827,1,,4,Correo Argentino,DELIVERED,2024-04-02 17:32:32,2024-04-05 18:26:11,4
9000000880,1000001600,20240401,1023,1,,1,Correo Argentino,DELIVERED,2024-04-02 16:08:37,2024-04-05 11:04:25,4
9000000881,1000001602,20240401,684,1,,1,Correo Argentino,DELIVERED,2024-04-02 17:52:38,2024-04-04 15:56:19,3
9000000882,1000001603,20240401,1,1,,1,Correo Argentino,DELIVERED,2024-04-02 16:14:09,2024-04-03 10:41:36,2
9000000883,1000001606,20240401,126,1,,1,Correo Argentino,DELIVERED,2024-04-02 18:25:08,2024-04-03 19:32:48,2
9000000884,1000001609,20240401,572,1,,3,Correo Argentino,DELIVERED,2024-04-02 17:18:09,2024-04-05 17:24:40,4
9000000885,1000001611,20240401,438,1,,1,Correo Argentino,DELIVERED,2024-04-02 18:36:46,2024-04-04 09:33:09,3
9000000886,1000001612,20240401,399,1,,3,Correo Argentino,DELIVERED,2024-04-02 16:59:26,2024-04-05 18:54:39,4
9000000887,1000001614,20240401,1026,1,,3,Correo Argentino,DELIVERED,2024-04-02 16:04:21,2024-04-04 15:55:51,3
9000000888,1000001615,20240402,739,1,,2,Correo Argentino,DELIVERED,2024-04-03 18:14:25,2024-04-08 18:40:09,6
9000000889,1000001620,20240402,755,1,,1,Correo Argentino,DELIVERED,2024-04-03 18:54:06,2024-04-05 19:46:04,3
9000000890,1000001621,20240402,509,1,,3,Correo Argentino,DELIVERED,2024-04-03 18:21:41,2024-04-05 12:35:33,3
9000000891,1000001622,20240402,1027,1,,1,Correo Argentino,DELIVERED,2024-04-03 17:11:06,2024-04-04 11:49:23,2
9000000892,1000001623,20240403,845,1,,1,Correo Argentino,DELIVERED,2024-04-03 18:26:42,2024-04-04 17:16:37,1
9000000893,1000001624,20240403,14,1,,1,Correo Argentino,DELIVERED,2024-04-03 17:38:33,2024-04-04 12:45:09,1
9000000894,1000001625,20240403,402,1,,3,Correo Argentino,DELIVERED,2024-04-03 16:54:56,2024-04-09 12:24:54,6
9000000895,1000001627,20240403,1028,1,,1,Correo Argentino,DELIVERED,2024-04-08 17:47:16,2024-04-10 18:43:51,7
9000000896,1000001628,20240403,527,1,,3,Correo Argentino,CANCELLED,,,
9000000899,1000001633,20240403,783,1,,1,Correo Argentino,DELIVERED,2024-04-04 16:52:12,2024-04-05 17:47:55,2
9000000900,1000001634,20240403,1029,1,,1,Correo Argentino,DELIVERED,2024-04-04 16:10:17,2024-04-05 17:04:50,2
9000000901,1000001635,20240404,484,1,,1,Correo Argentino,DELIVERED,2024-04-04 17:33:06,2024-04-08 12:44:48,4
9000000902,1000001636,20240404,851,1,,2,Correo Argentino,DELIVERED,2024-04-05 18:46:01,2024-04-10 17:46:19,6
9000000903,1000001637,20240404,663,1,,1,Correo Argentino,DELIVERED,2024-04-04 18:33:59,2024-04-08 12:09:54,4
9000000904,1000001638,20240404,882,1,,1,Correo Argentino,DELIVERED,2024-04-04 17:28:05,2024-04-05 11:39:37,1
9000000905,1000001640,20240404,1030,1,,1,Correo Argentino,DELIVERED,2024-04-04 17:08:29,2024-04-09 12:05:49,5
9000000906,1000001641,20240404,909,1,,2,Correo Argentino,DELIVERED,2024-04-05 17:31:21,2024-04-11 12:17:08,7
9000000907,1000001645,20240404,711,1,,3,Correo Argentino,DELIVERED,2024-04-05 16:49:16,2024-04-10 17:06:40,6
9000000908,1000001648,20240404,84,1,,1,Correo Argentino,DELIVERED,2024-04-05 16:51:49,2024-04-09 11:00:03,5
9000000909,1000001649,20240404,339,1,,2,Correo Argentino,DELIVERED,2024-04-05 17:04:22,2024-04-11 10:29:34,7
9000000910,1000001651,20240404,764,1,,1,Correo Argentino,DELIVERED,2024-04-05 18:03:04,2024-04-10 15:54:00,6
9000000911,1000001652,20240404,871,1,,4,Correo Argentino,DELIVERED,2024-04-05 18:17:41,2024-04-11 16:45:04,7
9000000912,1000001653,20240404,784,1,,4,Correo Argentino,DELIVERED,2024-04-05 18:18:46,2024-04-10 19:18:22,6
9000000913,1000001654,20240405,279,1,,2,Correo Argentino,DELIVERED,2024-04-05 16:43:21,2024-04-12 14:45:08,7
9000000914,1000001655,20240405,888,1,,3,Correo Argentino,DELIVERED,2024-04-05 18:15:12,2024-04-10 17:06:15,5
9000000915,1000001658,20240405,92,1,,2,Correo Argentino,DELIVERED,2024-04-08 17:34:16,2024-04-15 14:42:36,10
9000000916,1000001659,20240405,800,1,,3,Correo Argentino,DELIVERED,2024-04-08 18:09:29,2024-04-12 13:38:07,7
9000000917,1000001666,20240405,969,1,,2,Correo Argentino,DELIVERED,2024-04-08 17:33:22,2024-04-11 11:46:44,6
9000000918,1000001667,20240405,249,1,,3,Correo Argentino,DELIVERED,2024-04-08 18:24:53,2024-04-10 12:06:29,5
9000000919,1000001668,20240405,802,1,,4,Correo Argentino,DELIVERED,2024-04-08 17:59:47,2024-04-11 10:58:43,6
9000000920,1000001669,20240405,411,1,,1,Correo Argentino,DELIVERED,2024-04-08 16:39:17,2024-04-10 14:38:30,5
9000000921,1000001670,20240405,980,1,,1,Correo Argentino,DELIVERED,2024-04-08 16:52:22,2024-04-10 16:31:58,5
9000000922,1000001671,20240406,761,1,,1,Correo Argentino,DELIVERED,2024-04-08 16:24:16,2024-04-10 16:05:37,4
9000000923,1000001674,20240406,941,1,,1,Correo Argentino,DELIVERED,2024-04-08 16:52:57,2024-04-09 13:19:38,3
9000000924,1000001675,20240406,443,1,,4,Correo Argentino,DELIVERED,2024-04-08 17:57:46,2024-04-12 17:37:47,6
9000000925,1000001686,20240406,816,1,,1,Correo Argentino,DELIVERED,2024-04-08 16:16:11,2024-04-09 09:33:15,3
9000000926,1000001693,20240406,65,1,,1,Correo Argentino,DELIVERED,2024-04-08 16:31:58,2024-04-10 12:08:02,4
9000000927,1000001694,20240406,27,1,,2,Correo Argentino,DELIVERED,2024-04-08 16:48:08,2024-04-11 15:34:24,5
9000000928,1000001696,20240406,460,1,,2,Correo Argentino,DELIVERED,2024-04-08 18:38:04,2024-04-10 09:32:09,4
9000000929,1000001697,20240407,1037,1,,2,Correo Argentino,DELIVERED,2024-04-08 18:06:28,2024-04-11 10:57:17,4
9000000930,1000001698,20240407,254,1,,2,Correo Argentino,DELIVERED,2024-04-08 16:14:10,2024-04-12 17:54:57,5
9000000931,1000001699,20240407,878,1,,3,Correo Argentino,DELIVERED,2024-04-08 17:51:34,2024-04-11 19:29:30,4
9000000932,1000001700,20240407,505,1,,1,Correo Argentino,DELIVERED,2024-04-08 16:17:15,2024-04-11 17:01:49,4
9000000933,1000001701,20240407,577,1,,2,Correo Argentino,DELIVERED,2024-04-08 17:44:35,2024-04-15 19:25:29,8
9000000934,1000001702,20240407,1038,1,,3,Correo Argentino,DELIVERED,2024-04-08 17:43:57,2024-04-12 11:08:19,5
9000000935,1000001703,20240407,1039,1,,3,Correo Argentino,DELIVERED,2024-04-08 18:43:30,2024-04-11 13:50:03,4
9000000936,1000001704,20240407,263,1,,3,Correo Argentino,CANCELLED,,,
9000000937,1000001705,20240407,817,1,,2,Correo Argentino,DELIVERED,2024-04-08 16:47:52,2024-04-12 14:13:00,5
9000000938,1000001706,20240407,85,1,,3,Correo Argentino,DELIVERED,2024-04-08 18:13:44,2024-04-11 18:31:10,4
9000000939,1000001707,20240407,967,1,,1,Correo Argentino,DELIVERED,2024-04-08 16:17:06,2024-04-09 09:09:18,2
9000000940,1000001708,20240407,270,1,,1,Correo Argentino,DELIVERED,2024-04-08 16:33:03,2024-04-09 10:22:10,2
9000000941,1000001709,20240408,409,1,,4,Correo Argentino,DELIVERED,2024-04-08 18:31:51,2024-04-11 12:12:50,3
9000000942,1000001710,20240408,394,1,,4,Correo Argentino,DELIVERED,2024-04-08 17:22:54,2024-04-10 17:30:54,2
9000000943,1000001719,20240408,1043,1,,1,Correo Argentino,DELIVERED,2024-04-09 18:32:15,2024-04-10 14:31:19,2
9000000944,1000001721,20240408,10,1,,1,Correo Argentino,DELIVERED,2024-04-09 17:20:06,2024-04-11 09:45:06,3
9000000945,1000001722,20240408,12,1,,2,Correo Argentino,DELIVERED,2024-04-09 18:38:53,2024-04-12 13:17:22,4
9000000946,1000001724,20240409,708,1,,1,Correo Argentino,DELIVERED,2024-04-09 18:10:21,2024-04-11 19:18:35,2
9000000947,1000001725,20240409,874,1,,2,Correo Argentino,DELIVERED,2024-04-09 18:22:33,2024-04-15 18:17:38,6
9000000948,1000001726,20240409,702,1,,2,Correo Argentino,DELIVERED,2024-04-09 18:26:02,2024-04-16 19:16:14,7
9000000949,1000001727,20240409,1045,1,,1,Correo Argentino,DELIVERED,2024-04-09 17:13:42,2024-04-11 13:49:51,2
9000000950,1000001728,20240409,381,1,,1,Correo Argentino,DELIVERED,2024-04-09 16:28:52,2024-04-10 18:51:34,1
9000000951,1000001729,20240409,5,1,,1,Correo Argentino,DELIVERED,2024-04-09 18:17:29,2024-04-12 12:19:38,3
9000000952,1000001730,20240409,373,1,,4,Correo Argentino,DELIVERED,2024-04-09 18:38:34,2024-04-11 16:16:38,2
9000000953,1000001731,20240409,183,1,,1,Correo Argentino,DELIVERED,2024-04-09 18:06:57,2024-04-11 11:51:32,2
9000000954,1000001735,20240409,675,1,,1,Correo Argentino,DELIVERED,2024-04-10 18:10:25,2024-04-11 16:10:49,2
9000000955,1000001736,20240409,313,1,,2,Correo Argentino,DELIVERED,2024-04-10 16:41:58,2024-04-17 14:30:31,8
9000000956,1000001737,20240409,515,1,,3,Correo Argentino,DELIVERED,2024-04-10 18:11:38,2024-04-16 13:21:00,7
9000000957,1000001738,20240409,947,1,,2,Correo Argentino,DELIVERED,2024-04-10 18:56:44,2024-04-15 19:32:45,6
9000000958,1000001739,20240409,1046,1,,1,Correo Argentino,DELIVERED,2024-04-10 16:26:24,2024-04-15 17:08:46,6
9000000960,1000001741,20240409,823,1,,1,Correo Argentino,DELIVERED,2024-04-10 16:53:44,2024-04-15 17:29:55,6
9000000961,1000001742,20240409,1047,1,,3,Correo Argentino,DELIVERED,2024-04-11 18:14:45,2024-04-17 14:39:26,8
9000000962,1000001743,20240409,636,1,,4,Correo Argentino,DELIVERED,2024-04-10 18:46:20,2024-04-15 10:52:00,6
9000000963,1000001745,20240409,497,1,,1,Correo Argentino,DELIVERED,2024-04-10 18:55:07,2024-04-12 16:19:57,3
9000000965,1000001748,20240409,547,1,,1,Correo Argentino,DELIVERED,2024-04-10 16:19:31,2024-04-12 19:56:30,3
9000000966,1000001749,20240409,907,1,,3,Correo Argentino,DELIVERED,2024-04-10 17:14:45,2024-04-12 14:11:53,3
9000000967,1000001750,20240409,697,1,,3,Correo Argentino,DELIVERED,2024-04-10 16:10:45,2024-04-15 19:21:47,6
9000000968,1000001751,20240409,642,1,,3,Correo Argentino,DELIVERED,2024-04-10 17:59:00,2024-04-12 19:15:43,3
9000000969,1000001752,20240410,1048,1,,4,Correo Argentino,DELIVERED,2024-04-10 17:25:32,2024-04-12 19:08:04,2
9000000970,1000001755,20240410,375,1,,3,Correo Argentino,DELIVERED,2024-04-11 17:23:36,2024-04-17 09:11:30,7
9000000971,1000001756,20240410,77,1,,1,Correo Argentino,DELIVERED,2024-04-11 17:16:37,2024-04-15 12:49:02,5
9000000972,1000001757,20240410,1051,1,,3,Correo Argentino,DELIVERED,2024-04-11 17:37:00,2024-04-16 13:11:11,6
9000000973,1000001758,20240410,116,1,,1,Correo Argentino,DELIVERED,2024-04-11 16:16:15,2024-04-16 13:18:15,6
9000000974,1000001763,20240410,681,1,,1,Correo Argentino,DELIVERED,2024-04-11 16:15:28,2024-04-15 15:08:14,5
9000000975,1000001764,20240410,950,1,,3,Correo Argentino,DELIVERED,2024-04-11 16:35:25,2024-04-17 09:02:12,7
9000000976,1000001765,20240410,149,1,,2,Correo Argentino,DELIVERED,2024-04-11 17:32:48,2024-04-15 10:56:51,5
9000000977,1000001766,20240411,573,1,,1,Correo Argentino,DELIVERED,2024-04-11 17:19:29,2024-04-16 11:43:04,5
9000000978,1000001767,20240411,1053,1,,1,Correo Argentino,DELIVERED,2024-04-11 18:38:02,2024-04-16 17:01:01,5
9000000979,1000001768,20240411,1054,1,,1,Correo Argentino,DELIVERED,2024-04-11 16:06:44,2024-04-16 10:41:00,5
9000000980,1000001769,20240411,189,1,,3,Correo Argentino,DELIVERED,2024-04-11 17:30:38,2024-04-15 16:17:18,4
9000000981,1000001770,20240411,1055,1,,2,Correo Argentino,DELIVERED,2024-04-11 16:52:26,2024-04-16 17:34:43,5
9000000982,1000001771,20240411,715,1,,2,Correo Argentino,DELIVERED,2024-04-11 18:18:22,2024-04-15 10:13:40,4
9000000983,1000001772,20240411,700,1,,3,Correo Argentino,DELIVERED,2024-04-11 17:53:19,2024-04-16 09:05:06,5
9000000984,1000001773,20240411,982,1,,3,Correo Argentino,DELIVERED,2024-04-11 16:42:23,2024-04-15 15:00:22,4
9000000985,1000001778,20240411,195,1,,3,Correo Argentino,DELIVERED,2024-04-12 18:15:49,2024-04-17 09:55:58,6
9000000986,1000001779,20240411,1057,1,,4,Correo Argentino,DELIVERED,2024-04-12 18:13:53,2024-04-17 19:52:00,6
9000000987,1000001780,20240411,813,1,,3,Correo Argentino,DELIVERED,2024-04-12 16:34:18,2024-04-17 16:31:18,6
9000000988,1000001782,20240412,881,1,,3,Correo Argentino,DELIVERED,2024-04-12 16:49:37,2024-04-18 18:45:11,6
9000000989,1000001783,20240412,1058,1,,3,Correo Argentino,DELIVERED,2024-04-12 18:44:23,2024-04-17 18:24:22,5
9000000990,1000001784,20240412,155,1,,4,Correo Argentino,DELIVERED,2024-04-15 16:58:22,2024-04-18 12:11:45,6
9000000991,1000001787,20240412,861,1,,1,Correo Argentino,DELIVERED,2024-04-15 17:41:34,2024-04-16 12:09:29,4
9000000992,1000001794,20240412,1060,1,,2,Correo Argentino,DELIVERED,2024-04-15 18:18:15,2024-04-19 09:11:35,7
9000000993,1000001796,20240412,399,1,,3,Correo Argentino,DELIVERED,2024-04-15 17:21:05,2024-04-17 11:21:01,5
9000000994,1000001797,20240413,635,1,,1,Correo Argentino,DELIVERED,2024-04-15 18:44:25,2024-04-16 17:28:46,3
9000000995,1000001798,20240413,393,1,,1,Correo Argentino,DELIVERED,2024-04-15 18:52:20,2024-04-17 16:31:50,4
9000000996,1000001801,20240413,794,1,,1,Correo Argentino,DELIVERED,2024-04-15 17:35:11,2024-04-16 16:55:50,3
9000000997,1000001807,20240413,58,1,,1,Correo Argentino,DELIVERED,2024-04-15 17:53:16,2024-04-17 17:33:09,4
9000000998,1000001808,20240413,404,1,,1,Correo Argentino,DELIVERED,2024-04-15 18:09:53,2024-04-17 13:30:56,4
9000000999,1000001809,20240413,507,1,,3,Correo Argentino,DELIVERED,2024-04-15 17:25:34,2024-04-19 14:56:28,6
9000001000,1000001810,20240413,1065,1,,1,Correo Argentino,DELIVERED,2024-04-15 18:08:40,2024-04-16 09:08:04,3
9000001001,1000001811,20240414,1066,1,,2,Correo Argentino,DELIVERED,2024-04-15 16:20:06,2024-04-17 12:57:14,3
9000001002,1000001812,20240414,1067,1,,4,Correo Argentino,DELIVERED,2024-04-15 18:48:09,2024-04-18 13:00:53,4
9000001003,1000001814,20240414,822,1,,3,Correo Argentino,DELIVERED,2024-04-15 16:31:03,2024-04-19 09:16:04,5
9000001004,1000001815,20240414,277,1,,1,Correo Argentino,DELIVERED,2024-04-15 16:22:50,2024-04-18 13:17:16,4
9000001005,1000001816,20240414,1068,1,,1,Correo Argentino,DELIVERED,2024-04-15 17:32:03,2024-04-16 13:50:27,2
9000001006,1000001817,20240414,304,1,,3,Correo Argentino,DELIVERED,2024-04-15 16:50:31,2024-04-18 19:16:33,4
9000001007,1000001818,20240415,1070,1,,3,Correo Argentino,DELIVERED,2024-04-15 18:23:04,2024-04-18 18:16:08,3
9000001008,1000001819,20240415,604,1,,3,Correo Argentino,DELIVERED,2024-04-15 18:15:33,2024-04-19 13:16:36,4
9000001009,1000001820,20240415,16,1,,3,Correo Argentino,DELIVERED,2024-04-15 18:19:00,2024-04-19 15:22:23,4
9000001010,1000001821,20240415,1071,1,,1,Correo Argentino,DELIVERED,2024-04-15 18:04:35,2024-04-16 18:26:04,1
9000001011,1000001822,20240415,34,1,,2,Correo Argentino,DELIVERED,2024-04-15 18:45:05,2024-04-18 16:31:47,3
9000001012,1000001823,20240415,354,1,,3,Correo Argentino,DELIVERED,2024-04-16 18:50:43,2024-04-19 17:36:03,4
9000001013,1000001829,20240415,826,1,,3,Correo Argentino,DELIVERED,2024-04-16 16:49:42,2024-04-19 10:55:34,4
9000001014,1000001830,20240415,1072,1,,1,Correo Argentino,DELIVERED,2024-04-16 16:34:02,2024-04-18 19:35:04,3
9000001015,1000001831,20240415,789,1,,3,Correo Argentino,DELIVERED,2024-04-16 17:21:05,2024-04-22 18:01:57,7
9000001016,1000001832,20240416,11,1,,4,Correo Argentino,DELIVERED,2024-04-17 16:52:39,2024-04-23 19:57:57,7
9000001017,1000001837,20240416,784,1,,4,Correo Argentino,DELIVERED,2024-04-17 18:41:11,2024-04-19 19:23:42,3
9000001018,1000001839,20240416,421,1,,1,Correo Argentino,DELIVERED,2024-04-17 18:23:16,2024-04-22 16:19:05,6
9000001019,1000001841,20240416,514,1,,4,Correo Argentino,DELIVERED,2024-04-17 16:48:06,2024-04-23 09:57:24,7
9000001020,1000001845,20240417,1073,1,,3,Correo Argentino,DELIVERED,2024-04-17 18:36:55,2024-04-22 09:03:17,5
9000001021,1000001846,20240417,438,1,,1,Correo Argentino,DELIVERED,2024-04-17 18:36:30,2024-04-19 09:48:57,2
9000001022,1000001852,20240417,733,1,,1,Correo Argentino,DELIVERED,2024-04-18 18:40:53,2024-04-22 16:06:10,5
9000001023,1000001853,20240417,142,1,,1,Correo Argentino,DELIVERED,2024-04-18 17:14:02,2024-04-22 10:26:58,5
9000001024,1000001858,20240417,1075,1,,3,Correo Argentino,DELIVERED,2024-04-18 16:39:08,2024-04-22 19:02:52,5
9000001025,1000001861,20240417,1077,1,,3,Correo Argentino,DELIVERED,2024-04-18 17:42:06,2024-04-25 09:57:25,8
9000001026,1000001862,20240418,405,1,,4,Correo Argentino,DELIVERED,2024-04-18 16:10:08,2024-04-22 09:52:02,4
9000001027,1000001863,20240418,1078,1,,1,Correo Argentino,DELIVERED,2024-04-18 18:13:35,2024-04-19 16:43:47,1
9000001028,1000001864,20240418,930,1,,1,Correo Argentino,DELIVERED,2024-04-18 18:08:38,2024-04-22 16:11:10,4
9000001029,1000001865,20240418,916,1,,2,Correo Argentino,DELIVERED,2024-04-18 17:06:58,2024-04-24 14:42:25,6
9000001030,1000001867,20240418,948,1,,3,Correo Argentino,DELIVERED,2024-04-19 18:18:54,2024-04-24 14:24:10,6
9000001031,1000001868,20240418,615,1,,2,Correo Argentino,DELIVERED,2024-04-19 18:16:54,2024-04-25 19:39:17,7
9000001032,1000001872,20240418,951,1,,1,Correo Argentino,DELIVERED,2024-04-19 17:22:46,2024-04-23 12:08:15,5
9000001033,1000001873,20240419,978,1,,2,Correo Argentino,DELIVERED,2024-04-19 18:06:04,2024-04-26 13:39:17,7
9000001034,1000001874,20240419,126,1,,1,Correo Argentino,DELIVERED,2024-04-19 16:30:34,2024-04-22 10:59:04,3
9000001035,1000001878,20240419,1080,1,,1,Correo Argentino,DELIVERED,2024-04-22 17:19:22,2024-04-24 10:30:26,5
9000001036,1000001880,20240419,447,1,,1,Correo Argentino,DELIVERED,2024-04-22 17:01:15,2024-04-24 15:52:32,5
9000001038,1000001884,20240419,275,1,,3,Correo Argentino,DELIVERED,2024-04-22 16:09:30,2024-04-29 12:57:20,10
9000001039,1000001891,20240420,1084,1,,1,Correo Argentino,DELIVERED,2024-04-22 16:26:17,2024-04-24 12:09:39,4
9000001040,1000001893,20240420,546,1,,4,Correo Argentino,DELIVERED,2024-04-22 16:16:57,2024-04-29 15:54:32,9
9000001041,1000001904,20240420,1087,1,,4,Correo Argentino,DELIVERED,2024-04-22 16:38:02,2024-04-24 15:03:32,4
9000001042,1000001905,20240420,67,1,,4,Correo Argentino,DELIVERED,2024-04-22 18:26:36,2024-04-25 18:23:18,5
9000001043,1000001906,20240420,14,1,,1,Correo Argentino,DELIVERED,2024-04-22 16:27:28,2024-04-24 14:54:49,4
9000001044,1000001907,20240421,423,1,,2,Correo Argentino,DELIVERED,2024-04-22 18:14:05,2024-04-26 13:44:02,5
9000001045,1000001908,20240421,359,1,,2,Correo Argentino,DELIVERED,2024-04-22 17:30:50,2024-04-26 16:53:30,5
9000001046,1000001909,20240421,1088,1,,2,Correo Argentino,DELIVERED,2024-04-22 18:02:33,2024-04-25 12:26:31,4
9000001047,1000001910,20240421,46,1,,3,Correo Argentino,DELIVERED,2024-04-22 18:54:44,2024-04-25 11:20:24,4
9000001048,1000001911,20240421,688,1,,2,Correo Argentino,DELIVERED,2024-04-22 18:37:46,2024-04-25 14:02:44,4
9000001049,1000001912,20240421,804,1,,1,Correo Argentino,DELIVERED,2024-04-22 17:21:33,2024-04-24 19:07:19,3
9000001050,1000001913,20240421,351,1,,1,Correo Argentino,DELIVERED,2024-04-22 16:43:15,2024-04-24 13:17:47,3
9000001051,1000001914,20240421,73,1,,2,Correo Argentino,CANCELLED,,,
9000001052,1000001915,20240421,289,1,,2,Correo Argentino,DELIVERED,2024-04-22 16:06:16,2024-04-26 15:44:05,5
9000001053,1000001921,20240422,1090,1,,1,Correo Argentino,DELIVERED,2024-04-23 17:31:24,2024-04-25 19:04:17,3
9000001054,1000001922,20240422,790,1,,1,Correo Argentino,DELIVERED,2024-04-23 17:39:00,2024-04-24 09:57:20,2
9000001055,1000001924,20240422,63,1,,1,Correo Argentino,DELIVERED,2024-04-23 16:56:06,2024-04-26 11:57:12,4
9000001056,1000001926,20240422,1091,1,,1,Correo Argentino,DELIVERED,2024-04-23 18:15:32,2024-04-25 17:55:04,3
9000001057,1000001927,20240422,885,1,,2,Correo Argentino,DELIVERED,2024-04-23 16:09:57,2024-04-26 10:18:14,4
9000001058,1000001928,20240422,333,1,,3,Correo Argentino,DELIVERED,2024-04-23 18:46:39,2024-04-29 15:50:41,7
9000001059,1000001929,20240422,411,1,,1,Correo Argentino,DELIVERED,2024-04-23 17:54:59,2024-04-24 12:09:36,2
9000001060,1000001930,20240422,622,1,,2,Correo Argentino,DELIVERED,2024-04-23 16:20:53,2024-04-30 14:31:19,8
9000001061,1000001931,20240422,1093,1,,2,Correo Argentino,DELIVERED,2024-04-23 16:00:02,2024-04-26 16:40:04,4
9000001062,1000001932,20240422,867,1,,3,Correo Argentino,DELIVERED,2024-04-23 18:03:20,2024-04-26 17:03:09,4
9000001063,1000001933,20240423,632,1,,1,Correo Argentino,DELIVERED,2024-04-23 17:07:38,2024-04-26 09:18:29,3
9000001064,1000001934,20240423,1094,1,,4,Correo Argentino,DELIVERED,2024-04-23 17:13:24,2024-04-30 12:33:29,7
9000001065,1000001935,20240423,83,1,,4,Correo Argentino,DELIVERED,2024-04-23 18:39:11,2024-04-25 10:55:33,2
9000001066,1000001938,20240423,68,1,,1,Correo Argentino,DELIVERED,2024-04-24 17:59:13,2024-04-26 11:02:28,3
9000001067,1000001941,20240423,163,1,,2,Correo Argentino,DELIVERED,2024-04-24 18:58:59,2024-04-26 19:12:19,3
9000001068,1000001944,20240423,1095,1,,1,Correo Argentino,DELIVERED,2024-04-24 17:01:50,2024-04-26 19:53:54,3
9000001069,1000001945,20240423,671,1,,1,Correo Argentino,DELIVERED,2024-04-24 17:04:41,2024-04-26 12:19:37,3
9000001070,1000001946,20240423,110,1,,4,Correo Argentino,DELIVERED,2024-04-24 16:14:25,2024-04-30 09:53:28,7
9000001071,1000001948,20240423,644,1,,2,Correo Argentino,DELIVERED,2024-04-24 17:43:03,2024-04-26 18:13:25,3
9000001072,1000001949,20240423,356,1,,1,Correo Argentino,DELIVERED,2024-04-24 18:42:09,2024-04-26 15:05:34,3
9000001073,1000001950,20240424,674,1,,4,Correo Argentino,DELIVERED,2024-04-24 17:30:44,2024-04-30 10:43:40,6
9000001074,1000001951,20240424,1096,1,,1,Correo Argentino,DELIVERED,2024-04-24 16:12:24,2024-04-25 09:42:21,1
9000001075,1000001952,20240424,6,1,,4,Correo Argentino,DELIVERED,2024-04-24 17:20:43,2024-04-30 09:35:23,6
9000001076,1000001953,20240424,1097,1,,1,Correo Argentino,CANCELLED,,,
9000001077,1000001957,20240424,739,1,,2,Correo Argentino,DELIVERED,2024-04-25 17:46:08,2024-05-02 13:02:15,8
9000001078,1000001960,20240424,1100,1,,1,Correo Argentino,DELIVERED,2024-04-25 18:57:24,2024-04-29 16:23:01,5
9000001079,1000001961,20240424,1099,1,,1,Correo Argentino,DELIVERED,2024-04-25 17:12:26,2024-04-30 12:01:20,6
9000001080,1000001963,20240424,1102,1,,1,Correo Argentino,DELIVERED,2024-04-25 16:21:48,2024-04-30 16:12:11,6
9000001081,1000001965,20240424,482,1,,2,Correo Argentino,DELIVERED,2024-04-25 17:45:04,2024-05-03 16:25:15,9
9000001082,1000001967,20240424,410,1,,2,Correo Argentino,DELIVERED,2024-04-25 18:24:20,2024-05-02 09:39:07,8
9000001083,1000001968,20240424,944,1,,1,Correo Argentino,DELIVERED,2024-04-25 16:42:31,2024-04-30 19:27:39,6
9000001084,1000001969,20240425,756,1,,2,Correo Argentino,DELIVERED,2024-04-25 17:49:19,2024-04-30 17:06:54,5
9000001085,1000001972,20240425,996,1,,2,Correo Argentino,DELIVERED,2024-04-26 18:01:50,2024-05-02 10:22:33,7
9000001086,1000001977,20240425,692,1,,3,Correo Argentino,DELIVERED,2024-04-26 17:19:48,2024-05-06 17:17:59,11
9000001087,1000001978,20240425,1105,1,,2,Correo Argentino,DELIVERED,2024-04-26 16:08:49,2024-05-03 19:56:40,8
9000001088,1000001982,20240425,1109,1,,4,Correo Argentino,DELIVERED,2024-04-26 16:40:34,2024-05-02 18:00:45,7
9000001089,1000001983,20240425,1110,1,,4,Correo Argentino,DELIVERED,2024-04-26 17:04:47,2024-05-03 13:33:19,8
9000001090,1000001985,20240426,1111,1,,3,Correo Argentino,DELIVERED,2024-04-26 18:13:55,2024-05-03 15:32:08,7
9000001091,1000001986,20240426,547,1,,1,Correo Argentino,DELIVERED,2024-04-26 17:32:10,2024-04-30 10:33:09,4
9000001092,1000001990,20240426,846,1,,1,Correo Argentino,DELIVERED,2024-04-29 17:02:00,2024-04-30 17:56:19,4
9000001093,1000001991,20240426,284,1,,3,Correo Argentino,DELIVERED,2024-04-29 18:58:36,2024-05-06 10:10:22,10
9000001094,1000001992,20240426,300,1,,3,Correo Argentino,DELIVERED,2024-04-29 16:09:35,2024-05-07 11:07:48,11
9000001095,1000001996,20240426,810,1,,3,Correo Argentino,DELIVERED,2024-04-29 17:23:24,2024-05-03 09:47:00,7
9000001096,1000001997,20240426,75,1,,1,Correo Argentino,DELIVERED,2024-04-29 17:38:09,2024-05-02 16:50:37,6
9000001097,1000001998,20240426,369,1,,3,Correo Argentino,DELIVERED,2024-04-29 16:40:18,2024-05-06 12:54:55,10
9000001098,1000002001,20240426,1027,1,,1,Correo Argentino,DELIVERED,2024-04-29 18:06:12,2024-04-30 13:40:36,4
9000001099,1000002003,20240426,1114,1,,4,Correo Argentino,DELIVERED,2024-04-29 17:51:17,2024-05-02 18:54:42,6
9000001100,1000002004,20240426,1115,1,,1,Correo Argentino,DELIVERED,2024-04-29 18:08:00,2024-05-02 17:11:44,6
9000001101,1000002005,20240427,1116,1,,1,Correo Argentino,DELIVERED,2024-04-29 16:40:58,2024-05-02 11:38:31,5
9000001102,1000002006,20240427,702,1,,2,Correo Argentino,DELIVERED,2024-04-29 18:16:18,2024-05-06 18:46:34,9
9000001104,1000002014,20240427,328,1,,2,Correo Argentino,DELIVERED,2024-04-29 17:55:03,2024-05-03 16:53:43,6
9000001105,1000002015,20240427,69,1,,4,Correo Argentino,DELIVERED,2024-04-29 17:19:12,2024-05-06 14:49:47,9
9000001106,1000002016,20240427,361,1,,1,Correo Argentino,DELIVERED,2024-04-29 17:59:31,2024-05-02 13:22:16,5
9000001107,1000002017,20240428,745,1,,1,Correo Argentino,DELIVERED,2024-04-29 16:13:33,2024-04-30 16:24:09,2
9000001108,1000002018,20240428,666,1,,1,Correo Argentino,DELIVERED,2024-04-29 16:31:53,2024-04-30 12:25:52,2
9000001109,1000002019,20240428,982,1,,3,Correo Argentino,DELIVERED,2024-04-29 16:09:14,2024-05-03 15:03:53,5
9000001110,1000002020,20240428,335,1,,4,Correo Argentino,DELIVERED,2024-04-29 17:19:51,2024-05-06 18:07:21,8
9000001111,1000002021,20240428,1117,1,,1,Correo Argentino,DELIVERED,2024-04-29 18:51:49,2024-05-02 13:05:37,4
9000001112,1000002022,20240428,1020,1,,3,Correo Argentino,DELIVERED,2024-04-29 17:31:47,2024-05-03 13:59:01,5
9000001113,1000002023,20240428,1003,1,,3,Correo Argentino,DELIVERED,2024-04-29 17:46:49,2024-05-03 13:34:16,5
9000001114,1000002024,20240428,1118,1,,1,Correo Argentino,DELIVERED,2024-04-29 17:33:03,2024-05-02 13:10:51,4
9000001115,1000002025,20240428,2,1,,3,Correo Argentino,DELIVERED,2024-04-29 16:18:18,2024-05-07 14:36:52,9
9000001116,1000002026,20240429,595,1,,3,Correo Argentino,DELIVERED,2024-04-30 18:44:53,2024-05-06 17:44:04,7
9000001117,1000002028,20240429,1062,1,,4,Correo Argentino,DELIVERED,2024-04-29 17:36:53,2024-05-03 14:29:41,4
9000001118,1000002029,20240429,648,1,,1,Correo Argentino,DELIVERED,2024-04-29 16:40:43,2024-05-02 19:12:23,3
9000001119,1000002030,20240429,279,1,,2,Correo Argentino,DELIVERED,2024-04-30 17:35:17,2024-05-06 15:48:49,7
9000001120,1000002031,20240429,241,1,,1,Correo Argentino,DELIVERED,2024-04-30 18:25:01,2024-05-02 16:06:09,3
9000001121,1000002033,20240429,397,1,,1,Correo Argentino,DELIVERED,2024-04-30 17:11:43,2024-05-02 12:34:00,3
9000001122,1000002035,20240429,998,1,,1,Correo Argentino,DELIVERED,2024-04-30 16:29:17,2024-05-03 18:02:06,4
9000001123,1000002039,20240429,742,1,,1,Correo Argentino,DELIVERED,2024-04-30 16:13:46,2024-05-02 10:16:39,3
9000001124,1000002040,20240429,1001,1,,3,Correo Argentino,DELIVERED,2024-04-30 17:59:37,2024-05-03 18:04:37,4
9000001125,1000002041,20240429,836,1,,2,Correo Argentino,DELIVERED,2024-04-30 16:44:52,2024-05-06 11:20:25,7
9000001126,1000002042,20240429,1120,1,,1,Correo Argentino,DELIVERED,2024-04-30 18:42:34,2024-05-02 17:17:52,3
9000001127,1000002043,20240430,496,1,,1,Correo Argentino,DELIVERED,2024-05-02 18:39:31,2024-05-07 16:37:33,7
9000001128,1000002045,20240430,164,1,,1,Correo Argentino,DELIVERED,2024-05-02 17:47:58,2024-05-07 11:42:10,7
9000001129,1000002046,20240430,384,1,,3,Correo Argentino,DELIVERED,2024-05-02 16:21:55,2024-05-08 19:54:52,8
9000001130,1000002047,20240430,1018,1,,2,Correo Argentino,DELIVERED,2024-05-02 16:08:07,2024-05-08 10:03:04,8
9000001132,1000002051,20240430,906,1,,1,Correo Argentino,DELIVERED,2024-05-02 18:13:13,2024-05-03 16:58:54,3
9000001133,1000002054,20240430,553,1,,3,Correo Argentino,DELIVERED,2024-05-02 16:55:42,2024-05-08 12:42:01,8
9000001134,1000002055,20240430,629,1,,1,Correo Argentino,DELIVERED,2024-05-02 16:00:04,2024-05-06 15:29:22,6
9000001135,1000002056,20240430,706,1,,1,Correo Argentino,DELIVERED,2024-05-02 16:16:53,2024-05-06 09:52:43,6
9000001136,1000002057,20240430,1123,1,,3,Correo Argentino,DELIVERED,2024-05-02 16:33:39,2024-05-07 19:22:46,7
9000001137,1000002058,20240430,195,1,,3,Correo Argentino,DELIVERED,2024-05-02 16:27:59,2024-05-08 15:37:19,8
9000001138,1000002059,20240501,1021,1,,1,Correo Argentino,DELIVERED,2024-05-02 18:01:30,2024-05-06 09:46:06,5
9000001139,1000002060,20240501,886,1,,2,Correo Argentino,DELIVERED,2024-05-02 18:56:07,2024-05-09 13:59:00,8
9000001140,1000002061,20240501,626,1,,1,Correo Argentino,DELIVERED,2024-05-02 17:15:01,2024-05-06 15:04:20,5
9000001141,1000002062,20240501,464,1,,1,Correo Argentino,DELIVERED,2024-05-02 16:32:54,2024-05-06 14:32:39,5
9000001142,1000002065,20240501,1043,1,,1,Correo Argentino,DELIVERED,2024-05-02 18:24:51,2024-05-03 13:13:28,2
9000001143,1000002066,20240502,935,1,,2,Correo Argentino,DELIVERED,2024-05-03 17:43:55,2024-05-07 17:11:58,5
9000001144,1000002067,20240502,1124,1,,1,Correo Argentino,DELIVERED,2024-05-02 16:01:58,2024-05-06 14:43:10,4
9000001145,1000002068,20240502,184,1,,1,Correo Argentino,DELIVERED,2024-05-02 18:30:49,2024-05-06 09:08:15,4
9000001146,1000002073,20240502,420,1,,1,Correo Argentino,DELIVERED,2024-05-03 17:42:16,2024-05-07 09:02:53,5
9000001147,1000002074,20240502,429,1,,4,Correo Argentino,CANCELLED,,,
9000001148,1000002076,20240502,347,1,,2,Correo Argentino,CANCELLED,,,
9000001149,1000002077,20240502,964,1,,3,Correo Argentino,DELIVERED,2024-05-03 18:32:15,2024-05-07 13:30:24,5
9000001150,1000002079,20240502,14,1,,1,Correo Argentino,DELIVERED,2024-05-03 16:56:15,2024-05-06 17:35:45,4
9000001151,1000002080,20240502,1125,1,,2,Correo Argentino,DELIVERED,2024-05-03 16:54:36,2024-05-08 16:06:00,6
9000001152,1000002081,20240502,630,1,,4,Correo Argentino,DELIVERED,2024-05-03 17:23:47,2024-05-07 19:49:15,5
9000001153,1000002086,20240502,237,1,,1,Correo Argentino,DELIVERED,2024-05-03 18:32:06,2024-05-06 17:21:18,4
9000001154,1000002087,20240503,1127,1,,1,Correo Argentino,DELIVERED,2024-05-03 16:13:33,2024-05-06 09:38:48,3
9000001155,1000002088,20240503,233,1,,3,Correo Argentino,DELIVERED,2024-05-03 18:56:08,2024-05-09 16:37:05,6
9000001157,1000002099,20240504,542,1,,2,Correo Argentino,DELIVERED,2024-05-06 18:46:07,2024-05-09 11:04:05,5
9000001158,1000002100,20240504,1030,1,,1,Correo Argentino,DELIVERED,2024-05-06 16:28:00,2024-05-08 16:47:07,4
9000001159,1000002104,20240504,456,1,,4,Correo Argentino,DELIVERED,2024-05-06 16:20:11,2024-05-08 12:02:34,4
9000001160,1000002106,20240504,956,1,,3,Correo Argentino,DELIVERED,2024-05-06 16:11:58,2024-05-08 11:18:09,4
9000001161,1000002107,20240505,831,1,,4,Correo Argentino,DELIVERED,2024-05-06 16:37:10,2024-05-10 14:39:57,5
9000001162,1000002108,20240505,29,1,,4,Correo Argentino,DELIVERED,2024-05-06 17:22:52,2024-05-10 17:19:54,5
9000001163,1000002109,20240505,768,1,,1,Correo Argentino,DELIVERED,2024-05-06 17:53:01,2024-05-07 18:08:42,2
9000001164,1000002110,20240505,488,1,,2,Correo Argentino,DELIVERED,2024-05-06 17:15:53,2024-05-08 10:50:07,3
9000001165,1000002111,20240505,468,1,,1,Correo Argentino,DELIVERED,2024-05-06 18:10:57,2024-05-08 12:54:44,3
9000001166,1000002112,20240505,1134,1,,3,Correo Argentino,DELIVERED,2024-05-06 16:00:07,2024-05-08 16:25:51,3
9000001167,1000002113,20240505,593,1,,4,Correo Argentino,DELIVERED,2024-05-06 17:43:57,2024-05-10 14:09:27,5
9000001168,1000002114,20240505,1084,1,,1,Correo Argentino,DELIVERED,2024-05-06 17:37:23,2024-05-09 09:55:47,4
9000001169,1000002116,20240506,652,1,,1,Correo Argentino,DELIVERED,2024-05-06 17:10:53,2024-05-08 16:55:10,2
9000001170,1000002117,20240506,1135,1,,1,Correo Argentino,DELIVERED,2024-05-06 16:30:00,2024-05-08 17:41:35,2
9000001171,1000002122,20240506,783,1,,1,Correo Argentino,DELIVERED,2024-05-07 16:17:23,2024-05-08 19:38:30,2
9000001172,1000002123,20240506,207,1,,1,Correo Argentino,DELIVERED,2024-05-07 17:36:52,2024-05-08 19:14:46,2
9000001173,1000002124,20240506,94,1,,3,Correo Argentino,DELIVERED,2024-05-07 17:41:55,2024-05-09 19:38:56,3
9000001174,1000002125,20240506,11,1,,4,Correo Argentino,DELIVERED,2024-05-07 16:42:12,2024-05-09 09:36:53,3
9000001175,1000002126,20240506,1136,1,,1,Correo Argentino,CANCELLED,,,
9000001176,1000002127,20240507,21,1,,1,Correo Argentino,DELIVERED,2024-05-07 18:35:01,2024-05-09 12:05:34,2
9000001177,1000002128,20240507,179,1,,3,Correo Argentino,DELIVERED,2024-05-07 17:58:16,2024-05-09 16:43:59,2
9000001178,1000002129,20240507,1057,1,,4,Correo Argentino,DELIVERED,2024-05-07 16:39:58,2024-05-13 18:16:15,6
9000001179,1000002130,20240507,789,1,,3,Correo Argentino,DELIVERED,2024-05-07 16:50:40,2024-05-13 17:41:11,6
9000001180,1000002132,20240507,999,1,,4,Correo Argentino,DELIVERED,2024-05-07 17:12:31,2024-05-10 12:01:49,3
9000001181,1000002133,20240507,480,1,,3,Correo Argentino,DELIVERED,2024-05-08 17:31:09,2024-05-14 12:38:24,7
9000001183,1000002140,20240507,185,1,,1,Correo Argentino,DELIVERED,2024-05-08 17:53:35,2024-05-10 16:28:01,3
9000001184,1000002142,20240507,747,1,,1,Correo Argentino,DELIVERED,2024-05-08 18:05:43,2024-05-10 10:33:22,3
9000001185,1000002143,20240507,916,1,,2,Correo Argentino,DELIVERED,2024-05-08 16:42:09,2024-05-10 14:49:43,3
9000001186,1000002144,20240507,1141,1,,2,Correo Argentino,DELIVERED,2024-05-08 17:47:06,2024-05-13 11:45:01,6
9000001187,1000002145,20240507,1142,1,,4,Correo Argentino,DELIVERED,2024-05-08 18:43:44,2024-05-13 10:58:48,6
9000001188,1000002146,20240508,1143,1,,4,Correo Argentino,DELIVERED,2024-05-08 18:03:29,2024-05-10 12:56:41,2
9000001190,1000002148,20240508,342,1,,3,Correo Argentino,DELIVERED,2024-05-08 18:07:30,2024-05-14 09:05:29,6
9000001191,1000002150,20240508,1145,1,,1,Correo Argentino,DELIVERED,2024-05-09 17:07:22,2024-05-10 18:30:52,2
9000001192,1000002152,20240508,811,1,,1,Correo Argentino,DELIVERED,2024-05-09 17:35:37,2024-05-10 18:35:11,2
9000001193,1000002155,20240508,398,1,,1,Correo Argentino,DELIVERED,2024-05-09 18:31:01,2024-05-10 12:00:55,2
9000001194,1000002158,20240508,1101,1,,3,Correo Argentino,DELIVERED,2024-05-09 18:31:53,2024-05-15 18:17:51,7
9000001195,1000002159,20240509,1068,1,,1,Correo Argentino,DELIVERED,2024-05-09 17:56:16,2024-05-13 12:06:57,4
9000001196,1000002160,20240509,399,1,,3,Correo Argentino,DELIVERED,2024-05-09 18:34:15,2024-05-13 14:01:28,4
9000001197,1000002165,20240509,1006,1,,2,Correo Argentino,DELIVERED,2024-05-10 18:20:16,2024-05-14 09:59:43,5
9000001198,1000002168,20240509,1149,1,,4,Correo Argentino,DELIVERED,2024-05-10 17:33:06,2024-05-15 09:58:25,6
9000001199,1000002170,20240510,518,1,,2,Correo Argentino,DELIVERED,2024-05-10 17:01:52,2024-05-14 18:51:06,4
9000001200,1000002171,20240510,1021,1,,1,Correo Argentino,DELIVERED,2024-05-10 17:49:37,2024-05-14 14:51:51,4
9000001201,1000002174,20240510,984,1,,2,Correo Argentino,DELIVERED,2024-05-13 18:19:33,2024-05-20 15:40:58,10
9000001202,1000002177,20240510,1150,1,,1,Correo Argentino,DELIVERED,2024-05-13 16:04:51,2024-05-15 14:36:12,5
9000001203,1000002180,20240510,717,1,,2,Correo Argentino,DELIVERED,2024-05-13 16:33:13,2024-05-21 19:44:43,11
9000001204,1000002182,20240510,1152,1,,4,Correo Argentino,DELIVERED,2024-05-13 18:54:34,2024-05-20 11:23:22,10
9000001205,1000002184,20240510,460,1,,1,Correo Argentino,DELIVERED,2024-05-13 18:08:48,2024-05-17 12:48:57,7
9000001206,1000002185,20240510,852,1,,4,Correo Argentino,DELIVERED,2024-05-13 17:39:58,2024-05-20 10:22:32,10
9000001207,1000002186,20240511,578,1,,1,Correo Argentino,DELIVERED,2024-05-13 16:14:35,2024-05-17 18:44:02,6
9000001208,1000002201,20240511,1078,1,,1,Correo Argentino,DELIVERED,2024-05-13 18:04:32,2024-05-16 13:50:08,5
9000001209,1000002202,20240511,168,1,,1,Correo Argentino,DELIVERED,2024-05-13 18:50:29,2024-05-16 09:57:55,5
9000001210,1000002203,20240512,809,1,,2,Correo Argentino,DELIVERED,2024-05-13 18:28:11,2024-05-21 12:21:17,9
9000001211,1000002204,20240512,870,1,,1,Correo Argentino,DELIVERED,2024-05-13 17:45:29,2024-05-16 12:11:59,4
9000001212,1000002205,20240512,1158,1,,1,Correo Argentino,DELIVERED,2024-05-13 16:59:36,2024-05-16 13:48:40,4
9000001213,1000002206,20240512,112,1,,1,Correo Argentino,DELIVERED,2024-05-13 18:37:53,2024-05-17 11:13:42,5
9000001214,1000002207,20240512,96,1,,1,Correo Argentino,DELIVERED,2024-05-13 18:19:38,2024-05-15 18:38:03,3
9000001215,1000002208,20240513,259,1,,2,Correo Argentino,DELIVERED,2024-05-13 17:17:57,2024-05-16 09:15:15,3
9000001216,1000002209,20240513,334,1,,1,Correo Argentino,DELIVERED,2024-05-13 16:39:53,2024-05-20 09:28:23,7
9000001217,1000002211,20240513,272,1,,3,Correo Argentino,DELIVERED,2024-05-13 16:15:51,2024-05-20 13:07:35,7
9000001218,1000002212,20240513,943,1,,1,Correo Argentino,DELIVERED,2024-05-13 17:48:26,2024-05-17 19:51:15,4
9000001219,1000002213,20240513,797,1,,1,Correo Argentino,DELIVERED,2024-05-13 16:47:04,2024-05-17 16:20:46,4
9000001220,1000002214,20240513,589,1,,3,Correo Argentino,DELIVERED,2024-05-13 16:30:51,2024-05-17 16:50:40,4
9000001221,1000002215,20240513,1159,1,,1,Correo Argentino,DELIVERED,2024-05-13 18:13:43,2024-05-17 12:14:44,4
9000001222,1000002216,20240513,1160,1,,2,Correo Argentino,DELIVERED,2024-05-13 16:42:48,2024-05-21 15:12:26,8
9000001223,1000002217,20240513,1079,1,,3,Correo Argentino,DELIVERED,2024-05-13 17:12:17,2024-05-20 11:13:12,7
9000001224,1000002219,20240513,140,1,,1,Correo Argentino,DELIVERED,2024-05-13 17:23:20,2024-05-15 11:38:36,2
9000001225,1000002221,20240513,1161,1,,2,Correo Argentino,DELIVERED,2024-05-13 18:43:54,2024-05-17 09:09:30,4
9000001226,1000002222,20240513,132,1,,2,Correo Argentino,DELIVERED,2024-05-13 18:03:53,2024-05-17 19:09:10,4
9000001227,1000002223,20240513,1162,1,,1,Correo Argentino,DELIVERED,2024-05-13 17:38:31,2024-05-16 13:01:43,3
9000001228,1000002224,20240513,339,1,,2,Correo Argentino,DELIVERED,2024-05-13 17:35:09,2024-05-22 15:06:08,9
9000001229,1000002225,20240513,316,1,,1,Correo Argentino,DELIVERED,2024-05-14 17:27:03,2024-05-17 19:43:54,4
9000001230,1000002226,20240513,532,1,,2,Correo Argentino,DELIVERED,2024-05-14 16:50:57,2024-05-17 09:58:08,4
9000001231,1000002227,20240513,869,1,,1,Correo Argentino,DELIVERED,2024-05-14 18:15:30,2024-05-20 13:57:38,7
9000001232,1000002229,20240513,269,1,,1,Correo Argentino,DELIVERED,2024-05-14 16:09:56,2024-05-20 13:18:53,7
9000001233,1000002230,20240513,770,1,,1,Correo Argentino,DELIVERED,2024-05-14 17:47:27,2024-05-17 10:07:52,4
9000001234,1000002231,20240513,215,1,,1,Correo Argentino,DELIVERED,2024-05-14 16:03:55,2024-05-16 13:15:11,3
9000001235,1000002233,20240513,156,1,,1,Correo Argentino,DELIVERED,2024-05-14 16:22:06,2024-05-16 17:06:17,3
9000001236,1000002234,20240513,611,1,,1,Correo Argentino,DELIVERED,2024-05-14 16:46:55,2024-05-17 12:01:55,4
9000001237,1000002236,20240513,703,1,,3,Correo Argentino,DELIVERED,2024-05-14 17:53:35,2024-05-20 18:59:17,7
9000001238,1000002238,20240513,932,1,,1,Correo Argentino,DELIVERED,2024-05-14 16:50:59,2024-05-17 17:52:09,4
9000001239,1000002239,20240513,396,1,,1,Correo Argentino,DELIVERED,2024-05-14 18:52:17,2024-05-17 10:59:30,4
9000001240,1000002240,20240513,1163,1,,2,Correo Argentino,DELIVERED,2024-05-14 16:07:36,2024-05-20 12:41:31,7
9000001241,1000002241,20240513,1164,1,,3,Correo Argentino,DELIVERED,2024-05-14 17:56:37,2024-05-20 14:28:58,7
9000001242,1000002242,20240513,125,1,,3,Correo Argentino,DELIVERED,2024-05-14 17:00:45,2024-05-22 15:58:46,9
9000001243,1000002243,20240513,355,1,,4,Correo Argentino,DELIVERED,2024-05-14 17:29:06,2024-05-20 10:06:44,7
9000001244,1000002244,20240513,72,1,,3,Correo Argentino,DELIVERED,2024-05-14 16:24:05,2024-05-21 13:47:35,8
9000001245,1000002246,20240513,154,1,,3,Correo Argentino,DELIVERED,2024-05-14 16:46:56,2024-05-21 15:32:31,8
9000001246,1000002248,20240513,915,1,,1,Correo Argentino,DELIVERED,2024-05-14 17:38:29,2024-05-17 09:14:15,4
9000001247,1000002249,20240513,840,1,,2,Correo Argentino,DELIVERED,2024-05-14 16:29:35,2024-05-21 16:55:06,8
9000001248,1000002250,20240513,106,1,,4,Correo Argentino,DELIVERED,2024-05-14 17:43:44,2024-05-22 15:11:29,9
9000001249,1000002252,20240513,835,1,,2,Correo Argentino,DELIVERED,2024-05-14 18:00:28,2024-05-21 12:58:30,8
9000001250,1000002253,20240514,923,1,,3,Correo Argentino,DELIVERED,2024-05-14 16:31:03,2024-05-22 18:20:20,8
9000001251,1000002254,20240514,26,1,,1,Correo Argentino,DELIVERED,2024-05-14 18:32:33,2024-05-17 19:45:44,3
9000001252,1000002255,20240514,18,1,,2,Correo Argentino,DELIVERED,2024-05-14 16:50:53,2024-05-21 13:05:11,7
9000001253,1000002256,20240514,653,1,,3,Correo Argentino,DELIVERED,2024-05-14 18:33:42,2024-05-22 11:05:06,8
9000001254,1000002257,20240514,1093,1,,2,Correo Argentino,DELIVERED,2024-05-14 18:37:19,2024-05-22 09:01:23,8
9000001255,1000002258,20240514,1168,1,,2,Correo Argentino,DELIVERED,2024-05-14 16:17:14,2024-05-22 09:51:28,8
9000001256,1000002259,20240514,1091,1,,1,Correo Argentino,DELIVERED,2024-05-15 18:04:16,2024-05-21 17:02:05,7
9000001257,1000002260,20240514,684,1,,1,Correo Argentino,DELIVERED,2024-05-14 17:41:03,2024-05-17 16:11:43,3
9000001258,1000002262,20240514,240,1,,2,Correo Argentino,DELIVERED,2024-05-14 16:17:11,2024-05-20 15:44:03,6
9000001259,1000002264,20240514,1169,1,,4,Correo Argentino,DELIVERED,2024-05-15 16:06:41,2024-05-23 15:38:57,9
9000001260,1000002265,20240514,1170,1,,3,Correo Argentino,DELIVERED,2024-05-15 16:59:10,2024-05-22 18:05:10,8
9000001261,1000002266,20240514,1171,1,,2,Correo Argentino,DELIVERED,2024-05-15 18:42:45,2024-05-21 15:09:51,7
9000001262,1000002267,20240514,443,1,,4,Correo Argentino,DELIVERED,2024-05-15 17:04:50,2024-05-23 14:48:15,9
9000001263,1000002268,20240514,1172,1,,4,Correo Argentino,DELIVERED,2024-05-15 18:39:38,2024-05-20 19:42:53,6
9000001264,1000002269,20240514,1173,1,,1,Correo Argentino,DELIVERED,2024-05-15 18:03:56,2024-05-22 13:19:49,8
9000001265,1000002270,20240514,1174,1,,2,Correo Argentino,DELIVERED,2024-05-15 16:21:32,2024-05-21 11:56:28,7
9000001266,1000002275,20240514,763,1,,2,Correo Argentino,DELIVERED,2024-05-15 18:48:10,2024-05-23 14:59:49,9
9000001267,1000002276,20240514,65,1,,1,Correo Argentino,DELIVERED,2024-05-15 18:26:28,2024-05-21 11:51:48,7
9000001268,1000002277,20240514,806,1,,1,Correo Argentino,DELIVERED,2024-05-15 16:49:27,2024-05-21 16:57:10,7
9000001269,1000002278,20240514,526,1,,4,Correo Argentino,DELIVERED,2024-05-15 16:58:27,2024-05-21 15:07:04,7
9000001270,1000002280,20240514,47,1,,4,Correo Argentino,DELIVERED,2024-05-15 18:23:43,2024-05-21 09:24:18,7
9000001271,1000002281,20240514,813,1,,3,Correo Argentino,DELIVERED,2024-05-15 17:49:33,2024-05-20 16:12:35,6
9000001272,1000002282,20240514,1178,1,,2,Correo Argentino,DELIVERED,2024-05-15 16:10:50,2024-05-21 15:07:01,7
9000001273,1000002283,20240514,77,1,,1,Correo Argentino,DELIVERED,2024-05-15 17:37:50,2024-05-17 16:00:48,3
9000001274,1000002284,20240515,155,1,,4,Correo Argentino,DELIVERED,2024-05-15 18:50:24,2024-05-22 09:19:34,7
9000001275,1000002285,20240515,967,1,,1,Correo Argentino,DELIVERED,2024-05-15 17:18:21,2024-05-20 11:10:32,5
9000001276,1000002286,20240515,1179,1,,1,Correo Argentino,DELIVERED,2024-05-15 17:37:58,2024-05-21 15:43:54,6
9000001277,1000002287,20240515,34,1,,2,Correo Argentino,DELIVERED,2024-05-15 17:35:37,2024-05-21 13:34:51,6
9000001278,1000002288,20240515,27,1,,2,Correo Argentino,DELIVERED,2024-05-15 18:20:27,2024-05-21 17:27:16,6
9000001279,1000002289,20240515,113,1,,1,Correo Argentino,DELIVERED,2024-05-15 18:11:40,2024-05-20 09:04:09,5
9000001280,1000002290,20240515,644,1,,2,Correo Argentino,DELIVERED,2024-05-15 18:13:05,2024-05-21 10:46:52,6
9000001281,1000002291,20240515,58,1,,1,Correo Argentino,DELIVERED,2024-05-15 17:33:51,2024-05-21 09:06:36,6
9000001282,1000002292,20240515,1180,1,,1,Correo Argentino,DELIVERED,2024-05-16 18:08:41,2024-05-17 14:55:27,2
9000001283,1000002294,20240515,76,1,,2,Correo Argentino,DELIVERED,2024-05-15 18:37:01,2024-05-23 18:34:40,8
9000001284,1000002295,20240515,48,1,,2,Correo Argentino,DELIVERED,2024-05-15 17:14:51,2024-05-20 14:12:00,5
9000001285,1000002296,20240515,1181,1,,1,Correo Argentino,DELIVERED,2024-05-16 18:25:49,2024-05-21 17:34:12,6
9000001287,1000002299,20240515,89,1,,3,Correo Argentino,DELIVERED,2024-05-16 16:36:32,2024-05-23 18:13:24,8
9000001288,1000002300,20240515,681,1,,1,Correo Argentino,DELIVERED,2024-05-16 17:32:11,2024-05-20 16:33:19,5
9000001289,1000002301,20240515,768,1,,1,Correo Argentino,DELIVERED,2024-05-16 17:42:07,2024-05-17 10:14:15,2
9000001290,1000002304,20240515,926,1,,3,Correo Argentino,DELIVERED,2024-05-16 17:02:57,2024-05-21 12:43:52,6
9000001291,1000002305,20240515,249,1,,3,Correo Argentino,DELIVERED,2024-05-16 17:28:03,2024-05-22 14:17:05,7
9000001292,1000002306,20240515,425,1,,3,Correo Argentino,DELIVERED,2024-05-16 17:04:51,2024-05-22 17:46:49,7
9000001293,1000002307,20240515,1184,1,,3,Correo Argentino,DELIVERED,2024-05-16 16:37:21,2024-05-22 13:11:37,7
9000001294,1000002310,20240515,144,1,,2,Correo Argentino,DELIVERED,2024-05-16 18:47:06,2024-05-21 11:20:14,6
9000001295,1000002311,20240515,1185,1,,4,Correo Argentino,DELIVERED,2024-05-16 17:49:39,2024-05-21 09:15:55,6
9000001296,1000002313,20240515,1186,1,,3,Correo Argentino,DELIVERED,2024-05-16 17:04:28,2024-05-21 14:42:13,6
9000001297,1000002314,20240515,1051,1,,3,Correo Argentino,DELIVERED,2024-05-16 18:13:18,2024-05-22 17:06:27,7
9000001298,1000002315,20240515,447,1,,1,Correo Argentino,DELIVERED,2024-05-16 16:35:01,2024-05-20 13:52:17,5
9000001299,1000002316,20240515,1187,1,,1,Correo Argentino,DELIVERED,2024-05-16 16:41:15,2024-05-20 17:42:07,5
9000001300,1000002317,20240515,1188,1,,1,Correo Argentino,DELIVERED,2024-05-16 16:12:26,2024-05-20 18:06:06,5
9000001301,1000002318,20240515,538,1,,4,Correo Argentino,DELIVERED,2024-05-16 16:12:05,2024-05-20 13:34:33,5
9000001302,1000002319,20240515,509,1,,3,Correo Argentino,DELIVERED,2024-05-16 17:40:20,2024-05-20 10:19:01,5
9000001303,1000002320,20240515,1189,1,,4,Correo Argentino,DELIVERED,2024-05-16 18:31:43,2024-05-21 13:27:33,6
9000001304,1000002321,20240515,563,1,,1,Correo Argentino,DELIVERED,2024-05-16 18:13:41,2024-05-17 14:49:45,2
9000001305,1000002322,20240516,942,1,,1,Correo Argentino,DELIVERED,2024-05-16 17:53:01,2024-05-20 10:39:37,4
9000001306,1000002323,20240516,1191,1,,2,Correo Argentino,DELIVERED,2024-05-16 16:31:31,2024-05-21 13:58:57,5
9000001307,1000002328,20240516,9,1,,4,Correo Argentino,DELIVERED,2024-05-17 18:03:01,2024-05-23 09:23:08,7
9000001308,1000002329,20240516,191,1,,4,Correo Argentino,DELIVERED,2024-05-17 16:25:26,2024-05-23 15:34:30,7
9000001309,1000002331,20240516,366,1,,1,Correo Argentino,DELIVERED,2024-05-17 16:24:46,2024-05-22 17:10:48,6
9000001310,1000002335,20240517,1048,1,,4,Correo Argentino,DELIVERED,2024-05-17 18:16:47,2024-05-23 14:47:07,6
9000001311,1000002336,20240517,837,1,,1,Correo Argentino,DELIVERED,2024-05-17 16:40:59,2024-05-21 14:37:41,4
9000001312,1000002338,20240517,333,1,,3,Correo Argentino,DELIVERED,2024-05-17 16:59:25,2024-05-22 14:14:13,5
9000001313,1000002339,20240517,1194,1,,3,Correo Argentino,DELIVERED,2024-05-17 18:37:36,2024-05-23 19:16:25,6
9000001314,1000002340,20240517,574,1,,4,Correo Argentino,DELIVERED,2024-05-20 18:34:41,2024-05-24 18:07:46,7
9000001315,1000002343,20240517,909,1,,2,Correo Argentino,DELIVERED,2024-05-20 18:58:29,2024-05-24 09:17:11,7
9000001316,1000002344,20240517,938,1,,3,Correo Argentino,DELIVERED,2024-05-20 18:16:43,2024-05-24 12:32:23,7
9000001317,1000002347,20240517,147,1,,1,Correo Argentino,DELIVERED,2024-05-20 16:46:24,2024-05-21 16:12:24,4
9000001318,1000002348,20240517,344,1,,2,Correo Argentino,DELIVERED,2024-05-20 18:06:34,2024-05-22 10:26:38,5
9000001319,1000002350,20240517,64,1,,4,Correo Argentino,DELIVERED,2024-05-20 17:28:16,2024-05-24 14:27:36,7
9000001321,1000002353,20240517,791,1,,1,Correo Argentino,DELIVERED,2024-05-20 17:08:28,2024-05-22 19:43:40,5
9000001322,1000002354,20240517,448,1,,4,Correo Argentino,DELIVERED,2024-05-20 16:53:31,2024-05-22 13:30:27,5
9000001323,1000002355,20240518,169,1,,1,Correo Argentino,DELIVERED,2024-05-20 18:29:31,2024-05-21 13:30:54,3
9000001324,1000002356,20240518,692,1,,3,Correo Argentino,DELIVERED,2024-05-20 17:42:03,2024-05-24 11:57:14,6
9000001325,1000002357,20240518,934,1,,1,Correo Argentino,DELIVERED,2024-05-20 18:13:46,2024-05-22 12:30:29,4
9000001326,1000002358,20240518,726,1,,2,Correo Argentino,DELIVERED,2024-05-20 17:26:46,2024-05-24 19:53:32,6
9000001327,1000002366,20240518,470,1,,3,Correo Argentino,DELIVERED,2024-05-20 17:04:10,2024-05-23 19:13:20,5
9000001328,1000002367,20240518,45,1,,2,Correo Argentino,DELIVERED,2024-05-20 18:32:44,2024-05-22 14:59:49,4
9000001329,1000002371,20240519,1200,1,,2,Correo Argentino,DELIVERED,2024-05-20 16:37:54,2024-05-24 19:13:29,5
9000001330,1000002372,20240519,507,1,,3,Correo Argentino,DELIVERED,2024-05-20 18:49:42,2024-05-22 12:33:02,3
9000001331,1000002373,20240519,159,1,,3,Correo Argentino,DELIVERED,2024-05-20 17:38:02,2024-05-22 16:14:28,3
9000001332,1000002374,20240519,993,1,,3,Correo Argentino,CANCELLED,,,
9000001333,1000002375,20240519,948,1,,3,Correo Argentino,DELIVERED,2024-05-21 18:41:22,2024-05-23 12:43:43,4
9000001334,1000002376,20240519,1202,1,,2,Correo Argentino,DELIVERED,2024-05-20 17:00:47,2024-05-24 13:25:25,5
9000001335,1000002377,20240519,427,1,,3,Correo Argentino,DELIVERED,2024-05-20 18:04:39,2024-05-23 10:18:20,4
9000001336,1000002378,20240519,1124,1,,1,Correo Argentino,DELIVERED,2024-05-21 18:44:37,2024-05-23 11:01:29,4
9000001337,1000002379,20240519,787,1,,1,Correo Argentino,DELIVERED,2024-05-20 17:36:21,2024-05-22 09:06:58,3
9000001338,1000002380,20240519,971,1,,1,Correo Argentino,DELIVERED,2024-05-20 16:05:27,2024-05-22 13:50:47,3
9000001339,1000002381,20240519,1203,1,,1,Correo Argentino,DELIVERED,2024-05-20 18:39:31,2024-05-22 19:33:22,3
9000001340,1000002382,20240519,914,1,,3,Correo Argentino,DELIVERED,2024-05-20 17:55:12,2024-05-23 17:15:37,4
9000001341,1000002383,20240519,974,1,,1,Correo Argentino,DELIVERED,2024-05-20 16:18:55,2024-05-22 12:59:03,3
9000001342,1000002384,20240519,166,1,,3,Correo Argentino,DELIVERED,2024-05-20 18:50:54,2024-05-27 14:05:03,8
9000001343,1000002385,20240520,486,1,,2,Correo Argentino,DELIVERED,2024-05-20 18:43:11,2024-05-22 19:31:53,2
9000001344,1000002386,20240520,480,1,,3,Correo Argentino,DELIVERED,2024-05-20 17:54:21,2024-05-23 16:09:33,3
9000001346,1000002388,20240520,1204,1,,3,Correo Argentino,DELIVERED,2024-05-20 18:44:10,2024-05-24 12:37:19,4
9000001347,1000002390,20240520,894,1,,1,Correo Argentino,DELIVERED,2024-05-20 18:32:59,2024-05-23 10:03:48,3
9000001348,1000002391,20240520,675,1,,1,Correo Argentino,DELIVERED,2024-05-21 18:02:38,2024-05-22 10:59:53,2
9000001349,1000002393,20240520,1019,1,,2,Correo Argentino,DELIVERED,2024-05-21 16:34:51,2024-05-27 13:50:05,7
9000001350,1000002395,20240520,457,1,,4,Correo Argentino,DELIVERED,2024-05-21 16:27:16,2024-05-27 16:33:21,7
9000001351,1000002399,20240520,790,1,,2,Correo Argentino,DELIVERED,2024-05-21 17:20:47,2024-05-24 10:09:20,4
9000001352,1000002400,20240520,998,1,,1,Correo Argentino,DELIVERED,2024-05-21 16:44:03,2024-05-22 17:12:33,2
9000001353,1000002401,20240520,1129,1,,4,Correo Argentino,DELIVERED,2024-05-21 17:34:50,2024-05-23 16:00:13,3
9000001354,1000002402,20240520,1058,1,,3,Correo Argentino,DELIVERED,2024-05-21 16:00:01,2024-05-27 12:39:40,7
9000001355,1000002403,20240521,880,1,,2,Correo Argentino,DELIVERED,2024-05-21 18:54:36,2024-05-24 15:55:25,3
9000001356,1000002404,20240521,893,1,,4,Correo Argentino,DELIVERED,2024-05-21 18:26:47,2024-05-27 17:35:15,6
9000001357,1000002405,20240521,294,1,,3,Correo Argentino,DELIVERED,2024-05-21 17:24:09,2024-05-24 17:15:23,3
9000001358,1000002406,20240521,1206,1,,1,Correo Argentino,DELIVERED,2024-05-22 17:42:48,2024-05-24 16:18:28,3
9000001359,1000002407,20240521,1047,1,,3,Correo Argentino,DELIVERED,2024-05-22 16:57:35,2024-05-27 15:55:42,6
9000001360,1000002412,20240521,436,1,,4,Correo Argentino,DELIVERED,2024-05-22 17:09:13,2024-05-27 09:23:01,6
9000001361,1000002414,20240522,1060,1,,2,Correo Argentino,DELIVERED,2024-05-22 16:15:44,2024-05-27 10:30:51,5
9000001362,1000002419,20240522,1211,1,,3,Correo Argentino,DELIVERED,2024-05-23 16:12:31,2024-05-29 12:35:40,7
9000001363,1000002420,20240522,711,1,,3,Correo Argentino,DELIVERED,2024-05-23 18:45:01,2024-05-28 13:37:32,6
9000001364,1000002423,20240522,108,1,,3,Correo Argentino,DELIVERED,2024-05-23 17:23:42,2024-05-28 19:54:38,6
9000001365,1000002424,20240522,541,1,,3,Correo Argentino,DELIVERED,2024-05-23 18:25:29,2024-05-27 17:17:11,5
9000001366,1000002425,20240522,834,1,,3,Correo Argentino,DELIVERED,2024-05-23 18:42:54,2024-05-28 17:19:16,6
9000001367,1000002427,20240522,469,1,,3,Correo Argentino,DELIVERED,2024-05-23 16:15:50,2024-05-28 14:48:59,6
9000001368,1000002429,20240522,704,1,,1,Correo Argentino,DELIVERED,2024-05-23 17:12:10,2024-05-24 10:51:43,2
9000001369,1000002431,20240522,1105,1,,2,Correo Argentino,DELIVERED,2024-05-23 18:20:58,2024-05-27 16:50:33,5
9000001370,1000002432,20240522,793,1,,2,Correo Argentino,DELIVERED,2024-05-23 18:00:29,2024-05-28 10:48:36,6
9000001371,1000002434,20240523,1213,1,,2,Correo Argentino,DELIVERED,2024-05-23 16:16:49,2024-05-30 14:08:52,7
9000001372,1000002435,20240523,1214,1,,1,Correo Argentino,DELIVERED,2024-05-23 16:48:08,2024-05-27 10:40:32,4
9000001373,1000002436,20240523,1038,1,,3,Correo Argentino,DELIVERED,2024-05-23 18:53:16,2024-05-29 14:24:38,6
9000001374,1000002437,20240523,59,1,,1,Correo Argentino,DELIVERED,2024-05-24 16:06:24,2024-05-28 16:09:05,5
9000001375,1000002439,20240523,15,1,,2,Correo Argentino,DELIVERED,2024-05-24 17:05:57,2024-05-29 15:18:07,6
9000001376,1000002441,20240523,1216,1,,1,Correo Argentino,DELIVERED,2024-05-24 18:03:30,2024-05-28 17:35:34,5
9000001377,1000002445,20240523,718,1,,1,Correo Argentino,DELIVERED,2024-05-24 17:16:18,2024-05-27 11:16:42,4
9000001378,1000002446,20240523,794,1,,1,Correo Argentino,DELIVERED,2024-05-24 17:31:07,2024-05-28 16:17:42,5
9000001379,1000002448,20240523,1218,1,,2,Correo Argentino,DELIVERED,2024-05-24 18:23:11,2024-05-30 11:03:47,7
9000001380,1000002449,20240524,487,1,,2,Correo Argentino,DELIVERED,2024-05-24 17:41:38,2024-05-28 14:29:11,4
9000001381,1000002453,20240524,69,1,,4,Correo Argentino,DELIVERED,2024-05-27 17:36:58,2024-05-29 13:21:11,5
9000001382,1000002454,20240524,423,1,,2,Correo Argentino,DELIVERED,2024-05-27 17:45:15,2024-05-30 16:27:11,6
9000001383,1000002455,20240524,812,1,,2,Correo Argentino,DELIVERED,2024-05-27 16:01:20,2024-05-30 10:47:34,6
9000001384,1000002459,20240524,404,1,,1,Correo Argentino,DELIVERED,2024-05-27 18:25:41,2024-05-29 14:36:16,5
9000001385,1000002463,20240524,703,1,,3,Correo Argentino,DELIVERED,2024-05-27 18:49:10,2024-05-30 17:28:26,6
9000001386,1000002464,20240524,622,1,,2,Correo Argentino,DELIVERED,2024-05-27 16:59:50,2024-06-03 16:03:56,10
9000001387,1000002465,20240524,1223,1,,1,Correo Argentino,DELIVERED,2024-05-27 18:18:32,2024-05-28 14:41:31,4
9000001388,1000002466,20240524,120,1,,4,Correo Argentino,DELIVERED,2024-05-27 18:42:00,2024-05-30 15:57:29,6
9000001389,1000002467,20240524,1224,1,,1,Correo Argentino,DELIVERED,2024-05-27 18:12:14,2024-05-29 14:54:00,5
9000001390,1000002468,20240524,854,1,,3,Correo Argentino,DELIVERED,2024-05-27 18:39:01,2024-05-31 17:26:40,7
9000001391,1000002469,20240525,595,1,,3,Correo Argentino,DELIVERED,2024-05-27 16:40:17,2024-05-30 10:38:18,5
9000001392,1000002470,20240525,490,1,,1,Correo Argentino,DELIVERED,2024-05-27 17:49:23,2024-05-28 10:35:08,3
9000001393,1000002471,20240525,789,1,,3,Correo Argentino,DELIVERED,2024-05-27 16:15:39,2024-05-30 12:55:23,5
9000001394,1000002472,20240525,226,1,,1,Correo Argentino,DELIVERED,2024-05-27 18:46:47,2024-05-28 15:51:35,3
9000001396,1000002474,20240525,612,1,,3,Correo Argentino,DELIVERED,2024-05-27 16:28:48,2024-05-30 15:27:21,5
9000001397,1000002475,20240525,1225,1,,4,Correo Argentino,DELIVERED,2024-05-27 16:39:54,2024-05-31 19:11:39,6
9000001398,1000002476,20240525,163,1,,2,Correo Argentino,DELIVERED,2024-05-27 18:26:41,2024-05-30 09:18:52,5
9000001399,1000002483,20240525,1016,1,,1,Correo Argentino,DELIVERED,2024-05-27 17:30:47,2024-05-29 11:23:42,4
9000001401,1000002486,20240526,556,1,,4,Correo Argentino,DELIVERED,2024-05-27 18:31:02,2024-05-31 13:20:43,5
9000001402,1000002487,20240526,632,1,,1,Correo Argentino,DELIVERED,2024-05-27 17:36:33,2024-05-29 13:44:26,3
9000001403,1000002489,20240526,878,1,,3,Correo Argentino,DELIVERED,2024-05-27 17:23:53,2024-05-29 17:42:19,3
9000001404,1000002490,20240526,1228,1,,1,Correo Argentino,DELIVERED,2024-05-27 18:37:43,2024-05-30 12:53:51,4
9000001405,1000002491,20240526,1229,1,,1,Correo Argentino,DELIVERED,2024-05-27 16:08:14,2024-05-28 16:23:59,2
9000001406,1000002492,20240526,375,1,,3,Correo Argentino,DELIVERED,2024-05-27 18:04:00,2024-05-30 14:20:19,4
9000001407,1000002493,20240526,80,1,,2,Correo Argentino,DELIVERED,2024-05-27 18:42:58,2024-05-30 19:51:17,4
9000001408,1000002494,20240526,77,1,,1,Correo Argentino,DELIVERED,2024-05-27 17:01:03,2024-05-28 13:25:14,2
9000001409,1000002495,20240526,150,1,,3,Correo Argentino,DELIVERED,2024-05-27 17:37:23,2024-05-30 12:08:40,4
9000001410,1000002496,20240526,651,1,,1,Correo Argentino,DELIVERED,2024-05-27 18:41:12,2024-05-30 13:30:17,4
9000001411,1000002497,20240527,484,1,,1,Correo Argentino,DELIVERED,2024-05-27 16:25:33,2024-05-28 10:51:43,1
9000001412,1000002499,20240527,1232,1,,1,Correo Argentino,DELIVERED,2024-05-27 18:24:36,2024-05-29 09:12:30,2
9000001413,1000002501,20240527,823,1,,1,Correo Argentino,DELIVERED,2024-05-28 16:50:37,2024-05-31 16:57:55,4
9000001414,1000002503,20240527,1234,1,,3,Correo Argentino,DELIVERED,2024-05-28 18:18:26,2024-05-30 18:49:40,3
9000001416,1000002517,20240527,1238,1,,1,Correo Argentino,DELIVERED,2024-05-28 17:52:58,2024-05-29 10:10:29,2
9000001417,1000002518,20240527,915,1,,1,Correo Argentino,DELIVERED,2024-05-28 18:55:15,2024-05-30 16:07:48,3
9000001418,1000002519,20240527,288,1,,3,Correo Argentino,DELIVERED,2024-05-28 18:46:39,2024-05-30 13:03:26,3
9000001419,1000002520,20240528,1020,1,,3,Correo Argentino,DELIVERED,2024-05-28 18:54:34,2024-06-03 12:53:04,6
9000001420,1000002521,20240528,155,1,,4,Correo Argentino,DELIVERED,2024-05-29 17:33:29,2024-06-04 16:37:25,7
9000001421,1000002522,20240528,1239,1,,1,Correo Argentino,DELIVERED,2024-05-29 17:35:16,2024-05-30 11:20:18,2
9000001422,1000002524,20240528,253,1,,4,Correo Argentino,DELIVERED,2024-05-29 17:25:37,2024-06-04 12:41:24,7
9000001423,1000002526,20240528,1240,1,,1,Correo Argentino,DELIVERED,2024-05-29 17:32:13,2024-06-03 11:33:11,6
9000001424,1000002527,20240528,75,1,,1,Correo Argentino,DELIVERED,2024-05-29 17:15:11,2024-05-31 18:16:38,3
9000001425,1000002528,20240528,1039,1,,3,Correo Argentino,DELIVERED,2024-05-29 18:40:41,2024-05-31 12:42:47,3
9000001426,1000002529,20240529,752,1,,1,Correo Argentino,DELIVERED,2024-05-29 16:23:18,2024-05-30 15:14:17,1
9000001427,1000002531,20240529,167,1,,1,Correo Argentino,DELIVERED,2024-05-29 17:25:50,2024-06-03 11:17:51,5
9000001428,1000002534,20240529,1119,1,,3,Correo Argentino,DELIVERED,2024-05-30 17:16:46,2024-06-06 12:50:40,8
9000001429,1000002537,20240529,1165,1,,1,Correo Argentino,DELIVERED,2024-05-29 18:29:35,2024-05-30 14:48:56,1
9000001430,1000002540,20240529,952,1,,1,Correo Argentino,DELIVERED,2024-05-29 16:34:10,2024-05-31 11:57:38,2
9000001431,1000002546,20240529,1242,1,,2,Correo Argentino,DELIVERED,2024-05-30 17:39:15,2024-06-05 19:35:08,7
9000001432,1000002549,20240529,797,1,,1,Correo Argentino,DELIVERED,2024-05-30 16:25:50,2024-06-03 14:11:09,5
9000001433,1000002550,20240529,708,1,,1,Correo Argentino,DELIVERED,2024-05-30 16:25:56,2024-05-31 11:52:26,2
9000001434,1000002551,20240529,716,1,,1,Correo Argentino,DELIVERED,2024-05-30 18:01:52,2024-06-03 18:24:09,5
9000001435,1000002552,20240530,1244,1,,1,Correo Argentino,DELIVERED,2024-05-30 16:57:55,2024-06-03 14:54:25,4
9000001436,1000002553,20240530,1026,1,,3,Correo Argentino,DELIVERED,2024-05-30 18:16:22,2024-06-03 11:06:41,4
9000001437,1000002558,20240530,1247,1,,1,Correo Argentino,DELIVERED,2024-05-31 17:12:02,2024-06-04 11:12:49,5
9000001438,1000002560,20240530,1248,1,,3,Correo Argentino,DELIVERED,2024-05-31 16:45:08,2024-06-06 18:45:39,7
9000001439,1000002562,20240530,1249,1,,1,Correo Argentino,DELIVERED,2024-05-31 17:32:43,2024-06-05 19:55:26,6
9000001440,1000002563,20240530,355,1,,4,Correo Argentino,DELIVERED,2024-05-31 16:38:14,2024-06-06 10:34:21,7
9000001441,1000002564,20240530,670,1,,1,Correo Argentino,DELIVERED,2024-05-31 17:37:18,2024-06-03 10:36:23,4
9000001442,1000002565,20240531,995,1,,3,Correo Argentino,DELIVERED,2024-05-31 18:08:30,2024-06-05 13:32:53,5
9000001443,1000002566,20240531,1002,1,,3,Correo Argentino,DELIVERED,2024-05-31 17:46:21,2024-06-05 13:49:25,5
9000001444,1000002568,20240531,1175,1,,1,Correo Argentino,DELIVERED,2024-05-31 18:03:34,2024-06-03 18:05:31,3
9000001445,1000002570,20240531,847,1,,2,Correo Argentino,DELIVERED,2024-06-03 16:35:36,2024-06-07 11:07:01,7
9000001446,1000002572,20240531,186,1,,1,Correo Argentino,DELIVERED,2024-06-03 18:02:28,2024-06-05 19:55:09,5
9000001447,1000002574,20240531,963,1,,2,Correo Argentino,DELIVERED,2024-06-03 16:48:51,2024-06-07 09:05:17,7
9000001448,1000002576,20240531,466,1,,1,Correo Argentino,DELIVERED,2024-06-03 16:25:10,2024-06-05 19:04:48,5
9000001449,1000002578,20240531,543,1,,2,Correo Argentino,DELIVERED,2024-06-03 16:23:24,2024-06-06 12:20:32,6
9000001450,1000002579,20240601,1252,1,,1,Correo Argentino,DELIVERED,2024-06-03 17:05:21,2024-06-05 16:19:10,4
9000001451,1000002590,20240601,1254,1,,2,Correo Argentino,DELIVERED,2024-06-03 18:06:28,2024-06-07 14:06:57,6
9000001452,1000002595,20240601,861,1,,1,Correo Argentino,DELIVERED,2024-06-03 18:03:45,2024-06-05 11:02:16,4
9000001453,1000002596,20240602,970,1,,4,Correo Argentino,DELIVERED,2024-06-03 18:45:29,2024-06-05 18:27:19,3
9000001454,1000002597,20240602,480,1,,3,Correo Argentino,DELIVERED,2024-06-03 18:28:40,2024-06-05 16:27:18,3
9000001455,1000002598,20240602,943,1,,1,Correo Argentino,DELIVERED,2024-06-03 17:57:47,2024-06-05 16:03:56,3
9000001456,1000002599,20240602,1256,1,,1,Correo Argentino,DELIVERED,2024-06-03 18:06:20,2024-06-05 09:39:08,3
9000001457,1000002600,20240602,1158,1,,1,Correo Argentino,DELIVERED,2024-06-03 16:45:47,2024-06-04 12:39:00,2
9000001458,1000002601,20240602,128,1,,3,Correo Argentino,DELIVERED,2024-06-03 17:51:26,2024-06-05 19:50:51,3
9000001459,1000002602,20240602,1087,1,,4,Correo Argentino,DELIVERED,2024-06-03 17:17:02,2024-06-07 12:05:29,5
9000001460,1000002603,20240602,287,1,,1,Correo Argentino,DELIVERED,2024-06-03 18:00:06,2024-06-06 12:16:19,4
9000001461,1000002604,20240602,1257,1,,2,Correo Argentino,DELIVERED,2024-06-03 18:02:43,2024-06-07 11:30:08,5
9000001462,1000002605,20240603,531,1,,4,Correo Argentino,DELIVERED,2024-06-03 17:13:56,2024-06-07 09:12:15,4
9000001463,1000002606,20240603,883,1,,2,Correo Argentino,DELIVERED,2024-06-03 16:45:45,2024-06-05 18:55:07,2
9000001464,1000002607,20240603,1258,1,,1,Correo Argentino,DELIVERED,2024-06-03 16:04:49,2024-06-04 14:49:02,1
9000001465,1000002608,20240603,1093,1,,2,Correo Argentino,DELIVERED,2024-06-03 16:31:30,2024-06-10 10:30:52,7
9000001466,1000002613,20240603,1260,1,,2,Correo Argentino,DELIVERED,2024-06-03 16:31:38,2024-06-05 09:36:04,2
9000001467,1000002614,20240603,1259,1,,2,Correo Argentino,DELIVERED,2024-06-03 18:52:11,2024-06-05 10:46:02,2
9000001468,1000002617,20240603,1,1,,1,Correo Argentino,DELIVERED,2024-06-04 18:41:45,2024-06-05 19:47:39,2
9000001469,1000002622,20240603,938,1,,3,Correo Argentino,DELIVERED,2024-06-04 18:08:02,2024-06-10 12:52:48,7
9000001470,1000002623,20240603,63,1,,1,Correo Argentino,DELIVERED,2024-06-05 16:27:37,2024-06-10 12:12:08,7
9000001471,1000002624,20240603,11,1,,4,Correo Argentino,DELIVERED,2024-06-04 18:41:33,2024-06-10 09:58:51,7
9000001472,1000002625,20240603,965,1,,1,Correo Argentino,DELIVERED,2024-06-04 18:08:56,2024-06-06 17:18:52,3
9000001473,1000002626,20240604,1145,1,,1,Correo Argentino,DELIVERED,2024-06-04 18:41:22,2024-06-05 10:06:14,1
9000001474,1000002628,20240604,669,1,,2,Correo Argentino,DELIVERED,2024-06-04 18:43:26,2024-06-06 13:53:44,2
9000001475,1000002629,20240604,1265,1,,1,Correo Argentino,DELIVERED,2024-06-04 17:11:28,2024-06-06 13:11:37,2
9000001476,1000002630,20240604,1266,1,,3,Correo Argentino,DELIVERED,2024-06-04 17:28:00,2024-06-07 19:49:04,3
9000001477,1000002632,20240604,354,1,,3,Correo Argentino,DELIVERED,2024-06-04 17:33:30,2024-06-10 15:42:17,6
9000001478,1000002634,20240604,556,1,,4,Correo Argentino,DELIVERED,2024-06-05 17:04:20,2024-06-11 09:31:58,7
9000001479,1000002636,20240604,884,1,,3,Correo Argentino,DELIVERED,2024-06-05 18:16:57,2024-06-11 09:01:26,7
9000001480,1000002637,20240604,425,1,,3,Correo Argentino,DELIVERED,2024-06-05 16:54:41,2024-06-07 17:07:24,3
9000001481,1000002639,20240604,1267,1,,3,Correo Argentino,DELIVERED,2024-06-05 17:14:22,2024-06-10 12:20:13,6
9000001482,1000002642,20240604,787,1,,1,Correo Argentino,DELIVERED,2024-06-05 18:46:23,2024-06-07 12:31:43,3
9000001483,1000002643,20240604,1270,1,,3,Correo Argentino,DELIVERED,2024-06-05 18:55:17,2024-06-10 12:45:00,6
9000001484,1000002644,20240605,497,1,,1,Correo Argentino,DELIVERED,2024-06-05 17:42:33,2024-06-06 17:46:13,1
9000001485,1000002645,20240605,1271,1,,3,Correo Argentino,DELIVERED,2024-06-05 17:08:38,2024-06-11 14:46:13,6
9000001486,1000002650,20240605,333,1,,3,Correo Argentino,DELIVERED,2024-06-06 16:21:53,2024-06-12 10:55:31,7
9000001488,1000002653,20240605,1273,1,,2,Correo Argentino,DELIVERED,2024-06-06 16:37:32,2024-06-10 17:15:22,5
9000001489,1000002654,20240605,636,1,,4,Correo Argentino,DELIVERED,2024-06-06 18:47:42,2024-06-12 15:50:10,7
9000001490,1000002656,20240605,1274,1,,3,Correo Argentino,DELIVERED,2024-06-06 17:19:36,2024-06-10 18:46:01,5
9000001491,1000002659,20240605,1194,1,,3,Correo Argentino,DELIVERED,2024-06-06 18:20:39,2024-06-13 14:38:07,8
9000001492,1000002660,20240606,313,1,,2,Correo Argentino,DELIVERED,2024-06-06 16:50:38,2024-06-13 15:12:29,7
9000001493,1000002661,20240606,1135,1,,1,Correo Argentino,DELIVERED,2024-06-06 16:55:40,2024-06-10 09:03:39,4
9000001494,1000002664,20240606,1275,1,,4,Correo Argentino,DELIVERED,2024-06-06 17:27:42,2024-06-12 09:57:26,6
9000001495,1000002667,20240606,1187,1,,1,Correo Argentino,DELIVERED,2024-06-06 17:12:23,2024-06-07 14:29:30,1
9000001496,1000002668,20240606,783,1,,1,Correo Argentino,DELIVERED,2024-06-07 18:23:49,2024-06-10 17:53:27,4
9000001497,1000002670,20240606,567,1,,1,Correo Argentino,DELIVERED,2024-06-07 16:27:27,2024-06-11 14:09:40,5
9000001498,1000002671,20240606,509,1,,3,Correo Argentino,DELIVERED,2024-06-07 18:15:21,2024-06-12 15:05:17,6
9000001499,1000002672,20240606,956,1,,3,Correo Argentino,DELIVERED,2024-06-07 17:52:05,2024-06-11 13:11:56,5
9000001500,1000002673,20240606,809,1,,2,Correo Argentino,DELIVERED,2024-06-07 16:19:41,2024-06-13 10:09:07,7
9000001501,1000002675,20240606,1054,1,,1,Correo Argentino,DELIVERED,2024-06-07 18:50:05,2024-06-11 15:37:32,5
9000001502,1000002676,20240606,263,1,,3,Correo Argentino,DELIVERED,2024-06-07 18:36:00,2024-06-11 19:03:56,5
9000001503,1000002677,20240606,179,1,,3,Correo Argentino,DELIVERED,2024-06-07 17:36:42,2024-06-12 12:51:19,6
9000001504,1000002679,20240606,1174,1,,2,Correo Argentino,DELIVERED,2024-06-07 18:10:03,2024-06-11 11:25:26,5
9000001505,1000002682,20240606,922,1,,2,Correo Argentino,DELIVERED,2024-06-07 18:05:17,2024-06-12 18:08:14,6
9000001506,1000002683,20240606,152,1,,3,Correo Argentino,DELIVERED,2024-06-07 18:21:10,2024-06-11 19:06:34,5
9000001507,1000002684,20240606,1278,1,,4,Correo Argentino,DELIVERED,2024-06-07 17:38:35,2024-06-12 15:31:18,6
9000001508,1000002685,20240607,32,1,,3,Correo Argentino,DELIVERED,2024-06-07 17:50:10,2024-06-11 15:50:00,4
9000001509,1000002686,20240607,417,1,,4,Correo Argentino,DELIVERED,2024-06-07 16:20:56,2024-06-11 11:12:00,4
9000001510,1000002690,20240607,1279,1,,2,Correo Argentino,DELIVERED,2024-06-10 17:00:36,2024-06-17 19:58:51,10
9000001511,1000002693,20240607,1223,1,,1,Correo Argentino,DELIVERED,2024-06-10 18:57:22,2024-06-12 13:18:23,5
9000001512,1000002699,20240607,1058,1,,3,Correo Argentino,DELIVERED,2024-06-10 16:54:32,2024-06-17 19:13:30,10
9000001513,1000002700,20240607,886,1,,2,Correo Argentino,DELIVERED,2024-06-10 16:52:37,2024-06-17 10:55:37,10
9000001514,1000002702,20240607,1284,1,,1,Correo Argentino,DELIVERED,2024-06-10 18:04:01,2024-06-12 14:33:36,5
9000001515,1000002703,20240607,1144,1,,4,Correo Argentino,DELIVERED,2024-06-10 18:12:04,2024-06-13 19:11:52,6
9000001516,1000002704,20240607,49,1,,3,Correo Argentino,DELIVERED,2024-06-10 16:59:39,2024-06-13 14:25:14,6
9000001517,1000002705,20240607,1285,1,,3,Correo Argentino,DELIVERED,2024-06-10 17:21:27,2024-06-14 11:47:12,7
9000001518,1000002706,20240607,473,1,,1,Correo Argentino,DELIVERED,2024-06-10 16:32:10,2024-06-12 19:32:34,5
9000001519,1000002707,20240607,1286,1,,1,Correo Argentino,DELIVERED,2024-06-10 16:43:00,2024-06-11 13:52:23,4
9000001520,1000002708,20240607,1287,1,,1,Correo Argentino,DELIVERED,2024-06-10 16:17:56,2024-06-12 15:04:58,5
9000001521,1000002709,20240607,1017,1,,3,Correo Argentino,DELIVERED,2024-06-10 16:58:15,2024-06-12 16:46:54,5
9000001522,1000002710,20240608,1046,1,,1,Correo Argentino,DELIVERED,2024-06-10 17:33:54,2024-06-12 13:52:12,4
9000001524,1000002720,20240608,1293,1,,1,Correo Argentino,DELIVERED,2024-06-10 17:49:46,2024-06-12 16:31:18,4
9000001525,1000002722,20240608,176,1,,1,Correo Argentino,DELIVERED,2024-06-10 16:06:13,2024-06-13 15:42:09,5
9000001526,1000002733,20240608,1297,1,,2,Correo Argentino,DELIVERED,2024-06-10 18:34:50,2024-06-12 16:00:56,4
9000001527,1000002734,20240608,618,1,,4,Correo Argentino,DELIVERED,2024-06-10 18:38:18,2024-06-13 16:14:48,5
9000001528,1000002738,20240608,1136,1,,1,Correo Argentino,DELIVERED,2024-06-10 16:44:50,2024-06-11 15:24:57,3
9000001529,1000002740,20240608,1100,1,,1,Correo Argentino,DELIVERED,2024-06-10 16:48:59,2024-06-12 13:25:27,4
9000001530,1000002741,20240608,1300,1,,4,Correo Argentino,DELIVERED,2024-06-10 16:01:01,2024-06-14 18:40:10,6
9000001531,1000002742,20240609,42,1,,1,Correo Argentino,DELIVERED,2024-06-10 16:32:09,2024-06-12 16:58:03,3
9000001532,1000002744,20240609,409,1,,4,Correo Argentino,DELIVERED,2024-06-10 18:04:12,2024-06-14 18:20:54,5
9000001533,1000002745,20240609,324,1,,3,Correo Argentino,DELIVERED,2024-06-10 16:42:39,2024-06-14 12:59:07,5
9000001534,1000002746,20240609,993,1,,3,Correo Argentino,DELIVERED,2024-06-10 17:16:44,2024-06-13 13:13:19,4
9000001535,1000002747,20240609,1214,1,,1,Correo Argentino,DELIVERED,2024-06-10 16:02:47,2024-06-11 19:18:28,2
9000001536,1000002748,20240609,142,1,,1,Correo Argentino,DELIVERED,2024-06-10 17:44:58,2024-06-13 19:42:51,4
9000001537,1000002749,20240609,1301,1,,4,Correo Argentino,DELIVERED,2024-06-10 16:55:20,2024-06-14 19:18:11,5
9000001538,1000002750,20240609,995,1,,3,Correo Argentino,DELIVERED,2024-06-10 18:07:24,2024-06-12 11:35:44,3
9000001539,1000002751,20240609,639,1,,1,Correo Argentino,DELIVERED,2024-06-10 18:22:06,2024-06-12 12:15:50,3
9000001540,1000002752,20240609,507,1,,3,Correo Argentino,DELIVERED,2024-06-10 16:06:43,2024-06-14 16:42:32,5
9000001541,1000002753,20240610,593,1,,1,Correo Argentino,DELIVERED,2024-06-10 18:13:33,2024-06-12 12:35:02,2
9000001542,1000002754,20240610,969,1,,2,Correo Argentino,DELIVERED,2024-06-10 18:12:30,2024-06-17 15:59:15,7
9000001543,1000002755,20240610,827,1,,4,Correo Argentino,DELIVERED,2024-06-11 16:00:03,2024-06-13 13:24:59,3
9000001544,1000002758,20240610,84,1,,1,Correo Argentino,DELIVERED,2024-06-11 16:21:20,2024-06-14 13:10:46,4
9000001545,1000002763,20240610,336,1,,4,Correo Argentino,DELIVERED,2024-06-11 18:14:11,2024-06-17 16:36:02,7
9000001546,1000002764,20240610,1302,1,,3,Correo Argentino,DELIVERED,2024-06-11 16:30:13,2024-06-14 11:19:59,4
9000001547,1000002767,20240610,793,1,,2,Correo Argentino,DELIVERED,2024-06-11 16:38:35,2024-06-17 16:05:08,7
9000001548,1000002768,20240610,1304,1,,2,Correo Argentino,DELIVERED,2024-06-11 17:10:51,2024-06-14 14:53:17,4
9000001549,1000002769,20240611,366,1,,1,Correo Argentino,DELIVERED,2024-06-11 17:56:21,2024-06-13 10:08:20,2
9000001550,1000002770,20240611,930,1,,1,Correo Argentino,DELIVERED,2024-06-11 17:35:47,2024-06-13 15:07:33,2
9000001551,1000002771,20240611,1305,1,,2,Correo Argentino,DELIVERED,2024-06-11 18:38:15,2024-06-17 18:20:55,6
9000001552,1000002772,20240611,950,1,,3,Correo Argentino,DELIVERED,2024-06-11 18:27:28,2024-06-17 16:50:04,6
9000001553,1000002773,20240611,106,1,,4,Correo Argentino,DELIVERED,2024-06-11 17:46:57,2024-06-13 10:49:33,2
9000001554,1000002774,20240611,1057,1,,4,Correo Argentino,DELIVERED,2024-06-11 17:17:41,2024-06-17 11:42:52,6
9000001556,1000002776,20240611,25,1,,1,Correo Argentino,DELIVERED,2024-06-11 16:49:49,2024-06-13 12:27:14,2
9000001557,1000002777,20240611,377,1,,4,Correo Argentino,DELIVERED,2024-06-11 16:59:40,2024-06-17 15:33:18,6
9000001558,1000002782,20240611,733,1,,1,Correo Argentino,DELIVERED,2024-06-12 17:42:00,2024-06-13 19:31:07,2
9000001559,1000002783,20240611,268,1,,4,Correo Argentino,DELIVERED,2024-06-13 17:15:56,2024-06-19 18:44:19,8
9000001561,1000002789,20240611,1306,1,,1,Correo Argentino,DELIVERED,2024-06-12 16:09:37,2024-06-14 09:51:30,3
9000001562,1000002795,20240611,1001,1,,3,Correo Argentino,DELIVERED,2024-06-12 16:20:59,2024-06-18 15:48:14,7
9000001563,1000002796,20240611,697,1,,3,Correo Argentino,DELIVERED,2024-06-12 18:01:23,2024-06-14 15:03:32,3
9000001564,1000002797,20240612,11,1,,4,Correo Argentino,DELIVERED,2024-06-12 17:19:19,2024-06-18 17:47:29,6
9000001565,1000002798,20240612,997,1,,3,Correo Argentino,DELIVERED,2024-06-12 18:16:19,2024-06-17 09:27:02,5
9000001566,1000002800,20240612,1120,1,,1,Correo Argentino,DELIVERED,2024-06-12 16:08:24,2024-06-13 17:01:19,1
9000001567,1000002802,20240612,1309,1,,1,Correo Argentino,DELIVERED,2024-06-12 17:19:35,2024-06-14 18:36:50,2
9000001568,1000002806,20240612,1018,1,,2,Correo Argentino,DELIVERED,2024-06-13 17:31:40,2024-06-19 15:26:09,7
9000001569,1000002812,20240612,1112,1,,1,Correo Argentino,DELIVERED,2024-06-13 17:10:06,2024-06-17 19:40:32,5
9000001571,1000002814,20240612,1060,1,,2,Correo Argentino,DELIVERED,2024-06-13 17:47:27,2024-06-20 10:07:39,8
9000001572,1000002817,20240612,242,1,,3,Correo Argentino,DELIVERED,2024-06-13 17:56:06,2024-06-17 14:44:46,5
9000001573,1000002819,20240612,1313,1,,2,Correo Argentino,DELIVERED,2024-06-13 18:52:59,2024-06-19 10:01:27,7
9000001574,1000002820,20240612,1104,1,,1,Correo Argentino,DELIVERED,2024-06-13 16:37:29,2024-06-14 11:40:14,2
9000001575,1000002821,20240612,832,1,,3,Correo Argentino,DELIVERED,2024-06-13 18:39:46,2024-06-17 17:50:05,5
9000001576,1000002822,20240612,1314,1,,2,Correo Argentino,DELIVERED,2024-06-13 18:59:28,2024-06-18 15:16:13,6
9000001577,1000002823,20240612,68,1,,1,Correo Argentino,DELIVERED,2024-06-13 18:47:50,2024-06-17 17:57:11,5
9000001578,1000002825,20240612,468,1,,1,Correo Argentino,DELIVERED,2024-06-13 16:12:38,2024-06-14 15:10:47,2
9000001579,1000002826,20240612,192,1,,3,Correo Argentino,DELIVERED,2024-06-13 17:08:27,2024-06-19 12:36:50,7
9000001580,1000002827,20240612,1315,1,,2,Correo Argentino,DELIVERED,2024-06-13 17:45:16,2024-06-17 13:10:05,5
9000001581,1000002828,20240613,681,1,,1,Correo Argentino,DELIVERED,2024-06-13 18:34:45,2024-06-17 16:33:45,4
9000001582,1000002829,20240613,1317,1,,1,Correo Argentino,DELIVERED,2024-06-13 17:13:30,2024-06-14 17:16:28,1
9000001583,1000002830,20240613,339,1,,2,Correo Argentino,DELIVERED,2024-06-14 16:38:47,2024-06-19 19:11:56,6
9000001584,1000002834,20240613,254,1,,2,Correo Argentino,DELIVERED,2024-06-14 17:31:47,2024-06-20 14:14:45,7
9000001585,1000002835,20240613,1320,1,,2,Correo Argentino,DELIVERED,2024-06-14 16:51:29,2024-06-20 11:24:37,7
9000001586,1000002838,20240613,46,1,,3,Correo Argentino,DELIVERED,2024-06-14 16:20:00,2024-06-19 13:41:22,6
9000001587,1000002841,20240613,1194,1,,3,Correo Argentino,DELIVERED,2024-06-14 18:31:50,2024-06-20 12:08:47,7
9000001588,1000002844,20240613,270,1,,1,Correo Argentino,DELIVERED,2024-06-14 18:46:39,2024-06-17 12:02:58,4
9000001589,1000002846,20240613,789,1,,3,Correo Argentino,DELIVERED,2024-06-14 18:17:48,2024-06-20 16:10:47,7
9000001590,1000002847,20240613,476,1,,1,Correo Argentino,DELIVERED,2024-06-14 16:15:43,2024-06-18 16:52:44,5
9000001592,1000002851,20240613,61,1,,1,Correo Argentino,DELIVERED,2024-06-14 18:26:25,2024-06-18 15:47:52,5
9000001593,1000002852,20240613,110,1,,4,Correo Argentino,DELIVERED,2024-06-14 18:58:20,2024-06-19 17:00:21,6
9000001594,1000002853,20240613,652,1,,1,Correo Argentino,DELIVERED,2024-06-14 18:24:01,2024-06-19 09:25:35,6
9000001595,1000002854,20240613,1323,1,,1,Correo Argentino,DELIVERED,2024-06-14 17:42:34,2024-06-18 16:42:01,5
9000001596,1000002855,20240614,479,1,,1,Correo Argentino,DELIVERED,2024-06-14 16:01:28,2024-06-18 19:01:20,4
9000001597,1000002856,20240614,1166,1,,3,Correo Argentino,DELIVERED,2024-06-14 16:10:12,2024-06-20 14:10:26,6
9000001598,1000002858,20240614,420,1,,1,Correo Argentino,DELIVERED,2024-06-14 16:30:21,2024-06-17 19:03:49,3
9000001599,1000002870,20240614,429,1,,4,Correo Argentino,DELIVERED,2024-06-17 18:37:01,2024-06-21 15:25:24,7
9000001600,1000002873,20240614,104,1,,2,Correo Argentino,DELIVERED,2024-06-17 16:46:50,2024-06-19 19:59:44,5
9000001601,1000002874,20240614,563,1,,1,Correo Argentino,DELIVERED,2024-06-17 16:04:48,2024-06-19 18:06:56,5
9000001602,1000002876,20240614,1328,1,,2,Correo Argentino,DELIVERED,2024-06-17 16:05:12,2024-06-21 09:30:05,7
9000001603,1000002877,20240614,642,1,,3,Correo Argentino,DELIVERED,2024-06-17 16:47:17,2024-06-21 17:35:01,7
9000001604,1000002878,20240614,299,1,,3,Correo Argentino,DELIVERED,2024-06-17 18:23:52,2024-06-21 16:36:11,7
9000001605,1000002879,20240614,1329,1,,1,Correo Argentino,DELIVERED,2024-06-17 16:56:49,2024-06-18 12:02:18,4
9000001606,1000002880,20240615,851,1,,4,Correo Argentino,DELIVERED,2024-06-17 18:10:41,2024-06-19 18:57:11,4
9000001607,1000002881,20240615,1330,1,,3,Correo Argentino,DELIVERED,2024-06-17 16:17:12,2024-06-20 10:09:15,5
9000001608,1000002882,20240615,1331,1,,2,Correo Argentino,DELIVERED,2024-06-17 18:45:34,2024-06-20 11:30:24,5
9000001609,1000002883,20240615,756,1,,2,Correo Argentino,DELIVERED,2024-06-17 17:45:27,2024-06-20 19:44:59,5
9000001610,1000002886,20240615,344,1,,2,Correo Argentino,DELIVERED,2024-06-17 17:35:04,2024-06-21 09:24:11,6
9000001611,1000002887,20240615,630,1,,4,Correo Argentino,DELIVERED,2024-06-17 17:51:51,2024-06-20 15:48:20,5
9000001612,1000002909,20240615,45,1,,2,Correo Argentino,DELIVERED,2024-06-17 18:28:51,2024-06-21 09:59:25,6
9000001613,1000002910,20240615,542,1,,2,Correo Argentino,DELIVERED,2024-06-17 18:07:37,2024-06-19 15:58:50,4
9000001614,1000002911,20240615,1336,1,,3,Correo Argentino,DELIVERED,2024-06-17 17:18:09,2024-06-21 09:20:27,6
9000001615,1000002912,20240616,122,1,,2,Correo Argentino,DELIVERED,2024-06-17 17:39:12,2024-06-20 09:39:49,4
9000001616,1000002913,20240616,1337,1,,1,Correo Argentino,DELIVERED,2024-06-17 16:06:12,2024-06-18 10:06:30,2
9000001617,1000002914,20240616,65,1,,1,Correo Argentino,DELIVERED,2024-06-17 17:03:09,2024-06-18 09:40:57,2
9000001618,1000002915,20240616,1339,1,,2,Correo Argentino,DELIVERED,2024-06-17 17:54:28,2024-06-19 10:20:36,3
9000001619,1000002916,20240616,1338,1,,3,Correo Argentino,DELIVERED,2024-06-17 17:16:06,2024-06-19 13:41:36,3
9000001620,1000002917,20240616,1143,1,,4,Correo Argentino,DELIVERED,2024-06-17 18:26:44,2024-06-20 18:58:49,4
9000001621,1000002918,20240616,505,1,,1,Correo Argentino,DELIVERED,2024-06-17 18:03:38,2024-06-19 15:12:11,3
9000001622,1000002919,20240616,790,1,,1,Correo Argentino,DELIVERED,2024-06-17 17:23:52,2024-06-18 14:52:04,2
9000001623,1000002920,20240616,1340,1,,1,Correo Argentino,DELIVERED,2024-06-17 17:09:51,2024-06-19 14:42:04,3
9000001624,1000002921,20240616,889,1,,1,Correo Argentino,DELIVERED,2024-06-17 17:00:38,2024-06-19 14:48:58,3
9000001625,1000002922,20240616,152,1,,3,Correo Argentino,DELIVERED,2024-06-17 18:08:07,2024-06-19 17:29:21,3
9000001626,1000002923,20240616,869,1,,1,Correo Argentino,DELIVERED,2024-06-17 17:58:47,2024-06-18 19:25:11,2
9000001627,1000002924,20240616,70,1,,1,Correo Argentino,DELIVERED,2024-06-17 16:15:38,2024-06-18 11:29:20,2
9000001628,1000002925,20240617,143,1,,2,Correo Argentino,DELIVERED,2024-06-17 17:11:47,2024-06-20 12:04:20,3
9000001629,1000002926,20240617,978,1,,2,Correo Argentino,DELIVERED,2024-06-19 16:13:08,2024-06-26 09:10:18,9
9000001630,1000002927,20240617,1141,1,,2,Correo Argentino,DELIVERED,2024-06-17 17:25:28,2024-06-24 13:10:34,7
9000001631,1000002928,20240617,1342,1,,1,Correo Argentino,DELIVERED,2024-06-17 17:57:12,2024-06-20 19:02:23,3
9000001632,1000002929,20240617,942,1,,1,Correo Argentino,DELIVERED,2024-06-17 16:00:56,2024-06-19 10:54:31,2
9000001633,1000002930,20240617,1108,1,,2,Correo Argentino,DELIVERED,2024-06-17 17:40:21,2024-06-21 19:38:20,4
9000001634,1000002931,20240617,214,1,,1,Correo Argentino,DELIVERED,2024-06-17 17:37:21,2024-06-19 12:27:29,2
9000001635,1000002932,20240617,1275,1,,4,Correo Argentino,DELIVERED,2024-06-17 16:58:12,2024-06-21 16:14:53,4
9000001636,1000002934,20240617,69,1,,4,Correo Argentino,DELIVERED,2024-06-17 18:09:10,2024-06-19 18:31:48,2
9000001637,1000002936,20240617,1345,1,,1,Correo Argentino,DELIVERED,2024-06-18 16:16:18,2024-06-20 11:18:18,3
9000001638,1000002937,20240617,644,1,,2,Correo Argentino,DELIVERED,2024-06-18 17:55:25,2024-06-21 10:57:41,4
9000001639,1000002938,20240617,157,1,,1,Correo Argentino,DELIVERED,2024-06-18 17:07:48,2024-06-19 16:09:29,2
9000001640,1000002939,20240617,663,1,,1,Correo Argentino,DELIVERED,2024-06-18 16:12:52,2024-06-20 16:36:34,3
9000001641,1000002940,20240617,1346,1,,4,Correo Argentino,DELIVERED,2024-06-18 16:40:38,2024-06-21 17:57:58,4
9000001642,1000002941,20240617,1096,1,,1,Correo Argentino,DELIVERED,2024-06-18 16:43:29,2024-06-20 16:25:38,3
9000001643,1000002943,20240617,1053,1,,1,Correo Argentino,DELIVERED,2024-06-18 18:26:11,2024-06-21 13:48:00,4
9000001644,1000002944,20240617,982,1,,3,Correo Argentino,DELIVERED,2024-06-18 18:56:58,2024-06-21 09:23:17,4
9000001645,1000002945,20240617,934,1,,1,Correo Argentino,DELIVERED,2024-06-18 17:50:29,2024-06-20 15:48:33,3
9000001646,1000002946,20240617,1118,1,,1,Correo Argentino,DELIVERED,2024-06-18 17:45:51,2024-06-20 10:44:02,3
9000001647,1000002947,20240618,416,1,,2,Correo Argentino,DELIVERED,2024-06-18 16:56:37,2024-06-25 10:13:55,7
9000001648,1000002948,20240618,826,1,,3,Correo Argentino,DELIVERED,2024-06-18 16:16:56,2024-06-20 17:05:09,2
9000001649,1000002949,20240618,284,1,,3,Correo Argentino,DELIVERED,2024-06-18 18:11:18,2024-06-20 09:20:43,2
9000001650,1000002950,20240618,1347,1,,2,Correo Argentino,DELIVERED,2024-06-18 17:52:52,2024-06-21 10:12:12,3
9000001651,1000002951,20240618,405,1,,4,Correo Argentino,DELIVERED,2024-06-18 16:20:36,2024-06-21 16:02:24,3
9000001652,1000002952,20240618,44,1,,2,Correo Argentino,DELIVERED,2024-06-18 16:29:24,2024-06-24 16:43:12,6
9000001653,1000002953,20240618,1348,1,,4,Correo Argentino,DELIVERED,2024-06-18 18:09:23,2024-06-20 14:17:11,2
9000001654,1000002954,20240618,1349,1,,1,Correo Argentino,DELIVERED,2024-06-19 17:27:49,2024-06-21 13:44:44,3
9000001655,1000002955,20240618,1350,1,,3,Correo Argentino,DELIVERED,2024-06-19 16:05:28,2024-06-21 14:38:55,3
9000001656,1000002956,20240618,226,1,,1,Correo Argentino,DELIVERED,2024-06-19 16:07:07,2024-06-21 09:07:03,3
9000001657,1000002958,20240618,775,1,,2,Correo Argentino,DELIVERED,2024-06-19 16:50:11,2024-06-25 12:36:06,7
9000001658,1000002960,20240618,1351,1,,2,Correo Argentino,DELIVERED,2024-06-19 17:31:06,2024-06-24 18:02:30,6
9000001660,1000002963,20240618,1352,1,,2,Correo Argentino,DELIVERED,2024-06-19 18:58:13,2024-06-21 17:56:22,3
9000001661,1000002964,20240618,666,1,,1,Correo Argentino,DELIVERED,2024-06-19 16:27:06,2024-06-20 12:09:25,2
9000001662,1000002965,20240618,1163,1,,2,Correo Argentino,DELIVERED,2024-06-19 17:54:33,2024-06-21 18:48:47,3
9000001663,1000002966,20240619,871,1,,4,Correo Argentino,DELIVERED,2024-06-19 16:41:52,2024-06-24 16:24:57,5
9000001664,1000002967,20240619,715,1,,2,Correo Argentino,DELIVERED,2024-06-19 16:08:05,2024-06-25 11:42:40,6
9000001665,1000002968,20240619,39,1,,2,Correo Argentino,DELIVERED,2024-06-19 17:33:11,2024-06-26 09:05:57,7
9000001666,1000002969,20240619,647,1,,3,Correo Argentino,DELIVERED,2024-06-19 16:28:17,2024-06-25 14:18:46,6
9000001667,1000002970,20240619,578,1,,1,Correo Argentino,DELIVERED,2024-06-19 17:33:58,2024-06-21 17:03:29,2
9000001668,1000002975,20240619,861,1,,1,Correo Argentino,DELIVERED,2024-06-20 16:12:15,2024-06-24 13:47:51,5
9000001669,1000002978,20240619,480,1,,3,Correo Argentino,DELIVERED,2024-06-20 16:07:32,2024-06-26 17:30:56,7
9000001670,1000002981,20240619,447,1,,1,Correo Argentino,DELIVERED,2024-06-20 18:05:35,2024-06-21 10:39:09,2
9000001671,1000002982,20240620,1223,1,,1,Correo Argentino,DELIVERED,2024-06-20 16:30:19,2024-06-21 15:40:49,1
9000001672,1000002983,20240620,496,1,,1,Correo Argentino,DELIVERED,2024-06-20 18:55:01,2024-06-25 18:00:40,5
9000001673,1000002984,20240620,300,1,,3,Correo Argentino,DELIVERED,2024-06-20 16:25:58,2024-06-26 11:19:11,6
9000001674,1000002985,20240620,1358,1,,1,Correo Argentino,DELIVERED,2024-06-20 16:47:10,2024-06-21 17:20:27,1
9000001675,1000002986,20240620,165,1,,2,Correo Argentino,DELIVERED,2024-06-20 17:15:50,2024-06-26 13:12:46,6
9000001676,1000002991,20240620,1359,1,,4,Correo Argentino,DELIVERED,2024-06-21 18:42:27,2024-06-25 15:29:48,5
9000001677,1000002994,20240620,1145,1,,1,Correo Argentino,DELIVERED,2024-06-21 17:52:42,2024-06-25 12:33:01,5
9000001678,1000002996,20240620,1360,1,,1,Correo Argentino,DELIVERED,2024-06-21 16:08:46,2024-06-24 09:30:35,4
9000001679,1000002998,20240620,1187,1,,1,Correo Argentino,DELIVERED,2024-06-24 17:51:26,2024-06-25 16:24:49,5
9000001680,1000002999,20240620,120,1,,4,Correo Argentino,DELIVERED,2024-06-21 16:16:42,2024-06-26 17:25:35,6
9000001681,1000003000,20240621,1361,1,,1,Correo Argentino,DELIVERED,2024-06-21 17:18:25,2024-06-25 15:23:49,4
9000001682,1000003007,20240621,280,1,,2,Correo Argentino,DELIVERED,2024-06-24 16:25:38,2024-07-01 16:42:08,10
9000001683,1000003008,20240621,1026,1,,3,Correo Argentino,DELIVERED,2024-06-24 16:21:00,2024-06-27 17:35:54,6
9000001684,1000003012,20240621,1162,1,,1,Correo Argentino,DELIVERED,2024-06-24 17:48:49,2024-06-27 13:39:36,6
9000001685,1000003016,20240621,1211,1,,3,Correo Argentino,DELIVERED,2024-06-24 18:19:29,2024-06-26 18:43:52,5
9000001686,1000003017,20240621,1000,1,,1,Correo Argentino,DELIVERED,2024-06-24 16:13:59,2024-06-26 13:37:14,5
9000001687,1000003019,20240621,30,1,,1,Correo Argentino,DELIVERED,2024-06-24 17:35:52,2024-06-25 17:48:52,4
9000001688,1000003020,20240621,1102,1,,1,Correo Argentino,DELIVERED,2024-06-24 18:29:04,2024-06-26 18:25:19,5
9000001689,1000003021,20240622,632,1,,1,Correo Argentino,DELIVERED,2024-06-24 16:03:18,2024-06-27 15:13:58,5
9000001690,1000003022,20240622,64,1,,4,Correo Argentino,DELIVERED,2024-06-24 18:08:45,2024-06-27 14:13:13,5
9000001691,1000003026,20240622,706,1,,1,Correo Argentino,DELIVERED,2024-06-24 16:12:34,2024-06-27 19:00:43,5
9000001692,1000003028,20240622,1365,1,,3,Correo Argentino,DELIVERED,2024-06-24 16:17:14,2024-07-01 10:25:16,9
9000001693,1000003032,20240622,968,1,,3,Correo Argentino,DELIVERED,2024-06-24 18:17:25,2024-06-28 11:57:34,6
9000001694,1000003033,20240622,1029,1,,1,Correo Argentino,DELIVERED,2024-06-24 18:53:00,2024-06-26 12:33:43,4
9000001695,1000003034,20240622,513,1,,2,Correo Argentino,DELIVERED,2024-06-24 18:33:21,2024-06-27 12:08:59,5
9000001696,1000003035,20240623,154,1,,3,Correo Argentino,DELIVERED,2024-06-24 18:09:16,2024-06-28 15:02:08,5
9000001697,1000003036,20240623,923,1,,3,Correo Argentino,DELIVERED,2024-06-24 17:33:22,2024-06-27 19:42:25,4
9000001698,1000003037,20240623,1368,1,,1,Correo Argentino,DELIVERED,2024-06-24 17:11:33,2024-06-27 19:29:45,4
9000001699,1000003038,20240623,719,1,,1,Correo Argentino,DELIVERED,2024-06-24 17:23:14,2024-06-25 19:36:01,2
9000001700,1000003039,20240623,964,1,,3,Correo Argentino,DELIVERED,2024-06-24 16:41:53,2024-06-28 10:04:01,5
9000001701,1000003040,20240623,269,1,,1,Correo Argentino,DELIVERED,2024-06-24 18:10:43,2024-06-26 12:52:55,3
9000001702,1000003041,20240623,1369,1,,2,Correo Argentino,DELIVERED,2024-06-24 18:09:11,2024-06-26 19:55:07,3
9000001703,1000003042,20240623,1370,1,,3,Correo Argentino,DELIVERED,2024-06-24 18:46:18,2024-07-01 09:30:18,8
9000001704,1000003043,20240623,980,1,,1,Correo Argentino,DELIVERED,2024-06-24 17:45:29,2024-06-26 13:54:13,3
9000001705,1000003044,20240623,651,1,,1,Correo Argentino,DELIVERED,2024-06-24 18:49:13,2024-06-26 12:38:40,3
9000001706,1000003045,20240623,784,1,,4,Correo Argentino,DELIVERED,2024-06-24 16:23:12,2024-06-27 16:26:48,4
9000001707,1000003046,20240624,216,1,,2,Correo Argentino,DELIVERED,2024-06-24 18:59:12,2024-06-28 19:11:23,4
9000001708,1000003047,20240624,185,1,,1,Correo Argentino,DELIVERED,2024-06-25 17:55:10,2024-06-28 12:27:16,4
9000001709,1000003048,20240624,1002,1,,3,Correo Argentino,DELIVERED,2024-06-25 17:26:13,2024-07-01 17:14:39,7
9000001710,1000003049,20240624,1371,1,,3,Correo Argentino,DELIVERED,2024-06-25 17:16:40,2024-07-01 10:36:33,7
9000001711,1000003050,20240624,834,1,,3,Correo Argentino,DELIVERED,2024-06-25 18:33:41,2024-07-01 13:26:49,7
9000001712,1000003052,20240624,68,1,,1,Correo Argentino,DELIVERED,2024-06-25 17:00:52,2024-06-28 13:48:49,4
9000001713,1000003056,20240624,960,1,,1,Correo Argentino,DELIVERED,2024-06-25 16:18:19,2024-06-28 19:09:43,4
9000001714,1000003058,20240624,1373,1,,1,Correo Argentino,DELIVERED,2024-06-25 17:31:35,2024-06-27 18:18:33,3
9000001715,1000003062,20240624,1043,1,,1,Correo Argentino,DELIVERED,2024-06-25 17:38:04,2024-06-27 09:57:02,3
9000001716,1000003063,20240624,168,1,,1,Correo Argentino,DELIVERED,2024-06-25 18:24:27,2024-06-27 17:35:58,3
9000001717,1000003064,20240625,1375,1,,1,Correo Argentino,DELIVERED,2024-06-25 16:47:09,2024-06-28 15:37:19,3
9000001718,1000003065,20240625,1180,1,,1,Correo Argentino,DELIVERED,2024-06-25 17:27:28,2024-06-26 13:24:36,1
9000001719,1000003073,20240625,633,1,,3,Correo Argentino,DELIVERED,2024-06-26 16:39:54,2024-06-28 16:44:04,3
9000001720,1000003076,20240625,621,1,,3,Correo Argentino,DELIVERED,2024-06-26 17:47:17,2024-07-01 12:38:14,6
9000001721,1000003077,20240625,344,1,,2,Correo Argentino,DELIVERED,2024-06-26 18:36:57,2024-07-02 11:06:03,7
9000001722,1000003081,20240625,1319,1,,2,Correo Argentino,DELIVERED,2024-06-26 18:55:19,2024-06-28 13:49:41,3
9000001723,1000003082,20240625,766,1,,1,Correo Argentino,DELIVERED,2024-06-26 17:33:25,2024-06-28 17:06:51,3
9000001724,1000003083,20240625,1174,1,,2,Correo Argentino,DELIVERED,2024-06-26 16:32:21,2024-07-01 12:10:01,6
9000001725,1000003084,20240625,1378,1,,3,Correo Argentino,DELIVERED,2024-06-26 18:54:49,2024-07-01 10:51:04,6
9000001726,1000003085,20240625,562,1,,1,Correo Argentino,DELIVERED,2024-06-26 18:48:17,2024-06-27 12:44:44,2
9000001727,1000003086,20240625,1379,1,,2,Correo Argentino,DELIVERED,2024-06-26 17:12:20,2024-07-03 18:26:24,8
9000001728,1000003087,20240626,1380,1,,1,Correo Argentino,DELIVERED,2024-06-26 16:53:52,2024-06-27 16:57:22,1
9000001729,1000003088,20240626,83,1,,4,Correo Argentino,DELIVERED,2024-06-26 17:53:16,2024-06-28 12:25:13,2
9000001730,1000003094,20240626,139,1,,2,Correo Argentino,DELIVERED,2024-06-27 18:36:13,2024-07-01 11:54:08,5
9000001731,1000003100,20240626,438,1,,1,Correo Argentino,DELIVERED,2024-06-27 16:28:06,2024-07-01 15:13:17,5
9000001732,1000003101,20240626,182,1,,3,Correo Argentino,DELIVERED,2024-06-27 17:13:38,2024-07-03 17:18:40,7
9000001733,1000003105,20240626,53,1,,4,Correo Argentino,DELIVERED,2024-06-27 17:25:23,2024-07-03 11:03:14,7
9000001734,1000003106,20240626,1383,1,,1,Correo Argentino,DELIVERED,2024-06-27 17:18:45,2024-06-28 13:07:53,2
9000001735,1000003107,20240626,1240,1,,1,Correo Argentino,DELIVERED,2024-06-27 17:54:04,2024-07-02 18:49:59,6
9000001736,1000003108,20240627,553,1,,3,Correo Argentino,DELIVERED,2024-06-27 16:55:54,2024-07-02 11:58:01,5
9000001737,1000003109,20240627,618,1,,4,Correo Argentino,DELIVERED,2024-06-27 17:53:29,2024-07-01 19:22:08,4
9000001738,1000003110,20240627,1384,1,,1,Correo Argentino,DELIVERED,2024-06-28 16:25:29,2024-07-02 09:31:10,5
9000001739,1000003112,20240627,9,1,,4,Correo Argentino,DELIVERED,2024-06-28 17:35:34,2024-07-02 13:14:56,5
9000001740,1000003113,20240627,313,1,,2,Correo Argentino,DELIVERED,2024-06-28 17:36:03,2024-07-04 19:53:44,7
9000001741,1000003114,20240627,1334,1,,4,Correo Argentino,DELIVERED,2024-06-28 16:38:30,2024-07-05 14:12:04,8
9000001742,1000003118,20240627,1386,1,,3,Correo Argentino,DELIVERED,2024-06-28 18:02:00,2024-07-02 14:30:05,5
9000001743,1000003119,20240627,813,1,,3,Correo Argentino,DELIVERED,2024-06-28 16:17:46,2024-07-03 15:26:45,6
9000001744,1000003120,20240627,577,1,,2,Correo Argentino,DELIVERED,2024-06-28 17:54:32,2024-07-04 19:30:09,7
9000001745,1000003122,20240627,1387,1,,3,Correo Argentino,DELIVERED,2024-06-28 17:05:34,2024-07-02 19:51:04,5
9000001746,1000003123,20240627,1236,1,,1,Correo Argentino,DELIVERED,2024-06-28 17:08:11,2024-07-02 12:34:45,5
9000001747,1000003125,20240628,582,1,,2,Correo Argentino,DELIVERED,2024-06-28 17:18:22,2024-07-02 18:26:17,4
9000001748,1000003126,20240628,6,1,,4,Correo Argentino,DELIVERED,2024-06-28 18:09:29,2024-07-04 10:39:27,6
9000001749,1000003127,20240628,1388,1,,1,Correo Argentino,DELIVERED,2024-06-28 17:00:55,2024-07-02 14:17:37,4
9000001750,1000003132,20240628,1068,1,,1,Correo Argentino,DELIVERED,2024-07-01 17:20:47,2024-07-05 09:30:13,7
9000001751,1000003134,20240628,1070,1,,3,Correo Argentino,DELIVERED,2024-07-01 17:07:17,2024-07-10 09:32:41,12
9000001752,1000003138,20240628,1390,1,,4,Correo Argentino,DELIVERED,2024-07-01 17:03:37,2024-07-11 09:40:27,13
9000001753,1000003139,20240628,1389,1,,1,Correo Argentino,DELIVERED,2024-07-01 18:37:58,2024-07-05 17:44:37,7
9000001754,1000003141,20240628,411,1,,1,Correo Argentino,DELIVERED,2024-07-01 17:40:48,2024-07-08 13:53:42,10
9000001755,1000003142,20240628,1045,1,,1,Correo Argentino,DELIVERED,2024-07-01 18:19:16,2024-07-05 19:16:58,7
9000001756,1000003144,20240628,16,1,,3,Correo Argentino,DELIVERED,2024-07-01 16:16:41,2024-07-11 14:17:21,13
9000001758,1000003148,20240629,1391,1,,1,Correo Argentino,DELIVERED,2024-07-01 17:11:25,2024-07-08 09:28:15,9
9000001759,1000003150,20240629,899,1,,2,Correo Argentino,DELIVERED,2024-07-01 18:09:52,2024-07-09 13:05:13,10
9000001760,1000003151,20240629,1175,1,,1,Correo Argentino,DELIVERED,2024-07-01 18:39:52,2024-07-05 12:41:33,6
9000001761,1000003154,20240629,1302,1,,3,Correo Argentino,DELIVERED,2024-07-01 16:06:01,2024-07-09 14:38:27,10
9000001762,1000003156,20240629,1393,1,,4,Correo Argentino,DELIVERED,2024-07-01 16:52:32,2024-07-12 10:09:12,13
9000001763,1000003163,20240629,1396,1,,4,Correo Argentino,DELIVERED,2024-07-01 16:27:33,2024-07-11 12:26:18,12
9000001765,1000003167,20240629,733,1,,1,Correo Argentino,DELIVERED,2024-07-01 17:09:36,2024-07-08 16:08:14,9
9000001766,1000003168,20240629,831,1,,4,Correo Argentino,DELIVERED,2024-07-01 18:53:07,2024-07-11 18:19:23,12
9000001767,1000003169,20240630,20,1,,1,Correo Argentino,DELIVERED,2024-07-01 16:35:38,2024-07-10 18:24:48,10
9000001768,1000003170,20240630,1027,1,,1,Correo Argentino,DELIVERED,2024-07-01 16:46:54,2024-07-08 10:52:17,8
9000001769,1000003171,20240630,1397,1,,2,Correo Argentino,DELIVERED,2024-07-01 17:17:19,2024-07-10 11:20:41,10
9000001770,1000003172,20240630,1398,1,,4,Correo Argentino,DELIVERED,2024-07-01 18:46:10,2024-07-11 10:27:44,11
9000001771,1000003173,20240630,425,1,,3,Correo Argentino,DELIVERED,2024-07-01 17:23:16,2024-07-05 12:48:52,5
9000001772,1000003174,20240630,586,1,,1,Correo Argentino,DELIVERED,2024-07-01 18:20:37,2024-07-10 19:17:13,10
9000001773,1000003175,20240701,1273,1,,2,Correo Argentino,DELIVERED,2024-07-01 18:25:18,2024-07-11 12:31:43,10
9000001774,1000003176,20240701,1399,1,,1,Correo Argentino,DELIVERED,2024-07-01 16:28:19,2024-07-10 09:35:16,9
9000001775,1000003178,20240701,1078,1,,1,Correo Argentino,DELIVERED,2024-07-01 18:21:34,2024-07-05 11:11:59,4
9000001777,1000003180,20240701,381,1,,1,Correo Argentino,DELIVERED,2024-07-01 17:55:20,2024-07-05 12:51:37,4
9000001778,1000003181,20240701,484,1,,1,Correo Argentino,DELIVERED,2024-07-02 18:43:27,2024-07-08 11:22:26,7
9000001779,1000003185,20240701,1244,1,,1,Correo Argentino,DELIVERED,2024-07-02 18:17:14,2024-07-05 09:26:20,4
9000001780,1000003186,20240701,846,1,,1,Correo Argentino,DELIVERED,2024-07-02 16:14:59,2024-07-10 12:28:06,9
9000001781,1000003187,20240701,854,1,,3,Correo Argentino,DELIVERED,2024-07-02 18:05:37,2024-07-10 13:01:17,9
9000001782,1000003188,20240701,996,1,,2,Correo Argentino,DELIVERED,2024-07-02 18:14:53,2024-07-16 14:29:50,15
9000001783,1000003189,20240702,1402,1,,1,Correo Argentino,DELIVERED,2024-07-02 16:28:51,2024-07-10 15:03:40,8
9000001784,1000003190,20240702,356,1,,1,Correo Argentino,DELIVERED,2024-07-02 17:12:44,2024-07-10 14:00:42,8
9000001786,1000003197,20240702,567,1,,1,Correo Argentino,DELIVERED,2024-07-05 16:32:39,2024-07-11 17:20:44,9
9000001787,1000003198,20240702,11,1,,4,Correo Argentino,DELIVERED,2024-07-03 17:35:09,2024-07-12 14:26:26,10
9000001788,1000003199,20240702,1113,1,,1,Correo Argentino,DELIVERED,2024-07-03 17:52:13,2024-07-12 14:59:50,10
9000001789,1000003200,20240702,1170,1,,3,Correo Argentino,DELIVERED,2024-07-03 17:17:07,2024-07-16 11:27:28,14
9000001790,1000003201,20240702,1300,1,,4,Correo Argentino,DELIVERED,2024-07-03 16:55:51,2024-07-10 12:42:49,8
9000001791,1000003202,20240703,333,1,,3,Correo Argentino,DELIVERED,2024-07-03 17:51:57,2024-07-10 17:31:12,7
9000001792,1000003203,20240703,851,1,,2,Correo Argentino,DELIVERED,2024-07-03 16:56:21,2024-07-12 11:56:10,9
9000001793,1000003207,20240703,1143,1,,4,Correo Argentino,DELIVERED,2024-07-03 18:53:59,2024-07-11 18:10:15,8
9000001794,1000003210,20240703,394,1,,4,Correo Argentino,DELIVERED,2024-07-04 17:42:33,2024-07-16 13:48:27,13
9000001795,1000003212,20240703,46,1,,3,Correo Argentino,DELIVERED,2024-07-04 18:10:49,2024-07-17 14:36:30,14
9000001796,1000003214,20240703,1407,1,,3,Correo Argentino,DELIVERED,2024-07-04 16:37:13,2024-07-10 10:05:52,7
9000001797,1000003217,20240703,1408,1,,2,Correo Argentino,DELIVERED,2024-07-04 17:06:21,2024-07-17 11:04:43,14
9000001798,1000003218,20240703,1258,1,,1,Correo Argentino,DELIVERED,2024-07-04 18:06:41,2024-07-10 12:08:33,7
9000001799,1000003219,20240703,255,1,,1,Correo Argentino,DELIVERED,2024-07-05 18:52:19,2024-07-11 16:58:43,8
9000001800,1000003220,20240704,1409,1,,3,Correo Argentino,DELIVERED,2024-07-04 16:33:55,2024-07-12 11:05:36,8
9000001802,1000003228,20240704,1411,1,,4,Correo Argentino,DELIVERED,2024-07-05 18:41:51,2024-07-15 16:51:19,11
9000001803,1000003229,20240704,943,1,,1,Correo Argentino,DELIVERED,2024-07-05 17:48:12,2024-07-12 11:40:28,8
9000001804,1000003230,20240704,1271,1,,3,Correo Argentino,DELIVERED,2024-07-05 18:50:24,2024-07-11 16:01:26,7
9000001805,1000003232,20240704,1412,1,,1,Correo Argentino,DELIVERED,2024-07-05 18:13:36,2024-07-12 17:54:24,8
9000001806,1000003233,20240704,1414,1,,1,Correo Argentino,DELIVERED,2024-07-05 16:55:01,2024-07-11 14:49:17,7
9000001807,1000003234,20240704,1415,1,,1,Correo Argentino,DELIVERED,2024-07-05 17:51:07,2024-07-12 12:43:26,8
9000001808,1000003235,20240704,1416,1,,3,Correo Argentino,DELIVERED,2024-07-05 16:02:43,2024-07-15 14:37:26,11
9000001809,1000003236,20240704,548,1,,3,Correo Argentino,DELIVERED,2024-07-05 18:49:46,2024-07-16 09:40:53,12
9000001810,1000003238,20240705,190,1,,1,Correo Argentino,DELIVERED,2024-07-05 16:06:32,2024-07-15 14:38:25,10
9000001811,1000003239,20240705,259,1,,2,Correo Argentino,DELIVERED,2024-07-05 16:49:24,2024-07-16 12:51:30,11
9000001812,1000003244,20240705,1187,1,,1,Correo Argentino,DELIVERED,2024-07-08 18:05:41,2024-07-16 16:40:22,11
9000001813,1000003246,20240705,1417,1,,2,Correo Argentino,DELIVERED,2024-07-08 17:23:49,2024-07-17 15:16:36,12
9000001814,1000003249,20240705,159,1,,3,Correo Argentino,DELIVERED,2024-07-08 18:14:58,2024-07-12 13:47:25,7
9000001815,1000003253,20240705,355,1,,4,Correo Argentino,DELIVERED,2024-07-08 18:13:54,2024-07-18 15:39:28,13
9000001816,1000003254,20240705,1418,1,,1,Correo Argentino,DELIVERED,2024-07-08 18:37:48,2024-07-12 14:23:01,7
9000001817,1000003259,20240705,1359,1,,4,Correo Argentino,DELIVERED,2024-07-08 16:31:03,2024-07-19 17:07:58,14
9000001818,1000003260,20240705,763,1,,2,Correo Argentino,DELIVERED,2024-07-08 17:31:09,2024-07-18 15:15:18,13
9000001819,1000003261,20240706,938,1,,3,Correo Argentino,DELIVERED,2024-07-08 16:58:52,2024-07-16 10:33:47,10
9000001821,1000003268,20240706,1420,1,,1,Correo Argentino,DELIVERED,2024-07-08 16:49:54,2024-07-15 10:21:17,9
9000001822,1000003273,20240706,502,1,,2,Correo Argentino,DELIVERED,2024-07-08 18:10:16,2024-07-17 15:49:52,11
9000001823,1000003274,20240706,666,1,,1,Correo Argentino,DELIVERED,2024-07-08 18:37:24,2024-07-16 15:50:44,10
9000001824,1000003275,20240706,1422,1,,1,Correo Argentino,DELIVERED,2024-07-08 16:45:22,2024-07-15 18:35:15,9
9000001825,1000003276,20240707,1096,1,,1,Correo Argentino,DELIVERED,2024-07-08 17:45:17,2024-07-17 14:21:20,10
9000001826,1000003277,20240707,1423,1,,1,Correo Argentino,DELIVERED,2024-07-08 18:02:31,2024-07-11 12:00:52,4
9000001827,1000003278,20240707,552,1,,3,Correo Argentino,DELIVERED,2024-07-08 17:26:26,2024-07-17 10:34:28,10
9000001828,1000003279,20240707,1424,1,,1,Correo Argentino,DELIVERED,2024-07-08 16:31:41,2024-07-11 16:38:43,4
9000001829,1000003280,20240707,1003,1,,3,Correo Argentino,DELIVERED,2024-07-08 18:00:00,2024-07-19 10:58:40,12
9000001830,1000003281,20240707,1239,1,,1,Correo Argentino,DELIVERED,2024-07-08 16:00:59,2024-07-12 15:46:34,5
9000001831,1000003282,20240708,1425,1,,1,Correo Argentino,DELIVERED,2024-07-08 16:07:41,2024-07-16 09:45:53,8
9000001832,1000003283,20240708,967,1,,1,Correo Argentino,DELIVERED,2024-07-08 18:22:26,2024-07-16 09:17:05,8
9000001833,1000003284,20240708,1426,1,,1,Correo Argentino,DELIVERED,2024-07-08 16:07:03,2024-07-15 09:10:50,7
9000001834,1000003287,20240708,1428,1,,3,Correo Argentino,DELIVERED,2024-07-09 18:35:11,2024-07-18 12:20:37,10
9000001835,1000003289,20240708,1371,1,,3,Correo Argentino,DELIVERED,2024-07-09 16:50:57,2024-07-16 09:38:39,8
9000001836,1000003290,20240708,140,1,,1,Correo Argentino,DELIVERED,2024-07-09 17:43:52,2024-07-17 12:43:44,9
9000001837,1000003291,20240708,1429,1,,2,Correo Argentino,DELIVERED,2024-07-09 17:21:16,2024-07-16 16:30:42,8
9000001838,1000003292,20240709,221,1,,1,Correo Argentino,DELIVERED,2024-07-09 18:35:04,2024-07-15 17:06:15,6
9000001839,1000003293,20240709,888,1,,3,Correo Argentino,DELIVERED,2024-07-09 18:28:21,2024-07-18 13:55:26,9
9000001840,1000003295,20240709,602,1,,4,Correo Argentino,DELIVERED,2024-07-09 18:05:02,2024-07-19 15:10:48,10
9000001841,1000003297,20240709,189,1,,3,Correo Argentino,DELIVERED,2024-07-09 17:18:47,2024-07-18 13:26:34,9
9000001843,1000003299,20240709,1431,1,,2,Correo Argentino,DELIVERED,2024-07-09 16:19:59,2024-07-17 12:31:26,8
9000001844,1000003301,20240709,1432,1,,4,Correo Argentino,DELIVERED,2024-07-10 18:01:40,2024-07-17 13:50:53,8
9000001845,1000003302,20240709,878,1,,3,Correo Argentino,DELIVERED,2024-07-10 17:36:25,2024-07-17 09:24:25,8
9000001846,1000003304,20240709,1433,1,,3,Correo Argentino,DELIVERED,2024-07-11 17:25:31,2024-07-23 13:05:31,14
9000001847,1000003306,20240709,1434,1,,1,Correo Argentino,DELIVERED,2024-07-10 18:44:14,2024-07-19 13:02:49,10
9000001848,1000003309,20240710,49,1,,3,Correo Argentino,DELIVERED,2024-07-11 17:10:26,2024-07-17 12:00:35,7
9000001849,1000003310,20240710,227,1,,3,Correo Argentino,CANCELLED,,,
9000001850,1000003311,20240710,624,1,,1,Correo Argentino,DELIVERED,2024-07-11 18:29:49,2024-07-18 15:11:16,8
9000001851,1000003314,20240710,1118,1,,1,Correo Argentino,DELIVERED,2024-07-11 18:15:58,2024-07-19 18:31:29,9
9000001852,1000003315,20240710,1436,1,,4,Correo Argentino,DELIVERED,2024-07-11 18:01:58,2024-07-19 09:23:12,9
9000001853,1000003316,20240710,176,1,,1,Correo Argentino,DELIVERED,2024-07-11 17:55:19,2024-07-23 19:57:30,13
9000001854,1000003317,20240710,1348,1,,4,Correo Argentino,DELIVERED,2024-07-11 16:18:50,2024-07-17 19:35:33,7
9000001855,1000003318,20240710,1437,1,,3,Correo Argentino,DELIVERED,2024-07-11 18:18:40,2024-07-18 15:10:48,8
9000001856,1000003319,20240711,1064,1,,2,Correo Argentino,DELIVERED,2024-07-11 17:12:48,2024-07-17 12:59:06,6
9000001857,1000003322,20240711,572,1,,3,Correo Argentino,DELIVERED,2024-07-15 18:06:06,2024-07-23 16:58:05,12
9000001858,1000003328,20240711,595,1,,3,Correo Argentino,DELIVERED,2024-07-12 18:31:58,2024-07-23 13:50:05,12
9000001859,1000003329,20240712,1440,1,,3,Correo Argentino,DELIVERED,2024-07-12 18:27:35,2024-07-24 16:28:55,12
9000001860,1000003330,20240712,951,1,,1,Correo Argentino,DELIVERED,2024-07-12 16:52:18,2024-07-22 11:53:25,10
9000001861,1000003331,20240712,768,1,,1,Correo Argentino,DELIVERED,2024-07-12 16:45:52,2024-07-23 16:53:00,11
9000001862,1000003333,20240712,1267,1,,3,Correo Argentino,DELIVERED,2024-07-15 17:57:56,2024-07-25 19:45:29,13
9000001863,1000003334,20240712,1020,1,,3,Correo Argentino,DELIVERED,2024-07-15 18:16:09,2024-07-22 19:34:05,10
9000001864,1000003339,20240712,1247,1,,1,Correo Argentino,DELIVERED,2024-07-15 16:17:50,2024-07-19 14:42:53,7
9000001865,1000003342,20240712,167,1,,1,Correo Argentino,DELIVERED,2024-07-15 17:35:56,2024-07-24 11:19:55,12
9000001866,1000003347,20240713,377,1,,4,Correo Argentino,DELIVERED,2024-07-15 18:40:04,2024-07-19 14:08:39,6
9000001867,1000003356,20240713,717,1,,2,Correo Argentino,DELIVERED,2024-07-15 16:56:39,2024-07-24 10:16:13,11
9000001868,1000003358,20240713,629,1,,1,Correo Argentino,DELIVERED,2024-07-15 17:21:02,2024-07-18 11:51:06,5
9000001869,1000003360,20240713,100,1,,3,Correo Argentino,DELIVERED,2024-07-15 16:13:10,2024-07-24 18:39:57,11
9000001870,1000003361,20240713,174,1,,2,Correo Argentino,DELIVERED,2024-07-15 17:50:27,2024-07-25 19:47:11,12
9000001871,1000003363,20240714,1444,1,,3,Correo Argentino,DELIVERED,2024-07-15 18:22:03,2024-07-24 15:35:28,10
9000001872,1000003364,20240714,1446,1,,1,Correo Argentino,DELIVERED,2024-07-15 18:07:15,2024-07-19 09:08:20,5
9000001873,1000003365,20240714,284,1,,3,Correo Argentino,DELIVERED,2024-07-15 18:29:26,2024-07-24 15:25:03,10
9000001874,1000003366,20240714,1448,1,,3,Correo Argentino,DELIVERED,2024-07-15 17:34:59,2024-07-26 09:45:07,12
9000001875,1000003367,20240714,55,1,,1,Correo Argentino,DELIVERED,2024-07-15 16:07:22,2024-07-23 09:01:08,9
9000001876,1000003368,20240714,1449,1,,1,Correo Argentino,DELIVERED,2024-07-15 16:25:49,2024-07-23 18:53:17,9
9000001877,1000003369,20240714,941,1,,1,Correo Argentino,DELIVERED,2024-07-15 17:02:35,2024-07-19 09:55:18,5
9000001878,1000003370,20240714,790,1,,1,Correo Argentino,DELIVERED,2024-07-15 18:32:15,2024-07-23 09:06:46,9
9000001879,1000003371,20240714,1071,1,,1,Correo Argentino,DELIVERED,2024-07-15 16:08:25,2024-07-24 19:00:32,10
9000001880,1000003372,20240714,1450,1,,3,Correo Argentino,DELIVERED,2024-07-15 16:29:21,2024-07-24 17:32:51,10
9000001881,1000003373,20240714,1320,1,,2,Correo Argentino,DELIVERED,2024-07-15 16:29:09,2024-07-23 17:33:56,9
9000001882,1000003374,20240715,1451,1,,4,Correo Argentino,DELIVERED,2024-07-15 16:22:34,2024-07-23 15:51:14,8
9000001883,1000003376,20240715,1452,1,,1,Correo Argentino,DELIVERED,2024-07-16 17:45:05,2024-07-25 14:53:17,10
9000001884,1000003377,20240715,484,1,,1,Correo Argentino,DELIVERED,2024-07-16 18:42:18,2024-07-24 14:17:39,9
9000001885,1000003382,20240715,1454,1,,1,Correo Argentino,DELIVERED,2024-07-16 17:10:09,2024-07-23 18:36:31,8
9000001886,1000003383,20240715,1455,1,,3,Correo Argentino,DELIVERED,2024-07-16 16:45:02,2024-07-29 15:45:19,14
9000001887,1000003384,20240716,147,1,,1,Correo Argentino,DELIVERED,2024-07-16 17:08:55,2024-07-22 14:52:52,6
9000001888,1000003385,20240716,1016,1,,1,Correo Argentino,DELIVERED,2024-07-16 16:56:48,2024-07-24 16:27:12,8
9000001889,1000003386,20240716,1039,1,,3,Correo Argentino,DELIVERED,2024-07-18 16:52:27,2024-07-31 15:24:50,15
9000001890,1000003387,20240716,586,1,,1,Correo Argentino,DELIVERED,2024-07-17 18:17:08,2024-07-26 10:50:08,10
9000001891,1000003390,20240716,764,1,,1,Correo Argentino,DELIVERED,2024-07-17 18:12:32,2024-07-24 19:21:22,8
9000001892,1000003393,20240716,783,1,,1,Correo Argentino,DELIVERED,2024-07-17 18:43:47,2024-07-24 15:58:12,8
9000001894,1000003395,20240716,547,1,,1,Correo Argentino,DELIVERED,2024-07-17 16:45:46,2024-07-25 09:22:01,9
9000001895,1000003397,20240717,1134,1,,3,Correo Argentino,DELIVERED,2024-07-17 16:08:15,2024-07-25 14:37:38,8
9000001896,1000003399,20240717,880,1,,2,Correo Argentino,DELIVERED,2024-07-17 18:55:08,2024-07-29 13:29:25,12
9000001897,1000003404,20240717,835,1,,2,Correo Argentino,DELIVERED,2024-07-18 17:58:02,2024-08-01 17:05:04,15
9000001898,1000003406,20240717,115,1,,1,Correo Argentino,DELIVERED,2024-07-18 18:47:40,2024-07-26 13:13:28,9
9000001899,1000003409,20240717,918,1,,1,Correo Argentino,DELIVERED,2024-07-18 17:50:53,2024-07-23 19:27:29,6
9000001900,1000003410,20240717,995,1,,3,Correo Argentino,DELIVERED,2024-07-18 16:19:56,2024-07-29 14:34:09,12
9000001901,1000003411,20240717,1225,1,,4,Correo Argentino,DELIVERED,2024-07-18 17:04:34,2024-07-25 19:54:08,8
9000001902,1000003412,20240717,894,1,,1,Correo Argentino,DELIVERED,2024-07-18 18:39:39,2024-07-26 19:09:48,9
9000001903,1000003413,20240718,1149,1,,4,Correo Argentino,DELIVERED,2024-07-18 18:55:13,2024-07-31 17:13:14,13
9000001904,1000003414,20240718,1309,1,,1,Correo Argentino,DELIVERED,2024-07-18 17:13:13,2024-07-29 12:07:23,11
9000001905,1000003418,20240718,733,1,,1,Correo Argentino,DELIVERED,2024-07-19 16:34:57,2024-07-25 11:32:28,7
9000001906,1000003419,20240718,124,1,,1,Correo Argentino,DELIVERED,2024-07-19 18:53:06,2024-07-25 19:21:52,7
9000001907,1000003423,20240718,1360,1,,1,Correo Argentino,DELIVERED,2024-07-22 17:04:17,2024-07-26 12:02:35,8
9000001908,1000003424,20240718,1223,1,,1,Correo Argentino,DELIVERED,2024-07-19 17:35:23,2024-07-25 18:14:20,7
9000001909,1000003429,20240719,1463,1,,1,Correo Argentino,DELIVERED,2024-07-22 17:23:27,2024-07-30 16:23:10,11
9000001911,1000003431,20240719,1464,1,,4,Correo Argentino,DELIVERED,2024-07-22 17:51:17,2024-07-31 18:38:09,12
9000001912,1000003432,20240719,1465,1,,3,Correo Argentino,DELIVERED,2024-07-22 18:05:14,2024-07-30 09:15:20,11
9000001913,1000003433,20240719,531,1,,4,Correo Argentino,DELIVERED,2024-07-22 17:12:58,2024-08-01 09:31:28,13
9000001914,1000003434,20240719,1006,1,,2,Correo Argentino,DELIVERED,2024-07-22 18:39:32,2024-08-02 17:03:34,14
9000001915,1000003448,20240720,1469,1,,3,Correo Argentino,DELIVERED,2024-07-22 18:23:28,2024-08-02 11:19:19,13
9000001916,1000003449,20240720,1471,1,,2,Correo Argentino,DELIVERED,2024-07-22 18:37:09,2024-08-02 11:08:51,13
9000001917,1000003453,20240721,192,1,,3,Correo Argentino,DELIVERED,2024-07-22 17:18:31,2024-07-31 12:52:59,10
9000001918,1000003454,20240721,1158,1,,1,Correo Argentino,DELIVERED,2024-07-22 17:43:26,2024-07-29 10:23:49,8
9000001919,1000003455,20240721,812,1,,2,Correo Argentino,DELIVERED,2024-07-22 16:27:51,2024-07-30 19:59:17,9
9000001920,1000003456,20240721,615,1,,2,Correo Argentino,DELIVERED,2024-07-22 16:33:04,2024-07-31 12:49:57,10
9000001921,1000003457,20240721,1473,1,,1,Correo Argentino,DELIVERED,2024-07-22 18:11:10,2024-07-30 11:10:33,9
9000001922,1000003458,20240721,1474,1,,1,Correo Argentino,DELIVERED,2024-07-22 18:14:58,2024-07-25 10:06:08,4
9000001923,1000003460,20240721,635,1,,1,Correo Argentino,DELIVERED,2024-07-23 16:54:23,2024-07-26 15:44:03,5
9000001924,1000003462,20240722,589,1,,3,Correo Argentino,DELIVERED,2024-07-22 18:32:48,2024-07-29 10:10:28,7
9000001925,1000003463,20240722,1476,1,,4,Correo Argentino,DELIVERED,2024-07-23 18:56:48,2024-08-01 17:37:48,10
9000001926,1000003468,20240722,77,1,,1,Correo Argentino,DELIVERED,2024-07-23 18:18:35,2024-07-31 13:54:51,9
9000001927,1000003469,20240722,83,1,,4,Correo Argentino,DELIVERED,2024-07-23 17:32:39,2024-08-01 14:48:50,10
9000001928,1000003470,20240723,221,1,,1,Correo Argentino,DELIVERED,2024-07-24 18:33:45,2024-07-30 19:08:19,7
9000001929,1000003471,20240723,1479,1,,1,Correo Argentino,DELIVERED,2024-07-23 18:45:49,2024-07-31 16:45:59,8
9000001930,1000003473,20240723,565,1,,3,Correo Argentino,DELIVERED,2024-07-23 16:04:00,2024-07-29 17:15:42,6
9000001931,1000003475,20240723,1482,1,,2,Correo Argentino,DELIVERED,2024-07-24 17:56:56,2024-08-07 14:04:02,15
9000001932,1000003477,20240723,1483,1,,3,Correo Argentino,DELIVERED,2024-07-24 18:42:27,2024-08-02 10:36:46,10
9000001933,1000003478,20240723,375,1,,3,Correo Argentino,DELIVERED,2024-07-24 18:49:02,2024-08-05 18:18:37,13
9000001934,1000003480,20240723,1334,1,,4,Correo Argentino,DELIVERED,2024-07-24 18:18:13,2024-08-05 13:44:41,13
9000001935,1000003482,20240724,116,1,,1,Correo Argentino,DELIVERED,2024-07-24 16:10:36,2024-07-31 13:02:15,7
9000001936,1000003483,20240724,816,1,,1,Correo Argentino,DELIVERED,2024-07-24 18:32:43,2024-08-02 12:50:08,9
9000001937,1000003484,20240724,335,1,,4,Correo Argentino,DELIVERED,2024-07-24 16:09:49,2024-08-05 10:35:59,12
9000001939,1000003488,20240724,982,1,,3,Correo Argentino,DELIVERED,2024-07-25 17:14:18,2024-08-02 13:48:42,9
9000001940,1000003491,20240724,1012,1,,2,Correo Argentino,DELIVERED,2024-07-25 17:09:04,2024-07-31 17:38:36,7
9000001941,1000003492,20240725,1074,1,,2,Correo Argentino,DELIVERED,2024-07-25 18:06:11,2024-07-31 17:29:44,6
9000001942,1000003493,20240725,2,1,,3,Correo Argentino,DELIVERED,2024-07-25 17:28:30,2024-08-01 17:28:22,7
9000001943,1000003495,20240725,1484,1,,1,Correo Argentino,DELIVERED,2024-07-25 18:13:15,2024-07-31 18:10:22,6
9000001944,1000003497,20240725,885,1,,2,Correo Argentino,DELIVERED,2024-07-26 16:49:13,2024-08-02 11:56:51,8
9000001945,1000003499,20240725,1485,1,,1,Correo Argentino,DELIVERED,2024-07-26 18:15:19,2024-07-31 15:26:39,6
9000001946,1000003500,20240725,593,1,,4,Correo Argentino,DELIVERED,2024-07-26 18:40:29,2024-08-05 14:40:20,11
9000001947,1000003501,20240725,652,1,,1,Correo Argentino,DELIVERED,2024-07-26 16:42:51,2024-08-02 17:23:19,8
9000001948,1000003505,20240726,1330,1,,3,Correo Argentino,DELIVERED,2024-07-26 17:08:55,2024-08-05 11:12:59,10
9000001949,1000003506,20240726,5,1,,1,Correo Argentino,DELIVERED,2024-07-26 16:57:31,2024-08-02 17:12:14,7
9000001950,1000003507,20240726,787,1,,1,Correo Argentino,DELIVERED,2024-07-26 18:20:59,2024-08-01 10:34:00,6
9000001951,1000003508,20240726,237,1,,1,Correo Argentino,DELIVERED,2024-07-26 18:13:25,2024-07-31 12:11:23,5
9000001952,1000003512,20240726,1486,1,,4,Correo Argentino,DELIVERED,2024-07-26 18:12:08,2024-08-05 17:05:36,10
9000001953,1000003515,20240726,1487,1,,1,Correo Argentino,DELIVERED,2024-07-29 18:15:59,2024-08-01 16:14:45,6
9000001954,1000003517,20240726,287,1,,1,Correo Argentino,DELIVERED,2024-07-29 16:25:36,2024-08-07 14:13:19,12
9000001955,1000003519,20240726,464,1,,1,Correo Argentino,DELIVERED,2024-07-29 17:05:03,2024-08-05 18:23:32,10
9000001956,1000003520,20240726,1490,1,,1,Correo Argentino,DELIVERED,2024-07-29 16:23:48,2024-08-06 17:47:48,11
9000001957,1000003523,20240726,125,1,,3,Correo Argentino,DELIVERED,2024-07-29 18:59:24,2024-08-07 14:29:58,12
9000001958,1000003524,20240726,163,1,,2,Correo Argentino,DELIVERED,2024-07-29 17:54:23,2024-08-02 16:30:39,7
9000001959,1000003525,20240726,706,1,,1,Correo Argentino,DELIVERED,2024-07-29 16:25:26,2024-08-06 09:07:52,11
9000001960,1000003526,20240726,1492,1,,1,Correo Argentino,DELIVERED,2024-07-29 18:56:53,2024-08-01 09:49:21,6
9000001961,1000003527,20240727,461,1,,3,Correo Argentino,DELIVERED,2024-07-29 17:26:42,2024-08-07 19:57:49,11
9000001962,1000003528,20240727,785,1,,1,Correo Argentino,DELIVERED,2024-07-29 16:35:18,2024-08-07 18:10:28,11
9000001963,1000003530,20240727,333,1,,3,Correo Argentino,DELIVERED,2024-07-29 17:32:18,2024-08-06 17:52:48,10
9000001964,1000003536,20240727,1496,1,,4,Correo Argentino,DELIVERED,2024-07-29 18:44:56,2024-08-07 12:35:13,11
9000001966,1000003541,20240727,951,1,,1,Correo Argentino,CANCELLED,,,
9000001967,1000003545,20240728,582,1,,2,Correo Argentino,DELIVERED,2024-07-29 16:50:19,2024-08-06 10:14:51,9
9000001968,1000003546,20240728,1120,1,,1,Correo Argentino,DELIVERED,2024-07-29 16:30:27,2024-08-06 13:27:50,9
9000001969,1000003547,20240728,973,1,,2,Correo Argentino,DELIVERED,2024-07-29 16:24:19,2024-08-07 10:29:06,10
9000001970,1000003548,20240728,1499,1,,3,Correo Argentino,DELIVERED,2024-07-29 18:36:51,2024-08-09 10:08:12,12
9000001971,1000003550,20240728,852,1,,4,Correo Argentino,DELIVERED,2024-07-29 16:20:31,2024-08-06 19:24:26,9
9000001972,1000003551,20240728,9,1,,4,Correo Argentino,DELIVERED,2024-07-29 16:10:47,2024-08-07 10:45:49,10
9000001973,1000003552,20240728,1500,1,,2,Correo Argentino,DELIVERED,2024-07-29 18:31:52,2024-08-07 15:50:04,10
9000001974,1000003553,20240728,84,1,,1,Correo Argentino,DELIVERED,2024-07-29 17:46:36,2024-08-07 10:23:45,10
9000001975,1000003554,20240729,1501,1,,3,Correo Argentino,DELIVERED,2024-07-29 18:15:30,2024-08-08 11:59:56,10
9000001976,1000003555,20240729,1502,1,,1,Correo Argentino,DELIVERED,2024-07-29 17:13:49,2024-08-06 14:30:36,8
9000001978,1000003560,20240729,1506,1,,3,Correo Argentino,DELIVERED,2024-07-30 17:07:42,2024-08-08 17:00:07,10
9000001980,1000003564,20240729,159,1,,3,Correo Argentino,DELIVERED,2024-07-30 17:55:54,2024-08-07 12:31:09,9
9000001981,1000003565,20240729,462,1,,1,Correo Argentino,DELIVERED,2024-07-30 18:23:57,2024-08-07 13:55:42,9
9000001982,1000003568,20240730,1507,1,,2,Correo Argentino,DELIVERED,2024-07-30 16:20:34,2024-08-06 12:41:25,7
9000001983,1000003569,20240730,793,1,,2,Correo Argentino,DELIVERED,2024-07-30 18:00:17,2024-08-07 14:28:06,8
9000001984,1000003571,20240730,394,1,,4,Correo Argentino,DELIVERED,2024-07-31 18:39:23,2024-08-08 12:02:33,9
9000001985,1000003573,20240730,621,1,,3,Correo Argentino,DELIVERED,2024-07-31 17:24:15,2024-08-08 12:11:00,9
9000001987,1000003577,20240730,1509,1,,2,Correo Argentino,DELIVERED,2024-07-31 18:40:30,2024-08-08 11:20:43,9
9000001988,1000003578,20240730,1510,1,,3,Correo Argentino,DELIVERED,2024-07-31 17:25:31,2024-08-12 11:21:05,13
9000001989,1000003579,20240730,825,1,,1,Correo Argentino,DELIVERED,2024-07-31 16:22:47,2024-08-12 18:09:33,13
9000001990,1000003580,20240730,1511,1,,3,Correo Argentino,DELIVERED,2024-07-31 16:01:43,2024-08-08 11:28:29,9
9000001991,1000003582,20240730,172,1,,2,Correo Argentino,DELIVERED,2024-07-31 17:39:04,2024-08-07 09:03:02,8
9000001992,1000003583,20240730,55,1,,1,Correo Argentino,DELIVERED,2024-07-31 18:44:04,2024-08-08 14:54:20,9
9000001993,1000003584,20240730,728,1,,1,Correo Argentino,DELIVERED,2024-07-31 16:43:25,2024-08-09 12:06:03,10
9000001994,1000003585,20240731,1512,1,,2,Correo Argentino,DELIVERED,2024-07-31 16:03:59,2024-08-06 16:55:22,6
9000001995,1000003586,20240731,173,1,,1,Correo Argentino,DELIVERED,2024-07-31 18:36:46,2024-08-08 18:23:05,8
9000001996,1000003587,20240731,15,1,,2,Correo Argentino,DELIVERED,2024-08-01 17:04:57,2024-08-09 13:37:54,9
9000001997,1000003591,20240731,44,1,,2,Correo Argentino,DELIVERED,2024-08-01 16:05:55,2024-08-09 19:52:46,9
9000001998,1000003594,20240731,1514,1,,3,Correo Argentino,DELIVERED,2024-08-01 18:27:27,2024-08-14 18:02:15,14
9000001999,1000003596,20240731,851,1,,2,Correo Argentino,DELIVERED,2024-08-01 16:06:08,2024-08-12 10:19:00,12
9000002000,1000003597,20240731,1515,1,,1,Correo Argentino,DELIVERED,2024-08-01 16:26:53,2024-08-12 19:35:28,12
9000002001,1000003598,20240731,1213,1,,2,Correo Argentino,DELIVERED,2024-08-01 17:52:01,2024-08-13 11:12:39,13
9000002002,1000003599,20240731,1516,1,,2,Correo Argentino,DELIVERED,2024-08-01 16:16:14,2024-08-09 09:07:22,9
9000002003,1000003600,20240801,468,1,,1,Correo Argentino,DELIVERED,2024-08-01 18:56:12,2024-08-06 12:10:13,5
9000002004,1000003601,20240801,1517,1,,2,Correo Argentino,DELIVERED,2024-08-01 18:31:51,2024-08-09 15:54:06,8
9000002005,1000003602,20240801,58,1,,1,Correo Argentino,DELIVERED,2024-08-01 18:37:58,2024-08-09 13:58:50,8
9000002006,1000003603,20240801,1518,1,,1,Correo Argentino,DELIVERED,2024-08-01 17:35:20,2024-08-09 18:50:31,8
9000002007,1000003604,20240801,1002,1,,3,Correo Argentino,DELIVERED,2024-08-02 18:03:37,2024-08-12 09:12:51,11
9000002008,1000003609,20240801,88,1,,1,Correo Argentino,DELIVERED,2024-08-02 16:14:09,2024-08-08 12:31:52,7
9000002009,1000003612,20240801,1521,1,,1,Correo Argentino,DELIVERED,2024-08-02 18:56:34,2024-08-09 11:58:20,8
9000002010,1000003613,20240801,974,1,,1,Correo Argentino,DELIVERED,2024-08-02 18:35:43,2024-08-14 11:28:51,13
9000002011,1000003616,20240801,1187,1,,1,Correo Argentino,DELIVERED,2024-08-05 17:03:10,2024-08-09 18:58:30,8
9000002012,1000003619,20240801,1126,1,,1,Correo Argentino,DELIVERED,2024-08-02 16:22:23,2024-08-07 16:32:49,6
9000002013,1000003620,20240801,531,1,,4,Correo Argentino,DELIVERED,2024-08-02 16:19:28,2024-08-12 12:47:00,11
9000002014,1000003621,20240801,977,1,,3,Correo Argentino,DELIVERED,2024-08-02 18:41:07,2024-08-14 09:05:54,13
9000002015,1000003622,20240801,189,1,,3,Correo Argentino,DELIVERED,2024-08-02 16:03:23,2024-08-13 14:39:21,12
9000002016,1000003623,20240801,1524,1,,2,Correo Argentino,DELIVERED,2024-08-02 17:26:29,2024-08-13 19:23:02,12
9000002017,1000003624,20240802,1239,1,,1,Correo Argentino,DELIVERED,2024-08-02 17:14:04,2024-08-12 09:41:00,10
9000002018,1000003625,20240802,791,1,,1,Correo Argentino,DELIVERED,2024-08-02 17:15:05,2024-08-08 13:27:42,6
9000002019,1000003626,20240802,1525,1,,1,Correo Argentino,DELIVERED,2024-08-02 17:14:39,2024-08-09 13:37:11,7
9000002020,1000003627,20240802,577,1,,2,Correo Argentino,DELIVERED,2024-08-02 16:40:42,2024-08-09 17:00:15,7
9000002021,1000003629,20240802,1526,1,,1,Correo Argentino,DELIVERED,2024-08-05 16:44:47,2024-08-13 17:12:23,11
9000002023,1000003637,20240802,423,1,,2,Correo Argentino,DELIVERED,2024-08-05 16:46:58,2024-08-09 10:21:05,7
9000002024,1000003640,20240802,1528,1,,3,Correo Argentino,DELIVERED,2024-08-05 16:50:51,2024-08-14 19:41:38,12
9000002025,1000003641,20240802,703,1,,3,Correo Argentino,DELIVERED,2024-08-05 17:54:31,2024-08-16 19:00:49,14
9000002026,1000003642,20240802,1051,1,,3,Correo Argentino,CANCELLED,,,
9000002027,1000003643,20240803,263,1,,3,Correo Argentino,CANCELLED,,,
9000002029,1000003647,20240803,1075,1,,3,Correo Argentino,DELIVERED,2024-08-05 18:26:23,2024-08-13 09:27:11,10
9000002030,1000003658,20240803,803,1,,1,Correo Argentino,DELIVERED,2024-08-05 16:41:58,2024-08-09 09:40:09,6
9000002031,1000003659,20240803,1118,1,,1,Correo Argentino,DELIVERED,2024-08-05 18:08:37,2024-08-14 12:49:42,11
9000002032,1000003662,20240803,1534,1,,3,Correo Argentino,DELIVERED,2024-08-05 17:55:07,2024-08-14 18:51:29,11
9000002033,1000003663,20240803,241,1,,1,Correo Argentino,DELIVERED,2024-08-05 18:06:39,2024-08-08 19:47:34,5
9000002034,1000003664,20240804,966,1,,2,Correo Argentino,DELIVERED,2024-08-05 17:02:53,2024-08-13 09:23:24,9
9000002035,1000003665,20240804,344,1,,2,Correo Argentino,DELIVERED,2024-08-05 18:08:35,2024-08-12 15:47:23,8
9000002036,1000003666,20240804,1229,1,,1,Correo Argentino,DELIVERED,2024-08-05 17:44:39,2024-08-14 13:03:31,10
9000002037,1000003667,20240804,1535,1,,1,Correo Argentino,DELIVERED,2024-08-05 16:33:45,2024-08-09 18:42:38,5
9000002038,1000003668,20240804,713,1,,1,Correo Argentino,DELIVERED,2024-08-05 18:14:54,2024-08-09 15:19:51,5
9000002039,1000003669,20240804,396,1,,1,Correo Argentino,DELIVERED,2024-08-05 18:25:12,2024-08-09 14:23:14,5
9000002040,1000003670,20240804,1537,1,,3,Correo Argentino,DELIVERED,2024-08-05 17:39:50,2024-08-12 18:23:50,8
9000002041,1000003671,20240804,125,1,,3,Correo Argentino,DELIVERED,2024-08-05 16:59:33,2024-08-14 12:07:45,10
9000002042,1000003672,20240804,995,1,,3,Correo Argentino,DELIVERED,2024-08-05 17:36:51,2024-08-15 12:19:41,11
9000002043,1000003673,20240805,348,1,,3,Correo Argentino,DELIVERED,2024-08-05 18:50:41,2024-08-14 09:15:47,9
9000002044,1000003674,20240805,1538,1,,2,Correo Argentino,DELIVERED,2024-08-05 17:27:07,2024-08-14 18:09:27,9
9000002045,1000003675,20240805,849,1,,3,Correo Argentino,DELIVERED,2024-08-06 16:17:48,2024-08-14 09:33:58,9
9000002046,1000003678,20240805,1487,1,,1,Correo Argentino,DELIVERED,2024-08-06 17:01:40,2024-08-15 16:37:57,10
9000002047,1000003679,20240805,1539,1,,1,Correo Argentino,DELIVERED,2024-08-06 17:05:58,2024-08-15 19:18:27,10
9000002062,1000003710,20240807,630,2,4,4,Correo Argentino,DELIVERED,2024-08-08 18:12:59,2024-08-14 18:01:45,7
9000002082,1000003752,20240810,769,2,3,3,Correo Argentino,DELIVERED,2024-08-12 18:55:13,2024-08-20 12:00:50,10
9000002123,1000003811,20240814,1520,2,4,4,Correo Argentino,DELIVERED,2024-08-15 16:20:27,2024-08-26 14:26:55,12
9000002149,1000003865,20240817,1196,2,1,1,Correo Argentino,DELIVERED,2024-08-19 16:52:25,2024-08-27 16:22:25,10
9000002169,1000003901,20240819,1597,2,4,4,Correo Argentino,DELIVERED,2024-08-20 18:36:47,2024-08-29 16:54:56,10
9000002176,1000003913,20240820,1281,2,3,3,Correo Argentino,DELIVERED,2024-08-21 16:54:22,2024-08-27 12:03:16,7
9000002201,1000003952,20240823,1530,2,2,2,Correo Argentino,DELIVERED,2024-08-23 17:06:45,2024-08-30 09:06:20,7
9000002263,1000004041,20240829,1636,2,3,3,Correo Argentino,DELIVERED,2024-08-30 16:19:29,2024-09-06 13:34:48,8
9000002275,1000004064,20240831,462,2,1,1,Correo Argentino,DELIVERED,2024-09-02 18:00:57,2024-09-04 15:22:18,4
9000002277,1000004077,20240831,753,2,2,2,Correo Argentino,DELIVERED,2024-09-02 18:14:11,2024-09-04 14:22:02,4
9000002319,1000004150,20240905,235,2,1,1,Correo Argentino,DELIVERED,2024-09-05 16:40:33,2024-09-09 14:56:12,4
9000002333,1000004182,20240907,1497,2,2,2,Correo Argentino,DELIVERED,2024-09-09 16:59:57,2024-09-10 14:21:07,3
9000002349,1000004208,20240909,1584,2,1,1,Correo Argentino,DELIVERED,2024-09-09 16:56:01,2024-09-11 13:23:00,2
9000002372,1000004250,20240911,1103,2,4,4,Correo Argentino,DELIVERED,2024-09-12 16:06:53,2024-09-13 16:41:37,2
9000002385,1000004272,20240912,1091,2,1,1,Correo Argentino,DELIVERED,2024-09-13 16:32:09,2024-09-17 09:23:02,5
9000002396,1000004290,20240913,630,2,4,4,Correo Argentino,DELIVERED,2024-09-16 18:10:19,2024-09-17 16:26:02,4
9000002406,1000004310,20240914,1563,2,1,1,Correo Argentino,DELIVERED,2024-09-16 16:57:52,2024-09-18 10:37:28,4
9000002428,1000004341,20240917,435,2,4,4,Correo Argentino,DELIVERED,2024-09-17 18:00:32,2024-09-18 13:40:15,1
9000002433,1000004350,20240917,8,2,1,1,Correo Argentino,DELIVERED,2024-09-18 16:49:40,2024-09-20 10:19:32,3
9000002510,1000004477,20240925,326,2,4,4,Correo Argentino,DELIVERED,2024-09-26 17:16:39,2024-09-27 17:43:22,2
9000002525,1000004508,20240927,76,2,2,2,Correo Argentino,DELIVERED,2024-09-30 16:11:17,2024-10-02 16:16:16,5
9000002584,1000004614,20241004,1304,2,2,2,Correo Argentino,DELIVERED,2024-10-07 18:23:11,2024-10-08 10:28:45,4
9000002591,1000004628,20241005,1785,2,3,3,Correo Argentino,DELIVERED,2024-10-07 18:48:08,2024-10-09 14:10:45,4
9000002631,1000004687,20241008,162,2,3,3,Correo Argentino,DELIVERED,2024-10-09 17:33:52,2024-10-11 17:39:39,3
9000002650,1000004719,20241010,1263,2,1,1,Correo Argentino,DELIVERED,2024-10-10 17:57:40,2024-10-11 15:34:37,1
9000002675,1000004754,20241011,1400,2,3,3,Correo Argentino,DELIVERED,2024-10-14 17:31:02,2024-10-15 13:52:31,4
9000002691,1000004787,20241012,1468,2,1,1,Correo Argentino,DELIVERED,2024-10-14 18:16:07,2024-10-15 09:41:17,3
9000002734,1000004852,20241015,71,2,2,2,Correo Argentino,DELIVERED,2024-10-16 18:46:01,2024-10-18 17:28:19,3
9000002795,1000004970,20241021,1450,2,3,3,Correo Argentino,DELIVERED,2024-10-22 17:38:30,2024-10-24 16:39:07,3
9000002805,1000004984,20241022,1858,2,4,4,Correo Argentino,DELIVERED,2024-10-23 17:32:27,2024-10-25 14:31:52,3
9000002813,1000004999,20241023,1334,2,4,4,Correo Argentino,DELIVERED,2024-10-24 18:50:48,2024-10-25 19:35:08,2
9000002820,1000005008,20241024,40,2,1,1,Correo Argentino,DELIVERED,2024-10-24 17:25:47,2024-10-28 10:01:36,4
9000002841,1000005043,20241026,665,2,3,3,Correo Argentino,DELIVERED,2024-10-28 17:45:49,2024-10-30 16:44:17,4
9000002900,1000005154,20241101,1478,2,3,3,Correo Argentino,DELIVERED,2024-11-04 18:35:51,2024-11-06 16:03:00,5
9000002909,1000005182,20241102,1906,2,1,1,Correo Argentino,DELIVERED,2024-11-04 18:38:38,2024-11-07 10:52:04,5
9000002964,1000005251,20241105,477,2,3,3,Correo Argentino,DELIVERED,2024-11-06 17:21:38,2024-11-12 14:33:03,7
9000002969,1000005257,20241105,710,2,3,3,Correo Argentino,DELIVERED,2024-11-06 16:39:07,2024-11-11 16:32:28,6
9000002988,1000005278,20241106,1926,2,2,2,Correo Argentino,DELIVERED,2024-11-06 18:10:49,2024-11-12 18:00:37,6
9000003025,1000005334,20241108,442,2,2,2,Correo Argentino,DELIVERED,2024-11-08 16:05:24,2024-11-12 18:22:06,4
9000003119,1000005482,20241115,1972,2,4,4,Correo Argentino,DELIVERED,2024-11-18 18:20:11,2024-11-20 14:17:28,5
9000003166,1000005563,20241120,1098,2,4,4,Correo Argentino,DELIVERED,2024-11-21 16:17:19,2024-11-22 11:31:52,2
9000003178,1000005584,20241122,2000,2,4,4,Correo Argentino,DELIVERED,2024-11-25 16:01:10,2024-11-27 10:56:37,5
9000003180,1000005587,20241122,2002,2,1,1,Correo Argentino,DELIVERED,2024-11-25 17:23:32,2024-11-26 09:34:24,4
9000003233,1000005673,20241127,1844,2,4,4,Correo Argentino,DELIVERED,2024-11-28 16:28:43,2024-11-29 18:05:41,2
9000003339,1000005833,20241203,1291,2,2,2,Correo Argentino,DELIVERED,2024-12-04 18:26:37,2024-12-05 14:12:54,2
9000003384,1000005915,20241207,1960,2,2,2,Correo Argentino,DELIVERED,2024-12-09 18:03:02,2024-12-10 10:40:18,3
9000003470,1000006051,20241212,1901,2,3,3,Correo Argentino,DELIVERED,2024-12-12 16:06:10,2024-12-18 10:58:44,6
9000003480,1000006068,20241212,143,2,2,2,Correo Argentino,DELIVERED,2024-12-13 18:19:39,2024-12-18 16:58:44,6
9000003487,1000006082,20241212,41,2,1,1,Correo Argentino,DELIVERED,2024-12-13 17:36:36,2024-12-19 12:52:29,7
9000003506,1000006130,20241213,2125,2,1,1,Correo Argentino,DELIVERED,2024-12-16 16:42:28,2024-12-20 11:32:42,7
9000003628,1000006335,20241219,1146,2,4,4,Correo Argentino,DELIVERED,2024-12-20 17:34:07,2024-12-26 18:25:17,7
9000003648,1000006372,20241220,686,2,3,3,Correo Argentino,DELIVERED,2024-12-23 16:41:35,2024-12-30 13:41:19,10
9000003662,1000006401,20241221,1860,2,2,2,Correo Argentino,DELIVERED,2024-12-23 16:59:20,2024-12-27 14:48:56,6
9000003667,1000006417,20241221,1472,2,4,4,Correo Argentino,DELIVERED,2024-12-23 16:51:02,2024-12-27 18:30:19,6
9000003721,1000006499,20241224,529,2,1,1,Correo Argentino,DELIVERED,2024-12-26 18:56:48,2024-12-30 13:05:19,6
9000003725,1000006508,20241224,2200,2,2,2,Correo Argentino,DELIVERED,2024-12-26 17:20:03,2024-12-30 19:24:45,6
9000003770,1000006577,20241228,1820,2,2,2,Correo Argentino,DELIVERED,2024-12-30 16:00:33,2025-01-02 18:18:05,5
9000003801,1000006627,20241231,891,2,2,2,Correo Argentino,DELIVERED,2024-12-31 17:34:25,2025-01-03 16:16:40,3
9000003845,1000006713,20250104,1746,2,1,1,Correo Argentino,DELIVERED,2025-01-06 18:41:57,2025-01-08 11:28:00,4
9000003876,1000006754,20250106,1569,2,1,1,Correo Argentino,DELIVERED,2025-01-07 18:20:26,2025-01-08 18:05:55,2
9000003903,1000006795,20250108,2286,2,3,3,Correo Argentino,DELIVERED,2025-01-09 18:55:33,2025-01-10 17:10:40,2
9000003911,1000006808,20250109,1888,2,1,1,Correo Argentino,DELIVERED,2025-01-10 17:12:59,2025-01-14 12:58:00,5
9000003913,1000006810,20250109,867,2,3,3,Correo Argentino,DELIVERED,2025-01-10 17:09:50,2025-01-14 09:55:39,5
9000003922,1000006824,20250110,2100,2,4,4,Correo Argentino,DELIVERED,2025-01-13 18:34:21,2025-01-14 14:52:53,4
9000003953,1000006886,20250113,2140,2,3,3,Correo Argentino,DELIVERED,2025-01-14 18:20:06,2025-01-15 12:08:28,2
9000004047,1000007067,20250122,1333,2,1,1,Correo Argentino,DELIVERED,2025-01-22 18:02:17,2025-01-24 16:55:18,2
9000004052,1000007078,20250122,2355,2,4,4,Correo Argentino,DELIVERED,2025-01-23 16:02:47,2025-01-27 11:38:11,5
9000004054,1000007081,20250122,1863,2,3,3,Correo Argentino,DELIVERED,2025-01-23 18:17:02,2025-01-27 18:27:33,5
9000004078,1000007115,20250124,2361,2,2,2,Correo Argentino,DELIVERED,2025-01-27 17:55:54,2025-01-28 17:34:25,4
9000004085,1000007137,20250125,1787,2,2,2,Correo Argentino,DELIVERED,2025-01-27 18:18:49,2025-01-29 12:16:51,4
9000002048,1000003680,20240805,1100,1,,1,Correo Argentino,DELIVERED,2024-08-06 17:40:00,2024-08-14 18:32:22,9
9000002049,1000003683,20240805,1541,1,,3,Correo Argentino,DELIVERED,2024-08-06 17:41:00,2024-08-15 12:10:10,10
9000002050,1000003684,20240805,1542,1,,2,Correo Argentino,DELIVERED,2024-08-06 18:50:35,2024-08-15 09:13:34,10
9000002051,1000003685,20240806,395,1,,1,Correo Argentino,DELIVERED,2024-08-06 18:44:26,2024-08-12 11:26:31,6
9000002052,1000003686,20240806,1543,1,,1,Correo Argentino,DELIVERED,2024-08-06 17:05:24,2024-08-12 09:38:00,6
9000002053,1000003695,20240806,1547,1,,2,Correo Argentino,DELIVERED,2024-08-07 18:12:47,2024-08-19 11:24:12,13
9000002054,1000003697,20240806,1549,1,,1,Correo Argentino,DELIVERED,2024-08-07 17:06:11,2024-08-14 15:49:16,8
9000002055,1000003698,20240807,11,1,,2,Correo Argentino,DELIVERED,2024-08-07 17:56:33,2024-08-14 14:58:21,7
9000002056,1000003701,20240807,1388,1,,1,Correo Argentino,DELIVERED,2024-08-08 17:06:19,2024-08-14 13:17:51,7
9000002057,1000003702,20240807,1550,1,,3,Correo Argentino,DELIVERED,2024-08-08 16:35:57,2024-08-16 19:58:51,9
9000002058,1000003703,20240807,663,1,,1,Correo Argentino,DELIVERED,2024-08-08 16:29:43,2024-08-19 15:33:42,12
9000002059,1000003705,20240807,1380,1,,1,Correo Argentino,DELIVERED,2024-08-08 17:05:12,2024-08-19 11:44:06,12
9000002060,1000003706,20240807,1551,1,,3,Correo Argentino,DELIVERED,2024-08-08 17:09:54,2024-08-14 17:04:54,7
9000002061,1000003708,20240807,179,1,,3,Correo Argentino,DELIVERED,2024-08-08 18:01:17,2024-08-20 19:34:30,13
9000002063,1000003711,20240807,142,1,,1,Correo Argentino,DELIVERED,2024-08-08 17:28:37,2024-08-16 11:07:18,9
9000002064,1000003712,20240807,1552,1,,1,Correo Argentino,DELIVERED,2024-08-08 16:18:33,2024-08-15 19:26:33,8
9000002065,1000003713,20240808,998,1,,1,Correo Argentino,DELIVERED,2024-08-08 17:07:32,2024-08-15 11:38:30,7
9000002066,1000003714,20240808,1553,1,,1,Correo Argentino,DELIVERED,2024-08-08 16:19:47,2024-08-15 16:39:20,7
9000002067,1000003715,20240808,1273,1,,2,Correo Argentino,DELIVERED,2024-08-08 17:28:32,2024-08-15 11:44:49,7
9000002068,1000003716,20240808,1554,1,,1,Correo Argentino,DELIVERED,2024-08-08 16:44:38,2024-08-20 18:43:58,12
9000002069,1000003717,20240808,169,1,,1,Correo Argentino,DELIVERED,2024-08-08 17:47:32,2024-08-16 19:55:36,8
9000002070,1000003718,20240808,1555,1,,2,Correo Argentino,DELIVERED,2024-08-08 16:05:19,2024-08-19 15:34:43,11
9000002071,1000003721,20240808,999,1,,4,Correo Argentino,DELIVERED,2024-08-08 16:09:43,2024-08-16 18:48:16,8
9000002072,1000003726,20240808,68,1,,1,Correo Argentino,DELIVERED,2024-08-09 17:03:34,2024-08-15 16:33:25,7
9000002073,1000003727,20240808,328,1,,2,Correo Argentino,DELIVERED,2024-08-09 18:33:05,2024-08-21 13:16:28,13
9000002074,1000003728,20240808,1313,1,,2,Correo Argentino,DELIVERED,2024-08-09 18:08:33,2024-08-21 13:14:03,13
9000002075,1000003731,20240809,1346,1,,4,Correo Argentino,DELIVERED,2024-08-12 16:50:08,2024-08-20 11:39:06,11
9000002076,1000003736,20240809,470,1,,3,Correo Argentino,DELIVERED,2024-08-12 17:01:04,2024-08-22 10:15:13,13
9000002077,1000003737,20240810,878,1,,3,Correo Argentino,DELIVERED,2024-08-12 18:05:55,2024-08-21 10:59:25,11
9000002078,1000003738,20240810,26,1,,1,Correo Argentino,DELIVERED,2024-08-12 17:04:04,2024-08-21 13:28:19,11
9000002079,1000003739,20240810,1383,1,,1,Correo Argentino,DELIVERED,2024-08-12 16:33:54,2024-08-20 14:49:18,10
9000002080,1000003740,20240810,1557,1,,2,Correo Argentino,DELIVERED,2024-08-12 16:33:01,2024-08-16 15:35:17,6
9000002081,1000003741,20240810,1431,1,,2,Correo Argentino,DELIVERED,2024-08-12 18:59:31,2024-08-20 09:47:55,10
9000002083,1000003753,20240810,1223,1,,1,Correo Argentino,DELIVERED,2024-08-12 17:58:25,2024-08-20 12:34:10,10
9000002084,1000003759,20240810,1560,1,,2,Correo Argentino,DELIVERED,2024-08-12 16:06:33,2024-08-20 19:06:28,10
9000002085,1000003761,20240810,1276,1,,1,Correo Argentino,DELIVERED,2024-08-12 16:53:56,2024-08-19 12:55:09,9
9000002086,1000003762,20240811,420,1,,1,Correo Argentino,DELIVERED,2024-08-12 18:55:17,2024-08-21 17:03:26,10
9000002087,1000003763,20240811,1450,1,,3,Correo Argentino,DELIVERED,2024-08-12 16:06:43,2024-08-20 12:50:43,9
9000002088,1000003764,20240811,1459,1,,3,Correo Argentino,DELIVERED,2024-08-12 16:48:35,2024-08-21 18:08:10,10
9000002089,1000003765,20240811,1350,1,,3,Correo Argentino,DELIVERED,2024-08-12 16:20:39,2024-08-21 18:45:21,10
9000002090,1000003766,20240811,906,1,,1,Correo Argentino,DELIVERED,2024-08-12 17:58:03,2024-08-15 13:29:18,4
9000002091,1000003768,20240812,1561,1,,1,Correo Argentino,DELIVERED,2024-08-12 18:57:58,2024-08-20 16:16:09,8
9000002092,1000003769,20240812,1002,1,,3,Correo Argentino,DELIVERED,2024-08-12 16:11:48,2024-08-21 19:23:38,9
9000002093,1000003770,20240812,613,1,,4,Correo Argentino,DELIVERED,2024-08-12 17:19:41,2024-08-23 09:02:06,11
9000002094,1000003774,20240812,1415,1,,1,Correo Argentino,DELIVERED,2024-08-13 17:32:54,2024-08-20 16:07:59,8
9000002095,1000003776,20240812,201,1,,1,Correo Argentino,DELIVERED,2024-08-13 17:40:24,2024-08-16 13:48:42,4
9000002096,1000003777,20240812,876,1,,2,Correo Argentino,DELIVERED,2024-08-13 17:01:29,2024-08-26 16:49:06,14
9000002097,1000003778,20240812,831,1,,4,Correo Argentino,DELIVERED,2024-08-13 16:37:34,2024-08-23 16:35:12,11
9000002098,1000003779,20240812,1563,1,,1,Correo Argentino,DELIVERED,2024-08-13 16:54:41,2024-08-20 12:12:54,8
9000002099,1000003781,20240812,602,1,,4,Correo Argentino,DELIVERED,2024-08-13 16:42:18,2024-08-23 16:19:43,11
9000002100,1000003782,20240812,1414,1,,1,Correo Argentino,DELIVERED,2024-08-13 16:55:04,2024-08-22 09:57:01,10
9000002101,1000003784,20240812,1109,1,,4,Correo Argentino,DELIVERED,2024-08-13 16:49:04,2024-08-20 12:30:31,8
9000002102,1000003785,20240813,1564,1,,2,Correo Argentino,DELIVERED,2024-08-13 17:10:47,2024-08-22 19:28:38,9
9000002103,1000003786,20240813,300,1,,3,Correo Argentino,DELIVERED,2024-08-13 16:14:05,2024-08-22 14:17:25,9
9000002104,1000003787,20240813,1565,1,,4,Correo Argentino,DELIVERED,2024-08-13 17:44:53,2024-08-22 10:34:04,9
9000002105,1000003788,20240813,1566,1,,3,Correo Argentino,DELIVERED,2024-08-13 16:24:35,2024-08-20 14:45:30,7
9000002106,1000003790,20240813,626,1,,1,Correo Argentino,DELIVERED,2024-08-13 18:08:54,2024-08-22 10:02:22,9
9000002107,1000003791,20240813,1568,1,,2,Correo Argentino,DELIVERED,2024-08-14 18:03:43,2024-08-22 19:16:33,9
9000002108,1000003793,20240813,398,1,,1,Correo Argentino,DELIVERED,2024-08-14 17:57:03,2024-08-19 19:11:05,6
9000002109,1000003795,20240813,715,1,,2,Correo Argentino,DELIVERED,2024-08-14 16:29:26,2024-08-21 17:35:19,8
9000002110,1000003796,20240813,1570,1,,1,Correo Argentino,DELIVERED,2024-08-14 17:13:43,2024-08-23 18:39:11,10
9000002111,1000003797,20240813,132,1,,2,Correo Argentino,DELIVERED,2024-08-14 16:53:12,2024-08-26 16:59:15,13
9000002112,1000003798,20240813,404,1,,1,Correo Argentino,DELIVERED,2024-08-14 16:34:36,2024-08-23 14:49:47,10
9000002113,1000003799,20240813,1057,1,,3,Correo Argentino,DELIVERED,2024-08-14 16:57:32,2024-08-23 13:39:29,10
9000002114,1000003800,20240813,978,1,,2,Correo Argentino,DELIVERED,2024-08-14 18:21:40,2024-08-26 09:14:29,13
9000002115,1000003801,20240813,1306,1,,1,Correo Argentino,DELIVERED,2024-08-14 16:49:09,2024-08-19 12:27:57,6
9000002116,1000003802,20240813,789,1,,3,Correo Argentino,DELIVERED,2024-08-14 18:49:06,2024-08-22 10:02:12,9
9000002117,1000003803,20240814,1077,1,,3,Correo Argentino,DELIVERED,2024-08-14 16:51:14,2024-08-22 13:01:54,8
9000002118,1000003804,20240814,1046,1,,1,Correo Argentino,DELIVERED,2024-08-14 17:05:18,2024-08-21 19:03:24,7
9000002119,1000003805,20240814,490,1,,1,Correo Argentino,DELIVERED,2024-08-14 16:20:39,2024-08-20 13:29:09,6
9000002120,1000003808,20240814,896,1,,2,Correo Argentino,DELIVERED,2024-08-14 18:56:11,2024-08-22 16:33:15,8
9000002121,1000003809,20240814,1072,1,,1,Correo Argentino,DELIVERED,2024-08-15 16:39:17,2024-08-23 14:07:59,9
9000002122,1000003810,20240814,553,1,,3,Correo Argentino,DELIVERED,2024-08-15 17:08:05,2024-08-23 15:32:28,9
9000002124,1000003812,20240814,1390,1,,4,Correo Argentino,DELIVERED,2024-08-15 17:39:06,2024-08-22 13:26:15,8
9000002125,1000003816,20240814,1573,1,,2,Correo Argentino,DELIVERED,2024-08-15 18:33:21,2024-08-23 16:14:44,9
9000002126,1000003817,20240815,1576,1,,2,Correo Argentino,DELIVERED,2024-08-15 18:08:20,2024-08-27 12:09:42,12
9000002127,1000003818,20240815,1577,1,,1,Correo Argentino,DELIVERED,2024-08-15 18:29:39,2024-08-26 16:23:06,11
9000002128,1000003819,20240815,1404,1,,4,Correo Argentino,DELIVERED,2024-08-15 17:55:36,2024-08-26 19:34:01,11
9000002129,1000003820,20240815,279,1,,2,Correo Argentino,DELIVERED,2024-08-15 18:37:29,2024-08-26 14:33:18,11
9000002130,1000003822,20240815,1180,1,,1,Correo Argentino,DELIVERED,2024-08-16 16:30:46,2024-08-27 12:31:08,12
9000002131,1000003824,20240815,652,1,,1,Correo Argentino,DELIVERED,2024-08-16 17:16:39,2024-08-22 13:45:04,7
9000002132,1000003826,20240815,116,1,,1,Correo Argentino,DELIVERED,2024-08-19 18:49:44,2024-08-28 10:16:59,13
9000002133,1000003831,20240815,1275,1,,4,Correo Argentino,DELIVERED,2024-08-16 16:03:15,2024-08-27 15:56:52,12
9000002134,1000003832,20240815,438,1,,1,Correo Argentino,DELIVERED,2024-08-16 17:41:02,2024-08-28 19:12:45,13
9000002135,1000003833,20240815,1580,1,,1,Correo Argentino,DELIVERED,2024-08-16 17:35:16,2024-08-23 14:52:38,8
9000002136,1000003834,20240815,1581,1,,1,Correo Argentino,DELIVERED,2024-08-16 16:13:53,2024-08-28 18:36:04,13
9000002137,1000003835,20240815,1110,1,,4,Correo Argentino,DELIVERED,2024-08-16 16:03:19,2024-08-26 14:14:02,11
9000002138,1000003837,20240816,1582,1,,2,Correo Argentino,DELIVERED,2024-08-16 17:47:54,2024-08-26 13:11:50,10
9000002139,1000003838,20240816,20,1,,1,Correo Argentino,DELIVERED,2024-08-16 18:28:39,2024-08-26 11:07:17,10
9000002140,1000003842,20240816,124,1,,1,Correo Argentino,DELIVERED,2024-08-16 16:58:09,2024-08-27 11:09:59,11
9000002141,1000003844,20240816,1285,1,,3,Correo Argentino,DELIVERED,2024-08-19 16:52:33,2024-08-30 09:12:01,14
9000002142,1000003846,20240816,296,1,,2,Correo Argentino,DELIVERED,2024-08-19 17:21:22,2024-08-29 12:08:46,13
9000002143,1000003849,20240816,1043,1,,1,Correo Argentino,DELIVERED,2024-08-19 18:36:42,2024-08-27 13:33:32,11
9000002144,1000003851,20240816,1347,1,,2,Correo Argentino,DELIVERED,2024-08-19 16:34:19,2024-08-28 18:50:56,12
9000002145,1000003854,20240816,1482,1,,2,Correo Argentino,DELIVERED,2024-08-19 16:06:03,2024-08-28 13:44:51,12
9000002146,1000003856,20240816,1360,1,,1,Correo Argentino,DELIVERED,2024-08-19 17:05:36,2024-08-27 16:32:12,11
9000002147,1000003857,20240816,1587,1,,2,Correo Argentino,DELIVERED,2024-08-19 17:17:14,2024-08-30 19:23:28,14
9000002148,1000003860,20240817,1588,1,,1,Correo Argentino,DELIVERED,2024-08-19 16:48:16,2024-08-23 19:36:10,6
9000002150,1000003867,20240817,867,1,,3,Correo Argentino,DELIVERED,2024-08-19 17:45:39,2024-08-23 09:26:33,6
9000002151,1000003869,20240817,679,1,,3,Correo Argentino,DELIVERED,2024-08-19 18:45:09,2024-08-26 19:18:55,9
9000002152,1000003871,20240817,885,1,,2,Correo Argentino,DELIVERED,2024-08-19 18:05:33,2024-08-27 09:19:00,10
9000002153,1000003879,20240817,88,1,,1,Correo Argentino,DELIVERED,2024-08-19 18:59:43,2024-08-28 15:24:58,11
9000002154,1000003881,20240817,1091,1,,1,Correo Argentino,DELIVERED,2024-08-19 16:48:35,2024-08-22 11:54:33,5
9000002155,1000003882,20240817,1591,1,,1,Correo Argentino,DELIVERED,2024-08-20 16:33:44,2024-08-26 11:18:14,9
9000002156,1000003883,20240817,169,1,,1,Correo Argentino,DELIVERED,2024-08-19 18:13:23,2024-08-23 13:27:51,6
9000002157,1000003884,20240818,837,1,,1,Correo Argentino,DELIVERED,2024-08-19 18:53:31,2024-08-23 16:13:57,5
9000002158,1000003885,20240818,690,1,,1,Correo Argentino,DELIVERED,2024-08-19 17:22:26,2024-08-22 13:42:36,4
9000002159,1000003886,20240818,1592,1,,2,Correo Argentino,DELIVERED,2024-08-19 16:25:03,2024-08-30 10:58:54,12
9000002160,1000003887,20240818,233,1,,3,Correo Argentino,DELIVERED,2024-08-19 16:00:58,2024-08-27 16:56:59,9
9000002161,1000003888,20240818,1055,1,,2,Correo Argentino,DELIVERED,2024-08-19 17:22:11,2024-08-28 15:15:34,10
9000002162,1000003889,20240818,3,1,,3,Correo Argentino,DELIVERED,2024-08-19 16:50:19,2024-08-28 17:17:36,10
9000002163,1000003890,20240818,268,1,,4,Correo Argentino,DELIVERED,2024-08-19 16:43:31,2024-08-23 10:15:58,5
9000002164,1000003891,20240818,1524,1,,2,Correo Argentino,DELIVERED,2024-08-19 16:05:35,2024-09-02 12:16:38,15
9000002165,1000003894,20240819,1593,1,,2,Correo Argentino,DELIVERED,2024-08-19 16:42:52,2024-08-27 18:16:36,8
9000002166,1000003896,20240819,1479,1,,1,Correo Argentino,DELIVERED,2024-08-19 18:41:53,2024-08-27 16:13:41,8
9000002167,1000003898,20240819,1595,1,,2,Correo Argentino,DELIVERED,2024-08-20 16:46:39,2024-08-29 10:19:00,10
9000002168,1000003899,20240819,1538,1,,2,Correo Argentino,DELIVERED,2024-08-20 16:42:50,2024-08-28 18:52:53,9
9000002170,1000003902,20240819,77,1,,1,Correo Argentino,DELIVERED,2024-08-20 18:48:52,2024-08-26 16:49:37,7
9000002171,1000003903,20240819,703,1,,3,Correo Argentino,DELIVERED,2024-08-20 18:08:46,2024-08-28 16:11:20,9
9000002172,1000003904,20240819,1598,1,,4,Correo Argentino,DELIVERED,2024-08-20 18:11:26,2024-08-29 12:05:34,10
9000002173,1000003905,20240820,1599,1,,1,Correo Argentino,DELIVERED,2024-08-20 16:21:11,2024-08-28 13:35:54,8
9000002174,1000003907,20240820,566,1,,2,Correo Argentino,DELIVERED,2024-08-20 18:14:11,2024-08-30 09:28:15,10
9000002175,1000003909,20240820,44,1,,2,Correo Argentino,DELIVERED,2024-08-21 17:41:13,2024-08-30 15:39:19,10
9000002177,1000003914,20240820,1232,1,,1,Correo Argentino,DELIVERED,2024-08-21 18:49:35,2024-08-29 14:53:12,9
9000002178,1000003915,20240820,739,1,,2,Correo Argentino,DELIVERED,2024-08-21 17:53:39,2024-09-03 10:06:41,14
9000002179,1000003917,20240820,1601,1,,2,Correo Argentino,DELIVERED,2024-08-21 17:07:48,2024-09-02 18:45:25,13
9000002180,1000003918,20240820,380,1,,3,Correo Argentino,DELIVERED,2024-08-21 16:11:13,2024-08-30 13:55:39,10
9000002181,1000003919,20240821,222,1,,1,Correo Argentino,DELIVERED,2024-08-21 16:24:45,2024-08-27 15:47:02,6
9000002182,1000003920,20240821,270,1,,1,Correo Argentino,DELIVERED,2024-08-22 16:14:43,2024-08-27 17:34:55,6
9000002183,1000003923,20240821,946,1,,1,Correo Argentino,DELIVERED,2024-08-22 16:18:14,2024-08-28 09:46:01,7
9000002184,1000003924,20240821,1359,1,,1,Correo Argentino,DELIVERED,2024-08-22 16:44:16,2024-08-30 18:47:27,9
9000002185,1000003927,20240821,930,1,,1,Correo Argentino,DELIVERED,2024-08-22 18:18:12,2024-08-29 15:35:46,8
9000002186,1000003928,20240821,567,1,,1,Correo Argentino,DELIVERED,2024-08-22 17:20:27,2024-08-27 11:03:29,6
9000002187,1000003929,20240821,903,1,,2,Correo Argentino,DELIVERED,2024-08-22 16:00:24,2024-09-02 15:27:12,12
9000002188,1000003930,20240821,1604,1,,2,Correo Argentino,CANCELLED,,,
9000002189,1000003931,20240821,1194,1,,3,Correo Argentino,DELIVERED,2024-08-22 17:58:30,2024-09-03 10:18:23,13
9000002190,1000003932,20240822,140,1,,1,Correo Argentino,DELIVERED,2024-08-22 16:05:13,2024-08-29 12:37:27,7
9000002191,1000003933,20240822,1605,1,,4,Correo Argentino,DELIVERED,2024-08-22 18:51:40,2024-08-30 13:41:48,8
9000002192,1000003934,20240822,1606,1,,2,Correo Argentino,DELIVERED,2024-08-22 18:02:50,2024-08-30 11:10:24,8
9000002193,1000003936,20240822,1608,1,,1,Correo Argentino,DELIVERED,2024-08-22 17:00:15,2024-08-30 09:32:23,8
9000002194,1000003938,20240822,1610,1,,1,Correo Argentino,DELIVERED,2024-08-23 17:09:12,2024-08-29 12:54:28,7
9000002195,1000003940,20240822,644,1,,2,Correo Argentino,DELIVERED,2024-08-23 17:42:53,2024-08-30 11:17:32,8
9000002196,1000003941,20240822,1611,1,,2,Correo Argentino,DELIVERED,2024-08-23 17:32:46,2024-09-03 15:38:24,12
9000002197,1000003943,20240822,1612,1,,3,Correo Argentino,DELIVERED,2024-08-23 16:31:32,2024-09-04 15:56:43,13
9000002198,1000003946,20240822,788,1,,4,Correo Argentino,DELIVERED,2024-08-23 17:56:43,2024-08-30 16:02:01,8
9000002199,1000003947,20240822,1528,1,,3,Correo Argentino,DELIVERED,2024-08-23 18:16:50,2024-09-03 13:03:31,12
9000002200,1000003950,20240823,1375,1,,1,Correo Argentino,DELIVERED,2024-08-23 16:01:21,2024-09-04 16:26:19,12
9000002202,1000003954,20240823,1388,1,,1,Correo Argentino,DELIVERED,2024-08-26 18:03:47,2024-08-30 17:40:34,7
9000002203,1000003955,20240823,1329,1,,1,Correo Argentino,DELIVERED,2024-08-26 16:42:06,2024-09-02 17:28:30,10
9000002204,1000003959,20240823,1492,1,,1,Correo Argentino,DELIVERED,2024-08-26 17:08:42,2024-09-02 16:23:38,10
9000002205,1000003960,20240823,1483,1,,3,Correo Argentino,DELIVERED,2024-08-26 17:13:40,2024-09-03 18:23:13,11
9000002206,1000003963,20240823,1620,1,,1,Correo Argentino,DELIVERED,2024-08-26 17:55:18,2024-09-02 19:31:51,10
9000002207,1000003964,20240823,1621,1,,1,Correo Argentino,DELIVERED,2024-08-26 16:52:43,2024-09-03 15:31:47,11
9000002208,1000003965,20240823,365,1,,3,Correo Argentino,DELIVERED,2024-08-26 18:09:38,2024-09-03 10:52:24,11
9000002209,1000003966,20240823,1012,1,,2,Correo Argentino,DELIVERED,2024-08-26 16:52:53,2024-08-30 17:59:25,7
9000002210,1000003967,20240823,670,1,,1,Correo Argentino,DELIVERED,2024-08-26 16:19:04,2024-08-30 16:03:47,7
9000002211,1000003968,20240824,1622,1,,1,Correo Argentino,DELIVERED,2024-08-26 16:27:52,2024-09-05 17:04:04,12
9000002212,1000003969,20240824,755,1,,1,Correo Argentino,DELIVERED,2024-08-26 18:23:39,2024-08-30 09:17:13,6
9000002213,1000003970,20240824,1450,1,,3,Correo Argentino,DELIVERED,2024-08-26 16:50:09,2024-09-04 14:37:56,11
9000002214,1000003975,20240824,1328,1,,2,Correo Argentino,DELIVERED,2024-08-26 17:26:00,2024-09-03 17:08:32,10
9000002215,1000003976,20240824,1623,1,,1,Correo Argentino,DELIVERED,2024-08-26 16:19:42,2024-09-03 12:32:27,10
9000002216,1000003978,20240824,1624,1,,2,Correo Argentino,DELIVERED,2024-08-26 16:34:09,2024-08-30 19:31:48,6
9000002217,1000003979,20240824,1541,1,,3,Correo Argentino,DELIVERED,2024-08-26 18:23:38,2024-09-02 10:25:47,9
9000002218,1000003980,20240824,1412,1,,1,Correo Argentino,DELIVERED,2024-08-26 17:09:51,2024-09-03 09:55:35,10
9000002219,1000003981,20240824,1120,1,,1,Correo Argentino,DELIVERED,2024-08-26 18:21:47,2024-08-30 19:28:57,6
9000002220,1000003982,20240824,1521,1,,1,Correo Argentino,DELIVERED,2024-08-26 18:26:16,2024-08-30 17:37:24,6
9000002221,1000003983,20240825,457,1,,4,Correo Argentino,DELIVERED,2024-08-26 18:17:57,2024-09-04 19:31:20,10
9000002222,1000003984,20240825,956,1,,3,Correo Argentino,DELIVERED,2024-08-26 16:17:49,2024-09-03 15:20:13,9
9000002223,1000003985,20240825,1506,1,,3,Correo Argentino,DELIVERED,2024-08-26 18:54:42,2024-09-09 11:54:45,15
9000002224,1000003986,20240825,1249,1,,1,Correo Argentino,DELIVERED,2024-08-26 16:01:05,2024-09-05 13:24:23,11
9000002225,1000003987,20240825,1384,1,,1,Correo Argentino,DELIVERED,2024-08-26 16:23:51,2024-09-02 12:49:53,8
9000002226,1000003988,20240825,1336,1,,3,Correo Argentino,DELIVERED,2024-08-26 17:31:23,2024-09-03 12:06:10,9
9000002227,1000003989,20240825,1625,1,,1,Correo Argentino,DELIVERED,2024-08-26 16:25:34,2024-09-03 11:46:09,9
9000002228,1000003990,20240826,333,1,,3,Correo Argentino,DELIVERED,2024-08-26 18:07:11,2024-09-02 16:54:48,7
9000002229,1000003991,20240826,1626,1,,2,Correo Argentino,DELIVERED,2024-08-26 17:20:08,2024-09-03 09:34:58,8
9000002230,1000003992,20240826,1422,1,,1,Correo Argentino,DELIVERED,2024-08-26 17:13:17,2024-09-02 17:39:35,7
9000002231,1000003993,20240826,1409,1,,3,Correo Argentino,DELIVERED,2024-08-26 16:34:40,2024-09-03 13:07:35,8
9000002232,1000003995,20240826,1297,1,,2,Correo Argentino,DELIVERED,2024-08-26 17:22:51,2024-08-30 14:31:25,4
9000002233,1000003996,20240826,883,1,,2,Correo Argentino,DELIVERED,2024-08-27 16:45:01,2024-09-09 18:33:52,14
9000002234,1000003998,20240826,632,1,,1,Correo Argentino,DELIVERED,2024-08-27 18:03:24,2024-09-05 16:04:44,10
9000002235,1000003999,20240826,1006,1,,2,Correo Argentino,DELIVERED,2024-08-27 18:50:02,2024-09-04 19:45:20,9
9000002236,1000004000,20240826,405,1,,4,Correo Argentino,DELIVERED,2024-08-27 17:58:55,2024-09-04 19:37:13,9
9000002237,1000004001,20240827,575,1,,3,Correo Argentino,DELIVERED,2024-08-27 16:07:14,2024-09-06 14:29:15,10
9000002238,1000004002,20240827,126,1,,1,Correo Argentino,DELIVERED,2024-08-27 16:42:02,2024-09-02 11:28:21,6
9000002239,1000004003,20240827,1373,1,,1,Correo Argentino,DELIVERED,2024-08-28 16:58:55,2024-09-06 16:57:18,10
9000002240,1000004004,20240827,1628,1,,1,Correo Argentino,DELIVERED,2024-08-28 18:43:08,2024-09-05 13:36:54,9
9000002241,1000004006,20240827,1629,1,,3,Correo Argentino,DELIVERED,2024-08-28 17:24:43,2024-09-06 10:47:10,10
9000002242,1000004008,20240827,142,1,,1,Correo Argentino,DELIVERED,2024-08-28 18:47:15,2024-09-05 13:05:56,9
9000002243,1000004009,20240827,614,1,,3,Correo Argentino,DELIVERED,2024-08-28 16:43:06,2024-09-09 09:36:02,13
9000002244,1000004010,20240827,635,1,,1,Correo Argentino,DELIVERED,2024-08-28 16:52:28,2024-09-04 18:25:18,8
9000002245,1000004011,20240827,461,1,,3,Correo Argentino,DELIVERED,2024-08-28 16:36:06,2024-09-10 10:15:53,14
9000002246,1000004012,20240828,427,1,,3,Correo Argentino,DELIVERED,2024-08-28 16:31:50,2024-09-05 15:03:29,8
9000002247,1000004013,20240828,1159,1,,1,Correo Argentino,DELIVERED,2024-08-28 16:07:38,2024-09-04 15:38:16,7
9000002248,1000004014,20240828,1051,1,,3,Correo Argentino,DELIVERED,2024-08-28 18:06:07,2024-09-06 09:14:52,9
9000002249,1000004017,20240828,505,1,,1,Correo Argentino,DELIVERED,2024-08-28 18:16:28,2024-09-05 10:03:31,8
9000002250,1000004021,20240828,254,1,,2,Correo Argentino,DELIVERED,2024-08-29 18:53:00,2024-09-05 18:12:35,8
9000002251,1000004024,20240828,1632,1,,1,Correo Argentino,DELIVERED,2024-08-30 18:42:45,2024-09-04 12:46:04,7
9000002252,1000004025,20240829,1134,1,,3,Correo Argentino,DELIVERED,2024-08-29 16:42:56,2024-09-10 10:30:11,12
9000002253,1000004026,20240829,447,1,,1,Correo Argentino,DELIVERED,2024-09-02 16:36:22,2024-09-04 19:45:28,6
9000002254,1000004027,20240829,784,1,,4,Correo Argentino,DELIVERED,2024-08-29 17:26:27,2024-09-09 16:51:05,11
9000002255,1000004028,20240829,1633,1,,4,Correo Argentino,DELIVERED,2024-08-29 17:13:19,2024-09-09 14:49:44,11
9000002256,1000004029,20240829,1117,1,,1,Correo Argentino,DELIVERED,2024-08-29 18:50:40,2024-09-04 16:55:56,6
9000002257,1000004030,20240829,621,1,,3,Correo Argentino,DELIVERED,2024-08-29 17:53:55,2024-09-09 10:56:22,11
9000002258,1000004031,20240829,1258,1,,1,Correo Argentino,DELIVERED,2024-08-30 17:33:17,2024-09-09 11:44:37,11
9000002259,1000004033,20240829,1551,1,,3,Correo Argentino,DELIVERED,2024-08-30 18:22:34,2024-09-10 19:34:12,12
9000002260,1000004034,20240829,404,1,,1,Correo Argentino,DELIVERED,2024-08-30 17:06:32,2024-09-10 10:54:56,12
9000002261,1000004037,20240829,886,1,,2,Correo Argentino,DELIVERED,2024-08-30 16:47:26,2024-09-06 16:11:05,8
9000002262,1000004038,20240829,42,1,,1,Correo Argentino,DELIVERED,2024-08-30 18:30:44,2024-09-05 19:17:54,7
9000002264,1000004043,20240829,1637,1,,1,Correo Argentino,DELIVERED,2024-08-30 17:49:35,2024-09-05 11:42:28,7
9000002265,1000004044,20240829,1638,1,,4,Correo Argentino,DELIVERED,2024-08-30 16:23:48,2024-09-11 12:57:38,13
9000002266,1000004045,20240830,1639,1,,1,Correo Argentino,DELIVERED,2024-08-30 16:42:10,2024-09-05 17:14:47,6
9000002267,1000004047,20240830,1641,1,,4,Correo Argentino,DELIVERED,2024-09-02 18:22:42,2024-09-06 09:50:13,7
9000002268,1000004051,20240830,716,1,,1,Correo Argentino,DELIVERED,2024-09-02 18:00:10,2024-09-03 14:50:03,4
9000002269,1000004057,20240830,1643,1,,1,Correo Argentino,DELIVERED,2024-09-02 18:54:26,2024-09-04 13:30:59,5
9000002270,1000004058,20240830,516,1,,3,Correo Argentino,DELIVERED,2024-09-02 16:48:17,2024-09-04 09:20:32,5
9000002271,1000004059,20240830,1535,1,,1,Correo Argentino,DELIVERED,2024-09-02 16:42:04,2024-09-03 09:21:07,4
9000002272,1000004060,20240831,791,1,,1,Correo Argentino,DELIVERED,2024-09-02 16:42:17,2024-09-04 09:13:28,4
9000002273,1000004061,20240831,1645,1,,2,Correo Argentino,DELIVERED,2024-09-02 16:50:28,2024-09-09 12:30:16,9
9000002274,1000004063,20240831,1598,1,,4,Correo Argentino,DELIVERED,2024-09-02 18:38:55,2024-09-09 15:55:52,9
9000002276,1000004067,20240831,1646,1,,3,Correo Argentino,DELIVERED,2024-09-02 17:58:56,2024-09-04 15:45:32,4
9000002278,1000004079,20240831,1253,1,,3,Correo Argentino,DELIVERED,2024-09-02 16:08:56,2024-09-05 14:50:19,5
9000002279,1000004080,20240831,872,1,,4,Correo Argentino,DELIVERED,2024-09-02 17:17:56,2024-09-05 17:15:24,5
9000002280,1000004082,20240831,1650,1,,1,Correo Argentino,DELIVERED,2024-09-02 17:46:56,2024-09-04 14:01:05,4
9000002281,1000004084,20240831,874,1,,2,Correo Argentino,DELIVERED,2024-09-02 18:32:20,2024-09-05 12:03:38,5
9000002282,1000004085,20240901,65,1,,1,Correo Argentino,DELIVERED,2024-09-02 18:14:24,2024-09-04 16:33:37,3
9000002283,1000004086,20240901,1652,1,,3,Correo Argentino,DELIVERED,2024-09-02 17:53:42,2024-09-06 09:47:21,5
9000002284,1000004087,20240901,84,1,,1,Correo Argentino,DELIVERED,2024-09-02 17:08:06,2024-09-04 12:12:28,3
9000002285,1000004088,20240901,1653,1,,1,Correo Argentino,DELIVERED,2024-09-02 16:43:48,2024-09-03 11:40:52,2
9000002286,1000004089,20240901,1203,1,,1,Correo Argentino,DELIVERED,2024-09-02 17:22:28,2024-09-04 10:03:32,3
9000002287,1000004090,20240901,1654,1,,4,Correo Argentino,DELIVERED,2024-09-02 17:22:59,2024-09-05 10:34:56,4
9000002288,1000004091,20240901,633,1,,3,Correo Argentino,DELIVERED,2024-09-02 16:40:38,2024-09-05 10:28:31,4
9000002289,1000004092,20240901,1436,1,,4,Correo Argentino,DELIVERED,2024-09-02 18:01:48,2024-09-05 11:34:06,4
9000002290,1000004093,20240902,666,1,,1,Correo Argentino,DELIVERED,2024-09-02 16:43:44,2024-09-04 13:11:48,2
9000002291,1000004094,20240902,1387,1,,3,Correo Argentino,DELIVERED,2024-09-02 18:42:35,2024-09-06 15:50:59,4
9000002292,1000004098,20240902,944,1,,1,Correo Argentino,DELIVERED,2024-09-03 17:13:36,2024-09-05 11:26:10,3
9000002293,1000004099,20240902,488,1,,2,Correo Argentino,DELIVERED,2024-09-03 16:07:12,2024-09-09 14:09:57,7
9000002294,1000004101,20240902,973,1,,2,Correo Argentino,DELIVERED,2024-09-03 16:19:58,2024-09-06 14:09:02,4
9000002295,1000004104,20240902,356,1,,1,Correo Argentino,CANCELLED,,,
9000002296,1000004106,20240902,1504,1,,3,Correo Argentino,DELIVERED,2024-09-03 16:08:10,2024-09-06 19:56:50,4
9000002297,1000004107,20240902,894,1,,1,Correo Argentino,DELIVERED,2024-09-03 17:59:29,2024-09-05 10:43:57,3
9000002298,1000004108,20240903,1330,1,,3,Correo Argentino,DELIVERED,2024-09-03 18:53:09,2024-09-06 12:34:30,3
9000002299,1000004109,20240903,1502,1,,1,Correo Argentino,DELIVERED,2024-09-03 18:49:19,2024-09-04 10:39:40,1
9000002300,1000004110,20240903,176,1,,1,Correo Argentino,DELIVERED,2024-09-03 17:12:41,2024-09-05 14:01:24,2
9000002301,1000004111,20240903,502,1,,2,Correo Argentino,DELIVERED,2024-09-03 17:38:15,2024-09-06 12:39:48,3
9000002302,1000004120,20240903,681,1,,1,Correo Argentino,DELIVERED,2024-09-04 17:36:38,2024-09-05 17:20:06,2
9000002303,1000004121,20240903,652,1,,1,Correo Argentino,DELIVERED,2024-09-04 18:57:04,2024-09-06 12:11:10,3
9000002304,1000004122,20240903,1659,1,,1,Correo Argentino,DELIVERED,2024-09-04 17:06:06,2024-09-06 18:00:52,3
9000002305,1000004123,20240904,73,1,,2,Correo Argentino,DELIVERED,2024-09-04 16:21:50,2024-09-06 16:37:08,2
9000002306,1000004124,20240904,1660,1,,2,Correo Argentino,DELIVERED,2024-09-04 17:49:57,2024-09-10 14:54:40,6
9000002307,1000004125,20240904,1378,1,,3,Correo Argentino,DELIVERED,2024-09-04 17:56:07,2024-09-09 12:20:50,5
9000002308,1000004127,20240904,578,1,,1,Correo Argentino,DELIVERED,2024-09-05 18:44:41,2024-09-10 13:51:39,6
9000002309,1000004130,20240904,233,1,,3,Correo Argentino,DELIVERED,2024-09-05 18:43:29,2024-09-11 15:02:22,7
9000002310,1000004131,20240904,1582,1,,2,Correo Argentino,DELIVERED,2024-09-05 18:37:43,2024-09-11 12:28:16,7
9000002311,1000004135,20240904,1663,1,,4,Correo Argentino,DELIVERED,2024-09-05 16:58:57,2024-09-12 16:39:12,8
9000002312,1000004136,20240904,182,1,,4,Correo Argentino,DELIVERED,2024-09-05 18:31:34,2024-09-09 14:46:12,5
9000002313,1000004138,20240904,1479,1,,1,Correo Argentino,DELIVERED,2024-09-05 16:12:46,2024-09-06 12:18:03,2
9000002314,1000004139,20240904,876,1,,2,Correo Argentino,DELIVERED,2024-09-05 16:42:54,2024-09-10 14:29:27,6
9000002315,1000004140,20240904,878,1,,3,Correo Argentino,DELIVERED,2024-09-05 17:21:43,2024-09-09 16:59:57,5
9000002316,1000004141,20240904,165,1,,2,Correo Argentino,DELIVERED,2024-09-05 17:19:40,2024-09-09 10:24:12,5
9000002317,1000004142,20240905,257,1,,2,Correo Argentino,DELIVERED,2024-09-05 16:50:05,2024-09-10 10:50:44,5
9000002318,1000004149,20240905,1665,1,,2,Correo Argentino,DELIVERED,2024-09-05 18:25:45,2024-09-09 10:52:31,4
9000002320,1000004155,20240905,1162,1,,1,Correo Argentino,DELIVERED,2024-09-06 17:34:50,2024-09-11 11:48:23,6
9000002321,1000004157,20240905,581,1,,4,Correo Argentino,DELIVERED,2024-09-06 18:23:51,2024-09-12 14:36:11,7
9000002322,1000004158,20240905,948,1,,3,Correo Argentino,DELIVERED,2024-09-06 18:37:33,2024-09-10 11:10:34,5
9000002323,1000004159,20240905,1667,1,,2,Correo Argentino,DELIVERED,2024-09-06 18:14:35,2024-09-11 17:02:24,6
9000002324,1000004160,20240906,1668,1,,2,Correo Argentino,DELIVERED,2024-09-06 17:20:56,2024-09-11 19:14:35,5
9000002325,1000004161,20240906,922,1,,2,Correo Argentino,DELIVERED,2024-09-09 17:23:50,2024-09-11 10:38:16,5
9000002326,1000004162,20240906,1003,1,,3,Correo Argentino,DELIVERED,2024-09-06 17:52:00,2024-09-10 19:12:11,4
9000002327,1000004169,20240906,1528,1,,3,Correo Argentino,DELIVERED,2024-09-09 16:09:26,2024-09-13 12:08:46,7
9000002328,1000004175,20240906,61,1,,1,Correo Argentino,DELIVERED,2024-09-09 17:11:57,2024-09-10 09:51:52,4
9000002329,1000004178,20240906,1271,1,,3,Correo Argentino,DELIVERED,2024-09-09 18:01:42,2024-09-13 19:32:04,7
9000002330,1000004179,20240906,742,1,,2,Correo Argentino,DELIVERED,2024-09-09 16:42:21,2024-09-13 19:38:16,7
9000002331,1000004180,20240906,1313,1,,2,Correo Argentino,DELIVERED,2024-09-09 16:50:45,2024-09-13 13:00:20,7
9000002332,1000004181,20240907,1093,1,,2,Correo Argentino,CANCELLED,,,
9000002334,1000004185,20240907,1670,1,,1,Correo Argentino,DELIVERED,2024-09-09 18:38:23,2024-09-10 09:40:13,3
9000002335,1000004191,20240907,1672,1,,1,Correo Argentino,DELIVERED,2024-09-09 18:41:12,2024-09-10 17:54:42,3
9000002336,1000004193,20240907,1673,1,,3,Correo Argentino,DELIVERED,2024-09-09 18:20:45,2024-09-13 14:25:19,6
9000002337,1000004196,20240907,741,1,,2,Correo Argentino,DELIVERED,2024-09-09 18:35:28,2024-09-12 11:52:39,5
9000002338,1000004197,20240907,1423,1,,1,Correo Argentino,DELIVERED,2024-09-09 17:41:54,2024-09-11 11:29:47,4
9000002339,1000004198,20240907,1371,1,,3,Correo Argentino,DELIVERED,2024-09-09 17:58:44,2024-09-11 15:05:53,4
9000002340,1000004199,20240908,420,1,,1,Correo Argentino,DELIVERED,2024-09-09 16:03:05,2024-09-10 10:07:32,2
9000002341,1000004200,20240908,2,1,,3,Correo Argentino,DELIVERED,2024-09-09 17:08:34,2024-09-12 09:24:12,4
9000002342,1000004201,20240908,1114,1,,4,Correo Argentino,DELIVERED,2024-09-09 18:39:43,2024-09-12 16:36:45,4
9000002343,1000004202,20240908,1510,1,,3,Correo Argentino,DELIVERED,2024-09-09 17:44:06,2024-09-12 17:42:59,4
9000002344,1000004203,20240908,1163,1,,2,Correo Argentino,DELIVERED,2024-09-09 17:23:47,2024-09-13 09:06:41,5
9000002345,1000004204,20240908,27,1,,2,Correo Argentino,DELIVERED,2024-09-09 18:03:22,2024-09-12 10:40:12,4
9000002346,1000004205,20240908,1213,1,,2,Correo Argentino,DELIVERED,2024-09-09 17:21:22,2024-09-16 13:02:58,8
9000002347,1000004206,20240908,1674,1,,1,Correo Argentino,DELIVERED,2024-09-09 16:23:10,2024-09-11 11:31:27,3
9000002348,1000004207,20240909,543,1,,2,Correo Argentino,DELIVERED,2024-09-09 18:43:37,2024-09-13 17:04:43,4
9000002350,1000004214,20240909,1030,1,,1,Correo Argentino,DELIVERED,2024-09-10 18:01:57,2024-09-13 09:36:27,4
9000002351,1000004219,20240909,1677,1,,1,Correo Argentino,DELIVERED,2024-09-10 16:37:34,2024-09-12 16:39:40,3
9000002352,1000004220,20240909,136,1,,1,Correo Argentino,DELIVERED,2024-09-10 18:47:58,2024-09-12 15:45:32,3
9000002353,1000004221,20240909,480,1,,3,Correo Argentino,DELIVERED,2024-09-10 16:39:55,2024-09-13 18:37:18,4
9000002354,1000004222,20240910,1678,1,,1,Correo Argentino,DELIVERED,2024-09-10 18:51:40,2024-09-12 18:31:34,2
9000002355,1000004223,20240910,48,1,,2,Correo Argentino,DELIVERED,2024-09-10 17:05:57,2024-09-12 11:08:39,2
9000002356,1000004224,20240910,1679,1,,2,Correo Argentino,DELIVERED,2024-09-10 18:01:24,2024-09-13 18:28:47,3
9000002357,1000004225,20240910,125,1,,3,Correo Argentino,DELIVERED,2024-09-10 16:36:50,2024-09-12 10:57:34,2
9000002358,1000004226,20240910,1680,1,,1,Correo Argentino,DELIVERED,2024-09-10 16:09:07,2024-09-13 19:05:04,3
9000002359,1000004227,20240910,1681,1,,3,Correo Argentino,DELIVERED,2024-09-10 17:20:08,2024-09-16 10:43:10,6
9000002360,1000004228,20240910,1682,1,,2,Correo Argentino,DELIVERED,2024-09-10 16:59:07,2024-09-12 12:53:31,2
9000002361,1000004229,20240910,58,1,,1,Correo Argentino,DELIVERED,2024-09-11 16:42:25,2024-09-12 13:00:53,2
9000002362,1000004232,20240910,1340,1,,1,Correo Argentino,DELIVERED,2024-09-11 17:40:07,2024-09-13 12:02:08,3
9000002363,1000004233,20240910,1646,1,,3,Correo Argentino,DELIVERED,2024-09-11 18:52:17,2024-09-17 12:29:22,7
9000002364,1000004234,20240910,1420,1,,1,Correo Argentino,DELIVERED,2024-09-11 16:33:08,2024-09-13 19:18:03,3
9000002365,1000004239,20240910,905,1,,4,Correo Argentino,DELIVERED,2024-09-11 18:15:39,2024-09-16 13:28:06,6
9000002366,1000004241,20240910,1684,1,,1,Correo Argentino,DELIVERED,2024-09-11 16:06:34,2024-09-12 17:58:17,2
9000002367,1000004242,20240910,1685,1,,3,Correo Argentino,DELIVERED,2024-09-11 17:17:31,2024-09-13 16:16:47,3
9000002368,1000004243,20240911,1604,1,,2,Correo Argentino,DELIVERED,2024-09-11 16:23:54,2024-09-16 09:04:49,5
9000002369,1000004244,20240911,45,1,,2,Correo Argentino,DELIVERED,2024-09-11 18:53:54,2024-09-13 11:01:27,2
9000002370,1000004245,20240911,1687,1,,1,Correo Argentino,DELIVERED,2024-09-11 17:43:08,2024-09-12 17:03:55,1
9000002371,1000004249,20240911,1429,1,,2,Correo Argentino,DELIVERED,2024-09-12 18:43:17,2024-09-18 12:58:20,7
9000002373,1000004252,20240911,1352,1,,2,Correo Argentino,DELIVERED,2024-09-12 16:47:52,2024-09-17 19:21:44,6
9000002374,1000004253,20240911,1620,1,,1,Correo Argentino,DELIVERED,2024-09-12 16:35:47,2024-09-13 10:44:30,2
9000002375,1000004254,20240911,1692,1,,1,Correo Argentino,DELIVERED,2024-09-12 17:04:48,2024-09-13 16:52:15,2
9000002376,1000004256,20240911,930,1,,1,Correo Argentino,DELIVERED,2024-09-12 17:22:17,2024-09-13 19:18:11,2
9000002377,1000004257,20240911,1020,1,,3,Correo Argentino,DELIVERED,2024-09-12 17:56:49,2024-09-16 10:32:39,5
9000002378,1000004259,20240911,1693,1,,2,Correo Argentino,DELIVERED,2024-09-12 18:50:59,2024-09-17 11:52:03,6
9000002379,1000004261,20240911,63,1,,1,Correo Argentino,DELIVERED,2024-09-12 18:06:24,2024-09-16 19:32:29,5
9000002380,1000004262,20240911,1694,1,,3,Correo Argentino,DELIVERED,2024-09-12 17:26:28,2024-09-16 19:07:41,5
9000002381,1000004264,20240912,226,1,,1,Correo Argentino,DELIVERED,2024-09-12 16:01:20,2024-09-16 13:06:16,4
9000002382,1000004265,20240912,542,1,,2,Correo Argentino,DELIVERED,2024-09-12 17:03:09,2024-09-17 18:35:17,5
9000002383,1000004268,20240912,489,1,,1,Correo Argentino,DELIVERED,2024-09-12 17:56:29,2024-09-13 19:19:23,1
9000002384,1000004270,20240912,496,1,,1,Correo Argentino,DELIVERED,2024-09-13 16:54:58,2024-09-18 18:57:21,6
9000002386,1000004273,20240912,828,1,,4,Correo Argentino,CANCELLED,,,
9000002387,1000004276,20240912,425,1,,3,Correo Argentino,DELIVERED,2024-09-13 18:11:53,2024-09-17 13:26:51,5
9000002388,1000004277,20240912,764,1,,1,Correo Argentino,DELIVERED,2024-09-13 18:34:44,2024-09-17 11:45:00,5
9000002389,1000004278,20240913,1038,1,,3,Correo Argentino,DELIVERED,2024-09-13 17:21:49,2024-09-17 09:33:03,4
9000002390,1000004279,20240913,1078,1,,1,Correo Argentino,DELIVERED,2024-09-13 16:36:42,2024-09-16 18:19:03,3
9000002391,1000004280,20240913,69,1,,4,Correo Argentino,DELIVERED,2024-09-13 16:03:27,2024-09-19 15:48:32,6
9000002392,1000004282,20240913,89,1,,3,Correo Argentino,DELIVERED,2024-09-13 17:59:54,2024-09-19 09:48:34,6
9000002393,1000004284,20240913,1479,1,,1,Correo Argentino,DELIVERED,2024-09-13 17:14:31,2024-09-17 12:07:51,4
9000002394,1000004285,20240913,913,1,,3,Correo Argentino,DELIVERED,2024-09-13 17:27:51,2024-09-18 15:52:49,5
9000002395,1000004288,20240913,1138,1,,1,Correo Argentino,DELIVERED,2024-09-13 17:14:37,2024-09-16 13:57:24,3
9000002397,1000004291,20240913,1185,1,,4,Correo Argentino,DELIVERED,2024-09-16 17:06:51,2024-09-20 15:21:27,7
9000002398,1000004293,20240913,1699,1,,4,Correo Argentino,DELIVERED,2024-09-16 18:31:32,2024-09-19 17:37:57,6
9000002399,1000004295,20240913,1436,1,,4,Correo Argentino,DELIVERED,2024-09-16 18:15:42,2024-09-18 11:02:25,5
9000002400,1000004297,20240914,789,1,,3,Correo Argentino,DELIVERED,2024-09-16 18:37:03,2024-09-19 10:49:13,5
9000002401,1000004298,20240914,281,1,,1,Correo Argentino,DELIVERED,2024-09-16 17:10:39,2024-09-17 18:28:43,3
9000002402,1000004303,20240914,1702,1,,3,Correo Argentino,DELIVERED,2024-09-16 16:14:14,2024-09-18 16:57:56,4
9000002403,1000004306,20240914,354,1,,3,Correo Argentino,DELIVERED,2024-09-16 17:19:49,2024-09-20 14:01:43,6
9000002404,1000004307,20240914,1703,1,,2,Correo Argentino,DELIVERED,2024-09-16 18:02:24,2024-09-18 13:04:25,4
9000002405,1000004309,20240914,15,1,,1,Correo Argentino,DELIVERED,2024-09-16 17:57:25,2024-09-18 18:15:18,4
9000002407,1000004313,20240914,1244,1,,1,Correo Argentino,DELIVERED,2024-09-16 17:42:27,2024-09-18 09:21:22,4
9000002408,1000004314,20240914,1705,1,,1,Correo Argentino,DELIVERED,2024-09-16 16:37:56,2024-09-18 11:17:03,4
9000002409,1000004315,20240914,1706,1,,1,Correo Argentino,DELIVERED,2024-09-16 17:14:45,2024-09-17 11:10:19,3
9000002410,1000004316,20240915,1345,1,,1,Correo Argentino,DELIVERED,2024-09-16 17:59:17,2024-09-19 10:44:36,4
9000002411,1000004317,20240915,1707,1,,4,Correo Argentino,DELIVERED,2024-09-16 16:43:14,2024-09-19 15:59:46,4
9000002412,1000004318,20240915,1708,1,,1,Correo Argentino,DELIVERED,2024-09-16 18:17:33,2024-09-18 18:27:19,3
9000002413,1000004319,20240915,667,1,,2,Correo Argentino,DELIVERED,2024-09-16 16:27:44,2024-09-19 12:37:32,4
9000002414,1000004320,20240915,1637,1,,1,Correo Argentino,DELIVERED,2024-09-16 16:18:15,2024-09-18 17:07:09,3
9000002415,1000004321,20240915,1047,1,,3,Correo Argentino,DELIVERED,2024-09-16 16:26:54,2024-09-18 11:14:35,3
9000002416,1000004322,20240915,1407,1,,3,Correo Argentino,DELIVERED,2024-09-16 17:26:45,2024-09-18 18:19:06,3
9000002417,1000004323,20240915,1709,1,,1,Correo Argentino,DELIVERED,2024-09-16 16:26:12,2024-09-18 19:52:55,3
9000002418,1000004324,20240916,1710,1,,3,Correo Argentino,DELIVERED,2024-09-16 16:52:30,2024-09-18 13:03:46,2
9000002419,1000004325,20240916,399,1,,3,Correo Argentino,DELIVERED,2024-09-16 18:11:34,2024-09-19 17:53:50,3
9000002420,1000004327,20240916,507,1,,3,Correo Argentino,DELIVERED,2024-09-16 18:32:59,2024-09-19 11:15:07,3
9000002421,1000004328,20240916,1285,1,,3,Correo Argentino,DELIVERED,2024-09-17 16:28:12,2024-09-20 12:51:47,4
9000002422,1000004329,20240916,897,1,,2,Correo Argentino,DELIVERED,2024-09-17 17:56:53,2024-09-20 15:54:32,4
9000002423,1000004332,20240916,1239,1,,1,Correo Argentino,DELIVERED,2024-09-17 17:40:11,2024-09-19 18:56:47,3
9000002424,1000004333,20240916,1129,1,,4,Correo Argentino,DELIVERED,2024-09-17 18:44:34,2024-09-19 16:35:05,3
9000002425,1000004334,20240916,1165,1,,1,Correo Argentino,DELIVERED,2024-09-17 16:02:08,2024-09-18 16:50:55,2
9000002426,1000004337,20240916,1712,1,,1,Correo Argentino,DELIVERED,2024-09-17 18:31:26,2024-09-20 11:34:00,4
9000002427,1000004339,20240917,1713,1,,1,Correo Argentino,DELIVERED,2024-09-17 16:26:09,2024-09-18 10:46:40,1
9000002429,1000004343,20240917,32,1,,3,Correo Argentino,DELIVERED,2024-09-18 16:31:33,2024-09-23 12:31:13,6
9000002430,1000004344,20240917,1715,1,,2,Correo Argentino,DELIVERED,2024-09-18 16:00:00,2024-09-23 16:59:37,6
9000002431,1000004347,20240917,851,1,,2,Correo Argentino,DELIVERED,2024-09-18 17:50:06,2024-09-20 18:10:01,3
9000002432,1000004349,20240917,1174,1,,2,Correo Argentino,DELIVERED,2024-09-18 17:42:45,2024-09-20 17:32:29,3
9000002434,1000004351,20240917,1279,1,,2,Correo Argentino,DELIVERED,2024-09-18 17:49:03,2024-09-25 17:25:22,8
9000002435,1000004352,20240917,1717,1,,1,Correo Argentino,DELIVERED,2024-09-18 16:29:38,2024-09-19 09:41:43,2
9000002436,1000004353,20240917,1541,1,,3,Correo Argentino,DELIVERED,2024-09-18 16:21:29,2024-09-24 09:43:43,7
9000002437,1000004354,20240917,1588,1,,1,Correo Argentino,DELIVERED,2024-09-18 18:23:50,2024-09-19 09:43:33,2
9000002438,1000004355,20240917,361,1,,1,Correo Argentino,DELIVERED,2024-09-18 18:05:24,2024-09-23 19:24:48,6
9000002439,1000004356,20240917,547,1,,1,Correo Argentino,DELIVERED,2024-09-18 17:08:43,2024-09-23 17:12:37,6
9000002440,1000004357,20240918,328,1,,2,Correo Argentino,DELIVERED,2024-09-18 18:46:43,2024-09-24 09:44:13,6
9000002441,1000004358,20240918,1399,1,,1,Correo Argentino,DELIVERED,2024-09-18 17:18:14,2024-09-19 12:11:59,1
9000002442,1000004359,20240918,971,1,,1,Correo Argentino,DELIVERED,2024-09-18 16:24:53,2024-09-19 11:19:03,1
9000002443,1000004360,20240918,997,1,,3,Correo Argentino,DELIVERED,2024-09-18 18:33:15,2024-09-20 19:18:55,2
9000002444,1000004362,20240918,935,1,,2,Correo Argentino,DELIVERED,2024-09-19 18:21:13,2024-09-25 15:40:50,7
9000002445,1000004363,20240918,1718,1,,1,Correo Argentino,DELIVERED,2024-09-19 18:23:01,2024-09-20 14:08:52,2
9000002446,1000004364,20240918,1719,1,,2,Correo Argentino,DELIVERED,2024-09-19 18:51:18,2024-09-25 15:51:23,7
9000002447,1000004365,20240918,670,1,,1,Correo Argentino,DELIVERED,2024-09-19 17:58:17,2024-09-23 19:12:04,5
9000002448,1000004366,20240918,1720,1,,3,Correo Argentino,DELIVERED,2024-09-19 17:23:14,2024-09-23 10:05:48,5
9000002449,1000004368,20240918,1721,1,,3,Correo Argentino,DELIVERED,2024-09-19 17:22:17,2024-09-23 16:03:24,5
9000002450,1000004370,20240918,497,1,,1,Correo Argentino,DELIVERED,2024-09-19 17:16:43,2024-09-20 13:28:56,2
9000002451,1000004372,20240918,1722,1,,2,Correo Argentino,DELIVERED,2024-09-19 17:39:57,2024-09-24 10:31:54,6
9000002452,1000004373,20240918,1723,1,,3,Correo Argentino,DELIVERED,2024-09-19 18:37:36,2024-09-24 10:10:00,6
9000002453,1000004374,20240919,1042,1,,1,Correo Argentino,DELIVERED,2024-09-19 18:49:46,2024-09-24 19:36:45,5
9000002454,1000004375,20240919,1238,1,,1,Correo Argentino,DELIVERED,2024-09-19 16:54:09,2024-09-23 12:02:06,4
9000002455,1000004376,20240919,849,1,,3,Correo Argentino,DELIVERED,2024-09-19 16:20:27,2024-09-24 16:27:00,5
9000002456,1000004378,20240919,886,1,,2,Correo Argentino,DELIVERED,2024-09-19 17:23:01,2024-09-25 09:12:10,6
9000002457,1000004380,20240919,1449,1,,1,Correo Argentino,DELIVERED,2024-09-19 17:11:17,2024-09-23 14:24:46,4
9000002458,1000004383,20240919,1724,1,,1,Correo Argentino,DELIVERED,2024-09-20 17:11:15,2024-09-25 10:33:40,6
9000002459,1000004385,20240919,31,1,,1,Correo Argentino,DELIVERED,2024-09-20 17:09:23,2024-09-24 13:56:02,5
9000002460,1000004386,20240919,1725,1,,1,Correo Argentino,DELIVERED,2024-09-20 17:22:51,2024-09-24 19:45:18,5
9000002461,1000004387,20240919,986,1,,4,Correo Argentino,DELIVERED,2024-09-20 18:28:42,2024-09-25 16:48:49,6
9000002462,1000004391,20240919,1302,1,,3,Correo Argentino,DELIVERED,2024-09-20 18:48:13,2024-09-25 17:26:44,6
9000002463,1000004392,20240919,991,1,,1,Correo Argentino,DELIVERED,2024-09-20 18:32:02,2024-09-24 16:39:37,5
9000002464,1000004393,20240919,725,1,,3,Correo Argentino,DELIVERED,2024-09-20 17:00:03,2024-09-24 19:22:28,5
9000002465,1000004394,20240919,1728,1,,1,Correo Argentino,DELIVERED,2024-09-20 17:23:48,2024-09-23 18:24:22,4
9000002466,1000004397,20240920,1729,1,,4,Correo Argentino,DELIVERED,2024-09-20 17:15:05,2024-09-25 10:16:50,5
9000002467,1000004398,20240920,1730,1,,1,Correo Argentino,DELIVERED,2024-09-20 18:48:35,2024-09-24 18:39:05,4
9000002468,1000004404,20240920,1350,1,,3,Correo Argentino,DELIVERED,2024-09-23 16:51:24,2024-09-27 10:58:55,7
9000002469,1000004405,20240920,1380,1,,1,Correo Argentino,DELIVERED,2024-09-23 18:24:03,2024-09-26 17:18:11,6
9000002470,1000004406,20240920,375,1,,3,Correo Argentino,DELIVERED,2024-09-23 16:44:05,2024-09-26 14:04:29,6
9000002471,1000004407,20240920,1732,1,,4,Correo Argentino,DELIVERED,2024-09-23 16:43:08,2024-09-25 19:04:02,5
9000002472,1000004408,20240920,1733,1,,2,Correo Argentino,DELIVERED,2024-09-23 16:07:00,2024-09-30 10:10:10,10
9000002473,1000004409,20240920,157,1,,1,Correo Argentino,DELIVERED,2024-09-23 17:53:25,2024-09-24 18:34:58,4
9000002474,1000004411,20240921,1057,1,,4,Correo Argentino,DELIVERED,2024-09-23 18:23:36,2024-09-26 19:25:56,5
9000002475,1000004412,20240921,878,1,,3,Correo Argentino,DELIVERED,2024-09-23 17:44:40,2024-09-25 16:34:56,4
9000002476,1000004413,20240921,1734,1,,2,Correo Argentino,DELIVERED,2024-09-23 18:26:49,2024-09-26 19:25:54,5
9000002477,1000004419,20240921,1736,1,,1,Correo Argentino,DELIVERED,2024-09-23 16:56:42,2024-09-24 13:41:44,3
9000002478,1000004423,20240921,118,1,,2,Correo Argentino,DELIVERED,2024-09-23 17:03:27,2024-09-26 15:38:09,5
9000002479,1000004424,20240921,1738,1,,1,Correo Argentino,DELIVERED,2024-09-23 18:26:30,2024-09-26 13:55:30,5
9000002480,1000004428,20240921,438,1,,1,Correo Argentino,DELIVERED,2024-09-23 18:21:45,2024-09-25 18:40:02,4
9000002481,1000004429,20240921,1102,1,,1,Correo Argentino,CANCELLED,,,
9000002482,1000004430,20240922,1632,1,,1,Correo Argentino,DELIVERED,2024-09-23 17:51:47,2024-09-25 17:29:12,3
9000002483,1000004431,20240922,1741,1,,1,Correo Argentino,DELIVERED,2024-09-23 16:34:54,2024-09-25 12:37:48,3
9000002484,1000004432,20240922,1075,1,,3,Correo Argentino,DELIVERED,2024-09-23 18:57:51,2024-09-26 10:26:46,4
9000002485,1000004433,20240922,1408,1,,2,Correo Argentino,DELIVERED,2024-09-23 16:34:18,2024-09-27 09:02:02,5
9000002486,1000004434,20240922,1572,1,,3,Correo Argentino,DELIVERED,2024-09-23 18:12:00,2024-09-27 18:56:22,5
9000002487,1000004435,20240922,1742,1,,3,Correo Argentino,DELIVERED,2024-09-23 17:20:48,2024-09-27 10:08:41,5
9000002488,1000004436,20240922,1743,1,,2,Correo Argentino,DELIVERED,2024-09-23 17:22:08,2024-09-26 15:36:29,4
9000002489,1000004437,20240922,510,1,,3,Correo Argentino,DELIVERED,2024-09-23 17:45:10,2024-09-25 09:48:54,3
9000002490,1000004438,20240923,308,1,,2,Correo Argentino,DELIVERED,2024-09-23 16:03:43,2024-09-27 16:04:29,4
9000002491,1000004439,20240923,1744,1,,3,Correo Argentino,DELIVERED,2024-09-23 16:41:37,2024-09-26 12:05:44,3
9000002492,1000004442,20240923,785,1,,1,Correo Argentino,DELIVERED,2024-09-24 18:04:39,2024-09-25 13:37:54,2
9000002493,1000004443,20240923,1339,1,,2,Correo Argentino,DELIVERED,2024-09-24 17:57:29,2024-09-26 15:19:01,3
9000002494,1000004448,20240923,247,1,,1,Correo Argentino,DELIVERED,2024-09-24 18:55:39,2024-09-25 10:21:57,2
9000002495,1000004453,20240924,1750,1,,3,Correo Argentino,DELIVERED,2024-09-25 18:54:58,2024-10-01 09:30:05,7
9000002496,1000004455,20240924,1223,1,,1,Correo Argentino,DELIVERED,2024-09-25 18:23:24,2024-09-27 12:41:58,3
9000002497,1000004456,20240924,1540,1,,1,Correo Argentino,DELIVERED,2024-09-25 17:42:18,2024-09-30 13:00:16,6
9000002498,1000004458,20240924,1751,1,,4,Correo Argentino,DELIVERED,2024-09-25 17:29:08,2024-09-30 17:47:16,6
9000002499,1000004459,20240924,669,1,,2,Correo Argentino,DELIVERED,2024-09-25 18:55:51,2024-10-01 17:31:15,7
9000002500,1000004460,20240924,1752,1,,4,Correo Argentino,DELIVERED,2024-09-25 18:37:28,2024-09-30 16:29:03,6
9000002501,1000004461,20240924,26,1,,1,Correo Argentino,DELIVERED,2024-09-25 17:53:39,2024-09-26 17:41:20,2
9000002502,1000004462,20240924,1322,1,,4,Correo Argentino,DELIVERED,2024-09-25 18:28:25,2024-09-30 10:34:35,6
9000002503,1000004464,20240924,1753,1,,3,Correo Argentino,DELIVERED,2024-09-25 16:00:41,2024-09-30 09:55:16,6
9000002504,1000004465,20240924,1393,1,,4,Correo Argentino,DELIVERED,2024-09-25 16:51:19,2024-09-30 10:44:11,6
9000002505,1000004466,20240924,1005,1,,1,Correo Argentino,DELIVERED,2024-09-25 18:05:55,2024-09-27 15:37:26,3
9000002506,1000004467,20240925,1360,1,,1,Correo Argentino,DELIVERED,2024-09-25 18:24:33,2024-09-27 16:31:28,2
9000002507,1000004468,20240925,1149,1,,4,Correo Argentino,DELIVERED,2024-09-25 18:39:33,2024-09-30 11:54:58,5
9000002508,1000004471,20240925,1754,1,,1,Correo Argentino,DELIVERED,2024-09-26 18:31:23,2024-09-30 14:20:47,5
9000002509,1000004474,20240925,626,1,,1,Correo Argentino,DELIVERED,2024-09-26 17:16:11,2024-09-30 14:51:34,5
9000002511,1000004479,20240925,1755,1,,1,Correo Argentino,DELIVERED,2024-09-26 18:48:33,2024-09-30 15:09:13,5
9000002512,1000004482,20240925,1194,1,,3,Correo Argentino,DELIVERED,2024-09-26 18:03:03,2024-10-01 12:27:16,6
9000002513,1000004484,20240925,1054,1,,1,Correo Argentino,DELIVERED,2024-09-26 18:22:01,2024-09-30 09:34:10,5
9000002514,1000004486,20240925,970,1,,4,Correo Argentino,DELIVERED,2024-09-26 17:12:26,2024-09-30 11:08:55,5
9000002515,1000004487,20240925,719,1,,1,Correo Argentino,DELIVERED,2024-09-26 18:32:51,2024-09-27 09:12:24,2
9000002516,1000004488,20240926,1756,1,,1,Correo Argentino,DELIVERED,2024-09-26 18:34:49,2024-10-01 09:02:59,5
9000002517,1000004490,20240926,1145,1,,1,Correo Argentino,DELIVERED,2024-09-26 18:38:40,2024-09-30 13:49:14,4
9000002518,1000004492,20240926,909,1,,2,Correo Argentino,DELIVERED,2024-09-27 16:41:48,2024-10-02 16:19:43,6
9000002519,1000004495,20240926,1478,1,,3,Correo Argentino,DELIVERED,2024-09-27 18:50:33,2024-10-01 18:40:55,5
9000002520,1000004496,20240926,938,1,,3,Correo Argentino,DELIVERED,2024-09-27 18:24:59,2024-10-01 15:38:43,5
9000002521,1000004499,20240926,1378,1,,3,Correo Argentino,DELIVERED,2024-09-27 18:54:54,2024-10-02 09:32:59,6
9000002522,1000004503,20240927,567,1,,1,Correo Argentino,DELIVERED,2024-09-27 17:05:13,2024-10-01 10:59:41,4
9000002523,1000004504,20240927,742,1,,1,Correo Argentino,DELIVERED,2024-09-30 18:08:59,2024-10-02 15:31:01,5
9000002524,1000004507,20240927,1564,1,,2,Correo Argentino,DELIVERED,2024-09-30 16:47:48,2024-10-03 09:44:40,6
9000002526,1000004509,20240927,1663,1,,4,Correo Argentino,DELIVERED,2024-09-30 16:31:56,2024-10-03 12:11:33,6
9000002527,1000004510,20240927,1297,1,,2,Correo Argentino,DELIVERED,2024-09-30 16:40:40,2024-10-04 15:55:29,7
9000002528,1000004515,20240927,53,1,,4,Correo Argentino,DELIVERED,2024-09-30 16:41:41,2024-10-04 10:19:47,7
9000002529,1000004516,20240927,152,1,,3,Correo Argentino,DELIVERED,2024-09-30 17:17:12,2024-10-03 12:14:51,6
9000002530,1000004517,20240928,1278,1,,4,Correo Argentino,DELIVERED,2024-09-30 16:48:20,2024-10-04 18:56:33,6
9000002531,1000004518,20240928,1762,1,,2,Correo Argentino,DELIVERED,2024-09-30 16:02:47,2024-10-04 15:00:51,6
9000002532,1000004525,20240928,185,1,,1,Correo Argentino,DELIVERED,2024-09-30 18:06:20,2024-10-02 16:43:41,4
9000002533,1000004532,20240928,1764,1,,1,Correo Argentino,DELIVERED,2024-09-30 17:06:19,2024-10-01 11:43:03,3
9000002534,1000004533,20240928,1765,1,,1,Correo Argentino,DELIVERED,2024-09-30 18:19:54,2024-10-02 17:35:56,4
9000002535,1000004534,20240928,639,1,,1,Correo Argentino,DELIVERED,2024-09-30 16:53:46,2024-10-02 13:54:58,4
9000002536,1000004536,20240929,836,1,,2,Correo Argentino,DELIVERED,2024-09-30 17:59:27,2024-10-03 11:48:16,4
9000002537,1000004537,20240929,1267,1,,3,Correo Argentino,DELIVERED,2024-09-30 17:26:08,2024-10-02 16:20:42,3
9000002538,1000004538,20240929,1076,1,,1,Correo Argentino,DELIVERED,2024-09-30 17:01:21,2024-10-02 17:33:50,3
9000002539,1000004539,20240929,299,1,,3,Correo Argentino,DELIVERED,2024-09-30 16:04:10,2024-10-04 11:13:47,5
9000002540,1000004540,20240929,852,1,,4,Correo Argentino,DELIVERED,2024-09-30 16:53:26,2024-10-03 17:45:13,4
9000002541,1000004541,20240929,1451,1,,1,Correo Argentino,DELIVERED,2024-09-30 17:09:11,2024-10-02 15:51:53,3
9000002542,1000004542,20240929,1766,1,,2,Correo Argentino,DELIVERED,2024-09-30 18:12:20,2024-10-02 14:19:47,3
9000002543,1000004543,20240929,1767,1,,1,Correo Argentino,DELIVERED,2024-09-30 17:55:01,2024-10-01 12:42:57,2
9000002544,1000004544,20240929,94,1,,3,Correo Argentino,DELIVERED,2024-09-30 17:43:23,2024-10-02 17:58:46,3
9000002545,1000004548,20240930,359,1,,2,Correo Argentino,DELIVERED,2024-10-01 18:57:10,2024-10-03 11:38:18,3
9000002546,1000004549,20240930,1370,1,,3,Correo Argentino,DELIVERED,2024-10-01 18:54:37,2024-10-08 10:56:34,8
9000002547,1000004552,20240930,284,1,,3,Correo Argentino,DELIVERED,2024-10-01 17:44:21,2024-10-03 13:22:25,3
9000002548,1000004553,20240930,526,1,,4,Correo Argentino,DELIVERED,2024-10-01 16:53:31,2024-10-07 18:43:01,7
9000002549,1000004554,20240930,12,1,,2,Correo Argentino,DELIVERED,2024-10-01 17:42:48,2024-10-03 18:19:01,3
9000002550,1000004555,20240930,1769,1,,1,Correo Argentino,DELIVERED,2024-10-01 16:10:13,2024-10-02 18:57:01,2
9000002551,1000004556,20240930,1770,1,,1,Correo Argentino,DELIVERED,2024-10-01 16:07:39,2024-10-02 17:04:28,2
9000002552,1000004557,20240930,543,1,,2,Correo Argentino,DELIVERED,2024-10-01 17:59:34,2024-10-04 09:20:40,4
9000002553,1000004558,20241001,1771,1,,1,Correo Argentino,DELIVERED,2024-10-01 18:46:06,2024-10-03 18:13:37,2
9000002554,1000004559,20241001,1772,1,,3,Correo Argentino,DELIVERED,2024-10-01 17:05:40,2024-10-07 19:23:07,6
9000002555,1000004560,20241001,11,1,,4,Correo Argentino,DELIVERED,2024-10-01 16:11:16,2024-10-04 19:32:31,3
9000002556,1000004562,20241001,124,1,,1,Correo Argentino,DELIVERED,2024-10-02 16:17:56,2024-10-03 13:55:24,2
9000002557,1000004563,20241001,108,1,,3,Correo Argentino,DELIVERED,2024-10-02 17:57:23,2024-10-07 17:04:07,6
9000002558,1000004566,20241001,125,1,,3,Correo Argentino,DELIVERED,2024-10-02 16:12:33,2024-10-08 12:13:38,7
9000002559,1000004568,20241001,1773,1,,1,Correo Argentino,DELIVERED,2024-10-02 18:43:33,2024-10-04 09:33:31,3
9000002560,1000004570,20241001,1486,1,,4,Correo Argentino,DELIVERED,2024-10-02 16:01:53,2024-10-07 09:21:03,6
9000002561,1000004571,20241001,20,1,,1,Correo Argentino,DELIVERED,2024-10-02 18:58:24,2024-10-04 16:41:07,3
9000002562,1000004572,20241001,1253,1,,3,Correo Argentino,DELIVERED,2024-10-02 17:18:02,2024-10-07 18:55:29,6
9000002563,1000004574,20241001,1365,1,,3,Correo Argentino,DELIVERED,2024-10-02 17:24:10,2024-10-07 18:25:37,6
9000002564,1000004575,20241002,1774,1,,1,Correo Argentino,DELIVERED,2024-10-02 18:46:18,2024-10-07 15:50:16,5
9000002565,1000004576,20241002,835,1,,2,Correo Argentino,DELIVERED,2024-10-02 16:18:08,2024-10-08 15:56:46,6
9000002566,1000004578,20241002,1625,1,,1,Correo Argentino,DELIVERED,2024-10-03 17:48:05,2024-10-07 09:04:44,5
9000002567,1000004579,20241002,556,1,,4,Correo Argentino,DELIVERED,2024-10-03 17:40:08,2024-10-10 15:51:11,8
9000002568,1000004581,20241002,405,1,,4,Correo Argentino,DELIVERED,2024-10-03 18:03:00,2024-10-09 15:32:41,7
9000002569,1000004582,20241002,65,1,,1,Correo Argentino,DELIVERED,2024-10-03 18:25:23,2024-10-04 16:06:02,2
9000002570,1000004585,20241002,1347,1,,2,Correo Argentino,DELIVERED,2024-10-03 16:19:53,2024-10-09 14:55:33,7
9000002571,1000004588,20241003,893,1,,4,Correo Argentino,DELIVERED,2024-10-03 17:10:02,2024-10-09 15:46:15,6
9000002572,1000004590,20241003,1776,1,,3,Correo Argentino,DELIVERED,2024-10-04 17:01:54,2024-10-08 19:13:07,5
9000002573,1000004592,20241003,1380,1,,1,Correo Argentino,DELIVERED,2024-10-04 17:41:08,2024-10-09 09:59:39,6
9000002574,1000004595,20241003,1777,1,,1,Correo Argentino,DELIVERED,2024-10-04 18:29:09,2024-10-09 15:56:29,6
9000002575,1000004597,20241003,83,1,,4,Correo Argentino,DELIVERED,2024-10-04 17:59:15,2024-10-08 19:07:10,5
9000002576,1000004598,20241003,1507,1,,2,Correo Argentino,DELIVERED,2024-10-04 18:59:06,2024-10-08 14:52:59,5
9000002577,1000004600,20241003,1511,1,,3,Correo Argentino,DELIVERED,2024-10-04 16:22:04,2024-10-08 16:10:20,5
9000002578,1000004601,20241003,1778,1,,1,Correo Argentino,CANCELLED,,,
9000002579,1000004602,20241003,1033,1,,2,Correo Argentino,DELIVERED,2024-10-04 17:42:39,2024-10-09 17:49:35,6
9000002580,1000004603,20241003,1779,1,,1,Correo Argentino,DELIVERED,2024-10-04 16:10:00,2024-10-07 18:03:43,4
9000002581,1000004604,20241003,1780,1,,1,Correo Argentino,DELIVERED,2024-10-04 17:12:57,2024-10-08 13:52:31,5
9000002582,1000004605,20241003,72,1,,3,Correo Argentino,DELIVERED,2024-10-04 18:44:13,2024-10-10 18:26:34,7
9000002583,1000004612,20241004,1538,1,,2,Correo Argentino,DELIVERED,2024-10-07 18:40:13,2024-10-10 13:37:05,6
9000002585,1000004618,20241004,425,1,,3,Correo Argentino,DELIVERED,2024-10-07 16:00:56,2024-10-10 16:54:23,6
9000002586,1000004622,20241004,1783,1,,3,Correo Argentino,DELIVERED,2024-10-07 16:23:21,2024-10-09 12:35:43,5
9000002587,1000004623,20241004,1314,1,,2,Correo Argentino,DELIVERED,2024-10-07 18:50:26,2024-10-10 16:55:42,6
9000002588,1000004624,20241005,1784,1,,3,Correo Argentino,DELIVERED,2024-10-07 16:12:06,2024-10-11 09:21:39,6
9000002589,1000004625,20241005,1390,1,,4,Correo Argentino,DELIVERED,2024-10-07 18:00:35,2024-10-09 15:46:13,4
9000002590,1000004626,20241005,1665,1,,2,Correo Argentino,CANCELLED,,,
9000002592,1000004629,20241005,1786,1,,4,Correo Argentino,DELIVERED,2024-10-08 18:58:46,2024-10-10 13:38:23,5
9000002593,1000004632,20241005,644,1,,2,Correo Argentino,DELIVERED,2024-10-07 18:29:01,2024-10-11 15:45:36,6
9000002594,1000004634,20241005,1017,1,,3,Correo Argentino,DELIVERED,2024-10-07 17:16:12,2024-10-10 17:24:06,5
9000002595,1000004635,20241005,1110,1,,4,Correo Argentino,DELIVERED,2024-10-07 18:13:20,2024-10-11 12:54:40,6
9000002596,1000004637,20241005,1790,1,,1,Correo Argentino,DELIVERED,2024-10-07 17:41:28,2024-10-09 17:22:11,4
9000002597,1000004638,20241006,572,1,,3,Correo Argentino,DELIVERED,2024-10-07 18:49:46,2024-10-11 11:43:33,5
9000002598,1000004639,20241006,1279,1,,2,Correo Argentino,DELIVERED,2024-10-07 16:28:07,2024-10-11 12:22:10,5
9000002599,1000004640,20241006,1415,1,,1,Correo Argentino,DELIVERED,2024-10-07 18:42:40,2024-10-09 13:31:04,3
9000002600,1000004642,20241006,394,1,,4,Correo Argentino,DELIVERED,2024-10-07 18:21:07,2024-10-10 09:06:58,4
9000002601,1000004643,20241006,351,1,,1,Correo Argentino,DELIVERED,2024-10-07 17:23:53,2024-10-09 15:31:48,3
9000002602,1000004644,20241006,1360,1,,1,Correo Argentino,DELIVERED,2024-10-07 16:00:06,2024-10-09 10:28:40,3
9000002603,1000004645,20241006,233,1,,3,Correo Argentino,DELIVERED,2024-10-07 17:00:58,2024-10-09 19:53:22,3
9000002604,1000004646,20241006,1554,1,,1,Correo Argentino,DELIVERED,2024-10-07 17:32:51,2024-10-09 13:35:42,3
9000002605,1000004647,20241006,1791,1,,3,Correo Argentino,DELIVERED,2024-10-07 18:39:46,2024-10-09 19:35:39,3
9000002606,1000004648,20241006,667,1,,2,Correo Argentino,DELIVERED,2024-10-07 17:53:11,2024-10-11 10:42:26,5
9000002607,1000004649,20241007,1388,1,,1,Correo Argentino,DELIVERED,2024-10-07 16:29:23,2024-10-08 11:51:24,1
9000002608,1000004650,20241007,263,1,,3,Correo Argentino,DELIVERED,2024-10-07 18:03:11,2024-10-09 16:39:31,2
9000002609,1000004651,20241007,1379,1,,2,Correo Argentino,DELIVERED,2024-10-07 16:25:36,2024-10-10 12:55:29,3
9000002610,1000004652,20241007,1397,1,,2,Correo Argentino,DELIVERED,2024-10-07 16:48:40,2024-10-09 11:20:34,2
9000002611,1000004657,20241007,120,1,,4,Correo Argentino,DELIVERED,2024-10-07 18:03:51,2024-10-10 14:31:36,3
9000002612,1000004659,20241007,1313,1,,2,Correo Argentino,DELIVERED,2024-10-08 18:55:06,2024-10-15 18:40:21,8
9000002613,1000004660,20241007,621,1,,3,Correo Argentino,DELIVERED,2024-10-08 17:23:22,2024-10-14 12:33:21,7
9000002614,1000004661,20241007,1189,1,,4,Correo Argentino,DELIVERED,2024-10-08 16:47:24,2024-10-15 16:18:46,8
9000002615,1000004662,20241007,1595,1,,2,Correo Argentino,DELIVERED,2024-10-08 16:26:57,2024-10-10 17:23:42,3
9000002616,1000004665,20241007,791,1,,1,Correo Argentino,DELIVERED,2024-10-08 17:00:33,2024-10-10 14:45:30,3
9000002617,1000004666,20241007,1793,1,,1,Correo Argentino,DELIVERED,2024-10-08 17:41:38,2024-10-09 10:16:54,2
9000002618,1000004667,20241007,894,1,,1,Correo Argentino,DELIVERED,2024-10-08 17:21:47,2024-10-11 14:30:18,4
9000002619,1000004668,20241007,1086,1,,4,Correo Argentino,DELIVERED,2024-10-08 17:27:31,2024-10-10 10:56:42,3
9000002620,1000004669,20241008,1001,1,,3,Correo Argentino,DELIVERED,2024-10-08 16:15:32,2024-10-11 10:49:12,3
9000002621,1000004670,20241008,1551,1,,3,Correo Argentino,CANCELLED,,,
9000002622,1000004671,20241008,790,1,,1,Correo Argentino,DELIVERED,2024-10-08 17:51:27,2024-10-10 14:13:35,2
9000002623,1000004672,20241008,332,1,,3,Correo Argentino,CANCELLED,,,
9000002624,1000004673,20241008,789,1,,3,Correo Argentino,DELIVERED,2024-10-08 18:40:52,2024-10-14 16:23:39,6
9000002625,1000004675,20241008,1517,1,,2,Correo Argentino,DELIVERED,2024-10-08 17:26:15,2024-10-15 14:42:51,7
9000002626,1000004678,20241008,1667,1,,2,Correo Argentino,DELIVERED,2024-10-09 16:18:03,2024-10-11 09:26:50,3
9000002627,1000004680,20241008,512,1,,2,Correo Argentino,DELIVERED,2024-10-09 18:49:42,2024-10-11 11:10:03,3
9000002628,1000004682,20241008,697,1,,3,Correo Argentino,DELIVERED,2024-10-09 17:23:33,2024-10-11 11:55:25,3
9000002629,1000004683,20241008,1358,1,,1,Correo Argentino,DELIVERED,2024-10-09 17:48:08,2024-10-10 16:55:51,2
9000002630,1000004686,20241008,1794,1,,3,Correo Argentino,DELIVERED,2024-10-09 17:07:29,2024-10-15 10:00:15,7
9000002632,1000004690,20241008,1795,1,,3,Correo Argentino,DELIVERED,2024-10-09 16:02:35,2024-10-15 12:24:56,7
9000002633,1000004691,20241008,1109,1,,4,Correo Argentino,DELIVERED,2024-10-09 17:24:59,2024-10-15 12:26:47,7
9000002634,1000004692,20241008,1384,1,,1,Correo Argentino,DELIVERED,2024-10-09 17:05:45,2024-10-10 10:32:31,2
9000002635,1000004693,20241008,1428,1,,3,Correo Argentino,DELIVERED,2024-10-09 18:14:28,2024-10-11 10:55:42,3
9000002636,1000004695,20241009,1796,1,,1,Correo Argentino,DELIVERED,2024-10-09 18:31:35,2024-10-10 15:39:06,1
9000002637,1000004696,20241009,1797,1,,1,Correo Argentino,DELIVERED,2024-10-09 17:11:44,2024-10-11 12:40:35,2
9000002638,1000004698,20241009,1798,1,,1,Correo Argentino,DELIVERED,2024-10-09 18:01:17,2024-10-11 10:06:29,2
9000002639,1000004700,20241009,1632,1,,1,Correo Argentino,DELIVERED,2024-10-09 18:43:03,2024-10-11 14:57:52,2
9000002640,1000004703,20241009,1449,1,,1,Correo Argentino,DELIVERED,2024-10-10 17:27:47,2024-10-14 19:08:54,5
9000002641,1000004704,20241009,706,1,,1,Correo Argentino,DELIVERED,2024-10-10 18:40:49,2024-10-14 14:07:52,5
9000002642,1000004706,20241009,1633,1,,4,Correo Argentino,DELIVERED,2024-10-10 18:01:08,2024-10-17 15:28:57,8
9000002643,1000004707,20241009,1593,1,,2,Correo Argentino,DELIVERED,2024-10-10 16:54:53,2024-10-16 19:55:09,7
9000002644,1000004708,20241009,1799,1,,2,Correo Argentino,DELIVERED,2024-10-10 18:26:28,2024-10-16 10:32:39,7
9000002645,1000004711,20241009,1738,1,,1,Correo Argentino,DELIVERED,2024-10-10 17:36:05,2024-10-15 15:45:34,6
9000002646,1000004714,20241009,770,1,,1,Correo Argentino,DELIVERED,2024-10-10 18:29:21,2024-10-15 14:48:19,6
9000002647,1000004715,20241009,1504,1,,3,Correo Argentino,DELIVERED,2024-10-10 18:36:04,2024-10-17 11:58:12,8
9000002648,1000004716,20241010,768,1,,3,Correo Argentino,DELIVERED,2024-10-10 17:07:08,2024-10-16 13:04:31,6
9000002649,1000004717,20241010,885,1,,2,Correo Argentino,DELIVERED,2024-10-10 17:36:36,2024-10-16 10:13:54,6
9000002651,1000004720,20241010,1541,1,,3,Correo Argentino,DELIVERED,2024-10-10 17:07:37,2024-10-15 17:07:43,5
9000002652,1000004721,20241010,1060,1,,2,Correo Argentino,DELIVERED,2024-10-10 17:04:17,2024-10-16 17:14:21,6
9000002653,1000004724,20241010,982,1,,3,Correo Argentino,DELIVERED,2024-10-11 17:16:42,2024-10-15 11:37:42,5
9000002654,1000004726,20241010,1311,1,,3,Correo Argentino,DELIVERED,2024-10-11 17:14:08,2024-10-16 13:27:38,6
9000002655,1000004728,20241010,1801,1,,3,Correo Argentino,DELIVERED,2024-10-11 17:13:23,2024-10-16 14:08:24,6
9000002656,1000004729,20241010,999,1,,4,Correo Argentino,DELIVERED,2024-10-11 16:10:05,2024-10-17 18:31:17,7
9000002657,1000004730,20241010,1802,1,,4,Correo Argentino,DELIVERED,2024-10-11 18:36:19,2024-10-15 09:38:44,5
9000002658,1000004732,20241010,1604,1,,2,Correo Argentino,DELIVERED,2024-10-11 16:00:11,2024-10-16 15:42:24,6
9000002659,1000004735,20241010,1465,1,,3,Correo Argentino,DELIVERED,2024-10-11 16:34:30,2024-10-15 12:11:55,5
9000002660,1000004736,20241010,1345,1,,1,Correo Argentino,DELIVERED,2024-10-11 18:13:04,2024-10-15 18:56:04,5
9000002661,1000004737,20241010,270,1,,1,Correo Argentino,DELIVERED,2024-10-11 16:24:38,2024-10-15 12:03:06,5
9000002662,1000004738,20241010,1512,1,,2,Correo Argentino,DELIVERED,2024-10-11 18:55:18,2024-10-16 16:52:00,6
9000002663,1000004739,20241010,946,1,,1,Correo Argentino,DELIVERED,2024-10-11 16:57:34,2024-10-15 13:31:27,5
9000002664,1000004740,20241010,1143,1,,4,Correo Argentino,DELIVERED,2024-10-11 18:45:33,2024-10-16 16:20:51,6
9000002665,1000004741,20241011,589,1,,3,Correo Argentino,DELIVERED,2024-10-14 17:15:46,2024-10-17 14:24:29,6
9000002666,1000004742,20241011,458,1,,1,Correo Argentino,DELIVERED,2024-10-11 16:16:33,2024-10-15 13:44:04,4
9000002667,1000004743,20241011,788,1,,4,Correo Argentino,DELIVERED,2024-10-11 17:46:26,2024-10-17 11:20:55,6
9000002668,1000004744,20241011,1524,1,,2,Correo Argentino,DELIVERED,2024-10-11 16:43:15,2024-10-18 19:13:51,7
9000002669,1000004745,20241011,1806,1,,1,Correo Argentino,DELIVERED,2024-10-11 16:10:06,2024-10-16 11:07:09,5
9000002670,1000004746,20241011,1093,1,,2,Correo Argentino,DELIVERED,2024-10-14 18:10:13,2024-10-21 19:27:16,10
9000002671,1000004747,20241011,216,1,,2,Correo Argentino,DELIVERED,2024-10-11 17:00:18,2024-10-15 19:09:02,4
9000002672,1000004749,20241011,1808,1,,2,Correo Argentino,DELIVERED,2024-10-14 16:29:48,2024-10-18 11:30:36,7
9000002673,1000004750,20241011,1163,1,,2,Correo Argentino,DELIVERED,2024-10-11 18:38:14,2024-10-17 11:56:53,6
9000002674,1000004751,20241011,1521,1,,1,Correo Argentino,DELIVERED,2024-10-14 16:59:15,2024-10-16 13:56:47,5
9000002676,1000004757,20241011,1810,1,,3,Correo Argentino,DELIVERED,2024-10-14 16:18:42,2024-10-18 15:23:31,7
9000002677,1000004758,20241011,812,1,,2,Correo Argentino,DELIVERED,2024-10-14 18:59:25,2024-10-18 16:33:11,7
9000002678,1000004760,20241011,1118,1,,1,Correo Argentino,DELIVERED,2024-10-14 18:50:43,2024-10-17 12:08:24,6
9000002679,1000004761,20241011,1811,1,,1,Correo Argentino,DELIVERED,2024-10-14 16:57:34,2024-10-16 12:39:34,5
9000002680,1000004764,20241011,913,1,,3,Correo Argentino,DELIVERED,2024-10-14 16:05:09,2024-10-21 11:46:02,10
9000002681,1000004768,20241011,15,1,,1,Correo Argentino,DELIVERED,2024-10-14 16:29:22,2024-10-16 11:21:45,5
9000002682,1000004769,20241011,1552,1,,1,Correo Argentino,DELIVERED,2024-10-14 18:36:21,2024-10-15 09:40:53,4
9000002683,1000004770,20241011,1812,1,,4,Correo Argentino,DELIVERED,2024-10-14 18:49:14,2024-10-18 09:46:12,7
9000002684,1000004771,20241011,700,1,,3,Correo Argentino,DELIVERED,2024-10-14 18:51:44,2024-10-18 12:26:11,7
9000002685,1000004772,20241011,1043,1,,1,Correo Argentino,DELIVERED,2024-10-14 18:31:43,2024-10-16 12:45:48,5
9000002686,1000004773,20241012,1813,1,,1,Correo Argentino,DELIVERED,2024-10-14 18:07:47,2024-10-16 10:32:11,4
9000002687,1000004774,20241012,369,1,,3,Correo Argentino,DELIVERED,2024-10-14 16:26:46,2024-10-18 17:16:05,6
9000002688,1000004777,20241012,1815,1,,3,Correo Argentino,DELIVERED,2024-10-14 17:42:06,2024-10-18 15:57:49,6
9000002689,1000004781,20241012,179,1,,3,Correo Argentino,DELIVERED,2024-10-14 16:18:19,2024-10-17 18:35:51,5
9000002690,1000004786,20241012,1821,1,,3,Correo Argentino,DELIVERED,2024-10-14 16:04:09,2024-10-18 15:16:42,6
9000002692,1000004793,20241012,214,1,,1,Correo Argentino,DELIVERED,2024-10-14 16:46:46,2024-10-16 12:48:46,4
9000002693,1000004796,20241012,593,1,,1,Correo Argentino,DELIVERED,2024-10-14 16:09:33,2024-10-15 12:21:40,3
9000002694,1000004797,20241012,1091,1,,1,Correo Argentino,DELIVERED,2024-10-14 16:00:11,2024-10-15 11:01:50,3
9000002695,1000004798,20241012,1823,1,,4,Correo Argentino,DELIVERED,2024-10-14 17:04:02,2024-10-16 09:22:10,4
9000002696,1000004799,20241012,1824,1,,4,Correo Argentino,DELIVERED,2024-10-14 18:52:48,2024-10-18 16:10:51,6
9000002697,1000004800,20241013,505,1,,1,Correo Argentino,DELIVERED,2024-10-14 18:27:10,2024-10-17 19:17:47,4
9000002698,1000004801,20241013,46,1,,3,Correo Argentino,DELIVERED,2024-10-14 18:51:05,2024-10-18 18:58:08,5
9000002699,1000004802,20241013,1825,1,,1,Correo Argentino,DELIVERED,2024-10-14 17:07:12,2024-10-15 11:24:03,2
9000002700,1000004803,20241013,712,1,,1,Correo Argentino,DELIVERED,2024-10-14 18:20:03,2024-10-16 15:26:24,3
9000002701,1000004804,20241013,1186,1,,3,Correo Argentino,DELIVERED,2024-10-14 18:20:34,2024-10-17 16:31:32,4
9000002702,1000004805,20241013,16,1,,3,Correo Argentino,DELIVERED,2024-10-14 17:23:32,2024-10-17 18:37:35,4
9000002703,1000004806,20241013,280,1,,2,Correo Argentino,DELIVERED,2024-10-14 17:09:45,2024-10-17 19:44:23,4
9000002704,1000004807,20241013,1492,1,,1,Correo Argentino,DELIVERED,2024-10-14 16:36:02,2024-10-15 19:27:21,2
9000002705,1000004808,20241013,427,1,,3,Correo Argentino,DELIVERED,2024-10-14 17:46:44,2024-10-17 14:10:05,4
9000002706,1000004809,20241013,77,1,,1,Correo Argentino,DELIVERED,2024-10-14 18:45:14,2024-10-15 16:55:06,2
9000002707,1000004811,20241013,1826,1,,3,Correo Argentino,DELIVERED,2024-10-14 16:02:04,2024-10-17 13:20:31,4
9000002708,1000004812,20241013,1257,1,,2,Correo Argentino,DELIVERED,2024-10-14 18:37:43,2024-10-17 17:31:31,4
9000002709,1000004813,20241013,1827,1,,3,Correo Argentino,DELIVERED,2024-10-14 16:57:15,2024-10-17 12:50:58,4
9000002710,1000004814,20241013,399,1,,3,Correo Argentino,DELIVERED,2024-10-14 18:07:14,2024-10-17 11:41:14,4
9000002711,1000004815,20241014,1828,1,,4,Correo Argentino,DELIVERED,2024-10-14 16:40:32,2024-10-17 11:29:49,3
9000002712,1000004816,20241014,1215,1,,1,Correo Argentino,DELIVERED,2024-10-14 17:46:11,2024-10-15 15:34:19,1
9000002713,1000004818,20241014,1168,1,,2,Correo Argentino,DELIVERED,2024-10-14 18:22:20,2024-10-16 10:07:34,2
9000002714,1000004820,20241014,971,1,,1,Correo Argentino,DELIVERED,2024-10-14 17:22:42,2024-10-16 10:52:14,2
9000002715,1000004821,20241014,1743,1,,2,Correo Argentino,DELIVERED,2024-10-15 16:32:44,2024-10-18 09:21:29,4
9000002716,1000004822,20241014,1830,1,,1,Correo Argentino,DELIVERED,2024-10-15 18:33:17,2024-10-16 19:35:29,2
9000002717,1000004824,20241014,671,1,,1,Correo Argentino,DELIVERED,2024-10-15 17:28:34,2024-10-16 11:39:30,2
9000002718,1000004826,20241014,1771,1,,1,Correo Argentino,DELIVERED,2024-10-15 18:05:14,2024-10-17 13:11:25,3
9000002719,1000004828,20241014,1149,1,,4,Correo Argentino,DELIVERED,2024-10-15 16:00:01,2024-10-21 13:55:48,7
9000002720,1000004830,20241014,713,1,,1,Correo Argentino,DELIVERED,2024-10-15 18:30:42,2024-10-17 14:38:30,3
9000002721,1000004831,20241014,526,1,,4,Correo Argentino,DELIVERED,2024-10-15 16:11:31,2024-10-18 15:42:31,4
9000002722,1000004832,20241014,1233,1,,2,Correo Argentino,DELIVERED,2024-10-15 18:47:05,2024-10-21 13:23:05,7
9000002723,1000004833,20241014,1638,1,,4,Correo Argentino,CANCELLED,,,
9000002724,1000004834,20241014,1716,1,,2,Correo Argentino,DELIVERED,2024-10-15 18:41:21,2024-10-21 09:44:02,7
9000002725,1000004835,20241015,703,1,,3,Correo Argentino,DELIVERED,2024-10-15 18:07:36,2024-10-17 10:15:45,2
9000002726,1000004836,20241015,1833,1,,2,Correo Argentino,DELIVERED,2024-10-15 17:43:04,2024-10-18 09:55:26,3
9000002727,1000004839,20241015,1834,1,,2,Correo Argentino,DELIVERED,2024-10-15 16:49:48,2024-10-21 14:07:43,6
9000002728,1000004840,20241015,1835,1,,3,Correo Argentino,DELIVERED,2024-10-15 17:31:08,2024-10-21 10:25:31,6
9000002729,1000004843,20241015,985,1,,1,Correo Argentino,DELIVERED,2024-10-16 16:27:15,2024-10-18 11:15:20,3
9000002730,1000004844,20241015,1346,1,,4,Correo Argentino,DELIVERED,2024-10-16 16:37:31,2024-10-22 16:31:20,7
9000002731,1000004845,20241015,335,1,,4,Correo Argentino,DELIVERED,2024-10-16 18:08:34,2024-10-18 09:24:34,3
9000002732,1000004846,20241015,1592,1,,2,Correo Argentino,DELIVERED,2024-10-16 18:26:26,2024-10-22 14:28:08,7
9000002733,1000004848,20241015,1555,1,,2,Correo Argentino,DELIVERED,2024-10-16 18:26:29,2024-10-22 19:29:40,7
9000002735,1000004855,20241016,632,1,,1,Correo Argentino,DELIVERED,2024-10-16 17:38:26,2024-10-21 09:29:38,5
9000002736,1000004856,20241016,1754,1,,1,Correo Argentino,DELIVERED,2024-10-16 17:20:16,2024-10-17 15:18:35,1
9000002737,1000004859,20241016,1684,1,,1,Correo Argentino,DELIVERED,2024-10-16 18:27:03,2024-10-17 12:12:09,1
9000002738,1000004860,20241016,1436,1,,4,Correo Argentino,DELIVERED,2024-10-16 16:41:04,2024-10-22 13:44:03,6
9000002739,1000004863,20241016,783,1,,1,Correo Argentino,DELIVERED,2024-10-16 16:08:55,2024-10-17 15:05:47,1
9000002740,1000004864,20241016,876,1,,2,Correo Argentino,DELIVERED,2024-10-16 18:29:58,2024-10-21 18:43:28,5
9000002741,1000004866,20241016,1369,1,,2,Correo Argentino,DELIVERED,2024-10-17 17:13:19,2024-10-22 16:22:03,6
9000002742,1000004870,20241016,831,1,,4,Correo Argentino,DELIVERED,2024-10-17 18:03:10,2024-10-22 15:58:42,6
9000002743,1000004873,20241016,1431,1,,2,Correo Argentino,DELIVERED,2024-10-17 17:00:36,2024-10-22 09:44:36,6
9000002744,1000004877,20241016,1187,1,,1,Correo Argentino,CANCELLED,,,
9000002745,1000004878,20241016,1412,1,,1,Correo Argentino,DELIVERED,2024-10-17 17:37:24,2024-10-18 14:58:37,2
9000002746,1000004879,20241016,1547,1,,2,Correo Argentino,DELIVERED,2024-10-17 16:20:39,2024-10-23 09:52:11,7
9000002747,1000004880,20241017,1841,1,,1,Correo Argentino,DELIVERED,2024-10-17 17:44:26,2024-10-21 15:46:33,4
9000002748,1000004881,20241017,1047,1,,3,Correo Argentino,DELIVERED,2024-10-17 18:31:23,2024-10-21 15:11:13,4
9000002749,1000004882,20241017,69,1,,4,Correo Argentino,DELIVERED,2024-10-17 18:48:12,2024-10-23 12:23:24,6
9000002750,1000004885,20241017,1842,1,,2,Correo Argentino,DELIVERED,2024-10-17 17:46:11,2024-10-22 10:35:40,5
9000002751,1000004892,20241017,1845,1,,4,Correo Argentino,DELIVERED,2024-10-18 18:49:03,2024-10-24 16:28:18,7
9000002752,1000004896,20241017,1258,1,,1,Correo Argentino,DELIVERED,2024-10-18 18:16:45,2024-10-21 18:02:57,4
9000002753,1000004898,20241017,1484,1,,1,Correo Argentino,DELIVERED,2024-10-18 18:41:04,2024-10-22 18:48:17,5
9000002754,1000004902,20241017,63,1,,1,Correo Argentino,DELIVERED,2024-10-18 17:00:01,2024-10-22 17:03:29,5
9000002755,1000004903,20241017,308,1,,2,Correo Argentino,DELIVERED,2024-10-18 18:35:20,2024-10-23 09:40:28,6
9000002756,1000004904,20241018,1847,1,,1,Correo Argentino,DELIVERED,2024-10-18 16:08:45,2024-10-21 10:40:26,3
9000002757,1000004905,20241018,1274,1,,3,Correo Argentino,DELIVERED,2024-10-18 16:41:22,2024-10-24 11:23:15,6
9000002758,1000004907,20241018,1110,1,,4,Correo Argentino,DELIVERED,2024-10-18 17:55:46,2024-10-22 19:13:33,4
9000002759,1000004908,20241018,464,1,,1,Correo Argentino,DELIVERED,2024-10-21 17:54:07,2024-10-23 12:49:11,5
9000002760,1000004911,20241018,1608,1,,1,Correo Argentino,DELIVERED,2024-10-18 18:17:00,2024-10-22 13:01:49,4
9000002761,1000004913,20241018,1070,1,,3,Correo Argentino,DELIVERED,2024-10-21 16:16:54,2024-10-25 11:25:30,7
9000002762,1000004915,20241018,1422,1,,1,Correo Argentino,DELIVERED,2024-10-21 17:43:34,2024-10-24 17:36:54,6
9000002763,1000004916,20241018,891,1,,2,Correo Argentino,DELIVERED,2024-10-21 17:43:22,2024-10-23 09:29:36,5
9000002764,1000004919,20241018,1629,1,,3,Correo Argentino,DELIVERED,2024-10-21 18:18:26,2024-10-23 12:11:59,5
9000002765,1000004920,20241018,1849,1,,1,Correo Argentino,DELIVERED,2024-10-21 17:42:03,2024-10-24 14:32:48,6
9000002766,1000004923,20241018,1095,1,,1,Correo Argentino,DELIVERED,2024-10-21 16:31:40,2024-10-24 11:46:52,6
9000002767,1000004924,20241018,398,1,,1,Correo Argentino,DELIVERED,2024-10-21 16:28:18,2024-10-23 18:09:21,5
9000002768,1000004925,20241018,648,1,,1,Correo Argentino,DELIVERED,2024-10-21 18:57:32,2024-10-23 16:16:05,5
9000002769,1000004926,20241019,416,1,,2,Correo Argentino,DELIVERED,2024-10-21 18:27:05,2024-10-23 13:10:25,4
9000002770,1000004928,20241019,1317,1,,1,Correo Argentino,DELIVERED,2024-10-21 18:23:49,2024-10-22 14:02:34,3
9000002771,1000004930,20241019,1464,1,,4,Correo Argentino,DELIVERED,2024-10-21 17:26:55,2024-10-25 17:27:12,6
9000002772,1000004934,20241019,1719,1,,2,Correo Argentino,DELIVERED,2024-10-21 17:55:16,2024-10-24 17:54:43,5
9000002773,1000004937,20241019,411,1,,1,Correo Argentino,DELIVERED,2024-10-21 16:11:45,2024-10-23 10:52:54,4
9000002774,1000004944,20241019,1850,1,,1,Correo Argentino,DELIVERED,2024-10-21 17:26:42,2024-10-23 17:21:48,4
9000002775,1000004946,20241019,189,1,,3,Correo Argentino,DELIVERED,2024-10-21 18:53:32,2024-10-23 18:25:53,4
9000002776,1000004949,20241019,1591,1,,1,Correo Argentino,DELIVERED,2024-10-21 18:54:27,2024-10-23 13:50:52,4
9000002777,1000004950,20241020,578,1,,1,Correo Argentino,DELIVERED,2024-10-21 18:06:45,2024-10-22 09:03:50,2
9000002778,1000004951,20241020,1654,1,,4,Correo Argentino,DELIVERED,2024-10-21 16:57:33,2024-10-25 12:55:43,5
9000002779,1000004952,20241020,301,1,,1,Correo Argentino,DELIVERED,2024-10-21 16:25:04,2024-10-23 14:36:22,3
9000002780,1000004953,20241020,1851,1,,4,Correo Argentino,DELIVERED,2024-10-21 17:14:38,2024-10-28 17:14:15,8
9000002781,1000004954,20241020,1852,1,,3,Correo Argentino,DELIVERED,2024-10-21 16:02:57,2024-10-23 16:08:40,3
9000002782,1000004955,20241020,1474,1,,1,Correo Argentino,DELIVERED,2024-10-21 18:11:17,2024-10-22 11:12:14,2
9000002783,1000004956,20241020,259,1,,2,Correo Argentino,DELIVERED,2024-10-21 17:18:37,2024-10-24 10:14:36,4
9000002784,1000004957,20241020,663,1,,1,Correo Argentino,DELIVERED,2024-10-21 16:15:19,2024-10-23 09:41:42,3
9000002785,1000004958,20241020,1297,1,,2,Correo Argentino,DELIVERED,2024-10-21 17:07:10,2024-10-25 18:34:04,5
9000002786,1000004959,20241020,1087,1,,4,Correo Argentino,DELIVERED,2024-10-21 16:58:40,2024-10-25 14:28:27,5
9000002787,1000004960,20241020,964,1,,3,Correo Argentino,DELIVERED,2024-10-21 16:15:27,2024-10-25 12:17:53,5
9000002788,1000004961,20241021,1135,1,,1,Correo Argentino,DELIVERED,2024-10-21 18:44:02,2024-10-22 19:54:45,1
9000002789,1000004962,20241021,1026,1,,3,Correo Argentino,DELIVERED,2024-10-22 18:29:53,2024-10-24 19:19:28,3
9000002790,1000004963,20241021,1853,1,,1,Correo Argentino,DELIVERED,2024-10-22 18:19:29,2024-10-23 09:57:05,2
9000002791,1000004964,20241021,1053,1,,1,Correo Argentino,DELIVERED,2024-10-22 16:53:26,2024-10-24 11:52:16,3
9000002792,1000004967,20241021,739,1,,2,Correo Argentino,DELIVERED,2024-10-22 16:45:21,2024-10-29 19:03:53,8
9000002793,1000004968,20241021,1404,1,,4,Correo Argentino,DELIVERED,2024-10-22 16:09:57,2024-10-24 15:51:46,3
9000002794,1000004969,20241021,1466,1,,2,Correo Argentino,DELIVERED,2024-10-22 17:43:07,2024-10-25 19:07:39,4
9000002796,1000004971,20241021,1189,1,,4,Correo Argentino,DELIVERED,2024-10-22 18:50:58,2024-10-29 15:31:41,8
9000002797,1000004973,20241022,1854,1,,1,Correo Argentino,DELIVERED,2024-10-22 17:15:19,2024-10-25 18:26:23,3
9000002798,1000004974,20241022,1855,1,,1,Correo Argentino,DELIVERED,2024-10-22 18:08:00,2024-10-23 16:24:36,1
9000002799,1000004975,20241022,357,1,,1,Correo Argentino,DELIVERED,2024-10-22 16:48:04,2024-10-25 18:41:43,3
9000002800,1000004976,20241022,1387,1,,3,Correo Argentino,DELIVERED,2024-10-22 17:17:37,2024-10-25 11:57:23,3
9000002801,1000004978,20241022,1175,1,,1,Correo Argentino,DELIVERED,2024-10-22 18:11:54,2024-10-23 12:33:37,1
9000002802,1000004979,20241022,1857,1,,4,Correo Argentino,DELIVERED,2024-10-23 17:50:33,2024-10-30 13:24:42,8
9000002803,1000004980,20241022,1256,1,,1,Correo Argentino,DELIVERED,2024-10-23 18:59:42,2024-10-28 14:46:11,6
9000002804,1000004981,20241022,1169,1,,4,Correo Argentino,DELIVERED,2024-10-23 16:57:18,2024-10-29 15:41:28,7
9000002806,1000004985,20241022,1483,1,,3,Correo Argentino,DELIVERED,2024-10-23 16:13:51,2024-10-25 16:18:35,3
9000002807,1000004986,20241022,1859,1,,3,Correo Argentino,DELIVERED,2024-10-23 18:33:55,2024-10-28 09:16:05,6
9000002808,1000004988,20241022,1650,1,,1,Correo Argentino,DELIVERED,2024-10-23 17:07:02,2024-10-25 11:36:29,3
9000002809,1000004989,20241022,1083,1,,2,Correo Argentino,DELIVERED,2024-10-23 18:56:43,2024-10-29 16:42:21,7
9000002810,1000004991,20241023,113,1,,1,Correo Argentino,DELIVERED,2024-10-23 16:28:51,2024-10-28 10:53:44,5
9000002811,1000004994,20241023,1862,1,,4,Correo Argentino,DELIVERED,2024-10-24 16:45:38,2024-10-29 10:43:40,6
9000002812,1000004995,20241023,1485,1,,1,Correo Argentino,DELIVERED,2024-10-24 18:48:35,2024-10-28 18:34:44,5
9000002814,1000005000,20241023,1702,1,,3,Correo Argentino,DELIVERED,2024-10-24 16:06:52,2024-10-30 12:24:13,7
9000002815,1000005002,20241023,1509,1,,3,Correo Argentino,DELIVERED,2024-10-24 17:17:22,2024-10-30 14:20:29,7
9000002816,1000005003,20241023,1864,1,,4,Correo Argentino,DELIVERED,2024-10-24 16:34:14,2024-10-31 15:19:10,8
9000002817,1000005004,20241024,29,1,,4,Correo Argentino,DELIVERED,2024-10-24 17:31:55,2024-10-29 14:56:29,5
9000002818,1000005005,20241024,960,1,,1,Correo Argentino,DELIVERED,2024-10-24 16:54:59,2024-10-29 10:52:42,5
9000002819,1000005007,20241024,1534,1,,3,Correo Argentino,DELIVERED,2024-10-24 18:35:13,2024-10-30 16:49:09,6
9000002821,1000005009,20241024,1275,1,,4,Correo Argentino,DELIVERED,2024-10-25 16:26:46,2024-10-31 15:54:21,7
9000002822,1000005011,20241024,1865,1,,2,Correo Argentino,DELIVERED,2024-10-25 18:38:45,2024-10-31 10:30:31,7
9000002823,1000005012,20241024,1500,1,,2,Correo Argentino,DELIVERED,2024-10-25 18:12:18,2024-11-01 09:38:35,8
9000002824,1000005013,20241024,284,1,,3,Correo Argentino,DELIVERED,2024-10-25 16:10:12,2024-10-30 11:35:12,6
9000002825,1000005014,20241024,104,1,,2,Correo Argentino,DELIVERED,2024-10-25 16:40:44,2024-10-29 12:04:53,5
9000002826,1000005015,20241024,1496,1,,4,Correo Argentino,DELIVERED,2024-10-28 17:54:24,2024-10-31 11:06:21,7
9000002827,1000005016,20241024,1002,1,,3,Correo Argentino,DELIVERED,2024-10-25 16:17:17,2024-10-29 15:26:50,5
9000002828,1000005017,20241024,1866,1,,2,Correo Argentino,DELIVERED,2024-10-25 18:03:05,2024-11-01 19:39:32,8
9000002829,1000005018,20241024,299,1,,3,Correo Argentino,CANCELLED,,,
9000002830,1000005019,20241025,1867,1,,1,Correo Argentino,DELIVERED,2024-10-28 16:10:25,2024-10-29 17:18:16,4
9000002831,1000005020,20241025,1868,1,,3,Correo Argentino,DELIVERED,2024-10-25 18:26:07,2024-10-29 12:23:51,4
9000002832,1000005021,20241025,1001,1,,3,Correo Argentino,DELIVERED,2024-10-25 16:57:13,2024-10-30 18:23:59,5
9000002833,1000005023,20241025,888,1,,3,Correo Argentino,DELIVERED,2024-10-25 17:30:19,2024-10-30 11:37:03,5
9000002834,1000005025,20241025,1870,1,,3,Correo Argentino,DELIVERED,2024-10-28 18:21:58,2024-10-30 19:53:06,5
9000002835,1000005028,20241025,1871,1,,4,Correo Argentino,DELIVERED,2024-10-28 17:14:30,2024-10-30 12:30:27,5
9000002836,1000005030,20241025,1469,1,,3,Correo Argentino,DELIVERED,2024-10-28 17:48:05,2024-11-01 15:05:04,7
9000002837,1000005031,20241025,1872,1,,3,Correo Argentino,DELIVERED,2024-10-28 18:04:06,2024-10-31 17:09:03,6
9000002838,1000005033,20241026,1874,1,,3,Correo Argentino,DELIVERED,2024-10-28 18:47:43,2024-11-04 13:42:53,9
9000002839,1000005038,20241026,1876,1,,1,Correo Argentino,CANCELLED,,,
9000002840,1000005040,20241026,42,1,,1,Correo Argentino,DELIVERED,2024-10-28 16:38:41,2024-10-31 17:21:57,5
9000002842,1000005048,20241026,1878,1,,2,Correo Argentino,DELIVERED,2024-10-28 18:17:45,2024-10-31 10:13:41,5
9000002843,1000005049,20241026,1842,1,,2,Correo Argentino,DELIVERED,2024-10-28 16:16:10,2024-11-04 10:54:59,9
9000002844,1000005050,20241026,789,1,,3,Correo Argentino,DELIVERED,2024-10-28 17:46:14,2024-11-01 14:44:38,6
9000002845,1000005051,20241026,1551,1,,3,Correo Argentino,DELIVERED,2024-10-28 18:26:15,2024-10-31 11:41:16,5
9000002846,1000005052,20241027,566,1,,2,Correo Argentino,DELIVERED,2024-10-28 18:51:19,2024-11-01 18:55:41,5
9000002847,1000005055,20241027,1879,1,,2,Correo Argentino,DELIVERED,2024-10-28 16:02:47,2024-11-01 13:33:32,5
9000002848,1000005056,20241027,787,1,,1,Correo Argentino,DELIVERED,2024-10-28 17:25:11,2024-10-29 18:00:21,2
9000002849,1000005057,20241027,1880,1,,2,Correo Argentino,DELIVERED,2024-10-28 17:25:14,2024-10-31 12:10:25,4
9000002850,1000005059,20241027,1626,1,,2,Correo Argentino,DELIVERED,2024-10-28 16:46:54,2024-10-31 19:26:36,4
9000002851,1000005060,20241027,1273,1,,2,Correo Argentino,DELIVERED,2024-10-28 16:12:55,2024-10-31 13:55:52,4
9000002852,1000005061,20241027,1359,1,,4,Correo Argentino,DELIVERED,2024-10-28 18:00:40,2024-10-31 14:31:28,4
9000002853,1000005062,20241027,1336,1,,3,Correo Argentino,DELIVERED,2024-10-28 17:26:10,2024-10-31 16:36:19,4
9000002854,1000005063,20241027,1160,1,,2,Correo Argentino,DELIVERED,2024-10-31 16:58:15,2024-11-05 12:59:58,9
9000002855,1000005064,20241027,1881,1,,1,Correo Argentino,DELIVERED,2024-10-28 17:33:30,2024-10-30 16:47:57,3
9000002856,1000005065,20241028,179,1,,3,Correo Argentino,DELIVERED,2024-10-28 18:24:41,2024-10-31 14:08:35,3
9000002857,1000005066,20241028,1882,1,,1,Correo Argentino,DELIVERED,2024-10-28 16:26:49,2024-10-31 09:30:49,3
9000002858,1000005072,20241028,1885,1,,4,Correo Argentino,DELIVERED,2024-10-28 16:17:57,2024-10-31 17:40:52,3
9000002859,1000005073,20241028,1168,1,,2,Correo Argentino,DELIVERED,2024-10-29 17:57:53,2024-11-04 12:15:10,7
9000002860,1000005074,20241028,5,1,,1,Correo Argentino,DELIVERED,2024-10-29 16:04:37,2024-10-31 13:54:11,3
9000002861,1000005076,20241028,1887,1,,3,Correo Argentino,DELIVERED,2024-10-29 18:26:58,2024-10-31 09:03:42,3
9000002862,1000005081,20241028,1343,1,,1,Correo Argentino,DELIVERED,2024-10-29 17:38:55,2024-10-31 13:59:09,3
9000002863,1000005083,20241028,1313,1,,2,Correo Argentino,DELIVERED,2024-10-29 17:04:00,2024-11-01 12:39:00,4
9000002864,1000005085,20241028,487,1,,2,Correo Argentino,DELIVERED,2024-10-29 16:58:35,2024-11-04 19:26:42,7
9000002865,1000005086,20241029,214,1,,1,Correo Argentino,DELIVERED,2024-10-29 17:33:10,2024-10-30 11:43:16,1
9000002866,1000005087,20241029,1420,1,,1,Correo Argentino,DELIVERED,2024-10-29 16:46:42,2024-10-31 09:30:58,2
9000002867,1000005088,20241029,1329,1,,1,Correo Argentino,DELIVERED,2024-10-29 17:48:03,2024-10-30 17:55:17,1
9000002868,1000005091,20241029,869,1,,1,Correo Argentino,DELIVERED,2024-10-30 18:18:10,2024-10-31 12:16:36,2
9000002869,1000005092,20241029,1889,1,,3,Correo Argentino,DELIVERED,2024-10-30 16:08:45,2024-11-05 11:36:08,7
9000002870,1000005093,20241029,1750,1,,3,Correo Argentino,DELIVERED,2024-10-30 16:30:26,2024-11-05 13:00:11,7
9000002871,1000005095,20241029,946,1,,1,Correo Argentino,DELIVERED,2024-10-30 17:03:41,2024-10-31 16:27:22,2
9000002872,1000005096,20241029,1653,1,,1,Correo Argentino,DELIVERED,2024-10-30 16:41:47,2024-10-31 18:06:34,2
9000002873,1000005099,20241029,630,1,,4,Correo Argentino,DELIVERED,2024-10-30 18:44:06,2024-11-04 18:16:44,6
9000002874,1000005101,20241029,742,1,,1,Correo Argentino,DELIVERED,2024-10-30 16:13:58,2024-11-01 19:45:46,3
9000002875,1000005102,20241029,1187,1,,1,Correo Argentino,DELIVERED,2024-10-30 18:59:13,2024-11-01 13:55:39,3
9000002876,1000005103,20241029,652,1,,1,Correo Argentino,DELIVERED,2024-10-30 18:53:15,2024-11-01 14:54:26,3
9000002877,1000005104,20241029,723,1,,4,Correo Argentino,DELIVERED,2024-11-01 18:36:19,2024-11-05 18:40:21,7
9000002878,1000005105,20241029,279,1,,2,Correo Argentino,DELIVERED,2024-10-30 18:03:30,2024-11-06 11:18:11,8
9000002879,1000005106,20241029,812,1,,2,Correo Argentino,DELIVERED,2024-10-30 17:21:35,2024-11-01 19:49:07,3
9000002880,1000005107,20241030,938,1,,3,Correo Argentino,DELIVERED,2024-10-30 17:39:06,2024-11-05 14:33:00,6
9000002881,1000005108,20241030,1891,1,,2,Correo Argentino,DELIVERED,2024-10-30 17:00:00,2024-11-04 13:24:44,5
9000002882,1000005109,20241030,1892,1,,3,Correo Argentino,DELIVERED,2024-10-30 17:29:03,2024-11-01 12:08:16,2
9000002883,1000005110,20241030,1539,1,,1,Correo Argentino,DELIVERED,2024-10-30 18:37:20,2024-11-01 15:26:44,2
9000002884,1000005111,20241030,1893,1,,2,Correo Argentino,DELIVERED,2024-10-30 18:28:27,2024-11-05 12:57:15,6
9000002885,1000005113,20241030,1894,1,,1,Correo Argentino,DELIVERED,2024-10-30 16:22:25,2024-10-31 19:24:32,1
9000002886,1000005119,20241030,1102,1,,1,Correo Argentino,DELIVERED,2024-10-31 17:15:43,2024-11-05 10:52:41,6
9000002887,1000005122,20241030,996,1,,2,Correo Argentino,DELIVERED,2024-10-31 17:23:17,2024-11-06 10:45:28,7
9000002888,1000005123,20241030,457,1,,4,Correo Argentino,DELIVERED,2024-10-31 18:15:31,2024-11-05 18:56:38,6
9000002889,1000005124,20241030,45,1,,2,Correo Argentino,DELIVERED,2024-10-31 18:50:21,2024-11-05 16:14:47,6
9000002890,1000005125,20241030,257,1,,2,Correo Argentino,DELIVERED,2024-10-31 16:07:50,2024-11-05 13:50:48,6
9000002891,1000005126,20241030,1795,1,,3,Correo Argentino,DELIVERED,2024-10-31 17:25:47,2024-11-06 17:42:32,7
9000002892,1000005127,20241030,1511,1,,3,Correo Argentino,DELIVERED,2024-10-31 16:23:23,2024-11-06 18:37:33,7
9000002893,1000005128,20241031,849,1,,3,Correo Argentino,DELIVERED,2024-10-31 16:47:14,2024-11-05 14:26:29,5
9000002894,1000005129,20241031,626,1,,1,Correo Argentino,DELIVERED,2024-10-31 17:16:09,2024-11-04 17:39:29,4
9000002895,1000005130,20241031,1046,1,,1,Correo Argentino,DELIVERED,2024-10-31 18:08:37,2024-11-05 14:14:05,5
9000002896,1000005133,20241031,1568,1,,2,Correo Argentino,DELIVERED,2024-10-31 18:56:22,2024-11-04 11:33:00,4
9000002897,1000005136,20241031,733,1,,1,Correo Argentino,DELIVERED,2024-10-31 17:45:00,2024-11-01 19:03:07,1
9000002898,1000005144,20241031,1229,1,,1,Correo Argentino,DELIVERED,2024-11-01 17:53:15,2024-11-05 15:05:25,5
9000002899,1000005146,20241031,1016,1,,1,Correo Argentino,DELIVERED,2024-11-01 17:02:23,2024-11-04 12:20:36,4
9000002901,1000005155,20241101,1901,1,,3,Correo Argentino,DELIVERED,2024-11-04 17:00:48,2024-11-13 19:08:51,12
9000002902,1000005158,20241101,494,1,,1,Correo Argentino,DELIVERED,2024-11-04 16:48:31,2024-11-08 14:00:31,7
9000002903,1000005165,20241101,1903,1,,2,Correo Argentino,DELIVERED,2024-11-04 17:30:10,2024-11-07 12:27:34,6
9000002904,1000005166,20241101,1318,1,,2,Correo Argentino,DELIVERED,2024-11-04 16:53:57,2024-11-08 19:22:01,7
9000002905,1000005167,20241102,1057,1,,4,Correo Argentino,DELIVERED,2024-11-04 16:04:25,2024-11-07 09:02:25,5
9000002906,1000005168,20241102,1388,1,,1,Correo Argentino,DELIVERED,2024-11-04 18:16:57,2024-11-08 13:19:16,6
9000002907,1000005169,20241102,629,1,,1,Correo Argentino,DELIVERED,2024-11-04 16:48:41,2024-11-06 15:18:35,4
9000002908,1000005181,20241102,160,1,,1,Correo Argentino,DELIVERED,2024-11-04 17:39:24,2024-11-08 16:01:57,6
9000002910,1000005185,20241103,1907,1,,4,Correo Argentino,DELIVERED,2024-11-04 18:29:39,2024-11-08 18:28:59,5
9000002911,1000005186,20241103,1908,1,,2,Correo Argentino,DELIVERED,2024-11-04 18:19:50,2024-11-08 11:08:20,5
9000002912,1000005187,20241103,1501,1,,3,Correo Argentino,DELIVERED,2024-11-04 16:22:35,2024-11-12 12:50:20,9
9000002913,1000005188,20241103,1088,1,,2,Correo Argentino,DELIVERED,2024-11-04 16:14:56,2024-11-11 15:06:10,8
9000002914,1000005189,20241103,1841,1,,1,Correo Argentino,DELIVERED,2024-11-04 17:33:15,2024-11-07 17:58:39,4
9000002915,1000005190,20241103,1909,1,,1,Correo Argentino,DELIVERED,2024-11-04 16:46:19,2024-11-08 15:59:47,5
9000002916,1000005191,20241103,11,1,,4,Correo Argentino,DELIVERED,2024-11-04 16:35:57,2024-11-08 19:40:50,5
9000002917,1000005194,20241103,1910,1,,3,Correo Argentino,DELIVERED,2024-11-04 17:16:12,2024-11-08 18:12:08,5
9000002918,1000005195,20241104,1423,1,,1,Correo Argentino,DELIVERED,2024-11-04 16:59:06,2024-11-07 17:20:44,3
9000002919,1000005196,20241104,1814,1,,4,Correo Argentino,DELIVERED,2024-11-04 17:18:27,2024-11-11 17:06:37,7
9000002920,1000005197,20241104,26,1,,1,Correo Argentino,DELIVERED,2024-11-04 17:03:34,2024-11-08 19:40:39,4
9000002921,1000005198,20241104,1911,1,,3,Correo Argentino,DELIVERED,2024-11-04 16:09:37,2024-11-12 14:06:37,8
9000002922,1000005199,20241104,1047,1,,3,Correo Argentino,DELIVERED,2024-11-04 18:50:11,2024-11-12 11:13:51,8
9000002923,1000005200,20241104,1525,1,,1,Correo Argentino,DELIVERED,2024-11-04 18:42:38,2024-11-07 18:38:45,3
9000002924,1000005202,20241104,1542,1,,2,Correo Argentino,DELIVERED,2024-11-04 18:51:06,2024-11-13 18:15:05,9
9000002925,1000005204,20241104,1632,1,,1,Correo Argentino,DELIVERED,2024-11-04 16:53:45,2024-11-07 15:59:58,3
9000002926,1000005205,20241104,1783,1,,3,Correo Argentino,DELIVERED,2024-11-04 18:07:14,2024-11-08 11:35:14,4
9000002927,1000005206,20241104,1913,1,,3,Correo Argentino,DELIVERED,2024-11-05 18:49:28,2024-11-11 18:44:25,7
9000002928,1000005207,20241104,373,1,,4,Correo Argentino,DELIVERED,2024-11-05 18:42:24,2024-11-12 10:28:19,8
9000002929,1000005208,20241104,47,1,,1,Correo Argentino,DELIVERED,2024-11-05 17:35:13,2024-11-11 17:35:30,7
9000002930,1000005209,20241104,1650,1,,1,Correo Argentino,DELIVERED,2024-11-05 18:36:55,2024-11-11 19:15:55,7
9000002931,1000005211,20241104,473,1,,1,Correo Argentino,DELIVERED,2024-11-05 16:17:49,2024-11-08 19:59:01,4
9000002932,1000005213,20241104,538,1,,4,Correo Argentino,DELIVERED,2024-11-05 17:04:54,2024-11-11 14:38:26,7
9000002933,1000005216,20241104,263,1,,3,Correo Argentino,DELIVERED,2024-11-05 17:06:54,2024-11-08 19:15:49,4
9000002934,1000005217,20241104,1582,1,,2,Correo Argentino,DELIVERED,2024-11-05 16:54:11,2024-11-14 16:54:10,10
9000002935,1000005218,20241104,1375,1,,1,Correo Argentino,DELIVERED,2024-11-05 16:11:36,2024-11-11 15:24:50,7
9000002936,1000005220,20241104,1549,1,,1,Correo Argentino,DELIVERED,2024-11-05 17:07:39,2024-11-07 10:37:26,3
9000002937,1000005222,20241104,268,1,,4,Correo Argentino,DELIVERED,2024-11-05 18:36:43,2024-11-11 13:58:09,7
9000002938,1000005223,20241104,918,1,,1,Correo Argentino,DELIVERED,2024-11-05 16:45:55,2024-11-11 15:04:23,7
9000002939,1000005224,20241104,1915,1,,4,Correo Argentino,DELIVERED,2024-11-05 16:27:59,2024-11-11 16:23:39,7
9000002940,1000005225,20241104,1358,1,,1,Correo Argentino,DELIVERED,2024-11-05 18:39:12,2024-11-07 15:17:43,3
9000002941,1000005226,20241104,870,1,,1,Correo Argentino,DELIVERED,2024-11-05 17:13:53,2024-11-12 09:05:47,8
9000002942,1000005227,20241104,1475,1,,2,Correo Argentino,DELIVERED,2024-11-05 17:49:03,2024-11-11 12:14:31,7
9000002943,1000005228,20241104,681,1,,1,Correo Argentino,DELIVERED,2024-11-05 16:12:33,2024-11-11 11:34:00,7
9000002944,1000005229,20241104,1916,1,,1,Correo Argentino,DELIVERED,2024-11-05 17:22:56,2024-11-08 18:45:14,4
9000002945,1000005230,20241104,1297,1,,2,Correo Argentino,DELIVERED,2024-11-05 18:11:17,2024-11-08 09:50:28,4
9000002946,1000005231,20241105,1639,1,,1,Correo Argentino,DELIVERED,2024-11-05 17:36:57,2024-11-08 09:30:15,3
9000002947,1000005232,20241105,505,1,,2,Correo Argentino,DELIVERED,2024-11-05 16:54:55,2024-11-12 14:17:03,7
9000002948,1000005233,20241105,1256,1,,1,Correo Argentino,DELIVERED,2024-11-05 16:50:23,2024-11-08 11:57:25,3
9000002949,1000005234,20241105,1917,1,,1,Correo Argentino,DELIVERED,2024-11-05 16:02:18,2024-11-08 17:11:52,3
9000002950,1000005235,20241105,1754,1,,1,Correo Argentino,DELIVERED,2024-11-05 16:35:20,2024-11-08 11:08:12,3
9000002951,1000005236,20241105,581,1,,4,Correo Argentino,DELIVERED,2024-11-05 17:49:27,2024-11-11 10:40:27,6
9000002952,1000005237,20241105,1278,1,,4,Correo Argentino,DELIVERED,2024-11-05 17:07:49,2024-11-11 15:13:33,6
9000002953,1000005238,20241105,1547,1,,2,Correo Argentino,DELIVERED,2024-11-05 18:36:21,2024-11-11 12:36:52,6
9000002954,1000005239,20241105,421,1,,1,Correo Argentino,DELIVERED,2024-11-05 17:21:54,2024-11-11 10:38:03,6
9000002955,1000005241,20241105,1021,1,,1,Correo Argentino,DELIVERED,2024-11-05 16:13:57,2024-11-11 18:08:09,6
9000002956,1000005243,20241105,1779,1,,1,Correo Argentino,DELIVERED,2024-11-06 17:50:38,2024-11-11 16:51:19,6
9000002957,1000005244,20241105,909,1,,2,Correo Argentino,DELIVERED,2024-11-06 18:09:56,2024-11-13 12:43:05,8
9000002958,1000005245,20241105,1728,1,,1,Correo Argentino,DELIVERED,2024-11-06 18:34:48,2024-11-12 11:21:37,7
9000002959,1000005246,20241105,1748,1,,3,Correo Argentino,DELIVERED,2024-11-06 17:39:15,2024-11-14 17:04:54,9
9000002960,1000005247,20241105,1919,1,,1,Correo Argentino,DELIVERED,2024-11-06 17:41:34,2024-11-11 13:37:46,6
9000002961,1000005248,20241105,1024,1,,4,Correo Argentino,DELIVERED,2024-11-06 18:03:25,2024-11-14 14:00:27,9
9000002962,1000005249,20241105,461,1,,3,Correo Argentino,DELIVERED,2024-11-06 16:56:11,2024-11-14 12:50:42,9
9000002963,1000005250,20241105,342,1,,3,Correo Argentino,DELIVERED,2024-11-06 18:00:01,2024-11-13 16:19:31,8
9000002965,1000005252,20241105,1707,1,,4,Correo Argentino,DELIVERED,2024-11-06 16:46:06,2024-11-11 15:08:03,6
9000002966,1000005253,20241105,1920,1,,1,Correo Argentino,DELIVERED,2024-11-06 16:26:21,2024-11-12 17:22:37,7
9000002967,1000005255,20241105,1610,1,,1,Correo Argentino,DELIVERED,2024-11-06 17:38:51,2024-11-08 19:02:26,3
9000002968,1000005256,20241105,405,1,,4,Correo Argentino,DELIVERED,2024-11-06 18:16:51,2024-11-14 12:25:29,9
9000002970,1000005259,20241105,791,1,,1,Correo Argentino,DELIVERED,2024-11-06 17:01:55,2024-11-12 15:25:28,7
9000002971,1000005260,20241105,1646,1,,3,Correo Argentino,DELIVERED,2024-11-06 17:36:20,2024-11-12 12:53:55,7
9000002972,1000005261,20241105,1921,1,,4,Correo Argentino,DELIVERED,2024-11-06 17:54:22,2024-11-12 15:56:05,7
9000002973,1000005262,20241105,1426,1,,1,Correo Argentino,DELIVERED,2024-11-06 18:23:26,2024-11-08 12:08:21,3
9000002974,1000005263,20241105,1570,1,,1,Correo Argentino,DELIVERED,2024-11-06 17:10:52,2024-11-11 14:50:40,6
9000002975,1000005264,20241105,399,1,,3,Correo Argentino,DELIVERED,2024-11-06 18:45:22,2024-11-12 18:32:08,7
9000002976,1000005266,20241105,984,1,,2,Correo Argentino,DELIVERED,2024-11-06 17:44:12,2024-11-14 15:51:20,9
9000002977,1000005267,20241106,1923,1,,4,Correo Argentino,DELIVERED,2024-11-06 16:15:15,2024-11-12 14:58:54,6
9000002978,1000005268,20241106,1588,1,,1,Correo Argentino,DELIVERED,2024-11-06 17:07:59,2024-11-11 09:19:43,5
9000002979,1000005269,20241106,1182,1,,2,Correo Argentino,DELIVERED,2024-11-08 16:03:21,2024-11-13 11:57:03,7
9000002980,1000005270,20241106,70,1,,1,Correo Argentino,DELIVERED,2024-11-06 17:21:45,2024-11-11 13:03:40,5
9000002981,1000005271,20241106,1924,1,,1,Correo Argentino,DELIVERED,2024-11-06 18:41:03,2024-11-08 18:11:11,2
9000002982,1000005272,20241106,1370,1,,3,Correo Argentino,DELIVERED,2024-11-07 16:06:42,2024-11-12 16:20:53,6
9000002983,1000005273,20241106,670,1,,1,Correo Argentino,DELIVERED,2024-11-06 18:16:07,2024-11-11 18:19:51,5
9000002984,1000005274,20241106,1925,1,,2,Correo Argentino,DELIVERED,2024-11-06 16:56:33,2024-11-13 12:50:08,7
9000002985,1000005275,20241106,1351,1,,2,Correo Argentino,DELIVERED,2024-11-06 18:01:53,2024-11-14 09:18:22,8
9000002986,1000005276,20241106,1078,1,,1,Correo Argentino,DELIVERED,2024-11-06 17:04:17,2024-11-12 16:50:01,6
9000002987,1000005277,20241106,785,1,,1,Correo Argentino,DELIVERED,2024-11-06 17:21:15,2024-11-12 12:53:47,6
9000002989,1000005279,20241106,1068,1,,1,Correo Argentino,DELIVERED,2024-11-06 17:57:20,2024-11-08 16:55:31,2
9000002990,1000005281,20241106,784,1,,4,Correo Argentino,DELIVERED,2024-11-06 18:43:54,2024-11-11 09:12:47,5
9000002991,1000005285,20241106,14,1,,1,Correo Argentino,DELIVERED,2024-11-07 17:58:02,2024-11-08 12:04:16,2
9000002992,1000005286,20241106,1331,1,,2,Correo Argentino,DELIVERED,2024-11-07 16:04:49,2024-11-11 19:06:06,5
9000002993,1000005287,20241106,1927,1,,1,Correo Argentino,DELIVERED,2024-11-07 18:05:24,2024-11-11 16:12:45,5
9000002994,1000005288,20241106,396,1,,1,Correo Argentino,DELIVERED,2024-11-07 17:53:16,2024-11-11 12:37:00,5
9000002995,1000005289,20241106,1120,1,,1,Correo Argentino,DELIVERED,2024-11-07 16:10:27,2024-11-11 12:55:01,5
9000002996,1000005290,20241106,1077,1,,3,Correo Argentino,DELIVERED,2024-11-07 17:46:18,2024-11-13 09:16:31,7
9000002997,1000005293,20241106,1180,1,,1,Correo Argentino,DELIVERED,2024-11-07 16:54:36,2024-11-11 11:56:35,5
9000002998,1000005295,20241106,1928,1,,2,Correo Argentino,DELIVERED,2024-11-07 17:10:47,2024-11-13 19:57:23,7
9000002999,1000005299,20241106,1929,1,,1,Correo Argentino,DELIVERED,2024-11-07 17:56:46,2024-11-11 17:29:45,5
9000003000,1000005300,20241106,1931,1,,2,Correo Argentino,DELIVERED,2024-11-07 18:52:08,2024-11-12 11:07:56,6
9000003001,1000005301,20241106,222,1,,1,Correo Argentino,DELIVERED,2024-11-07 17:31:26,2024-11-08 13:22:18,2
9000003002,1000005302,20241106,622,1,,2,Correo Argentino,DELIVERED,2024-11-07 16:31:26,2024-11-13 09:41:18,7
9000003003,1000005303,20241106,1428,1,,3,Correo Argentino,DELIVERED,2024-11-07 16:37:48,2024-11-11 09:56:05,5
9000003004,1000005304,20241106,294,1,,3,Correo Argentino,DELIVERED,2024-11-07 17:02:01,2024-11-12 09:37:41,6
9000003005,1000005305,20241106,913,1,,3,Correo Argentino,DELIVERED,2024-11-07 18:10:16,2024-11-13 19:14:47,7
9000003006,1000005306,20241106,53,1,,4,Correo Argentino,DELIVERED,2024-11-07 17:13:36,2024-11-14 11:41:19,8
9000003007,1000005308,20241106,1591,1,,1,Correo Argentino,DELIVERED,2024-11-07 16:59:20,2024-11-11 10:27:03,5
9000003008,1000005309,20241106,871,1,,4,Correo Argentino,DELIVERED,2024-11-07 16:32:32,2024-11-12 13:56:59,6
9000003009,1000005310,20241106,1932,1,,2,Correo Argentino,DELIVERED,2024-11-07 17:35:35,2024-11-13 19:36:06,7
9000003010,1000005311,20241106,1121,1,,2,Correo Argentino,DELIVERED,2024-11-07 17:01:29,2024-11-13 10:51:51,7
9000003011,1000005312,20241107,1706,1,,1,Correo Argentino,DELIVERED,2024-11-07 18:39:59,2024-11-08 15:11:47,1
9000003012,1000005314,20241107,1006,1,,2,Correo Argentino,DELIVERED,2024-11-07 16:39:01,2024-11-13 15:09:43,6
9000003013,1000005315,20241107,118,1,,2,Correo Argentino,DELIVERED,2024-11-07 18:58:35,2024-11-13 10:36:20,6
9000003014,1000005317,20241107,27,1,,2,Correo Argentino,DELIVERED,2024-11-07 18:16:48,2024-11-11 16:40:41,4
9000003015,1000005322,20241107,1087,1,,4,Correo Argentino,DELIVERED,2024-11-08 17:38:54,2024-11-12 16:23:22,5
9000003016,1000005323,20241107,404,1,,1,Correo Argentino,DELIVERED,2024-11-08 17:27:20,2024-11-13 13:58:05,6
9000003017,1000005324,20241107,542,1,,2,Correo Argentino,DELIVERED,2024-11-08 18:06:23,2024-11-12 10:02:58,5
9000003018,1000005326,20241107,1450,1,,3,Correo Argentino,DELIVERED,2024-11-08 17:02:34,2024-11-12 13:46:17,5
9000003019,1000005328,20241107,420,1,,1,Correo Argentino,DELIVERED,2024-11-08 17:07:53,2024-11-11 12:57:19,4
9000003020,1000005329,20241107,201,1,,1,Correo Argentino,DELIVERED,2024-11-08 18:28:52,2024-11-12 12:27:53,5
9000003021,1000005330,20241107,1592,1,,2,Correo Argentino,DELIVERED,2024-11-08 17:54:27,2024-11-13 11:34:35,6
9000003022,1000005331,20241107,1286,1,,1,Correo Argentino,DELIVERED,2024-11-08 17:38:40,2024-11-12 11:02:11,5
9000003023,1000005332,20241107,169,1,,1,Correo Argentino,DELIVERED,2024-11-08 18:15:59,2024-11-12 10:30:03,5
9000003024,1000005333,20241108,335,1,,4,Correo Argentino,DELIVERED,2024-11-08 16:13:33,2024-11-14 12:34:05,6
9000003026,1000005335,20241108,241,1,,1,Correo Argentino,DELIVERED,2024-11-08 16:05:16,2024-11-12 10:26:49,4
9000003027,1000005336,20241108,1328,1,,2,Correo Argentino,DELIVERED,2024-11-11 18:18:57,2024-11-14 10:09:41,6
9000003028,1000005337,20241108,725,1,,3,Correo Argentino,CANCELLED,,,
9000003029,1000005341,20241108,1936,1,,2,Correo Argentino,DELIVERED,2024-11-11 17:12:49,2024-11-15 18:56:59,7
9000003030,1000005342,20241108,287,1,,1,Correo Argentino,DELIVERED,2024-11-11 16:44:58,2024-11-13 13:16:30,5
9000003031,1000005347,20241108,65,1,,1,Correo Argentino,DELIVERED,2024-11-11 16:51:52,2024-11-13 10:36:55,5
9000003032,1000005348,20241108,161,1,,2,Correo Argentino,DELIVERED,2024-11-11 18:03:26,2024-11-15 13:10:06,7
9000003033,1000005349,20241108,1823,1,,4,Correo Argentino,DELIVERED,2024-11-11 16:26:01,2024-11-13 15:20:24,5
9000003034,1000005350,20241108,339,1,,2,Correo Argentino,DELIVERED,2024-11-11 17:47:55,2024-11-14 17:19:42,6
9000003035,1000005351,20241108,1598,1,,4,Correo Argentino,DELIVERED,2024-11-11 18:32:18,2024-11-15 19:30:12,7
9000003036,1000005352,20241108,1939,1,,1,Correo Argentino,DELIVERED,2024-11-11 18:31:48,2024-11-13 10:19:07,5
9000003037,1000005353,20241108,1577,1,,1,Correo Argentino,DELIVERED,2024-11-11 18:28:28,2024-11-13 11:17:40,5
9000003038,1000005354,20241109,1940,1,,2,Correo Argentino,DELIVERED,2024-11-11 16:48:22,2024-11-14 15:08:31,5
9000003039,1000005355,20241109,1770,1,,1,Correo Argentino,DELIVERED,2024-11-11 18:54:59,2024-11-13 12:15:55,4
9000003040,1000005356,20241109,1941,1,,2,Correo Argentino,DELIVERED,2024-11-11 18:28:52,2024-11-15 15:45:51,6
9000003041,1000005357,20241109,696,1,,3,Correo Argentino,DELIVERED,2024-11-11 17:11:51,2024-11-13 19:55:10,4
9000003042,1000005363,20241109,1275,1,,4,Correo Argentino,DELIVERED,2024-11-12 16:05:11,2024-11-18 15:23:05,9
9000003043,1000005364,20241109,684,1,,1,Correo Argentino,DELIVERED,2024-11-11 18:41:31,2024-11-12 19:20:09,3
9000003044,1000005365,20241109,299,1,,3,Correo Argentino,DELIVERED,2024-11-11 17:07:52,2024-11-14 09:49:41,5
9000003045,1000005366,20241109,1244,1,,1,Correo Argentino,DELIVERED,2024-11-11 17:39:07,2024-11-13 18:55:39,4
9000003046,1000005367,20241109,1580,1,,1,Correo Argentino,DELIVERED,2024-11-11 17:34:22,2024-11-13 16:26:15,4
9000003047,1000005368,20241109,1313,1,,2,Correo Argentino,DELIVERED,2024-11-11 16:47:56,2024-11-15 16:59:38,6
9000003048,1000005369,20241109,1943,1,,3,Correo Argentino,DELIVERED,2024-11-11 18:08:55,2024-11-14 14:48:39,5
9000003049,1000005370,20241109,1432,1,,4,Correo Argentino,DELIVERED,2024-11-11 18:44:52,2024-11-15 17:00:28,6
9000003050,1000005375,20241109,1945,1,,4,Correo Argentino,DELIVERED,2024-11-11 17:45:55,2024-11-18 15:10:09,9
9000003051,1000005376,20241109,143,1,,2,Correo Argentino,DELIVERED,2024-11-11 16:05:05,2024-11-14 18:18:48,5
9000003052,1000005378,20241109,1946,1,,2,Correo Argentino,DELIVERED,2024-11-11 18:04:35,2024-11-18 15:30:29,9
9000003053,1000005379,20241109,1947,1,,3,Correo Argentino,DELIVERED,2024-11-11 18:06:44,2024-11-15 14:29:05,6
9000003054,1000005380,20241109,172,1,,2,Correo Argentino,DELIVERED,2024-11-11 18:03:19,2024-11-15 10:33:03,6
9000003055,1000005381,20241110,759,1,,1,Correo Argentino,DELIVERED,2024-11-11 16:52:25,2024-11-12 10:30:17,2
9000003056,1000005382,20241110,333,1,,3,Correo Argentino,CANCELLED,,,
9000003057,1000005384,20241110,1254,1,,2,Correo Argentino,DELIVERED,2024-11-11 17:44:54,2024-11-14 14:23:01,4
9000003058,1000005386,20241110,1504,1,,3,Correo Argentino,DELIVERED,2024-11-11 16:00:37,2024-11-14 13:47:13,4
9000003059,1000005387,20241110,1439,1,,4,Correo Argentino,DELIVERED,2024-11-12 18:30:46,2024-11-15 16:58:30,5
9000003060,1000005388,20241110,1554,1,,1,Correo Argentino,DELIVERED,2024-11-11 17:21:50,2024-11-14 09:19:43,4
9000003061,1000005389,20241110,115,1,,1,Correo Argentino,DELIVERED,2024-11-11 16:49:57,2024-11-12 10:58:15,2
9000003062,1000005390,20241111,1724,1,,1,Correo Argentino,DELIVERED,2024-11-11 16:39:09,2024-11-13 16:10:02,2
9000003063,1000005391,20241111,1345,1,,1,Correo Argentino,DELIVERED,2024-11-14 17:41:10,2024-11-18 17:02:26,7
9000003064,1000005392,20241111,977,1,,3,Correo Argentino,DELIVERED,2024-11-11 16:23:45,2024-11-13 19:08:42,2
9000003065,1000005396,20241111,176,1,,1,Correo Argentino,DELIVERED,2024-11-12 17:05:37,2024-11-15 11:08:23,4
9000003066,1000005403,20241111,1949,1,,1,Correo Argentino,DELIVERED,2024-11-12 17:58:55,2024-11-13 10:13:07,2
9000003067,1000005404,20241111,1725,1,,1,Correo Argentino,DELIVERED,2024-11-12 17:15:21,2024-11-15 09:05:42,4
9000003068,1000005405,20241111,1516,1,,2,Correo Argentino,DELIVERED,2024-11-12 18:28:23,2024-11-18 10:22:01,7
9000003069,1000005406,20241111,1867,1,,1,Correo Argentino,DELIVERED,2024-11-12 16:59:38,2024-11-13 18:33:32,2
9000003070,1000005407,20241111,425,1,,3,Correo Argentino,DELIVERED,2024-11-12 17:02:56,2024-11-18 16:11:55,7
9000003071,1000005408,20241112,152,1,,3,Correo Argentino,DELIVERED,2024-11-12 17:22:19,2024-11-14 18:45:23,2
9000003072,1000005409,20241112,1600,1,,4,Correo Argentino,DELIVERED,2024-11-12 18:04:09,2024-11-14 09:03:03,2
9000003073,1000005410,20241112,1795,1,,3,Correo Argentino,DELIVERED,2024-11-12 16:38:54,2024-11-14 11:54:10,2
9000003074,1000005411,20241112,1950,1,,1,Correo Argentino,DELIVERED,2024-11-12 18:56:03,2024-11-14 10:42:22,2
9000003075,1000005413,20241112,1951,1,,1,Correo Argentino,DELIVERED,2024-11-12 18:43:18,2024-11-14 13:02:45,2
9000003076,1000005415,20241112,1953,1,,4,Correo Argentino,DELIVERED,2024-11-12 16:45:28,2024-11-14 17:34:56,2
9000003077,1000005416,20241112,1954,1,,1,Correo Argentino,DELIVERED,2024-11-13 18:59:27,2024-11-18 16:03:38,6
9000003078,1000005417,20241112,715,1,,2,Correo Argentino,DELIVERED,2024-11-13 18:57:56,2024-11-18 14:03:15,6
9000003079,1000005419,20241112,1572,1,,3,Correo Argentino,DELIVERED,2024-11-13 18:30:40,2024-11-19 17:43:03,7
9000003080,1000005422,20241112,595,1,,3,Correo Argentino,DELIVERED,2024-11-13 16:06:56,2024-11-19 17:48:58,7
9000003081,1000005424,20241112,1713,1,,1,Correo Argentino,DELIVERED,2024-11-13 16:22:41,2024-11-15 19:10:54,3
9000003082,1000005425,20241112,1203,1,,1,Correo Argentino,DELIVERED,2024-11-13 16:41:36,2024-11-15 11:17:00,3
9000003083,1000005426,20241112,1955,1,,1,Correo Argentino,DELIVERED,2024-11-13 18:04:38,2024-11-15 12:30:49,3
9000003084,1000005427,20241112,1813,1,,1,Correo Argentino,DELIVERED,2024-11-13 16:38:00,2024-11-15 13:04:38,3
9000003085,1000005428,20241113,1768,1,,3,Correo Argentino,DELIVERED,2024-11-13 17:58:22,2024-11-15 12:23:20,2
9000003086,1000005430,20241113,1956,1,,1,Correo Argentino,DELIVERED,2024-11-13 17:01:21,2024-11-14 13:15:41,1
9000003087,1000005432,20241113,1762,1,,2,Correo Argentino,DELIVERED,2024-11-13 18:32:27,2024-11-15 19:57:07,2
9000003088,1000005433,20241113,1957,1,,2,Correo Argentino,DELIVERED,2024-11-13 16:16:20,2024-11-19 10:37:13,6
9000003089,1000005435,20241113,1257,1,,2,Correo Argentino,DELIVERED,2024-11-14 18:04:58,2024-11-21 11:34:30,8
9000003090,1000005436,20241113,1959,1,,2,Correo Argentino,DELIVERED,2024-11-14 16:05:13,2024-11-21 10:29:47,8
9000003091,1000005439,20241113,1961,1,,1,Correo Argentino,DELIVERED,2024-11-14 18:46:04,2024-11-19 13:55:44,6
9000003092,1000005440,20241113,1883,1,,4,Correo Argentino,DELIVERED,2024-11-14 18:46:27,2024-11-19 11:21:31,6
9000003093,1000005443,20241113,998,1,,1,Correo Argentino,DELIVERED,2024-11-14 17:25:58,2024-11-18 17:39:12,5
9000003094,1000005447,20241113,1352,1,,2,Correo Argentino,CANCELLED,,,
9000003095,1000005449,20241113,351,1,,1,Correo Argentino,DELIVERED,2024-11-14 16:22:56,2024-11-18 12:00:19,5
9000003096,1000005450,20241113,1963,1,,1,Correo Argentino,DELIVERED,2024-11-18 18:28:24,2024-11-19 16:09:43,6
9000003097,1000005451,20241113,1830,1,,1,Correo Argentino,DELIVERED,2024-11-14 17:02:28,2024-11-18 10:55:09,5
9000003098,1000005452,20241113,456,1,,4,Correo Argentino,DELIVERED,2024-11-14 17:57:31,2024-11-18 10:24:46,5
9000003099,1000005453,20241114,1017,1,,3,Correo Argentino,DELIVERED,2024-11-14 17:26:02,2024-11-19 15:07:05,5
9000003100,1000005454,20241114,1515,1,,1,Correo Argentino,DELIVERED,2024-11-14 18:42:14,2024-11-19 18:03:22,5
9000003101,1000005455,20241114,629,1,,1,Correo Argentino,DELIVERED,2024-11-14 16:13:23,2024-11-15 13:49:19,1
9000003102,1000005456,20241114,1964,1,,4,Correo Argentino,DELIVERED,2024-11-14 18:18:12,2024-11-20 15:38:12,6
9000003103,1000005457,20241114,74,1,,4,Correo Argentino,DELIVERED,2024-11-14 17:21:59,2024-11-18 19:59:02,4
9000003104,1000005458,20241114,1965,1,,1,Correo Argentino,DELIVERED,2024-11-14 16:53:13,2024-11-19 10:41:23,5
9000003105,1000005460,20241114,1966,1,,1,Correo Argentino,DELIVERED,2024-11-14 17:22:38,2024-11-18 18:26:24,4
9000003106,1000005461,20241114,1967,1,,1,Correo Argentino,DELIVERED,2024-11-14 18:34:51,2024-11-15 13:17:13,1
9000003107,1000005462,20241114,1393,1,,4,Correo Argentino,DELIVERED,2024-11-14 17:54:09,2024-11-21 14:04:00,7
9000003108,1000005464,20241114,1080,1,,1,Correo Argentino,DELIVERED,2024-11-14 18:14:13,2024-11-18 13:34:56,4
9000003109,1000005467,20241114,1969,1,,1,Correo Argentino,CANCELLED,,,
9000003110,1000005468,20241114,26,1,,1,Correo Argentino,DELIVERED,2024-11-15 18:43:34,2024-11-19 16:37:44,5
9000003111,1000005470,20241114,1125,1,,2,Correo Argentino,DELIVERED,2024-11-15 17:56:51,2024-11-22 11:33:16,8
9000003112,1000005471,20241114,1626,1,,2,Correo Argentino,DELIVERED,2024-11-15 17:08:47,2024-11-19 12:40:21,5
9000003113,1000005472,20241114,1274,1,,3,Correo Argentino,DELIVERED,2024-11-15 18:27:45,2024-11-20 18:52:00,6
9000003114,1000005475,20241114,113,1,,1,Correo Argentino,DELIVERED,2024-11-18 16:11:30,2024-11-20 16:54:58,6
9000003115,1000005477,20241114,470,1,,3,Correo Argentino,DELIVERED,2024-11-15 18:48:01,2024-11-19 09:49:13,5
9000003116,1000005478,20241114,1971,1,,1,Correo Argentino,DELIVERED,2024-11-15 18:15:45,2024-11-18 11:14:23,4
9000003117,1000005479,20241114,705,1,,3,Correo Argentino,DELIVERED,2024-11-15 16:56:31,2024-11-22 14:08:45,8
9000003118,1000005480,20241114,494,1,,1,Correo Argentino,DELIVERED,2024-11-15 17:04:54,2024-11-19 15:43:38,5
9000003120,1000005483,20241115,1043,1,,1,Correo Argentino,DELIVERED,2024-11-18 16:51:30,2024-11-20 13:59:47,5
9000003121,1000005489,20241115,1973,1,,2,Correo Argentino,DELIVERED,2024-11-18 17:48:55,2024-11-25 09:16:45,10
9000003122,1000005491,20241115,997,1,,3,Correo Argentino,DELIVERED,2024-11-18 16:57:36,2024-11-21 18:06:12,6
9000003123,1000005492,20241115,1411,1,,4,Correo Argentino,DELIVERED,2024-11-18 18:20:50,2024-11-21 09:21:53,6
9000003124,1000005493,20241116,1975,1,,4,Correo Argentino,DELIVERED,2024-11-18 16:05:28,2024-11-22 17:27:11,6
9000003125,1000005494,20241116,1739,1,,4,Correo Argentino,DELIVERED,2024-11-18 17:10:10,2024-11-21 14:02:19,5
9000003126,1000005497,20241116,1885,1,,4,Correo Argentino,DELIVERED,2024-11-18 18:56:01,2024-11-25 15:20:56,9
9000003127,1000005500,20241116,1977,1,,3,Correo Argentino,DELIVERED,2024-11-18 17:51:53,2024-11-20 17:47:49,4
9000003128,1000005503,20241116,1978,1,,1,Correo Argentino,DELIVERED,2024-11-18 17:58:06,2024-11-21 15:06:27,5
9000003129,1000005506,20241116,1913,1,,3,Correo Argentino,DELIVERED,2024-11-18 18:04:15,2024-11-25 10:01:05,9
9000003130,1000005509,20241116,1979,1,,4,Correo Argentino,DELIVERED,2024-11-18 17:52:10,2024-11-21 15:21:13,5
9000003131,1000005510,20241116,1980,1,,3,Correo Argentino,DELIVERED,2024-11-18 17:30:11,2024-11-22 13:50:34,6
9000003132,1000005511,20241116,847,1,,2,Correo Argentino,DELIVERED,2024-11-18 18:41:43,2024-11-20 15:36:48,4
9000003133,1000005512,20241116,639,1,,1,Correo Argentino,DELIVERED,2024-11-18 18:15:33,2024-11-20 14:18:58,4
9000003134,1000005513,20241117,713,1,,1,Correo Argentino,DELIVERED,2024-11-18 17:56:30,2024-11-19 18:02:42,2
9000003135,1000005514,20241117,1981,1,,2,Correo Argentino,DELIVERED,2024-11-18 18:16:40,2024-11-21 12:33:30,4
9000003136,1000005515,20241117,1239,1,,1,Correo Argentino,DELIVERED,2024-11-18 17:25:18,2024-11-20 10:04:34,3
9000003137,1000005516,20241118,1143,1,,4,Correo Argentino,DELIVERED,2024-11-18 17:32:46,2024-11-20 19:06:07,2
9000003138,1000005517,20241118,1878,1,,2,Correo Argentino,DELIVERED,2024-11-18 16:07:12,2024-11-22 14:52:30,4
9000003139,1000005518,20241118,1486,1,,4,Correo Argentino,DELIVERED,2024-11-18 16:31:14,2024-11-21 18:09:31,3
9000003140,1000005519,20241118,579,1,,1,Correo Argentino,DELIVERED,2024-11-18 17:14:17,2024-11-21 16:52:40,3
9000003141,1000005522,20241118,1484,1,,1,Correo Argentino,DELIVERED,2024-11-18 18:57:59,2024-11-19 14:00:35,1
9000003142,1000005525,20241118,1249,1,,1,Correo Argentino,DELIVERED,2024-11-19 18:05:26,2024-11-22 17:45:21,4
9000003143,1000005527,20241118,671,1,,1,Correo Argentino,DELIVERED,2024-11-19 16:23:22,2024-11-22 17:21:58,4
9000003144,1000005528,20241118,1855,1,,1,Correo Argentino,DELIVERED,2024-11-19 17:50:02,2024-11-21 11:49:23,3
9000003145,1000005530,20241118,104,1,,2,Correo Argentino,DELIVERED,2024-11-19 17:22:56,2024-11-25 15:44:41,7
9000003146,1000005532,20241118,1784,1,,3,Correo Argentino,DELIVERED,2024-11-19 16:16:45,2024-11-25 09:27:05,7
9000003147,1000005533,20241118,967,1,,1,Correo Argentino,DELIVERED,2024-11-19 16:07:44,2024-11-21 14:17:18,3
9000003148,1000005534,20241118,1984,1,,1,Correo Argentino,DELIVERED,2024-11-19 17:34:57,2024-11-21 14:51:11,3
9000003149,1000005536,20241119,270,1,,1,Correo Argentino,DELIVERED,2024-11-19 17:36:20,2024-11-21 10:11:53,2
9000003150,1000005538,20241119,490,1,,1,Correo Argentino,DELIVERED,2024-11-19 17:53:02,2024-11-21 09:35:10,2
9000003151,1000005540,20241119,460,1,,1,Correo Argentino,DELIVERED,2024-11-20 18:28:01,2024-11-22 10:21:30,3
9000003152,1000005541,20241119,1610,1,,1,Correo Argentino,DELIVERED,2024-11-20 16:27:49,2024-11-21 13:20:29,2
9000003153,1000005544,20241119,1989,1,,1,Correo Argentino,DELIVERED,2024-11-20 17:35:23,2024-11-25 16:26:24,6
9000003154,1000005545,20241119,1687,1,,1,Correo Argentino,DELIVERED,2024-11-20 18:39:40,2024-11-21 15:50:01,2
9000003155,1000005546,20241119,1672,1,,1,Correo Argentino,DELIVERED,2024-11-20 18:50:22,2024-11-21 17:09:18,2
9000003156,1000005547,20241119,1204,1,,3,Correo Argentino,DELIVERED,2024-11-20 17:29:28,2024-11-25 18:32:17,6
9000003157,1000005548,20241119,263,1,,3,Correo Argentino,DELIVERED,2024-11-20 16:56:11,2024-11-26 13:16:15,7
9000003158,1000005550,20241119,1070,1,,3,Correo Argentino,DELIVERED,2024-11-20 18:33:58,2024-11-26 12:34:51,7
9000003159,1000005551,20241119,644,1,,2,Correo Argentino,DELIVERED,2024-11-20 18:32:03,2024-11-25 19:17:57,6
9000003160,1000005552,20241119,1991,1,,2,Correo Argentino,DELIVERED,2024-11-20 17:32:53,2024-11-27 18:07:05,8
9000003161,1000005553,20241119,1906,1,,1,Correo Argentino,DELIVERED,2024-11-20 18:00:04,2024-11-21 13:47:35,2
9000003162,1000005554,20241119,423,1,,2,Correo Argentino,DELIVERED,2024-11-20 16:31:07,2024-11-26 14:23:19,7
9000003163,1000005555,20241119,869,1,,1,Correo Argentino,DELIVERED,2024-11-20 16:46:53,2024-11-22 10:11:44,3
9000003164,1000005556,20241120,1361,1,,1,Correo Argentino,DELIVERED,2024-11-20 18:58:18,2024-11-21 14:03:58,1
9000003165,1000005560,20241120,488,1,,2,Correo Argentino,DELIVERED,2024-11-20 18:14:59,2024-11-22 10:58:28,2
9000003167,1000005564,20241120,1994,1,,1,Correo Argentino,DELIVERED,2024-11-21 16:51:25,2024-11-22 12:33:02,2
9000003168,1000005565,20241120,195,1,,3,Correo Argentino,DELIVERED,2024-11-21 16:52:09,2024-11-27 15:27:40,7
9000003169,1000005568,20241120,991,1,,1,Correo Argentino,DELIVERED,2024-11-21 17:09:35,2024-11-22 15:10:48,2
9000003170,1000005571,20241120,1995,1,,3,Correo Argentino,DELIVERED,2024-11-21 17:57:21,2024-11-26 19:08:49,6
9000003171,1000005573,20241121,432,1,,4,Correo Argentino,DELIVERED,2024-11-22 17:20:51,2024-11-28 17:05:49,7
9000003172,1000005576,20241121,577,1,,2,Correo Argentino,DELIVERED,2024-11-22 16:46:34,2024-11-28 12:22:19,7
9000003173,1000005577,20241121,526,1,,4,Correo Argentino,DELIVERED,2024-11-22 17:36:18,2024-11-28 16:21:14,7
9000003174,1000005578,20241121,1722,1,,2,Correo Argentino,DELIVERED,2024-11-22 16:58:05,2024-11-26 16:14:35,5
9000003175,1000005579,20241122,1997,1,,1,Correo Argentino,DELIVERED,2024-11-22 17:00:42,2024-11-25 12:00:29,3
9000003176,1000005580,20241122,1998,1,,3,Correo Argentino,DELIVERED,2024-11-22 16:40:42,2024-11-27 09:05:09,5
9000003177,1000005583,20241122,1778,1,,1,Correo Argentino,DELIVERED,2024-11-25 16:53:19,2024-11-27 17:23:38,5
9000003179,1000005585,20241122,1999,1,,1,Correo Argentino,DELIVERED,2024-11-25 18:14:37,2024-11-27 12:29:32,5
9000003181,1000005588,20241122,2003,1,,1,Correo Argentino,DELIVERED,2024-11-25 18:17:05,2024-11-28 10:20:18,6
9000003182,1000005589,20241122,1465,1,,3,Correo Argentino,DELIVERED,2024-11-25 17:09:09,2024-11-29 09:21:50,7
9000003183,1000005595,20241122,2004,1,,3,Correo Argentino,DELIVERED,2024-11-25 16:39:16,2024-11-27 09:22:21,5
9000003184,1000005596,20241122,2005,1,,2,Correo Argentino,DELIVERED,2024-11-25 17:27:11,2024-11-29 13:56:23,7
9000003185,1000005597,20241122,1512,1,,2,Correo Argentino,DELIVERED,2024-11-25 16:16:46,2024-11-29 15:45:12,7
9000003186,1000005598,20241122,2006,1,,2,Correo Argentino,DELIVERED,2024-11-25 17:20:04,2024-12-02 18:17:09,10
9000003187,1000005601,20241123,1129,1,,4,Correo Argentino,DELIVERED,2024-11-25 16:50:09,2024-11-29 14:09:43,6
9000003188,1000005604,20241123,394,1,,4,Correo Argentino,DELIVERED,2024-11-25 18:42:20,2024-11-29 09:50:55,6
9000003189,1000005605,20241123,1019,1,,2,Correo Argentino,DELIVERED,2024-11-25 18:32:28,2024-11-27 12:38:20,4
9000003190,1000005608,20241123,791,1,,2,Correo Argentino,DELIVERED,2024-11-25 16:43:22,2024-11-27 09:43:31,4
9000003191,1000005610,20241123,969,1,,2,Correo Argentino,DELIVERED,2024-11-25 18:16:15,2024-11-29 13:57:43,6
9000003192,1000005613,20241123,1096,1,,1,Correo Argentino,DELIVERED,2024-11-25 17:25:15,2024-11-26 14:49:28,3
9000003193,1000005615,20241123,1501,1,,3,Correo Argentino,DELIVERED,2024-11-25 16:33:52,2024-12-02 16:29:07,9
9000003194,1000005620,20241123,2009,1,,1,Correo Argentino,DELIVERED,2024-11-25 17:42:35,2024-11-27 18:31:12,4
9000003195,1000005621,20241124,2010,1,,3,Correo Argentino,DELIVERED,2024-11-25 18:15:05,2024-11-28 15:21:30,4
9000003196,1000005622,20241124,2011,1,,2,Correo Argentino,DELIVERED,2024-11-25 17:57:35,2024-11-28 19:30:41,4
9000003197,1000005623,20241124,2012,1,,1,Correo Argentino,DELIVERED,2024-11-25 18:56:37,2024-11-27 18:49:00,3
9000003198,1000005624,20241124,1637,1,,1,Correo Argentino,DELIVERED,2024-11-25 18:03:20,2024-11-27 14:16:07,3
9000003199,1000005625,20241124,1729,1,,2,Correo Argentino,DELIVERED,2024-11-25 17:12:19,2024-11-29 09:31:06,5
9000003200,1000005626,20241124,531,1,,4,Correo Argentino,DELIVERED,2024-11-25 16:05:46,2024-11-28 17:57:31,4
9000003201,1000005627,20241124,1141,1,,2,Correo Argentino,CANCELLED,,,
9000003202,1000005629,20241124,729,1,,3,Correo Argentino,DELIVERED,2024-11-25 18:53:40,2024-11-29 12:16:05,5
9000003203,1000005631,20241124,249,1,,3,Correo Argentino,DELIVERED,2024-11-25 16:23:47,2024-11-28 17:53:04,4
9000003204,1000005632,20241125,1267,1,,3,Correo Argentino,DELIVERED,2024-11-25 18:46:12,2024-11-29 18:21:52,4
9000003205,1000005633,20241125,2014,1,,1,Correo Argentino,DELIVERED,2024-11-25 16:25:17,2024-11-26 19:15:24,1
9000003206,1000005634,20241125,1769,1,,1,Correo Argentino,DELIVERED,2024-11-25 17:55:48,2024-11-26 16:02:24,1
9000003207,1000005636,20241125,1408,1,,2,Correo Argentino,DELIVERED,2024-11-26 18:03:47,2024-11-28 14:48:32,3
9000003208,1000005639,20241125,632,1,,1,Correo Argentino,DELIVERED,2024-11-26 18:19:41,2024-11-28 13:00:28,3
9000003209,1000005640,20241125,357,1,,1,Correo Argentino,DELIVERED,2024-11-26 18:03:17,2024-11-28 09:17:31,3
9000003210,1000005641,20241125,2,1,,3,Correo Argentino,DELIVERED,2024-11-26 18:43:56,2024-11-29 17:09:31,4
9000003211,1000005642,20241125,344,1,,2,Correo Argentino,DELIVERED,2024-11-26 17:08:01,2024-12-02 10:00:01,7
9000003212,1000005643,20241125,1187,1,,1,Correo Argentino,DELIVERED,2024-11-26 17:02:31,2024-11-28 13:52:58,3
9000003213,1000005644,20241125,2016,1,,1,Correo Argentino,DELIVERED,2024-11-26 18:43:48,2024-11-28 18:48:14,3
9000003214,1000005645,20241125,328,1,,2,Correo Argentino,DELIVERED,2024-11-26 16:01:58,2024-12-02 15:56:19,7
9000003215,1000005646,20241126,543,1,,2,Correo Argentino,DELIVERED,2024-11-26 17:45:21,2024-11-29 10:45:53,3
9000003216,1000005647,20241126,120,1,,4,Correo Argentino,DELIVERED,2024-11-26 18:36:39,2024-12-02 15:07:36,6
9000003217,1000005648,20241126,1412,1,,1,Correo Argentino,DELIVERED,2024-11-26 17:44:59,2024-11-27 19:24:05,1
9000003218,1000005649,20241126,1504,1,,3,Correo Argentino,DELIVERED,2024-11-26 18:36:52,2024-12-03 17:10:58,7
9000003219,1000005650,20241126,885,1,,2,Correo Argentino,DELIVERED,2024-11-26 18:02:55,2024-11-29 19:13:41,3
9000003220,1000005652,20241126,1557,1,,2,Correo Argentino,DELIVERED,2024-11-26 18:01:34,2024-12-02 19:44:28,6
9000003221,1000005655,20241126,566,1,,3,Correo Argentino,DELIVERED,2024-11-26 18:39:43,2024-11-29 14:04:16,3
9000003222,1000005656,20241126,1365,1,,3,Correo Argentino,CANCELLED,,,
9000003223,1000005657,20241126,84,1,,1,Correo Argentino,DELIVERED,2024-11-27 18:49:14,2024-12-02 13:00:21,6
9000003224,1000005659,20241126,589,1,,3,Correo Argentino,DELIVERED,2024-11-27 18:55:22,2024-12-02 16:40:00,6
9000003225,1000005660,20241126,1628,1,,1,Correo Argentino,DELIVERED,2024-11-27 17:18:09,2024-12-02 16:09:55,6
9000003226,1000005662,20241126,44,1,,2,Correo Argentino,DELIVERED,2024-11-27 16:40:43,2024-12-02 15:27:09,6
9000003227,1000005663,20241126,789,1,,3,Correo Argentino,DELIVERED,2024-11-27 16:25:03,2024-12-03 15:25:14,7
9000003228,1000005664,20241126,58,1,,1,Correo Argentino,DELIVERED,2024-11-27 16:30:10,2024-11-28 11:09:09,2
9000003229,1000005665,20241126,2018,1,,2,Correo Argentino,DELIVERED,2024-11-27 17:23:44,2024-12-03 15:39:36,7
9000003230,1000005666,20241127,1538,1,,2,Correo Argentino,DELIVERED,2024-11-28 16:45:00,2024-12-03 11:41:47,6
9000003231,1000005671,20241127,1287,1,,1,Correo Argentino,DELIVERED,2024-11-27 17:25:16,2024-11-29 18:38:20,2
9000003232,1000005672,20241127,1865,1,,2,Correo Argentino,DELIVERED,2024-11-28 18:48:45,2024-12-04 12:39:06,7
9000003234,1000005674,20241127,2019,1,,1,Correo Argentino,DELIVERED,2024-11-29 16:54:37,2024-12-02 11:14:00,5
9000003235,1000005675,20241127,11,1,,4,Correo Argentino,DELIVERED,2024-11-28 16:27:57,2024-12-02 17:51:27,5
9000003236,1000005676,20241127,1606,1,,2,Correo Argentino,DELIVERED,2024-11-28 16:46:18,2024-12-04 10:57:37,7
9000003237,1000005678,20241127,1295,1,,1,Correo Argentino,DELIVERED,2024-11-28 17:12:53,2024-12-02 18:19:29,5
9000003238,1000005679,20241127,2020,1,,1,Correo Argentino,DELIVERED,2024-11-28 16:23:07,2024-12-02 18:15:10,5
9000003239,1000005680,20241127,878,1,,3,Correo Argentino,DELIVERED,2024-11-28 17:24:58,2024-12-02 18:05:21,5
9000003240,1000005682,20241127,1426,1,,1,Correo Argentino,DELIVERED,2024-11-28 16:10:27,2024-12-02 13:50:27,5
9000003241,1000005687,20241127,2021,1,,4,Correo Argentino,DELIVERED,2024-11-28 17:49:21,2024-12-04 13:29:47,7
9000003242,1000005688,20241127,740,1,,2,Correo Argentino,DELIVERED,2024-11-28 17:40:13,2024-12-04 17:56:35,7
9000003243,1000005690,20241127,2022,1,,3,Correo Argentino,DELIVERED,2024-11-28 17:53:12,2024-12-04 16:50:42,7
9000003244,1000005693,20241127,728,1,,1,Correo Argentino,DELIVERED,2024-11-28 17:04:56,2024-12-03 15:46:31,6
9000003245,1000005694,20241128,1587,1,,2,Correo Argentino,DELIVERED,2024-11-29 17:57:22,2024-12-05 13:55:00,7
9000003246,1000005695,20241128,2023,1,,3,Correo Argentino,DELIVERED,2024-11-28 18:56:55,2024-12-02 15:55:47,4
9000003247,1000005696,20241128,1159,1,,1,Correo Argentino,DELIVERED,2024-11-28 16:14:23,2024-12-02 19:14:01,4
9000003248,1000005698,20241128,294,1,,3,Correo Argentino,DELIVERED,2024-11-28 16:53:52,2024-12-04 13:25:01,6
9000003249,1000005699,20241128,1834,1,,2,Correo Argentino,DELIVERED,2024-11-28 17:36:26,2024-12-03 16:08:16,5
9000003250,1000005700,20241128,1905,1,,4,Correo Argentino,DELIVERED,2024-11-28 18:01:41,2024-12-03 10:47:46,5
9000003251,1000005702,20241128,1619,1,,1,Correo Argentino,DELIVERED,2024-11-29 18:52:10,2024-12-03 12:02:48,5
9000003252,1000005704,20241128,2027,1,,1,Correo Argentino,DELIVERED,2024-11-29 16:01:18,2024-12-03 09:00:57,5
9000003253,1000005708,20241128,2028,1,,3,Correo Argentino,DELIVERED,2024-11-29 17:46:56,2024-12-06 17:58:02,8
9000003254,1000005709,20241128,2029,1,,2,Correo Argentino,DELIVERED,2024-11-29 17:22:48,2024-12-05 15:29:25,7
9000003255,1000005711,20241128,1328,1,,2,Correo Argentino,DELIVERED,2024-11-29 18:21:40,2024-12-05 09:05:15,7
9000003256,1000005712,20241128,1871,1,,4,Correo Argentino,DELIVERED,2024-11-29 16:01:25,2024-12-03 13:50:35,5
9000003257,1000005713,20241129,1570,1,,1,Correo Argentino,DELIVERED,2024-11-29 17:01:29,2024-12-02 17:34:18,3
9000003258,1000005714,20241129,739,1,,2,Correo Argentino,DELIVERED,2024-11-29 18:32:07,2024-12-06 19:48:10,7
9000003259,1000005715,20241129,239,1,,3,Correo Argentino,DELIVERED,2024-11-29 16:31:31,2024-12-04 14:12:24,5
9000003260,1000005716,20241129,1174,1,,2,Correo Argentino,DELIVERED,2024-11-29 18:27:02,2024-12-04 16:15:27,5
9000003261,1000005718,20241129,2030,1,,1,Correo Argentino,DELIVERED,2024-11-29 18:09:46,2024-12-02 16:49:19,3
9000003262,1000005719,20241129,255,1,,1,Correo Argentino,DELIVERED,2024-11-29 17:06:38,2024-12-03 11:45:47,4
9000003263,1000005720,20241129,68,1,,1,Correo Argentino,DELIVERED,2024-12-02 16:51:11,2024-12-04 11:05:25,5
9000003264,1000005724,20241129,2031,1,,3,Correo Argentino,DELIVERED,2024-12-02 17:39:14,2024-12-04 16:17:17,5
9000003265,1000005725,20241129,1878,1,,2,Correo Argentino,DELIVERED,2024-12-02 17:10:49,2024-12-09 19:40:55,10
9000003266,1000005726,20241129,2032,1,,1,Correo Argentino,DELIVERED,2024-12-02 18:27:32,2024-12-03 13:07:47,4
9000003267,1000005729,20241129,1931,1,,2,Correo Argentino,DELIVERED,2024-12-02 16:07:01,2024-12-06 15:58:55,7
9000003268,1000005734,20241129,2035,1,,4,Correo Argentino,DELIVERED,2024-12-02 18:27:54,2024-12-06 09:34:19,7
9000003269,1000005735,20241129,1534,1,,3,Correo Argentino,DELIVERED,2024-12-02 16:23:59,2024-12-09 17:41:44,10
9000003270,1000005736,20241129,444,1,,1,Correo Argentino,DELIVERED,2024-12-02 16:44:27,2024-12-03 12:34:27,4
9000003271,1000005737,20241129,1400,1,,3,Correo Argentino,DELIVERED,2024-12-02 18:34:09,2024-12-05 17:23:52,6
9000003272,1000005738,20241129,2036,1,,2,Correo Argentino,DELIVERED,2024-12-02 18:23:47,2024-12-06 11:45:47,7
9000003273,1000005739,20241130,1674,1,,1,Correo Argentino,DELIVERED,2024-12-02 16:37:03,2024-12-03 15:49:11,3
9000003274,1000005740,20241130,1047,1,,3,Correo Argentino,DELIVERED,2024-12-02 16:51:01,2024-12-05 18:00:58,5
9000003275,1000005741,20241130,2037,1,,1,Correo Argentino,DELIVERED,2024-12-02 18:14:39,2024-12-03 16:13:58,3
9000003276,1000005742,20241130,1941,1,,2,Correo Argentino,DELIVERED,2024-12-02 18:44:42,2024-12-06 15:51:39,6
9000003277,1000005743,20241130,1833,1,,2,Correo Argentino,DELIVERED,2024-12-02 17:56:07,2024-12-04 17:35:15,4
9000003278,1000005744,20241130,359,1,,2,Correo Argentino,DELIVERED,2024-12-02 17:14:33,2024-12-04 18:44:18,4
9000003279,1000005745,20241130,125,1,,3,Correo Argentino,DELIVERED,2024-12-02 16:25:02,2024-12-05 16:50:25,5
9000003280,1000005748,20241130,1039,1,,3,Correo Argentino,DELIVERED,2024-12-02 18:18:05,2024-12-04 18:48:30,4
9000003281,1000005749,20241130,2038,1,,4,Correo Argentino,DELIVERED,2024-12-02 17:53:41,2024-12-06 16:02:41,6
9000003282,1000005750,20241130,1073,1,,3,Correo Argentino,DELIVERED,2024-12-02 18:54:53,2024-12-05 17:01:19,5
9000003283,1000005751,20241130,1916,1,,1,Correo Argentino,DELIVERED,2024-12-02 18:49:55,2024-12-04 17:08:12,4
9000003284,1000005754,20241130,182,1,,4,Correo Argentino,DELIVERED,2024-12-02 18:55:26,2024-12-06 14:43:05,6
9000003285,1000005757,20241130,300,1,,3,Correo Argentino,DELIVERED,2024-12-02 16:16:54,2024-12-06 09:17:01,6
9000003286,1000005764,20241130,1088,1,,2,Correo Argentino,DELIVERED,2024-12-02 16:18:32,2024-12-05 16:48:01,5
9000003287,1000005768,20241130,1306,1,,1,Correo Argentino,DELIVERED,2024-12-02 17:30:20,2024-12-03 09:01:56,3
9000003288,1000005769,20241130,1797,1,,1,Correo Argentino,DELIVERED,2024-12-02 16:54:00,2024-12-04 14:48:20,4
9000003289,1000005770,20241130,1810,1,,3,Correo Argentino,CANCELLED,,,
9000003290,1000005771,20241130,1599,1,,1,Correo Argentino,DELIVERED,2024-12-02 17:14:18,2024-12-04 15:13:29,4
9000003291,1000005772,20241130,1240,1,,1,Correo Argentino,CANCELLED,,,
9000003292,1000005773,20241201,545,1,,3,Correo Argentino,DELIVERED,2024-12-02 16:56:24,2024-12-05 17:57:00,4
9000003293,1000005774,20241201,1638,1,,4,Correo Argentino,DELIVERED,2024-12-02 17:48:25,2024-12-05 17:57:05,4
9000003294,1000005775,20241201,703,1,,3,Correo Argentino,DELIVERED,2024-12-02 16:49:50,2024-12-05 12:02:20,4
9000003295,1000005776,20241201,1703,1,,2,Correo Argentino,DELIVERED,2024-12-02 18:14:54,2024-12-04 18:51:10,3
9000003296,1000005777,20241201,1191,1,,2,Correo Argentino,DELIVERED,2024-12-02 16:17:23,2024-12-05 19:08:07,4
9000003297,1000005778,20241201,502,1,,2,Correo Argentino,DELIVERED,2024-12-02 17:33:55,2024-12-05 13:35:31,4
9000003298,1000005779,20241201,2044,1,,1,Correo Argentino,DELIVERED,2024-12-02 16:58:32,2024-12-04 15:27:45,3
9000003299,1000005780,20241201,2045,1,,1,Correo Argentino,DELIVERED,2024-12-02 16:51:26,2024-12-04 14:40:34,3
9000003300,1000005781,20241201,1815,1,,3,Correo Argentino,DELIVERED,2024-12-02 16:01:12,2024-12-06 19:00:28,5
9000003301,1000005782,20241201,1864,1,,4,Correo Argentino,DELIVERED,2024-12-02 17:47:09,2024-12-06 10:23:09,5
9000003302,1000005783,20241201,2046,1,,3,Correo Argentino,DELIVERED,2024-12-02 17:53:47,2024-12-04 09:34:54,3
9000003303,1000005784,20241201,1947,1,,3,Correo Argentino,DELIVERED,2024-12-02 18:43:18,2024-12-06 12:52:19,5
9000003304,1000005785,20241201,1668,1,,2,Correo Argentino,DELIVERED,2024-12-02 16:02:44,2024-12-06 10:27:02,5
9000003305,1000005787,20241201,1527,1,,1,Correo Argentino,DELIVERED,2024-12-02 18:12:45,2024-12-04 09:30:20,3
9000003306,1000005788,20241201,505,1,,1,Correo Argentino,DELIVERED,2024-12-02 17:49:12,2024-12-05 14:33:42,4
9000003307,1000005790,20241201,316,1,,1,Correo Argentino,DELIVERED,2024-12-02 18:13:34,2024-12-03 10:34:46,2
9000003308,1000005791,20241201,1946,1,,2,Correo Argentino,DELIVERED,2024-12-02 16:37:58,2024-12-06 11:00:42,5
9000003309,1000005792,20241201,1521,1,,1,Correo Argentino,DELIVERED,2024-12-02 18:59:29,2024-12-04 09:09:56,3
9000003310,1000005793,20241201,1989,1,,1,Correo Argentino,DELIVERED,2024-12-02 16:54:03,2024-12-05 11:46:40,4
9000003311,1000005794,20241201,1006,1,,2,Correo Argentino,DELIVERED,2024-12-02 16:25:54,2024-12-05 13:31:32,4
9000003312,1000005795,20241201,1109,1,,4,Correo Argentino,CANCELLED,,,
9000003313,1000005796,20241201,828,1,,4,Correo Argentino,DELIVERED,2024-12-02 17:57:13,2024-12-04 13:57:30,3
9000003314,1000005797,20241201,2049,1,,4,Correo Argentino,DELIVERED,2024-12-02 17:40:33,2024-12-04 11:09:33,3
9000003315,1000005798,20241201,1078,1,,1,Correo Argentino,DELIVERED,2024-12-02 18:20:14,2024-12-04 11:23:42,3
9000003316,1000005799,20241201,840,1,,2,Correo Argentino,DELIVERED,2024-12-02 16:41:12,2024-12-06 11:16:23,5
9000003317,1000005800,20241202,2050,1,,1,Correo Argentino,DELIVERED,2024-12-02 17:43:44,2024-12-05 11:48:32,3
9000003318,1000005802,20241202,20,1,,1,Correo Argentino,DELIVERED,2024-12-02 17:21:05,2024-12-04 17:37:35,2
9000003319,1000005805,20241202,1872,1,,3,Correo Argentino,DELIVERED,2024-12-02 17:54:43,2024-12-06 18:00:30,4
9000003320,1000005806,20241202,2052,1,,1,Correo Argentino,DELIVERED,2024-12-02 17:52:32,2024-12-03 09:01:24,1
9000003321,1000005809,20241202,2053,1,,3,Correo Argentino,DELIVERED,2024-12-03 17:51:46,2024-12-09 13:57:43,7
9000003322,1000005810,20241202,1095,1,,1,Correo Argentino,DELIVERED,2024-12-03 18:03:21,2024-12-06 10:36:17,4
9000003323,1000005812,20241202,64,1,,4,Correo Argentino,DELIVERED,2024-12-03 18:39:47,2024-12-10 09:33:22,8
9000003324,1000005814,20241202,1436,1,,4,Correo Argentino,DELIVERED,2024-12-03 18:11:22,2024-12-06 15:02:32,4
9000003325,1000005815,20241202,222,1,,1,Correo Argentino,DELIVERED,2024-12-03 17:50:34,2024-12-05 18:44:12,3
9000003326,1000005816,20241202,679,1,,3,Correo Argentino,DELIVERED,2024-12-03 18:02:00,2024-12-05 13:13:54,3
9000003327,1000005819,20241202,1371,1,,3,Correo Argentino,DELIVERED,2024-12-03 17:45:19,2024-12-05 12:48:23,3
9000003328,1000005820,20241202,1594,1,,3,Correo Argentino,DELIVERED,2024-12-03 17:32:36,2024-12-09 13:24:31,7
9000003329,1000005822,20241202,579,1,,1,Correo Argentino,DELIVERED,2024-12-03 18:31:56,2024-12-05 12:31:50,3
9000003330,1000005823,20241202,2057,1,,3,Correo Argentino,DELIVERED,2024-12-03 18:15:45,2024-12-05 12:59:08,3
9000003331,1000005824,20241202,1773,1,,1,Correo Argentino,DELIVERED,2024-12-03 18:56:26,2024-12-04 09:19:04,2
9000003332,1000005825,20241202,8,1,,1,Correo Argentino,DELIVERED,2024-12-03 17:07:31,2024-12-05 18:04:38,3
9000003333,1000005826,20241203,1060,1,,2,Correo Argentino,DELIVERED,2024-12-03 17:25:42,2024-12-09 19:53:52,6
9000003334,1000005827,20241203,2058,1,,2,Correo Argentino,DELIVERED,2024-12-03 18:22:29,2024-12-09 17:44:56,6
9000003335,1000005828,20241203,2059,1,,3,Correo Argentino,DELIVERED,2024-12-06 18:57:20,2024-12-11 19:46:43,8
9000003336,1000005829,20241203,602,1,,4,Correo Argentino,DELIVERED,2024-12-03 18:34:58,2024-12-06 17:56:15,3
9000003337,1000005830,20241203,891,1,,2,Correo Argentino,DELIVERED,2024-12-03 17:45:15,2024-12-09 18:39:10,6
9000003338,1000005831,20241203,1114,1,,4,Correo Argentino,DELIVERED,2024-12-03 16:23:08,2024-12-05 10:00:38,2
9000003340,1000005834,20241203,1118,1,,1,Correo Argentino,DELIVERED,2024-12-04 18:44:33,2024-12-09 13:03:31,6
9000003341,1000005835,20241203,1541,1,,3,Correo Argentino,DELIVERED,2024-12-04 16:27:34,2024-12-10 09:58:36,7
9000003342,1000005836,20241203,2060,1,,1,Correo Argentino,DELIVERED,2024-12-04 17:28:41,2024-12-05 10:35:13,2
9000003343,1000005839,20241203,1828,1,,4,Correo Argentino,DELIVERED,2024-12-04 16:30:15,2024-12-06 15:04:31,3
9000003344,1000005840,20241203,1679,1,,2,Correo Argentino,DELIVERED,2024-12-04 16:39:38,2024-12-10 11:08:03,7
9000003345,1000005843,20241203,2062,1,,4,Correo Argentino,DELIVERED,2024-12-04 16:25:38,2024-12-06 13:25:39,3
9000003346,1000005844,20241203,1305,1,,2,Correo Argentino,DELIVERED,2024-12-04 18:38:00,2024-12-09 18:24:34,6
9000003347,1000005846,20241203,2063,1,,1,Correo Argentino,DELIVERED,2024-12-04 16:19:39,2024-12-06 14:01:28,3
9000003348,1000005847,20241203,2065,1,,1,Correo Argentino,DELIVERED,2024-12-04 17:42:31,2024-12-06 13:31:41,3
9000003349,1000005848,20241203,382,1,,4,Correo Argentino,DELIVERED,2024-12-04 18:39:28,2024-12-11 13:03:59,8
9000003350,1000005850,20241204,811,1,,1,Correo Argentino,DELIVERED,2024-12-04 17:25:44,2024-12-06 09:04:36,2
9000003351,1000005851,20241204,930,1,,1,Correo Argentino,DELIVERED,2024-12-04 17:42:06,2024-12-06 12:08:34,2
9000003352,1000005852,20241204,747,1,,1,Correo Argentino,DELIVERED,2024-12-04 18:48:15,2024-12-05 13:02:35,1
9000003353,1000005854,20241204,1981,1,,2,Correo Argentino,DELIVERED,2024-12-04 18:29:09,2024-12-10 18:25:22,6
9000003354,1000005855,20241204,342,1,,3,Correo Argentino,DELIVERED,2024-12-05 17:23:12,2024-12-10 19:26:34,6
9000003355,1000005856,20241204,1919,1,,1,Correo Argentino,DELIVERED,2024-12-05 17:08:08,2024-12-10 17:28:55,6
9000003356,1000005857,20241204,512,1,,2,Correo Argentino,DELIVERED,2024-12-06 17:42:35,2024-12-11 16:20:23,7
9000003357,1000005859,20241204,2068,1,,1,Correo Argentino,DELIVERED,2024-12-05 16:48:32,2024-12-09 12:08:51,5
9000003358,1000005860,20241204,977,1,,3,Correo Argentino,DELIVERED,2024-12-05 18:47:27,2024-12-09 19:04:01,5
9000003359,1000005863,20241204,1780,1,,1,Correo Argentino,DELIVERED,2024-12-05 17:09:31,2024-12-10 16:37:54,6
9000003360,1000005866,20241204,490,1,,1,Correo Argentino,DELIVERED,2024-12-05 16:50:10,2024-12-09 17:34:38,5
9000003361,1000005867,20241204,510,1,,3,Correo Argentino,DELIVERED,2024-12-05 17:14:03,2024-12-09 19:58:48,5
9000003362,1000005868,20241204,1852,1,,3,Correo Argentino,DELIVERED,2024-12-05 17:06:28,2024-12-09 14:02:40,5
9000003363,1000005869,20241204,2069,1,,3,Correo Argentino,DELIVERED,2024-12-05 17:38:51,2024-12-10 09:42:26,6
9000003364,1000005870,20241204,1665,1,,2,Correo Argentino,CANCELLED,,,
9000003365,1000005871,20241205,514,1,,4,Correo Argentino,DELIVERED,2024-12-05 18:22:13,2024-12-10 11:17:58,5
9000003366,1000005872,20241205,1725,1,,1,Correo Argentino,DELIVERED,2024-12-05 18:36:06,2024-12-10 19:29:23,5
9000003367,1000005873,20241205,1934,1,,1,Correo Argentino,DELIVERED,2024-12-05 17:22:27,2024-12-06 11:12:02,1
9000003368,1000005874,20241205,1894,1,,1,Correo Argentino,DELIVERED,2024-12-05 16:02:49,2024-12-09 17:11:58,4
9000003369,1000005878,20241205,423,1,,1,Correo Argentino,DELIVERED,2024-12-06 17:51:51,2024-12-10 19:57:26,5
9000003370,1000005882,20241205,1484,1,,1,Correo Argentino,DELIVERED,2024-12-06 16:31:04,2024-12-10 11:39:45,5
9000003371,1000005885,20241205,1719,1,,2,Correo Argentino,DELIVERED,2024-12-06 16:26:48,2024-12-11 12:15:07,6
9000003372,1000005887,20241205,1956,1,,1,Correo Argentino,DELIVERED,2024-12-06 17:40:46,2024-12-10 10:00:04,5
9000003373,1000005888,20241205,613,1,,4,Correo Argentino,DELIVERED,2024-12-06 18:57:10,2024-12-12 15:07:59,7
9000003374,1000005891,20241206,1429,1,,2,Correo Argentino,DELIVERED,2024-12-06 18:00:18,2024-12-11 12:31:11,5
9000003375,1000005894,20241206,2072,1,,1,Correo Argentino,DELIVERED,2024-12-09 16:50:20,2024-12-10 18:09:41,4
9000003376,1000005895,20241206,1625,1,,1,Correo Argentino,DELIVERED,2024-12-09 18:17:50,2024-12-11 15:12:56,5
9000003377,1000005900,20241206,1423,1,,1,Correo Argentino,DELIVERED,2024-12-09 18:55:36,2024-12-11 16:43:53,5
9000003378,1000005901,20241206,1189,1,,4,Correo Argentino,DELIVERED,2024-12-09 18:24:56,2024-12-16 13:44:04,10
9000003379,1000005903,20241206,494,1,,1,Correo Argentino,DELIVERED,2024-12-09 18:14:23,2024-12-11 19:21:09,5
9000003380,1000005907,20241206,1393,1,,4,Correo Argentino,DELIVERED,2024-12-09 18:31:11,2024-12-16 12:24:04,10
9000003381,1000005908,20241206,1787,1,,2,Correo Argentino,DELIVERED,2024-12-09 18:16:11,2024-12-12 14:45:39,6
9000003382,1000005909,20241207,1388,1,,1,Correo Argentino,DELIVERED,2024-12-09 18:52:33,2024-12-10 10:50:53,3
9000003383,1000005911,20241207,648,1,,1,Correo Argentino,DELIVERED,2024-12-09 18:46:02,2024-12-11 18:10:58,4
9000003385,1000005917,20241207,1506,1,,3,Correo Argentino,DELIVERED,2024-12-09 18:16:06,2024-12-12 09:24:21,5
9000003386,1000005925,20241207,194,1,,1,Correo Argentino,DELIVERED,2024-12-09 17:58:07,2024-12-10 13:00:09,3
9000003387,1000005926,20241207,2074,1,,4,Correo Argentino,DELIVERED,2024-12-09 18:37:02,2024-12-12 15:18:49,5
9000003388,1000005927,20241207,2075,1,,4,Correo Argentino,DELIVERED,2024-12-09 18:55:05,2024-12-11 16:34:05,4
9000003389,1000005928,20241208,1538,1,,2,Correo Argentino,DELIVERED,2024-12-09 18:18:24,2024-12-11 18:32:08,3
9000003390,1000005930,20241208,2076,1,,1,Correo Argentino,DELIVERED,2024-12-09 18:10:42,2024-12-11 18:57:10,3
9000003391,1000005931,20241208,543,1,,2,Correo Argentino,DELIVERED,2024-12-09 17:07:46,2024-12-13 15:05:07,5
9000003392,1000005932,20241208,377,1,,4,Correo Argentino,DELIVERED,2024-12-09 18:10:36,2024-12-11 18:40:46,3
9000003393,1000005933,20241208,2077,1,,4,Correo Argentino,DELIVERED,2024-12-09 17:50:51,2024-12-11 16:09:21,3
9000003394,1000005934,20241208,189,1,,3,Correo Argentino,DELIVERED,2024-12-09 17:00:08,2024-12-11 10:48:59,3
9000003395,1000005935,20241208,2078,1,,4,Correo Argentino,DELIVERED,2024-12-09 16:04:32,2024-12-12 16:46:06,4
9000003396,1000005936,20241208,2080,1,,1,Correo Argentino,DELIVERED,2024-12-09 18:59:29,2024-12-10 15:09:31,2
9000003397,1000005939,20241208,1633,1,,4,Correo Argentino,DELIVERED,2024-12-09 16:01:51,2024-12-12 15:04:05,4
9000003398,1000005940,20241208,1570,1,,1,Correo Argentino,DELIVERED,2024-12-09 18:00:48,2024-12-11 14:31:34,3
9000003399,1000005941,20241208,356,1,,1,Correo Argentino,DELIVERED,2024-12-09 17:54:50,2024-12-11 10:01:45,3
9000003400,1000005942,20241208,112,1,,1,Correo Argentino,DELIVERED,2024-12-11 16:25:23,2024-12-17 18:39:36,9
9000003401,1000005943,20241208,2081,1,,2,Correo Argentino,DELIVERED,2024-12-09 17:56:42,2024-12-12 15:13:41,4
9000003402,1000005944,20241208,486,1,,2,Correo Argentino,DELIVERED,2024-12-09 18:02:02,2024-12-13 10:52:34,5
9000003403,1000005945,20241208,2082,1,,3,Correo Argentino,DELIVERED,2024-12-09 18:33:51,2024-12-13 14:04:01,5
9000003404,1000005946,20241208,1922,1,,4,Correo Argentino,DELIVERED,2024-12-09 17:32:26,2024-12-13 09:37:57,5
9000003405,1000005947,20241209,849,1,,3,Correo Argentino,DELIVERED,2024-12-09 16:00:04,2024-12-11 19:37:44,2
9000003406,1000005948,20241209,231,1,,4,Correo Argentino,DELIVERED,2024-12-09 16:14:16,2024-12-16 10:31:51,7
9000003407,1000005949,20241209,651,1,,1,Correo Argentino,DELIVERED,2024-12-09 16:18:02,2024-12-12 14:51:47,3
9000003408,1000005950,20241209,2083,1,,2,Correo Argentino,DELIVERED,2024-12-09 17:42:52,2024-12-13 13:32:32,4
9000003409,1000005952,20241209,688,1,,2,Correo Argentino,DELIVERED,2024-12-09 16:08:33,2024-12-13 13:51:51,4
9000003410,1000005953,20241209,279,1,,2,Correo Argentino,DELIVERED,2024-12-09 16:50:27,2024-12-13 16:47:22,4
9000003411,1000005955,20241209,1469,1,,3,Correo Argentino,DELIVERED,2024-12-10 17:34:12,2024-12-17 11:41:04,8
9000003412,1000005960,20241209,2085,1,,2,Correo Argentino,DELIVERED,2024-12-10 16:37:02,2024-12-17 19:29:05,8
9000003413,1000005962,20241209,1075,1,,3,Correo Argentino,DELIVERED,2024-12-10 16:19:28,2024-12-16 18:58:02,7
9000003414,1000005964,20241209,1448,1,,3,Correo Argentino,DELIVERED,2024-12-10 16:23:33,2024-12-17 12:31:12,8
9000003415,1000005966,20241209,788,1,,4,Correo Argentino,DELIVERED,2024-12-10 18:56:12,2024-12-16 17:53:53,7
9000003416,1000005967,20241209,409,1,,4,Correo Argentino,DELIVERED,2024-12-10 17:22:16,2024-12-17 17:07:09,8
9000003417,1000005968,20241209,1361,1,,1,Correo Argentino,DELIVERED,2024-12-10 18:47:30,2024-12-16 17:06:24,7
9000003418,1000005969,20241209,1007,1,,1,Correo Argentino,DELIVERED,2024-12-10 17:48:58,2024-12-16 09:26:58,7
9000003419,1000005970,20241209,1339,1,,2,Correo Argentino,DELIVERED,2024-12-10 16:33:14,2024-12-17 12:04:15,8
9000003420,1000005971,20241210,1117,1,,1,Correo Argentino,DELIVERED,2024-12-10 17:55:35,2024-12-12 19:02:45,2
9000003421,1000005972,20241210,870,1,,1,Correo Argentino,DELIVERED,2024-12-10 16:53:49,2024-12-16 09:02:20,6
9000003422,1000005973,20241210,1812,1,,4,Correo Argentino,DELIVERED,2024-12-10 16:36:42,2024-12-16 15:41:27,6
9000003423,1000005974,20241210,1622,1,,1,Correo Argentino,DELIVERED,2024-12-10 17:19:26,2024-12-13 14:31:26,3
9000003424,1000005976,20241210,300,1,,3,Correo Argentino,DELIVERED,2024-12-10 18:37:08,2024-12-17 14:17:58,7
9000003425,1000005980,20241210,2086,1,,2,Correo Argentino,DELIVERED,2024-12-10 17:09:45,2024-12-16 18:34:13,6
9000003426,1000005983,20241210,633,1,,3,Correo Argentino,DELIVERED,2024-12-10 16:51:34,2024-12-18 10:34:25,8
9000003427,1000005984,20241210,705,1,,2,Correo Argentino,DELIVERED,2024-12-10 16:02:38,2024-12-16 18:28:00,6
9000003428,1000005985,20241210,2087,1,,1,Correo Argentino,DELIVERED,2024-12-11 18:47:16,2024-12-16 12:06:43,6
9000003429,1000005987,20241210,1391,1,,1,Correo Argentino,DELIVERED,2024-12-11 16:15:52,2024-12-13 10:46:46,3
9000003430,1000005989,20241210,1203,1,,1,Correo Argentino,DELIVERED,2024-12-11 18:59:51,2024-12-16 10:09:02,6
9000003431,1000005990,20241210,1225,1,,4,Correo Argentino,DELIVERED,2024-12-11 17:29:31,2024-12-18 10:15:20,8
9000003432,1000005991,20241210,432,1,,4,Correo Argentino,CANCELLED,,,
9000003433,1000005992,20241210,1079,1,,3,Correo Argentino,DELIVERED,2024-12-11 17:21:42,2024-12-17 10:56:14,7
9000003434,1000005993,20241210,1767,1,,1,Correo Argentino,DELIVERED,2024-12-11 16:43:49,2024-12-17 12:21:36,7
9000003435,1000005994,20241210,1716,1,,2,Correo Argentino,DELIVERED,2024-12-11 16:07:07,2024-12-16 19:24:35,6
9000003436,1000005995,20241210,108,1,,3,Correo Argentino,DELIVERED,2024-12-11 18:35:13,2024-12-16 15:01:26,6
9000003437,1000005996,20241210,2089,1,,3,Correo Argentino,DELIVERED,2024-12-11 18:05:11,2024-12-19 11:50:29,9
9000003438,1000005997,20241210,1334,1,,4,Correo Argentino,DELIVERED,2024-12-11 16:45:44,2024-12-20 09:57:35,10
9000003439,1000006000,20241210,480,1,,3,Correo Argentino,DELIVERED,2024-12-11 16:26:15,2024-12-18 09:04:53,8
9000003440,1000006001,20241210,1431,1,,2,Correo Argentino,DELIVERED,2024-12-11 17:01:13,2024-12-18 19:49:33,8
9000003441,1000006002,20241210,1543,1,,1,Correo Argentino,DELIVERED,2024-12-11 18:21:47,2024-12-16 11:18:20,6
9000003442,1000006003,20241210,1016,1,,1,Correo Argentino,DELIVERED,2024-12-11 18:54:51,2024-12-16 15:19:38,6
9000003443,1000006005,20241210,425,1,,3,Correo Argentino,DELIVERED,2024-12-11 18:07:10,2024-12-17 17:58:19,7
9000003444,1000006006,20241210,489,1,,1,Correo Argentino,DELIVERED,2024-12-11 18:08:03,2024-12-13 17:38:44,3
9000003445,1000006011,20241210,1026,1,,3,Correo Argentino,DELIVERED,2024-12-11 18:23:28,2024-12-19 19:09:07,9
9000003446,1000006012,20241210,1160,1,,2,Correo Argentino,DELIVERED,2024-12-11 17:34:27,2024-12-19 12:46:58,9
9000003447,1000006013,20241210,142,1,,1,Correo Argentino,DELIVERED,2024-12-11 17:23:00,2024-12-17 11:57:49,7
9000003448,1000006014,20241210,2093,1,,1,Correo Argentino,DELIVERED,2024-12-11 18:31:49,2024-12-16 19:15:31,6
9000003449,1000006015,20241210,284,1,,3,Correo Argentino,DELIVERED,2024-12-11 18:05:36,2024-12-17 16:46:50,7
9000003450,1000006016,20241210,1951,1,,1,Correo Argentino,DELIVERED,2024-12-11 16:36:37,2024-12-13 17:31:01,3
9000003451,1000006017,20241210,2094,1,,3,Correo Argentino,DELIVERED,2024-12-11 17:03:00,2024-12-18 19:56:24,8
9000003452,1000006018,20241210,822,1,,3,Correo Argentino,DELIVERED,2024-12-11 18:00:55,2024-12-19 14:41:08,9
9000003453,1000006019,20241210,44,1,,2,Correo Argentino,DELIVERED,2024-12-11 16:59:02,2024-12-17 15:21:08,7
9000003454,1000006020,20241211,1604,1,,2,Correo Argentino,DELIVERED,2024-12-11 16:18:17,2024-12-18 17:04:13,7
9000003455,1000006021,20241211,469,1,,3,Correo Argentino,DELIVERED,2024-12-11 17:02:52,2024-12-18 15:15:36,7
9000003456,1000006022,20241211,1398,1,,4,Correo Argentino,DELIVERED,2024-12-11 17:49:18,2024-12-17 11:41:17,6
9000003457,1000006023,20241211,934,1,,1,Correo Argentino,DELIVERED,2024-12-11 17:48:20,2024-12-13 11:52:06,2
9000003458,1000006027,20241211,118,1,,2,Correo Argentino,DELIVERED,2024-12-12 16:09:18,2024-12-17 11:54:48,6
9000003459,1000006028,20241211,2095,1,,2,Correo Argentino,DELIVERED,2024-12-12 16:27:26,2024-12-19 15:18:10,8
9000003460,1000006030,20241211,996,1,,2,Correo Argentino,DELIVERED,2024-12-12 18:50:15,2024-12-23 13:03:42,12
9000003461,1000006031,20241211,894,1,,1,Correo Argentino,DELIVERED,2024-12-12 18:53:11,2024-12-18 09:01:09,7
9000003462,1000006032,20241211,157,1,,1,Correo Argentino,DELIVERED,2024-12-16 16:34:00,2024-12-19 09:27:01,8
9000003463,1000006033,20241211,1509,1,,3,Correo Argentino,DELIVERED,2024-12-12 18:08:47,2024-12-18 10:32:46,7
9000003464,1000006037,20241211,2098,1,,2,Correo Argentino,DELIVERED,2024-12-12 17:58:19,2024-12-20 18:37:36,9
9000003465,1000006045,20241211,1253,1,,3,Correo Argentino,DELIVERED,2024-12-12 18:43:24,2024-12-19 09:37:36,8
9000003466,1000006046,20241211,2101,1,,3,Correo Argentino,DELIVERED,2024-12-12 17:02:31,2024-12-19 13:51:46,8
9000003467,1000006047,20241211,935,1,,3,Correo Argentino,DELIVERED,2024-12-12 16:07:19,2024-12-19 17:18:58,8
9000003468,1000006048,20241212,666,1,,1,Correo Argentino,DELIVERED,2024-12-12 16:39:41,2024-12-18 16:52:36,6
9000003469,1000006050,20241212,2028,1,,3,Correo Argentino,DELIVERED,2024-12-12 16:40:54,2024-12-19 09:05:58,7
9000003471,1000006055,20241212,770,1,,1,Correo Argentino,DELIVERED,2024-12-12 16:32:45,2024-12-18 17:41:54,6
9000003472,1000006057,20241212,932,1,,1,Correo Argentino,DELIVERED,2024-12-13 16:14:35,2024-12-20 17:27:51,8
9000003473,1000006059,20241212,1534,1,,3,Correo Argentino,DELIVERED,2024-12-13 16:27:27,2024-12-19 12:38:28,7
9000003474,1000006060,20241212,2102,1,,2,Correo Argentino,DELIVERED,2024-12-13 18:40:18,2024-12-19 09:54:48,7
9000003475,1000006061,20241212,457,1,,4,Correo Argentino,DELIVERED,2024-12-13 18:52:13,2024-12-23 14:19:54,11
9000003476,1000006062,20241212,2103,1,,4,Correo Argentino,DELIVERED,2024-12-13 18:12:31,2024-12-18 13:38:44,6
9000003477,1000006064,20241212,1762,1,,2,Correo Argentino,DELIVERED,2024-12-13 17:39:10,2024-12-19 18:40:24,7
9000003478,1000006065,20241212,2105,1,,1,Correo Argentino,DELIVERED,2024-12-13 17:09:57,2024-12-17 14:46:47,5
9000003479,1000006067,20241212,1768,1,,3,Correo Argentino,DELIVERED,2024-12-13 16:15:13,2024-12-19 18:21:52,7
9000003481,1000006070,20241212,324,1,,3,Correo Argentino,DELIVERED,2024-12-13 16:47:24,2024-12-20 17:06:07,8
9000003482,1000006072,20241212,430,1,,4,Correo Argentino,DELIVERED,2024-12-13 17:30:19,2024-12-19 18:50:16,7
9000003483,1000006074,20241212,1046,1,,1,Correo Argentino,DELIVERED,2024-12-13 17:30:47,2024-12-20 12:30:59,8
9000003484,1000006076,20241212,2108,1,,2,Correo Argentino,DELIVERED,2024-12-13 18:47:27,2024-12-20 15:21:20,8
9000003485,1000006078,20241212,2109,1,,1,Correo Argentino,DELIVERED,2024-12-13 18:33:06,2024-12-17 15:00:20,5
9000003486,1000006081,20241212,2110,1,,3,Correo Argentino,DELIVERED,2024-12-13 17:51:37,2024-12-19 13:43:17,7
9000003488,1000006083,20241212,1732,1,,4,Correo Argentino,DELIVERED,2024-12-13 17:34:24,2024-12-19 17:17:24,7
9000003489,1000006084,20241212,1358,1,,1,Correo Argentino,DELIVERED,2024-12-13 17:21:41,2024-12-17 18:24:50,5
9000003490,1000006085,20241212,2111,1,,1,Correo Argentino,DELIVERED,2024-12-13 17:10:29,2024-12-17 13:13:22,5
9000003491,1000006086,20241212,2112,1,,1,Correo Argentino,DELIVERED,2024-12-13 18:16:25,2024-12-19 12:25:43,7
9000003492,1000006087,20241212,420,1,,1,Correo Argentino,DELIVERED,2024-12-13 18:23:31,2024-12-18 12:59:20,6
9000003493,1000006088,20241212,2113,1,,3,Correo Argentino,DELIVERED,2024-12-13 18:31:26,2024-12-19 19:26:14,7
9000003494,1000006090,20241212,2114,1,,1,Correo Argentino,DELIVERED,2024-12-13 16:13:50,2024-12-18 16:17:58,6
9000003495,1000006091,20241213,946,1,,1,Correo Argentino,DELIVERED,2024-12-13 17:15:54,2024-12-17 11:49:36,4
9000003496,1000006092,20241213,70,1,,1,Correo Argentino,DELIVERED,2024-12-13 16:38:11,2024-12-17 09:13:53,4
9000003497,1000006093,20241213,2115,1,,1,Correo Argentino,DELIVERED,2024-12-13 18:12:35,2024-12-18 10:01:27,5
9000003498,1000006094,20241213,247,1,,1,Correo Argentino,DELIVERED,2024-12-13 17:56:37,2024-12-18 13:55:06,5
9000003499,1000006096,20241213,2116,1,,1,Correo Argentino,DELIVERED,2024-12-13 16:21:03,2024-12-18 13:18:20,5
9000003500,1000006100,20241213,2117,1,,3,Correo Argentino,DELIVERED,2024-12-13 18:09:42,2024-12-20 12:17:30,7
9000003501,1000006105,20241213,2119,1,,4,Correo Argentino,DELIVERED,2024-12-16 17:13:07,2024-12-23 10:42:48,10
9000003502,1000006122,20241213,785,1,,1,Correo Argentino,DELIVERED,2024-12-16 16:54:57,2024-12-19 09:40:01,6
9000003503,1000006126,20241213,1734,1,,2,Correo Argentino,DELIVERED,2024-12-16 16:45:54,2024-12-26 17:03:57,13
9000003504,1000006128,20241213,602,1,,4,Correo Argentino,DELIVERED,2024-12-16 16:31:04,2024-12-26 10:22:53,13
9000003505,1000006129,20241213,1598,1,,4,Correo Argentino,DELIVERED,2024-12-16 18:05:39,2024-12-26 13:38:54,13
9000003507,1000006131,20241213,1053,1,,1,Correo Argentino,DELIVERED,2024-12-16 16:48:14,2024-12-23 13:50:45,10
9000003508,1000006132,20241213,533,1,,2,Correo Argentino,DELIVERED,2024-12-16 17:21:07,2024-12-26 16:47:22,13
9000003509,1000006133,20241213,1452,1,,1,Correo Argentino,DELIVERED,2024-12-16 17:13:31,2024-12-23 12:49:05,10
9000003510,1000006134,20241213,1415,1,,1,Correo Argentino,DELIVERED,2024-12-16 18:24:31,2024-12-18 09:38:41,5
9000003511,1000006135,20241214,1019,1,,2,Correo Argentino,DELIVERED,2024-12-16 16:02:09,2024-12-24 14:49:44,10
9000003512,1000006136,20241214,184,1,,1,Correo Argentino,DELIVERED,2024-12-16 18:41:03,2024-12-19 18:54:06,5
9000003513,1000006137,20241214,1542,1,,2,Correo Argentino,DELIVERED,2024-12-16 16:11:32,2024-12-23 12:50:14,9
9000003514,1000006138,20241214,1723,1,,3,Correo Argentino,DELIVERED,2024-12-16 17:57:37,2024-12-23 11:35:50,9
9000003515,1000006142,20241214,1057,1,,4,Correo Argentino,DELIVERED,2024-12-16 16:54:48,2024-12-19 13:13:34,5
9000003516,1000006143,20241214,2127,1,,2,Correo Argentino,DELIVERED,2024-12-16 18:35:08,2024-12-23 12:11:31,9
9000003517,1000006144,20241214,1842,1,,2,Correo Argentino,DELIVERED,2024-12-16 18:32:01,2024-12-23 19:37:25,9
9000003518,1000006147,20241214,2128,1,,2,Correo Argentino,DELIVERED,2024-12-16 17:31:34,2024-12-24 13:29:18,10
9000003519,1000006150,20241214,1432,1,,4,Correo Argentino,DELIVERED,2024-12-16 16:19:22,2024-12-23 15:24:43,9
9000003520,1000006151,20241214,998,1,,1,Correo Argentino,DELIVERED,2024-12-16 17:43:27,2024-12-19 14:07:11,5
9000003521,1000006155,20241214,1350,1,,3,Correo Argentino,DELIVERED,2024-12-16 16:22:46,2024-12-20 13:58:32,6
9000003522,1000006159,20241214,1753,1,,3,Correo Argentino,DELIVERED,2024-12-16 16:00:30,2024-12-20 09:12:43,6
9000003523,1000006160,20241214,116,1,,1,Correo Argentino,DELIVERED,2024-12-16 16:25:55,2024-12-23 11:46:32,9
9000003524,1000006163,20241214,2130,1,,1,Correo Argentino,DELIVERED,2024-12-16 17:37:21,2024-12-19 19:44:54,5
9000003525,1000006164,20241214,1813,1,,1,Correo Argentino,DELIVERED,2024-12-16 18:50:19,2024-12-23 16:06:08,9
9000003526,1000006168,20241214,1780,1,,1,Correo Argentino,DELIVERED,2024-12-16 18:18:12,2024-12-19 16:48:27,5
9000003527,1000006169,20241215,268,1,,4,Correo Argentino,DELIVERED,2024-12-16 16:41:09,2024-12-20 18:22:33,5
9000003528,1000006170,20241215,942,1,,1,Correo Argentino,DELIVERED,2024-12-16 18:59:21,2024-12-20 15:56:55,5
9000003529,1000006171,20241215,1422,1,,1,Correo Argentino,DELIVERED,2024-12-16 18:17:31,2024-12-20 10:03:14,5
9000003530,1000006172,20241215,1730,1,,1,Correo Argentino,DELIVERED,2024-12-16 17:15:43,2024-12-19 10:59:25,4
9000003531,1000006173,20241215,5,1,,1,Correo Argentino,DELIVERED,2024-12-16 18:15:37,2024-12-23 18:30:04,8
9000003532,1000006174,20241215,2131,1,,1,Correo Argentino,DELIVERED,2024-12-16 16:55:24,2024-12-19 09:06:22,4
9000003533,1000006175,20241215,1865,1,,2,Correo Argentino,DELIVERED,2024-12-16 16:00:54,2024-12-26 18:54:34,11
9000003534,1000006176,20241215,1907,1,,4,Correo Argentino,DELIVERED,2024-12-16 17:38:15,2024-12-19 09:03:32,4
9000003535,1000006178,20241215,265,1,,3,Correo Argentino,DELIVERED,2024-12-17 18:43:31,2024-12-26 18:33:16,11
9000003536,1000006179,20241215,581,1,,4,Correo Argentino,DELIVERED,2024-12-16 18:21:05,2024-12-23 16:51:04,8
9000003537,1000006180,20241215,1679,1,,2,Correo Argentino,DELIVERED,2024-12-16 18:17:10,2024-12-24 09:14:09,9
9000003538,1000006181,20241215,1233,1,,2,Correo Argentino,DELIVERED,2024-12-16 17:21:57,2024-12-20 13:58:12,5
9000003539,1000006182,20241215,639,1,,1,Correo Argentino,DELIVERED,2024-12-16 16:19:48,2024-12-19 16:25:36,4
9000003540,1000006183,20241215,1925,1,,2,Correo Argentino,DELIVERED,2024-12-16 18:29:57,2024-12-20 13:39:23,5
9000003541,1000006184,20241215,1855,1,,1,Correo Argentino,DELIVERED,2024-12-16 18:16:52,2024-12-20 13:38:35,5
9000003542,1000006185,20241215,2133,1,,3,Correo Argentino,DELIVERED,2024-12-16 17:45:07,2024-12-23 18:03:21,8
9000003543,1000006186,20241215,201,1,,1,Correo Argentino,DELIVERED,2024-12-16 16:51:56,2024-12-18 13:16:48,3
9000003544,1000006187,20241215,125,1,,3,Correo Argentino,DELIVERED,2024-12-16 18:33:50,2024-12-20 17:20:20,5
9000003545,1000006188,20241215,61,1,,1,Correo Argentino,DELIVERED,2024-12-16 17:21:34,2024-12-20 14:12:40,5
9000003546,1000006190,20241215,1368,1,,1,Correo Argentino,DELIVERED,2024-12-16 17:51:24,2024-12-20 09:22:21,5
9000003547,1000006191,20241215,2037,1,,1,Correo Argentino,DELIVERED,2024-12-16 17:18:55,2024-12-19 09:06:01,4
9000003548,1000006192,20241215,2135,1,,3,Correo Argentino,DELIVERED,2024-12-16 18:59:57,2024-12-19 19:28:17,4
9000003549,1000006193,20241215,1953,1,,4,Correo Argentino,DELIVERED,2024-12-16 16:17:31,2024-12-20 09:09:44,5
9000003550,1000006195,20241215,2136,1,,1,Correo Argentino,DELIVERED,2024-12-17 18:35:16,2024-12-23 19:15:31,8
9000003551,1000006196,20241215,964,1,,3,Correo Argentino,DELIVERED,2024-12-16 16:30:30,2024-12-24 16:18:23,9
9000003552,1000006197,20241216,1154,1,,1,Correo Argentino,DELIVERED,2024-12-16 17:23:23,2024-12-20 09:29:36,4
9000003553,1000006198,20241216,1926,1,,2,Correo Argentino,DELIVERED,2024-12-16 16:05:10,2024-12-24 11:44:51,8
9000003554,1000006199,20241216,2137,1,,3,Correo Argentino,DELIVERED,2024-12-16 17:26:18,2024-12-23 16:18:32,7
9000003555,1000006202,20241216,2138,1,,1,Correo Argentino,DELIVERED,2024-12-16 16:49:38,2024-12-18 18:22:47,2
9000003556,1000006205,20241216,624,1,,1,Correo Argentino,DELIVERED,2024-12-17 16:06:34,2024-12-23 13:11:27,7
9000003557,1000006206,20241216,733,1,,1,Correo Argentino,DELIVERED,2024-12-17 16:19:02,2024-12-20 13:59:54,4
9000003558,1000006210,20241216,354,1,,3,Correo Argentino,DELIVERED,2024-12-17 18:58:18,2024-12-23 17:06:59,7
9000003559,1000006211,20241216,1621,1,,1,Correo Argentino,DELIVERED,2024-12-17 16:40:33,2024-12-23 11:26:26,7
9000003560,1000006212,20241216,2141,1,,2,Correo Argentino,DELIVERED,2024-12-17 17:59:44,2024-12-23 14:29:13,7
9000003561,1000006214,20241216,331,1,,2,Correo Argentino,DELIVERED,2024-12-17 17:58:57,2024-12-24 10:13:02,8
9000003562,1000006215,20241216,1424,1,,1,Correo Argentino,DELIVERED,2024-12-17 18:39:59,2024-12-23 19:17:28,7
9000003563,1000006216,20241216,1970,1,,3,Correo Argentino,DELIVERED,2024-12-17 17:23:00,2024-12-26 11:13:55,10
9000003564,1000006217,20241216,72,1,,3,Correo Argentino,DELIVERED,2024-12-17 16:01:45,2024-12-24 09:57:11,8
9000003565,1000006223,20241216,2060,1,,1,Correo Argentino,DELIVERED,2024-12-17 17:54:47,2024-12-23 10:46:17,7
9000003566,1000006225,20241216,1370,1,,3,Correo Argentino,DELIVERED,2024-12-17 17:13:41,2024-12-26 16:43:55,10
9000003567,1000006229,20241216,629,1,,1,Correo Argentino,DELIVERED,2024-12-17 17:35:18,2024-12-23 17:43:39,7
9000003568,1000006231,20241216,1371,1,,3,Correo Argentino,DELIVERED,2024-12-17 18:19:56,2024-12-24 17:27:57,8
9000003569,1000006232,20241216,1258,1,,1,Correo Argentino,DELIVERED,2024-12-17 16:56:40,2024-12-20 10:44:05,4
9000003570,1000006233,20241217,2145,1,,3,Correo Argentino,DELIVERED,2024-12-18 16:20:21,2024-12-24 12:24:10,7
9000003571,1000006234,20241217,652,1,,1,Correo Argentino,DELIVERED,2024-12-17 16:10:50,2024-12-23 17:17:16,6
9000003572,1000006235,20241217,2012,1,,1,Correo Argentino,DELIVERED,2024-12-17 16:28:42,2024-12-19 16:59:28,2
9000003573,1000006236,20241217,241,1,,1,Correo Argentino,DELIVERED,2024-12-17 16:52:13,2024-12-23 16:21:12,6
9000003574,1000006237,20241217,632,1,,1,Correo Argentino,DELIVERED,2024-12-17 18:46:19,2024-12-23 15:43:40,6
9000003575,1000006238,20241217,1275,1,,4,Correo Argentino,DELIVERED,2024-12-17 18:22:23,2024-12-23 10:34:52,6
9000003576,1000006239,20241217,1528,1,,3,Correo Argentino,DELIVERED,2024-12-17 16:04:48,2024-12-23 18:11:34,6
9000003577,1000006244,20241217,2146,1,,1,Correo Argentino,DELIVERED,2024-12-17 17:09:42,2024-12-20 11:08:26,3
9000003578,1000006245,20241217,1667,1,,1,Correo Argentino,DELIVERED,2024-12-17 16:23:40,2024-12-20 11:53:57,3
9000003579,1000006247,20241217,172,1,,2,Correo Argentino,DELIVERED,2024-12-17 16:42:15,2024-12-24 10:06:51,7
9000003580,1000006248,20241217,375,1,,3,Correo Argentino,DELIVERED,2024-12-17 17:12:21,2024-12-20 19:51:49,3
9000003581,1000006250,20241217,2147,1,,1,Correo Argentino,DELIVERED,2024-12-18 18:20:29,2024-12-24 17:36:48,7
9000003582,1000006252,20241217,1619,1,,1,Correo Argentino,DELIVERED,2024-12-18 18:10:34,2024-12-24 17:02:26,7
9000003583,1000006254,20241217,1718,1,,1,Correo Argentino,DELIVERED,2024-12-18 16:17:24,2024-12-24 10:16:41,7
9000003584,1000006260,20241217,1306,1,,1,Correo Argentino,DELIVERED,2024-12-18 17:41:23,2024-12-20 14:57:28,3
9000003585,1000006264,20241217,831,1,,4,Correo Argentino,DELIVERED,2024-12-18 17:44:51,2024-12-26 16:45:34,9
9000003586,1000006265,20241217,1060,1,,2,Correo Argentino,DELIVERED,2024-12-18 18:22:33,2024-12-26 15:51:24,9
9000003587,1000006266,20241217,563,1,,1,Correo Argentino,DELIVERED,2024-12-18 16:57:04,2024-12-23 14:27:19,6
9000003588,1000006267,20241217,543,1,,2,Correo Argentino,DELIVERED,2024-12-18 18:36:27,2024-12-27 12:35:57,10
9000003589,1000006270,20241217,2148,1,,1,Correo Argentino,DELIVERED,2024-12-18 16:25:55,2024-12-20 09:27:32,3
9000003590,1000006271,20241217,1479,1,,1,Correo Argentino,DELIVERED,2024-12-18 16:09:39,2024-12-24 11:30:05,7
9000003591,1000006272,20241217,402,1,,3,Correo Argentino,DELIVERED,2024-12-18 17:06:01,2024-12-27 13:11:45,10
9000003592,1000006273,20241217,1003,1,,3,Correo Argentino,DELIVERED,2024-12-18 17:22:26,2024-12-27 14:48:02,10
9000003593,1000006274,20241217,1093,1,,2,Correo Argentino,DELIVERED,2024-12-18 17:11:34,2024-12-27 19:19:45,10
9000003594,1000006275,20241217,1841,1,,1,Correo Argentino,DELIVERED,2024-12-18 17:52:53,2024-12-24 14:42:55,7
9000003595,1000006276,20241217,1302,1,,3,Correo Argentino,DELIVERED,2024-12-18 18:01:56,2024-12-27 17:26:51,10
9000003596,1000006277,20241217,1510,1,,3,Correo Argentino,DELIVERED,2024-12-18 18:37:53,2024-12-26 12:11:28,9
9000003597,1000006278,20241218,852,1,,4,Correo Argentino,DELIVERED,2024-12-18 18:46:52,2024-12-24 19:52:18,6
9000003598,1000006280,20241218,1750,1,,3,Correo Argentino,DELIVERED,2024-12-18 16:55:30,2024-12-23 13:16:40,5
9000003599,1000006281,20241218,226,1,,1,Correo Argentino,DELIVERED,2024-12-18 17:52:27,2024-12-23 14:58:31,5
9000003600,1000006282,20241218,2150,1,,4,Correo Argentino,DELIVERED,2024-12-18 16:07:55,2024-12-24 16:41:58,6
9000003601,1000006284,20241218,1500,1,,2,Correo Argentino,DELIVERED,2024-12-18 16:27:40,2024-12-23 12:11:34,5
9000003602,1000006286,20241218,1740,1,,1,Correo Argentino,DELIVERED,2024-12-18 16:28:28,2024-12-20 11:39:48,2
9000003603,1000006287,20241218,104,1,,2,Correo Argentino,DELIVERED,2024-12-18 18:22:55,2024-12-27 14:59:29,9
9000003604,1000006289,20241218,1684,1,,1,Correo Argentino,DELIVERED,2024-12-18 17:56:31,2024-12-23 11:53:29,5
9000003605,1000006293,20241218,1872,1,,3,Correo Argentino,DELIVERED,2024-12-19 16:46:59,2024-12-24 19:13:48,6
9000003606,1000006294,20241218,1984,1,,1,Correo Argentino,DELIVERED,2024-12-19 18:09:46,2024-12-24 09:42:46,6
9000003607,1000006295,20241218,716,1,,1,Correo Argentino,DELIVERED,2024-12-19 18:29:20,2024-12-24 16:08:12,6
9000003608,1000006297,20241218,1475,1,,2,Correo Argentino,DELIVERED,2024-12-19 16:10:01,2024-12-30 14:29:05,12
9000003609,1000006298,20241218,1577,1,,1,Correo Argentino,DELIVERED,2024-12-19 17:12:06,2024-12-26 14:27:36,8
9000003610,1000006299,20241218,1992,1,,1,Correo Argentino,DELIVERED,2024-12-19 18:58:27,2024-12-23 12:15:03,5
9000003611,1000006305,20241218,1492,1,,1,Correo Argentino,DELIVERED,2024-12-19 18:02:58,2024-12-26 15:42:57,8
9000003612,1000006309,20241218,2153,1,,2,Correo Argentino,DELIVERED,2024-12-19 16:18:17,2024-12-27 15:28:02,9
9000003613,1000006310,20241218,2154,1,,1,Correo Argentino,DELIVERED,2024-12-19 16:05:46,2024-12-23 18:53:48,5
9000003614,1000006312,20241218,1923,1,,4,Correo Argentino,DELIVERED,2024-12-19 17:17:24,2024-12-27 19:37:51,9
9000003615,1000006314,20241218,333,1,,3,Correo Argentino,DELIVERED,2024-12-19 18:21:31,2024-12-26 11:43:19,8
9000003616,1000006315,20241218,1882,1,,1,Correo Argentino,DELIVERED,2024-12-19 17:45:07,2024-12-26 18:59:59,8
9000003617,1000006316,20241218,1012,1,,2,Correo Argentino,DELIVERED,2024-12-19 18:43:34,2024-12-27 10:02:50,9
9000003618,1000006317,20241218,1259,1,,2,Correo Argentino,DELIVERED,2024-12-19 18:42:32,2024-12-27 15:39:38,9
9000003619,1000006318,20241218,1748,1,,3,Correo Argentino,DELIVERED,2024-12-19 16:03:13,2024-12-26 16:59:16,8
9000003620,1000006319,20241219,1077,1,,3,Correo Argentino,DELIVERED,2024-12-19 18:44:47,2024-12-27 14:07:33,8
9000003621,1000006320,20241219,2155,1,,2,Correo Argentino,DELIVERED,2024-12-19 16:10:48,2024-12-30 10:09:21,11
9000003622,1000006321,20241219,214,1,,1,Correo Argentino,DELIVERED,2024-12-19 17:28:35,2024-12-23 18:36:45,4
9000003623,1000006322,20241219,1072,1,,1,Correo Argentino,DELIVERED,2024-12-19 18:52:04,2024-12-24 13:28:37,5
9000003624,1000006323,20241219,84,1,,1,Correo Argentino,DELIVERED,2024-12-19 18:13:44,2024-12-26 16:53:32,7
9000003625,1000006324,20241219,1554,1,,1,Correo Argentino,DELIVERED,2024-12-19 17:40:27,2024-12-26 09:34:17,7
9000003626,1000006328,20241219,521,1,,4,Correo Argentino,DELIVERED,2024-12-20 16:18:19,2024-12-31 17:59:17,12
9000003627,1000006334,20241219,1379,1,,2,Correo Argentino,DELIVERED,2024-12-20 18:48:20,2025-01-02 18:02:59,14
9000003629,1000006342,20241219,1862,1,,4,Correo Argentino,DELIVERED,2024-12-20 18:26:54,2024-12-30 15:13:17,11
9000003630,1000006343,20241219,2160,1,,1,Correo Argentino,DELIVERED,2024-12-20 16:15:23,2024-12-26 09:45:59,7
9000003631,1000006344,20241219,1223,1,,1,Correo Argentino,DELIVERED,2024-12-20 17:06:05,2024-12-24 13:03:08,5
9000003632,1000006346,20241219,2161,1,,3,Correo Argentino,DELIVERED,2024-12-20 16:37:03,2024-12-27 09:20:12,8
9000003633,1000006347,20241219,2163,1,,1,Correo Argentino,DELIVERED,2024-12-20 18:50:52,2024-12-26 18:37:36,7
9000003634,1000006348,20241219,2164,1,,3,Correo Argentino,DELIVERED,2024-12-20 17:10:23,2025-01-02 18:26:33,14
9000003635,1000006349,20241220,884,1,,3,Correo Argentino,DELIVERED,2024-12-20 18:56:12,2024-12-31 14:42:04,11
9000003636,1000006350,20241220,1485,1,,1,Correo Argentino,DELIVERED,2024-12-20 16:25:35,2024-12-24 12:02:36,4
9000003637,1000006351,20241220,1454,1,,1,Correo Argentino,DELIVERED,2024-12-20 18:37:27,2024-12-27 10:34:47,7
9000003638,1000006352,20241220,1051,1,,3,Correo Argentino,DELIVERED,2024-12-20 16:54:56,2025-01-02 16:24:12,13
9000003639,1000006353,20241220,497,1,,1,Correo Argentino,DELIVERED,2024-12-20 17:36:56,2024-12-27 15:08:23,7
9000003640,1000006354,20241220,1681,1,,3,Correo Argentino,DELIVERED,2024-12-20 17:41:40,2024-12-26 13:45:06,6
9000003641,1000006357,20241220,1189,1,,4,Correo Argentino,DELIVERED,2024-12-20 17:53:08,2024-12-30 09:14:21,10
9000003642,1000006358,20241220,2165,1,,3,Correo Argentino,DELIVERED,2024-12-23 18:47:09,2024-12-27 10:17:22,7
9000003643,1000006362,20241220,1279,1,,2,Correo Argentino,DELIVERED,2024-12-23 16:47:20,2024-12-31 16:37:37,11
9000003644,1000006364,20241220,635,1,,1,Correo Argentino,DELIVERED,2024-12-23 16:15:33,2024-12-27 09:42:05,7
9000003645,1000006367,20241220,281,1,,1,Correo Argentino,DELIVERED,2024-12-23 16:11:02,2024-12-27 16:11:03,7
9000003646,1000006368,20241220,715,1,,2,Correo Argentino,DELIVERED,2024-12-23 18:03:39,2024-12-31 16:12:58,11
9000003647,1000006369,20241220,944,1,,1,Correo Argentino,DELIVERED,2024-12-23 17:34:22,2024-12-30 10:33:29,10
9000003649,1000006376,20241220,2169,1,,1,Correo Argentino,DELIVERED,2024-12-23 18:32:04,2024-12-31 09:51:57,11
9000003650,1000006378,20241220,2171,1,,2,Correo Argentino,DELIVERED,2024-12-23 17:20:37,2024-12-27 15:39:22,7
9000003651,1000006380,20241220,2021,1,,4,Correo Argentino,DELIVERED,2024-12-23 17:56:46,2024-12-27 11:30:28,7
9000003652,1000006387,20241220,1966,1,,1,Correo Argentino,DELIVERED,2024-12-23 18:26:08,2024-12-26 14:44:51,6
9000003653,1000006388,20241220,909,1,,1,Correo Argentino,DELIVERED,2024-12-23 16:51:38,2024-12-30 15:57:40,10
9000003654,1000006389,20241220,789,1,,3,Correo Argentino,DELIVERED,2024-12-23 16:01:26,2024-12-31 18:39:29,11
9000003655,1000006391,20241221,20,1,,1,Correo Argentino,DELIVERED,2024-12-23 18:09:14,2024-12-27 09:16:53,6
9000003656,1000006392,20241221,1110,1,,4,Correo Argentino,DELIVERED,2024-12-23 17:38:50,2024-12-31 16:20:14,10
9000003657,1000006393,20241221,1733,1,,2,Correo Argentino,DELIVERED,2024-12-23 17:05:52,2024-12-31 15:41:59,10
9000003658,1000006394,20241221,2175,1,,1,Correo Argentino,DELIVERED,2024-12-23 18:44:34,2024-12-30 14:02:23,9
9000003659,1000006395,20241221,2020,1,,1,Correo Argentino,DELIVERED,2024-12-23 18:07:54,2024-12-27 16:58:58,6
9000003660,1000006396,20241221,811,1,,1,Correo Argentino,DELIVERED,2024-12-23 18:40:13,2024-12-27 13:55:38,6
9000003661,1000006398,20241221,684,1,,1,Correo Argentino,DELIVERED,2024-12-23 18:28:18,2024-12-27 17:24:59,6
9000003663,1000006403,20241221,1017,1,,3,Correo Argentino,DELIVERED,2024-12-23 18:02:04,2024-12-31 16:13:24,10
9000003664,1000006404,20241221,1834,1,,2,Correo Argentino,DELIVERED,2024-12-23 17:55:07,2024-12-31 12:53:10,10
9000003665,1000006406,20241221,1607,1,,3,Correo Argentino,DELIVERED,2024-12-23 18:33:23,2025-01-02 14:10:19,12
9000003666,1000006407,20241221,3,1,,3,Correo Argentino,DELIVERED,2024-12-23 16:48:34,2024-12-31 09:54:35,10
9000003668,1000006423,20241221,1924,1,,1,Correo Argentino,DELIVERED,2024-12-23 18:45:07,2024-12-27 10:44:57,6
9000003669,1000006424,20241221,2049,1,,4,Correo Argentino,DELIVERED,2024-12-24 16:58:52,2024-12-30 11:23:28,9
9000003670,1000006425,20241221,2180,1,,1,Correo Argentino,DELIVERED,2024-12-23 18:12:00,2024-12-26 10:09:54,5
9000003671,1000006426,20241221,1412,1,,1,Correo Argentino,DELIVERED,2024-12-23 17:22:12,2024-12-27 16:34:56,6
9000003672,1000006427,20241222,115,1,,1,Correo Argentino,DELIVERED,2024-12-23 16:42:49,2024-12-30 13:02:31,8
9000003673,1000006428,20241222,89,1,,3,Correo Argentino,DELIVERED,2024-12-23 17:28:47,2025-01-02 12:50:47,11
9000003674,1000006429,20241222,357,1,,1,Correo Argentino,DELIVERED,2024-12-23 18:16:23,2024-12-27 15:03:41,5
9000003675,1000006430,20241222,844,1,,1,Correo Argentino,DELIVERED,2024-12-23 16:24:47,2024-12-26 17:56:10,4
9000003676,1000006431,20241222,460,1,,1,Correo Argentino,DELIVERED,2024-12-23 17:01:50,2024-12-27 15:50:01,5
9000003677,1000006432,20241222,1149,1,,4,Correo Argentino,DELIVERED,2024-12-23 18:14:08,2024-12-30 13:10:57,8
9000003678,1000006433,20241222,2181,1,,1,Correo Argentino,DELIVERED,2024-12-23 17:12:05,2024-12-27 13:25:05,5
9000003679,1000006434,20241222,2182,1,,1,Correo Argentino,DELIVERED,2024-12-23 18:24:48,2024-12-30 14:40:35,8
9000003680,1000006435,20241222,872,1,,4,Correo Argentino,DELIVERED,2024-12-23 17:12:06,2025-01-02 19:09:00,11
9000003681,1000006436,20241222,2183,1,,1,Correo Argentino,DELIVERED,2024-12-23 17:10:59,2024-12-27 19:06:17,5
9000003682,1000006437,20241222,1914,1,,3,Correo Argentino,DELIVERED,2024-12-23 17:54:29,2024-12-31 14:28:04,9
9000003683,1000006438,20241222,2184,1,,1,Correo Argentino,DELIVERED,2024-12-23 17:31:49,2024-12-27 11:45:08,5
9000003684,1000006439,20241222,45,1,,2,Correo Argentino,DELIVERED,2024-12-23 17:15:09,2024-12-31 13:26:32,9
9000003685,1000006440,20241223,653,1,,3,Correo Argentino,DELIVERED,2024-12-23 18:22:44,2025-01-02 14:58:33,10
9000003686,1000006441,20241223,591,1,,4,Correo Argentino,DELIVERED,2024-12-23 17:54:48,2024-12-30 10:22:56,7
9000003687,1000006442,20241223,977,1,,3,Correo Argentino,DELIVERED,2024-12-23 16:54:22,2024-12-31 13:58:34,8
9000003688,1000006443,20241223,799,1,,1,Correo Argentino,DELIVERED,2024-12-23 16:48:12,2024-12-30 16:04:44,7
9000003689,1000006444,20241223,133,1,,1,Correo Argentino,DELIVERED,2024-12-23 17:52:27,2024-12-27 10:11:35,4
9000003690,1000006445,20241223,1408,1,,2,Correo Argentino,DELIVERED,2024-12-23 18:49:49,2024-12-30 12:52:40,7
9000003691,1000006446,20241223,1239,1,,1,Correo Argentino,DELIVERED,2024-12-23 16:56:26,2024-12-26 10:30:16,3
9000003692,1000006447,20241223,513,1,,2,Correo Argentino,DELIVERED,2024-12-23 16:03:39,2025-01-02 12:25:54,10
9000003693,1000006448,20241223,1969,1,,1,Correo Argentino,DELIVERED,2024-12-23 16:25:15,2024-12-27 19:22:25,4
9000003694,1000006449,20241223,249,1,,3,Correo Argentino,DELIVERED,2024-12-23 17:17:50,2024-12-27 16:27:50,4
9000003695,1000006450,20241223,2185,1,,1,Correo Argentino,DELIVERED,2024-12-23 17:44:11,2024-12-27 12:31:10,4
9000003696,1000006454,20241223,1795,1,,3,Correo Argentino,CANCELLED,,,
9000003697,1000006459,20241223,768,1,,3,Correo Argentino,DELIVERED,2024-12-26 16:12:29,2024-12-31 18:23:30,8
9000003698,1000006460,20241223,399,1,,3,Correo Argentino,DELIVERED,2024-12-24 16:38:50,2025-01-03 17:17:41,11
9000003699,1000006464,20241223,1330,1,,3,Correo Argentino,DELIVERED,2024-12-24 16:26:43,2025-01-02 10:11:07,10
9000003700,1000006465,20241223,300,1,,3,Correo Argentino,DELIVERED,2024-12-24 17:00:04,2025-01-03 15:46:03,11
9000003701,1000006466,20241223,1361,1,,1,Correo Argentino,DELIVERED,2024-12-24 16:51:09,2024-12-30 19:05:28,7
9000003702,1000006469,20241223,2186,1,,2,Correo Argentino,DELIVERED,2024-12-24 16:56:58,2025-01-02 17:17:17,10
9000003703,1000006470,20241223,152,1,,3,Correo Argentino,DELIVERED,2024-12-24 17:44:17,2024-12-31 13:24:36,8
9000003704,1000006472,20241223,1129,1,,4,Correo Argentino,DELIVERED,2024-12-24 16:41:04,2024-12-31 18:09:57,8
9000003705,1000006474,20241223,1851,1,,4,Correo Argentino,CANCELLED,,,
9000003706,1000006476,20241223,2188,1,,2,Correo Argentino,DELIVERED,2024-12-26 17:52:44,2024-12-30 09:57:51,7
9000003707,1000006477,20241223,2187,1,,3,Correo Argentino,DELIVERED,2024-12-24 16:57:45,2025-01-03 18:36:44,11
9000003708,1000006478,20241223,330,1,,1,Correo Argentino,DELIVERED,2024-12-24 16:14:09,2024-12-27 10:02:47,4
9000003709,1000006479,20241224,2189,1,,4,Correo Argentino,DELIVERED,2024-12-24 16:34:05,2025-01-02 15:45:24,9
9000003710,1000006480,20241224,1172,1,,4,Correo Argentino,DELIVERED,2024-12-24 16:52:33,2025-01-02 12:35:29,9
9000003711,1000006481,20241224,2047,1,,2,Correo Argentino,DELIVERED,2024-12-24 16:35:58,2024-12-31 09:13:33,7
9000003712,1000006482,20241224,2190,1,,1,Correo Argentino,DELIVERED,2024-12-24 18:35:09,2024-12-31 15:17:43,7
9000003713,1000006483,20241224,1794,1,,3,Correo Argentino,DELIVERED,2024-12-24 16:46:52,2025-01-02 10:19:43,9
9000003714,1000006484,20241224,1650,1,,1,Correo Argentino,DELIVERED,2024-12-26 16:38:57,2024-12-30 09:27:23,6
9000003715,1000006485,20241224,122,1,,2,Correo Argentino,DELIVERED,2024-12-24 16:11:12,2025-01-02 18:21:19,9
9000003716,1000006487,20241224,696,1,,3,Correo Argentino,DELIVERED,2024-12-26 17:55:01,2024-12-31 11:11:57,7
9000003717,1000006489,20241224,1237,1,,1,Correo Argentino,CANCELLED,,,
9000003718,1000006490,20241224,165,1,,2,Correo Argentino,DELIVERED,2024-12-24 17:14:28,2025-01-02 09:38:20,9
9000003719,1000006492,20241224,2193,1,,1,Correo Argentino,DELIVERED,2024-12-26 16:52:35,2024-12-27 16:24:01,3
9000003720,1000006494,20241224,2194,1,,1,Correo Argentino,DELIVERED,2024-12-26 16:47:59,2024-12-30 10:30:12,6
9000003722,1000006500,20241224,2071,1,,1,Correo Argentino,DELIVERED,2024-12-26 18:27:04,2024-12-30 10:20:24,6
9000003723,1000006504,20241224,2197,1,,2,Correo Argentino,DELIVERED,2024-12-26 16:25:26,2024-12-31 19:50:05,7
9000003724,1000006507,20241224,1329,1,,1,Correo Argentino,DELIVERED,2024-12-26 17:30:36,2024-12-27 09:00:25,3
9000003726,1000006511,20241224,2201,1,,1,Correo Argentino,DELIVERED,2024-12-26 18:10:31,2024-12-30 11:45:20,6
9000003727,1000006512,20241224,2117,1,,3,Correo Argentino,DELIVERED,2024-12-26 16:06:48,2025-01-02 14:05:41,9
9000003728,1000006513,20241224,2202,1,,4,Correo Argentino,DELIVERED,2024-12-26 18:46:30,2024-12-31 12:41:55,7
9000003729,1000006515,20241224,1515,1,,1,Correo Argentino,DELIVERED,2024-12-26 16:05:30,2024-12-31 09:23:12,7
9000003730,1000006516,20241224,1068,1,,1,Correo Argentino,DELIVERED,2024-12-26 17:58:44,2024-12-30 19:24:05,6
9000003731,1000006517,20241224,2203,1,,2,Correo Argentino,DELIVERED,2024-12-26 17:28:43,2025-01-02 09:03:55,9
9000003732,1000006518,20241224,1870,1,,3,Correo Argentino,DELIVERED,2024-12-26 18:10:35,2025-01-02 11:14:18,9
9000003733,1000006519,20241224,1991,1,,2,Correo Argentino,DELIVERED,2024-12-26 18:02:04,2025-01-03 09:24:39,10
9000003734,1000006520,20241225,1921,1,,4,Correo Argentino,DELIVERED,2024-12-26 18:25:23,2025-01-02 19:20:55,8
9000003735,1000006521,20241225,2204,1,,3,Correo Argentino,DELIVERED,2024-12-26 16:09:51,2024-12-30 19:35:54,5
9000003736,1000006522,20241225,1685,1,,3,Correo Argentino,DELIVERED,2024-12-26 17:13:45,2025-01-02 09:49:37,8
9000003737,1000006523,20241225,11,1,,2,Correo Argentino,DELIVERED,2024-12-26 16:46:39,2024-12-31 16:49:51,6
9000003738,1000006524,20241225,1724,1,,1,Correo Argentino,DELIVERED,2024-12-26 16:50:46,2024-12-30 18:06:32,5
9000003739,1000006525,20241225,2205,1,,1,Correo Argentino,DELIVERED,2024-12-26 16:28:34,2024-12-30 18:32:05,5
9000003740,1000006526,20241225,1876,1,,1,Correo Argentino,DELIVERED,2024-12-26 17:19:31,2024-12-31 09:59:06,6
9000003741,1000006527,20241225,1389,1,,1,Correo Argentino,DELIVERED,2024-12-26 18:59:01,2024-12-27 14:24:42,2
9000003742,1000006528,20241225,764,1,,1,Correo Argentino,DELIVERED,2024-12-26 17:37:11,2024-12-30 16:51:21,5
9000003743,1000006529,20241225,2114,1,,1,Correo Argentino,DELIVERED,2024-12-26 16:41:20,2024-12-31 12:46:46,6
9000003744,1000006530,20241225,1313,1,,2,Correo Argentino,DELIVERED,2024-12-26 18:09:45,2024-12-30 17:08:44,5
9000003745,1000006531,20241226,1835,1,,3,Correo Argentino,DELIVERED,2024-12-26 16:43:57,2025-01-02 09:26:22,7
9000003746,1000006532,20241226,496,1,,1,Correo Argentino,DELIVERED,2024-12-26 16:37:02,2024-12-30 11:57:53,4
9000003747,1000006533,20241226,2206,1,,1,Correo Argentino,DELIVERED,2024-12-26 17:23:16,2024-12-31 11:19:18,5
9000003748,1000006535,20241226,1624,1,,2,Correo Argentino,DELIVERED,2024-12-27 18:42:41,2025-01-02 11:49:34,7
9000003749,1000006536,20241226,1944,1,,1,Correo Argentino,DELIVERED,2024-12-27 18:51:02,2024-12-31 18:49:00,5
9000003750,1000006541,20241226,2208,1,,1,Correo Argentino,DELIVERED,2024-12-27 16:41:05,2024-12-30 11:22:05,4
9000003751,1000006543,20241226,457,1,,4,Correo Argentino,DELIVERED,2024-12-27 18:22:13,2024-12-31 13:33:03,5
9000003752,1000006544,20241226,2209,1,,4,Correo Argentino,DELIVERED,2024-12-27 17:35:38,2024-12-31 09:56:24,5
9000003753,1000006545,20241226,759,1,,1,Correo Argentino,DELIVERED,2024-12-27 16:17:00,2024-12-30 13:11:39,4
9000003754,1000006546,20241227,2210,1,,1,Correo Argentino,DELIVERED,2024-12-27 17:24:49,2024-12-31 19:04:18,4
9000003755,1000006547,20241227,633,1,,3,Correo Argentino,DELIVERED,2024-12-27 16:56:55,2025-01-03 10:54:03,7
9000003756,1000006551,20241227,2213,1,,1,Correo Argentino,DELIVERED,2024-12-30 18:00:24,2024-12-31 16:29:52,4
9000003757,1000006555,20241227,1294,1,,1,Correo Argentino,DELIVERED,2024-12-30 16:09:50,2025-01-02 11:58:30,6
9000003758,1000006556,20241227,2216,1,,2,Correo Argentino,DELIVERED,2024-12-30 16:49:57,2025-01-02 14:42:44,6
9000003759,1000006558,20241227,2217,1,,3,Correo Argentino,DELIVERED,2024-12-30 17:43:20,2025-01-06 09:00:04,10
9000003760,1000006559,20241227,1654,1,,4,Correo Argentino,DELIVERED,2024-12-30 18:46:31,2025-01-06 14:11:03,10
9000003761,1000006560,20241227,2218,1,,1,Correo Argentino,DELIVERED,2024-12-30 16:52:35,2025-01-02 17:11:43,6
9000003762,1000006563,20241227,547,1,,1,Correo Argentino,DELIVERED,2024-12-30 17:21:25,2025-01-02 14:20:28,6
9000003763,1000006564,20241227,1169,1,,4,Correo Argentino,DELIVERED,2024-12-30 17:28:49,2025-01-03 11:27:03,7
9000003764,1000006565,20241227,1038,1,,1,Correo Argentino,DELIVERED,2024-12-30 16:21:56,2025-01-02 11:00:39,6
9000003765,1000006566,20241227,1637,1,,1,Correo Argentino,DELIVERED,2024-12-30 18:30:52,2025-01-02 19:22:13,6
9000003766,1000006567,20241227,756,1,,2,Correo Argentino,DELIVERED,2024-12-30 17:26:25,2025-01-06 16:53:40,10
9000003767,1000006568,20241227,2221,1,,3,Correo Argentino,DELIVERED,2024-12-30 16:07:11,2025-01-03 17:56:15,7
9000003768,1000006569,20241228,2222,1,,3,Correo Argentino,DELIVERED,2024-12-30 18:47:35,2025-01-06 11:59:25,9
9000003769,1000006573,20241228,952,1,,1,Correo Argentino,DELIVERED,2024-12-30 16:29:27,2024-12-31 12:35:28,3
9000003771,1000006580,20241228,1538,1,,2,Correo Argentino,DELIVERED,2024-12-30 18:21:39,2025-01-03 12:12:22,6
9000003772,1000006583,20241228,2226,1,,1,Correo Argentino,DELIVERED,2024-12-30 16:42:25,2024-12-31 18:41:38,3
9000003773,1000006588,20241228,869,1,,1,Correo Argentino,DELIVERED,2024-12-30 18:35:03,2024-12-31 19:25:28,3
9000003774,1000006589,20241228,373,1,,4,Correo Argentino,CANCELLED,,,
9000003775,1000006592,20241228,2227,1,,1,Correo Argentino,DELIVERED,2024-12-30 16:56:02,2025-01-02 19:12:10,5
9000003776,1000006593,20241228,1117,1,,1,Correo Argentino,DELIVERED,2024-12-30 16:57:08,2025-01-02 14:04:18,5
9000003777,1000006594,20241228,2229,1,,1,Correo Argentino,DELIVERED,2024-12-30 18:24:09,2024-12-31 13:54:24,3
9000003778,1000006595,20241228,2230,1,,1,Correo Argentino,DELIVERED,2024-12-30 16:41:31,2024-12-31 10:55:00,3
9000003779,1000006596,20241228,1570,1,,1,Correo Argentino,DELIVERED,2024-12-30 18:41:40,2024-12-31 13:36:59,3
9000003780,1000006597,20241229,1916,1,,1,Correo Argentino,DELIVERED,2024-12-30 17:52:51,2025-01-03 13:59:06,5
9000003781,1000006598,20241229,2087,1,,1,Correo Argentino,DELIVERED,2024-12-30 17:18:18,2024-12-31 11:39:45,2
9000003782,1000006599,20241229,2232,1,,2,Correo Argentino,DELIVERED,2024-12-30 17:10:29,2025-01-03 18:34:17,5
9000003783,1000006600,20241229,420,1,,1,Correo Argentino,DELIVERED,2024-12-30 17:00:32,2024-12-31 13:35:11,2
9000003784,1000006601,20241229,1636,1,,3,Correo Argentino,DELIVERED,2024-12-30 16:58:06,2025-01-03 13:45:04,5
9000003785,1000006602,20241229,125,1,,3,Correo Argentino,DELIVERED,2024-12-30 18:41:00,2025-01-03 12:29:29,5
9000003786,1000006603,20241229,2234,1,,1,Correo Argentino,DELIVERED,2024-12-30 16:10:26,2024-12-31 16:29:28,2
9000003787,1000006604,20241229,2235,1,,2,Correo Argentino,DELIVERED,2024-12-30 18:17:07,2025-01-03 18:47:25,5
9000003788,1000006606,20241230,1057,1,,3,Correo Argentino,DELIVERED,2024-12-30 17:46:22,2025-01-02 12:07:49,3
9000003789,1000006610,20241230,2237,1,,1,Correo Argentino,DELIVERED,2024-12-30 16:53:50,2024-12-31 09:14:25,1
9000003790,1000006611,20241230,2238,1,,2,Correo Argentino,DELIVERED,2024-12-30 18:44:04,2025-01-07 18:24:42,8
9000003791,1000006613,20241230,359,1,,2,Correo Argentino,DELIVERED,2025-01-02 18:15:02,2025-01-06 19:57:02,7
9000003792,1000006614,20241230,65,1,,1,Correo Argentino,DELIVERED,2024-12-31 18:48:18,2025-01-02 19:55:18,3
9000003793,1000006615,20241230,1663,1,,4,Correo Argentino,DELIVERED,2024-12-31 18:52:32,2025-01-08 13:27:39,9
9000003794,1000006618,20241230,1448,1,,3,Correo Argentino,DELIVERED,2024-12-31 18:31:54,2025-01-03 11:48:29,4
9000003795,1000006619,20241230,1125,1,,2,Correo Argentino,DELIVERED,2024-12-31 18:29:03,2025-01-06 11:49:02,7
9000003796,1000006620,20241230,636,1,,4,Correo Argentino,DELIVERED,2024-12-31 17:44:30,2025-01-03 10:08:52,4
9000003797,1000006621,20241230,1827,1,,3,Correo Argentino,DELIVERED,2024-12-31 18:08:56,2025-01-03 15:07:57,4
9000003798,1000006622,20241231,1054,1,,1,Correo Argentino,DELIVERED,2024-12-31 16:34:10,2025-01-06 13:43:18,6
9000003799,1000006624,20241231,1885,1,,4,Correo Argentino,DELIVERED,2024-12-31 17:58:22,2025-01-06 18:07:52,6
9000003800,1000006625,20241231,1905,1,,4,Correo Argentino,DELIVERED,2025-01-02 16:53:08,2025-01-07 10:51:11,7
9000003802,1000006631,20241231,708,1,,1,Correo Argentino,DELIVERED,2025-01-02 17:40:00,2025-01-03 09:10:53,3
9000003803,1000006634,20241231,1955,1,,1,Correo Argentino,DELIVERED,2025-01-02 16:10:40,2025-01-06 12:05:49,6
9000003804,1000006635,20241231,1142,1,,4,Correo Argentino,DELIVERED,2025-01-02 18:10:55,2025-01-08 13:51:36,8
9000003805,1000006636,20241231,1286,1,,1,Correo Argentino,DELIVERED,2025-01-02 16:18:40,2025-01-06 19:09:45,6
9000003806,1000006637,20241231,2242,1,,1,Correo Argentino,DELIVERED,2025-01-02 18:18:07,2025-01-03 10:34:55,3
9000003807,1000006638,20250101,335,1,,4,Correo Argentino,DELIVERED,2025-01-02 17:26:16,2025-01-07 17:23:47,6
9000003808,1000006639,20250101,1449,1,,1,Correo Argentino,DELIVERED,2025-01-06 17:59:09,2025-01-08 12:38:09,7
9000003809,1000006640,20250101,622,1,,2,Correo Argentino,DELIVERED,2025-01-02 16:14:40,2025-01-09 19:06:05,8
9000003810,1000006641,20250101,1135,1,,1,Correo Argentino,DELIVERED,2025-01-02 17:31:58,2025-01-06 19:08:57,5
9000003811,1000006642,20250101,2102,1,,2,Correo Argentino,DELIVERED,2025-01-02 16:48:48,2025-01-06 15:49:44,5
9000003812,1000006643,20250101,179,1,,3,Correo Argentino,DELIVERED,2025-01-02 17:56:19,2025-01-06 15:10:28,5
9000003813,1000006645,20250101,2243,1,,4,Correo Argentino,DELIVERED,2025-01-02 17:37:12,2025-01-08 09:36:02,7
9000003814,1000006646,20250101,2244,1,,4,Correo Argentino,DELIVERED,2025-01-02 16:18:28,2025-01-07 10:52:28,6
9000003815,1000006647,20250101,1118,1,,1,Correo Argentino,DELIVERED,2025-01-02 18:40:17,2025-01-07 12:40:07,6
9000003816,1000006648,20250101,1360,1,,1,Correo Argentino,DELIVERED,2025-01-02 17:27:52,2025-01-03 14:21:57,2
9000003817,1000006649,20250101,2245,1,,3,Correo Argentino,DELIVERED,2025-01-02 16:10:54,2025-01-07 17:35:43,6
9000003818,1000006650,20250101,1285,1,,3,Correo Argentino,DELIVERED,2025-01-02 16:48:35,2025-01-07 16:54:46,6
9000003819,1000006651,20250101,998,1,,1,Correo Argentino,DELIVERED,2025-01-02 18:54:00,2025-01-06 13:31:15,5
9000003820,1000006652,20250101,2246,1,,2,Correo Argentino,DELIVERED,2025-01-02 16:52:29,2025-01-08 13:17:48,7
9000003821,1000006653,20250102,1400,1,,3,Correo Argentino,DELIVERED,2025-01-02 16:26:10,2025-01-08 14:42:31,6
9000003822,1000006654,20250102,210,1,,1,Correo Argentino,DELIVERED,2025-01-02 16:32:01,2025-01-06 14:50:47,4
9000003823,1000006656,20250102,1256,1,,1,Correo Argentino,DELIVERED,2025-01-02 16:04:49,2025-01-03 17:06:53,1
9000003824,1000006658,20250102,2248,1,,1,Correo Argentino,DELIVERED,2025-01-02 18:18:33,2025-01-06 15:19:05,4
9000003825,1000006659,20250102,374,1,,1,Correo Argentino,DELIVERED,2025-01-03 17:50:08,2025-01-07 09:43:52,5
9000003826,1000006660,20250102,1404,1,,4,Correo Argentino,DELIVERED,2025-01-02 18:30:55,2025-01-07 15:22:56,5
9000003827,1000006661,20250102,351,1,,1,Correo Argentino,DELIVERED,2025-01-03 18:11:56,2025-01-07 18:16:24,5
9000003828,1000006664,20250102,644,1,,2,Correo Argentino,DELIVERED,2025-01-03 16:33:52,2025-01-08 17:52:06,6
9000003829,1000006669,20250102,513,1,,2,Correo Argentino,DELIVERED,2025-01-03 18:49:33,2025-01-09 10:05:48,7
9000003830,1000006671,20250102,1253,1,,3,Correo Argentino,DELIVERED,2025-01-03 17:14:58,2025-01-08 13:27:09,6
9000003831,1000006673,20250102,1595,1,,2,Correo Argentino,DELIVERED,2025-01-03 16:04:11,2025-01-08 12:59:02,6
9000003832,1000006674,20250103,1247,1,,1,Correo Argentino,DELIVERED,2025-01-03 16:32:32,2025-01-07 15:16:50,4
9000003833,1000006678,20250103,2254,1,,1,Correo Argentino,DELIVERED,2025-01-03 18:51:00,2025-01-06 11:40:00,3
9000003834,1000006687,20250103,1980,1,,3,Correo Argentino,DELIVERED,2025-01-06 16:28:31,2025-01-09 13:59:26,6
9000003835,1000006689,20250103,543,1,,2,Correo Argentino,DELIVERED,2025-01-06 18:52:56,2025-01-09 18:08:00,6
9000003836,1000006691,20250103,2187,1,,3,Correo Argentino,DELIVERED,2025-01-06 17:48:54,2025-01-09 17:49:58,6
9000003837,1000006692,20250103,1257,1,,2,Correo Argentino,DELIVERED,2025-01-06 18:19:25,2025-01-08 16:53:36,5
9000003838,1000006693,20250104,108,1,,3,Correo Argentino,DELIVERED,2025-01-06 16:35:57,2025-01-10 13:14:46,6
9000003839,1000006694,20250104,2258,1,,1,Correo Argentino,DELIVERED,2025-01-06 18:43:37,2025-01-08 19:32:45,4
9000003840,1000006695,20250104,1802,1,,4,Correo Argentino,DELIVERED,2025-01-06 17:16:38,2025-01-08 14:53:19,4
9000003841,1000006697,20250104,2260,1,,4,Correo Argentino,DELIVERED,2025-01-06 17:34:42,2025-01-09 18:45:12,5
9000003842,1000006702,20250104,2262,1,,2,Correo Argentino,DELIVERED,2025-01-06 17:28:04,2025-01-08 18:36:38,4
9000003843,1000006704,20250104,1466,1,,2,Correo Argentino,DELIVERED,2025-01-06 18:21:50,2025-01-10 16:35:26,6
9000003844,1000006712,20250104,2265,1,,3,Correo Argentino,DELIVERED,2025-01-06 16:31:32,2025-01-09 14:18:06,5
9000003846,1000006715,20250104,2267,1,,1,Correo Argentino,DELIVERED,2025-01-06 16:54:45,2025-01-08 13:19:57,4
9000003847,1000006717,20250104,1365,1,,3,Correo Argentino,DELIVERED,2025-01-06 16:04:41,2025-01-10 11:19:23,6
9000003848,1000006718,20250104,16,1,,3,Correo Argentino,DELIVERED,2025-01-06 17:01:48,2025-01-09 10:30:20,5
9000003849,1000006719,20250104,1359,1,,4,Correo Argentino,DELIVERED,2025-01-06 18:45:32,2025-01-10 16:04:16,6
9000003850,1000006720,20250104,58,1,,1,Correo Argentino,DELIVERED,2025-01-06 18:04:58,2025-01-09 19:51:24,5
9000003851,1000006721,20250104,785,1,,1,Correo Argentino,DELIVERED,2025-01-06 17:35:21,2025-01-07 14:29:39,3
9000003852,1000006723,20250105,1437,1,,3,Correo Argentino,DELIVERED,2025-01-06 17:26:17,2025-01-08 15:23:50,3
9000003853,1000006724,20250105,1248,1,,3,Correo Argentino,CANCELLED,,,
9000003854,1000006725,20250105,1967,1,,1,Correo Argentino,DELIVERED,2025-01-06 17:18:12,2025-01-08 12:04:55,3
9000003855,1000006727,20250105,1175,1,,1,Correo Argentino,DELIVERED,2025-01-06 18:22:17,2025-01-07 14:24:21,2
9000003856,1000006728,20250105,1580,1,,1,Correo Argentino,DELIVERED,2025-01-06 16:21:45,2025-01-07 18:08:37,2
9000003857,1000006729,20250105,751,1,,3,Correo Argentino,DELIVERED,2025-01-06 18:43:15,2025-01-08 14:25:27,3
9000003858,1000006730,20250105,1510,1,,3,Correo Argentino,DELIVERED,2025-01-06 16:17:57,2025-01-13 11:22:06,8
9000003859,1000006731,20250105,1949,1,,1,Correo Argentino,DELIVERED,2025-01-06 18:19:22,2025-01-08 13:58:11,3
9000003860,1000006732,20250105,2269,1,,1,Correo Argentino,DELIVERED,2025-01-06 18:35:32,2025-01-07 15:39:25,2
9000003861,1000006733,20250105,1145,1,,1,Correo Argentino,DELIVERED,2025-01-06 18:15:08,2025-01-07 16:17:11,2
9000003862,1000006734,20250105,1465,1,,3,Correo Argentino,DELIVERED,2025-01-06 16:20:12,2025-01-08 11:46:15,3
9000003863,1000006735,20250105,567,1,,1,Correo Argentino,DELIVERED,2025-01-06 17:30:50,2025-01-07 16:29:21,2
9000003864,1000006736,20250105,1244,1,,1,Correo Argentino,DELIVERED,2025-01-06 16:34:32,2025-01-07 10:34:14,2
9000003865,1000006737,20250105,2097,1,,1,Correo Argentino,DELIVERED,2025-01-06 16:04:54,2025-01-08 14:07:25,3
9000003866,1000006738,20250105,1903,1,,2,Correo Argentino,DELIVERED,2025-01-06 16:52:01,2025-01-10 09:04:22,5
9000003867,1000006739,20250105,671,1,,1,Correo Argentino,DELIVERED,2025-01-06 17:57:17,2025-01-09 11:24:45,4
9000003868,1000006741,20250106,2270,1,,1,Correo Argentino,DELIVERED,2025-01-06 17:57:29,2025-01-08 16:14:06,2
9000003869,1000006742,20250106,1865,1,,2,Correo Argentino,DELIVERED,2025-01-06 17:10:44,2025-01-09 15:19:36,3
9000003870,1000006743,20250106,1660,1,,2,Correo Argentino,DELIVERED,2025-01-06 17:49:27,2025-01-13 10:08:40,7
9000003871,1000006744,20250106,1584,1,,1,Correo Argentino,DELIVERED,2025-01-06 16:21:36,2025-01-07 19:48:31,1
9000003872,1000006745,20250106,2060,1,,1,Correo Argentino,DELIVERED,2025-01-06 16:10:26,2025-01-07 09:41:19,1
9000003873,1000006750,20250106,2,1,,3,Correo Argentino,DELIVERED,2025-01-07 18:12:25,2025-01-09 09:50:18,3
9000003874,1000006751,20250106,2273,1,,1,Correo Argentino,DELIVERED,2025-01-07 18:29:37,2025-01-09 12:24:24,3
9000003875,1000006753,20250106,2274,1,,3,Correo Argentino,DELIVERED,2025-01-07 16:35:16,2025-01-13 19:43:00,7
9000003877,1000006759,20250106,284,1,,3,Correo Argentino,DELIVERED,2025-01-08 16:35:44,2025-01-10 18:01:44,4
9000003878,1000006760,20250106,586,1,,1,Correo Argentino,DELIVERED,2025-01-07 18:20:12,2025-01-10 13:53:09,4
9000003879,1000006761,20250106,1304,1,,2,Correo Argentino,DELIVERED,2025-01-07 18:23:48,2025-01-10 15:07:39,4
9000003880,1000006762,20250106,1143,1,,4,Correo Argentino,DELIVERED,2025-01-07 18:06:29,2025-01-10 11:07:06,4
9000003881,1000006763,20250107,2278,1,,1,Correo Argentino,DELIVERED,2025-01-07 17:37:33,2025-01-08 13:33:31,1
9000003882,1000006764,20250107,2277,1,,1,Correo Argentino,DELIVERED,2025-01-07 18:16:59,2025-01-09 11:17:41,2
9000003883,1000006765,20250107,344,1,,2,Correo Argentino,DELIVERED,2025-01-07 16:33:37,2025-01-10 11:50:28,3
9000003884,1000006766,20250107,2279,1,,4,Correo Argentino,DELIVERED,2025-01-07 18:47:57,2025-01-13 15:29:45,6
9000003885,1000006767,20250107,639,1,,1,Correo Argentino,DELIVERED,2025-01-07 16:56:09,2025-01-09 09:01:23,2
9000003886,1000006768,20250107,1606,1,,2,Correo Argentino,DELIVERED,2025-01-07 18:46:16,2025-01-10 18:45:45,3
9000003887,1000006770,20250107,1605,1,,4,Correo Argentino,DELIVERED,2025-01-07 16:49:43,2025-01-10 11:02:56,3
9000003888,1000006771,20250107,2280,1,,3,Correo Argentino,DELIVERED,2025-01-08 18:59:13,2025-01-14 10:36:22,7
9000003889,1000006773,20250107,1505,1,,1,Correo Argentino,DELIVERED,2025-01-08 16:31:49,2025-01-10 17:30:29,3
9000003890,1000006776,20250107,2281,1,,2,Correo Argentino,DELIVERED,2025-01-08 17:50:35,2025-01-14 09:09:47,7
9000003891,1000006778,20250107,2282,1,,1,Correo Argentino,DELIVERED,2025-01-08 16:46:00,2025-01-10 11:46:07,3
9000003892,1000006779,20250107,2283,1,,1,Correo Argentino,DELIVERED,2025-01-08 16:40:27,2025-01-10 11:04:22,3
9000003893,1000006780,20250107,2076,1,,1,Correo Argentino,DELIVERED,2025-01-08 18:42:43,2025-01-09 11:57:58,2
9000003894,1000006781,20250107,2182,1,,1,Correo Argentino,DELIVERED,2025-01-08 17:37:53,2025-01-10 10:53:27,3
9000003895,1000006782,20250107,1728,1,,1,Correo Argentino,DELIVERED,2025-01-08 17:53:08,2025-01-10 16:07:31,3
9000003896,1000006783,20250107,840,1,,2,Correo Argentino,DELIVERED,2025-01-08 16:15:48,2025-01-14 10:36:21,7
9000003897,1000006784,20250108,249,1,,3,Correo Argentino,DELIVERED,2025-01-08 17:48:13,2025-01-14 18:46:56,6
9000003898,1000006785,20250108,1537,1,,3,Correo Argentino,DELIVERED,2025-01-08 17:49:40,2025-01-14 15:29:31,6
9000003899,1000006789,20250108,2284,1,,3,Correo Argentino,DELIVERED,2025-01-08 18:50:48,2025-01-14 17:09:50,6
9000003900,1000006790,20250108,930,1,,1,Correo Argentino,DELIVERED,2025-01-08 18:34:03,2025-01-10 15:24:40,2
9000003901,1000006791,20250108,2285,1,,4,Correo Argentino,DELIVERED,2025-01-09 16:01:49,2025-01-14 12:50:51,6
9000003902,1000006792,20250108,788,1,,4,Correo Argentino,DELIVERED,2025-01-09 16:12:52,2025-01-13 17:02:40,5
9000003904,1000006796,20250108,42,1,,1,Correo Argentino,DELIVERED,2025-01-09 16:48:43,2025-01-14 15:57:45,6
9000003905,1000006798,20250108,618,1,,4,Correo Argentino,DELIVERED,2025-01-09 16:15:45,2025-01-14 19:53:10,6
9000003906,1000006802,20250108,1823,1,,4,Correo Argentino,DELIVERED,2025-01-09 18:24:17,2025-01-15 14:52:43,7
9000003907,1000006803,20250108,398,1,,1,Correo Argentino,DELIVERED,2025-01-09 16:25:53,2025-01-13 09:15:06,5
9000003908,1000006804,20250109,577,1,,2,Correo Argentino,DELIVERED,2025-01-09 16:56:00,2025-01-15 16:26:37,6
9000003909,1000006805,20250109,2288,1,,4,Correo Argentino,DELIVERED,2025-01-09 17:02:06,2025-01-15 15:07:50,6
9000003910,1000006806,20250109,1266,1,,3,Correo Argentino,DELIVERED,2025-01-09 18:01:38,2025-01-15 15:01:49,6
9000003912,1000006809,20250109,1238,1,,1,Correo Argentino,DELIVERED,2025-01-10 17:01:05,2025-01-14 18:43:10,5
9000003914,1000006811,20250109,1102,1,,1,Correo Argentino,DELIVERED,2025-01-10 18:38:50,2025-01-15 19:57:01,6
9000003915,1000006812,20250109,254,1,,2,Correo Argentino,DELIVERED,2025-01-10 17:53:05,2025-01-16 19:40:14,7
9000003916,1000006813,20250109,517,1,,4,Correo Argentino,DELIVERED,2025-01-10 17:59:43,2025-01-15 18:24:20,6
9000003917,1000006814,20250109,2186,1,,2,Correo Argentino,DELIVERED,2025-01-10 17:02:55,2025-01-15 16:40:02,6
9000003918,1000006816,20250109,2005,1,,2,Correo Argentino,DELIVERED,2025-01-10 17:16:48,2025-01-14 14:08:55,5
9000003919,1000006818,20250109,1955,1,,1,Correo Argentino,DELIVERED,2025-01-10 18:10:19,2025-01-14 12:07:33,5
9000003920,1000006820,20250109,853,1,,2,Correo Argentino,DELIVERED,2025-01-10 17:57:15,2025-01-16 11:58:15,7
9000003921,1000006821,20250110,2103,1,,4,Correo Argentino,DELIVERED,2025-01-10 16:51:04,2025-01-15 10:35:04,5
9000003923,1000006825,20250110,2289,1,,2,Correo Argentino,DELIVERED,2025-01-13 17:35:12,2025-01-15 12:25:19,5
9000003924,1000006837,20250110,27,1,,2,Correo Argentino,DELIVERED,2025-01-13 18:01:55,2025-01-17 12:44:42,7
9000003925,1000006838,20250110,2293,1,,1,Correo Argentino,DELIVERED,2025-01-13 16:22:41,2025-01-16 09:01:56,6
9000003926,1000006839,20250110,1971,1,,1,Correo Argentino,DELIVERED,2025-01-13 18:16:16,2025-01-14 15:06:50,4
9000003927,1000006840,20250110,2294,1,,3,Correo Argentino,DELIVERED,2025-01-13 18:59:02,2025-01-15 10:16:07,5
9000003928,1000006841,20250111,2295,1,,1,Correo Argentino,DELIVERED,2025-01-13 18:36:22,2025-01-15 17:27:26,4
9000003929,1000006842,20250111,2296,1,,2,Correo Argentino,DELIVERED,2025-01-13 17:03:29,2025-01-16 17:20:33,5
9000003930,1000006843,20250111,1851,1,,4,Correo Argentino,DELIVERED,2025-01-13 17:38:05,2025-01-16 13:30:44,5
9000003931,1000006857,20250111,1859,1,,3,Correo Argentino,DELIVERED,2025-01-13 18:07:02,2025-01-17 12:05:52,6
9000003932,1000006858,20250111,15,1,,1,Correo Argentino,DELIVERED,2025-01-13 16:15:32,2025-01-14 18:42:49,3
9000003933,1000006860,20250111,2300,1,,1,Correo Argentino,DELIVERED,2025-01-13 17:20:30,2025-01-15 10:50:49,4
9000003934,1000006861,20250112,2301,1,,2,Correo Argentino,DELIVERED,2025-01-13 16:14:08,2025-01-17 19:17:34,5
9000003935,1000006862,20250112,2079,1,,1,Correo Argentino,DELIVERED,2025-01-13 16:50:05,2025-01-14 10:11:58,2
9000003936,1000006863,20250112,2302,1,,3,Correo Argentino,DELIVERED,2025-01-13 18:34:49,2025-01-16 09:28:06,4
9000003937,1000006864,20250112,308,1,,2,Correo Argentino,DELIVERED,2025-01-15 17:43:37,2025-01-17 13:00:32,5
9000003938,1000006865,20250112,480,1,,3,Correo Argentino,DELIVERED,2025-01-13 18:45:41,2025-01-16 16:59:32,4
9000003939,1000006866,20250112,1350,1,,3,Correo Argentino,DELIVERED,2025-01-13 17:03:20,2025-01-15 19:19:11,3
9000003940,1000006867,20250112,2303,1,,1,Correo Argentino,DELIVERED,2025-01-13 18:29:20,2025-01-15 16:40:34,3
9000003941,1000006868,20250112,1776,1,,3,Correo Argentino,DELIVERED,2025-01-13 17:11:52,2025-01-17 15:53:53,5
9000003942,1000006869,20250112,969,1,,2,Correo Argentino,DELIVERED,2025-01-13 17:09:40,2025-01-17 14:47:21,5
9000003943,1000006870,20250112,1600,1,,4,Correo Argentino,DELIVERED,2025-01-13 18:56:44,2025-01-17 17:35:50,5
9000003944,1000006871,20250112,161,1,,2,Correo Argentino,DELIVERED,2025-01-14 17:08:51,2025-01-16 19:17:20,4
9000003945,1000006872,20250112,2305,1,,3,Correo Argentino,DELIVERED,2025-01-13 18:06:31,2025-01-17 19:06:05,5
9000003946,1000006873,20250112,1375,1,,1,Correo Argentino,DELIVERED,2025-01-13 16:46:55,2025-01-15 13:59:26,3
9000003947,1000006874,20250112,545,1,,3,Correo Argentino,DELIVERED,2025-01-13 18:48:40,2025-01-17 09:56:41,5
9000003948,1000006875,20250112,630,1,,4,Correo Argentino,DELIVERED,2025-01-13 18:31:42,2025-01-17 17:18:53,5
9000003949,1000006876,20250113,2019,1,,1,Correo Argentino,DELIVERED,2025-01-13 16:45:16,2025-01-14 11:17:01,1
9000003950,1000006878,20250113,1992,1,,1,Correo Argentino,DELIVERED,2025-01-13 17:27:50,2025-01-15 13:04:40,2
9000003951,1000006879,20250113,2306,1,,1,Correo Argentino,DELIVERED,2025-01-13 17:36:13,2025-01-16 11:29:00,3
9000003952,1000006883,20250113,1526,1,,1,Correo Argentino,DELIVERED,2025-01-14 18:15:32,2025-01-16 19:31:25,3
9000003954,1000006891,20250113,2307,1,,1,Correo Argentino,DELIVERED,2025-01-14 16:48:07,2025-01-16 12:39:05,3
9000003955,1000006894,20250113,705,1,,2,Correo Argentino,DELIVERED,2025-01-14 17:28:53,2025-01-20 10:07:37,7
9000003956,1000006895,20250113,696,1,,3,Correo Argentino,DELIVERED,2025-01-14 16:50:25,2025-01-17 10:03:51,4
9000003957,1000006896,20250113,2059,1,,3,Correo Argentino,DELIVERED,2025-01-14 18:29:13,2025-01-16 19:06:25,3
9000003958,1000006897,20250113,2308,1,,1,Correo Argentino,DELIVERED,2025-01-14 18:00:52,2025-01-15 14:53:39,2
9000003959,1000006898,20250113,1876,1,,1,Correo Argentino,DELIVERED,2025-01-14 18:37:17,2025-01-16 18:22:10,3
9000003960,1000006899,20250114,1915,1,,4,Correo Argentino,DELIVERED,2025-01-14 17:05:12,2025-01-17 11:59:10,3
9000003961,1000006900,20250114,2139,1,,1,Correo Argentino,DELIVERED,2025-01-14 16:27:43,2025-01-16 17:59:50,2
9000003962,1000006901,20250114,438,1,,1,Correo Argentino,DELIVERED,2025-01-14 16:05:56,2025-01-16 10:58:41,2
9000003963,1000006902,20250114,1273,1,,2,Correo Argentino,DELIVERED,2025-01-14 18:14:05,2025-01-17 10:56:08,3
9000003964,1000006903,20250114,889,1,,1,Correo Argentino,DELIVERED,2025-01-14 17:29:32,2025-01-16 16:45:20,2
9000003965,1000006906,20250114,593,1,,4,Correo Argentino,DELIVERED,2025-01-15 18:58:47,2025-01-21 16:30:28,7
9000003966,1000006907,20250114,463,1,,3,Correo Argentino,DELIVERED,2025-01-15 17:09:55,2025-01-17 15:07:19,3
9000003967,1000006908,20250114,2310,1,,1,Correo Argentino,DELIVERED,2025-01-15 18:35:27,2025-01-17 15:29:04,3
9000003968,1000006910,20250114,1393,1,,4,Correo Argentino,DELIVERED,2025-01-15 18:58:15,2025-01-22 17:21:53,8
9000003969,1000006913,20250114,1135,1,,1,Correo Argentino,DELIVERED,2025-01-15 18:42:35,2025-01-16 10:18:24,2
9000003970,1000006919,20250114,1845,1,,4,Correo Argentino,DELIVERED,2025-01-15 17:17:06,2025-01-20 11:16:06,6
9000003971,1000006923,20250115,2314,1,,3,Correo Argentino,DELIVERED,2025-01-15 17:00:15,2025-01-21 09:40:09,6
9000003972,1000006924,20250115,1847,1,,1,Correo Argentino,DELIVERED,2025-01-15 18:59:15,2025-01-16 10:40:22,1
9000003973,1000006925,20250115,1885,1,,4,Correo Argentino,DELIVERED,2025-01-15 17:29:12,2025-01-21 12:41:19,6
9000003974,1000006928,20250115,2105,1,,1,Correo Argentino,DELIVERED,2025-01-16 17:39:29,2025-01-20 10:35:59,5
9000003975,1000006930,20250115,1109,1,,4,Correo Argentino,CANCELLED,,,
9000003976,1000006931,20250115,2316,1,,4,Correo Argentino,DELIVERED,2025-01-16 17:11:06,2025-01-22 13:52:22,7
9000003977,1000006938,20250115,991,1,,1,Correo Argentino,DELIVERED,2025-01-16 18:18:47,2025-01-17 18:59:15,2
9000003978,1000006942,20250115,1824,1,,4,Correo Argentino,DELIVERED,2025-01-16 18:35:43,2025-01-22 15:07:00,7
9000003979,1000006943,20250116,505,1,,1,Correo Argentino,CANCELLED,,,
9000003980,1000006944,20250116,995,1,,3,Correo Argentino,DELIVERED,2025-01-16 17:57:35,2025-01-21 12:24:10,5
9000003981,1000006948,20250116,1604,1,,2,Correo Argentino,DELIVERED,2025-01-17 17:26:05,2025-01-24 10:37:11,8
9000003982,1000006949,20250116,2320,1,,2,Correo Argentino,DELIVERED,2025-01-17 17:41:31,2025-01-23 15:29:44,7
9000003983,1000006950,20250116,1523,1,,2,Correo Argentino,DELIVERED,2025-01-17 18:20:46,2025-01-21 11:57:31,5
9000003984,1000006955,20250116,2322,1,,1,Correo Argentino,DELIVERED,2025-01-17 16:51:04,2025-01-21 11:44:11,5
9000003985,1000006957,20250116,1884,1,,1,Correo Argentino,DELIVERED,2025-01-17 18:30:28,2025-01-21 14:38:25,5
9000003986,1000006958,20250116,299,1,,3,Correo Argentino,DELIVERED,2025-01-17 16:52:55,2025-01-21 18:12:09,5
9000003987,1000006959,20250116,60,1,,1,Correo Argentino,DELIVERED,2025-01-17 17:37:15,2025-01-20 18:51:12,4
9000003988,1000006961,20250116,348,1,,3,Correo Argentino,DELIVERED,2025-01-17 17:51:44,2025-01-23 17:07:19,7
9000003989,1000006962,20250116,787,1,,1,Correo Argentino,DELIVERED,2025-01-17 18:54:22,2025-01-20 19:19:27,4
9000003990,1000006963,20250116,251,1,,1,Correo Argentino,DELIVERED,2025-01-17 17:01:47,2025-01-20 10:39:21,4
9000003991,1000006964,20250116,1964,1,,4,Correo Argentino,DELIVERED,2025-01-17 18:33:48,2025-01-22 16:48:22,6
9000003992,1000006966,20250116,1449,1,,1,Correo Argentino,DELIVERED,2025-01-17 17:29:49,2025-01-20 14:36:24,4
9000003993,1000006967,20250116,2323,1,,1,Correo Argentino,DELIVERED,2025-01-17 18:22:46,2025-01-20 16:52:46,4
9000003994,1000006968,20250116,2226,1,,1,Correo Argentino,DELIVERED,2025-01-17 16:04:46,2025-01-20 10:26:25,4
9000003995,1000006969,20250116,2324,1,,1,Correo Argentino,DELIVERED,2025-01-17 16:01:52,2025-01-21 18:43:00,5
9000003996,1000006970,20250116,708,1,,1,Correo Argentino,DELIVERED,2025-01-17 17:20:22,2025-01-21 13:35:14,5
9000003997,1000006972,20250117,1970,1,,3,Correo Argentino,DELIVERED,2025-01-17 16:47:12,2025-01-22 12:34:36,5
9000003998,1000006973,20250117,1785,1,,3,Correo Argentino,DELIVERED,2025-01-17 18:37:02,2025-01-21 16:27:08,4
9000003999,1000006976,20250117,394,1,,4,Correo Argentino,DELIVERED,2025-01-20 17:40:18,2025-01-23 19:28:08,6
9000004000,1000006977,20250117,2325,1,,2,Correo Argentino,DELIVERED,2025-01-20 16:54:47,2025-01-23 15:07:27,6
9000004001,1000006981,20250117,2328,1,,1,Correo Argentino,CANCELLED,,,
9000004002,1000006982,20250117,2329,1,,3,Correo Argentino,DELIVERED,2025-01-20 17:29:48,2025-01-23 19:01:33,6
9000004003,1000006988,20250117,113,1,,1,Correo Argentino,DELIVERED,2025-01-20 18:16:54,2025-01-22 15:32:41,5
9000004004,1000006989,20250117,2038,1,,4,Correo Argentino,DELIVERED,2025-01-20 16:45:17,2025-01-24 17:39:59,7
9000004005,1000006990,20250117,2330,1,,1,Correo Argentino,DELIVERED,2025-01-20 17:45:52,2025-01-22 10:45:23,5
9000004006,1000006992,20250118,2331,1,,3,Correo Argentino,DELIVERED,2025-01-20 16:24:51,2025-01-24 09:41:37,6
9000004007,1000006997,20250118,306,1,,1,Correo Argentino,DELIVERED,2025-01-20 18:38:13,2025-01-22 10:25:33,4
9000004008,1000006999,20250118,1674,1,,1,Correo Argentino,DELIVERED,2025-01-20 17:58:49,2025-01-21 10:33:19,3
9000004009,1000007002,20250118,2210,1,,1,Correo Argentino,DELIVERED,2025-01-20 16:22:50,2025-01-22 17:47:46,4
9000004010,1000007008,20250118,2093,1,,1,Correo Argentino,DELIVERED,2025-01-20 18:52:07,2025-01-21 18:33:54,3
9000004011,1000007012,20250118,1570,1,,1,Correo Argentino,DELIVERED,2025-01-20 18:57:41,2025-01-21 11:07:55,3
9000004012,1000007013,20250119,1555,1,,2,Correo Argentino,DELIVERED,2025-01-20 17:43:46,2025-01-24 19:39:25,5
9000004013,1000007014,20250119,74,1,,4,Correo Argentino,DELIVERED,2025-01-20 17:18:23,2025-01-24 16:19:48,5
9000004014,1000007015,20250119,1819,1,,4,Correo Argentino,DELIVERED,2025-01-20 18:47:37,2025-01-23 17:00:53,4
9000004015,1000007016,20250119,1988,1,,4,Correo Argentino,DELIVERED,2025-01-20 18:41:22,2025-01-22 13:06:42,3
9000004016,1000007018,20250119,2336,1,,4,Correo Argentino,DELIVERED,2025-01-20 16:04:53,2025-01-24 09:05:30,5
9000004017,1000007019,20250119,1866,1,,2,Correo Argentino,DELIVERED,2025-01-20 18:21:15,2025-01-23 11:35:10,4
9000004018,1000007020,20250119,2337,1,,3,Correo Argentino,DELIVERED,2025-01-20 18:04:00,2025-01-24 12:41:20,5
9000004019,1000007022,20250120,1637,1,,1,Correo Argentino,DELIVERED,2025-01-20 16:42:49,2025-01-22 15:40:15,2
9000004020,1000007023,20250120,2339,1,,2,Correo Argentino,DELIVERED,2025-01-20 18:55:48,2025-01-24 16:29:07,4
9000004021,1000007024,20250120,1414,1,,1,Correo Argentino,DELIVERED,2025-01-20 18:16:21,2025-01-22 17:06:42,2
9000004022,1000007025,20250120,1361,1,,1,Correo Argentino,DELIVERED,2025-01-20 17:34:53,2025-01-22 17:27:34,2
9000004023,1000007026,20250120,2340,1,,2,Correo Argentino,DELIVERED,2025-01-20 18:08:13,2025-01-23 19:22:48,3
9000004024,1000007027,20250120,2020,1,,1,Correo Argentino,DELIVERED,2025-01-20 18:35:05,2025-01-23 14:24:20,3
9000004025,1000007028,20250120,567,1,,1,Correo Argentino,DELIVERED,2025-01-21 16:37:39,2025-01-22 12:43:27,2
9000004026,1000007029,20250120,586,1,,1,Correo Argentino,DELIVERED,2025-01-21 16:58:49,2025-01-23 16:42:33,3
9000004027,1000007030,20250120,1799,1,,2,Correo Argentino,DELIVERED,2025-01-21 18:34:04,2025-01-27 17:39:15,7
9000004028,1000007031,20250120,1351,1,,2,Correo Argentino,DELIVERED,2025-01-21 16:37:44,2025-01-28 18:49:17,8
9000004029,1000007035,20250120,1150,1,,1,Correo Argentino,DELIVERED,2025-01-21 17:38:04,2025-01-22 19:33:27,2
9000004030,1000007036,20250120,2008,1,,3,Correo Argentino,DELIVERED,2025-01-21 18:41:25,2025-01-28 17:26:50,8
9000004031,1000007038,20250120,2341,1,,1,Correo Argentino,DELIVERED,2025-01-21 16:42:02,2025-01-23 15:27:31,3
9000004032,1000007039,20250120,768,1,,1,Correo Argentino,DELIVERED,2025-01-21 17:23:37,2025-01-23 12:01:26,3
9000004033,1000007041,20250120,2342,1,,3,Correo Argentino,DELIVERED,2025-01-21 17:05:30,2025-01-24 09:42:36,4
9000004034,1000007043,20250120,1834,1,,2,Correo Argentino,DELIVERED,2025-01-21 17:29:05,2025-01-24 19:08:52,4
9000004035,1000007044,20250120,2343,1,,1,Correo Argentino,DELIVERED,2025-01-21 18:35:59,2025-01-22 11:02:55,2
9000004036,1000007045,20250120,1512,1,,2,Correo Argentino,DELIVERED,2025-01-21 16:47:43,2025-01-27 15:12:27,7
9000004037,1000007046,20250121,2344,1,,1,Correo Argentino,DELIVERED,2025-01-24 16:29:51,2025-01-27 15:25:41,6
9000004038,1000007047,20250121,2345,1,,4,Correo Argentino,DELIVERED,2025-01-21 18:52:17,2025-01-27 11:00:28,6
9000004039,1000007054,20250121,2101,1,,3,Correo Argentino,DELIVERED,2025-01-27 18:13:02,2025-01-29 16:41:09,8
9000004040,1000007056,20250121,2346,1,,1,Correo Argentino,DELIVERED,2025-01-22 18:06:36,2025-01-24 17:53:46,3
9000004041,1000007057,20250121,812,1,,2,Correo Argentino,DELIVERED,2025-01-22 17:36:16,2025-01-28 14:25:18,7
9000004042,1000007059,20250121,703,1,,3,Correo Argentino,DELIVERED,2025-01-22 17:35:23,2025-01-28 15:31:06,7
9000004043,1000007061,20250121,2035,1,,4,Correo Argentino,DELIVERED,2025-01-22 16:01:40,2025-01-27 17:43:53,6
9000004044,1000007062,20250121,652,1,,1,Correo Argentino,DELIVERED,2025-01-22 18:40:23,2025-01-24 15:21:26,3
9000004045,1000007063,20250122,2348,1,,2,Correo Argentino,DELIVERED,2025-01-22 17:37:21,2025-01-27 14:11:28,5
9000004046,1000007064,20250122,2350,1,,1,Correo Argentino,DELIVERED,2025-01-22 17:57:37,2025-01-24 17:28:30,2
9000004048,1000007069,20250122,1182,1,,2,Correo Argentino,DELIVERED,2025-01-23 16:37:51,2025-01-29 19:54:41,7
9000004049,1000007070,20250122,1839,1,,4,Correo Argentino,DELIVERED,2025-01-23 17:57:40,2025-01-27 17:42:05,5
9000004050,1000007072,20250122,2352,1,,4,Correo Argentino,DELIVERED,2025-01-23 18:16:15,2025-01-28 11:46:22,6
9000004051,1000007075,20250122,2353,1,,1,Correo Argentino,DELIVERED,2025-01-23 16:46:39,2025-01-24 09:39:48,2
9000004053,1000007080,20250122,1668,1,,2,Correo Argentino,DELIVERED,2025-01-23 18:30:49,2025-01-29 16:22:12,7
9000004055,1000007083,20250122,1358,1,,1,Correo Argentino,DELIVERED,2025-01-23 17:12:53,2025-01-27 09:16:57,5
9000004056,1000007084,20250122,2357,1,,2,Correo Argentino,DELIVERED,2025-01-23 16:19:28,2025-01-28 12:46:48,6
9000004057,1000007085,20250122,161,1,,2,Correo Argentino,DELIVERED,2025-01-23 17:00:19,2025-01-30 15:03:47,8
9000004058,1000007086,20250123,1750,1,,3,Correo Argentino,DELIVERED,2025-01-23 18:00:28,2025-01-29 11:19:43,6
9000004059,1000007088,20250123,494,1,,1,Correo Argentino,DELIVERED,2025-01-23 17:15:50,2025-01-27 11:19:22,4
9000004060,1000007089,20250123,1476,1,,4,Correo Argentino,CANCELLED,,,
9000004061,1000007090,20250123,207,1,,1,Correo Argentino,DELIVERED,2025-01-23 18:44:04,2025-01-27 10:06:16,4
9000004062,1000007091,20250123,2057,1,,3,Correo Argentino,DELIVERED,2025-01-23 16:25:02,2025-01-28 19:35:26,5
9000004063,1000007092,20250123,1095,1,,1,Correo Argentino,DELIVERED,2025-01-23 17:54:18,2025-01-28 13:43:52,5
9000004064,1000007096,20250123,793,1,,2,Correo Argentino,DELIVERED,2025-01-24 18:21:33,2025-01-30 12:59:27,7
9000004065,1000007099,20250123,1007,1,,1,Correo Argentino,DELIVERED,2025-01-24 16:06:50,2025-01-29 18:14:31,6
9000004066,1000007100,20250123,2359,1,,1,Correo Argentino,DELIVERED,2025-01-24 17:29:59,2025-01-28 19:34:52,5
9000004067,1000007102,20250123,1320,1,,2,Correo Argentino,DELIVERED,2025-01-24 18:42:23,2025-01-29 14:46:29,6
9000004068,1000007103,20250123,1993,1,,3,Correo Argentino,DELIVERED,2025-01-24 17:58:32,2025-01-29 16:00:39,6
9000004069,1000007104,20250123,2054,1,,2,Correo Argentino,DELIVERED,2025-01-24 18:19:08,2025-01-29 11:43:29,6
9000004070,1000007105,20250124,1663,1,,4,Correo Argentino,DELIVERED,2025-01-24 18:00:58,2025-01-31 15:40:05,7
9000004071,1000007106,20250124,633,1,,3,Correo Argentino,DELIVERED,2025-01-24 17:24:20,2025-01-28 10:26:38,4
9000004072,1000007107,20250124,2006,1,,2,Correo Argentino,DELIVERED,2025-01-24 16:23:40,2025-01-29 13:50:42,5
9000004073,1000007108,20250124,1978,1,,1,Correo Argentino,DELIVERED,2025-01-27 18:54:59,2025-01-30 17:57:28,6
9000004074,1000007109,20250124,1371,1,,3,Correo Argentino,DELIVERED,2025-01-24 18:17:06,2025-01-30 14:52:19,6
9000004075,1000007110,20250124,993,1,,3,Correo Argentino,DELIVERED,2025-01-24 16:59:12,2025-01-30 14:21:17,6
9000004076,1000007111,20250124,706,1,,1,Correo Argentino,DELIVERED,2025-01-24 18:14:43,2025-01-28 16:59:11,4
9000004077,1000007114,20250124,1594,1,,3,Correo Argentino,DELIVERED,2025-01-27 16:19:38,2025-01-29 10:55:20,5
9000004079,1000007122,20250124,2364,1,,3,Correo Argentino,DELIVERED,2025-01-27 17:23:08,2025-01-31 10:33:58,7
9000004080,1000007123,20250124,2154,1,,1,Correo Argentino,DELIVERED,2025-01-27 17:56:04,2025-01-28 17:49:56,4
9000004081,1000007128,20250125,2058,1,,2,Correo Argentino,DELIVERED,2025-01-27 18:32:19,2025-01-29 17:30:10,4
9000004082,1000007131,20250125,300,1,,3,Correo Argentino,DELIVERED,2025-01-27 16:45:56,2025-02-03 12:15:49,9
9000004083,1000007133,20250125,617,1,,4,Correo Argentino,DELIVERED,2025-01-27 18:37:27,2025-01-29 19:35:21,4
9000004084,1000007134,20250125,2280,1,,3,Correo Argentino,DELIVERED,2025-01-27 17:40:09,2025-01-31 12:23:17,6
9000004086,1000007141,20250125,840,1,,2,Correo Argentino,DELIVERED,2025-01-27 16:44:43,2025-01-29 15:17:38,4
9000004087,1000007142,20250125,579,1,,1,Correo Argentino,DELIVERED,2025-01-27 17:51:39,2025-01-30 09:23:59,5
9000004088,1000007144,20250125,1923,1,,4,Correo Argentino,DELIVERED,2025-01-27 17:52:21,2025-01-31 18:49:17,6
9000004089,1000007145,20250125,1629,1,,3,Correo Argentino,DELIVERED,2025-01-27 16:59:29,2025-01-31 18:41:03,6
9000004090,1000007146,20250125,1485,1,,1,Correo Argentino,DELIVERED,2025-01-27 18:53:46,2025-01-28 13:16:46,3
9000004091,1000007148,20250125,1748,1,,3,Correo Argentino,DELIVERED,2025-01-27 17:48:09,2025-01-31 15:53:27,6
9000004092,1000007149,20250125,1363,1,,3,Correo Argentino,DELIVERED,2025-01-27 18:04:37,2025-01-29 11:16:07,4
9000004093,1000007150,20250125,1583,1,,1,Correo Argentino,DELIVERED,2025-01-27 16:30:28,2025-01-28 16:55:43,3
9000004094,1000007151,20250125,1408,1,,2,Correo Argentino,DELIVERED,2025-01-27 16:45:05,2025-01-29 11:13:41,4
9000004095,1000007152,20250125,1110,1,,4,Correo Argentino,DELIVERED,2025-01-27 16:02:02,2025-01-31 19:53:46,6
9000004096,1000007153,20250126,432,1,,4,Correo Argentino,DELIVERED,2025-01-27 16:33:13,2025-01-31 18:01:02,5
9000004097,1000007154,20250126,1451,1,,1,Correo Argentino,DELIVERED,2025-01-27 18:24:29,2025-01-29 17:49:12,3
9000004098,1000007155,20250126,2080,1,,1,Correo Argentino,DELIVERED,2025-01-27 16:30:06,2025-01-28 16:22:12,2
9000004099,1000007156,20250126,979,1,,2,Correo Argentino,DELIVERED,2025-01-27 18:42:11,2025-01-31 10:42:06,5
9000004100,1000007157,20250126,2369,1,,2,Correo Argentino,DELIVERED,2025-01-27 16:08:35,2025-01-29 18:33:14,3
9000004101,1000007158,20250126,618,1,,4,Correo Argentino,DELIVERED,2025-01-27 16:55:56,2025-01-31 13:11:56,5
9000004102,1000007159,20250126,1969,1,,1,Correo Argentino,DELIVERED,2025-01-27 18:57:43,2025-01-29 12:50:24,3
9000004103,1000007160,20250126,1475,1,,2,Correo Argentino,DELIVERED,2025-01-27 16:35:24,2025-01-29 10:23:50,3
9000004104,1000007161,20250126,2370,1,,1,Correo Argentino,DELIVERED,2025-01-27 17:48:18,2025-01-29 18:47:02,3
9000004105,1000007163,20250126,1753,1,,3,Correo Argentino,DELIVERED,2025-01-27 18:16:31,2025-01-31 09:10:01,5
9000004106,1000007164,20250126,982,1,,3,Correo Argentino,DELIVERED,2025-01-27 16:59:59,2025-01-31 14:55:31,5
9000004107,1000007165,20250126,1823,1,,4,Correo Argentino,DELIVERED,2025-01-27 18:17:10,2025-01-29 10:32:45,3
9000004108,1000007166,20250126,2248,1,,1,Correo Argentino,DELIVERED,2025-01-27 16:42:01,2025-01-30 19:27:53,4
9000004109,1000007167,20250127,2134,1,,2,Correo Argentino,DELIVERED,2025-01-27 18:45:11,2025-01-30 18:36:30,3
9000004110,1000007168,20250127,2148,1,,1,Correo Argentino,DELIVERED,2025-01-27 17:14:21,2025-01-28 12:23:21,1
9000004111,1000007169,20250127,572,1,,3,Correo Argentino,DELIVERED,2025-01-27 18:33:48,2025-01-29 14:25:47,2
9000004112,1000007171,20250127,648,1,,1,Correo Argentino,DELIVERED,2025-01-27 16:17:04,2025-01-29 17:33:15,2
9000004113,1000007172,20250127,1053,1,,1,Correo Argentino,DELIVERED,2025-01-29 16:07:57,2025-01-30 10:41:58,3
9000004114,1000007173,20250127,1547,1,,2,Correo Argentino,DELIVERED,2025-01-27 18:47:20,2025-02-03 13:09:13,7
9000004115,1000007176,20250127,1754,1,,1,Correo Argentino,DELIVERED,2025-01-28 16:30:08,2025-01-30 11:53:40,3
9000004116,1000007177,20250127,1813,1,,1,Correo Argentino,DELIVERED,2025-01-28 17:36:35,2025-01-30 18:44:52,3
9000004117,1000007179,20250127,2371,1,,1,Correo Argentino,DELIVERED,2025-01-28 16:51:43,2025-01-30 18:10:24,3
9000004118,1000007181,20250127,1020,1,,3,Correo Argentino,DELIVERED,2025-01-28 17:51:54,2025-01-30 10:48:42,3
9000004119,1000007182,20250127,1376,1,,3,Correo Argentino,DELIVERED,2025-01-28 16:26:59,2025-02-03 18:42:49,7
9000004120,1000007183,20250127,2372,1,,2,Correo Argentino,DELIVERED,2025-01-28 17:26:36,2025-02-03 10:03:45,7
9000004121,1000007185,20250127,1916,1,,1,Correo Argentino,DELIVERED,2025-01-28 16:12:13,2025-01-30 19:08:20,3
9000004122,1000007190,20250127,1019,1,,2,Correo Argentino,DELIVERED,2025-01-28 16:11:39,2025-01-31 13:18:18,4
9000004123,1000007191,20250128,2374,1,,1,Correo Argentino,DELIVERED,2025-01-28 17:23:16,2025-01-29 15:17:06,1
9000004124,1000007192,20250128,1941,1,,2,Correo Argentino,DELIVERED,2025-01-28 18:13:02,2025-02-03 16:19:46,6
9000004125,1000007194,20250128,2376,1,,4,Correo Argentino,DELIVERED,2025-01-28 17:42:27,2025-01-31 11:41:09,3
9000004126,1000007195,20250128,2081,1,,2,Correo Argentino,DELIVERED,2025-01-28 16:57:31,2025-01-31 19:40:52,3
9000004127,1000007196,20250128,1436,1,,4,Correo Argentino,DELIVERED,2025-01-28 17:28:21,2025-01-31 10:54:19,3
9000004128,1000007198,20250128,2113,1,,3,Correo Argentino,DELIVERED,2025-01-29 16:39:19,2025-02-04 14:45:33,7
9000004129,1000007200,20250128,72,1,,3,Correo Argentino,DELIVERED,2025-01-29 16:17:07,2025-02-03 15:26:59,6
9000004130,1000007201,20250128,2060,1,,1,Correo Argentino,DELIVERED,2025-01-29 17:32:39,2025-01-30 14:01:53,2
9000004131,1000007204,20250128,1328,1,,2,Correo Argentino,DELIVERED,2025-01-29 17:34:17,2025-02-04 19:11:37,7
9000004132,1000007206,20250128,350,1,,4,Correo Argentino,DELIVERED,2025-01-29 17:38:50,2025-01-31 09:19:55,3
9000004133,1000007207,20250128,1576,1,,2,Correo Argentino,DELIVERED,2025-01-29 17:45:25,2025-02-05 18:48:47,8
9000004134,1000007208,20250128,2378,1,,2,Correo Argentino,DELIVERED,2025-01-29 16:39:11,2025-02-03 09:46:37,6
9000004135,1000007209,20250129,1897,1,,1,Correo Argentino,DELIVERED,2025-01-29 17:27:43,2025-01-31 11:48:35,2
9000004136,1000007210,20250129,629,1,,1,Correo Argentino,DELIVERED,2025-01-29 18:52:31,2025-01-30 14:24:46,1
9000004137,1000007211,20250129,2379,1,,1,Correo Argentino,DELIVERED,2025-01-29 18:46:47,2025-01-31 11:03:02,2
9000004138,1000007212,20250129,2380,1,,1,Correo Argentino,DELIVERED,2025-01-29 18:57:56,2025-02-03 09:44:41,5
9000004139,1000007214,20250129,543,1,,2,Correo Argentino,DELIVERED,2025-01-29 17:27:17,2025-02-03 19:52:32,5
9000004140,1000007215,20250129,1980,1,,3,Correo Argentino,DELIVERED,2025-01-29 18:46:58,2025-01-31 15:35:03,2
9000004141,1000007219,20250129,1504,1,,3,Correo Argentino,DELIVERED,2025-01-30 18:54:14,2025-02-04 12:02:11,6
9000004142,1000007220,20250129,2213,1,,1,Correo Argentino,DELIVERED,2025-01-30 17:07:55,2025-02-03 17:50:09,5
9000004143,1000007222,20250129,270,1,,1,Correo Argentino,DELIVERED,2025-01-30 17:58:28,2025-01-31 18:29:27,2
9000004144,1000007225,20250129,2062,1,,4,Correo Argentino,DELIVERED,2025-01-30 18:13:11,2025-02-03 18:02:14,5
9000004145,1000007227,20250129,2301,1,,2,Correo Argentino,DELIVERED,2025-01-30 17:25:26,2025-02-05 11:38:55,7
9000004146,1000007230,20250129,42,1,,1,Correo Argentino,DELIVERED,2025-01-30 17:33:13,2025-01-31 16:22:34,2
9000004147,1000007231,20250130,1604,1,,2,Correo Argentino,DELIVERED,2025-01-30 17:15:53,2025-02-06 19:04:22,7
9000004148,1000007232,20250130,1811,1,,1,Correo Argentino,DELIVERED,2025-01-30 16:21:32,2025-02-03 13:32:06,4
9000004149,1000007233,20250130,2383,1,,2,Correo Argentino,DELIVERED,2025-01-30 18:08:51,2025-02-04 10:15:24,5
9000004150,1000007238,20250130,1557,1,,2,Correo Argentino,DELIVERED,2025-01-31 16:59:18,2025-02-05 18:20:40,6
9000004151,1000007242,20250130,2385,1,,1,Correo Argentino,DELIVERED,2025-01-31 18:57:31,2025-02-04 17:48:54,5
9000004152,1000007245,20250130,2386,1,,1,Correo Argentino,DELIVERED,2025-01-31 17:06:49,2025-02-04 11:23:29,5
9000004153,1000007247,20250130,1768,1,,3,Correo Argentino,DELIVERED,2025-01-31 18:15:04,2025-02-06 13:12:00,7
9000004154,1000007248,20250130,799,1,,1,Correo Argentino,DELIVERED,2025-01-31 18:56:53,2025-02-05 11:44:44,6
9000004155,1000007249,20250130,2387,1,,1,Correo Argentino,DELIVERED,2025-01-31 17:19:55,2025-02-05 17:08:13,6
9000004156,1000007250,20250130,2254,1,,1,Correo Argentino,DELIVERED,2025-01-31 17:05:16,2025-02-03 16:02:52,4
9000004157,1000007251,20250130,457,1,,4,Correo Argentino,DELIVERED,2025-01-31 18:14:37,2025-02-04 18:42:28,5
9000004158,1000007255,20250130,1849,1,,1,Correo Argentino,DELIVERED,2025-01-31 16:16:39,2025-02-04 16:28:37,5
9000004159,1000007256,20250130,790,1,,2,Correo Argentino,DELIVERED,2025-01-31 18:39:34,2025-02-06 16:21:53,7
9000004160,1000007257,20250130,185,1,,1,Correo Argentino,DELIVERED,2025-02-03 18:25:58,2025-02-06 09:48:08,7
9000004161,1000007261,20250131,1380,1,,1,Correo Argentino,DELIVERED,2025-01-31 16:23:01,2025-02-04 17:32:07,4
9000004162,1000007262,20250131,2234,1,,1,Correo Argentino,DELIVERED,2025-01-31 18:02:54,2025-02-03 18:21:22,3
9000004163,1000007271,20250131,425,1,,3,Correo Argentino,DELIVERED,2025-02-03 17:57:25,2025-02-05 11:17:30,5
9000004164,1000007273,20250131,2390,1,,1,Correo Argentino,DELIVERED,2025-02-03 17:46:48,2025-02-04 14:31:25,4
9000004166,1000007284,20250201,2392,1,,2,Correo Argentino,DELIVERED,2025-02-03 16:05:57,2025-02-06 16:34:53,5
9000004167,1000007286,20250201,2393,1,,2,Correo Argentino,DELIVERED,2025-02-03 16:05:38,2025-02-07 15:16:00,6
9000004168,1000007289,20250201,2394,1,,1,Correo Argentino,DELIVERED,2025-02-03 18:57:28,2025-02-04 14:01:15,3
9000004169,1000007293,20250201,1798,1,,1,Correo Argentino,DELIVERED,2025-02-03 16:44:42,2025-02-06 12:59:20,5
9000004170,1000007296,20250201,1711,1,,3,Correo Argentino,DELIVERED,2025-02-03 18:17:08,2025-02-05 19:20:20,4
9000004171,1000007297,20250201,2221,1,,3,Correo Argentino,DELIVERED,2025-02-03 16:58:47,2025-02-07 14:25:24,6
9000004172,1000007298,20250201,1194,1,,3,Correo Argentino,DELIVERED,2025-02-03 16:38:57,2025-02-07 13:18:41,6
9000004174,1000007306,20250201,1352,1,,2,Correo Argentino,DELIVERED,2025-02-03 16:56:14,2025-02-07 11:11:23,6
9000004175,1000007307,20250201,112,1,,1,Correo Argentino,DELIVERED,2025-02-03 17:12:55,2025-02-04 19:38:03,3
9000004176,1000007308,20250201,2161,1,,3,Correo Argentino,DELIVERED,2025-02-03 16:01:39,2025-02-06 16:41:17,5
9000004177,1000007309,20250201,2299,1,,2,Correo Argentino,DELIVERED,2025-02-03 18:06:52,2025-02-06 13:16:12,5
9000004178,1000007310,20250202,2075,1,,4,Correo Argentino,DELIVERED,2025-02-03 16:57:09,2025-02-07 16:12:45,5
9000004179,1000007311,20250202,2004,1,,3,Correo Argentino,DELIVERED,2025-02-03 16:21:24,2025-02-07 13:39:10,5
9000004180,1000007312,20250202,2310,1,,1,Correo Argentino,DELIVERED,2025-02-03 17:42:35,2025-02-05 10:24:33,3
9000004181,1000007313,20250202,1345,1,,1,Correo Argentino,DELIVERED,2025-02-03 18:16:32,2025-02-06 12:24:02,4
9000004182,1000007314,20250202,1437,1,,3,Correo Argentino,DELIVERED,2025-02-03 18:48:27,2025-02-06 19:42:29,4
9000004183,1000007315,20250202,2183,1,,1,Correo Argentino,DELIVERED,2025-02-03 18:43:53,2025-02-04 12:33:14,2
9000004184,1000007316,20250202,2321,1,,1,Correo Argentino,DELIVERED,2025-02-03 17:59:41,2025-02-04 11:04:47,2
9000004185,1000007317,20250202,2399,1,,2,Correo Argentino,DELIVERED,2025-02-03 18:11:37,2025-02-05 14:35:45,3
9000004186,1000007318,20250202,1016,1,,1,Correo Argentino,DELIVERED,2025-02-03 16:40:26,2025-02-05 13:33:01,3
9000004187,1000007319,20250203,2400,1,,1,Correo Argentino,DELIVERED,2025-02-03 16:29:08,2025-02-05 18:26:32,2
9000004188,1000007320,20250203,26,1,,1,Correo Argentino,DELIVERED,2025-02-03 18:47:13,2025-02-04 17:13:51,1
9000004189,1000007321,20250203,2029,1,,2,Correo Argentino,DELIVERED,2025-02-03 17:59:21,2025-02-06 15:47:03,3
9000004190,1000007324,20250203,2023,1,,3,Correo Argentino,DELIVERED,2025-02-03 16:55:07,2025-02-07 11:47:43,4
9000004191,1000007325,20250203,402,1,,3,Correo Argentino,DELIVERED,2025-02-04 17:15:10,2025-02-10 16:42:55,7
9000004192,1000007327,20250203,2401,1,,1,Correo Argentino,DELIVERED,2025-02-04 16:55:43,2025-02-05 17:27:08,2
9000004193,1000007328,20250203,1812,1,,4,Correo Argentino,DELIVERED,2025-02-04 18:49:18,2025-02-06 19:55:39,3
9000004194,1000007334,20250203,791,1,,1,Correo Argentino,DELIVERED,2025-02-04 17:28:46,2025-02-05 09:32:58,2
9000004195,1000007335,20250203,29,1,,4,Correo Argentino,DELIVERED,2025-02-04 18:34:51,2025-02-10 14:42:15,7
9000004196,1000007337,20250203,1512,1,,2,Correo Argentino,DELIVERED,2025-02-04 17:34:25,2025-02-07 11:12:51,4
9000004197,1000007338,20250203,1502,1,,1,Correo Argentino,DELIVERED,2025-02-04 18:47:31,2025-02-05 13:44:10,2
9000004198,1000007339,20250204,2119,1,,4,Correo Argentino,DELIVERED,2025-02-04 16:03:32,2025-02-10 17:15:14,6
9000004199,1000007342,20250204,2404,1,,1,Correo Argentino,DELIVERED,2025-02-04 17:34:22,2025-02-06 12:57:07,2
9000004200,1000007344,20250204,2405,1,,4,Correo Argentino,DELIVERED,2025-02-05 18:37:35,2025-02-11 11:48:04,7
9000004201,1000007346,20250204,2103,1,,4,Correo Argentino,DELIVERED,2025-02-05 18:00:19,2025-02-11 17:55:24,7
9000004202,1000007347,20250204,787,1,,1,Correo Argentino,DELIVERED,2025-02-05 16:44:58,2025-02-06 13:02:42,2
9000004203,1000007349,20250204,2068,1,,1,Correo Argentino,DELIVERED,2025-02-05 17:09:50,2025-02-07 09:32:24,3
9000004204,1000007354,20250204,2409,1,,1,Correo Argentino,DELIVERED,2025-02-05 17:50:03,2025-02-07 09:35:48,3
9000004205,1000007357,20250204,1258,1,,1,Correo Argentino,DELIVERED,2025-02-05 17:58:43,2025-02-06 14:56:38,2
9000004206,1000007358,20250204,1887,1,,3,Correo Argentino,DELIVERED,2025-02-05 17:58:20,2025-02-11 12:58:02,7
9000004207,1000007359,20250205,1500,1,,2,Correo Argentino,DELIVERED,2025-02-06 16:33:37,2025-02-12 11:14:31,7
9000004208,1000007361,20250205,395,1,,1,Correo Argentino,DELIVERED,2025-02-05 16:29:44,2025-02-07 15:55:59,2
9000004209,1000007364,20250205,553,1,,3,Correo Argentino,DELIVERED,2025-02-05 18:19:44,2025-02-10 09:57:09,5
9000004210,1000007367,20250205,2005,1,,2,Correo Argentino,DELIVERED,2025-02-06 18:40:09,2025-02-12 11:21:50,7
9000004211,1000007368,20250205,342,1,,3,Correo Argentino,DELIVERED,2025-02-06 18:29:23,2025-02-12 09:48:28,7
9000004212,1000007370,20250205,2038,1,,4,Correo Argentino,DELIVERED,2025-02-06 17:11:33,2025-02-11 19:20:06,6
9000004213,1000007373,20250205,812,1,,2,Correo Argentino,DELIVERED,2025-02-06 16:54:20,2025-02-10 19:59:17,5
9000004214,1000007375,20250206,2411,1,,3,Correo Argentino,DELIVERED,2025-02-06 18:19:25,2025-02-11 12:07:22,5
9000004215,1000007376,20250206,1412,1,,1,Correo Argentino,DELIVERED,2025-02-07 16:26:38,2025-02-11 09:20:47,5
9000004216,1000007384,20250206,1707,1,,4,Correo Argentino,DELIVERED,2025-02-07 16:58:46,2025-02-12 18:20:40,6
9000004217,1000007385,20250206,2153,1,,2,Correo Argentino,DELIVERED,2025-02-07 17:00:38,2025-02-13 12:36:46,7
9000004218,1000007387,20250206,1638,1,,4,Correo Argentino,DELIVERED,2025-02-07 18:42:57,2025-02-11 10:58:56,5
9000004219,1000007389,20250206,2413,1,,1,Correo Argentino,DELIVERED,2025-02-07 16:51:39,2025-02-12 12:13:32,6
9000004220,1000007392,20250206,2179,1,,3,Correo Argentino,DELIVERED,2025-02-07 17:50:35,2025-02-11 15:59:10,5
9000004221,1000007393,20250206,716,1,,1,Correo Argentino,DELIVERED,2025-02-10 18:03:15,2025-02-12 09:21:02,6
9000004223,1000007398,20250206,1643,1,,1,Correo Argentino,DELIVERED,2025-02-07 16:23:00,2025-02-10 09:51:25,4
9000004224,1000007401,20250206,2344,1,,1,Correo Argentino,DELIVERED,2025-02-07 17:30:48,2025-02-10 18:32:02,4
9000004225,1000007402,20250206,249,1,,3,Correo Argentino,DELIVERED,2025-02-07 16:01:56,2025-02-11 17:18:26,5
9000004226,1000007403,20250206,1967,1,,1,Correo Argentino,DELIVERED,2025-02-07 18:39:41,2025-02-11 19:50:21,5
9000004227,1000007404,20250206,5,1,,1,Correo Argentino,DELIVERED,2025-02-07 17:19:19,2025-02-11 18:30:15,5
9000004228,1000007405,20250207,769,1,,3,Correo Argentino,DELIVERED,2025-02-07 17:30:29,2025-02-12 17:16:24,5
9000004229,1000007406,20250207,74,1,,4,Correo Argentino,DELIVERED,2025-02-07 16:37:55,2025-02-13 15:00:31,6
9000004230,1000007407,20250207,1473,1,,1,Correo Argentino,DELIVERED,2025-02-07 16:02:44,2025-02-11 19:49:18,4
9000004231,1000007412,20250207,1158,1,,1,Correo Argentino,DELIVERED,2025-02-07 17:31:14,2025-02-11 13:24:35,4
9000004232,1000007413,20250207,1017,1,,3,Correo Argentino,DELIVERED,2025-02-07 17:03:18,2025-02-12 19:07:50,5
9000004233,1000007415,20250207,1970,1,,3,Correo Argentino,DELIVERED,2025-02-10 17:55:41,2025-02-13 11:08:28,6
9000004234,1000007416,20250207,2416,1,,4,Correo Argentino,DELIVERED,2025-02-10 16:21:05,2025-02-12 12:29:30,5
9000004235,1000007419,20250207,2417,1,,1,Correo Argentino,DELIVERED,2025-02-10 18:30:29,2025-02-12 18:15:56,5
9000004236,1000007423,20250207,1506,1,,3,Correo Argentino,DELIVERED,2025-02-10 17:15:31,2025-02-17 15:54:05,10
9000004237,1000007426,20250207,756,1,,2,Correo Argentino,DELIVERED,2025-02-10 17:22:32,2025-02-14 09:09:52,7
9000004238,1000007427,20250207,644,1,,2,Correo Argentino,DELIVERED,2025-02-10 18:19:23,2025-02-12 16:26:30,5
9000004239,1000007428,20250207,2420,1,,2,Correo Argentino,DELIVERED,2025-02-10 18:12:00,2025-02-12 14:20:35,5
9000004240,1000007429,20250208,2422,1,,4,Correo Argentino,DELIVERED,2025-02-10 18:10:21,2025-02-14 17:39:10,6
9000004241,1000007430,20250208,2421,1,,4,Correo Argentino,DELIVERED,2025-02-10 18:10:36,2025-02-13 10:25:20,5
9000004242,1000007436,20250208,700,1,,1,Correo Argentino,DELIVERED,2025-02-10 18:33:14,2025-02-12 15:17:45,4
9000004243,1000007437,20250208,2424,1,,1,Correo Argentino,DELIVERED,2025-02-10 18:54:17,2025-02-11 18:59:45,3
9000004244,1000007439,20250208,2425,1,,4,Correo Argentino,DELIVERED,2025-02-10 16:42:51,2025-02-17 10:55:02,9
9000004245,1000007448,20250208,459,1,,3,Correo Argentino,DELIVERED,2025-02-10 18:17:29,2025-02-14 14:55:46,6
9000004246,1000007449,20250208,281,1,,1,Correo Argentino,DELIVERED,2025-02-10 16:12:04,2025-02-11 09:42:26,3
9000004247,1000007450,20250208,417,1,,4,Correo Argentino,DELIVERED,2025-02-10 16:51:21,2025-02-13 15:59:03,5
9000004248,1000007451,20250208,2430,1,,2,Correo Argentino,DELIVERED,2025-02-10 18:38:51,2025-02-14 15:28:46,6
9000004249,1000007452,20250208,2431,1,,4,Correo Argentino,DELIVERED,2025-02-10 18:42:27,2025-02-12 09:54:45,4
9000004250,1000007453,20250209,2150,1,,4,Correo Argentino,DELIVERED,2025-02-10 17:07:24,2025-02-12 10:32:07,3
9000004251,1000007454,20250209,1451,1,,1,Correo Argentino,DELIVERED,2025-02-10 17:50:51,2025-02-11 17:49:12,2
9000004252,1000007455,20250209,2376,1,,4,Correo Argentino,DELIVERED,2025-02-10 16:35:14,2025-02-14 10:27:14,5
9000004253,1000007456,20250209,624,1,,1,Correo Argentino,DELIVERED,2025-02-10 16:45:09,2025-02-12 09:43:20,3
9000004254,1000007457,20250209,938,1,,3,Correo Argentino,DELIVERED,2025-02-11 17:06:31,2025-02-13 09:00:06,4
9000004255,1000007458,20250209,1174,1,,2,Correo Argentino,DELIVERED,2025-02-10 18:19:53,2025-02-14 14:17:19,5
9000004256,1000007459,20250209,2432,1,,2,Correo Argentino,DELIVERED,2025-02-10 17:04:24,2025-02-14 09:06:03,5
9000004257,1000007460,20250209,1783,1,,3,Correo Argentino,DELIVERED,2025-02-10 17:13:23,2025-02-12 12:33:14,3
9000004258,1000007461,20250209,995,1,,3,Correo Argentino,DELIVERED,2025-02-10 18:09:40,2025-02-12 15:55:02,3
9000004259,1000007462,20250209,2131,1,,1,Correo Argentino,DELIVERED,2025-02-11 18:40:29,2025-02-13 15:42:50,4
9000004260,1000007463,20250209,1808,1,,2,Correo Argentino,DELIVERED,2025-02-10 16:41:34,2025-02-14 15:45:17,5
9000004261,1000007464,20250209,1398,1,,4,Correo Argentino,DELIVERED,2025-02-10 16:55:26,2025-02-13 18:43:38,4
9000004262,1000007465,20250210,1240,1,,1,Correo Argentino,DELIVERED,2025-02-10 16:37:58,2025-02-13 13:22:41,3
9000004263,1000007466,20250210,2434,1,,1,Correo Argentino,DELIVERED,2025-02-10 17:43:32,2025-02-11 18:59:42,1
9000004265,1000007473,20250210,27,1,,2,Correo Argentino,DELIVERED,2025-02-11 16:39:27,2025-02-17 16:37:53,7
9000004266,1000007475,20250210,461,1,,3,Correo Argentino,DELIVERED,2025-02-11 18:06:52,2025-02-13 12:51:27,3
9000004267,1000007476,20250210,946,1,,1,Correo Argentino,DELIVERED,2025-02-11 17:05:33,2025-02-13 10:31:00,3
9000004268,1000007477,20250210,1042,1,,1,Correo Argentino,DELIVERED,2025-02-11 16:32:42,2025-02-13 12:09:24,3
9000004269,1000007480,20250210,2437,1,,3,Correo Argentino,DELIVERED,2025-02-11 18:07:15,2025-02-17 10:38:22,7
9000004270,1000007482,20250210,1517,1,,2,Correo Argentino,DELIVERED,2025-02-11 18:00:34,2025-02-17 11:43:30,7
9000004271,1000007483,20250210,2063,1,,1,Correo Argentino,DELIVERED,2025-02-11 17:16:48,2025-02-13 10:25:29,3
9000004272,1000007484,20250211,1541,1,,3,Correo Argentino,DELIVERED,2025-02-11 18:49:57,2025-02-13 14:37:31,2
9000004273,1000007485,20250211,2438,1,,1,Correo Argentino,DELIVERED,2025-02-11 18:45:20,2025-02-12 13:17:06,1
9000004274,1000007486,20250211,1351,1,,2,Correo Argentino,DELIVERED,2025-02-11 18:21:04,2025-02-18 19:50:13,7
9000004275,1000007488,20250211,2141,1,,2,Correo Argentino,DELIVERED,2025-02-11 18:06:41,2025-02-18 16:54:56,7
9000004276,1000007491,20250211,1953,1,,2,Correo Argentino,DELIVERED,2025-02-11 17:05:49,2025-02-17 09:29:33,6
9000004277,1000007492,20250211,2439,1,,3,Correo Argentino,DELIVERED,2025-02-12 17:47:11,2025-02-14 11:10:43,3
9000004278,1000007493,20250211,2440,1,,2,Correo Argentino,DELIVERED,2025-02-13 18:51:19,2025-02-20 10:25:30,9
9000004279,1000007495,20250211,1732,1,,4,Correo Argentino,DELIVERED,2025-02-12 18:48:01,2025-02-18 11:29:40,7
9000004280,1000007503,20250211,2210,1,,1,Correo Argentino,DELIVERED,2025-02-12 16:48:40,2025-02-17 19:58:46,6
9000004281,1000007504,20250211,2329,1,,3,Correo Argentino,DELIVERED,2025-02-12 16:03:38,2025-02-14 11:45:16,3
9000004282,1000007506,20250211,2441,1,,1,Correo Argentino,DELIVERED,2025-02-12 17:29:29,2025-02-14 13:14:20,3
9000004283,1000007508,20250211,2442,1,,2,Correo Argentino,DELIVERED,2025-02-12 16:39:29,2025-02-17 10:31:54,6
9000004284,1000007509,20250211,1426,1,,1,Correo Argentino,DELIVERED,2025-02-12 16:02:17,2025-02-13 14:10:50,2
9000004285,1000007511,20250211,1187,1,,1,Correo Argentino,DELIVERED,2025-02-12 18:26:12,2025-02-13 11:08:02,2
9000004286,1000007512,20250211,1767,1,,1,Correo Argentino,DELIVERED,2025-02-12 16:43:57,2025-02-14 11:33:50,3
9000004287,1000007513,20250212,173,1,,1,Correo Argentino,DELIVERED,2025-02-12 16:38:47,2025-02-17 16:41:38,5
9000004288,1000007514,20250212,2444,1,,4,Correo Argentino,DELIVERED,2025-02-12 17:04:18,2025-02-18 12:27:47,6
9000004289,1000007515,20250212,2305,1,,3,Correo Argentino,DELIVERED,2025-02-12 16:26:52,2025-02-18 16:43:51,6
9000004290,1000007525,20250212,2446,1,,1,Correo Argentino,DELIVERED,2025-02-13 18:08:06,2025-02-18 17:32:08,6
9000004292,1000007527,20250212,521,1,,4,Correo Argentino,DELIVERED,2025-02-13 16:34:02,2025-02-19 16:21:24,7
9000004293,1000007530,20250212,496,1,,1,Correo Argentino,DELIVERED,2025-02-13 18:52:59,2025-02-18 18:33:04,6
9000004294,1000007531,20250212,1600,1,,4,Correo Argentino,DELIVERED,2025-02-13 18:35:46,2025-02-18 11:52:50,6
9000004295,1000007532,20250212,728,1,,1,Correo Argentino,DELIVERED,2025-02-13 17:56:50,2025-02-18 12:57:02,6
9000004296,1000007533,20250212,2448,1,,2,Correo Argentino,DELIVERED,2025-02-13 18:52:54,2025-02-18 16:26:13,6
9000004297,1000007534,20250212,1588,1,,1,Correo Argentino,DELIVERED,2025-02-13 18:00:17,2025-02-17 18:05:46,5
9000004298,1000007535,20250212,1423,1,,1,Correo Argentino,DELIVERED,2025-02-13 17:26:05,2025-02-17 17:27:59,5
9000004299,1000007536,20250213,2449,1,,1,Correo Argentino,DELIVERED,2025-02-13 18:38:37,2025-02-14 14:38:49,1
9000004300,1000007538,20250213,2450,1,,1,Correo Argentino,DELIVERED,2025-02-13 17:11:09,2025-02-14 13:31:32,1
9000004302,1000007542,20250213,1839,1,,4,Correo Argentino,DELIVERED,2025-02-14 18:21:09,2025-02-20 12:39:20,7
9000004303,1000007544,20250213,810,1,,3,Correo Argentino,DELIVERED,2025-02-14 17:24:27,2025-02-19 15:05:30,6
9000004304,1000007546,20250213,1391,1,,1,Correo Argentino,DELIVERED,2025-02-14 16:22:04,2025-02-18 18:04:38,5
9000004305,1000007548,20250213,951,1,,1,Correo Argentino,DELIVERED,2025-02-14 17:30:16,2025-02-17 15:22:34,4
9000004306,1000007549,20250213,2269,1,,1,Correo Argentino,DELIVERED,2025-02-14 16:57:03,2025-02-18 17:50:11,5
9000004307,1000007551,20250213,2454,1,,1,Correo Argentino,DELIVERED,2025-02-14 17:03:43,2025-02-18 18:46:50,5
9000004308,1000007552,20250213,1628,1,,1,Correo Argentino,DELIVERED,2025-02-14 18:55:35,2025-02-18 10:38:14,5
9000004309,1000007553,20250213,377,1,,4,Correo Argentino,DELIVERED,2025-02-14 18:32:16,2025-02-20 18:26:39,7
9000004310,1000007554,20250213,1117,1,,1,Correo Argentino,DELIVERED,2025-02-14 17:40:27,2025-02-17 16:53:50,4
9000004311,1000007555,20250213,1224,1,,1,Correo Argentino,DELIVERED,2025-02-14 18:07:18,2025-02-17 15:22:56,4
9000004312,1000007556,20250214,2455,1,,1,Correo Argentino,DELIVERED,2025-02-14 17:10:59,2025-02-19 17:54:26,5
9000004313,1000007557,20250214,1919,1,,1,Correo Argentino,DELIVERED,2025-02-14 17:49:50,2025-02-19 19:29:24,5
9000004314,1000007558,20250214,1479,1,,1,Correo Argentino,DELIVERED,2025-02-14 16:55:44,2025-02-18 17:45:49,4
9000004315,1000007559,20250214,2374,1,,1,Correo Argentino,DELIVERED,2025-02-14 17:18:38,2025-02-18 18:49:08,4
9000004316,1000007563,20250214,2458,1,,3,Correo Argentino,DELIVERED,2025-02-17 17:13:10,2025-02-24 18:54:24,10
9000004317,1000007564,20250214,2457,1,,1,Correo Argentino,DELIVERED,2025-02-17 16:58:51,2025-02-19 16:13:22,5
9000004318,1000007565,20250214,2459,1,,2,Correo Argentino,DELIVERED,2025-02-17 17:17:46,2025-02-20 12:13:53,6
9000004319,1000007567,20250214,2281,1,,2,Correo Argentino,DELIVERED,2025-02-17 18:12:23,2025-02-20 18:07:08,6
9000004320,1000007571,20250214,1239,1,,1,Correo Argentino,DELIVERED,2025-02-17 17:17:01,2025-02-18 16:32:57,4
9000004321,1000007572,20250214,1501,1,,3,Correo Argentino,DELIVERED,2025-02-17 18:51:58,2025-02-20 09:54:46,6
9000004323,1000007574,20250214,2461,1,,4,Correo Argentino,DELIVERED,2025-02-17 17:56:04,2025-02-21 17:53:18,7
9000004325,1000007579,20250214,2462,1,,2,Correo Argentino,DELIVERED,2025-02-17 18:31:26,2025-02-21 11:57:23,7
9000004326,1000007580,20250214,2189,1,,4,Correo Argentino,DELIVERED,2025-02-17 18:30:10,2025-02-19 11:49:17,5
9000004327,1000007582,20250214,2463,1,,1,Correo Argentino,DELIVERED,2025-02-17 18:43:08,2025-02-19 19:50:14,5
9000004328,1000007583,20250214,2293,1,,1,Correo Argentino,DELIVERED,2025-02-17 18:50:38,2025-02-19 17:08:20,5
9000004329,1000007584,20250215,2464,1,,3,Correo Argentino,DELIVERED,2025-02-17 18:52:33,2025-02-20 13:29:39,5
9000004330,1000007591,20250215,1754,1,,1,Correo Argentino,DELIVERED,2025-02-17 17:42:24,2025-02-19 14:01:23,4
9000004331,1000007595,20250215,681,1,,1,Correo Argentino,DELIVERED,2025-02-17 17:20:17,2025-02-19 14:56:34,4
9000004332,1000007606,20250215,2466,1,,1,Correo Argentino,DELIVERED,2025-02-17 17:28:48,2025-02-19 17:40:50,4
9000004333,1000007610,20250215,1637,1,,1,Correo Argentino,DELIVERED,2025-02-17 17:44:39,2025-02-18 16:22:10,3
9000004334,1000007613,20250215,622,1,,2,Correo Argentino,DELIVERED,2025-02-17 17:14:42,2025-02-21 18:13:42,6
9000004335,1000007614,20250215,967,1,,1,Correo Argentino,DELIVERED,2025-02-17 17:40:30,2025-02-18 14:49:27,3
9000004336,1000007615,20250215,1415,1,,1,Correo Argentino,DELIVERED,2025-02-17 16:17:26,2025-02-18 16:54:02,3
9000004337,1000007616,20250215,952,1,,1,Correo Argentino,DELIVERED,2025-02-17 16:51:49,2025-02-19 17:16:29,4
9000004338,1000007617,20250215,2469,1,,1,Correo Argentino,DELIVERED,2025-02-17 17:34:11,2025-02-18 15:26:27,3
9000004339,1000007618,20250215,1449,1,,1,Correo Argentino,DELIVERED,2025-02-17 18:40:57,2025-02-19 11:46:13,4
9000004340,1000007619,20250215,1225,1,,4,Correo Argentino,DELIVERED,2025-02-17 16:39:42,2025-02-19 17:48:02,4
9000004341,1000007620,20250216,118,1,,2,Correo Argentino,DELIVERED,2025-02-17 18:54:33,2025-02-21 12:22:44,5
9000004342,1000007621,20250216,1871,1,,4,Correo Argentino,DELIVERED,2025-02-17 17:40:56,2025-02-19 16:19:29,3
9000004343,1000007622,20250216,1728,1,,1,Correo Argentino,DELIVERED,2025-02-17 17:09:02,2025-02-18 10:10:09,2
9000004344,1000007623,20250216,2246,1,,2,Correo Argentino,DELIVERED,2025-02-17 18:29:54,2025-02-24 14:03:41,8
9000004345,1000007624,20250216,2202,1,,4,Correo Argentino,DELIVERED,2025-02-17 17:38:13,2025-02-20 11:14:17,4
9000004346,1000007625,20250216,2049,1,,4,Correo Argentino,DELIVERED,2025-02-17 17:28:52,2025-02-21 15:03:41,5
9000004347,1000007628,20250216,2470,1,,1,Correo Argentino,DELIVERED,2025-02-17 16:38:15,2025-02-20 15:21:28,4
9000004348,1000007629,20250216,2471,1,,1,Correo Argentino,DELIVERED,2025-02-17 18:17:22,2025-02-18 09:50:11,2
9000004349,1000007630,20250216,1652,1,,3,Correo Argentino,DELIVERED,2025-02-17 16:12:45,2025-02-20 15:55:05,4
9000004350,1000007631,20250216,2472,1,,2,Correo Argentino,DELIVERED,2025-02-17 16:13:23,2025-02-20 19:11:21,4
9000004351,1000007632,20250216,1769,1,,1,Correo Argentino,DELIVERED,2025-02-17 16:47:45,2025-02-18 17:40:07,2
9000004352,1000007633,20250216,2473,1,,2,Correo Argentino,DELIVERED,2025-02-17 16:27:31,2025-02-21 15:20:24,5
9000004353,1000007634,20250216,2474,1,,1,Correo Argentino,DELIVERED,2025-02-17 16:55:03,2025-02-19 09:19:51,3
9000004354,1000007635,20250216,420,1,,1,Correo Argentino,DELIVERED,2025-02-17 18:23:03,2025-02-19 16:56:45,3
9000004355,1000007636,20250216,2308,1,,1,Correo Argentino,DELIVERED,2025-02-17 16:10:18,2025-02-19 19:37:14,3
9000004356,1000007637,20250216,2475,1,,1,Correo Argentino,DELIVERED,2025-02-17 17:33:54,2025-02-18 11:52:13,2
9000004357,1000007640,20250216,1619,1,,1,Correo Argentino,DELIVERED,2025-02-17 18:56:47,2025-02-19 09:41:46,3
9000004358,1000007641,20250217,2476,1,,3,Correo Argentino,DELIVERED,2025-02-17 18:45:55,2025-02-21 11:47:18,4
9000004359,1000007642,20250217,1399,1,,1,Correo Argentino,DELIVERED,2025-02-17 16:31:50,2025-02-19 16:22:33,2
9000004360,1000007643,20250217,1370,1,,3,Correo Argentino,DELIVERED,2025-02-17 16:25:56,2025-02-20 17:10:02,3
9000004361,1000007644,20250217,2285,1,,4,Correo Argentino,DELIVERED,2025-02-17 16:33:29,2025-02-21 19:06:02,4
9000004362,1000007646,20250217,2477,1,,4,Correo Argentino,DELIVERED,2025-02-17 17:31:22,2025-02-21 17:13:07,4
9000004363,1000007648,20250217,1045,1,,1,Correo Argentino,DELIVERED,2025-02-17 16:00:08,2025-02-19 12:59:33,2
9000004364,1000007649,20250217,2478,1,,2,Correo Argentino,DELIVERED,2025-02-18 16:26:53,2025-02-21 15:04:48,4
9000004365,1000007651,20250217,2194,1,,1,Correo Argentino,DELIVERED,2025-02-18 17:28:06,2025-02-21 10:35:16,4
9000004366,1000007654,20250217,1054,1,,1,Correo Argentino,DELIVERED,2025-02-19 16:17:28,2025-02-21 16:10:29,4
9000004367,1000007655,20250217,2480,1,,1,Correo Argentino,DELIVERED,2025-02-19 17:58:19,2025-02-24 10:32:36,7
9000004368,1000007656,20250217,1118,1,,1,Correo Argentino,DELIVERED,2025-02-18 16:05:02,2025-02-21 17:10:37,4
9000004369,1000007657,20250217,299,1,,3,Correo Argentino,DELIVERED,2025-02-18 16:10:46,2025-02-21 14:12:11,4
9000004370,1000007658,20250217,2232,1,,2,Correo Argentino,DELIVERED,2025-02-18 18:32:55,2025-02-25 17:11:24,8
9000004372,1000007661,20250217,2482,1,,2,Correo Argentino,DELIVERED,2025-02-18 17:14:46,2025-02-20 12:22:44,3
9000004373,1000007663,20250217,1043,1,,1,Correo Argentino,DELIVERED,2025-02-18 18:55:54,2025-02-20 16:50:41,3
9000004374,1000007664,20250218,1830,1,,1,Correo Argentino,DELIVERED,2025-02-18 17:43:56,2025-02-20 19:19:20,2
9000004375,1000007665,20250218,1872,1,,3,Correo Argentino,DELIVERED,2025-02-18 16:18:51,2025-02-20 12:11:49,2
9000004376,1000007666,20250218,1188,1,,1,Correo Argentino,DELIVERED,2025-02-18 18:21:36,2025-02-19 15:09:02,1
9000004377,1000007667,20250218,2213,1,,4,Correo Argentino,DELIVERED,2025-02-18 18:32:22,2025-02-21 16:42:06,3
9000004378,1000007668,20250218,1777,1,,1,Correo Argentino,DELIVERED,2025-02-18 17:16:22,2025-02-21 18:24:20,3
9000004379,1000007671,20250218,998,1,,1,Correo Argentino,DELIVERED,2025-02-18 17:19:04,2025-02-19 12:46:52,1
9000004380,1000007673,20250218,2235,1,,2,Correo Argentino,CANCELLED,,,
9000004381,1000007674,20250218,1554,1,,1,Correo Argentino,DELIVERED,2025-02-18 18:03:28,2025-02-21 16:17:52,3
9000004382,1000007676,20250218,2346,1,,1,Correo Argentino,DELIVERED,2025-02-19 17:35:29,2025-02-21 19:21:36,3
9000004383,1000007677,20250218,1762,1,,2,Correo Argentino,DELIVERED,2025-02-19 17:03:24,2025-02-24 12:43:55,6
9000004384,1000007678,20250218,20,1,,1,Correo Argentino,DELIVERED,2025-02-19 18:05:36,2025-02-21 19:54:37,3
9000004385,1000007679,20250218,2092,1,,2,Correo Argentino,DELIVERED,2025-02-19 17:28:11,2025-02-26 10:46:51,8
9000004386,1000007680,20250218,2394,1,,1,Correo Argentino,DELIVERED,2025-02-19 16:28:16,2025-02-20 15:48:09,2
9000004387,1000007684,20250218,1149,1,,4,Correo Argentino,DELIVERED,2025-02-19 17:05:31,2025-02-26 10:17:40,8
9000004388,1000007686,20250218,2146,1,,1,Correo Argentino,DELIVERED,2025-02-19 18:27:54,2025-02-20 18:01:40,2
9000004389,1000007687,20250218,2485,1,,2,Correo Argentino,DELIVERED,2025-02-19 17:08:53,2025-02-21 12:39:46,3
9000004390,1000007691,20250218,1067,1,,4,Correo Argentino,DELIVERED,2025-02-19 16:18:34,2025-02-25 12:47:32,7
9000004391,1000007692,20250218,58,1,,1,Correo Argentino,DELIVERED,2025-02-19 16:57:03,2025-02-21 15:37:18,3
9000004392,1000007694,20250218,1837,1,,1,Correo Argentino,DELIVERED,2025-02-19 18:29:55,2025-02-21 09:00:55,3
9000004393,1000007696,20250218,1008,1,,1,Correo Argentino,DELIVERED,2025-02-19 18:30:21,2025-02-20 19:39:50,2
9000004394,1000007697,20250218,1593,1,,2,Correo Argentino,DELIVERED,2025-02-19 16:16:10,2025-02-25 12:53:37,7
9000004395,1000007698,20250218,630,1,,4,Correo Argentino,DELIVERED,2025-02-19 17:23:25,2025-02-21 14:07:49,3
9000004396,1000007699,20250218,1538,1,,2,Correo Argentino,DELIVERED,2025-02-19 18:38:38,2025-02-24 17:42:47,6
9000004397,1000007700,20250219,2128,1,,2,Correo Argentino,DELIVERED,2025-02-19 16:44:48,2025-02-25 15:41:39,6
9000004398,1000007701,20250219,2487,1,,1,Correo Argentino,DELIVERED,2025-02-19 18:49:16,2025-02-21 10:05:07,2
9000004399,1000007703,20250219,2093,1,,1,Correo Argentino,DELIVERED,2025-02-19 16:09:58,2025-02-21 09:57:11,2
9000004400,1000007707,20250219,2488,1,,4,Correo Argentino,DELIVERED,2025-02-20 16:25:00,2025-02-25 15:43:27,6
9000004401,1000007708,20250219,1625,1,,1,Correo Argentino,DELIVERED,2025-02-20 17:51:55,2025-02-24 10:56:28,5
9000004402,1000007709,20250219,1451,1,,1,Correo Argentino,DELIVERED,2025-02-20 18:34:58,2025-02-21 10:45:22,2
9000004403,1000007713,20250219,425,1,,3,Correo Argentino,DELIVERED,2025-02-20 18:07:49,2025-02-26 15:27:32,7
9000004404,1000007714,20250219,991,1,,1,Correo Argentino,DELIVERED,2025-02-20 18:20:07,2025-02-24 09:46:56,5
9000004405,1000007716,20250219,1638,1,,4,Correo Argentino,DELIVERED,2025-02-20 17:54:48,2025-02-24 10:05:18,5
9000004406,1000007717,20250219,1970,1,,3,Correo Argentino,DELIVERED,2025-02-20 16:45:36,2025-02-24 19:36:52,5
9000004407,1000007718,20250220,1599,1,,1,Correo Argentino,DELIVERED,2025-02-20 17:24:13,2025-02-24 09:56:44,4
9000004408,1000007719,20250220,2490,1,,1,Correo Argentino,DELIVERED,2025-02-20 16:16:28,2025-02-21 12:16:56,1
9000004409,1000007720,20250220,909,1,,2,Correo Argentino,DELIVERED,2025-02-20 17:20:56,2025-02-27 09:20:33,7
9000004410,1000007721,20250220,2019,1,,1,Correo Argentino,DELIVERED,2025-02-20 16:30:24,2025-02-21 17:11:09,1
9000004411,1000007727,20250220,2031,1,,3,Correo Argentino,DELIVERED,2025-02-21 18:26:08,2025-02-26 13:15:52,6
9000004412,1000007728,20250220,1339,1,,2,Correo Argentino,DELIVERED,2025-02-21 18:50:13,2025-02-27 13:40:48,7
9000004413,1000007730,20250220,2491,1,,1,Correo Argentino,DELIVERED,2025-02-21 16:00:46,2025-02-25 09:22:26,5
9000004414,1000007732,20250220,1727,1,,4,Correo Argentino,DELIVERED,2025-02-21 18:21:51,2025-02-26 18:33:03,6
9000004415,1000007733,20250221,2492,1,,1,Correo Argentino,DELIVERED,2025-02-21 18:29:17,2025-02-24 18:12:01,3
9000004416,1000007735,20250221,2493,1,,2,Correo Argentino,DELIVERED,2025-02-21 17:45:15,2025-02-27 19:41:25,6
9000004417,1000007737,20250221,2495,1,,1,Correo Argentino,DELIVERED,2025-02-21 16:12:19,2025-02-25 19:32:03,4
9000004418,1000007742,20250221,116,1,,1,Correo Argentino,DELIVERED,2025-02-24 18:40:24,2025-02-26 12:12:04,5
9000004419,1000007744,20250221,1320,1,,2,Correo Argentino,DELIVERED,2025-02-24 18:59:42,2025-02-27 12:04:09,6
9000004420,1000007748,20250221,2497,1,,2,Correo Argentino,DELIVERED,2025-02-24 17:49:04,2025-02-28 13:37:33,7
9000004421,1000007750,20250221,2498,1,,1,Correo Argentino,DELIVERED,2025-02-24 18:20:51,2025-02-27 16:50:32,6
9000004422,1000007753,20250221,2244,1,,4,Correo Argentino,DELIVERED,2025-02-24 17:19:07,2025-02-27 09:52:14,6
9000004423,1000007755,20250221,1384,1,,1,Correo Argentino,DELIVERED,2025-02-24 17:04:24,2025-02-26 16:14:56,5
9000004424,1000007756,20250221,572,1,,3,Correo Argentino,DELIVERED,2025-02-24 18:57:12,2025-02-26 13:43:07,5
9000004425,1000007757,20250221,2500,1,,1,Correo Argentino,DELIVERED,2025-02-24 16:00:37,2025-02-26 19:05:24,5
9000004426,1000007758,20250221,2501,1,,3,Correo Argentino,DELIVERED,2025-02-24 18:57:48,2025-02-27 12:54:39,6
9000004427,1000007759,20250221,2502,1,,2,Correo Argentino,DELIVERED,2025-02-24 18:35:39,2025-02-28 13:05:59,7
9000004428,1000007762,20250222,2504,1,,1,Correo Argentino,DELIVERED,2025-02-24 16:03:33,2025-02-27 18:22:37,5
9000004429,1000007763,20250222,2503,1,,1,Correo Argentino,DELIVERED,2025-02-24 16:28:24,2025-02-26 13:28:54,4
9000004430,1000007764,20250222,404,1,,1,Correo Argentino,DELIVERED,2025-02-24 17:36:11,2025-02-26 18:28:06,4
9000004432,1000007768,20250222,1847,1,,1,Correo Argentino,DELIVERED,2025-02-24 16:04:21,2025-02-25 14:07:58,3
9000004433,1000007769,20250222,442,1,,2,Correo Argentino,DELIVERED,2025-02-24 16:32:35,2025-03-03 10:14:44,9
9000004434,1000007773,20250222,268,1,,4,Correo Argentino,CANCELLED,,,
9000004435,1000007774,20250222,73,1,,2,Correo Argentino,DELIVERED,2025-02-24 18:43:45,2025-02-28 09:11:25,6
9000004437,1000007778,20250222,1002,1,,3,Correo Argentino,DELIVERED,2025-02-24 18:21:07,2025-02-28 18:36:40,6
9000004438,1000007782,20250222,1586,1,,1,Correo Argentino,DELIVERED,2025-02-24 17:01:39,2025-02-26 14:08:31,4
9000004439,1000007783,20250222,52,1,,3,Correo Argentino,DELIVERED,2025-02-24 17:58:59,2025-02-28 11:04:55,6
9000004440,1000007788,20250222,1753,1,,3,Correo Argentino,DELIVERED,2025-02-24 18:05:08,2025-02-28 10:04:27,6
9000004441,1000007789,20250222,508,1,,2,Correo Argentino,DELIVERED,2025-02-24 16:52:37,2025-02-28 18:37:56,6
9000004442,1000007790,20250222,1576,1,,2,Correo Argentino,DELIVERED,2025-02-24 18:20:19,2025-02-28 19:56:51,6
9000004443,1000007791,20250223,354,1,,3,Correo Argentino,DELIVERED,2025-02-24 17:16:05,2025-02-28 19:04:39,5
9000004444,1000007792,20250223,1716,1,,2,Correo Argentino,DELIVERED,2025-02-24 17:09:34,2025-02-26 13:38:07,3
9000004445,1000007793,20250223,1827,1,,3,Correo Argentino,DELIVERED,2025-02-24 18:19:15,2025-02-26 12:28:06,3
9000004446,1000007794,20250223,1254,1,,2,Correo Argentino,DELIVERED,2025-02-24 18:39:29,2025-02-26 16:06:27,3
9000004447,1000007795,20250223,1802,1,,4,Correo Argentino,DELIVERED,2025-02-24 17:47:59,2025-02-27 14:14:32,4
9000004448,1000007796,20250223,2301,1,,2,Correo Argentino,DELIVERED,2025-02-24 17:42:17,2025-02-28 14:05:58,5
9000004449,1000007797,20250223,1179,1,,1,Correo Argentino,DELIVERED,2025-02-24 18:44:37,2025-02-27 16:33:30,4
9000004450,1000007799,20250223,1887,1,,3,Correo Argentino,DELIVERED,2025-02-24 17:43:24,2025-02-27 12:42:19,4
9000004451,1000007800,20250223,1742,1,,3,Correo Argentino,DELIVERED,2025-02-24 16:47:14,2025-02-26 17:12:23,3
9000004452,1000007801,20250223,2165,1,,3,Correo Argentino,DELIVERED,2025-02-24 17:59:30,2025-02-28 19:36:54,5
9000004453,1000007802,20250223,1600,1,,4,Correo Argentino,DELIVERED,2025-02-24 18:09:20,2025-02-26 14:40:59,3
9000004454,1000007803,20250223,2411,1,,3,Correo Argentino,DELIVERED,2025-02-24 18:47:16,2025-02-27 14:01:05,4
9000004455,1000007804,20250223,2509,1,,1,Correo Argentino,DELIVERED,2025-02-24 17:27:08,2025-02-26 11:58:57,3
9000004456,1000007805,20250223,1375,1,,1,Correo Argentino,DELIVERED,2025-02-24 17:28:52,2025-02-26 11:18:48,3
9000004457,1000007806,20250223,1667,1,,2,Correo Argentino,DELIVERED,2025-02-24 18:58:31,2025-02-26 19:56:43,3
9000004458,1000007807,20250223,2510,1,,4,Correo Argentino,DELIVERED,2025-02-24 16:07:24,2025-02-26 12:54:26,3
9000004459,1000007808,20250223,969,1,,2,Correo Argentino,DELIVERED,2025-02-24 18:43:30,2025-03-03 11:21:43,8
9000004460,1000007809,20250223,2511,1,,3,Correo Argentino,DELIVERED,2025-02-24 16:40:01,2025-02-28 09:34:53,5
9000004461,1000007816,20250224,2515,1,,2,Correo Argentino,DELIVERED,2025-02-25 16:42:05,2025-03-03 17:27:25,7
9000004462,1000007817,20250224,335,1,,4,Correo Argentino,DELIVERED,2025-02-25 17:48:12,2025-03-03 11:35:35,7
9000004463,1000007819,20250224,1949,1,,1,Correo Argentino,DELIVERED,2025-02-25 18:30:57,2025-02-26 17:02:52,2
9000004464,1000007820,20250224,18,1,,2,Correo Argentino,DELIVERED,2025-02-25 16:52:16,2025-02-27 18:24:46,3
9000004465,1000007823,20250224,2516,1,,3,Correo Argentino,DELIVERED,2025-02-25 16:08:04,2025-03-04 14:42:05,8
9000004466,1000007825,20250224,2018,1,,2,Correo Argentino,DELIVERED,2025-02-25 16:54:09,2025-02-27 12:55:51,3
9000004467,1000007826,20250224,2517,1,,2,Correo Argentino,DELIVERED,2025-02-25 18:39:45,2025-02-28 13:22:35,4
9000004468,1000007827,20250224,2431,1,,4,Correo Argentino,DELIVERED,2025-02-25 16:29:28,2025-03-03 09:42:43,7
9000004469,1000007828,20250224,2300,1,,1,Correo Argentino,DELIVERED,2025-02-25 18:17:38,2025-02-26 17:53:25,2
9000004470,1000007829,20250224,2519,1,,1,Correo Argentino,DELIVERED,2025-02-25 18:00:19,2025-02-26 12:26:48,2
9000004471,1000007830,20250225,905,1,,4,Correo Argentino,DELIVERED,2025-02-26 17:23:52,2025-03-05 12:42:59,8
9000004472,1000007832,20250225,184,1,,1,Correo Argentino,DELIVERED,2025-02-25 16:29:55,2025-02-27 15:38:45,2
9000004473,1000007833,20250225,213,1,,3,Correo Argentino,DELIVERED,2025-02-25 17:59:14,2025-02-28 10:48:53,3
9000004474,1000007837,20250225,2135,1,,3,Correo Argentino,DELIVERED,2025-02-26 18:25:11,2025-02-28 10:27:26,3
9000004475,1000007838,20250225,1561,1,,1,Correo Argentino,DELIVERED,2025-02-26 18:28:16,2025-02-27 12:56:17,2
9000004476,1000007839,20250225,2520,1,,1,Correo Argentino,DELIVERED,2025-02-26 16:50:43,2025-02-28 16:57:27,3
9000004477,1000007841,20250225,2218,1,,1,Correo Argentino,DELIVERED,2025-02-26 18:15:26,2025-02-28 10:47:32,3
9000004478,1000007845,20250225,2072,1,,1,Correo Argentino,DELIVERED,2025-02-26 16:13:39,2025-02-28 19:32:39,3
9000004479,1000007847,20250225,1513,1,,2,Correo Argentino,DELIVERED,2025-02-26 16:52:33,2025-02-28 09:52:27,3
9000004480,1000007848,20250225,1039,1,,3,Correo Argentino,DELIVERED,2025-02-26 16:44:09,2025-03-04 15:58:31,7
9000004481,1000007851,20250225,1164,1,,3,Correo Argentino,DELIVERED,2025-02-26 18:32:00,2025-02-28 14:49:00,3
9000004482,1000007854,20250225,2337,1,,3,Correo Argentino,DELIVERED,2025-02-26 18:08:44,2025-03-04 16:17:37,7
9000004483,1000007855,20250225,1492,1,,1,Correo Argentino,DELIVERED,2025-02-26 16:31:20,2025-02-28 12:11:42,3
9000004484,1000007856,20250225,2060,1,,1,Correo Argentino,DELIVERED,2025-02-26 17:16:12,2025-02-28 10:16:04,3
9000004485,1000007857,20250225,2102,1,,2,Correo Argentino,DELIVERED,2025-02-26 16:41:15,2025-02-28 17:05:15,3
9000004486,1000007858,20250225,577,1,,2,Correo Argentino,DELIVERED,2025-02-26 17:07:02,2025-03-05 18:34:35,8
9000004487,1000007859,20250225,1926,1,,2,Correo Argentino,DELIVERED,2025-02-26 17:40:46,2025-02-28 11:22:02,3
9000004488,1000007861,20250226,1984,1,,1,Correo Argentino,DELIVERED,2025-02-26 18:54:46,2025-02-28 19:42:28,2
9000004489,1000007862,20250226,2521,1,,2,Correo Argentino,DELIVERED,2025-02-26 17:48:51,2025-03-04 19:20:01,6
9000004490,1000007863,20250226,2453,1,,3,Correo Argentino,DELIVERED,2025-02-26 18:30:02,2025-03-03 12:54:20,5
9000004491,1000007864,20250226,489,1,,1,Correo Argentino,DELIVERED,2025-02-26 16:42:34,2025-02-27 09:21:15,1
9000004492,1000007865,20250226,2229,1,,1,Correo Argentino,DELIVERED,2025-02-27 16:33:05,2025-03-03 14:31:10,5
9000004493,1000007866,20250226,2522,1,,2,Correo Argentino,DELIVERED,2025-02-26 16:44:40,2025-02-28 14:01:39,2
9000004494,1000007867,20250226,1813,1,,1,Correo Argentino,DELIVERED,2025-02-27 17:07:52,2025-03-03 10:25:25,5
9000004495,1000007871,20250226,1484,1,,1,Correo Argentino,CANCELLED,,,
9000004496,1000007872,20250226,1223,1,,1,Correo Argentino,DELIVERED,2025-02-27 16:44:01,2025-03-03 14:59:20,5
9000004497,1000007875,20250226,2524,1,,3,Correo Argentino,DELIVERED,2025-02-27 18:15:13,2025-03-05 13:24:33,7
9000004498,1000007876,20250226,2525,1,,4,Correo Argentino,DELIVERED,2025-02-27 18:15:09,2025-03-04 13:18:14,6
9000004499,1000007878,20250226,284,1,,3,Correo Argentino,DELIVERED,2025-02-27 17:38:49,2025-03-03 12:40:39,5
9000004500,1000007879,20250226,2526,1,,1,Correo Argentino,DELIVERED,2025-02-27 16:57:09,2025-02-28 19:54:58,2
9000004501,1000007880,20250227,1390,1,,4,Correo Argentino,DELIVERED,2025-02-27 18:59:09,2025-03-05 17:05:46,6
9000004502,1000007881,20250227,2527,1,,3,Correo Argentino,DELIVERED,2025-02-27 18:41:30,2025-03-04 15:56:43,5
9000004503,1000007882,20250227,2528,1,,3,Correo Argentino,DELIVERED,2025-02-27 16:40:04,2025-03-05 09:10:03,6
9000004504,1000007886,20250227,836,1,,2,Correo Argentino,DELIVERED,2025-02-28 17:56:28,2025-03-05 18:26:35,6
9000004505,1000007887,20250227,1672,1,,1,Correo Argentino,DELIVERED,2025-02-28 18:37:35,2025-03-03 18:11:55,4
9000004506,1000007888,20250227,799,1,,1,Correo Argentino,DELIVERED,2025-02-28 17:43:36,2025-03-04 10:20:56,5
9000004507,1000007892,20250227,1105,1,,2,Correo Argentino,DELIVERED,2025-02-28 16:42:02,2025-03-06 19:47:54,7
9000004508,1000007895,20250227,163,1,,2,Correo Argentino,DELIVERED,2025-02-28 17:32:06,2025-03-05 19:20:02,6
9000004509,1000007897,20250227,1624,1,,2,Correo Argentino,DELIVERED,2025-02-28 16:20:55,2025-03-06 09:41:40,7
9000004510,1000007898,20250227,938,1,,3,Correo Argentino,DELIVERED,2025-02-28 16:48:54,2025-03-06 14:40:46,7
9000004511,1000007899,20250227,77,1,,1,Correo Argentino,DELIVERED,2025-02-28 16:49:54,2025-03-04 12:58:38,5
9000004512,1000007900,20250227,1808,1,,2,Correo Argentino,DELIVERED,2025-02-28 16:38:36,2025-03-06 19:35:23,7
9000004513,1000007901,20250228,1361,1,,1,Correo Argentino,DELIVERED,2025-02-28 17:56:27,2025-03-04 16:27:51,4
9000004515,1000007908,20250228,2533,1,,3,Correo Argentino,DELIVERED,2025-03-03 16:12:06,2025-03-07 18:47:40,7
9000004516,1000007909,20250228,1738,1,,1,Correo Argentino,DELIVERED,2025-03-03 16:53:02,2025-03-05 19:29:15,5
9000004517,1000007910,20250228,2164,1,,3,Correo Argentino,DELIVERED,2025-03-03 16:18:21,2025-03-07 15:24:42,7
9000004518,1000007913,20250228,497,1,,1,Correo Argentino,DELIVERED,2025-03-03 16:02:11,2025-03-05 16:37:12,5
9000004519,1000007914,20250228,1568,1,,2,Correo Argentino,DELIVERED,2025-03-03 16:05:21,2025-03-06 11:10:14,6
9000004520,1000007918,20250228,2535,1,,1,Correo Argentino,DELIVERED,2025-03-03 18:20:50,2025-03-05 16:09:16,5
9000004521,1000007920,20250228,2035,1,,4,Correo Argentino,DELIVERED,2025-03-03 17:45:10,2025-03-07 18:40:16,7
9000004522,1000007922,20250228,1313,1,,2,Correo Argentino,DELIVERED,2025-03-03 17:00:00,2025-03-07 14:03:50,7
9000004523,1000007923,20250228,2537,1,,1,Correo Argentino,DELIVERED,2025-03-03 17:24:32,2025-03-05 12:52:37,5
9000004524,1000007924,20250228,1756,1,,1,Correo Argentino,DELIVERED,2025-03-03 16:50:28,2025-03-06 11:23:45,6
9000004525,1000007926,20250228,1729,1,,2,Correo Argentino,DELIVERED,2025-03-03 17:01:16,2025-03-07 18:26:31,7
9000004526,1000007928,20250228,948,1,,3,Correo Argentino,DELIVERED,2025-03-03 16:01:07,2025-03-07 17:55:30,7
9000004527,1000007929,20250228,1919,1,,1,Correo Argentino,DELIVERED,2025-03-03 18:43:37,2025-03-05 15:09:15,5
9000004528,1000007931,20250228,2539,1,,3,Correo Argentino,DELIVERED,2025-03-03 16:58:11,2025-03-07 16:50:39,7
9000004529,1000007932,20250228,1892,1,,3,Correo Argentino,DELIVERED,2025-03-03 18:08:21,2025-03-05 12:21:50,5
9000004530,1000007933,20250228,1306,1,,1,Correo Argentino,DELIVERED,2025-03-03 18:46:00,2025-03-04 10:07:00,4
9000004531,1000007935,20250301,2350,1,,1,Correo Argentino,DELIVERED,2025-03-03 16:03:02,2025-03-05 19:44:46,4
9000004532,1000007936,20250301,2540,1,,1,Correo Argentino,DELIVERED,2025-03-03 16:02:52,2025-03-06 15:57:23,5
9000004533,1000007938,20250301,70,1,,1,Correo Argentino,DELIVERED,2025-03-03 17:12:11,2025-03-05 18:02:40,4
9000004534,1000007952,20250301,1165,1,,1,Correo Argentino,DELIVERED,2025-03-03 17:45:38,2025-03-04 13:00:33,3
9000004535,1000007954,20250301,2545,1,,1,Correo Argentino,DELIVERED,2025-03-03 18:46:58,2025-03-06 19:48:19,5
9000004536,1000007956,20250301,2480,1,,1,Correo Argentino,DELIVERED,2025-03-03 16:14:56,2025-03-05 14:48:08,4
9000004538,1000007962,20250301,2547,1,,4,Correo Argentino,DELIVERED,2025-03-03 17:49:06,2025-03-05 09:17:35,4
9000004539,1000007967,20250301,2548,1,,4,Correo Argentino,DELIVERED,2025-03-03 17:44:48,2025-03-06 09:45:22,5
9000004541,1000007969,20250301,652,1,,1,Correo Argentino,DELIVERED,2025-03-03 16:56:44,2025-03-06 11:37:55,5
9000004542,1000007970,20250301,1168,1,,2,Correo Argentino,DELIVERED,2025-03-03 18:26:02,2025-03-07 09:30:02,6
9000004543,1000007971,20250301,1516,1,,2,Correo Argentino,DELIVERED,2025-03-03 17:15:46,2025-03-06 13:42:22,5
9000004544,1000007972,20250301,1610,1,,1,Correo Argentino,DELIVERED,2025-03-03 18:28:51,2025-03-05 12:33:49,4
9000004545,1000007973,20250302,2549,1,,1,Correo Argentino,DELIVERED,2025-03-03 16:59:41,2025-03-04 13:04:07,2
9000004546,1000007974,20250302,2437,1,,3,Correo Argentino,DELIVERED,2025-03-03 17:44:43,2025-03-06 13:52:50,4
9000004547,1000007975,20250302,2550,1,,2,Correo Argentino,DELIVERED,2025-03-03 17:55:02,2025-03-10 16:37:09,8
9000004548,1000007976,20250302,125,1,,3,Correo Argentino,DELIVERED,2025-03-03 18:23:00,2025-03-05 17:43:22,3
9000004549,1000007977,20250302,1518,1,,1,Correo Argentino,DELIVERED,2025-03-04 17:38:05,2025-03-05 11:15:50,3
9000004550,1000007978,20250302,2551,1,,4,Correo Argentino,DELIVERED,2025-03-03 18:36:10,2025-03-05 10:57:36,3
9000004551,1000007979,20250302,1538,1,,2,Correo Argentino,DELIVERED,2025-03-03 16:20:07,2025-03-06 16:51:55,4
9000004552,1000007980,20250302,1824,1,,4,Correo Argentino,DELIVERED,2025-03-03 18:21:27,2025-03-06 16:00:20,4
9000004553,1000007981,20250302,1187,1,,1,Correo Argentino,DELIVERED,2025-03-03 18:41:01,2025-03-05 13:34:33,3
9000004554,1000007982,20250302,2552,1,,1,Correo Argentino,DELIVERED,2025-03-03 16:31:59,2025-03-06 13:22:10,4
9000004555,1000007983,20250302,2048,1,,2,Correo Argentino,DELIVERED,2025-03-03 18:03:41,2025-03-10 17:12:59,8
9000004556,1000007985,20250302,2415,1,,4,Correo Argentino,DELIVERED,2025-03-03 18:44:02,2025-03-06 19:17:32,4
9000004557,1000007986,20250302,2553,1,,3,Correo Argentino,DELIVERED,2025-03-03 18:23:44,2025-03-07 11:48:28,5
9000004558,1000007987,20250302,2554,1,,2,Correo Argentino,DELIVERED,2025-03-03 16:44:52,2025-03-07 12:08:22,5
9000004559,1000007988,20250302,2051,1,,1,Correo Argentino,DELIVERED,2025-03-03 18:19:09,2025-03-05 14:52:48,3
9000004560,1000007989,20250302,2555,1,,4,Correo Argentino,DELIVERED,2025-03-03 16:19:29,2025-03-07 10:45:41,5
9000004561,1000007990,20250303,2187,1,,3,Correo Argentino,DELIVERED,2025-03-03 17:54:26,2025-03-05 16:04:50,2
9000004562,1000007991,20250303,2182,1,,1,Correo Argentino,DELIVERED,2025-03-03 16:53:41,2025-03-06 19:35:21,3
9000004563,1000007994,20250303,1660,1,,2,Correo Argentino,DELIVERED,2025-03-03 18:36:08,2025-03-07 17:21:34,4
9000004564,1000007995,20250303,1408,1,,2,Correo Argentino,DELIVERED,2025-03-03 18:44:39,2025-03-07 18:59:27,4
9000004565,1000008002,20250303,1323,1,,1,Correo Argentino,DELIVERED,2025-03-04 16:08:32,2025-03-06 15:41:18,3
9000004566,1000008004,20250303,2557,1,,3,Correo Argentino,DELIVERED,2025-03-04 18:59:51,2025-03-10 18:09:19,7
9000004567,1000008005,20250303,1878,1,,2,Correo Argentino,DELIVERED,2025-03-04 16:08:18,2025-03-10 12:05:30,7
9000004568,1000008007,20250303,1795,1,,3,Correo Argentino,DELIVERED,2025-03-04 17:09:21,2025-03-07 15:25:41,4
9000004569,1000008008,20250303,526,1,,4,Correo Argentino,DELIVERED,2025-03-04 16:11:15,2025-03-10 12:37:28,7
9000004570,1000008009,20250303,1486,1,,4,Correo Argentino,DELIVERED,2025-03-04 18:04:24,2025-03-11 11:29:37,8
9000004571,1000008010,20250303,2279,1,,4,Correo Argentino,DELIVERED,2025-03-04 16:14:30,2025-03-07 15:41:36,4
9000004572,1000008011,20250303,785,1,,1,Correo Argentino,DELIVERED,2025-03-04 18:34:18,2025-03-06 18:14:31,3
9000004573,1000008012,20250304,2560,1,,1,Correo Argentino,DELIVERED,2025-03-04 16:58:32,2025-03-06 16:36:09,2
9000004574,1000008013,20250304,2561,1,,1,Correo Argentino,DELIVERED,2025-03-04 18:42:52,2025-03-06 10:44:38,2
9000004575,1000008015,20250304,995,1,,3,Correo Argentino,CANCELLED,,,
9000004576,1000008019,20250304,1030,1,,1,Correo Argentino,DELIVERED,2025-03-05 18:18:12,2025-03-10 19:04:41,6
9000004577,1000008020,20250304,1622,1,,1,Correo Argentino,DELIVERED,2025-03-05 16:29:21,2025-03-10 13:53:57,6
9000004578,1000008021,20250304,2563,1,,4,Correo Argentino,DELIVERED,2025-03-05 18:02:38,2025-03-10 16:16:11,6
9000004579,1000008022,20250304,2378,1,,2,Correo Argentino,DELIVERED,2025-03-05 18:50:48,2025-03-11 14:02:11,7
9000004580,1000008024,20250304,713,1,,1,Correo Argentino,DELIVERED,2025-03-05 18:09:35,2025-03-07 15:03:03,3
9000004581,1000008025,20250304,2330,1,,1,Correo Argentino,DELIVERED,2025-03-05 18:59:08,2025-03-06 12:49:44,2
9000004582,1000008026,20250304,2217,1,,3,Correo Argentino,DELIVERED,2025-03-05 17:29:45,2025-03-11 13:11:35,7
9000004583,1000008027,20250304,1708,1,,1,Correo Argentino,DELIVERED,2025-03-06 18:11:56,2025-03-11 12:13:49,7
9000004584,1000008028,20250305,1972,1,,4,Correo Argentino,DELIVERED,2025-03-05 17:32:52,2025-03-12 14:00:28,7
9000004585,1000008029,20250305,2565,1,,3,Correo Argentino,DELIVERED,2025-03-05 17:58:49,2025-03-10 09:34:28,5
9000004586,1000008031,20250305,964,1,,3,Correo Argentino,DELIVERED,2025-03-05 16:34:24,2025-03-10 19:55:36,5
9000004587,1000008032,20250305,2105,1,,1,Correo Argentino,DELIVERED,2025-03-05 17:24:21,2025-03-06 11:12:43,1
9000004588,1000008033,20250305,2302,1,,3,Correo Argentino,DELIVERED,2025-03-05 18:03:36,2025-03-07 10:19:17,2
9000004589,1000008034,20250305,1352,1,,2,Correo Argentino,CANCELLED,,,
9000004590,1000008036,20250305,1096,1,,1,Correo Argentino,DELIVERED,2025-03-06 18:48:13,2025-03-07 13:20:17,2
9000004591,1000008040,20250305,1778,1,,1,Correo Argentino,DELIVERED,2025-03-06 18:55:56,2025-03-10 10:14:46,5
9000004592,1000008041,20250305,2568,1,,1,Correo Argentino,DELIVERED,2025-03-06 16:49:18,2025-03-07 15:12:58,2
9000004593,1000008042,20250305,1012,1,,2,Correo Argentino,DELIVERED,2025-03-06 17:17:05,2025-03-12 15:50:37,7
9000004594,1000008049,20250305,2038,1,,4,Correo Argentino,DELIVERED,2025-03-06 18:48:14,2025-03-12 17:15:17,7
9000004595,1000008050,20250305,913,1,,3,Correo Argentino,DELIVERED,2025-03-06 16:57:19,2025-03-13 13:51:33,8
9000004596,1000008051,20250305,1072,1,,1,Correo Argentino,DELIVERED,2025-03-06 18:15:04,2025-03-10 18:43:29,5
9000004597,1000008052,20250305,2047,1,,2,Correo Argentino,DELIVERED,2025-03-06 17:56:13,2025-03-12 15:19:07,7
9000004598,1000008053,20250306,2571,1,,3,Correo Argentino,DELIVERED,2025-03-06 18:58:38,2025-03-11 17:10:53,5
9000004599,1000008054,20250306,1637,1,,1,Correo Argentino,DELIVERED,2025-03-06 16:52:15,2025-03-07 18:12:51,1
9000004600,1000008055,20250306,1810,1,,3,Correo Argentino,DELIVERED,2025-03-06 17:00:50,2025-03-11 14:07:58,5
9000004602,1000008059,20250306,629,1,,1,Correo Argentino,DELIVERED,2025-03-06 16:31:15,2025-03-07 10:09:40,1
9000004604,1000008063,20250306,2573,1,,1,Correo Argentino,DELIVERED,2025-03-07 17:25:46,2025-03-11 09:28:01,5
9000004605,1000008064,20250306,2572,1,,3,Correo Argentino,DELIVERED,2025-03-07 17:20:51,2025-03-11 18:43:31,5
9000004606,1000008067,20250306,359,1,,2,Correo Argentino,DELIVERED,2025-03-07 16:59:19,2025-03-11 17:45:13,5
9000004607,1000008068,20250306,2069,1,,3,Correo Argentino,DELIVERED,2025-03-10 17:22:33,2025-03-17 14:01:38,11
9000004608,1000008072,20250306,1977,1,,3,Correo Argentino,DELIVERED,2025-03-07 18:13:26,2025-03-12 15:53:10,6
9000004609,1000008073,20250306,2576,1,,1,Correo Argentino,DELIVERED,2025-03-07 17:29:41,2025-03-10 11:10:11,4
9000004610,1000008074,20250306,1973,1,,2,Correo Argentino,DELIVERED,2025-03-07 17:39:26,2025-03-13 17:18:48,7
9000004611,1000008075,20250306,1799,1,,2,Correo Argentino,DELIVERED,2025-03-07 17:35:03,2025-03-12 14:01:04,6
9000004612,1000008076,20250306,2577,1,,1,Correo Argentino,DELIVERED,2025-03-07 18:18:25,2025-03-10 15:31:42,4
9000004613,1000008077,20250306,142,1,,1,Correo Argentino,DELIVERED,2025-03-07 17:31:06,2025-03-12 19:08:52,6
9000004614,1000008078,20250306,1422,1,,1,Correo Argentino,DELIVERED,2025-03-07 16:55:20,2025-03-12 18:02:41,6
9000004615,1000008079,20250306,287,1,,1,Correo Argentino,DELIVERED,2025-03-07 17:17:17,2025-03-11 14:22:34,5
9000004616,1000008080,20250306,1555,1,,2,Correo Argentino,DELIVERED,2025-03-07 18:39:49,2025-03-12 14:39:53,6
9000004617,1000008081,20250307,2578,1,,4,Correo Argentino,DELIVERED,2025-03-07 16:52:00,2025-03-11 15:57:34,4
9000004618,1000008082,20250307,2579,1,,1,Correo Argentino,DELIVERED,2025-03-07 16:45:52,2025-03-12 12:34:59,5
9000004619,1000008084,20250307,2580,1,,1,Correo Argentino,DELIVERED,2025-03-07 16:15:09,2025-03-10 11:12:50,3
9000004620,1000008087,20250307,2583,1,,1,Correo Argentino,DELIVERED,2025-03-07 17:48:39,2025-03-11 19:24:04,4
9000004621,1000008088,20250307,630,1,,4,Correo Argentino,DELIVERED,2025-03-07 18:40:38,2025-03-12 16:35:49,5
9000004622,1000008090,20250307,2285,1,,4,Correo Argentino,DELIVERED,2025-03-10 17:47:40,2025-03-14 15:26:56,7
9000004623,1000008095,20250307,1684,1,,1,Correo Argentino,DELIVERED,2025-03-10 16:36:34,2025-03-11 19:36:34,4
9000004624,1000008102,20250307,688,1,,2,Correo Argentino,DELIVERED,2025-03-10 18:33:20,2025-03-14 12:05:43,7
9000004625,1000008103,20250307,543,1,,2,Correo Argentino,DELIVERED,2025-03-10 16:41:14,2025-03-12 15:39:25,5
9000004626,1000008104,20250307,460,1,,1,Correo Argentino,DELIVERED,2025-03-10 18:24:42,2025-03-12 09:46:44,5
9000004627,1000008105,20250307,2587,1,,3,Correo Argentino,DELIVERED,2025-03-10 16:10:34,2025-03-12 13:12:36,5
9000004628,1000008106,20250307,2588,1,,1,Correo Argentino,DELIVERED,2025-03-10 16:47:32,2025-03-12 15:07:17,5
9000004629,1000008107,20250307,2589,1,,3,Correo Argentino,DELIVERED,2025-03-10 16:00:15,2025-03-13 10:36:42,6
9000004630,1000008108,20250307,1526,1,,1,Correo Argentino,DELIVERED,2025-03-10 17:26:11,2025-03-13 19:50:50,6
9000004631,1000008109,20250308,1465,1,,3,Correo Argentino,DELIVERED,2025-03-10 17:30:53,2025-03-13 13:13:21,5
9000004632,1000008111,20250308,742,1,,1,Correo Argentino,DELIVERED,2025-03-10 18:38:38,2025-03-11 14:40:09,3
9000004634,1000008117,20250308,1454,1,,1,Correo Argentino,DELIVERED,2025-03-10 17:18:49,2025-03-12 18:27:06,4
9000004636,1000008126,20250308,2490,1,,1,Correo Argentino,DELIVERED,2025-03-10 16:57:27,2025-03-11 19:06:25,3
9000004637,1000008130,20250308,1717,1,,1,Correo Argentino,DELIVERED,2025-03-10 17:57:36,2025-03-12 09:06:12,4
9000004638,1000008132,20250308,684,1,,1,Correo Argentino,DELIVERED,2025-03-10 17:51:23,2025-03-12 19:21:54,4
9000004639,1000008134,20250308,1903,1,,2,Correo Argentino,DELIVERED,2025-03-10 18:30:14,2025-03-14 10:58:31,6
9000004640,1000008135,20250308,2593,1,,1,Correo Argentino,DELIVERED,2025-03-10 17:03:10,2025-03-11 19:15:20,3
9000004641,1000008136,20250308,2029,1,,2,Correo Argentino,DELIVERED,2025-03-10 17:42:16,2025-03-14 18:12:33,6
9000004642,1000008137,20250309,1960,1,,2,Correo Argentino,DELIVERED,2025-03-10 18:15:59,2025-03-14 10:21:54,5
9000004643,1000008138,20250309,2594,1,,4,Correo Argentino,DELIVERED,2025-03-10 17:32:33,2025-03-13 09:37:15,4
9000004644,1000008139,20250309,2595,1,,1,Correo Argentino,DELIVERED,2025-03-10 18:27:56,2025-03-12 15:51:35,3
9000004645,1000008140,20250309,344,1,,2,Correo Argentino,DELIVERED,2025-03-10 18:12:23,2025-03-13 12:44:27,4
9000004646,1000008141,20250309,1859,1,,3,Correo Argentino,DELIVERED,2025-03-10 16:55:21,2025-03-13 17:57:01,4
9000004647,1000008142,20250309,1253,1,,3,Correo Argentino,DELIVERED,2025-03-10 18:19:15,2025-03-14 16:46:19,5
9000004648,1000008143,20250309,123,1,,1,Correo Argentino,DELIVERED,2025-03-10 18:43:59,2025-03-11 12:36:39,2
9000004649,1000008144,20250309,179,1,,3,Correo Argentino,DELIVERED,2025-03-10 17:15:08,2025-03-13 09:50:53,4
9000004650,1000008145,20250309,1633,1,,4,Correo Argentino,DELIVERED,2025-03-10 16:52:10,2025-03-13 12:02:28,4
9000004651,1000008146,20250309,2596,1,,4,Correo Argentino,DELIVERED,2025-03-10 17:19:20,2025-03-13 13:44:20,4
9000004652,1000008147,20250309,2597,1,,4,Correo Argentino,DELIVERED,2025-03-10 16:37:30,2025-03-13 11:39:53,4
9000004653,1000008149,20250310,2489,1,,1,Correo Argentino,DELIVERED,2025-03-10 17:22:13,2025-03-12 12:55:40,2
9000004654,1000008150,20250310,15,1,,2,Correo Argentino,DELIVERED,2025-03-10 17:41:22,2025-03-13 19:26:08,3
9000004655,1000008152,20250310,2598,1,,3,Correo Argentino,DELIVERED,2025-03-10 17:43:14,2025-03-13 17:03:45,3
9000004656,1000008154,20250310,2600,1,,3,Correo Argentino,DELIVERED,2025-03-11 16:59:49,2025-03-17 10:55:59,7
9000004657,1000008155,20250310,1980,1,,3,Correo Argentino,DELIVERED,2025-03-11 16:48:19,2025-03-13 19:32:43,3
9000004658,1000008159,20250310,2216,1,,2,Correo Argentino,DELIVERED,2025-03-11 16:52:04,2025-03-14 13:40:01,4
9000004659,1000008164,20250310,2603,1,,4,Correo Argentino,DELIVERED,2025-03-12 18:22:16,2025-03-19 14:43:37,9
9000004660,1000008165,20250310,1924,1,,1,Correo Argentino,DELIVERED,2025-03-11 18:27:35,2025-03-12 09:10:56,2
9000004661,1000008166,20250310,1554,1,,1,Correo Argentino,DELIVERED,2025-03-11 16:02:16,2025-03-14 16:38:31,4
9000004662,1000008167,20250310,703,1,,3,Correo Argentino,DELIVERED,2025-03-11 17:02:38,2025-03-14 16:22:44,4
9000004663,1000008168,20250310,52,1,,3,Correo Argentino,DELIVERED,2025-03-11 16:34:35,2025-03-14 16:00:35,4
9000004664,1000008169,20250310,2036,1,,2,Correo Argentino,DELIVERED,2025-03-11 18:17:09,2025-03-17 16:46:42,7
9000004665,1000008170,20250310,2550,1,,2,Correo Argentino,DELIVERED,2025-03-11 16:01:52,2025-03-14 17:30:33,4
9000004666,1000008171,20250310,333,1,,3,Correo Argentino,DELIVERED,2025-03-11 18:15:04,2025-03-13 18:01:03,3
9000004667,1000008172,20250311,1016,1,,1,Correo Argentino,DELIVERED,2025-03-11 16:26:42,2025-03-12 14:31:33,1
9000004668,1000008173,20250311,1437,1,,3,Correo Argentino,DELIVERED,2025-03-11 17:28:26,2025-03-13 14:08:14,2
9000004669,1000008174,20250311,1885,1,,4,Correo Argentino,DELIVERED,2025-03-11 16:41:30,2025-03-17 17:26:46,6
9000004670,1000008175,20250311,1823,1,,4,Correo Argentino,DELIVERED,2025-03-12 18:11:34,2025-03-14 19:43:13,3
9000004671,1000008177,20250311,531,1,,4,Correo Argentino,DELIVERED,2025-03-12 16:34:52,2025-03-17 11:26:16,6
9000004672,1000008179,20250311,2204,1,,3,Correo Argentino,DELIVERED,2025-03-12 17:57:39,2025-03-14 19:34:14,3
9000004673,1000008181,20250311,1194,1,,3,Correo Argentino,DELIVERED,2025-03-12 16:32:12,2025-03-19 19:06:40,8
9000004674,1000008183,20250311,496,1,,1,Correo Argentino,DELIVERED,2025-03-12 16:38:15,2025-03-14 15:06:24,3
9000004675,1000008184,20250311,2605,1,,3,Correo Argentino,DELIVERED,2025-03-12 17:11:41,2025-03-18 11:17:40,7
9000004676,1000008185,20250311,632,1,,1,Correo Argentino,DELIVERED,2025-03-12 16:52:38,2025-03-17 19:56:23,6
9000004677,1000008186,20250311,1862,1,,4,Correo Argentino,DELIVERED,2025-03-12 18:07:21,2025-03-17 13:48:39,6
9000004678,1000008187,20250311,2526,1,,1,Correo Argentino,DELIVERED,2025-03-12 16:46:30,2025-03-14 12:42:39,3
9000004679,1000008189,20250311,2306,1,,1,Correo Argentino,DELIVERED,2025-03-12 17:51:33,2025-03-17 11:22:17,6
9000004680,1000008191,20250311,2383,1,,2,Correo Argentino,DELIVERED,2025-03-12 16:23:39,2025-03-18 13:11:50,7
9000004681,1000008192,20250311,969,1,,2,Correo Argentino,DELIVERED,2025-03-12 17:53:15,2025-03-17 12:16:36,6
9000004682,1000008193,20250312,2606,1,,2,Correo Argentino,DELIVERED,2025-03-12 16:49:16,2025-03-17 09:26:38,5
9000004683,1000008194,20250312,241,1,,1,Correo Argentino,DELIVERED,2025-03-12 17:59:17,2025-03-13 19:11:51,1
9000004684,1000008195,20250312,2607,1,,1,Correo Argentino,DELIVERED,2025-03-12 18:54:09,2025-03-17 10:55:33,5
9000004685,1000008197,20250312,1997,1,,1,Correo Argentino,DELIVERED,2025-03-12 17:07:58,2025-03-14 10:31:55,2
9000004686,1000008198,20250312,1855,1,,1,Correo Argentino,DELIVERED,2025-03-12 16:48:29,2025-03-14 18:30:18,2
9000004688,1000008201,20250312,438,1,,1,Correo Argentino,DELIVERED,2025-03-13 16:01:51,2025-03-18 18:27:50,6
9000004689,1000008203,20250312,1752,1,,4,Correo Argentino,DELIVERED,2025-03-14 18:14:16,2025-03-18 15:02:30,6
9000004690,1000008206,20250312,1864,1,,4,Correo Argentino,DELIVERED,2025-03-13 17:29:19,2025-03-20 18:23:35,8
9000004691,1000008207,20250312,1950,1,,1,Correo Argentino,DELIVERED,2025-03-13 16:09:06,2025-03-17 15:32:23,5
9000004692,1000008208,20250312,2609,1,,3,Correo Argentino,DELIVERED,2025-03-13 16:19:20,2025-03-20 11:49:01,8
9000004693,1000008210,20250312,1945,1,,4,Correo Argentino,DELIVERED,2025-03-13 16:38:20,2025-03-18 16:26:53,6
9000004694,1000008212,20250312,2165,1,,3,Correo Argentino,DELIVERED,2025-03-13 18:34:18,2025-03-18 19:52:43,6
9000004695,1000008214,20250312,2156,1,,2,Correo Argentino,DELIVERED,2025-03-13 17:16:04,2025-03-18 11:42:14,6
9000004696,1000008215,20250312,1735,1,,4,Correo Argentino,DELIVERED,2025-03-13 16:41:37,2025-03-17 15:01:21,5
9000004697,1000008216,20250312,2610,1,,1,Correo Argentino,DELIVERED,2025-03-13 18:00:46,2025-03-14 12:52:19,2
9000004698,1000008217,20250312,2611,1,,4,Correo Argentino,DELIVERED,2025-03-13 18:49:38,2025-03-19 18:50:30,7
9000004699,1000008218,20250312,1765,1,,1,Correo Argentino,DELIVERED,2025-03-13 18:21:46,2025-03-17 09:31:24,5
9000004700,1000008219,20250312,997,1,,3,Correo Argentino,DELIVERED,2025-03-13 16:34:22,2025-03-18 09:21:19,6
9000004701,1000008220,20250313,644,1,,2,Correo Argentino,DELIVERED,2025-03-13 16:24:11,2025-03-19 13:09:26,6
9000004702,1000008222,20250313,1110,1,,4,Correo Argentino,DELIVERED,2025-03-14 16:17:37,2025-03-19 16:45:22,6
9000004703,1000008223,20250313,1915,1,,4,Correo Argentino,DELIVERED,2025-03-14 17:51:05,2025-03-20 09:06:44,7
9000004704,1000008226,20250313,2055,1,,1,Correo Argentino,CANCELLED,,,
9000004705,1000008228,20250313,2336,1,,4,Correo Argentino,DELIVERED,2025-03-14 17:06:42,2025-03-19 18:45:39,6
9000004706,1000008231,20250313,2612,1,,2,Correo Argentino,DELIVERED,2025-03-14 17:45:51,2025-03-20 12:33:19,7
9000004707,1000008232,20250313,2613,1,,3,Correo Argentino,DELIVERED,2025-03-14 17:36:56,2025-03-19 16:49:20,6
9000004708,1000008234,20250313,1768,1,,3,Correo Argentino,DELIVERED,2025-03-14 18:32:27,2025-03-18 14:28:50,5
9000004709,1000008235,20250313,2614,1,,3,Correo Argentino,DELIVERED,2025-03-14 18:48:21,2025-03-20 17:10:54,7
9000004710,1000008236,20250314,1812,1,,4,Correo Argentino,DELIVERED,2025-03-14 16:55:31,2025-03-20 11:49:57,6
9000004711,1000008237,20250314,2615,1,,1,Correo Argentino,DELIVERED,2025-03-14 18:52:14,2025-03-19 18:12:25,5
9000004712,1000008238,20250314,457,1,,4,Correo Argentino,DELIVERED,2025-03-14 17:07:40,2025-03-19 15:22:47,5
9000004713,1000008240,20250314,2109,1,,1,Correo Argentino,DELIVERED,2025-03-14 16:35:21,2025-03-18 14:29:52,4
9000004714,1000008244,20250314,1815,1,,3,Correo Argentino,DELIVERED,2025-03-17 16:01:19,2025-03-21 10:49:22,7
9000004717,1000008251,20250314,2618,1,,4,Correo Argentino,DELIVERED,2025-03-17 16:03:08,2025-03-20 19:16:02,6
9000004718,1000008252,20250315,2194,1,,1,Correo Argentino,DELIVERED,2025-03-17 17:31:19,2025-03-19 16:28:25,4
9000004719,1000008253,20250315,2203,1,,2,Correo Argentino,DELIVERED,2025-03-17 16:47:26,2025-03-19 19:33:16,4
9000004720,1000008261,20250315,944,1,,1,Correo Argentino,DELIVERED,2025-03-17 18:29:25,2025-03-19 11:34:38,4
9000004721,1000008262,20250315,2089,1,,3,Correo Argentino,DELIVERED,2025-03-17 18:42:59,2025-03-19 09:40:43,4
9000004722,1000008263,20250315,1724,1,,1,Correo Argentino,DELIVERED,2025-03-17 18:33:49,2025-03-20 12:08:15,5
9000004723,1000008264,20250315,2622,1,,3,Correo Argentino,DELIVERED,2025-03-17 17:06:16,2025-03-21 19:20:30,6
9000004725,1000008271,20250315,2421,1,,4,Correo Argentino,DELIVERED,2025-03-17 16:30:41,2025-03-19 19:28:02,4
9000004726,1000008274,20250315,120,1,,4,Correo Argentino,DELIVERED,2025-03-17 17:20:06,2025-03-20 10:17:23,5
9000004727,1000008275,20250315,2626,1,,3,Correo Argentino,DELIVERED,2025-03-17 16:38:58,2025-03-20 10:18:03,5
9000004728,1000008276,20250316,2392,1,,2,Correo Argentino,DELIVERED,2025-03-17 17:52:53,2025-03-20 09:09:20,4
9000004729,1000008277,20250316,2475,1,,1,Correo Argentino,CANCELLED,,,
9000004730,1000008278,20250316,2627,1,,2,Correo Argentino,DELIVERED,2025-03-17 16:07:00,2025-03-20 13:09:02,4
9000004731,1000008280,20250316,2629,1,,1,Correo Argentino,DELIVERED,2025-03-17 17:15:26,2025-03-19 12:17:15,3
9000004732,1000008281,20250316,831,1,,4,Correo Argentino,DELIVERED,2025-03-17 16:01:07,2025-03-21 13:28:20,5
9000004733,1000008282,20250316,1965,1,,1,Correo Argentino,DELIVERED,2025-03-20 17:44:00,2025-03-24 13:22:51,8
9000004734,1000008283,20250316,2376,1,,4,Correo Argentino,DELIVERED,2025-03-17 18:52:09,2025-03-21 13:11:18,5
9000004735,1000008284,20250316,2630,1,,3,Correo Argentino,DELIVERED,2025-03-17 18:14:02,2025-03-21 14:32:43,5
9000004736,1000008285,20250317,1592,1,,2,Correo Argentino,DELIVERED,2025-03-17 17:18:47,2025-03-21 09:07:30,4
9000004737,1000008286,20250317,1753,1,,3,Correo Argentino,DELIVERED,2025-03-17 18:21:16,2025-03-21 18:26:04,4
9000004738,1000008287,20250317,1223,1,,1,Correo Argentino,DELIVERED,2025-03-17 18:54:28,2025-03-18 14:57:52,1
9000004739,1000008288,20250317,1436,1,,4,Correo Argentino,DELIVERED,2025-03-17 17:44:04,2025-03-20 17:01:57,3
9000004740,1000008289,20250317,2631,1,,2,Correo Argentino,DELIVERED,2025-03-17 17:43:38,2025-03-21 09:36:38,4
9000004741,1000008290,20250317,513,1,,2,Correo Argentino,DELIVERED,2025-03-17 16:12:36,2025-03-21 16:37:14,4
9000004742,1000008291,20250317,2632,1,,1,Correo Argentino,CANCELLED,,,
9000004743,1000008293,20250317,1371,1,,3,Correo Argentino,DELIVERED,2025-03-18 16:30:38,2025-03-21 13:17:39,4
9000004744,1000008294,20250317,2633,1,,3,Correo Argentino,DELIVERED,2025-03-18 18:52:37,2025-03-24 11:40:14,7
9000004745,1000008295,20250317,2293,1,,1,Correo Argentino,DELIVERED,2025-03-18 18:44:48,2025-03-20 14:31:29,3
9000004746,1000008296,20250317,2114,1,,1,Correo Argentino,DELIVERED,2025-03-18 18:47:48,2025-03-20 09:08:33,3
9000004747,1000008297,20250317,2321,1,,1,Correo Argentino,DELIVERED,2025-03-18 16:40:03,2025-03-20 16:45:02,3
9000004748,1000008299,20250317,2243,1,,4,Correo Argentino,DELIVERED,2025-03-18 17:51:27,2025-03-20 13:10:53,3
9000004749,1000008300,20250317,2634,1,,4,Correo Argentino,DELIVERED,2025-03-18 17:24:24,2025-03-21 12:33:15,4
9000004750,1000008302,20250317,2635,1,,1,Correo Argentino,DELIVERED,2025-03-18 18:15:37,2025-03-20 09:30:35,3
9000004751,1000008303,20250317,2119,1,,4,Correo Argentino,DELIVERED,2025-03-18 17:39:08,2025-03-20 09:52:24,3
9000004752,1000008304,20250318,1159,1,,1,Correo Argentino,DELIVERED,2025-03-18 17:18:33,2025-03-21 18:03:51,3
9000004753,1000008305,20250318,2188,1,,2,Correo Argentino,DELIVERED,2025-03-18 17:12:24,2025-03-21 10:02:55,3
9000004754,1000008306,20250318,1992,1,,1,Correo Argentino,DELIVERED,2025-03-18 18:24:13,2025-03-19 12:21:21,1
9000004755,1000008307,20250318,2636,1,,1,Correo Argentino,DELIVERED,2025-03-18 18:51:57,2025-03-20 18:20:48,2
9000004756,1000008309,20250318,2637,1,,2,Correo Argentino,DELIVERED,2025-03-18 18:04:59,2025-03-20 10:33:24,2
9000004757,1000008311,20250318,2638,1,,4,Correo Argentino,DELIVERED,2025-03-19 17:46:54,2025-03-21 15:00:35,3
9000004758,1000008312,20250318,2246,1,,2,Correo Argentino,DELIVERED,2025-03-19 16:38:52,2025-03-24 19:18:51,6
9000004760,1000008315,20250318,1916,1,,1,Correo Argentino,DELIVERED,2025-03-19 17:18:41,2025-03-21 09:34:55,3
9000004762,1000008317,20250318,2639,1,,1,Correo Argentino,DELIVERED,2025-03-19 16:09:12,2025-03-20 17:08:47,2
9000004763,1000008318,20250318,1736,1,,1,Correo Argentino,DELIVERED,2025-03-19 17:56:38,2025-03-20 16:11:51,2
9000004764,1000008319,20250318,1185,1,,4,Correo Argentino,DELIVERED,2025-03-19 18:19:56,2025-03-21 12:22:57,3
9000004765,1000008320,20250318,2288,1,,4,Correo Argentino,DELIVERED,2025-03-19 18:02:58,2025-03-24 17:51:14,6
9000004766,1000008321,20250319,2640,1,,2,Correo Argentino,DELIVERED,2025-03-19 16:11:39,2025-03-25 10:36:57,6
9000004767,1000008322,20250319,2131,1,,1,Correo Argentino,DELIVERED,2025-03-19 16:44:08,2025-03-21 14:58:37,2
9000004768,1000008323,20250319,789,1,,3,Correo Argentino,DELIVERED,2025-03-19 17:19:24,2025-03-24 12:13:00,5
9000004769,1000008324,20250319,941,1,,1,Correo Argentino,DELIVERED,2025-03-19 18:10:19,2025-03-20 13:02:14,1
9000004770,1000008325,20250319,112,1,,1,Correo Argentino,DELIVERED,2025-03-19 16:15:31,2025-03-20 16:10:05,1
9000004771,1000008326,20250319,1020,1,,3,Correo Argentino,DELIVERED,2025-03-19 16:58:39,2025-03-26 19:59:42,7
9000004772,1000008329,20250319,2643,1,,1,Correo Argentino,DELIVERED,2025-03-19 17:47:18,2025-03-20 19:19:26,1
9000004773,1000008332,20250319,986,1,,4,Correo Argentino,DELIVERED,2025-03-20 17:07:44,2025-03-26 12:55:23,7
9000004775,1000008338,20250319,1233,1,,2,Correo Argentino,DELIVERED,2025-03-20 16:49:11,2025-03-26 09:36:03,7
9000004776,1000008339,20250319,1025,1,,3,Correo Argentino,DELIVERED,2025-03-20 16:27:16,2025-03-25 10:22:57,6
9000004777,1000008340,20250319,1047,1,,3,Correo Argentino,DELIVERED,2025-03-20 17:52:49,2025-03-25 10:50:24,6
9000004778,1000008341,20250319,2415,1,,4,Correo Argentino,DELIVERED,2025-03-20 18:57:57,2025-03-26 09:41:38,7
9000004779,1000008342,20250319,1850,1,,1,Correo Argentino,DELIVERED,2025-03-21 18:21:57,2025-03-24 10:05:50,5
9000004780,1000008347,20250320,1842,1,,2,Correo Argentino,DELIVERED,2025-03-21 17:09:03,2025-03-28 11:43:03,8
9000004781,1000008349,20250320,2359,1,,1,Correo Argentino,DELIVERED,2025-03-21 16:43:29,2025-03-24 13:20:30,4
9000004782,1000008353,20250320,791,1,,1,Correo Argentino,DELIVERED,2025-03-21 16:39:13,2025-03-25 13:44:32,5
9000004783,1000008355,20250320,1485,1,,1,Correo Argentino,DELIVERED,2025-03-21 17:17:29,2025-03-24 16:25:10,4
9000004784,1000008356,20250320,1539,1,,1,Correo Argentino,DELIVERED,2025-03-21 16:32:06,2025-03-24 10:48:43,4
9000004786,1000008358,20250320,764,1,,1,Correo Argentino,DELIVERED,2025-03-21 16:10:17,2025-03-25 14:54:54,5
9000004787,1000008359,20250320,2650,1,,4,Correo Argentino,DELIVERED,2025-03-21 18:29:51,2025-03-26 17:31:31,6
9000004788,1000008360,20250320,2044,1,,1,Correo Argentino,DELIVERED,2025-03-21 18:14:46,2025-03-25 09:29:52,5
9000004789,1000008361,20250321,2479,1,,1,Correo Argentino,DELIVERED,2025-03-21 16:53:03,2025-03-25 09:44:10,4
9000004790,1000008362,20250321,2286,1,,3,Correo Argentino,DELIVERED,2025-03-21 17:11:02,2025-03-26 09:30:28,5
9000004791,1000008363,20250321,1149,1,,4,Correo Argentino,DELIVERED,2025-03-24 17:10:36,2025-03-28 10:44:05,7
9000004792,1000008365,20250321,2654,1,,1,Correo Argentino,DELIVERED,2025-03-24 16:50:45,2025-03-26 18:49:34,5
9000004793,1000008368,20250321,2085,1,,2,Correo Argentino,DELIVERED,2025-03-25 17:35:15,2025-03-31 13:21:40,10
9000004794,1000008369,20250321,2142,1,,1,Correo Argentino,DELIVERED,2025-03-24 17:42:12,2025-03-26 11:52:31,5
9000004795,1000008375,20250321,2657,1,,3,Correo Argentino,DELIVERED,2025-03-24 18:05:35,2025-03-26 09:47:31,5
9000004796,1000008377,20250321,1120,1,,1,Correo Argentino,DELIVERED,2025-03-24 18:00:57,2025-03-25 11:36:23,4
9000004797,1000008378,20250322,2127,1,,2,Correo Argentino,DELIVERED,2025-03-24 16:31:17,2025-03-27 12:44:00,5
9000004798,1000008379,20250322,2658,1,,3,Correo Argentino,DELIVERED,2025-03-24 17:14:20,2025-03-28 12:07:31,6
9000004799,1000008380,20250322,2659,1,,1,Correo Argentino,DELIVERED,2025-03-24 18:20:21,2025-03-25 14:11:35,3
9000004800,1000008382,20250322,2660,1,,1,Correo Argentino,DELIVERED,2025-03-24 16:30:41,2025-03-26 14:46:58,4
9000004801,1000008383,20250322,3,1,,3,Correo Argentino,DELIVERED,2025-03-24 17:28:08,2025-03-27 12:20:26,5
9000004802,1000008384,20250322,2254,1,,1,Correo Argentino,DELIVERED,2025-03-24 17:22:16,2025-03-26 16:36:48,4
9000004803,1000008385,20250322,2065,1,,1,Correo Argentino,DELIVERED,2025-03-24 18:14:52,2025-03-26 19:58:16,4
9000004805,1000008390,20250322,2324,1,,1,Correo Argentino,DELIVERED,2025-03-24 18:15:09,2025-03-27 15:22:51,5
9000004806,1000008395,20250322,1851,1,,4,Correo Argentino,DELIVERED,2025-03-24 16:43:56,2025-03-31 10:50:01,9
9000004807,1000008399,20250322,1909,1,,1,Correo Argentino,DELIVERED,2025-03-24 18:45:25,2025-03-26 14:03:16,4
9000004808,1000008402,20250322,1643,1,,1,Correo Argentino,DELIVERED,2025-03-24 16:36:17,2025-03-26 17:12:36,4
9000004809,1000008406,20250322,2664,1,,1,Correo Argentino,DELIVERED,2025-03-24 17:34:46,2025-03-25 14:33:43,3
9000004810,1000008409,20250322,1330,1,,3,Correo Argentino,DELIVERED,2025-03-24 16:01:14,2025-03-26 13:36:43,4
9000004811,1000008410,20250322,1849,1,,1,Correo Argentino,DELIVERED,2025-03-24 17:24:31,2025-03-26 09:12:16,4
9000004812,1000008411,20250322,361,1,,1,Correo Argentino,DELIVERED,2025-03-24 16:25:05,2025-03-27 15:00:58,5
9000004813,1000008412,20250323,1705,1,,1,Correo Argentino,DELIVERED,2025-03-24 17:30:44,2025-03-27 16:23:09,4
9000004814,1000008413,20250323,1714,1,,2,Correo Argentino,DELIVERED,2025-03-24 16:14:19,2025-03-27 17:36:49,4
9000004815,1000008415,20250323,2667,1,,2,Correo Argentino,DELIVERED,2025-03-24 18:30:30,2025-03-27 17:33:57,4
9000004816,1000008416,20250323,2669,1,,1,Correo Argentino,DELIVERED,2025-03-24 17:22:46,2025-03-26 18:36:36,3
9000004817,1000008417,20250323,2510,1,,4,Correo Argentino,DELIVERED,2025-03-24 16:39:47,2025-03-26 17:39:10,3
9000004818,1000008418,20250323,622,1,,2,Correo Argentino,DELIVERED,2025-03-24 17:06:03,2025-03-28 12:02:35,5
9000004819,1000008419,20250323,161,1,,2,Correo Argentino,DELIVERED,2025-03-24 18:54:46,2025-03-28 11:46:21,5
9000004820,1000008421,20250324,1969,1,,1,Correo Argentino,DELIVERED,2025-03-24 18:47:00,2025-03-25 11:13:13,1
9000004821,1000008422,20250324,348,1,,3,Correo Argentino,DELIVERED,2025-03-24 17:55:18,2025-03-27 12:22:05,3
9000004822,1000008423,20250324,2670,1,,3,Correo Argentino,DELIVERED,2025-03-24 17:40:26,2025-03-28 09:41:41,4
9000004823,1000008426,20250324,579,1,,1,Correo Argentino,DELIVERED,2025-03-24 16:32:55,2025-03-27 13:39:40,3
9000004824,1000008427,20250324,708,1,,1,Correo Argentino,DELIVERED,2025-03-24 18:54:14,2025-03-26 12:51:59,2
9000004825,1000008429,20250324,1638,1,,4,Correo Argentino,DELIVERED,2025-03-25 16:10:09,2025-03-28 16:10:38,4
9000004826,1000008431,20250324,2672,1,,2,Correo Argentino,DELIVERED,2025-03-25 18:50:18,2025-03-27 09:56:34,3
9000004827,1000008432,20250324,783,1,,1,Correo Argentino,DELIVERED,2025-03-25 18:15:54,2025-03-27 17:25:01,3
9000004828,1000008433,20250324,2673,1,,2,Correo Argentino,DELIVERED,2025-03-25 18:34:02,2025-03-27 10:05:34,3
9000004829,1000008436,20250324,1409,1,,3,Correo Argentino,DELIVERED,2025-03-25 18:25:23,2025-03-31 19:03:40,7
9000004830,1000008437,20250324,1207,1,,3,Correo Argentino,DELIVERED,2025-03-25 17:57:45,2025-03-28 15:25:24,4
9000004831,1000008439,20250324,1075,1,,3,Correo Argentino,DELIVERED,2025-03-25 16:59:30,2025-03-28 17:16:18,4
9000004832,1000008440,20250324,1105,1,,2,Correo Argentino,DELIVERED,2025-03-25 18:46:11,2025-03-28 17:59:38,4
9000004833,1000008441,20250324,2674,1,,1,Correo Argentino,DELIVERED,2025-03-25 17:12:19,2025-03-26 13:24:39,2
9000004834,1000008443,20250325,68,1,,1,Correo Argentino,DELIVERED,2025-03-25 16:22:45,2025-03-26 13:07:25,1
9000004835,1000008447,20250325,1420,1,,1,Correo Argentino,DELIVERED,2025-03-26 17:37:03,2025-03-28 14:18:09,3
9000004836,1000008449,20250325,2357,1,,2,Correo Argentino,DELIVERED,2025-03-26 17:40:20,2025-03-28 14:03:52,3
9000004837,1000008450,20250325,1501,1,,3,Correo Argentino,DELIVERED,2025-03-26 16:28:19,2025-04-01 19:38:13,7
9000004838,1000008451,20250325,2676,1,,1,Correo Argentino,DELIVERED,2025-03-26 16:13:37,2025-03-27 10:05:45,2
9000004839,1000008452,20250325,2515,1,,2,Correo Argentino,DELIVERED,2025-03-26 18:39:56,2025-03-31 17:43:49,6
9000004840,1000008453,20250325,222,1,,1,Correo Argentino,DELIVERED,2025-03-26 17:50:39,2025-03-28 12:35:35,3
9000004841,1000008457,20250325,335,1,,4,Correo Argentino,DELIVERED,2025-03-26 16:49:39,2025-04-01 10:28:12,7
9000004842,1000008458,20250325,1973,1,,2,Correo Argentino,DELIVERED,2025-03-26 17:52:29,2025-03-28 15:48:31,3
9000004843,1000008459,20250325,2678,1,,2,Correo Argentino,DELIVERED,2025-03-26 18:22:41,2025-03-31 14:38:24,6
9000004844,1000008460,20250325,404,1,,1,Correo Argentino,DELIVERED,2025-03-27 17:56:50,2025-04-01 17:27:40,7
9000004845,1000008461,20250325,2378,1,,2,Correo Argentino,DELIVERED,2025-03-26 18:59:09,2025-04-01 18:03:53,7
9000004846,1000008462,20250326,2455,1,,1,Correo Argentino,DELIVERED,2025-03-26 16:01:16,2025-03-28 17:57:35,2
9000004847,1000008463,20250326,2443,1,,4,Correo Argentino,DELIVERED,2025-03-26 17:18:44,2025-04-01 18:17:10,6
9000004848,1000008465,20250326,497,1,,1,Correo Argentino,DELIVERED,2025-03-26 18:00:47,2025-03-28 13:08:59,2
9000004849,1000008466,20250326,2679,1,,2,Correo Argentino,DELIVERED,2025-03-26 17:43:42,2025-04-02 13:02:39,7
9000004850,1000008468,20250326,1285,1,,3,Correo Argentino,DELIVERED,2025-03-27 16:58:25,2025-03-31 13:15:11,5
9000004851,1000008473,20250326,1814,1,,4,Correo Argentino,DELIVERED,2025-03-27 17:39:28,2025-03-31 10:17:12,5
9000004852,1000008474,20250326,2680,1,,3,Correo Argentino,DELIVERED,2025-03-27 17:23:00,2025-04-02 11:59:59,7
9000004853,1000008475,20250326,1780,1,,1,Correo Argentino,DELIVERED,2025-03-27 16:29:20,2025-03-28 10:18:26,2
9000004854,1000008476,20250327,2681,1,,1,Correo Argentino,DELIVERED,2025-03-27 18:27:11,2025-04-01 15:55:58,5
9000004855,1000008477,20250327,2352,1,,4,Correo Argentino,DELIVERED,2025-03-27 18:09:30,2025-04-02 13:29:49,6
9000004856,1000008478,20250327,1225,1,,4,Correo Argentino,DELIVERED,2025-03-27 17:51:53,2025-03-31 19:27:10,4
9000004857,1000008481,20250327,296,1,,2,Correo Argentino,DELIVERED,2025-03-27 16:20:26,2025-04-02 12:26:35,6
9000004858,1000008486,20250327,2437,1,,3,Correo Argentino,DELIVERED,2025-03-27 17:39:38,2025-04-01 19:29:05,5
9000004859,1000008488,20250327,1890,1,,3,Correo Argentino,DELIVERED,2025-03-28 16:29:21,2025-04-01 16:45:01,5
9000004860,1000008489,20250327,1279,1,,2,Correo Argentino,DELIVERED,2025-03-28 18:58:12,2025-04-02 19:44:55,6
9000004861,1000008491,20250327,1187,1,,1,Correo Argentino,DELIVERED,2025-03-28 18:07:08,2025-03-31 14:49:05,4
9000004862,1000008494,20250327,852,1,,4,Correo Argentino,DELIVERED,2025-03-28 17:56:43,2025-04-02 13:51:31,6
9000004863,1000008496,20250328,2682,1,,1,Correo Argentino,DELIVERED,2025-03-28 16:55:44,2025-04-02 11:27:13,5
9000004864,1000008498,20250328,2683,1,,1,Correo Argentino,DELIVERED,2025-03-28 17:40:24,2025-03-31 12:17:31,3
9000004865,1000008502,20250328,2189,1,,4,Correo Argentino,DELIVERED,2025-03-31 18:27:36,2025-04-04 16:48:30,7
9000004866,1000008503,20250328,340,1,,1,Correo Argentino,DELIVERED,2025-03-31 16:27:51,2025-04-01 18:05:32,4
9000004867,1000008505,20250328,2289,1,,2,Correo Argentino,DELIVERED,2025-03-31 16:58:51,2025-04-04 13:31:34,7
9000004868,1000008507,20250328,1304,1,,2,Correo Argentino,DELIVERED,2025-03-31 17:39:43,2025-04-07 09:44:12,10
9000004869,1000008511,20250328,11,1,,4,Correo Argentino,DELIVERED,2025-03-31 16:00:35,2025-04-03 12:52:07,6
9000004870,1000008512,20250328,2684,1,,2,Correo Argentino,DELIVERED,2025-03-31 16:09:39,2025-04-03 14:21:00,6
9000004871,1000008515,20250328,2184,1,,1,Correo Argentino,DELIVERED,2025-03-31 16:52:15,2025-04-02 13:09:37,5
9000004872,1000008516,20250329,2636,1,,1,Correo Argentino,DELIVERED,2025-03-31 18:17:53,2025-04-02 14:23:08,4
9000004873,1000008520,20250329,2051,1,,1,Correo Argentino,DELIVERED,2025-03-31 16:20:24,2025-04-02 09:55:08,4
9000004874,1000008522,20250329,2686,1,,3,Correo Argentino,DELIVERED,2025-03-31 16:53:12,2025-04-04 14:08:12,6
9000004875,1000008523,20250329,2218,1,,1,Correo Argentino,DELIVERED,2025-03-31 16:46:52,2025-04-02 18:04:22,4
9000004876,1000008525,20250329,2687,1,,2,Correo Argentino,DELIVERED,2025-03-31 17:24:13,2025-04-04 11:50:32,6
9000004877,1000008527,20250329,728,1,,1,Correo Argentino,DELIVERED,2025-03-31 18:58:59,2025-04-03 10:17:01,5
9000004878,1000008530,20250329,1978,1,,1,Correo Argentino,DELIVERED,2025-03-31 16:34:27,2025-04-03 15:46:25,5
9000004879,1000008531,20250329,2093,1,,1,Correo Argentino,DELIVERED,2025-03-31 17:42:24,2025-04-01 10:49:53,3
9000004880,1000008532,20250330,2258,1,,1,Correo Argentino,DELIVERED,2025-03-31 18:46:02,2025-04-01 13:54:38,2
9000004881,1000008533,20250330,666,1,,1,Correo Argentino,DELIVERED,2025-03-31 16:14:26,2025-04-02 10:07:20,3
9000004882,1000008534,20250330,2080,1,,1,Correo Argentino,CANCELLED,,,
9000004883,1000008535,20250330,2689,1,,1,Correo Argentino,DELIVERED,2025-03-31 16:51:21,2025-04-03 10:01:00,4
9000004884,1000008536,20250330,1734,1,,2,Correo Argentino,DELIVERED,2025-03-31 18:17:16,2025-04-07 19:48:28,8
9000004885,1000008537,20250330,2690,1,,1,Correo Argentino,DELIVERED,2025-03-31 16:04:16,2025-04-01 16:30:06,2
9000004886,1000008538,20250330,1897,1,,1,Correo Argentino,DELIVERED,2025-03-31 16:46:03,2025-04-02 15:03:01,3
9000004887,1000008539,20250330,1239,1,,1,Correo Argentino,DELIVERED,2025-03-31 17:34:59,2025-04-01 16:07:15,2
9000004888,1000008540,20250330,2038,1,,4,Correo Argentino,DELIVERED,2025-04-01 17:42:57,2025-04-03 10:28:59,4
9000004889,1000008541,20250330,1194,1,,3,Correo Argentino,DELIVERED,2025-03-31 18:15:59,2025-04-07 16:21:10,8
9000004890,1000008542,20250330,2691,1,,2,Correo Argentino,DELIVERED,2025-03-31 16:08:59,2025-04-03 19:32:48,4
9000004891,1000008543,20250330,2693,1,,3,Correo Argentino,DELIVERED,2025-03-31 18:53:16,2025-04-02 16:02:22,3
9000004892,1000008544,20250330,2694,1,,1,Correo Argentino,DELIVERED,2025-03-31 17:51:19,2025-04-01 15:04:05,2
9000004893,1000008545,20250330,2695,1,,4,Correo Argentino,DELIVERED,2025-03-31 18:18:18,2025-04-04 13:17:22,5
9000004894,1000008546,20250331,2696,1,,4,Correo Argentino,DELIVERED,2025-03-31 18:24:43,2025-04-02 17:21:07,2
9000004895,1000008547,20250331,2697,1,,4,Correo Argentino,DELIVERED,2025-03-31 16:54:08,2025-04-03 11:31:00,3
9000004896,1000008549,20250331,2260,1,,4,Correo Argentino,DELIVERED,2025-03-31 17:53:35,2025-04-03 15:22:00,3
9000004898,1000008558,20250331,2434,1,,1,Correo Argentino,DELIVERED,2025-04-01 18:06:14,2025-04-02 17:01:17,2
9000004899,1000008560,20250331,913,1,,3,Correo Argentino,DELIVERED,2025-04-01 16:28:54,2025-04-04 09:41:16,4
9000004900,1000008561,20250331,703,1,,3,Correo Argentino,DELIVERED,2025-04-01 18:46:50,2025-04-04 10:58:13,4
9000004901,1000008562,20250331,73,1,,2,Correo Argentino,DELIVERED,2025-04-01 16:53:59,2025-04-04 16:04:51,4
9000004902,1000008564,20250401,2209,1,,4,Correo Argentino,DELIVERED,2025-04-01 17:55:48,2025-04-04 13:23:39,3
9000004903,1000008565,20250401,2704,1,,3,Correo Argentino,DELIVERED,2025-04-01 16:12:32,2025-04-08 09:43:18,7
9000004904,1000008567,20250401,2705,1,,1,Correo Argentino,DELIVERED,2025-04-02 18:01:26,2025-04-07 14:27:07,6
9000004905,1000008568,20250401,1345,1,,1,Correo Argentino,DELIVERED,2025-04-02 16:31:25,2025-04-04 14:52:46,3
9000004906,1000008569,20250401,2706,1,,4,Correo Argentino,DELIVERED,2025-04-02 16:25:07,2025-04-04 15:24:35,3
9000004907,1000008570,20250401,2035,1,,4,Correo Argentino,DELIVERED,2025-04-02 16:09:26,2025-04-08 13:55:40,7
9000004908,1000008571,20250401,2130,1,,1,Correo Argentino,DELIVERED,2025-04-02 18:44:40,2025-04-03 11:14:27,2
9000004909,1000008576,20250401,1849,1,,1,Correo Argentino,DELIVERED,2025-04-02 18:53:47,2025-04-04 14:33:04,3
9000004910,1000008577,20250401,1500,1,,2,Correo Argentino,DELIVERED,2025-04-02 16:31:53,2025-04-07 10:18:01,6
9000004911,1000008578,20250401,1360,1,,1,Correo Argentino,DELIVERED,2025-04-02 18:36:04,2025-04-03 10:35:46,2
9000004912,1000008579,20250401,2012,1,,1,Correo Argentino,DELIVERED,2025-04-02 17:47:29,2025-04-04 13:53:12,3
9000004913,1000008580,20250402,2710,1,,1,Correo Argentino,DELIVERED,2025-04-02 16:18:46,2025-04-04 15:06:14,2
9000004914,1000008581,20250402,2441,1,,1,Correo Argentino,DELIVERED,2025-04-02 17:40:08,2025-04-04 12:45:12,2
9000004915,1000008582,20250402,2020,1,,1,Correo Argentino,DELIVERED,2025-04-02 16:19:51,2025-04-07 14:50:24,5
9000004916,1000008583,20250402,2105,1,,1,Correo Argentino,DELIVERED,2025-04-02 16:21:57,2025-04-03 17:55:12,1
9000004917,1000008586,20250402,1576,1,,2,Correo Argentino,DELIVERED,2025-04-02 18:59:24,2025-04-08 19:57:15,6
9000004918,1000008587,20250402,836,1,,2,Correo Argentino,DELIVERED,2025-04-02 17:19:24,2025-04-07 18:25:27,5
9000004919,1000008590,20250402,1077,1,,3,Correo Argentino,DELIVERED,2025-04-03 16:25:05,2025-04-09 18:00:18,7
9000004920,1000008591,20250402,2713,1,,1,Correo Argentino,DELIVERED,2025-04-03 17:16:50,2025-04-04 15:50:54,2
9000004921,1000008593,20250402,2714,1,,1,Correo Argentino,DELIVERED,2025-04-03 18:35:05,2025-04-07 11:57:41,5
9000004922,1000008595,20250402,1794,1,,3,Correo Argentino,DELIVERED,2025-04-03 17:25:43,2025-04-08 11:16:14,6
9000004923,1000008596,20250402,2036,1,,2,Correo Argentino,DELIVERED,2025-04-03 18:11:27,2025-04-10 12:15:44,8
9000004924,1000008598,20250402,1847,1,,1,Correo Argentino,CANCELLED,,,
9000004925,1000008599,20250402,2715,1,,1,Correo Argentino,DELIVERED,2025-04-03 16:09:09,2025-04-04 12:13:45,2
9000004926,1000008600,20250402,447,1,,1,Correo Argentino,DELIVERED,2025-04-03 17:34:54,2025-04-04 10:23:37,2
9000004927,1000008601,20250403,2638,1,,4,Correo Argentino,DELIVERED,2025-04-03 17:39:41,2025-04-07 17:47:22,4
9000004928,1000008602,20250403,2716,1,,1,Correo Argentino,DELIVERED,2025-04-03 18:09:25,2025-04-08 13:16:29,5
9000004929,1000008603,20250403,41,1,,1,Correo Argentino,DELIVERED,2025-04-03 17:46:51,2025-04-08 15:25:36,5
9000004931,1000008607,20250403,644,1,,2,Correo Argentino,DELIVERED,2025-04-04 18:19:46,2025-04-09 11:39:01,6
9000004932,1000008614,20250403,1947,1,,3,Correo Argentino,DELIVERED,2025-04-04 16:12:24,2025-04-10 16:16:43,7
9000004933,1000008615,20250403,1339,1,,2,Correo Argentino,DELIVERED,2025-04-04 18:55:52,2025-04-10 14:39:01,7
9000004935,1000008618,20250403,2717,1,,1,Correo Argentino,DELIVERED,2025-04-04 16:08:41,2025-04-07 16:26:58,4
9000004936,1000008619,20250404,1432,1,,4,Correo Argentino,DELIVERED,2025-04-04 16:46:57,2025-04-09 18:50:27,5
9000004937,1000008620,20250404,402,1,,3,Correo Argentino,DELIVERED,2025-04-04 16:36:40,2025-04-09 19:05:50,5
9000004938,1000008623,20250404,2718,1,,3,Correo Argentino,DELIVERED,2025-04-04 16:09:39,2025-04-10 09:38:27,6
9000004939,1000008624,20250404,2270,1,,1,Correo Argentino,DELIVERED,2025-04-04 16:21:58,2025-04-07 12:57:34,3
9000004940,1000008626,20250404,2371,1,,1,Correo Argentino,DELIVERED,2025-04-07 18:03:55,2025-04-09 18:54:19,5
9000004941,1000008630,20250404,2669,1,,1,Correo Argentino,DELIVERED,2025-04-07 18:42:08,2025-04-09 19:31:59,5
9000004942,1000008631,20250404,1834,1,,2,Correo Argentino,DELIVERED,2025-04-07 17:54:27,2025-04-11 12:54:08,7
9000004943,1000008636,20250404,2274,1,,3,Correo Argentino,DELIVERED,2025-04-07 18:28:53,2025-04-10 11:18:49,6
9000004944,1000008637,20250404,2063,1,,1,Correo Argentino,DELIVERED,2025-04-07 18:05:42,2025-04-10 09:41:09,6
9000004945,1000008638,20250405,2719,1,,1,Correo Argentino,DELIVERED,2025-04-07 18:16:42,2025-04-08 10:56:30,3
9000004946,1000008639,20250405,2514,1,,2,Correo Argentino,DELIVERED,2025-04-07 17:46:16,2025-04-11 16:32:33,6
9000004947,1000008640,20250405,2720,1,,1,Correo Argentino,DELIVERED,2025-04-07 16:12:45,2025-04-08 11:58:46,3
9000004950,1000008644,20250405,578,1,,1,Correo Argentino,DELIVERED,2025-04-07 17:08:18,2025-04-09 09:44:01,4
9000004951,1000008645,20250405,2221,1,,3,Correo Argentino,DELIVERED,2025-04-07 17:38:35,2025-04-09 10:30:34,4
9000004952,1000008647,20250405,715,1,,2,Correo Argentino,DELIVERED,2025-04-07 16:25:02,2025-04-11 09:54:15,6
9000004953,1000008649,20250405,2723,1,,1,Correo Argentino,DELIVERED,2025-04-07 17:20:45,2025-04-09 11:16:51,4
9000004954,1000008650,20250405,1407,1,,3,Correo Argentino,DELIVERED,2025-04-07 18:51:09,2025-04-11 17:33:10,6
9000004955,1000008652,20250405,469,1,,3,Correo Argentino,DELIVERED,2025-04-07 16:06:51,2025-04-10 19:20:01,5
9000004956,1000008654,20250405,1337,1,,1,Correo Argentino,DELIVERED,2025-04-07 16:42:20,2025-04-09 10:01:41,4
9000004957,1000008655,20250406,2462,1,,2,Correo Argentino,DELIVERED,2025-04-07 18:54:07,2025-04-10 17:11:53,4
9000004958,1000008656,20250406,2724,1,,2,Correo Argentino,CANCELLED,,,
9000004959,1000008657,20250406,369,1,,3,Correo Argentino,DELIVERED,2025-04-07 17:56:25,2025-04-11 09:54:06,5
9000004960,1000008658,20250406,965,1,,1,Correo Argentino,DELIVERED,2025-04-07 18:51:51,2025-04-09 14:02:58,3
9000004961,1000008659,20250406,2726,1,,1,Correo Argentino,DELIVERED,2025-04-07 16:05:42,2025-04-08 19:22:37,2
9000004962,1000008660,20250406,2728,1,,3,Correo Argentino,DELIVERED,2025-04-07 16:54:14,2025-04-10 13:34:33,4
9000004963,1000008661,20250406,1665,1,,2,Correo Argentino,DELIVERED,2025-04-07 16:11:26,2025-04-11 09:11:16,5
9000004964,1000008662,20250406,2095,1,,1,Correo Argentino,DELIVERED,2025-04-07 17:32:41,2025-04-09 18:17:55,3
9000004965,1000008663,20250406,1370,1,,3,Correo Argentino,DELIVERED,2025-04-07 18:00:06,2025-04-14 11:53:08,8
9000004966,1000008665,20250406,2729,1,,2,Correo Argentino,DELIVERED,2025-04-07 16:05:57,2025-04-10 16:13:55,4
9000004967,1000008666,20250406,2182,1,,1,Correo Argentino,DELIVERED,2025-04-07 16:15:21,2025-04-10 09:35:11,4
9000004968,1000008667,20250406,1479,1,,1,Correo Argentino,DELIVERED,2025-04-09 17:23:26,2025-04-10 15:56:48,4
9000004969,1000008668,20250406,1866,1,,2,Correo Argentino,DELIVERED,2025-04-07 18:29:48,2025-04-11 19:10:00,5
9000004970,1000008669,20250406,1808,1,,2,Correo Argentino,DELIVERED,2025-04-07 17:44:00,2025-04-11 19:30:42,5
9000004971,1000008670,20250406,2730,1,,4,Correo Argentino,DELIVERED,2025-04-07 16:03:18,2025-04-14 16:00:40,8
9000004972,1000008671,20250406,2092,1,,2,Correo Argentino,DELIVERED,2025-04-07 17:42:22,2025-04-14 19:19:23,8
9000004973,1000008672,20250406,2190,1,,1,Correo Argentino,DELIVERED,2025-04-07 18:36:10,2025-04-08 17:24:45,2
9000004974,1000008673,20250406,1456,1,,2,Correo Argentino,DELIVERED,2025-04-07 17:41:41,2025-04-14 15:04:27,8
9000004975,1000008674,20250406,1306,1,,1,Correo Argentino,DELIVERED,2025-04-07 17:59:56,2025-04-08 12:53:28,2
9000004976,1000008679,20250407,2733,1,,4,Correo Argentino,DELIVERED,2025-04-08 17:33:27,2025-04-14 12:27:25,7
9000004977,1000008680,20250407,1660,1,,2,Correo Argentino,DELIVERED,2025-04-08 18:48:07,2025-04-14 13:38:20,7
9000004978,1000008681,20250407,1541,1,,3,Correo Argentino,DELIVERED,2025-04-08 16:20:26,2025-04-14 12:12:12,7
9000004979,1000008682,20250407,1796,1,,1,Correo Argentino,DELIVERED,2025-04-08 16:13:31,2025-04-09 11:29:12,2
9000004980,1000008683,20250407,46,1,,3,Correo Argentino,CANCELLED,,,
9000004981,1000008684,20250407,629,1,,1,Correo Argentino,DELIVERED,2025-04-08 17:09:54,2025-04-10 13:41:25,3
9000004982,1000008685,20250407,1637,1,,1,Correo Argentino,DELIVERED,2025-04-08 17:48:01,2025-04-09 09:20:53,2
9000004983,1000008688,20250408,2111,1,,1,Correo Argentino,DELIVERED,2025-04-08 17:35:05,2025-04-10 12:35:01,2
9000004984,1000008689,20250408,770,1,,1,Correo Argentino,DELIVERED,2025-04-08 18:41:16,2025-04-10 16:51:16,2
9000004985,1000008690,20250408,1002,1,,3,Correo Argentino,DELIVERED,2025-04-08 16:50:59,2025-04-14 14:22:31,6
9000004986,1000008691,20250408,2735,1,,2,Correo Argentino,DELIVERED,2025-04-08 16:19:02,2025-04-15 10:29:43,7
9000004987,1000008693,20250408,89,1,,3,Correo Argentino,DELIVERED,2025-04-08 17:14:37,2025-04-15 12:22:27,7
9000004988,1000008697,20250408,1892,1,,3,Correo Argentino,DELIVERED,2025-04-09 17:37:03,2025-04-11 17:19:32,3
9000004989,1000008698,20250408,2738,1,,1,Correo Argentino,DELIVERED,2025-04-08 18:55:49,2025-04-10 13:55:28,2
9000004990,1000008699,20250408,2737,1,,3,Correo Argentino,DELIVERED,2025-04-08 16:39:12,2025-04-11 09:58:45,3
9000004991,1000008701,20250408,2739,1,,2,Correo Argentino,DELIVERED,2025-04-09 16:37:58,2025-04-15 12:44:50,7
9000004992,1000008705,20250408,1273,1,,2,Correo Argentino,DELIVERED,2025-04-09 18:58:25,2025-04-14 19:56:44,6
9000004993,1000008706,20250408,1882,1,,1,Correo Argentino,DELIVERED,2025-04-09 18:40:24,2025-04-14 14:16:29,6
9000004994,1000008709,20250408,514,1,,4,Correo Argentino,DELIVERED,2025-04-09 17:20:40,2025-04-14 16:22:13,6
9000004995,1000008710,20250408,2114,1,,1,Correo Argentino,DELIVERED,2025-04-09 18:36:54,2025-04-11 11:09:01,3
9000004996,1000008712,20250408,1756,1,,1,Correo Argentino,DELIVERED,2025-04-09 16:35:33,2025-04-11 09:42:16,3
9000004997,1000008714,20250408,1607,1,,3,Correo Argentino,DELIVERED,2025-04-09 18:03:54,2025-04-14 17:33:21,6
9000004998,1000008715,20250408,1864,1,,4,Correo Argentino,DELIVERED,2025-04-09 17:20:05,2025-04-11 19:01:50,3
9000004999,1000008716,20250408,2565,1,,3,Correo Argentino,DELIVERED,2025-04-09 16:08:52,2025-04-15 09:35:11,7
9000005000,1000008717,20250408,1606,1,,2,Correo Argentino,DELIVERED,2025-04-09 17:11:06,2025-04-15 10:24:42,7
9000005001,1000008718,20250408,2454,1,,2,Correo Argentino,DELIVERED,2025-04-09 17:59:34,2025-04-15 10:07:41,7
9000005002,1000008719,20250408,653,1,,3,Correo Argentino,DELIVERED,2025-04-09 18:22:25,2025-04-14 15:58:40,6
9000005003,1000008722,20250409,2411,1,,3,Correo Argentino,DELIVERED,2025-04-09 16:25:48,2025-04-16 14:02:31,7
9000005004,1000008723,20250409,411,1,,1,Correo Argentino,DELIVERED,2025-04-09 17:59:30,2025-04-11 10:27:34,2
9000005005,1000008724,20250409,1001,1,,3,Correo Argentino,DELIVERED,2025-04-09 18:43:39,2025-04-14 12:53:57,5
9000005006,1000008725,20250409,2681,1,,1,Correo Argentino,DELIVERED,2025-04-10 16:17:11,2025-04-15 18:50:32,6
9000005007,1000008726,20250409,2743,1,,1,Correo Argentino,DELIVERED,2025-04-09 18:03:14,2025-04-11 09:18:37,2
9000005008,1000008728,20250409,2362,1,,1,Correo Argentino,DELIVERED,2025-04-10 18:55:26,2025-04-15 18:58:41,6
9000005009,1000008729,20250409,812,1,,2,Correo Argentino,DELIVERED,2025-04-10 17:24:24,2025-04-15 13:20:56,6
9000005010,1000008730,20250409,1499,1,,3,Correo Argentino,DELIVERED,2025-04-10 18:30:09,2025-04-17 17:34:11,8
9000005011,1000008731,20250409,1350,1,,3,Correo Argentino,DELIVERED,2025-04-10 18:36:33,2025-04-16 16:15:33,7
9000005012,1000008733,20250409,2744,1,,1,Correo Argentino,DELIVERED,2025-04-10 18:13:14,2025-04-15 12:48:44,6
9000005013,1000008734,20250409,2478,1,,2,Correo Argentino,DELIVERED,2025-04-10 18:04:29,2025-04-17 18:43:31,8
9000005014,1000008735,20250409,696,1,,3,Correo Argentino,DELIVERED,2025-04-10 17:02:09,2025-04-15 16:39:02,6
9000005015,1000008738,20250409,1687,1,,1,Correo Argentino,DELIVERED,2025-04-10 17:40:04,2025-04-11 19:28:05,2
9000005016,1000008739,20250409,2294,1,,3,Correo Argentino,DELIVERED,2025-04-10 17:38:24,2025-04-15 09:57:06,6
9000005017,1000008740,20250409,1110,1,,4,Correo Argentino,CANCELLED,,,
9000005018,1000008741,20250409,2745,1,,2,Correo Argentino,DELIVERED,2025-04-10 16:09:46,2025-04-15 15:35:14,6
9000005019,1000008742,20250410,2746,1,,1,Correo Argentino,DELIVERED,2025-04-10 18:18:23,2025-04-11 18:17:07,1
9000005020,1000008743,20250410,26,1,,1,Correo Argentino,DELIVERED,2025-04-10 16:47:51,2025-04-14 19:37:01,4
9000005021,1000008745,20250410,2747,1,,1,Correo Argentino,DELIVERED,2025-04-10 16:13:11,2025-04-11 17:22:28,1
9000005022,1000008748,20250410,930,1,,1,Correo Argentino,DELIVERED,2025-04-10 16:14:07,2025-04-14 19:57:50,4
9000005023,1000008750,20250410,2750,1,,3,Correo Argentino,DELIVERED,2025-04-11 16:10:06,2025-04-16 16:12:29,6
9000005024,1000008752,20250410,2139,1,,1,Correo Argentino,DELIVERED,2025-04-11 17:43:57,2025-04-14 12:24:20,4
9000005025,1000008753,20250410,2752,1,,1,Correo Argentino,DELIVERED,2025-04-11 17:39:44,2025-04-14 18:34:41,4
9000005026,1000008754,20250410,2751,1,,2,Correo Argentino,DELIVERED,2025-04-11 16:15:43,2025-04-16 12:33:14,6
9000005027,1000008756,20250410,1015,1,,3,Correo Argentino,DELIVERED,2025-04-11 16:44:50,2025-04-17 18:08:38,7
9000005028,1000008758,20250410,671,1,,1,Correo Argentino,DELIVERED,2025-04-11 16:39:54,2025-04-15 09:16:06,5
9000005029,1000008759,20250410,2006,1,,2,Correo Argentino,DELIVERED,2025-04-11 16:20:46,2025-04-17 15:44:05,7
9000005030,1000008760,20250410,2141,1,,2,Correo Argentino,DELIVERED,2025-04-11 16:33:35,2025-04-17 12:24:40,7
9000005031,1000008761,20250410,2755,1,,1,Correo Argentino,DELIVERED,2025-04-11 17:37:36,2025-04-16 18:11:02,6
9000005032,1000008762,20250411,2519,1,,1,Correo Argentino,DELIVERED,2025-04-14 16:56:21,2025-04-16 13:04:13,5
9000005033,1000008764,20250411,2757,1,,2,Correo Argentino,DELIVERED,2025-04-11 17:23:08,2025-04-16 15:06:49,5
9000005034,1000008766,20250411,1423,1,,1,Correo Argentino,DELIVERED,2025-04-11 16:29:15,2025-04-14 12:35:22,3
9000005035,1000008768,20250411,667,1,,2,Correo Argentino,DELIVERED,2025-04-11 16:43:01,2025-04-17 11:21:46,6
9000005036,1000008769,20250411,1973,1,,2,Correo Argentino,CANCELLED,,,
9000005037,1000008770,20250411,2172,1,,1,Correo Argentino,DELIVERED,2025-04-11 18:31:29,2025-04-14 18:31:10,3
9000005038,1000008776,20250411,2759,1,,1,Correo Argentino,DELIVERED,2025-04-14 16:48:08,2025-04-16 15:05:20,5
9000005039,1000008777,20250411,2379,1,,1,Correo Argentino,DELIVERED,2025-04-14 16:20:48,2025-04-17 13:22:46,6
9000005040,1000008779,20250411,1159,1,,1,Correo Argentino,DELIVERED,2025-04-14 16:11:08,2025-04-17 15:25:55,6
9000005041,1000008781,20250411,1926,1,,2,Correo Argentino,DELIVERED,2025-04-14 18:19:58,2025-04-18 13:41:38,7
9000005042,1000008782,20250411,2343,1,,1,Correo Argentino,CANCELLED,,,
9000005043,1000008783,20250411,2760,1,,1,Correo Argentino,DELIVERED,2025-04-14 18:21:18,2025-04-16 18:43:54,5
9000005044,1000008784,20250411,1516,1,,2,Correo Argentino,DELIVERED,2025-04-14 16:02:47,2025-04-17 17:08:17,6
9000005045,1000008785,20250411,1772,1,,3,Correo Argentino,DELIVERED,2025-04-14 18:46:17,2025-04-16 16:30:00,5
9000005046,1000008786,20250411,2639,1,,1,Correo Argentino,CANCELLED,,,
9000005047,1000008787,20250412,2761,1,,2,Correo Argentino,DELIVERED,2025-04-14 18:36:43,2025-04-18 16:21:10,6
9000005048,1000008789,20250412,1437,1,,3,Correo Argentino,DELIVERED,2025-04-14 17:38:01,2025-04-17 15:49:30,5
9000005049,1000008790,20250412,1954,1,,1,Correo Argentino,DELIVERED,2025-04-14 18:07:49,2025-04-15 13:42:51,3
9000005050,1000008791,20250412,2762,1,,3,Correo Argentino,DELIVERED,2025-04-14 16:20:47,2025-04-18 18:19:27,6
9000005052,1000008793,20250412,1871,1,,4,Correo Argentino,DELIVERED,2025-04-14 18:27:13,2025-04-17 13:18:10,5
9000005053,1000008794,20250412,1313,1,,2,Correo Argentino,DELIVERED,2025-04-14 17:35:49,2025-04-16 09:59:54,4
9000005054,1000008797,20250412,1835,1,,3,Correo Argentino,DELIVERED,2025-04-14 18:19:12,2025-04-18 17:17:35,6
9000005055,1000008801,20250412,2766,1,,4,Correo Argentino,DELIVERED,2025-04-14 17:57:59,2025-04-17 17:18:21,5
9000005056,1000008802,20250412,2767,1,,4,Correo Argentino,DELIVERED,2025-04-14 16:07:03,2025-04-17 18:27:30,5
9000005057,1000008803,20250412,1797,1,,1,Correo Argentino,DELIVERED,2025-04-14 16:34:07,2025-04-16 16:27:40,4
9000005058,1000008804,20250412,280,1,,2,Correo Argentino,DELIVERED,2025-04-14 16:10:56,2025-04-17 17:37:59,5
9000005059,1000008806,20250413,636,1,,4,Correo Argentino,DELIVERED,2025-04-14 17:35:36,2025-04-18 13:26:36,5
9000005060,1000008807,20250413,2768,1,,3,Correo Argentino,DELIVERED,2025-04-14 17:46:22,2025-04-17 11:15:50,4
9000005061,1000008808,20250413,2769,1,,4,Correo Argentino,DELIVERED,2025-04-14 16:15:24,2025-04-18 18:10:53,5
9000005062,1000008810,20250413,2480,1,,1,Correo Argentino,DELIVERED,2025-04-14 16:17:52,2025-04-16 16:48:17,3
9000005063,1000008811,20250413,477,1,,3,Correo Argentino,DELIVERED,2025-04-14 18:18:35,2025-04-16 19:43:56,3
9000005064,1000008812,20250413,2770,1,,1,Correo Argentino,DELIVERED,2025-04-14 16:24:40,2025-04-17 16:15:10,4
9000005065,1000008813,20250413,2261,1,,1,Correo Argentino,DELIVERED,2025-04-14 16:40:57,2025-04-15 13:27:57,2
9000005066,1000008814,20250413,1605,1,,4,Correo Argentino,DELIVERED,2025-04-14 18:02:05,2025-04-18 10:00:46,5
9000005067,1000008815,20250413,2772,1,,1,Correo Argentino,DELIVERED,2025-04-14 18:53:07,2025-04-15 19:37:05,2
9000005068,1000008817,20250413,1143,1,,4,Correo Argentino,DELIVERED,2025-04-14 16:36:55,2025-04-18 16:15:42,5
9000005069,1000008818,20250413,2773,1,,2,Correo Argentino,DELIVERED,2025-04-14 16:37:30,2025-04-17 11:42:39,4
9000005070,1000008819,20250413,1729,1,,2,Correo Argentino,DELIVERED,2025-04-14 16:36:44,2025-04-18 11:25:54,5
9000005071,1000008820,20250413,633,1,,3,Correo Argentino,DELIVERED,2025-04-14 18:27:47,2025-04-16 16:05:12,3
9000005072,1000008821,20250414,2273,1,,1,Correo Argentino,DELIVERED,2025-04-14 16:03:27,2025-04-17 13:35:59,3
9000005074,1000008824,20250414,2404,1,,1,Correo Argentino,DELIVERED,2025-04-14 17:31:33,2025-04-16 14:42:18,2
9000005075,1000008826,20250414,1993,1,,3,Correo Argentino,DELIVERED,2025-04-15 16:23:17,2025-04-17 11:53:24,3
9000005076,1000008827,20250414,1057,1,,4,Correo Argentino,DELIVERED,2025-04-15 18:38:44,2025-04-17 12:21:38,3
9000005077,1000008828,20250414,1329,1,,1,Correo Argentino,DELIVERED,2025-04-15 18:03:16,2025-04-16 14:20:29,2
9000005078,1000008830,20250414,1046,1,,1,Correo Argentino,DELIVERED,2025-04-15 18:43:34,2025-04-17 10:13:29,3
9000005079,1000008832,20250414,332,1,,3,Correo Argentino,DELIVERED,2025-04-15 18:33:49,2025-04-17 16:40:19,3
9000005080,1000008833,20250414,1977,1,,3,Correo Argentino,DELIVERED,2025-04-15 17:02:49,2025-04-21 18:37:21,7
9000005081,1000008837,20250414,2571,1,,3,Correo Argentino,DELIVERED,2025-04-15 17:13:16,2025-04-18 19:26:28,4
9000005082,1000008842,20250414,1538,1,,2,Correo Argentino,DELIVERED,2025-04-15 17:58:44,2025-04-22 12:21:42,8
9000005083,1000008843,20250414,2193,1,,1,Correo Argentino,DELIVERED,2025-04-15 17:24:22,2025-04-17 15:25:31,3
9000005084,1000008844,20250414,2690,1,,1,Correo Argentino,DELIVERED,2025-04-15 18:48:58,2025-04-16 09:47:12,2
9000005085,1000008845,20250414,2714,1,,1,Correo Argentino,DELIVERED,2025-04-15 17:03:33,2025-04-17 11:27:22,3
9000005086,1000008846,20250415,705,1,,2,Correo Argentino,DELIVERED,2025-04-15 17:36:21,2025-04-22 15:07:56,7
9000005087,1000008847,20250415,2776,1,,1,Correo Argentino,DELIVERED,2025-04-15 18:42:32,2025-04-17 11:43:09,2
9000005088,1000008848,20250415,2580,1,,1,Correo Argentino,DELIVERED,2025-04-15 17:19:25,2025-04-17 14:39:32,2
9000005089,1000008853,20250415,2777,1,,1,Correo Argentino,DELIVERED,2025-04-16 18:21:17,2025-04-17 14:24:45,2
9000005090,1000008854,20250415,373,1,,4,Correo Argentino,DELIVERED,2025-04-16 16:57:52,2025-04-18 12:05:14,3
9000005091,1000008855,20250415,512,1,,2,Correo Argentino,DELIVERED,2025-04-16 18:31:09,2025-04-18 18:36:17,3
9000005092,1000008857,20250415,176,1,,1,Correo Argentino,DELIVERED,2025-04-16 17:04:36,2025-04-18 16:37:37,3
9000005093,1000008860,20250415,2779,1,,1,Correo Argentino,DELIVERED,2025-04-16 18:23:52,2025-04-21 16:45:22,6
9000005094,1000008861,20250415,1268,1,,3,Correo Argentino,DELIVERED,2025-04-16 17:40:22,2025-04-22 13:59:49,7
9000005095,1000008862,20250415,2204,1,,3,Correo Argentino,DELIVERED,2025-04-16 18:56:14,2025-04-18 13:15:35,3
9000005096,1000008863,20250415,2780,1,,1,Correo Argentino,DELIVERED,2025-04-16 17:44:51,2025-04-21 15:36:25,6
9000005097,1000008864,20250415,2148,1,,1,Correo Argentino,DELIVERED,2025-04-16 17:48:36,2025-04-17 09:06:02,2
9000005098,1000008865,20250415,2781,1,,3,Correo Argentino,DELIVERED,2025-04-16 16:15:00,2025-04-22 17:25:08,7
9000005099,1000008866,20250415,1070,1,,3,Correo Argentino,DELIVERED,2025-04-17 18:06:01,2025-04-23 09:34:20,8
9000005100,1000008867,20250415,2782,1,,1,Correo Argentino,DELIVERED,2025-04-16 17:10:02,2025-04-18 19:36:37,3
9000005101,1000008868,20250416,1766,1,,2,Correo Argentino,CANCELLED,,,
9000005102,1000008872,20250416,1989,1,,1,Correo Argentino,DELIVERED,2025-04-16 18:55:48,2025-04-21 11:59:12,5
9000005103,1000008874,20250416,1949,1,,1,Correo Argentino,DELIVERED,2025-04-17 16:21:58,2025-04-18 09:09:10,2
9000005104,1000008876,20250416,1543,1,,1,Correo Argentino,DELIVERED,2025-04-17 18:10:06,2025-04-18 14:24:30,2
9000005105,1000008880,20250416,1555,1,,2,Correo Argentino,DELIVERED,2025-04-17 18:38:02,2025-04-22 12:33:33,6
9000005106,1000008881,20250416,2682,1,,1,Correo Argentino,DELIVERED,2025-04-17 17:17:55,2025-04-21 10:50:33,5
9000005107,1000008883,20250416,2560,1,,1,Correo Argentino,DELIVERED,2025-04-17 16:16:35,2025-04-21 14:02:40,5
9000005108,1000008884,20250416,2082,1,,3,Correo Argentino,DELIVERED,2025-04-17 17:47:50,2025-04-22 10:58:03,6
9000005109,1000008885,20250416,2429,1,,3,Correo Argentino,DELIVERED,2025-04-17 17:54:46,2025-04-22 10:01:18,6
9000005110,1000008886,20250417,2244,1,,2,Correo Argentino,DELIVERED,2025-04-17 16:18:16,2025-04-22 09:08:26,5
9000005111,1000008887,20250417,1387,1,,3,Correo Argentino,DELIVERED,2025-04-17 17:29:56,2025-04-22 18:15:10,5
9000005112,1000008888,20250417,1828,1,,4,Correo Argentino,DELIVERED,2025-04-17 16:00:54,2025-04-22 13:35:21,5
9000005113,1000008889,20250417,2369,1,,2,Correo Argentino,DELIVERED,2025-04-17 18:12:14,2025-04-22 09:00:29,5
9000005114,1000008890,20250417,2403,1,,1,Correo Argentino,DELIVERED,2025-04-18 16:29:49,2025-04-22 09:23:33,5
9000005115,1000008892,20250417,2500,1,,1,Correo Argentino,DELIVERED,2025-04-18 18:32:21,2025-04-21 18:30:47,4
9000005116,1000008893,20250417,913,1,,3,Correo Argentino,DELIVERED,2025-04-18 17:13:01,2025-04-24 18:21:47,7
9000005117,1000008895,20250417,2640,1,,2,Correo Argentino,DELIVERED,2025-04-18 17:28:38,2025-04-25 12:01:27,8
9000005118,1000008897,20250417,2396,1,,1,Correo Argentino,DELIVERED,2025-04-18 16:03:57,2025-04-23 15:33:14,6
9000005119,1000008898,20250417,2528,1,,3,Correo Argentino,DELIVERED,2025-04-18 17:42:00,2025-04-23 17:55:42,6
9000005120,1000008899,20250417,2521,1,,2,Correo Argentino,DELIVERED,2025-04-18 16:21:07,2025-04-24 14:32:52,7
9000005121,1000008900,20250418,2372,1,,2,Correo Argentino,DELIVERED,2025-04-18 18:32:29,2025-04-24 14:58:01,6
9000005122,1000008901,20250418,1003,1,,3,Correo Argentino,DELIVERED,2025-04-18 16:27:39,2025-04-23 09:29:55,5
9000005123,1000008902,20250418,1420,1,,1,Correo Argentino,DELIVERED,2025-04-18 17:08:37,2025-04-22 09:27:48,4
9000005124,1000008903,20250418,2103,1,,4,Correo Argentino,DELIVERED,2025-04-18 17:22:27,2025-04-24 16:04:11,6
9000005125,1000008904,20250418,2785,1,,1,Correo Argentino,DELIVERED,2025-04-21 16:34:03,2025-04-23 14:02:00,5
9000005126,1000008909,20250418,2786,1,,1,Correo Argentino,DELIVERED,2025-04-21 16:33:16,2025-04-23 14:17:37,5
9000005127,1000008910,20250418,2280,1,,3,Correo Argentino,DELIVERED,2025-04-21 17:40:39,2025-04-23 14:25:55,5
9000005128,1000008911,20250418,2457,1,,1,Correo Argentino,DELIVERED,2025-04-21 16:49:01,2025-04-23 16:50:10,5
9000005129,1000008912,20250419,2260,1,,4,Correo Argentino,DELIVERED,2025-04-21 17:41:28,2025-04-23 14:25:56,4
9000005130,1000008913,20250419,284,1,,3,Correo Argentino,DELIVERED,2025-04-21 16:46:56,2025-04-24 11:55:27,5
9000005131,1000008914,20250419,2597,1,,4,Correo Argentino,DELIVERED,2025-04-21 16:31:30,2025-04-25 10:56:42,6
9000005132,1000008918,20250419,2163,1,,1,Correo Argentino,DELIVERED,2025-04-21 16:21:02,2025-04-22 11:42:16,3
9000005133,1000008919,20250419,1509,1,,3,Correo Argentino,DELIVERED,2025-04-21 16:44:08,2025-04-23 11:42:05,4
9000005134,1000008922,20250419,11,1,,4,Correo Argentino,DELIVERED,2025-04-21 18:53:46,2025-04-25 14:07:40,6
9000005135,1000008926,20250419,983,1,,1,Correo Argentino,DELIVERED,2025-04-21 18:46:54,2025-04-22 17:43:57,3
9000005137,1000008933,20250419,1363,1,,3,Correo Argentino,DELIVERED,2025-04-21 18:43:24,2025-04-25 16:25:09,6
9000005138,1000008936,20250420,2004,1,,3,Correo Argentino,DELIVERED,2025-04-21 18:14:43,2025-04-24 18:41:04,4
9000005139,1000008937,20250420,2790,1,,2,Correo Argentino,DELIVERED,2025-04-21 16:03:34,2025-04-25 11:48:57,5
9000005140,1000008938,20250420,2791,1,,3,Correo Argentino,DELIVERED,2025-04-21 16:08:00,2025-04-23 17:17:05,3
9000005141,1000008939,20250420,2792,1,,4,Correo Argentino,DELIVERED,2025-04-21 17:02:38,2025-04-24 19:50:34,4
9000005142,1000008940,20250420,235,1,,1,Correo Argentino,DELIVERED,2025-04-21 17:07:17,2025-04-23 19:19:54,3
9000005143,1000008941,20250420,2793,1,,2,Correo Argentino,DELIVERED,2025-04-21 17:33:37,2025-04-25 14:30:02,5
9000005144,1000008943,20250420,1754,1,,1,Correo Argentino,DELIVERED,2025-04-21 16:16:47,2025-04-23 14:42:30,3
9000005145,1000008944,20250420,2693,1,,3,Correo Argentino,DELIVERED,2025-04-21 18:17:51,2025-04-24 16:52:39,4
9000005146,1000008945,20250420,2794,1,,3,Correo Argentino,DELIVERED,2025-04-21 17:39:54,2025-04-24 11:46:12,4
9000005147,1000008946,20250420,1174,1,,2,Correo Argentino,DELIVERED,2025-04-21 18:56:12,2025-04-25 17:49:05,5
9000005148,1000008947,20250421,1633,1,,4,Correo Argentino,DELIVERED,2025-04-21 16:22:08,2025-04-25 15:53:07,4
9000005149,1000008948,20250421,2795,1,,3,Correo Argentino,DELIVERED,2025-04-21 16:55:28,2025-04-23 18:06:03,2
9000005150,1000008949,20250421,2670,1,,3,Correo Argentino,DELIVERED,2025-04-21 17:26:34,2025-04-25 19:10:40,4
9000005151,1000008957,20250421,2420,1,,2,Correo Argentino,DELIVERED,2025-04-22 17:48:11,2025-04-25 10:23:38,4
9000005152,1000008958,20250421,2059,1,,3,Correo Argentino,DELIVERED,2025-04-22 18:58:53,2025-04-25 13:06:01,4
9000005153,1000008960,20250421,1799,1,,2,Correo Argentino,DELIVERED,2025-04-23 17:22:37,2025-04-30 16:14:41,9
9000005154,1000008962,20250421,1946,1,,2,Correo Argentino,DELIVERED,2025-04-22 16:44:43,2025-04-25 16:15:07,4
9000005155,1000008964,20250421,2797,1,,1,Correo Argentino,DELIVERED,2025-04-22 18:18:17,2025-04-23 17:52:35,2
9000005156,1000008966,20250421,2798,1,,3,Correo Argentino,DELIVERED,2025-04-22 16:23:47,2025-04-28 09:44:37,7
9000005157,1000008968,20250421,2799,1,,3,Correo Argentino,DELIVERED,2025-04-22 18:18:15,2025-04-25 16:23:29,4
9000005158,1000008969,20250421,681,1,,1,Correo Argentino,DELIVERED,2025-04-22 17:51:42,2025-04-23 13:49:05,2
9000005159,1000008970,20250422,1638,1,,4,Correo Argentino,DELIVERED,2025-04-22 16:04:55,2025-04-28 12:43:34,6
9000005160,1000008972,20250422,703,1,,3,Correo Argentino,DELIVERED,2025-04-22 17:34:36,2025-04-25 15:34:53,3
9000005161,1000008973,20250422,2476,1,,3,Correo Argentino,DELIVERED,2025-04-22 16:22:06,2025-04-29 14:41:18,7
9000005162,1000008975,20250422,1684,1,,1,Correo Argentino,DELIVERED,2025-04-22 16:08:09,2025-04-23 14:34:01,1
9000005163,1000008977,20250422,2046,1,,3,Correo Argentino,DELIVERED,2025-04-23 18:50:32,2025-04-25 10:14:43,3
9000005164,1000008978,20250422,1841,1,,1,Correo Argentino,DELIVERED,2025-04-23 17:06:17,2025-04-25 12:30:00,3
9000005165,1000008979,20250422,116,1,,1,Correo Argentino,DELIVERED,2025-04-23 18:56:45,2025-04-28 11:05:53,6
9000005166,1000008980,20250422,2289,1,,2,Correo Argentino,DELIVERED,2025-04-23 18:39:46,2025-04-29 17:03:12,7
9000005167,1000008981,20250422,2801,1,,2,Correo Argentino,DELIVERED,2025-04-23 16:39:24,2025-04-25 10:06:18,3
9000005168,1000008982,20250422,2060,1,,1,Correo Argentino,DELIVERED,2025-04-24 17:19:33,2025-04-25 13:25:55,3
9000005169,1000008985,20250422,2634,1,,4,Correo Argentino,DELIVERED,2025-04-23 17:36:49,2025-04-28 14:50:47,6
9000005170,1000008986,20250422,2614,1,,3,Correo Argentino,DELIVERED,2025-04-23 17:53:33,2025-04-29 12:49:24,7
9000005171,1000008987,20250422,2802,1,,1,Correo Argentino,DELIVERED,2025-04-23 17:55:48,2025-04-24 10:39:30,2
9000005172,1000008988,20250422,494,1,,1,Correo Argentino,DELIVERED,2025-04-25 16:34:53,2025-04-29 12:46:59,7
9000005173,1000008989,20250422,2554,1,,2,Correo Argentino,DELIVERED,2025-04-23 16:26:09,2025-04-28 17:53:53,6
9000005174,1000008990,20250422,1360,1,,1,Correo Argentino,DELIVERED,2025-04-24 18:24:21,2025-04-25 16:13:46,3
9000005175,1000008991,20250423,2359,1,,1,Correo Argentino,DELIVERED,2025-04-23 16:31:16,2025-04-24 13:11:28,1
9000005176,1000008992,20250423,2803,1,,2,Correo Argentino,DELIVERED,2025-04-23 17:51:12,2025-04-25 19:14:46,2
9000005178,1000008996,20250423,2804,1,,1,Correo Argentino,DELIVERED,2025-04-24 16:09:40,2025-04-29 11:40:10,6
9000005179,1000008997,20250423,1580,1,,1,Correo Argentino,DELIVERED,2025-04-24 18:32:33,2025-04-25 10:08:36,2
9000005180,1000009001,20250423,2806,1,,1,Correo Argentino,DELIVERED,2025-04-24 17:33:49,2025-04-28 12:14:07,5
9000005181,1000009003,20250423,2357,1,,2,Correo Argentino,DELIVERED,2025-04-24 18:46:03,2025-04-29 16:33:47,6
9000005182,1000009005,20250423,316,1,,1,Correo Argentino,DELIVERED,2025-04-24 16:31:11,2025-04-28 09:16:03,5
9000005183,1000009006,20250423,1016,1,,1,Correo Argentino,DELIVERED,2025-04-24 18:53:47,2025-04-25 16:02:21,2
9000005184,1000009007,20250423,1109,1,,4,Correo Argentino,DELIVERED,2025-04-24 16:08:50,2025-04-30 17:56:59,7
9000005185,1000009010,20250424,2808,1,,1,Correo Argentino,DELIVERED,2025-04-25 16:48:59,2025-04-28 09:21:14,4
9000005186,1000009011,20250424,668,1,,2,Correo Argentino,DELIVERED,2025-04-25 18:17:31,2025-04-29 10:07:08,5
9000005187,1000009014,20250424,1213,1,,2,Correo Argentino,CANCELLED,,,
9000005188,1000009016,20250424,1012,1,,2,Correo Argentino,DELIVERED,2025-04-25 17:57:39,2025-05-02 16:50:28,8
9000005189,1000009017,20250424,1983,1,,2,Correo Argentino,DELIVERED,2025-04-25 17:15:55,2025-04-30 13:28:54,6
9000005190,1000009018,20250424,2184,1,,1,Correo Argentino,DELIVERED,2025-04-25 17:12:38,2025-04-29 18:47:18,5
9000005191,1000009020,20250424,2602,1,,1,Correo Argentino,DELIVERED,2025-04-25 16:16:55,2025-04-30 18:07:26,6
9000005192,1000009021,20250425,2627,1,,2,Correo Argentino,DELIVERED,2025-04-25 16:07:25,2025-05-02 18:56:04,7
9000005193,1000009022,20250425,2303,1,,1,Correo Argentino,DELIVERED,2025-04-25 17:42:14,2025-04-29 09:15:34,4
9000005194,1000009024,20250425,1429,1,,2,Correo Argentino,DELIVERED,2025-04-28 18:56:29,2025-05-05 14:34:40,10
9000005195,1000009025,20250425,1302,1,,3,Correo Argentino,DELIVERED,2025-04-28 18:51:28,2025-05-05 14:17:42,10
9000005196,1000009026,20250425,2809,1,,1,Correo Argentino,DELIVERED,2025-04-28 18:49:28,2025-04-30 12:10:00,5
9000005197,1000009027,20250425,2810,1,,2,Correo Argentino,DELIVERED,2025-04-28 17:38:59,2025-05-05 11:00:29,10
9000005198,1000009028,20250425,1521,1,,1,Correo Argentino,DELIVERED,2025-04-28 18:55:07,2025-04-29 10:38:03,4
9000005199,1000009031,20250425,2550,1,,2,Correo Argentino,DELIVERED,2025-04-28 17:52:32,2025-05-06 17:37:34,11
9000005200,1000009032,20250425,2443,1,,4,Correo Argentino,DELIVERED,2025-04-28 17:24:46,2025-05-05 11:09:11,10
9000005201,1000009033,20250425,2628,1,,3,Correo Argentino,DELIVERED,2025-04-28 17:46:50,2025-04-30 16:49:30,5
9000005202,1000009035,20250425,2516,1,,3,Correo Argentino,DELIVERED,2025-04-28 16:44:08,2025-05-02 16:29:22,7
9000005203,1000009036,20250426,2813,1,,4,Correo Argentino,DELIVERED,2025-04-28 17:41:38,2025-05-06 10:53:55,10
9000005204,1000009037,20250426,2814,1,,2,Correo Argentino,DELIVERED,2025-04-28 18:33:37,2025-04-30 16:23:42,4
9000005205,1000009039,20250426,2815,1,,2,Correo Argentino,DELIVERED,2025-04-28 18:06:23,2025-05-05 19:13:30,9
9000005206,1000009044,20250426,1553,1,,1,Correo Argentino,DELIVERED,2025-04-28 18:55:44,2025-04-29 09:00:53,3
9000005207,1000009050,20250426,2069,1,,3,Correo Argentino,DELIVERED,2025-04-28 16:32:08,2025-05-05 11:44:33,9
9000005208,1000009051,20250426,1980,1,,3,Correo Argentino,DELIVERED,2025-04-28 18:01:45,2025-05-05 09:35:43,9
9000005209,1000009056,20250426,497,1,,1,Correo Argentino,DELIVERED,2025-04-28 17:20:38,2025-04-30 11:32:14,4
9000005210,1000009057,20250426,2819,1,,1,Correo Argentino,DELIVERED,2025-04-28 16:09:16,2025-04-30 14:50:56,4
9000005211,1000009059,20250426,667,1,,2,Correo Argentino,DELIVERED,2025-04-28 18:33:39,2025-05-06 11:39:33,10
9000005212,1000009060,20250426,296,1,,2,Correo Argentino,DELIVERED,2025-04-28 16:47:17,2025-04-30 14:33:05,4
9000005213,1000009063,20250427,1707,1,,4,Correo Argentino,DELIVERED,2025-04-29 16:55:34,2025-05-05 11:22:45,8
9000005214,1000009064,20250427,1275,1,,4,Correo Argentino,DELIVERED,2025-04-28 16:50:18,2025-05-05 17:06:27,8
9000005215,1000009065,20250427,2469,1,,1,Correo Argentino,DELIVERED,2025-04-28 16:59:57,2025-04-29 12:19:25,2
9000005216,1000009066,20250427,420,1,,1,Correo Argentino,DELIVERED,2025-04-28 17:04:43,2025-04-30 18:39:15,3
9000005217,1000009067,20250427,2821,1,,4,Correo Argentino,DELIVERED,2025-04-28 17:43:35,2025-04-30 16:20:51,3
9000005218,1000009068,20250427,2337,1,,3,Correo Argentino,DELIVERED,2025-04-28 17:45:15,2025-04-30 16:34:21,3
9000005219,1000009069,20250427,2823,1,,1,Correo Argentino,DELIVERED,2025-04-28 18:02:44,2025-04-30 16:51:36,3
9000005220,1000009070,20250428,2410,1,,3,Correo Argentino,DELIVERED,2025-04-28 18:34:22,2025-05-02 09:07:39,4
9000005221,1000009071,20250428,2824,1,,2,Correo Argentino,DELIVERED,2025-04-28 16:01:04,2025-05-06 13:06:53,8
9000005222,1000009072,20250428,2023,1,,3,Correo Argentino,DELIVERED,2025-04-28 16:08:17,2025-05-05 15:41:22,7
9000005223,1000009073,20250428,2072,1,,1,Correo Argentino,DELIVERED,2025-04-28 18:24:22,2025-04-30 16:19:03,2
9000005224,1000009079,20250428,2229,1,,1,Correo Argentino,DELIVERED,2025-04-29 17:26:58,2025-05-02 11:41:14,4
9000005225,1000009080,20250428,2825,1,,1,Correo Argentino,DELIVERED,2025-04-29 17:35:00,2025-05-02 16:20:44,4
9000005226,1000009081,20250428,2190,1,,1,Correo Argentino,DELIVERED,2025-04-29 17:23:56,2025-04-30 11:22:17,2
9000005227,1000009083,20250428,1872,1,,3,Correo Argentino,DELIVERED,2025-04-29 17:16:04,2025-05-06 10:47:19,8
9000005228,1000009084,20250428,1359,1,,4,Correo Argentino,DELIVERED,2025-04-29 17:27:57,2025-05-05 16:46:10,7
9000005229,1000009085,20250429,2826,1,,2,Correo Argentino,DELIVERED,2025-04-29 16:41:21,2025-05-06 17:44:35,7
9000005230,1000009089,20250429,1249,1,,1,Correo Argentino,DELIVERED,2025-04-30 17:19:33,2025-05-06 17:15:26,7
9000005231,1000009090,20250429,2169,1,,1,Correo Argentino,DELIVERED,2025-04-30 18:44:59,2025-05-06 14:05:26,7
9000005232,1000009093,20250429,2827,1,,1,Correo Argentino,DELIVERED,2025-04-30 18:56:31,2025-05-05 09:11:56,6
9000005233,1000009095,20250429,2033,1,,1,Correo Argentino,DELIVERED,2025-04-30 17:03:05,2025-05-02 12:47:39,3
9000005234,1000009096,20250429,69,1,,4,Correo Argentino,DELIVERED,2025-04-30 17:11:09,2025-05-07 10:27:42,8
9000005235,1000009104,20250429,1561,1,,1,Correo Argentino,DELIVERED,2025-04-30 16:00:03,2025-05-06 16:53:26,7
9000005236,1000009105,20250429,633,1,,3,Correo Argentino,DELIVERED,2025-04-30 16:11:55,2025-05-06 10:21:15,7
9000005237,1000009106,20250430,354,1,,3,Correo Argentino,DELIVERED,2025-04-30 16:59:03,2025-05-05 14:51:41,5
9000005238,1000009107,20250430,1437,1,,3,Correo Argentino,DELIVERED,2025-04-30 18:31:30,2025-05-05 11:48:25,5
9000005239,1000009117,20250430,2691,1,,2,Correo Argentino,DELIVERED,2025-05-02 16:52:56,2025-05-08 16:50:58,8
9000005240,1000009119,20250430,1887,1,,3,Correo Argentino,DELIVERED,2025-05-02 17:12:58,2025-05-08 15:48:40,8
9000005241,1000009120,20250430,1233,1,,2,Correo Argentino,DELIVERED,2025-05-02 17:13:59,2025-05-09 10:39:43,9
9000005242,1000009121,20250501,300,1,,3,Correo Argentino,DELIVERED,2025-05-02 16:48:10,2025-05-07 19:46:00,6
9000005243,1000009123,20250501,1922,1,,4,Correo Argentino,DELIVERED,2025-05-02 18:59:59,2025-05-07 12:00:53,6
9000005244,1000009124,20250501,2660,1,,1,Correo Argentino,DELIVERED,2025-05-02 17:15:44,2025-05-06 16:54:49,5
9000005245,1000009125,20250501,172,1,,2,Correo Argentino,DELIVERED,2025-05-02 17:32:29,2025-05-07 14:37:36,6
9000005246,1000009126,20250501,2830,1,,1,Correo Argentino,CANCELLED,,,
9000005247,1000009128,20250501,2085,1,,2,Correo Argentino,DELIVERED,2025-05-02 18:07:31,2025-05-06 14:32:03,5
9000005248,1000009129,20250501,173,1,,1,Correo Argentino,DELIVERED,2025-05-02 18:06:53,2025-05-07 15:27:21,6
9000005249,1000009130,20250501,2795,1,,3,Correo Argentino,DELIVERED,2025-05-02 17:34:36,2025-05-08 12:42:43,7
9000005250,1000009131,20250501,2020,1,,1,Correo Argentino,DELIVERED,2025-05-02 16:19:49,2025-05-07 19:14:04,6
9000005251,1000009132,20250501,2150,1,,4,Correo Argentino,DELIVERED,2025-05-02 18:00:57,2025-05-07 17:25:39,6
9000005252,1000009133,20250501,339,1,,2,Correo Argentino,DELIVERED,2025-05-02 18:19:11,2025-05-07 11:01:00,6
9000005253,1000009134,20250501,644,1,,2,Correo Argentino,DELIVERED,2025-05-05 16:39:29,2025-05-07 14:34:36,6
9000005254,1000009135,20250501,2194,1,,1,Correo Argentino,DELIVERED,2025-05-02 16:05:51,2025-05-07 16:41:22,6
9000005255,1000009136,20250501,2606,1,,2,Correo Argentino,DELIVERED,2025-05-02 16:56:49,2025-05-08 09:15:18,7
9000005256,1000009137,20250501,2831,1,,3,Correo Argentino,CANCELLED,,,
9000005257,1000009138,20250502,2716,1,,1,Correo Argentino,DELIVERED,2025-05-02 17:46:41,2025-05-06 09:49:22,4
9000005258,1000009140,20250502,572,1,,3,Correo Argentino,DELIVERED,2025-05-02 18:48:34,2025-05-06 12:14:07,4
9000005259,1000009141,20250502,1571,1,,2,Correo Argentino,DELIVERED,2025-05-02 17:55:07,2025-05-09 19:01:43,7
9000005260,1000009144,20250502,1659,1,,1,Correo Argentino,DELIVERED,2025-05-05 17:18:02,2025-05-08 19:03:12,6
9000005261,1000009145,20250502,2493,1,,2,Correo Argentino,DELIVERED,2025-05-05 16:41:22,2025-05-09 16:20:38,7
9000005262,1000009146,20250502,2832,1,,3,Correo Argentino,DELIVERED,2025-05-05 17:33:29,2025-05-09 11:28:27,7
9000005263,1000009149,20250502,996,1,,2,Correo Argentino,DELIVERED,2025-05-05 16:06:26,2025-05-09 10:46:10,7
9000005264,1000009152,20250502,2833,1,,1,Correo Argentino,DELIVERED,2025-05-05 17:45:44,2025-05-08 13:42:01,6
9000005265,1000009155,20250502,2351,1,,1,Correo Argentino,DELIVERED,2025-05-05 18:26:25,2025-05-07 09:22:01,5
9000005266,1000009159,20250503,1849,1,,1,Correo Argentino,DELIVERED,2025-05-05 17:30:47,2025-05-07 12:16:59,4
9000005267,1000009163,20250503,1252,1,,1,Correo Argentino,DELIVERED,2025-05-05 17:43:12,2025-05-07 18:22:22,4
9000005268,1000009170,20250503,2837,1,,2,Correo Argentino,DELIVERED,2025-05-05 17:26:27,2025-05-09 17:57:36,6
9000005269,1000009171,20250503,1633,1,,4,Correo Argentino,DELIVERED,2025-05-05 16:14:45,2025-05-08 11:44:59,5
9000005270,1000009172,20250503,2838,1,,3,Correo Argentino,DELIVERED,2025-05-05 16:22:11,2025-05-09 12:26:30,6
9000005271,1000009173,20250503,342,1,,3,Correo Argentino,DELIVERED,2025-05-05 17:57:14,2025-05-08 09:18:19,5
9000005272,1000009174,20250504,1885,1,,4,Correo Argentino,DELIVERED,2025-05-05 16:19:32,2025-05-08 18:40:07,4
9000005273,1000009175,20250504,2491,1,,1,Correo Argentino,DELIVERED,2025-05-05 17:43:24,2025-05-07 09:09:56,3
9000005274,1000009176,20250504,895,1,,3,Correo Argentino,DELIVERED,2025-05-05 18:16:11,2025-05-07 09:28:41,3
9000005275,1000009177,20250504,1547,1,,2,Correo Argentino,DELIVERED,2025-05-05 18:52:57,2025-05-08 18:42:08,4
9000005276,1000009178,20250504,2839,1,,1,Correo Argentino,DELIVERED,2025-05-05 18:43:01,2025-05-07 19:03:29,3
9000005277,1000009179,20250504,1834,1,,2,Correo Argentino,DELIVERED,2025-05-05 18:56:23,2025-05-07 15:32:54,3
9000005278,1000009180,20250504,48,1,,2,Correo Argentino,DELIVERED,2025-05-05 16:24:51,2025-05-07 11:02:24,3
9000005279,1000009181,20250504,405,1,,4,Correo Argentino,DELIVERED,2025-05-06 16:37:10,2025-05-12 10:54:34,8
9000005280,1000009182,20250504,1194,1,,3,Correo Argentino,DELIVERED,2025-05-05 16:15:45,2025-05-12 12:57:59,8
9000005281,1000009183,20250504,2760,1,,1,Correo Argentino,DELIVERED,2025-05-05 18:01:20,2025-05-08 10:26:55,4
9000005282,1000009184,20250504,2439,1,,3,Correo Argentino,DELIVERED,2025-05-05 17:59:13,2025-05-09 09:27:00,5
9000005283,1000009185,20250504,2371,1,,1,Correo Argentino,DELIVERED,2025-05-05 17:28:43,2025-05-07 18:38:58,3
9000005284,1000009186,20250504,1088,1,,2,Correo Argentino,DELIVERED,2025-05-05 17:50:06,2025-05-07 16:40:38,3
9000005285,1000009187,20250504,1096,1,,1,Correo Argentino,DELIVERED,2025-05-05 17:48:41,2025-05-07 10:31:46,3
9000005286,1000009188,20250505,1971,1,,1,Correo Argentino,DELIVERED,2025-05-05 16:12:59,2025-05-07 10:16:25,2
9000005287,1000009189,20250505,2487,1,,1,Correo Argentino,DELIVERED,2025-05-05 17:05:18,2025-05-08 09:51:16,3
9000005288,1000009190,20250505,2840,1,,3,Correo Argentino,DELIVERED,2025-05-05 16:21:48,2025-05-09 14:29:04,4
9000005289,1000009191,20250505,2405,1,,4,Correo Argentino,DELIVERED,2025-05-05 18:27:12,2025-05-09 11:36:54,4
9000005290,1000009193,20250505,2841,1,,4,Correo Argentino,DELIVERED,2025-05-06 18:05:39,2025-05-08 13:53:37,3
9000005291,1000009196,20250505,2595,1,,1,Correo Argentino,DELIVERED,2025-05-06 18:21:27,2025-05-08 11:02:55,3
9000005292,1000009198,20250505,783,1,,1,Correo Argentino,DELIVERED,2025-05-06 17:49:45,2025-05-07 19:16:33,2
9000005293,1000009199,20250505,2842,1,,3,Correo Argentino,DELIVERED,2025-05-06 16:38:15,2025-05-12 16:53:38,7
9000005294,1000009202,20250505,739,1,,2,Correo Argentino,DELIVERED,2025-05-06 16:56:22,2025-05-09 13:36:49,4
9000005295,1000009204,20250505,1244,1,,1,Correo Argentino,DELIVERED,2025-05-06 16:34:16,2025-05-07 14:01:15,2
9000005296,1000009205,20250505,1555,1,,2,Correo Argentino,DELIVERED,2025-05-06 17:45:40,2025-05-09 13:52:28,4
9000005297,1000009206,20250505,1814,1,,4,Correo Argentino,DELIVERED,2025-05-06 16:59:51,2025-05-09 18:12:08,4
9000005298,1000009207,20250506,1783,1,,3,Correo Argentino,DELIVERED,2025-05-06 17:45:59,2025-05-09 19:19:39,3
9000005299,1000009208,20250506,2844,1,,2,Correo Argentino,DELIVERED,2025-05-06 17:33:46,2025-05-12 11:38:57,6
9000005300,1000009209,20250506,1239,1,,1,Correo Argentino,DELIVERED,2025-05-06 16:35:31,2025-05-08 09:30:41,2
9000005301,1000009210,20250506,380,1,,3,Correo Argentino,DELIVERED,2025-05-06 16:18:16,2025-05-08 11:43:05,2
9000005302,1000009212,20250506,20,1,,1,Correo Argentino,DELIVERED,2025-05-06 17:33:10,2025-05-08 18:25:01,2
9000005303,1000009214,20250506,2845,1,,2,Correo Argentino,DELIVERED,2025-05-07 18:11:39,2025-05-14 11:21:42,8
9000005304,1000009217,20250506,2440,1,,2,Correo Argentino,DELIVERED,2025-05-07 18:46:07,2025-05-12 17:34:02,6
9000005305,1000009218,20250506,334,1,,1,Correo Argentino,DELIVERED,2025-05-07 17:25:23,2025-05-12 18:31:14,6
9000005307,1000009222,20250506,1360,1,,1,Correo Argentino,CANCELLED,,,
9000005308,1000009223,20250506,994,1,,1,Correo Argentino,DELIVERED,2025-05-07 17:24:23,2025-05-12 16:50:15,6
9000005309,1000009225,20250506,2739,1,,2,Correo Argentino,DELIVERED,2025-05-07 16:54:22,2025-05-12 16:16:53,6
9000005310,1000009226,20250506,2501,1,,3,Correo Argentino,DELIVERED,2025-05-07 18:07:35,2025-05-09 09:35:02,3
9000005311,1000009229,20250506,2087,1,,1,Correo Argentino,DELIVERED,2025-05-07 18:20:20,2025-05-08 10:56:48,2
9000005312,1000009231,20250506,1114,1,,4,Correo Argentino,DELIVERED,2025-05-07 17:07:25,2025-05-13 12:24:32,7
9000005313,1000009232,20250506,1972,1,,4,Correo Argentino,DELIVERED,2025-05-07 16:47:25,2025-05-13 15:10:44,7
9000005314,1000009233,20250506,579,1,,1,Correo Argentino,DELIVERED,2025-05-07 18:23:35,2025-05-12 17:38:47,6
9000005315,1000009234,20250506,1650,1,,1,Correo Argentino,DELIVERED,2025-05-07 17:11:01,2025-05-08 11:33:45,2
9000005316,1000009235,20250506,2846,1,,1,Correo Argentino,DELIVERED,2025-05-07 18:17:06,2025-05-12 09:37:34,6
9000005317,1000009236,20250506,2274,1,,3,Correo Argentino,DELIVERED,2025-05-07 17:45:08,2025-05-12 16:31:03,6
9000005318,1000009237,20250507,1637,1,,1,Correo Argentino,DELIVERED,2025-05-07 17:44:16,2025-05-08 15:19:22,1
9000005319,1000009238,20250507,2267,1,,1,Correo Argentino,DELIVERED,2025-05-07 17:42:16,2025-05-09 11:38:56,2
9000005320,1000009239,20250507,2717,1,,1,Correo Argentino,DELIVERED,2025-05-07 17:57:58,2025-05-09 17:56:15,2
9000005321,1000009242,20250507,2141,1,,2,Correo Argentino,DELIVERED,2025-05-08 16:17:00,2025-05-13 12:55:25,6
9000005322,1000009243,20250507,411,1,,1,Correo Argentino,DELIVERED,2025-05-08 16:46:52,2025-05-12 09:37:49,5
9000005323,1000009245,20250507,1806,1,,1,Correo Argentino,DELIVERED,2025-05-08 17:34:31,2025-05-12 13:42:59,5
9000005324,1000009246,20250507,2683,1,,1,Correo Argentino,DELIVERED,2025-05-08 18:06:37,2025-05-12 15:25:46,5
9000005325,1000009247,20250507,2352,1,,4,Correo Argentino,DELIVERED,2025-05-08 17:20:27,2025-05-13 13:29:17,6
9000005326,1000009248,20250507,422,1,,3,Correo Argentino,DELIVERED,2025-05-08 17:13:00,2025-05-14 19:37:15,7
9000005327,1000009249,20250507,2206,1,,1,Correo Argentino,DELIVERED,2025-05-08 16:20:09,2025-05-12 14:28:16,5
9000005328,1000009250,20250508,125,1,,3,Correo Argentino,DELIVERED,2025-05-08 17:36:13,2025-05-12 13:59:59,4
9000005329,1000009251,20250508,2848,1,,1,Correo Argentino,DELIVERED,2025-05-08 16:45:20,2025-05-12 17:17:11,4
9000005330,1000009255,20250508,1043,1,,1,Correo Argentino,DELIVERED,2025-05-08 18:48:19,2025-05-12 13:24:20,4
9000005331,1000009256,20250508,1892,1,,3,Correo Argentino,DELIVERED,2025-05-09 18:00:09,2025-05-13 18:21:09,5
9000005332,1000009258,20250508,1331,1,,2,Correo Argentino,DELIVERED,2025-05-09 16:49:26,2025-05-14 19:37:08,6
9000005333,1000009259,20250508,2849,1,,2,Correo Argentino,DELIVERED,2025-05-09 18:54:50,2025-05-15 11:27:29,7
9000005334,1000009261,20250508,630,1,,4,Correo Argentino,DELIVERED,2025-05-09 18:32:15,2025-05-14 15:57:50,6
9000005335,1000009265,20250508,1906,1,,1,Correo Argentino,DELIVERED,2025-05-09 17:14:57,2025-05-12 16:23:50,4
9000005336,1000009266,20250508,2850,1,,3,Correo Argentino,DELIVERED,2025-05-09 16:50:26,2025-05-15 09:40:34,7
9000005337,1000009267,20250508,1570,1,,1,Correo Argentino,DELIVERED,2025-05-09 17:43:51,2025-05-13 19:19:07,5
9000005338,1000009268,20250509,2674,1,,1,Correo Argentino,DELIVERED,2025-05-09 18:19:42,2025-05-12 10:19:30,3
9000005339,1000009269,20250509,486,1,,2,Correo Argentino,DELIVERED,2025-05-09 16:30:25,2025-05-14 15:30:55,5
9000005341,1000009274,20250509,2853,1,,2,Correo Argentino,DELIVERED,2025-05-12 18:24:18,2025-05-20 17:12:03,11
9000005342,1000009278,20250509,2855,1,,4,Correo Argentino,DELIVERED,2025-05-12 16:37:50,2025-05-19 13:55:46,10
9000005343,1000009280,20250509,2856,1,,2,Correo Argentino,DELIVERED,2025-05-12 18:20:09,2025-05-20 12:10:18,11
9000005344,1000009281,20250509,2759,1,,1,Correo Argentino,DELIVERED,2025-05-12 16:30:51,2025-05-14 15:04:53,5
9000005345,1000009284,20250509,764,1,,1,Correo Argentino,DELIVERED,2025-05-12 17:22:27,2025-05-15 18:37:03,6
9000005346,1000009285,20250509,233,1,,3,Correo Argentino,DELIVERED,2025-05-12 17:50:54,2025-05-15 12:01:14,6
9000005347,1000009288,20250509,2858,1,,1,Correo Argentino,DELIVERED,2025-05-12 16:20:23,2025-05-16 18:11:02,7
9000005348,1000009289,20250509,496,1,,1,Correo Argentino,DELIVERED,2025-05-12 17:02:39,2025-05-14 11:30:17,5
9000005349,1000009290,20250510,784,1,,4,Correo Argentino,DELIVERED,2025-05-12 18:42:59,2025-05-19 12:16:26,9
9000005350,1000009291,20250510,2062,1,,4,Correo Argentino,DELIVERED,2025-05-12 17:57:33,2025-05-15 09:23:31,5
9000005351,1000009297,20250510,2860,1,,1,Correo Argentino,DELIVERED,2025-05-12 16:00:51,2025-05-15 16:16:09,5
9000005352,1000009302,20250510,1592,1,,2,Correo Argentino,DELIVERED,2025-05-12 17:45:54,2025-05-20 16:46:36,10
9000005353,1000009303,20250510,2480,1,,1,Correo Argentino,DELIVERED,2025-05-12 16:18:23,2025-05-19 13:29:29,9
9000005354,1000009304,20250510,1334,1,,4,Correo Argentino,DELIVERED,2025-05-12 18:31:02,2025-05-19 10:24:05,9
9000005355,1000009314,20250510,1916,1,,1,Correo Argentino,DELIVERED,2025-05-12 16:29:02,2025-05-14 17:44:59,4
9000005356,1000009315,20250511,2500,1,,1,Correo Argentino,DELIVERED,2025-05-12 17:38:46,2025-05-16 17:32:12,5
9000005357,1000009316,20250511,2864,1,,3,Correo Argentino,DELIVERED,2025-05-12 18:03:04,2025-05-15 18:21:12,4
9000005358,1000009317,20250511,1706,1,,1,Correo Argentino,DELIVERED,2025-05-12 18:51:39,2025-05-16 18:42:07,5
9000005359,1000009318,20250511,2657,1,,3,Correo Argentino,DELIVERED,2025-05-12 17:24:19,2025-05-16 19:28:00,5
9000005360,1000009319,20250511,2865,1,,1,Correo Argentino,DELIVERED,2025-05-12 16:25:09,2025-05-16 10:25:35,5
9000005361,1000009320,20250511,1748,1,,3,Correo Argentino,DELIVERED,2025-05-12 16:01:23,2025-05-19 14:18:00,8
9000005362,1000009321,20250511,2866,1,,3,Correo Argentino,DELIVERED,2025-05-12 17:54:19,2025-05-19 17:36:25,8
9000005363,1000009322,20250511,909,1,,2,Correo Argentino,DELIVERED,2025-05-12 16:33:04,2025-05-19 14:18:23,8
9000005364,1000009323,20250511,2128,1,,2,Correo Argentino,DELIVERED,2025-05-12 17:25:27,2025-05-19 16:24:35,8
9000005365,1000009324,20250511,2180,1,,1,Correo Argentino,DELIVERED,2025-05-12 17:05:08,2025-05-16 10:17:58,5
9000005366,1000009325,20250511,670,1,,1,Correo Argentino,DELIVERED,2025-05-12 18:28:39,2025-05-16 10:55:12,5
9000005367,1000009327,20250511,2191,1,,4,Correo Argentino,DELIVERED,2025-05-12 17:18:34,2025-05-19 17:56:59,8
9000005368,1000009328,20250512,983,1,,1,Correo Argentino,DELIVERED,2025-05-12 16:50:29,2025-05-15 17:15:36,3
9000005369,1000009329,20250512,2868,1,,2,Correo Argentino,DELIVERED,2025-05-12 16:56:54,2025-05-19 17:41:42,7
9000005370,1000009331,20250512,2869,1,,1,Correo Argentino,DELIVERED,2025-05-12 18:42:47,2025-05-15 19:20:58,3
9000005371,1000009332,20250512,2870,1,,3,Correo Argentino,DELIVERED,2025-05-12 18:09:35,2025-05-20 15:59:47,8
9000005372,1000009333,20250512,1238,1,,1,Correo Argentino,DELIVERED,2025-05-12 16:49:33,2025-05-15 12:51:22,3
9000005373,1000009334,20250512,2768,1,,3,Correo Argentino,DELIVERED,2025-05-12 18:32:17,2025-05-16 18:48:00,4
9000005374,1000009336,20250512,1624,1,,2,Correo Argentino,DELIVERED,2025-05-12 17:32:59,2025-05-15 10:08:36,3
9000005375,1000009338,20250512,1223,1,,1,Correo Argentino,DELIVERED,2025-05-12 16:25:09,2025-05-15 10:39:20,3
9000005376,1000009339,20250512,1305,1,,2,Correo Argentino,DELIVERED,2025-05-12 18:45:12,2025-05-16 15:58:53,4
9000005377,1000009341,20250512,2520,1,,1,Correo Argentino,DELIVERED,2025-05-12 16:08:14,2025-05-15 19:16:26,3
9000005378,1000009342,20250512,2873,1,,1,Correo Argentino,DELIVERED,2025-05-12 17:24:51,2025-05-14 15:52:09,2
9000005380,1000009344,20250512,679,1,,3,Correo Argentino,DELIVERED,2025-05-13 16:35:29,2025-05-21 14:27:41,9
9000005381,1000009345,20250512,1039,1,,3,Correo Argentino,DELIVERED,2025-05-13 16:20:44,2025-05-16 14:50:25,4
9000005382,1000009347,20250512,139,1,,2,Correo Argentino,DELIVERED,2025-05-13 18:00:35,2025-05-20 14:16:13,8
9000005383,1000009348,20250512,2875,1,,1,Correo Argentino,DELIVERED,2025-05-13 17:55:07,2025-05-19 11:10:36,7
9000005384,1000009349,20250512,836,1,,2,Correo Argentino,DELIVERED,2025-05-13 18:36:55,2025-05-22 16:04:44,10
9000005385,1000009350,20250512,871,1,,4,Correo Argentino,DELIVERED,2025-05-13 16:22:00,2025-05-20 14:19:36,8
9000005386,1000009351,20250512,542,1,,2,Correo Argentino,DELIVERED,2025-05-13 18:01:43,2025-05-20 11:25:28,8
9000005387,1000009353,20250512,2032,1,,1,Correo Argentino,DELIVERED,2025-05-16 18:58:15,2025-05-19 10:34:21,7
9000005388,1000009354,20250512,2421,1,,4,Correo Argentino,DELIVERED,2025-05-13 18:33:30,2025-05-20 15:31:37,8
9000005389,1000009355,20250512,2877,1,,1,Correo Argentino,DELIVERED,2025-05-13 16:18:59,2025-05-15 09:04:36,3
9000005390,1000009356,20250512,1767,1,,1,Correo Argentino,DELIVERED,2025-05-13 17:40:57,2025-05-15 13:37:44,3
9000005391,1000009357,20250512,1679,1,,2,Correo Argentino,DELIVERED,2025-05-13 17:51:07,2025-05-20 13:13:47,8
9000005392,1000009358,20250512,42,1,,1,Correo Argentino,DELIVERED,2025-05-13 18:44:59,2025-05-20 16:15:46,8
9000005393,1000009360,20250512,2650,1,,4,Correo Argentino,DELIVERED,2025-05-13 18:45:50,2025-05-21 19:05:16,9
9000005394,1000009363,20250512,2607,1,,1,Correo Argentino,DELIVERED,2025-05-13 17:16:45,2025-05-16 18:41:38,4
9000005395,1000009364,20250512,73,1,,2,Correo Argentino,DELIVERED,2025-05-13 16:18:40,2025-05-21 13:15:00,9
9000005396,1000009365,20250512,2879,1,,3,Correo Argentino,DELIVERED,2025-05-13 18:35:08,2025-05-19 19:44:17,7
9000005397,1000009366,20250512,2131,1,,1,Correo Argentino,DELIVERED,2025-05-13 16:38:26,2025-05-15 09:49:33,3
9000005398,1000009367,20250512,2450,1,,1,Correo Argentino,DELIVERED,2025-05-13 17:01:26,2025-05-16 16:43:08,4
9000005399,1000009368,20250512,1537,1,,3,Correo Argentino,DELIVERED,2025-05-13 17:33:44,2025-05-21 19:57:24,9
9000005400,1000009369,20250512,2346,1,,1,Correo Argentino,DELIVERED,2025-05-13 17:22:31,2025-05-16 14:54:09,4
9000005401,1000009372,20250512,2881,1,,3,Correo Argentino,DELIVERED,2025-05-13 18:42:25,2025-05-19 18:23:56,7
9000005402,1000009374,20250512,2781,1,,3,Correo Argentino,DELIVERED,2025-05-13 17:52:24,2025-05-20 11:33:01,8
9000005403,1000009375,20250513,2105,1,,1,Correo Argentino,DELIVERED,2025-05-13 18:43:09,2025-05-19 19:46:16,6
9000005404,1000009376,20250513,2882,1,,2,Correo Argentino,DELIVERED,2025-05-13 17:38:06,2025-05-21 15:56:21,8
9000005405,1000009377,20250513,398,1,,1,Correo Argentino,DELIVERED,2025-05-13 18:33:29,2025-05-16 17:47:25,3
9000005406,1000009378,20250513,2883,1,,1,Correo Argentino,DELIVERED,2025-05-13 17:17:09,2025-05-19 12:26:30,6
9000005407,1000009379,20250513,2884,1,,1,Correo Argentino,DELIVERED,2025-05-13 17:06:56,2025-05-19 12:50:24,6
9000005408,1000009380,20250513,1109,1,,4,Correo Argentino,DELIVERED,2025-05-13 18:16:43,2025-05-20 17:51:19,7
9000005409,1000009381,20250513,2407,1,,3,Correo Argentino,DELIVERED,2025-05-13 18:21:27,2025-05-16 18:23:43,3
9000005410,1000009383,20250513,2885,1,,1,Correo Argentino,DELIVERED,2025-05-13 16:07:01,2025-05-19 18:54:20,6
9000005411,1000009384,20250513,2886,1,,1,Correo Argentino,DELIVERED,2025-05-13 17:31:10,2025-05-16 10:45:08,3
9000005412,1000009385,20250513,1532,1,,4,Correo Argentino,DELIVERED,2025-05-13 17:45:55,2025-05-16 09:51:02,3
9000005413,1000009386,20250513,2887,1,,2,Correo Argentino,DELIVERED,2025-05-13 16:35:15,2025-05-21 18:51:59,8
9000005414,1000009387,20250513,2183,1,,1,Correo Argentino,DELIVERED,2025-05-13 16:27:12,2025-05-16 12:25:11,3
9000005415,1000009388,20250513,2888,1,,3,Correo Argentino,DELIVERED,2025-05-13 17:01:24,2025-05-19 19:05:51,6
9000005416,1000009389,20250513,2504,1,,1,Correo Argentino,DELIVERED,2025-05-13 17:31:33,2025-05-16 14:50:29,3
9000005417,1000009390,20250513,1253,1,,3,Correo Argentino,DELIVERED,2025-05-13 18:09:07,2025-05-16 13:06:08,3
9000005418,1000009391,20250513,1842,1,,2,Correo Argentino,DELIVERED,2025-05-14 18:45:17,2025-05-23 12:25:52,10
9000005419,1000009392,20250513,344,1,,2,Correo Argentino,DELIVERED,2025-05-14 17:14:32,2025-05-22 12:04:51,9
9000005420,1000009394,20250513,1994,1,,1,Correo Argentino,DELIVERED,2025-05-14 16:18:35,2025-05-20 16:31:54,7
9000005421,1000009395,20250513,1469,1,,3,Correo Argentino,DELIVERED,2025-05-14 18:05:22,2025-05-21 15:16:25,8
9000005422,1000009397,20250513,651,1,,1,Correo Argentino,DELIVERED,2025-05-14 18:30:53,2025-05-20 09:13:48,7
9000005423,1000009402,20250513,1045,1,,1,Correo Argentino,CANCELLED,,,
9000005424,1000009403,20250513,2891,1,,3,Correo Argentino,DELIVERED,2025-05-14 16:54:06,2025-05-20 17:45:44,7
9000005425,1000009404,20250513,2892,1,,4,Correo Argentino,DELIVERED,2025-05-14 16:40:56,2025-05-20 16:06:35,7
9000005426,1000009405,20250513,2893,1,,1,Correo Argentino,DELIVERED,2025-05-14 18:15:54,2025-05-20 18:20:06,7
9000005427,1000009406,20250513,185,1,,1,Correo Argentino,DELIVERED,2025-05-14 16:50:05,2025-05-20 14:59:05,7
9000005428,1000009407,20250513,2364,1,,2,Correo Argentino,DELIVERED,2025-05-14 18:12:41,2025-05-20 16:21:47,7
9000005429,1000009408,20250513,2894,1,,2,Correo Argentino,DELIVERED,2025-05-14 16:56:53,2025-05-22 17:09:16,9
9000005430,1000009409,20250513,2249,1,,3,Correo Argentino,DELIVERED,2025-05-14 17:21:27,2025-05-19 16:26:26,6
9000005431,1000009410,20250513,2114,1,,1,Correo Argentino,DELIVERED,2025-05-14 18:51:09,2025-05-19 17:20:48,6
9000005432,1000009411,20250513,2895,1,,2,Correo Argentino,DELIVERED,2025-05-14 18:18:16,2025-05-21 17:29:13,8
9000005433,1000009412,20250513,2705,1,,1,Correo Argentino,DELIVERED,2025-05-14 16:42:45,2025-05-19 15:36:27,6
9000005434,1000009413,20250513,2751,1,,2,Correo Argentino,DELIVERED,2025-05-14 18:17:19,2025-05-20 18:27:43,7
9000005435,1000009414,20250513,2490,1,,1,Correo Argentino,DELIVERED,2025-05-14 16:41:12,2025-05-19 10:30:29,6
9000005436,1000009415,20250513,2316,1,,4,Correo Argentino,DELIVERED,2025-05-14 18:32:48,2025-05-21 12:00:45,8
9000005437,1000009416,20250513,1950,1,,1,Correo Argentino,DELIVERED,2025-05-14 17:59:21,2025-05-16 09:49:09,3
9000005438,1000009417,20250513,2896,1,,2,Correo Argentino,DELIVERED,2025-05-14 16:58:10,2025-05-20 17:54:29,7
9000005439,1000009418,20250513,2254,1,,1,Correo Argentino,DELIVERED,2025-05-14 17:51:40,2025-05-16 16:01:56,3
9000005440,1000009419,20250513,2636,1,,1,Correo Argentino,DELIVERED,2025-05-14 17:17:12,2025-05-16 09:05:02,3
9000005441,1000009420,20250513,1485,1,,1,Correo Argentino,DELIVERED,2025-05-14 18:04:34,2025-05-19 18:33:22,6
9000005442,1000009421,20250513,1352,1,,2,Correo Argentino,DELIVERED,2025-05-14 16:28:56,2025-05-19 16:53:27,6
9000005443,1000009422,20250513,1258,1,,1,Correo Argentino,DELIVERED,2025-05-14 18:07:03,2025-05-19 16:20:06,6
9000005444,1000009423,20250513,184,1,,1,Correo Argentino,DELIVERED,2025-05-14 17:26:54,2025-05-19 15:49:01,6
9000005445,1000009424,20250513,351,1,,1,Correo Argentino,DELIVERED,2025-05-14 16:46:10,2025-05-19 15:54:33,6
9000005446,1000009425,20250513,2614,1,,3,Correo Argentino,DELIVERED,2025-05-15 17:58:54,2025-05-20 15:17:16,7
9000005447,1000009426,20250513,1926,1,,2,Correo Argentino,DELIVERED,2025-05-14 16:21:00,2025-05-19 16:35:30,6
9000005448,1000009427,20250513,2103,1,,4,Correo Argentino,DELIVERED,2025-05-14 16:58:15,2025-05-20 16:52:52,7
9000005449,1000009428,20250513,2018,1,,2,Correo Argentino,DELIVERED,2025-05-14 18:28:25,2025-05-21 15:48:04,8
9000005450,1000009429,20250513,2898,1,,1,Correo Argentino,DELIVERED,2025-05-14 16:15:08,2025-05-16 12:28:55,3
9000005451,1000009430,20250513,2897,1,,1,Correo Argentino,DELIVERED,2025-05-14 18:34:57,2025-05-20 16:24:16,7
9000005452,1000009431,20250513,2605,1,,3,Correo Argentino,DELIVERED,2025-05-14 17:56:09,2025-05-22 12:40:30,9
9000005453,1000009432,20250513,1526,1,,1,Correo Argentino,DELIVERED,2025-05-14 17:47:59,2025-05-21 11:49:54,8
9000005454,1000009433,20250513,2571,1,,3,Correo Argentino,DELIVERED,2025-05-14 18:26:17,2025-05-20 13:29:30,7
9000005455,1000009434,20250513,2899,1,,2,Correo Argentino,DELIVERED,2025-05-14 17:33:07,2025-05-23 09:18:35,10
9000005456,1000009435,20250514,1328,1,,2,Correo Argentino,DELIVERED,2025-05-14 16:21:32,2025-05-20 16:01:25,6
9000005457,1000009436,20250514,2900,1,,3,Correo Argentino,DELIVERED,2025-05-14 18:23:35,2025-05-21 13:54:53,7
9000005458,1000009437,20250514,2901,1,,2,Correo Argentino,DELIVERED,2025-05-14 16:11:09,2025-05-20 12:40:01,6
9000005459,1000009438,20250514,2348,1,,2,Correo Argentino,DELIVERED,2025-05-14 17:50:29,2025-05-19 15:41:29,5
9000005460,1000009439,20250514,705,1,,3,Correo Argentino,DELIVERED,2025-05-14 16:28:47,2025-05-21 11:29:24,7
9000005461,1000009441,20250514,118,1,,2,Correo Argentino,DELIVERED,2025-05-14 18:03:44,2025-05-21 14:21:05,7
9000005462,1000009443,20250514,2902,1,,1,Correo Argentino,DELIVERED,2025-05-14 18:32:01,2025-05-19 12:43:52,5
9000005463,1000009444,20250514,2165,1,,3,Correo Argentino,DELIVERED,2025-05-14 17:15:39,2025-05-20 13:09:29,6
9000005464,1000009445,20250514,2904,1,,3,Correo Argentino,DELIVERED,2025-05-14 16:46:35,2025-05-20 18:33:49,6
9000005465,1000009446,20250514,2059,1,,3,Correo Argentino,DELIVERED,2025-05-15 17:58:41,2025-05-20 14:21:26,6
9000005466,1000009447,20250514,1515,1,,1,Correo Argentino,DELIVERED,2025-05-15 16:58:37,2025-05-20 17:15:12,6
9000005467,1000009450,20250514,2139,1,,1,Correo Argentino,DELIVERED,2025-05-15 16:13:43,2025-05-19 13:35:26,5
9000005468,1000009452,20250514,2046,1,,3,Correo Argentino,DELIVERED,2025-05-15 17:48:03,2025-05-21 14:44:01,7
9000005469,1000009453,20250514,399,1,,3,Correo Argentino,DELIVERED,2025-05-16 18:42:19,2025-05-22 14:02:28,8
9000005470,1000009454,20250514,1946,1,,2,Correo Argentino,DELIVERED,2025-05-15 18:24:49,2025-05-20 17:47:03,6
9000005471,1000009455,20250514,2314,1,,3,Correo Argentino,DELIVERED,2025-05-15 18:04:23,2025-05-20 10:09:48,6
9000005472,1000009456,20250514,2906,1,,1,Correo Argentino,DELIVERED,2025-05-15 18:17:48,2025-05-16 17:29:52,2
9000005473,1000009457,20250514,2907,1,,2,Correo Argentino,DELIVERED,2025-05-15 17:58:23,2025-05-20 13:18:08,6
9000005474,1000009458,20250514,2549,1,,1,Correo Argentino,DELIVERED,2025-05-15 16:55:03,2025-05-19 17:48:01,5
9000005475,1000009460,20250514,2035,1,,1,Correo Argentino,DELIVERED,2025-05-15 16:41:25,2025-05-16 14:10:03,2
9000005476,1000009461,20250514,2138,1,,1,Correo Argentino,DELIVERED,2025-05-15 18:52:34,2025-05-20 13:24:18,6
9000005477,1000009462,20250514,2171,1,,2,Correo Argentino,DELIVERED,2025-05-15 18:20:19,2025-05-20 15:29:40,6
9000005479,1000009464,20250514,473,1,,1,Correo Argentino,DELIVERED,2025-05-15 16:50:34,2025-05-16 15:40:21,2
9000005480,1000009465,20250514,470,1,,3,Correo Argentino,CANCELLED,,,
9000005481,1000009466,20250514,460,1,,1,Correo Argentino,DELIVERED,2025-05-15 16:38:51,2025-05-16 15:44:29,2
9000005482,1000009467,20250514,1454,1,,1,Correo Argentino,DELIVERED,2025-05-15 18:38:11,2025-05-16 17:25:13,2
9000005483,1000009470,20250514,719,1,,1,Correo Argentino,DELIVERED,2025-05-15 16:56:55,2025-05-16 11:48:16,2
9000005484,1000009471,20250514,2390,1,,1,Correo Argentino,DELIVERED,2025-05-15 16:21:26,2025-05-19 18:25:48,5
9000005485,1000009472,20250514,2415,1,,4,Correo Argentino,DELIVERED,2025-05-15 17:08:14,2025-05-20 11:17:12,6
9000005486,1000009473,20250514,1016,1,,1,Correo Argentino,DELIVERED,2025-05-15 17:27:47,2025-05-16 14:33:22,2
9000005487,1000009474,20250514,2568,1,,1,Correo Argentino,DELIVERED,2025-05-15 17:50:07,2025-05-16 10:10:26,2
9000005488,1000009475,20250514,1662,1,,1,Correo Argentino,DELIVERED,2025-05-15 16:22:45,2025-05-19 12:57:26,5
9000005489,1000009476,20250514,2908,1,,2,Correo Argentino,DELIVERED,2025-05-15 16:17:39,2025-05-21 17:48:01,7
9000005490,1000009477,20250514,648,1,,1,Correo Argentino,DELIVERED,2025-05-15 16:53:46,2025-05-19 18:25:22,5
9000005491,1000009479,20250514,2909,1,,1,Correo Argentino,DELIVERED,2025-05-15 17:41:39,2025-05-16 13:37:13,2
9000005492,1000009480,20250514,2910,1,,4,Correo Argentino,DELIVERED,2025-05-15 16:22:25,2025-05-20 16:56:40,6
9000005493,1000009481,20250514,1120,1,,1,Correo Argentino,DELIVERED,2025-05-15 16:49:50,2025-05-16 19:13:40,2
9000005494,1000009482,20250514,700,1,,3,Correo Argentino,DELIVERED,2025-05-15 17:01:34,2025-05-20 15:49:20,6
9000005495,1000009483,20250514,165,1,,2,Correo Argentino,DELIVERED,2025-05-15 18:17:41,2025-05-19 13:42:31,5
9000005496,1000009484,20250514,2911,1,,1,Correo Argentino,DELIVERED,2025-05-15 17:09:21,2025-05-19 16:54:27,5
9000005497,1000009486,20250514,1129,1,,4,Correo Argentino,DELIVERED,2025-05-15 18:28:29,2025-05-19 10:18:30,5
9000005498,1000009487,20250514,1047,1,,3,Correo Argentino,DELIVERED,2025-05-15 16:07:12,2025-05-19 18:35:45,5
9000005499,1000009488,20250515,2577,1,,1,Correo Argentino,DELIVERED,2025-05-15 17:04:40,2025-05-19 18:54:20,4
9000005500,1000009490,20250515,2912,1,,2,Correo Argentino,DELIVERED,2025-05-15 16:54:46,2025-05-20 13:33:10,5
9000005501,1000009495,20250515,1622,1,,1,Correo Argentino,DELIVERED,2025-05-16 16:10:32,2025-05-21 09:26:45,6
9000005502,1000009496,20250515,2553,1,,3,Correo Argentino,DELIVERED,2025-05-16 16:15:43,2025-05-20 17:23:18,5
9000005503,1000009499,20250515,2342,1,,3,Correo Argentino,DELIVERED,2025-05-16 16:40:46,2025-05-20 19:06:31,5
9000005504,1000009500,20250515,2575,1,,4,Correo Argentino,DELIVERED,2025-05-16 18:28:56,2025-05-21 11:23:59,6
9000005505,1000009503,20250515,1828,1,,4,Correo Argentino,DELIVERED,2025-05-16 17:59:59,2025-05-20 13:45:04,5
9000005506,1000009505,20250515,2413,1,,1,Correo Argentino,DELIVERED,2025-05-16 18:48:34,2025-05-20 10:32:01,5
9000005507,1000009507,20250515,2393,1,,2,Correo Argentino,DELIVERED,2025-05-16 17:36:26,2025-05-21 13:45:07,6
9000005508,1000009508,20250515,2230,1,,1,Correo Argentino,DELIVERED,2025-05-16 17:09:29,2025-05-19 13:14:18,4
9000005509,1000009510,20250516,2834,1,,1,Correo Argentino,DELIVERED,2025-05-16 17:57:16,2025-05-20 19:06:41,4
9000005510,1000009520,20250516,1389,1,,1,Correo Argentino,DELIVERED,2025-05-19 17:59:51,2025-05-20 11:44:41,4
9000005511,1000009521,20250516,389,1,,1,Correo Argentino,DELIVERED,2025-05-19 16:16:09,2025-05-21 11:48:24,5
9000005512,1000009523,20250516,2658,1,,3,Correo Argentino,DELIVERED,2025-05-19 17:36:40,2025-05-22 18:15:28,6
9000005513,1000009524,20250516,622,1,,2,Correo Argentino,DELIVERED,2025-05-19 17:59:55,2025-05-23 11:39:58,7
9000005514,1000009525,20250516,2292,1,,1,Correo Argentino,DELIVERED,2025-05-19 18:30:46,2025-05-21 13:44:55,5
9000005515,1000009526,20250516,2074,1,,4,Correo Argentino,DELIVERED,2025-05-19 17:33:25,2025-05-23 12:13:11,7
9000005516,1000009527,20250516,2920,1,,1,Correo Argentino,DELIVERED,2025-05-19 17:17:49,2025-05-21 10:38:30,5
9000005517,1000009529,20250517,2494,1,,4,Correo Argentino,DELIVERED,2025-05-19 18:33:53,2025-05-22 11:14:00,5
9000005518,1000009530,20250517,2008,1,,3,Correo Argentino,DELIVERED,2025-05-19 16:12:00,2025-05-26 12:37:20,9
9000005519,1000009534,20250517,2400,1,,1,Correo Argentino,DELIVERED,2025-05-19 16:49:46,2025-05-21 09:01:41,4
9000005521,1000009544,20250517,2282,1,,1,Correo Argentino,DELIVERED,2025-05-19 16:16:04,2025-05-21 11:54:36,4
9000005522,1000009545,20250517,2471,1,,1,Correo Argentino,DELIVERED,2025-05-19 16:23:34,2025-05-20 11:16:52,3
9000005523,1000009548,20250517,1314,1,,2,Correo Argentino,DELIVERED,2025-05-19 17:53:42,2025-05-26 11:05:06,9
9000005524,1000009550,20250517,1436,1,,4,Correo Argentino,DELIVERED,2025-05-19 18:08:46,2025-05-21 14:08:45,4
9000005525,1000009551,20250518,1001,1,,3,Correo Argentino,DELIVERED,2025-05-19 17:38:03,2025-05-23 17:21:57,5
9000005526,1000009552,20250518,2514,1,,2,Correo Argentino,DELIVERED,2025-05-19 17:11:45,2025-05-22 11:32:46,4
9000005527,1000009553,20250518,2922,1,,3,Correo Argentino,DELIVERED,2025-05-19 17:35:03,2025-05-21 18:29:55,3
9000005528,1000009554,20250518,1924,1,,1,Correo Argentino,DELIVERED,2025-05-19 16:40:06,2025-05-21 17:05:42,3
9000005529,1000009555,20250518,58,1,,1,Correo Argentino,DELIVERED,2025-05-19 16:37:51,2025-05-21 13:08:40,3
9000005530,1000009556,20250518,1521,1,,1,Correo Argentino,DELIVERED,2025-05-19 18:20:34,2025-05-20 18:19:53,2
9000005531,1000009557,20250518,2246,1,,2,Correo Argentino,DELIVERED,2025-05-19 18:01:26,2025-05-21 15:17:59,3
9000005532,1000009558,20250518,1876,1,,1,Correo Argentino,DELIVERED,2025-05-19 17:12:46,2025-05-21 12:38:35,3
9000005533,1000009559,20250518,2923,1,,1,Correo Argentino,DELIVERED,2025-05-19 17:02:43,2025-05-20 14:56:11,2
9000005534,1000009560,20250519,2925,1,,3,Correo Argentino,DELIVERED,2025-05-19 18:26:56,2025-05-22 11:28:43,3
9000005535,1000009561,20250519,2926,1,,2,Correo Argentino,DELIVERED,2025-05-19 16:08:10,2025-05-26 11:51:04,7
9000005536,1000009562,20250519,2927,1,,1,Correo Argentino,DELIVERED,2025-05-19 18:15:49,2025-05-22 14:31:38,3
9000005537,1000009563,20250519,2632,1,,1,Correo Argentino,DELIVERED,2025-05-20 18:32:52,2025-05-21 13:45:40,2
9000005538,1000009564,20250519,2301,1,,2,Correo Argentino,DELIVERED,2025-05-20 17:08:07,2025-05-26 15:56:45,7
9000005539,1000009565,20250519,2928,1,,1,Correo Argentino,DELIVERED,2025-05-22 18:31:03,2025-05-26 09:40:03,7
9000005540,1000009566,20250519,2248,1,,1,Correo Argentino,DELIVERED,2025-05-20 18:23:27,2025-05-22 16:52:15,3
9000005541,1000009567,20250519,1095,1,,1,Correo Argentino,DELIVERED,2025-05-20 18:14:52,2025-05-22 14:56:18,3
9000005543,1000009569,20250519,1732,1,,4,Correo Argentino,DELIVERED,2025-05-20 17:12:42,2025-05-22 12:22:00,3
9000005544,1000009571,20250519,1754,1,,1,Correo Argentino,DELIVERED,2025-05-20 17:51:59,2025-05-21 18:15:24,2
9000005545,1000009573,20250519,1422,1,,1,Correo Argentino,DELIVERED,2025-05-20 18:27:42,2025-05-21 11:38:23,2
9000005546,1000009574,20250520,2486,1,,2,Correo Argentino,DELIVERED,2025-05-20 16:24:11,2025-05-23 12:57:43,3
9000005547,1000009575,20250520,1907,1,,4,Correo Argentino,DELIVERED,2025-05-20 16:20:43,2025-05-26 10:09:20,6
9000005548,1000009576,20250520,2245,1,,3,Correo Argentino,DELIVERED,2025-05-20 17:58:49,2025-05-26 17:39:23,6
9000005550,1000009578,20250520,2841,1,,4,Correo Argentino,DELIVERED,2025-05-21 18:54:29,2025-05-23 13:28:04,3
9000005551,1000009579,20250520,215,1,,1,Correo Argentino,DELIVERED,2025-05-21 17:07:19,2025-05-23 12:56:19,3
9000005552,1000009581,20250520,763,1,,2,Correo Argentino,DELIVERED,2025-05-21 16:10:14,2025-05-27 14:05:17,7
9000005553,1000009582,20250520,2929,1,,1,Correo Argentino,DELIVERED,2025-05-21 18:10:39,2025-05-23 14:20:36,3
9000005554,1000009585,20250520,1029,1,,1,Correo Argentino,DELIVERED,2025-05-21 18:19:24,2025-05-22 09:18:14,2
9000005555,1000009587,20250520,2690,1,,1,Correo Argentino,DELIVERED,2025-05-21 16:44:41,2025-05-23 17:42:40,3
9000005556,1000009588,20250520,2930,1,,3,Correo Argentino,DELIVERED,2025-05-21 18:20:21,2025-05-28 15:33:06,8
9000005557,1000009589,20250520,2931,1,,3,Correo Argentino,DELIVERED,2025-05-21 18:58:24,2025-05-27 12:22:05,7
9000005558,1000009591,20250520,2932,1,,2,Correo Argentino,DELIVERED,2025-05-21 18:41:26,2025-05-26 18:14:03,6
9000005559,1000009592,20250521,2933,1,,1,Correo Argentino,DELIVERED,2025-05-21 17:19:56,2025-05-23 13:45:27,2
9000005560,1000009593,20250521,1359,1,,4,Correo Argentino,DELIVERED,2025-05-21 18:23:36,2025-05-26 17:33:25,5
9000005561,1000009595,20250521,1870,1,,3,Correo Argentino,DELIVERED,2025-05-21 18:31:32,2025-05-27 16:17:49,6
9000005562,1000009600,20250521,2119,1,,4,Correo Argentino,DELIVERED,2025-05-22 16:58:45,2025-05-27 12:50:31,6
9000005563,1000009601,20250521,2488,1,,4,Correo Argentino,DELIVERED,2025-05-22 17:34:30,2025-05-26 15:02:04,5
9000005564,1000009602,20250521,2935,1,,1,Correo Argentino,DELIVERED,2025-05-22 18:23:41,2025-05-23 17:06:14,2
9000005565,1000009604,20250521,2936,1,,1,Correo Argentino,DELIVERED,2025-05-22 17:11:25,2025-05-27 15:11:45,6
9000005566,1000009606,20250521,2937,1,,2,Correo Argentino,DELIVERED,2025-05-22 16:26:23,2025-05-28 15:49:57,7
9000005567,1000009607,20250521,2555,1,,4,Correo Argentino,DELIVERED,2025-05-22 18:30:01,2025-05-26 15:58:10,5
9000005568,1000009608,20250521,2476,1,,3,Correo Argentino,DELIVERED,2025-05-22 16:35:17,2025-05-27 11:55:53,6
9000005569,1000009609,20250521,2938,1,,1,Correo Argentino,DELIVERED,2025-05-22 17:24:15,2025-05-23 19:01:04,2
9000005570,1000009610,20250522,2154,1,,1,Correo Argentino,DELIVERED,2025-05-22 18:44:41,2025-05-26 18:09:02,4
9000005571,1000009611,20250522,1852,1,,3,Correo Argentino,DELIVERED,2025-05-26 16:48:41,2025-05-30 09:10:35,8
9000005572,1000009612,20250522,1824,1,,4,Correo Argentino,DELIVERED,2025-05-22 16:48:20,2025-05-28 19:16:51,6
9000005573,1000009617,20250522,1479,1,,1,Correo Argentino,DELIVERED,2025-05-23 18:50:54,2025-05-26 18:39:19,4
9000005574,1000009618,20250522,1409,1,,3,Correo Argentino,DELIVERED,2025-05-23 18:58:10,2025-05-28 13:29:15,6
9000005575,1000009619,20250522,1334,1,,4,Correo Argentino,DELIVERED,2025-05-23 16:08:25,2025-05-30 11:11:32,8
9000005576,1000009620,20250522,1674,1,,1,Correo Argentino,DELIVERED,2025-05-23 16:08:04,2025-05-26 14:45:57,4
9000005578,1000009622,20250522,1969,1,,1,Correo Argentino,DELIVERED,2025-05-23 16:49:31,2025-05-27 17:24:41,5
9000005580,1000009627,20250522,2943,1,,4,Correo Argentino,DELIVERED,2025-05-23 18:47:06,2025-05-27 10:52:46,5
9000005581,1000009628,20250522,2942,1,,3,Correo Argentino,DELIVERED,2025-05-23 17:44:44,2025-05-28 14:12:36,6
9000005582,1000009629,20250522,2944,1,,3,Correo Argentino,DELIVERED,2025-05-23 17:43:42,2025-05-27 14:21:47,5
9000005583,1000009630,20250522,942,1,,1,Correo Argentino,DELIVERED,2025-05-23 18:51:13,2025-05-27 11:04:31,5
9000005584,1000009631,20250523,2209,1,,4,Correo Argentino,DELIVERED,2025-05-23 17:43:52,2025-05-29 16:14:07,6
9000005585,1000009633,20250523,1557,1,,2,Correo Argentino,DELIVERED,2025-05-23 17:42:11,2025-05-27 14:29:13,4
9000005586,1000009636,20250523,1350,1,,3,Correo Argentino,DELIVERED,2025-05-26 16:49:39,2025-05-28 16:04:58,5
9000005587,1000009637,20250523,2189,1,,4,Correo Argentino,DELIVERED,2025-05-26 18:09:51,2025-05-30 12:27:13,7
9000005588,1000009638,20250523,1734,1,,2,Correo Argentino,DELIVERED,2025-05-26 18:02:46,2025-05-30 14:16:43,7
9000005590,1000009640,20250523,1687,1,,1,Correo Argentino,DELIVERED,2025-05-26 16:35:26,2025-05-28 19:25:43,5
9000005591,1000009641,20250523,2625,1,,2,Correo Argentino,DELIVERED,2025-05-26 17:29:02,2025-05-28 12:18:54,5
9000005592,1000009642,20250523,2262,1,,2,Correo Argentino,DELIVERED,2025-05-26 16:12:48,2025-05-29 13:05:20,6
9000005593,1000009643,20250524,895,1,,3,Correo Argentino,DELIVERED,2025-05-26 18:57:18,2025-05-29 16:36:15,5
9000005594,1000009647,20250524,2672,1,,2,Correo Argentino,DELIVERED,2025-05-26 17:06:24,2025-05-28 12:04:19,4
9000005595,1000009653,20250524,2950,1,,3,Correo Argentino,DELIVERED,2025-05-26 16:31:50,2025-05-30 15:31:21,6
9000005596,1000009658,20250524,2019,1,,1,Correo Argentino,DELIVERED,2025-05-26 17:15:22,2025-05-27 15:58:48,3
9000005597,1000009659,20250524,2795,1,,3,Correo Argentino,DELIVERED,2025-05-26 17:03:35,2025-05-30 14:50:57,6
9000005598,1000009660,20250524,2682,1,,1,Correo Argentino,DELIVERED,2025-05-26 16:34:49,2025-05-29 17:24:47,5
9000005599,1000009661,20250525,2198,1,,1,Correo Argentino,DELIVERED,2025-05-26 16:05:08,2025-05-28 15:39:36,3
9000005600,1000009662,20250525,996,1,,2,Correo Argentino,DELIVERED,2025-05-26 16:26:18,2025-05-29 10:00:45,4
9000005601,1000009663,20250525,983,1,,1,Correo Argentino,DELIVERED,2025-05-26 16:33:11,2025-05-27 15:18:19,2
9000005602,1000009664,20250525,2953,1,,1,Correo Argentino,DELIVERED,2025-05-26 17:49:39,2025-05-29 14:15:36,4
9000005603,1000009665,20250525,2443,1,,4,Correo Argentino,DELIVERED,2025-05-26 16:16:14,2025-05-30 16:43:00,5
9000005604,1000009666,20250525,2186,1,,2,Correo Argentino,DELIVERED,2025-05-28 16:42:35,2025-05-30 09:47:49,5
9000005605,1000009667,20250525,703,1,,3,Correo Argentino,DELIVERED,2025-05-26 16:15:46,2025-05-30 09:58:28,5
9000005606,1000009668,20250525,1816,1,,1,Correo Argentino,DELIVERED,2025-05-26 18:00:39,2025-05-28 15:57:36,3
9000005607,1000009670,20250525,1871,1,,4,Correo Argentino,DELIVERED,2025-05-26 16:36:53,2025-05-30 15:05:46,5
9000005608,1000009671,20250526,2370,1,,1,Correo Argentino,DELIVERED,2025-05-26 16:13:43,2025-05-28 12:16:10,2
9000005609,1000009672,20250526,1361,1,,1,Correo Argentino,DELIVERED,2025-05-26 16:28:26,2025-05-28 09:27:32,2
9000005610,1000009673,20250526,2955,1,,3,Correo Argentino,DELIVERED,2025-05-26 18:31:37,2025-05-30 09:39:45,4
9000005611,1000009676,20250526,1323,1,,1,Correo Argentino,DELIVERED,2025-05-27 17:16:01,2025-05-29 10:29:28,3
9000005612,1000009677,20250526,2439,1,,3,Correo Argentino,DELIVERED,2025-05-27 16:57:55,2025-05-29 11:29:41,3
9000005613,1000009681,20250526,1847,1,,1,Correo Argentino,DELIVERED,2025-05-27 18:12:29,2025-05-28 15:19:21,2
9000005614,1000009683,20250526,2594,1,,4,Correo Argentino,DELIVERED,2025-05-27 17:34:31,2025-06-02 15:13:57,7
9000005615,1000009685,20250526,420,1,,1,Correo Argentino,DELIVERED,2025-05-27 17:14:10,2025-05-28 14:48:37,2
9000005616,1000009686,20250527,2960,1,,1,Correo Argentino,DELIVERED,2025-05-27 18:46:44,2025-05-30 19:56:00,3
9000005617,1000009687,20250527,553,1,,3,Correo Argentino,DELIVERED,2025-05-27 16:26:20,2025-05-30 12:45:30,3
9000005618,1000009688,20250527,2458,1,,3,Correo Argentino,DELIVERED,2025-05-27 17:16:24,2025-06-03 15:25:13,7
9000005619,1000009689,20250527,1949,1,,1,Correo Argentino,DELIVERED,2025-05-27 16:17:25,2025-05-28 09:28:46,1
9000005620,1000009690,20250527,20,1,,1,Correo Argentino,DELIVERED,2025-05-27 18:49:35,2025-05-28 19:10:44,1
9000005621,1000009693,20250527,2353,1,,1,Correo Argentino,DELIVERED,2025-05-28 18:28:45,2025-05-30 15:12:47,3
9000005622,1000009696,20250527,2550,1,,2,Correo Argentino,DELIVERED,2025-05-28 17:41:33,2025-06-04 10:50:30,8
9000005624,1000009699,20250527,2963,1,,3,Correo Argentino,DELIVERED,2025-05-28 16:35:01,2025-06-02 15:11:56,6
9000005625,1000009700,20250527,2693,1,,3,Correo Argentino,DELIVERED,2025-05-28 16:12:09,2025-06-03 14:30:14,7
9000005626,1000009701,20250527,2643,1,,1,Correo Argentino,DELIVERED,2025-05-28 17:57:14,2025-05-30 14:44:23,3
9000005627,1000009702,20250527,2656,1,,1,Correo Argentino,DELIVERED,2025-05-28 17:16:15,2025-05-30 19:38:34,3
9000005628,1000009703,20250528,2964,1,,2,Correo Argentino,DELIVERED,2025-05-28 16:34:55,2025-06-03 15:33:45,6
9000005629,1000009704,20250528,2965,1,,1,Correo Argentino,DELIVERED,2025-05-28 17:18:36,2025-05-30 14:53:57,2
9000005630,1000009706,20250528,2966,1,,4,Correo Argentino,DELIVERED,2025-05-29 16:20:12,2025-06-03 18:04:32,6
9000005631,1000009709,20250528,831,1,,4,Correo Argentino,DELIVERED,2025-05-29 16:51:50,2025-06-03 09:51:30,6
9000005632,1000009711,20250528,338,1,,1,Correo Argentino,DELIVERED,2025-05-29 18:18:03,2025-06-02 09:59:17,5
9000005633,1000009713,20250528,2050,1,,1,Correo Argentino,DELIVERED,2025-05-29 18:42:37,2025-06-02 19:24:52,5
9000005634,1000009714,20250528,1182,1,,2,Correo Argentino,DELIVERED,2025-05-29 17:31:17,2025-06-02 11:49:21,5
9000005635,1000009716,20250529,2111,1,,1,Correo Argentino,DELIVERED,2025-05-29 17:04:30,2025-06-02 16:02:29,4
9000005636,1000009717,20250529,1165,1,,1,Correo Argentino,DELIVERED,2025-05-29 17:53:34,2025-05-30 12:10:08,1
9000005637,1000009720,20250529,2694,1,,1,Correo Argentino,DELIVERED,2025-05-29 16:15:44,2025-06-02 18:02:15,4
9000005638,1000009723,20250529,2346,1,,1,Correo Argentino,DELIVERED,2025-05-30 17:10:34,2025-06-03 10:44:42,5
9000005639,1000009724,20250529,783,1,,1,Correo Argentino,DELIVERED,2025-05-30 17:33:29,2025-06-02 09:10:09,4
9000005640,1000009725,20250529,1313,1,,2,Correo Argentino,DELIVERED,2025-05-30 18:21:56,2025-06-03 13:46:21,5
9000005641,1000009726,20250529,2022,1,,3,Correo Argentino,DELIVERED,2025-05-30 16:46:01,2025-06-04 19:23:15,6
9000005642,1000009727,20250529,1931,1,,2,Correo Argentino,DELIVERED,2025-05-30 16:21:54,2025-06-05 12:33:48,7
9000005643,1000009729,20250529,2279,1,,4,Correo Argentino,DELIVERED,2025-05-30 17:48:55,2025-06-05 09:47:59,7
9000005644,1000009731,20250529,2814,1,,2,Correo Argentino,DELIVERED,2025-05-30 16:39:56,2025-06-03 11:02:22,5
9000005645,1000009733,20250529,2300,1,,1,Correo Argentino,DELIVERED,2025-05-30 16:45:33,2025-06-03 09:14:07,5
9000005646,1000009735,20250529,2260,1,,4,Correo Argentino,DELIVERED,2025-05-30 18:02:57,2025-06-05 14:26:20,7
9000005647,1000009736,20250529,1912,1,,3,Correo Argentino,DELIVERED,2025-05-30 17:09:01,2025-06-05 12:16:13,7
9000005648,1000009737,20250530,2968,1,,1,Correo Argentino,DELIVERED,2025-05-30 16:37:13,2025-06-04 16:44:01,5
9000005649,1000009738,20250530,112,1,,1,Correo Argentino,DELIVERED,2025-05-30 17:52:41,2025-06-02 09:59:09,3
9000005650,1000009739,20250530,2497,1,,2,Correo Argentino,DELIVERED,2025-05-30 18:41:09,2025-06-03 16:02:43,4
9000005651,1000009740,20250530,2372,1,,2,Correo Argentino,DELIVERED,2025-05-30 18:43:08,2025-06-04 13:56:48,5
9000005652,1000009741,20250530,1135,1,,1,Correo Argentino,DELIVERED,2025-05-30 18:50:50,2025-06-02 19:10:31,3
9000005653,1000009743,20250530,2782,1,,1,Correo Argentino,DELIVERED,2025-06-02 16:26:38,2025-06-05 09:15:24,6
9000005654,1000009747,20250530,1001,1,,3,Correo Argentino,DELIVERED,2025-06-02 18:04:36,2025-06-05 18:46:48,6
9000005655,1000009748,20250530,2823,1,,1,Correo Argentino,DELIVERED,2025-06-02 17:52:26,2025-06-04 18:36:05,5
9000005656,1000009749,20250531,2971,1,,3,Correo Argentino,DELIVERED,2025-06-02 18:34:54,2025-06-06 11:27:11,6
9000005657,1000009751,20250531,2841,1,,4,Correo Argentino,DELIVERED,2025-06-02 18:08:37,2025-06-05 19:58:31,5
9000005658,1000009752,20250531,938,1,,3,Correo Argentino,DELIVERED,2025-06-02 16:42:02,2025-06-04 13:50:08,4
9000005659,1000009754,20250531,1002,1,,3,Correo Argentino,DELIVERED,2025-06-02 18:39:20,2025-06-06 14:32:20,6
9000005661,1000009759,20250531,1258,1,,1,Correo Argentino,DELIVERED,2025-06-02 16:31:23,2025-06-04 19:11:26,4
9000005662,1000009760,20250601,2972,1,,1,Correo Argentino,DELIVERED,2025-06-02 18:00:59,2025-06-05 12:31:39,4
9000005663,1000009761,20250601,2635,1,,1,Correo Argentino,DELIVERED,2025-06-02 18:26:51,2025-06-05 16:09:46,4
9000005664,1000009762,20250601,2180,1,,1,Correo Argentino,DELIVERED,2025-06-02 18:40:23,2025-06-03 09:58:32,2
9000005665,1000009763,20250601,2973,1,,3,Correo Argentino,DELIVERED,2025-06-02 16:51:39,2025-06-06 16:44:00,5
9000005666,1000009764,20250601,2830,1,,1,Correo Argentino,DELIVERED,2025-06-02 18:07:55,2025-06-04 15:04:28,3
9000005667,1000009765,20250601,2265,1,,3,Correo Argentino,DELIVERED,2025-06-02 18:19:45,2025-06-05 19:18:26,4
9000005668,1000009766,20250601,1650,1,,1,Correo Argentino,DELIVERED,2025-06-02 17:24:22,2025-06-04 13:42:33,3
9000005669,1000009767,20250601,2974,1,,4,Correo Argentino,DELIVERED,2025-06-02 17:14:44,2025-06-06 12:39:16,5
9000005670,1000009768,20250601,2975,1,,1,Correo Argentino,DELIVERED,2025-06-02 17:38:34,2025-06-03 10:23:31,2
9000005671,1000009769,20250601,708,1,,1,Correo Argentino,DELIVERED,2025-06-02 16:32:50,2025-06-03 12:32:16,2
9000005672,1000009770,20250601,2520,1,,1,Correo Argentino,DELIVERED,2025-06-02 16:12:17,2025-06-04 16:45:43,3
9000005673,1000009772,20250601,2976,1,,1,Correo Argentino,DELIVERED,2025-06-02 17:32:55,2025-06-03 13:05:37,2
9000005674,1000009773,20250602,2437,1,,3,Correo Argentino,DELIVERED,2025-06-02 17:33:53,2025-06-04 10:29:29,2
9000005675,1000009774,20250602,1862,1,,4,Correo Argentino,DELIVERED,2025-06-02 16:10:42,2025-06-09 15:36:22,7
9000005676,1000009775,20250602,2977,1,,3,Correo Argentino,DELIVERED,2025-06-02 16:55:06,2025-06-06 16:07:42,4
9000005677,1000009776,20250602,2510,1,,4,Correo Argentino,DELIVERED,2025-06-02 17:26:45,2025-06-04 11:29:20,2
9000005678,1000009777,20250602,2785,1,,1,Correo Argentino,DELIVERED,2025-06-02 17:45:14,2025-06-03 09:29:04,1
9000005679,1000009779,20250602,152,1,,3,Correo Argentino,DELIVERED,2025-06-02 18:09:56,2025-06-05 15:02:20,3
9000005680,1000009784,20250602,2242,1,,1,Correo Argentino,DELIVERED,2025-06-03 16:29:54,2025-06-04 12:50:30,2
9000005681,1000009785,20250602,2783,1,,1,Correo Argentino,DELIVERED,2025-06-03 17:02:03,2025-06-05 16:54:11,3
9000005682,1000009786,20250602,2896,1,,2,Correo Argentino,DELIVERED,2025-06-03 16:48:34,2025-06-06 14:08:51,4
9000005683,1000009789,20250602,1783,1,,3,Correo Argentino,DELIVERED,2025-06-03 18:24:13,2025-06-06 11:31:18,4
9000005684,1000009790,20250602,2020,1,,1,Correo Argentino,DELIVERED,2025-06-03 16:22:08,2025-06-05 17:58:22,3
9000005685,1000009791,20250602,2069,1,,3,Correo Argentino,DELIVERED,2025-06-03 18:15:16,2025-06-09 11:43:28,7
9000005686,1000009792,20250602,1399,1,,1,Correo Argentino,DELIVERED,2025-06-03 16:40:11,2025-06-05 11:40:50,3
9000005687,1000009793,20250602,2836,1,,2,Correo Argentino,DELIVERED,2025-06-03 18:47:06,2025-06-09 15:49:47,7
9000005688,1000009794,20250602,670,1,,1,Correo Argentino,DELIVERED,2025-06-03 16:34:13,2025-06-05 17:12:33,3
9000005689,1000009795,20250603,788,1,,4,Correo Argentino,DELIVERED,2025-06-03 16:10:43,2025-06-09 18:00:49,6
9000005690,1000009796,20250603,1337,1,,1,Correo Argentino,DELIVERED,2025-06-03 17:02:13,2025-06-05 18:30:42,2
9000005691,1000009798,20250603,2981,1,,3,Correo Argentino,DELIVERED,2025-06-03 18:26:55,2025-06-06 09:26:33,3
9000005692,1000009800,20250603,2804,1,,1,Correo Argentino,DELIVERED,2025-06-03 16:56:41,2025-06-05 19:36:17,2
9000005693,1000009806,20250603,1963,1,,1,Correo Argentino,DELIVERED,2025-06-04 18:55:51,2025-06-06 17:39:09,3
9000005694,1000009810,20250603,2983,1,,4,Correo Argentino,DELIVERED,2025-06-04 16:04:45,2025-06-06 12:29:48,3
9000005695,1000009811,20250603,2695,1,,4,Correo Argentino,DELIVERED,2025-06-04 16:19:23,2025-06-11 19:07:55,8
9000005696,1000009813,20250603,2984,1,,4,Correo Argentino,DELIVERED,2025-06-04 18:12:21,2025-06-10 13:21:11,7
9000005697,1000009816,20250603,2291,1,,4,Correo Argentino,DELIVERED,2025-06-04 16:44:57,2025-06-06 09:52:18,3
9000005698,1000009817,20250603,2071,1,,1,Correo Argentino,DELIVERED,2025-06-04 17:54:28,2025-06-05 19:47:27,2
9000005699,1000009818,20250604,2475,1,,2,Correo Argentino,DELIVERED,2025-06-06 17:18:13,2025-06-11 10:20:51,7
9000005700,1000009819,20250604,2865,1,,1,Correo Argentino,DELIVERED,2025-06-04 16:53:57,2025-06-06 18:39:50,2
9000005701,1000009820,20250604,2378,1,,2,Correo Argentino,DELIVERED,2025-06-04 16:30:26,2025-06-06 18:22:26,2
9000005702,1000009822,20250604,1239,1,,1,Correo Argentino,DELIVERED,2025-06-04 18:15:40,2025-06-05 11:51:46,1
9000005703,1000009823,20250604,2986,1,,1,Correo Argentino,DELIVERED,2025-06-04 18:30:24,2025-06-05 19:13:38,1
9000005704,1000009824,20250604,2985,1,,3,Correo Argentino,DELIVERED,2025-06-04 16:46:44,2025-06-09 16:37:38,5
9000005705,1000009825,20250604,2987,1,,3,Correo Argentino,DELIVERED,2025-06-05 16:51:55,2025-06-11 13:29:32,7
9000005706,1000009827,20250604,586,1,,1,Correo Argentino,DELIVERED,2025-06-05 17:47:07,2025-06-10 16:24:15,6
9000005707,1000009828,20250605,1555,1,,2,Correo Argentino,DELIVERED,2025-06-05 16:31:43,2025-06-10 09:32:39,5
9000005708,1000009829,20250605,2471,1,,1,Correo Argentino,DELIVERED,2025-06-06 16:05:31,2025-06-09 13:36:37,4
9000005710,1000009831,20250605,2989,1,,4,Correo Argentino,DELIVERED,2025-06-05 17:05:07,2025-06-10 13:47:13,5
9000005711,1000009832,20250605,2990,1,,3,Correo Argentino,DELIVERED,2025-06-05 16:22:14,2025-06-10 15:26:29,5
9000005712,1000009834,20250605,1172,1,,4,Correo Argentino,DELIVERED,2025-06-05 16:03:39,2025-06-11 12:35:24,6
9000005713,1000009838,20250605,2795,1,,3,Correo Argentino,DELIVERED,2025-06-06 18:54:07,2025-06-10 19:50:56,5
9000005714,1000009840,20250605,952,1,,1,Correo Argentino,DELIVERED,2025-06-06 18:15:47,2025-06-10 09:08:56,5
9000005715,1000009841,20250605,1588,1,,1,Correo Argentino,DELIVERED,2025-06-06 18:33:35,2025-06-09 16:00:46,4
9000005716,1000009843,20250605,2994,1,,3,Correo Argentino,DELIVERED,2025-06-06 18:30:17,2025-06-10 14:13:07,5
9000005717,1000009847,20250605,1978,1,,1,Correo Argentino,DELIVERED,2025-06-06 18:45:41,2025-06-10 16:57:27,5
9000005718,1000009848,20250605,2310,1,,1,Correo Argentino,DELIVERED,2025-06-06 16:31:30,2025-06-09 10:04:21,4
9000005719,1000009849,20250606,2996,1,,4,Correo Argentino,DELIVERED,2025-06-06 17:36:02,2025-06-12 14:17:45,6
9000005720,1000009850,20250606,1223,1,,1,Correo Argentino,DELIVERED,2025-06-06 17:38:07,2025-06-09 10:58:21,3
9000005721,1000009851,20250606,652,1,,1,Correo Argentino,DELIVERED,2025-06-06 16:48:47,2025-06-11 16:00:51,5
9000005722,1000009852,20250606,2095,1,,1,Correo Argentino,DELIVERED,2025-06-06 17:57:38,2025-06-09 17:24:50,3
9000005723,1000009853,20250606,1859,1,,3,Correo Argentino,DELIVERED,2025-06-06 18:08:55,2025-06-11 18:11:56,5
9000005724,1000009857,20250606,747,1,,1,Correo Argentino,DELIVERED,2025-06-06 16:39:04,2025-06-09 10:32:59,3
9000005725,1000009865,20250606,2797,1,,1,Correo Argentino,DELIVERED,2025-06-09 17:12:36,2025-06-10 10:58:59,4
9000005726,1000009867,20250606,2820,1,,2,Correo Argentino,DELIVERED,2025-06-09 17:48:50,2025-06-13 14:23:14,7
9000005727,1000009869,20250606,3000,1,,1,Correo Argentino,DELIVERED,2025-06-09 17:49:46,2025-06-10 09:19:29,4
9000005728,1000009872,20250606,2491,1,,1,Correo Argentino,DELIVERED,2025-06-09 17:36:18,2025-06-10 09:45:00,4
9000005729,1000009875,20250606,2161,1,,3,Correo Argentino,DELIVERED,2025-06-09 18:26:24,2025-06-12 15:34:54,6
9000005730,1000009877,20250606,2270,1,,1,Correo Argentino,DELIVERED,2025-06-09 18:24:13,2025-06-10 09:30:14,4
9000005731,1000009878,20250606,1088,1,,2,Correo Argentino,DELIVERED,2025-06-09 18:38:38,2025-06-11 09:02:44,5
9000005732,1000009879,20250607,944,1,,1,Correo Argentino,DELIVERED,2025-06-09 16:03:24,2025-06-12 17:37:24,5
9000005733,1000009882,20250607,2337,1,,3,Correo Argentino,DELIVERED,2025-06-09 17:57:20,2025-06-12 16:38:40,5
9000005734,1000009892,20250607,2352,1,,4,Correo Argentino,DELIVERED,2025-06-09 16:09:23,2025-06-12 19:23:30,5
9000005735,1000009898,20250607,1765,1,,1,Correo Argentino,DELIVERED,2025-06-09 17:03:02,2025-06-10 12:29:16,3
9000005736,1000009900,20250607,2781,1,,3,Correo Argentino,DELIVERED,2025-06-09 17:28:47,2025-06-13 14:38:53,6
9000005738,1000009902,20250607,1114,1,,4,Correo Argentino,DELIVERED,2025-06-09 18:55:19,2025-06-12 17:20:44,5
9000005740,1000009907,20250607,3009,1,,3,Correo Argentino,DELIVERED,2025-06-09 17:58:11,2025-06-13 11:23:27,6
9000005741,1000009910,20250607,2691,1,,2,Correo Argentino,DELIVERED,2025-06-09 17:02:51,2025-06-13 12:24:45,6
9000005742,1000009912,20250607,300,1,,3,Correo Argentino,DELIVERED,2025-06-09 16:13:27,2025-06-12 15:29:38,5
9000005743,1000009917,20250607,888,1,,3,Correo Argentino,DELIVERED,2025-06-09 17:51:23,2025-06-16 09:55:51,9
9000005744,1000009918,20250608,1799,1,,2,Correo Argentino,DELIVERED,2025-06-09 16:02:27,2025-06-12 11:01:11,4
9000005745,1000009919,20250608,3010,1,,3,Correo Argentino,DELIVERED,2025-06-09 16:33:29,2025-06-12 11:22:51,4
9000005746,1000009920,20250608,3011,1,,1,Correo Argentino,DELIVERED,2025-06-09 16:34:39,2025-06-11 17:29:44,3
9000005747,1000009921,20250608,2866,1,,3,Correo Argentino,DELIVERED,2025-06-09 16:06:26,2025-06-16 15:09:50,8
9000005748,1000009922,20250608,2404,1,,1,Correo Argentino,DELIVERED,2025-06-09 16:51:39,2025-06-10 15:35:16,2
9000005749,1000009924,20250608,1674,1,,1,Correo Argentino,DELIVERED,2025-06-09 17:24:40,2025-06-10 17:11:32,2
9000005750,1000009925,20250608,1821,1,,3,Correo Argentino,DELIVERED,2025-06-09 16:37:52,2025-06-13 12:21:18,5
9000005751,1000009926,20250608,3013,1,,4,Correo Argentino,DELIVERED,2025-06-09 17:22:00,2025-06-11 16:51:55,3
9000005752,1000009927,20250608,2716,1,,1,Correo Argentino,DELIVERED,2025-06-09 18:42:24,2025-06-11 12:55:39,3
9000005753,1000009928,20250608,2102,1,,2,Correo Argentino,DELIVERED,2025-06-09 16:55:42,2025-06-12 17:23:12,4
9000005754,1000009929,20250608,2314,1,,3,Correo Argentino,DELIVERED,2025-06-09 17:38:28,2025-06-12 19:05:19,4
9000005755,1000009930,20250608,1842,1,,2,Correo Argentino,DELIVERED,2025-06-09 16:31:08,2025-06-13 12:36:20,5
9000005756,1000009931,20250608,3014,1,,3,Correo Argentino,DELIVERED,2025-06-09 17:02:46,2025-06-11 15:48:55,3
9000005757,1000009932,20250608,2340,1,,2,Correo Argentino,DELIVERED,2025-06-09 17:46:47,2025-06-16 15:34:02,8
9000005758,1000009933,20250608,622,1,,2,Correo Argentino,DELIVERED,2025-06-09 16:58:13,2025-06-13 16:15:40,5
9000005759,1000009934,20250608,2793,1,,2,Correo Argentino,DELIVERED,2025-06-09 18:16:07,2025-06-12 10:26:27,4
9000005760,1000009935,20250608,1598,1,,4,Correo Argentino,DELIVERED,2025-06-09 17:46:39,2025-06-12 16:50:15,4
9000005761,1000009936,20250608,3015,1,,1,Correo Argentino,DELIVERED,2025-06-09 17:30:57,2025-06-10 16:59:17,2
9000005762,1000009937,20250608,3016,1,,4,Correo Argentino,DELIVERED,2025-06-09 17:28:36,2025-06-11 16:07:25,3
9000005763,1000009938,20250608,2103,1,,4,Correo Argentino,DELIVERED,2025-06-09 18:20:31,2025-06-12 13:27:00,4
9000005764,1000009940,20250608,1501,1,,3,Correo Argentino,DELIVERED,2025-06-09 17:37:24,2025-06-16 11:37:13,8
9000005765,1000009941,20250608,2747,1,,1,Correo Argentino,DELIVERED,2025-06-09 18:10:26,2025-06-10 17:37:43,2
9000005766,1000009942,20250609,1506,1,,3,Correo Argentino,DELIVERED,2025-06-09 17:17:32,2025-06-16 14:37:10,7
9000005767,1000009944,20250609,2885,1,,1,Correo Argentino,DELIVERED,2025-06-09 16:20:28,2025-06-10 14:22:11,1
9000005768,1000009945,20250609,404,1,,1,Correo Argentino,DELIVERED,2025-06-09 17:36:26,2025-06-12 13:51:36,3
9000005769,1000009946,20250609,1736,1,,1,Correo Argentino,DELIVERED,2025-06-09 18:43:38,2025-06-10 15:46:48,1
9000005770,1000009947,20250609,3018,1,,1,Correo Argentino,DELIVERED,2025-06-09 17:10:00,2025-06-12 19:41:55,3
9000005771,1000009948,20250609,2421,1,,4,Correo Argentino,DELIVERED,2025-06-10 18:53:59,2025-06-16 12:54:40,7
9000005773,1000009951,20250609,2729,1,,2,Correo Argentino,DELIVERED,2025-06-10 17:26:13,2025-06-16 16:17:57,7
9000005774,1000009952,20250609,2849,1,,2,Correo Argentino,DELIVERED,2025-06-10 16:27:41,2025-06-13 12:05:26,4
9000005775,1000009954,20250609,2300,1,,1,Correo Argentino,DELIVERED,2025-06-10 16:19:10,2025-06-11 15:59:39,2
9000005776,1000009955,20250609,2955,1,,3,Correo Argentino,DELIVERED,2025-06-10 18:19:58,2025-06-12 19:19:54,3
9000005777,1000009956,20250609,1253,1,,3,Correo Argentino,DELIVERED,2025-06-10 17:41:54,2025-06-16 14:02:00,7
9000005778,1000009957,20250609,3020,1,,3,Correo Argentino,DELIVERED,2025-06-10 16:35:41,2025-06-12 16:15:48,3
9000005779,1000009958,20250609,2526,1,,1,Correo Argentino,DELIVERED,2025-06-10 17:45:58,2025-06-11 18:37:41,2
9000005780,1000009961,20250609,3021,1,,4,Correo Argentino,DELIVERED,2025-06-10 16:41:13,2025-06-16 09:19:01,7
9000005781,1000009962,20250609,2593,1,,1,Correo Argentino,DELIVERED,2025-06-10 17:53:23,2025-06-12 09:26:27,3
9000005782,1000009963,20250609,922,1,,2,Correo Argentino,DELIVERED,2025-06-10 17:02:02,2025-06-12 18:06:38,3
9000005783,1000009964,20250610,3022,1,,4,Correo Argentino,DELIVERED,2025-06-10 16:15:28,2025-06-16 11:38:35,6
9000005784,1000009965,20250610,681,1,,1,Correo Argentino,DELIVERED,2025-06-10 16:57:22,2025-06-12 17:51:01,2
9000005785,1000009966,20250610,163,1,,2,Correo Argentino,DELIVERED,2025-06-10 16:26:25,2025-06-12 18:35:25,2
9000005786,1000009967,20250610,2415,1,,4,Correo Argentino,DELIVERED,2025-06-10 17:42:48,2025-06-12 19:25:16,2
9000005787,1000009968,20250610,889,1,,1,Correo Argentino,DELIVERED,2025-06-10 18:25:05,2025-06-11 17:25:12,1
9000005788,1000009969,20250610,306,1,,1,Correo Argentino,DELIVERED,2025-06-11 16:42:34,2025-06-12 15:33:56,2
9000005789,1000009970,20250610,2012,1,,1,Correo Argentino,DELIVERED,2025-06-11 18:34:57,2025-06-13 16:20:09,3
9000005790,1000009973,20250610,1398,1,,4,Correo Argentino,DELIVERED,2025-06-11 17:35:21,2025-06-13 09:22:43,3
9000005791,1000009975,20250610,2654,1,,1,Correo Argentino,DELIVERED,2025-06-11 16:21:16,2025-06-12 10:55:55,2
9000005792,1000009976,20250610,3023,1,,1,Correo Argentino,DELIVERED,2025-06-11 16:20:13,2025-06-13 13:17:31,3
9000005793,1000009977,20250610,3024,1,,4,Correo Argentino,DELIVERED,2025-06-11 18:06:07,2025-06-16 15:37:13,6
9000005794,1000009978,20250610,1610,1,,1,Correo Argentino,DELIVERED,2025-06-11 17:53:21,2025-06-12 13:53:34,2
9000005795,1000009979,20250610,1439,1,,4,Correo Argentino,DELIVERED,2025-06-11 16:02:23,2025-06-13 13:46:05,3
9000005796,1000009980,20250610,1972,1,,4,Correo Argentino,DELIVERED,2025-06-11 16:22:25,2025-06-18 19:18:46,8
9000005798,1000009984,20250610,3026,1,,3,Correo Argentino,DELIVERED,2025-06-11 18:07:36,2025-06-13 18:11:54,3
9000005799,1000009985,20250610,3028,1,,1,Correo Argentino,DELIVERED,2025-06-11 18:50:58,2025-06-13 12:48:30,3
9000005800,1000009988,20250610,3029,1,,4,Correo Argentino,DELIVERED,2025-06-11 17:42:34,2025-06-17 10:09:46,7
9000005802,1000009991,20250610,87,1,,1,Correo Argentino,DELIVERED,2025-06-11 18:23:37,2025-06-13 10:07:01,3
9000005803,1000009992,20250610,2269,1,,1,Correo Argentino,DELIVERED,2025-06-11 17:50:59,2025-06-13 19:39:18,3
9000005804,1000009993,20250610,1225,1,,4,Correo Argentino,DELIVERED,2025-06-11 18:51:21,2025-06-13 09:48:53,3
9000005805,1000009994,20250611,3030,1,,1,Correo Argentino,DELIVERED,2025-06-11 16:50:45,2025-06-13 13:53:31,2
9000005806,1000009995,20250611,3031,1,,3,Correo Argentino,DELIVERED,2025-06-11 18:11:09,2025-06-16 11:55:38,5
9000005807,1000009997,20250611,2598,1,,3,Correo Argentino,DELIVERED,2025-06-11 17:45:04,2025-06-16 18:55:19,5
9000005809,1000010001,20250611,3032,1,,2,Correo Argentino,DELIVERED,2025-06-11 16:34:02,2025-06-16 14:55:04,5
9000005810,1000010006,20250611,2680,1,,3,Correo Argentino,DELIVERED,2025-06-12 17:50:12,2025-06-18 10:00:01,7
9000005811,1000010007,20250611,356,1,,1,Correo Argentino,DELIVERED,2025-06-13 17:54:01,2025-06-16 12:20:50,5
9000005812,1000010010,20250611,3035,1,,1,Correo Argentino,DELIVERED,2025-06-12 17:25:04,2025-06-16 17:19:59,5
9000005813,1000010011,20250611,2577,1,,1,Correo Argentino,DELIVERED,2025-06-12 16:11:49,2025-06-16 18:55:48,5
9000005814,1000010012,20250611,1313,1,,2,Correo Argentino,DELIVERED,2025-06-12 18:28:53,2025-06-18 12:58:23,7
9000005815,1000010014,20250611,521,1,,4,Correo Argentino,DELIVERED,2025-06-12 18:23:24,2025-06-18 15:18:14,7
9000005816,1000010019,20250612,3036,1,,1,Correo Argentino,DELIVERED,2025-06-12 16:11:40,2025-06-13 09:23:11,1
9000005817,1000010020,20250612,3037,1,,4,Correo Argentino,DELIVERED,2025-06-12 16:18:35,2025-06-17 10:04:36,5
9000005818,1000010021,20250612,2840,1,,3,Correo Argentino,DELIVERED,2025-06-12 18:11:15,2025-06-18 15:50:48,6
9000005819,1000010022,20250612,3,1,,3,Correo Argentino,DELIVERED,2025-06-12 16:23:53,2025-06-17 10:32:32,5
9000005820,1000010023,20250612,1879,1,,2,Correo Argentino,DELIVERED,2025-06-12 16:59:04,2025-06-17 18:51:23,5
9000005821,1000010024,20250612,1509,1,,2,Correo Argentino,DELIVERED,2025-06-12 16:05:14,2025-06-18 15:40:13,6
9000005822,1000010025,20250612,679,1,,3,Correo Argentino,DELIVERED,2025-06-12 17:57:30,2025-06-18 15:13:00,6
9000005823,1000010026,20250612,3038,1,,1,Correo Argentino,DELIVERED,2025-06-12 16:31:34,2025-06-16 17:22:50,4
9000005824,1000010029,20250612,2937,1,,2,Correo Argentino,DELIVERED,2025-06-13 17:43:55,2025-06-17 15:47:28,5
9000005825,1000010032,20250612,3039,1,,2,Correo Argentino,DELIVERED,2025-06-13 16:31:17,2025-06-20 10:08:30,8
9000005826,1000010034,20250612,1045,1,,1,Correo Argentino,DELIVERED,2025-06-13 16:00:14,2025-06-18 17:50:03,6
9000005827,1000010037,20250612,2141,1,,2,Correo Argentino,DELIVERED,2025-06-13 18:32:40,2025-06-19 14:15:21,7
9000005828,1000010040,20250612,2640,1,,2,Correo Argentino,DELIVERED,2025-06-13 17:49:16,2025-06-18 17:42:27,6
9000005829,1000010042,20250612,3041,1,,2,Correo Argentino,DELIVERED,2025-06-13 17:25:23,2025-06-18 10:31:34,6
9000005830,1000010043,20250612,2584,1,,2,Correo Argentino,DELIVERED,2025-06-13 18:57:55,2025-06-18 12:24:18,6
9000005831,1000010044,20250612,2742,1,,1,Correo Argentino,DELIVERED,2025-06-13 17:08:45,2025-06-17 17:12:32,5
9000005832,1000010045,20250612,1677,1,,1,Correo Argentino,DELIVERED,2025-06-13 18:58:48,2025-06-18 11:55:12,6
9000005833,1000010046,20250612,3042,1,,3,Correo Argentino,DELIVERED,2025-06-13 17:23:15,2025-06-17 10:06:53,5
9000005834,1000010047,20250613,1725,1,,1,Correo Argentino,DELIVERED,2025-06-13 18:00:12,2025-06-17 15:53:19,4
9000005835,1000010048,20250613,2771,1,,1,Correo Argentino,DELIVERED,2025-06-13 17:11:08,2025-06-17 14:54:30,4
9000005836,1000010049,20250613,1866,1,,2,Correo Argentino,DELIVERED,2025-06-13 18:10:56,2025-06-18 15:58:14,5
9000005837,1000010050,20250613,2714,1,,1,Correo Argentino,DELIVERED,2025-06-13 17:36:46,2025-06-16 19:13:33,3
9000005838,1000010051,20250613,3043,1,,2,Correo Argentino,DELIVERED,2025-06-13 16:54:03,2025-06-17 14:41:59,4
9000005839,1000010053,20250613,69,1,,4,Correo Argentino,DELIVERED,2025-06-13 16:38:14,2025-06-18 11:36:25,5
9000005840,1000010056,20250613,3045,1,,1,Correo Argentino,DELIVERED,2025-06-13 18:51:05,2025-06-18 09:42:22,5
9000005841,1000010058,20250613,1939,1,,1,Correo Argentino,DELIVERED,2025-06-16 17:58:57,2025-06-19 13:18:27,6
9000005842,1000010059,20250613,2047,1,,1,Correo Argentino,DELIVERED,2025-06-16 18:12:16,2025-06-18 16:13:18,5
9000005843,1000010061,20250613,1375,1,,1,Correo Argentino,DELIVERED,2025-06-16 18:59:59,2025-06-18 19:01:35,5
9000005844,1000010062,20250613,430,1,,4,Correo Argentino,DELIVERED,2025-06-16 16:17:43,2025-06-18 10:15:36,5
9000005845,1000010063,20250613,2348,1,,2,Correo Argentino,DELIVERED,2025-06-16 17:07:14,2025-06-20 13:22:07,7
9000005846,1000010065,20250613,2310,1,,1,Correo Argentino,DELIVERED,2025-06-16 17:02:04,2025-06-18 10:01:20,5
9000005847,1000010066,20250613,1286,1,,1,Correo Argentino,DELIVERED,2025-06-16 18:04:33,2025-06-17 13:14:17,4
9000005848,1000010070,20250614,2092,1,,2,Correo Argentino,DELIVERED,2025-06-16 16:58:51,2025-06-20 17:00:36,6
9000005850,1000010081,20250614,1965,1,,1,Correo Argentino,DELIVERED,2025-06-16 17:00:33,2025-06-18 12:13:21,4
9000005851,1000010085,20250614,2014,1,,1,Correo Argentino,DELIVERED,2025-06-16 16:54:19,2025-06-18 17:11:14,4
9000005852,1000010086,20250614,2444,1,,4,Correo Argentino,CANCELLED,,,
9000005853,1000010087,20250614,2443,1,,4,Correo Argentino,DELIVERED,2025-06-16 16:47:52,2025-06-20 17:09:53,6
9000005854,1000010088,20250614,3049,1,,1,Correo Argentino,DELIVERED,2025-06-16 16:15:19,2025-06-18 18:13:03,4
9000005855,1000010090,20250614,1810,1,,3,Correo Argentino,DELIVERED,2025-06-16 17:34:03,2025-06-18 11:57:30,4
9000005856,1000010091,20250614,3051,1,,4,Correo Argentino,DELIVERED,2025-06-16 17:05:00,2025-06-18 09:16:53,4
9000005857,1000010092,20250615,581,1,,4,Correo Argentino,DELIVERED,2025-06-16 17:34:22,2025-06-19 11:25:23,4
9000005858,1000010093,20250615,2757,1,,2,Correo Argentino,DELIVERED,2025-06-16 16:36:57,2025-06-19 10:29:02,4
9000005859,1000010094,20250615,440,1,,4,Correo Argentino,DELIVERED,2025-06-16 16:10:17,2025-06-20 18:22:42,5
9000005860,1000010095,20250615,1067,1,,4,Correo Argentino,DELIVERED,2025-06-16 18:53:56,2025-06-20 09:36:57,5
9000005861,1000010096,20250615,2336,1,,4,Correo Argentino,DELIVERED,2025-06-16 16:04:34,2025-06-19 16:54:58,4
9000005862,1000010097,20250615,3052,1,,1,Correo Argentino,DELIVERED,2025-06-16 18:11:56,2025-06-18 19:55:45,3
9000005863,1000010098,20250615,3053,1,,2,Correo Argentino,DELIVERED,2025-06-16 18:25:08,2025-06-20 18:19:08,5
9000005864,1000010099,20250615,1893,1,,2,Correo Argentino,DELIVERED,2025-06-16 18:20:21,2025-06-19 14:13:36,4
9000005865,1000010100,20250615,3054,1,,1,Correo Argentino,DELIVERED,2025-06-16 17:51:02,2025-06-17 11:23:42,2
9000005866,1000010101,20250615,1772,1,,3,Correo Argentino,DELIVERED,2025-06-16 16:37:34,2025-06-19 18:01:42,4
9000005867,1000010102,20250615,644,1,,2,Correo Argentino,DELIVERED,2025-06-16 18:23:16,2025-06-18 11:08:16,3
9000005868,1000010103,20250615,756,1,,2,Correo Argentino,DELIVERED,2025-06-16 16:01:26,2025-06-20 16:15:37,5
9000005869,1000010104,20250615,3055,1,,3,Correo Argentino,DELIVERED,2025-06-16 17:03:33,2025-06-19 17:40:56,4
9000005870,1000010105,20250615,2182,1,,1,Correo Argentino,DELIVERED,2025-06-17 17:41:42,2025-06-20 15:37:39,5
9000005871,1000010106,20250615,421,1,,1,Correo Argentino,DELIVERED,2025-06-16 16:37:11,2025-06-18 14:20:09,3
9000005872,1000010108,20250616,2429,1,,2,Correo Argentino,DELIVERED,2025-06-16 18:05:21,2025-06-19 10:44:30,3
9000005873,1000010109,20250616,1802,1,,4,Correo Argentino,DELIVERED,2025-06-16 17:56:00,2025-06-20 13:49:22,4
9000005874,1000010111,20250616,3056,1,,1,Correo Argentino,DELIVERED,2025-06-17 18:52:43,2025-06-19 13:12:09,3
9000005875,1000010112,20250616,3057,1,,4,Correo Argentino,DELIVERED,2025-06-17 16:52:21,2025-06-20 17:22:51,4
9000005876,1000010113,20250616,3058,1,,1,Correo Argentino,DELIVERED,2025-06-17 18:27:27,2025-06-18 14:56:52,2
9000005877,1000010115,20250616,1634,1,,2,Correo Argentino,DELIVERED,2025-06-17 17:42:46,2025-06-23 11:30:27,7
9000005878,1000010116,20250616,2826,1,,2,Correo Argentino,DELIVERED,2025-06-17 16:47:09,2025-06-20 16:28:26,4
9000005879,1000010118,20250616,1706,1,,1,Correo Argentino,DELIVERED,2025-06-17 17:42:57,2025-06-18 17:05:04,2
9000005880,1000010119,20250616,2894,1,,2,Correo Argentino,DELIVERED,2025-06-17 17:01:53,2025-06-20 13:34:28,4
9000005881,1000010120,20250616,2891,1,,3,Correo Argentino,DELIVERED,2025-06-17 17:17:30,2025-06-19 15:39:46,3
9000005882,1000010121,20250616,2031,1,,3,Correo Argentino,DELIVERED,2025-06-17 18:31:49,2025-06-19 17:58:03,3
9000005883,1000010122,20250616,1909,1,,1,Correo Argentino,DELIVERED,2025-06-17 17:40:29,2025-06-19 10:51:27,3
9000005884,1000010123,20250617,2696,1,,4,Correo Argentino,DELIVERED,2025-06-17 17:44:16,2025-06-19 09:08:00,2
9000005885,1000010124,20250617,1964,1,,4,Correo Argentino,DELIVERED,2025-06-17 17:29:34,2025-06-19 10:08:03,2
9000005886,1000010126,20250617,11,1,,4,Correo Argentino,DELIVERED,2025-06-17 18:26:14,2025-06-23 13:08:55,6
9000005887,1000010130,20250617,1257,1,,2,Correo Argentino,DELIVERED,2025-06-18 17:26:29,2025-06-25 16:51:47,8
9000005888,1000010131,20250617,2390,1,,1,Correo Argentino,DELIVERED,2025-06-18 17:05:08,2025-06-20 09:10:43,3
9000005889,1000010132,20250617,1753,1,,3,Correo Argentino,DELIVERED,2025-06-18 17:30:03,2025-06-20 16:21:52,3
9000005890,1000010133,20250617,2576,1,,1,Correo Argentino,DELIVERED,2025-06-18 18:44:48,2025-06-19 11:28:56,2
9000005891,1000010134,20250618,2606,1,,2,Correo Argentino,DELIVERED,2025-06-19 16:59:38,2025-06-23 16:58:25,5
9000005892,1000010135,20250618,3061,1,,3,Correo Argentino,DELIVERED,2025-06-18 18:52:31,2025-06-20 12:31:12,2
9000005893,1000010136,20250618,3062,1,,4,Correo Argentino,DELIVERED,2025-06-18 17:47:15,2025-06-25 15:43:02,7
9000005894,1000010137,20250618,2146,1,,1,Correo Argentino,DELIVERED,2025-06-18 18:01:15,2025-06-20 14:31:44,2
9000005896,1000010141,20250618,2687,1,,2,Correo Argentino,DELIVERED,2025-06-19 18:33:20,2025-06-25 09:00:57,7
9000005897,1000010144,20250618,1484,1,,1,Correo Argentino,DELIVERED,2025-06-19 18:01:01,2025-06-24 17:39:18,6
9000005898,1000010145,20250618,118,1,,2,Correo Argentino,DELIVERED,2025-06-19 17:39:45,2025-06-23 12:36:51,5
9000005899,1000010146,20250618,1285,1,,3,Correo Argentino,DELIVERED,2025-06-19 18:41:15,2025-06-23 15:09:44,5
9000005900,1000010147,20250618,2501,1,,3,Correo Argentino,DELIVERED,2025-06-19 17:35:48,2025-06-23 09:13:15,5
9000005901,1000010148,20250619,2728,1,,3,Correo Argentino,DELIVERED,2025-06-19 18:43:28,2025-06-25 16:17:16,6
9000005902,1000010150,20250619,426,1,,1,Correo Argentino,DELIVERED,2025-06-19 17:52:54,2025-06-23 15:29:40,4
9000005903,1000010151,20250619,2540,1,,1,Correo Argentino,DELIVERED,2025-06-19 17:40:15,2025-06-23 12:48:03,4
9000005904,1000010155,20250619,3064,1,,1,Correo Argentino,DELIVERED,2025-06-20 16:56:27,2025-06-23 16:56:44,4
9000005905,1000010156,20250619,184,1,,1,Correo Argentino,DELIVERED,2025-06-20 18:56:14,2025-06-24 16:04:59,5
9000005906,1000010157,20250619,1077,1,,3,Correo Argentino,DELIVERED,2025-06-20 16:05:36,2025-06-27 19:05:28,8
9000005907,1000010159,20250619,3066,1,,2,Correo Argentino,DELIVERED,2025-06-20 18:37:00,2025-06-24 14:33:08,5
9000005908,1000010160,20250619,3065,1,,3,Correo Argentino,DELIVERED,2025-06-20 16:09:41,2025-06-25 14:49:33,6
9000005909,1000010161,20250619,572,1,,3,Correo Argentino,DELIVERED,2025-06-20 17:20:35,2025-06-25 18:41:09,6
9000005910,1000010162,20250619,2282,1,,1,Correo Argentino,DELIVERED,2025-06-20 16:20:16,2025-06-24 09:42:22,5
9000005911,1000010163,20250619,2372,1,,2,Correo Argentino,DELIVERED,2025-06-20 18:07:30,2025-06-25 12:54:25,6
9000005912,1000010164,20250620,185,1,,3,Correo Argentino,DELIVERED,2025-06-20 17:17:12,2025-06-25 19:22:57,5
9000005913,1000010165,20250620,161,1,,2,Correo Argentino,DELIVERED,2025-06-20 18:46:55,2025-06-27 12:40:14,7
9000005914,1000010167,20250620,354,1,,3,Correo Argentino,DELIVERED,2025-06-20 16:38:56,2025-06-26 13:46:44,6
9000005916,1000010175,20250620,2602,1,,1,Correo Argentino,DELIVERED,2025-06-23 18:43:57,2025-06-26 12:30:23,6
9000005917,1000010176,20250620,852,1,,4,Correo Argentino,DELIVERED,2025-06-23 18:16:58,2025-06-26 18:15:59,6
9000005918,1000010179,20250620,1518,1,,1,Correo Argentino,DELIVERED,2025-06-23 16:38:57,2025-06-25 16:50:56,5
9000005919,1000010181,20250620,3069,1,,3,Correo Argentino,DELIVERED,2025-06-23 17:59:42,2025-06-26 10:12:09,6
9000005920,1000010184,20250620,2770,1,,1,Correo Argentino,DELIVERED,2025-06-23 17:00:31,2025-06-26 15:12:09,6
9000005921,1000010185,20250621,2515,1,,2,Correo Argentino,DELIVERED,2025-06-23 18:15:51,2025-06-26 14:32:07,5
9000005922,1000010186,20250621,2417,1,,1,Correo Argentino,DELIVERED,2025-06-23 17:34:45,2025-06-24 12:47:37,3
9000005923,1000010191,20250621,2463,1,,1,Correo Argentino,DELIVERED,2025-06-23 16:14:26,2025-06-24 15:09:42,3
9000005924,1000010195,20250621,2,1,,3,Correo Argentino,DELIVERED,2025-06-23 16:47:40,2025-06-27 18:45:18,6
9000005925,1000010203,20250621,1071,1,,1,Correo Argentino,CANCELLED,,,
9000005926,1000010204,20250621,1973,1,,1,Correo Argentino,DELIVERED,2025-06-23 16:03:00,2025-06-25 09:16:50,4
9000005927,1000010207,20250622,172,1,,2,Correo Argentino,DELIVERED,2025-06-23 18:05:00,2025-06-25 13:55:20,3
9000005928,1000010208,20250622,3073,1,,1,Correo Argentino,DELIVERED,2025-06-23 16:03:01,2025-06-25 17:11:43,3
9000005929,1000010209,20250622,2476,1,,3,Correo Argentino,DELIVERED,2025-06-23 16:42:03,2025-06-27 17:23:50,5
9000005930,1000010210,20250622,989,1,,3,Correo Argentino,DELIVERED,2025-06-23 18:44:00,2025-06-26 12:56:24,4
9000005931,1000010211,20250622,2179,1,,3,Correo Argentino,DELIVERED,2025-06-23 17:44:26,2025-06-25 10:11:27,3
9000005932,1000010212,20250622,1404,1,,4,Correo Argentino,DELIVERED,2025-06-23 18:58:45,2025-06-26 13:02:33,4
9000005933,1000010214,20250622,1748,1,,3,Correo Argentino,DELIVERED,2025-06-23 18:19:46,2025-06-26 15:27:14,4
9000005934,1000010216,20250622,1429,1,,2,Correo Argentino,DELIVERED,2025-06-23 18:38:29,2025-06-25 13:12:37,3
9000005935,1000010217,20250622,1668,1,,2,Correo Argentino,DELIVERED,2025-06-23 17:25:44,2025-06-27 14:48:16,5
9000005936,1000010218,20250622,3075,1,,1,Correo Argentino,DELIVERED,2025-06-23 16:19:07,2025-06-24 15:55:35,2
9000005937,1000010219,20250623,1465,1,,2,Correo Argentino,DELIVERED,2025-06-23 18:28:40,2025-06-25 13:20:01,2
9000005938,1000010220,20250623,3076,1,,4,Correo Argentino,DELIVERED,2025-06-23 16:14:13,2025-06-27 15:02:31,4
9000005939,1000010222,20250623,1485,1,,1,Correo Argentino,DELIVERED,2025-06-23 17:38:32,2025-06-25 11:29:55,2
9000005940,1000010223,20250623,1710,1,,3,Correo Argentino,DELIVERED,2025-06-23 17:39:12,2025-06-27 16:03:48,4
9000005941,1000010226,20250623,1956,1,,1,Correo Argentino,DELIVERED,2025-06-24 18:07:21,2025-06-25 14:12:36,2
9000005942,1000010228,20250623,2193,1,,1,Correo Argentino,DELIVERED,2025-06-24 17:36:17,2025-06-25 09:19:11,2
9000005943,1000010231,20250623,995,1,,3,Correo Argentino,DELIVERED,2025-06-24 17:29:21,2025-06-26 19:20:42,3
9000005944,1000010232,20250623,2421,1,,4,Correo Argentino,DELIVERED,2025-06-24 18:59:45,2025-06-26 12:18:09,3
9000005945,1000010233,20250624,1159,1,,1,Correo Argentino,DELIVERED,2025-06-24 18:55:02,2025-06-26 16:35:30,2
9000005946,1000010234,20250624,2310,1,,1,Correo Argentino,DELIVERED,2025-06-24 16:11:59,2025-06-26 09:09:10,2
9000005947,1000010235,20250624,2553,1,,3,Correo Argentino,DELIVERED,2025-06-24 16:30:05,2025-06-30 10:30:55,6
9000005949,1000010242,20250624,349,1,,2,Correo Argentino,DELIVERED,2025-06-25 16:29:19,2025-07-01 12:43:39,7
9000005950,1000010243,20250624,1351,1,,2,Correo Argentino,DELIVERED,2025-06-25 16:09:37,2025-06-30 13:08:23,6
9000005951,1000010247,20250624,1118,1,,1,Correo Argentino,DELIVERED,2025-06-25 18:14:40,2025-06-30 14:51:44,6
9000005952,1000010248,20250624,1017,1,,3,Correo Argentino,DELIVERED,2025-06-25 18:13:30,2025-07-01 18:18:45,7
9000005953,1000010250,20250624,3080,1,,1,Correo Argentino,DELIVERED,2025-06-25 17:55:48,2025-06-26 15:44:40,2
9000005954,1000010252,20250624,1360,1,,1,Correo Argentino,DELIVERED,2025-06-25 17:22:23,2025-06-26 19:52:41,2
9000005955,1000010253,20250624,526,1,,4,Correo Argentino,DELIVERED,2025-06-25 17:04:41,2025-06-27 12:06:55,3
9000005956,1000010254,20250624,2827,1,,1,Correo Argentino,CANCELLED,,,
9000005957,1000010255,20250625,2087,1,,1,Correo Argentino,DELIVERED,2025-06-25 17:04:25,2025-06-26 19:56:31,1
9000005958,1000010256,20250625,2280,1,,4,Correo Argentino,DELIVERED,2025-06-25 17:08:07,2025-07-02 18:38:29,7
9000005959,1000010257,20250625,3015,1,,1,Correo Argentino,DELIVERED,2025-06-26 16:45:15,2025-06-27 12:47:40,2
9000005960,1000010258,20250625,2415,1,,4,Correo Argentino,DELIVERED,2025-06-25 18:21:31,2025-06-27 18:25:19,2
9000005961,1000010260,20250625,2977,1,,3,Correo Argentino,DELIVERED,2025-06-25 17:00:27,2025-07-01 11:08:42,6
9000005962,1000010261,20250625,2425,1,,4,Correo Argentino,DELIVERED,2025-06-25 16:59:32,2025-06-30 17:39:01,5
9000005963,1000010263,20250625,2922,1,,3,Correo Argentino,DELIVERED,2025-06-25 16:39:07,2025-06-30 12:39:09,5
9000005964,1000010264,20250625,3084,1,,3,Correo Argentino,DELIVERED,2025-06-25 16:58:44,2025-07-02 10:41:00,7
9000005965,1000010267,20250625,2660,1,,1,Correo Argentino,DELIVERED,2025-06-26 17:59:06,2025-06-27 19:12:27,2
9000005966,1000010270,20250625,1646,1,,3,Correo Argentino,DELIVERED,2025-06-26 17:29:07,2025-06-30 09:45:40,5
9000005967,1000010274,20250625,3085,1,,1,Correo Argentino,DELIVERED,2025-06-26 17:01:53,2025-07-01 09:02:44,6
9000005968,1000010275,20250625,2885,1,,1,Correo Argentino,DELIVERED,2025-06-26 18:40:11,2025-06-30 18:52:20,5
9000005969,1000010277,20250625,1767,1,,1,Correo Argentino,DELIVERED,2025-06-30 17:03:17,2025-07-01 15:43:56,6
9000005970,1000010278,20250625,2631,1,,2,Correo Argentino,DELIVERED,2025-06-26 17:51:07,2025-07-02 14:24:54,7
9000005971,1000010279,20250625,3086,1,,1,Correo Argentino,DELIVERED,2025-06-26 18:50:51,2025-06-30 18:39:56,5
9000005972,1000010282,20250626,3087,1,,1,Correo Argentino,DELIVERED,2025-06-26 17:03:18,2025-06-27 11:25:42,1
9000005973,1000010284,20250626,2563,1,,4,Correo Argentino,DELIVERED,2025-06-27 17:12:04,2025-07-03 09:33:56,7
9000005974,1000010285,20250626,3088,1,,1,Correo Argentino,DELIVERED,2025-06-27 16:06:28,2025-07-02 11:56:01,6
9000005975,1000010286,20250626,2214,1,,4,Correo Argentino,DELIVERED,2025-06-27 17:40:12,2025-07-03 12:57:15,7
9000005976,1000010287,20250626,3089,1,,2,Correo Argentino,DELIVERED,2025-06-27 16:50:26,2025-07-04 11:14:10,8
9000005977,1000010293,20250626,2710,1,,1,Correo Argentino,DELIVERED,2025-06-27 18:33:57,2025-07-01 16:35:19,5
9000005978,1000010294,20250626,2996,1,,4,Correo Argentino,DELIVERED,2025-06-27 17:36:32,2025-07-02 13:41:16,6
9000005979,1000010295,20250626,2236,1,,1,Correo Argentino,DELIVERED,2025-06-27 18:38:52,2025-07-02 09:11:25,6
9000005980,1000010296,20250626,2628,1,,3,Correo Argentino,DELIVERED,2025-06-27 18:05:04,2025-07-03 16:40:15,7
9000005981,1000010297,20250627,871,1,,4,Correo Argentino,DELIVERED,2025-06-27 17:56:06,2025-07-02 09:51:58,5
9000005982,1000010299,20250627,2289,1,,2,Correo Argentino,DELIVERED,2025-06-27 16:28:57,2025-07-02 11:22:24,5
9000005983,1000010302,20250627,3091,1,,3,Correo Argentino,DELIVERED,2025-06-30 16:27:47,2025-07-03 19:03:20,6
9000005985,1000010307,20250627,2510,1,,4,Correo Argentino,DELIVERED,2025-06-30 17:12:45,2025-07-04 17:58:47,7
9000005986,1000010310,20250627,1833,1,,2,Correo Argentino,DELIVERED,2025-06-30 18:48:20,2025-07-02 11:18:53,5
9000005987,1000010311,20250627,1765,1,,1,Correo Argentino,DELIVERED,2025-06-30 16:51:03,2025-07-02 19:15:36,5
9000005988,1000010312,20250627,3093,1,,1,Correo Argentino,DELIVERED,2025-06-30 18:23:55,2025-07-01 19:17:20,4
9000005990,1000010317,20250628,2833,1,,1,Correo Argentino,DELIVERED,2025-06-30 16:56:07,2025-07-03 17:23:50,5
9000005991,1000010318,20250628,3094,1,,2,Correo Argentino,DELIVERED,2025-06-30 17:47:11,2025-07-02 15:12:15,4
9000005993,1000010323,20250628,1885,1,,4,Correo Argentino,DELIVERED,2025-06-30 16:40:48,2025-07-04 17:30:51,6
9000005994,1000010324,20250628,1102,1,,1,Correo Argentino,DELIVERED,2025-06-30 17:36:04,2025-07-02 19:07:01,4
9000005995,1000010326,20250628,1970,1,,3,Correo Argentino,DELIVERED,2025-06-30 18:14:08,2025-07-03 10:23:50,5
9000005996,1000010328,20250629,1516,1,,2,Correo Argentino,DELIVERED,2025-06-30 16:32:12,2025-07-03 17:48:29,4
9000005997,1000010329,20250629,3097,1,,1,Correo Argentino,DELIVERED,2025-06-30 17:29:48,2025-07-02 13:43:21,3
9000005998,1000010330,20250629,3098,1,,3,Correo Argentino,DELIVERED,2025-06-30 16:18:57,2025-07-02 16:52:09,3
9000005999,1000010331,20250629,427,1,,3,Correo Argentino,DELIVERED,2025-06-30 18:19:17,2025-07-03 11:15:19,4
9000006000,1000010332,20250629,2345,1,,4,Correo Argentino,DELIVERED,2025-06-30 16:09:47,2025-07-02 13:29:46,3
9000006001,1000010333,20250630,2678,1,,2,Correo Argentino,DELIVERED,2025-06-30 16:16:51,2025-07-03 14:05:02,3
9000006002,1000010334,20250630,2910,1,,4,Correo Argentino,DELIVERED,2025-06-30 18:04:04,2025-07-03 09:12:15,3
9000006003,1000010335,20250630,165,1,,2,Correo Argentino,DELIVERED,2025-06-30 16:19:25,2025-07-03 09:16:15,3
9000006004,1000010336,20250630,3099,1,,4,Correo Argentino,DELIVERED,2025-06-30 17:40:52,2025-07-04 12:18:27,4
9000006005,1000010337,20250630,3100,1,,2,Correo Argentino,DELIVERED,2025-06-30 18:39:04,2025-07-04 16:26:06,4
9000006006,1000010338,20250630,2808,1,,1,Correo Argentino,DELIVERED,2025-06-30 16:39:36,2025-07-01 17:05:35,1
9000006007,1000010342,20250630,2958,1,,3,Correo Argentino,DELIVERED,2025-07-01 17:58:44,2025-07-03 19:20:26,3
9000006008,1000010344,20250630,1984,1,,1,Correo Argentino,DELIVERED,2025-07-01 16:22:51,2025-07-03 11:58:19,3
9000006009,1000010348,20250630,2842,1,,3,Correo Argentino,DELIVERED,2025-07-01 16:25:16,2025-07-07 14:01:41,7
9000006010,1000010350,20250630,26,1,,1,Correo Argentino,DELIVERED,2025-07-01 16:59:05,2025-07-04 15:49:44,4
9000006011,1000010355,20250630,2142,1,,1,Correo Argentino,DELIVERED,2025-07-01 16:54:23,2025-07-04 17:45:50,4
9000006012,1000010356,20250630,1002,1,,3,Correo Argentino,DELIVERED,2025-07-01 18:32:05,2025-07-03 14:41:54,3
9000006013,1000010357,20250630,2880,1,,2,Correo Argentino,DELIVERED,2025-07-01 18:20:54,2025-07-03 09:43:04,3
9000006014,1000010358,20250630,3104,1,,2,Correo Argentino,DELIVERED,2025-07-01 16:43:52,2025-07-08 19:21:35,8
9000006015,1000010359,20250701,543,1,,2,Correo Argentino,DELIVERED,2025-07-01 18:43:03,2025-07-07 14:40:07,6
9000006016,1000010360,20250701,46,1,,3,Correo Argentino,DELIVERED,2025-07-01 18:40:21,2025-07-07 10:43:13,6
9000006017,1000010363,20250701,2365,1,,4,Correo Argentino,DELIVERED,2025-07-01 17:20:25,2025-07-07 11:28:07,6
9000006018,1000010364,20250701,3106,1,,3,Correo Argentino,DELIVERED,2025-07-02 17:35:56,2025-07-07 11:33:42,6
9000006019,1000010366,20250701,2420,1,,2,Correo Argentino,DELIVERED,2025-07-02 16:12:53,2025-07-08 15:49:23,7
9000006020,1000010369,20250701,3108,1,,2,Correo Argentino,DELIVERED,2025-07-02 16:10:17,2025-07-08 13:05:53,7
9000006021,1000010370,20250701,3109,1,,1,Correo Argentino,DELIVERED,2025-07-02 17:40:28,2025-07-03 13:44:30,2
9000006022,1000010371,20250702,2571,1,,3,Correo Argentino,DELIVERED,2025-07-02 17:14:37,2025-07-08 16:38:54,6
9000006023,1000010372,20250702,3110,1,,1,Correo Argentino,DELIVERED,2025-07-02 18:57:32,2025-07-07 15:44:23,5
9000006024,1000010373,20250702,279,1,,2,Correo Argentino,CANCELLED,,,
9000006025,1000010374,20250702,2371,1,,1,Correo Argentino,DELIVERED,2025-07-03 18:17:33,2025-07-07 12:55:22,5
9000006026,1000010375,20250702,3111,1,,2,Correo Argentino,DELIVERED,2025-07-03 17:08:20,2025-07-08 14:57:39,6
9000006027,1000010376,20250702,3112,1,,3,Correo Argentino,DELIVERED,2025-07-03 18:52:12,2025-07-07 14:43:10,5
9000006028,1000010377,20250702,1847,1,,1,Correo Argentino,DELIVERED,2025-07-03 17:56:51,2025-07-04 09:47:12,2
9000006029,1000010378,20250702,1057,1,,4,Correo Argentino,DELIVERED,2025-07-04 17:00:19,2025-07-08 10:17:33,6
9000006030,1000010379,20250702,740,1,,2,Correo Argentino,DELIVERED,2025-07-03 16:57:43,2025-07-09 17:11:54,7
9000006031,1000010380,20250703,1120,1,,1,Correo Argentino,DELIVERED,2025-07-03 18:30:15,2025-07-07 12:30:04,4
9000006032,1000010381,20250703,2221,1,,3,Correo Argentino,DELIVERED,2025-07-03 18:09:39,2025-07-09 12:41:25,6
9000006033,1000010383,20250703,2161,1,,3,Correo Argentino,DELIVERED,2025-07-04 16:51:56,2025-07-09 16:56:50,6
9000006034,1000010386,20250703,1849,1,,1,Correo Argentino,DELIVERED,2025-07-04 18:30:01,2025-07-08 12:50:59,5
9000006035,1000010387,20250703,1259,1,,2,Correo Argentino,DELIVERED,2025-07-04 17:58:26,2025-07-09 11:03:22,6
9000006036,1000010390,20250703,2943,1,,4,Correo Argentino,DELIVERED,2025-07-04 17:55:38,2025-07-08 09:39:36,5
9000006037,1000010392,20250703,2592,1,,1,Correo Argentino,DELIVERED,2025-07-04 18:37:38,2025-07-07 14:02:56,4
9000006038,1000010396,20250703,728,1,,1,Correo Argentino,DELIVERED,2025-07-04 17:35:21,2025-07-07 15:19:49,4
9000006039,1000010397,20250703,2814,1,,2,Correo Argentino,DELIVERED,2025-07-04 16:58:11,2025-07-10 17:05:21,7
9000006040,1000010398,20250703,3114,1,,1,Correo Argentino,DELIVERED,2025-07-04 17:44:18,2025-07-08 13:07:37,5
9000006041,1000010399,20250704,3115,1,,1,Correo Argentino,DELIVERED,2025-07-04 16:29:18,2025-07-07 15:26:04,3
9000006042,1000010400,20250704,785,1,,1,Correo Argentino,DELIVERED,2025-07-04 17:34:24,2025-07-08 10:15:49,4
9000006043,1000010406,20250704,3118,1,,4,Correo Argentino,DELIVERED,2025-07-07 17:37:26,2025-07-10 17:01:58,6
9000006044,1000010407,20250704,2866,1,,3,Correo Argentino,DELIVERED,2025-07-07 16:51:11,2025-07-14 16:39:47,10
9000006045,1000010408,20250704,2350,1,,1,Correo Argentino,DELIVERED,2025-07-07 16:28:17,2025-07-10 14:25:23,6
9000006046,1000010409,20250704,1238,1,,1,Correo Argentino,DELIVERED,2025-07-07 16:24:22,2025-07-08 19:54:55,4
9000006047,1000010410,20250704,1707,1,,4,Correo Argentino,DELIVERED,2025-07-07 16:49:57,2025-07-09 14:48:21,5
9000006048,1000010411,20250704,1345,1,,1,Correo Argentino,DELIVERED,2025-07-07 18:08:00,2025-07-09 18:02:20,5
9000006049,1000010412,20250704,2415,1,,4,Correo Argentino,DELIVERED,2025-07-07 16:57:43,2025-07-10 18:35:13,6
9000006050,1000010413,20250704,1534,1,,3,Correo Argentino,DELIVERED,2025-07-07 18:50:15,2025-07-11 09:14:22,7
9000006051,1000010414,20250704,2301,1,,2,Correo Argentino,DELIVERED,2025-07-07 16:54:47,2025-07-11 10:12:09,7
9000006052,1000010415,20250704,2089,1,,3,Correo Argentino,DELIVERED,2025-07-07 16:02:38,2025-07-09 17:59:52,5
9000006053,1000010416,20250704,1814,1,,4,Correo Argentino,DELIVERED,2025-07-07 16:26:52,2025-07-10 14:45:23,6
9000006054,1000010417,20250705,1394,1,,1,Correo Argentino,DELIVERED,2025-07-07 17:02:07,2025-07-09 14:09:04,4
9000006055,1000010419,20250705,3120,1,,3,Correo Argentino,DELIVERED,2025-07-07 17:17:41,2025-07-14 10:31:48,9
9000006056,1000010422,20250705,361,1,,1,Correo Argentino,DELIVERED,2025-07-07 17:44:32,2025-07-09 11:48:59,4
9000006057,1000010428,20250705,3121,1,,1,Correo Argentino,DELIVERED,2025-07-07 16:18:11,2025-07-08 11:56:48,3
9000006058,1000010433,20250705,2012,1,,1,Correo Argentino,DELIVERED,2025-07-07 17:43:51,2025-07-08 16:00:48,3
9000006059,1000010436,20250705,2792,1,,4,Correo Argentino,DELIVERED,2025-07-07 17:47:44,2025-07-11 16:50:16,6
9000006060,1000010437,20250706,1768,1,,3,Correo Argentino,DELIVERED,2025-07-07 18:53:58,2025-07-09 14:21:23,3
9000006061,1000010438,20250706,1871,1,,4,Correo Argentino,DELIVERED,2025-07-07 16:07:58,2025-07-09 16:28:04,3
9000006062,1000010439,20250706,2872,1,,1,Correo Argentino,DELIVERED,2025-07-07 16:18:31,2025-07-09 16:21:54,3
9000006063,1000010440,20250706,3123,1,,1,Correo Argentino,DELIVERED,2025-07-07 17:28:00,2025-07-10 16:23:27,4
9000006064,1000010441,20250706,2421,1,,4,Correo Argentino,DELIVERED,2025-07-07 16:13:56,2025-07-11 09:09:12,5
9000006065,1000010443,20250706,1043,1,,1,Correo Argentino,DELIVERED,2025-07-07 16:16:28,2025-07-09 18:42:43,3
9000006066,1000010444,20250706,308,1,,2,Correo Argentino,DELIVERED,2025-07-07 17:58:24,2025-07-10 12:50:30,4
9000006067,1000010445,20250706,2060,1,,1,Correo Argentino,DELIVERED,2025-07-07 18:54:11,2025-07-08 18:56:22,2
9000006068,1000010446,20250707,2720,1,,1,Correo Argentino,DELIVERED,2025-07-07 17:57:14,2025-07-09 15:09:59,2
9000006069,1000010447,20250707,3124,1,,4,Correo Argentino,DELIVERED,2025-07-07 18:02:12,2025-07-09 09:35:37,2
9000006070,1000010448,20250707,2014,1,,1,Correo Argentino,DELIVERED,2025-07-07 18:37:48,2025-07-09 10:47:30,2
9000006071,1000010449,20250707,1993,1,,3,Correo Argentino,DELIVERED,2025-07-07 16:44:35,2025-07-11 12:38:55,4
9000006072,1000010450,20250707,2935,1,,1,Correo Argentino,DELIVERED,2025-07-07 16:06:15,2025-07-08 17:53:40,1
9000006073,1000010451,20250707,3125,1,,1,Correo Argentino,DELIVERED,2025-07-07 18:21:01,2025-07-08 12:08:02,1
9000006074,1000010453,20250707,20,1,,1,Correo Argentino,DELIVERED,2025-07-08 18:31:56,2025-07-10 19:51:06,3
9000006075,1000010454,20250707,1580,1,,1,Correo Argentino,DELIVERED,2025-07-08 18:28:36,2025-07-10 17:11:42,3
9000006076,1000010456,20250707,2098,1,,2,Correo Argentino,DELIVERED,2025-07-08 18:50:06,2025-07-14 13:18:47,7
9000006077,1000010458,20250707,1350,1,,3,Correo Argentino,DELIVERED,2025-07-08 17:55:43,2025-07-14 15:43:24,7
9000006078,1000010461,20250707,1012,1,,2,Correo Argentino,DELIVERED,2025-07-08 16:41:57,2025-07-11 15:10:53,4
9000006079,1000010462,20250707,898,1,,1,Correo Argentino,DELIVERED,2025-07-08 17:50:55,2025-07-11 17:42:56,4
9000006080,1000010463,20250707,3127,1,,3,Correo Argentino,DELIVERED,2025-07-08 17:25:12,2025-07-10 09:30:32,3
9000006081,1000010464,20250707,1275,1,,4,Correo Argentino,DELIVERED,2025-07-08 16:07:51,2025-07-14 19:03:15,7
9000006082,1000010466,20250707,2023,1,,3,Correo Argentino,DELIVERED,2025-07-08 18:23:35,2025-07-10 17:00:14,3
9000006083,1000010467,20250707,3129,1,,4,Correo Argentino,DELIVERED,2025-07-08 17:20:28,2025-07-15 18:22:02,8
9000006084,1000010468,20250707,2018,1,,2,Correo Argentino,DELIVERED,2025-07-08 16:18:25,2025-07-11 09:53:23,4
9000006085,1000010469,20250707,2638,1,,4,Correo Argentino,DELIVERED,2025-07-08 18:11:00,2025-07-10 11:20:16,3
9000006086,1000010470,20250708,2314,1,,3,Correo Argentino,DELIVERED,2025-07-08 16:07:57,2025-07-14 13:22:25,6
9000006087,1000010471,20250708,2127,1,,2,Correo Argentino,DELIVERED,2025-07-09 16:43:39,2025-07-15 12:21:13,7
9000006088,1000010472,20250708,3130,1,,3,Correo Argentino,DELIVERED,2025-07-08 18:48:57,2025-07-10 19:41:34,2
9000006089,1000010476,20250708,1916,1,,1,Correo Argentino,DELIVERED,2025-07-09 16:39:45,2025-07-11 12:12:23,3
9000006090,1000010478,20250708,3133,1,,1,Correo Argentino,DELIVERED,2025-07-09 18:44:07,2025-07-14 15:38:20,6
9000006091,1000010479,20250708,3134,1,,1,Correo Argentino,DELIVERED,2025-07-09 16:19:44,2025-07-10 10:08:31,2
9000006092,1000010480,20250708,335,1,,4,Correo Argentino,DELIVERED,2025-07-09 17:31:34,2025-07-15 17:54:21,7
9000006093,1000010481,20250708,1071,1,,1,Correo Argentino,DELIVERED,2025-07-09 18:44:34,2025-07-10 11:51:37,2
9000006094,1000010482,20250708,404,1,,1,Correo Argentino,DELIVERED,2025-07-09 16:33:07,2025-07-14 15:48:56,6
9000006095,1000010483,20250709,2059,1,,3,Correo Argentino,DELIVERED,2025-07-09 17:07:38,2025-07-11 18:35:24,2
9000006096,1000010485,20250709,3137,1,,2,Correo Argentino,DELIVERED,2025-07-10 18:40:36,2025-07-15 13:54:28,6
9000006097,1000010487,20250709,1837,1,,1,Correo Argentino,DELIVERED,2025-07-10 16:11:32,2025-07-11 16:29:29,2
9000006098,1000010488,20250709,969,1,,2,Correo Argentino,DELIVERED,2025-07-10 17:43:08,2025-07-16 14:20:02,7
9000006100,1000010490,20250709,3138,1,,1,Correo Argentino,DELIVERED,2025-07-10 17:41:48,2025-07-14 13:19:56,5
9000006101,1000010491,20250709,2516,1,,3,Correo Argentino,DELIVERED,2025-07-10 16:40:24,2025-07-17 13:43:55,8
9000006102,1000010493,20250709,2116,1,,1,Correo Argentino,DELIVERED,2025-07-10 16:10:57,2025-07-11 16:53:41,2
9000006103,1000010495,20250710,3139,1,,1,Correo Argentino,DELIVERED,2025-07-10 16:24:37,2025-07-14 13:33:34,4
9000006104,1000010496,20250710,3140,1,,2,Correo Argentino,DELIVERED,2025-07-10 16:51:15,2025-07-14 17:06:20,4
9000006105,1000010497,20250710,3142,1,,1,Correo Argentino,DELIVERED,2025-07-11 18:49:27,2025-07-15 18:30:26,5
9000006106,1000010499,20250710,2786,1,,1,Correo Argentino,DELIVERED,2025-07-11 17:56:07,2025-07-14 14:38:15,4
9000006107,1000010500,20250710,2396,1,,1,Correo Argentino,DELIVERED,2025-07-11 17:40:45,2025-07-15 17:31:58,5
9000006108,1000010502,20250710,306,1,,1,Correo Argentino,DELIVERED,2025-07-11 18:11:56,2025-07-16 09:13:37,6
9000006109,1000010503,20250710,1411,1,,4,Correo Argentino,DELIVERED,2025-07-11 18:09:13,2025-07-16 16:54:53,6
9000006111,1000010509,20250710,1907,1,,4,Correo Argentino,DELIVERED,2025-07-11 18:49:05,2025-07-15 10:52:33,5
9000006112,1000010510,20250710,421,1,,1,Correo Argentino,DELIVERED,2025-07-11 17:04:31,2025-07-16 17:24:42,6
9000006113,1000010511,20250710,2636,1,,1,Correo Argentino,DELIVERED,2025-07-11 16:48:44,2025-07-14 14:43:46,4
9000006114,1000010512,20250710,3035,1,,1,Correo Argentino,DELIVERED,2025-07-11 18:08:30,2025-07-15 16:26:40,5
9000006115,1000010514,20250711,3143,1,,1,Correo Argentino,DELIVERED,2025-07-11 17:08:01,2025-07-15 17:24:58,4
9000006116,1000010516,20250711,2862,1,,1,Correo Argentino,DELIVERED,2025-07-14 17:30:22,2025-07-16 13:02:50,5
9000006117,1000010518,20250711,3144,1,,1,Correo Argentino,DELIVERED,2025-07-14 17:38:14,2025-07-15 18:08:04,4
9000006118,1000010519,20250711,2670,1,,3,Correo Argentino,DELIVERED,2025-07-14 17:35:31,2025-07-21 14:08:29,10
9000006119,1000010523,20250711,3145,1,,3,Correo Argentino,DELIVERED,2025-07-14 16:50:08,2025-07-17 17:03:17,6
9000006120,1000010524,20250711,3146,1,,1,Correo Argentino,DELIVERED,2025-07-14 16:12:08,2025-07-15 11:22:06,4
9000006121,1000010525,20250711,2752,1,,1,Correo Argentino,DELIVERED,2025-07-14 16:35:29,2025-07-16 09:09:29,5
9000006122,1000010526,20250711,1370,1,,3,Correo Argentino,DELIVERED,2025-07-14 16:26:34,2025-07-21 10:28:20,10
9000006123,1000010528,20250711,1876,1,,1,Correo Argentino,DELIVERED,2025-07-14 17:07:30,2025-07-16 09:30:21,5
9000006124,1000010529,20250712,1360,1,,1,Correo Argentino,DELIVERED,2025-07-14 18:09:00,2025-07-15 15:08:22,3
9000006125,1000010530,20250712,2489,1,,1,Correo Argentino,DELIVERED,2025-07-14 18:05:07,2025-07-17 18:54:41,5
9000006126,1000010531,20250712,2583,1,,1,Correo Argentino,DELIVERED,2025-07-14 16:29:50,2025-07-16 15:49:58,4
9000006127,1000010532,20250712,2300,1,,1,Correo Argentino,DELIVERED,2025-07-14 18:18:02,2025-07-16 11:42:02,4
9000006128,1000010539,20250712,1135,1,,1,Correo Argentino,DELIVERED,2025-07-14 17:58:07,2025-07-16 15:04:05,4
9000006129,1000010541,20250712,905,1,,4,Correo Argentino,DELIVERED,2025-07-14 18:50:51,2025-07-21 18:52:55,9
9000006130,1000010542,20250712,344,1,,2,Correo Argentino,DELIVERED,2025-07-14 16:08:33,2025-07-17 14:57:18,5
9000006131,1000010545,20250712,3148,1,,3,Correo Argentino,DELIVERED,2025-07-14 17:29:51,2025-07-18 09:16:56,6
9000006132,1000010546,20250712,3149,1,,1,Correo Argentino,DELIVERED,2025-07-14 16:17:22,2025-07-16 10:39:30,4
9000006133,1000010548,20250713,3151,1,,1,Correo Argentino,DELIVERED,2025-07-14 17:05:41,2025-07-17 19:15:04,4
9000006134,1000010549,20250713,3152,1,,2,Correo Argentino,DELIVERED,2025-07-14 18:37:38,2025-07-16 16:30:35,3
9000006135,1000010550,20250713,3153,1,,2,Correo Argentino,DELIVERED,2025-07-14 17:41:27,2025-07-18 13:27:41,5
9000006136,1000010552,20250713,2352,1,,4,Correo Argentino,DELIVERED,2025-07-14 16:24:34,2025-07-16 10:51:35,3
9000006137,1000010553,20250713,3154,1,,3,Correo Argentino,DELIVERED,2025-07-14 16:24:08,2025-07-16 11:18:34,3
9000006138,1000010554,20250713,1972,1,,4,Correo Argentino,DELIVERED,2025-07-14 17:50:00,2025-07-17 11:42:53,4
9000006139,1000010555,20250713,2747,1,,1,Correo Argentino,DELIVERED,2025-07-14 16:44:10,2025-07-16 17:54:16,3
9000006140,1000010556,20250713,2051,1,,1,Correo Argentino,DELIVERED,2025-07-14 16:01:22,2025-07-17 16:48:26,4
9000006141,1000010557,20250714,3155,1,,3,Correo Argentino,DELIVERED,2025-07-14 17:44:35,2025-07-18 09:37:13,4
9000006142,1000010560,20250714,268,1,,4,Correo Argentino,DELIVERED,2025-07-14 18:36:18,2025-07-16 10:44:48,2
9000006143,1000010565,20250714,2160,1,,1,Correo Argentino,DELIVERED,2025-07-15 17:25:46,2025-07-17 14:06:34,3
9000006144,1000010568,20250714,2686,1,,3,Correo Argentino,DELIVERED,2025-07-15 16:59:02,2025-07-18 09:44:16,4
9000006146,1000010571,20250714,1474,1,,1,Correo Argentino,DELIVERED,2025-07-15 16:48:02,2025-07-17 09:29:13,3
9000006147,1000010572,20250714,1748,1,,3,Correo Argentino,DELIVERED,2025-07-15 18:55:05,2025-07-21 15:30:29,7
9000006148,1000010573,20250714,1314,1,,2,Correo Argentino,DELIVERED,2025-07-15 16:57:50,2025-07-22 17:16:49,8
9000006149,1000010574,20250714,2550,1,,2,Correo Argentino,DELIVERED,2025-07-15 16:37:01,2025-07-18 13:29:24,4
9000006150,1000010575,20250715,213,1,,1,Correo Argentino,DELIVERED,2025-07-15 18:25:21,2025-07-17 12:36:08,2
9000006151,1000010576,20250715,2111,1,,1,Correo Argentino,DELIVERED,2025-07-15 18:19:50,2025-07-17 14:08:44,2
9000006152,1000010577,20250715,2380,1,,1,Correo Argentino,DELIVERED,2025-07-15 18:51:12,2025-07-18 10:22:45,3
9000006153,1000010578,20250715,3158,1,,4,Correo Argentino,DELIVERED,2025-07-15 16:58:49,2025-07-21 16:11:59,6
9000006154,1000010582,20250715,2437,1,,3,Correo Argentino,DELIVERED,2025-07-15 18:50:16,2025-07-21 17:41:43,6
9000006155,1000010584,20250715,1716,1,,2,Correo Argentino,DELIVERED,2025-07-16 18:47:18,2025-07-21 19:20:57,6
9000006156,1000010588,20250715,2690,1,,2,Correo Argentino,DELIVERED,2025-07-16 17:23:57,2025-07-18 12:30:09,3
9000006157,1000010589,20250715,1683,1,,1,Correo Argentino,DELIVERED,2025-07-16 18:56:06,2025-07-21 18:21:38,6
9000006158,1000010590,20250715,2928,1,,1,Correo Argentino,DELIVERED,2025-07-16 16:07:10,2025-07-18 14:26:57,3
9000006159,1000010591,20250715,2193,1,,1,Correo Argentino,DELIVERED,2025-07-16 18:21:37,2025-07-17 13:17:19,2
9000006160,1000010592,20250715,1016,1,,3,Correo Argentino,DELIVERED,2025-07-16 18:40:05,2025-07-21 09:12:54,6
9000006161,1000010593,20250715,1118,1,,1,Correo Argentino,DELIVERED,2025-07-16 16:30:13,2025-07-21 10:21:47,6
9000006162,1000010594,20250716,2156,1,,2,Correo Argentino,DELIVERED,2025-07-16 18:00:51,2025-07-21 18:07:15,5
9000006163,1000010595,20250716,2086,1,,2,Correo Argentino,DELIVERED,2025-07-16 17:00:38,2025-07-22 10:13:14,6
9000006164,1000010598,20250716,296,1,,2,Correo Argentino,DELIVERED,2025-07-17 17:37:20,2025-07-23 14:43:59,7
9000006165,1000010600,20250716,2549,1,,1,Correo Argentino,DELIVERED,2025-07-17 16:22:26,2025-07-21 09:24:07,5
9000006166,1000010601,20250716,2930,1,,3,Correo Argentino,DELIVERED,2025-07-17 18:33:51,2025-07-22 14:44:26,6
9000006167,1000010603,20250716,2492,1,,1,Correo Argentino,DELIVERED,2025-07-17 18:28:37,2025-07-21 13:54:03,5
9000006168,1000010604,20250717,1780,1,,1,Correo Argentino,DELIVERED,2025-07-17 18:23:34,2025-07-22 14:42:37,5
9000006169,1000010606,20250717,1598,1,,4,Correo Argentino,DELIVERED,2025-07-17 18:00:15,2025-07-23 13:13:02,6
9000006170,1000010607,20250717,2316,1,,4,Correo Argentino,DELIVERED,2025-07-17 16:39:06,2025-07-22 09:12:38,5
9000006171,1000010611,20250717,1371,1,,3,Correo Argentino,DELIVERED,2025-07-17 16:13:44,2025-07-21 16:25:58,4
9000006172,1000010613,20250717,1538,1,,2,Correo Argentino,DELIVERED,2025-07-18 18:41:43,2025-07-25 09:11:50,8
9000006173,1000010614,20250717,2900,1,,3,Correo Argentino,DELIVERED,2025-07-18 18:02:24,2025-07-23 18:22:56,6
9000006174,1000010616,20250717,2328,1,,1,Correo Argentino,DELIVERED,2025-07-18 16:32:39,2025-07-23 12:11:37,6
9000006175,1000010617,20250717,2138,1,,1,Correo Argentino,DELIVERED,2025-07-18 16:06:28,2025-07-21 11:36:35,4
9000006176,1000010618,20250717,152,1,,3,Correo Argentino,DELIVERED,2025-07-18 16:08:55,2025-07-23 17:14:09,6
9000006177,1000010621,20250717,1588,1,,1,Correo Argentino,DELIVERED,2025-07-18 18:04:30,2025-07-22 10:41:37,5
9000006179,1000010623,20250717,1919,1,,1,Correo Argentino,DELIVERED,2025-07-18 18:12:53,2025-07-22 14:55:03,5
9000006180,1000010624,20250717,3166,1,,4,Correo Argentino,DELIVERED,2025-07-18 16:58:22,2025-07-22 12:09:13,5
9000006181,1000010625,20250717,1254,1,,2,Correo Argentino,DELIVERED,2025-07-18 17:42:04,2025-07-23 14:59:31,6
9000006182,1000010626,20250718,2675,1,,2,Correo Argentino,DELIVERED,2025-07-18 16:48:02,2025-07-22 13:27:43,4
9000006183,1000010627,20250718,2909,1,,1,Correo Argentino,DELIVERED,2025-07-18 16:11:35,2025-07-22 09:38:01,4
9000006184,1000010628,20250718,3167,1,,2,Correo Argentino,DELIVERED,2025-07-18 17:10:36,2025-07-22 11:19:37,4
9000006186,1000010636,20250718,3171,1,,3,Correo Argentino,DELIVERED,2025-07-21 17:57:58,2025-07-25 17:44:36,7
9000006187,1000010637,20250718,952,1,,1,Correo Argentino,DELIVERED,2025-07-21 18:27:26,2025-07-24 16:43:38,6
9000006188,1000010639,20250719,2580,1,,1,Correo Argentino,DELIVERED,2025-07-21 17:47:27,2025-07-23 12:20:59,4
9000006189,1000010641,20250719,2172,1,,1,Correo Argentino,DELIVERED,2025-07-21 17:43:11,2025-07-23 12:44:59,4
9000006190,1000010652,20250719,2005,1,,2,Correo Argentino,DELIVERED,2025-07-21 18:17:22,2025-07-24 15:44:41,5
9000006191,1000010653,20250719,3174,1,,1,Correo Argentino,DELIVERED,2025-07-21 18:28:46,2025-07-23 14:29:19,4
9000006192,1000010654,20250719,3175,1,,1,Correo Argentino,DELIVERED,2025-07-21 17:21:56,2025-07-23 10:03:42,4
9000006193,1000010655,20250720,3176,1,,1,Correo Argentino,DELIVERED,2025-07-21 18:06:18,2025-07-22 09:29:02,2
9000006194,1000010656,20250720,630,1,,4,Correo Argentino,DELIVERED,2025-07-21 16:43:19,2025-07-25 09:26:20,5
9000006195,1000010657,20250720,1941,1,,2,Correo Argentino,DELIVERED,2025-07-21 18:42:25,2025-07-23 14:47:30,3
9000006196,1000010658,20250720,2209,1,,4,Correo Argentino,DELIVERED,2025-07-22 18:26:56,2025-07-28 10:14:49,8
9000006197,1000010659,20250720,2476,1,,3,Correo Argentino,DELIVERED,2025-07-21 17:34:03,2025-07-24 18:58:05,4
9000006198,1000010660,20250720,420,1,,1,Correo Argentino,DELIVERED,2025-07-21 18:07:52,2025-07-23 11:56:40,3
9000006199,1000010661,20250720,3177,1,,4,Correo Argentino,DELIVERED,2025-07-21 18:02:46,2025-07-25 09:35:15,5
9000006200,1000010662,20250720,3178,1,,1,Correo Argentino,DELIVERED,2025-07-21 18:16:37,2025-07-23 10:22:05,3
9000006201,1000010663,20250720,30,1,,1,Correo Argentino,DELIVERED,2025-07-21 18:33:31,2025-07-22 13:59:25,2
9000006202,1000010664,20250721,1001,1,,3,Correo Argentino,DELIVERED,2025-07-21 18:22:08,2025-07-28 19:52:22,7
9000006203,1000010665,20250721,1893,1,,2,Correo Argentino,DELIVERED,2025-07-21 16:15:01,2025-07-23 10:22:57,2
9000006204,1000010666,20250721,3086,1,,1,Correo Argentino,DELIVERED,2025-07-21 17:32:20,2025-07-22 12:58:34,1
9000006205,1000010667,20250721,1604,1,,2,Correo Argentino,DELIVERED,2025-07-21 16:18:01,2025-07-28 16:29:54,7
9000006206,1000010670,20250721,1646,1,,3,Correo Argentino,DELIVERED,2025-07-22 16:03:58,2025-07-28 19:38:18,7
9000006207,1000010671,20250721,1989,1,,1,Correo Argentino,DELIVERED,2025-07-22 18:28:50,2025-07-24 14:54:11,3
9000006208,1000010672,20250721,1380,1,,1,Correo Argentino,DELIVERED,2025-07-22 17:12:54,2025-07-23 13:17:11,2
9000006209,1000010673,20250721,3179,1,,4,Correo Argentino,DELIVERED,2025-07-22 16:33:21,2025-07-25 15:32:01,4
9000006210,1000010674,20250721,3061,1,,3,Correo Argentino,DELIVERED,2025-07-22 17:19:29,2025-07-28 18:46:06,7
9000006211,1000010675,20250721,1436,1,,4,Correo Argentino,DELIVERED,2025-07-22 17:09:28,2025-07-28 19:52:35,7
9000006212,1000010677,20250721,1813,1,,1,Correo Argentino,DELIVERED,2025-07-22 17:57:31,2025-07-25 16:41:00,4
9000006213,1000010679,20250721,2336,1,,4,Correo Argentino,DELIVERED,2025-07-22 17:08:48,2025-07-25 18:17:50,4
9000006214,1000010680,20250721,644,1,,2,Correo Argentino,DELIVERED,2025-07-23 16:56:20,2025-07-25 18:50:09,4
9000006215,1000010681,20250721,2502,1,,3,Correo Argentino,DELIVERED,2025-07-22 18:25:53,2025-07-25 17:08:01,4
9000006216,1000010682,20250721,2703,1,,1,Correo Argentino,DELIVERED,2025-07-22 17:45:57,2025-07-23 14:14:38,2
9000006217,1000010683,20250721,3181,1,,1,Correo Argentino,DELIVERED,2025-07-22 17:14:35,2025-07-23 10:39:06,2
9000006218,1000010684,20250721,2552,1,,1,Correo Argentino,DELIVERED,2025-07-22 16:26:11,2025-07-23 14:40:21,2
9000006219,1000010685,20250722,1225,1,,4,Correo Argentino,DELIVERED,2025-07-22 16:28:47,2025-07-25 16:32:01,3
9000006220,1000010687,20250722,2993,1,,1,Correo Argentino,DELIVERED,2025-07-22 18:54:04,2025-07-25 13:17:36,3
9000006222,1000010692,20250722,3183,1,,3,Correo Argentino,DELIVERED,2025-07-23 16:00:40,2025-07-28 14:37:12,6
9000006223,1000010694,20250722,1753,1,,3,Correo Argentino,DELIVERED,2025-07-23 18:20:27,2025-07-25 10:34:40,3
9000006224,1000010695,20250722,3184,1,,1,Correo Argentino,DELIVERED,2025-07-23 18:57:42,2025-07-25 09:50:14,3
9000006225,1000010696,20250722,1179,1,,1,Correo Argentino,DELIVERED,2025-07-23 17:19:45,2025-07-25 13:39:00,3
9000006226,1000010697,20250722,2134,1,,2,Correo Argentino,DELIVERED,2025-07-23 17:32:04,2025-07-29 14:55:27,7
9000006227,1000010698,20250723,2605,1,,3,Correo Argentino,DELIVERED,2025-07-23 17:56:23,2025-07-28 19:03:47,5
9000006228,1000010699,20250723,3185,1,,2,Correo Argentino,DELIVERED,2025-07-23 18:11:29,2025-07-29 18:35:28,6
9000006229,1000010700,20250723,2976,1,,1,Correo Argentino,DELIVERED,2025-07-23 17:00:34,2025-07-25 15:14:36,2
9000006230,1000010701,20250723,1194,1,,3,Correo Argentino,DELIVERED,2025-07-23 16:27:17,2025-07-28 14:38:24,5
9000006231,1000010702,20250723,543,1,,2,Correo Argentino,DELIVERED,2025-07-24 16:31:48,2025-07-29 09:03:11,6
9000006232,1000010703,20250723,1946,1,,2,Correo Argentino,DELIVERED,2025-07-24 16:53:49,2025-07-29 17:15:31,6
9000006233,1000010705,20250723,1872,1,,3,Correo Argentino,DELIVERED,2025-07-24 17:04:55,2025-07-29 15:26:11,6
9000006234,1000010706,20250723,3186,1,,2,Correo Argentino,DELIVERED,2025-07-25 16:47:21,2025-07-31 13:53:47,8
9000006236,1000010711,20250723,3188,1,,4,Correo Argentino,DELIVERED,2025-07-24 18:06:26,2025-07-29 16:47:57,6
9000006237,1000010713,20250723,3189,1,,1,Correo Argentino,DELIVERED,2025-07-25 16:44:30,2025-07-30 16:40:41,7
9000006238,1000010714,20250723,2812,1,,2,Correo Argentino,DELIVERED,2025-07-24 17:14:13,2025-07-30 17:01:28,7
9000006239,1000010717,20250724,3190,1,,1,Correo Argentino,DELIVERED,2025-07-24 17:19:15,2025-07-29 16:36:32,5
9000006240,1000010718,20250724,2875,1,,1,Correo Argentino,DELIVERED,2025-07-24 17:46:06,2025-07-29 16:06:45,5
9000006241,1000010719,20250724,3158,1,,4,Correo Argentino,DELIVERED,2025-07-24 17:18:26,2025-07-28 16:51:49,4
9000006242,1000010721,20250724,3191,1,,1,Correo Argentino,DELIVERED,2025-07-25 16:06:36,2025-07-28 09:51:09,4
9000006243,1000010722,20250724,3098,1,,1,Correo Argentino,DELIVERED,2025-07-25 16:47:55,2025-07-29 15:18:21,5
9000006245,1000010726,20250724,1949,1,,1,Correo Argentino,DELIVERED,2025-07-25 18:24:43,2025-07-28 11:58:35,4
9000006246,1000010727,20250724,531,1,,4,Correo Argentino,DELIVERED,2025-07-25 17:42:01,2025-07-29 09:28:25,5
9000006247,1000010728,20250725,1448,1,,3,Correo Argentino,DELIVERED,2025-07-25 17:40:56,2025-07-29 19:50:42,4
9000006248,1000010729,20250725,1776,1,,3,Correo Argentino,DELIVERED,2025-07-28 17:02:22,2025-07-31 17:47:27,6
9000006249,1000010730,20250725,1577,1,,1,Correo Argentino,DELIVERED,2025-07-25 18:42:40,2025-07-29 11:42:36,4
9000006250,1000010731,20250725,1071,1,,1,Correo Argentino,DELIVERED,2025-07-25 16:36:46,2025-07-29 14:42:57,4
9000006251,1000010739,20250725,3194,1,,3,Correo Argentino,DELIVERED,2025-07-28 18:00:34,2025-08-01 18:53:11,7
9000006252,1000010740,20250725,3195,1,,2,Correo Argentino,DELIVERED,2025-07-28 16:15:33,2025-07-31 18:33:27,6
9000006253,1000010742,20250725,1003,1,,3,Correo Argentino,DELIVERED,2025-07-28 16:25:48,2025-07-30 14:10:50,5
9000006254,1000010744,20250725,3196,1,,1,Correo Argentino,DELIVERED,2025-07-28 17:55:16,2025-07-29 19:43:50,4
9000006255,1000010745,20250725,2772,1,,1,Correo Argentino,DELIVERED,2025-07-28 18:11:52,2025-07-30 16:03:37,5
9000006256,1000010747,20250726,944,1,,1,Correo Argentino,DELIVERED,2025-07-28 18:05:33,2025-07-31 09:37:37,5
9000006258,1000010756,20250726,2823,1,,1,Correo Argentino,DELIVERED,2025-07-28 18:06:01,2025-07-31 18:43:21,5
9000006259,1000010760,20250726,3198,1,,3,Correo Argentino,DELIVERED,2025-07-28 16:38:39,2025-07-30 15:08:07,4
9000006260,1000010761,20250726,1808,1,,2,Correo Argentino,DELIVERED,2025-07-28 18:58:55,2025-07-31 14:57:57,5
9000006261,1000010762,20250726,3199,1,,2,Correo Argentino,DELIVERED,2025-07-28 17:09:10,2025-07-30 18:32:22,4
9000006262,1000010763,20250727,2286,1,,3,Correo Argentino,DELIVERED,2025-07-28 18:20:57,2025-08-01 11:08:24,5
9000006263,1000010764,20250727,1957,1,,2,Correo Argentino,DELIVERED,2025-07-28 18:33:27,2025-08-01 11:54:16,5
9000006264,1000010765,20250727,636,1,,4,Correo Argentino,DELIVERED,2025-07-28 17:06:46,2025-07-30 16:50:30,3
9000006265,1000010766,20250727,2904,1,,3,Correo Argentino,DELIVERED,2025-07-28 16:36:17,2025-08-01 17:43:34,5
9000006266,1000010767,20250727,2771,1,,1,Correo Argentino,DELIVERED,2025-07-28 18:16:46,2025-07-30 14:39:44,3
9000006267,1000010768,20250727,1955,1,,1,Correo Argentino,DELIVERED,2025-07-28 18:31:03,2025-07-30 17:25:47,3
9000006268,1000010769,20250727,1302,1,,3,Correo Argentino,DELIVERED,2025-07-28 16:28:03,2025-07-31 15:47:25,4
9000006269,1000010770,20250727,997,1,,3,Correo Argentino,DELIVERED,2025-07-28 16:57:24,2025-07-31 13:22:02,4
9000006270,1000010771,20250727,2364,1,,2,Correo Argentino,DELIVERED,2025-07-28 18:36:33,2025-07-30 10:01:16,3
9000006271,1000010772,20250727,1437,1,,3,Correo Argentino,DELIVERED,2025-07-28 18:46:56,2025-07-30 11:46:27,3
9000006272,1000010774,20250727,1842,1,,2,Correo Argentino,DELIVERED,2025-07-28 16:06:17,2025-08-04 14:35:34,8
9000006273,1000010775,20250727,2901,1,,2,Correo Argentino,DELIVERED,2025-07-28 16:30:42,2025-08-01 18:06:21,5
9000006274,1000010776,20250727,496,1,,1,Correo Argentino,CANCELLED,,,
9000006275,1000010778,20250728,2554,1,,2,Correo Argentino,DELIVERED,2025-07-28 16:02:25,2025-08-01 17:10:46,4
9000006276,1000010779,20250728,2888,1,,3,Correo Argentino,DELIVERED,2025-07-28 17:38:01,2025-08-01 19:19:17,4
9000006277,1000010781,20250728,1257,1,,2,Correo Argentino,DELIVERED,2025-07-29 18:44:26,2025-08-04 11:17:51,7
9000006278,1000010784,20250728,2194,1,,1,Correo Argentino,DELIVERED,2025-07-29 18:28:36,2025-07-31 10:57:17,3
9000006279,1000010785,20250728,3202,1,,1,Correo Argentino,DELIVERED,2025-07-29 16:45:23,2025-07-30 12:05:47,2
9000006280,1000010787,20250728,125,1,,3,Correo Argentino,DELIVERED,2025-07-29 17:00:55,2025-08-01 19:25:56,4
9000006281,1000010793,20250728,3206,1,,3,Correo Argentino,DELIVERED,2025-07-29 18:34:39,2025-08-05 15:35:41,8
9000006282,1000010794,20250728,3207,1,,2,Correo Argentino,DELIVERED,2025-07-29 17:28:17,2025-08-01 13:04:37,4
9000006283,1000010799,20250728,480,1,,3,Correo Argentino,DELIVERED,2025-07-29 16:45:11,2025-07-31 13:19:40,3
9000006284,1000010800,20250728,1707,1,,4,Correo Argentino,DELIVERED,2025-07-29 18:07:32,2025-08-01 11:21:54,4
9000006285,1000010801,20250728,2230,1,,1,Correo Argentino,DELIVERED,2025-07-29 18:40:05,2025-07-31 15:31:58,3
9000006286,1000010802,20250728,1285,1,,3,Correo Argentino,DELIVERED,2025-07-29 17:35:04,2025-08-04 10:51:22,7
9000006287,1000010803,20250728,3056,1,,1,Correo Argentino,DELIVERED,2025-07-29 18:26:08,2025-08-01 14:23:25,4
9000006288,1000010804,20250729,2983,1,,4,Correo Argentino,DELIVERED,2025-07-29 18:48:14,2025-08-01 15:09:37,3
9000006289,1000010805,20250729,1207,1,,3,Correo Argentino,DELIVERED,2025-07-29 16:57:41,2025-07-31 10:49:18,2
9000006290,1000010806,20250729,1637,1,,1,Correo Argentino,DELIVERED,2025-07-29 16:22:19,2025-07-31 18:14:43,2
9000006291,1000010807,20250729,1824,1,,4,Correo Argentino,DELIVERED,2025-07-29 18:26:34,2025-08-04 11:03:04,6
9000006292,1000010810,20250729,563,1,,1,Correo Argentino,DELIVERED,2025-07-30 18:00:16,2025-07-31 19:23:30,2
9000006293,1000010813,20250729,3210,1,,3,Correo Argentino,DELIVERED,2025-07-30 16:02:57,2025-08-04 17:14:39,6
9000006294,1000010814,20250729,1815,1,,3,Correo Argentino,DELIVERED,2025-07-30 16:51:13,2025-08-05 17:52:54,7
9000006295,1000010815,20250729,2974,1,,4,Correo Argentino,DELIVERED,2025-07-30 16:16:47,2025-08-04 19:17:38,6
9000006296,1000010816,20250730,2526,1,,1,Correo Argentino,DELIVERED,2025-08-04 18:57:45,2025-08-05 19:39:51,6
9000006297,1000010818,20250730,3212,1,,1,Correo Argentino,DELIVERED,2025-07-31 18:24:37,2025-08-04 09:55:24,5
9000006298,1000010819,20250730,514,1,,4,Correo Argentino,DELIVERED,2025-07-31 18:26:09,2025-08-06 15:26:41,7
9000006299,1000010824,20250731,3214,1,,1,Correo Argentino,DELIVERED,2025-07-31 17:35:19,2025-08-04 18:01:26,4
9000006300,1000010827,20250731,1847,1,,1,Correo Argentino,DELIVERED,2025-08-01 16:28:09,2025-08-04 14:01:13,4
9000006301,1000010831,20250731,2135,1,,3,Correo Argentino,DELIVERED,2025-08-01 16:50:31,2025-08-06 18:06:41,6
9000006302,1000010832,20250731,3216,1,,1,Correo Argentino,DELIVERED,2025-08-01 17:10:36,2025-08-04 15:14:42,4
9000006303,1000010834,20250731,703,1,,3,Correo Argentino,DELIVERED,2025-08-01 18:24:58,2025-08-05 18:35:55,5
9000006304,1000010835,20250801,1429,1,,2,Correo Argentino,DELIVERED,2025-08-01 18:53:41,2025-08-07 15:38:30,6
9000006306,1000010838,20250801,2841,1,,4,Correo Argentino,DELIVERED,2025-08-01 18:48:17,2025-08-06 16:03:23,5
9000006307,1000010840,20250801,1465,1,,2,Correo Argentino,DELIVERED,2025-08-04 17:21:26,2025-08-06 15:13:47,5
9000006308,1000010841,20250801,697,1,,3,Correo Argentino,DELIVERED,2025-08-04 18:11:27,2025-08-06 16:53:26,5
9000006309,1000010843,20250801,2968,1,,1,Correo Argentino,DELIVERED,2025-08-04 16:34:15,2025-08-07 09:51:39,6
9000006310,1000010850,20250801,69,1,,4,Correo Argentino,DELIVERED,2025-08-04 18:56:36,2025-08-08 17:35:04,7
9000006311,1000010851,20250801,3110,1,,1,Correo Argentino,DELIVERED,2025-08-04 16:20:09,2025-08-07 19:48:20,6
9000006312,1000010852,20250801,3218,1,,2,Correo Argentino,DELIVERED,2025-08-04 17:05:41,2025-08-08 13:33:06,7
9000006313,1000010853,20250801,2338,1,,2,Correo Argentino,DELIVERED,2025-08-04 16:29:24,2025-08-06 19:02:18,5
9000006314,1000010860,20250802,3054,1,,1,Correo Argentino,DELIVERED,2025-08-04 16:56:53,2025-08-06 16:23:12,4
9000006316,1000010862,20250802,2015,1,,3,Correo Argentino,DELIVERED,2025-08-04 17:12:45,2025-08-08 19:52:51,6
9000006318,1000010866,20250802,1819,1,,4,Correo Argentino,DELIVERED,2025-08-04 16:11:28,2025-08-07 10:56:45,5
9000006319,1000010867,20250802,553,1,,3,Correo Argentino,DELIVERED,2025-08-04 17:46:08,2025-08-07 11:27:25,5
9000006320,1000010868,20250802,2819,1,,1,Correo Argentino,DELIVERED,2025-08-04 18:35:27,2025-08-05 15:44:39,3
9000006321,1000010869,20250803,473,1,,1,Correo Argentino,DELIVERED,2025-08-04 16:51:44,2025-08-05 19:51:25,2
9000006322,1000010870,20250803,3221,1,,2,Correo Argentino,DELIVERED,2025-08-04 18:41:44,2025-08-06 10:06:45,3
9000006323,1000010871,20250803,2491,1,,1,Correo Argentino,DELIVERED,2025-08-04 16:37:43,2025-08-06 10:04:39,3
9000006324,1000010872,20250803,1594,1,,3,Correo Argentino,DELIVERED,2025-08-04 16:29:26,2025-08-08 13:48:05,5
9000006325,1000010873,20250803,2457,1,,1,Correo Argentino,DELIVERED,2025-08-04 16:24:55,2025-08-05 18:30:11,2
9000006326,1000010874,20250803,3222,1,,3,Correo Argentino,DELIVERED,2025-08-04 18:35:39,2025-08-07 12:39:47,4
9000006327,1000010875,20250803,3223,1,,2,Correo Argentino,DELIVERED,2025-08-04 16:09:55,2025-08-08 18:12:14,5
9000006328,1000010876,20250803,2361,1,,2,Correo Argentino,DELIVERED,2025-08-04 17:19:58,2025-08-07 11:56:45,4
9000006329,1000010877,20250803,2575,1,,4,Correo Argentino,DELIVERED,2025-08-04 17:46:08,2025-08-06 15:28:24,3
9000006330,1000010878,20250803,368,1,,2,Correo Argentino,DELIVERED,2025-08-04 17:33:30,2025-08-08 11:16:07,5
9000006331,1000010880,20250803,3115,1,,1,Correo Argentino,DELIVERED,2025-08-04 16:06:58,2025-08-06 10:16:36,3
9000006332,1000010881,20250804,2502,1,,2,Correo Argentino,DELIVERED,2025-08-04 17:21:54,2025-08-06 15:52:16,2
9000006333,1000010882,20250804,3114,1,,1,Correo Argentino,DELIVERED,2025-08-04 18:48:57,2025-08-06 16:35:34,2
9000006334,1000010883,20250804,2105,1,,1,Correo Argentino,DELIVERED,2025-08-06 16:08:57,2025-08-07 17:56:23,3
9000006335,1000010884,20250804,2930,1,,3,Correo Argentino,DELIVERED,2025-08-04 16:02:28,2025-08-08 18:49:31,4
9000006336,1000010886,20250804,3225,1,,1,Correo Argentino,DELIVERED,2025-08-04 17:02:23,2025-08-05 09:46:17,1
9000006337,1000010888,20250804,1705,1,,1,Correo Argentino,DELIVERED,2025-08-04 16:41:47,2025-08-07 18:40:18,3
9000006338,1000010889,20250804,783,1,,1,Correo Argentino,DELIVERED,2025-08-04 18:28:18,2025-08-06 18:42:38,2
9000006339,1000010890,20250804,1926,1,,2,Correo Argentino,DELIVERED,2025-08-05 17:33:12,2025-08-11 12:59:20,7
9000006340,1000010891,20250804,338,1,,1,Correo Argentino,DELIVERED,2025-08-05 17:25:18,2025-08-07 14:46:17,3
9000006341,1000010899,20250804,3227,1,,3,Correo Argentino,DELIVERED,2025-08-05 16:24:17,2025-08-11 18:05:58,7
9000006342,1000010901,20250804,3229,1,,3,Correo Argentino,DELIVERED,2025-08-05 16:36:53,2025-08-08 11:57:50,4
9000006343,1000010902,20250804,2352,1,,4,Correo Argentino,DELIVERED,2025-08-05 16:47:33,2025-08-11 10:29:41,7
9000006344,1000010904,20250804,3230,1,,1,Correo Argentino,DELIVERED,2025-08-05 17:51:50,2025-08-07 18:13:45,3
9000006345,1000010905,20250804,2634,1,,4,Correo Argentino,DELIVERED,2025-08-05 18:42:11,2025-08-08 19:41:00,4
9000006346,1000010906,20250804,3231,1,,1,Correo Argentino,DELIVERED,2025-08-05 17:31:53,2025-08-06 11:21:16,2
9000006347,1000010908,20250805,2449,1,,1,Correo Argentino,DELIVERED,2025-08-05 18:26:23,2025-08-06 17:41:47,1
9000006348,1000010910,20250805,3232,1,,3,Correo Argentino,DELIVERED,2025-08-05 18:30:15,2025-08-07 15:31:48,2
9000006349,1000010915,20250805,2342,1,,3,Correo Argentino,DELIVERED,2025-08-06 18:07:20,2025-08-08 11:36:40,3
9000006350,1000010916,20250805,215,1,,1,Correo Argentino,DELIVERED,2025-08-06 16:54:50,2025-08-07 17:40:09,2
9000006351,1000010917,20250805,2293,1,,1,Correo Argentino,DELIVERED,2025-08-06 17:08:51,2025-08-11 13:46:17,6
9000006352,1000010918,20250805,3234,1,,3,Correo Argentino,DELIVERED,2025-08-06 17:18:12,2025-08-11 18:33:20,6
9000006353,1000010920,20250805,870,1,,1,Correo Argentino,DELIVERED,2025-08-06 16:45:15,2025-08-08 18:59:36,3
9000006354,1000010922,20250805,3235,1,,1,Correo Argentino,DELIVERED,2025-08-06 16:37:02,2025-08-08 10:43:34,3
9000006355,1000010923,20250806,3236,1,,2,Correo Argentino,DELIVERED,2025-08-06 17:47:52,2025-08-08 10:43:31,2
9000006356,1000010924,20250806,3238,1,,1,Correo Argentino,DELIVERED,2025-08-08 17:30:07,2025-08-12 09:46:55,6
9000006357,1000010927,20250806,3239,1,,1,Correo Argentino,DELIVERED,2025-08-06 17:51:49,2025-08-07 12:15:00,1
9000006358,1000010928,20250806,2761,1,,2,Correo Argentino,DELIVERED,2025-08-07 16:13:16,2025-08-13 19:46:45,7
9000006359,1000010929,20250806,2260,1,,4,Correo Argentino,DELIVERED,2025-08-07 16:16:16,2025-08-13 12:01:35,7
9000006360,1000010930,20250806,1409,1,,3,Correo Argentino,DELIVERED,2025-08-07 16:34:39,2025-08-12 09:23:25,6
9000006361,1000010931,20250806,2179,1,,3,Correo Argentino,DELIVERED,2025-08-07 16:53:43,2025-08-12 10:07:21,6
9000006362,1000010932,20250806,1905,1,,4,Correo Argentino,DELIVERED,2025-08-07 16:19:09,2025-08-12 17:01:28,6
9000006363,1000010933,20250806,222,1,,1,Correo Argentino,DELIVERED,2025-08-07 16:25:12,2025-08-11 15:56:53,5
9000006364,1000010935,20250806,2576,1,,1,Correo Argentino,DELIVERED,2025-08-07 16:26:05,2025-08-08 12:58:26,2
9000006365,1000010937,20250806,517,1,,4,Correo Argentino,DELIVERED,2025-08-07 18:48:13,2025-08-14 11:14:22,8
9000006366,1000010939,20250806,3241,1,,1,Correo Argentino,DELIVERED,2025-08-07 18:56:18,2025-08-11 13:15:58,5
9000006367,1000010940,20250806,1549,1,,1,Correo Argentino,DELIVERED,2025-08-07 17:59:51,2025-08-08 17:11:07,2
9000006368,1000010941,20250806,579,1,,1,Correo Argentino,DELIVERED,2025-08-07 18:33:16,2025-08-11 13:17:43,5
9000006369,1000010942,20250806,2900,1,,3,Correo Argentino,DELIVERED,2025-08-07 16:54:08,2025-08-12 13:35:50,6
9000006370,1000010943,20250806,3242,1,,1,Correo Argentino,DELIVERED,2025-08-07 18:24:10,2025-08-12 15:00:24,6
9000006371,1000010944,20250806,1592,1,,2,Correo Argentino,DELIVERED,2025-08-07 16:08:48,2025-08-12 19:09:15,6
9000006372,1000010945,20250807,2308,1,,1,Correo Argentino,DELIVERED,2025-08-07 17:09:33,2025-08-08 17:38:42,1
9000006373,1000010946,20250807,2080,1,,1,Correo Argentino,DELIVERED,2025-08-07 17:02:48,2025-08-11 13:57:43,4
9000006374,1000010949,20250807,2330,1,,1,Correo Argentino,DELIVERED,2025-08-07 18:59:39,2025-08-08 11:31:56,1
9000006375,1000010953,20250807,1810,1,,3,Correo Argentino,DELIVERED,2025-08-08 18:20:56,2025-08-12 14:14:54,5
9000006376,1000010956,20250807,1892,1,,3,Correo Argentino,DELIVERED,2025-08-08 16:39:40,2025-08-14 18:58:21,7
9000006377,1000010957,20250807,70,1,,1,Correo Argentino,DELIVERED,2025-08-11 17:12:52,2025-08-12 13:14:18,5
9000006378,1000010958,20250807,2960,1,,1,Correo Argentino,DELIVERED,2025-08-08 18:12:11,2025-08-11 09:26:19,4
9000006379,1000010960,20250807,2372,1,,2,Correo Argentino,DELIVERED,2025-08-08 18:00:51,2025-08-14 14:59:29,7
9000006380,1000010961,20250807,740,1,,2,Correo Argentino,DELIVERED,2025-08-08 16:16:50,2025-08-15 10:08:09,8
9000006381,1000010962,20250807,3246,1,,1,Correo Argentino,DELIVERED,2025-08-08 18:07:00,2025-08-11 12:08:27,4
9000006382,1000010964,20250807,836,1,,2,Correo Argentino,DELIVERED,2025-08-08 18:14:48,2025-08-14 11:02:35,7
9000006383,1000010965,20250807,2840,1,,3,Correo Argentino,DELIVERED,2025-08-08 16:05:01,2025-08-13 12:18:12,6
9000006384,1000010966,20250807,3248,1,,3,Correo Argentino,DELIVERED,2025-08-08 16:58:32,2025-08-14 11:28:33,7
9000006385,1000010969,20250808,2776,1,,1,Correo Argentino,DELIVERED,2025-08-11 18:19:06,2025-08-12 09:03:05,4
9000006386,1000010971,20250808,112,1,,1,Correo Argentino,DELIVERED,2025-08-08 16:15:49,2025-08-11 13:41:26,3
9000006388,1000010973,20250808,1486,1,,4,Correo Argentino,DELIVERED,2025-08-11 18:24:29,2025-08-18 13:25:50,10
9000006389,1000010976,20250808,2691,1,,2,Correo Argentino,DELIVERED,2025-08-11 17:12:07,2025-08-15 15:19:16,7
9000006390,1000010979,20250808,2747,1,,1,Correo Argentino,DELIVERED,2025-08-11 16:07:32,2025-08-13 17:55:14,5
9000006391,1000010982,20250808,3046,1,,1,Correo Argentino,DELIVERED,2025-08-11 16:38:34,2025-08-12 13:33:07,4
9000006392,1000010983,20250808,3249,1,,3,Correo Argentino,DELIVERED,2025-08-11 18:06:59,2025-08-13 15:11:25,5
9000006393,1000010984,20250808,3177,1,,4,Correo Argentino,DELIVERED,2025-08-11 16:02:14,2025-08-14 12:28:41,6
9000006394,1000010985,20250809,3250,1,,2,Correo Argentino,DELIVERED,2025-08-11 16:22:14,2025-08-15 09:28:49,6
9000006396,1000010987,20250809,1350,1,,3,Correo Argentino,DELIVERED,2025-08-11 18:34:44,2025-08-13 19:59:53,4
9000006397,1000010996,20250809,2682,1,,1,Correo Argentino,DELIVERED,2025-08-11 16:47:14,2025-08-14 19:51:17,5
9000006398,1000010998,20250809,1772,1,,3,Correo Argentino,DELIVERED,2025-08-11 17:17:11,2025-08-14 15:55:07,5
9000006399,1000011000,20250809,2795,1,,3,Correo Argentino,DELIVERED,2025-08-11 18:30:04,2025-08-13 19:13:12,4
9000006400,1000011001,20250809,2019,1,,1,Correo Argentino,DELIVERED,2025-08-11 18:37:42,2025-08-12 13:35:38,3
9000006401,1000011002,20250809,1012,1,,2,Correo Argentino,DELIVERED,2025-08-11 16:22:26,2025-08-14 09:33:41,5
9000006402,1000011003,20250810,328,1,,2,Correo Argentino,DELIVERED,2025-08-11 18:37:57,2025-08-14 09:35:41,4
9000006403,1000011004,20250810,831,1,,4,Correo Argentino,DELIVERED,2025-08-11 17:00:58,2025-08-18 16:13:37,8
9000006404,1000011005,20250810,3023,1,,1,Correo Argentino,DELIVERED,2025-08-11 16:16:26,2025-08-13 09:38:09,3
9000006405,1000011006,20250810,2360,1,,1,Correo Argentino,DELIVERED,2025-08-11 16:57:12,2025-08-12 12:38:59,2
9000006406,1000011007,20250810,2109,1,,1,Correo Argentino,DELIVERED,2025-08-11 17:12:23,2025-08-12 10:48:44,2
9000006407,1000011008,20250810,3253,1,,1,Correo Argentino,DELIVERED,2025-08-11 17:05:54,2025-08-13 09:32:32,3
9000006408,1000011010,20250810,1387,1,,3,Correo Argentino,DELIVERED,2025-08-11 18:01:47,2025-08-14 11:48:03,4
9000006409,1000011011,20250810,3254,1,,1,Correo Argentino,DELIVERED,2025-08-11 17:44:26,2025-08-13 19:57:14,3
9000006410,1000011012,20250810,1182,1,,2,Correo Argentino,DELIVERED,2025-08-11 16:47:32,2025-08-15 12:58:22,5
9000006411,1000011014,20250810,3255,1,,3,Correo Argentino,DELIVERED,2025-08-11 17:01:46,2025-08-15 16:54:49,5
9000006412,1000011015,20250810,3257,1,,1,Correo Argentino,DELIVERED,2025-08-11 18:19:51,2025-08-12 18:26:34,2
9000006413,1000011016,20250810,3256,1,,3,Correo Argentino,DELIVERED,2025-08-11 16:02:28,2025-08-15 14:20:41,5
9000006414,1000011017,20250810,3258,1,,1,Correo Argentino,DELIVERED,2025-08-11 16:17:04,2025-08-14 12:27:54,4
9000006415,1000011020,20250810,3259,1,,1,Correo Argentino,DELIVERED,2025-08-11 17:03:36,2025-08-12 18:00:44,2
9000006416,1000011021,20250810,300,1,,3,Correo Argentino,DELIVERED,2025-08-11 16:46:05,2025-08-15 09:24:49,5
9000006417,1000011022,20250811,3260,1,,2,Correo Argentino,DELIVERED,2025-08-11 17:21:35,2025-08-14 10:19:19,3
9000006418,1000011023,20250811,2778,1,,1,Correo Argentino,DELIVERED,2025-08-11 16:30:39,2025-08-13 09:01:20,2
9000006419,1000011024,20250811,1734,1,,2,Correo Argentino,DELIVERED,2025-08-11 16:49:48,2025-08-15 10:41:23,4
9000006420,1000011026,20250811,1909,1,,1,Correo Argentino,DELIVERED,2025-08-11 16:02:53,2025-08-12 11:54:37,1
9000006421,1000011030,20250811,3261,1,,1,Correo Argentino,DELIVERED,2025-08-12 17:32:20,2025-08-14 09:26:03,3
9000006422,1000011031,20250811,2955,1,,3,Correo Argentino,DELIVERED,2025-08-12 16:40:09,2025-08-15 12:01:34,4
9000006423,1000011032,20250811,1957,1,,2,Correo Argentino,DELIVERED,2025-08-12 18:58:19,2025-08-14 10:40:11,3
9000006424,1000011033,20250811,2270,1,,1,Correo Argentino,DELIVERED,2025-08-12 16:18:02,2025-08-14 17:10:12,3
9000006425,1000011034,20250811,1941,1,,2,Correo Argentino,DELIVERED,2025-08-12 16:06:35,2025-08-18 15:07:35,7
9000006426,1000011036,20250811,3262,1,,4,Correo Argentino,DELIVERED,2025-08-12 17:39:57,2025-08-18 18:27:04,7
9000006427,1000011037,20250811,1077,1,,3,Correo Argentino,DELIVERED,2025-08-12 16:03:35,2025-08-19 15:08:23,8
9000006428,1000011038,20250811,2226,1,,1,Correo Argentino,DELIVERED,2025-08-12 16:16:38,2025-08-14 10:21:27,3
9000006429,1000011039,20250811,632,1,,1,Correo Argentino,DELIVERED,2025-08-12 17:21:28,2025-08-15 12:39:30,4
9000006430,1000011040,20250811,3263,1,,4,Correo Argentino,DELIVERED,2025-08-12 18:44:56,2025-08-19 17:22:50,8
9000006431,1000011041,20250811,1385,1,,2,Correo Argentino,DELIVERED,2025-08-12 17:10:45,2025-08-14 19:28:43,3
9000006432,1000011042,20250812,1966,1,,1,Correo Argentino,DELIVERED,2025-08-12 17:11:19,2025-08-14 18:26:53,2
9000006433,1000011043,20250812,1927,1,,1,Correo Argentino,DELIVERED,2025-08-12 18:39:32,2025-08-15 19:22:14,3
9000006434,1000011045,20250812,2521,1,,2,Correo Argentino,DELIVERED,2025-08-12 17:41:26,2025-08-18 17:42:42,6
9000006435,1000011047,20250812,2235,1,,2,Correo Argentino,DELIVERED,2025-08-12 16:15:39,2025-08-18 16:40:49,6
9000006436,1000011048,20250812,2341,1,,1,Correo Argentino,DELIVERED,2025-08-12 18:39:22,2025-08-13 11:54:49,1
9000006437,1000011049,20250812,3266,1,,2,Correo Argentino,DELIVERED,2025-08-12 18:26:54,2025-08-18 17:46:17,6
9000006438,1000011050,20250812,1864,1,,4,Correo Argentino,DELIVERED,2025-08-12 18:36:06,2025-08-15 12:06:57,3
9000006439,1000011052,20250812,967,1,,1,Correo Argentino,DELIVERED,2025-08-12 18:06:14,2025-08-14 19:51:08,2
9000006440,1000011053,20250812,3267,1,,1,Correo Argentino,DELIVERED,2025-08-12 18:45:21,2025-08-14 12:50:56,2
9000006441,1000011054,20250812,73,1,,2,Correo Argentino,DELIVERED,2025-08-13 17:09:05,2025-08-15 17:17:22,3
9000006442,1000011055,20250812,3011,1,,1,Correo Argentino,DELIVERED,2025-08-13 17:24:55,2025-08-18 15:37:53,6
9000006443,1000011057,20250812,1415,1,,1,Correo Argentino,DELIVERED,2025-08-13 16:34:31,2025-08-14 16:29:45,2
9000006444,1000011065,20250812,1821,1,,3,Correo Argentino,DELIVERED,2025-08-13 16:15:23,2025-08-18 09:06:12,6
9000006445,1000011066,20250812,2964,1,,2,Correo Argentino,DELIVERED,2025-08-13 16:36:11,2025-08-18 17:25:54,6
9000006446,1000011068,20250812,420,1,,1,Correo Argentino,DELIVERED,2025-08-13 18:22:23,2025-08-15 11:26:44,3
9000006447,1000011070,20250812,3269,1,,1,Correo Argentino,DELIVERED,2025-08-13 17:08:52,2025-08-14 17:07:53,2
9000006448,1000011071,20250812,2332,1,,1,Correo Argentino,DELIVERED,2025-08-13 17:41:07,2025-08-18 14:57:24,6
9000006449,1000011072,20250812,2468,1,,3,Correo Argentino,DELIVERED,2025-08-13 18:42:45,2025-08-15 09:43:15,3
9000006450,1000011073,20250813,1847,1,,1,Correo Argentino,DELIVERED,2025-08-13 17:53:35,2025-08-14 13:49:23,1
9000006451,1000011074,20250813,2848,1,,1,Correo Argentino,DELIVERED,2025-08-13 16:07:28,2025-08-15 09:55:12,2
9000006452,1000011077,20250813,2760,1,,1,Correo Argentino,DELIVERED,2025-08-14 16:11:12,2025-08-18 09:32:25,5
9000006453,1000011078,20250813,3042,1,,3,Correo Argentino,DELIVERED,2025-08-14 18:38:04,2025-08-18 10:46:44,5
9000006454,1000011079,20250813,3270,1,,1,Correo Argentino,DELIVERED,2025-08-14 16:08:59,2025-08-18 12:22:28,5
9000006455,1000011081,20250813,2243,1,,4,Correo Argentino,DELIVERED,2025-08-14 16:39:00,2025-08-20 16:01:24,7
9000006456,1000011082,20250813,2525,1,,4,Correo Argentino,DELIVERED,2025-08-14 16:29:41,2025-08-18 13:34:15,5
9000006458,1000011087,20250813,2658,1,,3,Correo Argentino,DELIVERED,2025-08-14 16:37:09,2025-08-21 12:13:27,8
9000006459,1000011088,20250813,3016,1,,4,Correo Argentino,DELIVERED,2025-08-14 16:56:17,2025-08-18 15:41:11,5
9000006460,1000011090,20250813,2402,1,,3,Correo Argentino,DELIVERED,2025-08-14 17:52:15,2025-08-20 15:38:43,7
9000006461,1000011091,20250813,3273,1,,1,Correo Argentino,DELIVERED,2025-08-14 16:51:09,2025-08-19 11:56:27,6
9000006462,1000011092,20250813,185,1,,3,Correo Argentino,DELIVERED,2025-08-14 16:18:53,2025-08-18 11:25:17,5
9000006463,1000011093,20250813,1534,1,,3,Correo Argentino,DELIVERED,2025-08-14 17:50:26,2025-08-21 17:24:37,8
9000006464,1000011094,20250813,2814,1,,2,Correo Argentino,DELIVERED,2025-08-15 17:06:57,2025-08-21 11:16:42,8
9000006465,1000011095,20250813,2554,1,,2,Correo Argentino,DELIVERED,2025-08-14 18:11:08,2025-08-18 14:22:39,5
9000006466,1000011096,20250814,1269,1,,4,Correo Argentino,DELIVERED,2025-08-14 17:34:41,2025-08-20 16:59:54,6
9000006467,1000011097,20250814,1043,1,,1,Correo Argentino,DELIVERED,2025-08-14 16:35:49,2025-08-15 09:36:40,1
9000006468,1000011098,20250814,3274,1,,2,Correo Argentino,DELIVERED,2025-08-14 16:40:21,2025-08-20 18:12:58,6
9000006469,1000011099,20250814,3275,1,,2,Correo Argentino,DELIVERED,2025-08-14 16:53:10,2025-08-19 18:50:26,5
9000006470,1000011100,20250814,3276,1,,4,Correo Argentino,DELIVERED,2025-08-14 17:38:36,2025-08-19 17:46:38,5
9000006471,1000011102,20250814,1509,1,,3,Correo Argentino,DELIVERED,2025-08-14 16:07:04,2025-08-20 13:29:36,6
9000006472,1000011103,20250814,895,1,,3,Correo Argentino,DELIVERED,2025-08-14 16:41:57,2025-08-19 12:55:48,5
9000006473,1000011107,20250814,3277,1,,2,Correo Argentino,DELIVERED,2025-08-15 16:40:47,2025-08-21 12:49:46,7
9000006474,1000011108,20250814,2163,1,,1,Correo Argentino,DELIVERED,2025-08-15 18:18:24,2025-08-18 14:46:00,4
9000006475,1000011110,20250814,3278,1,,1,Correo Argentino,DELIVERED,2025-08-15 17:18:18,2025-08-18 19:01:40,4
9000006476,1000011111,20250814,1622,1,,1,Correo Argentino,DELIVERED,2025-08-15 18:51:41,2025-08-20 16:42:42,6
9000006477,1000011112,20250814,2113,1,,3,Correo Argentino,DELIVERED,2025-08-15 17:36:45,2025-08-19 15:55:18,5
9000006478,1000011116,20250814,3026,1,,3,Correo Argentino,DELIVERED,2025-08-15 18:12:23,2025-08-19 14:33:12,5
9000006479,1000011117,20250814,1305,1,,2,Correo Argentino,DELIVERED,2025-08-18 18:24:45,2025-08-22 19:50:40,8
9000006480,1000011118,20250815,1654,1,,4,Correo Argentino,DELIVERED,2025-08-15 17:17:24,2025-08-21 17:23:05,6
9000006481,1000011119,20250815,715,1,,2,Correo Argentino,DELIVERED,2025-08-15 17:57:43,2025-08-20 10:09:49,5
9000006482,1000011120,20250815,3050,1,,3,Correo Argentino,DELIVERED,2025-08-15 18:35:04,2025-08-21 16:53:33,6
9000006483,1000011121,20250815,1993,1,,3,Correo Argentino,DELIVERED,2025-08-15 16:33:56,2025-08-20 11:53:26,5
9000006484,1000011128,20250815,852,1,,4,Correo Argentino,DELIVERED,2025-08-18 16:25:20,2025-08-21 17:17:29,6
9000006485,1000011129,20250815,2528,1,,3,Correo Argentino,DELIVERED,2025-08-18 17:54:44,2025-08-22 16:31:50,7
9000006486,1000011130,20250815,2059,1,,3,Correo Argentino,DELIVERED,2025-08-18 17:08:53,2025-08-22 12:00:17,7
9000006487,1000011131,20250815,572,1,,3,Correo Argentino,DELIVERED,2025-08-18 16:48:18,2025-08-21 17:20:17,6
9000006488,1000011132,20250815,3280,1,,2,Correo Argentino,DELIVERED,2025-08-18 16:28:18,2025-08-21 19:58:05,6
9000006489,1000011134,20250815,2713,1,,1,Correo Argentino,DELIVERED,2025-08-18 16:42:42,2025-08-20 12:30:24,5
9000006490,1000011135,20250815,1555,1,,2,Correo Argentino,DELIVERED,2025-08-18 17:39:45,2025-08-22 17:55:07,7
9000006491,1000011136,20250815,1633,1,,4,Correo Argentino,DELIVERED,2025-08-18 17:47:11,2025-08-21 15:54:08,6
9000006492,1000011139,20250815,2950,1,,3,Correo Argentino,DELIVERED,2025-08-18 16:06:24,2025-08-22 10:49:43,7
9000006493,1000011140,20250815,2306,1,,1,Correo Argentino,DELIVERED,2025-08-18 16:37:08,2025-08-21 14:16:22,6
9000006494,1000011141,20250815,3282,1,,1,Correo Argentino,DELIVERED,2025-08-18 17:04:20,2025-08-21 17:57:30,6
9000006496,1000011143,20250816,2516,1,,3,Correo Argentino,DELIVERED,2025-08-18 18:23:58,2025-08-25 16:44:24,9
9000006497,1000011155,20250816,2519,1,,1,Correo Argentino,DELIVERED,2025-08-18 16:39:41,2025-08-19 13:52:52,3
9000006498,1000011158,20250816,3287,1,,1,Correo Argentino,DELIVERED,2025-08-18 18:42:26,2025-08-21 16:03:47,5
9000006499,1000011161,20250816,1732,1,,4,Correo Argentino,DELIVERED,2025-08-18 17:48:37,2025-08-20 11:40:56,4
9000006500,1000011163,20250816,2322,1,,1,Correo Argentino,DELIVERED,2025-08-18 18:29:45,2025-08-19 19:42:17,3
9000006501,1000011165,20250816,2194,1,,1,Correo Argentino,DELIVERED,2025-08-18 16:41:10,2025-08-20 17:50:37,4
9000006502,1000011167,20250816,1188,1,,1,Correo Argentino,DELIVERED,2025-08-18 17:38:55,2025-08-19 11:21:43,3
9000006503,1000011168,20250817,1360,1,,1,Correo Argentino,DELIVERED,2025-08-18 16:46:39,2025-08-20 12:44:59,3
9000006504,1000011169,20250817,89,1,,3,Correo Argentino,DELIVERED,2025-08-18 18:05:13,2025-08-21 15:43:22,4
9000006505,1000011170,20250817,3290,1,,4,Correo Argentino,DELIVERED,2025-08-18 18:04:43,2025-08-22 19:56:21,5
9000006506,1000011171,20250817,1095,1,,1,Correo Argentino,DELIVERED,2025-08-18 18:16:48,2025-08-20 17:59:24,3
9000006507,1000011172,20250817,922,1,,2,Correo Argentino,DELIVERED,2025-08-18 17:29:28,2025-08-22 13:27:03,5
9000006508,1000011173,20250817,3291,1,,1,Correo Argentino,DELIVERED,2025-08-18 18:50:35,2025-08-20 11:05:37,3
9000006509,1000011174,20250817,3292,1,,1,Correo Argentino,DELIVERED,2025-08-18 17:42:44,2025-08-19 17:01:50,2
9000006510,1000011175,20250817,3150,1,,2,Correo Argentino,DELIVERED,2025-08-18 16:02:14,2025-08-22 10:09:21,5
9000006511,1000011176,20250817,1557,1,,2,Correo Argentino,DELIVERED,2025-08-18 18:14:52,2025-08-20 09:33:46,3
9000006512,1000011177,20250817,2899,1,,2,Correo Argentino,DELIVERED,2025-08-18 17:04:01,2025-08-25 14:08:04,8
9000006513,1000011178,20250817,1802,1,,4,Correo Argentino,DELIVERED,2025-08-18 18:13:33,2025-08-20 16:09:45,3
9000006514,1000011179,20250817,2594,1,,4,Correo Argentino,DELIVERED,2025-08-18 18:08:57,2025-08-21 10:29:14,4
9000006515,1000011180,20250817,2667,1,,2,Correo Argentino,DELIVERED,2025-08-18 16:53:18,2025-08-20 19:34:16,3
9000006516,1000011181,20250818,1371,1,,3,Correo Argentino,DELIVERED,2025-08-19 18:02:21,2025-08-22 09:09:28,4
9000006517,1000011182,20250818,1370,1,,3,Correo Argentino,DELIVERED,2025-08-18 16:06:30,2025-08-25 14:30:51,7
9000006518,1000011183,20250818,2879,1,,3,Correo Argentino,DELIVERED,2025-08-18 18:00:43,2025-08-20 11:12:07,2
9000006519,1000011185,20250818,58,1,,1,Correo Argentino,DELIVERED,2025-08-18 18:55:03,2025-08-20 10:57:40,2
9000006521,1000011189,20250818,2933,1,,1,Correo Argentino,DELIVERED,2025-08-19 18:17:03,2025-08-20 15:27:29,2
9000006522,1000011190,20250818,2906,1,,1,Correo Argentino,DELIVERED,2025-08-19 17:13:01,2025-08-22 17:49:02,4
9000006523,1000011191,20250818,2887,1,,2,Correo Argentino,DELIVERED,2025-08-19 18:44:48,2025-08-25 16:32:36,7
9000006524,1000011192,20250818,3294,1,,1,Correo Argentino,DELIVERED,2025-08-19 16:39:14,2025-08-21 11:41:56,3
9000006525,1000011193,20250818,3293,1,,3,Correo Argentino,DELIVERED,2025-08-19 17:07:22,2025-08-26 10:23:48,8
9000006526,1000011194,20250818,1314,1,,2,Correo Argentino,DELIVERED,2025-08-19 17:57:09,2025-08-26 11:46:30,8
9000006527,1000011195,20250818,3297,1,,4,Correo Argentino,DELIVERED,2025-08-19 18:50:51,2025-08-22 14:53:03,4
9000006528,1000011196,20250818,3296,1,,3,Correo Argentino,DELIVERED,2025-08-19 18:27:15,2025-08-25 10:35:06,7
9000006529,1000011198,20250818,3299,1,,4,Correo Argentino,DELIVERED,2025-08-19 18:17:51,2025-08-25 13:05:55,7
9000006530,1000011199,20250819,2638,1,,4,Correo Argentino,DELIVERED,2025-08-19 18:23:50,2025-08-21 16:58:45,2
9000006531,1000011200,20250819,411,1,,1,Correo Argentino,DELIVERED,2025-08-21 18:33:59,2025-08-25 10:34:48,6
9000006532,1000011202,20250819,1855,1,,1,Correo Argentino,DELIVERED,2025-08-19 18:17:20,2025-08-20 18:38:11,1
9000006534,1000011204,20250819,2053,1,,3,Correo Argentino,DELIVERED,2025-08-20 18:01:24,2025-08-26 17:08:45,7
9000006535,1000011205,20250819,3300,1,,2,Correo Argentino,DELIVERED,2025-08-20 17:06:28,2025-08-26 10:57:01,7
9000006536,1000011207,20250819,1538,1,,2,Correo Argentino,DELIVERED,2025-08-20 17:21:52,2025-08-22 18:38:29,3
9000006537,1000011210,20250819,2613,1,,3,Correo Argentino,DELIVERED,2025-08-20 17:00:42,2025-08-22 14:40:17,3
9000006538,1000011211,20250819,1667,1,,2,Correo Argentino,DELIVERED,2025-08-20 16:47:17,2025-08-26 17:56:24,7
9000006539,1000011215,20250819,3302,1,,3,Correo Argentino,DELIVERED,2025-08-20 17:27:42,2025-08-25 16:55:14,6
9000006540,1000011216,20250819,2864,1,,3,Correo Argentino,DELIVERED,2025-08-20 16:42:19,2025-08-26 17:28:22,7
9000006542,1000011218,20250819,1735,1,,4,Correo Argentino,DELIVERED,2025-08-20 18:44:06,2025-08-22 16:53:54,3
9000006543,1000011219,20250819,1539,1,,1,Correo Argentino,DELIVERED,2025-08-20 17:46:30,2025-08-22 09:16:08,3
9000006544,1000011220,20250819,2553,1,,3,Correo Argentino,DELIVERED,2025-08-20 17:54:13,2025-08-25 10:50:07,6
9000006545,1000011221,20250820,543,1,,2,Correo Argentino,DELIVERED,2025-08-20 17:24:36,2025-08-26 15:57:50,6
9000006546,1000011222,20250820,3303,1,,3,Correo Argentino,DELIVERED,2025-08-20 16:47:16,2025-08-25 12:59:34,5
9000006547,1000011223,20250820,3304,1,,4,Correo Argentino,DELIVERED,2025-08-20 17:22:29,2025-08-26 11:39:02,6
9000006548,1000011226,20250820,1313,1,,2,Correo Argentino,DELIVERED,2025-08-21 16:08:12,2025-08-27 16:02:13,7
9000006549,1000011227,20250820,1255,1,,4,Correo Argentino,DELIVERED,2025-08-21 18:47:29,2025-08-26 10:57:49,6
9000006550,1000011228,20250820,1512,1,,2,Correo Argentino,DELIVERED,2025-08-21 18:59:38,2025-08-27 15:01:41,7
9000006551,1000011231,20250820,308,1,,2,Correo Argentino,DELIVERED,2025-08-21 16:37:31,2025-08-27 14:59:14,7
9000006552,1000011232,20250820,2908,1,,2,Correo Argentino,DELIVERED,2025-08-21 17:10:56,2025-08-26 14:25:37,6
9000006553,1000011233,20250820,18,1,,2,Correo Argentino,DELIVERED,2025-08-21 16:52:53,2025-08-26 18:04:22,6
9000006554,1000011234,20250820,2404,1,,1,Correo Argentino,DELIVERED,2025-08-21 17:52:00,2025-08-22 12:04:31,2
9000006555,1000011235,20250820,3136,1,,2,Correo Argentino,DELIVERED,2025-08-21 17:29:42,2025-08-27 11:47:06,7
9000006556,1000011236,20250820,1756,1,,1,Correo Argentino,DELIVERED,2025-08-21 17:02:36,2025-08-25 11:28:39,5
9000006557,1000011240,20250820,2494,1,,4,Correo Argentino,DELIVERED,2025-08-21 16:20:31,2025-08-27 19:12:31,7
9000006558,1000011241,20250821,3306,1,,4,Correo Argentino,DELIVERED,2025-08-21 18:51:34,2025-08-25 11:16:31,4
9000006559,1000011242,20250821,1468,1,,1,Correo Argentino,DELIVERED,2025-08-21 18:36:26,2025-08-22 16:00:40,1
9000006560,1000011243,20250821,2803,1,,2,Correo Argentino,DELIVERED,2025-08-21 18:45:18,2025-08-25 15:49:41,4
9000006561,1000011244,20250821,3307,1,,3,Correo Argentino,DELIVERED,2025-08-22 17:33:17,2025-08-27 11:12:11,6
9000006562,1000011247,20250821,2510,1,,4,Correo Argentino,DELIVERED,2025-08-21 16:51:24,2025-08-25 10:44:56,4
9000006563,1000011249,20250821,3309,1,,2,Correo Argentino,DELIVERED,2025-08-21 16:42:34,2025-08-28 15:34:45,7
9000006564,1000011250,20250821,2337,1,,3,Correo Argentino,DELIVERED,2025-08-21 17:33:21,2025-08-25 09:35:06,4
9000006566,1000011254,20250821,3227,1,,3,Correo Argentino,DELIVERED,2025-08-22 17:53:18,2025-08-28 14:53:22,7
9000006567,1000011255,20250821,3148,1,,3,Correo Argentino,DELIVERED,2025-08-22 16:05:24,2025-08-27 18:10:28,6
9000006568,1000011259,20250821,1815,1,,3,Correo Argentino,DELIVERED,2025-08-22 17:28:25,2025-08-26 12:16:47,5
9000006569,1000011262,20250821,1679,1,,2,Correo Argentino,DELIVERED,2025-08-22 18:50:56,2025-08-29 12:41:59,8
9000006570,1000011263,20250822,1780,1,,1,Correo Argentino,DELIVERED,2025-08-22 16:35:48,2025-08-27 11:25:51,5
9000006571,1000011264,20250822,2480,1,,1,Correo Argentino,DELIVERED,2025-08-22 18:29:58,2025-08-26 11:01:53,4
9000006572,1000011265,20250822,2584,1,,2,Correo Argentino,DELIVERED,2025-08-22 18:03:50,2025-08-27 10:22:09,5
9000006573,1000011266,20250822,1652,1,,3,Correo Argentino,DELIVERED,2025-08-22 18:01:50,2025-08-27 19:37:37,5
9000006574,1000011267,20250822,3028,1,,1,Correo Argentino,DELIVERED,2025-08-22 16:28:48,2025-08-26 14:51:17,4
9000006576,1000011277,20250822,1517,1,,2,Correo Argentino,DELIVERED,2025-08-25 16:59:33,2025-09-01 12:35:26,10
9000006577,1000011280,20250822,3313,1,,1,Correo Argentino,DELIVERED,2025-08-25 17:01:50,2025-08-27 13:26:08,5
9000006578,1000011283,20250822,2716,1,,1,Correo Argentino,DELIVERED,2025-08-25 16:32:36,2025-08-27 14:45:09,5
9000006579,1000011284,20250822,3315,1,,3,Correo Argentino,DELIVERED,2025-08-25 16:18:53,2025-08-28 18:26:52,6
9000006580,1000011285,20250823,2075,1,,4,Correo Argentino,DELIVERED,2025-08-25 16:37:06,2025-08-27 15:17:19,4
9000006581,1000011286,20250823,2172,1,,1,Correo Argentino,DELIVERED,2025-08-25 17:14:44,2025-08-26 11:00:14,3
9000006582,1000011287,20250823,2639,1,,1,Correo Argentino,DELIVERED,2025-08-25 17:33:58,2025-08-26 16:03:31,3
9000006583,1000011290,20250823,3317,1,,4,Correo Argentino,DELIVERED,2025-08-25 17:59:04,2025-08-29 16:10:07,6
9000006584,1000011292,20250823,2663,1,,1,Correo Argentino,DELIVERED,2025-08-25 18:02:18,2025-08-27 09:04:02,4
9000006585,1000011296,20250823,1485,1,,1,Correo Argentino,DELIVERED,2025-08-25 18:19:46,2025-08-27 10:51:12,4
9000006586,1000011297,20250823,1375,1,,1,Correo Argentino,DELIVERED,2025-08-25 17:22:27,2025-08-28 17:16:06,5
9000006587,1000011299,20250823,3319,1,,4,Correo Argentino,DELIVERED,2025-08-25 18:58:08,2025-08-29 18:48:37,6
9000006588,1000011300,20250823,2141,1,,2,Correo Argentino,DELIVERED,2025-08-25 18:17:09,2025-08-29 10:19:04,6
9000006589,1000011301,20250823,3152,1,,2,Correo Argentino,DELIVERED,2025-08-25 17:24:03,2025-08-28 16:42:21,5
9000006590,1000011302,20250823,1736,1,,1,Correo Argentino,DELIVERED,2025-08-25 18:16:51,2025-08-26 18:20:14,3
9000006591,1000011303,20250824,3320,1,,3,Correo Argentino,DELIVERED,2025-08-25 18:41:52,2025-08-28 14:28:26,4
9000006592,1000011304,20250824,2273,1,,1,Correo Argentino,DELIVERED,2025-08-25 18:05:48,2025-08-27 16:47:54,3
9000006593,1000011305,20250824,496,1,,1,Correo Argentino,DELIVERED,2025-08-25 16:07:01,2025-08-28 16:29:46,4
9000006594,1000011306,20250824,3321,1,,3,Correo Argentino,DELIVERED,2025-08-25 18:00:08,2025-08-28 11:23:59,4
9000006595,1000011307,20250824,2735,1,,2,Correo Argentino,DELIVERED,2025-08-25 16:23:32,2025-08-28 10:28:58,4
9000006596,1000011308,20250824,1057,1,,4,Correo Argentino,DELIVERED,2025-08-25 16:55:53,2025-08-29 11:25:35,5
9000006597,1000011309,20250824,3322,1,,1,Correo Argentino,DELIVERED,2025-08-25 18:16:54,2025-08-28 11:17:39,4
9000006598,1000011310,20250824,3323,1,,1,Correo Argentino,DELIVERED,2025-08-25 16:04:49,2025-08-27 13:36:07,3
9000006599,1000011311,20250824,2180,1,,1,Correo Argentino,DELIVERED,2025-08-25 17:47:39,2025-08-27 14:49:56,3
9000006600,1000011312,20250824,3324,1,,4,Correo Argentino,DELIVERED,2025-08-25 17:36:05,2025-08-27 14:00:02,3
9000006601,1000011313,20250824,2444,1,,4,Correo Argentino,DELIVERED,2025-08-26 17:02:06,2025-09-01 16:44:48,8
9000006602,1000011314,20250824,2206,1,,1,Correo Argentino,DELIVERED,2025-08-25 18:54:53,2025-08-27 09:31:06,3
9000006603,1000011315,20250825,2060,1,,1,Correo Argentino,DELIVERED,2025-08-25 18:21:49,2025-08-27 13:49:37,2
9000006604,1000011316,20250825,1852,1,,3,Correo Argentino,DELIVERED,2025-08-25 17:05:34,2025-08-27 17:41:27,2
9000006605,1000011319,20250825,2027,1,,1,Correo Argentino,DELIVERED,2025-08-25 16:27:40,2025-08-28 15:49:51,3
9000006606,1000011320,20250825,578,1,,1,Correo Argentino,DELIVERED,2025-08-26 16:28:46,2025-08-28 11:03:57,3
9000006607,1000011322,20250825,3325,1,,3,Correo Argentino,DELIVERED,2025-08-26 18:25:57,2025-08-29 13:32:16,4
9000006608,1000011323,20250825,3326,1,,2,Correo Argentino,DELIVERED,2025-08-26 17:08:44,2025-09-01 18:48:08,7
9000006609,1000011324,20250825,3327,1,,1,Correo Argentino,DELIVERED,2025-08-26 18:48:16,2025-08-27 10:05:35,2
9000006610,1000011327,20250825,1224,1,,1,Correo Argentino,DELIVERED,2025-08-26 17:30:17,2025-08-28 09:03:19,3
9000006611,1000011328,20250825,3328,1,,1,Correo Argentino,DELIVERED,2025-08-26 16:01:51,2025-08-28 19:30:40,3
9000006612,1000011331,20250825,2044,1,,1,Correo Argentino,DELIVERED,2025-08-26 18:39:27,2025-08-29 14:33:00,4
9000006613,1000011332,20250825,3089,1,,2,Correo Argentino,DELIVERED,2025-08-26 16:19:14,2025-08-29 13:27:57,4
9000006614,1000011333,20250825,2912,1,,2,Correo Argentino,DELIVERED,2025-08-26 17:49:51,2025-09-01 10:06:02,7
9000006615,1000011334,20250825,3195,1,,2,Correo Argentino,DELIVERED,2025-08-26 16:04:13,2025-08-29 17:56:47,4
9000006616,1000011335,20250825,3329,1,,3,Correo Argentino,DELIVERED,2025-08-26 16:08:22,2025-08-28 14:16:57,3
9000006617,1000011337,20250826,2476,1,,3,Correo Argentino,DELIVERED,2025-08-26 17:34:54,2025-08-29 15:03:52,3
9000006618,1000011339,20250826,3330,1,,1,Correo Argentino,DELIVERED,2025-08-26 16:01:39,2025-08-28 18:33:26,2
9000006619,1000011342,20250826,3030,1,,1,Correo Argentino,DELIVERED,2025-08-27 18:53:44,2025-08-28 13:23:49,2
9000006620,1000011343,20250826,486,1,,2,Correo Argentino,DELIVERED,2025-08-27 17:36:00,2025-09-02 15:24:16,7
9000006621,1000011344,20250826,1703,1,,2,Correo Argentino,DELIVERED,2025-08-27 18:02:32,2025-09-01 15:04:16,6
9000006622,1000011347,20250826,3333,1,,2,Correo Argentino,CANCELLED,,,
9000006623,1000011348,20250826,1972,1,,4,Correo Argentino,DELIVERED,2025-08-27 17:47:41,2025-09-01 14:51:07,6
9000006624,1000011349,20250826,3334,1,,3,Correo Argentino,DELIVERED,2025-08-27 18:36:58,2025-09-02 15:40:55,7
9000006625,1000011350,20250826,1660,1,,2,Correo Argentino,DELIVERED,2025-08-27 16:37:53,2025-09-02 15:02:41,7
9000006626,1000011351,20250826,2862,1,,1,Correo Argentino,DELIVERED,2025-08-27 17:10:34,2025-08-28 14:46:00,2
9000006627,1000011352,20250826,3335,1,,1,Correo Argentino,DELIVERED,2025-08-27 17:25:29,2025-09-01 14:43:33,6
9000006628,1000011353,20250826,791,1,,1,Correo Argentino,DELIVERED,2025-08-27 16:29:57,2025-08-29 15:36:56,3
9000006629,1000011354,20250826,3336,1,,3,Correo Argentino,DELIVERED,2025-08-27 16:29:32,2025-09-01 15:45:22,6
9000006630,1000011355,20250827,2521,1,,2,Correo Argentino,CANCELLED,,,
9000006631,1000011356,20250827,2190,1,,1,Correo Argentino,DELIVERED,2025-08-27 17:57:54,2025-08-29 15:22:52,2
9000006632,1000011360,20250827,2742,1,,1,Correo Argentino,DELIVERED,2025-08-27 18:09:52,2025-08-28 10:31:41,1
9000006633,1000011361,20250827,3337,1,,3,Correo Argentino,DELIVERED,2025-08-28 18:01:44,2025-09-01 18:46:33,5
9000006634,1000011363,20250827,2891,1,,3,Correo Argentino,DELIVERED,2025-08-28 16:53:08,2025-09-02 13:51:51,6
9000006635,1000011364,20250827,3338,1,,2,Correo Argentino,DELIVERED,2025-08-28 17:47:02,2025-09-02 17:04:58,6
9000006636,1000011366,20250827,2545,1,,1,Correo Argentino,DELIVERED,2025-08-28 18:04:32,2025-09-02 16:24:16,6
9000006637,1000011368,20250827,3340,1,,1,Correo Argentino,DELIVERED,2025-08-29 17:47:54,2025-09-02 10:06:50,6
9000006638,1000011374,20250827,526,1,,4,Correo Argentino,DELIVERED,2025-08-28 16:20:26,2025-09-01 13:12:07,5
9000006639,1000011375,20250827,3226,1,,1,Correo Argentino,DELIVERED,2025-08-28 17:01:21,2025-08-29 10:41:37,2
9000006640,1000011376,20250828,1046,1,,1,Correo Argentino,DELIVERED,2025-08-28 17:05:58,2025-09-01 15:20:08,4
9000006641,1000011377,20250828,1194,1,,2,Correo Argentino,DELIVERED,2025-08-28 18:08:50,2025-09-01 11:53:22,4
9000006642,1000011378,20250828,3343,1,,1,Correo Argentino,DELIVERED,2025-08-28 17:17:50,2025-09-01 18:10:05,4
9000006643,1000011381,20250828,3344,1,,3,Correo Argentino,DELIVERED,2025-08-28 16:18:52,2025-09-03 18:51:45,6
9000006644,1000011385,20250828,1929,1,,1,Correo Argentino,DELIVERED,2025-08-29 17:33:03,2025-09-01 09:22:58,4
9000006645,1000011388,20250828,3347,1,,1,Correo Argentino,DELIVERED,2025-08-29 16:12:12,2025-09-01 19:42:26,4
9000006646,1000011389,20250829,1905,1,,4,Correo Argentino,DELIVERED,2025-08-29 16:33:43,2025-09-02 18:26:57,4
9000006647,1000011390,20250829,2895,1,,2,Correo Argentino,DELIVERED,2025-08-29 17:27:54,2025-09-03 16:49:28,5
9000006648,1000011391,20250829,3348,1,,1,Correo Argentino,DELIVERED,2025-08-29 18:11:26,2025-09-01 13:41:00,3
9000006649,1000011393,20250829,2371,1,,1,Correo Argentino,DELIVERED,2025-08-29 17:28:40,2025-09-01 14:18:20,3
9000006650,1000011398,20250829,2894,1,,2,Correo Argentino,DELIVERED,2025-09-01 17:39:20,2025-09-05 13:14:16,7
9000006651,1000011399,20250829,1992,1,,1,Correo Argentino,DELIVERED,2025-09-01 17:05:18,2025-09-03 19:02:20,5
9000006652,1000011405,20250829,3350,1,,4,Correo Argentino,DELIVERED,2025-09-01 16:16:03,2025-09-05 12:25:14,7
9000006653,1000011407,20250829,2571,1,,3,Correo Argentino,DELIVERED,2025-09-01 18:20:06,2025-09-03 09:36:32,5
9000006654,1000011408,20250829,70,1,,1,Correo Argentino,DELIVERED,2025-09-01 17:43:34,2025-09-02 10:08:27,4
9000006655,1000011409,20250829,2378,1,,2,Correo Argentino,DELIVERED,2025-09-01 17:10:25,2025-09-05 19:46:50,7
9000006656,1000011410,20250830,2636,1,,1,Correo Argentino,DELIVERED,2025-09-01 16:02:58,2025-09-03 17:16:16,4
9000006657,1000011421,20250830,2357,1,,2,Correo Argentino,DELIVERED,2025-09-01 16:27:18,2025-09-05 19:38:28,6
9000006658,1000011423,20250830,3031,1,,3,Correo Argentino,DELIVERED,2025-09-01 17:06:20,2025-09-05 14:46:46,6
9000006659,1000011427,20250830,1521,1,,1,Correo Argentino,DELIVERED,2025-09-01 16:39:17,2025-09-03 17:19:01,4
9000006660,1000011432,20250830,2005,1,,2,Correo Argentino,DELIVERED,2025-09-01 16:18:36,2025-09-03 10:10:52,4
9000006661,1000011433,20250830,249,1,,3,Correo Argentino,DELIVERED,2025-09-01 18:23:50,2025-09-04 11:19:16,5
9000006662,1000011434,20250831,3356,1,,4,Correo Argentino,DELIVERED,2025-09-03 17:32:28,2025-09-09 19:43:41,9
9000006663,1000011435,20250831,11,1,,4,Correo Argentino,DELIVERED,2025-09-01 17:54:38,2025-09-04 17:52:23,4
9000006664,1000011436,20250831,3357,1,,2,Correo Argentino,DELIVERED,2025-09-01 18:26:08,2025-09-03 15:56:50,3
9000006665,1000011437,20250831,1020,1,,3,Correo Argentino,DELIVERED,2025-09-01 16:59:37,2025-09-03 09:46:40,3
9000006666,1000011438,20250831,3358,1,,1,Correo Argentino,DELIVERED,2025-09-01 18:58:45,2025-09-02 18:17:28,2
9000006667,1000011439,20250831,3359,1,,3,Correo Argentino,DELIVERED,2025-09-01 17:56:09,2025-09-05 17:44:14,5
9000006668,1000011440,20250831,3360,1,,1,Correo Argentino,DELIVERED,2025-09-01 17:46:16,2025-09-04 12:52:32,4
9000006669,1000011441,20250831,2826,1,,2,Correo Argentino,DELIVERED,2025-09-01 17:37:25,2025-09-05 09:40:11,5
9000006670,1000011442,20250831,1547,1,,2,Correo Argentino,DELIVERED,2025-09-01 16:31:51,2025-09-05 15:50:49,5
9000006671,1000011443,20250901,2715,1,,1,Correo Argentino,DELIVERED,2025-09-01 17:03:06,2025-09-03 16:27:59,2
9000006672,1000011444,20250901,2672,1,,2,Correo Argentino,DELIVERED,2025-09-02 17:00:02,2025-09-04 15:39:50,3
9000006673,1000011445,20250901,671,1,,1,Correo Argentino,DELIVERED,2025-09-02 16:08:03,2025-09-03 11:44:37,2
9000006674,1000011446,20250901,513,1,,2,Correo Argentino,DELIVERED,2025-09-02 18:01:28,2025-09-05 09:06:59,4
9000006675,1000011449,20250901,3075,1,,1,Correo Argentino,DELIVERED,2025-09-02 17:51:59,2025-09-03 10:32:40,2
9000006676,1000011452,20250901,756,1,,2,Correo Argentino,DELIVERED,2025-09-02 18:40:27,2025-09-08 17:24:44,7
9000006677,1000011453,20250901,2994,1,,3,Correo Argentino,DELIVERED,2025-09-02 16:38:21,2025-09-08 17:06:50,7
9000006678,1000011454,20250901,2137,1,,3,Correo Argentino,DELIVERED,2025-09-02 17:48:24,2025-09-04 13:33:43,3
9000006679,1000011455,20250901,3362,1,,1,Correo Argentino,DELIVERED,2025-09-02 17:10:05,2025-09-03 14:00:03,2
9000006680,1000011456,20250901,2967,1,,1,Correo Argentino,DELIVERED,2025-09-02 17:29:25,2025-09-04 17:23:25,3
9000006681,1000011457,20250902,3363,1,,4,Correo Argentino,DELIVERED,2025-09-02 18:41:34,2025-09-04 18:46:01,2
9000006682,1000011458,20250902,3364,1,,4,Correo Argentino,DELIVERED,2025-09-02 18:23:09,2025-09-04 18:25:33,2
9000006683,1000011459,20250902,2134,1,,2,Correo Argentino,DELIVERED,2025-09-02 18:50:33,2025-09-08 14:37:05,6
9000006684,1000011462,20250902,1467,1,,2,Correo Argentino,DELIVERED,2025-09-02 17:28:17,2025-09-04 13:13:04,2
9000006685,1000011463,20250902,163,1,,2,Correo Argentino,DELIVERED,2025-09-02 17:12:32,2025-09-04 19:15:38,2
9000006686,1000011464,20250902,3365,1,,1,Correo Argentino,DELIVERED,2025-09-02 17:48:42,2025-09-04 13:38:37,2
9000006687,1000011465,20250902,1129,1,,4,Correo Argentino,DELIVERED,2025-09-03 16:02:44,2025-09-08 16:11:22,6
9000006688,1000011466,20250902,909,1,,2,Correo Argentino,DELIVERED,2025-09-03 16:40:14,2025-09-10 09:16:10,8
9000006689,1000011467,20250902,595,1,,3,Correo Argentino,DELIVERED,2025-09-03 17:34:45,2025-09-09 17:37:46,7
9000006690,1000011470,20250902,380,1,,3,Correo Argentino,DELIVERED,2025-09-03 18:17:09,2025-09-09 16:48:17,7
9000006691,1000011471,20250902,3109,1,,1,Correo Argentino,DELIVERED,2025-09-03 18:57:58,2025-09-04 09:22:15,2
9000006692,1000011472,20250902,3074,1,,2,Correo Argentino,DELIVERED,2025-09-03 16:10:55,2025-09-09 13:45:04,7
9000006693,1000011475,20250902,3273,1,,1,Correo Argentino,DELIVERED,2025-09-03 16:03:35,2025-09-05 11:52:50,3
9000006694,1000011476,20250902,3263,1,,4,Correo Argentino,DELIVERED,2025-09-03 16:09:41,2025-09-08 19:11:21,6
9000006695,1000011477,20250902,1878,1,,2,Correo Argentino,DELIVERED,2025-09-03 17:58:23,2025-09-08 13:44:48,6
9000006696,1000011478,20250902,3366,1,,2,Correo Argentino,DELIVERED,2025-09-03 16:41:30,2025-09-08 09:40:55,6
9000006697,1000011479,20250903,279,1,,2,Correo Argentino,DELIVERED,2025-09-03 16:10:22,2025-09-08 16:07:57,5
9000006698,1000011480,20250903,3367,1,,1,Correo Argentino,DELIVERED,2025-09-03 16:42:04,2025-09-05 10:50:51,2
9000006699,1000011482,20250903,1038,1,,1,Correo Argentino,DELIVERED,2025-09-04 18:33:55,2025-09-08 18:17:34,5
9000006700,1000011483,20250903,3368,1,,3,Correo Argentino,DELIVERED,2025-09-05 18:31:03,2025-09-12 12:34:18,9
9000006701,1000011485,20250903,1814,1,,4,Correo Argentino,DELIVERED,2025-09-04 18:43:14,2025-09-08 15:31:42,5
9000006702,1000011488,20250903,2825,1,,1,Correo Argentino,DELIVERED,2025-09-04 18:51:50,2025-09-05 17:40:13,2
9000006703,1000011490,20250903,3369,1,,2,Correo Argentino,DELIVERED,2025-09-04 17:56:58,2025-09-10 18:08:30,7
9000006704,1000011491,20250903,2320,1,,2,Correo Argentino,DELIVERED,2025-09-04 16:01:43,2025-09-09 11:58:50,6
9000006705,1000011492,20250903,3370,1,,2,Correo Argentino,DELIVERED,2025-09-04 16:01:45,2025-09-11 11:19:36,8
9000006706,1000011493,20250903,3371,1,,1,Correo Argentino,DELIVERED,2025-09-04 17:57:21,2025-09-08 12:45:15,5
9000006707,1000011494,20250903,3013,1,,4,Correo Argentino,DELIVERED,2025-09-04 16:55:35,2025-09-09 18:41:14,6
9000006708,1000011495,20250903,792,1,,1,Correo Argentino,DELIVERED,2025-09-04 16:39:45,2025-09-08 09:34:36,5
9000006709,1000011496,20250904,457,1,,4,Correo Argentino,DELIVERED,2025-09-04 18:51:11,2025-09-08 14:56:14,4
9000006710,1000011497,20250904,3372,1,,4,Correo Argentino,DELIVERED,2025-09-04 16:34:08,2025-09-10 17:51:59,6
9000006711,1000011498,20250904,1002,1,,3,Correo Argentino,DELIVERED,2025-09-04 16:03:47,2025-09-10 16:32:14,6
9000006712,1000011500,20250904,2913,1,,3,Correo Argentino,DELIVERED,2025-09-05 17:53:17,2025-09-11 10:58:02,7
9000006713,1000011501,20250904,1554,1,,1,Correo Argentino,DELIVERED,2025-09-05 16:06:56,2025-09-09 16:17:29,5
9000006714,1000011503,20250904,3181,1,,1,Correo Argentino,DELIVERED,2025-09-05 18:03:41,2025-09-08 15:49:36,4
9000006715,1000011504,20250904,2986,1,,1,Correo Argentino,DELIVERED,2025-09-05 17:15:23,2025-09-09 14:55:44,5
9000006716,1000011506,20250904,1945,1,,4,Correo Argentino,DELIVERED,2025-09-05 16:11:57,2025-09-11 09:55:43,7
9000006717,1000011509,20250904,2570,1,,2,Correo Argentino,DELIVERED,2025-09-05 17:34:52,2025-09-09 11:38:02,5
9000006718,1000011512,20250904,1351,1,,2,Correo Argentino,DELIVERED,2025-09-05 16:06:05,2025-09-12 11:08:51,8
9000006719,1000011513,20250904,2563,1,,4,Correo Argentino,DELIVERED,2025-09-05 16:35:08,2025-09-11 10:07:39,7
9000006720,1000011514,20250904,2018,1,,2,Correo Argentino,DELIVERED,2025-09-05 16:34:41,2025-09-09 10:54:43,5
9000006721,1000011515,20250905,490,1,,1,Correo Argentino,DELIVERED,2025-09-05 16:04:26,2025-09-08 13:04:51,3
9000006722,1000011516,20250905,2873,1,,1,Correo Argentino,DELIVERED,2025-09-05 17:38:36,2025-09-09 11:45:26,4
9000006723,1000011517,20250905,3376,1,,2,Correo Argentino,DELIVERED,2025-09-05 18:41:58,2025-09-12 19:34:11,7
9000006724,1000011526,20250905,3130,1,,3,Correo Argentino,DELIVERED,2025-09-08 18:47:44,2025-09-11 15:17:20,6
9000006725,1000011528,20250905,2890,1,,1,Correo Argentino,DELIVERED,2025-09-08 16:22:26,2025-09-10 17:58:44,5
9000006726,1000011529,20250905,473,1,,1,Correo Argentino,DELIVERED,2025-09-08 17:10:39,2025-09-09 16:23:27,4
9000006727,1000011530,20250905,2322,1,,1,Correo Argentino,DELIVERED,2025-09-08 16:10:20,2025-09-10 14:10:26,5
9000006728,1000011531,20250905,3379,1,,1,Correo Argentino,DELIVERED,2025-09-08 16:26:27,2025-09-09 10:20:10,4
9000006729,1000011532,20250905,1369,1,,2,Correo Argentino,DELIVERED,2025-09-08 16:17:18,2025-09-11 18:16:18,6
9000006730,1000011533,20250905,2221,1,,3,Correo Argentino,DELIVERED,2025-09-08 16:44:13,2025-09-12 13:07:21,7
9000006731,1000011534,20250906,3380,1,,2,Correo Argentino,DELIVERED,2025-09-08 18:07:41,2025-09-10 19:57:36,4
9000006732,1000011536,20250906,1492,1,,1,Correo Argentino,DELIVERED,2025-09-08 17:49:16,2025-09-10 18:40:09,4
9000006733,1000011538,20250906,2598,1,,3,Correo Argentino,DELIVERED,2025-09-08 18:13:39,2025-09-12 15:30:15,6
9000006734,1000011541,20250906,172,1,,2,Correo Argentino,DELIVERED,2025-09-08 18:02:08,2025-09-11 10:48:54,5
9000006735,1000011545,20250906,3384,1,,1,Correo Argentino,DELIVERED,2025-09-08 16:37:13,2025-09-10 13:59:52,4
9000006737,1000011550,20250906,3385,1,,2,Correo Argentino,DELIVERED,2025-09-08 17:39:46,2025-09-12 16:08:26,6
9000006738,1000011554,20250906,3386,1,,4,Correo Argentino,DELIVERED,2025-09-08 18:58:39,2025-09-10 13:32:50,4
9000006739,1000011557,20250906,1165,1,,1,Correo Argentino,DELIVERED,2025-09-08 17:14:37,2025-09-09 17:51:50,3
9000006740,1000011558,20250907,2103,1,,4,Correo Argentino,CANCELLED,,,
9000006741,1000011559,20250907,3389,1,,3,Correo Argentino,DELIVERED,2025-09-08 16:18:29,2025-09-11 16:57:48,4
9000006742,1000011560,20250907,1931,1,,2,Correo Argentino,DELIVERED,2025-09-08 16:33:08,2025-09-11 18:13:10,4
9000006743,1000011561,20250907,2052,1,,1,Correo Argentino,DELIVERED,2025-09-08 18:40:48,2025-09-09 12:42:16,2
9000006744,1000011562,20250907,2183,1,,1,Correo Argentino,DELIVERED,2025-09-08 16:46:48,2025-09-09 12:20:10,2
9000006745,1000011563,20250907,2622,1,,3,Correo Argentino,DELIVERED,2025-09-08 18:56:30,2025-09-11 14:12:59,4
9000006746,1000011564,20250907,2993,1,,1,Correo Argentino,DELIVERED,2025-09-08 16:32:50,2025-09-11 10:26:56,4
9000006747,1000011565,20250907,3099,1,,4,Correo Argentino,DELIVERED,2025-09-08 17:41:48,2025-09-12 16:38:48,5
9000006748,1000011566,20250907,497,1,,1,Correo Argentino,DELIVERED,2025-09-08 17:25:29,2025-09-09 09:50:36,2
9000006749,1000011567,20250907,3390,1,,1,Correo Argentino,DELIVERED,2025-09-08 17:52:08,2025-09-11 18:13:09,4
9000006750,1000011568,20250907,2660,1,,1,Correo Argentino,DELIVERED,2025-09-08 17:19:17,2025-09-09 17:14:06,2
9000006751,1000011569,20250908,2380,1,,1,Correo Argentino,DELIVERED,2025-09-08 18:38:01,2025-09-11 17:11:59,3
9000006752,1000011570,20250908,3391,1,,2,Correo Argentino,DELIVERED,2025-09-08 17:41:13,2025-09-11 09:19:47,3
9000006754,1000011573,20250908,1007,1,,1,Correo Argentino,DELIVERED,2025-09-09 16:42:07,2025-09-10 11:16:30,2
9000006755,1000011574,20250908,2012,1,,1,Correo Argentino,DELIVERED,2025-09-09 17:22:34,2025-09-10 17:52:37,2
9000006756,1000011577,20250908,488,1,,2,Correo Argentino,DELIVERED,2025-09-09 16:02:21,2025-09-12 15:47:16,4
9000006757,1000011578,20250908,125,1,,3,Correo Argentino,DELIVERED,2025-09-09 18:20:32,2025-09-11 19:34:13,3
9000006759,1000011580,20250908,1526,1,,1,Correo Argentino,DELIVERED,2025-09-09 17:06:18,2025-09-11 12:53:40,3
9000006760,1000011582,20250908,2848,1,,1,Correo Argentino,DELIVERED,2025-09-09 18:58:32,2025-09-10 10:29:48,2
9000006761,1000011583,20250908,3133,1,,1,Correo Argentino,DELIVERED,2025-09-09 16:46:38,2025-09-11 18:06:12,3
9000006762,1000011584,20250908,1783,1,,3,Correo Argentino,DELIVERED,2025-09-09 18:03:03,2025-09-12 15:07:09,4
9000006763,1000011585,20250908,1851,1,,4,Correo Argentino,DELIVERED,2025-09-09 18:39:54,2025-09-16 12:39:51,8
9000006764,1000011587,20250908,3392,1,,2,Correo Argentino,DELIVERED,2025-09-09 17:06:14,2025-09-11 15:36:09,3
9000006765,1000011589,20250908,3393,1,,1,Correo Argentino,DELIVERED,2025-09-09 17:17:53,2025-09-10 19:29:11,2
9000006766,1000011591,20250908,2301,1,,2,Correo Argentino,DELIVERED,2025-09-09 16:57:29,2025-09-12 11:37:53,4
9000006767,1000011592,20250908,1973,1,,2,Correo Argentino,DELIVERED,2025-09-09 18:31:43,2025-09-16 14:12:49,8
9000006768,1000011594,20250908,3014,1,,3,Correo Argentino,DELIVERED,2025-09-09 16:53:11,2025-09-12 15:11:24,4
9000006769,1000011597,20250908,3394,1,,3,Correo Argentino,DELIVERED,2025-09-09 18:59:15,2025-09-12 11:06:27,4
9000006770,1000011598,20250908,2405,1,,4,Correo Argentino,DELIVERED,2025-09-09 17:45:08,2025-09-15 15:57:23,7
9000006771,1000011599,20250908,1866,1,,2,Correo Argentino,DELIVERED,2025-09-09 18:47:24,2025-09-12 13:16:53,4
9000006772,1000011600,20250908,1016,1,,1,Correo Argentino,DELIVERED,2025-09-09 18:06:53,2025-09-11 15:13:26,3
9000006773,1000011602,20250908,3396,1,,4,Correo Argentino,DELIVERED,2025-09-09 17:19:50,2025-09-15 10:48:12,7
9000006774,1000011603,20250909,2791,1,,3,Correo Argentino,DELIVERED,2025-09-09 18:24:13,2025-09-11 11:04:14,2
9000006775,1000011604,20250909,3190,1,,1,Correo Argentino,DELIVERED,2025-09-09 18:40:27,2025-09-12 13:16:03,3
9000006776,1000011605,20250909,2950,1,,3,Correo Argentino,DELIVERED,2025-09-09 17:58:42,2025-09-15 19:30:32,6
9000006777,1000011606,20250909,1997,1,,1,Correo Argentino,DELIVERED,2025-09-09 17:11:45,2025-09-10 16:05:38,1
9000006778,1000011607,20250909,2280,1,,3,Correo Argentino,DELIVERED,2025-09-09 16:45:36,2025-09-11 17:09:13,2
9000006779,1000011608,20250909,2169,1,,1,Correo Argentino,DELIVERED,2025-09-09 17:21:34,2025-09-11 16:38:35,2
9000006780,1000011610,20250909,2830,1,,1,Correo Argentino,DELIVERED,2025-09-09 16:35:33,2025-09-11 10:01:37,2
9000006781,1000011611,20250909,3398,1,,2,Correo Argentino,DELIVERED,2025-09-10 18:38:30,2025-09-15 10:33:08,6
9000006782,1000011612,20250909,2936,1,,1,Correo Argentino,DELIVERED,2025-09-10 17:14:49,2025-09-12 11:08:15,3
9000006783,1000011616,20250909,3400,1,,3,Correo Argentino,DELIVERED,2025-09-10 17:17:20,2025-09-12 17:00:26,3
9000006784,1000011617,20250909,1607,1,,3,Correo Argentino,DELIVERED,2025-09-10 17:22:48,2025-09-16 13:05:52,7
9000006785,1000011618,20250909,3188,1,,4,Correo Argentino,DELIVERED,2025-09-10 17:38:09,2025-09-16 19:56:23,7
9000006786,1000011619,20250910,475,1,,2,Correo Argentino,DELIVERED,2025-09-10 17:04:09,2025-09-15 13:37:58,5
9000006787,1000011620,20250910,2192,1,,1,Correo Argentino,DELIVERED,2025-09-10 18:59:06,2025-09-15 15:26:38,5
9000006788,1000011621,20250910,1855,1,,1,Correo Argentino,DELIVERED,2025-09-10 18:50:11,2025-09-12 10:40:01,2
9000006789,1000011622,20250910,2416,1,,4,Correo Argentino,DELIVERED,2025-09-10 17:16:33,2025-09-16 18:28:57,6
9000006790,1000011623,20250910,3401,1,,2,Correo Argentino,DELIVERED,2025-09-10 18:06:02,2025-09-16 16:35:39,6
9000006791,1000011624,20250910,2634,1,,4,Correo Argentino,DELIVERED,2025-09-10 18:50:03,2025-09-15 16:46:26,5
9000006792,1000011625,20250910,1527,1,,1,Correo Argentino,DELIVERED,2025-09-10 17:22:11,2025-09-12 19:54:34,2
9000006793,1000011626,20250910,3402,1,,4,Correo Argentino,DELIVERED,2025-09-10 18:18:46,2025-09-15 18:31:29,5
9000006794,1000011629,20250910,2346,1,,1,Correo Argentino,DELIVERED,2025-09-11 18:06:00,2025-09-12 16:26:43,2
9000006795,1000011632,20250910,1920,1,,1,Correo Argentino,DELIVERED,2025-09-11 18:32:45,2025-09-12 16:18:24,2
9000006796,1000011634,20250910,3232,1,,3,Correo Argentino,DELIVERED,2025-09-11 16:38:29,2025-09-16 12:26:34,6
9000006797,1000011636,20250910,2494,1,,4,Correo Argentino,DELIVERED,2025-09-11 16:29:12,2025-09-17 09:11:06,7
9000006798,1000011637,20250910,2676,1,,1,Correo Argentino,DELIVERED,2025-09-11 16:15:16,2025-09-15 12:59:53,5
9000006799,1000011638,20250910,1930,1,,1,Correo Argentino,DELIVERED,2025-09-11 17:44:51,2025-09-15 18:18:44,5
9000006800,1000011639,20250911,3404,1,,1,Correo Argentino,DELIVERED,2025-09-11 18:39:42,2025-09-12 15:02:39,1
9000006801,1000011640,20250911,1505,1,,1,Correo Argentino,DELIVERED,2025-09-11 17:38:10,2025-09-12 17:29:30,1
9000006802,1000011641,20250911,2771,1,,1,Correo Argentino,DELIVERED,2025-09-11 16:26:02,2025-09-16 16:19:14,5
9000006803,1000011644,20250911,3405,1,,1,Correo Argentino,DELIVERED,2025-09-12 16:31:07,2025-09-16 19:26:51,5
9000006804,1000011645,20250911,2723,1,,1,Correo Argentino,DELIVERED,2025-09-12 18:15:17,2025-09-16 13:48:11,5
9000006805,1000011647,20250911,1819,1,,4,Correo Argentino,DELIVERED,2025-09-12 16:13:11,2025-09-18 19:50:51,7
9000006806,1000011648,20250911,2611,1,,4,Correo Argentino,DELIVERED,2025-09-12 16:47:21,2025-09-17 19:21:54,6
9000006807,1000011649,20250911,2153,1,,2,Correo Argentino,DELIVERED,2025-09-12 17:07:13,2025-09-19 13:53:57,8
9000006808,1000011651,20250911,30,1,,1,Correo Argentino,DELIVERED,2025-09-12 16:40:32,2025-09-16 12:41:00,5
9000006809,1000011652,20250911,2402,1,,3,Correo Argentino,DELIVERED,2025-09-12 17:02:22,2025-09-18 14:13:43,7
9000006810,1000011653,20250911,2772,1,,1,Correo Argentino,DELIVERED,2025-09-12 17:06:26,2025-09-16 09:24:06,5
9000006811,1000011655,20250912,2868,1,,2,Correo Argentino,DELIVERED,2025-09-12 17:11:53,2025-09-18 15:22:52,6
9000006812,1000011656,20250912,3066,1,,2,Correo Argentino,DELIVERED,2025-09-12 16:41:09,2025-09-16 09:54:25,4
9000006813,1000011657,20250912,3407,1,,3,Correo Argentino,DELIVERED,2025-09-12 16:11:26,2025-09-17 16:53:51,5
9000006814,1000011658,20250912,1780,1,,1,Correo Argentino,DELIVERED,2025-09-12 18:23:59,2025-09-17 10:46:06,5
9000006815,1000011664,20250912,3409,1,,1,Correo Argentino,DELIVERED,2025-09-15 18:17:02,2025-09-17 16:09:40,5
9000006816,1000011665,20250912,3137,1,,2,Correo Argentino,DELIVERED,2025-09-15 18:26:52,2025-09-22 11:55:26,10
9000006817,1000011666,20250912,2114,1,,1,Correo Argentino,DELIVERED,2025-09-15 17:40:12,2025-09-18 10:15:26,6
9000006818,1000011667,20250912,3410,1,,4,Correo Argentino,DELIVERED,2025-09-15 18:15:26,2025-09-19 13:49:06,7
9000006819,1000011670,20250912,373,1,,4,Correo Argentino,DELIVERED,2025-09-15 16:12:10,2025-09-17 10:54:47,5
9000006820,1000011671,20250912,644,1,,2,Correo Argentino,DELIVERED,2025-09-15 16:42:21,2025-09-17 12:36:47,5
9000006821,1000011672,20250912,3411,1,,1,Correo Argentino,DELIVERED,2025-09-15 16:17:34,2025-09-16 12:58:04,4
9000006822,1000011675,20250913,3277,1,,2,Correo Argentino,DELIVERED,2025-09-15 18:54:54,2025-09-19 11:19:38,6
9000006823,1000011680,20250913,3413,1,,1,Correo Argentino,DELIVERED,2025-09-15 16:33:25,2025-09-18 13:48:38,5
9000006824,1000011683,20250913,2270,1,,1,Correo Argentino,DELIVERED,2025-09-15 16:02:04,2025-09-17 09:17:58,4
9000006825,1000011688,20250913,1500,1,,2,Correo Argentino,DELIVERED,2025-09-15 18:53:13,2025-09-19 11:20:57,6
9000006826,1000011689,20250913,3065,1,,2,Correo Argentino,DELIVERED,2025-09-15 17:02:42,2025-09-19 12:15:58,6
9000006827,1000011690,20250913,1422,1,,1,Correo Argentino,DELIVERED,2025-09-15 18:10:39,2025-09-17 15:13:09,4
9000006828,1000011691,20250914,3414,1,,4,Correo Argentino,DELIVERED,2025-09-15 18:08:12,2025-09-18 15:41:09,4
9000006829,1000011692,20250914,3415,1,,2,Correo Argentino,DELIVERED,2025-09-15 17:06:49,2025-09-19 09:17:12,5
9000006830,1000011693,20250914,3085,1,,1,Correo Argentino,DELIVERED,2025-09-15 16:51:45,2025-09-17 15:58:49,3
9000006831,1000011694,20250914,3262,1,,4,Correo Argentino,DELIVERED,2025-09-15 18:07:22,2025-09-18 11:13:28,4
9000006832,1000011695,20250914,1001,1,,3,Correo Argentino,DELIVERED,2025-09-15 16:28:54,2025-09-17 13:04:31,3
9000006833,1000011696,20250914,2016,1,,1,Correo Argentino,DELIVERED,2025-09-16 16:55:39,2025-09-18 17:23:36,4
9000006834,1000011697,20250914,1677,1,,1,Correo Argentino,DELIVERED,2025-09-15 16:41:16,2025-09-18 15:25:41,4
9000006835,1000011698,20250914,1302,1,,3,Correo Argentino,DELIVERED,2025-09-15 17:06:20,2025-09-19 14:24:34,5
9000006836,1000011699,20250914,913,1,,3,Correo Argentino,DELIVERED,2025-09-15 16:43:24,2025-09-19 11:19:19,5
9000006837,1000011700,20250914,1360,1,,1,Correo Argentino,DELIVERED,2025-09-15 18:59:59,2025-09-16 15:38:32,2
9000006838,1000011701,20250915,3416,1,,1,Correo Argentino,DELIVERED,2025-09-15 16:38:29,2025-09-18 09:58:37,3
9000006839,1000011702,20250915,1118,1,,1,Correo Argentino,DELIVERED,2025-09-15 17:58:48,2025-09-18 11:02:03,3
9000006840,1000011703,20250915,1311,1,,3,Correo Argentino,DELIVERED,2025-09-15 18:56:36,2025-09-18 11:04:22,3
9000006841,1000011704,20250915,3417,1,,1,Correo Argentino,DELIVERED,2025-09-15 17:27:17,2025-09-16 11:39:31,1
9000006842,1000011705,20250915,2891,1,,3,Correo Argentino,DELIVERED,2025-09-15 18:19:51,2025-09-19 19:41:52,4
9000006843,1000011706,20250915,983,1,,1,Correo Argentino,DELIVERED,2025-09-16 18:30:48,2025-09-17 19:00:29,2
9000006844,1000011707,20250915,2644,1,,3,Correo Argentino,DELIVERED,2025-09-16 18:00:45,2025-09-19 12:20:09,4
9000006845,1000011709,20250915,2766,1,,4,Correo Argentino,DELIVERED,2025-09-16 17:31:34,2025-09-19 19:35:47,4
9000006846,1000011711,20250915,2113,1,,3,Correo Argentino,DELIVERED,2025-09-16 18:56:33,2025-09-18 12:05:48,3
9000006847,1000011712,20250916,3300,1,,2,Correo Argentino,DELIVERED,2025-09-16 16:24:40,2025-09-19 12:09:11,3
9000006848,1000011714,20250916,2443,1,,4,Correo Argentino,DELIVERED,2025-09-16 18:04:51,2025-09-19 11:51:35,3
9000006849,1000011716,20250916,3280,1,,2,Correo Argentino,DELIVERED,2025-09-16 18:47:32,2025-09-22 17:45:05,6
9000006850,1000011717,20250916,3253,1,,1,Correo Argentino,DELIVERED,2025-09-17 17:40:04,2025-09-18 17:13:03,2
9000006851,1000011721,20250916,3419,1,,2,Correo Argentino,DELIVERED,2025-09-22 18:23:25,2025-09-25 19:31:57,9
9000006852,1000011723,20250916,11,1,,4,Correo Argentino,DELIVERED,2025-09-17 18:31:05,2025-09-19 19:32:30,3
9000006853,1000011727,20250916,165,1,,2,Correo Argentino,DELIVERED,2025-09-17 18:52:40,2025-09-23 11:11:14,7
9000006854,1000011728,20250917,2679,1,,2,Correo Argentino,DELIVERED,2025-09-17 18:50:30,2025-09-22 17:28:30,5
9000006855,1000011730,20250917,2526,1,,1,Correo Argentino,DELIVERED,2025-09-17 17:07:50,2025-09-18 14:45:24,1
9000006856,1000011731,20250917,1253,1,,3,Correo Argentino,DELIVERED,2025-09-17 16:17:18,2025-09-23 14:33:58,6
9000006857,1000011734,20250917,2853,1,,2,Correo Argentino,DELIVERED,2025-09-18 18:58:24,2025-09-23 12:01:37,6
9000006858,1000011736,20250917,3037,1,,4,Correo Argentino,DELIVERED,2025-09-18 18:34:06,2025-09-24 10:47:06,7
9000006859,1000011738,20250917,2752,1,,1,Correo Argentino,DELIVERED,2025-09-18 17:36:09,2025-09-22 10:32:51,5
9000006860,1000011739,20250917,941,1,,1,Correo Argentino,DELIVERED,2025-09-18 17:51:12,2025-09-22 11:18:29,5
9000006861,1000011741,20250917,3421,1,,2,Correo Argentino,DELIVERED,2025-09-18 18:49:43,2025-09-23 15:00:03,6
9000006862,1000011742,20250917,951,1,,1,Correo Argentino,DELIVERED,2025-09-18 18:24:54,2025-09-19 14:36:18,2
9000006863,1000011743,20250918,420,1,,1,Correo Argentino,DELIVERED,2025-09-18 17:54:48,2025-09-22 10:29:19,4
9000006864,1000011745,20250918,3422,1,,1,Correo Argentino,DELIVERED,2025-09-19 17:24:57,2025-09-23 17:58:47,5
9000006865,1000011746,20250918,3423,1,,4,Correo Argentino,DELIVERED,2025-09-19 16:54:52,2025-09-25 12:06:26,7
9000006866,1000011747,20250918,2819,1,,1,Correo Argentino,DELIVERED,2025-09-19 17:13:27,2025-09-22 14:23:57,4
9000006867,1000011748,20250918,2163,1,,1,Correo Argentino,DELIVERED,2025-09-19 17:56:29,2025-09-22 14:16:51,4
9000006868,1000011752,20250918,2441,1,,1,Correo Argentino,DELIVERED,2025-09-19 18:27:09,2025-09-23 09:41:49,5
9000006869,1000011753,20250918,3424,1,,1,Correo Argentino,DELIVERED,2025-09-19 16:16:52,2025-09-24 15:58:39,6
9000006870,1000011754,20250918,3221,1,,2,Correo Argentino,DELIVERED,2025-09-19 17:07:33,2025-09-25 10:34:48,7
9000006871,1000011755,20250918,2310,1,,1,Correo Argentino,DELIVERED,2025-09-19 16:39:55,2025-09-22 13:24:22,4
9000006872,1000011756,20250919,2704,1,,3,Correo Argentino,DELIVERED,2025-09-19 17:42:36,2025-09-24 11:19:07,5
9000006873,1000011757,20250919,1815,1,,3,Correo Argentino,DELIVERED,2025-09-19 18:00:42,2025-09-23 18:35:17,4
9000006874,1000011758,20250919,2516,1,,3,Correo Argentino,DELIVERED,2025-09-22 18:15:49,2025-09-26 16:09:12,7
9000006875,1000011759,20250919,3425,1,,1,Correo Argentino,DELIVERED,2025-09-22 16:08:38,2025-09-24 15:37:15,5
9000006876,1000011760,20250919,2687,1,,2,Correo Argentino,DELIVERED,2025-09-22 18:43:34,2025-09-26 16:19:14,7
9000006877,1000011761,20250919,421,1,,1,Correo Argentino,DELIVERED,2025-09-22 18:43:55,2025-09-24 11:30:31,5
9000006878,1000011762,20250919,1847,1,,1,Correo Argentino,DELIVERED,2025-09-22 17:35:52,2025-09-23 13:08:15,4
9000006879,1000011763,20250919,1517,1,,2,Correo Argentino,DELIVERED,2025-09-22 18:50:52,2025-09-26 17:19:44,7
9000006880,1000011765,20250919,1301,1,,4,Correo Argentino,DELIVERED,2025-09-22 17:48:52,2025-09-25 18:23:58,6
9000006881,1000011766,20250919,2453,1,,3,Correo Argentino,DELIVERED,2025-09-22 16:28:09,2025-09-25 09:22:16,6
9000006882,1000011767,20250919,2230,1,,1,Correo Argentino,DELIVERED,2025-09-22 18:48:33,2025-09-23 17:38:36,4
9000006883,1000011769,20250920,1051,1,,3,Correo Argentino,DELIVERED,2025-09-22 17:21:07,2025-09-29 15:18:52,9
9000006884,1000011776,20250920,3322,1,,1,Correo Argentino,DELIVERED,2025-09-22 17:09:49,2025-09-25 16:54:56,5
9000006885,1000011780,20250920,354,1,,3,Correo Argentino,DELIVERED,2025-09-22 16:53:57,2025-09-26 19:24:27,6
9000006886,1000011781,20250920,3084,1,,3,Correo Argentino,DELIVERED,2025-09-22 18:13:38,2025-09-26 15:56:36,6
9000006887,1000011782,20250920,3428,1,,1,Correo Argentino,DELIVERED,2025-09-22 17:33:58,2025-09-24 17:12:49,4
9000006888,1000011784,20250920,909,1,,2,Correo Argentino,DELIVERED,2025-09-22 18:07:58,2025-09-25 16:59:39,5
9000006889,1000011785,20250920,2895,1,,2,Correo Argentino,DELIVERED,2025-09-22 17:57:48,2025-09-26 13:36:23,6
9000006890,1000011787,20250920,2597,1,,4,Correo Argentino,DELIVERED,2025-09-22 18:50:06,2025-09-25 13:49:50,5
9000006891,1000011788,20250920,2898,1,,1,Correo Argentino,DELIVERED,2025-09-22 17:56:42,2025-09-23 17:43:14,3
9000006892,1000011789,20250920,3429,1,,3,Correo Argentino,DELIVERED,2025-09-22 18:02:15,2025-09-24 15:20:34,4
9000006893,1000011790,20250920,3013,1,,4,Correo Argentino,DELIVERED,2025-09-22 18:30:16,2025-09-25 16:31:11,5
9000006894,1000011791,20250921,3111,1,,2,Correo Argentino,DELIVERED,2025-09-22 17:25:10,2025-09-24 12:06:45,3
9000006895,1000011792,20250921,3250,1,,2,Correo Argentino,DELIVERED,2025-09-22 17:04:34,2025-09-25 17:43:24,4
9000006896,1000011793,20250921,3430,1,,3,Correo Argentino,DELIVERED,2025-09-22 16:45:37,2025-09-26 13:24:18,5
9000006897,1000011794,20250921,703,1,,3,Correo Argentino,DELIVERED,2025-09-22 16:56:49,2025-09-26 09:36:29,5
9000006898,1000011795,20250921,705,1,,2,Correo Argentino,DELIVERED,2025-09-22 18:34:19,2025-09-26 19:57:25,5
9000006899,1000011796,20250921,2019,1,,1,Correo Argentino,DELIVERED,2025-09-22 18:54:16,2025-09-24 10:07:51,3
9000006900,1000011797,20250921,1855,1,,1,Correo Argentino,DELIVERED,2025-09-22 16:31:53,2025-09-23 11:29:36,2
9000006901,1000011798,20250921,405,1,,4,Correo Argentino,DELIVERED,2025-09-22 18:03:24,2025-09-26 11:26:48,5
9000006902,1000011799,20250921,2560,1,,1,Correo Argentino,DELIVERED,2025-09-22 16:16:08,2025-09-24 10:56:53,3
9000006903,1000011800,20250921,3431,1,,2,Correo Argentino,DELIVERED,2025-09-22 16:00:44,2025-09-25 09:50:50,4
9000006904,1000011801,20250922,3080,1,,1,Correo Argentino,DELIVERED,2025-09-22 18:39:14,2025-09-24 13:16:25,2
9000006905,1000011802,20250922,3432,1,,2,Correo Argentino,DELIVERED,2025-09-22 18:12:19,2025-09-29 18:41:13,7
9000006906,1000011804,20250922,1598,1,,4,Correo Argentino,DELIVERED,2025-09-22 17:54:19,2025-09-29 11:55:24,7
9000006907,1000011805,20250922,3304,1,,4,Correo Argentino,DELIVERED,2025-09-23 16:36:41,2025-09-25 12:16:44,3
9000006908,1000011806,20250922,3433,1,,2,Correo Argentino,DELIVERED,2025-09-23 17:53:16,2025-09-26 13:56:42,4
9000006909,1000011807,20250922,1187,1,,1,Correo Argentino,DELIVERED,2025-09-23 17:00:11,2025-09-24 12:39:55,2
9000006910,1000011808,20250922,3298,1,,1,Correo Argentino,DELIVERED,2025-09-23 16:01:24,2025-09-25 14:23:47,3
9000006911,1000011809,20250922,3434,1,,4,Correo Argentino,DELIVERED,2025-09-23 18:29:52,2025-09-29 12:38:34,7
9000006912,1000011811,20250922,3435,1,,4,Correo Argentino,DELIVERED,2025-09-23 17:46:01,2025-09-29 18:42:25,7
9000006913,1000011812,20250922,3143,1,,1,Correo Argentino,CANCELLED,,,
9000006914,1000011813,20250922,1683,1,,1,Correo Argentino,DELIVERED,2025-09-23 17:57:39,2025-09-25 11:19:25,3
9000006915,1000011815,20250922,2092,1,,2,Correo Argentino,DELIVERED,2025-09-23 18:22:25,2025-09-29 17:28:51,7
9000006916,1000011816,20250922,3437,1,,1,Correo Argentino,DELIVERED,2025-09-23 16:39:53,2025-09-26 17:58:21,4
9000006917,1000011819,20250922,2386,1,,1,Correo Argentino,DELIVERED,2025-09-23 16:30:40,2025-09-25 16:24:22,3
9000006918,1000011820,20250922,1980,1,,3,Correo Argentino,DELIVERED,2025-09-23 17:59:50,2025-09-25 17:41:34,3
9000006919,1000011821,20250922,3395,1,,1,Correo Argentino,DELIVERED,2025-09-23 17:44:24,2025-09-24 13:00:42,2
9000006920,1000011823,20250923,2515,1,,2,Correo Argentino,DELIVERED,2025-09-23 18:10:52,2025-09-29 15:18:55,6
9000006921,1000011824,20250923,1047,1,,3,Correo Argentino,DELIVERED,2025-09-23 17:59:35,2025-09-29 12:41:05,6
9000006922,1000011827,20250923,3438,1,,3,Correo Argentino,SHIPPED,2025-09-25 18:08:59,,
9000006923,1000011828,20250923,3439,1,,1,Correo Argentino,DELIVERED,2025-09-24 16:43:52,2025-09-26 15:27:04,3
9000006924,1000011830,20250923,1946,1,,2,Correo Argentino,DELIVERED,2025-09-24 18:16:01,2025-09-29 09:37:04,6
9000006925,1000011831,20250923,2437,1,,3,Correo Argentino,DELIVERED,2025-09-24 16:00:45,2025-09-30 12:26:07,7
9000006926,1000011832,20250923,3440,1,,1,Correo Argentino,DELIVERED,2025-09-24 17:00:12,2025-09-26 11:46:31,3
9000006927,1000011834,20250923,2739,1,,2,Correo Argentino,DELIVERED,2025-09-24 16:27:26,2025-09-29 16:36:14,6
9000006928,1000011835,20250923,3441,1,,3,Correo Argentino,DELIVERED,2025-09-24 18:33:21,2025-09-29 14:06:43,6
9000006929,1000011837,20250923,68,1,,1,Correo Argentino,DELIVERED,2025-09-24 17:58:51,2025-09-26 09:09:07,3
9000006930,1000011838,20250924,3443,1,,1,Correo Argentino,DELIVERED,2025-09-24 16:19:41,2025-09-26 11:29:57,2
9000006931,1000011839,20250924,2119,1,,4,Correo Argentino,DELIVERED,2025-09-24 18:01:47,2025-09-26 17:47:01,2
9000006932,1000011840,20250924,2737,1,,3,Correo Argentino,DELIVERED,2025-09-24 17:19:50,2025-09-30 12:32:35,6
9000006933,1000011841,20250924,1646,1,,3,Correo Argentino,DELIVERED,2025-09-24 17:51:21,2025-09-26 19:32:58,2
9000006934,1000011842,20250924,2457,1,,1,Correo Argentino,DELIVERED,2025-09-24 17:08:42,2025-09-26 14:01:47,2
9000006935,1000011843,20250924,2900,1,,3,Correo Argentino,DELIVERED,2025-09-24 17:34:04,2025-09-26 16:39:57,2
9000006936,1000011844,20250924,3319,1,,4,Correo Argentino,DELIVERED,2025-09-25 16:53:25,2025-09-30 12:21:08,6
9000006937,1000011845,20250924,2293,1,,1,Correo Argentino,DELIVERED,2025-09-25 16:11:11,2025-09-29 10:53:05,5
9000006938,1000011849,20250924,997,1,,3,Correo Argentino,SHIPPED,2025-09-25 18:30:53,,
9000006939,1000011850,20250924,1716,1,,2,Correo Argentino,DELIVERED,2025-09-25 17:53:59,2025-09-30 11:55:11,6
9000006940,1000011852,20250924,2840,1,,3,Correo Argentino,DELIVERED,2025-09-25 18:09:35,2025-09-30 16:56:15,6
9000006941,1000011853,20250924,3000,1,,1,Correo Argentino,DELIVERED,2025-09-26 17:18:02,2025-09-29 11:27:34,5
9000006942,1000011855,20250925,1547,1,,2,Correo Argentino,DELIVERED,2025-09-25 16:37:24,2025-09-30 19:58:24,5
9000006943,1000011856,20250925,2005,1,,2,Correo Argentino,SHIPPED,2025-09-25 17:05:41,,
9000006944,1000011859,20250925,2404,1,,1,Correo Argentino,DELIVERED,2025-09-26 18:47:41,2025-09-29 16:36:22,4
9000006945,1000011861,20250925,1398,1,,4,Correo Argentino,SHIPPED,2025-09-29 16:11:59,,
9000006946,1000011862,20250925,3447,1,,4,Correo Argentino,SHIPPED,2025-09-26 18:09:10,,
9000006947,1000011864,20250925,2107,1,,2,Correo Argentino,SHIPPED,2025-09-26 18:20:34,,
9000006948,1000011865,20250925,3293,1,,3,Correo Argentino,SHIPPED,2025-09-26 17:08:47,,
9000006949,1000011866,20250925,1257,1,,2,Correo Argentino,SHIPPED,2025-09-26 17:17:40,,
9000006950,1000011868,20250925,1305,1,,2,Correo Argentino,DELIVERED,2025-09-26 18:21:49,2025-09-30 09:57:23,5
9000006951,1000011870,20250925,651,1,,1,Correo Argentino,SHIPPED,2025-09-26 18:32:33,,
9000006952,1000011871,20250925,3089,1,,2,Correo Argentino,SHIPPED,2025-09-26 18:00:19,,
9000006953,1000011872,20250925,2501,1,,3,Correo Argentino,SHIPPED,2025-09-26 18:37:32,,
9000006954,1000011873,20250926,2820,1,,2,Correo Argentino,SHIPPED,2025-09-29 16:59:15,,
9000006955,1000011876,20250926,3005,1,,3,Correo Argentino,SHIPPED,2025-09-26 16:49:10,,
9000006956,1000011881,20250926,3450,1,,1,Correo Argentino,DELIVERED,2025-09-29 18:42:26,2025-09-30 18:28:04,4
9000006957,1000011885,20250926,296,1,,2,Correo Argentino,SHIPPED,2025-09-29 16:22:13,,
9000006958,1000011887,20250926,3179,1,,4,Correo Argentino,SHIPPED,2025-09-29 16:59:08,,
9000006959,1000011888,20250926,1599,1,,1,Correo Argentino,SHIPPED,2025-09-29 16:22:51,,
9000006960,1000011889,20250926,3452,1,,1,Correo Argentino,DELIVERED,2025-09-29 16:11:58,2025-09-30 12:25:22,4
9000006961,1000011890,20250926,1949,1,,1,Correo Argentino,DELIVERED,2025-09-29 16:15:16,2025-09-30 19:11:06,4
9000006962,1000011891,20250926,2150,1,,4,Correo Argentino,SHIPPED,2025-09-29 18:41:13,,
9000006963,1000011892,20250926,3454,1,,1,Correo Argentino,SHIPPED,2025-09-29 16:55:38,,
9000006964,1000011894,20250926,3453,1,,2,Correo Argentino,SHIPPED,2025-09-29 18:51:55,,
9000006965,1000011895,20250927,2667,1,,2,Correo Argentino,SHIPPED,2025-09-29 17:32:21,,
9000006966,1000011896,20250927,3455,1,,3,Correo Argentino,SHIPPED,2025-09-29 16:00:59,,
9000006967,1000011900,20250927,2035,1,,1,Correo Argentino,SHIPPED,2025-09-29 16:21:40,,
9000006968,1000011902,20250927,3456,1,,3,Correo Argentino,SHIPPED,2025-09-29 18:37:26,,
9000006969,1000011904,20250927,3457,1,,1,Correo Argentino,DELIVERED,2025-09-29 16:35:07,2025-09-30 13:37:31,3
9000006970,1000011906,20250927,3136,1,,2,Correo Argentino,SHIPPED,2025-09-29 17:22:39,,
9000006971,1000011913,20250927,3460,1,,4,Correo Argentino,SHIPPED,2025-09-29 16:57:23,,
9000006972,1000011915,20250927,3268,1,,1,Correo Argentino,SHIPPED,2025-09-29 16:18:52,,
9000006973,1000011916,20250927,3259,1,,1,Correo Argentino,SHIPPED,2025-09-29 16:45:20,,
9000006974,1000011917,20250927,1380,1,,1,Correo Argentino,SHIPPED,2025-09-29 17:26:00,,
9000006975,1000011919,20250927,3158,1,,4,Correo Argentino,SHIPPED,2025-09-29 17:20:28,,
9000006976,1000011920,20250928,2403,1,,1,Correo Argentino,DELIVERED,2025-09-29 17:50:53,2025-09-30 13:39:28,2
9000006977,1000011922,20250928,1473,1,,1,Correo Argentino,SHIPPED,2025-09-29 16:37:01,,
9000006978,1000011923,20250928,2345,1,,4,Correo Argentino,SHIPPED,2025-09-29 16:31:44,,
9000006979,1000011924,20250928,3461,1,,3,Correo Argentino,SHIPPED,2025-09-29 17:41:10,,
9000006980,1000011925,20250928,356,1,,1,Correo Argentino,SHIPPED,2025-09-30 18:42:45,,
9000006981,1000011926,20250928,3344,1,,3,Correo Argentino,SHIPPED,2025-09-29 17:04:01,,
9000006982,1000011928,20250928,2782,1,,1,Correo Argentino,SHIPPED,2025-09-29 18:03:45,,
9000006983,1000011929,20250928,3462,1,,1,Correo Argentino,DELIVERED,2025-09-29 16:33:38,2025-09-30 15:01:02,2
9000006984,1000011930,20250928,2571,1,,3,Correo Argentino,SHIPPED,2025-09-29 18:43:36,,
9000006985,1000011931,20250929,2953,1,,1,Correo Argentino,SHIPPED,2025-09-29 16:02:53,,
9000006986,1000011933,20250929,2179,1,,3,Correo Argentino,SHIPPED,2025-09-29 17:46:48,,
9000006987,1000011934,20250929,2235,1,,2,Correo Argentino,SHIPPED,2025-09-29 18:06:12,,
9000006988,1000011937,20250929,254,1,,2,Correo Argentino,SHIPPED,2025-09-30 18:21:47,,
9000006989,1000011939,20250929,2497,1,,2,Correo Argentino,SHIPPED,2025-09-30 17:33:09,,
9000006990,1000011941,20250929,3465,1,,2,Correo Argentino,SHIPPED,2025-09-30 17:22:15,,
9000006991,1000011942,20250929,996,1,,2,Correo Argentino,SHIPPED,2025-09-30 16:09:45,,
9000006992,1000011944,20250929,1516,1,,2,Correo Argentino,SHIPPED,2025-09-30 17:05:55,,
9000006993,1000011945,20250929,1576,1,,2,Correo Argentino,SHIPPED,2025-09-30 16:10:02,,
9000006994,1000011947,20250929,2411,1,,3,Correo Argentino,SHIPPED,2025-09-30 18:06:25,,
9000006995,1000011948,20250929,1592,1,,2,Correo Argentino,SHIPPED,2025-09-30 18:04:20,,
9000006996,1000011949,20250929,3010,1,,3,Correo Argentino,SHIPPED,2025-09-30 18:00:57,,
9000006997,1000011950,20250930,2292,1,,1,Correo Argentino,SHIPPED,2025-09-30 17:25:54,,
9000006998,1000011951,20250930,3467,1,,2,Correo Argentino,SHIPPED,2025-09-30 18:26:46,,
9000006999,1000011952,20250930,3468,1,,1,Correo Argentino,SHIPPED,2025-09-30 18:48:51,,
9000007001,1000011958,20250930,2972,1,,1,Correo Argentino,READY,,,
9000007002,1000011959,20250930,3166,1,,4,Correo Argentino,READY,,,
9000007003,1000011960,20250930,3470,1,,1,Correo Argentino,READY,,,
9000007004,1000011961,20250930,3063,1,,1,Correo Argentino,READY,,,
9000007005,1000011963,20250930,3471,1,,3,Correo Argentino,READY,,,
9000007006,1000011965,20250930,526,1,,4,Correo Argentino,READY,,,
9000007007,1000011966,20250930,563,1,,1,Correo Argentino,READY,,,
9000007008,1000011968,20250930,3412,1,,2,Correo Argentino,READY,,,
9000004165,1000007276,20250131,2391,2,2,2,Correo Argentino,DELIVERED,2025-02-03 17:36:26,2025-02-05 12:32:05,5
9000004173,1000007300,20250201,2396,2,1,1,Correo Argentino,DELIVERED,2025-02-03 17:03:52,2025-02-05 14:29:15,4
9000004222,1000007396,20250206,2414,2,1,1,Correo Argentino,DELIVERED,2025-02-07 18:16:27,2025-02-11 19:02:14,5
9000004264,1000007467,20250210,585,2,2,2,Correo Argentino,DELIVERED,2025-02-10 18:17:36,2025-02-11 15:25:22,1
9000004291,1000007526,20250212,2447,2,1,1,Correo Argentino,DELIVERED,2025-02-13 16:39:50,2025-02-17 09:54:52,5
9000004301,1000007539,20250213,1875,2,3,3,Correo Argentino,DELIVERED,2025-02-13 18:32:21,2025-02-17 15:48:54,4
9000004322,1000007573,20250214,1918,2,2,2,Correo Argentino,DELIVERED,2025-02-17 18:33:57,2025-02-19 18:31:16,5
9000004324,1000007575,20250214,2298,2,4,4,Correo Argentino,DELIVERED,2025-02-17 16:51:23,2025-02-19 09:35:45,5
9000004371,1000007659,20250217,2481,2,1,1,Correo Argentino,DELIVERED,2025-02-18 17:53:57,2025-02-19 18:08:13,2
9000004431,1000007765,20250222,1976,2,2,2,Correo Argentino,DELIVERED,2025-02-24 17:29:30,2025-02-25 16:44:00,3
9000004436,1000007776,20250222,1146,2,4,4,Correo Argentino,DELIVERED,2025-02-24 16:47:23,2025-02-25 13:33:58,3
9000004514,1000007903,20250228,2531,2,3,3,Correo Argentino,DELIVERED,2025-02-28 16:30:25,2025-03-04 16:14:23,4
9000004537,1000007960,20250301,2546,2,3,3,Correo Argentino,DELIVERED,2025-03-03 18:36:48,2025-03-04 12:06:11,3
9000004540,1000007968,20250301,1563,2,1,1,Correo Argentino,DELIVERED,2025-03-03 16:18:57,2025-03-05 10:20:23,4
9000004601,1000008056,20250306,1377,2,4,4,Correo Argentino,DELIVERED,2025-03-06 18:19:00,2025-03-07 14:02:17,1
9000004603,1000008061,20250306,1520,2,4,4,Correo Argentino,DELIVERED,2025-03-06 18:34:41,2025-03-07 11:39:53,1
9000004633,1000008114,20250308,2592,2,1,1,Correo Argentino,DELIVERED,2025-03-10 17:04:50,2025-03-11 12:18:40,3
9000004635,1000008118,20250308,925,2,2,2,Correo Argentino,DELIVERED,2025-03-10 16:42:09,2025-03-11 11:14:26,3
9000004687,1000008200,20250312,1602,2,2,2,Correo Argentino,DELIVERED,2025-03-13 16:11:10,2025-03-17 18:21:47,5
9000004715,1000008245,20250314,2616,2,1,1,Correo Argentino,DELIVERED,2025-03-17 18:50:31,2025-03-18 10:57:44,4
9000004716,1000008250,20250314,2536,2,1,1,Correo Argentino,DELIVERED,2025-03-17 17:49:44,2025-03-18 13:04:12,4
9000004724,1000008267,20250315,2623,2,1,1,Correo Argentino,DELIVERED,2025-03-17 17:48:16,2025-03-18 17:55:22,3
9000004759,1000008314,20250318,1569,2,1,1,Correo Argentino,DELIVERED,2025-03-19 17:39:58,2025-03-21 17:04:58,3
9000004761,1000008316,20250318,2493,2,2,2,Correo Argentino,DELIVERED,2025-03-19 17:53:48,2025-03-21 10:25:57,3
9000004774,1000008334,20250319,492,2,4,4,Correo Argentino,DELIVERED,2025-03-20 16:02:45,2025-03-24 10:59:45,5
9000004785,1000008357,20250320,395,2,1,1,Correo Argentino,DELIVERED,2025-03-21 16:55:49,2025-03-24 18:38:28,4
9000004804,1000008387,20250322,1584,2,1,1,Correo Argentino,DELIVERED,2025-03-24 18:30:56,2025-03-25 19:15:08,3
9000004897,1000008550,20250331,2206,2,1,1,Correo Argentino,DELIVERED,2025-03-31 17:38:31,2025-04-01 11:27:37,1
9000004930,1000008604,20250403,2608,2,1,1,Correo Argentino,DELIVERED,2025-04-03 17:29:30,2025-04-07 19:29:33,4
9000004934,1000008617,20250403,1655,2,3,3,Correo Argentino,DELIVERED,2025-04-04 16:56:59,2025-04-07 11:27:16,4
9000004948,1000008642,20250405,2256,2,1,1,Correo Argentino,DELIVERED,2025-04-07 18:45:57,2025-04-09 13:04:12,4
9000004949,1000008643,20250405,2722,2,2,2,Correo Argentino,DELIVERED,2025-04-07 17:38:12,2025-04-09 11:48:09,4
9000005051,1000008792,20250412,1589,2,1,1,Correo Argentino,DELIVERED,2025-04-14 17:00:50,2025-04-15 16:45:03,3
9000005073,1000008823,20250414,2192,2,1,1,Correo Argentino,DELIVERED,2025-04-14 17:44:45,2025-04-15 14:11:01,1
9000005136,1000008928,20250419,2617,2,3,3,Correo Argentino,DELIVERED,2025-04-21 17:37:30,2025-04-23 16:02:32,4
9000005177,1000008994,20250423,1603,2,4,4,Correo Argentino,DELIVERED,2025-04-23 17:24:33,2025-04-25 13:07:45,2
9000005306,1000009219,20250506,2489,2,1,1,Correo Argentino,DELIVERED,2025-05-07 16:33:27,2025-05-08 19:37:20,2
9000005340,1000009271,20250509,1787,2,2,2,Correo Argentino,DELIVERED,2025-05-09 16:20:26,2025-05-13 19:18:02,4
9000005379,1000009343,20250512,2874,2,4,4,Correo Argentino,DELIVERED,2025-05-12 17:59:27,2025-05-15 14:17:06,3
9000005478,1000009463,20250514,2406,2,1,1,Correo Argentino,DELIVERED,2025-05-15 16:28:31,2025-05-19 18:18:38,5
9000005520,1000009543,20250517,1586,2,1,1,Correo Argentino,DELIVERED,2025-05-19 18:36:59,2025-05-20 18:58:01,3
9000005542,1000009568,20250519,2266,2,4,4,Correo Argentino,DELIVERED,2025-05-20 17:22:43,2025-05-21 12:19:01,2
9000005549,1000009577,20250520,1089,2,1,1,Correo Argentino,DELIVERED,2025-05-21 17:40:20,2025-05-23 11:59:08,3
9000005577,1000009621,20250522,2363,2,2,2,Correo Argentino,DELIVERED,2025-05-23 17:55:30,2025-05-27 18:46:27,5
9000005579,1000009623,20250522,925,2,2,2,Correo Argentino,DELIVERED,2025-05-23 16:19:43,2025-05-27 19:37:29,5
9000005589,1000009639,20250523,2946,2,2,2,Correo Argentino,DELIVERED,2025-05-26 18:41:52,2025-05-27 12:49:43,4
9000005623,1000009698,20250527,1493,2,1,1,Correo Argentino,DELIVERED,2025-05-28 16:39:50,2025-05-29 19:05:15,2
9000005660,1000009756,20250531,1272,2,2,2,Correo Argentino,DELIVERED,2025-06-02 16:56:00,2025-06-04 17:35:17,4
9000005709,1000009830,20250605,143,2,2,2,Correo Argentino,DELIVERED,2025-06-05 18:47:13,2025-06-09 15:20:21,4
9000005737,1000009901,20250607,1041,2,3,3,Correo Argentino,DELIVERED,2025-06-09 17:15:24,2025-06-10 17:23:32,3
9000005739,1000009904,20250607,2157,2,2,2,Correo Argentino,DELIVERED,2025-06-09 18:31:18,2025-06-11 16:37:51,4
9000005772,1000009950,20250609,2527,2,3,3,Correo Argentino,DELIVERED,2025-06-10 17:04:50,2025-06-12 19:44:59,3
9000005797,1000009982,20250610,2426,2,1,1,Correo Argentino,DELIVERED,2025-06-11 16:08:58,2025-06-13 10:09:26,3
9000005801,1000009990,20250610,2787,2,3,3,Correo Argentino,DELIVERED,2025-06-11 17:48:19,2025-06-12 13:11:02,2
9000005808,1000009998,20250611,2481,2,1,1,Correo Argentino,DELIVERED,2025-06-11 16:05:15,2025-06-12 09:44:58,1
9000005849,1000010078,20250614,3048,2,2,2,Correo Argentino,DELIVERED,2025-06-16 17:49:22,2025-06-18 16:03:16,4
9000005895,1000010140,20250618,2828,2,1,1,Correo Argentino,DELIVERED,2025-06-18 17:51:38,2025-06-20 09:46:01,2
9000005915,1000010172,20250620,1363,2,3,3,Correo Argentino,DELIVERED,2025-06-23 16:16:41,2025-06-25 17:11:59,5
9000005948,1000010237,20250624,1935,2,2,2,Correo Argentino,DELIVERED,2025-06-24 17:26:55,2025-06-26 10:06:36,2
9000005984,1000010303,20250627,1583,2,1,1,Correo Argentino,DELIVERED,2025-06-30 16:21:29,2025-07-02 10:32:07,5
9000005989,1000010314,20250628,1976,2,2,2,Correo Argentino,DELIVERED,2025-06-30 17:31:57,2025-07-01 18:19:55,3
9000005992,1000010321,20250628,227,2,3,3,Correo Argentino,DELIVERED,2025-06-30 18:35:06,2025-07-01 13:53:26,3
9000006099,1000010489,20250709,2959,2,3,3,Correo Argentino,DELIVERED,2025-07-10 18:58:33,2025-07-14 17:50:07,5
9000006110,1000010504,20250710,455,2,2,2,Correo Argentino,DELIVERED,2025-07-11 18:18:50,2025-07-14 09:17:00,4
9000006145,1000010569,20250714,3060,2,4,4,Correo Argentino,DELIVERED,2025-07-15 17:13:37,2025-07-16 16:05:51,2
9000006178,1000010622,20250717,3165,2,4,4,Correo Argentino,DELIVERED,2025-07-18 17:26:07,2025-07-21 19:52:06,4
9000006185,1000010633,20250718,2979,2,4,4,Correo Argentino,DELIVERED,2025-07-21 17:04:25,2025-07-22 11:12:09,4
9000006221,1000010688,20250722,2921,2,2,2,Correo Argentino,DELIVERED,2025-07-23 16:37:02,2025-07-24 17:31:31,2
9000006235,1000010710,20250723,2714,2,1,1,Correo Argentino,DELIVERED,2025-07-24 17:00:46,2025-07-25 19:10:02,2
9000006244,1000010724,20250724,2348,2,2,2,Correo Argentino,DELIVERED,2025-07-25 16:15:19,2025-07-29 12:47:03,5
9000006257,1000010755,20250726,2453,2,3,3,Correo Argentino,DELIVERED,2025-07-28 16:21:22,2025-07-29 12:12:05,3
9000006305,1000010837,20250801,3116,2,3,3,Correo Argentino,DELIVERED,2025-08-01 17:39:43,2025-08-05 19:45:32,4
9000006315,1000010861,20250802,3220,2,1,1,Correo Argentino,DELIVERED,2025-08-04 17:05:02,2025-08-05 09:44:41,3
9000006317,1000010863,20250802,1664,2,1,1,Correo Argentino,DELIVERED,2025-08-04 17:31:42,2025-08-05 15:22:56,3
9000006387,1000010972,20250808,2389,2,3,3,Correo Argentino,DELIVERED,2025-08-11 16:09:37,2025-08-13 11:19:34,5
9000006395,1000010986,20250809,1903,2,2,2,Correo Argentino,DELIVERED,2025-08-11 16:37:55,2025-08-12 12:26:22,3
9000006457,1000011086,20250813,2373,2,3,3,Correo Argentino,DELIVERED,2025-08-14 16:21:17,2025-08-15 19:51:34,2
9000006495,1000011142,20250816,2551,2,4,4,Correo Argentino,DELIVERED,2025-08-18 16:20:51,2025-08-20 18:20:26,4
9000006520,1000011186,20250818,2962,2,4,4,Correo Argentino,DELIVERED,2025-08-19 17:27:29,2025-08-21 12:44:26,3
9000006533,1000011203,20250819,1401,2,1,1,Correo Argentino,DELIVERED,2025-08-19 18:27:18,2025-08-20 13:35:40,1
9000006541,1000011217,20250819,728,2,1,1,Correo Argentino,DELIVERED,2025-08-20 17:32:21,2025-08-21 19:06:02,2
9000006565,1000011253,20250821,2721,2,3,3,Correo Argentino,DELIVERED,2025-08-21 17:05:57,2025-08-22 17:41:36,1
9000006575,1000011274,20250822,2415,2,4,4,Correo Argentino,DELIVERED,2025-08-25 16:49:26,2025-08-27 11:12:38,5
9000006736,1000011549,20250906,1585,2,3,3,Correo Argentino,DELIVERED,2025-09-08 17:18:38,2025-09-09 14:36:50,3
9000006753,1000011572,20250908,3068,2,2,2,Correo Argentino,DELIVERED,2025-09-08 17:41:26,2025-09-10 12:20:20,2
9000006758,1000011579,20250908,2178,2,3,3,Correo Argentino,DELIVERED,2025-09-09 18:46:08,2025-09-10 12:02:12,2
9000007000,1000011955,20250930,1130,2,1,1,Correo Argentino,READY,,,
