nps_id,fecha,canal,puntaje,categoria,promotor,detractor
13000000000,2024-01-03,Tiendas Físicas,9,Promotor,1,0
13000000001,2024-01-04,Tiendas Físicas,10,Promotor,1,0
13000000002,2024-01-04,Tiendas Físicas,8,Pasivo,0,0
13000000003,2024-01-05,Tiendas Físicas,10,Promotor,1,0
13000000004,2024-01-07,Tiendas Físicas,10,Promotor,1,0
13000000005,2024-01-07,Tiendas Físicas,10,Promotor,1,0
13000000006,2024-01-09,Tiendas Físicas,7,Pasivo,0,0
13000000007,2024-01-09,Tiendas Físicas,10,Promotor,1,0
13000000008,2024-01-09,Tiendas Físicas,6,Detractor,0,1
13000000009,2024-01-09,Tiendas Físicas,8,Pasivo,0,0
13000000010,2024-01-10,Tiendas Físicas,10,Promotor,1,0
13000000011,2024-01-10,Tiendas Físicas,7,Pasivo,0,0
13000000012,2024-01-11,Tienda Online,10,Promotor,1,0
13000000013,2024-01-11,Tienda Online,9,Promotor,1,0
13000000014,2024-01-12,Tiendas Físicas,8,Pasivo,0,0
13000000015,2024-01-12,Tienda Online,8,Pasivo,0,0
13000000016,2024-01-12,Tienda Online,7,Pasivo,0,0
13000000017,2024-01-12,Tienda Online,10,Promotor,1,0
13000000018,2024-01-12,Tiendas Físicas,7,Pasivo,0,0
13000000019,2024-01-12,Tienda Online,6,Detractor,0,1
13000000020,2024-01-12,Tiendas Físicas,10,Promotor,1,0
13000000021,2024-01-13,Tienda Online,10,Promotor,1,0
13000000022,2024-01-14,Tiendas Físicas,10,Promotor,1,0
13000000023,2024-01-14,Tiendas Físicas,10,Promotor,1,0
13000000024,2024-01-14,Tiendas Físicas,10,Promotor,1,0
13000000025,2024-01-14,Tiendas Físicas,9,Promotor,1,0
13000000026,2024-01-15,Tienda Online,8,Pasivo,0,0
13000000027,2024-01-15,Tienda Online,9,Promotor,1,0
13000000028,2024-01-16,Tienda Online,10,Promotor,1,0
13000000029,2024-01-16,Tienda Online,8,Pasivo,0,0
13000000030,2024-01-16,Tiendas Físicas,8,Pasivo,0,0
13000000031,2024-01-16,Tiendas Físicas,10,Promotor,1,0
13000000032,2024-01-16,Tienda Online,7,Pasivo,0,0
13000000033,2024-01-16,Tienda Online,10,Promotor,1,0
13000000034,2024-01-16,Tienda Online,8,Pasivo,0,0
13000000035,2024-01-16,Tienda Online,9,Promotor,1,0
13000000036,2024-01-17,Tienda Online,7,Pasivo,0,0
13000000037,2024-01-17,Tiendas Físicas,4,Detractor,0,1
13000000038,2024-01-17,Tienda Online,10,Promotor,1,0
13000000039,2024-01-18,Tiendas Físicas,9,Promotor,1,0
13000000040,2024-01-18,Tienda Online,10,Promotor,1,0
13000000041,2024-01-18,Tiendas Físicas,8,Pasivo,0,0
13000000042,2024-01-18,Tienda Online,5,Detractor,0,1
13000000043,2024-01-18,Tiendas Físicas,9,Promotor,1,0
13000000044,2024-01-18,Tienda Online,10,Promotor,1,0
13000000045,2024-01-18,Tienda Online,7,Pasivo,0,0
13000000046,2024-01-19,Tiendas Físicas,10,Promotor,1,0
13000000047,2024-01-19,Tienda Online,10,Promotor,1,0
13000000048,2024-01-19,Tienda Online,7,Pasivo,0,0
13000000049,2024-01-19,Tienda Online,7,Pasivo,0,0
13000000050,2024-01-20,Tienda Online,6,Detractor,0,1
13000000051,2024-01-20,Tienda Online,9,Promotor,1,0
13000000052,2024-01-20,Tiendas Físicas,8,Pasivo,0,0
13000000053,2024-01-20,Tiendas Físicas,4,Detractor,0,1
13000000054,2024-01-21,Tiendas Físicas,9,Promotor,1,0
13000000055,2024-01-21,Tiendas Físicas,9,Promotor,1,0
13000000056,2024-01-22,Tiendas Físicas,9,Promotor,1,0
13000000057,2024-01-22,Tienda Online,8,Pasivo,0,0
13000000058,2024-01-22,Tienda Online,8,Pasivo,0,0
13000000059,2024-01-23,Tienda Online,8,Pasivo,0,0
13000000060,2024-01-23,Tienda Online,6,Detractor,0,1
13000000061,2024-01-23,Tiendas Físicas,9,Promotor,1,0
13000000062,2024-01-23,Tienda Online,10,Promotor,1,0
13000000063,2024-01-24,Tiendas Físicas,10,Promotor,1,0
13000000064,2024-01-24,Tienda Online,8,Pasivo,0,0
13000000065,2024-01-25,Tienda Online,8,Pasivo,0,0
13000000066,2024-01-25,Tienda Online,10,Promotor,1,0
13000000067,2024-01-25,Tiendas Físicas,9,Promotor,1,0
13000000068,2024-01-25,Tiendas Físicas,6,Detractor,0,1
13000000069,2024-01-25,Tienda Online,10,Promotor,1,0
13000000070,2024-01-26,Tiendas Físicas,10,Promotor,1,0
13000000071,2024-01-26,Tienda Online,7,Pasivo,0,0
13000000072,2024-01-26,Tienda Online,5,Detractor,0,1
13000000073,2024-01-26,Tienda Online,6,Detractor,0,1
13000000074,2024-01-27,Tiendas Físicas,7,Pasivo,0,0
13000000075,2024-01-27,Tiendas Físicas,6,Detractor,0,1
13000000076,2024-01-28,Tiendas Físicas,10,Promotor,1,0
13000000077,2024-01-28,Tienda Online,8,Pasivo,0,0
13000000078,2024-01-29,Tienda Online,8,Pasivo,0,0
13000000079,2024-01-29,Tienda Online,10,Promotor,1,0
13000000080,2024-01-30,Tienda Online,6,Detractor,0,1
13000000081,2024-01-30,Tiendas Físicas,8,Pasivo,0,0
13000000082,2024-01-30,Tiendas Físicas,9,Promotor,1,0
13000000083,2024-01-31,Tienda Online,10,Promotor,1,0
13000000084,2024-01-31,Tienda Online,9,Promotor,1,0
13000000085,2024-02-01,Tienda Online,9,Promotor,1,0
13000000086,2024-02-01,Tiendas Físicas,9,Promotor,1,0
13000000087,2024-02-01,Tiendas Físicas,10,Promotor,1,0
13000000088,2024-02-01,Tiendas Físicas,10,Promotor,1,0
13000000089,2024-02-01,Tiendas Físicas,6,Detractor,0,1
13000000090,2024-02-01,Tienda Online,7,Pasivo,0,0
13000000091,2024-02-02,Tienda Online,7,Pasivo,0,0
13000000092,2024-02-02,Tienda Online,10,Promotor,1,0
13000000093,2024-02-02,Tienda Online,5,Detractor,0,1
13000000094,2024-02-03,Tiendas Físicas,9,Promotor,1,0
13000000095,2024-02-03,Tiendas Físicas,10,Promotor,1,0
13000000096,2024-02-03,Tienda Online,7,Pasivo,0,0
13000000097,2024-02-03,Tiendas Físicas,9,Promotor,1,0
13000000098,2024-02-03,Tienda Online,9,Promotor,1,0
13000000099,2024-02-03,Tiendas Físicas,9,Promotor,1,0
13000000100,2024-02-04,Tiendas Físicas,9,Promotor,1,0
13000000101,2024-02-04,Tiendas Físicas,8,Pasivo,0,0
13000000102,2024-02-04,Tiendas Físicas,9,Promotor,1,0
13000000103,2024-02-05,Tiendas Físicas,6,Detractor,0,1
13000000104,2024-02-05,Tienda Online,5,Detractor,0,1
13000000105,2024-02-06,Tienda Online,8,Pasivo,0,0
13000000106,2024-02-07,Tienda Online,10,Promotor,1,0
13000000107,2024-02-07,Tienda Online,6,Detractor,0,1
13000000108,2024-02-07,Tienda Online,8,Pasivo,0,0
13000000109,2024-02-07,Tiendas Físicas,10,Promotor,1,0
13000000110,2024-02-08,Tiendas Físicas,9,Promotor,1,0
13000000111,2024-02-08,Tiendas Físicas,8,Pasivo,0,0
13000000112,2024-02-08,Tienda Online,7,Pasivo,0,0
13000000113,2024-02-08,Tienda Online,6,Detractor,0,1
13000000114,2024-02-09,Tienda Online,10,Promotor,1,0
13000000115,2024-02-09,Tienda Online,10,Promotor,1,0
13000000116,2024-02-09,Tienda Online,6,Detractor,0,1
13000000117,2024-02-09,Tienda Online,8,Pasivo,0,0
13000000118,2024-02-10,Tiendas Físicas,8,Pasivo,0,0
13000000119,2024-02-10,Tiendas Físicas,7,Pasivo,0,0
13000000120,2024-02-10,Tiendas Físicas,6,Detractor,0,1
13000000121,2024-02-11,Tiendas Físicas,10,Promotor,1,0
13000000122,2024-02-11,Tiendas Físicas,7,Pasivo,0,0
13000000123,2024-02-12,Tiendas Físicas,8,Pasivo,0,0
13000000124,2024-02-12,Tienda Online,5,Detractor,0,1
13000000125,2024-02-12,Tienda Online,10,Promotor,1,0
13000000126,2024-02-12,Tienda Online,10,Promotor,1,0
13000000127,2024-02-13,Tienda Online,6,Detractor,0,1
13000000128,2024-02-13,Tienda Online,10,Promotor,1,0
13000000129,2024-02-13,Tienda Online,7,Pasivo,0,0
13000000130,2024-02-14,Tiendas Físicas,4,Detractor,0,1
13000000131,2024-02-14,Tienda Online,8,Pasivo,0,0
13000000132,2024-02-14,Tienda Online,9,Promotor,1,0
13000000133,2024-02-14,Tienda Online,9,Promotor,1,0
13000000134,2024-02-14,Tiendas Físicas,8,Pasivo,0,0
13000000135,2024-02-14,Tienda Online,7,Pasivo,0,0
13000000136,2024-02-14,Tienda Online,9,Promotor,1,0
13000000137,2024-02-14,Tiendas Físicas,8,Pasivo,0,0
13000000138,2024-02-15,Tienda Online,10,Promotor,1,0
13000000139,2024-02-15,Tienda Online,8,Pasivo,0,0
13000000140,2024-02-16,Tienda Online,7,Pasivo,0,0
13000000141,2024-02-16,Tienda Online,8,Pasivo,0,0
13000000142,2024-02-16,Tiendas Físicas,5,Detractor,0,1
13000000143,2024-02-16,Tienda Online,10,Promotor,1,0
13000000144,2024-02-17,Tiendas Físicas,8,Pasivo,0,0
13000000145,2024-02-17,Tienda Online,8,Pasivo,0,0
13000000146,2024-02-17,Tienda Online,8,Pasivo,0,0
13000000147,2024-02-18,Tienda Online,8,Pasivo,0,0
13000000148,2024-02-18,Tiendas Físicas,9,Promotor,1,0
13000000149,2024-02-18,Tiendas Físicas,8,Pasivo,0,0
13000000150,2024-02-18,Tiendas Físicas,9,Promotor,1,0
13000000151,2024-02-18,Tiendas Físicas,6,Detractor,0,1
13000000152,2024-02-19,Tienda Online,10,Promotor,1,0
13000000153,2024-02-20,Tiendas Físicas,8,Pasivo,0,0
13000000154,2024-02-20,Tienda Online,9,Promotor,1,0
13000000155,2024-02-20,Tiendas Físicas,8,Pasivo,0,0
13000000156,2024-02-20,Tiendas Físicas,10,Promotor,1,0
13000000157,2024-02-20,Tienda Online,9,Promotor,1,0
13000000158,2024-02-20,Tiendas Físicas,8,Pasivo,0,0
13000000159,2024-02-21,Tienda Online,10,Promotor,1,0
13000000160,2024-02-21,Tienda Online,6,Detractor,0,1
13000000161,2024-02-21,Tienda Online,8,Pasivo,0,0
13000000162,2024-02-21,Tiendas Físicas,10,Promotor,1,0
13000000163,2024-02-21,Tienda Online,9,Promotor,1,0
13000000164,2024-02-21,Tiendas Físicas,7,Pasivo,0,0
13000000165,2024-02-22,Tienda Online,10,Promotor,1,0
13000000166,2024-02-22,Tiendas Físicas,10,Promotor,1,0
13000000167,2024-02-22,Tiendas Físicas,9,Promotor,1,0
13000000168,2024-02-22,Tiendas Físicas,10,Promotor,1,0
13000000169,2024-02-22,Tienda Online,9,Promotor,1,0
13000000170,2024-02-23,Tienda Online,9,Promotor,1,0
13000000171,2024-02-23,Tienda Online,7,Pasivo,0,0
13000000172,2024-02-23,Tienda Online,4,Detractor,0,1
13000000173,2024-02-23,Tienda Online,9,Promotor,1,0
13000000174,2024-02-24,Tiendas Físicas,8,Pasivo,0,0
13000000175,2024-02-24,Tiendas Físicas,9,Promotor,1,0
13000000176,2024-02-25,Tiendas Físicas,9,Promotor,1,0
13000000177,2024-02-25,Tiendas Físicas,5,Detractor,0,1
13000000178,2024-02-25,Tiendas Físicas,7,Pasivo,0,0
13000000179,2024-02-26,Tienda Online,6,Detractor,0,1
13000000180,2024-02-26,Tienda Online,8,Pasivo,0,0
13000000181,2024-02-26,Tiendas Físicas,8,Pasivo,0,0
13000000182,2024-02-27,Tiendas Físicas,10,Promotor,1,0
13000000183,2024-02-27,Tienda Online,10,Promotor,1,0
13000000184,2024-02-27,Tienda Online,8,Pasivo,0,0
13000000185,2024-02-27,Tienda Online,10,Promotor,1,0
13000000186,2024-02-28,Tiendas Físicas,8,Pasivo,0,0
13000000187,2024-02-28,Tienda Online,10,Promotor,1,0
13000000188,2024-02-28,Tienda Online,5,Detractor,0,1
13000000189,2024-02-29,Tiendas Físicas,10,Promotor,1,0
13000000190,2024-02-29,Tienda Online,10,Promotor,1,0
13000000191,2024-02-29,Tienda Online,8,Pasivo,0,0
13000000192,2024-02-29,Tienda Online,5,Detractor,0,1
13000000193,2024-02-29,Tiendas Físicas,10,Promotor,1,0
13000000194,2024-02-29,Tienda Online,8,Pasivo,0,0
13000000195,2024-02-29,Tienda Online,8,Pasivo,0,0
13000000196,2024-02-29,Tienda Online,6,Detractor,0,1
13000000197,2024-02-29,Tienda Online,10,Promotor,1,0
13000000198,2024-02-29,Tiendas Físicas,8,Pasivo,0,0
13000000199,2024-02-29,Tienda Online,9,Promotor,1,0
13000000200,2024-02-29,Tiendas Físicas,7,Pasivo,0,0
13000000201,2024-03-01,Tienda Online,10,Promotor,1,0
13000000202,2024-03-01,Tienda Online,10,Promotor,1,0
13000000203,2024-03-01,Tienda Online,9,Promotor,1,0
13000000204,2024-03-01,Tienda Online,10,Promotor,1,0
13000000205,2024-03-01,Tienda Online,8,Pasivo,0,0
13000000206,2024-03-01,Tienda Online,8,Pasivo,0,0
13000000207,2024-03-01,Tiendas Físicas,10,Promotor,1,0
13000000208,2024-03-02,Tiendas Físicas,8,Pasivo,0,0
13000000209,2024-03-02,Tiendas Físicas,5,Detractor,0,1
13000000210,2024-03-02,Tiendas Físicas,9,Promotor,1,0
13000000211,2024-03-02,Tiendas Físicas,10,Promotor,1,0
13000000212,2024-03-03,Tiendas Físicas,9,Promotor,1,0
13000000213,2024-03-03,Tiendas Físicas,8,Pasivo,0,0
13000000214,2024-03-03,Tiendas Físicas,9,Promotor,1,0
13000000215,2024-03-04,Tiendas Físicas,10,Promotor,1,0
13000000216,2024-03-04,Tienda Online,5,Detractor,0,1
13000000217,2024-03-05,Tienda Online,6,Detractor,0,1
13000000218,2024-03-05,Tienda Online,7,Pasivo,0,0
13000000219,2024-03-05,Tiendas Físicas,10,Promotor,1,0
13000000220,2024-03-05,Tienda Online,10,Promotor,1,0
13000000221,2024-03-05,Tienda Online,8,Pasivo,0,0
13000000222,2024-03-05,Tiendas Físicas,7,Pasivo,0,0
13000000223,2024-03-06,Tienda Online,8,Pasivo,0,0
13000000224,2024-03-06,Tiendas Físicas,10,Promotor,1,0
13000000225,2024-03-06,Tienda Online,8,Pasivo,0,0
13000000226,2024-03-06,Tienda Online,5,Detractor,0,1
13000000227,2024-03-06,Tienda Online,7,Pasivo,0,0
13000000228,2024-03-06,Tienda Online,9,Promotor,1,0
13000000229,2024-03-07,Tienda Online,5,Detractor,0,1
13000000230,2024-03-07,Tienda Online,10,Promotor,1,0
13000000231,2024-03-07,Tienda Online,10,Promotor,1,0
13000000232,2024-03-07,Tienda Online,7,Pasivo,0,0
13000000233,2024-03-07,Tiendas Físicas,10,Promotor,1,0
13000000234,2024-03-07,Tienda Online,3,Detractor,0,1
13000000235,2024-03-07,Tiendas Físicas,9,Promotor,1,0
13000000236,2024-03-07,Tienda Online,8,Pasivo,0,0
13000000237,2024-03-08,Tienda Online,10,Promotor,1,0
13000000238,2024-03-08,Tienda Online,9,Promotor,1,0
13000000239,2024-03-08,Tiendas Físicas,8,Pasivo,0,0
13000000240,2024-03-08,Tiendas Físicas,10,Promotor,1,0
13000000241,2024-03-08,Tienda Online,9,Promotor,1,0
13000000242,2024-03-08,Tienda Online,9,Promotor,1,0
13000000243,2024-03-08,Tienda Online,10,Promotor,1,0
13000000244,2024-03-08,Tienda Online,10,Promotor,1,0
13000000245,2024-03-08,Tiendas Físicas,5,Detractor,0,1
13000000246,2024-03-08,Tienda Online,10,Promotor,1,0
13000000247,2024-03-09,Tiendas Físicas,8,Pasivo,0,0
13000000248,2024-03-09,Tiendas Físicas,8,Pasivo,0,0
13000000249,2024-03-09,Tienda Online,5,Detractor,0,1
13000000250,2024-03-09,Tiendas Físicas,9,Promotor,1,0
13000000251,2024-03-09,Tiendas Físicas,7,Pasivo,0,0
13000000252,2024-03-10,Tiendas Físicas,8,Pasivo,0,0
13000000253,2024-03-10,Tiendas Físicas,10,Promotor,1,0
13000000254,2024-03-10,Tiendas Físicas,4,Detractor,0,1
13000000255,2024-03-11,Tiendas Físicas,8,Pasivo,0,0
13000000256,2024-03-11,Tienda Online,10,Promotor,1,0
13000000257,2024-03-11,Tienda Online,10,Promotor,1,0
13000000258,2024-03-11,Tienda Online,10,Promotor,1,0
13000000259,2024-03-11,Tienda Online,8,Pasivo,0,0
13000000260,2024-03-12,Tiendas Físicas,8,Pasivo,0,0
13000000261,2024-03-12,Tienda Online,4,Detractor,0,1
13000000262,2024-03-12,Tienda Online,8,Pasivo,0,0
13000000263,2024-03-12,Tienda Online,10,Promotor,1,0
13000000264,2024-03-12,Tienda Online,10,Promotor,1,0
13000000265,2024-03-12,Tienda Online,10,Promotor,1,0
13000000266,2024-03-12,Tienda Online,10,Promotor,1,0
13000000267,2024-03-13,Tienda Online,5,Detractor,0,1
13000000268,2024-03-13,Tienda Online,7,Pasivo,0,0
13000000269,2024-03-13,Tiendas Físicas,9,Promotor,1,0
13000000270,2024-03-13,Tienda Online,9,Promotor,1,0
13000000271,2024-03-13,Tiendas Físicas,9,Promotor,1,0
13000000272,2024-03-13,Tiendas Físicas,9,Promotor,1,0
13000000273,2024-03-14,Tienda Online,7,Pasivo,0,0
13000000274,2024-03-14,Tienda Online,9,Promotor,1,0
13000000275,2024-03-14,Tiendas Físicas,7,Pasivo,0,0
13000000276,2024-03-14,Tienda Online,10,Promotor,1,0
13000000277,2024-03-14,Tienda Online,7,Pasivo,0,0
13000000278,2024-03-14,Tienda Online,5,Detractor,0,1
13000000279,2024-03-14,Tiendas Físicas,5,Detractor,0,1
13000000280,2024-03-14,Tienda Online,8,Pasivo,0,0
13000000281,2024-03-14,Tienda Online,8,Pasivo,0,0
13000000282,2024-03-14,Tienda Online,8,Pasivo,0,0
13000000283,2024-03-15,Tienda Online,8,Pasivo,0,0
13000000284,2024-03-15,Tienda Online,9,Promotor,1,0
13000000285,2024-03-15,Tiendas Físicas,8,Pasivo,0,0
13000000286,2024-03-15,Tienda Online,10,Promotor,1,0
13000000287,2024-03-15,Tiendas Físicas,8,Pasivo,0,0
13000000288,2024-03-15,Tienda Online,10,Promotor,1,0
13000000289,2024-03-17,Tiendas Físicas,8,Pasivo,0,0
13000000290,2024-03-17,Tiendas Físicas,5,Detractor,0,1
13000000291,2024-03-17,Tiendas Físicas,9,Promotor,1,0
13000000292,2024-03-18,Tiendas Físicas,8,Pasivo,0,0
13000000293,2024-03-18,Tienda Online,1,Detractor,0,1
13000000294,2024-03-19,Tiendas Físicas,8,Pasivo,0,0
13000000295,2024-03-19,Tiendas Físicas,9,Promotor,1,0
13000000296,2024-03-19,Tienda Online,6,Detractor,0,1
13000000297,2024-03-20,Tienda Online,9,Promotor,1,0
13000000298,2024-03-20,Tiendas Físicas,8,Pasivo,0,0
13000000299,2024-03-20,Tienda Online,9,Promotor,1,0
13000000300,2024-03-20,Tienda Online,8,Pasivo,0,0
13000000301,2024-03-21,Tienda Online,5,Detractor,0,1
13000000302,2024-03-21,Tienda Online,7,Pasivo,0,0
13000000303,2024-03-21,Tiendas Físicas,10,Promotor,1,0
13000000304,2024-03-21,Tienda Online,7,Pasivo,0,0
13000000305,2024-03-21,Tiendas Físicas,9,Promotor,1,0
13000000306,2024-03-21,Tiendas Físicas,7,Pasivo,0,0
13000000307,2024-03-22,Tiendas Físicas,10,Promotor,1,0
13000000308,2024-03-22,Tienda Online,10,Promotor,1,0
13000000309,2024-03-22,Tiendas Físicas,6,Detractor,0,1
13000000310,2024-03-22,Tiendas Físicas,8,Pasivo,0,0
13000000311,2024-03-22,Tienda Online,10,Promotor,1,0
13000000312,2024-03-22,Tienda Online,6,Detractor,0,1
13000000313,2024-03-22,Tienda Online,10,Promotor,1,0
13000000314,2024-03-22,Tienda Online,9,Promotor,1,0
13000000315,2024-03-22,Tienda Online,8,Pasivo,0,0
13000000316,2024-03-23,Tiendas Físicas,8,Pasivo,0,0
13000000317,2024-03-23,Tienda Online,7,Pasivo,0,0
13000000318,2024-03-24,Tiendas Físicas,4,Detractor,0,1
13000000319,2024-03-24,Tiendas Físicas,8,Pasivo,0,0
13000000320,2024-03-24,Tiendas Físicas,7,Pasivo,0,0
13000000321,2024-03-25,Tienda Online,8,Pasivo,0,0
13000000322,2024-03-26,Tienda Online,7,Pasivo,0,0
13000000323,2024-03-26,Tienda Online,7,Pasivo,0,0
13000000324,2024-03-26,Tienda Online,9,Promotor,1,0
13000000325,2024-03-26,Tienda Online,9,Promotor,1,0
13000000326,2024-03-26,Tienda Online,8,Pasivo,0,0
13000000327,2024-03-27,Tienda Online,9,Promotor,1,0
13000000328,2024-03-27,Tienda Online,9,Promotor,1,0
13000000329,2024-03-27,Tienda Online,9,Promotor,1,0
13000000330,2024-03-27,Tienda Online,4,Detractor,0,1
13000000331,2024-03-27,Tienda Online,7,Pasivo,0,0
13000000332,2024-03-28,Tienda Online,6,Detractor,0,1
13000000333,2024-03-28,Tienda Online,8,Pasivo,0,0
13000000334,2024-03-28,Tienda Online,7,Pasivo,0,0
13000000335,2024-03-28,Tienda Online,7,Pasivo,0,0
13000000336,2024-03-28,Tienda Online,8,Pasivo,0,0
13000000337,2024-03-28,Tienda Online,6,Detractor,0,1
13000000338,2024-03-29,Tiendas Físicas,10,Promotor,1,0
13000000339,2024-03-29,Tienda Online,10,Promotor,1,0
13000000340,2024-03-30,Tiendas Físicas,8,Pasivo,0,0
13000000341,2024-03-30,Tiendas Físicas,9,Promotor,1,0
13000000342,2024-03-31,Tiendas Físicas,5,Detractor,0,1
13000000343,2024-03-31,Tiendas Físicas,9,Promotor,1,0
13000000344,2024-03-31,Tiendas Físicas,9,Promotor,1,0
13000000345,2024-04-01,Tienda Online,8,Pasivo,0,0
13000000346,2024-04-02,Tienda Online,10,Promotor,1,0
13000000347,2024-04-02,Tienda Online,8,Pasivo,0,0
13000000348,2024-04-02,Tienda Online,6,Detractor,0,1
13000000349,2024-04-02,Tienda Online,6,Detractor,0,1
13000000350,2024-04-02,Tienda Online,10,Promotor,1,0
13000000351,2024-04-03,Tiendas Físicas,6,Detractor,0,1
13000000352,2024-04-03,Tienda Online,7,Pasivo,0,0
13000000353,2024-04-03,Tiendas Físicas,7,Pasivo,0,0
13000000354,2024-04-03,Tienda Online,8,Pasivo,0,0
13000000355,2024-04-03,Tienda Online,10,Promotor,1,0
13000000356,2024-04-03,Tienda Online,7,Pasivo,0,0
13000000357,2024-04-04,Tienda Online,7,Pasivo,0,0
13000000358,2024-04-04,Tienda Online,2,Detractor,0,1
13000000359,2024-04-04,Tienda Online,10,Promotor,1,0
13000000360,2024-04-04,Tiendas Físicas,6,Detractor,0,1
13000000361,2024-04-04,Tienda Online,8,Pasivo,0,0
13000000362,2024-04-05,Tiendas Físicas,8,Pasivo,0,0
13000000363,2024-04-06,Tienda Online,10,Promotor,1,0
13000000364,2024-04-06,Tiendas Físicas,8,Pasivo,0,0
13000000365,2024-04-07,Tiendas Físicas,9,Promotor,1,0
13000000366,2024-04-07,Tiendas Físicas,9,Promotor,1,0
13000000367,2024-04-07,Tiendas Físicas,10,Promotor,1,0
13000000368,2024-04-08,Tienda Online,9,Promotor,1,0
13000000369,2024-04-08,Tienda Online,7,Pasivo,0,0
13000000370,2024-04-08,Tienda Online,7,Pasivo,0,0
13000000371,2024-04-09,Tienda Online,8,Pasivo,0,0
13000000372,2024-04-09,Tienda Online,10,Promotor,1,0
13000000373,2024-04-09,Tiendas Físicas,7,Pasivo,0,0
13000000374,2024-04-09,Tienda Online,6,Detractor,0,1
13000000375,2024-04-09,Tienda Online,8,Pasivo,0,0
13000000376,2024-04-09,Tiendas Físicas,9,Promotor,1,0
13000000377,2024-04-09,Tiendas Físicas,10,Promotor,1,0
13000000378,2024-04-09,Tienda Online,9,Promotor,1,0
13000000379,2024-04-09,Tienda Online,8,Pasivo,0,0
13000000380,2024-04-10,Tienda Online,10,Promotor,1,0
13000000381,2024-04-10,Tienda Online,8,Pasivo,0,0
13000000382,2024-04-10,Tienda Online,8,Pasivo,0,0
13000000383,2024-04-10,Tienda Online,9,Promotor,1,0
13000000384,2024-04-10,Tienda Online,10,Promotor,1,0
13000000385,2024-04-10,Tiendas Físicas,10,Promotor,1,0
13000000386,2024-04-10,Tienda Online,9,Promotor,1,0
13000000387,2024-04-10,Tiendas Físicas,8,Pasivo,0,0
13000000388,2024-04-11,Tienda Online,10,Promotor,1,0
13000000389,2024-04-11,Tiendas Físicas,9,Promotor,1,0
13000000390,2024-04-11,Tiendas Físicas,10,Promotor,1,0
13000000391,2024-04-11,Tiendas Físicas,5,Detractor,0,1
13000000392,2024-04-11,Tienda Online,6,Detractor,0,1
13000000393,2024-04-11,Tienda Online,10,Promotor,1,0
13000000394,2024-04-11,Tienda Online,8,Pasivo,0,0
13000000395,2024-04-12,Tienda Online,5,Detractor,0,1
13000000396,2024-04-12,Tiendas Físicas,7,Pasivo,0,0
13000000397,2024-04-12,Tienda Online,8,Pasivo,0,0
13000000398,2024-04-12,Tienda Online,10,Promotor,1,0
13000000399,2024-04-12,Tienda Online,8,Pasivo,0,0
13000000400,2024-04-12,Tienda Online,8,Pasivo,0,0
13000000401,2024-04-13,Tiendas Físicas,7,Pasivo,0,0
13000000402,2024-04-14,Tiendas Físicas,8,Pasivo,0,0
13000000403,2024-04-14,Tiendas Físicas,8,Pasivo,0,0
13000000404,2024-04-15,Tiendas Físicas,7,Pasivo,0,0
13000000405,2024-04-15,Tienda Online,7,Pasivo,0,0
13000000406,2024-04-15,Tienda Online,8,Pasivo,0,0
13000000407,2024-04-15,Tiendas Físicas,10,Promotor,1,0
13000000408,2024-04-16,Tienda Online,6,Detractor,0,1
13000000409,2024-04-16,Tiendas Físicas,3,Detractor,0,1
13000000410,2024-04-16,Tiendas Físicas,8,Pasivo,0,0
13000000411,2024-04-16,Tiendas Físicas,9,Promotor,1,0
13000000412,2024-04-16,Tienda Online,6,Detractor,0,1
13000000413,2024-04-16,Tienda Online,9,Promotor,1,0
13000000414,2024-04-17,Tienda Online,4,Detractor,0,1
13000000415,2024-04-17,Tienda Online,7,Pasivo,0,0
13000000416,2024-04-17,Tiendas Físicas,7,Pasivo,0,0
13000000417,2024-04-17,Tienda Online,9,Promotor,1,0
13000000418,2024-04-17,Tienda Online,8,Pasivo,0,0
13000000419,2024-04-18,Tienda Online,9,Promotor,1,0
13000000420,2024-04-18,Tienda Online,6,Detractor,0,1
13000000421,2024-04-18,Tienda Online,7,Pasivo,0,0
13000000422,2024-04-18,Tienda Online,10,Promotor,1,0
13000000423,2024-04-18,Tienda Online,8,Pasivo,0,0
13000000424,2024-04-18,Tienda Online,10,Promotor,1,0
13000000425,2024-04-18,Tiendas Físicas,10,Promotor,1,0
13000000426,2024-04-18,Tienda Online,8,Pasivo,0,0
13000000427,2024-04-18,Tienda Online,8,Pasivo,0,0
13000000428,2024-04-18,Tienda Online,10,Promotor,1,0
13000000429,2024-04-18,Tienda Online,7,Pasivo,0,0
13000000430,2024-04-18,Tienda Online,10,Promotor,1,0
13000000431,2024-04-18,Tiendas Físicas,7,Pasivo,0,0
13000000432,2024-04-19,Tiendas Físicas,8,Pasivo,0,0
13000000433,2024-04-19,Tienda Online,8,Pasivo,0,0
13000000434,2024-04-19,Tienda Online,7,Pasivo,0,0
13000000435,2024-04-19,Tienda Online,6,Detractor,0,1
13000000436,2024-04-20,Tienda Online,8,Pasivo,0,0
13000000437,2024-04-20,Tiendas Físicas,10,Promotor,1,0
13000000438,2024-04-20,Tiendas Físicas,7,Pasivo,0,0
13000000439,2024-04-20,Tiendas Físicas,7,Pasivo,0,0
13000000440,2024-04-21,Tienda Online,8,Pasivo,0,0
13000000441,2024-04-21,Tiendas Físicas,10,Promotor,1,0
13000000442,2024-04-21,Tiendas Físicas,9,Promotor,1,0
13000000443,2024-04-22,Tienda Online,7,Pasivo,0,0
13000000444,2024-04-22,Tienda Online,9,Promotor,1,0
13000000445,2024-04-22,Tienda Online,10,Promotor,1,0
13000000446,2024-04-22,Tienda Online,8,Pasivo,0,0
13000000447,2024-04-22,Tienda Online,10,Promotor,1,0
13000000448,2024-04-23,Tienda Online,8,Pasivo,0,0
13000000449,2024-04-23,Tienda Online,9,Promotor,1,0
13000000450,2024-04-23,Tienda Online,7,Pasivo,0,0
13000000451,2024-04-23,Tiendas Físicas,8,Pasivo,0,0
13000000452,2024-04-23,Tiendas Físicas,9,Promotor,1,0
13000000453,2024-04-23,Tienda Online,9,Promotor,1,0
13000000454,2024-04-24,Tiendas Físicas,10,Promotor,1,0
13000000455,2024-04-24,Tienda Online,5,Detractor,0,1
13000000456,2024-04-25,Tiendas Físicas,9,Promotor,1,0
13000000457,2024-04-25,Tienda Online,5,Detractor,0,1
13000000458,2024-04-25,Tienda Online,6,Detractor,0,1
13000000459,2024-04-26,Tienda Online,10,Promotor,1,0
13000000460,2024-04-26,Tiendas Físicas,5,Detractor,0,1
13000000461,2024-04-26,Tienda Online,10,Promotor,1,0
13000000462,2024-04-27,Tiendas Físicas,8,Pasivo,0,0
13000000463,2024-04-27,Tiendas Físicas,10,Promotor,1,0
13000000464,2024-04-27,Tiendas Físicas,10,Promotor,1,0
13000000465,2024-04-27,Tiendas Físicas,8,Pasivo,0,0
13000000466,2024-04-29,Tienda Online,6,Detractor,0,1
13000000467,2024-04-30,Tienda Online,6,Detractor,0,1
13000000468,2024-04-30,Tiendas Físicas,9,Promotor,1,0
13000000469,2024-05-01,Tiendas Físicas,9,Promotor,1,0
13000000470,2024-05-01,Tiendas Físicas,9,Promotor,1,0
13000000471,2024-05-01,Tienda Online,10,Promotor,1,0
13000000472,2024-05-02,Tiendas Físicas,9,Promotor,1,0
13000000473,2024-05-02,Tienda Online,8,Pasivo,0,0
13000000474,2024-05-02,Tienda Online,8,Pasivo,0,0
13000000475,2024-05-02,Tienda Online,7,Pasivo,0,0
13000000476,2024-05-02,Tienda Online,6,Detractor,0,1
13000000477,2024-05-03,Tienda Online,7,Pasivo,0,0
13000000478,2024-05-03,Tienda Online,7,Pasivo,0,0
13000000479,2024-05-03,Tienda Online,10,Promotor,1,0
13000000480,2024-05-03,Tienda Online,10,Promotor,1,0
13000000481,2024-05-03,Tienda Online,8,Pasivo,0,0
13000000482,2024-05-03,Tienda Online,8,Pasivo,0,0
13000000483,2024-05-04,Tiendas Físicas,6,Detractor,0,1
13000000484,2024-05-05,Tiendas Físicas,6,Detractor,0,1
13000000485,2024-05-05,Tiendas Físicas,10,Promotor,1,0
13000000486,2024-05-06,Tiendas Físicas,8,Pasivo,0,0
13000000487,2024-05-07,Tienda Online,8,Pasivo,0,0
13000000488,2024-05-07,Tienda Online,7,Pasivo,0,0
13000000489,2024-05-07,Tienda Online,4,Detractor,0,1
13000000490,2024-05-07,Tienda Online,9,Promotor,1,0
13000000491,2024-05-07,Tienda Online,10,Promotor,1,0
13000000492,2024-05-07,Tienda Online,3,Detractor,0,1
13000000493,2024-05-07,Tienda Online,9,Promotor,1,0
13000000494,2024-05-07,Tienda Online,8,Pasivo,0,0
13000000495,2024-05-08,Tienda Online,7,Pasivo,0,0
13000000496,2024-05-08,Tiendas Físicas,7,Pasivo,0,0
13000000497,2024-05-08,Tiendas Físicas,10,Promotor,1,0
13000000498,2024-05-09,Tiendas Físicas,4,Detractor,0,1
13000000499,2024-05-09,Tienda Online,9,Promotor,1,0
13000000500,2024-05-09,Tienda Online,8,Pasivo,0,0
13000000501,2024-05-09,Tienda Online,9,Promotor,1,0
13000000502,2024-05-10,Tienda Online,7,Pasivo,0,0
13000000503,2024-05-10,Tienda Online,10,Promotor,1,0
13000000504,2024-05-11,Tienda Online,4,Detractor,0,1
13000000505,2024-05-11,Tiendas Físicas,10,Promotor,1,0
13000000506,2024-05-11,Tiendas Físicas,7,Pasivo,0,0
13000000507,2024-05-11,Tiendas Físicas,10,Promotor,1,0
13000000508,2024-05-11,Tiendas Físicas,8,Pasivo,0,0
13000000509,2024-05-12,Tiendas Físicas,10,Promotor,1,0
13000000510,2024-05-12,Tiendas Físicas,8,Pasivo,0,0
13000000511,2024-05-13,Tiendas Físicas,10,Promotor,1,0
13000000512,2024-05-13,Tienda Online,10,Promotor,1,0
13000000513,2024-05-13,Tienda Online,5,Detractor,0,1
13000000514,2024-05-13,Tienda Online,3,Detractor,0,1
13000000515,2024-05-13,Tienda Online,8,Pasivo,0,0
13000000516,2024-05-13,Tienda Online,9,Promotor,1,0
13000000517,2024-05-13,Tiendas Físicas,10,Promotor,1,0
13000000518,2024-05-13,Tienda Online,7,Pasivo,0,0
13000000519,2024-05-13,Tienda Online,9,Promotor,1,0
13000000520,2024-05-13,Tienda Online,10,Promotor,1,0
13000000521,2024-05-14,Tiendas Físicas,10,Promotor,1,0
13000000522,2024-05-15,Tienda Online,6,Detractor,0,1
13000000523,2024-05-15,Tienda Online,7,Pasivo,0,0
13000000524,2024-05-15,Tienda Online,7,Pasivo,0,0
13000000525,2024-05-15,Tienda Online,7,Pasivo,0,0
13000000526,2024-05-15,Tienda Online,10,Promotor,1,0
13000000527,2024-05-15,Tiendas Físicas,8,Pasivo,0,0
13000000528,2024-05-15,Tiendas Físicas,10,Promotor,1,0
13000000529,2024-05-15,Tienda Online,6,Detractor,0,1
13000000530,2024-05-15,Tienda Online,8,Pasivo,0,0
13000000531,2024-05-16,Tienda Online,10,Promotor,1,0
13000000532,2024-05-16,Tiendas Físicas,10,Promotor,1,0
13000000533,2024-05-16,Tienda Online,8,Pasivo,0,0
13000000534,2024-05-16,Tiendas Físicas,10,Promotor,1,0
13000000535,2024-05-17,Tiendas Físicas,10,Promotor,1,0
13000000536,2024-05-17,Tienda Online,7,Pasivo,0,0
13000000537,2024-05-17,Tienda Online,8,Pasivo,0,0
13000000538,2024-05-18,Tiendas Físicas,10,Promotor,1,0
13000000539,2024-05-19,Tiendas Físicas,10,Promotor,1,0
13000000540,2024-05-19,Tienda Online,10,Promotor,1,0
13000000541,2024-05-19,Tiendas Físicas,10,Promotor,1,0
13000000542,2024-05-21,Tiendas Físicas,8,Pasivo,0,0
13000000543,2024-05-21,Tienda Online,8,Pasivo,0,0
13000000544,2024-05-21,Tiendas Físicas,8,Pasivo,0,0
13000000545,2024-05-22,Tienda Online,9,Promotor,1,0
13000000546,2024-05-23,Tienda Online,9,Promotor,1,0
13000000547,2024-05-23,Tienda Online,10,Promotor,1,0
13000000548,2024-05-23,Tiendas Físicas,8,Pasivo,0,0
13000000549,2024-05-23,Tiendas Físicas,8,Pasivo,0,0
13000000550,2024-05-23,Tiendas Físicas,9,Promotor,1,0
13000000551,2024-05-23,Tienda Online,8,Pasivo,0,0
13000000552,2024-05-23,Tienda Online,8,Pasivo,0,0
13000000553,2024-05-23,Tiendas Físicas,10,Promotor,1,0
13000000554,2024-05-24,Tiendas Físicas,7,Pasivo,0,0
13000000555,2024-05-24,Tienda Online,10,Promotor,1,0
13000000556,2024-05-24,Tienda Online,7,Pasivo,0,0
13000000557,2024-05-24,Tienda Online,9,Promotor,1,0
13000000558,2024-05-24,Tiendas Físicas,6,Detractor,0,1
13000000559,2024-05-25,Tiendas Físicas,10,Promotor,1,0
13000000560,2024-05-25,Tienda Online,10,Promotor,1,0
13000000561,2024-05-25,Tiendas Físicas,10,Promotor,1,0
13000000562,2024-05-25,Tiendas Físicas,8,Pasivo,0,0
13000000563,2024-05-26,Tiendas Físicas,6,Detractor,0,1
13000000564,2024-05-27,Tienda Online,8,Pasivo,0,0
13000000565,2024-05-27,Tienda Online,7,Pasivo,0,0
13000000566,2024-05-28,Tiendas Físicas,10,Promotor,1,0
13000000567,2024-05-28,Tienda Online,10,Promotor,1,0
13000000568,2024-05-28,Tienda Online,10,Promotor,1,0
13000000569,2024-05-28,Tienda Online,10,Promotor,1,0
13000000570,2024-05-28,Tienda Online,8,Pasivo,0,0
13000000571,2024-05-28,Tiendas Físicas,10,Promotor,1,0
13000000572,2024-05-28,Tienda Online,7,Pasivo,0,0
13000000573,2024-05-28,Tiendas Físicas,10,Promotor,1,0
13000000574,2024-05-28,Tienda Online,9,Promotor,1,0
13000000575,2024-05-28,Tienda Online,9,Promotor,1,0
13000000576,2024-05-28,Tienda Online,9,Promotor,1,0
13000000577,2024-05-28,Tienda Online,9,Promotor,1,0
13000000578,2024-05-28,Tienda Online,4,Detractor,0,1
13000000579,2024-05-29,Tienda Online,9,Promotor,1,0
13000000580,2024-05-29,Tienda Online,10,Promotor,1,0
13000000581,2024-05-29,Tienda Online,6,Detractor,0,1
13000000582,2024-05-29,Tienda Online,5,Detractor,0,1
13000000583,2024-05-29,Tienda Online,8,Pasivo,0,0
13000000584,2024-05-29,Tiendas Físicas,10,Promotor,1,0
13000000585,2024-05-29,Tiendas Físicas,7,Pasivo,0,0
13000000586,2024-05-29,Tienda Online,10,Promotor,1,0
13000000587,2024-05-30,Tienda Online,8,Pasivo,0,0
13000000588,2024-05-30,Tienda Online,5,Detractor,0,1
13000000589,2024-05-30,Tiendas Físicas,6,Detractor,0,1
13000000590,2024-05-30,Tienda Online,5,Detractor,0,1
13000000591,2024-05-30,Tiendas Físicas,7,Pasivo,0,0
13000000592,2024-05-30,Tiendas Físicas,10,Promotor,1,0
13000000593,2024-05-30,Tienda Online,10,Promotor,1,0
13000000594,2024-05-30,Tiendas Físicas,6,Detractor,0,1
13000000595,2024-05-30,Tienda Online,9,Promotor,1,0
13000000596,2024-05-30,Tienda Online,7,Pasivo,0,0
13000000597,2024-05-30,Tienda Online,8,Pasivo,0,0
13000000598,2024-05-30,Tienda Online,8,Pasivo,0,0
13000000599,2024-05-31,Tiendas Físicas,8,Pasivo,0,0
13000000600,2024-05-31,Tienda Online,7,Pasivo,0,0
13000000601,2024-05-31,Tiendas Físicas,8,Pasivo,0,0
13000000602,2024-05-31,Tienda Online,8,Pasivo,0,0
13000000603,2024-06-01,Tiendas Físicas,8,Pasivo,0,0
13000000604,2024-06-01,Tiendas Físicas,7,Pasivo,0,0
13000000605,2024-06-01,Tiendas Físicas,10,Promotor,1,0
13000000606,2024-06-02,Tiendas Físicas,10,Promotor,1,0
13000000607,2024-06-02,Tiendas Físicas,9,Promotor,1,0
13000000608,2024-06-03,Tienda Online,7,Pasivo,0,0
13000000609,2024-06-03,Tienda Online,7,Pasivo,0,0
13000000610,2024-06-03,Tiendas Físicas,10,Promotor,1,0
13000000611,2024-06-03,Tienda Online,10,Promotor,1,0
13000000612,2024-06-04,Tienda Online,10,Promotor,1,0
13000000613,2024-06-04,Tienda Online,4,Detractor,0,1
13000000614,2024-06-04,Tiendas Físicas,10,Promotor,1,0
13000000615,2024-06-05,Tiendas Físicas,10,Promotor,1,0
13000000616,2024-06-05,Tienda Online,6,Detractor,0,1
13000000617,2024-06-05,Tienda Online,5,Detractor,0,1
13000000618,2024-06-05,Tiendas Físicas,10,Promotor,1,0
13000000619,2024-06-06,Tienda Online,7,Pasivo,0,0
13000000620,2024-06-06,Tiendas Físicas,9,Promotor,1,0
13000000621,2024-06-06,Tienda Online,10,Promotor,1,0
13000000622,2024-06-06,Tienda Online,10,Promotor,1,0
13000000623,2024-06-06,Tienda Online,10,Promotor,1,0
13000000624,2024-06-06,Tienda Online,8,Pasivo,0,0
13000000625,2024-06-06,Tienda Online,8,Pasivo,0,0
13000000626,2024-06-06,Tiendas Físicas,4,Detractor,0,1
13000000627,2024-06-06,Tienda Online,6,Detractor,0,1
13000000628,2024-06-06,Tienda Online,9,Promotor,1,0
13000000629,2024-06-06,Tienda Online,9,Promotor,1,0
13000000630,2024-06-06,Tienda Online,5,Detractor,0,1
13000000631,2024-06-07,Tienda Online,6,Detractor,0,1
13000000632,2024-06-07,Tiendas Físicas,10,Promotor,1,0
13000000633,2024-06-07,Tiendas Físicas,8,Pasivo,0,0
13000000634,2024-06-07,Tienda Online,8,Pasivo,0,0
13000000635,2024-06-08,Tiendas Físicas,6,Detractor,0,1
13000000636,2024-06-08,Tienda Online,5,Detractor,0,1
13000000637,2024-06-08,Tiendas Físicas,8,Pasivo,0,0
13000000638,2024-06-09,Tiendas Físicas,7,Pasivo,0,0
13000000639,2024-06-09,Tiendas Físicas,10,Promotor,1,0
13000000640,2024-06-10,Tiendas Físicas,8,Pasivo,0,0
13000000641,2024-06-11,Tiendas Físicas,8,Pasivo,0,0
13000000642,2024-06-11,Tienda Online,9,Promotor,1,0
13000000643,2024-06-12,Tienda Online,10,Promotor,1,0
13000000644,2024-06-12,Tienda Online,9,Promotor,1,0
13000000645,2024-06-12,Tiendas Físicas,8,Pasivo,0,0
13000000646,2024-06-12,Tiendas Físicas,7,Pasivo,0,0
13000000647,2024-06-12,Tienda Online,10,Promotor,1,0
13000000648,2024-06-12,Tiendas Físicas,8,Pasivo,0,0
13000000649,2024-06-12,Tiendas Físicas,8,Pasivo,0,0
13000000650,2024-06-13,Tienda Online,10,Promotor,1,0
13000000651,2024-06-13,Tienda Online,10,Promotor,1,0
13000000652,2024-06-13,Tiendas Físicas,8,Pasivo,0,0
13000000653,2024-06-13,Tienda Online,10,Promotor,1,0
13000000654,2024-06-13,Tienda Online,7,Pasivo,0,0
13000000655,2024-06-13,Tiendas Físicas,7,Pasivo,0,0
13000000656,2024-06-13,Tienda Online,5,Detractor,0,1
13000000657,2024-06-13,Tiendas Físicas,6,Detractor,0,1
13000000658,2024-06-14,Tiendas Físicas,7,Pasivo,0,0
13000000659,2024-06-14,Tienda Online,8,Pasivo,0,0
13000000660,2024-06-14,Tiendas Físicas,10,Promotor,1,0
13000000661,2024-06-14,Tiendas Físicas,10,Promotor,1,0
13000000662,2024-06-14,Tiendas Físicas,6,Detractor,0,1
13000000663,2024-06-15,Tiendas Físicas,8,Pasivo,0,0
13000000664,2024-06-15,Tiendas Físicas,9,Promotor,1,0
13000000665,2024-06-15,Tiendas Físicas,9,Promotor,1,0
13000000666,2024-06-15,Tiendas Físicas,9,Promotor,1,0
13000000667,2024-06-15,Tiendas Físicas,6,Detractor,0,1
13000000668,2024-06-15,Tiendas Físicas,9,Promotor,1,0
13000000669,2024-06-15,Tiendas Físicas,10,Promotor,1,0
13000000670,2024-06-15,Tiendas Físicas,10,Promotor,1,0
13000000671,2024-06-16,Tiendas Físicas,10,Promotor,1,0
13000000672,2024-06-16,Tienda Online,10,Promotor,1,0
13000000673,2024-06-16,Tiendas Físicas,8,Pasivo,0,0
13000000674,2024-06-16,Tiendas Físicas,9,Promotor,1,0
13000000675,2024-06-17,Tiendas Físicas,8,Pasivo,0,0
13000000676,2024-06-17,Tienda Online,6,Detractor,0,1
13000000677,2024-06-17,Tienda Online,7,Pasivo,0,0
13000000678,2024-06-17,Tienda Online,7,Pasivo,0,0
13000000679,2024-06-18,Tienda Online,10,Promotor,1,0
13000000680,2024-06-18,Tienda Online,9,Promotor,1,0
13000000681,2024-06-18,Tienda Online,8,Pasivo,0,0
13000000682,2024-06-18,Tienda Online,8,Pasivo,0,0
13000000683,2024-06-18,Tiendas Físicas,10,Promotor,1,0
13000000684,2024-06-19,Tienda Online,7,Pasivo,0,0
13000000685,2024-06-19,Tienda Online,10,Promotor,1,0
13000000686,2024-06-19,Tienda Online,10,Promotor,1,0
13000000687,2024-06-19,Tienda Online,8,Pasivo,0,0
13000000688,2024-06-19,Tienda Online,7,Pasivo,0,0
13000000689,2024-06-19,Tienda Online,10,Promotor,1,0
13000000690,2024-06-19,Tienda Online,8,Pasivo,0,0
13000000691,2024-06-20,Tienda Online,7,Pasivo,0,0
13000000692,2024-06-20,Tienda Online,9,Promotor,1,0
13000000693,2024-06-20,Tienda Online,7,Pasivo,0,0
13000000694,2024-06-20,Tiendas Físicas,7,Pasivo,0,0
13000000695,2024-06-20,Tienda Online,10,Promotor,1,0
13000000696,2024-06-20,Tienda Online,6,Detractor,0,1
13000000697,2024-06-21,Tienda Online,1,Detractor,0,1
13000000698,2024-06-21,Tienda Online,10,Promotor,1,0
13000000699,2024-06-21,Tienda Online,8,Pasivo,0,0
13000000700,2024-06-21,Tiendas Físicas,6,Detractor,0,1
13000000701,2024-06-21,Tienda Online,9,Promotor,1,0
13000000702,2024-06-21,Tienda Online,8,Pasivo,0,0
13000000703,2024-06-21,Tienda Online,7,Pasivo,0,0
13000000704,2024-06-21,Tienda Online,7,Pasivo,0,0
13000000705,2024-06-21,Tienda Online,9,Promotor,1,0
13000000706,2024-06-22,Tienda Online,7,Pasivo,0,0
13000000707,2024-06-22,Tiendas Físicas,9,Promotor,1,0
13000000708,2024-06-22,Tiendas Físicas,9,Promotor,1,0
13000000709,2024-06-22,Tiendas Físicas,10,Promotor,1,0
13000000710,2024-06-23,Tiendas Físicas,7,Pasivo,0,0
13000000711,2024-06-24,Tienda Online,7,Pasivo,0,0
13000000712,2024-06-24,Tienda Online,10,Promotor,1,0
13000000713,2024-06-24,Tienda Online,8,Pasivo,0,0
13000000714,2024-06-24,Tienda Online,7,Pasivo,0,0
13000000715,2024-06-24,Tienda Online,9,Promotor,1,0
13000000716,2024-06-24,Tienda Online,8,Pasivo,0,0
13000000717,2024-06-25,Tienda Online,9,Promotor,1,0
13000000718,2024-06-25,Tienda Online,8,Pasivo,0,0
13000000719,2024-06-25,Tienda Online,10,Promotor,1,0
13000000720,2024-06-25,Tienda Online,9,Promotor,1,0
13000000721,2024-06-25,Tienda Online,7,Pasivo,0,0
13000000722,2024-06-25,Tiendas Físicas,9,Promotor,1,0
13000000723,2024-06-25,Tiendas Físicas,8,Pasivo,0,0
13000000724,2024-06-26,Tienda Online,6,Detractor,0,1
13000000725,2024-06-26,Tienda Online,10,Promotor,1,0
13000000726,2024-06-26,Tienda Online,9,Promotor,1,0
13000000727,2024-06-26,Tienda Online,6,Detractor,0,1
13000000728,2024-06-26,Tienda Online,10,Promotor,1,0
13000000729,2024-06-27,Tienda Online,10,Promotor,1,0
13000000730,2024-06-27,Tienda Online,8,Pasivo,0,0
13000000731,2024-06-27,Tienda Online,9,Promotor,1,0
13000000732,2024-06-27,Tiendas Físicas,8,Pasivo,0,0
13000000733,2024-06-27,Tienda Online,8,Pasivo,0,0
13000000734,2024-06-27,Tienda Online,8,Pasivo,0,0
13000000735,2024-06-27,Tiendas Físicas,10,Promotor,1,0
13000000736,2024-06-27,Tiendas Físicas,10,Promotor,1,0
13000000737,2024-06-27,Tienda Online,10,Promotor,1,0
13000000738,2024-06-27,Tienda Online,10,Promotor,1,0
13000000739,2024-06-28,Tienda Online,8,Pasivo,0,0
13000000740,2024-06-28,Tienda Online,7,Pasivo,0,0
13000000741,2024-06-28,Tiendas Físicas,8,Pasivo,0,0
13000000742,2024-06-28,Tienda Online,10,Promotor,1,0
13000000743,2024-06-28,Tienda Online,8,Pasivo,0,0
13000000744,2024-06-28,Tienda Online,10,Promotor,1,0
13000000745,2024-06-29,Tienda Online,7,Pasivo,0,0
13000000746,2024-06-29,Tienda Online,8,Pasivo,0,0
13000000747,2024-06-29,Tiendas Físicas,9,Promotor,1,0
13000000748,2024-06-29,Tiendas Físicas,8,Pasivo,0,0
13000000749,2024-06-30,Tiendas Físicas,7,Pasivo,0,0
13000000750,2024-06-30,Tiendas Físicas,7,Pasivo,0,0
13000000751,2024-06-30,Tiendas Físicas,9,Promotor,1,0
13000000752,2024-07-01,Tiendas Físicas,8,Pasivo,0,0
13000000753,2024-07-01,Tienda Online,7,Pasivo,0,0
13000000754,2024-07-03,Tienda Online,10,Promotor,1,0
13000000755,2024-07-03,Tienda Online,7,Pasivo,0,0
13000000756,2024-07-03,Tiendas Físicas,9,Promotor,1,0
13000000757,2024-07-04,Tienda Online,8,Pasivo,0,0
13000000758,2024-07-04,Tiendas Físicas,10,Promotor,1,0
13000000759,2024-07-05,Tienda Online,10,Promotor,1,0
13000000760,2024-07-05,Tienda Online,5,Detractor,0,1
13000000761,2024-07-05,Tienda Online,3,Detractor,0,1
13000000762,2024-07-05,Tienda Online,10,Promotor,1,0
13000000763,2024-07-05,Tienda Online,10,Promotor,1,0
13000000764,2024-07-05,Tienda Online,10,Promotor,1,0
13000000765,2024-07-06,Tiendas Físicas,10,Promotor,1,0
13000000766,2024-07-06,Tiendas Físicas,7,Pasivo,0,0
13000000767,2024-07-06,Tiendas Físicas,10,Promotor,1,0
13000000768,2024-07-06,Tiendas Físicas,6,Detractor,0,1
13000000769,2024-07-07,Tiendas Físicas,9,Promotor,1,0
13000000770,2024-07-08,Tiendas Físicas,6,Detractor,0,1
13000000771,2024-07-08,Tiendas Físicas,10,Promotor,1,0
13000000772,2024-07-08,Tienda Online,7,Pasivo,0,0
13000000773,2024-07-08,Tienda Online,8,Pasivo,0,0
13000000774,2024-07-09,Tienda Online,10,Promotor,1,0
13000000775,2024-07-09,Tienda Online,7,Pasivo,0,0
13000000776,2024-07-09,Tienda Online,8,Pasivo,0,0
13000000777,2024-07-09,Tienda Online,10,Promotor,1,0
13000000778,2024-07-10,Tienda Online,8,Pasivo,0,0
13000000779,2024-07-10,Tiendas Físicas,10,Promotor,1,0
13000000780,2024-07-10,Tiendas Físicas,9,Promotor,1,0
13000000781,2024-07-11,Tienda Online,8,Pasivo,0,0
13000000782,2024-07-12,Tienda Online,6,Detractor,0,1
13000000783,2024-07-12,Tienda Online,7,Pasivo,0,0
13000000784,2024-07-12,Tiendas Físicas,9,Promotor,1,0
13000000785,2024-07-13,Tiendas Físicas,9,Promotor,1,0
13000000786,2024-07-13,Tiendas Físicas,8,Pasivo,0,0
13000000787,2024-07-15,Tiendas Físicas,8,Pasivo,0,0
13000000788,2024-07-15,Tienda Online,8,Pasivo,0,0
13000000789,2024-07-16,Tienda Online,4,Detractor,0,1
13000000790,2024-07-17,Tienda Online,6,Detractor,0,1
13000000791,2024-07-17,Tienda Online,6,Detractor,0,1
13000000792,2024-07-17,Tiendas Físicas,10,Promotor,1,0
13000000793,2024-07-17,Tiendas Físicas,10,Promotor,1,0
13000000794,2024-07-18,Tienda Online,5,Detractor,0,1
13000000795,2024-07-18,Tienda Online,10,Promotor,1,0
13000000796,2024-07-18,Tiendas Físicas,9,Promotor,1,0
13000000797,2024-07-18,Tienda Online,6,Detractor,0,1
13000000798,2024-07-18,Tienda Online,9,Promotor,1,0
13000000799,2024-07-19,Tiendas Físicas,9,Promotor,1,0
13000000800,2024-07-19,Tienda Online,6,Detractor,0,1
13000000801,2024-07-19,Tienda Online,6,Detractor,0,1
13000000802,2024-07-19,Tienda Online,10,Promotor,1,0
13000000803,2024-07-19,Tiendas Físicas,8,Pasivo,0,0
13000000804,2024-07-19,Tiendas Físicas,8,Pasivo,0,0
13000000805,2024-07-19,Tienda Online,10,Promotor,1,0
13000000806,2024-07-19,Tienda Online,6,Detractor,0,1
13000000807,2024-07-19,Tienda Online,8,Pasivo,0,0
13000000808,2024-07-20,Tiendas Físicas,8,Pasivo,0,0
13000000809,2024-07-21,Tiendas Físicas,6,Detractor,0,1
13000000810,2024-07-21,Tiendas Físicas,10,Promotor,1,0
13000000811,2024-07-21,Tiendas Físicas,8,Pasivo,0,0
13000000812,2024-07-21,Tiendas Físicas,7,Pasivo,0,0
13000000813,2024-07-21,Tiendas Físicas,3,Detractor,0,1
13000000814,2024-07-22,Tiendas Físicas,6,Detractor,0,1
13000000815,2024-07-22,Tiendas Físicas,5,Detractor,0,1
13000000816,2024-07-23,Tienda Online,4,Detractor,0,1
13000000817,2024-07-23,Tiendas Físicas,9,Promotor,1,0
13000000818,2024-07-23,Tienda Online,4,Detractor,0,1
13000000819,2024-07-23,Tienda Online,4,Detractor,0,1
13000000820,2024-07-24,Tienda Online,9,Promotor,1,0
13000000821,2024-07-24,Tiendas Físicas,10,Promotor,1,0
13000000822,2024-07-24,Tienda Online,10,Promotor,1,0
13000000823,2024-07-24,Tiendas Físicas,6,Detractor,0,1
13000000824,2024-07-24,Tiendas Físicas,9,Promotor,1,0
13000000825,2024-07-25,Tienda Online,3,Detractor,0,1
13000000826,2024-07-25,Tiendas Físicas,10,Promotor,1,0
13000000827,2024-07-25,Tienda Online,4,Detractor,0,1
13000000828,2024-07-25,Tienda Online,7,Pasivo,0,0
13000000829,2024-07-25,Tienda Online,9,Promotor,1,0
13000000830,2024-07-26,Tiendas Físicas,5,Detractor,0,1
13000000831,2024-07-26,Tiendas Físicas,8,Pasivo,0,0
13000000832,2024-07-27,Tienda Online,7,Pasivo,0,0
13000000833,2024-07-27,Tiendas Físicas,8,Pasivo,0,0
13000000834,2024-07-27,Tiendas Físicas,7,Pasivo,0,0
13000000835,2024-07-28,Tiendas Físicas,10,Promotor,1,0
13000000836,2024-07-28,Tiendas Físicas,10,Promotor,1,0
13000000837,2024-07-28,Tiendas Físicas,9,Promotor,1,0
13000000838,2024-07-28,Tiendas Físicas,10,Promotor,1,0
13000000839,2024-07-29,Tiendas Físicas,9,Promotor,1,0
13000000840,2024-07-29,Tiendas Físicas,10,Promotor,1,0
13000000841,2024-07-29,Tiendas Físicas,8,Pasivo,0,0
13000000842,2024-07-30,Tienda Online,10,Promotor,1,0
13000000843,2024-07-30,Tienda Online,7,Pasivo,0,0
13000000844,2024-07-30,Tienda Online,10,Promotor,1,0
13000000845,2024-07-31,Tienda Online,4,Detractor,0,1
13000000846,2024-07-31,Tienda Online,1,Detractor,0,1
13000000847,2024-07-31,Tienda Online,1,Detractor,0,1
13000000848,2024-07-31,Tiendas Físicas,10,Promotor,1,0
13000000849,2024-08-01,Tienda Online,9,Promotor,1,0
13000000850,2024-08-01,Tienda Online,9,Promotor,1,0
13000000851,2024-08-01,Tiendas Físicas,10,Promotor,1,0
13000000852,2024-08-02,Tienda Online,8,Pasivo,0,0
13000000853,2024-08-02,Tiendas Físicas,10,Promotor,1,0
13000000854,2024-08-02,Tiendas Físicas,8,Pasivo,0,0
13000000855,2024-08-02,Tiendas Físicas,10,Promotor,1,0
13000000856,2024-08-02,Tienda Online,5,Detractor,0,1
13000000857,2024-08-03,Tiendas Físicas,10,Promotor,1,0
13000000858,2024-08-03,Tienda Online,10,Promotor,1,0
13000000859,2024-08-04,Tiendas Físicas,7,Pasivo,0,0
13000000860,2024-08-04,Tiendas Físicas,9,Promotor,1,0
13000000861,2024-08-04,Tiendas Físicas,6,Detractor,0,1
13000000862,2024-08-05,Tiendas Físicas,8,Pasivo,0,0
13000000863,2024-08-05,Tienda Online,5,Detractor,0,1
13000000864,2024-08-06,Tiendas Físicas,4,Detractor,0,1
13000000865,2024-08-06,Tiendas Físicas,10,Promotor,1,0
13000000866,2024-08-07,Tiendas Físicas,8,Pasivo,0,0
13000000867,2024-08-07,Tienda Online,8,Pasivo,0,0
13000000868,2024-08-07,Tienda Online,3,Detractor,0,1
13000000869,2024-08-07,Tienda Online,9,Promotor,1,0
13000000870,2024-08-07,Tienda Online,5,Detractor,0,1
13000000871,2024-08-07,Tienda Online,5,Detractor,0,1
13000000872,2024-08-08,Tiendas Físicas,10,Promotor,1,0
13000000873,2024-08-08,Tienda Online,8,Pasivo,0,0
13000000874,2024-08-08,Tiendas Físicas,8,Pasivo,0,0
13000000875,2024-08-08,Tienda Online,10,Promotor,1,0
13000000876,2024-08-08,Tienda Online,5,Detractor,0,1
13000000877,2024-08-09,Tienda Online,6,Detractor,0,1
13000000878,2024-08-09,Tienda Online,8,Pasivo,0,0
13000000879,2024-08-09,Tiendas Físicas,5,Detractor,0,1
13000000880,2024-08-09,Tienda Online,9,Promotor,1,0
13000000881,2024-08-09,Tiendas Físicas,10,Promotor,1,0
13000000882,2024-08-09,Tiendas Físicas,7,Pasivo,0,0
13000000883,2024-08-10,Tiendas Físicas,9,Promotor,1,0
13000000884,2024-08-10,Tiendas Físicas,8,Pasivo,0,0
13000000885,2024-08-10,Tiendas Físicas,8,Pasivo,0,0
13000000886,2024-08-10,Tienda Online,8,Pasivo,0,0
13000000887,2024-08-11,Tiendas Físicas,9,Promotor,1,0
13000000888,2024-08-11,Tiendas Físicas,9,Promotor,1,0
13000000889,2024-08-11,Tiendas Físicas,10,Promotor,1,0
13000000890,2024-08-12,Tienda Online,3,Detractor,0,1
13000000891,2024-08-12,Tiendas Físicas,10,Promotor,1,0
13000000892,2024-08-13,Tienda Online,0,Detractor,0,1
13000000893,2024-08-13,Tienda Online,7,Pasivo,0,0
13000000894,2024-08-13,Tienda Online,4,Detractor,0,1
13000000895,2024-08-13,Tienda Online,8,Pasivo,0,0
13000000896,2024-08-14,Tiendas Físicas,9,Promotor,1,0
13000000897,2024-08-14,Tienda Online,2,Detractor,0,1
13000000898,2024-08-14,Tiendas Físicas,9,Promotor,1,0
13000000899,2024-08-14,Tienda Online,6,Detractor,0,1
13000000900,2024-08-14,Tienda Online,10,Promotor,1,0
13000000901,2024-08-14,Tienda Online,9,Promotor,1,0
13000000902,2024-08-15,Tienda Online,7,Pasivo,0,0
13000000903,2024-08-15,Tienda Online,8,Pasivo,0,0
13000000904,2024-08-15,Tienda Online,7,Pasivo,0,0
13000000905,2024-08-16,Tienda Online,6,Detractor,0,1
13000000906,2024-08-16,Tiendas Físicas,8,Pasivo,0,0
13000000907,2024-08-16,Tienda Online,7,Pasivo,0,0
13000000908,2024-08-16,Tienda Online,4,Detractor,0,1
13000000909,2024-08-16,Tiendas Físicas,9,Promotor,1,0
13000000910,2024-08-16,Tiendas Físicas,9,Promotor,1,0
13000000911,2024-08-16,Tienda Online,8,Pasivo,0,0
13000000912,2024-08-16,Tienda Online,10,Promotor,1,0
13000000913,2024-08-17,Tiendas Físicas,8,Pasivo,0,0
13000000914,2024-08-17,Tienda Online,6,Detractor,0,1
13000000915,2024-08-17,Tienda Online,6,Detractor,0,1
13000000916,2024-08-17,Tiendas Físicas,7,Pasivo,0,0
13000000917,2024-08-17,Tiendas Físicas,9,Promotor,1,0
13000000918,2024-08-17,Tiendas Físicas,10,Promotor,1,0
13000000919,2024-08-18,Tiendas Físicas,9,Promotor,1,0
13000000920,2024-08-18,Tiendas Físicas,8,Pasivo,0,0
13000000921,2024-08-19,Tiendas Físicas,9,Promotor,1,0
13000000922,2024-08-19,Tienda Online,6,Detractor,0,1
13000000923,2024-08-19,Tienda Online,8,Pasivo,0,0
13000000924,2024-08-19,Tienda Online,0,Detractor,0,1
13000000925,2024-08-20,Tiendas Físicas,8,Pasivo,0,0
13000000926,2024-08-21,Tienda Online,3,Detractor,0,1
13000000927,2024-08-21,Tienda Online,9,Promotor,1,0
13000000928,2024-08-21,Tiendas Físicas,9,Promotor,1,0
13000000929,2024-08-22,Tiendas Físicas,5,Detractor,0,1
13000000930,2024-08-22,Tienda Online,4,Detractor,0,1
13000000931,2024-08-22,Tienda Online,7,Pasivo,0,0
13000000932,2024-08-23,Tienda Online,9,Promotor,1,0
13000000933,2024-08-23,Tienda Online,4,Detractor,0,1
13000000934,2024-08-23,Tiendas Físicas,10,Promotor,1,0
13000000935,2024-08-23,Tienda Online,10,Promotor,1,0
13000000936,2024-08-24,Tiendas Físicas,10,Promotor,1,0
13000000937,2024-08-24,Tiendas Físicas,9,Promotor,1,0
13000000938,2024-08-24,Tiendas Físicas,5,Detractor,0,1
13000000939,2024-08-24,Tiendas Físicas,7,Pasivo,0,0
13000000940,2024-08-24,Tiendas Físicas,10,Promotor,1,0
13000000941,2024-08-26,Tiendas Físicas,8,Pasivo,0,0
13000000942,2024-08-26,Tienda Online,4,Detractor,0,1
13000000943,2024-08-27,Tienda Online,6,Detractor,0,1
13000000944,2024-08-27,Tienda Online,9,Promotor,1,0
13000000945,2024-08-27,Tienda Online,6,Detractor,0,1
13000000946,2024-08-28,Tienda Online,4,Detractor,0,1
13000000947,2024-08-28,Tienda Online,0,Detractor,0,1
13000000948,2024-08-28,Tienda Online,9,Promotor,1,0
13000000949,2024-08-28,Tienda Online,10,Promotor,1,0
13000000950,2024-08-28,Tienda Online,8,Pasivo,0,0
13000000951,2024-08-28,Tiendas Físicas,7,Pasivo,0,0
13000000952,2024-08-29,Tiendas Físicas,10,Promotor,1,0
13000000953,2024-08-29,Tiendas Físicas,8,Pasivo,0,0
13000000954,2024-08-29,Tienda Online,5,Detractor,0,1
13000000955,2024-08-29,Tienda Online,10,Promotor,1,0
13000000956,2024-08-29,Tiendas Físicas,8,Pasivo,0,0
13000000957,2024-08-29,Tienda Online,5,Detractor,0,1
13000000958,2024-08-29,Tienda Online,6,Detractor,0,1
13000000959,2024-08-29,Tiendas Físicas,10,Promotor,1,0
13000000960,2024-08-29,Tienda Online,6,Detractor,0,1
13000000961,2024-08-29,Tienda Online,5,Detractor,0,1
13000000962,2024-08-30,Tienda Online,5,Detractor,0,1
13000000963,2024-08-30,Tienda Online,7,Pasivo,0,0
13000000964,2024-08-30,Tiendas Físicas,10,Promotor,1,0
13000000965,2024-08-30,Tienda Online,8,Pasivo,0,0
13000000966,2024-08-30,Tienda Online,7,Pasivo,0,0
13000000967,2024-08-30,Tienda Online,6,Detractor,0,1
13000000968,2024-08-30,Tienda Online,6,Detractor,0,1
13000000969,2024-09-01,Tiendas Físicas,9,Promotor,1,0
13000000970,2024-09-01,Tiendas Físicas,8,Pasivo,0,0
13000000971,2024-09-01,Tiendas Físicas,7,Pasivo,0,0
13000000972,2024-09-01,Tiendas Físicas,9,Promotor,1,0
13000000973,2024-09-01,Tiendas Físicas,10,Promotor,1,0
13000000974,2024-09-02,Tiendas Físicas,10,Promotor,1,0
13000000975,2024-09-02,Tiendas Físicas,10,Promotor,1,0
13000000976,2024-09-02,Tienda Online,8,Pasivo,0,0
13000000977,2024-09-02,Tienda Online,6,Detractor,0,1
13000000978,2024-09-02,Tienda Online,9,Promotor,1,0
13000000979,2024-09-02,Tienda Online,3,Detractor,0,1
13000000980,2024-09-02,Tienda Online,6,Detractor,0,1
13000000981,2024-09-02,Tienda Online,3,Detractor,0,1
13000000982,2024-09-02,Tienda Online,8,Pasivo,0,0
13000000983,2024-09-03,Tienda Online,3,Detractor,0,1
13000000984,2024-09-03,Tiendas Físicas,8,Pasivo,0,0
13000000985,2024-09-03,Tiendas Físicas,6,Detractor,0,1
13000000986,2024-09-03,Tiendas Físicas,10,Promotor,1,0
13000000987,2024-09-03,Tiendas Físicas,8,Pasivo,0,0
13000000988,2024-09-03,Tienda Online,5,Detractor,0,1
13000000989,2024-09-03,Tiendas Físicas,10,Promotor,1,0
13000000990,2024-09-04,Tiendas Físicas,8,Pasivo,0,0
13000000991,2024-09-04,Tienda Online,7,Pasivo,0,0
13000000992,2024-09-04,Tienda Online,4,Detractor,0,1
13000000993,2024-09-04,Tiendas Físicas,10,Promotor,1,0
13000000994,2024-09-05,Tienda Online,5,Detractor,0,1
13000000995,2024-09-05,Tienda Online,5,Detractor,0,1
13000000996,2024-09-05,Tienda Online,7,Pasivo,0,0
13000000997,2024-09-05,Tiendas Físicas,6,Detractor,0,1
13000000998,2024-09-05,Tienda Online,5,Detractor,0,1
13000000999,2024-09-05,Tiendas Físicas,6,Detractor,0,1
13000001000,2024-09-06,Tiendas Físicas,8,Pasivo,0,0
13000001001,2024-09-06,Tienda Online,8,Pasivo,0,0
13000001002,2024-09-06,Tienda Online,2,Detractor,0,1
13000001003,2024-09-06,Tienda Online,5,Detractor,0,1
13000001004,2024-09-06,Tienda Online,6,Detractor,0,1
13000001005,2024-09-06,Tiendas Físicas,10,Promotor,1,0
13000001006,2024-09-06,Tienda Online,6,Detractor,0,1
13000001007,2024-09-06,Tienda Online,7,Pasivo,0,0
13000001008,2024-09-06,Tienda Online,6,Detractor,0,1
13000001009,2024-09-07,Tiendas Físicas,9,Promotor,1,0
13000001010,2024-09-07,Tienda Online,10,Promotor,1,0
13000001011,2024-09-07,Tiendas Físicas,8,Pasivo,0,0
13000001012,2024-09-07,Tiendas Físicas,10,Promotor,1,0
13000001013,2024-09-07,Tienda Online,6,Detractor,0,1
13000001014,2024-09-08,Tiendas Físicas,7,Pasivo,0,0
13000001015,2024-09-08,Tiendas Físicas,8,Pasivo,0,0
13000001016,2024-09-09,Tienda Online,3,Detractor,0,1
13000001017,2024-09-10,Tiendas Físicas,8,Pasivo,0,0
13000001018,2024-09-10,Tienda Online,4,Detractor,0,1
13000001019,2024-09-10,Tienda Online,2,Detractor,0,1
13000001020,2024-09-10,Tiendas Físicas,8,Pasivo,0,0
13000001021,2024-09-10,Tienda Online,5,Detractor,0,1
13000001022,2024-09-10,Tiendas Físicas,10,Promotor,1,0
13000001023,2024-09-10,Tienda Online,10,Promotor,1,0
13000001024,2024-09-11,Tiendas Físicas,4,Detractor,0,1
13000001025,2024-09-11,Tiendas Físicas,4,Detractor,0,1
13000001026,2024-09-11,Tienda Online,7,Pasivo,0,0
13000001027,2024-09-11,Tiendas Físicas,8,Pasivo,0,0
13000001028,2024-09-11,Tienda Online,6,Detractor,0,1
13000001029,2024-09-11,Tienda Online,8,Pasivo,0,0
13000001030,2024-09-11,Tienda Online,9,Promotor,1,0
13000001031,2024-09-11,Tienda Online,8,Pasivo,0,0
13000001032,2024-09-12,Tienda Online,8,Pasivo,0,0
13000001033,2024-09-12,Tienda Online,8,Pasivo,0,0
13000001034,2024-09-12,Tienda Online,7,Pasivo,0,0
13000001035,2024-09-12,Tienda Online,10,Promotor,1,0
13000001036,2024-09-12,Tienda Online,4,Detractor,0,1
13000001037,2024-09-12,Tienda Online,5,Detractor,0,1
13000001038,2024-09-12,Tienda Online,7,Pasivo,0,0
13000001039,2024-09-12,Tiendas Físicas,7,Pasivo,0,0
13000001040,2024-09-12,Tienda Online,8,Pasivo,0,0
13000001041,2024-09-12,Tienda Online,4,Detractor,0,1
13000001042,2024-09-12,Tienda Online,5,Detractor,0,1
13000001043,2024-09-13,Tienda Online,8,Pasivo,0,0
13000001044,2024-09-13,Tienda Online,8,Pasivo,0,0
13000001045,2024-09-13,Tienda Online,10,Promotor,1,0
13000001046,2024-09-13,Tienda Online,5,Detractor,0,1
13000001047,2024-09-13,Tiendas Físicas,10,Promotor,1,0
13000001048,2024-09-13,Tienda Online,9,Promotor,1,0
13000001049,2024-09-13,Tienda Online,9,Promotor,1,0
13000001050,2024-09-13,Tienda Online,2,Detractor,0,1
13000001051,2024-09-13,Tienda Online,10,Promotor,1,0
13000001052,2024-09-13,Tienda Online,10,Promotor,1,0
13000001053,2024-09-13,Tienda Online,8,Pasivo,0,0
13000001054,2024-09-13,Tienda Online,7,Pasivo,0,0
13000001055,2024-09-13,Tienda Online,7,Pasivo,0,0
13000001056,2024-09-14,Tienda Online,7,Pasivo,0,0
13000001057,2024-09-14,Tiendas Físicas,8,Pasivo,0,0
13000001058,2024-09-15,Tiendas Físicas,6,Detractor,0,1
13000001059,2024-09-15,Tiendas Físicas,9,Promotor,1,0
13000001060,2024-09-16,Tiendas Físicas,9,Promotor,1,0
13000001061,2024-09-16,Tienda Online,1,Detractor,0,1
13000001062,2024-09-16,Tienda Online,2,Detractor,0,1
13000001063,2024-09-16,Tienda Online,1,Detractor,0,1
13000001064,2024-09-16,Tienda Online,5,Detractor,0,1
13000001065,2024-09-17,Tienda Online,9,Promotor,1,0
13000001066,2024-09-17,Tiendas Físicas,5,Detractor,0,1
13000001067,2024-09-17,Tienda Online,10,Promotor,1,0
13000001068,2024-09-17,Tiendas Físicas,8,Pasivo,0,0
13000001069,2024-09-18,Tiendas Físicas,5,Detractor,0,1
13000001070,2024-09-18,Tienda Online,10,Promotor,1,0
13000001071,2024-09-18,Tienda Online,5,Detractor,0,1
13000001072,2024-09-18,Tienda Online,9,Promotor,1,0
13000001073,2024-09-18,Tienda Online,10,Promotor,1,0
13000001074,2024-09-18,Tienda Online,10,Promotor,1,0
13000001075,2024-09-18,Tiendas Físicas,9,Promotor,1,0
13000001076,2024-09-18,Tienda Online,6,Detractor,0,1
13000001077,2024-09-19,Tienda Online,7,Pasivo,0,0
13000001078,2024-09-19,Tienda Online,7,Pasivo,0,0
13000001079,2024-09-19,Tienda Online,10,Promotor,1,0
13000001080,2024-09-19,Tienda Online,10,Promotor,1,0
13000001081,2024-09-20,Tienda Online,9,Promotor,1,0
13000001082,2024-09-20,Tienda Online,7,Pasivo,0,0
13000001083,2024-09-20,Tienda Online,10,Promotor,1,0
13000001084,2024-09-20,Tienda Online,7,Pasivo,0,0
13000001085,2024-09-20,Tienda Online,9,Promotor,1,0
13000001086,2024-09-20,Tienda Online,8,Pasivo,0,0
13000001087,2024-09-20,Tienda Online,10,Promotor,1,0
13000001088,2024-09-20,Tiendas Físicas,9,Promotor,1,0
13000001089,2024-09-20,Tienda Online,8,Pasivo,0,0
13000001090,2024-09-21,Tiendas Físicas,10,Promotor,1,0
13000001091,2024-09-21,Tiendas Físicas,7,Pasivo,0,0
13000001092,2024-09-21,Tienda Online,10,Promotor,1,0
13000001093,2024-09-22,Tiendas Físicas,9,Promotor,1,0
13000001094,2024-09-23,Tienda Online,8,Pasivo,0,0
13000001095,2024-09-23,Tienda Online,7,Pasivo,0,0
13000001096,2024-09-24,Tiendas Físicas,9,Promotor,1,0
13000001097,2024-09-24,Tienda Online,9,Promotor,1,0
13000001098,2024-09-24,Tiendas Físicas,5,Detractor,0,1
13000001099,2024-09-24,Tiendas Físicas,7,Pasivo,0,0
13000001100,2024-09-24,Tiendas Físicas,9,Promotor,1,0
13000001101,2024-09-24,Tiendas Físicas,8,Pasivo,0,0
13000001102,2024-09-25,Tienda Online,6,Detractor,0,1
13000001103,2024-09-25,Tienda Online,8,Pasivo,0,0
13000001104,2024-09-25,Tiendas Físicas,9,Promotor,1,0
13000001105,2024-09-25,Tienda Online,10,Promotor,1,0
13000001106,2024-09-25,Tienda Online,9,Promotor,1,0
13000001107,2024-09-25,Tienda Online,10,Promotor,1,0
13000001108,2024-09-25,Tiendas Físicas,9,Promotor,1,0
13000001109,2024-09-25,Tienda Online,9,Promotor,1,0
13000001110,2024-09-25,Tienda Online,9,Promotor,1,0
13000001111,2024-09-25,Tiendas Físicas,9,Promotor,1,0
13000001112,2024-09-26,Tienda Online,9,Promotor,1,0
13000001113,2024-09-26,Tienda Online,10,Promotor,1,0
13000001114,2024-09-26,Tiendas Físicas,6,Detractor,0,1
13000001115,2024-09-26,Tienda Online,9,Promotor,1,0
13000001116,2024-09-26,Tienda Online,8,Pasivo,0,0
13000001117,2024-09-26,Tiendas Físicas,10,Promotor,1,0
13000001118,2024-09-26,Tienda Online,10,Promotor,1,0
13000001119,2024-09-26,Tienda Online,6,Detractor,0,1
13000001120,2024-09-26,Tiendas Físicas,10,Promotor,1,0
13000001121,2024-09-26,Tiendas Físicas,10,Promotor,1,0
13000001122,2024-09-26,Tienda Online,8,Pasivo,0,0
13000001123,2024-09-26,Tienda Online,7,Pasivo,0,0
13000001124,2024-09-26,Tienda Online,7,Pasivo,0,0
13000001125,2024-09-26,Tienda Online,8,Pasivo,0,0
13000001126,2024-09-27,Tienda Online,7,Pasivo,0,0
13000001127,2024-09-27,Tiendas Físicas,10,Promotor,1,0
13000001128,2024-09-27,Tiendas Físicas,8,Pasivo,0,0
13000001129,2024-09-28,Tiendas Físicas,9,Promotor,1,0
13000001130,2024-09-28,Tienda Online,8,Pasivo,0,0
13000001131,2024-09-29,Tiendas Físicas,9,Promotor,1,0
13000001132,2024-09-29,Tiendas Físicas,10,Promotor,1,0
13000001133,2024-09-29,Tiendas Físicas,10,Promotor,1,0
13000001134,2024-09-29,Tiendas Físicas,7,Pasivo,0,0
13000001135,2024-09-30,Tienda Online,8,Pasivo,0,0
13000001136,2024-09-30,Tienda Online,8,Pasivo,0,0
13000001137,2024-10-01,Tienda Online,5,Detractor,0,1
13000001138,2024-10-01,Tienda Online,9,Promotor,1,0
13000001139,2024-10-01,Tiendas Físicas,10,Promotor,1,0
13000001140,2024-10-01,Tiendas Físicas,7,Pasivo,0,0
13000001141,2024-10-02,Tienda Online,9,Promotor,1,0
13000001142,2024-10-02,Tienda Online,7,Pasivo,0,0
13000001143,2024-10-02,Tienda Online,8,Pasivo,0,0
13000001144,2024-10-02,Tienda Online,9,Promotor,1,0
13000001145,2024-10-02,Tiendas Físicas,9,Promotor,1,0
13000001146,2024-10-02,Tienda Online,8,Pasivo,0,0
13000001147,2024-10-03,Tienda Online,6,Detractor,0,1
13000001148,2024-10-03,Tiendas Físicas,6,Detractor,0,1
13000001149,2024-10-03,Tienda Online,9,Promotor,1,0
13000001150,2024-10-03,Tiendas Físicas,7,Pasivo,0,0
13000001151,2024-10-03,Tienda Online,9,Promotor,1,0
13000001152,2024-10-03,Tienda Online,8,Pasivo,0,0
13000001153,2024-10-03,Tienda Online,7,Pasivo,0,0
13000001154,2024-10-03,Tiendas Físicas,8,Pasivo,0,0
13000001155,2024-10-03,Tienda Online,8,Pasivo,0,0
13000001156,2024-10-04,Tienda Online,10,Promotor,1,0
13000001157,2024-10-04,Tiendas Físicas,7,Pasivo,0,0
13000001158,2024-10-04,Tienda Online,9,Promotor,1,0
13000001159,2024-10-04,Tiendas Físicas,9,Promotor,1,0
13000001160,2024-10-05,Tiendas Físicas,10,Promotor,1,0
13000001161,2024-10-05,Tienda Online,8,Pasivo,0,0
13000001162,2024-10-06,Tiendas Físicas,9,Promotor,1,0
13000001163,2024-10-07,Tienda Online,10,Promotor,1,0
13000001164,2024-10-07,Tienda Online,8,Pasivo,0,0
13000001165,2024-10-07,Tienda Online,8,Pasivo,0,0
13000001166,2024-10-07,Tienda Online,10,Promotor,1,0
13000001167,2024-10-08,Tienda Online,7,Pasivo,0,0
13000001168,2024-10-08,Tienda Online,10,Promotor,1,0
13000001169,2024-10-09,Tienda Online,9,Promotor,1,0
13000001170,2024-10-10,Tiendas Físicas,8,Pasivo,0,0
13000001171,2024-10-10,Tienda Online,7,Pasivo,0,0
13000001172,2024-10-10,Tienda Online,9,Promotor,1,0
13000001173,2024-10-10,Tienda Online,9,Promotor,1,0
13000001174,2024-10-10,Tienda Online,7,Pasivo,0,0
13000001175,2024-10-10,Tienda Online,8,Pasivo,0,0
13000001176,2024-10-11,Tiendas Físicas,7,Pasivo,0,0
13000001177,2024-10-11,Tienda Online,7,Pasivo,0,0
13000001178,2024-10-12,Tienda Online,7,Pasivo,0,0
13000001179,2024-10-12,Tiendas Físicas,7,Pasivo,0,0
13000001180,2024-10-12,Tiendas Físicas,7,Pasivo,0,0
13000001181,2024-10-13,Tiendas Físicas,10,Promotor,1,0
13000001182,2024-10-13,Tiendas Físicas,6,Detractor,0,1
13000001183,2024-10-13,Tiendas Físicas,10,Promotor,1,0
13000001184,2024-10-14,Tienda Online,10,Promotor,1,0
13000001185,2024-10-14,Tiendas Físicas,10,Promotor,1,0
13000001186,2024-10-15,Tienda Online,9,Promotor,1,0
13000001187,2024-10-15,Tienda Online,7,Pasivo,0,0
13000001188,2024-10-15,Tienda Online,7,Pasivo,0,0
13000001189,2024-10-16,Tienda Online,8,Pasivo,0,0
13000001190,2024-10-16,Tienda Online,8,Pasivo,0,0
13000001191,2024-10-16,Tienda Online,10,Promotor,1,0
13000001192,2024-10-16,Tiendas Físicas,9,Promotor,1,0
13000001193,2024-10-16,Tiendas Físicas,9,Promotor,1,0
13000001194,2024-10-16,Tienda Online,8,Pasivo,0,0
13000001195,2024-10-17,Tiendas Físicas,9,Promotor,1,0
13000001196,2024-10-17,Tiendas Físicas,7,Pasivo,0,0
13000001197,2024-10-18,Tienda Online,6,Detractor,0,1
13000001198,2024-10-18,Tiendas Físicas,9,Promotor,1,0
13000001199,2024-10-18,Tienda Online,6,Detractor,0,1
13000001200,2024-10-18,Tiendas Físicas,9,Promotor,1,0
13000001201,2024-10-18,Tienda Online,7,Pasivo,0,0
13000001202,2024-10-18,Tiendas Físicas,6,Detractor,0,1
13000001203,2024-10-18,Tienda Online,9,Promotor,1,0
13000001204,2024-10-19,Tiendas Físicas,7,Pasivo,0,0
13000001205,2024-10-19,Tienda Online,10,Promotor,1,0
13000001206,2024-10-19,Tiendas Físicas,10,Promotor,1,0
13000001207,2024-10-19,Tiendas Físicas,7,Pasivo,0,0
13000001208,2024-10-20,Tiendas Físicas,8,Pasivo,0,0
13000001209,2024-10-20,Tiendas Físicas,5,Detractor,0,1
13000001210,2024-10-22,Tienda Online,10,Promotor,1,0
13000001211,2024-10-22,Tienda Online,9,Promotor,1,0
13000001212,2024-10-22,Tiendas Físicas,8,Pasivo,0,0
13000001213,2024-10-22,Tienda Online,8,Pasivo,0,0
13000001214,2024-10-22,Tienda Online,10,Promotor,1,0
13000001215,2024-10-22,Tienda Online,8,Pasivo,0,0
13000001216,2024-10-22,Tiendas Físicas,10,Promotor,1,0
13000001217,2024-10-22,Tienda Online,10,Promotor,1,0
13000001218,2024-10-22,Tienda Online,10,Promotor,1,0
13000001219,2024-10-23,Tienda Online,6,Detractor,0,1
13000001220,2024-10-23,Tienda Online,8,Pasivo,0,0
13000001221,2024-10-23,Tienda Online,10,Promotor,1,0
13000001222,2024-10-23,Tienda Online,10,Promotor,1,0
13000001223,2024-10-23,Tienda Online,7,Pasivo,0,0
13000001224,2024-10-23,Tienda Online,4,Detractor,0,1
13000001225,2024-10-23,Tienda Online,8,Pasivo,0,0
13000001226,2024-10-23,Tienda Online,9,Promotor,1,0
13000001227,2024-10-23,Tienda Online,8,Pasivo,0,0
13000001228,2024-10-23,Tienda Online,7,Pasivo,0,0
13000001229,2024-10-23,Tienda Online,10,Promotor,1,0
13000001230,2024-10-23,Tienda Online,10,Promotor,1,0
13000001231,2024-10-23,Tienda Online,9,Promotor,1,0
13000001232,2024-10-23,Tienda Online,9,Promotor,1,0
13000001233,2024-10-23,Tienda Online,5,Detractor,0,1
13000001234,2024-10-23,Tienda Online,8,Pasivo,0,0
13000001235,2024-10-24,Tienda Online,7,Pasivo,0,0
13000001236,2024-10-24,Tienda Online,4,Detractor,0,1
13000001237,2024-10-24,Tienda Online,9,Promotor,1,0
13000001238,2024-10-24,Tiendas Físicas,10,Promotor,1,0
13000001239,2024-10-24,Tienda Online,10,Promotor,1,0
13000001240,2024-10-24,Tienda Online,10,Promotor,1,0
13000001241,2024-10-24,Tienda Online,7,Pasivo,0,0
13000001242,2024-10-24,Tienda Online,9,Promotor,1,0
13000001243,2024-10-24,Tiendas Físicas,5,Detractor,0,1
13000001244,2024-10-25,Tienda Online,8,Pasivo,0,0
13000001245,2024-10-25,Tienda Online,5,Detractor,0,1
13000001246,2024-10-25,Tienda Online,10,Promotor,1,0
13000001247,2024-10-25,Tienda Online,10,Promotor,1,0
13000001248,2024-10-26,Tienda Online,10,Promotor,1,0
13000001249,2024-10-26,Tiendas Físicas,10,Promotor,1,0
13000001250,2024-10-27,Tiendas Físicas,9,Promotor,1,0
13000001251,2024-10-28,Tienda Online,8,Pasivo,0,0
13000001252,2024-10-28,Tienda Online,9,Promotor,1,0
13000001253,2024-10-28,Tienda Online,7,Pasivo,0,0
13000001254,2024-10-28,Tienda Online,8,Pasivo,0,0
13000001255,2024-10-28,Tienda Online,4,Detractor,0,1
13000001256,2024-10-28,Tiendas Físicas,7,Pasivo,0,0
13000001257,2024-10-29,Tienda Online,8,Pasivo,0,0
13000001258,2024-10-29,Tiendas Físicas,9,Promotor,1,0
13000001259,2024-10-29,Tienda Online,10,Promotor,1,0
13000001260,2024-10-29,Tienda Online,4,Detractor,0,1
13000001261,2024-10-29,Tienda Online,10,Promotor,1,0
13000001262,2024-10-30,Tiendas Físicas,9,Promotor,1,0
13000001263,2024-10-30,Tienda Online,9,Promotor,1,0
13000001264,2024-10-30,Tienda Online,4,Detractor,0,1
13000001265,2024-10-30,Tiendas Físicas,10,Promotor,1,0
13000001266,2024-10-31,Tienda Online,8,Pasivo,0,0
13000001267,2024-10-31,Tiendas Físicas,10,Promotor,1,0
13000001268,2024-10-31,Tienda Online,9,Promotor,1,0
13000001269,2024-10-31,Tiendas Físicas,8,Pasivo,0,0
13000001270,2024-10-31,Tienda Online,8,Pasivo,0,0
13000001271,2024-10-31,Tienda Online,8,Pasivo,0,0
13000001272,2024-10-31,Tienda Online,7,Pasivo,0,0
13000001273,2024-11-01,Tienda Online,7,Pasivo,0,0
13000001274,2024-11-01,Tienda Online,10,Promotor,1,0
13000001275,2024-11-01,Tienda Online,7,Pasivo,0,0
13000001276,2024-11-01,Tiendas Físicas,7,Pasivo,0,0
13000001277,2024-11-01,Tienda Online,8,Pasivo,0,0
13000001278,2024-11-01,Tienda Online,8,Pasivo,0,0
13000001279,2024-11-02,Tiendas Físicas,9,Promotor,1,0
13000001280,2024-11-02,Tiendas Físicas,7,Pasivo,0,0
13000001281,2024-11-02,Tienda Online,8,Pasivo,0,0
13000001282,2024-11-02,Tiendas Físicas,10,Promotor,1,0
13000001283,2024-11-03,Tiendas Físicas,10,Promotor,1,0
13000001284,2024-11-03,Tiendas Físicas,8,Pasivo,0,0
13000001285,2024-11-03,Tiendas Físicas,5,Detractor,0,1
13000001286,2024-11-04,Tiendas Físicas,7,Pasivo,0,0
13000001287,2024-11-04,Tienda Online,6,Detractor,0,1
13000001288,2024-11-04,Tienda Online,10,Promotor,1,0
13000001289,2024-11-05,Tiendas Físicas,10,Promotor,1,0
13000001290,2024-11-05,Tienda Online,7,Pasivo,0,0
13000001291,2024-11-05,Tienda Online,9,Promotor,1,0
13000001292,2024-11-05,Tiendas Físicas,10,Promotor,1,0
13000001293,2024-11-06,Tienda Online,9,Promotor,1,0
13000001294,2024-11-06,Tienda Online,6,Detractor,0,1
13000001295,2024-11-06,Tiendas Físicas,8,Pasivo,0,0
13000001296,2024-11-06,Tienda Online,9,Promotor,1,0
13000001297,2024-11-06,Tienda Online,8,Pasivo,0,0
13000001298,2024-11-06,Tienda Online,9,Promotor,1,0
13000001299,2024-11-06,Tienda Online,8,Pasivo,0,0
13000001300,2024-11-07,Tienda Online,7,Pasivo,0,0
13000001301,2024-11-07,Tienda Online,6,Detractor,0,1
13000001302,2024-11-07,Tienda Online,7,Pasivo,0,0
13000001303,2024-11-07,Tienda Online,10,Promotor,1,0
13000001304,2024-11-07,Tienda Online,10,Promotor,1,0
13000001305,2024-11-07,Tiendas Físicas,8,Pasivo,0,0
13000001306,2024-11-08,Tiendas Físicas,8,Pasivo,0,0
13000001307,2024-11-08,Tiendas Físicas,5,Detractor,0,1
13000001308,2024-11-08,Tiendas Físicas,7,Pasivo,0,0
13000001309,2024-11-09,Tiendas Físicas,10,Promotor,1,0
13000001310,2024-11-09,Tiendas Físicas,8,Pasivo,0,0
13000001311,2024-11-09,Tiendas Físicas,10,Promotor,1,0
13000001312,2024-11-09,Tiendas Físicas,9,Promotor,1,0
13000001313,2024-11-10,Tiendas Físicas,10,Promotor,1,0
13000001314,2024-11-10,Tiendas Físicas,9,Promotor,1,0
13000001315,2024-11-11,Tienda Online,8,Pasivo,0,0
13000001316,2024-11-11,Tienda Online,8,Pasivo,0,0
13000001317,2024-11-11,Tienda Online,8,Pasivo,0,0
13000001318,2024-11-11,Tienda Online,6,Detractor,0,1
13000001319,2024-11-11,Tiendas Físicas,9,Promotor,1,0
13000001320,2024-11-12,Tiendas Físicas,7,Pasivo,0,0
13000001321,2024-11-12,Tienda Online,9,Promotor,1,0
13000001322,2024-11-12,Tienda Online,6,Detractor,0,1
13000001323,2024-11-12,Tienda Online,10,Promotor,1,0
13000001324,2024-11-12,Tienda Online,8,Pasivo,0,0
13000001325,2024-11-12,Tienda Online,9,Promotor,1,0
13000001326,2024-11-13,Tiendas Físicas,10,Promotor,1,0
13000001327,2024-11-13,Tienda Online,7,Pasivo,0,0
13000001328,2024-11-13,Tienda Online,8,Pasivo,0,0
13000001329,2024-11-14,Tienda Online,9,Promotor,1,0
13000001330,2024-11-14,Tienda Online,6,Detractor,0,1
13000001331,2024-11-14,Tiendas Físicas,10,Promotor,1,0
13000001332,2024-11-14,Tienda Online,10,Promotor,1,0
13000001333,2024-11-14,Tiendas Físicas,7,Pasivo,0,0
13000001334,2024-11-14,Tienda Online,7,Pasivo,0,0
13000001335,2024-11-15,Tienda Online,5,Detractor,0,1
13000001336,2024-11-15,Tienda Online,10,Promotor,1,0
13000001337,2024-11-15,Tienda Online,7,Pasivo,0,0
13000001338,2024-11-15,Tienda Online,10,Promotor,1,0
13000001339,2024-11-16,Tienda Online,7,Pasivo,0,0
13000001340,2024-11-16,Tienda Online,8,Pasivo,0,0
13000001341,2024-11-16,Tiendas Físicas,8,Pasivo,0,0
13000001342,2024-11-16,Tiendas Físicas,8,Pasivo,0,0
13000001343,2024-11-17,Tiendas Físicas,8,Pasivo,0,0
13000001344,2024-11-17,Tiendas Físicas,9,Promotor,1,0
13000001345,2024-11-17,Tiendas Físicas,10,Promotor,1,0
13000001346,2024-11-18,Tienda Online,10,Promotor,1,0
13000001347,2024-11-18,Tienda Online,10,Promotor,1,0
13000001348,2024-11-18,Tienda Online,7,Pasivo,0,0
13000001349,2024-11-18,Tiendas Físicas,8,Pasivo,0,0
13000001350,2024-11-18,Tienda Online,10,Promotor,1,0
13000001351,2024-11-18,Tienda Online,9,Promotor,1,0
13000001352,2024-11-18,Tienda Online,6,Detractor,0,1
13000001353,2024-11-18,Tienda Online,9,Promotor,1,0
13000001354,2024-11-18,Tienda Online,7,Pasivo,0,0
13000001355,2024-11-18,Tienda Online,9,Promotor,1,0
13000001356,2024-11-18,Tienda Online,10,Promotor,1,0
13000001357,2024-11-18,Tienda Online,10,Promotor,1,0
13000001358,2024-11-19,Tienda Online,7,Pasivo,0,0
13000001359,2024-11-19,Tienda Online,9,Promotor,1,0
13000001360,2024-11-19,Tienda Online,9,Promotor,1,0
13000001361,2024-11-19,Tienda Online,8,Pasivo,0,0
13000001362,2024-11-19,Tienda Online,7,Pasivo,0,0
13000001363,2024-11-19,Tienda Online,7,Pasivo,0,0
13000001364,2024-11-19,Tienda Online,8,Pasivo,0,0
13000001365,2024-11-19,Tienda Online,6,Detractor,0,1
13000001366,2024-11-19,Tiendas Físicas,10,Promotor,1,0
13000001367,2024-11-19,Tienda Online,10,Promotor,1,0
13000001368,2024-11-20,Tienda Online,9,Promotor,1,0
13000001369,2024-11-20,Tienda Online,8,Pasivo,0,0
13000001370,2024-11-20,Tienda Online,10,Promotor,1,0
13000001371,2024-11-20,Tienda Online,7,Pasivo,0,0
13000001372,2024-11-20,Tienda Online,9,Promotor,1,0
13000001373,2024-11-20,Tienda Online,9,Promotor,1,0
13000001374,2024-11-20,Tienda Online,8,Pasivo,0,0
13000001375,2024-11-20,Tienda Online,7,Pasivo,0,0
13000001376,2024-11-21,Tienda Online,8,Pasivo,0,0
13000001377,2024-11-21,Tienda Online,10,Promotor,1,0
13000001378,2024-11-21,Tienda Online,9,Promotor,1,0
13000001379,2024-11-21,Tienda Online,9,Promotor,1,0
13000001380,2024-11-21,Tienda Online,10,Promotor,1,0
13000001381,2024-11-21,Tienda Online,9,Promotor,1,0
13000001382,2024-11-21,Tienda Online,10,Promotor,1,0
13000001383,2024-11-21,Tienda Online,5,Detractor,0,1
13000001384,2024-11-21,Tienda Online,5,Detractor,0,1
13000001385,2024-11-21,Tienda Online,9,Promotor,1,0
13000001386,2024-11-21,Tienda Online,10,Promotor,1,0
13000001387,2024-11-21,Tienda Online,10,Promotor,1,0
13000001388,2024-11-21,Tienda Online,8,Pasivo,0,0
13000001389,2024-11-22,Tienda Online,7,Pasivo,0,0
13000001390,2024-11-22,Tienda Online,9,Promotor,1,0
13000001391,2024-11-22,Tienda Online,9,Promotor,1,0
13000001392,2024-11-22,Tienda Online,10,Promotor,1,0
13000001393,2024-11-22,Tienda Online,9,Promotor,1,0
13000001394,2024-11-22,Tiendas Físicas,8,Pasivo,0,0
13000001395,2024-11-23,Tienda Online,7,Pasivo,0,0
13000001396,2024-11-23,Tienda Online,8,Pasivo,0,0
13000001397,2024-11-23,Tienda Online,10,Promotor,1,0
13000001398,2024-11-23,Tienda Online,7,Pasivo,0,0
13000001399,2024-11-23,Tienda Online,7,Pasivo,0,0
13000001400,2024-11-23,Tiendas Físicas,5,Detractor,0,1
13000001401,2024-11-24,Tiendas Físicas,9,Promotor,1,0
13000001402,2024-11-24,Tiendas Físicas,8,Pasivo,0,0
13000001403,2024-11-24,Tiendas Físicas,10,Promotor,1,0
13000001404,2024-11-24,Tiendas Físicas,8,Pasivo,0,0
13000001405,2024-11-25,Tiendas Físicas,10,Promotor,1,0
13000001406,2024-11-25,Tienda Online,9,Promotor,1,0
13000001407,2024-11-25,Tienda Online,6,Detractor,0,1
13000001408,2024-11-25,Tienda Online,10,Promotor,1,0
13000001409,2024-11-26,Tienda Online,10,Promotor,1,0
13000001410,2024-11-26,Tienda Online,9,Promotor,1,0
13000001411,2024-11-26,Tienda Online,9,Promotor,1,0
13000001412,2024-11-26,Tienda Online,10,Promotor,1,0
13000001413,2024-11-26,Tienda Online,9,Promotor,1,0
13000001414,2024-11-26,Tienda Online,5,Detractor,0,1
13000001415,2024-11-26,Tienda Online,8,Pasivo,0,0
13000001416,2024-11-27,Tienda Online,10,Promotor,1,0
13000001417,2024-11-27,Tienda Online,9,Promotor,1,0
13000001418,2024-11-27,Tienda Online,5,Detractor,0,1
13000001419,2024-11-27,Tiendas Físicas,6,Detractor,0,1
13000001420,2024-11-28,Tienda Online,7,Pasivo,0,0
13000001421,2024-11-28,Tienda Online,10,Promotor,1,0
13000001422,2024-11-28,Tienda Online,9,Promotor,1,0
13000001423,2024-11-28,Tienda Online,8,Pasivo,0,0
13000001424,2024-11-28,Tienda Online,4,Detractor,0,1
13000001425,2024-11-28,Tienda Online,7,Pasivo,0,0
13000001426,2024-11-28,Tienda Online,8,Pasivo,0,0
13000001427,2024-11-28,Tiendas Físicas,9,Promotor,1,0
13000001428,2024-11-28,Tienda Online,8,Pasivo,0,0
13000001429,2024-11-28,Tienda Online,10,Promotor,1,0
13000001430,2024-11-29,Tiendas Físicas,9,Promotor,1,0
13000001431,2024-11-29,Tiendas Físicas,10,Promotor,1,0
13000001432,2024-11-29,Tienda Online,5,Detractor,0,1
13000001433,2024-11-29,Tienda Online,8,Pasivo,0,0
13000001434,2024-11-29,Tienda Online,10,Promotor,1,0
13000001435,2024-11-29,Tienda Online,9,Promotor,1,0
13000001436,2024-11-29,Tiendas Físicas,7,Pasivo,0,0
13000001437,2024-11-29,Tiendas Físicas,9,Promotor,1,0
13000001438,2024-11-30,Tiendas Físicas,10,Promotor,1,0
13000001439,2024-11-30,Tienda Online,9,Promotor,1,0
13000001440,2024-11-30,Tienda Online,7,Pasivo,0,0
13000001441,2024-11-30,Tiendas Físicas,10,Promotor,1,0
13000001442,2024-12-01,Tiendas Físicas,10,Promotor,1,0
13000001443,2024-12-02,Tiendas Físicas,10,Promotor,1,0
13000001444,2024-12-02,Tienda Online,10,Promotor,1,0
13000001445,2024-12-02,Tienda Online,1,Detractor,0,1
13000001446,2024-12-02,Tienda Online,10,Promotor,1,0
13000001447,2024-12-02,Tienda Online,7,Pasivo,0,0
13000001448,2024-12-02,Tiendas Físicas,5,Detractor,0,1
13000001449,2024-12-02,Tienda Online,10,Promotor,1,0
13000001450,2024-12-02,Tienda Online,6,Detractor,0,1
13000001451,2024-12-02,Tienda Online,9,Promotor,1,0
13000001452,2024-12-03,Tiendas Físicas,10,Promotor,1,0
13000001453,2024-12-03,Tiendas Físicas,7,Pasivo,0,0
13000001454,2024-12-03,Tiendas Físicas,10,Promotor,1,0
13000001455,2024-12-03,Tiendas Físicas,7,Pasivo,0,0
13000001456,2024-12-03,Tienda Online,7,Pasivo,0,0
13000001457,2024-12-04,Tienda Online,10,Promotor,1,0
13000001458,2024-12-04,Tienda Online,8,Pasivo,0,0
13000001459,2024-12-04,Tiendas Físicas,7,Pasivo,0,0
13000001460,2024-12-04,Tienda Online,7,Pasivo,0,0
13000001461,2024-12-05,Tienda Online,7,Pasivo,0,0
13000001462,2024-12-05,Tienda Online,8,Pasivo,0,0
13000001463,2024-12-05,Tienda Online,10,Promotor,1,0
13000001464,2024-12-05,Tiendas Físicas,7,Pasivo,0,0
13000001465,2024-12-05,Tiendas Físicas,9,Promotor,1,0
13000001466,2024-12-05,Tienda Online,9,Promotor,1,0
13000001467,2024-12-05,Tienda Online,8,Pasivo,0,0
13000001468,2024-12-06,Tienda Online,8,Pasivo,0,0
13000001469,2024-12-06,Tiendas Físicas,8,Pasivo,0,0
13000001470,2024-12-06,Tienda Online,7,Pasivo,0,0
13000001471,2024-12-06,Tienda Online,8,Pasivo,0,0
13000001472,2024-12-06,Tiendas Físicas,8,Pasivo,0,0
13000001473,2024-12-06,Tienda Online,7,Pasivo,0,0
13000001474,2024-12-06,Tienda Online,10,Promotor,1,0
13000001475,2024-12-06,Tiendas Físicas,7,Pasivo,0,0
13000001476,2024-12-06,Tienda Online,10,Promotor,1,0
13000001477,2024-12-07,Tiendas Físicas,9,Promotor,1,0
13000001478,2024-12-08,Tienda Online,9,Promotor,1,0
13000001479,2024-12-08,Tiendas Físicas,10,Promotor,1,0
13000001480,2024-12-08,Tiendas Físicas,6,Detractor,0,1
13000001481,2024-12-08,Tiendas Físicas,9,Promotor,1,0
13000001482,2024-12-08,Tiendas Físicas,9,Promotor,1,0
13000001483,2024-12-09,Tiendas Físicas,6,Detractor,0,1
13000001484,2024-12-09,Tienda Online,3,Detractor,0,1
13000001485,2024-12-09,Tienda Online,10,Promotor,1,0
13000001486,2024-12-09,Tienda Online,7,Pasivo,0,0
13000001487,2024-12-10,Tienda Online,10,Promotor,1,0
13000001488,2024-12-10,Tienda Online,7,Pasivo,0,0
13000001489,2024-12-10,Tienda Online,9,Promotor,1,0
13000001490,2024-12-10,Tiendas Físicas,9,Promotor,1,0
13000001491,2024-12-10,Tienda Online,8,Pasivo,0,0
13000001492,2024-12-10,Tienda Online,10,Promotor,1,0
13000001493,2024-12-10,Tienda Online,6,Detractor,0,1
13000001494,2024-12-10,Tienda Online,9,Promotor,1,0
13000001495,2024-12-11,Tienda Online,8,Pasivo,0,0
13000001496,2024-12-11,Tienda Online,7,Pasivo,0,0
13000001497,2024-12-11,Tienda Online,10,Promotor,1,0
13000001498,2024-12-11,Tienda Online,9,Promotor,1,0
13000001499,2024-12-11,Tienda Online,8,Pasivo,0,0
13000001500,2024-12-11,Tienda Online,7,Pasivo,0,0
13000001501,2024-12-11,Tienda Online,7,Pasivo,0,0
13000001502,2024-12-12,Tienda Online,9,Promotor,1,0
13000001503,2024-12-12,Tienda Online,8,Pasivo,0,0
13000001504,2024-12-12,Tienda Online,10,Promotor,1,0
13000001505,2024-12-12,Tienda Online,9,Promotor,1,0
13000001506,2024-12-12,Tienda Online,4,Detractor,0,1
13000001507,2024-12-12,Tiendas Físicas,10,Promotor,1,0
13000001508,2024-12-12,Tienda Online,8,Pasivo,0,0
13000001509,2024-12-12,Tiendas Físicas,8,Pasivo,0,0
13000001510,2024-12-12,Tienda Online,10,Promotor,1,0
13000001511,2024-12-12,Tienda Online,6,Detractor,0,1
13000001512,2024-12-13,Tiendas Físicas,10,Promotor,1,0
13000001513,2024-12-13,Tiendas Físicas,10,Promotor,1,0
13000001514,2024-12-13,Tiendas Físicas,9,Promotor,1,0
13000001515,2024-12-13,Tiendas Físicas,8,Pasivo,0,0
13000001516,2024-12-13,Tienda Online,8,Pasivo,0,0
13000001517,2024-12-13,Tienda Online,8,Pasivo,0,0
13000001518,2024-12-13,Tiendas Físicas,9,Promotor,1,0
13000001519,2024-12-13,Tienda Online,9,Promotor,1,0
13000001520,2024-12-14,Tienda Online,10,Promotor,1,0
13000001521,2024-12-14,Tienda Online,8,Pasivo,0,0
13000001522,2024-12-14,Tiendas Físicas,8,Pasivo,0,0
13000001523,2024-12-14,Tiendas Físicas,10,Promotor,1,0
13000001524,2024-12-14,Tienda Online,9,Promotor,1,0
13000001525,2024-12-14,Tiendas Físicas,10,Promotor,1,0
13000001526,2024-12-14,Tiendas Físicas,7,Pasivo,0,0
13000001527,2024-12-14,Tiendas Físicas,8,Pasivo,0,0
13000001528,2024-12-15,Tiendas Físicas,9,Promotor,1,0
13000001529,2024-12-15,Tiendas Físicas,9,Promotor,1,0
13000001530,2024-12-15,Tiendas Físicas,10,Promotor,1,0
13000001531,2024-12-16,Tiendas Físicas,9,Promotor,1,0
13000001532,2024-12-16,Tienda Online,9,Promotor,1,0
13000001533,2024-12-16,Tienda Online,8,Pasivo,0,0
13000001534,2024-12-16,Tienda Online,7,Pasivo,0,0
13000001535,2024-12-17,Tienda Online,10,Promotor,1,0
13000001536,2024-12-17,Tiendas Físicas,10,Promotor,1,0
13000001537,2024-12-17,Tienda Online,9,Promotor,1,0
13000001538,2024-12-17,Tiendas Físicas,8,Pasivo,0,0
13000001539,2024-12-17,Tienda Online,10,Promotor,1,0
13000001540,2024-12-17,Tiendas Físicas,9,Promotor,1,0
13000001541,2024-12-18,Tienda Online,6,Detractor,0,1
13000001542,2024-12-18,Tiendas Físicas,9,Promotor,1,0
13000001543,2024-12-18,Tiendas Físicas,10,Promotor,1,0
13000001544,2024-12-18,Tiendas Físicas,10,Promotor,1,0
13000001545,2024-12-18,Tienda Online,10,Promotor,1,0
13000001546,2024-12-18,Tienda Online,4,Detractor,0,1
13000001547,2024-12-18,Tienda Online,6,Detractor,0,1
13000001548,2024-12-18,Tienda Online,6,Detractor,0,1
13000001549,2024-12-18,Tienda Online,7,Pasivo,0,0
13000001550,2024-12-18,Tiendas Físicas,10,Promotor,1,0
13000001551,2024-12-19,Tiendas Físicas,10,Promotor,1,0
13000001552,2024-12-19,Tiendas Físicas,9,Promotor,1,0
13000001553,2024-12-19,Tiendas Físicas,9,Promotor,1,0
13000001554,2024-12-19,Tiendas Físicas,9,Promotor,1,0
13000001555,2024-12-19,Tiendas Físicas,8,Pasivo,0,0
13000001556,2024-12-19,Tiendas Físicas,10,Promotor,1,0
13000001557,2024-12-19,Tienda Online,10,Promotor,1,0
13000001558,2024-12-19,Tiendas Físicas,8,Pasivo,0,0
13000001559,2024-12-19,Tiendas Físicas,10,Promotor,1,0
13000001560,2024-12-19,Tienda Online,4,Detractor,0,1
13000001561,2024-12-19,Tiendas Físicas,8,Pasivo,0,0
13000001562,2024-12-19,Tiendas Físicas,8,Pasivo,0,0
13000001563,2024-12-19,Tienda Online,9,Promotor,1,0
13000001564,2024-12-20,Tiendas Físicas,9,Promotor,1,0
13000001565,2024-12-20,Tiendas Físicas,4,Detractor,0,1
13000001566,2024-12-20,Tienda Online,9,Promotor,1,0
13000001567,2024-12-20,Tienda Online,8,Pasivo,0,0
13000001568,2024-12-20,Tienda Online,7,Pasivo,0,0
13000001569,2024-12-20,Tienda Online,5,Detractor,0,1
13000001570,2024-12-21,Tiendas Físicas,8,Pasivo,0,0
13000001571,2024-12-21,Tienda Online,8,Pasivo,0,0
13000001572,2024-12-21,Tienda Online,7,Pasivo,0,0
13000001573,2024-12-21,Tiendas Físicas,6,Detractor,0,1
13000001574,2024-12-21,Tiendas Físicas,9,Promotor,1,0
13000001575,2024-12-21,Tiendas Físicas,10,Promotor,1,0
13000001576,2024-12-21,Tiendas Físicas,10,Promotor,1,0
13000001577,2024-12-22,Tiendas Físicas,8,Pasivo,0,0
13000001578,2024-12-22,Tiendas Físicas,7,Pasivo,0,0
13000001579,2024-12-22,Tiendas Físicas,8,Pasivo,0,0
13000001580,2024-12-22,Tiendas Físicas,8,Pasivo,0,0
13000001581,2024-12-22,Tiendas Físicas,10,Promotor,1,0
13000001582,2024-12-23,Tienda Online,10,Promotor,1,0
13000001583,2024-12-23,Tienda Online,9,Promotor,1,0
13000001584,2024-12-23,Tienda Online,8,Pasivo,0,0
13000001585,2024-12-23,Tienda Online,8,Pasivo,0,0
13000001586,2024-12-23,Tienda Online,7,Pasivo,0,0
13000001587,2024-12-24,Tienda Online,9,Promotor,1,0
13000001588,2024-12-24,Tienda Online,7,Pasivo,0,0
13000001589,2024-12-24,Tienda Online,9,Promotor,1,0
13000001590,2024-12-24,Tienda Online,8,Pasivo,0,0
13000001591,2024-12-24,Tienda Online,6,Detractor,0,1
13000001592,2024-12-24,Tiendas Físicas,7,Pasivo,0,0
13000001593,2024-12-24,Tiendas Físicas,9,Promotor,1,0
13000001594,2024-12-24,Tiendas Físicas,6,Detractor,0,1
13000001595,2024-12-24,Tienda Online,9,Promotor,1,0
13000001596,2024-12-24,Tienda Online,8,Pasivo,0,0
13000001597,2024-12-24,Tiendas Físicas,9,Promotor,1,0
13000001598,2024-12-25,Tienda Online,5,Detractor,0,1
13000001599,2024-12-25,Tienda Online,7,Pasivo,0,0
13000001600,2024-12-25,Tienda Online,9,Promotor,1,0
13000001601,2024-12-25,Tienda Online,6,Detractor,0,1
13000001602,2024-12-25,Tienda Online,5,Detractor,0,1
13000001603,2024-12-25,Tienda Online,10,Promotor,1,0
13000001604,2024-12-25,Tienda Online,9,Promotor,1,0
13000001605,2024-12-25,Tienda Online,8,Pasivo,0,0
13000001606,2024-12-25,Tienda Online,8,Pasivo,0,0
13000001607,2024-12-25,Tienda Online,6,Detractor,0,1
13000001608,2024-12-26,Tiendas Físicas,7,Pasivo,0,0
13000001609,2024-12-26,Tienda Online,8,Pasivo,0,0
13000001610,2024-12-26,Tienda Online,9,Promotor,1,0
13000001611,2024-12-26,Tienda Online,9,Promotor,1,0
13000001612,2024-12-26,Tienda Online,8,Pasivo,0,0
13000001613,2024-12-26,Tienda Online,8,Pasivo,0,0
13000001614,2024-12-26,Tienda Online,9,Promotor,1,0
13000001615,2024-12-27,Tienda Online,7,Pasivo,0,0
13000001616,2024-12-27,Tienda Online,10,Promotor,1,0
13000001617,2024-12-27,Tienda Online,10,Promotor,1,0
13000001618,2024-12-27,Tienda Online,7,Pasivo,0,0
13000001619,2024-12-27,Tiendas Físicas,10,Promotor,1,0
13000001620,2024-12-27,Tienda Online,9,Promotor,1,0
13000001621,2024-12-27,Tienda Online,8,Pasivo,0,0
13000001622,2024-12-27,Tienda Online,7,Pasivo,0,0
13000001623,2024-12-27,Tienda Online,8,Pasivo,0,0
13000001624,2024-12-27,Tienda Online,10,Promotor,1,0
13000001625,2024-12-27,Tienda Online,8,Pasivo,0,0
13000001626,2024-12-27,Tienda Online,9,Promotor,1,0
13000001627,2024-12-28,Tienda Online,8,Pasivo,0,0
13000001628,2024-12-28,Tienda Online,4,Detractor,0,1
13000001629,2024-12-28,Tienda Online,7,Pasivo,0,0
13000001630,2024-12-28,Tienda Online,9,Promotor,1,0
13000001631,2024-12-28,Tiendas Físicas,10,Promotor,1,0
13000001632,2024-12-29,Tiendas Físicas,10,Promotor,1,0
13000001633,2024-12-29,Tiendas Físicas,9,Promotor,1,0
13000001634,2024-12-29,Tiendas Físicas,7,Pasivo,0,0
13000001635,2024-12-29,Tiendas Físicas,6,Detractor,0,1
13000001636,2024-12-30,Tienda Online,7,Pasivo,0,0
13000001637,2024-12-30,Tienda Online,6,Detractor,0,1
13000001638,2024-12-30,Tienda Online,9,Promotor,1,0
13000001639,2024-12-30,Tienda Online,9,Promotor,1,0
13000001640,2024-12-30,Tienda Online,5,Detractor,0,1
13000001641,2024-12-30,Tienda Online,10,Promotor,1,0
13000001642,2024-12-30,Tienda Online,5,Detractor,0,1
13000001643,2024-12-30,Tienda Online,8,Pasivo,0,0
13000001644,2024-12-30,Tienda Online,2,Detractor,0,1
13000001645,2024-12-30,Tienda Online,5,Detractor,0,1
13000001646,2024-12-30,Tienda Online,7,Pasivo,0,0
13000001647,2024-12-30,Tienda Online,9,Promotor,1,0
13000001648,2024-12-30,Tienda Online,10,Promotor,1,0
13000001649,2024-12-31,Tienda Online,7,Pasivo,0,0
13000001650,2024-12-31,Tienda Online,4,Detractor,0,1
13000001651,2024-12-31,Tiendas Físicas,9,Promotor,1,0
13000001652,2024-12-31,Tienda Online,3,Detractor,0,1
13000001653,2024-12-31,Tienda Online,8,Pasivo,0,0
13000001654,2024-12-31,Tiendas Físicas,8,Pasivo,0,0
13000001655,2024-12-31,Tienda Online,4,Detractor,0,1
13000001656,2024-12-31,Tienda Online,8,Pasivo,0,0
13000001657,2024-12-31,Tienda Online,10,Promotor,1,0
13000001658,2024-12-31,Tienda Online,6,Detractor,0,1
13000001659,2025-01-01,Tienda Online,7,Pasivo,0,0
13000001660,2025-01-01,Tiendas Físicas,8,Pasivo,0,0
13000001661,2025-01-02,Tienda Online,2,Detractor,0,1
13000001662,2025-01-02,Tienda Online,10,Promotor,1,0
13000001663,2025-01-02,Tienda Online,8,Pasivo,0,0
13000001664,2025-01-02,Tienda Online,9,Promotor,1,0
13000001665,2025-01-03,Tienda Online,6,Detractor,0,1
13000001666,2025-01-03,Tienda Online,5,Detractor,0,1
13000001667,2025-01-03,Tienda Online,9,Promotor,1,0
13000001668,2025-01-03,Tienda Online,7,Pasivo,0,0
13000001669,2025-01-03,Tiendas Físicas,6,Detractor,0,1
13000001670,2025-01-03,Tienda Online,7,Pasivo,0,0
13000001671,2025-01-03,Tienda Online,9,Promotor,1,0
13000001672,2025-01-03,Tiendas Físicas,10,Promotor,1,0
13000001673,2025-01-03,Tienda Online,7,Pasivo,0,0
13000001674,2025-01-03,Tienda Online,9,Promotor,1,0
13000001675,2025-01-03,Tiendas Físicas,10,Promotor,1,0
13000001676,2025-01-03,Tienda Online,7,Pasivo,0,0
13000001677,2025-01-03,Tienda Online,5,Detractor,0,1
13000001678,2025-01-03,Tiendas Físicas,10,Promotor,1,0
13000001679,2025-01-03,Tiendas Físicas,6,Detractor,0,1
13000001680,2025-01-03,Tienda Online,10,Promotor,1,0
13000001681,2025-01-04,Tienda Online,8,Pasivo,0,0
13000001682,2025-01-04,Tiendas Físicas,10,Promotor,1,0
13000001683,2025-01-04,Tienda Online,9,Promotor,1,0
13000001684,2025-01-05,Tiendas Físicas,10,Promotor,1,0
13000001685,2025-01-05,Tiendas Físicas,8,Pasivo,0,0
13000001686,2025-01-05,Tiendas Físicas,8,Pasivo,0,0
13000001687,2025-01-06,Tienda Online,6,Detractor,0,1
13000001688,2025-01-06,Tienda Online,10,Promotor,1,0
13000001689,2025-01-06,Tienda Online,4,Detractor,0,1
13000001690,2025-01-06,Tienda Online,9,Promotor,1,0
13000001691,2025-01-06,Tienda Online,3,Detractor,0,1
13000001692,2025-01-06,Tienda Online,6,Detractor,0,1
13000001693,2025-01-07,Tienda Online,10,Promotor,1,0
13000001694,2025-01-07,Tiendas Físicas,9,Promotor,1,0
13000001695,2025-01-07,Tienda Online,4,Detractor,0,1
13000001696,2025-01-07,Tienda Online,10,Promotor,1,0
13000001697,2025-01-07,Tienda Online,7,Pasivo,0,0
13000001698,2025-01-07,Tienda Online,10,Promotor,1,0
13000001699,2025-01-07,Tienda Online,10,Promotor,1,0
13000001700,2025-01-07,Tienda Online,10,Promotor,1,0
13000001701,2025-01-07,Tienda Online,10,Promotor,1,0
13000001702,2025-01-07,Tienda Online,6,Detractor,0,1
13000001703,2025-01-07,Tienda Online,7,Pasivo,0,0
13000001704,2025-01-07,Tienda Online,10,Promotor,1,0
13000001705,2025-01-07,Tienda Online,9,Promotor,1,0
13000001706,2025-01-08,Tienda Online,10,Promotor,1,0
13000001707,2025-01-08,Tienda Online,2,Detractor,0,1
13000001708,2025-01-08,Tiendas Físicas,6,Detractor,0,1
13000001709,2025-01-08,Tienda Online,4,Detractor,0,1
13000001710,2025-01-08,Tienda Online,8,Pasivo,0,0
13000001711,2025-01-08,Tiendas Físicas,7,Pasivo,0,0
13000001712,2025-01-08,Tienda Online,10,Promotor,1,0
13000001713,2025-01-09,Tienda Online,10,Promotor,1,0
13000001714,2025-01-09,Tienda Online,3,Detractor,0,1
13000001715,2025-01-09,Tienda Online,5,Detractor,0,1
13000001716,2025-01-09,Tienda Online,7,Pasivo,0,0
13000001717,2025-01-09,Tienda Online,7,Pasivo,0,0
13000001718,2025-01-09,Tienda Online,8,Pasivo,0,0
13000001719,2025-01-09,Tienda Online,4,Detractor,0,1
13000001720,2025-01-09,Tienda Online,3,Detractor,0,1
13000001721,2025-01-09,Tienda Online,7,Pasivo,0,0
13000001722,2025-01-09,Tienda Online,8,Pasivo,0,0
13000001723,2025-01-09,Tienda Online,9,Promotor,1,0
13000001724,2025-01-09,Tienda Online,9,Promotor,1,0
13000001725,2025-01-09,Tiendas Físicas,9,Promotor,1,0
13000001726,2025-01-09,Tienda Online,7,Pasivo,0,0
13000001727,2025-01-10,Tienda Online,6,Detractor,0,1
13000001728,2025-01-10,Tiendas Físicas,10,Promotor,1,0
13000001729,2025-01-10,Tiendas Físicas,8,Pasivo,0,0
13000001730,2025-01-10,Tienda Online,10,Promotor,1,0
13000001731,2025-01-10,Tienda Online,5,Detractor,0,1
13000001732,2025-01-10,Tienda Online,9,Promotor,1,0
13000001733,2025-01-10,Tienda Online,9,Promotor,1,0
13000001734,2025-01-10,Tienda Online,10,Promotor,1,0
13000001735,2025-01-11,Tiendas Físicas,8,Pasivo,0,0
13000001736,2025-01-12,Tiendas Físicas,9,Promotor,1,0
13000001737,2025-01-12,Tiendas Físicas,8,Pasivo,0,0
13000001738,2025-01-12,Tiendas Físicas,7,Pasivo,0,0
13000001739,2025-01-13,Tienda Online,10,Promotor,1,0
13000001740,2025-01-13,Tienda Online,7,Pasivo,0,0
13000001741,2025-01-13,Tienda Online,7,Pasivo,0,0
13000001742,2025-01-13,Tienda Online,5,Detractor,0,1
13000001743,2025-01-14,Tienda Online,10,Promotor,1,0
13000001744,2025-01-14,Tienda Online,10,Promotor,1,0
13000001745,2025-01-14,Tienda Online,6,Detractor,0,1
13000001746,2025-01-14,Tienda Online,9,Promotor,1,0
13000001747,2025-01-14,Tienda Online,7,Pasivo,0,0
13000001748,2025-01-14,Tienda Online,9,Promotor,1,0
13000001749,2025-01-14,Tienda Online,8,Pasivo,0,0
13000001750,2025-01-14,Tienda Online,7,Pasivo,0,0
13000001751,2025-01-14,Tienda Online,6,Detractor,0,1
13000001752,2025-01-14,Tienda Online,10,Promotor,1,0
13000001753,2025-01-15,Tienda Online,8,Pasivo,0,0
13000001754,2025-01-15,Tienda Online,10,Promotor,1,0
13000001755,2025-01-15,Tienda Online,9,Promotor,1,0
13000001756,2025-01-15,Tiendas Físicas,8,Pasivo,0,0
13000001757,2025-01-15,Tienda Online,10,Promotor,1,0
13000001758,2025-01-15,Tienda Online,9,Promotor,1,0
13000001759,2025-01-15,Tienda Online,8,Pasivo,0,0
13000001760,2025-01-15,Tienda Online,7,Pasivo,0,0
13000001761,2025-01-15,Tiendas Físicas,10,Promotor,1,0
13000001762,2025-01-15,Tiendas Físicas,9,Promotor,1,0
13000001763,2025-01-15,Tienda Online,9,Promotor,1,0
13000001764,2025-01-15,Tienda Online,5,Detractor,0,1
13000001765,2025-01-16,Tienda Online,10,Promotor,1,0
13000001766,2025-01-16,Tienda Online,7,Pasivo,0,0
13000001767,2025-01-16,Tiendas Físicas,7,Pasivo,0,0
13000001768,2025-01-16,Tienda Online,9,Promotor,1,0
13000001769,2025-01-16,Tienda Online,9,Promotor,1,0
13000001770,2025-01-16,Tienda Online,6,Detractor,0,1
13000001771,2025-01-16,Tienda Online,8,Pasivo,0,0
13000001772,2025-01-16,Tienda Online,7,Pasivo,0,0
13000001773,2025-01-16,Tiendas Físicas,10,Promotor,1,0
13000001774,2025-01-17,Tienda Online,7,Pasivo,0,0
13000001775,2025-01-17,Tiendas Físicas,10,Promotor,1,0
13000001776,2025-01-17,Tienda Online,10,Promotor,1,0
13000001777,2025-01-17,Tienda Online,8,Pasivo,0,0
13000001778,2025-01-17,Tienda Online,7,Pasivo,0,0
13000001779,2025-01-18,Tienda Online,8,Pasivo,0,0
13000001780,2025-01-18,Tiendas Físicas,10,Promotor,1,0
13000001781,2025-01-19,Tiendas Físicas,9,Promotor,1,0
13000001782,2025-01-19,Tiendas Físicas,7,Pasivo,0,0
13000001783,2025-01-19,Tiendas Físicas,8,Pasivo,0,0
13000001784,2025-01-20,Tienda Online,7,Pasivo,0,0
13000001785,2025-01-20,Tienda Online,7,Pasivo,0,0
13000001786,2025-01-21,Tienda Online,10,Promotor,1,0
13000001787,2025-01-21,Tienda Online,8,Pasivo,0,0
13000001788,2025-01-21,Tiendas Físicas,9,Promotor,1,0
13000001789,2025-01-21,Tiendas Físicas,6,Detractor,0,1
13000001790,2025-01-21,Tienda Online,9,Promotor,1,0
13000001791,2025-01-21,Tienda Online,9,Promotor,1,0
13000001792,2025-01-22,Tiendas Físicas,7,Pasivo,0,0
13000001793,2025-01-22,Tiendas Físicas,7,Pasivo,0,0
13000001794,2025-01-22,Tienda Online,8,Pasivo,0,0
13000001795,2025-01-22,Tiendas Físicas,9,Promotor,1,0
13000001796,2025-01-22,Tienda Online,6,Detractor,0,1
13000001797,2025-01-22,Tienda Online,10,Promotor,1,0
13000001798,2025-01-22,Tienda Online,8,Pasivo,0,0
13000001799,2025-01-22,Tienda Online,10,Promotor,1,0
13000001800,2025-01-23,Tienda Online,10,Promotor,1,0
13000001801,2025-01-23,Tienda Online,7,Pasivo,0,0
13000001802,2025-01-23,Tiendas Físicas,8,Pasivo,0,0
13000001803,2025-01-23,Tienda Online,10,Promotor,1,0
13000001804,2025-01-23,Tienda Online,8,Pasivo,0,0
13000001805,2025-01-23,Tienda Online,7,Pasivo,0,0
13000001806,2025-01-23,Tienda Online,9,Promotor,1,0
13000001807,2025-01-23,Tiendas Físicas,6,Detractor,0,1
13000001808,2025-01-24,Tienda Online,8,Pasivo,0,0
13000001809,2025-01-24,Tienda Online,10,Promotor,1,0
13000001810,2025-01-24,Tiendas Físicas,9,Promotor,1,0
13000001811,2025-01-24,Tienda Online,8,Pasivo,0,0
13000001812,2025-01-24,Tienda Online,9,Promotor,1,0
13000001813,2025-01-24,Tiendas Físicas,8,Pasivo,0,0
13000001814,2025-01-24,Tiendas Físicas,7,Pasivo,0,0
13000001815,2025-01-25,Tienda Online,5,Detractor,0,1
13000001816,2025-01-25,Tienda Online,9,Promotor,1,0
13000001817,2025-01-25,Tienda Online,9,Promotor,1,0
13000001818,2025-01-25,Tiendas Físicas,10,Promotor,1,0
13000001819,2025-01-25,Tiendas Físicas,10,Promotor,1,0
13000001820,2025-01-26,Tiendas Físicas,10,Promotor,1,0
13000001821,2025-01-26,Tiendas Físicas,8,Pasivo,0,0
13000001822,2025-01-26,Tiendas Físicas,10,Promotor,1,0
13000001823,2025-01-26,Tiendas Físicas,7,Pasivo,0,0
13000001824,2025-01-26,Tiendas Físicas,10,Promotor,1,0
13000001825,2025-01-26,Tiendas Físicas,10,Promotor,1,0
13000001826,2025-01-27,Tiendas Físicas,8,Pasivo,0,0
13000001827,2025-01-27,Tienda Online,10,Promotor,1,0
13000001828,2025-01-27,Tienda Online,7,Pasivo,0,0
13000001829,2025-01-28,Tienda Online,10,Promotor,1,0
13000001830,2025-01-28,Tienda Online,10,Promotor,1,0
13000001831,2025-01-28,Tiendas Físicas,10,Promotor,1,0
13000001832,2025-01-28,Tienda Online,10,Promotor,1,0
13000001833,2025-01-28,Tienda Online,10,Promotor,1,0
13000001834,2025-01-28,Tiendas Físicas,10,Promotor,1,0
13000001835,2025-01-28,Tienda Online,8,Pasivo,0,0
13000001836,2025-01-28,Tienda Online,7,Pasivo,0,0
13000001837,2025-01-29,Tienda Online,9,Promotor,1,0
13000001838,2025-01-29,Tienda Online,10,Promotor,1,0
13000001839,2025-01-29,Tienda Online,7,Pasivo,0,0
13000001840,2025-01-30,Tienda Online,7,Pasivo,0,0
13000001841,2025-01-30,Tienda Online,9,Promotor,1,0
13000001842,2025-01-30,Tienda Online,8,Pasivo,0,0
13000001843,2025-01-31,Tienda Online,10,Promotor,1,0
13000001844,2025-01-31,Tienda Online,8,Pasivo,0,0
13000001845,2025-01-31,Tiendas Físicas,10,Promotor,1,0
13000001846,2025-01-31,Tiendas Físicas,10,Promotor,1,0
13000001847,2025-01-31,Tiendas Físicas,5,Detractor,0,1
13000001848,2025-01-31,Tiendas Físicas,9,Promotor,1,0
13000001849,2025-01-31,Tienda Online,9,Promotor,1,0
13000001850,2025-02-01,Tienda Online,10,Promotor,1,0
13000001851,2025-02-01,Tienda Online,10,Promotor,1,0
13000001852,2025-02-01,Tiendas Físicas,7,Pasivo,0,0
13000001853,2025-02-01,Tienda Online,10,Promotor,1,0
13000001854,2025-02-01,Tiendas Físicas,8,Pasivo,0,0
13000001855,2025-02-02,Tiendas Físicas,10,Promotor,1,0
13000001856,2025-02-02,Tiendas Físicas,9,Promotor,1,0
13000001857,2025-02-02,Tiendas Físicas,8,Pasivo,0,0
13000001858,2025-02-02,Tiendas Físicas,10,Promotor,1,0
13000001859,2025-02-03,Tiendas Físicas,7,Pasivo,0,0
13000001860,2025-02-03,Tiendas Físicas,9,Promotor,1,0
13000001861,2025-02-04,Tienda Online,9,Promotor,1,0
13000001862,2025-02-04,Tienda Online,6,Detractor,0,1
13000001863,2025-02-04,Tiendas Físicas,9,Promotor,1,0
13000001864,2025-02-05,Tienda Online,9,Promotor,1,0
13000001865,2025-02-05,Tiendas Físicas,9,Promotor,1,0
13000001866,2025-02-05,Tienda Online,9,Promotor,1,0
13000001867,2025-02-05,Tienda Online,9,Promotor,1,0
13000001868,2025-02-05,Tienda Online,8,Pasivo,0,0
13000001869,2025-02-05,Tienda Online,6,Detractor,0,1
13000001870,2025-02-05,Tienda Online,8,Pasivo,0,0
13000001871,2025-02-05,Tiendas Físicas,8,Pasivo,0,0
13000001872,2025-02-05,Tienda Online,7,Pasivo,0,0
13000001873,2025-02-06,Tienda Online,7,Pasivo,0,0
13000001874,2025-02-06,Tiendas Físicas,10,Promotor,1,0
13000001875,2025-02-06,Tienda Online,8,Pasivo,0,0
13000001876,2025-02-06,Tiendas Físicas,6,Detractor,0,1
13000001877,2025-02-06,Tienda Online,8,Pasivo,0,0
13000001878,2025-02-06,Tienda Online,10,Promotor,1,0
13000001879,2025-02-07,Tienda Online,10,Promotor,1,0
13000001880,2025-02-07,Tiendas Físicas,9,Promotor,1,0
13000001881,2025-02-07,Tienda Online,10,Promotor,1,0
13000001882,2025-02-07,Tiendas Físicas,10,Promotor,1,0
13000001883,2025-02-07,Tienda Online,10,Promotor,1,0
13000001884,2025-02-07,Tienda Online,9,Promotor,1,0
13000001885,2025-02-07,Tienda Online,10,Promotor,1,0
13000001886,2025-02-07,Tienda Online,7,Pasivo,0,0
13000001887,2025-02-07,Tienda Online,7,Pasivo,0,0
13000001888,2025-02-07,Tienda Online,7,Pasivo,0,0
13000001889,2025-02-07,Tienda Online,4,Detractor,0,1
13000001890,2025-02-07,Tienda Online,9,Promotor,1,0
13000001891,2025-02-07,Tienda Online,9,Promotor,1,0
13000001892,2025-02-08,Tiendas Físicas,10,Promotor,1,0
13000001893,2025-02-08,Tienda Online,8,Pasivo,0,0
13000001894,2025-02-08,Tiendas Físicas,10,Promotor,1,0
13000001895,2025-02-08,Tiendas Físicas,9,Promotor,1,0
13000001896,2025-02-08,Tienda Online,10,Promotor,1,0
13000001897,2025-02-09,Tiendas Físicas,10,Promotor,1,0
13000001898,2025-02-09,Tiendas Físicas,8,Pasivo,0,0
13000001899,2025-02-09,Tiendas Físicas,8,Pasivo,0,0
13000001900,2025-02-09,Tiendas Físicas,9,Promotor,1,0
13000001901,2025-02-09,Tiendas Físicas,9,Promotor,1,0
13000001902,2025-02-09,Tiendas Físicas,7,Pasivo,0,0
13000001903,2025-02-10,Tienda Online,8,Pasivo,0,0
13000001904,2025-02-10,Tienda Online,7,Pasivo,0,0
13000001905,2025-02-10,Tienda Online,10,Promotor,1,0
13000001906,2025-02-10,Tienda Online,7,Pasivo,0,0
13000001907,2025-02-11,Tienda Online,7,Pasivo,0,0
13000001908,2025-02-11,Tienda Online,7,Pasivo,0,0
13000001909,2025-02-11,Tiendas Físicas,10,Promotor,1,0
13000001910,2025-02-11,Tienda Online,8,Pasivo,0,0
13000001911,2025-02-11,Tienda Online,9,Promotor,1,0
13000001912,2025-02-11,Tienda Online,9,Promotor,1,0
13000001913,2025-02-11,Tienda Online,7,Pasivo,0,0
13000001914,2025-02-11,Tienda Online,9,Promotor,1,0
13000001915,2025-02-12,Tienda Online,8,Pasivo,0,0
13000001916,2025-02-12,Tiendas Físicas,9,Promotor,1,0
13000001917,2025-02-12,Tienda Online,9,Promotor,1,0
13000001918,2025-02-13,Tienda Online,7,Pasivo,0,0
13000001919,2025-02-13,Tienda Online,10,Promotor,1,0
13000001920,2025-02-13,Tienda Online,8,Pasivo,0,0
13000001921,2025-02-13,Tienda Online,8,Pasivo,0,0
13000001922,2025-02-13,Tienda Online,7,Pasivo,0,0
13000001923,2025-02-13,Tiendas Físicas,10,Promotor,1,0
13000001924,2025-02-13,Tienda Online,9,Promotor,1,0
13000001925,2025-02-14,Tienda Online,10,Promotor,1,0
13000001926,2025-02-14,Tiendas Físicas,8,Pasivo,0,0
13000001927,2025-02-14,Tiendas Físicas,10,Promotor,1,0
13000001928,2025-02-14,Tienda Online,8,Pasivo,0,0
13000001929,2025-02-14,Tiendas Físicas,9,Promotor,1,0
13000001930,2025-02-14,Tienda Online,9,Promotor,1,0
13000001931,2025-02-15,Tiendas Físicas,9,Promotor,1,0
13000001932,2025-02-16,Tiendas Físicas,9,Promotor,1,0
13000001933,2025-02-16,Tiendas Físicas,8,Pasivo,0,0
13000001934,2025-02-16,Tiendas Físicas,7,Pasivo,0,0
13000001935,2025-02-16,Tiendas Físicas,10,Promotor,1,0
13000001936,2025-02-16,Tiendas Físicas,9,Promotor,1,0
13000001937,2025-02-16,Tiendas Físicas,9,Promotor,1,0
13000001938,2025-02-17,Tiendas Físicas,9,Promotor,1,0
13000001939,2025-02-17,Tiendas Físicas,8,Pasivo,0,0
13000001940,2025-02-17,Tiendas Físicas,7,Pasivo,0,0
13000001941,2025-02-18,Tienda Online,8,Pasivo,0,0
13000001942,2025-02-18,Tiendas Físicas,8,Pasivo,0,0
13000001943,2025-02-18,Tienda Online,7,Pasivo,0,0
13000001944,2025-02-18,Tienda Online,8,Pasivo,0,0
13000001945,2025-02-18,Tiendas Físicas,10,Promotor,1,0
13000001946,2025-02-19,Tienda Online,8,Pasivo,0,0
13000001947,2025-02-19,Tiendas Físicas,9,Promotor,1,0
13000001948,2025-02-19,Tiendas Físicas,10,Promotor,1,0
13000001949,2025-02-19,Tiendas Físicas,8,Pasivo,0,0
13000001950,2025-02-19,Tienda Online,6,Detractor,0,1
13000001951,2025-02-19,Tienda Online,8,Pasivo,0,0
13000001952,2025-02-19,Tienda Online,9,Promotor,1,0
13000001953,2025-02-19,Tiendas Físicas,10,Promotor,1,0
13000001954,2025-02-20,Tienda Online,9,Promotor,1,0
13000001955,2025-02-20,Tienda Online,9,Promotor,1,0
13000001956,2025-02-20,Tiendas Físicas,7,Pasivo,0,0
13000001957,2025-02-20,Tienda Online,9,Promotor,1,0
13000001958,2025-02-20,Tienda Online,8,Pasivo,0,0
13000001959,2025-02-20,Tienda Online,10,Promotor,1,0
13000001960,2025-02-20,Tienda Online,10,Promotor,1,0
13000001961,2025-02-20,Tienda Online,6,Detractor,0,1
13000001962,2025-02-21,Tiendas Físicas,8,Pasivo,0,0
13000001963,2025-02-21,Tienda Online,8,Pasivo,0,0
13000001964,2025-02-21,Tiendas Físicas,7,Pasivo,0,0
13000001965,2025-02-21,Tienda Online,9,Promotor,1,0
13000001966,2025-02-21,Tienda Online,10,Promotor,1,0
13000001967,2025-02-21,Tienda Online,9,Promotor,1,0
13000001968,2025-02-21,Tienda Online,7,Pasivo,0,0
13000001969,2025-02-21,Tienda Online,5,Detractor,0,1
13000001970,2025-02-21,Tiendas Físicas,9,Promotor,1,0
13000001971,2025-02-22,Tienda Online,8,Pasivo,0,0
13000001972,2025-02-22,Tiendas Físicas,10,Promotor,1,0
13000001973,2025-02-22,Tiendas Físicas,10,Promotor,1,0
13000001974,2025-02-22,Tiendas Físicas,9,Promotor,1,0
13000001975,2025-02-23,Tiendas Físicas,9,Promotor,1,0
13000001976,2025-02-23,Tiendas Físicas,7,Pasivo,0,0
13000001977,2025-02-24,Tienda Online,9,Promotor,1,0
13000001978,2025-02-24,Tienda Online,6,Detractor,0,1
13000001979,2025-02-25,Tienda Online,3,Detractor,0,1
13000001980,2025-02-25,Tienda Online,9,Promotor,1,0
13000001981,2025-02-25,Tienda Online,7,Pasivo,0,0
13000001982,2025-02-25,Tienda Online,7,Pasivo,0,0
13000001983,2025-02-25,Tienda Online,5,Detractor,0,1
13000001984,2025-02-26,Tienda Online,5,Detractor,0,1
13000001985,2025-02-26,Tiendas Físicas,7,Pasivo,0,0
13000001986,2025-02-26,Tienda Online,6,Detractor,0,1
13000001987,2025-02-26,Tienda Online,9,Promotor,1,0
13000001988,2025-02-26,Tiendas Físicas,9,Promotor,1,0
13000001989,2025-02-26,Tienda Online,7,Pasivo,0,0
13000001990,2025-02-26,Tienda Online,9,Promotor,1,0
13000001991,2025-02-26,Tiendas Físicas,8,Pasivo,0,0
13000001992,2025-02-26,Tiendas Físicas,8,Pasivo,0,0
13000001993,2025-02-26,Tiendas Físicas,9,Promotor,1,0
13000001994,2025-02-26,Tienda Online,10,Promotor,1,0
13000001995,2025-02-26,Tienda Online,8,Pasivo,0,0
13000001996,2025-02-27,Tienda Online,10,Promotor,1,0
13000001997,2025-02-27,Tienda Online,10,Promotor,1,0
13000001998,2025-02-27,Tienda Online,8,Pasivo,0,0
13000001999,2025-02-27,Tienda Online,8,Pasivo,0,0
13000002000,2025-02-27,Tienda Online,6,Detractor,0,1
13000002001,2025-02-27,Tiendas Físicas,10,Promotor,1,0
13000002002,2025-02-28,Tiendas Físicas,8,Pasivo,0,0
13000002003,2025-02-28,Tienda Online,10,Promotor,1,0
13000002004,2025-02-28,Tiendas Físicas,6,Detractor,0,1
13000002005,2025-02-28,Tienda Online,7,Pasivo,0,0
13000002006,2025-02-28,Tienda Online,4,Detractor,0,1
13000002007,2025-02-28,Tienda Online,9,Promotor,1,0
13000002008,2025-02-28,Tienda Online,8,Pasivo,0,0
13000002009,2025-02-28,Tienda Online,9,Promotor,1,0
13000002010,2025-02-28,Tienda Online,9,Promotor,1,0
13000002011,2025-02-28,Tienda Online,9,Promotor,1,0
13000002012,2025-03-01,Tienda Online,6,Detractor,0,1
13000002013,2025-03-01,Tienda Online,9,Promotor,1,0
13000002014,2025-03-01,Tienda Online,9,Promotor,1,0
13000002015,2025-03-01,Tienda Online,7,Pasivo,0,0
13000002016,2025-03-01,Tiendas Físicas,10,Promotor,1,0
13000002017,2025-03-01,Tienda Online,7,Pasivo,0,0
13000002018,2025-03-01,Tiendas Físicas,8,Pasivo,0,0
13000002019,2025-03-01,Tiendas Físicas,9,Promotor,1,0
13000002020,2025-03-01,Tiendas Físicas,6,Detractor,0,1
13000002021,2025-03-02,Tiendas Físicas,7,Pasivo,0,0
13000002022,2025-03-02,Tiendas Físicas,10,Promotor,1,0
13000002023,2025-03-02,Tiendas Físicas,6,Detractor,0,1
13000002024,2025-03-02,Tiendas Físicas,10,Promotor,1,0
13000002025,2025-03-02,Tiendas Físicas,10,Promotor,1,0
13000002026,2025-03-03,Tienda Online,9,Promotor,1,0
13000002027,2025-03-03,Tienda Online,8,Pasivo,0,0
13000002028,2025-03-03,Tienda Online,4,Detractor,0,1
13000002029,2025-03-03,Tienda Online,7,Pasivo,0,0
13000002030,2025-03-04,Tienda Online,6,Detractor,0,1
13000002031,2025-03-04,Tiendas Físicas,9,Promotor,1,0
13000002032,2025-03-04,Tiendas Físicas,9,Promotor,1,0
13000002033,2025-03-04,Tienda Online,7,Pasivo,0,0
13000002034,2025-03-04,Tiendas Físicas,7,Pasivo,0,0
13000002035,2025-03-04,Tienda Online,8,Pasivo,0,0
13000002036,2025-03-05,Tienda Online,6,Detractor,0,1
13000002037,2025-03-05,Tienda Online,8,Pasivo,0,0
13000002038,2025-03-05,Tienda Online,9,Promotor,1,0
13000002039,2025-03-05,Tienda Online,10,Promotor,1,0
13000002040,2025-03-05,Tienda Online,7,Pasivo,0,0
13000002041,2025-03-05,Tienda Online,10,Promotor,1,0
13000002042,2025-03-05,Tienda Online,6,Detractor,0,1
13000002043,2025-03-06,Tienda Online,7,Pasivo,0,0
13000002044,2025-03-06,Tienda Online,9,Promotor,1,0
13000002045,2025-03-06,Tienda Online,8,Pasivo,0,0
13000002046,2025-03-06,Tienda Online,6,Detractor,0,1
13000002047,2025-03-06,Tiendas Físicas,9,Promotor,1,0
13000002048,2025-03-06,Tiendas Físicas,9,Promotor,1,0
13000002049,2025-03-06,Tiendas Físicas,10,Promotor,1,0
13000002050,2025-03-06,Tiendas Físicas,10,Promotor,1,0
13000002051,2025-03-06,Tiendas Físicas,10,Promotor,1,0
13000002052,2025-03-06,Tienda Online,10,Promotor,1,0
13000002053,2025-03-07,Tiendas Físicas,9,Promotor,1,0
13000002054,2025-03-07,Tienda Online,10,Promotor,1,0
13000002055,2025-03-07,Tienda Online,9,Promotor,1,0
13000002056,2025-03-07,Tienda Online,7,Pasivo,0,0
13000002057,2025-03-07,Tiendas Físicas,10,Promotor,1,0
13000002058,2025-03-07,Tienda Online,7,Pasivo,0,0
13000002059,2025-03-07,Tienda Online,9,Promotor,1,0
13000002060,2025-03-08,Tienda Online,10,Promotor,1,0
13000002061,2025-03-08,Tiendas Físicas,10,Promotor,1,0
13000002062,2025-03-08,Tiendas Físicas,9,Promotor,1,0
13000002063,2025-03-08,Tienda Online,10,Promotor,1,0
13000002064,2025-03-09,Tiendas Físicas,8,Pasivo,0,0
13000002065,2025-03-09,Tiendas Físicas,10,Promotor,1,0
13000002066,2025-03-10,Tiendas Físicas,10,Promotor,1,0
13000002067,2025-03-10,Tiendas Físicas,10,Promotor,1,0
13000002068,2025-03-10,Tienda Online,8,Pasivo,0,0
13000002069,2025-03-10,Tienda Online,8,Pasivo,0,0
13000002070,2025-03-10,Tienda Online,8,Pasivo,0,0
13000002071,2025-03-10,Tienda Online,7,Pasivo,0,0
13000002072,2025-03-11,Tienda Online,9,Promotor,1,0
13000002073,2025-03-11,Tiendas Físicas,9,Promotor,1,0
13000002074,2025-03-11,Tiendas Físicas,6,Detractor,0,1
13000002075,2025-03-11,Tienda Online,9,Promotor,1,0
13000002076,2025-03-11,Tienda Online,7,Pasivo,0,0
13000002077,2025-03-11,Tienda Online,7,Pasivo,0,0
13000002078,2025-03-11,Tiendas Físicas,9,Promotor,1,0
13000002079,2025-03-11,Tiendas Físicas,10,Promotor,1,0
13000002080,2025-03-11,Tienda Online,10,Promotor,1,0
13000002081,2025-03-12,Tiendas Físicas,10,Promotor,1,0
13000002082,2025-03-12,Tienda Online,8,Pasivo,0,0
13000002083,2025-03-12,Tienda Online,7,Pasivo,0,0
13000002084,2025-03-12,Tienda Online,9,Promotor,1,0
13000002085,2025-03-12,Tienda Online,7,Pasivo,0,0
13000002086,2025-03-12,Tienda Online,9,Promotor,1,0
13000002087,2025-03-12,Tienda Online,8,Pasivo,0,0
13000002088,2025-03-13,Tienda Online,10,Promotor,1,0
13000002089,2025-03-13,Tienda Online,7,Pasivo,0,0
13000002090,2025-03-13,Tienda Online,7,Pasivo,0,0
13000002091,2025-03-13,Tienda Online,7,Pasivo,0,0
13000002092,2025-03-13,Tienda Online,8,Pasivo,0,0
13000002093,2025-03-13,Tiendas Físicas,10,Promotor,1,0
13000002094,2025-03-13,Tienda Online,7,Pasivo,0,0
13000002095,2025-03-13,Tiendas Físicas,8,Pasivo,0,0
13000002096,2025-03-14,Tienda Online,10,Promotor,1,0
13000002097,2025-03-14,Tienda Online,5,Detractor,0,1
13000002098,2025-03-14,Tiendas Físicas,8,Pasivo,0,0
13000002099,2025-03-14,Tienda Online,8,Pasivo,0,0
13000002100,2025-03-14,Tienda Online,6,Detractor,0,1
13000002101,2025-03-14,Tienda Online,10,Promotor,1,0
13000002102,2025-03-14,Tienda Online,9,Promotor,1,0
13000002103,2025-03-14,Tiendas Físicas,6,Detractor,0,1
13000002104,2025-03-14,Tiendas Físicas,10,Promotor,1,0
13000002105,2025-03-14,Tienda Online,10,Promotor,1,0
13000002106,2025-03-14,Tienda Online,10,Promotor,1,0
13000002107,2025-03-15,Tienda Online,9,Promotor,1,0
13000002108,2025-03-15,Tiendas Físicas,9,Promotor,1,0
13000002109,2025-03-15,Tiendas Físicas,8,Pasivo,0,0
13000002110,2025-03-16,Tiendas Físicas,9,Promotor,1,0
13000002111,2025-03-16,Tiendas Físicas,5,Detractor,0,1
13000002112,2025-03-16,Tiendas Físicas,8,Pasivo,0,0
13000002113,2025-03-17,Tienda Online,10,Promotor,1,0
13000002114,2025-03-17,Tienda Online,9,Promotor,1,0
13000002115,2025-03-17,Tienda Online,9,Promotor,1,0
13000002116,2025-03-17,Tienda Online,6,Detractor,0,1
13000002117,2025-03-18,Tienda Online,6,Detractor,0,1
13000002118,2025-03-18,Tienda Online,6,Detractor,0,1
13000002119,2025-03-18,Tienda Online,10,Promotor,1,0
13000002120,2025-03-18,Tienda Online,8,Pasivo,0,0
13000002121,2025-03-18,Tienda Online,8,Pasivo,0,0
13000002122,2025-03-19,Tienda Online,9,Promotor,1,0
13000002123,2025-03-19,Tienda Online,10,Promotor,1,0
13000002124,2025-03-20,Tiendas Físicas,6,Detractor,0,1
13000002125,2025-03-20,Tienda Online,7,Pasivo,0,0
13000002126,2025-03-20,Tiendas Físicas,9,Promotor,1,0
13000002127,2025-03-21,Tienda Online,7,Pasivo,0,0
13000002128,2025-03-21,Tienda Online,9,Promotor,1,0
13000002129,2025-03-21,Tienda Online,8,Pasivo,0,0
13000002130,2025-03-21,Tienda Online,6,Detractor,0,1
13000002131,2025-03-21,Tiendas Físicas,9,Promotor,1,0
13000002132,2025-03-21,Tiendas Físicas,8,Pasivo,0,0
13000002133,2025-03-21,Tienda Online,7,Pasivo,0,0
13000002134,2025-03-21,Tiendas Físicas,8,Pasivo,0,0
13000002135,2025-03-21,Tienda Online,9,Promotor,1,0
13000002136,2025-03-21,Tiendas Físicas,8,Pasivo,0,0
13000002137,2025-03-21,Tienda Online,8,Pasivo,0,0
13000002138,2025-03-21,Tienda Online,10,Promotor,1,0
13000002139,2025-03-21,Tiendas Físicas,6,Detractor,0,1
13000002140,2025-03-22,Tiendas Físicas,8,Pasivo,0,0
13000002141,2025-03-22,Tienda Online,8,Pasivo,0,0
13000002142,2025-03-22,Tienda Online,6,Detractor,0,1
13000002143,2025-03-22,Tienda Online,7,Pasivo,0,0
13000002144,2025-03-22,Tienda Online,7,Pasivo,0,0
13000002145,2025-03-22,Tiendas Físicas,7,Pasivo,0,0
13000002146,2025-03-22,Tiendas Físicas,8,Pasivo,0,0
13000002147,2025-03-22,Tiendas Físicas,7,Pasivo,0,0
13000002148,2025-03-22,Tiendas Físicas,10,Promotor,1,0
13000002149,2025-03-23,Tiendas Físicas,8,Pasivo,0,0
13000002150,2025-03-23,Tiendas Físicas,10,Promotor,1,0
13000002151,2025-03-23,Tiendas Físicas,9,Promotor,1,0
13000002152,2025-03-23,Tiendas Físicas,9,Promotor,1,0
13000002153,2025-03-24,Tienda Online,8,Pasivo,0,0
13000002154,2025-03-24,Tienda Online,10,Promotor,1,0
13000002155,2025-03-25,Tiendas Físicas,8,Pasivo,0,0
13000002156,2025-03-25,Tiendas Físicas,10,Promotor,1,0
13000002157,2025-03-25,Tienda Online,7,Pasivo,0,0
13000002158,2025-03-25,Tienda Online,8,Pasivo,0,0
13000002159,2025-03-25,Tiendas Físicas,10,Promotor,1,0
13000002160,2025-03-26,Tienda Online,7,Pasivo,0,0
13000002161,2025-03-26,Tiendas Físicas,7,Pasivo,0,0
13000002162,2025-03-26,Tiendas Físicas,8,Pasivo,0,0
13000002163,2025-03-26,Tiendas Físicas,9,Promotor,1,0
13000002164,2025-03-26,Tienda Online,7,Pasivo,0,0
13000002165,2025-03-26,Tienda Online,9,Promotor,1,0
13000002166,2025-03-26,Tienda Online,9,Promotor,1,0
13000002167,2025-03-26,Tienda Online,8,Pasivo,0,0
13000002168,2025-03-27,Tienda Online,5,Detractor,0,1
13000002169,2025-03-27,Tiendas Físicas,6,Detractor,0,1
13000002170,2025-03-27,Tienda Online,10,Promotor,1,0
13000002171,2025-03-27,Tienda Online,9,Promotor,1,0
13000002172,2025-03-27,Tienda Online,8,Pasivo,0,0
13000002173,2025-03-27,Tienda Online,8,Pasivo,0,0
13000002174,2025-03-27,Tiendas Físicas,5,Detractor,0,1
13000002175,2025-03-27,Tiendas Físicas,10,Promotor,1,0
13000002176,2025-03-27,Tienda Online,10,Promotor,1,0
13000002177,2025-03-27,Tienda Online,10,Promotor,1,0
13000002178,2025-03-27,Tienda Online,7,Pasivo,0,0
13000002179,2025-03-27,Tienda Online,10,Promotor,1,0
13000002180,2025-03-28,Tiendas Físicas,7,Pasivo,0,0
13000002181,2025-03-28,Tienda Online,10,Promotor,1,0
13000002182,2025-03-28,Tiendas Físicas,9,Promotor,1,0
13000002183,2025-03-28,Tienda Online,9,Promotor,1,0
13000002184,2025-03-28,Tienda Online,10,Promotor,1,0
13000002185,2025-03-28,Tienda Online,10,Promotor,1,0
13000002186,2025-03-28,Tienda Online,10,Promotor,1,0
13000002187,2025-03-28,Tienda Online,10,Promotor,1,0
13000002188,2025-03-28,Tiendas Físicas,9,Promotor,1,0
13000002189,2025-03-29,Tienda Online,7,Pasivo,0,0
13000002190,2025-03-29,Tiendas Físicas,4,Detractor,0,1
13000002191,2025-03-29,Tiendas Físicas,9,Promotor,1,0
13000002192,2025-03-29,Tiendas Físicas,6,Detractor,0,1
13000002193,2025-03-30,Tiendas Físicas,5,Detractor,0,1
13000002194,2025-03-30,Tiendas Físicas,4,Detractor,0,1
13000002195,2025-03-30,Tiendas Físicas,10,Promotor,1,0
13000002196,2025-03-31,Tienda Online,7,Pasivo,0,0
13000002197,2025-04-01,Tienda Online,7,Pasivo,0,0
13000002198,2025-04-01,Tienda Online,8,Pasivo,0,0
13000002199,2025-04-01,Tiendas Físicas,9,Promotor,1,0
13000002200,2025-04-01,Tienda Online,8,Pasivo,0,0
13000002201,2025-04-02,Tienda Online,6,Detractor,0,1
13000002202,2025-04-02,Tiendas Físicas,10,Promotor,1,0
13000002203,2025-04-02,Tienda Online,7,Pasivo,0,0
13000002204,2025-04-03,Tiendas Físicas,5,Detractor,0,1
13000002205,2025-04-03,Tienda Online,6,Detractor,0,1
13000002206,2025-04-03,Tienda Online,10,Promotor,1,0
13000002207,2025-04-03,Tiendas Físicas,10,Promotor,1,0
13000002208,2025-04-03,Tienda Online,9,Promotor,1,0
13000002209,2025-04-03,Tienda Online,5,Detractor,0,1
13000002210,2025-04-03,Tienda Online,5,Detractor,0,1
13000002211,2025-04-03,Tienda Online,8,Pasivo,0,0
13000002212,2025-04-04,Tiendas Físicas,8,Pasivo,0,0
13000002213,2025-04-04,Tienda Online,6,Detractor,0,1
13000002214,2025-04-04,Tiendas Físicas,6,Detractor,0,1
13000002215,2025-04-04,Tienda Online,9,Promotor,1,0
13000002216,2025-04-04,Tiendas Físicas,7,Pasivo,0,0
13000002217,2025-04-04,Tienda Online,6,Detractor,0,1
13000002218,2025-04-05,Tienda Online,8,Pasivo,0,0
13000002219,2025-04-05,Tiendas Físicas,6,Detractor,0,1
13000002220,2025-04-08,Tienda Online,5,Detractor,0,1
13000002221,2025-04-08,Tienda Online,10,Promotor,1,0
13000002222,2025-04-08,Tienda Online,10,Promotor,1,0
13000002223,2025-04-08,Tiendas Físicas,9,Promotor,1,0
13000002224,2025-04-08,Tienda Online,9,Promotor,1,0
13000002225,2025-04-09,Tiendas Físicas,9,Promotor,1,0
13000002226,2025-04-09,Tienda Online,6,Detractor,0,1
13000002227,2025-04-09,Tienda Online,10,Promotor,1,0
13000002228,2025-04-09,Tiendas Físicas,6,Detractor,0,1
13000002229,2025-04-09,Tienda Online,8,Pasivo,0,0
13000002230,2025-04-09,Tiendas Físicas,8,Pasivo,0,0
13000002231,2025-04-09,Tiendas Físicas,9,Promotor,1,0
13000002232,2025-04-09,Tiendas Físicas,8,Pasivo,0,0
13000002233,2025-04-09,Tienda Online,8,Pasivo,0,0
13000002234,2025-04-10,Tienda Online,6,Detractor,0,1
13000002235,2025-04-10,Tienda Online,8,Pasivo,0,0
13000002236,2025-04-10,Tienda Online,10,Promotor,1,0
13000002237,2025-04-10,Tienda Online,9,Promotor,1,0
13000002238,2025-04-10,Tienda Online,9,Promotor,1,0
13000002239,2025-04-11,Tienda Online,10,Promotor,1,0
13000002240,2025-04-11,Tiendas Físicas,8,Pasivo,0,0
13000002241,2025-04-11,Tiendas Físicas,9,Promotor,1,0
13000002242,2025-04-11,Tienda Online,10,Promotor,1,0
13000002243,2025-04-11,Tiendas Físicas,10,Promotor,1,0
13000002244,2025-04-11,Tienda Online,10,Promotor,1,0
13000002245,2025-04-12,Tiendas Físicas,10,Promotor,1,0
13000002246,2025-04-12,Tienda Online,10,Promotor,1,0
13000002247,2025-04-14,Tienda Online,9,Promotor,1,0
13000002248,2025-04-14,Tienda Online,9,Promotor,1,0
13000002249,2025-04-14,Tienda Online,8,Pasivo,0,0
13000002250,2025-04-14,Tienda Online,10,Promotor,1,0
13000002251,2025-04-15,Tienda Online,10,Promotor,1,0
13000002252,2025-04-15,Tienda Online,10,Promotor,1,0
13000002253,2025-04-15,Tiendas Físicas,9,Promotor,1,0
13000002254,2025-04-15,Tiendas Físicas,8,Pasivo,0,0
13000002255,2025-04-15,Tiendas Físicas,7,Pasivo,0,0
13000002256,2025-04-15,Tienda Online,9,Promotor,1,0
13000002257,2025-04-15,Tienda Online,4,Detractor,0,1
13000002258,2025-04-16,Tienda Online,9,Promotor,1,0
13000002259,2025-04-16,Tiendas Físicas,10,Promotor,1,0
13000002260,2025-04-16,Tienda Online,10,Promotor,1,0
13000002261,2025-04-16,Tienda Online,10,Promotor,1,0
13000002262,2025-04-16,Tienda Online,9,Promotor,1,0
13000002263,2025-04-16,Tiendas Físicas,8,Pasivo,0,0
13000002264,2025-04-16,Tiendas Físicas,9,Promotor,1,0
13000002265,2025-04-16,Tienda Online,10,Promotor,1,0
13000002266,2025-04-17,Tiendas Físicas,10,Promotor,1,0
13000002267,2025-04-17,Tiendas Físicas,9,Promotor,1,0
13000002268,2025-04-17,Tiendas Físicas,8,Pasivo,0,0
13000002269,2025-04-17,Tienda Online,8,Pasivo,0,0
13000002270,2025-04-17,Tienda Online,10,Promotor,1,0
13000002271,2025-04-17,Tiendas Físicas,7,Pasivo,0,0
13000002272,2025-04-17,Tienda Online,9,Promotor,1,0
13000002273,2025-04-18,Tienda Online,10,Promotor,1,0
13000002274,2025-04-18,Tienda Online,7,Pasivo,0,0
13000002275,2025-04-18,Tienda Online,9,Promotor,1,0
13000002276,2025-04-19,Tiendas Físicas,8,Pasivo,0,0
13000002277,2025-04-19,Tienda Online,8,Pasivo,0,0
13000002278,2025-04-20,Tiendas Físicas,9,Promotor,1,0
13000002279,2025-04-20,Tiendas Físicas,10,Promotor,1,0
13000002280,2025-04-21,Tienda Online,8,Pasivo,0,0
13000002281,2025-04-21,Tienda Online,8,Pasivo,0,0
13000002282,2025-04-21,Tienda Online,10,Promotor,1,0
13000002283,2025-04-21,Tienda Online,5,Detractor,0,1
13000002284,2025-04-21,Tienda Online,6,Detractor,0,1
13000002285,2025-04-21,Tienda Online,5,Detractor,0,1
13000002286,2025-04-22,Tienda Online,10,Promotor,1,0
13000002287,2025-04-22,Tienda Online,7,Pasivo,0,0
13000002288,2025-04-22,Tienda Online,8,Pasivo,0,0
13000002289,2025-04-22,Tienda Online,9,Promotor,1,0
13000002290,2025-04-22,Tiendas Físicas,10,Promotor,1,0
13000002291,2025-04-22,Tienda Online,10,Promotor,1,0
13000002292,2025-04-22,Tienda Online,8,Pasivo,0,0
13000002293,2025-04-22,Tienda Online,10,Promotor,1,0
13000002294,2025-04-23,Tienda Online,9,Promotor,1,0
13000002295,2025-04-23,Tienda Online,9,Promotor,1,0
13000002296,2025-04-23,Tiendas Físicas,5,Detractor,0,1
13000002297,2025-04-23,Tienda Online,10,Promotor,1,0
13000002298,2025-04-23,Tienda Online,7,Pasivo,0,0
13000002299,2025-04-23,Tienda Online,9,Promotor,1,0
13000002300,2025-04-23,Tienda Online,7,Pasivo,0,0
13000002301,2025-04-23,Tienda Online,10,Promotor,1,0
13000002302,2025-04-23,Tienda Online,10,Promotor,1,0
13000002303,2025-04-24,Tienda Online,10,Promotor,1,0
13000002304,2025-04-24,Tiendas Físicas,10,Promotor,1,0
13000002305,2025-04-24,Tienda Online,10,Promotor,1,0
13000002306,2025-04-24,Tienda Online,5,Detractor,0,1
13000002307,2025-04-24,Tiendas Físicas,8,Pasivo,0,0
13000002308,2025-04-24,Tiendas Físicas,10,Promotor,1,0
13000002309,2025-04-24,Tienda Online,7,Pasivo,0,0
13000002310,2025-04-24,Tienda Online,5,Detractor,0,1
13000002311,2025-04-24,Tienda Online,8,Pasivo,0,0
13000002312,2025-04-24,Tienda Online,9,Promotor,1,0
13000002313,2025-04-24,Tienda Online,10,Promotor,1,0
13000002314,2025-04-24,Tienda Online,9,Promotor,1,0
13000002315,2025-04-24,Tienda Online,6,Detractor,0,1
13000002316,2025-04-24,Tienda Online,10,Promotor,1,0
13000002317,2025-04-25,Tienda Online,7,Pasivo,0,0
13000002318,2025-04-25,Tienda Online,8,Pasivo,0,0
13000002319,2025-04-25,Tiendas Físicas,10,Promotor,1,0
13000002320,2025-04-25,Tienda Online,7,Pasivo,0,0
13000002321,2025-04-25,Tienda Online,8,Pasivo,0,0
13000002322,2025-04-25,Tiendas Físicas,4,Detractor,0,1
13000002323,2025-04-25,Tienda Online,10,Promotor,1,0
13000002324,2025-04-26,Tienda Online,8,Pasivo,0,0
13000002325,2025-04-27,Tiendas Físicas,10,Promotor,1,0
13000002326,2025-04-27,Tiendas Físicas,7,Pasivo,0,0
13000002327,2025-04-27,Tiendas Físicas,10,Promotor,1,0
13000002328,2025-04-28,Tiendas Físicas,10,Promotor,1,0
13000002329,2025-04-28,Tienda Online,10,Promotor,1,0
13000002330,2025-04-29,Tiendas Físicas,10,Promotor,1,0
13000002331,2025-04-29,Tienda Online,8,Pasivo,0,0
13000002332,2025-04-29,Tienda Online,9,Promotor,1,0
13000002333,2025-04-29,Tienda Online,7,Pasivo,0,0
13000002334,2025-04-30,Tienda Online,6,Detractor,0,1
13000002335,2025-04-30,Tienda Online,8,Pasivo,0,0
13000002336,2025-04-30,Tiendas Físicas,7,Pasivo,0,0
13000002337,2025-04-30,Tienda Online,9,Promotor,1,0
13000002338,2025-04-30,Tienda Online,10,Promotor,1,0
13000002339,2025-04-30,Tienda Online,8,Pasivo,0,0
13000002340,2025-04-30,Tienda Online,9,Promotor,1,0
13000002341,2025-05-01,Tiendas Físicas,9,Promotor,1,0
13000002342,2025-05-01,Tienda Online,10,Promotor,1,0
13000002343,2025-05-01,Tienda Online,10,Promotor,1,0
13000002344,2025-05-01,Tiendas Físicas,10,Promotor,1,0
13000002345,2025-05-01,Tienda Online,8,Pasivo,0,0
13000002346,2025-05-01,Tienda Online,7,Pasivo,0,0
13000002347,2025-05-01,Tiendas Físicas,9,Promotor,1,0
13000002348,2025-05-02,Tienda Online,6,Detractor,0,1
13000002349,2025-05-02,Tienda Online,8,Pasivo,0,0
13000002350,2025-05-02,Tienda Online,10,Promotor,1,0
13000002351,2025-05-02,Tienda Online,10,Promotor,1,0
13000002352,2025-05-02,Tienda Online,6,Detractor,0,1
13000002353,2025-05-02,Tienda Online,7,Pasivo,0,0
13000002354,2025-05-02,Tienda Online,9,Promotor,1,0
13000002355,2025-05-02,Tienda Online,7,Pasivo,0,0
13000002356,2025-05-03,Tienda Online,10,Promotor,1,0
13000002357,2025-05-03,Tiendas Físicas,10,Promotor,1,0
13000002358,2025-05-04,Tiendas Físicas,8,Pasivo,0,0
13000002359,2025-05-04,Tiendas Físicas,6,Detractor,0,1
13000002360,2025-05-05,Tienda Online,10,Promotor,1,0
13000002361,2025-05-05,Tiendas Físicas,9,Promotor,1,0
13000002362,2025-05-06,Tienda Online,9,Promotor,1,0
13000002363,2025-05-06,Tiendas Físicas,10,Promotor,1,0
13000002364,2025-05-06,Tiendas Físicas,10,Promotor,1,0
13000002365,2025-05-06,Tienda Online,8,Pasivo,0,0
13000002366,2025-05-07,Tienda Online,5,Detractor,0,1
13000002367,2025-05-07,Tienda Online,9,Promotor,1,0
13000002368,2025-05-07,Tienda Online,9,Promotor,1,0
13000002369,2025-05-07,Tienda Online,9,Promotor,1,0
13000002370,2025-05-07,Tienda Online,10,Promotor,1,0
13000002371,2025-05-07,Tiendas Físicas,7,Pasivo,0,0
13000002372,2025-05-07,Tienda Online,10,Promotor,1,0
13000002373,2025-05-07,Tiendas Físicas,9,Promotor,1,0
13000002374,2025-05-08,Tiendas Físicas,8,Pasivo,0,0
13000002375,2025-05-08,Tiendas Físicas,8,Pasivo,0,0
13000002376,2025-05-08,Tiendas Físicas,9,Promotor,1,0
13000002377,2025-05-09,Tienda Online,9,Promotor,1,0
13000002378,2025-05-09,Tiendas Físicas,5,Detractor,0,1
13000002379,2025-05-09,Tiendas Físicas,10,Promotor,1,0
13000002380,2025-05-09,Tienda Online,8,Pasivo,0,0
13000002381,2025-05-09,Tiendas Físicas,9,Promotor,1,0
13000002382,2025-05-10,Tienda Online,10,Promotor,1,0
13000002383,2025-05-10,Tiendas Físicas,10,Promotor,1,0
13000002384,2025-05-10,Tiendas Físicas,10,Promotor,1,0
13000002385,2025-05-11,Tienda Online,8,Pasivo,0,0
13000002386,2025-05-11,Tiendas Físicas,6,Detractor,0,1
13000002387,2025-05-11,Tiendas Físicas,9,Promotor,1,0
13000002388,2025-05-11,Tiendas Físicas,9,Promotor,1,0
13000002389,2025-05-12,Tienda Online,9,Promotor,1,0
13000002390,2025-05-12,Tienda Online,7,Pasivo,0,0
13000002391,2025-05-12,Tienda Online,10,Promotor,1,0
13000002392,2025-05-13,Tiendas Físicas,10,Promotor,1,0
13000002393,2025-05-13,Tienda Online,9,Promotor,1,0
13000002394,2025-05-13,Tienda Online,4,Detractor,0,1
13000002395,2025-05-13,Tienda Online,6,Detractor,0,1
13000002396,2025-05-14,Tiendas Físicas,7,Pasivo,0,0
13000002397,2025-05-14,Tienda Online,10,Promotor,1,0
13000002398,2025-05-14,Tienda Online,8,Pasivo,0,0
13000002399,2025-05-15,Tienda Online,10,Promotor,1,0
13000002400,2025-05-15,Tienda Online,10,Promotor,1,0
13000002401,2025-05-15,Tienda Online,10,Promotor,1,0
13000002402,2025-05-15,Tienda Online,8,Pasivo,0,0
13000002403,2025-05-15,Tienda Online,10,Promotor,1,0
13000002404,2025-05-15,Tienda Online,8,Pasivo,0,0
13000002405,2025-05-15,Tienda Online,7,Pasivo,0,0
13000002406,2025-05-15,Tiendas Físicas,10,Promotor,1,0
13000002407,2025-05-15,Tienda Online,10,Promotor,1,0
13000002408,2025-05-16,Tienda Online,8,Pasivo,0,0
13000002409,2025-05-16,Tienda Online,10,Promotor,1,0
13000002410,2025-05-16,Tienda Online,7,Pasivo,0,0
13000002411,2025-05-16,Tienda Online,8,Pasivo,0,0
13000002412,2025-05-16,Tienda Online,10,Promotor,1,0
13000002413,2025-05-16,Tienda Online,10,Promotor,1,0
13000002414,2025-05-17,Tienda Online,10,Promotor,1,0
13000002415,2025-05-19,Tiendas Físicas,8,Pasivo,0,0
13000002416,2025-05-19,Tiendas Físicas,7,Pasivo,0,0
13000002417,2025-05-19,Tienda Online,8,Pasivo,0,0
13000002418,2025-05-19,Tienda Online,9,Promotor,1,0
13000002419,2025-05-19,Tienda Online,8,Pasivo,0,0
13000002420,2025-05-19,Tienda Online,8,Pasivo,0,0
13000002421,2025-05-19,Tienda Online,7,Pasivo,0,0
13000002422,2025-05-20,Tienda Online,9,Promotor,1,0
13000002423,2025-05-20,Tiendas Físicas,10,Promotor,1,0
13000002424,2025-05-21,Tienda Online,10,Promotor,1,0
13000002425,2025-05-21,Tienda Online,9,Promotor,1,0
13000002426,2025-05-21,Tienda Online,10,Promotor,1,0
13000002427,2025-05-22,Tienda Online,6,Detractor,0,1
13000002428,2025-05-22,Tienda Online,8,Pasivo,0,0
13000002429,2025-05-22,Tienda Online,9,Promotor,1,0
13000002430,2025-05-22,Tienda Online,10,Promotor,1,0
13000002431,2025-05-23,Tienda Online,9,Promotor,1,0
13000002432,2025-05-23,Tienda Online,9,Promotor,1,0
13000002433,2025-05-23,Tienda Online,10,Promotor,1,0
13000002434,2025-05-23,Tienda Online,10,Promotor,1,0
13000002435,2025-05-23,Tienda Online,7,Pasivo,0,0
13000002436,2025-05-23,Tienda Online,7,Pasivo,0,0
13000002437,2025-05-23,Tienda Online,10,Promotor,1,0
13000002438,2025-05-23,Tienda Online,10,Promotor,1,0
13000002439,2025-05-24,Tiendas Físicas,9,Promotor,1,0
13000002440,2025-05-24,Tienda Online,10,Promotor,1,0
13000002441,2025-05-24,Tienda Online,10,Promotor,1,0
13000002442,2025-05-24,Tiendas Físicas,6,Detractor,0,1
13000002443,2025-05-26,Tienda Online,8,Pasivo,0,0
13000002444,2025-05-26,Tienda Online,6,Detractor,0,1
13000002445,2025-05-26,Tienda Online,10,Promotor,1,0
13000002446,2025-05-26,Tienda Online,6,Detractor,0,1
13000002447,2025-05-26,Tienda Online,8,Pasivo,0,0
13000002448,2025-05-26,Tienda Online,10,Promotor,1,0
13000002449,2025-05-26,Tienda Online,9,Promotor,1,0
13000002450,2025-05-26,Tienda Online,5,Detractor,0,1
13000002451,2025-05-26,Tienda Online,8,Pasivo,0,0
13000002452,2025-05-26,Tienda Online,7,Pasivo,0,0
13000002453,2025-05-26,Tienda Online,10,Promotor,1,0
13000002454,2025-05-26,Tienda Online,4,Detractor,0,1
13000002455,2025-05-27,Tienda Online,9,Promotor,1,0
13000002456,2025-05-27,Tienda Online,5,Detractor,0,1
13000002457,2025-05-27,Tienda Online,5,Detractor,0,1
13000002458,2025-05-27,Tienda Online,8,Pasivo,0,0
13000002459,2025-05-27,Tiendas Físicas,10,Promotor,1,0
13000002460,2025-05-27,Tienda Online,9,Promotor,1,0
13000002461,2025-05-27,Tienda Online,7,Pasivo,0,0
13000002462,2025-05-27,Tienda Online,9,Promotor,1,0
13000002463,2025-05-27,Tienda Online,5,Detractor,0,1
13000002464,2025-05-27,Tienda Online,8,Pasivo,0,0
13000002465,2025-05-27,Tiendas Físicas,9,Promotor,1,0
13000002466,2025-05-27,Tienda Online,6,Detractor,0,1
13000002467,2025-05-27,Tienda Online,6,Detractor,0,1
13000002468,2025-05-28,Tienda Online,8,Pasivo,0,0
13000002469,2025-05-28,Tienda Online,9,Promotor,1,0
13000002470,2025-05-28,Tienda Online,8,Pasivo,0,0
13000002471,2025-05-28,Tienda Online,10,Promotor,1,0
13000002472,2025-05-28,Tienda Online,7,Pasivo,0,0
13000002473,2025-05-28,Tiendas Físicas,10,Promotor,1,0
13000002474,2025-05-28,Tienda Online,9,Promotor,1,0
13000002475,2025-05-28,Tienda Online,8,Pasivo,0,0
13000002476,2025-05-28,Tienda Online,10,Promotor,1,0
13000002477,2025-05-28,Tienda Online,8,Pasivo,0,0
13000002478,2025-05-28,Tiendas Físicas,8,Pasivo,0,0
13000002479,2025-05-28,Tienda Online,5,Detractor,0,1
13000002480,2025-05-28,Tienda Online,6,Detractor,0,1
13000002481,2025-05-28,Tiendas Físicas,8,Pasivo,0,0
13000002482,2025-05-28,Tiendas Físicas,7,Pasivo,0,0
13000002483,2025-05-28,Tienda Online,5,Detractor,0,1
13000002484,2025-05-28,Tienda Online,9,Promotor,1,0
13000002485,2025-05-28,Tienda Online,7,Pasivo,0,0
13000002486,2025-05-29,Tienda Online,9,Promotor,1,0
13000002487,2025-05-29,Tiendas Físicas,7,Pasivo,0,0
13000002488,2025-05-29,Tiendas Físicas,10,Promotor,1,0
13000002489,2025-05-29,Tienda Online,9,Promotor,1,0
13000002490,2025-05-29,Tienda Online,9,Promotor,1,0
13000002491,2025-05-29,Tienda Online,7,Pasivo,0,0
13000002492,2025-05-29,Tienda Online,2,Detractor,0,1
13000002493,2025-05-30,Tienda Online,6,Detractor,0,1
13000002494,2025-05-30,Tienda Online,6,Detractor,0,1
13000002495,2025-05-31,Tiendas Físicas,9,Promotor,1,0
13000002496,2025-05-31,Tienda Online,7,Pasivo,0,0
13000002497,2025-05-31,Tiendas Físicas,8,Pasivo,0,0
13000002498,2025-05-31,Tiendas Físicas,8,Pasivo,0,0
13000002499,2025-06-01,Tienda Online,3,Detractor,0,1
13000002500,2025-06-01,Tiendas Físicas,10,Promotor,1,0
13000002501,2025-06-01,Tiendas Físicas,9,Promotor,1,0
13000002502,2025-06-02,Tienda Online,10,Promotor,1,0
13000002503,2025-06-02,Tienda Online,10,Promotor,1,0
13000002504,2025-06-02,Tienda Online,7,Pasivo,0,0
13000002505,2025-06-03,Tiendas Físicas,8,Pasivo,0,0
13000002506,2025-06-03,Tiendas Físicas,8,Pasivo,0,0
13000002507,2025-06-03,Tienda Online,10,Promotor,1,0
13000002508,2025-06-03,Tienda Online,9,Promotor,1,0
13000002509,2025-06-04,Tiendas Físicas,8,Pasivo,0,0
13000002510,2025-06-04,Tienda Online,9,Promotor,1,0
13000002511,2025-06-04,Tienda Online,8,Pasivo,0,0
13000002512,2025-06-04,Tiendas Físicas,10,Promotor,1,0
13000002513,2025-06-04,Tienda Online,10,Promotor,1,0
13000002514,2025-06-04,Tienda Online,7,Pasivo,0,0
13000002515,2025-06-05,Tiendas Físicas,10,Promotor,1,0
13000002516,2025-06-05,Tienda Online,10,Promotor,1,0
13000002517,2025-06-05,Tienda Online,9,Promotor,1,0
13000002518,2025-06-05,Tienda Online,8,Pasivo,0,0
13000002519,2025-06-06,Tienda Online,9,Promotor,1,0
13000002520,2025-06-06,Tienda Online,8,Pasivo,0,0
13000002521,2025-06-07,Tienda Online,8,Pasivo,0,0
13000002522,2025-06-07,Tienda Online,9,Promotor,1,0
13000002523,2025-06-07,Tiendas Físicas,8,Pasivo,0,0
13000002524,2025-06-07,Tiendas Físicas,8,Pasivo,0,0
13000002525,2025-06-08,Tienda Online,8,Pasivo,0,0
13000002526,2025-06-08,Tiendas Físicas,10,Promotor,1,0
13000002527,2025-06-08,Tienda Online,9,Promotor,1,0
13000002528,2025-06-08,Tiendas Físicas,10,Promotor,1,0
13000002529,2025-06-08,Tiendas Físicas,9,Promotor,1,0
13000002530,2025-06-08,Tiendas Físicas,6,Detractor,0,1
13000002531,2025-06-08,Tiendas Físicas,8,Pasivo,0,0
13000002532,2025-06-08,Tiendas Físicas,10,Promotor,1,0
13000002533,2025-06-08,Tiendas Físicas,9,Promotor,1,0
13000002534,2025-06-09,Tienda Online,10,Promotor,1,0
13000002535,2025-06-09,Tienda Online,9,Promotor,1,0
13000002536,2025-06-09,Tiendas Físicas,8,Pasivo,0,0
13000002537,2025-06-10,Tienda Online,9,Promotor,1,0
13000002538,2025-06-10,Tienda Online,5,Detractor,0,1
13000002539,2025-06-10,Tienda Online,10,Promotor,1,0
13000002540,2025-06-10,Tienda Online,10,Promotor,1,0
13000002541,2025-06-11,Tienda Online,9,Promotor,1,0
13000002542,2025-06-11,Tienda Online,10,Promotor,1,0
13000002543,2025-06-11,Tiendas Físicas,5,Detractor,0,1
13000002544,2025-06-12,Tienda Online,9,Promotor,1,0
13000002545,2025-06-12,Tiendas Físicas,8,Pasivo,0,0
13000002546,2025-06-12,Tiendas Físicas,9,Promotor,1,0
13000002547,2025-06-12,Tienda Online,7,Pasivo,0,0
13000002548,2025-06-12,Tienda Online,8,Pasivo,0,0
13000002549,2025-06-12,Tienda Online,8,Pasivo,0,0
13000002550,2025-06-12,Tienda Online,10,Promotor,1,0
13000002551,2025-06-12,Tienda Online,9,Promotor,1,0
13000002552,2025-06-12,Tiendas Físicas,10,Promotor,1,0
13000002553,2025-06-12,Tienda Online,6,Detractor,0,1
13000002554,2025-06-12,Tienda Online,10,Promotor,1,0
13000002555,2025-06-12,Tiendas Físicas,9,Promotor,1,0
13000002556,2025-06-12,Tienda Online,9,Promotor,1,0
13000002557,2025-06-13,Tienda Online,7,Pasivo,0,0
13000002558,2025-06-13,Tiendas Físicas,9,Promotor,1,0
13000002559,2025-06-13,Tienda Online,7,Pasivo,0,0
13000002560,2025-06-13,Tienda Online,6,Detractor,0,1
13000002561,2025-06-13,Tiendas Físicas,7,Pasivo,0,0
13000002562,2025-06-13,Tienda Online,7,Pasivo,0,0
13000002563,2025-06-13,Tiendas Físicas,10,Promotor,1,0
13000002564,2025-06-14,Tienda Online,7,Pasivo,0,0
13000002565,2025-06-14,Tienda Online,8,Pasivo,0,0
13000002566,2025-06-14,Tienda Online,10,Promotor,1,0
13000002567,2025-06-14,Tiendas Físicas,10,Promotor,1,0
13000002568,2025-06-15,Tiendas Físicas,8,Pasivo,0,0
13000002569,2025-06-15,Tiendas Físicas,10,Promotor,1,0
13000002570,2025-06-16,Tienda Online,10,Promotor,1,0
13000002571,2025-06-16,Tienda Online,9,Promotor,1,0
13000002572,2025-06-16,Tienda Online,10,Promotor,1,0
13000002573,2025-06-16,Tiendas Físicas,9,Promotor,1,0
13000002574,2025-06-17,Tienda Online,10,Promotor,1,0
13000002575,2025-06-17,Tienda Online,7,Pasivo,0,0
13000002576,2025-06-17,Tienda Online,6,Detractor,0,1
13000002577,2025-06-17,Tienda Online,7,Pasivo,0,0
13000002578,2025-06-17,Tienda Online,8,Pasivo,0,0
13000002579,2025-06-18,Tienda Online,7,Pasivo,0,0
13000002580,2025-06-18,Tienda Online,9,Promotor,1,0
13000002581,2025-06-18,Tiendas Físicas,10,Promotor,1,0
13000002582,2025-06-18,Tiendas Físicas,10,Promotor,1,0
13000002583,2025-06-18,Tienda Online,7,Pasivo,0,0
13000002584,2025-06-18,Tienda Online,9,Promotor,1,0
13000002585,2025-06-18,Tienda Online,6,Detractor,0,1
13000002586,2025-06-18,Tienda Online,8,Pasivo,0,0
13000002587,2025-06-18,Tienda Online,9,Promotor,1,0
13000002588,2025-06-19,Tiendas Físicas,9,Promotor,1,0
13000002589,2025-06-19,Tiendas Físicas,6,Detractor,0,1
13000002590,2025-06-19,Tienda Online,7,Pasivo,0,0
13000002591,2025-06-19,Tienda Online,5,Detractor,0,1
13000002592,2025-06-19,Tienda Online,7,Pasivo,0,0
13000002593,2025-06-19,Tienda Online,10,Promotor,1,0
13000002594,2025-06-19,Tienda Online,8,Pasivo,0,0
13000002595,2025-06-20,Tienda Online,10,Promotor,1,0
13000002596,2025-06-20,Tienda Online,7,Pasivo,0,0
13000002597,2025-06-20,Tienda Online,9,Promotor,1,0
13000002598,2025-06-20,Tienda Online,7,Pasivo,0,0
13000002599,2025-06-20,Tienda Online,10,Promotor,1,0
13000002600,2025-06-20,Tienda Online,6,Detractor,0,1
13000002601,2025-06-21,Tiendas Físicas,10,Promotor,1,0
13000002602,2025-06-21,Tiendas Físicas,8,Pasivo,0,0
13000002603,2025-06-22,Tiendas Físicas,10,Promotor,1,0
13000002604,2025-06-22,Tiendas Físicas,9,Promotor,1,0
13000002605,2025-06-22,Tiendas Físicas,8,Pasivo,0,0
13000002606,2025-06-22,Tiendas Físicas,7,Pasivo,0,0
13000002607,2025-06-22,Tiendas Físicas,8,Pasivo,0,0
13000002608,2025-06-22,Tiendas Físicas,10,Promotor,1,0
13000002609,2025-06-23,Tiendas Físicas,6,Detractor,0,1
13000002610,2025-06-23,Tiendas Físicas,8,Pasivo,0,0
13000002611,2025-06-23,Tiendas Físicas,7,Pasivo,0,0
13000002612,2025-06-23,Tienda Online,7,Pasivo,0,0
13000002613,2025-06-23,Tienda Online,10,Promotor,1,0
13000002614,2025-06-23,Tiendas Físicas,8,Pasivo,0,0
13000002615,2025-06-23,Tienda Online,8,Pasivo,0,0
13000002616,2025-06-23,Tienda Online,9,Promotor,1,0
13000002617,2025-06-23,Tienda Online,9,Promotor,1,0
13000002618,2025-06-23,Tiendas Físicas,9,Promotor,1,0
13000002619,2025-06-23,Tienda Online,10,Promotor,1,0
13000002620,2025-06-23,Tienda Online,8,Pasivo,0,0
13000002621,2025-06-24,Tienda Online,9,Promotor,1,0
13000002622,2025-06-24,Tienda Online,7,Pasivo,0,0
13000002623,2025-06-24,Tiendas Físicas,8,Pasivo,0,0
13000002624,2025-06-24,Tiendas Físicas,9,Promotor,1,0
13000002625,2025-06-24,Tienda Online,10,Promotor,1,0
13000002626,2025-06-25,Tiendas Físicas,6,Detractor,0,1
13000002627,2025-06-25,Tienda Online,5,Detractor,0,1
13000002628,2025-06-25,Tienda Online,8,Pasivo,0,0
13000002629,2025-06-25,Tienda Online,7,Pasivo,0,0
13000002630,2025-06-25,Tiendas Físicas,7,Pasivo,0,0
13000002631,2025-06-25,Tienda Online,7,Pasivo,0,0
13000002632,2025-06-25,Tiendas Físicas,10,Promotor,1,0
13000002633,2025-06-25,Tienda Online,9,Promotor,1,0
13000002634,2025-06-25,Tienda Online,10,Promotor,1,0
13000002635,2025-06-25,Tienda Online,8,Pasivo,0,0
13000002636,2025-06-26,Tiendas Físicas,8,Pasivo,0,0
13000002637,2025-06-26,Tienda Online,9,Promotor,1,0
13000002638,2025-06-26,Tienda Online,6,Detractor,0,1
13000002639,2025-06-26,Tienda Online,8,Pasivo,0,0
13000002640,2025-06-26,Tienda Online,10,Promotor,1,0
13000002641,2025-06-26,Tiendas Físicas,9,Promotor,1,0
13000002642,2025-06-26,Tienda Online,9,Promotor,1,0
13000002643,2025-06-27,Tiendas Físicas,5,Detractor,0,1
13000002644,2025-06-27,Tienda Online,7,Pasivo,0,0
13000002645,2025-06-27,Tiendas Físicas,10,Promotor,1,0
13000002646,2025-06-27,Tienda Online,10,Promotor,1,0
13000002647,2025-06-27,Tienda Online,8,Pasivo,0,0
13000002648,2025-06-27,Tienda Online,9,Promotor,1,0
13000002649,2025-06-27,Tienda Online,8,Pasivo,0,0
13000002650,2025-06-28,Tienda Online,7,Pasivo,0,0
13000002651,2025-06-28,Tienda Online,7,Pasivo,0,0
13000002652,2025-06-28,Tienda Online,6,Detractor,0,1
13000002653,2025-06-28,Tienda Online,8,Pasivo,0,0
13000002654,2025-06-28,Tiendas Físicas,9,Promotor,1,0
13000002655,2025-06-28,Tiendas Físicas,10,Promotor,1,0
13000002656,2025-06-29,Tiendas Físicas,8,Pasivo,0,0
13000002657,2025-06-29,Tiendas Físicas,8,Pasivo,0,0
13000002658,2025-06-29,Tiendas Físicas,7,Pasivo,0,0
13000002659,2025-06-29,Tiendas Físicas,7,Pasivo,0,0
13000002660,2025-06-30,Tiendas Físicas,8,Pasivo,0,0
13000002661,2025-06-30,Tienda Online,7,Pasivo,0,0
13000002662,2025-07-01,Tienda Online,9,Promotor,1,0
13000002663,2025-07-01,Tienda Online,6,Detractor,0,1
13000002664,2025-07-01,Tienda Online,10,Promotor,1,0
13000002665,2025-07-02,Tiendas Físicas,9,Promotor,1,0
13000002666,2025-07-02,Tienda Online,7,Pasivo,0,0
13000002667,2025-07-02,Tienda Online,7,Pasivo,0,0
13000002668,2025-07-02,Tienda Online,9,Promotor,1,0
13000002669,2025-07-02,Tienda Online,9,Promotor,1,0
13000002670,2025-07-02,Tienda Online,4,Detractor,0,1
13000002671,2025-07-02,Tienda Online,6,Detractor,0,1
13000002672,2025-07-02,Tienda Online,9,Promotor,1,0
13000002673,2025-07-02,Tienda Online,7,Pasivo,0,0
13000002674,2025-07-03,Tienda Online,9,Promotor,1,0
13000002675,2025-07-03,Tienda Online,10,Promotor,1,0
13000002676,2025-07-03,Tienda Online,6,Detractor,0,1
13000002677,2025-07-03,Tienda Online,8,Pasivo,0,0
13000002678,2025-07-03,Tienda Online,8,Pasivo,0,0
13000002679,2025-07-04,Tienda Online,7,Pasivo,0,0
13000002680,2025-07-04,Tiendas Físicas,5,Detractor,0,1
13000002681,2025-07-04,Tienda Online,6,Detractor,0,1
13000002682,2025-07-04,Tienda Online,9,Promotor,1,0
13000002683,2025-07-04,Tienda Online,7,Pasivo,0,0
13000002684,2025-07-05,Tiendas Físicas,7,Pasivo,0,0
13000002685,2025-07-05,Tienda Online,10,Promotor,1,0
13000002686,2025-07-06,Tiendas Físicas,10,Promotor,1,0
13000002687,2025-07-06,Tiendas Físicas,10,Promotor,1,0
13000002688,2025-07-07,Tienda Online,8,Pasivo,0,0
13000002689,2025-07-07,Tienda Online,8,Pasivo,0,0
13000002690,2025-07-07,Tienda Online,8,Pasivo,0,0
13000002691,2025-07-08,Tiendas Físicas,7,Pasivo,0,0
13000002692,2025-07-08,Tienda Online,10,Promotor,1,0
13000002693,2025-07-09,Tiendas Físicas,7,Pasivo,0,0
13000002694,2025-07-09,Tienda Online,8,Pasivo,0,0
13000002695,2025-07-09,Tienda Online,8,Pasivo,0,0
13000002696,2025-07-09,Tienda Online,8,Pasivo,0,0
13000002697,2025-07-09,Tienda Online,10,Promotor,1,0
13000002698,2025-07-10,Tienda Online,8,Pasivo,0,0
13000002699,2025-07-10,Tienda Online,10,Promotor,1,0
13000002700,2025-07-10,Tienda Online,7,Pasivo,0,0
13000002701,2025-07-10,Tiendas Físicas,5,Detractor,0,1
13000002702,2025-07-10,Tienda Online,8,Pasivo,0,0
13000002703,2025-07-10,Tienda Online,10,Promotor,1,0
13000002704,2025-07-10,Tienda Online,10,Promotor,1,0
13000002705,2025-07-11,Tienda Online,9,Promotor,1,0
13000002706,2025-07-11,Tienda Online,8,Pasivo,0,0
13000002707,2025-07-11,Tiendas Físicas,9,Promotor,1,0
13000002708,2025-07-11,Tienda Online,8,Pasivo,0,0
13000002709,2025-07-12,Tiendas Físicas,9,Promotor,1,0
13000002710,2025-07-13,Tiendas Físicas,10,Promotor,1,0
13000002711,2025-07-13,Tiendas Físicas,10,Promotor,1,0
13000002712,2025-07-13,Tiendas Físicas,7,Pasivo,0,0
13000002713,2025-07-14,Tienda Online,7,Pasivo,0,0
13000002714,2025-07-14,Tiendas Físicas,4,Detractor,0,1
13000002715,2025-07-14,Tienda Online,8,Pasivo,0,0
13000002716,2025-07-14,Tienda Online,9,Promotor,1,0
13000002717,2025-07-14,Tienda Online,7,Pasivo,0,0
13000002718,2025-07-14,Tienda Online,8,Pasivo,0,0
13000002719,2025-07-15,Tienda Online,8,Pasivo,0,0
13000002720,2025-07-15,Tiendas Físicas,9,Promotor,1,0
13000002721,2025-07-15,Tienda Online,10,Promotor,1,0
13000002722,2025-07-15,Tienda Online,8,Pasivo,0,0
13000002723,2025-07-15,Tiendas Físicas,7,Pasivo,0,0
13000002724,2025-07-15,Tiendas Físicas,10,Promotor,1,0
13000002725,2025-07-16,Tienda Online,10,Promotor,1,0
13000002726,2025-07-16,Tiendas Físicas,10,Promotor,1,0
13000002727,2025-07-16,Tienda Online,9,Promotor,1,0
13000002728,2025-07-16,Tienda Online,6,Detractor,0,1
13000002729,2025-07-16,Tienda Online,9,Promotor,1,0
13000002730,2025-07-16,Tienda Online,5,Detractor,0,1
13000002731,2025-07-17,Tienda Online,10,Promotor,1,0
13000002732,2025-07-17,Tienda Online,9,Promotor,1,0
13000002733,2025-07-17,Tienda Online,4,Detractor,0,1
13000002734,2025-07-17,Tiendas Físicas,8,Pasivo,0,0
13000002735,2025-07-18,Tienda Online,10,Promotor,1,0
13000002736,2025-07-18,Tienda Online,9,Promotor,1,0
13000002737,2025-07-18,Tienda Online,9,Promotor,1,0
13000002738,2025-07-18,Tienda Online,7,Pasivo,0,0
13000002739,2025-07-19,Tienda Online,9,Promotor,1,0
13000002740,2025-07-19,Tiendas Físicas,7,Pasivo,0,0
13000002741,2025-07-19,Tiendas Físicas,8,Pasivo,0,0
13000002742,2025-07-21,Tienda Online,8,Pasivo,0,0
13000002743,2025-07-21,Tienda Online,10,Promotor,1,0
13000002744,2025-07-21,Tienda Online,10,Promotor,1,0
13000002745,2025-07-21,Tienda Online,6,Detractor,0,1
13000002746,2025-07-21,Tiendas Físicas,10,Promotor,1,0
13000002747,2025-07-22,Tienda Online,9,Promotor,1,0
13000002748,2025-07-22,Tienda Online,7,Pasivo,0,0
13000002749,2025-07-22,Tienda Online,6,Detractor,0,1
13000002750,2025-07-23,Tienda Online,9,Promotor,1,0
13000002751,2025-07-23,Tienda Online,6,Detractor,0,1
13000002752,2025-07-23,Tienda Online,7,Pasivo,0,0
13000002753,2025-07-23,Tienda Online,10,Promotor,1,0
13000002754,2025-07-23,Tienda Online,10,Promotor,1,0
13000002755,2025-07-23,Tiendas Físicas,8,Pasivo,0,0
13000002756,2025-07-23,Tienda Online,8,Pasivo,0,0
13000002757,2025-07-23,Tienda Online,8,Pasivo,0,0
13000002758,2025-07-24,Tienda Online,10,Promotor,1,0
13000002759,2025-07-24,Tienda Online,10,Promotor,1,0
13000002760,2025-07-24,Tiendas Físicas,10,Promotor,1,0
13000002761,2025-07-24,Tienda Online,8,Pasivo,0,0
13000002762,2025-07-24,Tienda Online,10,Promotor,1,0
13000002763,2025-07-24,Tienda Online,2,Detractor,0,1
13000002764,2025-07-24,Tiendas Físicas,7,Pasivo,0,0
13000002765,2025-07-25,Tienda Online,6,Detractor,0,1
13000002766,2025-07-25,Tienda Online,6,Detractor,0,1
13000002767,2025-07-25,Tienda Online,8,Pasivo,0,0
13000002768,2025-07-25,Tiendas Físicas,4,Detractor,0,1
13000002769,2025-07-25,Tiendas Físicas,7,Pasivo,0,0
13000002770,2025-07-25,Tienda Online,10,Promotor,1,0
13000002771,2025-07-26,Tiendas Físicas,10,Promotor,1,0
13000002772,2025-07-26,Tienda Online,8,Pasivo,0,0
13000002773,2025-07-27,Tiendas Físicas,10,Promotor,1,0
13000002774,2025-07-27,Tiendas Físicas,9,Promotor,1,0
13000002775,2025-07-27,Tiendas Físicas,8,Pasivo,0,0
13000002776,2025-07-27,Tiendas Físicas,10,Promotor,1,0
13000002777,2025-07-27,Tiendas Físicas,6,Detractor,0,1
13000002778,2025-07-28,Tienda Online,7,Pasivo,0,0
13000002779,2025-07-28,Tienda Online,8,Pasivo,0,0
13000002780,2025-07-28,Tienda Online,9,Promotor,1,0
13000002781,2025-07-28,Tiendas Físicas,9,Promotor,1,0
13000002782,2025-07-28,Tienda Online,8,Pasivo,0,0
13000002783,2025-07-29,Tienda Online,9,Promotor,1,0
13000002784,2025-07-29,Tienda Online,8,Pasivo,0,0
13000002785,2025-07-29,Tienda Online,7,Pasivo,0,0
13000002786,2025-07-29,Tienda Online,9,Promotor,1,0
13000002787,2025-07-29,Tienda Online,8,Pasivo,0,0
13000002788,2025-07-29,Tiendas Físicas,3,Detractor,0,1
13000002789,2025-07-29,Tienda Online,7,Pasivo,0,0
13000002790,2025-07-29,Tienda Online,7,Pasivo,0,0
13000002791,2025-07-29,Tiendas Físicas,7,Pasivo,0,0
13000002792,2025-07-29,Tiendas Físicas,7,Pasivo,0,0
13000002793,2025-07-29,Tienda Online,7,Pasivo,0,0
13000002794,2025-07-30,Tienda Online,6,Detractor,0,1
13000002795,2025-07-30,Tiendas Físicas,10,Promotor,1,0
13000002796,2025-07-30,Tiendas Físicas,9,Promotor,1,0
13000002797,2025-07-30,Tienda Online,8,Pasivo,0,0
13000002798,2025-07-30,Tienda Online,3,Detractor,0,1
13000002799,2025-07-30,Tienda Online,9,Promotor,1,0
13000002800,2025-07-31,Tienda Online,10,Promotor,1,0
13000002801,2025-07-31,Tienda Online,10,Promotor,1,0
13000002802,2025-07-31,Tienda Online,7,Pasivo,0,0
13000002803,2025-07-31,Tiendas Físicas,10,Promotor,1,0
13000002804,2025-07-31,Tiendas Físicas,8,Pasivo,0,0
13000002805,2025-08-01,Tienda Online,10,Promotor,1,0
13000002806,2025-08-01,Tienda Online,6,Detractor,0,1
13000002807,2025-08-01,Tienda Online,6,Detractor,0,1
13000002808,2025-08-01,Tienda Online,9,Promotor,1,0
13000002809,2025-08-02,Tienda Online,8,Pasivo,0,0
13000002810,2025-08-02,Tiendas Físicas,10,Promotor,1,0
13000002811,2025-08-03,Tiendas Físicas,8,Pasivo,0,0
13000002812,2025-08-04,Tienda Online,7,Pasivo,0,0
13000002813,2025-08-04,Tienda Online,9,Promotor,1,0
13000002814,2025-08-04,Tienda Online,7,Pasivo,0,0
13000002815,2025-08-05,Tienda Online,8,Pasivo,0,0
13000002816,2025-08-05,Tiendas Físicas,10,Promotor,1,0
13000002817,2025-08-06,Tienda Online,10,Promotor,1,0
13000002818,2025-08-06,Tienda Online,8,Pasivo,0,0
13000002819,2025-08-06,Tienda Online,10,Promotor,1,0
13000002820,2025-08-06,Tienda Online,10,Promotor,1,0
13000002821,2025-08-06,Tienda Online,8,Pasivo,0,0
13000002822,2025-08-06,Tienda Online,10,Promotor,1,0
13000002823,2025-08-07,Tiendas Físicas,9,Promotor,1,0
13000002824,2025-08-07,Tiendas Físicas,7,Pasivo,0,0
13000002825,2025-08-07,Tiendas Físicas,8,Pasivo,0,0
13000002826,2025-08-07,Tienda Online,8,Pasivo,0,0
13000002827,2025-08-07,Tienda Online,10,Promotor,1,0
13000002828,2025-08-07,Tienda Online,5,Detractor,0,1
13000002829,2025-08-07,Tiendas Físicas,3,Detractor,0,1
13000002830,2025-08-07,Tiendas Físicas,8,Pasivo,0,0
13000002831,2025-08-07,Tienda Online,9,Promotor,1,0
13000002832,2025-08-08,Tiendas Físicas,6,Detractor,0,1
13000002833,2025-08-08,Tiendas Físicas,10,Promotor,1,0
13000002834,2025-08-09,Tiendas Físicas,6,Detractor,0,1
13000002835,2025-08-09,Tienda Online,7,Pasivo,0,0
13000002836,2025-08-11,Tienda Online,9,Promotor,1,0
13000002837,2025-08-11,Tienda Online,6,Detractor,0,1
13000002838,2025-08-11,Tienda Online,6,Detractor,0,1
13000002839,2025-08-11,Tienda Online,9,Promotor,1,0
13000002840,2025-08-11,Tienda Online,8,Pasivo,0,0
13000002841,2025-08-12,Tienda Online,10,Promotor,1,0
13000002842,2025-08-12,Tiendas Físicas,10,Promotor,1,0
13000002843,2025-08-12,Tienda Online,8,Pasivo,0,0
13000002844,2025-08-13,Tienda Online,6,Detractor,0,1
13000002845,2025-08-13,Tienda Online,7,Pasivo,0,0
13000002846,2025-08-13,Tienda Online,7,Pasivo,0,0
13000002847,2025-08-13,Tiendas Físicas,9,Promotor,1,0
13000002848,2025-08-13,Tiendas Físicas,9,Promotor,1,0
13000002849,2025-08-13,Tiendas Físicas,8,Pasivo,0,0
13000002850,2025-08-14,Tienda Online,7,Pasivo,0,0
13000002851,2025-08-14,Tienda Online,8,Pasivo,0,0
13000002852,2025-08-14,Tiendas Físicas,10,Promotor,1,0
13000002853,2025-08-14,Tiendas Físicas,8,Pasivo,0,0
13000002854,2025-08-14,Tienda Online,8,Pasivo,0,0
13000002855,2025-08-14,Tienda Online,7,Pasivo,0,0
13000002856,2025-08-15,Tienda Online,8,Pasivo,0,0
13000002857,2025-08-15,Tienda Online,8,Pasivo,0,0
13000002858,2025-08-15,Tiendas Físicas,8,Pasivo,0,0
13000002859,2025-08-15,Tienda Online,4,Detractor,0,1
13000002860,2025-08-15,Tienda Online,7,Pasivo,0,0
13000002861,2025-08-15,Tiendas Físicas,8,Pasivo,0,0
13000002862,2025-08-15,Tienda Online,8,Pasivo,0,0
13000002863,2025-08-15,Tienda Online,10,Promotor,1,0
13000002864,2025-08-15,Tienda Online,10,Promotor,1,0
13000002865,2025-08-16,Tienda Online,7,Pasivo,0,0
13000002866,2025-08-16,Tienda Online,9,Promotor,1,0
13000002867,2025-08-17,Tiendas Físicas,9,Promotor,1,0
13000002868,2025-08-17,Tiendas Físicas,9,Promotor,1,0
13000002869,2025-08-17,Tiendas Físicas,10,Promotor,1,0
13000002870,2025-08-17,Tiendas Físicas,8,Pasivo,0,0
13000002871,2025-08-17,Tiendas Físicas,7,Pasivo,0,0
13000002872,2025-08-17,Tiendas Físicas,8,Pasivo,0,0
13000002873,2025-08-18,Tiendas Físicas,9,Promotor,1,0
13000002874,2025-08-18,Tiendas Físicas,10,Promotor,1,0
13000002875,2025-08-18,Tienda Online,10,Promotor,1,0
13000002876,2025-08-18,Tienda Online,7,Pasivo,0,0
13000002877,2025-08-18,Tienda Online,8,Pasivo,0,0
13000002878,2025-08-18,Tienda Online,7,Pasivo,0,0
13000002879,2025-08-19,Tienda Online,6,Detractor,0,1
13000002880,2025-08-19,Tienda Online,8,Pasivo,0,0
13000002881,2025-08-19,Tienda Online,8,Pasivo,0,0
13000002882,2025-08-19,Tienda Online,9,Promotor,1,0
13000002883,2025-08-20,Tienda Online,8,Pasivo,0,0
13000002884,2025-08-20,Tienda Online,8,Pasivo,0,0
13000002885,2025-08-20,Tienda Online,10,Promotor,1,0
13000002886,2025-08-20,Tienda Online,7,Pasivo,0,0
13000002887,2025-08-20,Tienda Online,10,Promotor,1,0
13000002888,2025-08-20,Tienda Online,9,Promotor,1,0
13000002889,2025-08-21,Tiendas Físicas,10,Promotor,1,0
13000002890,2025-08-21,Tienda Online,10,Promotor,1,0
13000002891,2025-08-21,Tienda Online,9,Promotor,1,0
13000002892,2025-08-21,Tienda Online,8,Pasivo,0,0
13000002893,2025-08-21,Tienda Online,9,Promotor,1,0
13000002894,2025-08-21,Tienda Online,6,Detractor,0,1
13000002895,2025-08-21,Tiendas Físicas,7,Pasivo,0,0
13000002896,2025-08-21,Tienda Online,8,Pasivo,0,0
13000002897,2025-08-22,Tiendas Físicas,9,Promotor,1,0
13000002898,2025-08-22,Tienda Online,5,Detractor,0,1
13000002899,2025-08-22,Tienda Online,7,Pasivo,0,0
13000002900,2025-08-22,Tienda Online,10,Promotor,1,0
13000002901,2025-08-22,Tienda Online,7,Pasivo,0,0
13000002902,2025-08-22,Tienda Online,10,Promotor,1,0
13000002903,2025-08-23,Tiendas Físicas,7,Pasivo,0,0
13000002904,2025-08-23,Tiendas Físicas,10,Promotor,1,0
13000002905,2025-08-23,Tiendas Físicas,8,Pasivo,0,0
13000002906,2025-08-23,Tiendas Físicas,9,Promotor,1,0
13000002907,2025-08-23,Tiendas Físicas,10,Promotor,1,0
13000002908,2025-08-23,Tiendas Físicas,8,Pasivo,0,0
13000002909,2025-08-24,Tiendas Físicas,8,Pasivo,0,0
13000002910,2025-08-24,Tiendas Físicas,10,Promotor,1,0
13000002911,2025-08-24,Tiendas Físicas,10,Promotor,1,0
13000002912,2025-08-25,Tienda Online,8,Pasivo,0,0
13000002913,2025-08-25,Tienda Online,9,Promotor,1,0
13000002914,2025-08-25,Tienda Online,7,Pasivo,0,0
13000002915,2025-08-25,Tienda Online,10,Promotor,1,0
13000002916,2025-08-26,Tienda Online,10,Promotor,1,0
13000002917,2025-08-26,Tienda Online,8,Pasivo,0,0
13000002918,2025-08-26,Tienda Online,8,Pasivo,0,0
13000002919,2025-08-26,Tienda Online,7,Pasivo,0,0
13000002920,2025-08-26,Tienda Online,8,Pasivo,0,0
13000002921,2025-08-27,Tienda Online,10,Promotor,1,0
13000002922,2025-08-27,Tienda Online,8,Pasivo,0,0
13000002923,2025-08-27,Tienda Online,10,Promotor,1,0
13000002924,2025-08-27,Tienda Online,9,Promotor,1,0
13000002925,2025-08-28,Tiendas Físicas,7,Pasivo,0,0
13000002926,2025-08-28,Tienda Online,10,Promotor,1,0
13000002927,2025-08-28,Tienda Online,10,Promotor,1,0
13000002928,2025-08-28,Tiendas Físicas,9,Promotor,1,0
13000002929,2025-08-28,Tienda Online,8,Pasivo,0,0
13000002930,2025-08-28,Tienda Online,6,Detractor,0,1
13000002931,2025-08-28,Tienda Online,10,Promotor,1,0
13000002932,2025-08-28,Tienda Online,6,Detractor,0,1
13000002933,2025-08-28,Tiendas Físicas,6,Detractor,0,1
13000002934,2025-08-28,Tienda Online,5,Detractor,0,1
13000002935,2025-08-29,Tienda Online,9,Promotor,1,0
13000002936,2025-08-29,Tienda Online,9,Promotor,1,0
13000002937,2025-08-29,Tiendas Físicas,7,Pasivo,0,0
13000002938,2025-08-29,Tiendas Físicas,10,Promotor,1,0
13000002939,2025-08-29,Tienda Online,6,Detractor,0,1
13000002940,2025-08-29,Tienda Online,9,Promotor,1,0
13000002941,2025-08-30,Tiendas Físicas,8,Pasivo,0,0
13000002942,2025-08-30,Tiendas Físicas,10,Promotor,1,0
13000002943,2025-08-30,Tienda Online,6,Detractor,0,1
13000002944,2025-08-30,Tiendas Físicas,9,Promotor,1,0
13000002945,2025-08-30,Tiendas Físicas,10,Promotor,1,0
13000002946,2025-08-30,Tiendas Físicas,8,Pasivo,0,0
13000002947,2025-08-30,Tiendas Físicas,7,Pasivo,0,0
13000002948,2025-08-31,Tiendas Físicas,8,Pasivo,0,0
13000002949,2025-08-31,Tiendas Físicas,7,Pasivo,0,0
13000002950,2025-09-01,Tienda Online,8,Pasivo,0,0
13000002951,2025-09-01,Tienda Online,6,Detractor,0,1
13000002952,2025-09-01,Tienda Online,4,Detractor,0,1
13000002953,2025-09-01,Tienda Online,7,Pasivo,0,0
13000002954,2025-09-02,Tienda Online,7,Pasivo,0,0
13000002955,2025-09-02,Tienda Online,10,Promotor,1,0
13000002956,2025-09-02,Tienda Online,7,Pasivo,0,0
13000002957,2025-09-02,Tienda Online,10,Promotor,1,0
13000002958,2025-09-03,Tienda Online,9,Promotor,1,0
13000002959,2025-09-03,Tienda Online,9,Promotor,1,0
13000002960,2025-09-03,Tienda Online,7,Pasivo,0,0
13000002961,2025-09-03,Tiendas Físicas,10,Promotor,1,0
13000002962,2025-09-03,Tienda Online,7,Pasivo,0,0
13000002963,2025-09-03,Tienda Online,9,Promotor,1,0
13000002964,2025-09-04,Tienda Online,9,Promotor,1,0
13000002965,2025-09-04,Tienda Online,8,Pasivo,0,0
13000002966,2025-09-04,Tienda Online,9,Promotor,1,0
13000002967,2025-09-04,Tienda Online,10,Promotor,1,0
13000002968,2025-09-04,Tienda Online,8,Pasivo,0,0
13000002969,2025-09-05,Tienda Online,10,Promotor,1,0
13000002970,2025-09-05,Tienda Online,7,Pasivo,0,0
13000002971,2025-09-05,Tienda Online,8,Pasivo,0,0
13000002972,2025-09-05,Tienda Online,8,Pasivo,0,0
13000002973,2025-09-06,Tienda Online,10,Promotor,1,0
13000002974,2025-09-06,Tienda Online,10,Promotor,1,0
13000002975,2025-09-06,Tienda Online,9,Promotor,1,0
13000002976,2025-09-06,Tiendas Físicas,8,Pasivo,0,0
13000002977,2025-09-07,Tiendas Físicas,7,Pasivo,0,0
13000002978,2025-09-07,Tiendas Físicas,8,Pasivo,0,0
13000002979,2025-09-07,Tiendas Físicas,10,Promotor,1,0
13000002980,2025-09-07,Tiendas Físicas,8,Pasivo,0,0
13000002981,2025-09-07,Tiendas Físicas,4,Detractor,0,1
13000002982,2025-09-08,Tienda Online,7,Pasivo,0,0
13000002983,2025-09-08,Tienda Online,6,Detractor,0,1
13000002984,2025-09-08,Tienda Online,9,Promotor,1,0
13000002985,2025-09-09,Tienda Online,10,Promotor,1,0
13000002986,2025-09-09,Tienda Online,4,Detractor,0,1
13000002987,2025-09-09,Tienda Online,8,Pasivo,0,0
13000002988,2025-09-09,Tienda Online,9,Promotor,1,0
13000002989,2025-09-09,Tiendas Físicas,10,Promotor,1,0
13000002990,2025-09-09,Tienda Online,6,Detractor,0,1
13000002991,2025-09-09,Tienda Online,6,Detractor,0,1
13000002992,2025-09-09,Tiendas Físicas,10,Promotor,1,0
13000002993,2025-09-10,Tienda Online,7,Pasivo,0,0
13000002994,2025-09-10,Tiendas Físicas,9,Promotor,1,0
13000002995,2025-09-10,Tienda Online,9,Promotor,1,0
13000002996,2025-09-10,Tienda Online,8,Pasivo,0,0
13000002997,2025-09-10,Tienda Online,10,Promotor,1,0
13000002998,2025-09-10,Tienda Online,9,Promotor,1,0
13000002999,2025-09-11,Tienda Online,9,Promotor,1,0
13000003000,2025-09-11,Tienda Online,9,Promotor,1,0
13000003001,2025-09-11,Tienda Online,8,Pasivo,0,0
13000003002,2025-09-12,Tiendas Físicas,7,Pasivo,0,0
13000003003,2025-09-12,Tiendas Físicas,4,Detractor,0,1
13000003004,2025-09-12,Tienda Online,10,Promotor,1,0
13000003005,2025-09-12,Tienda Online,6,Detractor,0,1
13000003006,2025-09-13,Tienda Online,10,Promotor,1,0
13000003007,2025-09-15,Tiendas Físicas,8,Pasivo,0,0
13000003008,2025-09-15,Tienda Online,8,Pasivo,0,0
13000003009,2025-09-15,Tienda Online,10,Promotor,1,0
13000003010,2025-09-16,Tienda Online,6,Detractor,0,1
13000003011,2025-09-16,Tienda Online,9,Promotor,1,0
13000003012,2025-09-17,Tienda Online,10,Promotor,1,0
13000003013,2025-09-17,Tienda Online,9,Promotor,1,0
13000003014,2025-09-17,Tienda Online,6,Detractor,0,1
13000003015,2025-09-17,Tienda Online,8,Pasivo,0,0
13000003016,2025-09-17,Tienda Online,9,Promotor,1,0
13000003017,2025-09-17,Tienda Online,8,Pasivo,0,0
13000003018,2025-09-17,Tiendas Físicas,10,Promotor,1,0
13000003019,2025-09-17,Tiendas Físicas,10,Promotor,1,0
13000003020,2025-09-17,Tienda Online,10,Promotor,1,0
13000003021,2025-09-18,Tienda Online,7,Pasivo,0,0
13000003022,2025-09-18,Tienda Online,8,Pasivo,0,0
13000003023,2025-09-18,Tienda Online,10,Promotor,1,0
13000003024,2025-09-18,Tiendas Físicas,10,Promotor,1,0
13000003025,2025-09-18,Tienda Online,6,Detractor,0,1
13000003026,2025-09-18,Tienda Online,10,Promotor,1,0
13000003027,2025-09-19,Tienda Online,9,Promotor,1,0
13000003028,2025-09-19,Tienda Online,8,Pasivo,0,0
13000003029,2025-09-19,Tienda Online,5,Detractor,0,1
13000003030,2025-09-19,Tienda Online,8,Pasivo,0,0
13000003031,2025-09-19,Tienda Online,10,Promotor,1,0
13000003032,2025-09-19,Tienda Online,7,Pasivo,0,0
13000003033,2025-09-20,Tienda Online,9,Promotor,1,0
13000003034,2025-09-20,Tienda Online,6,Detractor,0,1
13000003035,2025-09-20,Tienda Online,9,Promotor,1,0
13000003036,2025-09-20,Tienda Online,4,Detractor,0,1
13000003037,2025-09-20,Tienda Online,9,Promotor,1,0
13000003038,2025-09-22,Tienda Online,6,Detractor,0,1
13000003039,2025-09-22,Tienda Online,5,Detractor,0,1
13000003040,2025-09-22,Tienda Online,6,Detractor,0,1
13000003041,2025-09-22,Tiendas Físicas,7,Pasivo,0,0
13000003042,2025-09-22,Tiendas Físicas,9,Promotor,1,0
13000003043,2025-09-23,Tienda Online,8,Pasivo,0,0
13000003044,2025-09-23,Tiendas Físicas,8,Pasivo,0,0
13000003045,2025-09-23,Tienda Online,7,Pasivo,0,0
13000003046,2025-09-23,Tienda Online,4,Detractor,0,1
13000003047,2025-09-23,Tienda Online,9,Promotor,1,0
13000003048,2025-09-23,Tienda Online,8,Pasivo,0,0
13000003049,2025-09-23,Tienda Online,8,Pasivo,0,0
13000003050,2025-09-23,Tienda Online,6,Detractor,0,1
13000003051,2025-09-23,Tienda Online,6,Detractor,0,1
13000003052,2025-09-23,Tienda Online,9,Promotor,1,0
13000003053,2025-09-23,Tiendas Físicas,9,Promotor,1,0
13000003054,2025-09-23,Tienda Online,4,Detractor,0,1
13000003055,2025-09-24,Tienda Online,9,Promotor,1,0
13000003056,2025-09-24,Tienda Online,9,Promotor,1,0
13000003057,2025-09-24,Tienda Online,10,Promotor,1,0
13000003058,2025-09-24,Tienda Online,9,Promotor,1,0
13000003059,2025-09-25,Tienda Online,6,Detractor,0,1
13000003060,2025-09-25,Tiendas Físicas,10,Promotor,1,0
13000003061,2025-09-25,Tienda Online,9,Promotor,1,0
13000003062,2025-09-25,Tiendas Físicas,8,Pasivo,0,0
13000003063,2025-09-25,Tienda Online,10,Promotor,1,0
13000003064,2025-09-25,Tienda Online,10,Promotor,1,0
13000003065,2025-09-25,Tienda Online,8,Pasivo,0,0
13000003066,2025-09-26,Tienda Online,10,Promotor,1,0
13000003067,2025-09-26,Tienda Online,7,Pasivo,0,0
13000003068,2025-09-26,Tienda Online,3,Detractor,0,1
13000003069,2025-09-26,Tienda Online,10,Promotor,1,0
13000003070,2025-09-26,Tienda Online,10,Promotor,1,0
13000003071,2025-09-26,Tienda Online,7,Pasivo,0,0
13000003072,2025-09-27,Tienda Online,9,Promotor,1,0
13000003073,2025-09-27,Tiendas Físicas,9,Promotor,1,0
13000003074,2025-09-28,Tiendas Físicas,8,Pasivo,0,0
13000003075,2025-09-28,Tiendas Físicas,5,Detractor,0,1
13000003076,2025-09-29,Tiendas Físicas,8,Pasivo,0,0
13000003077,2025-09-29,Tiendas Físicas,8,Pasivo,0,0
13000003078,2025-09-29,Tienda Online,9,Promotor,1,0
13000003079,2025-09-29,Tienda Online,6,Detractor,0,1
13000003080,2025-09-30,Tienda Online,8,Pasivo,0,0
13000003081,2025-09-30,Tiendas Físicas,8,Pasivo,0,0
13000003082,2025-09-30,Tiendas Físicas,9,Promotor,1,0
